date,DCOILBRENTEU,DCOILWTICO,PNGASJPUSDM,PCOPPUSDM,PALUMUSDM,PNICKUSDM,PURANUSDM,DPROPANEMBTX,WPU0571,WPU0561,DGS10,DGS2,T10Y3M,T10Y2Y,BAMLH0A0HYM2,BAMLC0A0CM,DEXUSEU,DEXJPUS,DEXCHUS,DTWEXBGS,VIXCLS,STLFSI4,USEPUINDXD,GEPUCURRENT,INDPRO,IPGMFN,PAYEMS,CPILFENS,PCEPILFE,NAEXKP01EZQ652S
2009-04-01,,,,,,,,,,,,,,,,,,,,,,,,,,,,,,2154184128031.4001
2009-06-01,66.6,68.59,6.97,5015.431818181818,1579.627272727273,14944.36363636364,51.5,0.828,206.8,189.2,3.71,0.97,3.58,2.74,,,1.4192,96.53,6.8264,94.8107,30.04,,111.67,116.62711109185173,84.7459,86.377,131008.0,219.283,88.392,
2009-06-02,67.67,68.58,,,,,,0.835,,,3.65,0.96,3.51,2.69,,,1.427,95.72,6.8305,94.6556,29.63,,196.26,,,,,,,
2009-06-03,66.15,66.14,,,,,,0.82,,,3.56,0.91,3.42,2.65,,,1.4194,95.72,6.829,95.0751,31.02,,76.74,,,,,,,
2009-06-04,67.68,68.8,,,,,,0.849,,,3.72,0.96,3.58,2.76,,,1.4187,96.37,6.8331,95.2922,30.18,,77.99,,,,,,,
2009-06-05,67.77,68.43,,,,,,0.844,,,3.84,1.32,3.64,2.52,,,1.399,98.18,6.8329,96.0412,29.62,1.219,72.36,,,,,,,
2009-06-06,,,,,,,,,,,,,,,,,,,,,,,48.55,,,,,,,
2009-06-07,,,,,,,,,,,,,,,,,,,,,,,95.65,,,,,,,
2009-06-08,67.61,68.05,,,,,,0.845,,,3.91,1.42,3.72,2.49,,,1.3884,98.56,6.8371,96.6548,29.77,,92.38,,,,,,,
2009-06-09,68.94,70.02,,,,,,0.863,,,3.86,1.33,3.67,2.53,,,1.4014,97.6,6.8353,95.9537,28.27,,120.48,,,,,,,
2009-06-10,70.52,71.38,,,,,,0.878,,,3.98,1.38,3.8,2.6,,,1.3983,98.13,6.833,96.1277,28.46,,98.31,,,,,,,
2009-06-11,71.71,72.69,,,,,,0.88,,,3.88,1.35,3.69,2.53,,,1.4093,97.83,6.8358,95.4993,28.11,,92.19,,,,,,,
2009-06-12,70.62,72.13,,,,,,0.895,,,3.81,1.3,3.62,2.51,,,1.404,98.17,6.8352,95.836,28.15,1.0194,61.85,,,,,,,
2009-06-13,,,,,,,,,,,,,,,,,,,,,,,115.68,,,,,,,
2009-06-14,,,,,,,,,,,,,,,,,,,,,,,93.16,,,,,,,
2009-06-15,68.49,70.54,,,,,,0.874,,,3.76,1.26,3.59,2.5,,,1.3784,98.03,6.8361,96.7519,30.81,,109.84,,,,,,,
2009-06-16,70.52,70.47,,,,,,0.874,,,3.67,1.23,3.5,2.44,,,1.3878,96.26,6.8338,96.2616,32.68,,123.16,,,,,,,
2009-06-17,68.95,71.07,,,,,,0.867,,,3.68,1.19,3.51,2.49,,,1.385,95.65,6.8364,96.64,31.54,,59.24,,,,,,,
2009-06-18,69.96,71.42,,,,,,0.854,,,3.86,1.28,3.68,2.58,,,1.3978,96.36,6.8344,96.1482,30.03,,70.96,,,,,,,
2009-06-19,70.48,69.6,,,,,,0.854,,,3.79,1.25,3.6,2.54,,,1.3998,96.15,6.836,96.0325,27.99,1.5967,160.07,,,,,,,
2009-06-20,,,,,,,,,,,,,,,,,,,,,,,56.01,,,,,,,
2009-06-21,,,,,,,,,,,,,,,,,,,,,,,137.47,,,,,,,
2009-06-22,66.13,67.09,,,,,,0.816,,,3.72,1.17,3.52,2.55,,,1.3846,95.9,6.834,96.8818,31.17,,109.85,,,,,,,
2009-06-23,66.36,68.81,,,,,,0.824,,,3.65,1.14,3.45,2.51,,,1.4035,95.32,6.8346,96.5196,30.58,,84.88,,,,,,,
2009-06-24,68.47,68.14,,,,,,0.816,,,3.72,1.19,3.53,2.53,,,1.4015,95.38,6.8307,96.2369,29.05,,93.11,,,,,,,
2009-06-25,68.82,69.7,,,,,,0.826,,,3.55,1.12,3.37,2.43,,,1.3953,96.21,6.8344,96.7072,26.36,,70.63,,,,,,,
2009-06-26,68.1,69.16,,,,,,0.82,,,3.52,1.1,3.32,2.42,,,1.4056,95.19,6.833,96.1935,25.93,1.6549,142.31,,,,,,,
2009-06-27,,,,,,,,,,,,,,,,,,,,,,,335.96,,,,,,,
2009-06-28,,,,,,,,,,,,,,,,,,,,,,,131.79,,,,,,,
2009-06-29,69.75,71.47,,,,,,0.838,,,3.51,1.11,3.31,2.4,,,1.4058,95.84,6.8334,96.242,25.35,,90.88,,,,,,,
2009-06-30,68.11,69.82,,,,,,0.822,,,3.53,1.11,3.34,2.42,,,1.402,96.42,6.8302,96.3761,26.35,,85.78,,,,,,,
2009-07-01,68.52,69.32,8.05,5228.413043478261,1670.55652173913,16017.39130434783,49.7,0.814,188.1,160.6,3.55,1.05,3.38,2.5,,,1.4186,96.41,6.8331,95.6581,26.22,,121.17,106.25893991265355,85.7027,84.5348,130662.0,219.35,88.468,2162361150518.4
2009-07-02,65.74,66.68,,,,,,0.769,,,3.51,0.98,3.34,2.53,,,1.4018,95.9,6.8312,96.3216,27.95,,99.06,,,,,,,
2009-07-03,,,,,,,,,,,,,,,,,1.3991,95.95,6.832,,,1.2134,82.63,,,,,,,
2009-07-04,,,,,,,,,,,,,,,,,,,,,,,94.92,,,,,,,
2009-07-05,,,,,,,,,,,,,,,,,,,,,,,123.73,,,,,,,
2009-07-06,63.12,64.06,,,,,,0.721,,,3.52,0.96,3.33,2.56,,,1.3938,95.0,6.8342,96.6174,29.0,,173.43,,,,,,,
2009-07-07,61.54,62.88,,,,,,0.69,,,3.47,0.98,3.28,2.49,,,1.3965,95.11,6.8326,96.6321,30.85,,117.66,,,,,,,
2009-07-08,59.71,60.15,,,,,,0.652,,,3.33,0.91,3.15,2.42,,,1.3852,92.9,6.8323,97.0204,31.3,,95.39,,,,,,,
2009-07-09,59.17,60.36,,,,,,0.673,,,3.44,0.94,3.25,2.5,,,1.4026,92.79,6.8317,96.6219,29.78,,69.94,,,,,,,
2009-07-10,58.43,59.93,,,,,,0.688,,,3.32,0.91,3.14,2.41,,,1.3926,92.33,6.8325,97.0819,29.02,1.4719,102.52,,,,,,,
2009-07-11,,,,,,,,,,,,,,,,,,,,,,,95.19,,,,,,,
2009-07-12,,,,,,,,,,,,,,,,,,,,,,,186.77,,,,,,,
2009-07-13,58.25,59.69,,,,,,0.696,,,3.38,0.92,3.2,2.46,,,1.3973,92.74,6.8326,96.9995,26.31,,183.76,,,,,,,
2009-07-14,60.48,59.62,,,,,,0.716,,,3.5,0.97,3.32,2.53,,,1.3971,93.03,6.833,96.6599,25.02,,197.32,,,,,,,
2009-07-15,61.25,61.49,,,,,,0.74,,,3.63,1.03,3.45,2.6,,,1.4116,94.09,6.8315,95.8004,25.89,,109.66,,,,,,,
2009-07-16,62.02,62.07,,,,,,0.737,,,3.59,1.0,3.4,2.59,,,1.4115,93.59,6.831,95.7241,25.42,,71.33,,,,,,,
2009-07-17,63.54,63.56,,,,,,0.76,,,3.67,1.02,3.5,2.65,,,1.412,94.08,6.8309,95.6036,24.34,1.0129,88.11,,,,,,,
2009-07-18,,,,,,,,,,,,,,,,,,,,,,,102.85,,,,,,,
2009-07-19,,,,,,,,,,,,,,,,,,,,,,,104.5,,,,,,,
2009-07-20,64.64,63.93,,,,,,0.766,,,3.61,0.99,3.42,2.62,,,1.4211,94.52,6.8303,95.0903,24.4,,151.49,,,,,,,
2009-07-21,65.93,64.81,,,,,,0.77,,,3.5,0.96,3.31,2.54,,,1.4196,93.36,6.83,95.0564,23.87,,83.27,,,,,,,
2009-07-22,65.36,64.58,,,,,,0.763,,,3.58,0.98,3.39,2.6,,,1.422,93.77,6.8305,94.8659,23.47,,108.88,,,,,,,
2009-07-23,68.06,66.1,,,,,,0.79,,,3.72,1.08,3.53,2.64,,,1.4266,94.75,6.8308,94.532,23.43,,140.0,,,,,,,
2009-07-24,68.82,66.96,,,,,,0.81,,,3.7,1.05,3.52,2.65,,,1.4213,94.86,6.8313,94.7046,23.09,0.7829,104.47,,,,,,,
2009-07-25,,,,,,,,,,,,,,,,,,,,,,,75.27,,,,,,,
2009-07-26,,,,,,,,,,,,,,,,,,,,,,,226.07,,,,,,,
2009-07-27,69.78,68.34,,,,,,0.809,,,3.75,1.08,3.56,2.67,,,1.4212,95.32,6.8312,94.6659,24.28,,68.67,,,,,,,
2009-07-28,68.53,67.24,,,,,,0.795,,,3.72,1.12,3.53,2.6,,,1.4215,94.6,6.8308,94.5592,25.01,,63.15,,,,,,,
2009-07-29,65.79,63.42,,,,,,0.758,,,3.69,1.17,3.5,2.52,,,1.4033,95.13,6.8314,95.1678,25.61,,79.19,,,,,,,
2009-07-30,68.82,66.9,,,,,,0.804,,,3.67,1.19,3.49,2.48,,,1.4066,95.67,6.8321,94.8967,25.4,,91.24,,,,,,,
2009-07-31,70.08,69.26,,,,,,0.815,,,3.52,1.13,3.34,2.39,,,1.4279,94.54,6.8319,94.2526,25.92,0.5241,353.57,,,,,,,
2009-08-01,,,8.48,6176.875,1927.6375,19375.925,47.1875,,209.6,188.6,,,,,,,,,,,,,313.98,103.04966252756878,86.6426,88.174,130472.0,219.596,88.599,
2009-08-02,,,,,,,,,,,,,,,,,,,,,,,115.8,,,,,,,
2009-08-03,72.9,71.59,,,,,,0.86,,,3.66,1.18,3.47,2.48,,,1.4416,95.23,6.8308,93.6331,25.56,,129.03,,,,,,,
2009-08-04,73.82,71.4,,,,,,0.859,,,3.7,1.2,3.52,2.5,,,1.44,95.41,6.8302,93.7281,24.89,,130.69,,,,,,,
2009-08-05,74.39,71.97,,,,,,0.864,,,3.8,1.23,3.62,2.57,,,1.4391,94.98,6.8307,93.7848,24.9,,81.17,,,,,,,
2009-08-06,74.61,71.96,,,,,,0.878,,,3.79,1.22,3.62,2.57,,,1.4357,95.56,6.8312,93.9358,25.67,,59.17,,,,,,,
2009-08-07,74.21,70.97,,,,,,0.881,,,3.89,1.32,3.7,2.57,,,1.418,97.65,6.8316,94.4692,24.76,0.1691,62.29,,,,,,,
2009-08-08,,,,,,,,,,,,,,,,,,,,,,,54.74,,,,,,,
2009-08-09,,,,,,,,,,,,,,,,,,,,,,,112.72,,,,,,,
2009-08-10,73.79,70.59,,,,,,0.889,,,3.8,1.24,3.61,2.56,,,1.4143,97.23,6.8341,94.6087,24.99,,149.18,,,,,,,
2009-08-11,71.58,69.46,,,,,,0.878,,,3.71,1.21,3.53,2.5,,,1.4141,95.94,6.8349,94.8678,25.99,,120.98,,,,,,,
2009-08-12,74.03,70.08,,,,,,0.894,,,3.72,1.18,3.55,2.54,,,1.4215,96.16,6.8349,94.5394,25.45,,90.7,,,,,,,
2009-08-13,73.76,70.57,,,,,,0.904,,,3.59,1.12,3.42,2.47,,,1.4283,95.46,6.8336,94.2392,24.71,,93.37,,,,,,,
2009-08-14,71.33,67.51,,,,,,0.904,,,3.55,1.07,3.37,2.48,,,1.4216,94.64,6.8341,94.475,24.27,0.7969,68.02,,,,,,,
2009-08-15,,,,,,,,,,,,,,,,,,,,,,,43.15,,,,,,,
2009-08-16,,,,,,,,,,,,,,,,,,,,,,,86.22,,,,,,,
2009-08-17,68.65,66.72,,,,,,0.873,,,3.48,1.04,3.3,2.44,,,1.4088,94.33,6.8358,95.1024,27.89,,74.75,,,,,,,
2009-08-18,68.66,69.22,,,,,,0.895,,,3.51,1.06,3.33,2.45,,,1.4075,94.72,6.8337,95.1118,26.18,,69.62,,,,,,,
2009-08-19,72.81,72.54,,,,,,0.935,,,3.45,1.01,3.28,2.44,,,1.4262,93.87,6.834,94.4084,26.26,,62.03,,,,,,,
2009-08-20,73.75,72.4,,,,,,0.933,,,3.42,1.03,3.25,2.39,,,1.4235,94.12,6.8317,94.3492,25.09,,82.7,,,,,,,
2009-08-21,73.71,73.12,,,,,,0.94,,,3.56,1.13,3.39,2.43,,,1.4305,94.6,6.8313,94.0103,25.01,0.9681,91.24,,,,,,,
2009-08-22,,,,,,,,,,,,,,,,,,,,,,,75.99,,,,,,,
2009-08-23,,,,,,,,,,,,,,,,,,,,,,,114.74,,,,,,,
2009-08-24,74.34,73.68,,,,,,0.949,,,3.48,1.05,3.31,2.43,,,1.432,94.47,6.8308,93.9345,25.14,,84.65,,,,,,,
2009-08-25,73.1,71.6,,,,,,0.938,,,3.45,1.05,3.28,2.4,,,1.435,94.28,6.8318,93.9066,24.92,,83.96,,,,,,,
2009-08-26,70.74,71.38,,,,,,0.93,,,3.44,1.06,3.29,2.38,,,1.423,94.25,6.8309,94.8662,24.95,,179.18,,,,,,,
2009-08-27,70.68,72.49,,,,,,0.94,,,3.47,1.04,3.32,2.43,,,1.4272,93.57,6.8316,94.7943,24.68,,46.48,,,,,,,
2009-08-28,72.8,72.72,,,,,,0.96,,,3.46,1.01,3.31,2.45,,,1.4358,93.55,6.83,94.4489,24.76,0.5442,61.05,,,,,,,
2009-08-29,,,,,,,,,,,,,,,,,,,,,,,47.78,,,,,,,
2009-08-30,,,,,,,,,,,,,,,,,,,,,,,106.21,,,,,,,
2009-08-31,69.02,69.97,,,,,,0.918,,,3.4,0.97,3.25,2.43,,,1.4354,92.82,6.8299,94.6202,26.01,,49.01,,,,,,,
2009-09-01,68.78,68.11,8.55,6195.75,1835.597727272727,17404.63636363636,44.2777777777778,0.915,198.0,188.3,3.38,0.92,3.24,2.46,,,1.4235,93.09,6.8295,95.2201,29.15,,33.47,105.98612316655009,87.4063,88.8417,130246.0,220.137,88.755,
2009-09-02,67.6,68.03,,,,,,0.929,,,3.29,0.89,3.15,2.4,,,1.4246,92.43,6.8303,95.1575,28.9,,68.77,,,,,,,
2009-09-03,66.78,67.9,,,,,,0.943,,,3.33,0.91,3.18,2.42,,,1.4278,92.54,6.8298,94.959,27.1,,94.76,,,,,,,
2009-09-04,65.84,67.95,,,,,,0.936,,,3.45,0.94,3.31,2.51,,,1.4278,92.75,6.8293,94.5811,25.26,0.7085,47.03,,,,,,,
2009-09-05,,,,,,,,,,,,,,,,,,,,,,,66.0,,,,,,,
2009-09-06,,,,,,,,,,,,,,,,,,,,,,,127.65,,,,,,,
2009-09-07,,,,,,,,,,,,,,,,,,,,,,,180.44,,,,,,,
2009-09-08,69.2,71.08,,,,,,0.969,,,3.47,0.93,3.33,2.54,,,1.4497,92.21,6.827,93.7323,25.62,,86.08,,,,,,,
2009-09-09,69.76,71.27,,,,,,0.97,,,3.48,0.93,3.34,2.55,,,1.4573,91.85,6.8286,93.6915,24.32,,178.84,,,,,,,
2009-09-10,68.96,71.95,,,,,,0.969,,,3.36,0.9,3.22,2.46,,,1.4568,91.86,6.8291,93.6947,23.55,,50.18,,,,,,,
2009-09-11,68.76,69.34,,,,,,0.953,,,3.34,0.9,3.2,2.44,,,1.4586,90.3,6.828,93.3225,24.15,0.3623,78.7,,,,,,,
2009-09-12,,,,,,,,,,,,,,,,,,,,,,,96.66,,,,,,,
2009-09-13,,,,,,,,,,,,,,,,,,,,,,,159.09,,,,,,,
2009-09-14,66.91,68.86,,,,,,0.945,,,3.42,0.94,3.28,2.48,,,1.4613,90.85,6.8282,93.6196,23.86,,70.08,,,,,,,
2009-09-15,66.53,70.81,,,,,,0.959,,,3.47,0.96,3.34,2.51,,,1.4617,90.95,6.8289,93.4427,23.42,,96.54,,,,,,,
2009-09-16,68.51,72.5,,,,,,0.977,,,3.48,1.01,3.38,2.47,,,1.4698,91.0,6.8247,92.9072,23.69,,55.92,,,,,,,
2009-09-17,71.56,72.48,,,,,,0.982,,,3.42,0.98,3.32,2.44,,,1.4735,91.15,6.8262,92.8287,23.65,,61.67,,,,,,,
2009-09-18,70.72,71.95,,,,,,0.986,,,3.49,1.03,3.41,2.46,,,1.4704,91.31,6.827,93.1233,23.92,0.0384,74.17,,,,,,,
2009-09-19,,,,,,,,,,,,,,,,,,,,,,,70.85,,,,,,,
2009-09-20,,,,,,,,,,,,,,,,,,,,,,,119.1,,,,,,,
2009-09-21,68.11,69.74,,,,,,0.963,,,3.49,1.02,3.38,2.47,,,1.4692,91.87,6.8287,93.3547,24.06,,72.42,,,,,,,
2009-09-22,69.65,71.5,,,,,,0.983,,,3.46,1.02,3.35,2.44,,,1.4795,91.08,6.8268,92.8664,23.08,,124.7,,,,,,,
2009-09-23,67.43,68.74,,,,,,0.954,,,3.44,0.96,3.33,2.48,,,1.4752,91.45,6.8254,92.979,23.49,,62.44,,,,,,,
2009-09-24,64.99,65.74,,,,,,0.917,,,3.4,0.93,3.3,2.47,,,1.4696,91.16,6.8263,93.4708,24.95,,55.37,,,,,,,
2009-09-25,64.6,65.91,,,,,,0.835,,,3.34,0.98,3.24,2.36,,,1.4682,89.83,6.8273,93.5535,25.61,0.176,126.44,,,,,,,
2009-09-26,,,,,,,,,,,,,,,,,,,,,,,142.26,,,,,,,
2009-09-27,,,,,,,,,,,,,,,,,,,,,,,64.48,,,,,,,
2009-09-28,65.43,66.69,,,,,,0.929,,,3.31,0.98,3.2,2.33,,,1.465,89.34,6.8265,93.4669,24.88,,109.54,,,,,,,
2009-09-29,64.63,66.56,,,,,,0.917,,,3.31,1.0,3.18,2.31,,,1.4553,90.26,6.8273,93.7776,25.19,,65.55,,,,,,,
2009-09-30,65.82,70.46,,,,,,0.945,,,3.31,0.95,3.17,2.36,,,1.463,89.49,6.8262,93.1907,25.61,,96.76,,,,,,,
2009-10-01,67.12,70.67,8.75,6305.988636363636,1875.663636363636,18489.47727272727,46.1111111111111,0.943,194.4,201.3,3.21,0.87,3.11,2.34,,,1.4532,89.73,6.826,93.5995,28.27,,66.48,92.06770750862844,87.6419,89.2884,130061.0,220.731,89.082,2172096538950.0999
2009-10-02,66.5,69.8,,,,,,0.943,,,3.24,0.88,3.14,2.36,,,1.459,89.62,6.826,93.6756,28.68,0.4225,109.71,,,,,,,
2009-10-03,,,,,,,,,,,,,,,,,,,,,,,127.16,,,,,,,
2009-10-04,,,,,,,,,,,,,,,,,,,,,,,100.36,,,,,,,
2009-10-05,65.26,70.26,,,,,,0.93,,,3.24,0.88,3.16,2.36,,,1.4647,89.56,6.826,93.3356,26.84,,42.01,,,,,,,
2009-10-06,68.51,70.71,,,,,,0.94,,,3.27,0.91,3.19,2.36,,,1.4744,88.77,6.826,92.619,25.7,,46.71,,,,,,,
2009-10-07,67.65,69.6,,,,,,0.92,,,3.21,0.87,3.12,2.34,,,1.4675,88.76,6.826,92.794,24.68,,55.03,,,,,,,
2009-10-08,68.47,71.69,,,,,,0.933,,,3.27,0.9,3.21,2.37,,,1.4777,88.44,6.826,92.2074,24.18,,52.82,,,,,,,
2009-10-09,69.45,71.75,,,,,,0.928,,,3.4,0.98,3.33,2.42,,,1.4715,89.69,6.8248,92.2984,23.12,0.287,84.08,,,,,,,
2009-10-10,,,,,,,,,,,,,,,,,,,,,,,110.11,,,,,,,
2009-10-11,,,,,,,,,,,,,,,,,,,,,,,123.34,,,,,,,
2009-10-12,70.75,73.24,,,,,,0.95,,,,,,,,,,,,,23.01,,54.33,,,,,,,
2009-10-13,70.81,74.1,,,,,,0.961,,,3.34,0.91,3.27,2.43,,,1.4839,89.71,6.8264,91.8273,22.99,,102.13,,,,,,,
2009-10-14,72.16,75.2,,,,,,0.969,,,3.45,0.96,3.38,2.49,,,1.4899,89.44,6.8261,91.5047,22.86,,44.56,,,,,,,
2009-10-15,73.14,77.55,,,,,,0.99,,,3.49,0.97,3.42,2.52,,,1.4945,90.39,6.827,91.4367,21.72,,82.11,,,,,,,
2009-10-16,74.58,78.54,,,,,,1.012,,,3.43,0.97,3.36,2.46,,,1.4889,90.73,6.8266,91.6541,21.43,0.1406,74.65,,,,,,,
2009-10-17,,,,,,,,,,,,,,,,,,,,,,,32.71,,,,,,,
2009-10-18,,,,,,,,,,,,,,,,,,,,,,,119.25,,,,,,,
2009-10-19,75.86,79.47,,,,,,1.051,,,3.41,0.99,3.33,2.42,,,1.4947,90.72,6.8266,91.4406,21.49,,82.9,,,,,,,
2009-10-20,76.51,78.87,,,,,,1.039,,,3.35,0.95,3.27,2.4,,,1.4905,90.83,6.8254,91.801,20.9,,50.51,,,,,,,
2009-10-21,77.74,81.03,,,,,,1.11,,,3.42,1.0,3.35,2.42,,,1.5009,91.04,6.8272,91.3805,22.22,,82.95,,,,,,,
2009-10-22,78.36,80.82,,,,,,1.096,,,3.44,0.97,3.38,2.47,,,1.5003,91.42,6.8287,91.6075,20.69,,65.1,,,,,,,
2009-10-23,77.72,80.11,,,,,,1.091,,,3.51,1.04,3.44,2.47,,,1.5029,91.88,6.828,91.7331,22.27,0.1973,110.76,,,,,,,
2009-10-24,,,,,,,,,,,,,,,,,,,,,,,67.74,,,,,,,
2009-10-25,,,,,,,,,,,,,,,,,,,,,,,90.68,,,,,,,
2009-10-26,76.45,78.61,,,,,,1.08,,,3.59,1.06,3.51,2.53,,,1.4941,91.96,6.8278,92.0998,24.31,,108.78,,,,,,,
2009-10-27,76.69,79.45,,,,,,1.092,,,3.49,0.99,3.41,2.5,,,1.4821,92.04,6.8292,92.5335,24.83,,82.04,,,,,,,
2009-10-28,75.11,77.39,,,,,,1.065,,,3.44,0.95,3.37,2.49,,,1.4763,91.07,6.827,92.8152,27.91,,83.75,,,,,,,
2009-10-29,77.18,79.84,,,,,,1.078,,,3.53,0.98,3.47,2.55,,,1.4819,91.41,6.8269,92.4708,24.76,,84.73,,,,,,,
2009-10-30,74.91,77.04,,,,,,1.065,,,3.41,0.9,3.36,2.51,,,1.4755,90.5,6.8264,92.6207,30.69,0.4246,108.64,,,,,,,
2009-10-31,,,,,,,,,,,,,,,,,,,,,,,94.64,,,,,,,
2009-11-01,,,8.56,6682.440476190476,1956.547619047619,16911.33333333333,44.75,,208.5,213.8,,,,,,,,,,,,,104.88,104.98010791148249,88.0221,88.8819,130057.0,220.384,89.16,
2009-11-02,75.56,78.08,,,,,,1.054,,,3.45,0.92,3.39,2.53,,,1.4828,90.56,6.8268,92.4501,29.78,,63.75,,,,,,,
2009-11-03,75.68,79.58,,,,,,1.055,,,3.5,0.92,3.44,2.58,,,1.4658,90.3,6.8278,92.9037,28.81,,136.59,,,,,,,
2009-11-04,78.21,80.3,,,,,,1.08,,,3.57,0.91,3.52,2.66,,,1.4836,90.96,6.8265,92.3725,27.72,,413.44,,,,,,,
2009-11-05,78.02,79.64,,,,,,1.083,,,3.57,0.9,3.53,2.67,,,1.4857,90.45,6.8269,92.3437,25.43,,133.63,,,,,,,
2009-11-06,75.51,77.4,,,,,,1.059,,,3.54,0.86,3.48,2.68,,,1.4835,89.86,6.8266,92.3848,24.19,0.3929,90.21,,,,,,,
2009-11-07,,,,,,,,,,,,,,,,,,,,,,,44.14,,,,,,,
2009-11-08,,,,,,,,,,,,,,,,,,,,,,,85.97,,,,,,,
2009-11-09,77.18,79.44,,,,,,1.08,,,3.52,0.87,3.45,2.65,,,1.4999,89.92,6.8261,91.6861,23.15,,99.7,,,,,,,
2009-11-10,77.07,79.01,,,,,,1.069,,,3.5,0.85,3.43,2.65,,,1.496,89.82,6.8255,91.6659,22.84,,72.02,,,,,,,
2009-11-11,76.99,79.16,,,,,,1.063,,,,,,,,,,,,,23.04,,119.73,,,,,,,
2009-11-12,75.18,77.25,,,,,,1.063,,,3.45,0.82,3.38,2.63,,,1.4865,90.4,6.8267,91.9461,24.24,,106.01,,,,,,,
2009-11-13,74.81,76.34,,,,,,1.033,,,3.43,0.82,3.37,2.61,,,1.4886,89.55,6.826,91.5754,23.36,0.0342,123.13,,,,,,,
2009-11-14,,,,,,,,,,,,,,,,,,,,,,,63.55,,,,,,,
2009-11-15,,,,,,,,,,,,,,,,,,,,,,,71.22,,,,,,,
2009-11-16,77.14,78.91,,,,,,1.053,,,3.33,0.78,3.26,2.55,,,1.4977,89.28,6.8263,91.194,22.89,,74.62,,,,,,,
2009-11-17,77.36,79.08,,,,,,1.053,,,3.33,0.78,3.27,2.55,,,1.483,89.41,6.826,91.7419,22.41,,100.42,,,,,,,
2009-11-18,78.64,79.55,,,,,,1.085,,,3.36,0.77,3.32,2.59,,,1.499,89.36,6.8269,91.249,21.63,,64.94,,,,,,,
2009-11-19,76.45,77.47,,,,,,1.083,,,3.35,0.73,3.33,2.62,,,1.4905,88.95,6.8283,91.7827,22.63,,121.51,,,,,,,
2009-11-20,75.61,76.83,,,,,,1.075,,,3.36,0.75,3.34,2.61,,,1.487,88.9,6.8277,91.9906,22.19,0.1576,94.42,,,,,,,
2009-11-21,,,,,,,,,,,,,,,,,,,,,,,69.12,,,,,,,
2009-11-22,,,,,,,,,,,,,,,,,,,,,,,146.03,,,,,,,
2009-11-23,78.14,76.49,,,,,,1.095,,,3.37,0.77,3.32,2.6,,,1.4968,89.14,6.83,91.4864,21.16,,136.98,,,,,,,
2009-11-24,75.35,74.88,,,,,,1.093,,,3.32,0.73,3.27,2.59,,,1.4937,88.58,6.8292,91.5539,20.47,,96.06,,,,,,,
2009-11-25,76.57,77.25,,,,,,1.108,,,3.28,0.73,3.23,2.55,,,1.5085,87.65,6.8272,90.9669,20.48,,111.36,,,,,,,
2009-11-26,,,,,,,,,,,,,,,,,,,,,,,138.9,,,,,,,
2009-11-27,76.0,75.95,,,,,,1.108,,,3.21,0.68,3.18,2.53,,,1.4963,86.87,6.8272,91.5272,24.85,0.1571,100.55,,,,,,,
2009-11-28,,,,,,,,,,,,,,,,,,,,,,,99.57,,,,,,,
2009-11-29,,,,,,,,,,,,,,,,,,,,,,,100.49,,,,,,,
2009-11-30,77.77,77.19,,,,,,1.131,,,3.21,0.67,3.15,2.54,,,1.4994,86.12,6.8265,91.3717,24.51,,158.42,,,,,,,
2009-12-01,78.68,78.39,9.16,6976.97619047619,2181.257142857143,17121.61904761905,44.4375,1.165,203.3,195.4,3.28,0.67,3.22,2.61,,,1.51,86.62,6.827,90.8323,21.92,,180.98,102.3738053721924,88.3793,87.432,129808.0,220.025,89.236,
2009-12-02,76.96,76.62,,,,,,1.161,,,3.32,0.72,3.27,2.6,,,1.5059,87.13,6.826,90.8906,21.12,,67.7,,,,,,,
2009-12-03,77.76,76.42,,,,,,1.161,,,3.39,0.74,3.33,2.65,,,1.5081,88.2,6.8269,90.9152,22.46,,90.44,,,,,,,
2009-12-04,77.74,75.41,,,,,,1.155,,,3.48,0.84,3.42,2.64,,,1.4885,89.87,6.8261,91.3806,21.25,0.0627,143.53,,,,,,,
2009-12-05,,,,,,,,,,,,,,,,,,,,,,,92.29,,,,,,,
2009-12-06,,,,,,,,,,,,,,,,,,,,,,,170.81,,,,,,,
2009-12-07,76.18,73.89,,,,,,1.155,,,3.44,0.78,3.4,2.66,,,1.482,89.44,6.8288,91.5414,22.1,,155.63,,,,,,,
2009-12-08,74.93,72.59,,,,,,1.155,,,3.4,0.73,3.37,2.67,,,1.4741,88.41,6.8275,91.9513,23.69,,151.52,,,,,,,
2009-12-09,73.63,70.67,,,,,,1.14,,,3.45,0.76,3.42,2.69,,,1.4725,87.83,6.8275,92.014,22.66,,140.01,,,,,,,
2009-12-10,70.91,70.54,,,,,,1.128,,,3.49,0.78,3.47,2.71,,,1.4716,88.2,6.8264,92.0073,22.32,,130.07,,,,,,,
2009-12-11,70.07,69.86,,,,,,1.115,,,3.55,0.83,3.52,2.72,,,1.4601,89.23,6.8269,92.2946,21.59,0.0013,109.15,,,,,,,
2009-12-12,,,,,,,,,,,,,,,,,,,,,,,137.36,,,,,,,
2009-12-13,,,,,,,,,,,,,,,,,,,,,,,141.74,,,,,,,
2009-12-14,71.19,69.48,,,,,,1.119,,,3.56,0.87,3.52,2.69,,,1.4645,88.65,6.8281,92.0305,21.15,,103.97,,,,,,,
2009-12-15,71.33,70.62,,,,,,1.119,,,3.6,0.88,3.55,2.72,,,1.4514,89.91,6.827,92.3635,21.49,,137.9,,,,,,,
2009-12-16,73.34,72.64,,,,,,1.129,,,3.61,0.85,3.57,2.76,,,1.4577,89.52,6.8279,92.1496,20.54,,95.05,,,,,,,
2009-12-17,71.28,72.58,,,,,,1.161,,,3.5,0.77,3.46,2.73,,,1.4317,90.35,6.8286,93.225,22.51,,88.45,,,,,,,
2009-12-18,71.87,73.3,,,,,,1.181,,,3.55,0.82,3.5,2.73,,,1.4281,90.47,6.828,93.1632,21.68,-0.1488,156.28,,,,,,,
2009-12-19,,,,,,,,,,,,,,,,,,,,,,,111.61,,,,,,,
2009-12-20,,,,,,,,,,,,,,,,,,,,,,,144.69,,,,,,,
2009-12-21,72.74,72.71,,,,,,1.185,,,3.69,0.89,3.61,2.8,,,1.4319,90.95,6.8284,,20.49,,177.9,,,,,,,
2009-12-22,71.64,73.48,,,,,,1.185,,,3.76,0.95,3.68,2.81,,,1.4243,91.67,6.8285,93.2903,19.54,,65.89,,,,,,,
2009-12-23,73.87,76.03,,,,,,1.255,,,3.77,0.96,3.7,2.81,,,1.4341,91.52,6.8282,92.9295,19.71,,113.78,,,,,,,
2009-12-24,75.15,76.83,,,,,,1.265,,,3.82,1.0,3.77,2.82,,,1.4367,91.69,6.8271,92.8694,19.47,,79.77,,,,,,,
2009-12-25,,,,,,,,,,,,,,,,,,,,,,-0.2403,167.34,,,,,,,
2009-12-26,,,,,,,,,,,,,,,,,,,,,,,156.69,,,,,,,
2009-12-27,,,,,,,,,,,,,,,,,,,,,,,244.51,,,,,,,
2009-12-28,76.59,78.67,,,,,,1.309,,,3.85,1.09,3.74,2.76,,,1.4392,91.57,6.8299,92.6993,19.93,,133.63,,,,,,,
2009-12-29,76.65,78.87,,,,,,1.32,,,3.82,1.09,3.72,2.73,,,1.4356,91.95,6.8289,92.8838,20.01,,68.46,,,,,,,
2009-12-30,77.62,79.35,,,,,,1.31,,,3.8,1.08,3.75,2.72,,,1.4316,92.66,6.8244,93.0872,19.96,,101.95,,,,,,,
2009-12-31,77.91,79.39,,,,,,1.316,,,3.85,1.14,3.79,2.71,,,1.4332,93.08,6.8259,92.9124,21.68,,158.19,,,,,,,
2010-01-01,,,9.34,7367.375,2230.1125,18405.55,43.825,,223.4,217.6,,,,,,,,,,,,-0.2166,174.55,117.67233394351534,89.3426,87.8004,129802.0,220.086,89.368,2181119814615.5999
2010-01-02,,,,,,,,,,,,,,,,,,,,,,,119.52,,,,,,,
2010-01-03,,,,,,,,,,,,,,,,,,,,,,,216.95,,,,,,,
2010-01-04,79.05,81.52,,,,,,1.373,,,3.85,1.09,3.77,2.76,,,1.4419,92.55,6.8273,92.3566,20.04,,150.35,,,,,,,
2010-01-05,79.27,81.74,,,,,,1.389,,,3.77,1.01,3.7,2.76,,,1.4402,91.48,6.8258,92.2236,19.35,,151.16,,,,,,,
2010-01-06,80.14,83.12,,,,,,1.445,,,3.85,1.01,3.79,2.84,,,1.4404,92.53,6.8272,92.0941,19.16,,95.95,,,,,,,
2010-01-07,80.57,82.6,,,,,,1.434,,,3.85,1.03,3.8,2.82,,,1.4314,93.31,6.828,92.3684,19.06,,92.2,,,,,,,
2010-01-08,80.06,82.74,,,,,,1.4,,,3.83,0.96,3.78,2.87,,,1.4357,92.7,6.8274,92.1485,18.13,-0.3997,141.92,,,,,,,
2010-01-09,,,,,,,,,,,,,,,,,,,,,,,192.83,,,,,,,
2010-01-10,,,,,,,,,,,,,,,,,,,,,,,192.36,,,,,,,
2010-01-11,80.14,82.54,,,,,,1.33,,,3.85,0.95,3.81,2.9,,,1.4536,91.9,6.8263,91.5997,17.55,,103.54,,,,,,,
2010-01-12,79.38,80.79,,,,,,1.274,,,3.74,0.92,3.69,2.82,,,1.4523,90.95,6.8267,91.7005,18.25,,99.13,,,,,,,
2010-01-13,77.57,79.66,,,,,,1.235,,,3.8,0.97,3.74,2.83,,,1.4492,91.38,6.8295,91.7272,17.85,,69.67,,,,,,,
2010-01-14,77.61,79.35,,,,,,1.175,,,3.76,0.94,3.71,2.82,,,1.4478,91.03,6.8265,91.5864,17.63,,87.42,,,,,,,
2010-01-15,76.85,77.96,,,,,,1.215,,,3.7,0.89,3.64,2.81,,,1.4376,90.79,6.8269,91.7668,17.91,-0.3601,108.55,,,,,,,
2010-01-16,,,,,,,,,,,,,,,,,,,,,,,79.33,,,,,,,
2010-01-17,,,,,,,,,,,,,,,,,,,,,,,90.02,,,,,,,
2010-01-18,,,,,,,,,,,,,,,,,,,,,,,99.53,,,,,,,
2010-01-19,75.18,78.98,,,,,,1.27,,,3.73,0.93,3.67,2.8,,,1.4269,91.13,6.8268,91.9611,17.58,,110.91,,,,,,,
2010-01-20,75.09,77.42,,,,,,1.27,,,3.68,0.92,3.63,2.76,,,1.4094,91.23,6.8258,92.6766,18.68,,171.42,,,,,,,
2010-01-21,74.13,75.84,,,,,,1.28,,,3.62,0.87,3.56,2.75,,,1.4106,90.25,6.8268,92.6627,22.27,,104.34,,,,,,,
2010-01-22,72.73,74.25,,,,,,1.274,,,3.62,0.84,3.56,2.78,,,1.4154,90.07,6.827,92.943,27.31,-0.0844,124.07,,,,,,,
2010-01-23,,,,,,,,,,,,,,,,,,,,,,,252.58,,,,,,,
2010-01-24,,,,,,,,,,,,,,,,,,,,,,,262.69,,,,,,,
2010-01-25,72.18,74.9,,,,,,1.29,,,3.66,0.86,3.6,2.8,,,1.4146,90.12,6.8268,92.9099,25.41,,339.49,,,,,,,
2010-01-26,72.63,74.67,,,,,,1.335,,,3.65,0.87,3.58,2.78,,,1.4063,89.63,6.8263,93.3298,24.55,,253.54,,,,,,,
2010-01-27,72.75,73.64,,,,,,1.331,,,3.66,0.9,3.58,2.76,,,1.4053,89.41,6.8268,93.2835,23.14,,211.21,,,,,,,
2010-01-28,70.65,73.62,,,,,,1.303,,,3.68,0.87,3.6,2.81,,,1.3993,90.08,6.8267,93.2635,23.73,,236.94,,,,,,,
2010-01-29,71.2,72.85,,,,,,1.315,,,3.63,0.82,3.55,2.81,,,1.387,90.38,6.8268,93.7638,24.62,0.0514,198.48,,,,,,,
2010-01-30,,,,,,,,,,,,,,,,,,,,,,,153.89,,,,,,,
2010-01-31,,,,,,,,,,,,,,,,,,,,,,,174.05,,,,,,,
2010-02-01,71.58,74.41,9.01,6867.675,2053.27,19060.55,42.1,1.368,205.0,204.8,3.68,0.86,3.58,2.82,,,1.3904,90.8,6.826,93.7321,22.59,,206.51,114.12997789513584,89.6779,88.777,129706.0,220.602,89.446,
2010-02-02,73.94,77.21,,,,,,1.368,,,3.67,0.86,3.57,2.81,,,1.3955,90.39,6.827,93.4136,21.48,,182.49,,,,,,,
2010-02-03,75.77,76.96,,,,,,1.39,,,3.73,0.88,3.63,2.85,,,1.3907,91.11,6.826,93.6268,21.6,,147.41,,,,,,,
2010-02-04,71.3,73.13,,,,,,1.338,,,3.62,0.8,3.53,2.82,,,1.3759,89.11,6.828,94.1401,26.08,,113.39,,,,,,,
2010-02-05,70.11,71.15,,,,,,1.33,,,3.59,0.77,3.49,2.82,,,1.3608,89.25,6.8275,94.6218,26.11,-0.0572,110.4,,,,,,,
2010-02-06,,,,,,,,,,,,,,,,,,,,,,,245.28,,,,,,,
2010-02-07,,,,,,,,,,,,,,,,,,,,,,,215.18,,,,,,,
2010-02-08,69.62,71.87,,,,,,1.33,,,3.62,0.79,3.5,2.83,,,1.3699,89.32,6.8265,,26.51,,74.59,,,,,,,
2010-02-09,70.4,73.71,,,,,,1.345,,,3.67,0.84,3.55,2.83,,,1.3795,89.45,6.8267,,26.0,,114.63,,,,,,,
2010-02-10,70.4,74.48,,,,,,1.295,,,3.72,0.91,3.61,2.81,,,1.3722,89.88,6.828,,25.4,,146.72,,,,,,,
2010-02-11,72.35,75.23,,,,,,1.26,,,3.73,0.91,3.62,2.82,,,1.364,89.82,6.8328,,23.96,,159.47,,,,,,,
2010-02-12,71.49,74.11,,,,,,1.225,,,3.69,0.84,3.59,2.85,,,1.3625,90.0,6.8326,93.9976,22.73,0.1098,143.74,,,,,,,
2010-02-13,,,,,,,,,,,,,,,,,,,,,,,86.95,,,,,,,
2010-02-14,,,,,,,,,,,,,,,,,,,,,,,173.68,,,,,,,
2010-02-15,,,,,,,,,,,,,,,,,,,,,,,196.46,,,,,,,
2010-02-16,74.82,76.98,,,,,,1.255,,,3.66,0.82,3.56,2.84,,,1.3742,90.46,6.8326,93.482,22.25,,254.23,,,,,,,
2010-02-17,74.89,77.27,,,,,,1.214,,,3.74,0.87,3.64,2.87,,,1.3623,90.79,6.8326,93.7171,21.72,,107.08,,,,,,,
2010-02-18,76.61,78.97,,,,,,1.225,,,3.79,0.9,3.69,2.89,,,1.3563,91.43,6.833,93.8752,20.63,,110.98,,,,,,,
2010-02-19,76.88,79.77,,,,,,1.244,,,3.78,0.95,3.67,2.83,,,1.3538,91.94,6.829,93.9569,20.02,-0.2186,143.63,,,,,,,
2010-02-20,,,,,,,,,,,,,,,,,,,,,,,146.53,,,,,,,
2010-02-21,,,,,,,,,,,,,,,,,,,,,,,254.87,,,,,,,
2010-02-22,76.95,80.04,,,,,,1.249,,,3.8,0.91,3.69,2.89,,,1.359,91.11,6.8264,93.7402,19.94,,116.03,,,,,,,
2010-02-23,76.44,78.61,,,,,,1.253,,,3.69,0.87,3.57,2.82,,,1.3537,90.04,6.8267,93.9794,21.37,,129.91,,,,,,,
2010-02-24,77.0,79.75,,,,,,1.267,,,3.7,0.87,3.58,2.83,,,1.3576,90.06,6.8269,93.9775,20.27,,121.37,,,,,,,
2010-02-25,74.38,77.99,,,,,,1.225,,,3.64,0.82,3.51,2.82,,,1.3476,88.85,6.8267,94.3797,20.1,,98.67,,,,,,,
2010-02-26,76.36,79.72,,,,,,1.215,,,3.61,0.81,3.48,2.8,,,1.366,88.84,6.8258,93.6602,19.5,-0.2322,101.35,,,,,,,
2010-02-27,,,,,,,,,,,,,,,,,,,,,,,143.22,,,,,,,
2010-02-28,,,,,,,,,,,,,,,,,,,,,,,204.83,,,,,,,
2010-03-01,76.07,78.71,9.17,7466.934782608696,2210.530434782609,22467.17391304348,40.91111111111111,1.179,225.4,223.3,3.61,0.8,3.48,2.81,,,1.3516,89.28,6.8263,93.7979,19.26,,113.2,114.16618394477351,90.2928,91.7006,129866.0,221.059,89.579,
2010-03-02,77.5,79.62,,,,,,1.174,,,3.62,0.8,3.48,2.82,,,1.3564,88.95,6.8265,93.488,19.06,,134.92,,,,,,,
2010-03-03,78.66,80.91,,,,,,1.195,,,3.63,0.82,3.49,2.81,,,1.3731,88.43,6.8258,92.9861,18.83,,61.82,,,,,,,
2010-03-04,77.88,80.21,,,,,,1.179,,,3.61,0.86,3.47,2.75,,,1.3571,89.02,6.8258,93.4079,18.72,,96.37,,,,,,,
2010-03-05,79.2,81.5,,,,,,1.197,,,3.69,0.91,3.54,2.78,,,1.3608,90.32,6.826,93.2623,17.42,-0.2727,125.6,,,,,,,
2010-03-06,,,,,,,,,,,,,,,,,,,,,,,155.44,,,,,,,
2010-03-07,,,,,,,,,,,,,,,,,,,,,,,139.54,,,,,,,
2010-03-08,78.94,81.85,,,,,,1.18,,,3.72,0.9,3.56,2.82,,,1.3613,90.3,6.8261,93.2446,17.79,,104.24,,,,,,,
2010-03-09,78.77,81.5,,,,,,1.165,,,3.71,0.89,3.55,2.82,,,1.3586,89.89,6.8263,93.1941,17.92,,98.11,,,,,,,
2010-03-10,80.29,82.07,,,,,,1.153,,,3.73,0.92,3.58,2.81,,,1.3658,90.62,6.8259,93.0426,18.57,,125.13,,,,,,,
2010-03-11,79.44,82.1,,,,,,1.133,,,3.73,0.97,3.57,2.76,,,1.3674,90.6,6.8266,93.0533,18.06,,97.3,,,,,,,
2010-03-12,79.38,81.26,,,,,,1.088,,,3.71,0.97,3.56,2.74,,,1.3753,90.46,6.8254,92.6616,17.58,-0.5661,124.23,,,,,,,
2010-03-13,,,,,,,,,,,,,,,,,,,,,,,88.91,,,,,,,
2010-03-14,,,,,,,,,,,,,,,,,,,,,,,100.39,,,,,,,
2010-03-15,77.08,79.79,,,,,,1.095,,,3.71,0.96,3.54,2.75,,,1.3652,90.45,6.8259,92.9642,18.0,,89.34,,,,,,,
2010-03-16,79.45,81.75,,,,,,1.131,,,3.66,0.93,3.5,2.73,,,1.3758,90.43,6.8257,92.595,17.69,,55.81,,,,,,,
2010-03-17,80.28,82.93,,,,,,1.127,,,3.65,0.95,3.5,2.7,,,1.3739,90.42,6.8259,92.4446,16.91,,107.05,,,,,,,
2010-03-18,80.09,82.16,,,,,,1.121,,,3.68,0.98,3.52,2.7,,,1.3603,90.46,6.8261,92.7451,16.62,,91.77,,,,,,,
2010-03-19,78.37,80.58,,,,,,1.13,,,3.7,1.02,3.54,2.68,,,1.353,90.5,6.8265,93.0407,16.97,-0.4371,115.47,,,,,,,
2010-03-20,,,,,,,,,,,,,,,,,,,,,,,101.07,,,,,,,
2010-03-21,,,,,,,,,,,,,,,,,,,,,,,143.6,,,,,,,
2010-03-22,78.09,81.26,,,,,,1.135,,,3.67,1.01,3.52,2.66,,,1.3531,90.02,6.8266,93.1333,16.87,,121.97,,,,,,,
2010-03-23,79.17,81.68,,,,,,1.134,,,3.69,1.02,3.55,2.67,,,1.3535,90.24,6.8263,93.006,16.35,,193.2,,,,,,,
2010-03-24,78.03,80.29,,,,,,1.115,,,3.84,1.08,3.7,2.76,,,1.3347,91.89,6.8266,93.6468,17.55,,123.36,,,,,,,
2010-03-25,78.64,80.25,,,,,,1.104,,,3.91,1.1,3.77,2.81,,,1.3344,92.69,6.827,93.5885,18.4,,89.01,,,,,,,
2010-03-26,77.98,79.75,,,,,,1.083,,,3.86,1.04,3.72,2.82,,,1.3398,92.56,6.8269,93.6873,17.77,-0.4016,125.77,,,,,,,
2010-03-27,,,,,,,,,,,,,,,,,,,,,,,102.55,,,,,,,
2010-03-28,,,,,,,,,,,,,,,,,,,,,,,141.35,,,,,,,
2010-03-29,79.89,81.92,,,,,,1.095,,,3.88,1.04,3.73,2.84,,,1.3465,92.65,6.8264,93.2959,17.59,,91.31,,,,,,,
2010-03-30,79.46,82.14,,,,,,1.105,,,3.88,1.06,3.72,2.82,,,1.3409,92.89,6.8258,93.2627,17.13,,63.15,,,,,,,
2010-03-31,80.37,83.45,,,,,,1.113,,,3.84,1.02,3.68,2.82,,,1.3526,93.4,6.8258,92.8987,17.59,,89.89,,,,,,,
2010-04-01,82.63,84.53,9.34,7729.8375,2314.2775,26028.5,41.325,1.13,232.0,233.1,3.89,1.05,3.73,2.84,,,1.3569,93.83,6.8263,92.6661,17.47,,84.33,108.80332595303653,90.5991,91.6939,130120.0,221.166,89.625,2202221842526.6
2010-04-02,,,,,,,,,,,3.96,1.11,3.8,2.85,,,1.3487,94.51,6.8255,92.9057,,-0.3589,70.98,,,,,,,
2010-04-03,,,,,,,,,,,,,,,,,,,,,,,95.1,,,,,,,
2010-04-04,,,,,,,,,,,,,,,,,,,,,,,160.56,,,,,,,
2010-04-05,84.48,86.36,,,,,,1.154,,,4.01,1.18,3.83,2.83,,,1.3486,94.28,6.8256,92.6644,17.02,,94.44,,,,,,,
2010-04-06,85.05,86.54,,,,,,1.16,,,3.98,1.14,3.81,2.84,,,1.3378,93.81,6.825,92.7373,16.23,,58.02,,,,,,,
2010-04-07,84.49,85.64,,,,,,1.158,,,3.89,1.06,3.72,2.83,,,1.3364,93.59,6.8254,92.7452,16.62,,127.98,,,,,,,
2010-04-08,82.63,85.17,,,,,,1.15,,,3.91,1.09,3.74,2.82,,,1.336,93.16,6.824,92.7211,16.48,,43.73,,,,,,,
2010-04-09,82.77,84.6,,,,,,1.146,,,3.9,1.08,3.74,2.82,,,1.3468,93.28,6.8229,92.4772,16.14,-0.4737,50.11,,,,,,,
2010-04-10,,,,,,,,,,,,,,,,,,,,,,,75.41,,,,,,,
2010-04-11,,,,,,,,,,,,,,,,,,,,,,,115.07,,,,,,,
2010-04-12,85.21,84.07,,,,,,1.137,,,3.87,1.07,3.71,2.8,,,1.3587,93.21,6.8252,92.243,15.58,,79.97,,,,,,,
2010-04-13,83.44,83.8,,,,,,1.134,,,3.84,1.07,3.68,2.77,,,1.3592,92.78,6.8255,92.2689,16.2,,46.21,,,,,,,
2010-04-14,85.81,85.62,,,,,,1.139,,,3.88,1.07,3.72,2.81,,,1.3666,93.01,6.8258,91.9297,15.59,,69.27,,,,,,,
2010-04-15,86.9,85.25,,,,,,1.139,,,3.86,1.04,3.7,2.82,,,1.354,93.04,6.826,92.2029,15.89,,69.8,,,,,,,
2010-04-16,84.81,82.97,,,,,,1.129,,,3.79,0.98,3.63,2.81,,,1.3487,92.03,6.8253,92.5253,18.36,-0.4565,75.16,,,,,,,
2010-04-17,,,,,,,,,,,,,,,,,,,,,,,101.71,,,,,,,
2010-04-18,,,,,,,,,,,,,,,,,,,,,,,106.99,,,,,,,
2010-04-19,83.09,81.52,,,,,,1.109,,,3.83,1.01,3.67,2.82,,,1.3458,92.18,6.8262,92.8577,17.34,,78.4,,,,,,,
2010-04-20,84.73,82.98,,,,,,1.126,,,3.82,1.05,3.66,2.77,,,1.3446,93.28,6.8253,92.4338,15.73,,73.94,,,,,,,
2010-04-21,84.55,82.78,,,,,,1.126,,,3.77,1.03,3.62,2.74,,,1.3383,93.24,6.8275,92.4482,16.32,,47.05,,,,,,,
2010-04-22,84.58,82.89,,,,,,1.119,,,3.8,1.07,3.64,2.73,,,1.3298,93.01,6.8263,92.7277,16.47,,80.34,,,,,,,
2010-04-23,86.09,84.34,,,,,,1.138,,,3.84,1.1,3.68,2.74,,,1.336,94.18,6.827,92.6622,16.62,-0.4234,95.94,,,,,,,
2010-04-24,,,,,,,,,,,,,,,,,,,,,,,84.55,,,,,,,
2010-04-25,,,,,,,,,,,,,,,,,,,,,,,126.15,,,,,,,
2010-04-26,86.72,84.2,,,,,,1.138,,,3.83,1.09,3.67,2.74,,,1.3336,94.06,6.8266,92.5187,17.47,,163.65,,,,,,,
2010-04-27,85.59,82.43,,,,,,1.136,,,3.71,1.03,3.55,2.68,,,1.323,93.01,6.8256,93.0956,22.81,,100.2,,,,,,,
2010-04-28,84.59,83.22,,,,,,1.134,,,3.8,1.03,3.64,2.77,,,1.313,94.07,6.8245,93.4856,21.08,,108.28,,,,,,,
2010-04-29,86.82,85.17,,,,,,1.143,,,3.76,1.01,3.59,2.75,,,1.3243,94.16,6.8259,92.9013,18.44,,80.39,,,,,,,
2010-04-30,86.19,86.07,,,,,,1.137,,,3.69,0.97,3.53,2.72,,,1.3302,94.24,6.8247,92.8423,22.05,-0.197,70.76,,,,,,,
2010-05-01,,,10.04,6843.157894736842,2044.710526315789,21930.0,41.3,,230.2,205.1,,,,,,,,,,,,,47.02,147.35271747551585,91.823,93.3451,130642.0,221.193,89.724,
2010-05-02,,,,,,,,,,,,,,,,,,,,,,,82.64,,,,,,,
2010-05-03,88.09,86.19,,,,,,1.156,,,3.72,1.0,3.55,2.72,,,1.3183,94.68,6.8245,93.235,20.19,,67.0,,,,,,,
2010-05-04,85.39,82.73,,,,,,1.138,,,3.63,0.96,3.47,2.67,,,1.3037,94.58,6.826,93.8137,23.84,,48.43,,,,,,,
2010-05-05,82.31,80.0,,,,,,1.121,,,3.58,0.88,3.43,2.7,,,1.289,94.3,6.8263,94.3968,24.91,,108.75,,,,,,,
2010-05-06,80.21,77.18,,,,,,1.095,,,3.41,0.75,3.3,2.66,,,1.2689,92.22,6.8265,95.3032,32.8,,68.4,,,,,,,
2010-05-07,76.48,75.1,,,,,,1.085,,,3.45,0.83,3.32,2.62,,,1.2721,91.67,6.8254,95.2952,40.95,0.4124,160.17,,,,,,,
2010-05-08,,,,,,,,,,,,,,,,,,,,,,,265.2,,,,,,,
2010-05-09,,,,,,,,,,,,,,,,,,,,,,,211.97,,,,,,,
2010-05-10,78.08,76.89,,,,,,1.122,,,3.57,0.87,3.41,2.7,,,1.2861,93.39,6.8263,94.3096,28.84,,193.88,,,,,,,
2010-05-11,79.0,76.37,,,,,,1.124,,,3.56,0.85,3.4,2.71,,,1.2715,92.83,6.8285,94.4305,28.32,,90.3,,,,,,,
2010-05-12,78.7,75.65,,,,,,1.13,,,3.56,0.89,3.4,2.67,,,1.2642,92.93,6.827,94.5515,25.52,,153.66,,,,,,,
2010-05-13,79.41,74.38,,,,,,1.129,,,3.55,0.87,3.39,2.68,,,1.2568,92.7,6.8278,94.5071,26.68,,126.18,,,,,,,
2010-05-14,76.43,71.61,,,,,,1.116,,,3.44,0.79,3.28,2.65,,,1.239,91.94,6.8263,95.3746,31.24,0.3486,116.25,,,,,,,
2010-05-15,,,,,,,,,,,,,,,,,,,,,,,94.96,,,,,,,
2010-05-16,,,,,,,,,,,,,,,,,,,,,,,83.87,,,,,,,
2010-05-17,73.87,70.08,,,,,,1.072,,,3.47,0.81,3.31,2.66,,,1.2299,92.08,6.8274,95.9795,30.84,,78.19,,,,,,,
2010-05-18,75.12,69.38,,,,,,1.067,,,3.38,0.76,3.21,2.62,,,1.2358,92.52,6.8273,95.6212,33.55,,74.4,,,,,,,
2010-05-19,71.86,69.91,,,,,,1.067,,,3.36,0.8,3.19,2.56,,,1.2317,91.16,6.8269,96.5083,35.32,,66.07,,,,,,,
2010-05-20,69.56,68.28,,,,,,1.014,,,3.25,0.76,3.08,2.49,,,1.237,90.07,6.8277,96.9483,45.79,,62.11,,,,,,,
2010-05-21,70.45,68.03,,,,,,1.009,,,3.2,0.76,3.03,2.44,,,1.2575,90.21,6.8262,96.2911,40.1,0.977,117.45,,,,,,,
2010-05-22,,,,,,,,,,,,,,,,,,,,,,,169.1,,,,,,,
2010-05-23,,,,,,,,,,,,,,,,,,,,,,,93.61,,,,,,,
2010-05-24,69.62,68.23,,,,,,1.01,,,3.23,0.77,3.06,2.46,,,1.2406,90.49,6.8286,96.6433,38.32,,105.35,,,,,,,
2010-05-25,67.18,64.78,,,,,,0.995,,,3.18,0.81,3.01,2.37,,,1.2279,89.89,6.831,97.5487,34.61,,154.58,,,,,,,
2010-05-26,70.59,71.52,,,,,,1.02,,,3.21,0.82,3.04,2.39,,,1.2224,90.28,6.8292,97.1879,35.02,,83.54,,,,,,,
2010-05-27,73.56,74.56,,,,,,1.08,,,3.34,0.87,3.17,2.47,,,1.237,90.71,6.8296,96.3611,29.68,,97.92,,,,,,,
2010-05-28,73.0,74.0,,,,,,1.086,,,3.31,0.76,3.15,2.55,,,1.2369,90.81,6.8305,96.3062,32.07,1.0217,92.98,,,,,,,
2010-05-29,,,,,,,,,,,,,,,,,,,,,,,174.94,,,,,,,
2010-05-30,,,,,,,,,,,,,,,,,,,,,,,175.23,,,,,,,
2010-05-31,,,,,,,,,,,,,,,,,,,,,,,221.3,,,,,,,
2010-06-01,73.08,72.7,9.28,6501.5,1929.409090909091,19411.29545454545,40.77777777777778,1.093,219.7,206.5,3.29,0.78,3.13,2.51,,,1.2266,91.16,6.8275,96.6123,35.54,,88.0,138.05363589359015,91.9928,95.1562,130510.0,221.265,89.767,
2010-06-02,72.78,72.88,,,,,,1.099,,,3.35,0.82,3.19,2.53,,,1.2206,92.21,6.8296,96.615,30.17,,78.16,,,,,,,
2010-06-03,73.12,74.62,,,,,,1.105,,,3.39,0.82,3.25,2.57,,,1.2193,92.33,6.8283,96.461,29.46,,83.05,,,,,,,
2010-06-04,71.84,71.43,,,,,,1.063,,,3.2,0.72,3.06,2.48,,,1.1998,91.83,6.8268,97.1688,35.48,0.8165,79.31,,,,,,,
2010-06-05,,,,,,,,,,,,,,,,,,,,,,,113.42,,,,,,,
2010-06-06,,,,,,,,,,,,,,,,,,,,,,,109.39,,,,,,,
2010-06-07,71.09,71.55,,,,,,1.063,,,3.17,0.74,3.05,2.43,,,1.1959,92.0,6.8322,97.503,36.57,,116.92,,,,,,,
2010-06-08,71.43,71.88,,,,,,1.054,,,3.18,0.74,3.06,2.44,,,1.1995,91.3,6.8294,97.3425,33.7,,193.59,,,,,,,
2010-06-09,73.68,74.38,,,,,,1.06,,,3.2,0.74,3.1,2.46,,,1.2045,91.54,6.8285,96.8938,33.73,,145.25,,,,,,,
2010-06-10,74.33,75.48,,,,,,1.07,,,3.33,0.79,3.23,2.54,,,1.2111,91.04,6.8305,96.4877,30.57,,222.64,,,,,,,
2010-06-11,73.28,73.89,,,,,,1.047,,,3.24,0.75,3.16,2.49,,,1.2077,91.72,6.832,96.5616,28.79,0.969,105.75,,,,,,,
2010-06-12,,,,,,,,,,,,,,,,,,,,,,,86.14,,,,,,,
2010-06-13,,,,,,,,,,,,,,,,,,,,,,,141.76,,,,,,,
2010-06-14,75.11,74.99,,,,,,1.05,,,3.28,0.77,3.21,2.51,,,1.2277,91.8,6.8323,95.8082,28.58,,103.2,,,,,,,
2010-06-15,75.29,76.84,,,,,,1.046,,,3.32,0.79,3.23,2.53,,,1.2327,91.25,6.8323,95.7049,25.87,,113.0,,,,,,,
2010-06-16,76.12,77.67,,,,,,1.038,,,3.27,0.75,3.17,2.52,,,1.2323,91.39,6.8323,95.5668,25.92,,99.02,,,,,,,
2010-06-17,77.52,76.82,,,,,,1.013,,,3.21,0.72,3.12,2.49,,,1.2365,90.92,6.829,95.4973,25.05,,138.77,,,,,,,
2010-06-18,77.05,77.18,,,,,,1.018,,,3.24,0.74,3.13,2.5,,,1.236,90.79,6.8267,95.2981,23.95,0.501,128.67,,,,,,,
2010-06-19,,,,,,,,,,,,,,,,,,,,,,,122.97,,,,,,,
2010-06-20,,,,,,,,,,,,,,,,,,,,,,,173.79,,,,,,,
2010-06-21,78.53,77.84,,,,,,1.018,,,3.26,0.74,3.14,2.52,,,1.2385,91.18,6.7968,94.8505,24.88,,104.25,,,,,,,
2010-06-22,78.08,77.15,,,,,,1.003,,,3.18,0.71,3.05,2.47,,,1.2303,90.59,6.8127,95.1165,27.05,,80.74,,,,,,,
2010-06-23,75.22,75.9,,,,,,0.985,,,3.13,0.66,3.0,2.47,,,1.231,89.82,6.8124,95.4853,26.91,,109.74,,,,,,,
2010-06-24,75.17,75.96,,,,,,0.984,,,3.14,0.67,3.01,2.47,,,1.2288,89.4,6.8001,95.6194,29.74,,140.16,,,,,,,
2010-06-25,76.21,78.45,,,,,,1.023,,,3.12,0.65,2.99,2.47,,,1.2332,89.35,6.7911,95.4582,28.53,0.583,165.61,,,,,,,
2010-06-26,,,,,,,,,,,,,,,,,,,,,,,159.51,,,,,,,
2010-06-27,,,,,,,,,,,,,,,,,,,,,,,126.36,,,,,,,
2010-06-28,76.66,78.26,,,,,,1.012,,,3.05,0.62,2.88,2.43,,,1.2316,89.23,6.796,95.2696,29.0,,139.45,,,,,,,
2010-06-29,74.21,75.93,,,,,,0.986,,,2.97,0.61,2.82,2.36,,,1.2187,88.39,6.7977,96.0199,34.13,,169.44,,,,,,,
2010-06-30,74.94,75.59,,,,,,0.99,,,2.97,0.61,2.79,2.36,,,1.2291,88.49,6.7815,95.9934,34.54,,190.92,,,,,,,
2010-07-01,71.73,72.95,9.09,6750.568181818182,1989.045454545455,19548.52272727273,41.94444444444444,0.973,220.5,208.1,2.96,0.63,2.79,2.33,,,1.2464,87.42,6.7807,95.8018,32.86,,194.68,148.44795299764223,92.3421,91.5596,130415.0,221.258,89.769,2211609746504.3
2010-07-02,71.75,72.06,,,,,,0.97,,,3.0,0.63,2.83,2.37,,,1.2577,87.69,6.7709,95.6345,30.12,0.938,137.95,,,,,,,
2010-07-03,,,,,,,,,,,,,,,,,,,,,,,160.94,,,,,,,
2010-07-04,,,,,,,,,,,,,,,,,,,,,,,136.67,,,,,,,
2010-07-05,,,,,,,,,,,,,,,,,,,,,,,255.93,,,,,,,
2010-07-06,73.08,71.96,,,,,,0.968,,,2.95,0.62,2.78,2.33,,,1.2646,87.55,6.7801,95.1069,29.65,,139.81,,,,,,,
2010-07-07,72.97,74.05,,,,,,0.98,,,3.0,0.63,2.84,2.37,,,1.2594,87.16,6.777,95.1795,26.84,,101.05,,,,,,,
2010-07-08,74.56,75.46,,,,,,0.982,,,3.04,0.63,2.89,2.41,,,1.2683,88.44,6.7763,94.7734,25.71,,159.82,,,,,,,
2010-07-09,75.2,76.08,,,,,,0.975,,,3.07,0.63,2.91,2.44,,,1.2639,88.48,6.772,94.683,24.98,0.5596,200.06,,,,,,,
2010-07-10,,,,,,,,,,,,,,,,,,,,,,,148.17,,,,,,,
2010-07-11,,,,,,,,,,,,,,,,,,,,,,,198.2,,,,,,,
2010-07-12,74.35,74.93,,,,,,0.973,,,3.08,0.65,2.92,2.43,,,1.2573,88.53,6.7709,94.9598,24.43,,185.84,,,,,,,
2010-07-13,76.45,77.16,,,,,,0.978,,,3.15,0.67,3.0,2.48,,,1.2719,88.24,6.772,94.3856,24.56,,170.3,,,,,,,
2010-07-14,76.63,77.02,,,,,,1.005,,,3.07,0.62,2.92,2.45,,,1.2755,88.59,6.7714,94.3247,24.89,,147.54,,,,,,,
2010-07-15,75.52,76.67,,,,,,0.999,,,3.0,0.61,2.85,2.39,,,1.2893,87.41,6.7774,94.1988,25.14,,132.67,,,,,,,
2010-07-16,75.55,75.96,,,,,,0.99,,,2.96,0.61,2.81,2.35,,,1.2919,86.4,6.775,94.5061,26.25,0.3524,223.92,,,,,,,
2010-07-17,,,,,,,,,,,,,,,,,,,,,,,158.33,,,,,,,
2010-07-18,,,,,,,,,,,,,,,,,,,,,,,161.06,,,,,,,
2010-07-19,76.29,76.53,,,,,,0.994,,,2.99,0.61,2.82,2.38,,,1.2963,86.77,6.778,94.602,25.97,,192.93,,,,,,,
2010-07-20,76.31,77.32,,,,,,0.996,,,2.98,0.61,2.82,2.37,,,1.2905,87.22,6.7781,94.542,23.93,,158.0,,,,,,,
2010-07-21,75.75,76.27,,,,,,0.994,,,2.9,0.58,2.74,2.32,,,1.2818,87.3,6.7769,94.4496,25.64,,177.21,,,,,,,
2010-07-22,77.59,79.01,,,,,,1.028,,,2.96,0.6,2.8,2.36,,,1.2903,87.0,6.7795,94.1135,24.63,,356.29,,,,,,,
2010-07-23,77.27,78.68,,,,,,1.045,,,3.02,0.6,2.86,2.42,,,1.2874,87.31,6.7803,94.1431,23.47,0.5,238.51,,,,,,,
2010-07-24,,,,,,,,,,,,,,,,,,,,,,,116.77,,,,,,,
2010-07-25,,,,,,,,,,,,,,,,,,,,,,,245.31,,,,,,,
2010-07-26,77.9,78.93,,,,,,1.077,,,3.03,0.62,2.87,2.41,,,1.2983,87.2,6.7788,93.7556,22.73,,136.59,,,,,,,
2010-07-27,75.52,77.46,,,,,,1.058,,,3.08,0.65,2.93,2.43,,,1.2983,87.88,6.7781,93.7583,23.19,,201.62,,,,,,,
2010-07-28,76.66,77.06,,,,,,1.069,,,3.03,0.61,2.88,2.42,,,1.2998,87.62,6.778,93.7506,24.25,,155.18,,,,,,,
2010-07-29,78.6,78.3,,,,,,1.069,,,3.03,0.59,2.88,2.44,,,1.3064,86.87,6.776,93.6004,24.13,,119.59,,,,,,,
2010-07-30,77.5,78.85,,,,,,1.083,,,2.94,0.55,2.79,2.39,,,1.3069,86.43,6.7735,93.2793,23.5,0.1688,167.86,,,,,,,
2010-07-31,,,,,,,,,,,,,,,,,,,,,,,202.13,,,,,,,
2010-08-01,,,8.85,7302.666666666667,2110.440476190476,21448.78571428571,46.0625,,224.5,211.8,,,,,,,,,,,,,200.32,123.34952702944828,92.6805,94.872,130415.0,221.551,89.855,
2010-08-02,81.93,81.25,,,,,,1.109,,,2.99,0.56,2.83,2.43,,,1.3174,86.42,6.774,92.7916,22.01,,168.93,,,,,,,
2010-08-03,83.6,82.52,,,,,,1.11,,,2.94,0.53,2.78,2.41,,,1.3239,85.88,6.7728,92.6258,22.63,,128.04,,,,,,,
2010-08-04,83.76,82.49,,,,,,1.104,,,2.98,0.56,2.82,2.42,,,1.3158,86.26,6.772,92.731,22.21,,145.53,,,,,,,
2010-08-05,82.9,82.0,,,,,,1.108,,,2.94,0.53,2.79,2.41,,,1.3157,85.83,6.7705,92.6401,22.1,,91.49,,,,,,,
2010-08-06,81.28,80.67,,,,,,1.111,,,2.86,0.5,2.71,2.36,,,1.3282,85.25,6.768,92.5915,21.74,0.1965,156.3,,,,,,,
2010-08-07,,,,,,,,,,,,,,,,,,,,,,,132.03,,,,,,,
2010-08-08,,,,,,,,,,,,,,,,,,,,,,,155.81,,,,,,,
2010-08-09,81.54,81.46,,,,,,1.11,,,2.86,0.54,2.71,2.32,,,1.3241,85.88,6.767,92.6726,22.14,,149.17,,,,,,,
2010-08-10,79.89,80.24,,,,,,1.104,,,2.79,0.52,2.64,2.27,,,1.3095,85.88,6.772,93.2197,22.37,,143.49,,,,,,,
2010-08-11,77.83,78.09,,,,,,1.07,,,2.72,0.54,2.57,2.18,,,1.2899,85.36,6.7745,93.7778,25.39,,125.01,,,,,,,
2010-08-12,76.63,75.68,,,,,,1.045,,,2.74,0.55,2.58,2.19,,,1.2866,85.83,6.7843,93.8905,25.73,,154.61,,,,,,,
2010-08-13,75.14,75.39,,,,,,1.039,,,2.68,0.54,2.53,2.14,,,1.2767,86.2,6.7957,94.0457,26.24,0.4124,141.21,,,,,,,
2010-08-14,,,,,,,,,,,,,,,,,,,,,,,328.09,,,,,,,
2010-08-15,,,,,,,,,,,,,,,,,,,,,,,192.53,,,,,,,
2010-08-16,74.56,75.17,,,,,,1.035,,,2.58,0.51,2.42,2.07,,,1.2838,85.33,6.8038,93.7902,26.1,,177.94,,,,,,,
2010-08-17,76.74,75.76,,,,,,1.05,,,2.64,0.52,2.47,2.12,,,1.289,85.51,6.792,93.4239,24.33,,126.51,,,,,,,
2010-08-18,75.1,75.39,,,,,,1.049,,,2.64,0.51,2.48,2.13,,,1.2872,85.31,6.7911,93.3719,24.59,,111.88,,,,,,,
2010-08-19,74.84,74.45,,,,,,1.048,,,2.58,0.49,2.42,2.09,,,1.2837,85.27,6.7897,93.7141,26.44,,91.51,,,,,,,
2010-08-20,73.48,73.45,,,,,,1.048,,,2.62,0.49,2.47,2.13,,,1.2687,85.63,6.79,94.2087,25.49,0.4354,162.27,,,,,,,
2010-08-21,,,,,,,,,,,,,,,,,,,,,,,169.7,,,,,,,
2010-08-22,,,,,,,,,,,,,,,,,,,,,,,147.37,,,,,,,
2010-08-23,73.08,72.71,,,,,,1.05,,,2.6,0.49,2.44,2.11,,,1.2663,85.16,6.7995,94.3295,25.66,,146.06,,,,,,,
2010-08-24,70.61,71.24,,,,,,1.043,,,2.5,0.5,2.34,2.0,,,1.2675,84.16,6.7966,94.4362,27.46,,112.75,,,,,,,
2010-08-25,70.74,72.07,,,,,,1.053,,,2.54,0.53,2.38,2.01,,,1.2652,84.56,6.7995,94.7372,26.7,,202.98,,,,,,,
2010-08-26,74.5,73.36,,,,,,1.063,,,2.5,0.51,2.34,1.99,,,1.2717,84.61,6.7998,94.3523,27.37,,153.88,,,,,,,
2010-08-27,75.16,75.17,,,,,,1.09,,,2.66,0.56,2.51,2.1,,,1.2765,85.1,6.7977,94.3462,24.45,0.4574,174.13,,,,,,,
2010-08-28,,,,,,,,,,,,,,,,,,,,,,,201.08,,,,,,,
2010-08-29,,,,,,,,,,,,,,,,,,,,,,,164.77,,,,,,,
2010-08-30,76.05,74.69,,,,,,1.091,,,2.54,0.5,2.4,2.04,,,1.2686,84.67,6.8029,94.5922,27.21,,235.2,,,,,,,
2010-08-31,75.51,71.93,,,,,,1.065,,,2.47,0.47,2.33,2.0,,,1.2704,84.1,6.8069,94.7204,26.05,,214.97,,,,,,,
2010-09-01,75.53,73.97,8.98,7729.590909090909,2171.243181818182,22690.13636363636,46.66666666666667,1.08,219.1,207.1,2.58,0.5,2.45,2.08,,,1.2813,84.48,6.8102,94.1148,23.89,,296.8,133.2687605714103,92.9537,94.9607,130341.0,221.907,89.906,
2010-09-02,74.93,74.99,,,,,,1.085,,,2.63,0.5,2.49,2.13,,,1.2824,84.15,6.807,94.0852,23.19,,113.68,,,,,,,
2010-09-03,75.03,74.52,,,,,,1.085,,,2.72,0.52,2.58,2.2,,,1.2885,84.45,6.8014,93.6952,21.31,0.2741,159.55,,,,,,,
2010-09-04,,,,,,,,,,,,,,,,,,,,,,,126.39,,,,,,,
2010-09-05,,,,,,,,,,,,,,,,,,,,,,,298.85,,,,,,,
2010-09-06,,,,,,,,,,,,,,,,,,,,,,,364.92,,,,,,,
2010-09-07,75.78,73.98,,,,,,1.085,,,2.61,0.49,2.47,2.12,,,1.2723,83.75,6.7906,94.042,23.8,,315.25,,,,,,,
2010-09-08,77.48,74.65,,,,,,1.1,,,2.66,0.52,2.52,2.14,,,1.2727,83.85,6.794,93.7785,23.25,,233.09,,,,,,,
2010-09-09,77.87,74.25,,,,,,1.1,,,2.77,0.57,2.63,2.2,,,1.2708,83.83,6.782,93.7033,22.81,,208.02,,,,,,,
2010-09-10,77.54,76.4,,,,,,1.113,,,2.81,0.58,2.67,2.23,,,1.2731,84.13,6.769,93.6768,21.99,0.0558,165.88,,,,,,,
2010-09-11,,,,,,,,,,,,,,,,,,,,,,,243.26,,,,,,,
2010-09-12,,,,,,,,,,,,,,,,,,,,,,,229.65,,,,,,,
2010-09-13,78.52,77.17,,,,,,1.126,,,2.74,0.53,2.59,2.21,,,1.289,83.53,6.7595,93.0767,21.21,,260.5,,,,,,,
2010-09-14,78.89,76.78,,,,,,1.135,,,2.68,0.5,2.53,2.18,,,1.3014,83.05,6.743,92.6182,21.56,,317.76,,,,,,,
2010-09-15,78.46,75.92,,,,,,1.148,,,2.74,0.5,2.59,2.24,,,1.3008,85.63,6.738,92.9313,22.1,,200.01,,,,,,,
2010-09-16,78.89,74.58,,,,,,1.138,,,2.77,0.48,2.61,2.29,,,1.3079,85.72,6.725,92.9108,21.72,,139.28,,,,,,,
2010-09-17,77.43,73.63,,,,,,1.131,,,2.75,0.48,2.59,2.27,,,1.3046,85.77,6.723,92.9418,22.01,0.0034,163.29,,,,,,,
2010-09-18,,,,,,,,,,,,,,,,,,,,,,,141.32,,,,,,,
2010-09-19,,,,,,,,,,,,,,,,,,,,,,,198.57,,,,,,,
2010-09-20,79.42,74.81,,,,,,1.138,,,2.72,0.47,2.55,2.25,,,1.3074,85.74,6.7135,92.7496,21.5,,235.79,,,,,,,
2010-09-21,78.76,72.96,,,,,,1.141,,,2.61,0.43,2.44,2.18,,,1.3136,85.36,6.7059,92.6684,22.35,,182.97,,,,,,,
2010-09-22,77.29,72.98,,,,,,1.149,,,2.56,0.44,2.4,2.12,,,1.3385,84.37,6.7035,92.0647,22.51,,278.65,,,,,,,
2010-09-23,77.69,73.4,,,,,,1.151,,,2.56,0.45,2.4,2.11,,,1.3344,84.32,6.7046,92.0233,23.87,,131.98,,,,,,,
2010-09-24,78.73,74.63,,,,,,1.16,,,2.62,0.45,2.47,2.17,,,1.3476,84.24,6.7035,91.5996,21.71,0.0829,118.9,,,,,,,
2010-09-25,,,,,,,,,,,,,,,,,,,,,,,248.99,,,,,,,
2010-09-26,,,,,,,,,,,,,,,,,,,,,,,242.66,,,,,,,
2010-09-27,77.71,76.51,,,,,,1.153,,,2.54,0.44,2.38,2.1,,,1.3475,84.17,6.6911,91.4803,22.54,,250.43,,,,,,,
2010-09-28,79.14,76.15,,,,,,1.166,,,2.48,0.37,2.32,2.11,,,1.3583,83.82,6.6904,91.3493,22.6,,193.93,,,,,,,
2010-09-29,78.79,77.85,,,,,,1.183,,,2.52,0.44,2.36,2.08,,,1.3638,83.61,6.6869,91.1632,23.25,,204.22,,,,,,,
2010-09-30,80.77,79.95,,,,,,1.205,,,2.53,0.42,2.37,2.11,,,1.3601,83.53,6.6905,91.3415,23.7,,153.17,,,,,,,
2010-10-01,82.69,81.57,9.52,8289.761904761905,2342.178571428571,23793.67857142857,48.83333333333333,1.248,229.6,224.0,2.54,0.42,2.38,2.12,,,1.3754,83.3,6.6895,90.836,22.5,0.1053,174.77,126.83336865932203,92.6903,95.1248,130620.0,222.079,90.043,2224008271924.1
2010-10-02,,,,,,,,,,,,,,,,,,,,,,,183.29,,,,,,,
2010-10-03,,,,,,,,,,,,,,,,,,,,,,,278.7,,,,,,,
2010-10-04,83.42,81.43,,,,,,1.25,,,2.5,0.41,2.37,2.09,,,1.3688,83.33,6.6912,91.0015,23.53,,201.85,,,,,,,
2010-10-05,83.35,82.83,,,,,,1.268,,,2.5,0.41,2.38,2.09,,,1.3834,83.17,6.6906,90.5622,21.76,,167.29,,,,,,,
2010-10-06,85.01,83.21,,,,,,1.273,,,2.41,0.38,2.28,2.03,,,1.3924,82.8,6.6893,90.1411,21.49,,146.65,,,,,,,
2010-10-07,83.67,81.34,,,,,,1.257,,,2.41,0.36,2.28,2.05,,,1.3921,82.35,6.6903,90.286,21.56,,155.11,,,,,,,
2010-10-08,83.88,82.66,,,,,,1.258,,,2.41,0.35,2.29,2.06,,,1.3923,81.86,6.671,90.1133,20.71,0.0027,213.44,,,,,,,
2010-10-09,,,,,,,,,,,,,,,,,,,,,,,210.06,,,,,,,
2010-10-10,,,,,,,,,,,,,,,,,,,,,,,310.53,,,,,,,
2010-10-11,83.08,82.18,,,,,,1.259,,,,,,,,,,,,,18.96,,255.23,,,,,,,
2010-10-12,82.99,81.67,,,,,,1.241,,,2.44,0.37,2.31,2.07,,,1.3846,81.74,6.6733,90.2203,18.93,,206.01,,,,,,,
2010-10-13,84.01,83.03,,,,,,1.251,,,2.46,0.37,2.33,2.09,,,1.3964,81.81,6.6634,89.7779,19.07,,157.99,,,,,,,
2010-10-14,83.55,82.71,,,,,,1.231,,,2.52,0.38,2.38,2.14,,,1.4066,81.44,6.6505,89.5228,19.88,,402.91,,,,,,,
2010-10-15,81.94,81.23,,,,,,1.208,,,2.59,0.37,2.45,2.22,,,1.3998,81.32,6.6397,89.6815,19.03,-0.2017,185.5,,,,,,,
2010-10-16,,,,,,,,,,,,,,,,,,,,,,,171.19,,,,,,,
2010-10-17,,,,,,,,,,,,,,,,,,,,,,,344.92,,,,,,,
2010-10-18,82.3,83.06,,,,,,1.209,,,2.52,0.38,2.37,2.14,,,1.3978,81.16,6.644,89.8484,19.09,,268.65,,,,,,,
2010-10-19,81.12,79.57,,,,,,1.209,,,2.5,0.37,2.36,2.13,,,1.3827,81.6,6.6444,90.5499,20.63,,203.27,,,,,,,
2010-10-20,81.68,81.93,,,,,,1.19,,,2.51,0.35,2.37,2.16,,,1.3949,81.14,6.6518,90.1446,19.79,,206.51,,,,,,,
2010-10-21,81.28,80.03,,,,,,1.193,,,2.57,0.37,2.44,2.2,,,1.3973,81.16,6.6502,90.138,19.27,,217.01,,,,,,,
2010-10-22,80.75,81.15,,,,,,1.22,,,2.59,0.35,2.46,2.24,,,1.3904,81.48,6.6583,90.4063,18.78,-0.0737,161.12,,,,,,,
2010-10-23,,,,,,,,,,,,,,,,,,,,,,,184.92,,,,,,,
2010-10-24,,,,,,,,,,,,,,,,,,,,,,,340.12,,,,,,,
2010-10-25,81.91,82.0,,,,,,1.229,,,2.59,0.37,2.45,2.22,,,1.3986,80.61,6.6579,89.9328,19.85,,350.64,,,,,,,
2010-10-26,82.62,82.6,,,,,,1.226,,,2.67,0.4,2.53,2.27,,,1.3873,81.28,6.6625,90.2818,20.22,,265.05,,,,,,,
2010-10-27,81.27,81.9,,,,,,1.22,,,2.75,0.4,2.61,2.35,,,1.3788,81.55,6.6805,90.8038,20.71,,163.49,,,,,,,
2010-10-28,82.97,82.2,,,,,,1.233,,,2.69,0.37,2.56,2.32,,,1.3929,80.99,6.6867,90.2407,20.88,,195.22,,,,,,,
2010-10-29,82.47,81.45,,,,,,1.238,,,2.63,0.34,2.51,2.29,,,1.3894,80.48,6.6707,90.0935,21.2,-0.2304,239.21,,,,,,,
2010-10-30,,,,,,,,,,,,,,,,,,,,,,,249.82,,,,,,,
2010-10-31,,,,,,,,,,,,,,,,,,,,,,,298.32,,,,,,,
2010-11-01,84.06,82.94,10.0,8458.420454545456,2324.045454545455,22836.22727272727,57.1625,1.266,232.8,237.1,2.66,0.34,2.53,2.32,,,1.3888,80.66,6.6892,90.0307,21.83,,204.39,131.48753550780665,92.7709,93.5221,130749.0,222.077,90.16,
2010-11-02,84.71,83.91,,,,,,1.278,,,2.63,0.34,2.5,2.29,,,1.4026,80.8,6.6775,89.6847,21.57,,274.36,,,,,,,
2010-11-03,85.33,84.45,,,,,,1.275,,,2.67,0.34,2.54,2.33,,,1.4014,81.41,6.6758,89.7079,19.56,,317.26,,,,,,,
2010-11-04,86.83,86.49,,,,,,1.278,,,2.53,0.33,2.4,2.2,,,1.4224,80.61,6.6609,88.9831,18.52,,273.42,,,,,,,
2010-11-05,87.05,86.85,,,,,,1.281,,,2.58,0.38,2.45,2.2,,,1.4033,81.35,6.655,89.2441,18.26,-0.1402,229.76,,,,,,,
2010-11-06,,,,,,,,,,,,,,,,,,,,,,,108.89,,,,,,,
2010-11-07,,,,,,,,,,,,,,,,,,,,,,,167.06,,,,,,,
2010-11-08,87.15,87.07,,,,,,1.28,,,2.6,0.41,2.47,2.19,,,1.3927,81.14,6.6791,89.5711,18.29,,126.6,,,,,,,
2010-11-09,87.93,87.04,,,,,,1.28,,,2.72,0.46,2.59,2.26,,,1.3865,81.15,6.6424,89.558,19.08,,226.72,,,,,,,
2010-11-10,87.92,87.77,,,,,,1.283,,,2.65,0.44,2.52,2.21,,,1.3728,82.53,6.6335,89.9056,18.47,,96.41,,,,,,,
2010-11-11,88.08,87.77,,,,,,1.28,,,,,,,,,,,,,18.64,,134.98,,,,,,,
2010-11-12,86.07,84.89,,,,,,1.258,,,2.76,0.51,2.63,2.25,,,1.37,82.44,6.6368,90.1701,20.61,-0.2443,77.25,,,,,,,
2010-11-13,,,,,,,,,,,,,,,,,,,,,,,155.07,,,,,,,
2010-11-14,,,,,,,,,,,,,,,,,,,,,,,218.27,,,,,,,
2010-11-15,85.49,84.88,,,,,,1.254,,,2.92,0.53,2.78,2.39,,,1.3615,82.9,6.6418,90.4331,20.2,,186.6,,,,,,,
2010-11-16,83.98,82.33,,,,,,1.22,,,2.85,0.51,2.7,2.34,,,1.3517,83.41,6.6378,91.1102,22.58,,123.29,,,,,,,
2010-11-17,83.36,80.43,,,,,,1.173,,,2.89,0.5,2.75,2.39,,,1.3555,83.15,6.6415,90.9282,21.76,,204.46,,,,,,,
2010-11-18,83.7,81.88,,,,,,1.199,,,2.9,0.52,2.75,2.38,,,1.3618,83.64,6.633,90.649,18.75,,124.95,,,,,,,
2010-11-19,83.17,81.65,,,,,,1.214,,,2.88,0.52,2.74,2.36,,,1.3654,83.49,6.6398,90.6986,18.04,0.0096,167.29,,,,,,,
2010-11-20,,,,,,,,,,,,,,,,,,,,,,,124.3,,,,,,,
2010-11-21,,,,,,,,,,,,,,,,,,,,,,,154.75,,,,,,,
2010-11-22,82.34,81.24,,,,,,1.225,,,2.8,0.49,2.65,2.31,,,1.3612,83.46,6.6414,90.7023,18.37,,150.98,,,,,,,
2010-11-23,82.37,80.79,,,,,,1.228,,,2.77,0.45,2.62,2.32,,,1.3388,82.86,6.6433,91.4318,20.63,,69.59,,,,,,,
2010-11-24,84.53,83.21,,,,,,1.26,,,2.93,0.53,2.77,2.4,,,1.335,83.38,6.6529,91.2179,19.56,,115.72,,,,,,,
2010-11-25,,,,,,,,,,,,,,,,,,,,,,,167.78,,,,,,,
2010-11-26,84.78,83.87,,,,,,1.26,,,2.87,0.51,2.71,2.36,,,1.3243,84.08,6.6675,91.8152,22.22,0.0246,236.9,,,,,,,
2010-11-27,,,,,,,,,,,,,,,,,,,,,,,97.5,,,,,,,
2010-11-28,,,,,,,,,,,,,,,,,,,,,,,181.88,,,,,,,
2010-11-29,85.9,85.73,,,,,,1.269,,,2.84,0.52,2.66,2.32,,,1.3092,84.34,6.66,92.1997,21.53,,216.8,,,,,,,
2010-11-30,86.02,84.12,,,,,,1.269,,,2.81,0.45,2.64,2.36,,,1.3036,83.56,6.667,92.1494,23.54,,163.66,,,,,,,
2010-12-01,88.56,86.75,9.95,9152.857142857143,2356.669047619048,24099.57142857143,60.625,1.253,241.0,243.9,2.97,0.53,2.81,2.44,,,1.3149,84.0,6.663,91.6799,21.36,,138.88,134.76192624958907,93.6787,92.6866,130830.0,221.795,90.179,
2010-12-02,89.37,87.98,,,,,,1.251,,,3.01,0.55,2.85,2.46,,,1.3228,83.53,6.6609,91.2651,19.39,,166.12,,,,,,,
2010-12-03,90.65,89.18,,,,,,1.249,,,3.03,0.49,2.89,2.54,,,1.3367,82.73,6.6628,90.8788,18.01,-0.0169,188.06,,,,,,,
2010-12-04,,,,,,,,,,,,,,,,,,,,,,,115.13,,,,,,,
2010-12-05,,,,,,,,,,,,,,,,,,,,,,,223.77,,,,,,,
2010-12-06,91.25,89.33,,,,,,1.253,,,2.95,0.42,2.8,2.53,,,1.3275,82.7,6.6483,91.0167,18.02,,156.81,,,,,,,
2010-12-07,90.78,88.69,,,,,,1.251,,,3.15,0.54,3.01,2.61,,,1.3323,83.04,6.6455,90.9732,17.99,,156.64,,,,,,,
2010-12-08,89.74,88.3,,,,,,1.259,,,3.26,0.63,3.11,2.63,,,1.3242,84.16,6.6616,91.3376,17.74,,164.32,,,,,,,
2010-12-09,89.93,88.35,,,,,,1.258,,,3.23,0.64,3.09,2.59,,,1.3206,83.85,6.6549,91.3923,17.25,,143.55,,,,,,,
2010-12-10,89.54,87.81,,,,,,1.263,,,3.32,0.64,3.19,2.68,,,1.3242,83.87,6.655,91.2831,17.61,-0.2879,219.55,,,,,,,
2010-12-11,,,,,,,,,,,,,,,,,,,,,,,118.37,,,,,,,
2010-12-12,,,,,,,,,,,,,,,,,,,,,,,227.72,,,,,,,
2010-12-13,90.4,88.62,,,,,,1.282,,,3.29,0.61,3.14,2.68,,,1.3389,83.57,6.6652,90.8837,17.55,,193.55,,,,,,,
2010-12-14,90.63,88.33,,,,,,1.304,,,3.49,0.66,3.34,2.83,,,1.3395,83.52,6.6563,90.764,17.61,,141.65,,,,,,,
2010-12-15,91.33,88.66,,,,,,1.309,,,3.53,0.68,3.39,2.85,,,1.3306,84.04,6.6541,91.094,17.94,,153.08,,,,,,,
2010-12-16,91.09,87.71,,,,,,1.303,,,3.47,0.66,3.34,2.81,,,1.3206,84.23,6.6635,91.3773,17.39,,149.21,,,,,,,
2010-12-17,91.11,88.02,,,,,,1.311,,,3.33,0.61,3.22,2.72,,,1.3155,84.15,6.6545,91.5555,16.11,-0.2008,252.45,,,,,,,
2010-12-18,,,,,,,,,,,,,,,,,,,,,,,185.69,,,,,,,
2010-12-19,,,,,,,,,,,,,,,,,,,,,,,142.59,,,,,,,
2010-12-20,91.31,88.68,,,,,,1.32,,,3.36,0.62,3.22,2.74,,,1.3124,83.72,6.6745,91.6398,16.41,,147.51,,,,,,,
2010-12-21,93.11,89.3,,,,,,1.321,,,3.35,0.63,3.21,2.72,,,1.3131,83.76,6.658,91.519,16.49,,132.73,,,,,,,
2010-12-22,93.55,89.83,,,,,,1.328,,,3.36,0.65,3.22,2.71,,,1.3089,83.56,6.645,91.429,15.45,,129.36,,,,,,,
2010-12-23,93.63,90.84,,,,,,1.338,,,3.41,0.67,3.27,2.74,,,1.3101,82.97,6.645,91.3013,16.47,,79.79,,,,,,,
2010-12-24,,,,,,,,,,,,,,,,,,,,,,-0.2493,37.25,,,,,,,
2010-12-25,,,,,,,,,,,,,,,,,,,,,,,151.38,,,,,,,
2010-12-26,,,,,,,,,,,,,,,,,,,,,,,245.83,,,,,,,
2010-12-27,93.08,90.99,,,,,,1.339,,,3.36,0.71,3.19,2.65,,,1.3146,82.91,6.6306,91.1963,17.67,,167.35,,,,,,,
2010-12-28,93.52,91.48,,,,,,1.339,,,3.5,0.75,3.35,2.75,,,1.3122,82.21,6.6247,90.9848,17.52,,134.15,,,,,,,
2010-12-29,93.52,91.13,,,,,,1.338,,,3.35,0.64,3.22,2.71,,,1.3183,81.9,6.62,90.7669,17.28,,112.22,,,,,,,
2010-12-30,92.5,89.85,,,,,,1.321,,,3.38,0.66,3.26,2.72,,,1.3269,81.67,6.6,90.5146,17.52,,126.1,,,,,,,
2010-12-31,93.23,91.38,,,,,,1.329,,,3.3,0.61,3.18,2.69,,,,,,,17.75,-0.2461,180.76,,,,,,,
2011-01-01,,,10.81,9533.2,2439.7,25621.225,63.875,,253.0,251.9,,,,,,,,,,,,,231.47,114.31861704313937,93.4814,92.4258,130837.0,222.177,90.372,2244261645880.3
2011-01-02,,,,,,,,,,,,,,,,,,,,,,,350.22,,,,,,,
2011-01-03,95.82,91.59,,,,,,1.344,,,3.36,0.61,3.21,2.75,,,1.3371,81.56,6.5895,89.9524,17.61,,179.94,,,,,,,
2011-01-04,93.52,89.39,,,,,,1.324,,,3.36,0.63,3.22,2.73,,,1.3306,81.96,6.6065,90.3277,17.38,,99.93,,,,,,,
2011-01-05,95.07,90.3,,,,,,1.324,,,3.5,0.71,3.36,2.79,,,1.3171,83.22,6.585,90.5715,17.02,,117.62,,,,,,,
2011-01-06,94.95,88.37,,,,,,1.316,,,3.44,0.68,3.29,2.76,,,1.3027,83.15,6.626,90.9125,17.4,,210.12,,,,,,,
2011-01-07,94.25,88.07,,,,,,1.328,,,3.34,0.6,3.2,2.74,,,1.2944,83.04,6.6276,91.0001,17.14,-0.3288,78.36,,,,,,,
2011-01-08,,,,,,,,,,,,,,,,,,,,,,,112.44,,,,,,,
2011-01-09,,,,,,,,,,,,,,,,,,,,,,,208.07,,,,,,,
2011-01-10,95.05,89.24,,,,,,1.348,,,3.32,0.59,3.17,2.73,,,1.2945,82.78,6.6364,91.03,17.54,,142.87,,,,,,,
2011-01-11,96.8,91.11,,,,,,1.366,,,3.37,0.6,3.22,2.77,,,1.2978,83.36,6.6185,90.8431,16.89,,99.18,,,,,,,
2011-01-12,97.86,91.85,,,,,,1.37,,,3.4,0.61,3.25,2.79,,,1.3066,83.29,6.6037,90.4111,16.24,,143.29,,,,,,,
2011-01-13,97.86,91.39,,,,,,1.35,,,3.34,0.59,3.19,2.75,,,1.3364,82.72,6.6044,89.9019,16.39,,86.38,,,,,,,
2011-01-14,97.86,91.53,,,,,,1.358,,,3.35,0.59,3.2,2.76,,,1.3328,82.99,6.5876,90.0461,15.46,-0.3123,121.36,,,,,,,
2011-01-15,,,,,,,,,,,,,,,,,,,,,,,145.47,,,,,,,
2011-01-16,,,,,,,,,,,,,,,,,,,,,,,124.49,,,,,,,
2011-01-17,,,,,,,,,,,,,,,,,,,,,,,152.8,,,,,,,
2011-01-18,97.83,91.38,,,,,,1.359,,,3.39,0.6,3.23,2.79,,,1.3399,82.66,6.5828,89.821,15.87,,130.09,,,,,,,
2011-01-19,98.42,90.85,,,,,,1.361,,,3.37,0.6,3.21,2.77,,,1.3495,82.03,6.5823,89.6948,17.31,,169.89,,,,,,,
2011-01-20,96.27,88.56,,,,,,1.355,,,3.47,0.65,3.31,2.82,,,1.3443,83.02,6.5852,90.1316,17.99,,112.69,,,,,,,
2011-01-21,96.84,88.22,,,,,,1.364,,,3.44,0.63,3.28,2.81,,,1.3581,82.63,6.5831,89.7204,18.47,-0.3259,109.35,,,,,,,
2011-01-22,,,,,,,,,,,,,,,,,,,,,,,72.18,,,,,,,
2011-01-23,,,,,,,,,,,,,,,,,,,,,,,158.18,,,,,,,
2011-01-24,96.76,86.74,,,,,,1.363,,,3.43,0.65,3.27,2.78,,,1.3653,82.44,6.5809,89.5375,17.65,,160.06,,,,,,,
2011-01-25,96.76,85.08,,,,,,1.34,,,3.35,0.62,3.19,2.73,,,1.3644,82.35,6.5824,89.7279,17.59,,99.94,,,,,,,
2011-01-26,96.04,86.15,,,,,,1.358,,,3.45,0.62,3.29,2.83,,,1.3688,82.27,6.5814,89.5091,16.64,,110.03,,,,,,,
2011-01-27,96.48,84.45,,,,,,1.334,,,3.42,0.59,3.27,2.83,,,1.3688,83.03,6.5814,89.5728,16.15,,113.47,,,,,,,
2011-01-28,97.06,88.15,,,,,,1.335,,,3.36,0.54,3.21,2.82,,,1.3607,82.03,6.5819,89.8189,20.04,-0.2707,122.57,,,,,,,
2011-01-29,,,,,,,,,,,,,,,,,,,,,,,104.16,,,,,,,
2011-01-30,,,,,,,,,,,,,,,,,,,,,,,151.47,,,,,,,
2011-01-31,98.97,90.99,,,,,,1.359,,,3.42,0.58,3.27,2.84,,,1.3715,81.97,6.6017,89.694,19.53,,114.06,,,,,,,
2011-02-01,100.4,89.54,11.89,9880.9375,2515.26,28412.175,65.0,1.34,259.0,241.5,3.48,0.61,3.33,2.87,,,1.3793,81.48,6.5937,89.1436,17.63,,135.88,96.57907686329665,93.1102,93.4367,131057.0,223.011,90.53,
2011-02-02,101.3,89.78,,,,,,1.331,,,3.52,0.67,3.36,2.85,,,1.3779,81.82,6.556,89.0737,17.3,,81.51,,,,,,,
2011-02-03,101.69,89.42,,,,,,1.323,,,3.58,0.71,3.44,2.87,,,1.3654,81.48,6.556,89.2522,16.69,,62.98,,,,,,,
2011-02-04,99.43,87.87,,,,,,1.323,,,3.68,0.77,3.53,2.91,,,1.3584,81.99,6.556,89.391,15.93,-0.3871,97.16,,,,,,,
2011-02-05,,,,,,,,,,,,,,,,,,,,,,,175.43,,,,,,,
2011-02-06,,,,,,,,,,,,,,,,,,,,,,,143.7,,,,,,,
2011-02-07,99.44,86.3,,,,,,1.339,,,3.68,0.78,3.52,2.9,,,1.3557,82.4,6.56,89.3556,16.28,,139.94,,,,,,,
2011-02-08,99.25,85.85,,,,,,1.342,,,3.75,0.86,3.6,2.89,,,1.3687,81.92,6.552,89.1241,15.81,,108.0,,,,,,,
2011-02-09,100.16,85.59,,,,,,1.345,,,3.65,0.81,3.51,2.84,,,1.3688,82.47,6.5914,89.4166,15.87,,80.97,,,,,,,
2011-02-10,100.74,85.44,,,,,,1.318,,,3.7,0.85,3.58,2.85,,,1.3637,83.11,6.5864,89.6266,16.09,,59.31,,,,,,,
2011-02-11,99.93,84.39,,,,,,1.311,,,3.64,0.85,3.52,2.79,,,1.352,83.52,6.5917,89.8784,15.69,-0.4615,81.01,,,,,,,
2011-02-12,,,,,,,,,,,,,,,,,,,,,,,159.46,,,,,,,
2011-02-13,,,,,,,,,,,,,,,,,,,,,,,153.25,,,,,,,
2011-02-14,103.12,83.66,,,,,,1.343,,,3.62,0.87,3.49,2.75,,,1.3474,83.32,6.5965,89.8543,15.95,,185.5,,,,,,,
2011-02-15,102.48,83.13,,,,,,1.353,,,3.61,0.84,3.48,2.77,,,1.3494,83.79,6.5884,89.8871,16.37,,156.02,,,,,,,
2011-02-16,102.78,83.8,,,,,,1.383,,,3.62,0.86,3.5,2.76,,,1.3547,83.73,6.5884,89.7059,16.72,,106.72,,,,,,,
2011-02-17,103.45,85.05,,,,,,1.376,,,3.58,0.8,3.49,2.78,,,1.3612,83.25,6.585,89.4102,16.59,,83.15,,,,,,,
2011-02-18,102.2,85.03,,,,,,1.361,,,3.59,0.78,3.49,2.81,,,1.3673,83.22,6.5731,89.1974,16.43,-0.3141,97.46,,,,,,,
2011-02-19,,,,,,,,,,,,,,,,,,,,,,,96.62,,,,,,,
2011-02-20,,,,,,,,,,,,,,,,,,,,,,,116.84,,,,,,,
2011-02-21,,,,,,,,,,,,,,,,,,,,,,,119.66,,,,,,,
2011-02-22,106.82,92.65,,,,,,1.361,,,3.46,0.74,3.34,2.72,,,1.3661,82.94,6.5795,89.4617,20.8,,149.43,,,,,,,
2011-02-23,109.77,96.04,,,,,,1.439,,,3.49,0.74,3.37,2.75,,,1.3758,82.39,6.5741,89.4186,22.13,,104.96,,,,,,,
2011-02-24,113.91,95.83,,,,,,1.535,,,3.46,0.73,3.33,2.73,,,1.3794,81.67,6.572,89.2346,21.32,,117.41,,,,,,,
2011-02-25,111.47,96.52,,,,,,1.535,,,3.42,0.72,3.29,2.7,,,1.3757,81.76,6.5749,89.1664,19.22,-0.0967,128.07,,,,,,,
2011-02-26,,,,,,,,,,,,,,,,,,,,,,,115.8,,,,,,,
2011-02-27,,,,,,,,,,,,,,,,,,,,,,,173.01,,,,,,,
2011-02-28,112.27,97.1,,,,,,1.538,,,3.42,0.69,3.27,2.73,,,1.3793,81.94,6.5713,88.9391,18.35,,84.82,,,,,,,
2011-03-01,113.34,99.63,12.18,9503.358695652174,2555.5,26710.34782608696,63.5,1.491,296.2,283.7,3.41,0.66,3.27,2.75,,,1.3813,81.86,6.57,88.831,21.01,,140.96,130.36071276295712,94.0788,96.0726,131283.0,223.69,90.667,
2011-03-02,116.89,102.27,,,,,,1.438,,,3.46,0.69,3.33,2.77,,,1.3869,81.62,6.5723,88.7317,20.7,,202.3,,,,,,,
2011-03-03,114.42,101.92,,,,,,1.38,,,3.58,0.79,3.45,2.79,,,1.3947,82.41,6.5717,88.637,18.6,,106.1,,,,,,,
2011-03-04,115.71,104.34,,,,,,1.379,,,3.49,0.68,3.37,2.81,,,1.3983,82.35,6.567,88.4898,19.06,-0.2395,78.77,,,,,,,
2011-03-05,,,,,,,,,,,,,,,,,,,,,,,73.87,,,,,,,
2011-03-06,,,,,,,,,,,,,,,,,,,,,,,151.8,,,,,,,
2011-03-07,116.58,105.37,,,,,,1.363,,,3.51,0.7,3.4,2.81,,,1.3976,82.12,6.554,88.5207,20.66,,141.02,,,,,,,
2011-03-08,112.32,105.06,,,,,,1.334,,,3.56,0.73,3.45,2.83,,,1.3912,82.69,6.5684,88.6454,19.82,,143.22,,,,,,,
2011-03-09,115.19,104.39,,,,,,1.348,,,3.48,0.7,3.38,2.78,,,1.3906,82.78,6.558,88.5328,20.22,,110.3,,,,,,,
2011-03-10,114.07,102.73,,,,,,1.35,,,3.37,0.65,3.29,2.72,,,1.3823,82.98,6.5731,88.8698,21.88,,126.24,,,,,,,
2011-03-11,114.07,101.14,,,,,,1.354,,,3.4,0.64,3.32,2.76,,,1.3864,81.77,6.5742,88.691,20.08,-0.2433,170.51,,,,,,,
2011-03-12,,,,,,,,,,,,,,,,,,,,,,,107.65,,,,,,,
2011-03-13,,,,,,,,,,,,,,,,,,,,,,,199.64,,,,,,,
2011-03-14,112.95,101.2,,,,,,1.366,,,3.36,0.61,3.27,2.75,,,1.3975,81.65,6.5696,88.5191,21.13,,193.87,,,,,,,
2011-03-15,111.11,97.23,,,,,,1.329,,,3.33,0.63,3.23,2.7,,,1.3968,80.82,6.573,88.7845,24.32,,178.36,,,,,,,
2011-03-16,110.96,97.99,,,,,,1.37,,,3.22,0.58,3.12,2.64,,,1.3922,80.17,6.5713,88.9785,29.4,,133.15,,,,,,,
2011-03-17,114.18,101.47,,,,,,1.5,,,3.25,0.6,3.17,2.65,,,1.4021,78.74,6.5743,88.6549,26.37,,145.73,,,,,,,
2011-03-18,114.13,101.06,,,,,,1.5,,,3.28,0.61,3.21,2.67,,,1.4141,81.14,6.5689,88.5221,24.44,0.0772,140.54,,,,,,,
2011-03-19,,,,,,,,,,,,,,,,,,,,,,,147.62,,,,,,,
2011-03-20,,,,,,,,,,,,,,,,,,,,,,,221.16,,,,,,,
2011-03-21,114.92,102.36,,,,,,1.535,,,3.34,0.67,3.24,2.67,,,1.4184,81.11,6.5635,88.2032,20.61,,134.17,,,,,,,
2011-03-22,115.63,104.53,,,,,,1.53,,,3.34,0.68,3.24,2.66,,,1.4212,81.0,6.551,88.0665,20.21,,100.29,,,,,,,
2011-03-23,115.65,105.21,,,,,,1.429,,,3.36,0.69,3.27,2.67,,,1.4124,80.94,6.5591,88.3328,19.17,,106.04,,,,,,,
2011-03-24,115.41,105.04,,,,,,1.371,,,3.42,0.72,3.33,2.7,,,1.42,80.82,6.558,88.0592,18.0,,109.82,,,,,,,
2011-03-25,115.45,104.89,,,,,,1.36,,,3.46,0.79,3.37,2.67,,,1.4144,81.12,6.5568,88.1716,17.91,-0.3335,110.94,,,,,,,
2011-03-26,,,,,,,,,,,,,,,,,,,,,,,161.46,,,,,,,
2011-03-27,,,,,,,,,,,,,,,,,,,,,,,190.04,,,,,,,
2011-03-28,115.95,103.54,,,,,,1.351,,,3.47,0.81,3.36,2.66,,,1.4104,81.67,6.5643,88.3058,19.44,,182.28,,,,,,,
2011-03-29,115.58,104.34,,,,,,1.346,,,3.5,0.81,3.4,2.69,,,1.409,82.38,6.56,88.3991,18.16,,124.84,,,,,,,
2011-03-30,115.35,103.8,,,,,,1.34,,,3.47,0.8,3.37,2.67,,,1.4095,82.98,6.5558,88.2298,17.71,,150.03,,,,,,,
2011-03-31,116.94,106.19,,,,,,1.369,,,3.47,0.8,3.38,2.67,,,1.4183,82.76,6.5483,88.0299,17.74,,81.91,,,,,,,
2011-04-01,118.63,107.55,14.41,9482.75,2667.416666666667,26332.16666666667,57.82142857142857,1.383,321.9,311.0,3.46,0.8,3.39,2.66,,,1.4215,84.05,6.5477,87.7993,17.4,-0.3505,148.31,118.82751569774082,93.7749,94.5132,131597.0,224.118,90.875,2244196853038.0
2011-04-02,,,,,,,,,,,,,,,,,,,,,,,176.64,,,,,,,
2011-04-03,,,,,,,,,,,,,,,,,,,,,,,148.13,,,,,,,
2011-04-04,120.07,108.14,,,,,,1.42,,,3.45,0.77,3.39,2.68,,,1.4221,83.98,6.5385,87.8406,17.5,,103.52,,,,,,,
2011-04-05,122.87,107.82,,,,,,1.405,,,3.5,0.84,3.43,2.66,,,1.423,84.65,6.539,87.7483,17.25,,76.7,,,,,,,
2011-04-06,123.01,108.38,,,,,,1.395,,,3.56,0.85,3.5,2.71,,,1.4333,85.26,6.544,87.4913,16.9,,88.4,,,,,,,
2011-04-07,122.9,109.82,,,,,,1.408,,,3.58,0.81,3.54,2.77,,,1.4287,84.98,6.542,87.532,17.11,,163.18,,,,,,,
2011-04-08,126.3,112.27,,,,,,1.44,,,3.59,0.83,3.55,2.76,,,1.4437,84.99,6.535,87.1493,17.87,-0.4252,107.93,,,,,,,
2011-04-09,,,,,,,,,,,,,,,,,,,,,,,113.46,,,,,,,
2011-04-10,,,,,,,,,,,,,,,,,,,,,,,124.99,,,,,,,
2011-04-11,126.46,109.5,,,,,,1.416,,,3.59,0.85,3.54,2.74,,,1.4454,84.58,6.5381,87.094,16.59,,119.37,,,,,,,
2011-04-12,121.33,105.75,,,,,,1.39,,,3.52,0.77,3.47,2.75,,,1.4455,83.79,6.5402,87.2943,17.09,,120.58,,,,,,,
2011-04-13,122.7,106.6,,,,,,1.421,,,3.49,0.75,3.43,2.74,,,1.4477,83.59,6.5333,87.2093,16.92,,84.78,,,,,,,
2011-04-14,122.74,107.73,,,,,,1.428,,,3.51,0.77,3.44,2.74,,,1.4464,83.23,6.531,87.0802,16.27,,89.71,,,,,,,
2011-04-15,124.63,109.17,,,,,,1.436,,,3.43,0.71,3.36,2.72,,,1.4443,83.13,6.5317,87.005,15.32,-0.3876,107.61,,,,,,,
2011-04-16,,,,,,,,,,,,,,,,,,,,,,,122.29,,,,,,,
2011-04-17,,,,,,,,,,,,,,,,,,,,,,,226.41,,,,,,,
2011-04-18,121.69,106.7,,,,,,1.404,,,3.4,0.69,3.33,2.71,,,1.4211,82.43,6.5286,87.5081,16.96,,149.96,,,,,,,
2011-04-19,121.35,107.18,,,,,,1.42,,,3.39,0.68,3.33,2.71,,,1.4319,82.41,6.5303,87.0791,15.83,,129.47,,,,,,,
2011-04-20,124.26,110.84,,,,,,1.486,,,3.43,0.69,3.37,2.74,,,1.4513,82.58,6.5254,86.5642,15.07,,105.92,,,,,,,
2011-04-21,123.64,111.72,,,,,,1.494,,,3.42,0.68,3.36,2.74,,,1.4585,81.81,6.492,86.2256,14.69,,77.9,,,,,,,
2011-04-22,,,,,,,,,,,,,,,,,1.4545,81.92,6.5067,86.3742,,-0.4094,168.72,,,,,,,
2011-04-23,,,,,,,,,,,,,,,,,,,,,,,99.88,,,,,,,
2011-04-24,,,,,,,,,,,,,,,,,,,,,,,117.05,,,,,,,
2011-04-25,,111.68,,,,,,1.503,,,3.39,0.67,3.32,2.72,,,1.4576,81.93,6.5277,86.4026,15.77,,118.44,,,,,,,
2011-04-26,124.55,111.72,,,,,,1.495,,,3.34,0.65,3.27,2.69,,,1.4625,81.93,6.527,86.2576,15.62,,93.23,,,,,,,
2011-04-27,124.94,112.31,,,,,,1.55,,,3.39,0.65,3.33,2.74,,,1.4659,82.6,6.5112,86.2519,15.35,,83.58,,,,,,,
2011-04-28,126.59,112.38,,,,,,1.588,,,3.34,0.62,3.3,2.72,,,1.4785,81.57,6.501,85.8419,14.62,,66.98,,,,,,,
2011-04-29,,113.39,,,,,,1.595,,,3.32,0.61,3.28,2.71,,,1.4821,81.31,6.49,85.5999,14.75,-0.5254,71.85,,,,,,,
2011-04-30,,,,,,,,,,,,,,,,,,,,,,,75.96,,,,,,,
2011-05-01,,,15.75,8931.675,2587.2125,24164.55,56.0625,,343.8,290.1,,,,,,,,,,,,,109.47,93.95926547927444,93.888,95.0272,131703.0,224.534,91.091,
2011-05-02,126.64,113.03,,,,,,1.605,,,3.31,0.61,3.26,2.7,,,1.487,81.23,6.492,85.5199,15.99,,145.49,,,,,,,
2011-05-03,124.01,110.6,,,,,,1.594,,,3.28,0.61,3.25,2.67,,,1.4875,81.02,6.4955,85.6352,16.7,,120.64,,,,,,,
2011-05-04,121.55,108.79,,,,,,1.583,,,3.25,0.6,3.22,2.65,,,1.4859,80.69,6.4925,85.8917,17.08,,100.29,,,,,,,
2011-05-05,111.93,99.89,,,,,,1.48,,,3.18,0.58,3.16,2.6,,,1.4583,80.12,6.4931,86.508,18.2,,88.21,,,,,,,
2011-05-06,113.69,96.87,,,,,,1.471,,,3.19,0.57,3.17,2.62,,,1.4495,80.51,6.4925,86.4575,18.4,-0.342,65.14,,,,,,,
2011-05-07,,,,,,,,,,,,,,,,,,,,,,,88.7,,,,,,,
2011-05-08,,,,,,,,,,,,,,,,,,,,,,,153.5,,,,,,,
2011-05-09,113.21,100.32,,,,,,1.544,,,3.17,0.57,3.14,2.6,,,1.4301,80.66,6.4937,86.8346,17.16,,104.29,,,,,,,
2011-05-10,117.82,103.39,,,,,,1.542,,,3.23,0.59,3.2,2.64,,,1.4358,80.75,6.4915,86.6518,15.91,,108.15,,,,,,,
2011-05-11,115.66,97.88,,,,,,1.496,,,3.19,0.56,3.16,2.63,,,1.4269,80.78,6.4915,86.7195,16.95,,71.52,,,,,,,
2011-05-12,112.87,98.53,,,,,,1.516,,,3.22,0.57,3.2,2.65,,,1.4229,80.75,6.4986,87.0767,16.03,,62.3,,,,,,,
2011-05-13,113.08,99.21,,,,,,1.549,,,3.18,0.57,3.15,2.61,,,1.4141,80.76,6.4977,87.4176,17.07,-0.3595,94.82,,,,,,,
2011-05-14,,,,,,,,,,,,,,,,,,,,,,,80.07,,,,,,,
2011-05-15,,,,,,,,,,,,,,,,,,,,,,,104.64,,,,,,,
2011-05-16,113.72,96.91,,,,,,1.549,,,3.15,0.54,3.11,2.61,,,1.4219,80.82,6.5073,87.3311,18.24,,123.56,,,,,,,
2011-05-17,109.39,96.4,,,,,,1.51,,,3.12,0.55,3.08,2.57,,,1.4155,81.39,6.5057,87.6307,17.55,,105.09,,,,,,,
2011-05-18,112.54,99.52,,,,,,1.524,,,3.18,0.58,3.13,2.6,,,1.427,81.37,6.5029,87.295,16.23,,75.09,,,,,,,
2011-05-19,113.2,97.99,,,,,,1.51,,,3.17,0.55,3.12,2.62,,,1.4254,81.78,6.5042,87.2638,15.52,,95.62,,,,,,,
2011-05-20,111.25,99.15,,,,,,1.505,,,3.15,0.55,3.1,2.6,,,1.4172,81.64,6.4917,87.3044,17.43,-0.3217,56.74,,,,,,,
2011-05-21,,,,,,,,,,,,,,,,,,,,,,,65.68,,,,,,,
2011-05-22,,,,,,,,,,,,,,,,,,,,,,,145.83,,,,,,,
2011-05-23,110.13,97.06,,,,,,1.475,,,3.13,0.55,3.07,2.58,,,1.4015,81.81,6.505,87.8941,18.27,,121.54,,,,,,,
2011-05-24,112.52,99.13,,,,,,1.488,,,3.12,0.56,3.06,2.56,,,1.4107,82.12,6.499,87.662,17.82,,89.39,,,,,,,
2011-05-25,114.47,100.78,,,,,,1.491,,,3.13,0.54,3.07,2.59,,,1.4102,81.96,6.493,87.6136,17.07,,115.3,,,,,,,
2011-05-26,115.06,100.18,,,,,,1.485,,,3.07,0.48,3.02,2.59,,,1.4088,81.44,6.4913,87.5588,16.09,,79.23,,,,,,,
2011-05-27,114.85,100.58,,,,,,1.496,,,3.07,0.48,3.02,2.59,,,1.4287,80.75,6.492,86.9525,15.98,-0.2844,82.4,,,,,,,
2011-05-28,,,,,,,,,,,,,,,,,,,,,,,70.42,,,,,,,
2011-05-29,,,,,,,,,,,,,,,,,,,,,,,55.2,,,,,,,
2011-05-30,,,,,,,,,,,,,,,,,,,,,,,40.03,,,,,,,
2011-05-31,117.18,102.7,,,,,,1.521,,,3.05,0.45,2.99,2.6,,,1.4376,81.29,6.4786,86.656,15.45,,71.4,,,,,,,
2011-06-01,116.15,100.3,16.29,9066.852272727274,2557.761363636364,22420.93181818182,55.4,1.509,313.3,277.7,2.96,0.44,2.91,2.52,,,1.4431,80.82,6.478,86.5964,18.3,,97.43,124.52442225987642,94.172,97.1372,131931.0,224.891,91.191,
2011-06-02,114.3,100.41,,,,,,1.525,,,3.04,0.45,3.0,2.59,,,1.4426,80.98,6.4824,86.8435,18.09,,78.19,,,,,,,
2011-06-03,115.09,100.28,,,,,,1.524,,,2.99,0.42,2.95,2.57,,,1.4604,80.38,6.4796,86.4234,17.95,-0.2118,120.72,,,,,,,
2011-06-04,,,,,,,,,,,,,,,,,,,,,,,164.42,,,,,,,
2011-06-05,,,,,,,,,,,,,,,,,,,,,,,220.17,,,,,,,
2011-06-06,115.4,99.07,,,,,,1.513,,,3.01,0.43,2.96,2.58,,,1.462,80.19,6.4796,86.4669,18.49,,107.05,,,,,,,
2011-06-07,116.14,99.18,,,,,,1.529,,,3.01,0.39,2.96,2.62,,,1.4675,80.21,6.481,86.3627,18.07,,93.34,,,,,,,
2011-06-08,118.43,100.77,,,,,,1.538,,,2.98,0.39,2.94,2.59,,,1.4587,79.87,6.4754,86.5714,18.79,,93.84,,,,,,,
2011-06-09,119.95,101.95,,,,,,1.563,,,3.01,0.43,2.96,2.58,,,1.4534,80.07,6.4757,86.5913,17.77,,86.6,,,,,,,
2011-06-10,118.71,99.3,,,,,,1.55,,,2.99,0.41,2.94,2.58,,,1.4365,80.26,6.4801,87.042,18.86,-0.145,182.31,,,,,,,
2011-06-11,,,,,,,,,,,,,,,,,,,,,,,79.23,,,,,,,
2011-06-12,,,,,,,,,,,,,,,,,,,,,,,168.71,,,,,,,
2011-06-13,120.49,97.2,,,,,,1.538,,,3.0,0.4,2.95,2.6,,,1.4368,80.16,6.483,87.0579,19.61,,122.06,,,,,,,
2011-06-14,120.35,99.37,,,,,,1.545,,,3.11,0.45,3.06,2.66,,,1.4473,80.5,6.4794,86.6771,18.26,,134.01,,,,,,,
2011-06-15,114.67,94.83,,,,,,1.525,,,2.98,0.38,2.93,2.6,,,1.4221,80.71,6.482,87.3342,21.32,,76.72,,,,,,,
2011-06-16,114.69,94.95,,,,,,1.534,,,2.93,0.38,2.88,2.55,,,1.4155,80.7,6.4746,87.6917,22.73,,124.02,,,,,,,
2011-06-17,113.74,93.02,,,,,,1.529,,,2.94,0.38,2.9,2.56,,,1.4326,80.1,6.47,87.2179,21.85,-0.1365,171.5,,,,,,,
2011-06-18,,,,,,,,,,,,,,,,,,,,,,,157.35,,,,,,,
2011-06-19,,,,,,,,,,,,,,,,,,,,,,,170.78,,,,,,,
2011-06-20,112.21,93.23,,,,,,1.529,,,2.97,0.38,2.94,2.59,,,1.432,80.26,6.472,87.1908,19.99,,201.65,,,,,,,
2011-06-21,112.02,93.7,,,,,,1.529,,,2.99,0.4,2.96,2.59,,,1.4399,80.15,6.465,86.857,18.86,,95.73,,,,,,,
2011-06-22,113.59,94.96,,,,,,1.543,,,3.01,0.39,2.99,2.62,,,1.4403,80.06,6.4628,86.8067,18.52,,68.93,,,,,,,
2011-06-23,108.27,90.7,,,,,,1.501,,,2.93,0.35,2.92,2.58,,,1.4166,80.45,6.4676,87.455,19.29,,109.84,,,,,,,
2011-06-24,104.79,90.89,,,,,,1.496,,,2.88,0.35,2.86,2.53,,,1.4189,80.32,6.4737,87.5014,21.1,-0.1218,124.95,,,,,,,
2011-06-25,,,,,,,,,,,,,,,,,,,,,,,131.62,,,,,,,
2011-06-26,,,,,,,,,,,,,,,,,,,,,,,128.73,,,,,,,
2011-06-27,104.57,90.65,,,,,,1.479,,,2.95,0.41,2.93,2.54,,,1.4282,80.89,6.4815,87.5225,20.56,,108.71,,,,,,,
2011-06-28,107.57,92.9,,,,,,1.474,,,3.05,0.48,3.02,2.57,,,1.4368,80.85,6.4699,87.2178,19.17,,101.97,,,,,,,
2011-06-29,111.49,94.85,,,,,,1.475,,,3.14,0.47,3.12,2.67,,,1.4428,80.8,6.4633,86.8014,17.27,,132.5,,,,,,,
2011-06-30,111.71,95.3,,,,,,1.495,,,3.18,0.45,3.15,2.73,,,1.4523,80.64,6.4635,86.4786,16.52,,128.68,,,,,,,
2011-07-01,109.82,94.81,16.29,9650.464285714286,2525.428571428571,23847.95238095238,52.78888888888889,1.495,313.1,284.2,3.22,0.5,3.2,2.72,,,1.4508,80.81,6.4645,86.3613,15.87,-0.3972,75.9,153.82885984326128,94.636,93.9789,131992.0,225.164,91.326,2247447298203.6
2011-07-02,,,,,,,,,,,,,,,,,,,,,,,73.02,,,,,,,
2011-07-03,,,,,,,,,,,,,,,,,,,,,,,163.12,,,,,,,
2011-07-04,,,,,,,,,,,,,,,,,,,,,,,100.21,,,,,,,
2011-07-05,113.21,96.92,,,,,,1.501,,,3.16,0.44,3.14,2.72,,,1.447,81.14,6.466,86.4253,16.06,,118.28,,,,,,,
2011-07-06,113.55,96.67,,,,,,1.495,,,3.12,0.43,3.11,2.69,,,1.4329,80.9,6.467,86.6825,16.34,,134.79,,,,,,,
2011-07-07,117.4,98.7,,,,,,1.528,,,3.17,0.49,3.14,2.68,,,1.4349,81.26,6.4655,86.4825,15.95,,99.83,,,,,,,
2011-07-08,117.4,96.2,,,,,,1.529,,,3.03,0.4,3.0,2.63,,,1.4251,80.64,6.4645,86.615,15.95,-0.3638,199.44,,,,,,,
2011-07-09,,,,,,,,,,,,,,,,,,,,,,,265.12,,,,,,,
2011-07-10,,,,,,,,,,,,,,,,,,,,,,,149.09,,,,,,,
2011-07-11,117.35,95.16,,,,,,1.523,,,2.94,0.37,2.91,2.57,,,1.4034,80.37,6.4671,87.1013,18.39,,250.81,,,,,,,
2011-07-12,117.36,97.41,,,,,,1.529,,,2.92,0.37,2.89,2.55,,,1.4014,79.53,6.472,87.1701,19.87,,187.56,,,,,,,
2011-07-13,118.46,98.04,,,,,,1.531,,,2.92,0.37,2.91,2.55,,,1.4167,78.99,6.4675,86.5697,19.91,,129.06,,,,,,,
2011-07-14,117.38,95.75,,,,,,1.525,,,2.98,0.38,2.97,2.6,,,1.4182,79.11,6.459,86.5234,20.8,,170.74,,,,,,,
2011-07-15,118.06,97.24,,,,,,1.531,,,2.94,0.37,2.92,2.57,,,1.4156,79.03,6.461,86.5169,19.53,-0.0203,163.6,,,,,,,
2011-07-16,,,,,,,,,,,,,,,,,,,,,,,152.65,,,,,,,
2011-07-17,,,,,,,,,,,,,,,,,,,,,,,216.46,,,,,,,
2011-07-18,117.05,95.94,,,,,,1.531,,,2.94,0.37,2.92,2.57,,,1.4042,79.1,6.4688,86.9549,20.95,,99.15,,,,,,,
2011-07-19,118.18,97.49,,,,,,1.536,,,2.91,0.39,2.88,2.52,,,1.4156,78.91,6.4631,86.4386,19.21,,136.4,,,,,,,
2011-07-20,118.52,98.11,,,,,,1.541,,,2.96,0.4,2.94,2.56,,,1.4188,78.76,6.4581,86.2794,19.09,,116.97,,,,,,,
2011-07-21,118.25,98.96,,,,,,1.53,,,3.03,0.4,2.98,2.63,,,1.4372,78.47,6.4535,85.8378,17.56,,121.99,,,,,,,
2011-07-22,118.99,99.53,,,,,,1.531,,,2.99,0.4,2.94,2.59,,,1.4366,78.44,6.4464,85.8623,17.52,-0.2953,199.37,,,,,,,
2011-07-23,,,,,,,,,,,,,,,,,,,,,,,355.29,,,,,,,
2011-07-24,,,,,,,,,,,,,,,,,,,,,,,305.8,,,,,,,
2011-07-25,118.27,98.97,,,,,,1.526,,,3.03,0.42,2.98,2.61,,,1.4357,78.31,6.445,85.8006,19.35,,338.91,,,,,,,
2011-07-26,118.14,99.61,,,,,,1.538,,,2.99,0.41,2.92,2.58,,,1.4495,78.04,6.4411,85.4692,20.23,,266.01,,,,,,,
2011-07-27,117.99,97.4,,,,,,1.536,,,3.01,0.44,2.93,2.57,,,1.4373,77.99,6.4428,85.7126,22.98,,261.74,,,,,,,
2011-07-28,118.16,97.48,,,,,,1.551,,,2.98,0.42,2.91,2.56,,,1.4303,77.87,6.4418,85.8245,23.74,,254.85,,,,,,,
2011-07-29,115.93,95.68,,,,,,1.558,,,2.82,0.36,2.72,2.46,,,1.4388,77.18,6.436,85.7282,25.25,-0.272,291.21,,,,,,,
2011-07-30,,,,,,,,,,,,,,,,,,,,,,,487.28,,,,,,,
2011-07-31,,,,,,,,,,,,,,,,,,,,,,,320.02,,,,,,,
2011-08-01,116.37,94.98,17.7,8997.988636363636,2380.975,21864.68181818182,50.68333333333333,1.568,297.6,245.2,2.77,0.38,2.67,2.39,,,1.4202,76.87,6.4337,86.0391,23.66,,329.02,216.75711838429405,95.2749,97.091,132125.0,225.874,91.508,
2011-08-02,116.02,93.78,,,,,,1.571,,,2.66,0.33,2.6,2.33,,,1.4232,77.13,6.4379,86.0533,24.79,,490.89,,,,,,,
2011-08-03,113.74,91.87,,,,,,1.566,,,2.64,0.33,2.62,2.31,,,1.432,76.87,6.434,86.0706,23.38,,356.2,,,,,,,
2011-08-04,110.22,86.75,,,,,,1.513,,,2.47,0.27,2.45,2.2,,,1.4158,79.01,6.4377,86.9299,31.66,,130.12,,,,,,,
2011-08-05,106.92,86.89,,,,,,1.52,,,2.58,0.28,2.57,2.3,,,1.4158,78.48,6.4401,87.1084,32.0,0.3375,189.76,,,,,,,
2011-08-06,,,,,,,,,,,,,,,,,,,,,,,323.25,,,,,,,
2011-08-07,,,,,,,,,,,,,,,,,,,,,,,319.21,,,,,,,
2011-08-08,103.06,81.27,,,,,,1.439,,,2.4,0.27,2.35,2.13,,,1.4241,77.53,6.4342,87.1873,48.0,,476.87,,,,,,,
2011-08-09,103.63,79.32,,,,,,1.435,,,2.2,0.19,2.17,2.01,,,1.4242,77.16,6.4304,87.3919,35.06,,443.48,,,,,,,
2011-08-10,103.84,83.05,,,,,,1.498,,,2.17,0.19,2.15,1.98,,,1.4193,76.41,6.4172,87.3792,42.99,,305.99,,,,,,,
2011-08-11,107.82,85.48,,,,,,1.525,,,2.34,0.19,2.31,2.15,,,1.423,76.68,6.3935,87.3215,39.0,,230.29,,,,,,,
2011-08-12,108.17,85.19,,,,,,1.525,,,2.24,0.2,2.22,2.04,,,1.4239,76.79,6.3892,87.177,36.36,1.317,359.28,,,,,,,
2011-08-13,,,,,,,,,,,,,,,,,,,,,,,226.53,,,,,,,
2011-08-14,,,,,,,,,,,,,,,,,,,,,,,285.02,,,,,,,
2011-08-15,108.89,87.88,,,,,,1.538,,,2.29,0.19,2.27,2.1,,,1.4452,76.73,6.3902,86.7515,31.87,,253.66,,,,,,,
2011-08-16,109.69,86.65,,,,,,1.525,,,2.23,0.2,2.2,2.03,,,1.4421,76.76,6.3818,86.7115,32.85,,203.84,,,,,,,
2011-08-17,111.37,87.58,,,,,,1.549,,,2.17,0.19,2.16,1.98,,,1.4436,76.46,6.3839,86.5518,31.58,,146.26,,,,,,,
2011-08-18,108.36,82.38,,,,,,1.525,,,2.08,0.2,2.07,1.88,,,1.432,76.52,6.3873,87.1271,42.67,,173.87,,,,,,,
2011-08-19,109.37,82.33,,,,,,1.534,,,2.07,0.2,2.05,1.87,,,1.4408,76.46,6.391,86.8286,43.05,0.5274,252.25,,,,,,,
2011-08-20,,,,,,,,,,,,,,,,,,,,,,,224.34,,,,,,,
2011-08-21,,,,,,,,,,,,,,,,,,,,,,,345.06,,,,,,,
2011-08-22,108.83,84.42,,,,,,1.529,,,2.1,0.22,2.09,1.88,,,1.4384,76.77,6.4004,87.0753,42.44,,232.55,,,,,,,
2011-08-23,110.35,85.35,,,,,,1.525,,,2.15,0.22,2.14,1.93,,,1.4431,76.59,6.3975,86.9001,36.27,,230.6,,,,,,,
2011-08-24,111.91,84.99,,,,,,1.533,,,2.29,0.23,2.27,2.06,,,1.4402,76.78,6.388,87.1316,35.9,,194.72,,,,,,,
2011-08-25,111.91,85.15,,,,,,1.538,,,2.23,0.22,2.22,2.01,,,1.438,77.38,6.39,87.2306,39.76,,123.67,,,,,,,
2011-08-26,112.29,85.37,,,,,,1.538,,,2.19,0.2,2.18,1.99,,,1.4463,76.62,6.386,87.0751,35.59,0.8682,215.31,,,,,,,
2011-08-27,,,,,,,,,,,,,,,,,,,,,,,184.23,,,,,,,
2011-08-28,,,,,,,,,,,,,,,,,,,,,,,147.46,,,,,,,
2011-08-29,,87.27,,,,,,1.536,,,2.28,0.2,2.26,2.08,,,1.451,76.96,6.3809,86.8433,32.28,,178.83,,,,,,,
2011-08-30,115.59,88.9,,,,,,1.548,,,2.19,0.2,2.18,1.99,,,1.4435,76.75,6.3802,87.001,32.89,,146.0,,,,,,,
2011-08-31,116.48,88.81,,,,,,1.561,,,2.23,0.2,2.21,2.03,,,1.4406,76.5,6.3778,86.7739,31.62,,152.92,,,,,,,
2011-09-01,116.43,88.93,17.78,8300.136363636364,2293.461363636364,20377.59090909091,51.98333333333333,1.577,305.7,268.9,2.15,0.19,2.13,1.96,,,1.4283,76.81,6.3812,86.8512,31.82,,252.61,194.41022780761008,95.1961,97.6713,132344.0,226.289,91.57,
2011-09-02,115.92,86.45,,,,,,1.566,,,2.02,0.2,2.0,1.82,,,1.4203,76.79,6.3821,87.1797,33.92,0.5111,234.96,,,,,,,
2011-09-03,,,,,,,,,,,,,,,,,,,,,,,570.11,,,,,,,
2011-09-04,,,,,,,,,,,,,,,,,,,,,,,263.98,,,,,,,
2011-09-05,,,,,,,,,,,,,,,,,,,,,,,281.88,,,,,,,
2011-09-06,113.29,85.99,,,,,,1.559,,,1.98,0.21,1.96,1.77,,,1.3999,77.48,6.3901,88.1645,37.0,,245.23,,,,,,,
2011-09-07,117.5,89.34,,,,,,1.585,,,2.05,0.21,2.03,1.84,,,1.4058,77.39,6.394,87.9699,33.38,,185.2,,,,,,,
2011-09-08,117.99,89.05,,,,,,1.594,,,2.0,0.19,1.98,1.81,,,1.3947,77.43,6.3833,88.1162,34.32,,316.78,,,,,,,
2011-09-09,115.1,87.24,,,,,,1.583,,,1.93,0.17,1.92,1.76,,,1.3666,77.31,6.388,88.9514,38.52,0.9056,277.01,,,,,,,
2011-09-10,,,,,,,,,,,,,,,,,,,,,,,192.66,,,,,,,
2011-09-11,,,,,,,,,,,,,,,,,,,,,,,160.25,,,,,,,
2011-09-12,114.75,88.19,,,,,,1.584,,,1.94,0.21,1.93,1.73,,,1.3635,77.15,6.3877,89.2192,38.59,,157.25,,,,,,,
2011-09-13,114.08,90.21,,,,,,1.598,,,2.0,0.21,1.99,1.79,,,1.368,76.88,6.397,89.2653,36.91,,315.92,,,,,,,
2011-09-14,113.1,88.91,,,,,,1.609,,,2.03,0.19,2.02,1.84,,,1.371,76.71,6.391,89.419,34.6,,271.84,,,,,,,
2011-09-15,116.71,89.4,,,,,,1.625,,,2.09,0.21,2.08,1.88,,,1.3858,76.7,6.3904,89.0647,31.97,,224.41,,,,,,,
2011-09-16,116.26,87.96,,,,,,1.613,,,2.08,0.18,2.07,1.9,,,1.3783,76.89,6.3833,89.1108,30.98,0.7713,237.76,,,,,,,
2011-09-17,,,,,,,,,,,,,,,,,,,,,,,136.73,,,,,,,
2011-09-18,,,,,,,,,,,,,,,,,,,,,,,268.06,,,,,,,
2011-09-19,112.89,85.7,,,,,,1.565,,,1.97,0.16,1.96,1.81,,,1.3636,76.48,6.3864,89.9336,32.73,,247.22,,,,,,,
2011-09-20,114.39,86.92,,,,,,1.566,,,1.95,0.18,1.94,1.77,,,1.3697,76.52,6.3837,89.8777,32.86,,216.69,,,,,,,
2011-09-21,114.26,85.77,,,,,,1.54,,,1.88,0.21,1.87,1.67,,,1.3724,76.38,6.3811,90.3453,37.32,,189.98,,,,,,,
2011-09-22,109.21,80.29,,,,,,1.498,,,1.72,0.2,1.72,1.52,,,1.3446,76.31,6.3879,92.075,41.35,,112.34,,,,,,,
2011-09-23,109.17,79.58,,,,,,1.498,,,1.84,0.23,1.83,1.61,,,1.3518,76.3,6.3877,91.6904,41.25,1.1021,112.93,,,,,,,
2011-09-24,,,,,,,,,,,,,,,,,,,,,,,108.74,,,,,,,
2011-09-25,,,,,,,,,,,,,,,,,,,,,,,228.42,,,,,,,
2011-09-26,107.9,79.97,,,,,,1.5,,,1.91,0.25,1.89,1.66,,,1.3516,76.35,6.3975,91.7724,39.02,,273.93,,,,,,,
2011-09-27,109.54,84.18,,,,,,1.544,,,2.0,0.25,1.99,1.75,,,1.3606,76.6,6.3975,90.8985,37.71,,207.28,,,,,,,
2011-09-28,108.52,80.94,,,,,,1.52,,,2.03,0.27,2.01,1.76,,,1.3628,76.51,6.3933,91.0227,41.08,,148.13,,,,,,,
2011-09-29,107.08,81.87,,,,,,1.522,,,1.99,0.27,1.97,1.72,,,1.3639,76.68,6.3964,91.3033,38.84,,100.61,,,,,,,
2011-09-30,105.42,78.93,,,,,,1.51,,,1.92,0.25,1.9,1.67,,,1.3449,77.04,6.378,91.9998,42.96,1.1442,106.29,,,,,,,
2011-10-01,,,17.6,7394.190476190476,2180.647619047619,19039.04761904762,52.3375,,290.0,265.2,,,,,,,,,,,,,99.06,166.33759690386063,95.8568,97.9941,132553.0,226.743,91.614,2238040990920.6
2011-10-02,,,,,,,,,,,,,,,,,,,,,,,165.91,,,,,,,
2011-10-03,103.61,77.34,,,,,,1.476,,,1.8,0.24,1.78,1.56,,,1.3281,76.66,6.3745,92.5128,45.45,,171.61,,,,,,,
2011-10-04,101.84,75.4,,,,,,1.45,,,1.81,0.25,1.8,1.56,,,1.3294,76.86,6.3745,92.9508,40.82,,183.46,,,,,,,
2011-10-05,103.77,79.41,,,,,,1.455,,,1.92,0.25,1.92,1.67,,,1.3328,76.86,6.3745,92.3008,37.81,,143.93,,,,,,,
2011-10-06,104.38,82.32,,,,,,1.454,,,2.01,0.29,2.0,1.72,,,1.3408,76.64,6.378,91.9661,36.27,,67.52,,,,,,,
2011-10-07,106.56,82.7,,,,,,1.438,,,2.1,0.3,2.09,1.8,,,1.3512,76.77,6.3745,91.2469,36.2,1.3787,141.09,,,,,,,
2011-10-08,,,,,,,,,,,,,,,,,,,,,,,150.56,,,,,,,
2011-10-09,,,,,,,,,,,,,,,,,,,,,,,158.26,,,,,,,
2011-10-10,109.49,85.14,,,,,,1.438,,,,,,,,,,,,,33.02,,136.1,,,,,,,
2011-10-11,109.22,85.54,,,,,,1.461,,,2.18,0.32,2.16,1.86,,,1.3657,76.66,6.3745,90.9162,32.86,,170.18,,,,,,,
2011-10-12,112.44,85.3,,,,,,1.471,,,2.24,0.29,2.22,1.95,,,1.3805,77.3,6.358,90.3378,31.26,,95.29,,,,,,,
2011-10-13,112.45,83.96,,,,,,1.504,,,2.19,0.29,2.17,1.9,,,1.373,76.88,6.382,90.6603,30.7,,144.0,,,,,,,
2011-10-14,114.33,86.8,,,,,,1.535,,,2.26,0.28,2.24,1.98,,,1.3861,77.36,6.378,90.2116,28.24,0.4718,393.25,,,,,,,
2011-10-15,,,,,,,,,,,,,,,,,,,,,,,94.38,,,,,,,
2011-10-16,,,,,,,,,,,,,,,,,,,,,,,168.41,,,,,,,
2011-10-17,112.92,86.38,,,,,,1.5,,,2.18,0.28,2.14,1.9,,,1.377,76.8,6.3695,90.266,33.39,,88.96,,,,,,,
2011-10-18,112.08,88.34,,,,,,1.5,,,2.19,0.28,2.15,1.91,,,1.3719,76.75,6.3804,90.5907,31.56,,110.32,,,,,,,
2011-10-19,111.76,86.11,,,,,,1.445,,,2.18,0.28,2.15,1.9,,,1.3775,76.79,6.3769,90.3317,34.44,,104.7,,,,,,,
2011-10-20,109.0,86.07,,,,,,1.465,,,2.2,0.28,2.17,1.92,,,1.3672,76.91,6.3825,91.1026,34.78,,153.42,,,,,,,
2011-10-21,111.6,87.19,,,,,,1.48,,,2.23,0.3,2.21,1.93,,,1.3873,76.1,6.3823,90.279,31.32,0.6668,106.79,,,,,,,
2011-10-22,,,,,,,,,,,,,,,,,,,,,,,144.36,,,,,,,
2011-10-23,,,,,,,,,,,,,,,,,,,,,,,121.69,,,,,,,
2011-10-24,111.67,91.12,,,,,,1.484,,,2.25,0.3,2.23,1.95,,,1.3932,76.1,6.3744,89.8558,29.26,,99.31,,,,,,,
2011-10-25,112.11,92.98,,,,,,1.465,,,2.14,0.26,2.13,1.88,,,1.3911,75.88,6.3605,89.9525,32.22,,127.73,,,,,,,
2011-10-26,110.43,90.2,,,,,,1.465,,,2.23,0.28,2.21,1.95,,,1.3838,76.05,6.3534,90.0836,29.86,,128.2,,,,,,,
2011-10-27,112.45,93.96,,,,,,1.484,,,2.42,0.31,2.4,2.11,,,1.4172,75.8,6.359,88.7882,25.46,,73.65,,,,,,,
2011-10-28,110.01,93.32,,,,,,1.478,,,2.34,0.28,2.33,2.06,,,1.4164,75.72,6.357,88.6382,24.53,0.3084,123.53,,,,,,,
2011-10-29,,,,,,,,,,,,,,,,,,,,,,,58.87,,,,,,,
2011-10-30,,,,,,,,,,,,,,,,,,,,,,,115.53,,,,,,,
2011-10-31,108.43,93.19,,,,,,1.473,,,2.17,0.25,2.16,1.92,,,1.3947,77.97,6.3547,89.2053,29.96,,106.27,,,,,,,
2011-11-01,106.97,92.19,17.89,7581.022727272727,2079.981818181818,17873.0,53.19444444444444,1.45,281.7,302.6,2.01,0.23,2.0,1.78,,,1.3676,78.28,6.3547,90.7296,34.77,,85.57,191.7761114204524,95.8485,96.2055,132690.0,226.859,91.808,
2011-11-02,110.82,92.51,,,,,,1.448,,,2.03,0.23,2.02,1.8,,,1.3803,78.04,6.355,90.244,32.74,,82.6,,,,,,,
2011-11-03,110.76,94.07,,,,,,1.438,,,2.09,0.24,2.08,1.85,,,1.3744,77.96,6.3513,90.2961,30.5,,74.38,,,,,,,
2011-11-04,112.22,94.26,,,,,,1.44,,,2.06,0.22,2.05,1.84,,,1.3761,78.17,6.34,90.3154,30.16,0.8571,101.41,,,,,,,
2011-11-05,,,,,,,,,,,,,,,,,,,,,,,159.9,,,,,,,
2011-11-06,,,,,,,,,,,,,,,,,,,,,,,123.34,,,,,,,
2011-11-07,114.75,95.52,,,,,,1.448,,,2.04,0.25,2.03,1.79,,,1.3744,78.06,6.3481,90.3832,29.85,,65.81,,,,,,,
2011-11-08,115.61,96.8,,,,,,1.458,,,2.1,0.25,2.09,1.85,,,1.3785,77.79,6.3462,90.172,27.48,,102.3,,,,,,,
2011-11-09,115.29,95.74,,,,,,1.46,,,2.0,0.24,1.99,1.76,,,1.3596,77.77,6.3401,90.6991,36.16,,98.42,,,,,,,
2011-11-10,113.32,97.78,,,,,,1.484,,,2.04,0.24,2.03,1.8,,,1.36,77.58,6.3454,90.8588,32.81,,146.92,,,,,,,
2011-11-11,114.43,98.99,,,,,,1.499,,,,,,,,,,,,,30.04,0.7834,191.23,,,,,,,
2011-11-12,,,,,,,,,,,,,,,,,,,,,,,222.04,,,,,,,
2011-11-13,,,,,,,,,,,,,,,,,,,,,,,141.87,,,,,,,
2011-11-14,112.57,98.14,,,,,,1.465,,,2.04,0.24,2.03,1.8,,,1.3625,77.02,6.3536,90.7215,31.13,,186.38,,,,,,,
2011-11-15,111.9,99.37,,,,,,1.476,,,2.06,0.26,2.05,1.8,,,1.3524,76.99,6.3464,91.1081,31.22,,116.71,,,,,,,
2011-11-16,111.91,102.59,,,,,,1.479,,,2.01,0.26,2.0,1.75,,,1.3505,77.02,6.3445,91.1237,33.51,,161.74,,,,,,,
2011-11-17,109.25,98.82,,,,,,1.46,,,1.96,0.27,1.94,1.69,,,1.3522,76.98,6.3505,91.1822,34.51,,113.76,,,,,,,
2011-11-18,107.82,97.67,,,,,,1.46,,,2.01,0.29,2.0,1.72,,,1.3521,76.93,6.3565,91.3676,32.0,1.0264,100.23,,,,,,,
2011-11-19,,,,,,,,,,,,,,,,,,,,,,,101.25,,,,,,,
2011-11-20,,,,,,,,,,,,,,,,,,,,,,,199.89,,,,,,,
2011-11-21,105.98,96.73,,,,,,1.445,,,1.97,0.27,1.95,1.7,,,1.3525,76.97,6.3603,91.9978,32.91,,175.43,,,,,,,
2011-11-22,107.77,97.76,,,,,,1.449,,,1.94,0.26,1.92,1.68,,,1.35,77.07,6.3605,92.0193,31.97,,230.78,,,,,,,
2011-11-23,106.83,96.16,,,,,,1.453,,,1.89,0.26,1.87,1.63,,,1.3347,77.41,6.3576,92.7463,33.98,,176.33,,,,,,,
2011-11-24,,,,,,,,,,,,,,,,,,,,,,,87.27,,,,,,,
2011-11-25,106.08,96.91,,,,,,1.453,,,1.97,0.28,1.95,1.69,,,1.3244,77.66,6.3802,93.1455,34.47,1.2361,165.18,,,,,,,
2011-11-26,,,,,,,,,,,,,,,,,,,,,,,123.34,,,,,,,
2011-11-27,,,,,,,,,,,,,,,,,,,,,,,165.74,,,,,,,
2011-11-28,109.38,98.21,,,,,,1.448,,,1.97,0.26,1.94,1.71,,,1.3334,78.05,6.3839,92.4983,32.13,,120.85,,,,,,,
2011-11-29,111.25,99.79,,,,,,1.455,,,2.0,0.27,1.98,1.73,,,1.3343,77.86,6.3769,92.2163,30.64,,100.85,,,,,,,
2011-11-30,111.22,100.36,,,,,,1.448,,,2.08,0.25,2.07,1.83,,,1.3453,77.58,6.3765,91.4728,27.8,,90.16,,,,,,,
2011-12-01,108.83,100.2,18.05,7558.875,2024.375,18246.0375,52.17857142857143,1.45,272.5,283.5,2.11,0.27,2.1,1.84,,,1.3487,77.6,6.3655,91.227,27.41,,115.59,178.07909760261643,96.3571,95.7044,132888.0,226.74,91.96,
2011-12-02,109.59,100.97,,,,,,1.441,,,2.05,0.25,2.03,1.8,,,1.3386,77.88,6.3596,91.3532,27.52,0.6815,184.64,,,,,,,
2011-12-03,,,,,,,,,,,,,,,,,,,,,,,134.05,,,,,,,
2011-12-04,,,,,,,,,,,,,,,,,,,,,,,270.31,,,,,,,
2011-12-05,110.18,100.94,,,,,,1.431,,,2.04,0.27,2.03,1.77,,,1.3463,77.77,6.3629,91.1087,27.84,,180.69,,,,,,,
2011-12-06,110.16,101.25,,,,,,1.448,,,2.08,0.25,2.07,1.83,,,1.3397,77.73,6.3645,91.2817,28.13,,101.98,,,,,,,
2011-12-07,110.07,100.45,,,,,,1.444,,,2.02,0.24,2.0,1.78,,,1.3386,77.69,6.3642,91.2331,28.67,,168.73,,,,,,,
2011-12-08,108.23,98.35,,,,,,1.44,,,1.99,0.22,1.98,1.77,,,1.3324,77.67,6.3618,91.668,30.59,,89.75,,,,,,,
2011-12-09,107.91,99.4,,,,,,1.438,,,2.07,0.22,2.06,1.85,,,1.3368,77.58,6.3641,91.6122,26.38,0.6285,176.26,,,,,,,
2011-12-10,,,,,,,,,,,,,,,,,,,,,,,197.01,,,,,,,
2011-12-11,,,,,,,,,,,,,,,,,,,,,,,355.02,,,,,,,
2011-12-12,107.82,97.77,,,,,,1.415,,,2.03,0.24,2.02,1.79,,,1.3188,77.87,6.3604,92.3375,25.67,,270.45,,,,,,,
2011-12-13,109.25,100.24,,,,,,1.406,,,1.96,0.24,1.95,1.72,,,1.3094,77.86,6.3648,92.5456,25.41,,198.44,,,,,,,
2011-12-14,105.72,94.92,,,,,,1.364,,,1.92,0.25,1.91,1.67,,,1.2972,78.08,6.371,93.2176,26.04,,167.64,,,,,,,
2011-12-15,104.52,93.84,,,,,,1.34,,,1.92,0.26,1.92,1.66,,,1.3013,77.87,6.3733,92.8858,25.11,,106.34,,,,,,,
2011-12-16,104.0,93.55,,,,,,1.339,,,1.86,0.24,1.86,1.62,,,1.3025,77.65,6.3479,92.8252,24.29,0.8956,164.61,,,,,,,
2011-12-17,,,,,,,,,,,,,,,,,,,,,,,97.99,,,,,,,
2011-12-18,,,,,,,,,,,,,,,,,,,,,,,186.08,,,,,,,
2011-12-19,104.55,93.86,,,,,,1.323,,,1.82,0.24,1.81,1.58,,,1.3017,77.96,6.3376,92.8685,24.92,,235.34,,,,,,,
2011-12-20,107.8,97.16,,,,,,1.34,,,1.94,0.26,1.93,1.68,,,1.3076,77.76,6.3459,92.432,23.22,,203.98,,,,,,,
2011-12-21,108.0,98.54,,,,,,1.35,,,1.98,0.28,1.97,1.7,,,1.304,78.0,6.3386,92.5262,21.43,,180.75,,,,,,,
2011-12-22,108.98,99.42,,,,,,1.361,,,1.97,0.28,1.96,1.69,,,1.3045,78.13,6.3392,92.3883,21.16,,137.25,,,,,,,
2011-12-23,109.28,99.72,,,,,,1.366,,,2.03,0.28,2.02,1.75,,,1.304,78.13,6.3364,92.3897,20.73,0.6476,204.63,,,,,,,
2011-12-24,,,,,,,,,,,,,,,,,,,,,,,235.44,,,,,,,
2011-12-25,,,,,,,,,,,,,,,,,,,,,,,288.84,,,,,,,
2011-12-26,,,,,,,,,,,,,,,,,,,,,,,255.97,,,,,,,
2011-12-27,,101.29,,,,,,1.4,,,2.02,0.3,2.0,1.72,,,1.3074,77.83,6.321,92.4137,21.91,,219.79,,,,,,,
2011-12-28,107.54,99.44,,,,,,1.402,,,1.93,0.28,1.92,1.65,,,1.2926,77.98,6.3211,92.8374,23.52,,133.43,,,,,,,
2011-12-29,106.89,99.68,,,,,,1.402,,,1.91,0.28,1.89,1.63,,,1.2952,77.71,6.3187,92.7398,22.65,,170.36,,,,,,,
2011-12-30,108.09,98.83,,,,,,1.395,,,1.89,0.25,1.87,1.64,,,1.2973,76.98,6.2939,92.4262,23.4,0.6526,140.77,,,,,,,
2011-12-31,,,,,,,,,,,,,,,,,,,,,,,193.99,,,,,,,
2012-01-01,,,17.46,8061.916666666667,2151.333333333333,19908.61904761905,52.3125,,281.8,291.7,,,,,,,,,,,,,419.03,154.60602395879906,96.9318,95.9211,133246.0,227.237,92.235,2232920939640.6
2012-01-02,,,,,,,,,,,,,,,,,,,,,,,217.29,,,,,,,
2012-01-03,111.12,102.96,,,,,,1.401,,,1.97,0.27,1.95,1.7,,,1.3061,76.67,6.294,91.7551,22.97,,200.32,,,,,,,
2012-01-04,113.37,103.22,,,,,,1.376,,,2.0,0.25,1.98,1.75,,,1.293,76.68,6.2941,92.0345,22.22,,159.76,,,,,,,
2012-01-05,113.59,101.81,,,,,,1.348,,,2.02,0.27,2.0,1.75,,,1.2783,77.18,6.3013,92.5773,21.48,,92.24,,,,,,,
2012-01-06,111.96,101.56,,,,,,1.324,,,1.98,0.25,1.96,1.73,,,1.2723,77.06,6.3088,92.7183,20.63,0.5356,134.12,,,,,,,
2012-01-07,,,,,,,,,,,,,,,,,,,,,,,108.81,,,,,,,
2012-01-08,,,,,,,,,,,,,,,,,,,,,,,218.93,,,,,,,
2012-01-09,111.07,101.31,,,,,,1.304,,,1.98,0.26,1.97,1.72,,,1.2745,76.88,6.3143,92.7418,21.07,,126.95,,,,,,,
2012-01-10,113.3,102.24,,,,,,1.256,,,2.0,0.24,1.98,1.76,,,1.2782,76.84,6.3141,92.2461,20.69,,84.34,,,,,,,
2012-01-11,111.66,100.89,,,,,,1.226,,,1.93,0.24,1.91,1.69,,,1.2686,76.9,6.3149,92.554,21.05,,168.32,,,,,,,
2012-01-12,112.97,99.03,,,,,,1.24,,,1.94,0.22,1.91,1.72,,,1.2818,76.76,6.3177,92.2274,20.47,,111.69,,,,,,,
2012-01-13,109.88,98.69,,,,,,1.285,,,1.89,0.24,1.86,1.65,,,1.2682,76.9,6.3065,92.5385,20.91,0.5625,162.32,,,,,,,
2012-01-14,,,,,,,,,,,,,,,,,,,,,,,55.13,,,,,,,
2012-01-15,,,,,,,,,,,,,,,,,,,,,,,175.45,,,,,,,
2012-01-16,,,,,,,,,,,,,,,,,,,,,,,128.39,,,,,,,
2012-01-17,110.55,100.7,,,,,,1.293,,,1.87,0.21,1.84,1.66,,,1.274,76.8,6.3136,92.0142,22.2,,147.06,,,,,,,
2012-01-18,109.81,100.61,,,,,,1.294,,,1.92,0.24,1.89,1.68,,,1.2825,76.81,6.3109,91.6943,20.89,,103.11,,,,,,,
2012-01-19,109.54,100.32,,,,,,1.274,,,2.01,0.26,1.96,1.75,,,1.2937,77.23,6.3162,91.3316,19.87,,185.3,,,,,,,
2012-01-20,108.5,98.15,,,,,,1.285,,,2.05,0.26,2.0,1.79,,,1.2948,76.97,6.333,91.3661,18.28,0.4263,118.88,,,,,,,
2012-01-21,,,,,,,,,,,,,,,,,,,,,,,183.79,,,,,,,
2012-01-22,,,,,,,,,,,,,,,,,,,,,,,233.12,,,,,,,
2012-01-23,109.46,99.47,,,,,,1.274,,,2.09,0.26,2.05,1.83,,,1.3035,76.92,6.333,90.986,18.67,,158.58,,,,,,,
2012-01-24,108.38,98.84,,,,,,1.264,,,2.08,0.24,2.04,1.84,,,1.3004,77.78,6.333,91.181,18.91,,163.32,,,,,,,
2012-01-25,108.48,99.23,,,,,,1.273,,,2.01,0.22,1.97,1.79,,,1.2978,78.13,6.333,91.277,18.31,,284.94,,,,,,,
2012-01-26,109.08,99.76,,,,,,1.29,,,1.96,0.22,1.91,1.74,,,1.3152,77.47,6.333,90.3962,18.57,,124.86,,,,,,,
2012-01-27,110.5,99.47,,,,,,1.294,,,1.93,0.22,1.87,1.71,,,1.3192,76.68,6.333,90.2559,18.53,0.3175,94.26,,,,,,,
2012-01-28,,,,,,,,,,,,,,,,,,,,,,,71.47,,,,,,,
2012-01-29,,,,,,,,,,,,,,,,,,,,,,,191.71,,,,,,,
2012-01-30,110.24,98.75,,,,,,1.298,,,1.87,0.22,1.82,1.65,,,1.3123,76.28,6.331,90.4762,19.4,,125.16,,,,,,,
2012-01-31,110.26,98.46,,,,,,1.286,,,1.83,0.22,1.77,1.61,,,1.3053,76.34,6.308,90.5538,19.44,,92.52,,,,,,,
2012-02-01,111.96,97.63,16.71,8441.488095238095,2207.916666666667,20393.66666666667,52.05555555555556,1.275,296.6,295.3,1.87,0.23,1.81,1.64,,,1.3179,76.11,6.3076,90.0963,18.55,,123.13,141.12412244454075,97.2435,97.4739,133509.0,227.865,92.364,
2012-02-02,110.96,96.36,,,,,,1.256,,,1.86,0.23,1.78,1.63,,,1.3167,76.13,6.3017,89.8765,17.98,,103.72,,,,,,,
2012-02-03,112.56,97.8,,,,,,1.255,,,1.97,0.23,1.89,1.74,,,1.3106,76.54,6.3027,89.8491,17.1,0.286,145.63,,,,,,,
2012-02-04,,,,,,,,,,,,,,,,,,,,,,,89.01,,,,,,,
2012-02-05,,,,,,,,,,,,,,,,,,,,,,,138.03,,,,,,,
2012-02-06,115.47,96.89,,,,,,1.246,,,1.93,0.24,1.85,1.69,,,1.313,76.54,6.312,89.7907,17.76,,153.87,,,,,,,
2012-02-07,116.86,98.55,,,,,,1.24,,,2.0,0.25,1.92,1.75,,,1.3244,76.88,6.3046,89.5968,17.65,,103.69,,,,,,,
2012-02-08,117.18,98.8,,,,,,1.236,,,2.01,0.27,1.92,1.74,,,1.3253,76.9,6.2938,89.6555,18.16,,106.66,,,,,,,
2012-02-09,118.4,99.88,,,,,,1.229,,,2.04,0.27,1.95,1.77,,,1.3297,77.42,6.2947,89.6246,18.63,,93.89,,,,,,,
2012-02-10,118.13,98.68,,,,,,1.195,,,1.96,0.27,1.87,1.69,,,1.3187,77.57,6.2991,90.1024,20.79,0.0907,168.02,,,,,,,
2012-02-11,,,,,,,,,,,,,,,,,,,,,,,76.07,,,,,,,
2012-02-12,,,,,,,,,,,,,,,,,,,,,,,133.04,,,,,,,
2012-02-13,118.73,100.39,,,,,,1.19,,,1.99,0.29,1.88,1.7,,,1.3211,77.52,6.2972,89.8895,19.04,,91.89,,,,,,,
2012-02-14,118.3,100.82,,,,,,1.188,,,1.92,0.29,1.8,1.63,,,1.3149,78.39,6.2995,90.1919,19.54,,122.49,,,,,,,
2012-02-15,120.25,101.82,,,,,,1.178,,,1.93,0.29,1.82,1.64,,,1.3087,78.22,6.2998,90.1932,21.14,,65.95,,,,,,,
2012-02-16,121.0,102.33,,,,,,1.168,,,1.99,0.29,1.89,1.7,,,1.311,78.77,6.3014,90.3109,19.22,,128.4,,,,,,,
2012-02-17,120.69,103.27,,,,,,1.176,,,2.01,0.29,1.92,1.72,,,1.3149,79.33,6.2985,90.23,17.78,0.1961,180.16,,,,,,,
2012-02-18,,,,,,,,,,,,,,,,,,,,,,,92.34,,,,,,,
2012-02-19,,,,,,,,,,,,,,,,,,,,,,,155.64,,,,,,,
2012-02-20,,,,,,,,,,,,,,,,,,,,,,,128.48,,,,,,,
2012-02-21,120.85,105.88,,,,,,1.193,,,2.05,0.31,1.97,1.74,,,1.3255,79.73,6.296,90.0117,18.19,,109.8,,,,,,,
2012-02-22,123.07,105.99,,,,,,1.209,,,2.01,0.29,1.92,1.72,,,1.3251,80.3,6.296,90.2472,18.19,,119.14,,,,,,,
2012-02-23,124.53,107.44,,,,,,1.229,,,1.99,0.31,1.9,1.68,,,1.3308,80.21,6.298,90.1108,16.8,,58.2,,,,,,,
2012-02-24,124.89,109.39,,,,,,1.248,,,1.98,0.31,1.88,1.67,,,1.3463,80.88,6.2976,89.9104,17.31,0.0611,66.25,,,,,,,
2012-02-25,,,,,,,,,,,,,,,,,,,,,,,133.22,,,,,,,
2012-02-26,,,,,,,,,,,,,,,,,,,,,,,168.38,,,,,,,
2012-02-27,126.46,108.49,,,,,,1.238,,,1.92,0.3,1.8,1.62,,,1.341,80.42,6.3012,89.9635,18.19,,87.58,,,,,,,
2012-02-28,124.02,106.59,,,,,,1.23,,,1.94,0.3,1.84,1.64,,,1.3452,80.44,6.2989,89.8103,17.96,,73.57,,,,,,,
2012-02-29,122.23,107.08,,,,,,1.226,,,1.98,0.3,1.9,1.68,,,1.3359,81.1,6.2935,89.7487,18.43,,51.9,,,,,,,
2012-03-01,125.76,108.76,18.42,8470.784090909092,2184.159090909091,18660.80681818182,51.28888888888889,1.235,318.2,305.4,2.03,0.3,1.95,1.73,,,1.332,81.16,6.3001,89.7817,17.26,,91.38,132.41014631139356,96.74,98.9139,133748.0,228.735,92.521,
2012-03-02,125.93,106.68,,,,,,1.221,,,1.99,0.28,1.92,1.71,,,1.3202,81.56,6.2982,90.135,17.29,0.0408,66.24,,,,,,,
2012-03-03,,,,,,,,,,,,,,,,,,,,,,,76.54,,,,,,,
2012-03-04,,,,,,,,,,,,,,,,,,,,,,,93.62,,,,,,,
2012-03-05,126.68,106.7,,,,,,1.221,,,2.0,0.31,1.92,1.69,,,1.3226,81.43,6.3066,90.2748,18.05,,74.99,,,,,,,
2012-03-06,125.03,104.71,,,,,,1.228,,,1.96,0.3,1.88,1.66,,,1.3114,80.86,6.3082,90.8237,20.87,,73.46,,,,,,,
2012-03-07,125.37,106.16,,,,,,1.256,,,1.98,0.3,1.9,1.68,,,1.3149,81.06,6.3097,90.6837,19.07,,90.74,,,,,,,
2012-03-08,127.96,106.65,,,,,,1.31,,,2.03,0.32,1.95,1.71,,,1.3256,81.5,6.3159,90.2598,17.95,,54.01,,,,,,,
2012-03-09,128.08,107.4,,,,,,1.328,,,2.04,0.33,1.95,1.71,,,1.3108,82.59,6.3109,90.4341,17.11,0.1637,76.37,,,,,,,
2012-03-10,,,,,,,,,,,,,,,,,,,,,,,77.02,,,,,,,
2012-03-11,,,,,,,,,,,,,,,,,,,,,,,134.93,,,,,,,
2012-03-12,127.27,106.34,,,,,,1.282,,,2.04,0.33,1.95,1.71,,,1.3141,82.21,6.3258,90.6643,15.64,,130.28,,,,,,,
2012-03-13,128.14,106.7,,,,,,1.259,,,2.14,0.35,2.06,1.79,,,1.3109,82.66,6.3266,90.5363,14.8,,59.01,,,,,,,
2012-03-14,126.98,105.49,,,,,,1.254,,,2.29,0.4,2.2,1.89,,,1.3025,83.78,6.3315,90.9325,15.31,,101.42,,,,,,,
2012-03-15,123.63,105.19,,,,,,1.241,,,2.29,0.37,2.21,1.92,,,1.307,83.28,6.3282,90.7866,15.42,,83.56,,,,,,,
2012-03-16,125.09,107.03,,,,,,1.265,,,2.31,0.37,2.22,1.94,,,1.3171,83.34,6.3222,90.5245,14.47,-0.2055,106.65,,,,,,,
2012-03-17,,,,,,,,,,,,,,,,,,,,,,,92.84,,,,,,,
2012-03-18,,,,,,,,,,,,,,,,,,,,,,,99.13,,,,,,,
2012-03-19,125.76,108.09,,,,,,1.271,,,2.39,0.39,2.29,2.0,,,1.3242,83.31,6.3191,90.292,15.04,,105.58,,,,,,,
2012-03-20,124.38,105.68,,,,,,1.256,,,2.38,0.41,2.28,1.97,,,1.3222,83.62,6.3203,90.6065,15.58,,63.51,,,,,,,
2012-03-21,123.89,106.87,,,,,,1.268,,,2.31,0.39,2.22,1.92,,,1.319,83.62,6.3226,90.6761,15.13,,66.71,,,,,,,
2012-03-22,122.49,104.98,,,,,,1.271,,,2.29,0.37,2.21,1.92,,,1.3194,82.5,6.299,90.8225,15.57,,75.81,,,,,,,
2012-03-23,125.21,106.43,,,,,,1.284,,,2.25,0.37,2.17,1.88,,,1.3263,82.35,6.3021,90.6156,14.82,-0.0819,74.64,,,,,,,
2012-03-24,,,,,,,,,,,,,,,,,,,,,,,98.86,,,,,,,
2012-03-25,,,,,,,,,,,,,,,,,,,,,,,116.13,,,,,,,
2012-03-26,125.85,107.07,,,,,,1.279,,,2.26,0.36,2.17,1.9,,,1.3328,82.84,6.3139,90.3266,14.26,,135.98,,,,,,,
2012-03-27,125.25,107.32,,,,,,1.283,,,2.2,0.33,2.11,1.87,,,1.3336,83.15,6.3061,90.2796,15.59,,84.91,,,,,,,
2012-03-28,124.41,105.4,,,,,,1.265,,,2.21,0.34,2.12,1.87,,,1.33,82.74,6.3044,90.603,15.47,,80.81,,,,,,,
2012-03-29,123.23,102.79,,,,,,1.235,,,2.18,0.33,2.11,1.85,,,1.3265,82.28,6.3057,90.7285,15.48,,99.07,,,,,,,
2012-03-30,123.41,103.03,,,,,,1.239,,,2.23,0.33,2.16,1.9,,,1.3334,82.41,6.2975,90.4593,15.5,0.0162,131.3,,,,,,,
2012-03-31,,,,,,,,,,,,,,,,,,,,,,,82.22,,,,,,,
2012-04-01,,,19.57,8285.526315789473,2048.505263157895,17892.81578947368,51.3,,327.2,297.8,,,,,,,,,,,,,140.79,129.83842375850958,97.4359,98.2522,133825.0,229.303,92.661,2227090706555.0
2012-04-02,124.44,105.25,,,,,,1.228,,,2.22,0.33,2.14,1.89,,,1.3325,82.16,6.2979,90.247,15.64,,71.2,,,,,,,
2012-04-03,,104.02,,,,,,1.213,,,2.3,0.36,2.22,1.94,,,1.3337,82.18,6.2975,90.1921,15.66,,117.31,,,,,,,
2012-04-04,123.04,101.53,,,,,,1.194,,,2.25,0.35,2.17,1.9,,,1.3126,82.62,6.2975,90.8284,16.44,,78.88,,,,,,,
2012-04-05,123.58,103.29,,,,,,1.209,,,2.19,0.35,2.11,1.84,,,1.3064,82.33,6.3123,90.8781,16.7,,58.01,,,,,,,
2012-04-06,,,,,,,,,,,2.07,0.32,2.0,1.75,,,1.3089,81.56,6.3052,90.9375,,0.0623,73.89,,,,,,,
2012-04-07,,,,,,,,,,,,,,,,,,,,,,,129.18,,,,,,,
2012-04-08,,,,,,,,,,,,,,,,,,,,,,,111.03,,,,,,,
2012-04-09,,102.45,,,,,,1.191,,,2.06,0.32,1.97,1.74,,,1.3087,81.36,6.31,90.9624,18.81,,87.04,,,,,,,
2012-04-10,121.89,101.12,,,,,,1.188,,,2.01,0.28,1.92,1.73,,,1.3068,80.94,6.3105,91.2728,20.39,,78.05,,,,,,,
2012-04-11,120.41,102.66,,,,,,1.205,,,2.05,0.3,1.96,1.75,,,1.3104,80.88,6.3076,91.1768,20.02,,167.23,,,,,,,
2012-04-12,120.57,103.69,,,,,,1.208,,,2.08,0.29,1.99,1.79,,,1.3171,80.87,6.3069,90.7694,17.2,,43.06,,,,,,,
2012-04-13,120.62,102.84,,,,,,1.209,,,2.02,0.27,1.93,1.75,,,1.3082,80.99,6.3022,91.0558,19.55,0.2767,63.72,,,,,,,
2012-04-14,,,,,,,,,,,,,,,,,,,,,,,52.98,,,,,,,
2012-04-15,,,,,,,,,,,,,,,,,,,,,,,124.56,,,,,,,
2012-04-16,118.23,102.92,,,,,,1.211,,,2.0,0.27,1.92,1.73,,,1.3067,80.46,6.315,91.2355,19.55,,78.95,,,,,,,
2012-04-17,117.41,104.23,,,,,,1.215,,,2.03,0.27,1.95,1.76,,,1.3123,80.72,6.3015,90.7661,18.46,,82.11,,,,,,,
2012-04-18,115.18,102.65,,,,,,1.199,,,2.0,0.27,1.93,1.73,,,1.3122,81.29,6.3026,90.9326,18.64,,90.56,,,,,,,
2012-04-19,117.0,102.38,,,,,,1.19,,,1.98,0.27,1.91,1.71,,,1.3132,81.57,6.3029,91.0833,18.36,,89.96,,,,,,,
2012-04-20,118.08,103.58,,,,,,1.193,,,1.99,0.29,1.91,1.7,,,1.3212,81.6,6.308,90.8066,17.44,0.0321,35.44,,,,,,,
2012-04-21,,,,,,,,,,,,,,,,,,,,,,,48.26,,,,,,,
2012-04-22,,,,,,,,,,,,,,,,,,,,,,,104.53,,,,,,,
2012-04-23,116.66,102.68,,,,,,1.188,,,1.96,0.27,1.88,1.69,,,1.3129,81.16,6.3084,91.079,18.97,,61.67,,,,,,,
2012-04-24,117.74,103.1,,,,,,1.189,,,2.0,0.27,1.91,1.73,,,1.3207,81.21,6.3073,90.8153,18.1,,199.47,,,,,,,
2012-04-25,117.45,103.72,,,,,,1.18,,,2.01,0.26,1.92,1.75,,,1.321,81.33,6.3039,90.756,16.82,,87.5,,,,,,,
2012-04-26,119.33,104.56,,,,,,1.181,,,1.98,0.26,1.89,1.72,,,1.3232,80.78,6.3054,90.6428,16.24,,89.07,,,,,,,
2012-04-27,119.3,104.86,,,,,,1.169,,,1.96,0.26,1.87,1.7,,,1.3248,80.48,6.3093,90.3269,16.32,-0.0107,177.79,,,,,,,
2012-04-28,,,,,,,,,,,,,,,,,,,,,,,83.24,,,,,,,
2012-04-29,,,,,,,,,,,,,,,,,,,,,,,111.33,,,,,,,
2012-04-30,118.66,104.89,,,,,,1.155,,,1.95,0.27,1.85,1.68,,,1.3229,79.81,6.279,90.3634,17.15,,111.81,,,,,,,
2012-05-01,119.57,106.17,18.33,7896.909090909091,2002.522727272727,16968.31818181818,51.88888888888889,1.125,312.6,273.0,1.98,0.27,1.89,1.71,,,1.3226,80.17,6.3089,90.3227,16.6,,91.67,159.69718380001015,97.6609,98.5097,133932.0,229.602,92.755,
2012-05-02,117.57,105.25,,,,,,1.089,,,1.96,0.27,1.88,1.69,,,1.3154,80.19,6.307,90.6144,16.88,,125.35,,,,,,,
2012-05-03,115.91,102.56,,,,,,1.04,,,1.96,0.28,1.87,1.68,,,1.3147,80.36,6.3052,90.6839,17.56,,81.3,,,,,,,
2012-05-04,111.66,98.49,,,,,,1.02,,,1.91,0.27,1.84,1.64,,,1.3091,79.84,6.3059,91.0497,19.16,-0.0674,87.03,,,,,,,
2012-05-05,,,,,,,,,,,,,,,,,,,,,,,114.87,,,,,,,
2012-05-06,,,,,,,,,,,,,,,,,,,,,,,146.4,,,,,,,
2012-05-07,,97.86,,,,,,1.0,,,1.92,0.27,1.82,1.65,,,1.3052,79.88,6.3074,91.0747,18.94,,164.79,,,,,,,
2012-05-08,110.48,97.13,,,,,,0.99,,,1.88,0.27,1.79,1.61,,,1.3015,79.79,6.3076,91.4107,19.05,,218.27,,,,,,,
2012-05-09,111.89,96.8,,,,,,1.003,,,1.87,0.27,1.78,1.6,,,1.2954,79.64,6.3096,91.7632,20.08,,159.06,,,,,,,
2012-05-10,112.24,97.1,,,,,,1.025,,,1.89,0.27,1.79,1.62,,,1.2959,79.91,6.314,91.7077,18.83,,72.03,,,,,,,
2012-05-11,112.5,96.03,,,,,,1.028,,,1.84,0.27,1.74,1.57,,,1.2937,79.86,6.3097,91.7306,19.89,0.1009,81.38,,,,,,,
2012-05-12,,,,,,,,,,,,,,,,,,,,,,,79.63,,,,,,,
2012-05-13,,,,,,,,,,,,,,,,,,,,,,,176.18,,,,,,,
2012-05-14,110.79,94.75,,,,,,0.998,,,1.78,0.29,1.68,1.49,,,1.2847,79.83,6.321,92.2491,21.87,,124.65,,,,,,,
2012-05-15,111.4,93.97,,,,,,0.978,,,1.76,0.29,1.67,1.47,,,1.2769,80.09,6.3176,92.5235,21.97,,146.71,,,,,,,
2012-05-16,109.8,92.78,,,,,,0.943,,,1.76,0.3,1.66,1.46,,,1.273,80.32,6.3227,92.903,22.27,,117.36,,,,,,,
2012-05-17,109.31,92.53,,,,,,0.935,,,1.7,0.32,1.6,1.38,,,1.2709,79.26,6.3247,92.9632,24.49,,93.44,,,,,,,
2012-05-18,108.03,91.51,,,,,,0.93,,,1.71,0.32,1.63,1.39,,,1.2721,79.14,6.3245,93.1395,25.1,0.4464,130.74,,,,,,,
2012-05-19,,,,,,,,,,,,,,,,,,,,,,,119.13,,,,,,,
2012-05-20,,,,,,,,,,,,,,,,,,,,,,,158.16,,,,,,,
2012-05-21,109.02,92.57,,,,,,0.938,,,1.75,0.3,1.66,1.45,,,1.2769,79.31,6.3277,93.0945,22.01,,206.0,,,,,,,
2012-05-22,109.76,91.44,,,,,,0.908,,,1.79,0.3,1.7,1.49,,,1.2735,79.98,6.3223,93.1113,22.48,,129.21,,,,,,,
2012-05-23,106.88,89.4,,,,,,0.833,,,1.73,0.28,1.64,1.45,,,1.2569,79.33,6.3343,93.8855,22.33,,93.86,,,,,,,
2012-05-24,107.2,90.36,,,,,,0.83,,,1.77,0.29,1.67,1.48,,,1.2583,79.47,6.3449,93.8027,21.54,,99.17,,,,,,,
2012-05-25,107.86,90.64,,,,,,0.828,,,1.75,0.3,1.66,1.45,,,1.2518,79.64,6.3439,93.9488,21.76,0.3581,106.54,,,,,,,
2012-05-26,,,,,,,,,,,,,,,,,,,,,,,119.47,,,,,,,
2012-05-27,,,,,,,,,,,,,,,,,,,,,,,109.08,,,,,,,
2012-05-28,,,,,,,,,,,,,,,,,,,,,,,80.7,,,,,,,
2012-05-29,107.55,90.75,,,,,,,,,1.74,0.3,1.65,1.44,,,1.2488,79.44,6.3478,93.875,21.03,,111.45,,,,,,,
2012-05-30,103.85,87.79,,,,,,0.83,,,1.63,0.27,1.56,1.36,,,1.2405,78.93,6.3574,94.302,24.14,,75.26,,,,,,,
2012-05-31,103.86,86.52,,,,,,0.758,,,1.59,0.27,1.52,1.32,,,1.2364,78.29,6.3684,94.6856,24.06,,108.36,,,,,,,
2012-06-01,98.63,83.17,19.38,7428.289473684211,1885.513157894737,16603.68421052632,50.83333333333333,0.714,296.8,241.4,1.47,0.25,1.4,1.22,,,1.242,78.21,6.3692,94.6979,26.66,0.4503,169.4,183.18487261203407,97.6663,100.8381,134013.0,229.879,92.85,
2012-06-02,,,,,,,,,,,,,,,,,,,,,,,289.7,,,,,,,
2012-06-03,,,,,,,,,,,,,,,,,,,,,,,265.21,,,,,,,
2012-06-04,97.74,83.95,,,,,,0.735,,,1.53,0.25,1.45,1.28,,,1.2495,78.3,6.3641,94.5184,26.12,,173.04,,,,,,,
2012-06-05,98.65,84.31,,,,,,0.8,,,1.57,0.25,1.49,1.32,,,1.2437,78.57,6.367,94.6184,24.68,,101.15,,,,,,,
2012-06-06,101.14,85.05,,,,,,0.785,,,1.66,0.26,1.57,1.4,,,1.2535,79.11,6.3634,94.0362,22.16,,148.17,,,,,,,
2012-06-07,100.05,84.78,,,,,,,,,1.66,0.27,1.57,1.39,,,1.2568,79.67,6.3634,93.774,21.72,,151.88,,,,,,,
2012-06-08,97.57,84.08,,,,,,0.771,,,1.65,0.28,1.56,1.37,,,1.2482,79.47,6.37,94.2024,21.23,0.4259,127.91,,,,,,,
2012-06-09,,,,,,,,,,,,,,,,,,,,,,,93.17,,,,,,,
2012-06-10,,,,,,,,,,,,,,,,,,,,,,,179.49,,,,,,,
2012-06-11,98.6,82.58,,,,,,0.754,,,1.6,0.27,1.51,1.33,,,1.2504,79.5,6.369,94.0369,23.56,,160.88,,,,,,,
2012-06-12,96.59,83.35,,,,,,0.763,,,1.67,0.3,1.57,1.37,,,1.2477,79.44,6.3703,94.0693,22.09,,92.04,,,,,,,
2012-06-13,97.29,82.56,,,,,,0.762,,,1.61,0.3,1.51,1.31,,,1.2596,79.35,6.3685,93.8309,24.27,,142.39,,,,,,,
2012-06-14,96.46,83.83,,,,,,0.79,,,1.64,0.3,1.53,1.34,,,1.2608,79.29,6.3702,93.8152,21.68,,76.57,,,,,,,
2012-06-15,97.13,84.03,,,,,,0.803,,,1.6,0.29,1.51,1.31,,,1.2633,78.65,6.3649,93.5203,21.11,0.2113,218.0,,,,,,,
2012-06-16,,,,,,,,,,,,,,,,,,,,,,,252.7,,,,,,,
2012-06-17,,,,,,,,,,,,,,,,,,,,,,,185.89,,,,,,,
2012-06-18,95.21,83.26,,,,,,0.797,,,1.59,0.29,1.49,1.3,,,1.2578,78.95,6.3539,93.6431,18.32,,191.92,,,,,,,
2012-06-19,95.14,83.99,,,,,,0.83,,,1.64,0.3,1.55,1.34,,,1.2692,78.92,6.3542,93.0524,18.38,,133.65,,,,,,,
2012-06-20,93.5,81.06,,,,,,0.83,,,1.65,0.32,1.56,1.33,,,1.2703,79.54,6.3597,93.1602,17.24,,162.54,,,,,,,
2012-06-21,89.22,77.91,,,,,,0.805,,,1.63,0.32,1.54,1.31,,,1.2586,80.18,6.3644,93.6378,20.08,,162.47,,,,,,,
2012-06-22,89.22,79.33,,,,,,0.815,,,1.69,0.31,1.6,1.38,,,1.2545,80.52,6.3644,93.9205,18.11,0.0478,202.5,,,,,,,
2012-06-23,,,,,,,,,,,,,,,,,,,,,,,71.63,,,,,,,
2012-06-24,,,,,,,,,,,,,,,,,,,,,,,200.69,,,,,,,
2012-06-25,88.69,78.76,,,,,,0.795,,,1.63,0.31,1.53,1.32,,,1.248,79.5,6.3631,94.1757,20.38,,167.88,,,,,,,
2012-06-26,90.19,79.34,,,,,,0.797,,,1.66,0.31,1.56,1.35,,,1.2471,79.46,6.3626,93.9859,19.72,,91.77,,,,,,,
2012-06-27,92.06,80.27,,,,,,0.798,,,1.65,0.31,1.56,1.34,,,1.2457,79.83,6.3561,93.8728,19.45,,190.31,,,,,,,
2012-06-28,91.02,77.72,,,,,,0.789,,,1.6,0.31,1.51,1.29,,,1.2433,79.35,6.357,94.0203,19.71,,158.77,,,,,,,
2012-06-29,94.17,85.04,,,,,,0.821,,,1.67,0.33,1.58,1.34,,,1.2668,79.81,6.353,92.9096,17.08,0.1162,304.81,,,,,,,
2012-06-30,,,,,,,,,,,,,,,,,,,,,,,222.24,,,,,,,
2012-07-01,,,19.1,7584.261363636364,1876.25,16128.40909090909,50.35555555555556,,288.6,247.6,,,,,,,,,,,,,187.35,152.0852124452586,97.8713,96.7375,134157.0,229.893,92.946,2225070871164.4004
2012-07-02,95.28,83.72,,,,,,0.788,,,1.61,0.3,1.51,1.31,,,1.2584,79.42,6.3487,92.951,16.8,,147.52,,,,,,,
2012-07-03,99.89,87.74,,,,,,0.819,,,1.65,0.3,1.56,1.35,,,1.262,79.77,6.3519,92.6508,16.66,,104.67,,,,,,,
2012-07-04,,,,,,,,,,,,,,,,,,,,,,,167.88,,,,,,,
2012-07-05,101.54,87.11,,,,,,0.818,,,1.62,0.28,1.54,1.34,,,1.2384,79.95,6.3557,93.2211,17.5,,108.29,,,,,,,
2012-07-06,98.5,84.37,,,,,,0.815,,,1.57,0.27,1.49,1.3,,,1.2283,79.61,6.364,93.7087,17.1,0.0278,145.09,,,,,,,
2012-07-07,,,,,,,,,,,,,,,,,,,,,,,232.38,,,,,,,
2012-07-08,,,,,,,,,,,,,,,,,,,,,,,189.02,,,,,,,
2012-07-09,99.94,85.93,,,,,,0.835,,,1.53,0.27,1.44,1.26,,,1.2299,79.66,6.3709,93.6974,17.98,,142.06,,,,,,,
2012-07-10,99.15,83.92,,,,,,0.821,,,1.53,0.27,1.44,1.26,,,1.2255,79.44,6.3654,93.5552,18.72,,251.27,,,,,,,
2012-07-11,99.23,85.88,,,,,,0.839,,,1.54,0.27,1.44,1.27,,,1.2244,79.7,6.3682,93.5981,17.95,,268.08,,,,,,,
2012-07-12,99.18,86.02,,,,,,0.859,,,1.5,0.25,1.4,1.25,,,1.2199,79.29,6.3732,93.9298,18.33,,184.75,,,,,,,
2012-07-13,101.91,87.15,,,,,,0.863,,,1.52,0.25,1.42,1.27,,,1.2232,79.2,6.3789,93.5515,16.74,0.1256,278.29,,,,,,,
2012-07-14,,,,,,,,,,,,,,,,,,,,,,,191.24,,,,,,,
2012-07-15,,,,,,,,,,,,,,,,,,,,,,,175.6,,,,,,,
2012-07-16,102.1,88.41,,,,,,0.906,,,1.5,0.24,1.4,1.26,,,1.2267,78.8,6.3784,93.3746,17.11,,212.41,,,,,,,
2012-07-17,104.21,89.07,,,,,,0.92,,,1.53,0.25,1.43,1.28,,,1.2234,79.04,6.3725,93.3479,16.48,,205.58,,,,,,,
2012-07-18,105.92,89.88,,,,,,0.933,,,1.52,0.22,1.43,1.3,,,1.2261,78.79,6.369,93.0973,16.16,,213.86,,,,,,,
2012-07-19,107.79,92.78,,,,,,0.956,,,1.54,0.22,1.45,1.32,,,1.2257,78.6,6.3724,93.0438,15.45,,168.71,,,,,,,
2012-07-20,106.98,91.56,,,,,,0.943,,,1.49,0.22,1.4,1.27,,,1.2176,78.49,6.3734,93.3653,16.27,-0.0324,172.74,,,,,,,
2012-07-21,,,,,,,,,,,,,,,,,,,,,,,187.06,,,,,,,
2012-07-22,,,,,,,,,,,,,,,,,,,,,,,182.35,,,,,,,
2012-07-23,103.91,87.77,,,,,,0.9,,,1.47,0.22,1.37,1.25,,,1.2126,78.38,6.3856,93.9297,18.62,,157.65,,,,,,,
2012-07-24,103.57,88.28,,,,,,0.905,,,1.44,0.22,1.34,1.22,,,1.2062,78.19,6.3857,94.2635,20.47,,139.34,,,,,,,
2012-07-25,102.35,88.8,,,,,,0.902,,,1.43,0.22,1.33,1.21,,,1.2132,78.21,6.3879,94.0564,19.34,,134.93,,,,,,,
2012-07-26,104.77,89.4,,,,,,0.894,,,1.45,0.23,1.34,1.22,,,1.228,78.24,6.3839,93.3595,17.53,,68.36,,,,,,,
2012-07-27,106.3,90.13,,,,,,0.896,,,1.58,0.25,1.47,1.33,,,1.237,78.55,6.3807,92.9333,16.7,0.1038,128.12,,,,,,,
2012-07-28,,,,,,,,,,,,,,,,,,,,,,,115.78,,,,,,,
2012-07-29,,,,,,,,,,,,,,,,,,,,,,,182.58,,,,,,,
2012-07-30,106.54,89.8,,,,,,0.878,,,1.53,0.23,1.42,1.3,,,1.225,78.2,6.3792,93.0524,18.03,,166.93,,,,,,,
2012-07-31,105.93,88.08,,,,,,0.875,,,1.51,0.23,1.4,1.28,,,1.2315,78.1,6.361,92.8422,18.93,,109.48,,,,,,,
2012-08-01,106.78,88.99,18.39,7510.431818181818,1843.327272727273,15703.98863636364,49.25,0.874,312.0,271.3,1.56,0.24,1.46,1.32,,,1.2299,78.19,6.368,92.8905,18.96,,138.78,116.96839694186473,97.4525,99.5811,134339.0,230.196,93.005,
2012-08-02,107.55,87.22,,,,,,0.865,,,1.51,0.24,1.42,1.27,,,1.2149,78.22,6.3671,93.4269,17.57,,130.32,,,,,,,
2012-08-03,109.57,91.4,,,,,,0.903,,,1.6,0.24,1.51,1.36,,,1.239,78.6,6.3721,92.6048,15.64,-0.1373,168.04,,,,,,,
2012-08-04,,,,,,,,,,,,,,,,,,,,,,,248.31,,,,,,,
2012-08-05,,,,,,,,,,,,,,,,,,,,,,,250.05,,,,,,,
2012-08-06,110.01,92.3,,,,,,0.897,,,1.59,0.24,1.49,1.35,,,1.2422,78.17,6.3738,92.4339,15.95,,143.81,,,,,,,
2012-08-07,112.39,93.68,,,,,,0.929,,,1.66,0.27,1.55,1.39,,,1.2422,78.71,6.3664,92.5128,15.99,,141.07,,,,,,,
2012-08-08,113.42,93.39,,,,,,0.938,,,1.68,0.29,1.57,1.39,,,1.2364,78.44,6.361,92.5407,15.32,,86.84,,,,,,,
2012-08-09,113.52,93.39,,,,,,0.946,,,1.69,0.29,1.58,1.4,,,1.2278,78.64,6.3579,92.6057,15.28,,90.46,,,,,,,
2012-08-10,113.13,92.94,,,,,,0.943,,,1.65,0.27,1.55,1.38,,,1.2298,78.24,6.3599,92.5129,14.74,-0.177,100.51,,,,,,,
2012-08-11,,,,,,,,,,,,,,,,,,,,,,,139.86,,,,,,,
2012-08-12,,,,,,,,,,,,,,,,,,,,,,,243.35,,,,,,,
2012-08-13,114.48,92.76,,,,,,0.949,,,1.65,0.27,1.54,1.38,,,1.2339,78.34,6.3611,92.5955,13.7,,177.44,,,,,,,
2012-08-14,113.9,93.4,,,,,,0.949,,,1.73,0.27,1.62,1.46,,,1.2329,78.82,6.3586,92.6152,14.85,,168.47,,,,,,,
2012-08-15,115.51,94.35,,,,,,0.948,,,1.8,0.27,1.71,1.53,,,1.2288,78.89,6.3619,92.6838,14.63,,135.19,,,,,,,
2012-08-16,116.12,95.66,,,,,,0.943,,,1.83,0.29,1.74,1.54,,,1.2356,79.25,6.3659,92.5737,14.29,,148.34,,,,,,,
2012-08-17,115.2,96.0,,,,,,0.926,,,1.81,0.29,1.72,1.52,,,1.2315,79.5,6.358,92.711,13.45,-0.1088,114.42,,,,,,,
2012-08-18,,,,,,,,,,,,,,,,,,,,,,,134.55,,,,,,,
2012-08-19,,,,,,,,,,,,,,,,,,,,,,,187.33,,,,,,,
2012-08-20,115.5,96.03,,,,,,0.915,,,1.82,0.29,1.71,1.53,,,1.2343,79.41,6.3592,92.6263,14.02,,110.74,,,,,,,
2012-08-21,116.03,96.55,,,,,,0.918,,,1.8,0.31,1.69,1.49,,,1.2472,79.43,6.3559,92.3053,15.02,,110.31,,,,,,,
2012-08-22,115.77,96.89,,,,,,0.902,,,1.71,0.26,1.6,1.45,,,1.2472,79.19,6.3515,92.4362,15.11,,104.4,,,,,,,
2012-08-23,117.45,95.87,,,,,,0.85,,,1.68,0.26,1.57,1.42,,,1.2583,78.46,6.3535,92.1057,15.96,,132.5,,,,,,,
2012-08-24,115.76,95.78,,,,,,0.813,,,1.68,0.28,1.58,1.4,,,1.2533,78.65,6.3542,92.2785,15.18,-0.1641,203.4,,,,,,,
2012-08-25,,,,,,,,,,,,,,,,,,,,,,,132.36,,,,,,,
2012-08-26,,,,,,,,,,,,,,,,,,,,,,,157.88,,,,,,,
2012-08-27,113.74,95.54,,,,,,0.809,,,1.65,0.28,1.54,1.37,,,1.2514,78.67,6.3558,92.3135,16.35,,118.65,,,,,,,
2012-08-28,112.62,96.3,,,,,,0.846,,,1.64,0.27,1.54,1.37,,,1.2564,78.5,6.3525,92.2033,16.49,,102.07,,,,,,,
2012-08-29,112.53,95.5,,,,,,0.883,,,1.66,0.27,1.54,1.39,,,1.2538,78.72,6.3513,92.3823,17.06,,110.02,,,,,,,
2012-08-30,112.28,94.61,,,,,,0.885,,,1.63,0.27,1.53,1.36,,,1.2497,78.55,6.3494,92.6239,17.83,,149.59,,,,,,,
2012-08-31,113.93,96.47,,,,,,0.905,,,1.57,0.22,1.48,1.35,,,1.2578,78.3,6.3484,92.1677,17.47,-0.0763,259.97,,,,,,,
2012-09-01,,,18.76,8087.7425,2064.12,17287.9625,47.725,,332.1,282.3,,,,,,,,,,,,,131.72,153.5869384600671,97.381,99.705,134517.0,230.78,93.119,
2012-09-02,,,,,,,,,,,,,,,,,,,,,,,152.36,,,,,,,
2012-09-03,,,,,,,,,,,,,,,,,,,,,,,134.67,,,,,,,
2012-09-04,114.98,95.34,,,,,,0.941,,,1.59,0.23,1.49,1.36,,,1.2566,78.35,6.3465,92.1582,17.98,,117.1,,,,,,,
2012-09-05,113.32,95.37,,,,,,0.989,,,1.6,0.25,1.49,1.35,,,1.2603,78.34,6.3489,92.1262,17.74,,140.89,,,,,,,
2012-09-06,114.5,95.58,,,,,,0.976,,,1.68,0.27,1.57,1.41,,,1.2626,78.96,6.3428,91.8973,15.6,,135.68,,,,,,,
2012-09-07,113.64,96.41,,,,,,0.94,,,1.67,0.25,1.56,1.42,,,1.2796,78.14,6.3428,91.3469,14.38,-0.203,195.5,,,,,,,
2012-09-08,,,,,,,,,,,,,,,,,,,,,,,90.85,,,,,,,
2012-09-09,,,,,,,,,,,,,,,,,,,,,,,161.35,,,,,,,
2012-09-10,113.84,96.52,,,,,,0.92,,,1.68,0.25,1.58,1.43,,,1.2795,78.24,6.3375,91.3102,16.28,,125.36,,,,,,,
2012-09-11,114.86,97.03,,,,,,0.934,,,1.7,0.25,1.6,1.45,,,1.2858,77.78,6.3349,91.0575,16.41,,68.01,,,,,,,
2012-09-12,114.86,97.02,,,,,,0.92,,,1.77,0.25,1.67,1.52,,,1.2894,77.86,6.3261,91.0477,15.8,,121.8,,,,,,,
2012-09-13,116.0,98.3,,,,,,0.92,,,1.75,0.24,1.65,1.51,,,1.2912,77.41,6.3294,90.9632,14.05,,150.37,,,,,,,
2012-09-14,117.48,98.94,,,,,,0.918,,,1.88,0.27,1.77,1.61,,,1.3142,78.22,6.3145,90.1436,14.51,-0.4787,212.66,,,,,,,
2012-09-15,,,,,,,,,,,,,,,,,,,,,,,187.6,,,,,,,
2012-09-16,,,,,,,,,,,,,,,,,,,,,,,122.14,,,,,,,
2012-09-17,116.7,96.51,,,,,,0.873,,,1.85,0.25,1.74,1.6,,,1.3125,78.68,6.317,90.2837,14.59,,112.47,,,,,,,
2012-09-18,113.29,95.25,,,,,,0.875,,,1.82,0.25,1.72,1.57,,,1.3051,78.59,6.3187,90.5029,14.18,,170.21,,,,,,,
2012-09-19,108.49,91.97,,,,,,0.875,,,1.79,0.27,1.68,1.52,,,1.3065,78.4,6.3091,90.4646,13.88,,174.22,,,,,,,
2012-09-20,109.41,92.14,,,,,,0.883,,,1.8,0.27,1.69,1.53,,,1.2948,78.3,6.3036,90.7631,14.07,,133.41,,,,,,,
2012-09-21,111.27,92.64,,,,,,0.883,,,1.77,0.27,1.66,1.5,,,1.299,78.17,6.3051,90.5342,13.98,-0.53,152.08,,,,,,,
2012-09-22,,,,,,,,,,,,,,,,,,,,,,,137.51,,,,,,,
2012-09-23,,,,,,,,,,,,,,,,,,,,,,,217.75,,,,,,,
2012-09-24,109.2,91.68,,,,,,0.869,,,1.74,0.27,1.63,1.47,,,1.2909,77.9,6.309,90.8263,14.15,,203.28,,,,,,,
2012-09-25,110.77,91.07,,,,,,0.875,,,1.7,0.27,1.59,1.43,,,1.2945,77.91,6.3057,90.6074,15.43,,126.11,,,,,,,
2012-09-26,108.99,89.92,,,,,,0.88,,,1.64,0.26,1.53,1.38,,,1.2852,77.78,6.3015,91.0028,16.81,,105.56,,,,,,,
2012-09-27,111.45,91.89,,,,,,0.911,,,1.66,0.25,1.57,1.41,,,1.2874,77.62,6.3021,90.7538,14.84,,79.76,,,,,,,
2012-09-28,111.36,92.18,,,,,,0.918,,,1.65,0.23,1.55,1.42,,,1.2856,77.92,6.2848,90.8342,15.73,-0.2222,159.61,,,,,,,
2012-09-29,,,,,,,,,,,,,,,,,,,,,,,161.08,,,,,,,
2012-09-30,,,,,,,,,,,,,,,,,,,,,,,217.0,,,,,,,
2012-10-01,112.58,92.44,17.27,8062.032608695652,1974.304347826087,17168.73913043478,44.61111111111111,0.939,318.7,268.4,1.64,0.25,1.55,1.39,,,1.29,78.0,6.284,90.7011,16.32,,178.17,151.12166580863942,97.7193,99.0096,134669.0,231.276,93.345,2214950369832.6997
2012-10-02,112.49,91.88,,,,,,0.96,,,1.64,0.23,1.55,1.41,,,1.2951,78.01,6.284,90.644,15.71,,138.68,,,,,,,
2012-10-03,109.32,88.19,,,,,,0.943,,,1.64,0.23,1.55,1.41,,,1.2909,78.57,6.284,90.8726,15.43,,152.28,,,,,,,
2012-10-04,110.48,91.69,,,,,,0.966,,,1.7,0.23,1.6,1.47,,,1.3001,78.44,6.284,90.4932,14.55,,108.3,,,,,,,
2012-10-05,112.17,89.87,,,,,,0.96,,,1.75,0.27,1.64,1.48,,,1.3059,78.66,6.284,90.2851,14.33,-0.4375,208.37,,,,,,,
2012-10-06,,,,,,,,,,,,,,,,,,,,,,,87.67,,,,,,,
2012-10-07,,,,,,,,,,,,,,,,,,,,,,,207.07,,,,,,,
2012-10-08,112.6,89.43,,,,,,0.953,,,,,,,,,,,,,15.11,,130.89,,,,,,,
2012-10-09,114.32,92.42,,,,,,0.968,,,1.74,0.25,1.64,1.49,,,1.2876,78.23,6.2877,90.8703,16.37,,118.2,,,,,,,
2012-10-10,116.11,91.24,,,,,,0.946,,,1.72,0.27,1.62,1.45,,,1.2888,78.26,6.2831,90.883,16.29,,129.14,,,,,,,
2012-10-11,116.18,92.19,,,,,,0.946,,,1.7,0.28,1.6,1.42,,,1.2928,78.44,6.2765,90.7437,15.59,,127.14,,,,,,,
2012-10-12,115.17,91.83,,,,,,0.941,,,1.69,0.27,1.58,1.42,,,1.2946,78.31,6.267,90.6833,16.14,-0.4703,114.5,,,,,,,
2012-10-13,,,,,,,,,,,,,,,,,,,,,,,111.03,,,,,,,
2012-10-14,,,,,,,,,,,,,,,,,,,,,,,156.42,,,,,,,
2012-10-15,115.0,91.84,,,,,,0.94,,,1.7,0.27,1.59,1.43,,,1.295,78.76,6.27,90.6409,15.27,,197.95,,,,,,,
2012-10-16,115.0,92.07,,,,,,0.938,,,1.75,0.27,1.66,1.48,,,1.3036,78.92,6.2637,90.5583,15.22,,199.82,,,,,,,
2012-10-17,113.49,92.04,,,,,,0.954,,,1.83,0.3,1.72,1.53,,,1.3133,78.74,6.254,90.2309,15.07,,196.86,,,,,,,
2012-10-18,112.58,92.0,,,,,,0.96,,,1.86,0.29,1.76,1.57,,,1.3106,79.24,6.2501,90.3804,15.03,,205.58,,,,,,,
2012-10-19,111.89,90.0,,,,,,0.97,,,1.79,0.3,1.69,1.49,,,1.3022,79.26,6.2533,90.8107,17.06,-0.607,170.07,,,,,,,
2012-10-20,,,,,,,,,,,,,,,,,,,,,,,178.57,,,,,,,
2012-10-21,,,,,,,,,,,,,,,,,,,,,,,250.82,,,,,,,
2012-10-22,109.62,88.3,,,,,,0.955,,,1.83,0.32,1.73,1.51,,,1.3063,79.84,6.2543,90.7911,16.62,,155.59,,,,,,,
2012-10-23,107.53,86.65,,,,,,,,,1.79,0.29,1.68,1.5,,,1.2971,79.79,6.2478,91.0945,18.83,,113.57,,,,,,,
2012-10-24,107.66,85.39,,,,,,0.965,,,1.8,0.29,1.69,1.51,,,1.2946,79.82,6.2478,91.1275,18.33,,118.63,,,,,,,
2012-10-25,107.64,85.59,,,,,,0.978,,,1.86,0.31,1.75,1.55,,,1.2958,80.04,6.2416,91.02,18.12,,128.87,,,,,,,
2012-10-26,108.9,85.84,,,,,,0.995,,,1.78,0.3,1.66,1.48,,,1.2938,79.63,6.248,91.1411,17.81,-0.3513,210.63,,,,,,,
2012-10-27,,,,,,,,,,,,,,,,,,,,,,,142.45,,,,,,,
2012-10-28,,,,,,,,,,,,,,,,,,,,,,,215.73,,,,,,,
2012-10-29,109.33,85.52,,,,,,1.008,,,1.74,0.3,1.6,1.44,,,1.2906,79.81,6.2384,,,,235.95,,,,,,,
2012-10-30,109.4,85.65,,,,,,0.996,,,,,,,,,1.2979,79.58,6.2396,,,,182.04,,,,,,,
2012-10-31,109.89,86.23,,,,,,0.99,,,1.72,0.3,1.61,1.42,,,1.2958,79.94,6.2372,91.1609,18.6,,141.64,,,,,,,
2012-11-01,108.84,87.05,16.83,7711.227272727273,1948.829545454545,16335.36363636364,41.5,0.995,281.5,256.6,1.75,0.3,1.66,1.45,,,1.2937,80.14,6.2393,91.1217,16.69,,196.81,165.75635341180524,98.0777,98.1199,134825.0,231.263,93.445,
2012-11-02,106.79,84.9,,,,,,0.971,,,1.75,0.28,1.66,1.47,,,1.2848,80.53,6.2411,91.281,17.59,-0.3387,82.44,,,,,,,
2012-11-03,,,,,,,,,,,,,,,,,,,,,,,224.11,,,,,,,
2012-11-04,,,,,,,,,,,,,,,,,,,,,,,212.98,,,,,,,
2012-11-05,105.59,85.64,,,,,,,,,1.72,0.28,1.61,1.44,,,1.279,80.17,6.2452,91.4778,18.42,,225.43,,,,,,,
2012-11-06,109.27,88.62,,,,,,0.944,,,1.78,0.3,1.68,1.48,,,1.2818,80.28,6.2454,91.2908,17.58,,195.5,,,,,,,
2012-11-07,108.21,84.5,,,,,,0.956,,,1.68,0.27,1.58,1.41,,,1.2759,79.85,6.2435,91.4514,19.08,,358.0,,,,,,,
2012-11-08,107.23,85.07,,,,,,0.932,,,1.62,0.27,1.52,1.35,,,1.274,79.74,6.2427,91.5375,18.49,,241.14,,,,,,,
2012-11-09,108.61,86.08,,,,,,0.911,,,1.61,0.27,1.52,1.34,,,1.2715,79.46,6.245,91.6871,18.61,-0.3141,278.07,,,,,,,
2012-11-10,,,,,,,,,,,,,,,,,,,,,,,225.13,,,,,,,
2012-11-11,,,,,,,,,,,,,,,,,,,,,,,265.14,,,,,,,
2012-11-12,110.23,85.56,,,,,,0.901,,,,,,,,,,,,,16.68,,188.45,,,,,,,
2012-11-13,108.82,85.38,,,,,,0.901,,,1.59,0.27,1.48,1.32,,,1.2716,79.42,6.226,91.7356,16.65,,207.36,,,,,,,
2012-11-14,109.66,86.32,,,,,,0.888,,,1.59,0.25,1.49,1.34,,,1.274,80.2,6.225,91.7942,17.92,,213.51,,,,,,,
2012-11-15,110.07,85.45,,,,,,0.91,,,1.58,0.24,1.5,1.34,,,1.2783,81.16,6.2329,91.8837,17.99,,195.26,,,,,,,
2012-11-16,106.81,86.62,,,,,,0.877,,,1.58,0.24,1.52,1.34,,,1.2715,81.28,6.2354,92.0095,16.41,-0.2011,194.72,,,,,,,
2012-11-17,,,,,,,,,,,,,,,,,,,,,,,119.39,,,,,,,
2012-11-18,,,,,,,,,,,,,,,,,,,,,,,241.26,,,,,,,
2012-11-19,110.06,89.05,,,,,,0.875,,,1.61,0.25,1.52,1.36,,,1.2806,81.18,6.2343,91.5653,15.24,,203.57,,,,,,,
2012-11-20,110.01,86.46,,,,,,0.838,,,1.66,0.27,1.58,1.39,,,1.2814,81.72,6.2324,91.556,15.08,,192.6,,,,,,,
2012-11-21,110.81,87.08,,,,,,0.855,,,1.69,0.27,1.59,1.42,,,1.2816,82.36,6.23,91.6645,15.31,,159.8,,,,,,,
2012-11-22,,,,,,,,,,,,,,,,,,,,,,,69.91,,,,,,,
2012-11-23,110.14,87.01,,,,,,0.855,,,1.7,0.29,1.6,1.41,,,1.2959,82.34,6.2275,91.2616,15.14,-0.5377,272.9,,,,,,,
2012-11-24,,,,,,,,,,,,,,,,,,,,,,,190.85,,,,,,,
2012-11-25,,,,,,,,,,,,,,,,,,,,,,,283.55,,,,,,,
2012-11-26,110.18,87.28,,,,,,0.84,,,1.66,0.27,1.56,1.39,,,1.2966,82.11,6.2253,91.2789,15.5,,212.05,,,,,,,
2012-11-27,109.33,86.81,,,,,,0.844,,,1.64,0.27,1.54,1.37,,,1.294,82.23,6.2221,91.2608,15.92,,177.67,,,,,,,
2012-11-28,108.26,86.1,,,,,,0.838,,,1.63,0.27,1.53,1.36,,,1.2923,81.84,6.2273,91.33,15.51,,152.15,,,,,,,
2012-11-29,110.47,87.64,,,,,,0.825,,,1.62,0.25,1.53,1.37,,,1.2953,82.06,6.2281,91.2104,15.06,,214.4,,,,,,,
2012-11-30,110.84,88.54,,,,,,0.838,,,1.62,0.25,1.54,1.37,,,1.301,82.54,6.2265,91.1038,15.87,-0.4837,251.56,,,,,,,
2012-12-01,,,17.52,7966.486842105263,2086.763157894737,17448.5,43.66666666666667,,271.1,252.4,,,,,,,,,,,,,121.33,170.16380835460885,98.3101,97.6644,135074.0,231.033,93.514,
2012-12-02,,,,,,,,,,,,,,,,,,,,,,,177.86,,,,,,,
2012-12-03,111.27,88.69,,,,,,0.83,,,1.63,0.25,1.53,1.38,,,1.3066,82.24,6.2277,91.0084,16.64,,174.34,,,,,,,
2012-12-04,109.99,88.04,,,,,,0.806,,,1.62,0.25,1.52,1.37,,,1.3081,81.86,6.2254,90.9748,17.12,,243.44,,,,,,,
2012-12-05,108.96,87.36,,,,,,0.764,,,1.6,0.25,1.5,1.35,,,1.3077,82.4,6.2251,90.9423,16.46,,182.4,,,,,,,
2012-12-06,108.01,85.47,,,,,,0.766,,,1.59,0.25,1.49,1.34,,,1.2968,82.29,6.2282,91.0629,16.58,,244.15,,,,,,,
2012-12-07,107.16,85.45,,,,,,0.736,,,1.64,0.25,1.55,1.39,,,1.2942,82.37,6.2299,91.0437,15.9,-0.5268,194.02,,,,,,,
2012-12-08,,,,,,,,,,,,,,,,,,,,,,,194.39,,,,,,,
2012-12-09,,,,,,,,,,,,,,,,,,,,,,,221.87,,,,,,,
2012-12-10,108.25,85.14,,,,,,0.728,,,1.63,0.24,1.54,1.39,,,1.293,82.37,6.2296,90.9631,16.05,,166.13,,,,,,,
2012-12-11,107.6,85.36,,,,,,0.73,,,1.66,0.24,1.58,1.42,,,1.2992,82.42,6.246,90.8403,15.57,,316.27,,,,,,,
2012-12-12,110.17,86.35,,,,,,0.732,,,1.72,0.25,1.65,1.47,,,1.3038,83.1,6.2502,90.7708,15.95,,161.39,,,,,,,
2012-12-13,110.18,85.39,,,,,,0.738,,,1.74,0.27,1.68,1.47,,,1.3077,83.54,6.2316,90.776,16.56,,231.84,,,,,,,
2012-12-14,109.28,86.32,,,,,,0.762,,,1.72,0.24,1.68,1.48,,,1.3134,83.52,6.241,90.7156,17.0,-0.5846,162.65,,,,,,,
2012-12-15,,,,,,,,,,,,,,,,,,,,,,,128.86,,,,,,,
2012-12-16,,,,,,,,,,,,,,,,,,,,,,,293.93,,,,,,,
2012-12-17,109.35,86.71,,,,,,0.781,,,1.78,0.25,1.73,1.53,,,1.3169,83.7,6.236,90.6193,16.34,,230.8,,,,,,,
2012-12-18,109.96,87.46,,,,,,0.784,,,1.84,0.28,1.78,1.56,,,1.3224,84.0,6.2322,90.5161,15.57,,136.6,,,,,,,
2012-12-19,109.95,89.09,,,,,,0.803,,,1.82,0.28,1.77,1.54,,,1.326,84.32,6.2293,90.4896,17.36,,77.04,,,,,,,
2012-12-20,110.57,89.76,,,,,,0.825,,,1.81,0.28,1.75,1.53,,,1.3224,84.33,6.2297,90.6002,17.67,,146.83,,,,,,,
2012-12-21,109.13,88.2,,,,,,0.839,,,1.77,0.26,1.71,1.51,,,1.3166,84.1,6.2284,90.9597,17.84,-0.568,188.68,,,,,,,
2012-12-22,,,,,,,,,,,,,,,,,,,,,,,188.83,,,,,,,
2012-12-23,,,,,,,,,,,,,,,,,,,,,,,242.39,,,,,,,
2012-12-24,108.44,88.29,,,,,,0.852,,,1.79,0.26,1.73,1.53,,,1.3179,84.81,6.2335,91.0354,17.84,,236.44,,,,,,,
2012-12-25,,,,,,,,,,,,,,,,,,,,,,,151.1,,,,,,,
2012-12-26,110.72,90.71,,,,,,,,,1.77,0.26,1.68,1.51,,,1.3228,85.62,6.2351,91.0606,19.48,,231.81,,,,,,,
2012-12-27,110.04,90.91,,,,,,0.896,,,1.74,0.26,1.66,1.48,,,1.3228,86.06,6.2358,91.1037,19.47,,350.12,,,,,,,
2012-12-28,110.05,90.66,,,,,,0.889,,,1.73,0.27,1.72,1.46,,,1.322,86.12,6.2315,91.0419,22.72,-0.3725,251.11,,,,,,,
2012-12-29,,,,,,,,,,,,,,,,,,,,,,,346.49,,,,,,,
2012-12-30,,,,,,,,,,,,,,,,,,,,,,,321.81,,,,,,,
2012-12-31,110.8,91.83,,,,,,0.883,,,1.78,0.25,1.73,1.53,,,1.3186,86.64,6.2301,91.0834,18.02,,249.99,,,,,,,
2013-01-01,,,17.79,8053.738636363636,2037.606818181818,17494.06818181818,42.75,,275.1,270.0,,,,,,,,,,,,,548.47,167.12465300401243,98.3342,96.9195,135257.0,231.612,93.703,2207455127114.5
2013-01-02,112.98,93.14,,,,,,0.869,,,1.86,0.27,1.78,1.59,,,1.3195,87.1,6.2301,90.6941,14.68,,329.02,,,,,,,
2013-01-03,113.03,92.97,,,,,,0.872,,,1.92,0.27,1.84,1.65,,,1.311,86.92,6.2301,90.8097,14.56,,366.82,,,,,,,
2013-01-04,112.58,93.12,,,,,,0.84,,,1.93,0.27,1.86,1.66,,,1.3047,88.14,6.2303,91.1025,13.83,-0.6336,287.9,,,,,,,
2013-01-05,,,,,,,,,,,,,,,,,,,,,,,272.15,,,,,,,
2013-01-06,,,,,,,,,,,,,,,,,,,,,,,353.9,,,,,,,
2013-01-07,112.49,93.2,,,,,,0.843,,,1.92,0.27,1.85,1.65,,,1.3099,87.68,6.2294,90.9852,13.79,,242.97,,,,,,,
2013-01-08,113.03,93.21,,,,,,0.842,,,1.89,0.25,1.82,1.64,,,1.3068,87.31,6.2235,91.057,13.62,,113.9,,,,,,,
2013-01-09,113.07,93.08,,,,,,0.825,,,1.88,0.24,1.82,1.64,,,1.3078,87.9,6.226,91.0088,13.81,,101.68,,,,,,,
2013-01-10,112.97,93.81,,,,,,0.828,,,1.91,0.26,1.85,1.65,,,1.322,88.16,6.223,90.6425,13.49,,96.78,,,,,,,
2013-01-11,110.3,93.6,,,,,,0.808,,,1.89,0.26,1.82,1.63,,,1.3353,89.22,6.2156,90.5352,13.36,-0.6214,196.09,,,,,,,
2013-01-12,,,,,,,,,,,,,,,,,,,,,,,85.22,,,,,,,
2013-01-13,,,,,,,,,,,,,,,,,,,,,,,159.23,,,,,,,
2013-01-14,111.32,94.27,,,,,,0.798,,,1.89,0.26,1.81,1.63,,,1.3369,89.34,6.219,90.4935,13.52,,170.1,,,,,,,
2013-01-15,111.72,93.26,,,,,,0.803,,,1.86,0.26,1.77,1.6,,,1.3342,88.65,6.2134,90.5191,13.55,,133.24,,,,,,,
2013-01-16,110.97,94.28,,,,,,0.804,,,1.84,0.26,1.76,1.58,,,1.3305,88.64,6.216,90.596,13.42,,188.22,,,,,,,
2013-01-17,111.01,95.49,,,,,,0.807,,,1.89,0.28,1.82,1.61,,,1.3356,89.41,6.2158,90.5401,13.57,,131.98,,,,,,,
2013-01-18,111.71,95.61,,,,,,0.833,,,1.87,0.26,1.79,1.61,,,1.3303,89.9,6.2152,90.8697,12.46,-0.6386,247.95,,,,,,,
2013-01-19,,,,,,,,,,,,,,,,,,,,,,,346.93,,,,,,,
2013-01-20,,,,,,,,,,,,,,,,,,,,,,,170.57,,,,,,,
2013-01-21,,,,,,,,,,,,,,,,,,,,,,,332.22,,,,,,,
2013-01-22,112.72,96.09,,,,,,0.866,,,1.86,0.26,1.78,1.6,,,1.3304,88.62,6.2196,90.7892,12.43,,150.73,,,,,,,
2013-01-23,113.68,95.06,,,,,,0.86,,,1.86,0.26,1.78,1.6,,,1.3308,88.44,6.2178,90.8376,12.46,,168.82,,,,,,,
2013-01-24,114.59,95.35,,,,,,0.864,,,1.88,0.23,1.8,1.65,,,1.3378,90.04,6.2179,90.9112,12.69,,166.64,,,,,,,
2013-01-25,113.88,95.15,,,,,,0.858,,,1.98,0.28,1.9,1.7,,,1.3456,91.04,6.2203,91.0868,12.89,-0.6703,174.97,,,,,,,
2013-01-26,,,,,,,,,,,,,,,,,,,,,,,127.03,,,,,,,
2013-01-27,,,,,,,,,,,,,,,,,,,,,,,135.84,,,,,,,
2013-01-28,113.92,95.95,,,,,,0.83,,,2.0,0.29,1.93,1.71,,,1.3459,90.73,6.224,91.2354,13.57,,103.21,,,,,,,
2013-01-29,115.22,97.62,,,,,,0.836,,,2.03,0.3,1.96,1.73,,,1.3484,90.65,6.2259,90.9406,13.31,,140.52,,,,,,,
2013-01-30,115.42,97.98,,,,,,0.859,,,2.03,0.27,1.96,1.76,,,1.3564,91.05,6.2204,90.8836,14.32,,154.76,,,,,,,
2013-01-31,115.55,97.65,,,,,,0.856,,,2.02,0.27,1.95,1.75,,,1.3584,91.28,6.2186,90.798,14.28,,126.24,,,,,,,
2013-02-01,115.55,97.46,17.72,8060.925,2053.595,17690.1,43.40625,0.878,301.9,275.0,2.04,0.27,1.98,1.77,,,1.3692,92.54,6.2265,90.6923,12.9,-0.572,124.41,122.75716917827998,98.7941,98.4932,135546.0,232.432,93.805,
2013-02-02,,,,,,,,,,,,,,,,,,,,,,,157.19,,,,,,,
2013-02-03,,,,,,,,,,,,,,,,,,,,,,,243.55,,,,,,,
2013-02-04,116.06,96.21,,,,,,0.855,,,2.0,0.25,1.93,1.75,,,1.3527,92.57,6.2326,90.9774,14.67,,154.01,,,,,,,
2013-02-05,117.03,96.68,,,,,,0.866,,,2.04,0.27,1.97,1.77,,,1.3569,93.34,6.2292,90.881,13.72,,108.14,,,,,,,
2013-02-06,116.61,96.44,,,,,,0.854,,,2.0,0.27,1.93,1.73,,,1.3528,93.56,6.2315,91.0176,13.41,,112.99,,,,,,,
2013-02-07,117.17,95.84,,,,,,0.856,,,1.99,0.25,1.92,1.74,,,1.3382,93.24,6.2323,91.2912,13.5,,91.62,,,,,,,
2013-02-08,118.9,95.71,,,,,,0.839,,,1.99,0.25,1.92,1.74,,,1.3366,92.72,6.2323,91.3056,13.02,-0.5351,72.22,,,,,,,
2013-02-09,,,,,,,,,,,,,,,,,,,,,,,66.61,,,,,,,
2013-02-10,,,,,,,,,,,,,,,,,,,,,,,87.64,,,,,,,
2013-02-11,118.29,97.01,,,,,,0.845,,,1.99,0.27,1.9,1.72,,,1.3414,93.44,6.2323,91.4451,12.94,,75.91,,,,,,,
2013-02-12,117.89,97.48,,,,,,0.849,,,2.02,0.29,1.93,1.73,,,1.345,93.14,6.2323,91.2779,12.64,,106.26,,,,,,,
2013-02-13,118.43,97.03,,,,,,0.859,,,2.05,0.29,1.95,1.76,,,1.3448,93.39,6.2323,91.2709,12.98,,112.16,,,,,,,
2013-02-14,118.48,97.3,,,,,,0.855,,,2.0,0.27,1.89,1.73,,,1.3334,93.1,6.2323,91.366,12.66,,94.18,,,,,,,
2013-02-15,117.4,95.95,,,,,,0.866,,,2.01,0.29,1.91,1.72,,,1.3362,93.64,6.2323,91.4551,12.46,-0.6712,164.94,,,,,,,
2013-02-16,,,,,,,,,,,,,,,,,,,,,,,131.23,,,,,,,
2013-02-17,,,,,,,,,,,,,,,,,,,,,,,184.96,,,,,,,
2013-02-18,,,,,,,,,,,,,,,,,,,,,,,136.77,,,,,,,
2013-02-19,117.04,96.69,,,,,,0.882,,,2.03,0.29,1.91,1.74,,,1.3387,93.54,6.2438,91.5073,12.31,,72.63,,,,,,,
2013-02-20,116.23,94.92,,,,,,0.875,,,2.02,0.27,1.9,1.75,,,1.335,93.53,6.2371,91.6689,14.68,,95.67,,,,,,,
2013-02-21,114.19,92.79,,,,,,0.876,,,1.99,0.26,1.86,1.73,,,1.3204,92.96,6.2403,92.0394,15.22,,153.96,,,,,,,
2013-02-22,113.74,93.12,,,,,,0.863,,,1.97,0.27,1.84,1.7,,,1.3166,93.35,6.2346,92.1197,14.17,-0.6276,134.46,,,,,,,
2013-02-23,,,,,,,,,,,,,,,,,,,,,,,122.93,,,,,,,
2013-02-24,,,,,,,,,,,,,,,,,,,,,,,237.51,,,,,,,
2013-02-25,114.55,92.74,,,,,,0.872,,,1.88,0.25,1.76,1.63,,,1.3172,93.35,6.2337,92.1975,18.99,,267.23,,,,,,,
2013-02-26,112.96,92.63,,,,,,0.861,,,1.88,0.25,1.74,1.63,,,1.3054,91.38,6.2293,92.4247,16.87,,335.75,,,,,,,
2013-02-27,112.24,92.84,,,,,,0.864,,,1.91,0.27,1.8,1.64,,,1.3104,91.88,6.2271,92.234,14.73,,186.2,,,,,,,
2013-02-28,112.2,92.03,,,,,,0.863,,,1.89,0.25,1.78,1.64,,,1.3079,92.36,6.2213,92.295,15.51,,234.74,,,,,,,
2013-03-01,110.14,90.71,18.31,7652.375,1911.2825,16731.7,42.28125,0.848,303.8,271.6,1.86,0.25,1.75,1.61,,,1.2988,93.38,6.2226,92.6177,15.36,-0.5162,324.04,145.56859862171578,99.1921,99.8073,135689.0,233.052,93.891,
2013-03-02,,,,,,,,,,,,,,,,,,,,,,,202.86,,,,,,,
2013-03-03,,,,,,,,,,,,,,,,,,,,,,,122.32,,,,,,,
2013-03-04,109.9,90.13,,,,,,0.84,,,1.88,0.24,1.77,1.64,,,1.2996,93.32,6.2246,92.6316,14.01,,160.7,,,,,,,
2013-03-05,110.42,90.88,,,,,,0.84,,,1.9,0.25,1.82,1.65,,,1.3019,93.39,6.2208,92.4965,13.48,,144.85,,,,,,,
2013-03-06,110.27,90.47,,,,,,0.843,,,1.95,0.25,1.85,1.7,,,1.299,93.64,6.2173,,13.53,,172.55,,,,,,,
2013-03-07,110.42,91.53,,,,,,,,,2.0,0.25,1.9,1.75,,,1.3098,95.0,6.22,92.5462,13.06,,100.39,,,,,,,
2013-03-08,108.91,92.01,,,,,,0.863,,,2.06,0.27,1.96,1.79,,,1.2992,96.0,6.2145,92.6252,12.59,-0.754,95.85,,,,,,,
2013-03-09,,,,,,,,,,,,,,,,,,,,,,,233.7,,,,,,,
2013-03-10,,,,,,,,,,,,,,,,,,,,,,,136.13,,,,,,,
2013-03-11,108.64,92.07,,,,,,0.865,,,2.07,0.27,1.97,1.8,,,1.3014,96.12,6.2179,92.5351,11.56,,117.47,,,,,,,
2013-03-12,108.48,92.44,,,,,,0.868,,,2.03,0.27,1.93,1.76,,,1.3023,95.96,6.216,92.3853,12.27,,111.62,,,,,,,
2013-03-13,107.51,92.47,,,,,,0.872,,,2.04,0.27,1.95,1.77,,,1.2949,96.0,6.2137,92.4709,11.83,,122.09,,,,,,,
2013-03-14,108.1,93.03,,,,,,0.888,,,2.04,0.27,1.94,1.77,,,1.2974,96.16,6.2145,92.4695,11.3,,58.06,,,,,,,
2013-03-15,109.32,93.49,,,,,,0.903,,,2.01,0.25,1.92,1.76,,,1.3076,95.26,6.2133,92.128,11.3,-0.7896,104.12,,,,,,,
2013-03-16,,,,,,,,,,,,,,,,,,,,,,,77.03,,,,,,,
2013-03-17,,,,,,,,,,,,,,,,,,,,,,,148.54,,,,,,,
2013-03-18,108.54,93.71,,,,,,0.905,,,1.96,0.26,1.89,1.7,,,1.2956,94.92,6.2156,92.3377,13.36,,115.79,,,,,,,
2013-03-19,106.91,92.44,,,,,,0.913,,,1.92,0.24,1.85,1.68,,,1.2888,94.85,6.2154,92.526,14.39,,130.57,,,,,,,
2013-03-20,108.27,93.21,,,,,,0.916,,,1.96,0.26,1.89,1.7,,,1.295,95.51,6.2117,92.4141,12.67,,144.81,,,,,,,
2013-03-21,106.41,92.46,,,,,,0.909,,,1.95,0.27,1.88,1.68,,,1.2928,95.06,6.2141,92.3322,13.99,,156.2,,,,,,,
2013-03-22,106.51,93.41,,,,,,0.925,,,1.93,0.26,1.86,1.67,,,1.2996,94.48,6.212,92.2051,13.57,-0.5794,105.79,,,,,,,
2013-03-23,,,,,,,,,,,,,,,,,,,,,,,109.54,,,,,,,
2013-03-24,,,,,,,,,,,,,,,,,,,,,,,126.08,,,,,,,
2013-03-25,106.66,94.55,,,,,,0.938,,,1.93,0.24,1.85,1.69,,,1.2881,94.34,6.2105,92.3081,13.74,,178.57,,,,,,,
2013-03-26,107.1,95.99,,,,,,0.963,,,1.92,0.25,1.85,1.67,,,1.2858,94.22,6.2108,92.232,12.77,,163.29,,,,,,,
2013-03-27,108.51,96.53,,,,,,0.96,,,1.87,0.25,1.78,1.62,,,1.2782,94.38,6.2138,92.446,13.15,,177.06,,,,,,,
2013-03-28,108.46,97.24,,,,,,0.954,,,1.87,0.25,1.8,1.62,,,1.2842,94.02,6.2143,92.2544,12.7,,72.92,,,,,,,
2013-03-29,,,,,,,,,,,,,,,,,1.2816,94.16,6.2108,92.302,,-0.6312,90.71,,,,,,,
2013-03-30,,,,,,,,,,,,,,,,,,,,,,,115.02,,,,,,,
2013-03-31,,,,,,,,,,,,,,,,,,,,,,,154.03,,,,,,,
2013-04-01,108.76,97.1,17.71,7221.161904761905,1861.02380952381,15629.30952380952,41.4125,0.941,297.2,276.5,1.86,0.23,1.78,1.63,,,1.2857,93.3,6.2078,92.1687,13.58,,104.12,136.20573390160476,99.1065,99.4749,135873.0,233.236,93.937,2218961181861.7
2013-04-02,109.66,97.23,,,,,,0.929,,,1.88,0.25,1.81,1.63,,,1.2836,93.43,6.1992,92.1432,12.78,,86.12,,,,,,,
2013-04-03,107.82,95.02,,,,,,0.908,,,1.83,0.24,1.77,1.59,,,1.2847,92.96,6.1962,92.104,14.21,,85.68,,,,,,,
2013-04-04,105.09,93.26,,,,,,0.901,,,1.78,0.22,1.71,1.56,,,1.2854,96.12,6.2005,92.3896,13.89,,101.29,,,,,,,
2013-04-05,103.98,92.76,,,,,,0.909,,,1.72,0.24,1.65,1.48,,,1.3027,96.86,6.2005,92.1043,13.92,-0.5588,104.65,,,,,,,
2013-04-06,,,,,,,,,,,,,,,,,,,,,,,138.62,,,,,,,
2013-04-07,,,,,,,,,,,,,,,,,,,,,,,123.55,,,,,,,
2013-04-08,103.16,93.36,,,,,,0.924,,,1.76,0.24,1.69,1.52,,,1.3008,98.9,6.2031,92.2317,13.19,,64.04,,,,,,,
2013-04-09,104.08,94.18,,,,,,0.936,,,1.78,0.24,1.72,1.54,,,1.3092,99.02,6.2022,91.9669,12.84,,68.93,,,,,,,
2013-04-10,104.8,94.59,,,,,,0.936,,,1.84,0.24,1.77,1.6,,,1.306,99.61,6.1938,91.9598,12.36,,145.88,,,,,,,
2013-04-11,103.62,93.44,,,,,,0.94,,,1.82,0.24,1.75,1.58,,,1.3124,99.42,6.1961,91.6972,12.24,,55.27,,,,,,,
2013-04-12,100.58,91.23,,,,,,0.958,,,1.75,0.22,1.69,1.53,,,1.3094,98.98,6.1914,91.7967,12.06,-0.7287,42.73,,,,,,,
2013-04-13,,,,,,,,,,,,,,,,,,,,,,,84.41,,,,,,,
2013-04-14,,,,,,,,,,,,,,,,,,,,,,,114.58,,,,,,,
2013-04-15,99.32,88.75,,,,,,0.947,,,1.72,0.22,1.66,1.5,,,1.3082,98.0,6.1866,91.9457,17.27,,138.99,,,,,,,
2013-04-16,97.88,88.73,,,,,,0.941,,,1.75,0.24,1.69,1.51,,,1.3141,97.86,6.1824,91.8451,13.96,,27.22,,,,,,,
2013-04-17,96.84,86.65,,,,,,0.943,,,1.73,0.24,1.67,1.49,,,1.3049,97.74,6.172,92.1372,16.51,,86.66,,,,,,,
2013-04-18,97.48,87.83,,,,,,0.95,,,1.72,0.24,1.67,1.48,,,1.3072,98.22,6.1811,92.176,17.56,,51.21,,,,,,,
2013-04-19,98.94,88.04,,,,,,0.945,,,1.73,0.24,1.68,1.49,,,1.3066,99.28,6.1772,92.2166,14.97,-0.4951,57.5,,,,,,,
2013-04-20,,,,,,,,,,,,,,,,,,,,,,,83.67,,,,,,,
2013-04-21,,,,,,,,,,,,,,,,,,,,,,,106.18,,,,,,,
2013-04-22,99.07,88.81,,,,,,0.948,,,1.72,0.24,1.67,1.48,,,1.305,99.29,6.1823,92.3591,14.39,,64.71,,,,,,,
2013-04-23,99.25,89.21,,,,,,0.933,,,1.74,0.23,1.69,1.51,,,1.3012,99.43,6.179,92.3836,13.48,,111.75,,,,,,,
2013-04-24,100.71,91.07,,,,,,0.948,,,1.73,0.23,1.67,1.5,,,1.2997,99.39,6.1782,92.4581,13.61,,126.26,,,,,,,
2013-04-25,101.62,93.27,,,,,,0.948,,,1.74,0.23,1.69,1.51,,,1.3004,99.42,6.1707,92.0394,13.62,,44.58,,,,,,,
2013-04-26,102.39,92.63,,,,,,0.965,,,1.7,0.22,1.65,1.48,,,1.3024,97.84,6.1647,91.9012,13.61,-0.6905,92.18,,,,,,,
2013-04-27,,,,,,,,,,,,,,,,,,,,,,,59.83,,,,,,,
2013-04-28,,,,,,,,,,,,,,,,,,,,,,,115.63,,,,,,,
2013-04-29,102.88,94.09,,,,,,0.966,,,1.7,0.2,1.65,1.5,,,1.309,98.09,6.1647,91.6539,13.71,,107.23,,,,,,,
2013-04-30,101.53,93.22,,,,,,0.945,,,1.7,0.22,1.65,1.48,,,1.3168,97.52,6.1647,91.3741,13.52,,81.56,,,,,,,
2013-05-01,98.34,90.74,16.94,7248.714285714286,1832.571428571429,14948.22619047619,40.605,0.925,305.0,276.8,1.66,0.2,1.6,1.46,,,1.3192,97.28,6.1647,91.4331,14.49,,74.13,107.75691938636902,99.1839,99.5804,136096.0,233.462,94.047,
2013-05-02,100.32,93.7,,,,,,0.936,,,1.66,0.2,1.61,1.46,,,1.3066,97.96,6.156,91.6174,13.59,,101.98,,,,,,,
2013-05-03,104.6,95.25,,,,,,0.955,,,1.78,0.22,1.73,1.56,,,1.3112,99.1,6.1555,91.5087,12.85,-0.67,104.35,,,,,,,
2013-05-04,,,,,,,,,,,,,,,,,,,,,,,91.0,,,,,,,
2013-05-05,,,,,,,,,,,,,,,,,,,,,,,103.25,,,,,,,
2013-05-06,105.0,95.8,,,,,,0.958,,,1.8,0.22,1.76,1.58,,,1.3067,99.35,6.1665,91.6387,12.66,,68.88,,,,,,,
2013-05-07,105.18,95.28,,,,,,0.902,,,1.82,0.22,1.78,1.6,,,1.3085,99.0,6.1539,91.5201,12.83,,110.22,,,,,,,
2013-05-08,103.79,96.24,,,,,,0.968,,,1.81,0.22,1.77,1.59,,,1.3177,98.9,6.141,91.1848,12.66,,60.31,,,,,,,
2013-05-09,103.59,96.09,,,,,,0.958,,,1.81,0.22,1.77,1.59,,,1.3105,99.29,6.1306,91.3036,13.13,,30.12,,,,,,,
2013-05-10,101.31,95.81,,,,,,0.951,,,1.9,0.26,1.86,1.64,,,1.2955,101.74,6.1415,92.2527,12.59,-0.7698,65.03,,,,,,,
2013-05-11,,,,,,,,,,,,,,,,,,,,,,,95.81,,,,,,,
2013-05-12,,,,,,,,,,,,,,,,,,,,,,,100.52,,,,,,,
2013-05-13,102.17,94.76,,,,,,0.934,,,1.92,0.24,1.87,1.68,,,1.2981,101.84,6.1465,92.2711,12.55,,51.8,,,,,,,
2013-05-14,102.7,93.96,,,,,,0.929,,,1.96,0.26,1.91,1.7,,,1.2969,102.18,6.1426,92.3697,12.77,,166.99,,,,,,,
2013-05-15,101.57,93.95,,,,,,0.936,,,1.94,0.26,1.9,1.68,,,1.2857,102.44,6.1454,92.7691,12.81,,60.66,,,,,,,
2013-05-16,104.27,94.85,,,,,,0.941,,,1.87,0.23,1.84,1.64,,,1.2898,102.22,6.1487,92.6602,13.07,,75.24,,,,,,,
2013-05-17,103.83,95.72,,,,,,0.953,,,1.95,0.26,1.91,1.69,,,1.2818,102.98,6.141,93.1617,12.45,-0.6158,27.77,,,,,,,
2013-05-18,,,,,,,,,,,,,,,,,,,,,,,93.67,,,,,,,
2013-05-19,,,,,,,,,,,,,,,,,,,,,,,96.28,,,,,,,
2013-05-20,104.55,96.29,,,,,,0.951,,,1.97,0.26,1.92,1.71,,,1.2865,102.54,6.1386,93.0359,13.02,,76.24,,,,,,,
2013-05-21,103.1,95.55,,,,,,0.941,,,1.94,0.26,1.9,1.68,,,1.291,102.36,6.1353,92.9662,13.37,,54.39,,,,,,,
2013-05-22,102.14,93.98,,,,,,0.915,,,2.03,0.26,1.99,1.77,,,1.2864,103.52,6.1309,93.3104,13.82,,78.07,,,,,,,
2013-05-23,100.46,94.12,,,,,,0.911,,,2.02,0.26,1.97,1.76,,,1.2944,101.66,6.1337,93.2113,14.07,,68.76,,,,,,,
2013-05-24,101.24,93.84,,,,,,0.914,,,2.01,0.26,1.97,1.75,,,1.292,100.98,6.1311,93.2768,13.99,-0.5352,75.95,,,,,,,
2013-05-25,,,,,,,,,,,,,,,,,,,,,,,50.14,,,,,,,
2013-05-26,,,,,,,,,,,,,,,,,,,,,,,109.35,,,,,,,
2013-05-27,,,,,,,,,,,,,,,,,,,,,,,87.19,,,,,,,
2013-05-28,103.77,94.65,,,,,,0.924,,,2.15,0.29,2.1,1.86,,,1.287,102.07,6.1213,93.5853,14.48,,56.65,,,,,,,
2013-05-29,102.14,93.13,,,,,,0.903,,,2.13,0.3,2.08,1.83,,,1.2944,100.91,6.1264,93.531,14.83,,69.87,,,,,,,
2013-05-30,101.79,93.57,,,,,,0.907,,,2.13,0.31,2.09,1.82,,,1.3042,101.06,6.1307,93.4219,14.53,,58.2,,,,,,,
2013-05-31,100.43,91.93,,,,,,0.895,,,2.16,0.3,2.12,1.86,,,1.2988,100.83,6.134,93.6076,16.3,-0.3687,66.84,,,,,,,
2013-06-01,,,17.69,7000.2375,1814.5375,14280.275,39.9375,,302.5,276.6,,,,,,,,,,,,,68.25,127.51606137664947,99.3897,101.8807,136279.0,233.64,94.209,
2013-06-02,,,,,,,,,,,,,,,,,,,,,,,65.5,,,,,,,
2013-06-03,101.63,93.41,,,,,,0.908,,,2.13,0.3,2.08,1.83,,,1.3098,99.18,6.1312,93.163,16.28,,85.84,,,,,,,
2013-06-04,102.04,93.36,,,,,,0.903,,,2.14,0.32,2.1,1.82,,,1.3075,100.15,6.1285,93.3067,16.27,,60.51,,,,,,,
2013-06-05,103.51,93.66,,,,,,0.903,,,2.1,0.3,2.05,1.8,,,1.3088,99.16,6.1276,93.275,17.5,,63.07,,,,,,,
2013-06-06,103.37,94.71,,,,,,0.908,,,2.08,0.3,2.03,1.78,,,1.3248,97.76,6.1359,92.809,16.63,,60.6,,,,,,,
2013-06-07,104.07,96.11,,,,,,0.908,,,2.17,0.32,2.13,1.85,,,1.3242,97.2,6.1333,92.6056,15.14,-0.0907,63.43,,,,,,,
2013-06-08,,,,,,,,,,,,,,,,,,,,,,,101.54,,,,,,,
2013-06-09,,,,,,,,,,,,,,,,,,,,,,,72.35,,,,,,,
2013-06-10,103.87,95.82,,,,,,0.89,,,2.22,0.32,2.17,1.9,,,1.3234,98.88,6.1333,92.973,15.44,,76.66,,,,,,,
2013-06-11,101.5,95.5,,,,,,0.881,,,2.2,0.34,2.15,1.86,,,1.3278,96.82,6.1333,92.7996,17.07,,83.91,,,,,,,
2013-06-12,103.11,95.98,,,,,,0.865,,,2.25,0.34,2.2,1.91,,,1.3354,95.36,6.1333,92.4775,18.59,,81.19,,,,,,,
2013-06-13,103.38,96.66,,,,,,0.863,,,2.19,0.32,2.14,1.87,,,1.3314,94.29,6.1341,92.3449,16.41,,48.34,,,,,,,
2013-06-14,105.1,97.83,,,,,,0.863,,,2.14,0.29,2.09,1.85,,,1.333,94.34,6.1306,92.1886,17.15,-0.1508,89.93,,,,,,,
2013-06-15,,,,,,,,,,,,,,,,,,,,,,,52.02,,,,,,,
2013-06-16,,,,,,,,,,,,,,,,,,,,,,,102.86,,,,,,,
2013-06-17,105.8,97.86,,,,,,0.839,,,2.19,0.27,2.14,1.92,,,1.3341,94.87,6.1248,92.3332,16.8,,108.54,,,,,,,
2013-06-18,105.21,98.46,,,,,,0.826,,,2.2,0.27,2.15,1.93,,,1.3407,95.2,6.1283,92.5432,16.61,,96.83,,,,,,,
2013-06-19,105.56,98.24,,,,,,0.82,,,2.33,0.31,2.28,2.02,,,1.3404,95.22,6.1264,92.4755,16.64,,117.49,,,,,,,
2013-06-20,102.72,94.89,,,,,,0.814,,,2.41,0.33,2.36,2.08,,,1.3214,98.18,6.1277,94.125,20.49,,58.6,,,,,,,
2013-06-21,100.36,93.81,,,,,,0.829,,,2.52,0.38,2.47,2.14,,,1.3113,97.48,6.1328,94.4243,18.9,-0.1217,89.92,,,,,,,
2013-06-22,,,,,,,,,,,,,,,,,,,,,,,67.01,,,,,,,
2013-06-23,,,,,,,,,,,,,,,,,,,,,,,62.97,,,,,,,
2013-06-24,99.8,95.07,,,,,,0.845,,,2.57,0.42,2.51,2.15,,,1.3091,97.7,6.1441,94.5714,20.11,,79.15,,,,,,,
2013-06-25,101.51,95.25,,,,,,0.848,,,2.6,0.43,2.54,2.17,,,1.308,97.87,6.1448,94.3285,18.47,,69.15,,,,,,,
2013-06-26,100.62,95.47,,,,,,0.848,,,2.55,0.39,2.49,2.16,,,1.3006,97.43,6.1468,94.3807,17.21,,74.89,,,,,,,
2013-06-27,102.74,97.0,,,,,,0.848,,,2.49,0.36,2.43,2.13,,,1.3016,98.4,6.1488,94.2429,16.86,,65.35,,,,,,,
2013-06-28,102.49,96.36,,,,,,0.849,,,2.52,0.36,2.48,2.16,,,1.301,99.21,6.1374,94.3047,16.86,0.0713,116.34,,,,,,,
2013-06-29,,,,,,,,,,,,,,,,,,,,,,,145.73,,,,,,,
2013-06-30,,,,,,,,,,,,,,,,,,,,,,,122.13,,,,,,,
2013-07-01,103.19,97.94,16.98,6906.641304347826,1769.608695652174,13750.3152173913,38.02222222222222,0.853,298.4,303.0,2.5,0.34,2.46,2.16,,,1.306,99.62,6.1325,94.0998,16.37,,78.43,107.95890058768815,99.0814,97.1514,136391.0,233.792,94.329,2225825641334.4004
2013-07-02,103.96,99.65,,,,,,0.863,,,2.48,0.34,2.45,2.14,,,1.3017,100.43,6.1327,94.4051,16.44,,89.93,,,,,,,
2013-07-03,106.12,101.92,,,,,,0.879,,,2.52,0.36,2.47,2.16,,,1.3005,99.82,6.1301,94.4767,16.2,,74.91,,,,,,,
2013-07-04,,,,,,,,,,,,,,,,,,,,,,,116.71,,,,,,,
2013-07-05,107.46,103.09,,,,,,0.879,,,2.73,0.4,2.69,2.33,,,1.2831,100.94,6.1324,95.0639,14.89,-0.1537,191.82,,,,,,,
2013-07-06,,,,,,,,,,,,,,,,,,,,,,,186.17,,,,,,,
2013-07-07,,,,,,,,,,,,,,,,,,,,,,,190.28,,,,,,,
2013-07-08,107.75,103.03,,,,,,0.886,,,2.65,0.37,2.6,2.28,,,1.2863,101.07,6.1337,94.9954,14.78,,153.37,,,,,,,
2013-07-09,107.9,103.46,,,,,,0.903,,,2.65,0.37,2.61,2.28,,,1.2774,101.08,6.1293,94.9467,14.35,,142.43,,,,,,,
2013-07-10,108.43,106.41,,,,,,0.926,,,2.7,0.38,2.66,2.32,,,1.2846,100.1,6.1336,94.7595,14.21,,64.98,,,,,,,
2013-07-11,108.18,104.77,,,,,,0.914,,,2.6,0.34,2.56,2.26,,,1.3046,98.8,6.135,93.949,14.01,,26.79,,,,,,,
2013-07-12,109.03,105.85,,,,,,0.93,,,2.61,0.37,2.57,2.24,,,1.3048,99.39,6.1373,94.0029,13.84,-0.3108,50.01,,,,,,,
2013-07-13,,,,,,,,,,,,,,,,,,,,,,,59.42,,,,,,,
2013-07-14,,,,,,,,,,,,,,,,,,,,,,,97.13,,,,,,,
2013-07-15,109.05,106.2,,,,,,0.931,,,2.57,0.34,2.53,2.23,,,1.3039,100.04,6.1373,93.9729,13.79,,75.52,,,,,,,
2013-07-16,109.29,105.88,,,,,,0.936,,,2.55,0.34,2.52,2.21,,,1.3144,99.37,6.1345,93.5232,14.42,,90.59,,,,,,,
2013-07-17,109.67,106.39,,,,,,0.95,,,2.52,0.32,2.49,2.2,,,1.3094,99.7,6.1351,93.5498,13.78,,70.45,,,,,,,
2013-07-18,109.71,107.94,,,,,,0.968,,,2.56,0.32,2.53,2.24,,,1.3078,100.6,6.1408,93.681,13.77,,46.82,,,,,,,
2013-07-19,109.34,108.0,,,,,,0.967,,,2.5,0.32,2.47,2.18,,,1.3142,100.3,6.1377,93.4759,12.54,-0.5181,87.73,,,,,,,
2013-07-20,,,,,,,,,,,,,,,,,,,,,,,29.45,,,,,,,
2013-07-21,,,,,,,,,,,,,,,,,,,,,,,89.47,,,,,,,
2013-07-22,108.82,106.61,,,,,,0.945,,,2.5,0.32,2.46,2.18,,,1.3193,99.6,6.1404,93.2253,12.29,,177.9,,,,,,,
2013-07-23,109.27,107.13,,,,,,0.938,,,2.53,0.33,2.51,2.2,,,1.3212,99.76,6.1369,93.1631,12.66,,63.97,,,,,,,
2013-07-24,108.23,105.41,,,,,,0.928,,,2.61,0.34,2.58,2.27,,,1.3228,100.21,6.1358,93.3124,13.18,,107.63,,,,,,,
2013-07-25,108.1,105.47,,,,,,0.921,,,2.61,0.32,2.59,2.29,,,1.3234,99.56,6.1346,93.2862,12.97,,57.31,,,,,,,
2013-07-26,107.57,104.76,,,,,,0.919,,,2.58,0.31,2.55,2.27,,,1.3269,98.24,6.1316,93.1695,12.72,-0.4937,28.78,,,,,,,
2013-07-27,,,,,,,,,,,,,,,,,,,,,,,58.63,,,,,,,
2013-07-28,,,,,,,,,,,,,,,,,,,,,,,96.41,,,,,,,
2013-07-29,108.1,104.61,,,,,,0.932,,,2.61,0.33,2.58,2.28,,,1.3262,97.8,6.1323,93.1663,13.39,,133.04,,,,,,,
2013-07-30,107.47,103.14,,,,,,0.941,,,2.63,0.33,2.59,2.3,,,1.3266,98.02,6.1315,93.3976,13.39,,76.21,,,,,,,
2013-07-31,107.89,105.1,,,,,,0.943,,,2.6,0.31,2.56,2.29,,,1.3282,98.35,6.1284,93.5703,13.45,,77.62,,,,,,,
2013-08-01,109.94,107.93,17.0,7186.25,1816.235714285714,14308.2619047619,34.99416264090176,0.971,304.9,304.1,2.74,0.35,2.7,2.39,,,1.3217,99.3,6.1302,93.7972,12.94,,92.95,119.31401795530486,99.6543,101.0031,136646.0,234.258,94.431,
2013-08-02,109.63,106.94,,,,,,0.969,,,2.63,0.3,2.59,2.33,,,1.3268,99.04,6.1293,93.5789,11.98,-0.3668,57.34,,,,,,,
2013-08-03,,,,,,,,,,,,,,,,,,,,,,,117.54,,,,,,,
2013-08-04,,,,,,,,,,,,,,,,,,,,,,,116.55,,,,,,,
2013-08-05,109.81,106.61,,,,,,0.963,,,2.67,0.32,2.62,2.35,,,1.3257,98.54,6.1245,93.507,11.84,,65.12,,,,,,,
2013-08-06,108.77,105.32,,,,,,0.964,,,2.67,0.32,2.63,2.35,,,1.3296,97.85,6.1215,93.3199,12.72,,60.63,,,,,,,
2013-08-07,108.39,104.41,,,,,,0.998,,,2.61,0.32,2.56,2.29,,,1.3329,96.72,6.119,93.2652,12.98,,100.46,,,,,,,
2013-08-08,107.32,103.45,,,,,,1.001,,,2.58,0.3,2.53,2.28,,,1.3392,96.03,6.1207,92.8483,12.73,,83.3,,,,,,,
2013-08-09,108.49,106.04,,,,,,1.018,,,2.57,0.32,2.52,2.25,,,1.3338,96.24,6.1217,92.8394,13.41,-0.4133,99.01,,,,,,,
2013-08-10,,,,,,,,,,,,,,,,,,,,,,,137.39,,,,,,,
2013-08-11,,,,,,,,,,,,,,,,,,,,,,,145.71,,,,,,,
2013-08-12,109.28,106.19,,,,,,1.02,,,2.61,0.32,2.55,2.29,,,1.3312,96.44,6.1218,92.9178,12.81,,80.69,,,,,,,
2013-08-13,110.69,106.78,,,,,,1.03,,,2.71,0.34,2.65,2.37,,,1.3247,98.06,6.1217,93.476,12.31,,82.77,,,,,,,
2013-08-14,110.26,106.89,,,,,,1.046,,,2.71,0.34,2.66,2.37,,,1.3256,98.15,6.1191,93.382,13.04,,65.28,,,,,,,
2013-08-15,111.58,107.43,,,,,,1.059,,,2.77,0.36,2.72,2.41,,,1.3263,97.81,6.1123,93.5059,14.73,,43.95,,,,,,,
2013-08-16,111.82,107.58,,,,,,1.073,,,2.84,0.36,2.79,2.48,,,1.3321,97.6,6.1145,93.4255,14.37,-0.3751,76.5,,,,,,,
2013-08-17,,,,,,,,,,,,,,,,,,,,,,,67.78,,,,,,,
2013-08-18,,,,,,,,,,,,,,,,,,,,,,,121.14,,,,,,,
2013-08-19,111.41,107.14,,,,,,1.088,,,2.88,0.36,2.82,2.52,,,1.3348,97.94,6.1227,93.6623,15.1,,136.62,,,,,,,
2013-08-20,110.74,104.9,,,,,,1.078,,,2.82,0.36,2.78,2.46,,,1.3426,97.12,6.1241,93.5536,14.91,,111.56,,,,,,,
2013-08-21,110.82,103.93,,,,,,1.111,,,2.87,0.38,2.83,2.49,,,1.3368,97.66,6.1229,94.0362,15.94,,96.17,,,,,,,
2013-08-22,110.51,104.93,,,,,,1.111,,,2.9,0.42,2.87,2.48,,,1.3362,98.53,6.1206,94.2804,14.76,,89.29,,,,,,,
2013-08-23,112.12,106.48,,,,,,1.123,,,2.82,0.4,2.79,2.42,,,1.3392,98.57,6.12,93.9466,13.98,-0.1962,45.99,,,,,,,
2013-08-24,,,,,,,,,,,,,,,,,,,,,,,106.31,,,,,,,
2013-08-25,,,,,,,,,,,,,,,,,,,,,,,124.21,,,,,,,
2013-08-26,112.23,105.88,,,,,,1.111,,,2.79,0.41,2.75,2.38,,,1.3369,98.64,6.1202,94.1853,14.99,,124.03,,,,,,,
2013-08-27,115.21,109.11,,,,,,1.111,,,2.72,0.38,2.67,2.34,,,1.3387,97.3,6.1212,94.3934,16.77,,86.16,,,,,,,
2013-08-28,116.27,110.17,,,,,,1.163,,,2.78,0.4,2.75,2.38,,,1.3326,97.65,6.1202,94.4127,16.49,,64.04,,,,,,,
2013-08-29,116.91,108.51,,,,,,1.166,,,2.75,0.39,2.73,2.36,,,1.3228,98.46,6.1203,94.6398,16.81,,87.64,,,,,,,
2013-08-30,115.97,107.98,,,,,,1.175,,,2.78,0.39,2.75,2.39,,,1.3196,98.22,6.1193,94.7541,17.01,-0.1738,91.16,,,,,,,
2013-08-31,,,,,,,,,,,,,,,,,,,,,,,101.91,,,,,,,
2013-09-01,,,17.01,7159.269047619048,1761.304761904762,13801.39285714286,34.45328674948238,,299.4,304.8,,,,,,,,,,,,,100.75,138.6233897021561,100.161,101.0058,136821.0,234.782,94.543,
2013-09-02,,,,,,,,,,,,,,,,,,,,,,,137.6,,,,,,,
2013-09-03,115.49,108.67,,,,,,1.191,,,2.86,0.43,2.84,2.43,,,1.3164,99.43,6.1204,94.9574,16.61,,168.05,,,,,,,
2013-09-04,115.65,107.29,,,,,,1.182,,,2.9,0.46,2.88,2.44,,,1.3212,99.61,6.1199,94.5739,15.88,,133.57,,,,,,,
2013-09-05,115.81,108.5,,,,,,1.136,,,2.98,0.52,2.96,2.46,,,1.312,100.08,6.1194,94.8891,15.77,,121.68,,,,,,,
2013-09-06,117.15,110.62,,,,,,1.134,,,2.94,0.46,2.92,2.48,,,1.3166,99.04,6.1202,94.2487,15.85,-0.2531,174.48,,,,,,,
2013-09-07,,,,,,,,,,,,,,,,,,,,,,,179.74,,,,,,,
2013-09-08,,,,,,,,,,,,,,,,,,,,,,,95.48,,,,,,,
2013-09-09,115.2,109.62,,,,,,1.115,,,2.9,0.45,2.88,2.45,,,1.326,99.55,6.1209,94.0009,15.63,,59.96,,,,,,,
2013-09-10,112.1,107.48,,,,,,1.066,,,2.96,0.5,2.94,2.46,,,1.326,100.22,6.1195,93.938,14.53,,53.0,,,,,,,
2013-09-11,112.37,107.65,,,,,,1.113,,,2.93,0.47,2.91,2.46,,,1.3301,100.08,6.1183,93.7112,13.82,,96.02,,,,,,,
2013-09-12,113.11,108.72,,,,,,1.144,,,2.92,0.45,2.91,2.47,,,1.3315,99.24,6.1178,93.5903,14.29,,59.84,,,,,,,
2013-09-13,113.31,108.31,,,,,,1.14,,,2.9,0.45,2.89,2.45,,,1.3276,99.38,6.1186,93.6666,14.16,-0.3313,39.94,,,,,,,
2013-09-14,,,,,,,,,,,,,,,,,,,,,,,91.28,,,,,,,
2013-09-15,,,,,,,,,,,,,,,,,,,,,,,83.42,,,,,,,
2013-09-16,110.86,106.54,,,,,,1.134,,,2.88,0.41,2.86,2.47,,,1.335,98.98,6.1198,93.2875,14.38,,149.94,,,,,,,
2013-09-17,109.05,105.36,,,,,,1.116,,,2.86,0.39,2.85,2.47,,,1.3357,99.16,6.1213,93.2231,14.53,,127.79,,,,,,,
2013-09-18,109.09,108.23,,,,,,1.137,,,2.69,0.34,2.68,2.35,,,1.3351,99.04,6.121,93.2569,13.59,,84.39,,,,,,,
2013-09-19,110.66,106.26,,,,,,1.106,,,2.76,0.34,2.75,2.42,,,1.3527,99.33,6.121,92.4082,13.16,,87.37,,,,,,,
2013-09-20,110.22,104.7,,,,,,1.099,,,2.75,0.34,2.74,2.41,,,1.3522,99.38,6.121,92.6049,13.12,-0.4548,160.51,,,,,,,
2013-09-21,,,,,,,,,,,,,,,,,,,,,,,230.7,,,,,,,
2013-09-22,,,,,,,,,,,,,,,,,,,,,,,115.33,,,,,,,
2013-09-23,108.56,103.62,,,,,,1.078,,,2.72,0.35,2.7,2.37,,,1.352,98.76,6.1201,92.613,14.31,,105.52,,,,,,,
2013-09-24,107.68,103.22,,,,,,1.055,,,2.67,0.35,2.65,2.32,,,1.349,98.76,6.1208,92.7691,14.08,,127.69,,,,,,,
2013-09-25,109.46,102.68,,,,,,1.028,,,2.63,0.36,2.61,2.27,,,1.3536,98.62,6.119,92.7675,14.01,,134.2,,,,,,,
2013-09-26,108.86,103.1,,,,,,1.038,,,2.66,0.34,2.66,2.32,,,1.3484,98.95,6.1194,93.0096,14.06,,83.62,,,,,,,
2013-09-27,109.45,102.86,,,,,,1.059,,,2.64,0.34,2.62,2.3,,,1.3537,98.3,6.1179,92.9747,15.46,-0.3496,91.83,,,,,,,
2013-09-28,,,,,,,,,,,,,,,,,,,,,,,124.0,,,,,,,
2013-09-29,,,,,,,,,,,,,,,,,,,,,,,127.01,,,,,,,
2013-09-30,107.85,102.36,,,,,,1.059,,,2.64,0.33,2.62,2.31,,,1.3535,98.29,6.12,92.9207,16.6,,156.8,,,,,,,
2013-10-01,107.32,102.09,16.49,7203.021739130435,1814.582608695652,14117.65217391304,34.8484955891619,1.082,285.0,285.9,2.66,0.33,2.64,2.33,,,1.3534,98.05,6.12,92.9515,15.54,,271.77,168.48061820680076,100.082,100.9502,137041.0,235.162,94.703,2232357522786.6
2013-10-02,109.09,104.15,,,,,,1.084,,,2.63,0.31,2.61,2.32,,,1.3592,97.36,6.12,92.772,16.6,,205.03,,,,,,,
2013-10-03,109.49,103.29,,,,,,1.094,,,2.62,0.33,2.59,2.29,,,1.3642,97.08,6.12,92.7461,17.67,,142.62,,,,,,,
2013-10-04,109.42,103.83,,,,,,1.095,,,2.66,0.33,2.63,2.33,,,1.3582,97.2,6.12,92.6469,16.74,-0.2636,187.28,,,,,,,
2013-10-05,,,,,,,,,,,,,,,,,,,,,,,170.83,,,,,,,
2013-10-06,,,,,,,,,,,,,,,,,,,,,,,173.15,,,,,,,
2013-10-07,109.66,103.07,,,,,,1.093,,,2.65,0.37,2.62,2.28,,,1.3569,97.02,6.12,92.6725,19.41,,135.95,,,,,,,
2013-10-08,110.56,103.54,,,,,,1.106,,,2.66,0.4,2.61,2.26,,,1.3582,96.94,6.1206,92.7558,20.34,,198.47,,,,,,,
2013-10-09,109.02,101.63,,,,,,1.103,,,2.68,0.37,2.63,2.31,,,1.3513,97.23,6.1209,93.0829,19.6,,164.69,,,,,,,
2013-10-10,111.63,103.08,,,,,,1.133,,,2.71,0.35,2.66,2.36,,,1.3535,98.09,6.1156,92.8579,16.48,,208.16,,,,,,,
2013-10-11,110.65,102.17,,,,,,1.136,,,2.7,0.35,2.62,2.35,,,1.3559,98.42,6.1204,92.854,15.72,-0.3972,197.5,,,,,,,
2013-10-12,,,,,,,,,,,,,,,,,,,,,,,173.8,,,,,,,
2013-10-13,,,,,,,,,,,,,,,,,,,,,,,255.14,,,,,,,
2013-10-14,110.13,102.46,,,,,,1.145,,,,,,,,,,,,,16.07,,317.57,,,,,,,
2013-10-15,110.67,101.15,,,,,,1.154,,,2.75,0.37,2.61,2.38,,,1.3494,98.58,6.1026,92.7642,18.66,,311.33,,,,,,,
2013-10-16,110.79,102.34,,,,,,1.165,,,2.69,0.34,2.59,2.35,,,1.349,98.9,6.0996,92.6819,14.71,,302.38,,,,,,,
2013-10-17,109.55,100.72,,,,,,1.148,,,2.61,0.33,2.56,2.28,,,1.3664,97.85,6.098,92.0246,13.48,,323.65,,,,,,,
2013-10-18,109.4,100.87,,,,,,1.155,,,2.6,0.33,2.56,2.27,,,1.3693,97.77,6.0966,91.9989,13.04,-0.5625,199.23,,,,,,,
2013-10-19,,,,,,,,,,,,,,,,,,,,,,,151.96,,,,,,,
2013-10-20,,,,,,,,,,,,,,,,,,,,,,,152.96,,,,,,,
2013-10-21,109.47,99.28,,,,,,1.153,,,2.63,0.33,2.59,2.3,,,1.3672,98.14,6.0924,92.2498,13.16,,10.92,,,,,,,
2013-10-22,109.57,97.63,,,,,,1.148,,,2.54,0.31,2.5,2.23,,,1.3778,98.18,6.0925,91.9563,13.33,,101.82,,,,,,,
2013-10-23,107.74,96.9,,,,,,1.145,,,2.51,0.31,2.47,2.2,,,1.3786,97.28,6.0833,92.0947,13.42,,172.74,,,,,,,
2013-10-24,106.63,96.65,,,,,,1.144,,,2.53,0.33,2.5,2.2,,,1.381,97.36,6.0815,92.1867,13.2,,85.92,,,,,,,
2013-10-25,105.7,97.4,,,,,,1.156,,,2.53,0.32,2.49,2.21,,,1.3794,97.46,6.0838,92.1623,13.09,-0.584,125.94,,,,,,,
2013-10-26,,,,,,,,,,,,,,,,,,,,,,,75.55,,,,,,,
2013-10-27,,,,,,,,,,,,,,,,,,,,,,,145.56,,,,,,,
2013-10-28,108.29,98.74,,,,,,1.171,,,2.54,0.32,2.5,2.22,,,1.3786,97.7,6.0853,92.1872,13.31,,87.68,,,,,,,
2013-10-29,108.04,98.29,,,,,,1.165,,,2.53,0.31,2.49,2.22,,,1.377,98.09,6.0897,92.301,13.41,,168.7,,,,,,,
2013-10-30,108.41,96.81,,,,,,1.176,,,2.55,0.33,2.51,2.22,,,1.3771,98.14,6.0936,92.3057,13.65,,178.66,,,,,,,
2013-10-31,107.53,96.29,,,,,,1.171,,,2.57,0.31,2.53,2.26,,,1.3594,98.1,6.0943,92.731,13.75,,67.75,,,,,,,
2013-11-01,105.78,94.56,16.71,7070.654761904762,1747.964285714286,13684.0119047619,35.59200310559005,1.163,269.6,260.1,2.65,0.33,2.61,2.32,,,1.3488,98.78,6.0993,93.155,13.28,-0.5336,45.43,103.83916646198959,100.3158,99.4418,137317.0,235.243,94.86,
2013-11-02,,,,,,,,,,,,,,,,,,,,,,,118.26,,,,,,,
2013-11-03,,,,,,,,,,,,,,,,,,,,,,,146.81,,,,,,,
2013-11-04,104.85,94.58,,,,,,1.169,,,2.63,0.32,2.58,2.31,,,1.3516,98.62,6.098,92.9359,12.93,,146.15,,,,,,,
2013-11-05,105.01,93.4,,,,,,1.167,,,2.69,0.32,2.64,2.37,,,1.347,98.6,6.0966,93.2112,13.27,,63.38,,,,,,,
2013-11-06,105.46,94.74,,,,,,1.193,,,2.67,0.3,2.62,2.37,,,1.353,98.6,6.0925,93.0943,12.67,,57.22,,,,,,,
2013-11-07,103.08,94.25,,,,,,1.175,,,2.63,0.29,2.58,2.34,,,1.339,98.56,6.0906,93.4003,13.91,,46.97,,,,,,,
2013-11-08,104.29,94.56,,,,,,1.183,,,2.77,0.32,2.71,2.45,,,1.3357,99.03,6.0903,93.6619,12.9,-0.515,84.94,,,,,,,
2013-11-09,,,,,,,,,,,,,,,,,,,,,,,116.91,,,,,,,
2013-11-10,,,,,,,,,,,,,,,,,,,,,,,77.95,,,,,,,
2013-11-11,105.76,95.13,,,,,,1.186,,,,,,,,,,,,,12.53,,179.62,,,,,,,
2013-11-12,106.29,93.12,,,,,,1.18,,,2.8,0.34,2.72,2.46,,,1.3428,99.65,6.0917,93.7651,12.82,,7.71,,,,,,,
2013-11-13,106.9,93.91,,,,,,1.194,,,2.75,0.32,2.67,2.43,,,1.3456,99.31,6.0926,93.4848,12.52,,55.9,,,,,,,
2013-11-14,108.29,93.76,,,,,,1.193,,,2.69,0.29,2.61,2.4,,,1.3468,99.93,6.092,93.4328,12.37,,48.95,,,,,,,
2013-11-15,108.25,93.8,,,,,,1.19,,,2.71,0.31,2.63,2.4,,,1.348,100.17,6.092,93.2854,12.19,-0.57,68.24,,,,,,,
2013-11-16,,,,,,,,,,,,,,,,,,,,,,,85.4,,,,,,,
2013-11-17,,,,,,,,,,,,,,,,,,,,,,,86.17,,,,,,,
2013-11-18,108.8,93.03,,,,,,1.186,,,2.67,0.31,2.58,2.36,,,1.352,100.04,6.0918,92.9824,13.1,,98.11,,,,,,,
2013-11-19,108.29,93.35,,,,,,1.188,,,2.71,0.29,2.63,2.42,,,1.3529,100.14,6.0924,93.0649,13.39,,83.02,,,,,,,
2013-11-20,108.27,93.34,,,,,,1.197,,,2.8,0.28,2.72,2.52,,,1.3451,100.02,6.0925,93.2501,13.4,,94.99,,,,,,,
2013-11-21,109.9,95.35,,,,,,1.2,,,2.79,0.29,2.72,2.5,,,1.347,100.95,6.0914,93.5638,12.66,,92.72,,,,,,,
2013-11-22,111.36,94.53,,,,,,1.195,,,2.75,0.31,2.68,2.44,,,1.3547,101.29,6.0935,93.4198,12.26,-0.6492,67.16,,,,,,,
2013-11-23,,,,,,,,,,,,,,,,,,,,,,,26.78,,,,,,,
2013-11-24,,,,,,,,,,,,,,,,,,,,,,,94.28,,,,,,,
2013-11-25,110.83,93.86,,,,,,1.172,,,2.74,0.3,2.66,2.44,,,1.3502,101.7,6.0916,93.5539,12.79,,138.46,,,,,,,
2013-11-26,112.04,93.41,,,,,,1.155,,,2.71,0.29,2.64,2.42,,,1.3555,101.38,6.0925,93.5226,12.81,,36.52,,,,,,,
2013-11-27,111.32,92.05,,,,,,1.167,,,2.74,0.28,2.67,2.46,,,1.3563,102.18,6.0922,93.6864,12.98,,41.47,,,,,,,
2013-11-28,,,,,,,,,,,,,,,,,,,,,,,116.17,,,,,,,
2013-11-29,111.07,92.55,,,,,,1.167,,,2.75,0.28,2.69,2.47,,,1.3606,102.45,6.0922,93.6291,13.7,-0.582,95.19,,,,,,,
2013-11-30,,,,,,,,,,,,,,,,,,,,,,,93.59,,,,,,,
2013-12-01,,,17.72,7214.9,1739.81,13924.55,34.59329710144926,,268.8,270.2,,,,,,,,,,,,,119.23,122.64177002804905,100.5175,97.9094,137372.0,235.0,94.961,
2013-12-02,111.49,93.61,,,,,,1.2,,,2.81,0.3,2.76,2.51,,,1.3552,103.04,6.0927,93.8856,14.23,,115.32,,,,,,,
2013-12-03,113.06,95.83,,,,,,1.234,,,2.79,0.28,2.73,2.51,,,1.3604,102.36,6.0914,93.8251,14.55,,103.28,,,,,,,
2013-12-04,113.27,96.97,,,,,,1.265,,,2.84,0.3,2.78,2.54,,,1.3555,102.48,6.0913,93.8997,14.7,,98.29,,,,,,,
2013-12-05,112.07,97.14,,,,,,1.263,,,2.88,0.3,2.82,2.58,,,1.3664,101.82,6.0903,93.4954,15.08,,71.41,,,,,,,
2013-12-06,111.5,97.48,,,,,,1.269,,,2.88,0.3,2.82,2.58,,,1.369,102.88,6.0815,93.4045,13.79,-0.4583,59.69,,,,,,,
2013-12-07,,,,,,,,,,,,,,,,,,,,,,,77.94,,,,,,,
2013-12-08,,,,,,,,,,,,,,,,,,,,,,,72.95,,,,,,,
2013-12-09,110.07,97.1,,,,,,1.301,,,2.86,0.3,2.79,2.56,,,1.3726,103.22,6.0643,93.1444,13.49,,67.72,,,,,,,
2013-12-10,108.91,98.32,,,,,,1.314,,,2.81,0.3,2.74,2.51,,,1.3765,102.8,6.0705,,13.91,,98.47,,,,,,,
2013-12-11,109.47,97.25,,,,,,1.311,,,2.86,0.31,2.79,2.55,,,1.3798,102.38,6.0712,93.0842,15.42,,101.72,,,,,,,
2013-12-12,108.99,97.21,,,,,,1.314,,,2.89,0.34,2.82,2.55,,,1.3752,103.11,6.071,93.4292,15.54,,110.87,,,,,,,
2013-12-13,108.08,96.27,,,,,,1.306,,,2.88,0.34,2.81,2.54,,,1.3724,103.28,6.071,93.3568,15.76,-0.5079,127.96,,,,,,,
2013-12-14,,,,,,,,,,,,,,,,,,,,,,,105.51,,,,,,,
2013-12-15,,,,,,,,,,,,,,,,,,,,,,,96.72,,,,,,,
2013-12-16,110.3,97.18,,,,,,1.305,,,2.89,0.34,2.82,2.55,,,1.3757,102.91,6.0713,93.2175,16.03,,100.86,,,,,,,
2013-12-17,108.91,96.99,,,,,,1.294,,,2.85,0.34,2.78,2.51,,,1.3748,102.63,6.0707,93.302,16.21,,99.02,,,,,,,
2013-12-18,109.56,97.59,,,,,,1.29,,,2.89,0.32,2.82,2.57,,,1.3766,103.18,6.0713,93.4207,13.8,,97.71,,,,,,,
2013-12-19,110.78,98.4,,,,,,1.255,,,2.94,0.35,2.88,2.59,,,1.3666,104.16,6.0711,93.7368,14.15,,152.19,,,,,,,
2013-12-20,112.15,99.11,,,,,,1.264,,,2.89,0.37,2.82,2.52,,,1.3673,104.07,6.0711,93.7211,13.79,-0.5711,52.07,,,,,,,
2013-12-21,,,,,,,,,,,,,,,,,,,,,,,64.44,,,,,,,
2013-12-22,,,,,,,,,,,,,,,,,,,,,,,158.54,,,,,,,
2013-12-23,111.58,98.62,,,,,,1.264,,,2.94,0.38,2.87,2.56,,,1.3701,104.06,6.0697,93.572,13.04,,75.16,,,,,,,
2013-12-24,111.57,98.87,,,,,,1.26,,,2.99,0.38,2.92,2.61,,,1.3676,104.26,6.0712,93.6734,12.48,,29.66,,,,,,,
2013-12-25,,,,,,,,,,,,,,,,,,,,,,,50.02,,,,,,,
2013-12-26,111.65,99.18,,,,,,,,,3.0,0.42,2.93,2.58,,,1.369,104.72,6.0744,93.766,12.33,,33.17,,,,,,,
2013-12-27,112.06,99.94,,,,,,1.26,,,3.02,0.4,2.95,2.62,,,1.3766,105.05,6.0684,93.7018,12.46,-0.6817,71.17,,,,,,,
2013-12-28,,,,,,,,,,,,,,,,,,,,,,,70.37,,,,,,,
2013-12-29,,,,,,,,,,,,,,,,,,,,,,,121.37,,,,,,,
2013-12-30,110.47,98.9,,,,,,1.274,,,2.99,0.39,2.92,2.6,,,1.3816,105.0,6.0617,93.4866,13.56,,86.24,,,,,,,
2013-12-31,109.95,98.17,,,,,,1.265,,,3.04,0.38,2.97,2.66,,,1.3779,105.25,6.0537,93.5576,13.72,,130.03,,,,,,,
2014-01-01,,,17.76,7291.465909090909,1727.411363636364,14101.25,35.21498897290482,,271.1,261.1,,,,,,,,,,,,,173.05,115.25755875656071,100.1599,96.5077,137561.0,235.367,95.064,2241282087269.1
2014-01-02,107.94,95.14,,,,,,1.253,,,3.0,0.39,2.93,2.61,,,1.367,104.84,6.0504,93.8192,14.23,,103.08,,,,,,,
2014-01-03,106.57,93.66,,,,,,1.225,,,3.01,0.41,2.94,2.6,,,1.3606,104.46,6.0505,93.853,13.76,-0.5646,113.11,,,,,,,
2014-01-04,,,,,,,,,,,,,,,,,,,,,,,77.86,,,,,,,
2014-01-05,,,,,,,,,,,,,,,,,,,,,,,144.91,,,,,,,
2014-01-06,106.71,93.12,,,,,,1.241,,,2.98,0.4,2.93,2.58,,,1.3636,104.38,6.0524,93.9109,13.55,,121.14,,,,,,,
2014-01-07,107.01,93.31,,,,,,1.246,,,2.96,0.4,2.92,2.56,,,1.3618,104.54,6.0507,94.0398,12.92,,93.88,,,,,,,
2014-01-08,107.42,91.9,,,,,,1.279,,,3.01,0.43,2.96,2.58,,,1.3586,104.87,6.051,94.2181,12.87,,106.42,,,,,,,
2014-01-09,107.49,91.36,,,,,,1.279,,,2.97,0.44,2.93,2.53,,,1.3591,104.74,6.054,94.3299,12.89,,60.31,,,,,,,
2014-01-10,106.44,92.39,,,,,,1.279,,,2.88,0.39,2.83,2.49,,,1.3664,104.06,6.0519,94.0045,12.14,-0.6438,67.96,,,,,,,
2014-01-11,,,,,,,,,,,,,,,,,,,,,,,63.29,,,,,,,
2014-01-12,,,,,,,,,,,,,,,,,,,,,,,130.09,,,,,,,
2014-01-13,108.02,91.45,,,,,,1.269,,,2.84,0.39,2.81,2.45,,,1.3647,103.31,6.0432,93.899,13.28,,100.01,,,,,,,
2014-01-14,107.12,92.15,,,,,,1.265,,,2.88,0.39,2.84,2.49,,,1.3682,103.8,6.0402,94.0303,12.28,,57.03,,,,,,,
2014-01-15,108.09,93.78,,,,,,1.285,,,2.9,0.41,2.86,2.49,,,1.3604,104.42,6.0459,94.341,12.28,,67.7,,,,,,,
2014-01-16,107.46,93.54,,,,,,1.308,,,2.86,0.41,2.82,2.45,,,1.36,104.32,6.0555,94.5507,12.53,,80.94,,,,,,,
2014-01-17,108.45,93.96,,,,,,1.393,,,2.84,0.4,2.79,2.44,,,1.3554,104.32,6.05,94.5846,12.44,-0.649,66.52,,,,,,,
2014-01-18,,,,,,,,,,,,,,,,,,,,,,,36.74,,,,,,,
2014-01-19,,,,,,,,,,,,,,,,,,,,,,,54.61,,,,,,,
2014-01-20,108.01,,,,,,,,,,,,,,,,,,,,,,118.21,,,,,,,
2014-01-21,109.17,94.51,,,,,,1.48,,,2.85,0.4,2.81,2.45,,,1.356,104.14,6.0503,94.679,12.87,,93.53,,,,,,,
2014-01-22,109.69,96.35,,,,,,1.506,,,2.87,0.44,2.83,2.43,,,1.3546,104.36,6.0508,94.8479,12.84,,141.56,,,,,,,
2014-01-23,109.69,97.23,,,,,,1.525,,,2.79,0.39,2.75,2.4,,,1.368,103.65,6.0515,94.8415,13.77,,92.85,,,,,,,
2014-01-24,109.14,96.66,,,,,,1.52,,,2.75,0.37,2.71,2.38,,,1.368,102.41,6.0486,94.8555,18.14,-0.5329,84.12,,,,,,,
2014-01-25,,,,,,,,,,,,,,,,,,,,,,,70.48,,,,,,,
2014-01-26,,,,,,,,,,,,,,,,,,,,,,,98.1,,,,,,,
2014-01-27,108.72,95.82,,,,,,1.515,,,2.78,0.37,2.73,2.41,,,1.3679,102.26,6.0478,94.9059,17.42,,75.34,,,,,,,
2014-01-28,109.1,97.49,,,,,,1.535,,,2.77,0.38,2.72,2.39,,,1.3662,102.8,6.0506,94.88,15.8,,162.84,,,,,,,
2014-01-29,108.83,97.34,,,,,,1.645,,,2.69,0.36,2.65,2.33,,,1.3663,102.2,6.0554,94.8621,17.35,,178.46,,,,,,,
2014-01-30,109.36,98.25,,,,,,1.695,,,2.72,0.36,2.7,2.36,,,1.3549,102.83,6.06,95.1294,17.29,,86.19,,,,,,,
2014-01-31,108.16,97.55,,,,,,1.557,,,2.67,0.34,2.65,2.33,,,1.35,102.28,6.059,95.1774,18.41,-0.3415,44.12,,,,,,,
2014-02-01,,,17.96,7149.2125,1695.165,14203.55,35.54673913043474,,276.9,284.4,,,,,,,,,,,,,20.22,101.14727336265942,100.9168,98.7627,137712.0,236.075,95.109,
2014-02-02,,,,,,,,,,,,,,,,,,,,,,,60.3,,,,,,,
2014-02-03,106.55,96.44,,,,,,1.54,,,2.61,0.3,2.56,2.31,,,1.3523,101.11,6.06,95.2469,21.44,,77.68,,,,,,,
2014-02-04,107.04,97.24,,,,,,1.57,,,2.64,0.31,2.58,2.33,,,1.3507,101.62,6.06,95.0438,19.11,,72.24,,,,,,,
2014-02-05,106.81,97.4,,,,,,1.58,,,2.7,0.32,2.63,2.38,,,1.3519,101.38,6.06,95.0285,19.95,,103.64,,,,,,,
2014-02-06,108.15,97.84,,,,,,1.569,,,2.73,0.33,2.66,2.4,,,1.3604,101.84,6.06,94.7177,17.23,,137.27,,,,,,,
2014-02-07,110.12,99.98,,,,,,1.67,,,2.71,0.3,2.63,2.41,,,1.3614,102.32,6.0629,94.7457,15.29,-0.3664,71.97,,,,,,,
2014-02-08,,,,,,,,,,,,,,,,,,,,,,,49.83,,,,,,,
2014-02-09,,,,,,,,,,,,,,,,,,,,,,,81.59,,,,,,,
2014-02-10,110.18,100.12,,,,,,1.695,,,2.7,0.32,2.63,2.38,,,1.3644,102.14,6.0591,94.7189,15.26,,67.15,,,,,,,
2014-02-11,109.21,99.96,,,,,,1.545,,,2.75,0.35,2.7,2.4,,,1.3654,102.63,6.0601,94.6377,14.51,,78.69,,,,,,,
2014-02-12,108.62,100.38,,,,,,1.36,,,2.8,0.35,2.75,2.45,,,1.3592,102.48,6.0614,94.6209,14.3,,50.56,,,,,,,
2014-02-13,108.98,100.27,,,,,,1.495,,,2.73,0.32,2.7,2.41,,,1.3669,102.2,6.0631,,14.14,,55.58,,,,,,,
2014-02-14,108.63,100.31,,,,,,1.554,,,2.75,0.32,2.73,2.43,,,1.369,101.82,6.0666,94.2711,13.57,-0.7006,43.97,,,,,,,
2014-02-15,,,,,,,,,,,,,,,,,,,,,,,68.03,,,,,,,
2014-02-16,,,,,,,,,,,,,,,,,,,,,,,139.89,,,,,,,
2014-02-17,,,,,,,,,,,,,,,,,,,,,,,78.93,,,,,,,
2014-02-18,110.14,102.54,,,,,,1.605,,,2.71,0.31,2.66,2.4,,,1.3758,102.31,6.0671,94.1934,13.87,,64.56,,,,,,,
2014-02-19,110.37,103.46,,,,,,1.568,,,2.73,0.33,2.67,2.4,,,1.3762,102.3,6.0762,94.38,15.5,,64.88,,,,,,,
2014-02-20,109.42,103.2,,,,,,1.396,,,2.76,0.34,2.71,2.42,,,1.369,102.32,6.0832,94.6571,14.79,,67.61,,,,,,,
2014-02-21,109.03,102.53,,,,,,1.355,,,2.73,0.33,2.68,2.4,,,1.3722,102.71,6.0912,,14.68,-0.5848,120.78,,,,,,,
2014-02-22,,,,,,,,,,,,,,,,,,,,,,,144.8,,,,,,,
2014-02-23,,,,,,,,,,,,,,,,,,,,,,,140.59,,,,,,,
2014-02-24,109.76,103.17,,,,,,1.295,,,2.75,0.35,2.7,2.4,,,1.3744,102.44,6.0982,94.4042,14.23,,130.38,,,,,,,
2014-02-25,109.19,102.2,,,,,,1.214,,,2.7,0.34,2.65,2.36,,,1.3749,102.2,6.1243,94.4735,13.67,,123.05,,,,,,,
2014-02-26,109.39,102.93,,,,,,1.168,,,2.67,0.33,2.62,2.34,,,1.3668,102.36,6.1243,94.7754,14.35,,87.53,,,,,,,
2014-02-27,108.54,102.68,,,,,,1.123,,,2.65,0.33,2.61,2.32,,,1.3724,102.12,6.1279,94.6722,14.04,,64.84,,,,,,,
2014-02-28,108.98,102.88,,,,,,1.115,,,2.66,0.33,2.61,2.33,,,1.3806,102.08,6.1448,94.3879,14.0,-0.6659,71.2,,,,,,,
2014-03-01,,,17.81,6650.035714285714,1705.366666666667,15678.09523809524,34.7028554175293,,290.1,282.4,,,,,,,,,,,,,49.83,114.65237885062528,101.8942,101.3866,137985.0,236.913,95.25,
2014-03-02,,,,,,,,,,,,,,,,,,,,,,,61.06,,,,,,,
2014-03-03,111.26,105.34,,,,,,1.109,,,2.6,0.32,2.55,2.28,,,1.3763,101.36,6.146,,16.0,,59.55,,,,,,,
2014-03-04,109.17,103.64,,,,,,1.1,,,2.7,0.33,2.65,2.37,,,1.3731,102.18,6.143,94.6568,14.1,,48.72,,,,,,,
2014-03-05,108.15,101.75,,,,,,1.069,,,2.7,0.33,2.64,2.37,,,1.3734,102.32,6.128,94.4679,13.89,,54.92,,,,,,,
2014-03-06,107.99,101.82,,,,,,1.068,,,2.74,0.37,2.69,2.37,,,1.3848,103.03,6.1183,93.9858,14.21,,59.46,,,,,,,
2014-03-07,109.14,102.82,,,,,,1.068,,,2.8,0.38,2.74,2.42,,,1.3868,103.38,6.1258,94.2532,14.11,-0.636,59.24,,,,,,,
2014-03-08,,,,,,,,,,,,,,,,,,,,,,,54.2,,,,,,,
2014-03-09,,,,,,,,,,,,,,,,,,,,,,,71.32,,,,,,,
2014-03-10,108.27,101.39,,,,,,1.083,,,2.79,0.37,2.74,2.42,,,1.388,103.23,6.1383,94.3731,14.2,,78.46,,,,,,,
2014-03-11,108.35,100.29,,,,,,1.094,,,2.77,0.37,2.72,2.4,,,1.3867,103.18,6.1397,94.387,14.8,,63.35,,,,,,,
2014-03-12,107.88,98.29,,,,,,1.09,,,2.73,0.37,2.68,2.36,,,1.3904,102.74,6.1448,94.462,14.47,,24.21,,,,,,,
2014-03-13,107.48,98.57,,,,,,1.086,,,2.66,0.34,2.61,2.32,,,1.3927,102.12,6.1359,94.1872,16.22,,45.47,,,,,,,
2014-03-14,108.08,99.23,,,,,,1.063,,,2.65,0.36,2.6,2.29,,,1.3924,101.46,6.15,94.243,17.82,-0.5704,74.0,,,,,,,
2014-03-15,,,,,,,,,,,,,,,,,,,,,,,46.45,,,,,,,
2014-03-16,,,,,,,,,,,,,,,,,,,,,,,60.58,,,,,,,
2014-03-17,106.99,98.43,,,,,,1.051,,,2.7,0.38,2.64,2.32,,,1.3927,101.62,6.1779,,15.64,,76.93,,,,,,,
2014-03-18,106.79,100.08,,,,,,1.059,,,2.68,0.36,2.63,2.32,,,1.3913,101.37,6.1918,94.2631,14.52,,77.69,,,,,,,
2014-03-19,105.95,100.71,,,,,,1.044,,,2.78,0.47,2.72,2.31,,,1.391,101.54,6.1934,94.3752,15.12,,48.95,,,,,,,
2014-03-20,105.73,99.68,,,,,,1.037,,,2.79,0.45,2.73,2.34,,,1.3784,102.39,6.2273,94.9986,14.52,,147.38,,,,,,,
2014-03-21,107.2,99.97,,,,,,1.042,,,2.75,0.45,2.69,2.3,,,1.3783,102.38,6.2248,94.8547,15.0,-0.6178,118.59,,,,,,,
2014-03-22,,,,,,,,,,,,,,,,,,,,,,,170.52,,,,,,,
2014-03-23,,,,,,,,,,,,,,,,,,,,,,,259.88,,,,,,,
2014-03-24,106.59,100.05,,,,,,1.027,,,2.74,0.47,2.68,2.27,,,1.3784,102.21,6.1956,94.759,15.09,,73.83,,,,,,,
2014-03-25,107.01,99.66,,,,,,1.035,,,2.75,0.47,2.7,2.28,,,1.3777,102.32,6.201,94.6379,14.02,,17.16,,,,,,,
2014-03-26,105.9,100.61,,,,,,1.041,,,2.71,0.45,2.66,2.26,,,1.3786,102.3,6.2084,94.5281,14.93,,63.13,,,,,,,
2014-03-27,106.58,101.25,,,,,,1.053,,,2.69,0.45,2.65,2.24,,,1.3752,102.1,6.2123,94.3315,14.62,,50.81,,,,,,,
2014-03-28,106.64,101.73,,,,,,1.065,,,2.73,0.45,2.69,2.28,,,1.3753,102.92,6.2117,94.3683,14.41,-0.6404,86.49,,,,,,,
2014-03-29,,,,,,,,,,,,,,,,,,,,,,,59.78,,,,,,,
2014-03-30,,,,,,,,,,,,,,,,,,,,,,,53.83,,,,,,,
2014-03-31,105.95,101.57,,,,,,1.061,,,2.73,0.44,2.68,2.29,,,1.3777,102.98,6.2164,94.2432,13.88,,45.06,,,,,,,
2014-04-01,105.7,99.69,17.67,6673.5625,1810.675,17373.6,32.7445652173913,1.061,305.6,289.9,2.77,0.44,2.73,2.33,,,1.3804,103.52,6.2064,94.1244,13.1,,78.62,110.45015023216153,101.9928,100.4688,138298.0,237.509,95.413,2245757039164.8003
2014-04-02,103.37,99.6,,,,,,1.061,,,2.82,0.47,2.8,2.35,,,1.3761,103.82,6.2054,94.3103,13.09,,48.76,,,,,,,
2014-04-03,104.88,100.29,,,,,,1.068,,,2.8,0.46,2.78,2.34,,,1.3708,103.94,6.2102,94.512,13.37,,55.73,,,,,,,
2014-04-04,106.41,101.16,,,,,,1.08,,,2.74,0.43,2.71,2.31,,,1.3704,103.39,6.2118,94.2191,13.96,-0.6292,56.51,,,,,,,
2014-04-05,,,,,,,,,,,,,,,,,,,,,,,29.41,,,,,,,
2014-04-06,,,,,,,,,,,,,,,,,,,,,,,52.98,,,,,,,
2014-04-07,104.89,100.43,,,,,,1.078,,,2.71,0.41,2.68,2.3,,,1.3745,103.04,6.2118,94.0881,15.57,,83.61,,,,,,,
2014-04-08,105.83,102.57,,,,,,1.096,,,2.69,0.4,2.66,2.29,,,1.3802,102.12,6.1966,93.6579,14.89,,154.81,,,,,,,
2014-04-09,107.39,103.55,,,,,,1.108,,,2.71,0.37,2.67,2.34,,,1.3816,101.85,6.2003,93.6716,13.82,,48.04,,,,,,,
2014-04-10,107.1,103.37,,,,,,1.103,,,2.65,0.37,2.61,2.28,,,1.3892,101.43,6.2123,93.5123,15.89,,37.87,,,,,,,
2014-04-11,107.34,103.68,,,,,,1.115,,,2.63,0.37,2.59,2.26,,,1.3898,101.56,6.2111,93.6395,17.03,-0.5308,24.93,,,,,,,
2014-04-12,,,,,,,,,,,,,,,,,,,,,,,66.57,,,,,,,
2014-04-13,,,,,,,,,,,,,,,,,,,,,,,91.21,,,,,,,
2014-04-14,107.68,104.05,,,,,,1.12,,,2.65,0.37,2.61,2.28,,,1.3824,101.81,6.2186,93.8046,16.11,,160.58,,,,,,,
2014-04-15,109.1,103.7,,,,,,1.125,,,2.64,0.39,2.6,2.25,,,1.3806,101.6,6.2215,93.9486,15.61,,46.8,,,,,,,
2014-04-16,109.71,103.71,,,,,,1.128,,,2.65,0.39,2.61,2.26,,,1.382,102.3,6.2204,93.9461,14.18,,44.05,,,,,,,
2014-04-17,109.79,104.33,,,,,,1.127,,,2.73,0.43,2.7,2.3,,,1.3832,102.22,6.2188,93.8936,13.36,,25.15,,,,,,,
2014-04-18,,,,,,,,,,,,,,,,,1.3816,102.43,6.224,93.9629,,-0.6221,51.83,,,,,,,
2014-04-19,,,,,,,,,,,,,,,,,,,,,,,51.59,,,,,,,
2014-04-20,,,,,,,,,,,,,,,,,,,,,,,83.81,,,,,,,
2014-04-21,109.69,104.35,,,,,,1.127,,,2.73,0.42,2.69,2.31,,,1.379,102.56,6.2269,94.0337,13.25,,61.87,,,,,,,
2014-04-22,108.54,101.69,,,,,,1.11,,,2.73,0.45,2.7,2.28,,,1.3804,102.6,6.2373,94.0802,13.19,,51.29,,,,,,,
2014-04-23,108.48,101.47,,,,,,1.117,,,2.7,0.43,2.68,2.27,,,1.3814,102.26,6.2374,94.149,13.27,,58.66,,,,,,,
2014-04-24,109.79,102.2,,,,,,1.121,,,2.7,0.43,2.69,2.27,,,1.3828,102.34,6.2484,94.1294,13.32,,51.78,,,,,,,
2014-04-25,109.53,100.85,,,,,,1.108,,,2.68,0.43,2.65,2.25,,,1.3838,102.12,6.2534,94.1623,14.06,-0.7286,62.12,,,,,,,
2014-04-26,,,,,,,,,,,,,,,,,,,,,,,80.87,,,,,,,
2014-04-27,,,,,,,,,,,,,,,,,,,,,,,68.09,,,,,,,
2014-04-28,109.12,101.13,,,,,,1.093,,,2.7,0.44,2.67,2.26,,,1.3844,102.46,6.252,94.1374,13.97,,86.12,,,,,,,
2014-04-29,109.89,101.56,,,,,,1.093,,,2.71,0.44,2.69,2.27,,,1.3808,102.57,6.2578,94.0295,13.71,,64.01,,,,,,,
2014-04-30,108.63,100.07,,,,,,1.086,,,2.67,0.42,2.64,2.25,,,1.387,102.14,6.2591,93.8896,13.41,,35.13,,,,,,,
2014-05-01,108.63,99.69,17.68,6891.125,1751.05,19401.075,28.53985507246376,1.071,301.3,286.7,2.63,0.41,2.6,2.22,,,1.3867,102.3,6.2591,93.8707,13.25,,70.5,106.83907357078779,102.3836,100.9899,138513.0,238.029,95.574,
2014-05-02,109.48,100.09,,,,,,1.073,,,2.6,0.42,2.58,2.18,,,1.3864,102.34,6.2591,93.8182,12.91,-0.669,52.59,,,,,,,
2014-05-03,,,,,,,,,,,,,,,,,,,,,,,41.58,,,,,,,
2014-05-04,,,,,,,,,,,,,,,,,,,,,,,187.89,,,,,,,
2014-05-05,109.48,99.74,,,,,,1.058,,,2.63,0.43,2.6,2.2,,,1.3884,102.06,6.2453,93.7334,13.29,,82.21,,,,,,,
2014-05-06,108.3,99.81,,,,,,1.056,,,2.61,0.43,2.58,2.18,,,1.3924,101.57,6.2255,93.4324,13.8,,98.03,,,,,,,
2014-05-07,108.17,101.06,,,,,,1.049,,,2.62,0.41,2.59,2.21,,,1.3917,101.72,6.2349,93.4337,13.4,,52.67,,,,,,,
2014-05-08,108.19,100.52,,,,,,1.049,,,2.61,0.4,2.58,2.21,,,1.3864,101.66,6.2272,93.3686,13.43,,125.36,,,,,,,
2014-05-09,108.26,100.32,,,,,,1.041,,,2.62,0.4,2.59,2.22,,,1.3763,101.74,6.227,93.6614,12.92,-0.6735,55.25,,,,,,,
2014-05-10,,,,,,,,,,,,,,,,,,,,,,,57.11,,,,,,,
2014-05-11,,,,,,,,,,,,,,,,,,,,,,,54.05,,,,,,,
2014-05-12,108.37,100.89,,,,,,1.041,,,2.66,0.41,2.63,2.25,,,1.376,102.1,6.2364,93.6537,12.23,,77.42,,,,,,,
2014-05-13,108.78,102.01,,,,,,1.034,,,2.61,0.39,2.58,2.22,,,1.3711,102.2,6.2283,93.6755,12.13,,87.93,,,,,,,
2014-05-14,109.87,102.63,,,,,,1.017,,,2.54,0.39,2.51,2.15,,,1.3718,101.75,6.2282,93.5968,12.17,,89.46,,,,,,,
2014-05-15,109.74,101.74,,,,,,1.005,,,2.5,0.38,2.47,2.12,,,1.3712,101.44,6.2291,93.7065,13.17,,64.81,,,,,,,
2014-05-16,110.9,102.31,,,,,,1.005,,,2.52,0.38,2.49,2.14,,,1.3708,101.5,6.2327,93.6073,12.44,-0.7068,83.17,,,,,,,
2014-05-17,,,,,,,,,,,,,,,,,,,,,,,18.35,,,,,,,
2014-05-18,,,,,,,,,,,,,,,,,,,,,,,45.83,,,,,,,
2014-05-19,110.84,102.95,,,,,,1.02,,,2.54,0.36,2.51,2.18,,,1.3716,101.26,6.2368,93.502,12.42,,53.82,,,,,,,
2014-05-20,110.35,102.8,,,,,,1.03,,,2.52,0.35,2.49,2.17,,,1.3702,101.26,6.2377,93.6699,12.96,,69.59,,,,,,,
2014-05-21,111.32,104.31,,,,,,1.04,,,2.54,0.37,2.5,2.17,,,1.3657,101.44,6.2335,93.7629,11.91,,64.03,,,,,,,
2014-05-22,110.89,104.03,,,,,,1.046,,,2.56,0.37,2.53,2.19,,,1.3652,101.76,6.2348,93.6944,12.03,,33.53,,,,,,,
2014-05-23,110.19,105.01,,,,,,1.056,,,2.54,0.37,2.5,2.17,,,1.3628,101.88,6.2363,93.7042,11.36,-0.7129,80.12,,,,,,,
2014-05-24,,,,,,,,,,,,,,,,,,,,,,,43.14,,,,,,,
2014-05-25,,,,,,,,,,,,,,,,,,,,,,,61.87,,,,,,,
2014-05-26,110.01,,,,,,,,,,,,,,,,,,,,,,32.79,,,,,,,
2014-05-27,109.81,104.78,,,,,,1.059,,,2.52,0.39,2.48,2.13,,,1.3618,102.14,6.2471,93.8418,11.51,,50.23,,,,,,,
2014-05-28,109.09,103.37,,,,,,1.051,,,2.44,0.37,2.4,2.07,,,1.3596,101.78,6.2535,93.8793,11.68,,123.09,,,,,,,
2014-05-29,109.98,104.26,,,,,,1.051,,,2.45,0.37,2.41,2.08,,,1.3608,101.58,6.2375,93.6973,11.57,,35.24,,,,,,,
2014-05-30,109.21,103.4,,,,,,1.046,,,2.48,0.37,2.44,2.11,,,1.364,101.77,6.2471,93.7606,11.4,-0.7762,66.44,,,,,,,
2014-05-31,,,,,,,,,,,,,,,,,,,,,,,62.38,,,,,,,
2014-06-01,,,17.51,6821.142857142857,1838.952380952381,18628.80952380952,28.22545721187024,,306.1,292.6,,,,,,,,,,,,,83.16,91.1482114082586,102.735,103.3023,138849.0,238.157,95.682,
2014-06-02,109.34,103.07,,,,,,1.033,,,2.54,0.39,2.5,2.15,,,1.3606,102.3,6.2471,94.0006,11.58,,75.4,,,,,,,
2014-06-03,108.87,103.34,,,,,,1.036,,,2.6,0.41,2.56,2.19,,,1.3624,102.42,6.2536,94.0536,11.87,,225.3,,,,,,,
2014-06-04,109.07,103.27,,,,,,1.009,,,2.61,0.41,2.57,2.2,,,1.3619,102.69,6.2494,94.1239,12.08,,46.18,,,,,,,
2014-06-05,108.43,103.17,,,,,,1.005,,,2.59,0.4,2.55,2.19,,,1.3618,102.44,6.2548,93.9732,11.68,,49.48,,,,,,,
2014-06-06,109.21,103.32,,,,,,1.008,,,2.6,0.41,2.56,2.19,,,1.3639,102.5,6.2498,93.9069,10.73,-0.7849,40.75,,,,,,,
2014-06-07,,,,,,,,,,,,,,,,,,,,,,,79.59,,,,,,,
2014-06-08,,,,,,,,,,,,,,,,,,,,,,,178.63,,,,,,,
2014-06-09,110.55,105.09,,,,,,1.018,,,2.62,0.43,2.58,2.19,,,1.3589,102.52,6.2397,93.9628,11.15,,66.76,,,,,,,
2014-06-10,109.18,105.02,,,,,,1.018,,,2.64,0.45,2.6,2.19,,,1.3543,102.37,6.224,94.0638,10.99,,52.35,,,,,,,
2014-06-11,109.83,105.04,,,,,,1.009,,,2.65,0.44,2.61,2.21,,,1.3532,101.94,6.2277,93.9744,11.6,,125.44,,,,,,,
2014-06-12,112.18,107.2,,,,,,1.009,,,2.58,0.42,2.54,2.16,,,1.3556,101.83,6.2175,93.8155,12.56,,100.98,,,,,,,
2014-06-13,113.15,107.49,,,,,,1.033,,,2.6,0.45,2.56,2.15,,,1.3522,102.06,6.209,93.9168,12.18,-0.8068,47.2,,,,,,,
2014-06-14,,,,,,,,,,,,,,,,,,,,,,,57.97,,,,,,,
2014-06-15,,,,,,,,,,,,,,,,,,,,,,,48.58,,,,,,,
2014-06-16,113.42,107.52,,,,,,1.039,,,2.61,0.49,2.57,2.12,,,1.3578,101.82,6.225,93.8639,12.65,,55.79,,,,,,,
2014-06-17,114.02,106.95,,,,,,1.05,,,2.66,0.51,2.62,2.15,,,1.3543,102.18,6.2263,94.0829,12.06,,20.72,,,,,,,
2014-06-18,114.25,106.64,,,,,,1.066,,,2.61,0.48,2.58,2.13,,,1.3567,102.16,6.2309,94.0525,10.61,,59.16,,,,,,,
2014-06-19,115.19,107.08,,,,,,1.084,,,2.64,0.48,2.62,2.16,,,1.362,101.84,6.2287,93.752,10.62,,81.39,,,,,,,
2014-06-20,114.55,107.95,,,,,,1.088,,,2.63,0.5,2.61,2.13,,,1.3586,102.14,6.224,93.7591,10.85,-0.8172,57.19,,,,,,,
2014-06-21,,,,,,,,,,,,,,,,,,,,,,,80.29,,,,,,,
2014-06-22,,,,,,,,,,,,,,,,,,,,,,,48.23,,,,,,,
2014-06-23,113.62,106.83,,,,,,1.082,,,2.63,0.48,2.6,2.15,,,1.3593,101.9,6.225,93.628,10.98,,107.54,,,,,,,
2014-06-24,113.74,106.64,,,,,,1.083,,,2.59,0.49,2.56,2.1,,,1.3588,102.13,6.2308,93.7093,12.13,,58.69,,,,,,,
2014-06-25,112.84,107.04,,,,,,1.084,,,2.57,0.48,2.54,2.09,,,1.3638,101.75,6.2343,93.5851,11.59,,54.36,,,,,,,
2014-06-26,112.61,106.49,,,,,,1.075,,,2.53,0.46,2.49,2.07,,,1.361,101.66,6.2235,93.5471,11.63,,22.32,,,,,,,
2014-06-27,112.62,106.46,,,,,,1.084,,,2.54,0.45,2.51,2.09,,,1.3631,101.39,6.218,93.3983,11.26,-0.8086,24.48,,,,,,,
2014-06-28,,,,,,,,,,,,,,,,,,,,,,,13.92,,,,,,,
2014-06-29,,,,,,,,,,,,,,,,,,,,,,,61.06,,,,,,,
2014-06-30,111.03,106.07,,,,,,1.056,,,2.53,0.47,2.49,2.06,,,1.369,101.28,6.2036,93.2058,11.57,,43.97,,,,,,,
2014-07-01,110.84,106.06,17.43,7113.380434782609,1948.304347826087,19117.65217391304,28.4002047889099,1.059,299.7,280.4,2.58,0.47,2.56,2.11,,,1.3681,101.51,6.1995,93.1365,11.15,,94.53,94.17998564529094,102.9632,99.1226,139072.0,238.138,95.848,2256672869126.3003
2014-07-02,110.18,105.18,,,,,,1.044,,,2.64,0.49,2.62,2.15,,,1.3656,101.76,6.2101,93.2478,10.82,,85.01,,,,,,,
2014-07-03,108.98,104.76,,,,,,1.041,,,2.65,0.52,2.64,2.13,,,1.361,102.19,6.2115,93.3149,10.32,,41.51,,,,,,,
2014-07-04,,,,,,,,,,,,,,,,,,,,,,-0.778,52.44,,,,,,,
2014-07-05,,,,,,,,,,,,,,,,,,,,,,,79.35,,,,,,,
2014-07-06,,,,,,,,,,,,,,,,,,,,,,,124.77,,,,,,,
2014-07-07,108.7,104.19,,,,,,1.035,,,2.63,0.52,2.59,2.11,,,1.3604,101.84,6.2036,93.3803,11.33,,61.4,,,,,,,
2014-07-08,107.65,104.06,,,,,,1.033,,,2.58,0.51,2.55,2.07,,,1.3614,101.53,6.201,93.323,11.98,,28.93,,,,,,,
2014-07-09,106.84,102.93,,,,,,1.031,,,2.57,0.51,2.54,2.06,,,1.363,101.7,6.1994,93.228,11.65,,49.91,,,,,,,
2014-07-10,106.2,103.61,,,,,,1.045,,,2.55,0.46,2.53,2.09,,,1.36,101.26,6.2023,93.3152,12.59,,48.39,,,,,,,
2014-07-11,105.77,101.48,,,,,,1.035,,,2.53,0.48,2.51,2.05,,,1.3598,101.33,6.2034,93.4171,12.08,-0.7282,50.23,,,,,,,
2014-07-12,,,,,,,,,,,,,,,,,,,,,,,75.13,,,,,,,
2014-07-13,,,,,,,,,,,,,,,,,,,,,,,134.75,,,,,,,
2014-07-14,104.73,101.73,,,,,,1.037,,,2.55,0.48,2.52,2.07,,,1.362,101.58,6.2059,93.4101,11.82,,124.54,,,,,,,
2014-07-15,104.73,100.56,,,,,,1.036,,,2.56,0.49,2.54,2.07,,,1.3573,101.62,6.2075,93.5796,11.96,,116.32,,,,,,,
2014-07-16,105.41,101.88,,,,,,1.039,,,2.55,0.5,2.53,2.05,,,1.353,101.69,6.2035,93.5991,11.0,,131.66,,,,,,,
2014-07-17,106.04,103.84,,,,,,1.035,,,2.47,0.47,2.45,2.0,,,1.353,101.3,6.2033,93.6586,14.54,,72.31,,,,,,,
2014-07-18,106.03,103.83,,,,,,1.033,,,2.5,0.51,2.48,1.99,,,1.3515,101.37,6.2075,93.6608,12.06,-0.6717,77.84,,,,,,,
2014-07-19,,,,,,,,,,,,,,,,,,,,,,,88.06,,,,,,,
2014-07-20,,,,,,,,,,,,,,,,,,,,,,,44.15,,,,,,,
2014-07-21,105.71,105.34,,,,,,1.037,,,2.49,0.51,2.46,1.98,,,1.3524,101.34,6.2088,93.6069,12.81,,67.14,,,,,,,
2014-07-22,106.48,104.59,,,,,,1.041,,,2.48,0.49,2.45,1.99,,,1.347,101.54,6.2025,93.6306,12.24,,56.64,,,,,,,
2014-07-23,106.85,103.81,,,,,,1.045,,,2.48,0.5,2.45,1.98,,,1.3462,101.5,6.1982,93.5951,11.52,,49.67,,,,,,,
2014-07-24,105.78,102.76,,,,,,1.039,,,2.52,0.53,2.49,1.99,,,1.3468,101.82,6.1944,93.6836,11.84,,36.53,,,,,,,
2014-07-25,106.89,105.23,,,,,,1.043,,,2.48,0.53,2.45,1.95,,,1.3431,101.81,6.1913,93.8294,12.69,-0.6984,34.26,,,,,,,
2014-07-26,,,,,,,,,,,,,,,,,,,,,,,56.98,,,,,,,
2014-07-27,,,,,,,,,,,,,,,,,,,,,,,62.97,,,,,,,
2014-07-28,106.7,105.68,,,,,,1.034,,,2.5,0.54,2.46,1.96,,,1.344,101.82,6.187,93.83,12.56,,49.75,,,,,,,
2014-07-29,106.98,104.91,,,,,,1.026,,,2.47,0.54,2.45,1.93,,,1.341,102.12,6.18,94.0443,13.28,,44.45,,,,,,,
2014-07-30,106.47,104.29,,,,,,1.024,,,2.57,0.56,2.53,2.01,,,1.3378,102.9,6.1712,94.3473,13.33,,117.01,,,,,,,
2014-07-31,104.94,98.23,,,,,,1.008,,,2.58,0.53,2.55,2.05,,,1.339,102.75,6.1737,94.4467,16.95,,87.58,,,,,,,
2014-08-01,103.45,97.86,16.23,7001.8375,2030.4925,18600.2,30.82932194616977,1.001,295.4,269.2,2.52,0.47,2.49,2.05,,,1.3436,102.45,6.1793,94.4754,17.03,-0.5708,53.1,96.85071970344437,102.7688,102.3543,139269.0,238.296,95.885,
2014-08-02,,,,,,,,,,,,,,,,,,,,,,,92.27,,,,,,,
2014-08-03,,,,,,,,,,,,,,,,,,,,,,,91.65,,,,,,,
2014-08-04,103.63,98.26,,,,,,0.998,,,2.51,0.47,2.47,2.04,,,1.3414,102.47,6.178,94.448,15.12,,131.99,,,,,,,
2014-08-05,102.82,97.34,,,,,,0.995,,,2.49,0.47,2.46,2.02,,,1.3366,102.77,6.1705,94.6754,16.87,,80.24,,,,,,,
2014-08-06,104.17,96.93,,,,,,1.003,,,2.49,0.48,2.46,2.01,,,1.3355,102.34,6.1625,94.6092,16.37,,32.5,,,,,,,
2014-08-07,104.02,97.34,,,,,,1.014,,,2.43,0.44,2.4,1.99,,,1.3362,102.06,6.1618,94.6364,16.66,,41.62,,,,,,,
2014-08-08,103.36,97.61,,,,,,1.018,,,2.44,0.45,2.41,1.99,,,1.3412,101.91,6.1557,94.6027,15.77,-0.402,61.58,,,,,,,
2014-08-09,,,,,,,,,,,,,,,,,,,,,,,34.97,,,,,,,
2014-08-10,,,,,,,,,,,,,,,,,,,,,,,36.22,,,,,,,
2014-08-11,103.47,98.09,,,,,,1.036,,,2.44,0.47,2.4,1.97,,,1.3385,102.14,6.1528,94.4767,14.23,,94.95,,,,,,,
2014-08-12,101.68,97.36,,,,,,1.033,,,2.46,0.45,2.43,2.01,,,1.3357,102.22,6.1575,94.5211,14.13,,18.35,,,,,,,
2014-08-13,102.27,97.57,,,,,,1.034,,,2.43,0.43,2.39,2.0,,,1.3367,102.48,6.1531,94.4681,12.9,,18.04,,,,,,,
2014-08-14,101.15,95.54,,,,,,1.02,,,2.4,0.42,2.36,1.98,,,1.3376,102.44,6.1575,94.3508,12.42,,29.12,,,,,,,
2014-08-15,101.13,97.3,,,,,,1.026,,,2.34,0.42,2.31,1.92,,,1.3392,102.19,6.147,94.2941,13.15,-0.6754,74.06,,,,,,,
2014-08-16,,,,,,,,,,,,,,,,,,,,,,,71.63,,,,,,,
2014-08-17,,,,,,,,,,,,,,,,,,,,,,,51.56,,,,,,,
2014-08-18,99.37,96.44,,,,,,1.014,,,2.39,0.44,2.36,1.95,,,1.3358,102.54,6.1425,94.2519,12.32,,34.34,,,,,,,
2014-08-19,99.74,94.35,,,,,,1.02,,,2.4,0.46,2.37,1.94,,,1.332,102.86,6.1425,94.4356,12.21,,40.12,,,,,,,
2014-08-20,99.92,96.4,,,,,,1.023,,,2.43,0.49,2.39,1.94,,,1.3284,103.36,6.1395,94.5937,11.78,,23.74,,,,,,,
2014-08-21,100.28,93.97,,,,,,1.021,,,2.41,0.49,2.39,1.92,,,1.3284,103.78,6.151,94.673,11.76,,24.43,,,,,,,
2014-08-22,100.09,93.61,,,,,,1.017,,,2.4,0.53,2.37,1.87,,,1.3237,103.97,6.151,94.8012,11.47,-0.7332,65.61,,,,,,,
2014-08-23,,,,,,,,,,,,,,,,,,,,,,,143.64,,,,,,,
2014-08-24,,,,,,,,,,,,,,,,,,,,,,,52.31,,,,,,,
2014-08-25,100.49,95.39,,,,,,1.016,,,2.39,0.53,2.35,1.86,,,1.3206,103.96,6.154,94.9159,11.7,,54.94,,,,,,,
2014-08-26,100.5,95.78,,,,,,1.018,,,2.39,0.52,2.36,1.87,,,1.3189,104.12,6.1522,94.8617,11.63,,32.55,,,,,,,
2014-08-27,100.4,95.82,,,,,,1.017,,,2.37,0.51,2.33,1.86,,,1.3192,103.98,6.143,94.6863,11.78,,40.32,,,,,,,
2014-08-28,100.71,96.44,,,,,,1.021,,,2.34,0.5,2.31,1.84,,,1.3178,103.78,6.1423,94.6947,12.05,,44.61,,,,,,,
2014-08-29,101.12,97.86,,,,,,1.035,,,2.35,0.48,2.32,1.87,,,1.315,104.0,6.143,94.7251,11.98,-0.6719,30.07,,,,,,,
2014-08-30,,,,,,,,,,,,,,,,,,,,,,,27.35,,,,,,,
2014-08-31,,,,,,,,,,,,,,,,,,,,,,,31.79,,,,,,,
2014-09-01,,,15.7,6872.215909090909,1990.431818181818,18034.79545454545,34.37182971014491,,285.3,257.2,,,,,,,,,,,,,102.15,121.73330987420927,103.0641,102.2912,139563.0,238.841,96.013,
2014-09-02,100.21,92.92,,,,,,1.021,,,2.42,0.53,2.39,1.89,,,1.3124,105.1,6.148,95.063,12.25,,79.82,,,,,,,
2014-09-03,100.88,95.5,,,,,,1.034,,,2.41,0.52,2.38,1.89,,,1.3136,104.88,6.1408,94.8709,12.36,,38.15,,,,,,,
2014-09-04,101.21,94.51,,,,,,1.047,,,2.45,0.54,2.42,1.91,,,1.2926,105.22,6.1383,95.2641,12.64,,29.58,,,,,,,
2014-09-05,99.51,93.32,,,,,,1.058,,,2.46,0.52,2.43,1.94,,,1.2956,104.94,6.14,95.2203,12.09,-0.6162,32.64,,,,,,,
2014-09-06,,,,,,,,,,,,,,,,,,,,,,,42.79,,,,,,,
2014-09-07,,,,,,,,,,,,,,,,,,,,,,,75.91,,,,,,,
2014-09-08,99.53,92.64,,,,,,1.063,,,2.48,0.54,2.46,1.94,,,1.2948,105.65,6.14,95.4167,12.66,,23.52,,,,,,,
2014-09-09,98.08,92.73,,,,,,1.063,,,2.5,0.56,2.48,1.94,,,1.2909,106.32,6.1362,95.8811,13.5,,65.54,,,,,,,
2014-09-10,96.26,91.71,,,,,,1.071,,,2.54,0.58,2.52,1.96,,,1.2908,106.76,6.1284,95.8641,12.88,,66.45,,,,,,,
2014-09-11,96.42,92.89,,,,,,1.077,,,2.54,0.58,2.52,1.96,,,1.2936,106.87,6.1295,95.9184,12.8,,43.16,,,,,,,
2014-09-12,96.31,92.18,,,,,,1.082,,,2.62,0.58,2.6,2.04,,,1.2955,107.24,6.1344,96.0748,13.31,-0.5208,49.62,,,,,,,
2014-09-13,,,,,,,,,,,,,,,,,,,,,,,54.57,,,,,,,
2014-09-14,,,,,,,,,,,,,,,,,,,,,,,63.5,,,,,,,
2014-09-15,96.43,92.86,,,,,,1.101,,,2.6,0.58,2.58,2.02,,,1.2951,107.18,6.1415,96.1195,14.12,,132.42,,,,,,,
2014-09-16,97.39,94.91,,,,,,1.108,,,2.6,0.55,2.58,2.05,,,1.2976,106.91,6.1459,95.8483,12.73,,34.58,,,,,,,
2014-09-17,97.7,94.33,,,,,,1.088,,,2.62,0.59,2.6,2.03,,,1.2958,107.58,6.1385,95.9106,12.65,,40.9,,,,,,,
2014-09-18,96.82,93.07,,,,,,1.083,,,2.63,0.59,2.61,2.04,,,1.2913,108.69,6.14,96.1284,12.03,,26.32,,,,,,,
2014-09-19,96.75,92.43,,,,,,1.08,,,2.59,0.59,2.57,2.0,,,1.2835,108.96,6.1403,96.3417,12.11,-0.5278,31.65,,,,,,,
2014-09-20,,,,,,,,,,,,,,,,,,,,,,,83.75,,,,,,,
2014-09-21,,,,,,,,,,,,,,,,,,,,,,,66.46,,,,,,,
2014-09-22,95.37,91.46,,,,,,1.067,,,2.57,0.58,2.56,1.99,,,1.2829,108.88,6.14,96.4625,13.69,,124.77,,,,,,,
2014-09-23,94.87,91.55,,,,,,1.066,,,2.54,0.57,2.53,1.97,,,1.2858,108.82,6.1368,96.5112,14.93,,102.33,,,,,,,
2014-09-24,94.53,93.6,,,,,,1.059,,,2.57,0.59,2.55,1.98,,,1.2788,108.92,6.1346,96.6574,13.27,,46.11,,,,,,,
2014-09-25,95.2,93.59,,,,,,1.035,,,2.52,0.56,2.51,1.96,,,1.2748,108.7,6.1355,96.8988,15.64,,40.69,,,,,,,
2014-09-26,95.08,95.55,,,,,,1.033,,,2.54,0.59,2.53,1.95,,,1.2686,109.32,6.1266,97.208,14.85,-0.3632,49.29,,,,,,,
2014-09-27,,,,,,,,,,,,,,,,,,,,,,,45.23,,,,,,,
2014-09-28,,,,,,,,,,,,,,,,,,,,,,,64.31,,,,,,,
2014-09-29,95.7,94.53,,,,,,1.033,,,2.5,0.58,2.48,1.92,,,1.2703,109.34,6.1495,97.3523,15.98,,41.79,,,,,,,
2014-09-30,94.67,91.17,,,,,,1.033,,,2.52,0.58,2.5,1.94,,,1.2628,109.66,6.138,97.5261,16.31,,41.03,,,,,,,
2014-10-01,94.57,90.74,15.23,6737.478260869565,1946.189130434783,15812.36956521739,35.75173282923754,1.033,257.0,225.7,2.42,0.53,2.4,1.89,,,1.2618,109.3,6.138,97.5387,16.71,,58.82,112.59083773760791,103.0764,101.9786,139798.0,239.413,96.096,2264507057598.6
2014-10-02,91.29,91.02,,,,,,1.033,,,2.44,0.53,2.43,1.91,,,1.267,108.1,6.138,97.3062,16.16,,30.16,,,,,,,
2014-10-03,90.8,89.76,,,,,,1.064,,,2.45,0.57,2.44,1.88,,,1.2517,109.7,6.1385,97.9846,14.55,-0.3169,103.26,,,,,,,
2014-10-04,,,,,,,,,,,,,,,,,,,,,,,54.37,,,,,,,
2014-10-05,,,,,,,,,,,,,,,,,,,,,,,84.19,,,,,,,
2014-10-06,90.65,90.33,,,,,,1.066,,,2.43,0.54,2.41,1.89,,,1.2592,109.08,6.1385,97.5513,15.46,,135.43,,,,,,,
2014-10-07,90.9,88.89,,,,,,1.055,,,2.36,0.52,2.34,1.84,,,1.2626,108.3,6.1385,97.4459,17.2,,89.8,,,,,,,
2014-10-08,90.25,87.29,,,,,,1.033,,,2.35,0.46,2.34,1.89,,,1.2683,108.41,6.1385,97.4945,15.11,,43.96,,,,,,,
2014-10-09,90.47,85.76,,,,,,0.964,,,2.34,0.46,2.33,1.88,,,1.2683,108.0,6.1299,97.1711,18.76,,53.73,,,,,,,
2014-10-10,88.66,85.87,,,,,,0.936,,,2.31,0.45,2.3,1.86,,,1.2636,107.83,6.1308,97.4144,21.24,-0.2988,49.06,,,,,,,
2014-10-11,,,,,,,,,,,,,,,,,,,,,,,70.52,,,,,,,
2014-10-12,,,,,,,,,,,,,,,,,,,,,,,70.66,,,,,,,
2014-10-13,87.82,85.73,,,,,,0.948,,,,,,,,,,,,,24.64,,42.04,,,,,,,
2014-10-14,86.36,81.72,,,,,,0.903,,,2.21,0.39,2.19,1.82,,,1.266,107.15,6.125,97.3943,22.79,,62.32,,,,,,,
2014-10-15,84.02,81.82,,,,,,0.904,,,2.15,0.34,2.13,1.81,,,1.2778,106.06,6.1249,97.3532,26.25,,68.64,,,,,,,
2014-10-16,84.02,82.33,,,,,,0.91,,,2.17,0.35,2.14,1.82,,,1.2812,105.98,6.123,97.2869,25.2,,86.24,,,,,,,
2014-10-17,85.27,82.8,,,,,,0.91,,,2.22,0.39,2.2,1.83,,,1.2755,106.72,6.1238,97.3067,21.99,0.1486,49.35,,,,,,,
2014-10-18,,,,,,,,,,,,,,,,,,,,,,,66.44,,,,,,,
2014-10-19,,,,,,,,,,,,,,,,,,,,,,,77.54,,,,,,,
2014-10-20,84.42,82.76,,,,,,0.888,,,2.2,0.37,2.18,1.83,,,1.2783,106.87,6.1233,97.2874,18.57,,45.57,,,,,,,
2014-10-21,85.17,83.25,,,,,,0.87,,,2.23,0.38,2.21,1.85,,,1.2724,106.7,6.1205,97.2488,16.08,,61.02,,,,,,,
2014-10-22,86.38,80.52,,,,,,0.843,,,2.25,0.41,2.23,1.84,,,1.2658,107.32,6.118,97.459,17.87,,69.25,,,,,,,
2014-10-23,85.94,82.81,,,,,,0.864,,,2.29,0.41,2.28,1.88,,,1.2658,108.16,6.119,97.6047,16.53,,45.24,,,,,,,
2014-10-24,86.0,81.27,,,,,,0.86,,,2.29,0.41,2.28,1.88,,,1.2675,108.06,6.1168,97.4772,16.11,-0.4529,43.41,,,,,,,
2014-10-25,,,,,,,,,,,,,,,,,,,,,,,45.23,,,,,,,
2014-10-26,,,,,,,,,,,,,,,,,,,,,,,109.96,,,,,,,
2014-10-27,85.64,81.26,,,,,,0.868,,,2.27,0.41,2.25,1.86,,,1.2712,107.71,6.116,97.5423,16.04,,68.48,,,,,,,
2014-10-28,85.57,81.36,,,,,,0.878,,,2.3,0.42,2.28,1.88,,,1.2747,108.0,6.113,97.2173,14.39,,72.16,,,,,,,
2014-10-29,86.91,82.25,,,,,,0.912,,,2.34,0.48,2.31,1.86,,,1.2762,108.1,6.1107,97.0145,15.15,,57.53,,,,,,,
2014-10-30,85.5,81.06,,,,,,0.901,,,2.32,0.48,2.31,1.84,,,1.2622,108.94,6.114,97.456,14.52,,37.38,,,,,,,
2014-10-31,84.17,80.53,,,,,,0.895,,,2.35,0.5,2.34,1.85,,,1.253,112.09,6.1124,98.1163,14.03,-0.4775,103.08,,,,,,,
2014-11-01,,,16.41,6712.85,2055.555,15807.05,40.59737318840578,,231.2,211.7,,,,,,,,,,,,,28.94,119.36406517732429,103.7126,101.2521,140089.0,239.248,96.181,
2014-11-02,,,,,,,,,,,,,,,,,,,,,,,61.77,,,,,,,
2014-11-03,84.9,78.77,,,,,,0.885,,,2.36,0.52,2.34,1.84,,,1.2487,113.92,6.1178,98.5336,14.73,,64.42,,,,,,,
2014-11-04,82.12,77.15,,,,,,0.874,,,2.35,0.52,2.32,1.83,,,1.2554,113.44,6.115,98.5576,14.89,,58.5,,,,,,,
2014-11-05,82.88,78.71,,,,,,0.869,,,2.36,0.52,2.33,1.84,,,1.2488,114.62,6.1135,98.8086,14.17,,72.12,,,,,,,
2014-11-06,82.08,77.87,,,,,,0.844,,,2.39,0.54,2.36,1.85,,,1.2414,114.87,6.1117,99.1325,13.67,,56.66,,,,,,,
2014-11-07,83.2,78.71,,,,,,0.837,,,2.32,0.51,2.29,1.81,,,1.2422,114.73,6.1225,99.0236,13.12,-0.4427,26.93,,,,,,,
2014-11-08,,,,,,,,,,,,,,,,,,,,,,,52.82,,,,,,,
2014-11-09,,,,,,,,,,,,,,,,,,,,,,,71.58,,,,,,,
2014-11-10,82.9,77.43,,,,,,0.839,,,2.38,0.55,2.36,1.83,,,1.2425,114.78,6.119,98.9305,12.67,,45.75,,,,,,,
2014-11-11,80.94,77.85,,,,,,0.841,,,,,,,,,,,,,12.92,,36.64,,,,,,,
2014-11-12,80.42,77.16,,,,,,0.849,,,2.37,0.55,2.35,1.82,,,1.2456,115.42,6.1257,98.8897,13.02,,49.99,,,,,,,
2014-11-13,77.74,74.13,,,,,,0.8,,,2.35,0.53,2.33,1.82,,,1.2476,115.63,6.1243,99.1045,13.79,,40.12,,,,,,,
2014-11-14,77.51,75.91,,,,,,0.806,,,2.32,0.54,2.3,1.78,,,1.2494,116.52,6.129,99.0917,13.31,-0.4327,29.81,,,,,,,
2014-11-15,,,,,,,,,,,,,,,,,,,,,,,57.0,,,,,,,
2014-11-16,,,,,,,,,,,,,,,,,,,,,,,76.38,,,,,,,
2014-11-17,76.86,75.64,,,,,,0.791,,,2.34,0.54,2.31,1.8,,,1.2447,116.44,6.1242,99.2188,13.99,,151.19,,,,,,,
2014-11-18,77.23,74.55,,,,,,0.766,,,2.32,0.53,2.3,1.79,,,1.2534,116.76,6.1208,99.0185,13.86,,56.8,,,,,,,
2014-11-19,77.21,74.55,,,,,,0.714,,,2.36,0.54,2.35,1.82,,,1.2548,117.7,6.119,99.2424,13.96,,48.87,,,,,,,
2014-11-20,77.61,75.63,,,,,,0.739,,,2.34,0.53,2.32,1.81,,,1.2526,118.14,6.123,99.2554,13.58,,51.4,,,,,,,
2014-11-21,79.2,76.52,,,,,,0.759,,,2.31,0.53,2.3,1.78,,,1.2394,117.74,6.1244,99.2894,12.9,-0.3079,58.61,,,,,,,
2014-11-22,,,,,,,,,,,,,,,,,,,,,,,102.93,,,,,,,
2014-11-23,,,,,,,,,,,,,,,,,,,,,,,76.47,,,,,,,
2014-11-24,79.62,75.74,,,,,,0.764,,,2.3,0.53,2.28,1.77,,,1.2427,118.39,6.1412,99.4227,12.62,,78.87,,,,,,,
2014-11-25,77.62,74.04,,,,,,0.758,,,2.27,0.51,2.25,1.76,,,1.2472,117.99,6.1355,99.2837,12.25,,60.87,,,,,,,
2014-11-26,77.39,73.7,,,,,,0.753,,,2.24,0.53,2.22,1.71,,,1.2503,117.6,6.1386,99.1893,12.07,,27.16,,,,,,,
2014-11-27,,,,,,,,,,,,,,,,,,,,,,,92.67,,,,,,,
2014-11-28,71.89,65.94,,,,,,0.753,,,2.18,0.47,2.16,1.71,,,1.2438,118.7,6.1429,100.0719,13.33,-0.4098,38.11,,,,,,,
2014-11-29,,,,,,,,,,,,,,,,,,,,,,,30.36,,,,,,,
2014-11-30,,,,,,,,,,,,,,,,,,,,,,,41.6,,,,,,,
2014-12-01,70.87,68.98,16.58,6446.452380952381,1909.459523809524,15962.04761904762,36.94825141776934,0.673,194.3,168.9,2.22,0.49,2.19,1.73,,,1.249,118.14,6.1515,99.8964,14.29,,37.22,111.29673945685165,103.7044,99.6305,140364.0,238.775,96.249,
2014-12-02,71.13,66.99,,,,,,0.673,,,2.28,0.55,2.25,1.73,,,1.239,119.1,6.149,100.4478,12.85,,68.69,,,,,,,
2014-12-03,70.13,67.3,,,,,,0.673,,,2.29,0.57,2.28,1.72,,,1.2304,119.82,6.1499,100.5696,12.47,,76.65,,,,,,,
2014-12-04,68.48,66.73,,,,,,0.608,,,2.25,0.55,2.23,1.7,,,1.2432,119.67,6.1541,100.3931,12.38,,49.34,,,,,,,
2014-12-05,68.0,65.89,,,,,,0.573,,,2.31,0.65,2.29,1.66,,,1.2304,121.38,6.1497,101.0989,11.82,-0.2891,63.16,,,,,,,
2014-12-06,,,,,,,,,,,,,,,,,,,,,,,76.9,,,,,,,
2014-12-07,,,,,,,,,,,,,,,,,,,,,,,61.53,,,,,,,
2014-12-08,65.64,63.13,,,,,,0.506,,,2.26,0.64,2.23,1.62,,,1.2292,120.89,6.1725,101.31,14.21,,53.77,,,,,,,
2014-12-09,66.11,63.74,,,,,,0.53,,,2.22,0.64,2.18,1.58,,,1.2415,118.87,6.1855,100.8095,14.89,,58.26,,,,,,,
2014-12-10,63.32,60.99,,,,,,0.521,,,2.18,0.59,2.15,1.59,,,1.2425,118.5,6.1763,101.0212,18.53,,39.55,,,,,,,
2014-12-11,63.65,60.01,,,,,,0.538,,,2.19,0.62,2.16,1.57,,,1.2397,119.4,6.1881,101.4448,20.08,,36.88,,,,,,,
2014-12-12,61.67,57.81,,,,,,0.548,,,2.1,0.56,2.08,1.54,,,1.2484,118.22,6.1864,101.3735,21.08,-0.0123,42.58,,,,,,,
2014-12-13,,,,,,,,,,,,,,,,,,,,,,,63.41,,,,,,,
2014-12-14,,,,,,,,,,,,,,,,,,,,,,,90.77,,,,,,,
2014-12-15,61.09,55.96,,,,,,0.557,,,2.12,0.6,2.08,1.52,,,1.247,117.75,6.19,101.674,20.42,,32.39,,,,,,,
2014-12-16,60.26,55.97,,,,,,0.544,,,2.07,0.58,2.04,1.49,,,1.2504,117.28,6.189,101.526,23.57,,56.01,,,,,,,
2014-12-17,59.84,56.43,,,,,,0.553,,,2.14,0.62,2.11,1.52,,,1.2406,117.64,6.1957,101.5527,19.44,,99.63,,,,,,,
2014-12-18,58.81,54.18,,,,,,0.543,,,2.22,0.67,2.18,1.55,,,1.2291,118.84,6.2139,101.7531,16.81,,105.88,,,,,,,
2014-12-19,58.87,56.91,,,,,,0.565,,,2.17,0.67,2.13,1.5,,,1.2235,119.56,6.2196,102.0483,16.49,0.0822,42.7,,,,,,,
2014-12-20,,,,,,,,,,,,,,,,,,,,,,,93.69,,,,,,,
2014-12-21,,,,,,,,,,,,,,,,,,,,,,,126.19,,,,,,,
2014-12-22,58.31,55.25,,,,,,0.555,,,2.17,0.71,2.12,1.46,,,1.2252,119.84,6.2213,101.9942,15.25,,81.46,,,,,,,
2014-12-23,59.07,56.78,,,,,,0.562,,,2.26,0.73,2.23,1.53,,,1.218,120.68,6.2256,102.348,14.8,,41.44,,,,,,,
2014-12-24,58.67,55.7,,,,,,0.528,,,2.27,0.73,2.26,1.54,,,1.2188,120.45,6.2148,102.3028,14.37,,26.5,,,,,,,
2014-12-25,,,,,,,,,,,,,,,,,,,,,,,48.33,,,,,,,
2014-12-26,58.72,54.59,,,,,,0.528,,,2.25,0.73,2.24,1.52,,,,,,,14.5,-0.4859,58.01,,,,,,,
2014-12-27,,,,,,,,,,,,,,,,,,,,,,,26.63,,,,,,,
2014-12-28,,,,,,,,,,,,,,,,,,,,,,,109.92,,,,,,,
2014-12-29,57.86,53.46,,,,,,0.512,,,2.22,0.72,2.19,1.5,,,1.2179,120.57,6.2222,102.3767,15.06,,108.66,,,,,,,
2014-12-30,55.6,54.14,,,,,,0.507,,,2.2,0.69,2.17,1.51,,,1.2174,119.34,6.2015,102.1019,15.92,,50.14,,,,,,,
2014-12-31,55.27,53.45,,,,,,0.486,,,2.17,0.67,2.13,1.5,,,1.2101,119.85,6.2046,102.2843,19.2,,127.2,,,,,,,
2015-01-01,,,15.5,5830.535714285714,1814.719047619048,14849.19047619048,35.89772727272727,,150.7,120.1,,,,,,,,,,,,,137.22,129.05862693182343,102.8905,98.4557,140568.0,239.248,96.214,2278957274736.4
2015-01-02,55.38,52.72,,,,,,0.49,,,2.12,0.66,2.1,1.46,,,1.2015,120.2,6.2046,102.9027,17.79,-0.1106,93.14,,,,,,,
2015-01-03,,,,,,,,,,,,,,,,,,,,,,,79.59,,,,,,,
2015-01-04,,,,,,,,,,,,,,,,,,,,,,,163.12,,,,,,,
2015-01-05,51.08,50.05,,,,,,0.465,,,2.04,0.68,2.01,1.36,,,1.1918,119.64,6.2201,103.4976,19.92,,90.66,,,,,,,
2015-01-06,50.12,47.98,,,,,,0.449,,,1.97,0.65,1.94,1.32,,,1.1936,118.26,6.2125,103.2938,21.12,,85.46,,,,,,,
2015-01-07,49.06,48.69,,,,,,0.451,,,1.96,0.62,1.93,1.34,,,1.182,119.52,6.2127,103.6316,19.31,,57.14,,,,,,,
2015-01-08,49.43,48.8,,,,,,0.451,,,2.03,0.62,2.0,1.41,,,1.1811,119.51,6.2143,103.2799,17.01,,59.56,,,,,,,
2015-01-09,47.64,48.35,,,,,,0.453,,,1.98,0.59,1.96,1.39,,,1.183,118.66,6.2085,103.1213,17.55,0.1444,44.45,,,,,,,
2015-01-10,,,,,,,,,,,,,,,,,,,,,,,90.61,,,,,,,
2015-01-11,,,,,,,,,,,,,,,,,,,,,,,110.37,,,,,,,
2015-01-12,46.9,46.06,,,,,,0.452,,,1.92,0.56,1.89,1.36,,,1.1832,118.32,6.2027,103.2372,19.6,,99.54,,,,,,,
2015-01-13,45.13,45.92,,,,,,0.461,,,1.91,0.54,1.88,1.37,,,1.1779,118.16,6.197,103.27,20.56,,68.71,,,,,,,
2015-01-14,45.82,48.49,,,,,,0.469,,,1.86,0.51,1.82,1.35,,,1.1806,116.78,6.1957,103.0903,21.48,,82.58,,,,,,,
2015-01-15,47.66,46.37,,,,,,0.465,,,1.77,0.44,1.74,1.33,,,1.1598,116.95,6.187,103.0829,22.39,,88.27,,,,,,,
2015-01-16,47.38,48.49,,,,,,0.48,,,1.83,0.49,1.8,1.34,,,1.1517,117.45,6.2065,103.2189,20.95,0.1476,50.91,,,,,,,
2015-01-17,,,,,,,,,,,,,,,,,,,,,,,78.8,,,,,,,
2015-01-18,,,,,,,,,,,,,,,,,,,,,,,131.37,,,,,,,
2015-01-19,,,,,,,,,,,,,,,,,,,,,,,72.54,,,,,,,
2015-01-20,46.49,46.79,,,,,,0.484,,,1.82,0.53,1.79,1.29,,,1.1559,118.48,6.2137,103.5233,19.89,,74.06,,,,,,,
2015-01-21,46.5,47.85,,,,,,0.511,,,1.87,0.53,1.84,1.34,,,1.1584,117.86,6.2112,103.7858,18.85,,43.82,,,,,,,
2015-01-22,46.09,45.93,,,,,,0.521,,,1.9,0.53,1.87,1.37,,,1.1414,117.92,6.2085,103.9271,16.4,,85.21,,,,,,,
2015-01-23,46.69,45.26,,,,,,0.507,,,1.81,0.52,1.79,1.29,,,1.1279,117.8,6.2279,104.3676,16.66,-0.0196,82.9,,,,,,,
2015-01-24,,,,,,,,,,,,,,,,,,,,,,,75.04,,,,,,,
2015-01-25,,,,,,,,,,,,,,,,,,,,,,,87.69,,,,,,,
2015-01-26,46.07,44.8,,,,,,0.501,,,1.83,0.54,1.8,1.29,,,1.129,118.38,6.2535,104.4818,15.52,,54.5,,,,,,,
2015-01-27,46.55,45.84,,,,,,0.498,,,1.83,0.54,1.81,1.29,,,1.137,117.62,6.243,104.1646,17.22,,55.58,,,,,,,
2015-01-28,47.07,44.08,,,,,,0.473,,,1.73,0.5,1.71,1.23,,,1.1342,117.74,6.2475,104.4737,20.44,,77.51,,,,,,,
2015-01-29,46.61,44.12,,,,,,0.472,,,1.77,0.51,1.74,1.26,,,1.1308,118.31,6.2463,105.2763,18.76,,32.14,,,,,,,
2015-01-30,47.52,47.79,,,,,,0.501,,,1.68,0.47,1.66,1.21,,,1.129,117.44,6.2495,105.5884,20.97,0.0042,65.15,,,,,,,
2015-01-31,,,,,,,,,,,,,,,,,,,,,,,82.5,,,,,,,
2015-02-01,,,14.69,5729.275,1817.82,14573.8375,38.1875,,159.8,130.3,,,,,,,,,,,,,66.55,115.61559524982279,102.2335,99.3754,140827.0,240.083,96.324,
2015-02-02,51.74,49.25,,,,,,0.525,,,1.68,0.49,1.66,1.19,,,1.1337,117.33,6.2594,105.2058,19.43,,79.45,,,,,,,
2015-02-03,54.41,53.04,,,,,,0.548,,,1.79,0.52,1.77,1.27,,,1.1462,117.48,6.2573,104.6063,17.33,,65.6,,,,,,,
2015-02-04,55.07,48.45,,,,,,0.517,,,1.81,0.52,1.8,1.29,,,1.1418,117.58,6.2472,104.785,18.33,,67.26,,,,,,,
2015-02-05,55.98,50.48,,,,,,0.533,,,1.83,0.52,1.81,1.31,,,1.1432,117.4,6.2516,104.4915,16.85,,115.17,,,,,,,
2015-02-06,55.88,51.66,,,,,,0.551,,,1.95,0.65,1.93,1.3,,,1.133,119.16,6.2417,105.1283,17.29,-0.1738,59.12,,,,,,,
2015-02-07,,,,,,,,,,,,,,,,,,,,,,,48.01,,,,,,,
2015-02-08,,,,,,,,,,,,,,,,,,,,,,,75.83,,,,,,,
2015-02-09,57.0,52.99,,,,,,0.56,,,1.96,0.65,1.95,1.31,,,1.1316,118.7,6.2467,104.9889,18.55,,87.49,,,,,,,
2015-02-10,55.79,50.06,,,,,,0.546,,,2.01,0.67,2.0,1.34,,,1.1316,119.32,6.2405,105.2897,17.23,,83.73,,,,,,,
2015-02-11,53.48,48.8,,,,,,0.547,,,2.0,0.67,1.99,1.33,,,1.13,120.38,6.2422,105.7901,16.96,,50.54,,,,,,,
2015-02-12,56.23,51.17,,,,,,0.574,,,1.99,0.61,1.97,1.38,,,1.141,118.72,6.244,104.9385,15.34,,26.96,,,,,,,
2015-02-13,60.33,52.66,,,,,,0.594,,,2.02,0.66,2.01,1.36,,,1.1408,118.7,6.2399,104.8452,14.69,-0.2619,54.65,,,,,,,
2015-02-14,,,,,,,,,,,,,,,,,,,,,,,56.6,,,,,,,
2015-02-15,,,,,,,,,,,,,,,,,,,,,,,67.8,,,,,,,
2015-02-16,61.57,,,,,,,,,,,,,,,,,,,,,,37.41,,,,,,,
2015-02-17,60.78,53.56,,,,,,0.604,,,2.14,0.7,2.12,1.44,,,1.1395,118.99,6.2546,,15.8,,50.67,,,,,,,
2015-02-18,60.72,52.13,,,,,,0.599,,,2.07,0.62,2.05,1.45,,,1.1342,119.19,6.2546,105.2514,15.45,,37.15,,,,,,,
2015-02-19,58.78,51.12,,,,,,0.59,,,2.11,0.67,2.09,1.44,,,1.1392,118.84,6.2546,105.1407,15.29,,102.56,,,,,,,
2015-02-20,60.99,49.95,,,,,,0.596,,,2.13,0.67,2.11,1.46,,,1.1372,118.68,6.2546,105.3387,14.3,-0.2463,35.63,,,,,,,
2015-02-21,,,,,,,,,,,,,,,,,,,,,,,50.96,,,,,,,
2015-02-22,,,,,,,,,,,,,,,,,,,,,,,62.23,,,,,,,
2015-02-23,59.78,49.56,,,,,,0.592,,,2.06,0.64,2.04,1.42,,,1.1346,118.88,6.2546,105.5359,14.56,,76.09,,,,,,,
2015-02-24,60.33,48.48,,,,,,0.595,,,1.99,0.6,1.97,1.39,,,1.1307,119.13,6.2546,105.5472,13.69,,128.86,,,,,,,
2015-02-25,59.77,50.25,,,,,,0.603,,,1.96,0.61,1.94,1.35,,,1.1363,118.88,6.2591,105.0503,13.84,,74.82,,,,,,,
2015-02-26,61.39,47.65,,,,,,0.6,,,2.03,0.66,2.0,1.37,,,1.1212,119.36,6.2584,105.5021,13.91,,74.61,,,,,,,
2015-02-27,61.89,49.84,,,,,,0.615,,,2.0,0.63,1.98,1.37,,,1.1197,119.72,6.2695,105.5981,13.34,-0.2279,116.63,,,,,,,
2015-02-28,,,,,,,,,,,,,,,,,,,,,,,70.02,,,,,,,
2015-03-01,,,13.05,5939.670454545455,1773.863636363636,13755.5,39.31818181818182,,179.9,127.5,,,,,,,,,,,,,90.02,111.3781448434738,101.8914,101.3652,140923.0,241.067,96.47,
2015-03-02,60.75,49.59,,,,,,0.608,,,2.08,0.66,2.06,1.42,,,1.119,120.06,6.272,105.8151,13.04,,91.47,,,,,,,
2015-03-03,61.18,50.43,,,,,,0.616,,,2.12,0.68,2.1,1.44,,,1.1212,119.47,6.2741,105.5562,13.86,,37.66,,,,,,,
2015-03-04,59.18,51.53,,,,,,0.61,,,2.12,0.66,2.11,1.46,,,1.107,119.76,6.2701,106.1333,14.23,,89.94,,,,,,,
2015-03-05,60.33,50.76,,,,,,0.594,,,2.11,0.65,2.09,1.46,,,1.1006,120.22,6.2658,,14.04,,69.01,,,,,,,
2015-03-06,59.15,49.61,,,,,,0.578,,,2.24,0.73,2.23,1.51,,,1.0855,120.93,6.262,107.4337,15.2,-0.2681,47.16,,,,,,,
2015-03-07,,,,,,,,,,,,,,,,,,,,,,,72.56,,,,,,,
2015-03-08,,,,,,,,,,,,,,,,,,,,,,,70.57,,,,,,,
2015-03-09,58.67,49.95,,,,,,0.558,,,2.2,0.7,2.18,1.5,,,1.0846,121.17,6.2635,107.5199,15.06,,63.31,,,,,,,
2015-03-10,55.95,48.42,,,,,,0.534,,,2.14,0.7,2.12,1.44,,,1.0707,121.2,6.2615,108.1165,16.69,,85.17,,,,,,,
2015-03-11,56.46,48.06,,,,,,0.539,,,2.11,0.7,2.08,1.41,,,1.0576,121.5,6.2613,108.5235,16.87,,44.39,,,,,,,
2015-03-12,56.66,47.12,,,,,,0.544,,,2.1,0.67,2.07,1.43,,,1.0615,121.28,6.2614,108.1741,15.42,,33.9,,,,,,,
2015-03-13,54.8,44.88,,,,,,0.528,,,2.13,0.68,2.1,1.45,,,1.0524,121.17,6.2585,108.9174,16.0,-0.113,52.24,,,,,,,
2015-03-14,,,,,,,,,,,,,,,,,,,,,,,39.04,,,,,,,
2015-03-15,,,,,,,,,,,,,,,,,,,,,,,36.66,,,,,,,
2015-03-16,52.0,43.93,,,,,,0.517,,,2.1,0.66,2.05,1.44,,,1.0575,121.3,6.262,108.6422,15.61,,53.97,,,,,,,
2015-03-17,52.17,43.39,,,,,,0.505,,,2.06,0.7,2.01,1.36,,,1.0605,121.28,6.249,108.5805,15.66,,37.53,,,,,,,
2015-03-18,52.59,44.63,,,,,,0.51,,,1.93,0.57,1.9,1.36,,,1.0643,120.92,6.2289,108.408,13.97,,78.2,,,,,,,
2015-03-19,52.96,44.02,,,,,,0.495,,,1.98,0.63,1.95,1.35,,,1.0621,120.9,6.1955,108.1826,14.07,,52.74,,,,,,,
2015-03-20,53.88,46.0,,,,,,0.502,,,1.93,0.6,1.92,1.33,,,1.0792,120.28,6.2037,107.1671,13.02,-0.1395,56.33,,,,,,,
2015-03-21,,,,,,,,,,,,,,,,,,,,,,,39.84,,,,,,,
2015-03-22,,,,,,,,,,,,,,,,,,,,,,,67.02,,,,,,,
2015-03-23,53.82,47.4,,,,,,0.511,,,1.92,0.6,1.89,1.32,,,1.0928,119.74,6.2135,106.5022,13.41,,108.15,,,,,,,
2015-03-24,53.61,47.03,,,,,,0.516,,,1.88,0.58,1.86,1.3,,,1.0908,119.9,6.2046,106.4401,13.62,,34.47,,,,,,,
2015-03-25,54.18,48.75,,,,,,0.533,,,1.93,0.59,1.89,1.34,,,1.0986,119.37,6.2116,106.2636,15.44,,52.7,,,,,,,
2015-03-26,57.02,51.41,,,,,,0.558,,,2.01,0.61,1.98,1.4,,,1.0919,119.01,6.2103,106.5582,15.8,,46.77,,,,,,,
2015-03-27,56.44,48.83,,,,,,0.54,,,1.95,0.58,1.91,1.37,,,1.0891,119.15,6.2145,106.8916,15.07,-0.2049,61.09,,,,,,,
2015-03-28,,,,,,,,,,,,,,,,,,,,,,,68.89,,,,,,,
2015-03-29,,,,,,,,,,,,,,,,,,,,,,,87.06,,,,,,,
2015-03-30,53.99,48.66,,,,,,0.523,,,1.96,0.58,1.92,1.38,,,1.0818,120.11,6.2065,107.3941,14.51,,74.41,,,,,,,
2015-03-31,53.69,47.72,,,,,,0.516,,,1.94,0.56,1.91,1.38,,,1.0741,119.96,6.199,107.4396,15.29,,88.25,,,,,,,
2015-04-01,55.73,50.12,11.02,6042.0875,1819.1875,12830.925,38.84090909090909,0.531,179.1,143.0,1.87,0.55,1.84,1.32,,,1.0768,119.62,6.1976,107.06,15.11,,85.27,100.97814202399941,101.3355,100.4339,141196.0,241.802,96.648,2289705403143.3
2015-04-02,55.73,49.13,,,,,,0.514,,,1.92,0.55,1.9,1.37,,,1.0874,119.74,6.1968,106.6738,14.67,,27.58,,,,,,,
2015-04-03,,,,,,,,,,,1.85,0.49,1.83,1.36,,,1.099,118.96,6.193,105.8861,,-0.1882,69.18,,,,,,,
2015-04-04,,,,,,,,,,,,,,,,,,,,,,,123.38,,,,,,,
2015-04-05,,,,,,,,,,,,,,,,,,,,,,,106.94,,,,,,,
2015-04-06,55.73,52.08,,,,,,0.529,,,1.92,0.51,1.89,1.41,,,1.1008,119.05,6.193,105.7876,14.74,,56.3,,,,,,,
2015-04-07,57.55,53.95,,,,,,0.539,,,1.89,0.52,1.87,1.37,,,1.085,120.36,6.1955,106.4488,14.78,,77.07,,,,,,,
2015-04-08,56.42,50.44,,,,,,0.519,,,1.92,0.54,1.89,1.38,,,1.0818,119.96,6.202,106.4231,13.98,,55.11,,,,,,,
2015-04-09,56.04,50.79,,,,,,0.525,,,1.97,0.56,1.94,1.41,,,1.0671,120.32,6.205,107.0335,13.09,,43.26,,,,,,,
2015-04-10,56.82,51.63,,,,,,0.533,,,1.96,0.57,1.94,1.39,,,1.0598,120.29,6.2082,107.4526,12.58,-0.3638,41.28,,,,,,,
2015-04-11,,,,,,,,,,,,,,,,,,,,,,,55.3,,,,,,,
2015-04-12,,,,,,,,,,,,,,,,,,,,,,,109.48,,,,,,,
2015-04-13,57.14,51.95,,,,,,0.541,,,1.94,0.54,1.91,1.4,,,1.0582,120.32,6.2152,107.7508,13.94,,77.54,,,,,,,
2015-04-14,57.69,53.3,,,,,,0.549,,,1.9,0.53,1.88,1.37,,,1.0672,119.26,6.2113,107.0547,13.67,,66.77,,,,,,,
2015-04-15,59.32,56.25,,,,,,0.563,,,1.91,0.51,1.89,1.4,,,1.0596,119.23,6.2037,107.1855,12.84,,310.25,,,,,,,
2015-04-16,60.13,56.69,,,,,,0.575,,,1.9,0.5,1.88,1.4,,,1.0742,119.18,6.1947,106.2761,12.6,,49.98,,,,,,,
2015-04-17,61.31,55.71,,,,,,0.57,,,1.87,0.51,1.86,1.36,,,1.078,119.02,6.1976,106.329,13.89,-0.3536,43.72,,,,,,,
2015-04-18,,,,,,,,,,,,,,,,,,,,,,,34.56,,,,,,,
2015-04-19,,,,,,,,,,,,,,,,,,,,,,,58.0,,,,,,,
2015-04-20,61.2,56.37,,,,,,0.565,,,1.9,0.55,1.87,1.35,,,1.0763,119.27,6.2014,106.4902,13.3,,51.68,,,,,,,
2015-04-21,60.12,55.58,,,,,,0.545,,,1.92,0.55,1.89,1.37,,,1.0758,119.45,6.201,106.5582,13.25,,46.55,,,,,,,
2015-04-22,60.12,56.17,,,,,,0.548,,,1.99,0.57,1.96,1.42,,,1.0729,119.9,6.1927,106.5815,12.71,,36.96,,,,,,,
2015-04-23,62.66,56.59,,,,,,0.569,,,1.96,0.55,1.93,1.41,,,1.0803,119.69,6.1975,106.1658,12.48,,33.57,,,,,,,
2015-04-24,62.96,55.98,,,,,,0.569,,,1.93,0.54,1.9,1.39,,,1.0876,118.98,6.193,105.905,12.29,-0.3997,42.94,,,,,,,
2015-04-25,,,,,,,,,,,,,,,,,,,,,,,56.49,,,,,,,
2015-04-26,,,,,,,,,,,,,,,,,,,,,,,85.88,,,,,,,
2015-04-27,62.86,55.56,,,,,,0.561,,,1.94,0.54,1.92,1.4,,,1.0892,119.12,6.2185,105.6891,13.12,,35.03,,,,,,,
2015-04-28,62.61,57.05,,,,,,0.56,,,2.0,0.56,1.98,1.44,,,1.0979,118.8,6.2035,105.1234,12.41,,30.41,,,,,,,
2015-04-29,63.97,58.55,,,,,,0.554,,,2.06,0.56,2.05,1.5,,,1.1174,118.83,6.1989,104.5634,13.39,,30.76,,,,,,,
2015-04-30,63.9,59.62,,,,,,0.554,,,2.05,0.58,2.04,1.47,,,1.1162,119.86,6.2018,105.312,14.55,,39.66,,,,,,,
2015-05-01,64.13,59.1,9.04,6294.776315789474,1804.039473684211,13511.34210526316,35.69047619047619,0.543,210.2,165.4,2.12,0.6,2.11,1.52,,,1.1194,120.21,6.2018,105.6382,12.7,-0.3795,37.85,104.46210434787858,100.8883,100.7866,141538.0,242.119,96.766,
2015-05-02,,,,,,,,,,,,,,,,,,,,,,,39.16,,,,,,,
2015-05-03,,,,,,,,,,,,,,,,,,,,,,,40.51,,,,,,,
2015-05-04,64.62,58.92,,,,,,0.522,,,2.16,0.6,2.14,1.56,,,1.1145,120.25,6.2085,105.6679,12.85,,27.02,,,,,,,
2015-05-05,65.44,60.38,,,,,,0.527,,,2.19,0.62,2.18,1.57,,,1.1174,119.87,6.2058,105.2396,14.31,,30.59,,,,,,,
2015-05-06,66.22,60.93,,,,,,0.518,,,2.25,0.65,2.23,1.6,,,1.1345,119.42,6.2001,104.6935,15.15,,42.19,,,,,,,
2015-05-07,64.93,58.99,,,,,,0.491,,,2.18,0.63,2.17,1.55,,,1.1283,119.74,6.2063,105.1941,15.13,,79.16,,,,,,,
2015-05-08,63.82,59.41,,,,,,0.491,,,2.16,0.59,2.15,1.57,,,1.1241,119.78,6.2084,104.8424,12.86,-0.3219,81.06,,,,,,,
2015-05-09,,,,,,,,,,,,,,,,,,,,,,,80.04,,,,,,,
2015-05-10,,,,,,,,,,,,,,,,,,,,,,,100.21,,,,,,,
2015-05-11,62.82,59.23,,,,,,0.496,,,2.28,0.62,2.26,1.66,,,1.1142,120.05,6.2086,105.3075,13.85,,106.86,,,,,,,
2015-05-12,65.09,60.72,,,,,,0.514,,,2.28,0.61,2.25,1.67,,,1.124,119.8,6.2086,104.8924,13.86,,86.73,,,,,,,
2015-05-13,66.33,60.5,,,,,,0.504,,,2.27,0.59,2.25,1.68,,,1.1372,119.09,6.2043,104.3608,13.76,,86.1,,,,,,,
2015-05-14,65.58,59.89,,,,,,0.48,,,2.23,0.56,2.22,1.67,,,1.1368,119.2,6.2013,104.2359,12.74,,49.4,,,,,,,
2015-05-15,64.69,59.73,,,,,,0.479,,,2.14,0.55,2.12,1.59,,,1.1428,119.36,6.2051,104.0202,12.38,-0.2947,65.4,,,,,,,
2015-05-16,,,,,,,,,,,,,,,,,,,,,,,45.21,,,,,,,
2015-05-17,,,,,,,,,,,,,,,,,,,,,,,78.72,,,,,,,
2015-05-18,65.15,59.44,,,,,,0.469,,,2.23,0.58,2.21,1.65,,,1.1354,119.82,6.2041,104.6068,12.73,,65.23,,,,,,,
2015-05-19,63.48,57.3,,,,,,0.454,,,2.27,0.63,2.25,1.64,,,1.1151,120.58,6.2064,105.3448,12.85,,45.51,,,,,,,
2015-05-20,63.52,58.96,,,,,,0.441,,,2.26,0.6,2.24,1.66,,,1.1079,121.28,6.2036,105.5605,12.88,,56.09,,,,,,,
2015-05-21,64.7,60.18,,,,,,0.441,,,2.19,0.6,2.17,1.59,,,1.1126,121.06,6.1958,105.3808,12.11,,58.45,,,,,,,
2015-05-22,64.7,58.88,,,,,,0.425,,,2.21,0.64,2.19,1.57,,,1.1033,121.45,6.1972,105.8487,12.13,-0.2939,65.97,,,,,,,
2015-05-23,,,,,,,,,,,,,,,,,,,,,,,108.5,,,,,,,
2015-05-24,,,,,,,,,,,,,,,,,,,,,,,71.12,,,,,,,
2015-05-25,,,,,,,,,,,,,,,,,,,,,,,41.75,,,,,,,
2015-05-26,61.65,57.29,,,,,,0.39,,,2.14,0.64,2.12,1.5,,,1.0876,123.08,6.2038,106.7294,14.06,,56.41,,,,,,,
2015-05-27,61.35,57.51,,,,,,0.385,,,2.14,0.64,2.13,1.5,,,1.0888,123.76,6.2011,106.908,13.27,,49.51,,,,,,,
2015-05-28,60.12,57.69,,,,,,0.396,,,2.13,0.62,2.12,1.51,,,1.0914,124.18,6.2002,106.92,13.31,,87.95,,,,,,,
2015-05-29,63.16,60.25,,,,,,0.441,,,2.12,0.61,2.11,1.51,,,1.0994,123.98,6.198,106.7388,13.84,-0.1911,39.59,,,,,,,
2015-05-30,,,,,,,,,,,,,,,,,,,,,,,40.33,,,,,,,
2015-05-31,,,,,,,,,,,,,,,,,,,,,,,86.03,,,,,,,
2015-06-01,62.87,60.24,8.79,5833.011363636364,1687.727272727273,12825.22727272727,36.04545454545455,0.453,214.3,164.6,2.19,0.64,2.17,1.55,,,1.0913,124.64,6.1985,107.2238,13.97,,33.34,119.21169438298865,100.571,102.1865,141709.0,242.354,96.882,
2015-06-02,63.14,61.3,,,,,,0.453,,,2.27,0.64,2.26,1.63,,,1.113,124.19,6.198,106.4507,14.24,,71.05,,,,,,,
2015-06-03,62.78,59.67,,,,,,0.413,,,2.38,0.69,2.36,1.69,,,1.1285,124.06,6.1976,106.1443,13.66,,31.97,,,,,,,
2015-06-04,60.34,58.0,,,,,,0.367,,,2.31,0.66,2.29,1.65,,,1.1271,124.56,6.2006,106.4725,14.71,,80.34,,,,,,,
2015-06-05,60.36,59.11,,,,,,0.334,,,2.41,0.73,2.38,1.68,,,1.1108,125.58,6.2024,107.1336,14.21,-0.1931,40.47,,,,,,,
2015-06-06,,,,,,,,,,,,,,,,,,,,,,,63.25,,,,,,,
2015-06-07,,,,,,,,,,,,,,,,,,,,,,,99.95,,,,,,,
2015-06-08,61.33,58.15,,,,,,0.34,,,2.39,0.7,2.37,1.69,,,1.1232,125.08,6.2053,106.7693,15.29,,150.67,,,,,,,
2015-06-09,63.23,60.15,,,,,,0.379,,,2.42,0.72,2.4,1.7,,,1.1284,124.16,6.2047,106.2238,14.47,,65.45,,,,,,,
2015-06-10,64.68,61.36,,,,,,0.399,,,2.5,0.75,2.48,1.75,,,1.1307,122.72,6.2055,105.8037,13.22,,34.96,,,,,,,
2015-06-11,63.76,60.74,,,,,,0.409,,,2.39,0.73,2.38,1.66,,,1.1236,123.62,6.2065,106.0934,12.85,,40.94,,,,,,,
2015-06-12,63.19,59.96,,,,,,0.414,,,2.39,0.74,2.37,1.65,,,1.1278,123.23,6.2081,105.9015,13.78,-0.207,47.0,,,,,,,
2015-06-13,,,,,,,,,,,,,,,,,,,,,,,52.0,,,,,,,
2015-06-14,,,,,,,,,,,,,,,,,,,,,,,62.35,,,,,,,
2015-06-15,60.99,59.53,,,,,,0.357,,,2.36,0.72,2.34,1.64,,,1.1266,123.38,6.208,105.9989,15.39,,52.5,,,,,,,
2015-06-16,60.75,60.01,,,,,,0.35,,,2.32,0.71,2.31,1.61,,,1.1238,123.39,6.2085,106.0473,14.81,,40.37,,,,,,,
2015-06-17,60.75,59.89,,,,,,0.35,,,2.32,0.67,2.31,1.65,,,1.1244,124.25,6.2086,106.058,14.5,,50.73,,,,,,,
2015-06-18,61.37,60.41,,,,,,0.344,,,2.35,0.66,2.34,1.69,,,1.1404,122.87,6.2075,105.102,13.19,,78.79,,,,,,,
2015-06-19,59.41,59.62,,,,,,0.351,,,2.26,0.65,2.25,1.61,,,1.1335,122.7,6.2085,105.4496,13.96,-0.1621,86.15,,,,,,,
2015-06-20,,,,,,,,,,,,,,,,,,,,,,,139.47,,,,,,,
2015-06-21,,,,,,,,,,,,,,,,,,,,,,,55.96,,,,,,,
2015-06-22,60.54,60.01,,,,,,0.354,,,2.37,0.68,2.36,1.69,,,1.1378,123.28,6.2085,105.3846,12.74,,64.15,,,,,,,
2015-06-23,61.67,61.05,,,,,,0.384,,,2.42,0.7,2.41,1.72,,,1.119,123.71,6.2066,105.9678,12.11,,66.27,,,,,,,
2015-06-24,61.63,60.01,,,,,,0.4,,,2.38,0.68,2.37,1.7,,,1.1178,124.24,6.2061,106.2522,13.26,,27.52,,,,,,,
2015-06-25,60.24,59.59,,,,,,0.405,,,2.4,0.68,2.39,1.72,,,1.1196,123.63,6.2084,106.1515,14.01,,47.83,,,,,,,
2015-06-26,60.14,59.41,,,,,,0.408,,,2.49,0.72,2.48,1.77,,,1.1156,123.92,6.208,106.4116,14.02,-0.3158,79.86,,,,,,,
2015-06-27,,,,,,,,,,,,,,,,,,,,,,,48.51,,,,,,,
2015-06-28,,,,,,,,,,,,,,,,,,,,,,,98.41,,,,,,,
2015-06-29,59.03,58.34,,,,,,0.408,,,2.33,0.64,2.31,1.69,,,1.118,122.5,6.2085,106.3785,18.85,,78.5,,,,,,,
2015-06-30,60.31,59.48,,,,,,0.431,,,2.35,0.64,2.34,1.71,,,1.1154,122.1,6.2,106.5191,18.23,,122.02,,,,,,,
2015-07-01,61.65,56.94,9.32,5456.75,1639.5,11413.09782608696,36.28260869565217,0.418,215.0,143.4,2.43,0.69,2.42,1.74,,,1.1084,123.02,6.2008,107.0101,16.09,,90.8,123.09581595749549,101.2228,98.7278,141991.0,242.436,96.978,2299455571472.2
2015-07-02,61.73,56.93,,,,,,0.425,,,2.4,0.64,2.39,1.76,,,1.109,123.14,6.2044,106.9106,16.79,,44.58,,,,,,,
2015-07-03,59.06,,,,,,,,,,,,,,,,,,,,,0.0714,41.29,,,,,,,
2015-07-04,,,,,,,,,,,,,,,,,,,,,,,69.18,,,,,,,
2015-07-05,,,,,,,,,,,,,,,,,,,,,,,65.35,,,,,,,
2015-07-06,57.19,52.48,,,,,,0.401,,,2.3,0.6,2.28,1.7,,,1.1076,122.53,6.2089,107.1343,17.01,,100.06,,,,,,,
2015-07-07,54.72,52.33,,,,,,0.395,,,2.27,0.58,2.25,1.69,,,1.0952,122.16,6.2097,107.785,16.09,,85.7,,,,,,,
2015-07-08,55.7,51.61,,,,,,0.378,,,2.22,0.55,2.2,1.67,,,1.1072,120.54,6.2087,107.4734,19.66,,62.4,,,,,,,
2015-07-09,57.83,52.76,,,,,,0.423,,,2.32,0.6,2.29,1.72,,,1.1025,121.22,6.2086,107.5595,19.97,,98.19,,,,,,,
2015-07-10,57.72,52.74,,,,,,0.42,,,2.42,0.65,2.41,1.77,,,1.115,122.75,6.2092,107.213,16.83,-0.013,94.87,,,,,,,
2015-07-11,,,,,,,,,,,,,,,,,,,,,,,190.28,,,,,,,
2015-07-12,,,,,,,,,,,,,,,,,,,,,,,90.6,,,,,,,
2015-07-13,57.63,52.19,,,,,,0.409,,,2.44,0.69,2.42,1.75,,,1.102,123.35,6.2081,107.5849,13.9,,79.98,,,,,,,
2015-07-14,57.2,53.05,,,,,,0.415,,,2.41,0.66,2.4,1.75,,,1.1015,123.39,6.2088,107.4843,13.37,,68.09,,,,,,,
2015-07-15,57.34,51.4,,,,,,0.42,,,2.36,0.64,2.34,1.72,,,1.0965,123.89,6.2082,108.0149,13.23,,62.09,,,,,,,
2015-07-16,57.31,50.9,,,,,,0.398,,,2.36,0.67,2.34,1.69,,,1.0898,124.04,6.2094,108.1726,12.11,,72.0,,,,,,,
2015-07-17,56.38,50.88,,,,,,0.433,,,2.34,0.68,2.31,1.66,,,1.0848,124.0,6.2085,108.5374,11.95,-0.3399,42.31,,,,,,,
2015-07-18,,,,,,,,,,,,,,,,,,,,,,,66.8,,,,,,,
2015-07-19,,,,,,,,,,,,,,,,,,,,,,,338.31,,,,,,,
2015-07-20,56.42,50.11,,,,,,0.418,,,2.38,0.71,2.34,1.67,,,1.085,124.24,6.2095,108.6944,12.25,,46.59,,,,,,,
2015-07-21,55.94,50.59,,,,,,0.421,,,2.35,0.71,2.32,1.64,,,1.0927,123.93,6.2095,108.3893,12.22,,71.87,,,,,,,
2015-07-22,56.36,49.27,,,,,,0.426,,,2.33,0.75,2.29,1.58,,,1.0884,124.08,6.2093,108.7817,12.12,,43.42,,,,,,,
2015-07-23,55.76,48.11,,,,,,0.419,,,2.28,0.71,2.25,1.57,,,1.0976,123.88,6.2091,108.7565,12.64,,45.0,,,,,,,
2015-07-24,54.29,47.98,,,,,,0.415,,,2.27,0.7,2.23,1.57,,,1.0976,123.74,6.2095,109.0174,13.74,-0.1839,60.12,,,,,,,
2015-07-25,,,,,,,,,,,,,,,,,,,,,,,25.18,,,,,,,
2015-07-26,,,,,,,,,,,,,,,,,,,,,,,56.04,,,,,,,
2015-07-27,54.07,47.17,,,,,,0.398,,,2.23,0.68,2.18,1.55,,,1.1112,123.24,6.2091,108.6924,15.6,,35.53,,,,,,,
2015-07-28,54.3,47.97,,,,,,0.397,,,2.26,0.69,2.21,1.57,,,1.1055,123.52,6.2084,108.6881,13.44,,38.06,,,,,,,
2015-07-29,54.73,48.77,,,,,,0.4,,,2.29,0.7,2.23,1.59,,,1.1026,123.86,6.2089,108.604,12.5,,53.93,,,,,,,
2015-07-30,54.29,48.53,,,,,,0.386,,,2.28,0.72,2.21,1.56,,,1.0914,124.38,6.2096,109.4328,12.13,,35.73,,,,,,,
2015-07-31,53.29,47.11,,,,,,0.379,,,2.2,0.67,2.12,1.53,,,1.1028,123.94,6.2097,108.7819,12.12,-0.0933,29.32,,,,,,,
2015-08-01,,,10.16,5127.3,1548.125,10386.0,36.0952380952381,,199.3,115.4,,,,,,,,,,,,,39.77,119.81714603791028,101.0367,101.7877,142125.0,242.651,97.056,
2015-08-02,,,,,,,,,,,,,,,,,,,,,,,108.74,,,,,,,
2015-08-03,49.49,45.25,,,,,,0.364,,,2.16,0.68,2.08,1.48,,,1.0962,123.98,6.2087,109.214,12.56,,88.27,,,,,,,
2015-08-04,49.08,45.75,,,,,,0.376,,,2.23,0.74,2.15,1.49,,,1.0953,124.0,6.2086,109.2244,13.0,,53.56,,,,,,,
2015-08-05,49.04,45.13,,,,,,0.373,,,2.28,0.73,2.2,1.55,,,1.0868,124.84,6.2096,109.842,12.51,,43.76,,,,,,,
2015-08-06,47.8,44.69,,,,,,0.371,,,2.23,0.71,2.19,1.52,,,1.0922,124.6,6.2096,109.722,13.77,,21.3,,,,,,,
2015-08-07,47.54,43.87,,,,,,0.366,,,2.18,0.73,2.12,1.45,,,1.0958,124.27,6.2087,109.4376,13.39,-0.1413,3.32,,,,,,,
2015-08-08,,,,,,,,,,,,,,,,,,,,,,,44.81,,,,,,,
2015-08-09,,,,,,,,,,,,,,,,,,,,,,,82.77,,,,,,,
2015-08-10,48.3,44.94,,,,,,0.38,,,2.24,0.73,2.12,1.51,,,1.0994,124.55,6.2094,109.1931,12.23,,82.73,,,,,,,
2015-08-11,47.33,43.11,,,,,,0.371,,,2.15,0.68,2.05,1.47,,,1.1042,124.9,6.3232,109.9464,13.71,,65.65,,,,,,,
2015-08-12,48.29,43.22,,,,,,0.374,,,2.14,0.67,2.04,1.47,,,1.1198,123.87,6.3845,109.4655,13.61,,38.09,,,,,,,
2015-08-13,48.01,42.27,,,,,,0.368,,,2.19,0.72,2.09,1.47,,,1.1144,124.32,6.3982,109.9025,13.49,,35.58,,,,,,,
2015-08-14,47.79,42.45,,,,,,0.378,,,2.2,0.73,2.11,1.47,,,1.111,124.27,6.3908,109.9174,12.83,-0.048,55.58,,,,,,,
2015-08-15,,,,,,,,,,,,,,,,,,,,,,,76.16,,,,,,,
2015-08-16,,,,,,,,,,,,,,,,,,,,,,,46.54,,,,,,,
2015-08-17,47.77,41.93,,,,,,0.377,,,2.16,0.72,2.06,1.44,,,1.1078,124.33,6.3937,110.1435,13.02,,26.3,,,,,,,
2015-08-18,47.0,42.58,,,,,,0.378,,,2.2,0.74,2.13,1.46,,,1.1028,124.39,6.3928,110.2504,13.79,,60.75,,,,,,,
2015-08-19,45.75,40.75,,,,,,0.37,,,2.12,0.67,2.07,1.45,,,1.1061,124.1,6.3956,110.4333,15.25,,83.7,,,,,,,
2015-08-20,45.63,41.0,,,,,,0.379,,,2.09,0.69,2.07,1.4,,,1.12,123.54,6.3875,110.1077,19.14,,35.99,,,,,,,
2015-08-21,43.84,40.45,,,,,,0.371,,,2.05,0.64,2.02,1.41,,,1.1356,122.11,6.3887,110.1443,28.03,0.1768,80.21,,,,,,,
2015-08-22,,,,,,,,,,,,,,,,,,,,,,,91.75,,,,,,,
2015-08-23,,,,,,,,,,,,,,,,,,,,,,,80.18,,,,,,,
2015-08-24,41.59,38.22,,,,,,0.356,,,2.01,0.59,1.95,1.42,,,1.158,118.56,6.4029,109.9306,40.74,,152.98,,,,,,,
2015-08-25,41.86,39.15,,,,,,0.358,,,2.12,0.67,2.05,1.45,,,1.141,119.91,6.4122,110.3394,36.02,,177.02,,,,,,,
2015-08-26,41.76,38.5,,,,,,0.341,,,2.18,0.67,2.12,1.51,,,1.139,119.07,6.4083,110.5807,30.32,,87.48,,,,,,,
2015-08-27,44.46,42.47,,,,,,0.368,,,2.18,0.68,2.12,1.5,,,1.1239,120.89,6.4053,110.4834,26.1,,61.26,,,,,,,
2015-08-28,47.97,45.29,,,,,,0.403,,,2.19,0.72,2.13,1.47,,,1.1172,121.32,6.389,110.6714,26.05,0.6734,93.15,,,,,,,
2015-08-29,,,,,,,,,,,,,,,,,,,,,,,164.55,,,,,,,
2015-08-30,,,,,,,,,,,,,,,,,,,,,,,160.43,,,,,,,
2015-08-31,,49.2,,,,,,0.436,,,2.21,0.74,2.13,1.47,,,1.1194,121.26,6.376,110.5621,28.43,,113.96,,,,,,,
2015-09-01,48.8,45.38,10.01,5217.25,1589.602272727273,9937.545454545456,37.05681818181818,0.418,166.7,117.6,2.17,0.7,2.14,1.47,,,1.1263,119.94,6.363,110.4506,31.4,,92.72,153.68748113179885,100.7547,100.5945,142275.0,243.359,97.196,
2015-09-02,47.67,46.3,,,,,,0.44,,,2.2,0.72,2.17,1.48,,,1.1242,120.0,6.3544,110.7979,26.09,,93.82,,,,,,,
2015-09-03,50.41,46.75,,,,,,0.441,,,2.18,0.71,2.16,1.47,,,1.1104,120.2,6.3549,110.8566,25.61,,57.57,,,,,,,
2015-09-04,48.59,46.02,,,,,,0.433,,,2.13,0.71,2.11,1.42,,,1.1117,119.05,6.3549,111.1018,27.8,0.2884,144.81,,,,,,,
2015-09-05,,,,,,,,,,,,,,,,,,,,,,,171.0,,,,,,,
2015-09-06,,,,,,,,,,,,,,,,,,,,,,,98.96,,,,,,,
2015-09-07,46.42,,,,,,,,,,,,,,,,,,,,,,119.62,,,,,,,
2015-09-08,48.88,45.92,,,,,,0.436,,,2.2,0.74,2.14,1.46,,,1.1182,119.72,6.3657,110.7942,24.9,,69.15,,,,,,,
2015-09-09,48.04,44.13,,,,,,0.434,,,2.21,0.75,2.18,1.46,,,1.1165,120.94,6.3768,110.9225,26.23,,46.57,,,,,,,
2015-09-10,47.77,45.85,,,,,,0.447,,,2.23,0.75,2.21,1.48,,,1.1262,120.71,6.377,110.6331,24.37,,67.06,,,,,,,
2015-09-11,46.87,44.75,,,,,,0.444,,,2.2,0.71,2.16,1.49,,,1.1338,120.66,6.3735,110.6109,23.2,0.1816,89.61,,,,,,,
2015-09-12,,,,,,,,,,,,,,,,,,,,,,,99.3,,,,,,,
2015-09-13,,,,,,,,,,,,,,,,,,,,,,,181.35,,,,,,,
2015-09-14,45.87,44.07,,,,,,0.439,,,2.18,0.73,2.11,1.45,,,1.1307,119.92,6.3664,110.5005,24.25,,88.46,,,,,,,
2015-09-15,45.91,44.58,,,,,,0.445,,,2.28,0.82,2.21,1.46,,,1.126,120.3,6.3685,110.6394,22.54,,100.95,,,,,,,
2015-09-16,49.35,47.12,,,,,,0.461,,,2.3,0.82,2.24,1.48,,,1.1304,120.62,6.3694,110.1021,21.35,,67.49,,,,,,,
2015-09-17,48.27,46.93,,,,,,0.461,,,2.21,0.7,2.2,1.51,,,1.1312,120.9,6.3645,110.1212,21.14,,71.27,,,,,,,
2015-09-18,47.28,44.71,,,,,,0.458,,,2.13,0.69,2.13,1.44,,,1.1358,119.85,6.3628,109.8165,22.28,0.1962,77.99,,,,,,,
2015-09-19,,,,,,,,,,,,,,,,,,,,,,,104.86,,,,,,,
2015-09-20,,,,,,,,,,,,,,,,,,,,,,,88.42,,,,,,,
2015-09-21,47.64,46.67,,,,,,0.468,,,2.2,0.72,2.19,1.48,,,1.1204,120.46,6.3676,110.6414,20.14,,87.15,,,,,,,
2015-09-22,46.69,46.17,,,,,,0.473,,,2.14,0.69,2.14,1.45,,,1.1133,120.04,6.375,111.1967,22.44,,87.71,,,,,,,
2015-09-23,48.0,44.53,,,,,,0.478,,,2.16,0.7,2.15,1.46,,,1.116,120.12,6.3836,111.6287,22.13,,64.87,,,,,,,
2015-09-24,47.06,44.94,,,,,,0.479,,,2.13,0.67,2.12,1.46,,,1.1252,119.54,6.3818,111.4454,23.47,,41.42,,,,,,,
2015-09-25,47.28,45.55,,,,,,0.479,,,2.17,0.7,2.17,1.47,,,1.1192,120.74,6.3737,111.3725,23.62,0.4243,44.34,,,,,,,
2015-09-26,,,,,,,,,,,,,,,,,,,,,,,87.87,,,,,,,
2015-09-27,,,,,,,,,,,,,,,,,,,,,,,82.39,,,,,,,
2015-09-28,46.04,44.4,,,,,,0.473,,,2.1,0.67,2.09,1.43,,,1.1236,119.82,6.3685,111.3914,27.63,,41.68,,,,,,,
2015-09-29,47.58,45.24,,,,,,0.469,,,2.05,0.64,2.04,1.41,,,1.1246,119.76,6.3621,111.5219,26.83,,65.7,,,,,,,
2015-09-30,47.29,45.06,,,,,,0.464,,,2.06,0.64,2.06,1.42,,,1.1162,119.81,6.3556,111.3311,24.5,,77.75,,,,,,,
2015-10-01,47.48,44.75,10.37,5216.090909090909,1516.488636363636,10316.82954545455,37.23863636363636,0.466,159.4,121.5,2.05,0.64,2.05,1.41,,,1.12,119.58,6.3559,111.0439,22.55,,69.02,115.96898203730355,100.2675,101.2524,142579.0,243.985,97.228,2309858716004.8
2015-10-02,46.55,45.54,,,,,,0.468,,,1.99,0.58,1.99,1.41,,,1.1276,119.42,6.3559,110.7006,20.94,0.6973,64.84,,,,,,,
2015-10-03,,,,,,,,,,,,,,,,,,,,,,,46.31,,,,,,,
2015-10-04,,,,,,,,,,,,,,,,,,,,,,,87.51,,,,,,,
2015-10-05,49.45,46.28,,,,,,0.485,,,2.07,0.61,2.06,1.46,,,1.12,120.36,6.3559,110.4445,19.54,,48.01,,,,,,,
2015-10-06,51.34,48.53,,,,,,0.5,,,2.05,0.61,2.05,1.44,,,1.1266,120.18,6.3559,110.1371,19.4,,110.95,,,,,,,
2015-10-07,51.66,47.86,,,,,,0.497,,,2.08,0.65,2.08,1.43,,,1.1249,119.9,6.3559,109.8162,18.4,,49.15,,,,,,,
2015-10-08,52.13,49.46,,,,,,0.503,,,2.12,0.65,2.12,1.47,,,1.1282,119.94,6.3529,109.6452,17.42,,26.35,,,,,,,
2015-10-09,52.08,49.67,,,,,,0.49,,,2.12,0.65,2.11,1.47,,,1.1363,120.3,6.345,109.0782,17.08,0.0765,78.91,,,,,,,
2015-10-10,,,,,,,,,,,,,,,,,,,,,,,111.14,,,,,,,
2015-10-11,,,,,,,,,,,,,,,,,,,,,,,93.28,,,,,,,
2015-10-12,50.95,47.09,,,,,,0.466,,,,,,,,,,,,,16.17,,112.89,,,,,,,
2015-10-13,48.94,46.7,,,,,,0.456,,,2.06,0.64,2.05,1.42,,,1.1382,119.8,6.3417,109.4119,17.67,,33.11,,,,,,,
2015-10-14,48.25,46.63,,,,,,0.444,,,1.99,0.57,1.99,1.42,,,1.1437,119.21,6.3462,109.1244,18.03,,59.36,,,,,,,
2015-10-15,47.87,46.38,,,,,,0.434,,,2.04,0.61,2.03,1.43,,,1.1418,118.26,6.3459,108.6671,16.05,,35.67,,,,,,,
2015-10-16,48.96,47.3,,,,,,0.443,,,2.04,0.61,2.03,1.43,,,1.136,119.6,6.3523,108.9956,15.05,0.1535,51.22,,,,,,,
2015-10-17,,,,,,,,,,,,,,,,,,,,,,,49.26,,,,,,,
2015-10-18,,,,,,,,,,,,,,,,,,,,,,,66.3,,,,,,,
2015-10-19,47.51,45.91,,,,,,0.423,,,2.04,0.61,2.02,1.43,,,1.132,119.5,6.3591,109.3858,14.98,,51.91,,,,,,,
2015-10-20,46.93,45.84,,,,,,0.424,,,2.08,0.66,2.06,1.42,,,1.1359,119.79,6.348,109.3368,15.75,,27.87,,,,,,,
2015-10-21,46.72,45.22,,,,,,0.42,,,2.04,0.64,2.03,1.4,,,1.1345,119.91,6.3487,109.7746,16.7,,83.48,,,,,,,
2015-10-22,46.59,44.9,,,,,,0.428,,,2.04,0.61,2.04,1.43,,,1.114,120.5,6.3577,110.0342,14.45,,52.71,,,,,,,
2015-10-23,46.3,43.91,,,,,,0.426,,,2.09,0.66,2.08,1.43,,,1.1016,121.2,6.3488,110.4329,14.46,0.0309,51.59,,,,,,,
2015-10-24,,,,,,,,,,,,,,,,,,,,,,,87.13,,,,,,,
2015-10-25,,,,,,,,,,,,,,,,,,,,,,,66.66,,,,,,,
2015-10-26,46.57,43.19,,,,,,0.418,,,2.07,0.66,2.05,1.41,,,1.1051,120.87,6.3517,110.2089,15.29,,75.05,,,,,,,
2015-10-27,45.54,43.21,,,,,,0.411,,,2.05,0.65,2.02,1.4,,,1.1052,120.29,6.3517,110.4875,15.43,,74.57,,,,,,,
2015-10-28,47.6,45.93,,,,,,0.435,,,2.1,0.73,2.06,1.37,,,1.1066,120.56,6.3581,110.2334,14.33,,112.28,,,,,,,
2015-10-29,48.04,46.02,,,,,,0.44,,,2.19,0.75,2.12,1.44,,,1.0963,121.14,6.3552,110.8083,14.61,,77.35,,,,,,,
2015-10-30,48.0,46.6,,,,,,0.445,,,2.16,0.75,2.08,1.41,,,1.1042,120.7,6.318,110.2079,15.07,-0.0058,38.41,,,,,,,
2015-10-31,,,,,,,,,,,,,,,,,,,,,,,46.01,,,,,,,
2015-11-01,,,9.4,4799.904761904762,1467.892857142857,9244.333333333332,35.96428571428571,,153.2,111.7,,,,,,,,,,,,,93.34,105.3314587780463,99.5298,99.5932,142808.0,244.075,97.332,
2015-11-02,47.91,46.12,,,,,,0.448,,,2.2,0.77,2.12,1.43,,,1.1026,120.7,6.318,110.2188,14.15,,32.86,,,,,,,
2015-11-03,48.0,47.88,,,,,,0.467,,,2.23,0.8,2.17,1.43,,,1.0946,121.2,6.318,110.244,14.54,,72.75,,,,,,,
2015-11-04,46.96,46.32,,,,,,0.463,,,2.25,0.84,2.2,1.41,,,1.0861,121.52,6.3357,110.7139,15.51,,45.24,,,,,,,
2015-11-05,47.19,45.27,,,,,,0.455,,,2.26,0.85,2.21,1.41,,,1.0869,121.71,6.318,110.8302,15.05,,33.09,,,,,,,
2015-11-06,46.09,44.32,,,,,,0.443,,,2.34,0.9,2.26,1.44,,,1.0746,123.2,6.318,111.7603,14.33,-0.0808,78.78,,,,,,,
2015-11-07,,,,,,,,,,,,,,,,,,,,,,,102.94,,,,,,,
2015-11-08,,,,,,,,,,,,,,,,,,,,,,,93.34,,,,,,,
2015-11-09,45.38,43.87,,,,,,0.443,,,2.36,0.89,2.22,1.47,,,1.0767,123.04,6.3619,111.9112,16.52,,60.61,,,,,,,
2015-11-10,46.44,44.23,,,,,,0.441,,,2.32,0.87,2.19,1.45,,,1.0686,123.22,6.3603,111.9919,15.29,,44.19,,,,,,,
2015-11-11,44.98,42.95,,,,,,0.435,,,,,,,,,,,,,16.06,,44.92,,,,,,,
2015-11-12,44.98,41.74,,,,,,0.424,,,2.32,0.89,2.18,1.43,,,1.0768,122.84,6.369,111.7965,18.37,,20.53,,,,,,,
2015-11-13,41.98,40.69,,,,,,0.403,,,2.28,0.86,2.14,1.42,,,1.0722,122.93,6.3735,112.0264,20.08,0.1324,33.65,,,,,,,
2015-11-14,,,,,,,,,,,,,,,,,,,,,,,54.12,,,,,,,
2015-11-15,,,,,,,,,,,,,,,,,,,,,,,87.14,,,,,,,
2015-11-16,40.28,41.68,,,,,,0.41,,,2.27,0.88,2.12,1.39,,,1.0708,123.11,6.37,112.2199,18.16,,91.65,,,,,,,
2015-11-17,41.28,40.73,,,,,,0.405,,,2.25,0.86,2.11,1.39,,,1.0634,123.48,6.3771,112.3141,18.84,,63.48,,,,,,,
2015-11-18,41.45,40.75,,,,,,0.411,,,2.27,0.9,2.15,1.37,,,1.0638,123.51,6.3834,112.3663,16.85,,68.43,,,,,,,
2015-11-19,42.22,40.55,,,,,,0.413,,,2.24,0.91,2.13,1.33,,,1.0746,122.71,6.3825,111.5749,16.99,,43.31,,,,,,,
2015-11-20,42.49,39.39,,,,,,0.415,,,2.26,0.93,2.14,1.33,,,1.066,122.8,6.3835,111.7799,15.47,0.104,48.78,,,,,,,
2015-11-21,,,,,,,,,,,,,,,,,,,,,,,26.01,,,,,,,
2015-11-22,,,,,,,,,,,,,,,,,,,,,,,51.15,,,,,,,
2015-11-23,43.7,39.27,,,,,,0.418,,,2.25,0.94,2.11,1.31,,,1.0602,123.02,6.389,112.1125,15.62,,13.92,,,,,,,
2015-11-24,44.38,40.89,,,,,,0.435,,,2.24,0.93,2.08,1.31,,,1.0652,122.47,6.3883,111.7638,15.93,,28.8,,,,,,,
2015-11-25,43.56,41.22,,,,,,0.428,,,2.23,0.93,2.04,1.3,,,1.0616,122.7,6.3877,111.8936,15.19,,20.42,,,,,,,
2015-11-26,43.55,,,,,,,,,,,,,,,,,,,,,,95.75,,,,,,,
2015-11-27,43.07,40.57,,,,,,0.428,,,2.22,0.92,2.04,1.3,,,1.0596,122.84,6.3945,112.2824,15.12,0.0489,45.15,,,,,,,
2015-11-28,,,,,,,,,,,,,,,,,,,,,,,44.18,,,,,,,
2015-11-29,,,,,,,,,,,,,,,,,,,,,,,64.8,,,,,,,
2015-11-30,43.73,40.43,,,,,,0.428,,,2.21,0.94,1.99,1.27,,,1.0562,123.22,6.3883,112.34,16.13,,61.99,,,,,,,
2015-12-01,42.97,40.58,10.15,4638.833333333333,1497.202380952381,8707.785714285714,35.16304347826087,0.431,138.6,93.3,2.15,0.91,1.94,1.24,,,1.062,122.88,6.3883,112.1134,14.67,,48.27,112.56950499373438,99.0417,97.8282,143077.0,243.779,97.396,
2015-12-02,41.92,39.93,,,,,,0.428,,,2.18,0.94,1.97,1.24,,,1.0573,123.52,6.3883,112.3715,15.91,,47.61,,,,,,,
2015-12-03,42.0,41.08,,,,,,0.434,,,2.33,0.96,2.12,1.37,,,1.0902,123.06,6.3883,111.6407,18.11,,38.7,,,,,,,
2015-12-04,41.44,40.0,,,,,,0.426,,,2.28,0.96,2.05,1.32,,,1.0884,123.1,6.3883,111.5463,14.81,0.1279,34.6,,,,,,,
2015-12-05,,,,,,,,,,,,,,,,,,,,,,,44.67,,,,,,,
2015-12-06,,,,,,,,,,,,,,,,,,,,,,,74.22,,,,,,,
2015-12-07,39.69,37.64,,,,,,0.413,,,2.23,0.94,1.94,1.29,,,1.084,123.31,6.4081,112.3056,15.84,,50.85,,,,,,,
2015-12-08,39.44,37.46,,,,,,0.403,,,2.24,0.94,1.97,1.3,,,1.0876,123.0,6.4162,112.5485,17.6,,43.97,,,,,,,
2015-12-09,39.04,37.16,,,,,,0.401,,,2.22,0.93,1.96,1.29,,,1.0984,121.86,6.427,112.1918,19.61,,57.21,,,,,,,
2015-12-10,38.65,36.76,,,,,,0.398,,,2.24,0.95,2.0,1.29,,,1.0948,121.44,6.4363,112.2672,19.34,,64.28,,,,,,,
2015-12-11,36.99,35.65,,,,,,0.386,,,2.13,0.88,1.9,1.25,,,1.1002,120.94,6.4538,112.7147,24.39,0.4604,110.78,,,,,,,
2015-12-12,,,,,,,,,,,,,,,,,,,,,,,61.68,,,,,,,
2015-12-13,,,,,,,,,,,,,,,,,,,,,,,89.96,,,,,,,
2015-12-14,36.51,36.31,,,,,,0.368,,,2.23,0.97,1.97,1.26,,,1.1025,120.57,6.4588,112.7521,22.73,,56.77,,,,,,,
2015-12-15,37.66,37.32,,,,,,0.361,,,2.28,0.98,2.03,1.3,,,1.0911,121.66,6.46,112.8609,20.95,,78.0,,,,,,,
2015-12-16,36.96,35.55,,,,,,0.35,,,2.3,1.02,2.03,1.28,,,1.0937,121.88,6.4723,112.9864,17.86,,85.34,,,,,,,
2015-12-17,36.29,34.98,,,,,,0.351,,,2.24,1.0,2.01,1.24,,,1.0804,122.75,6.4822,113.8177,18.94,,100.26,,,,,,,
2015-12-18,36.76,34.72,,,,,,0.358,,,2.19,0.97,2.0,1.22,,,1.0847,121.2,6.48,113.2837,20.7,0.5405,86.5,,,,,,,
2015-12-19,,,,,,,,,,,,,,,,,,,,,,,63.29,,,,,,,
2015-12-20,,,,,,,,,,,,,,,,,,,,,,,55.79,,,,,,,
2015-12-21,35.34,34.55,,,,,,0.353,,,2.2,0.96,1.96,1.24,,,1.092,120.99,6.4793,113.4144,18.7,,79.05,,,,,,,
2015-12-22,35.26,36.12,,,,,,0.361,,,2.24,0.99,2.03,1.25,,,1.0978,120.94,6.4778,113.211,16.6,,77.14,,,,,,,
2015-12-23,35.79,36.76,,,,,,0.378,,,2.27,1.01,2.07,1.26,,,1.0875,120.94,6.4763,113.1847,15.57,,75.23,,,,,,,
2015-12-24,37.22,37.62,,,,,,0.385,,,2.25,1.03,2.05,1.22,,,1.0955,120.32,6.4758,113.0496,15.74,,58.39,,,,,,,
2015-12-25,,,,,,,,,,,,,,,,,,,,,,0.3805,64.23,,,,,,,
2015-12-26,,,,,,,,,,,,,,,,,,,,,,,122.65,,,,,,,
2015-12-27,,,,,,,,,,,,,,,,,,,,,,,118.36,,,,,,,
2015-12-28,37.08,36.36,,,,,,0.38,,,2.24,1.05,2.01,1.19,,,1.0983,120.3,6.4778,113.0461,16.91,,106.39,,,,,,,
2015-12-29,36.85,37.88,,,,,,0.379,,,2.32,1.09,2.09,1.23,,,1.0916,120.44,6.4778,113.1664,16.08,,59.15,,,,,,,
2015-12-30,35.65,36.59,,,,,,0.383,,,2.31,1.08,2.1,1.23,,,1.0912,120.6,6.4896,113.4707,17.29,,90.42,,,,,,,
2015-12-31,36.61,37.13,,,,,,0.403,,,2.27,1.06,2.11,1.21,,,1.0859,120.27,6.4778,113.3429,18.21,,59.74,,,,,,,
2016-01-01,,,8.46,4471.7875,1481.1,8507.2875,34.69047619047619,,127.8,75.1,,,,,,,,,,,,0.3182,102.81,144.52665766496807,99.5607,97.7209,143210.0,244.528,97.567,2322901832544.6
2016-01-02,,,,,,,,,,,,,,,,,,,,,,,71.43,,,,,,,
2016-01-03,,,,,,,,,,,,,,,,,,,,,,,163.65,,,,,,,
2016-01-04,36.28,36.81,,,,,,0.398,,,2.24,1.02,2.02,1.22,,,1.0803,119.3,6.5338,114.1595,20.7,,106.94,,,,,,,
2016-01-05,35.56,35.97,,,,,,0.393,,,2.25,1.04,2.05,1.21,,,1.0743,118.95,6.5219,114.2649,19.34,,52.8,,,,,,,
2016-01-06,33.89,33.97,,,,,,0.365,,,2.18,0.99,1.97,1.19,,,1.0762,118.54,6.5554,114.6177,20.59,,30.4,,,,,,,
2016-01-07,33.57,33.29,,,,,,0.355,,,2.16,0.96,1.96,1.2,,,1.086,118.0,6.5926,114.6516,24.99,,56.4,,,,,,,
2016-01-08,31.67,33.2,,,,,,0.343,,,2.13,0.94,1.93,1.19,,,1.0885,117.74,6.5932,115.0095,27.01,0.7027,62.21,,,,,,,
2016-01-09,,,,,,,,,,,,,,,,,,,,,,,73.93,,,,,,,
2016-01-10,,,,,,,,,,,,,,,,,,,,,,,115.76,,,,,,,
2016-01-11,30.14,31.42,,,,,,0.328,,,2.17,0.94,1.96,1.23,,,1.0878,117.48,6.5675,115.0139,24.3,,65.1,,,,,,,
2016-01-12,29.14,30.42,,,,,,0.326,,,2.12,0.93,1.91,1.19,,,1.0837,117.78,6.57,115.3128,22.47,,67.32,,,,,,,
2016-01-13,28.58,30.42,,,,,,0.333,,,2.08,0.91,1.86,1.17,,,1.0862,118.06,6.57,115.1425,25.22,,130.12,,,,,,,
2016-01-14,28.84,31.22,,,,,,0.328,,,2.1,0.9,1.85,1.2,,,1.0862,118.03,6.5891,115.3846,23.95,,72.92,,,,,,,
2016-01-15,28.8,29.45,,,,,,0.296,,,2.03,0.85,1.79,1.18,,,1.0964,116.78,6.584,115.7404,27.02,0.8707,67.14,,,,,,,
2016-01-16,,,,,,,,,,,,,,,,,,,,,,,137.85,,,,,,,
2016-01-17,,,,,,,,,,,,,,,,,,,,,,,126.15,,,,,,,
2016-01-18,27.36,,,,,,,,,,,,,,,,,,,,,,71.03,,,,,,,
2016-01-19,27.36,28.47,,,,,,0.3,,,2.06,0.88,1.8,1.18,,,1.0906,117.66,6.5783,115.8155,26.05,,81.9,,,,,,,
2016-01-20,26.01,26.68,,,,,,0.301,,,2.01,0.85,1.75,1.16,,,1.0908,116.38,6.5781,116.3498,27.59,,70.19,,,,,,,
2016-01-21,27.59,29.55,,,,,,0.309,,,2.02,0.84,1.74,1.18,,,1.0833,117.61,6.5794,115.9833,26.69,,110.2,,,,,,,
2016-01-22,30.46,32.07,,,,,,0.335,,,2.07,0.88,1.76,1.19,,,1.0814,118.37,6.5788,,22.34,0.9853,68.43,,,,,,,
2016-01-23,,,,,,,,,,,,,,,,,,,,,,,76.65,,,,,,,
2016-01-24,,,,,,,,,,,,,,,,,,,,,,,62.13,,,,,,,
2016-01-25,29.82,30.31,,,,,,0.32,,,2.03,0.88,1.72,1.15,,,1.0832,118.55,6.579,,24.15,,55.72,,,,,,,
2016-01-26,30.94,29.54,,,,,,0.316,,,2.01,0.85,1.7,1.16,,,1.0846,118.5,6.5814,,22.5,,78.09,,,,,,,
2016-01-27,31.83,32.32,,,,,,0.316,,,2.02,0.84,1.7,1.18,,,1.0867,118.9,6.5773,115.5087,23.11,,39.01,,,,,,,
2016-01-28,33.01,33.21,,,,,,0.349,,,2.0,0.83,1.65,1.17,,,1.0952,118.61,6.5744,115.2224,22.42,,59.62,,,,,,,
2016-01-29,33.14,33.66,,,,,,0.349,,,1.94,0.76,1.61,1.18,,,1.0832,121.05,6.5752,115.5731,20.2,0.5402,41.51,,,,,,,
2016-01-30,,,,,,,,,,,,,,,,,,,,,,,79.82,,,,,,,
2016-01-31,,,,,,,,,,,,,,,,,,,,,,,94.57,,,,,,,
2016-02-01,32.45,31.62,7.99,4598.619047619048,1531.261904761905,8298.5,34.00714285714286,0.345,112.7,69.5,1.97,0.81,1.62,1.16,,,1.0888,121.06,6.5778,115.3331,19.98,,183.2,147.48300213264932,99.0445,98.9442,143406.0,245.68,97.736,
2016-02-02,30.98,29.9,,,,,,0.333,,,1.87,0.75,1.53,1.12,,,1.0908,120.27,6.5795,115.553,21.98,,117.91,,,,,,,
2016-02-03,32.38,32.29,,,,,,0.36,,,1.88,0.72,1.55,1.16,,,1.1051,117.92,6.5765,114.6144,21.65,,73.51,,,,,,,
2016-02-04,32.76,31.63,,,,,,0.361,,,1.87,0.7,1.58,1.17,,,1.1199,116.75,6.5638,113.6012,21.84,,40.73,,,,,,,
2016-02-05,32.35,30.86,,,,,,0.365,,,1.86,0.74,1.56,1.12,,,1.1131,116.99,6.571,114.2935,23.38,0.716,41.41,,,,,,,
2016-02-06,,,,,,,,,,,,,,,,,,,,,,,78.95,,,,,,,
2016-02-07,,,,,,,,,,,,,,,,,,,,,,,60.29,,,,,,,
2016-02-08,31.64,29.71,,,,,,0.365,,,1.75,0.66,1.43,1.09,,,1.117,115.7,6.571,114.4351,26.0,,88.26,,,,,,,
2016-02-09,30.15,27.96,,,,,,0.354,,,1.74,0.69,1.44,1.05,,,1.13,114.8,6.571,114.127,26.54,,38.4,,,,,,,
2016-02-10,29.64,27.54,,,,,,0.364,,,1.71,0.71,1.4,1.0,,,1.1222,114.03,6.571,114.2877,26.29,,77.84,,,,,,,
2016-02-11,28.82,26.19,,,,,,0.348,,,1.63,0.64,1.35,0.99,,,1.1362,111.72,6.571,114.1845,28.14,,106.25,,,,,,,
2016-02-12,31.8,29.32,,,,,,0.371,,,1.74,0.71,1.44,1.03,,,1.1235,112.96,6.571,114.2992,25.4,1.2548,74.63,,,,,,,
2016-02-13,,,,,,,,,,,,,,,,,,,,,,,45.01,,,,,,,
2016-02-14,,,,,,,,,,,,,,,,,,,,,,,110.8,,,,,,,
2016-02-15,,,,,,,,,,,,,,,,,,,,,,,67.33,,,,,,,
2016-02-16,31.09,29.05,,,,,,0.361,,,1.78,0.74,1.48,1.04,,,1.114,113.9,6.5154,114.4905,24.11,,48.57,,,,,,,
2016-02-17,33.21,30.68,,,,,,0.375,,,1.81,0.74,1.51,1.07,,,1.114,114.14,6.527,113.8634,22.31,,108.64,,,,,,,
2016-02-18,33.2,30.77,,,,,,0.38,,,1.75,0.71,1.45,1.04,,,1.1092,113.62,6.5163,113.8897,21.64,,117.33,,,,,,,
2016-02-19,31.66,29.59,,,,,,0.38,,,1.76,0.76,1.45,1.0,,,1.1127,112.42,6.5202,113.9558,20.53,0.5746,85.85,,,,,,,
2016-02-20,,,,,,,,,,,,,,,,,,,,,,,80.64,,,,,,,
2016-02-21,,,,,,,,,,,,,,,,,,,,,,,78.42,,,,,,,
2016-02-22,33.59,31.37,,,,,,0.391,,,1.77,0.78,1.44,0.99,,,1.1018,113.12,6.5197,113.8232,19.38,,55.88,,,,,,,
2016-02-23,31.9,31.84,,,,,,0.388,,,1.74,0.76,1.42,0.98,,,1.1016,112.17,6.5263,114.177,20.98,,57.33,,,,,,,
2016-02-24,31.5,30.35,,,,,,0.403,,,1.75,0.75,1.42,1.0,,,1.1021,111.36,6.529,114.1716,20.72,,62.26,,,,,,,
2016-02-25,32.83,31.4,,,,,,0.41,,,1.71,0.72,1.39,0.99,,,1.1026,112.7,6.532,113.9222,19.11,,57.5,,,,,,,
2016-02-26,35.76,31.65,,,,,,0.419,,,1.76,0.8,1.43,0.96,,,1.0932,113.78,6.539,114.3708,19.81,0.5537,41.87,,,,,,,
2016-02-27,,,,,,,,,,,,,,,,,,,,,,,126.51,,,,,,,
2016-02-28,,,,,,,,,,,,,,,,,,,,,,,97.94,,,,,,,
2016-02-29,35.92,32.74,,,,,,0.425,,,1.74,0.78,1.41,0.96,,,1.0868,112.9,6.5525,114.2418,20.55,,65.74,,,,,,,
2016-03-01,35.73,34.39,8.01,4953.797619047619,1531.011904761905,8717.25,30.10652173913043,0.429,123.4,91.5,1.83,0.85,1.5,0.98,,,1.0847,113.94,6.55,113.9265,17.7,,49.35,159.28977291016236,98.3096,99.7689,143662.0,246.358,97.876,
2016-03-02,36.38,34.57,,,,,,0.43,,,1.84,0.85,1.48,0.99,,,1.0845,113.81,6.5499,113.7965,17.09,,41.64,,,,,,,
2016-03-03,35.75,34.56,,,,,,0.433,,,1.83,0.85,1.55,0.98,,,1.0948,113.53,6.5312,113.2482,16.7,,48.6,,,,,,,
2016-03-04,37.61,35.91,,,,,,0.45,,,1.88,0.88,1.59,1.0,,,1.101,113.91,6.5064,112.6387,16.86,0.2369,46.74,,,,,,,
2016-03-05,,,,,,,,,,,,,,,,,,,,,,,128.08,,,,,,,
2016-03-06,,,,,,,,,,,,,,,,,,,,,,,112.51,,,,,,,
2016-03-07,39.02,37.9,,,,,,0.476,,,1.91,0.91,1.59,1.0,,,1.1004,113.6,6.5155,112.6219,17.35,,59.99,,,,,,,
2016-03-08,39.16,36.67,,,,,,0.465,,,1.83,0.88,1.54,0.95,,,1.1028,112.58,6.5044,112.8465,18.67,,77.42,,,,,,,
2016-03-09,40.26,37.62,,,,,,0.478,,,1.9,0.9,1.6,1.0,,,1.1022,113.06,6.5105,112.4268,18.34,,46.99,,,,,,,
2016-03-10,38.63,37.77,,,,,,0.472,,,1.93,0.93,1.61,1.0,,,1.1162,113.1,6.507,112.4191,18.05,,30.22,,,,,,,
2016-03-11,39.41,38.51,,,,,,0.475,,,1.98,0.97,1.65,1.01,,,1.118,113.66,6.494,111.741,16.5,0.2731,29.26,,,,,,,
2016-03-12,,,,,,,,,,,,,,,,,,,,,,,68.49,,,,,,,
2016-03-13,,,,,,,,,,,,,,,,,,,,,,,108.23,,,,,,,
2016-03-14,38.06,37.2,,,,,,0.458,,,1.97,0.97,1.63,1.0,,,1.1107,113.59,6.4984,112.1688,16.92,,54.04,,,,,,,
2016-03-15,37.49,36.32,,,,,,0.448,,,1.97,0.98,1.63,0.99,,,1.1112,112.88,6.511,112.5545,16.84,,45.63,,,,,,,
2016-03-16,38.38,38.43,,,,,,0.461,,,1.94,0.87,1.63,1.07,,,1.1075,113.69,6.5189,112.7759,14.99,,48.66,,,,,,,
2016-03-17,39.29,40.17,,,,,,0.47,,,1.91,0.87,1.62,1.04,,,1.1316,111.3,6.4745,110.445,14.44,,40.06,,,,,,,
2016-03-18,39.26,39.47,,,,,,0.46,,,1.88,0.84,1.58,1.04,,,1.1292,111.38,6.4682,110.4002,14.02,0.1598,58.48,,,,,,,
2016-03-19,,,,,,,,,,,,,,,,,,,,,,,32.84,,,,,,,
2016-03-20,,,,,,,,,,,,,,,,,,,,,,,73.89,,,,,,,
2016-03-21,39.91,39.91,,,,,,0.461,,,1.92,0.87,1.61,1.05,,,1.126,111.62,6.4812,110.737,13.79,,89.85,,,,,,,
2016-03-22,40.54,41.45,,,,,,0.456,,,1.94,0.91,1.64,1.03,,,1.1228,111.82,6.4876,110.7877,14.17,,55.17,,,,,,,
2016-03-23,38.84,38.28,,,,,,0.45,,,1.88,0.87,1.58,1.01,,,1.1174,112.63,6.5035,111.5473,14.94,,87.98,,,,,,,
2016-03-24,38.33,38.14,,,,,,0.445,,,1.91,0.89,1.61,1.02,,,1.1163,112.64,6.5124,111.816,14.74,,50.15,,,,,,,
2016-03-25,,,,,,,,,,,,,,,,,1.1164,113.05,6.5131,111.7698,,0.1627,36.39,,,,,,,
2016-03-26,,,,,,,,,,,,,,,,,,,,,,,61.36,,,,,,,
2016-03-27,,,,,,,,,,,,,,,,,,,,,,,53.45,,,,,,,
2016-03-28,38.33,37.99,,,,,,0.439,,,1.89,0.89,1.6,1.0,,,1.121,113.29,6.5051,111.3578,15.24,,105.86,,,,,,,
2016-03-29,36.75,36.91,,,,,,0.431,,,1.81,0.78,1.58,1.03,,,1.1204,113.33,6.5063,111.3736,13.82,,69.82,,,,,,,
2016-03-30,36.75,36.91,,,,,,0.435,,,1.83,0.76,1.63,1.07,,,1.133,112.6,6.4648,110.2301,13.56,,124.96,,,,,,,
2016-03-31,36.75,36.94,,,,,,0.439,,,1.78,0.73,1.57,1.05,,,1.139,112.42,6.448,109.9191,13.95,,36.42,,,,,,,
2016-04-01,36.42,35.36,6.68,4872.738095238095,1571.22619047619,8878.857142857143,27.81666666666667,0.435,140.6,105.3,1.79,0.76,1.56,1.03,,,1.1385,112.06,6.4776,110.2977,13.1,0.3805,30.46,142.29600124441353,98.6421,99.9996,143854.0,246.992,98.117,2327947577518.7
2016-04-02,,,,,,,,,,,,,,,,,,,,,,,61.05,,,,,,,
2016-04-03,,,,,,,,,,,,,,,,,,,,,,,100.09,,,,,,,
2016-04-04,36.05,34.3,,,,,,0.428,,,1.78,0.75,1.55,1.03,,,1.1386,111.18,6.4776,110.3987,14.12,,38.89,,,,,,,
2016-04-05,35.88,34.52,,,,,,0.425,,,1.73,0.72,1.5,1.01,,,1.1374,110.26,6.476,110.9478,15.42,,25.71,,,,,,,
2016-04-06,37.77,37.74,,,,,,0.43,,,1.76,0.73,1.53,1.03,,,1.143,109.63,6.478,110.5347,14.09,,36.17,,,,,,,
2016-04-07,37.15,37.3,,,,,,0.428,,,1.7,0.7,1.47,1.0,,,1.1386,107.98,6.4599,110.8876,16.16,,28.9,,,,,,,
2016-04-08,40.71,39.74,,,,,,0.443,,,1.72,0.7,1.49,1.02,,,1.1406,108.36,6.4628,110.4213,15.36,0.3377,30.25,,,,,,,
2016-04-09,,,,,,,,,,,,,,,,,,,,,,,19.81,,,,,,,
2016-04-10,,,,,,,,,,,,,,,,,,,,,,,66.3,,,,,,,
2016-04-11,41.58,40.46,,,,,,0.448,,,1.73,0.7,1.5,1.03,,,1.1412,107.96,6.458,109.9758,16.26,,101.11,,,,,,,
2016-04-12,43.02,42.12,,,,,,0.463,,,1.79,0.74,1.57,1.05,,,1.1395,108.54,6.4639,109.816,14.85,,34.46,,,,,,,
2016-04-13,42.81,41.7,,,,,,0.454,,,1.77,0.75,1.54,1.02,,,1.1281,109.21,6.4768,110.1436,13.84,,37.74,,,,,,,
2016-04-14,43.02,41.45,,,,,,0.455,,,1.8,0.77,1.58,1.03,,,1.1262,109.2,6.481,110.1691,13.72,,21.42,,,,,,,
2016-04-15,41.32,40.4,,,,,,0.453,,,1.76,0.74,1.54,1.02,,,1.1295,108.76,6.473,110.1933,13.62,0.0924,52.17,,,,,,,
2016-04-16,,,,,,,,,,,,,,,,,,,,,,,82.72,,,,,,,
2016-04-17,,,,,,,,,,,,,,,,,,,,,,,127.3,,,,,,,
2016-04-18,41.64,39.74,,,,,,0.445,,,1.78,0.75,1.56,1.03,,,1.1322,108.85,6.4717,109.9892,13.35,,63.08,,,,,,,
2016-04-19,43.02,40.88,,,,,,0.451,,,1.79,0.77,1.58,1.02,,,1.1375,109.16,6.4571,109.2782,13.24,,20.66,,,,,,,
2016-04-20,43.09,42.72,,,,,,0.461,,,1.85,0.8,1.62,1.05,,,1.133,109.51,6.4675,109.3926,13.28,,41.3,,,,,,,
2016-04-21,43.48,43.18,,,,,,0.463,,,1.88,0.82,1.65,1.06,,,1.1301,109.41,6.481,109.8533,13.95,,34.27,,,,,,,
2016-04-22,43.97,42.76,,,,,,0.472,,,1.89,0.84,1.66,1.05,,,1.1239,111.5,6.5004,110.2331,13.22,-0.022,112.29,,,,,,,
2016-04-23,,,,,,,,,,,,,,,,,,,,,,,77.26,,,,,,,
2016-04-24,,,,,,,,,,,,,,,,,,,,,,,57.8,,,,,,,
2016-04-25,42.97,41.67,,,,,,0.47,,,1.91,0.85,1.66,1.06,,,1.1274,111.08,6.49,110.1865,14.08,,59.83,,,,,,,
2016-04-26,43.94,42.52,,,,,,0.483,,,1.94,0.86,1.7,1.08,,,1.1318,111.23,6.4905,109.7496,13.96,,49.42,,,,,,,
2016-04-27,44.17,45.29,,,,,,0.495,,,1.87,0.83,1.63,1.04,,,1.1322,111.26,6.494,109.8483,13.77,,42.37,,,,,,,
2016-04-28,45.6,46.03,,,,,,0.498,,,1.84,0.78,1.62,1.06,,,1.1325,108.55,6.4735,109.2148,15.22,,20.3,,,,,,,
2016-04-29,45.64,45.98,,,,,,0.498,,,1.83,0.77,1.61,1.06,,,1.1441,106.9,6.4738,108.8274,15.7,0.0688,54.91,,,,,,,
2016-04-30,,,,,,,,,,,,,,,,,,,,,,,45.03,,,,,,,
2016-05-01,,,6.81,4694.5375,1550.625,8660.35,27.95454545454545,,152.2,118.3,,,,,,,,,,,,,61.59,125.81350028030027,98.4184,99.5452,143900.0,247.544,98.284,
2016-05-02,45.82,44.75,,,,,,0.493,,,1.88,0.8,1.66,1.08,,,1.1516,106.48,6.4738,108.671,14.68,,72.72,,,,,,,
2016-05-03,43.09,43.65,,,,,,0.489,,,1.81,0.75,1.6,1.06,,,1.1508,106.34,6.49,109.3613,15.6,,45.4,,,,,,,
2016-05-04,43.08,43.77,,,,,,0.488,,,1.79,0.75,1.6,1.04,,,1.1486,107.12,6.4945,109.9952,16.05,,44.1,,,,,,,
2016-05-05,44.39,44.33,,,,,,0.489,,,1.76,0.72,1.56,1.04,,,1.1404,107.32,6.5032,110.2417,15.91,,34.04,,,,,,,
2016-05-06,44.6,44.58,,,,,,0.488,,,1.79,0.74,1.6,1.05,,,1.1421,106.66,6.497,110.3801,14.72,0.2697,31.3,,,,,,,
2016-05-07,,,,,,,,,,,,,,,,,,,,,,,46.71,,,,,,,
2016-05-08,,,,,,,,,,,,,,,,,,,,,,,57.56,,,,,,,
2016-05-09,42.43,43.45,,,,,,0.469,,,1.77,0.72,1.53,1.05,,,1.1402,108.39,6.514,110.9466,14.57,,59.73,,,,,,,
2016-05-10,44.01,44.68,,,,,,0.484,,,1.77,0.72,1.53,1.05,,,1.1386,109.22,6.515,110.8225,13.63,,62.97,,,,,,,
2016-05-11,46.08,46.21,,,,,,0.513,,,1.73,0.74,1.47,0.99,,,1.1444,108.48,6.491,110.2806,14.69,,54.4,,,,,,,
2016-05-12,46.43,46.64,,,,,,0.528,,,1.75,0.76,1.48,0.99,,,1.138,108.73,6.514,110.6935,14.41,,50.82,,,,,,,
2016-05-13,47.05,46.22,,,,,,0.523,,,1.71,0.76,1.42,0.95,,,1.1294,109.14,6.5285,111.2521,15.04,0.1796,59.77,,,,,,,
2016-05-14,,,,,,,,,,,,,,,,,,,,,,,31.04,,,,,,,
2016-05-15,,,,,,,,,,,,,,,,,,,,,,,99.03,,,,,,,
2016-05-16,48.49,47.72,,,,,,0.56,,,1.75,0.79,1.47,0.96,,,1.1328,108.89,6.5184,111.1217,14.68,,82.79,,,,,,,
2016-05-17,48.71,48.29,,,,,,0.561,,,1.76,0.82,1.48,0.94,,,1.1337,109.02,6.517,111.0867,15.57,,51.62,,,,,,,
2016-05-18,48.93,48.12,,,,,,0.555,,,1.87,0.9,1.57,0.97,,,1.1276,109.65,6.537,111.4995,15.95,,32.08,,,,,,,
2016-05-19,47.01,48.16,,,,,,0.541,,,1.85,0.89,1.54,0.96,,,1.1214,109.81,6.544,112.2331,16.33,,58.53,,,,,,,
2016-05-20,48.54,47.67,,,,,,0.523,,,1.85,0.89,1.52,0.96,,,1.1207,110.52,6.5485,112.1822,15.2,0.0767,25.94,,,,,,,
2016-05-21,,,,,,,,,,,,,,,,,,,,,,,54.62,,,,,,,
2016-05-22,,,,,,,,,,,,,,,,,,,,,,,113.01,,,,,,,
2016-05-23,47.77,48.12,,,,,,0.508,,,1.84,0.91,1.49,0.93,,,1.1192,109.47,6.5533,112.284,15.82,,141.68,,,,,,,
2016-05-24,48.42,48.04,,,,,,0.512,,,1.86,0.92,1.51,0.94,,,1.1145,110.0,6.5552,112.2912,14.42,,66.06,,,,,,,
2016-05-25,48.87,49.1,,,,,,0.527,,,1.87,0.92,1.54,0.95,,,1.1154,110.22,6.5538,112.2001,13.9,,51.51,,,,,,,
2016-05-26,49.52,49.0,,,,,,0.537,,,1.83,0.87,1.52,0.96,,,1.1184,109.74,6.554,111.8979,13.43,,23.07,,,,,,,
2016-05-27,49.09,49.36,,,,,,0.527,,,1.85,0.9,1.53,0.95,,,1.114,109.86,6.5615,112.0822,13.12,-0.0026,19.22,,,,,,,
2016-05-28,,,,,,,,,,,,,,,,,,,,,,,41.02,,,,,,,
2016-05-29,,,,,,,,,,,,,,,,,,,,,,,54.25,,,,,,,
2016-05-30,,,,,,,,,,,,,,,,,,,,,,,35.86,,,,,,,
2016-05-31,49.26,49.1,,,,,,0.52,,,1.84,0.87,1.5,0.97,,,1.1135,110.75,6.5798,112.4276,14.19,,48.19,,,,,,,
2016-06-01,48.81,49.07,7.08,4641.965909090909,1593.506818181818,8928.352272727274,27.35227272727273,0.506,164.4,128.5,1.85,0.91,1.55,0.94,,,1.1165,109.55,6.5748,112.462,14.2,,48.39,231.05573344420372,98.8833,101.7493,144147.0,247.794,98.386,
2016-06-02,49.05,49.14,,,,,,0.496,,,1.81,0.89,1.52,0.92,,,1.1157,108.75,6.5815,112.4564,13.63,,44.41,,,,,,,
2016-06-03,48.5,48.69,,,,,,0.486,,,1.71,0.78,1.41,0.93,,,1.133,106.88,6.5638,111.4451,13.47,0.1264,54.72,,,,,,,
2016-06-04,,,,,,,,,,,,,,,,,,,,,,,130.56,,,,,,,
2016-06-05,,,,,,,,,,,,,,,,,,,,,,,151.85,,,,,,,
2016-06-06,48.94,49.71,,,,,,0.488,,,1.73,0.8,1.45,0.93,,,1.1354,107.33,6.5611,111.2295,13.65,,136.57,,,,,,,
2016-06-07,49.76,50.37,,,,,,0.494,,,1.72,0.78,1.44,0.94,,,1.135,107.3,6.571,110.8378,14.05,,127.93,,,,,,,
2016-06-08,50.73,51.23,,,,,,0.514,,,1.71,0.78,1.47,0.93,,,1.14,106.68,6.56,110.1916,14.08,,46.41,,,,,,,
2016-06-09,50.59,50.52,,,,,,0.511,,,1.68,0.77,1.42,0.91,,,1.1329,106.54,6.559,110.6168,14.64,,49.67,,,,,,,
2016-06-10,49.7,49.09,,,,,,0.495,,,1.64,0.73,1.38,0.91,,,1.1281,107.06,6.559,111.1027,17.03,0.1537,70.69,,,,,,,
2016-06-11,,,,,,,,,,,,,,,,,,,,,,,71.81,,,,,,,
2016-06-12,,,,,,,,,,,,,,,,,,,,,,,64.97,,,,,,,
2016-06-13,49.36,48.89,,,,,,0.481,,,1.62,0.73,1.35,0.89,,,1.1282,106.07,6.5823,111.5036,20.97,,60.21,,,,,,,
2016-06-14,47.88,48.49,,,,,,0.484,,,1.62,0.74,1.35,0.88,,,1.1206,106.02,6.593,111.9826,20.5,,83.69,,,,,,,
2016-06-15,47.47,47.92,,,,,,0.495,,,1.6,0.69,1.34,0.91,,,1.1239,105.87,6.5785,111.7671,20.14,,79.47,,,,,,,
2016-06-16,45.66,46.14,,,,,,0.484,,,1.57,0.7,1.3,0.87,,,1.1158,104.05,6.5899,112.2347,19.37,,109.07,,,,,,,
2016-06-17,46.57,48.0,,,,,,0.493,,,1.62,0.7,1.35,0.92,,,1.1256,104.2,6.5849,111.5332,19.41,0.568,71.03,,,,,,,
2016-06-18,,,,,,,,,,,,,,,,,,,,,,,91.09,,,,,,,
2016-06-19,,,,,,,,,,,,,,,,,,,,,,,54.65,,,,,,,
2016-06-20,48.68,49.4,,,,,,0.511,,,1.67,0.74,1.39,0.93,,,1.1318,104.32,6.5768,110.8693,18.37,,94.78,,,,,,,
2016-06-21,48.18,48.95,,,,,,0.529,,,1.71,0.76,1.44,0.95,,,1.1262,104.56,6.5893,111.0077,18.48,,137.6,,,,,,,
2016-06-22,48.43,49.16,,,,,,0.519,,,1.69,0.75,1.42,0.94,,,1.1286,104.56,6.575,110.7681,21.17,,146.78,,,,,,,
2016-06-23,48.63,49.34,,,,,,0.535,,,1.74,0.78,1.43,0.96,,,1.1373,105.9,6.574,110.262,17.25,,125.3,,,,,,,
2016-06-24,46.69,46.7,,,,,,0.524,,,1.57,0.64,1.3,0.93,,,1.1126,102.26,6.615,112.1355,25.76,0.2573,312.85,,,,,,,
2016-06-25,,,,,,,,,,,,,,,,,,,,,,,586.55,,,,,,,
2016-06-26,,,,,,,,,,,,,,,,,,,,,,,322.73,,,,,,,
2016-06-27,45.07,45.8,,,,,,0.518,,,1.46,0.61,1.19,0.85,,,1.1024,101.66,6.6481,113.1301,23.85,,254.28,,,,,,,
2016-06-28,46.29,47.93,,,,,,0.533,,,1.46,0.61,1.2,0.85,,,1.1054,102.71,6.645,112.7545,18.75,,238.67,,,,,,,
2016-06-29,48.4,49.85,,,,,,0.543,,,1.5,0.62,1.24,0.88,,,1.1117,102.68,6.635,111.8597,16.64,,146.63,,,,,,,
2016-06-30,48.05,48.27,,,,,,0.52,,,1.49,0.58,1.23,0.91,,,1.1032,102.77,6.6459,112.1618,15.63,,96.08,,,,,,,
2016-07-01,47.65,49.02,6.85,4864.904761904762,1629.047619047619,10262.85714285714,25.8452380952381,0.509,157.1,120.6,1.46,0.59,1.18,0.87,,,1.1145,102.55,6.6547,111.6509,14.77,0.5828,108.22,204.9228587156837,98.9992,97.5813,144520.0,247.744,98.529,2339512923105.3003
2016-07-02,,,,,,,,,,,,,,,,,,,,,,,114.48,,,,,,,
2016-07-03,,,,,,,,,,,,,,,,,,,,,,,148.63,,,,,,,
2016-07-04,48.02,,,,,,,,,,,,,,,,,,,,,,84.51,,,,,,,
2016-07-05,45.64,46.73,,,,,,0.493,,,1.37,0.56,1.09,0.81,,,1.108,101.58,6.677,112.4231,15.58,,89.02,,,,,,,
2016-07-06,45.7,47.37,,,,,,0.494,,,1.38,0.58,1.11,0.8,,,1.1077,101.12,6.69,112.5438,14.96,,185.04,,,,,,,
2016-07-07,45.93,45.22,,,,,,0.488,,,1.4,0.58,1.11,0.82,,,1.1065,100.74,6.679,112.5775,14.76,,117.71,,,,,,,
2016-07-08,44.53,45.37,,,,,,0.494,,,1.37,0.61,1.09,0.76,,,1.1038,100.65,6.6878,112.3963,13.2,0.2068,105.65,,,,,,,
2016-07-09,,,,,,,,,,,,,,,,,,,,,,,124.74,,,,,,,
2016-07-10,,,,,,,,,,,,,,,,,,,,,,,209.0,,,,,,,
2016-07-11,44.04,44.73,,,,,,0.495,,,1.43,0.66,1.12,0.77,,,1.1045,102.66,6.6917,112.5254,13.54,,93.07,,,,,,,
2016-07-12,46.72,46.82,,,,,,0.508,,,1.53,0.69,1.24,0.84,,,1.1074,104.72,6.686,112.1102,13.55,,113.92,,,,,,,
2016-07-13,44.67,44.87,,,,,,0.49,,,1.48,0.68,1.17,0.8,,,1.1112,104.1,6.6832,112.0266,13.04,,58.42,,,,,,,
2016-07-14,46.01,45.64,,,,,,0.494,,,1.53,0.68,1.21,0.85,,,1.1109,105.4,6.6801,111.7692,12.82,,53.11,,,,,,,
2016-07-15,46.25,45.93,,,,,,0.483,,,1.6,0.71,1.28,0.89,,,1.1059,105.64,6.6865,112.2833,12.67,-0.1,34.4,,,,,,,
2016-07-16,,,,,,,,,,,,,,,,,,,,,,,88.55,,,,,,,
2016-07-17,,,,,,,,,,,,,,,,,,,,,,,172.45,,,,,,,
2016-07-18,45.35,45.23,,,,,,0.48,,,1.59,0.68,1.27,0.91,,,1.1076,106.0,6.7013,112.2463,12.44,,112.79,,,,,,,
2016-07-19,45.7,44.64,,,,,,0.478,,,1.56,0.7,1.25,0.86,,,1.1014,106.13,6.6931,112.638,11.97,,39.89,,,,,,,
2016-07-20,45.82,44.96,,,,,,0.482,,,1.59,0.73,1.27,0.86,,,1.1007,106.65,6.676,112.6743,11.77,,45.87,,,,,,,
2016-07-21,44.99,43.96,,,,,,0.478,,,1.57,0.7,1.25,0.87,,,1.1016,105.98,6.6735,112.6239,12.74,,37.63,,,,,,,
2016-07-22,44.24,43.41,,,,,,0.473,,,1.57,0.71,1.24,0.86,,,1.0968,106.22,6.676,112.989,12.02,0.0934,59.24,,,,,,,
2016-07-23,,,,,,,,,,,,,,,,,,,,,,,40.99,,,,,,,
2016-07-24,,,,,,,,,,,,,,,,,,,,,,,76.34,,,,,,,
2016-07-25,43.76,42.4,,,,,,0.466,,,1.58,0.72,1.26,0.86,,,1.098,106.02,6.6783,113.1784,12.87,,78.34,,,,,,,
2016-07-26,43.56,42.16,,,,,,0.458,,,1.57,0.75,1.26,0.82,,,1.0984,104.83,6.669,113.0593,13.05,,56.4,,,,,,,
2016-07-27,42.78,41.9,,,,,,0.435,,,1.52,0.73,1.21,0.79,,,1.0988,105.65,6.668,113.217,12.83,,122.84,,,,,,,
2016-07-28,41.87,41.13,,,,,,0.423,,,1.52,0.72,1.27,0.8,,,1.1094,104.86,6.6538,112.7393,12.72,,76.37,,,,,,,
2016-07-29,40.76,41.54,,,,,,0.423,,,1.46,0.67,1.18,0.79,,,1.1168,102.32,6.6371,111.874,11.87,0.2366,78.16,,,,,,,
2016-07-30,,,,,,,,,,,,,,,,,,,,,,,91.53,,,,,,,
2016-07-31,,,,,,,,,,,,,,,,,,,,,,,117.46,,,,,,,
2016-08-01,40.17,40.05,7.42,4751.670454545455,1639.284090909091,10335.98863636364,25.90217391304348,0.428,149.0,115.3,1.51,0.67,1.22,0.84,,,1.1176,102.26,6.6421,111.9757,12.44,,74.99,134.74163051003325,98.85,100.3066,144661.0,248.278,98.703,
2016-08-02,40.0,39.5,,,,,,0.423,,,1.55,0.67,1.26,0.88,,,1.1225,100.82,6.6239,111.7124,13.37,,55.54,,,,,,,
2016-08-03,40.45,40.8,,,,,,0.438,,,1.55,0.67,1.27,0.88,,,1.117,101.34,6.632,111.9419,12.86,,38.55,,,,,,,
2016-08-04,41.33,41.92,,,,,,0.428,,,1.51,0.64,1.25,0.87,,,1.1134,101.08,6.6388,111.9149,12.42,,42.64,,,,,,,
2016-08-05,42.47,41.83,,,,,,0.433,,,1.59,0.72,1.31,0.87,,,1.108,101.74,6.653,112.3589,11.39,0.3574,89.43,,,,,,,
2016-08-06,,,,,,,,,,,,,,,,,,,,,,,76.61,,,,,,,
2016-08-07,,,,,,,,,,,,,,,,,,,,,,,60.56,,,,,,,
2016-08-08,43.24,43.06,,,,,,0.443,,,1.59,0.74,1.28,0.85,,,1.1078,102.53,6.6597,112.1456,11.5,,108.83,,,,,,,
2016-08-09,43.37,42.78,,,,,,0.435,,,1.55,0.71,1.26,0.84,,,1.111,101.96,6.653,111.722,11.66,,61.67,,,,,,,
2016-08-10,42.19,41.75,,,,,,0.416,,,1.5,0.69,1.22,0.81,,,1.1171,101.27,6.6345,111.3238,12.05,,81.76,,,,,,,
2016-08-11,44.23,43.51,,,,,,0.429,,,1.57,0.76,1.29,0.81,,,1.1168,101.46,6.6274,111.1954,11.68,,43.24,,,,,,,
2016-08-12,45.12,44.47,,,,,,0.446,,,1.51,0.71,1.22,0.8,,,1.1172,101.01,6.6324,111.1787,11.55,0.2126,63.0,,,,,,,
2016-08-13,,,,,,,,,,,,,,,,,,,,,,,55.14,,,,,,,
2016-08-14,,,,,,,,,,,,,,,,,,,,,,,137.71,,,,,,,
2016-08-15,47.31,45.72,,,,,,0.449,,,1.55,0.72,1.24,0.83,,,1.1199,101.02,6.637,110.9212,11.81,,91.36,,,,,,,
2016-08-16,48.27,46.57,,,,,,0.451,,,1.57,0.76,1.3,0.81,,,1.1277,100.28,6.624,110.4295,12.64,,105.49,,,,,,,
2016-08-17,48.58,46.81,,,,,,0.45,,,1.56,0.74,1.26,0.82,,,1.1263,100.24,6.6328,110.9459,12.19,,83.6,,,,,,,
2016-08-18,49.46,48.2,,,,,,0.461,,,1.53,0.71,1.23,0.82,,,1.1334,100.07,6.6297,110.3134,11.43,,59.73,,,,,,,
2016-08-19,49.39,48.48,,,,,,0.46,,,1.58,0.76,1.28,0.82,,,1.1326,100.24,6.6515,110.8163,11.34,0.1934,56.17,,,,,,,
2016-08-20,,,,,,,,,,,,,,,,,,,,,,,53.76,,,,,,,
2016-08-21,,,,,,,,,,,,,,,,,,,,,,,44.8,,,,,,,
2016-08-22,48.1,46.8,,,,,,0.455,,,1.55,0.76,1.26,0.79,,,1.1314,100.25,6.6475,110.9997,12.27,,39.89,,,,,,,
2016-08-23,48.7,47.54,,,,,,0.469,,,1.55,0.74,1.25,0.81,,,1.1308,100.2,6.6378,110.9414,12.38,,40.46,,,,,,,
2016-08-24,47.56,46.29,,,,,,0.465,,,1.56,0.76,1.25,0.8,,,1.1256,100.5,6.6562,111.2958,13.45,,43.23,,,,,,,
2016-08-25,49.25,46.97,,,,,,0.475,,,1.58,0.78,1.25,0.8,,,1.1274,100.58,6.656,111.1726,13.63,,83.01,,,,,,,
2016-08-26,49.66,47.64,,,,,,0.478,,,1.62,0.84,1.28,0.78,,,1.1237,101.2,6.669,111.2035,13.65,0.271,117.24,,,,,,,
2016-08-27,,,,,,,,,,,,,,,,,,,,,,,139.2,,,,,,,
2016-08-28,,,,,,,,,,,,,,,,,,,,,,,86.28,,,,,,,
2016-08-29,49.66,46.97,,,,,,0.475,,,1.57,0.81,1.24,0.76,,,1.1182,102.13,6.6775,111.8775,12.94,,87.44,,,,,,,
2016-08-30,47.94,46.32,,,,,,0.471,,,1.57,0.8,1.24,0.77,,,1.115,102.92,6.6778,112.2928,13.12,,46.48,,,,,,,
2016-08-31,47.94,44.68,,,,,,0.45,,,1.58,0.8,1.25,0.78,,,1.1146,103.38,6.6776,112.4036,13.42,,45.98,,,,,,,
2016-09-01,45.05,43.17,7.79,4722.204545454545,1592.363636363636,10191.78409090909,24.875,0.436,152.0,117.7,1.57,0.78,1.24,0.79,,,1.1194,103.22,6.6713,112.1733,13.48,,38.52,135.50843354811593,98.7457,100.3207,144967.0,248.731,98.834,
2016-09-02,45.96,44.39,,,,,,0.457,,,1.6,0.8,1.27,0.8,,,1.1158,104.18,6.679,112.0009,11.98,0.2839,40.85,,,,,,,
2016-09-03,,,,,,,,,,,,,,,,,,,,,,,11.49,,,,,,,
2016-09-04,,,,,,,,,,,,,,,,,,,,,,,75.51,,,,,,,
2016-09-05,46.72,,,,,,,,,,,,,,,,,,,,,,145.01,,,,,,,
2016-09-06,46.21,44.85,,,,,,0.461,,,1.55,0.74,1.23,0.81,,,1.1237,102.28,6.6722,110.9613,12.02,,30.28,,,,,,,
2016-09-07,47.0,45.47,,,,,,0.47,,,1.54,0.74,1.2,0.8,,,1.1238,101.72,6.66,110.9717,11.94,,22.17,,,,,,,
2016-09-08,49.23,47.63,,,,,,0.48,,,1.61,0.78,1.26,0.83,,,1.1256,102.28,6.664,111.2609,12.51,,27.04,,,,,,,
2016-09-09,48.37,45.88,,,,,,0.486,,,1.67,0.79,1.32,0.88,,,1.1214,102.86,6.6778,111.9879,17.5,0.2952,35.65,,,,,,,
2016-09-10,,,,,,,,,,,,,,,,,,,,,,,33.11,,,,,,,
2016-09-11,,,,,,,,,,,,,,,,,,,,,,,50.18,,,,,,,
2016-09-12,47.82,46.28,,,,,,0.488,,,1.68,0.79,1.31,0.89,,,1.123,101.96,6.6788,112.1516,15.16,,39.54,,,,,,,
2016-09-13,46.48,44.91,,,,,,0.478,,,1.73,0.8,1.37,0.93,,,1.1242,102.14,6.6782,112.5207,17.85,,67.65,,,,,,,
2016-09-14,45.65,43.62,,,,,,0.478,,,1.7,0.77,1.37,0.93,,,1.1271,102.33,6.6707,112.4678,18.14,,28.87,,,,,,,
2016-09-15,45.83,43.85,,,,,,0.498,,,1.71,0.74,1.42,0.97,,,1.1246,102.24,6.6707,112.4753,16.3,,30.61,,,,,,,
2016-09-16,45.26,43.04,,,,,,0.488,,,1.7,0.77,1.4,0.93,,,1.116,102.36,6.6707,113.1765,15.37,0.5019,44.18,,,,,,,
2016-09-17,,,,,,,,,,,,,,,,,,,,,,,26.59,,,,,,,
2016-09-18,,,,,,,,,,,,,,,,,,,,,,,97.8,,,,,,,
2016-09-19,46.04,43.34,,,,,,0.504,,,1.7,0.79,1.4,0.91,,,1.1179,101.82,6.665,112.903,15.53,,74.44,,,,,,,
2016-09-20,45.24,43.85,,,,,,0.505,,,1.69,0.79,1.39,0.9,,,1.1172,101.66,6.67,113.1848,15.92,,58.92,,,,,,,
2016-09-21,45.99,45.33,,,,,,0.524,,,1.66,0.79,1.44,0.87,,,1.1165,100.62,6.6695,112.9842,13.3,,31.41,,,,,,,
2016-09-22,47.21,46.1,,,,,,0.524,,,1.63,0.79,1.45,0.84,,,1.1229,100.8,6.663,112.2592,12.02,,64.81,,,,,,,
2016-09-23,46.71,44.36,,,,,,0.525,,,1.62,0.77,1.44,0.85,,,1.1223,101.04,6.669,112.7166,12.29,0.3323,60.71,,,,,,,
2016-09-24,,,,,,,,,,,,,,,,,,,,,,,106.95,,,,,,,
2016-09-25,,,,,,,,,,,,,,,,,,,,,,,53.57,,,,,,,
2016-09-26,46.61,45.6,,,,,,0.528,,,1.59,0.76,1.34,0.83,,,1.127,100.34,6.6683,112.7112,14.5,,30.74,,,,,,,
2016-09-27,44.95,44.65,,,,,,0.51,,,1.56,0.75,1.3,0.81,,,1.1208,100.36,6.6691,112.5515,13.1,,56.95,,,,,,,
2016-09-28,45.49,47.07,,,,,,0.52,,,1.57,0.75,1.3,0.82,,,1.12,100.57,6.673,112.6283,12.39,,38.39,,,,,,,
2016-09-29,48.43,47.72,,,,,,0.535,,,1.56,0.73,1.3,0.83,,,1.1244,101.48,6.665,112.2879,14.02,,51.81,,,,,,,
2016-09-30,48.24,47.72,,,,,,0.545,,,1.6,0.77,1.31,0.83,,,1.1238,101.21,6.6685,112.2795,13.29,0.3116,34.93,,,,,,,
2016-10-01,,,7.93,4731.261904761905,1665.904761904762,10259.7380952381,21.48809523809524,,160.5,132.8,,,,,,,,,,,,,59.96,126.4360770997193,98.7611,100.859,145065.0,249.218,98.961,2357334308228.1
2016-10-02,,,,,,,,,,,,,,,,,,,,,,,102.52,,,,,,,
2016-10-03,48.61,48.8,,,,,,0.55,,,1.63,0.8,1.31,0.83,,,1.121,101.54,6.6685,112.5077,13.57,,78.99,,,,,,,
2016-10-04,48.81,48.67,,,,,,0.554,,,1.69,0.82,1.36,0.87,,,1.1212,102.66,6.6685,112.6579,13.63,,48.13,,,,,,,
2016-10-05,49.57,49.75,,,,,,0.554,,,1.72,0.85,1.4,0.87,,,1.1196,103.53,6.6685,112.7946,12.99,,65.03,,,,,,,
2016-10-06,50.14,50.44,,,,,,0.574,,,1.75,0.86,1.42,0.89,,,1.1158,104.02,6.6685,113.0066,12.84,,58.51,,,,,,,
2016-10-07,50.49,49.76,,,,,,0.575,,,1.73,0.83,1.4,0.9,,,1.1156,103.42,6.6685,113.2915,13.48,0.0903,57.08,,,,,,,
2016-10-08,,,,,,,,,,,,,,,,,,,,,,,64.33,,,,,,,
2016-10-09,,,,,,,,,,,,,,,,,,,,,,,102.18,,,,,,,
2016-10-10,51.54,49.76,,,,,,0.588,,,,,,,,,,,,,13.38,,15.2,,,,,,,
2016-10-11,50.48,50.72,,,,,,0.58,,,1.77,0.87,1.42,0.9,,,1.1062,103.36,6.719,113.4461,15.36,,54.57,,,,,,,
2016-10-12,49.53,50.14,,,,,,0.578,,,1.79,0.87,1.42,0.92,,,1.1014,104.48,6.718,113.7442,15.91,,59.38,,,,,,,
2016-10-13,49.29,50.47,,,,,,0.583,,,1.75,0.85,1.45,0.9,,,1.1038,103.62,6.7248,113.6238,16.69,,50.64,,,,,,,
2016-10-14,48.87,50.35,,,,,,0.584,,,1.8,0.84,1.48,0.96,,,1.0985,104.1,6.7277,113.7119,16.12,0.2252,80.62,,,,,,,
2016-10-15,,,,,,,,,,,,,,,,,,,,,,,98.91,,,,,,,
2016-10-16,,,,,,,,,,,,,,,,,,,,,,,98.05,,,,,,,
2016-10-17,49.31,49.97,,,,,,0.531,,,1.77,0.81,1.43,0.96,,,1.1,103.96,6.735,113.5488,16.21,,115.14,,,,,,,
2016-10-18,49.81,50.3,,,,,,0.531,,,1.75,0.82,1.41,0.93,,,1.0997,103.8,6.7401,113.1393,15.28,,45.55,,,,,,,
2016-10-19,51.85,51.59,,,,,,0.605,,,1.76,0.81,1.41,0.95,,,1.0966,103.3,6.737,113.0547,14.41,,61.32,,,,,,,
2016-10-20,50.42,50.31,,,,,,0.593,,,1.76,0.84,1.41,0.92,,,1.0934,103.92,6.7439,113.4033,13.75,,48.77,,,,,,,
2016-10-21,50.28,50.61,,,,,,0.596,,,1.74,0.84,1.4,0.9,,,1.0866,103.96,6.7654,113.9015,13.34,0.1821,34.08,,,,,,,
2016-10-22,,,,,,,,,,,,,,,,,,,,,,,41.54,,,,,,,
2016-10-23,,,,,,,,,,,,,,,,,,,,,,,85.95,,,,,,,
2016-10-24,49.8,50.18,,,,,,0.595,,,1.77,0.84,1.44,0.93,,,1.0888,104.2,6.7728,113.8571,13.02,,58.65,,,,,,,
2016-10-25,49.08,49.45,,,,,,0.588,,,1.77,0.86,1.43,0.91,,,1.089,104.25,6.778,113.6801,13.46,,114.51,,,,,,,
2016-10-26,48.98,48.75,,,,,,0.583,,,1.79,0.86,1.46,0.93,,,1.0916,104.42,6.7706,113.8131,14.24,,40.45,,,,,,,
2016-10-27,49.13,49.71,,,,,,0.573,,,1.85,0.87,1.55,0.98,,,1.0904,105.14,6.7819,114.1998,15.36,,85.31,,,,,,,
2016-10-28,47.78,48.72,,,,,,0.573,,,1.86,0.86,1.56,1.0,,,1.0934,105.4,6.776,114.0931,16.19,0.1075,74.06,,,,,,,
2016-10-29,,,,,,,,,,,,,,,,,,,,,,,76.83,,,,,,,
2016-10-30,,,,,,,,,,,,,,,,,,,,,,,80.76,,,,,,,
2016-10-31,46.2,46.83,,,,,,0.555,,,1.84,0.86,1.5,0.98,,,1.0962,105.07,6.7735,114.0188,17.06,,95.82,,,,,,,
2016-11-01,45.77,46.66,7.16,5450.931818181818,1737.113636363636,11128.90909090909,18.56818181818182,0.566,147.6,121.1,1.83,0.83,1.48,1.0,,,1.1042,104.59,6.763,113.9915,18.56,,44.68,228.7257194746165,98.3491,99.1506,145183.0,249.227,99.005,
2016-11-02,44.26,45.32,,,,,,0.558,,,1.81,0.81,1.44,1.0,,,1.1119,103.22,6.7606,113.9206,19.32,,60.79,,,,,,,
2016-11-03,43.84,44.66,,,,,,0.558,,,1.82,0.81,1.44,1.01,,,1.1094,103.17,6.7612,113.7664,22.08,,63.05,,,,,,,
2016-11-04,43.06,44.07,,,,,,0.558,,,1.79,0.8,1.41,0.99,,,1.1121,103.02,6.7534,113.5828,22.51,0.4953,87.98,,,,,,,
2016-11-05,,,,,,,,,,,,,,,,,,,,,,,107.72,,,,,,,
2016-11-06,,,,,,,,,,,,,,,,,,,,,,,121.17,,,,,,,
2016-11-07,42.83,44.88,,,,,,0.553,,,1.83,0.82,1.42,1.01,,,1.1038,104.6,6.774,113.5443,18.71,,74.75,,,,,,,
2016-11-08,43.47,44.96,,,,,,0.55,,,1.88,0.87,1.45,1.01,,,1.1034,104.98,6.784,113.3017,18.74,,119.44,,,,,,,
2016-11-09,43.88,45.2,,,,,,0.518,,,2.07,0.9,1.62,1.17,,,1.0952,104.84,6.7769,114.6956,14.38,,246.03,,,,,,,
2016-11-10,43.67,44.62,,,,,,0.508,,,2.15,0.92,1.67,1.23,,,1.0882,106.56,6.7987,115.9375,14.74,,272.71,,,,,,,
2016-11-11,41.61,43.39,,,,,,0.52,,,,,,,,,,,,,14.17,-0.0106,140.42,,,,,,,
2016-11-12,,,,,,,,,,,,,,,,,,,,,,,178.53,,,,,,,
2016-11-13,,,,,,,,,,,,,,,,,,,,,,,339.37,,,,,,,
2016-11-14,41.83,43.29,,,,,,0.51,,,2.23,1.0,1.68,1.23,,,1.0723,108.3,6.8447,117.2245,14.48,,263.29,,,,,,,
2016-11-15,44.15,45.86,,,,,,0.523,,,2.23,1.02,1.72,1.21,,,1.0726,108.94,6.8556,116.7724,13.37,,161.83,,,,,,,
2016-11-16,45.07,45.56,,,,,,0.535,,,2.22,1.0,1.75,1.22,,,1.0699,109.16,6.877,116.8062,13.72,,135.29,,,,,,,
2016-11-17,44.57,45.37,,,,,,0.504,,,2.29,1.04,1.85,1.25,,,1.0656,109.64,6.8674,116.8952,13.35,,111.0,,,,,,,
2016-11-18,44.41,45.69,,,,,,0.523,,,2.34,1.07,1.9,1.27,,,1.06,110.51,6.8873,117.5936,12.85,-0.0335,176.29,,,,,,,
2016-11-19,,,,,,,,,,,,,,,,,,,,,,,117.88,,,,,,,
2016-11-20,,,,,,,,,,,,,,,,,,,,,,,111.02,,,,,,,
2016-11-21,45.96,47.48,,,,,,0.543,,,2.33,1.08,1.87,1.25,,,1.0597,111.12,6.8918,117.4762,12.42,,94.21,,,,,,,
2016-11-22,46.1,48.07,,,,,,0.545,,,2.31,1.07,1.82,1.24,,,1.0618,110.98,6.888,117.4508,12.41,,102.35,,,,,,,
2016-11-23,46.54,46.72,,,,,,0.541,,,2.36,1.12,1.85,1.24,,,1.056,112.58,6.9195,118.0356,12.43,,84.27,,,,,,,
2016-11-24,47.54,,,,,,,,,,,,,,,,,,,,,,84.01,,,,,,,
2016-11-25,46.32,46.72,,,,,,0.541,,,2.36,1.12,1.87,1.24,,,1.0595,113.17,6.9176,118.02,12.34,-0.1158,90.3,,,,,,,
2016-11-26,,,,,,,,,,,,,,,,,,,,,,,69.39,,,,,,,
2016-11-27,,,,,,,,,,,,,,,,,,,,,,,95.7,,,,,,,
2016-11-28,46.64,45.66,,,,,,0.543,,,2.32,1.11,1.84,1.21,,,1.0576,112.36,6.9055,117.7278,13.15,,96.79,,,,,,,
2016-11-29,44.68,45.29,,,,,,0.538,,,2.3,1.09,1.82,1.21,,,1.0626,112.78,6.8933,117.644,12.9,,56.24,,,,,,,
2016-11-30,47.95,49.41,,,,,,0.573,,,2.37,1.11,1.89,1.26,,,1.0578,114.34,6.8837,117.7636,13.33,,63.67,,,,,,,
2016-12-01,52.28,51.08,7.09,5660.35,1727.7375,10972.275,19.21590909090909,0.604,155.2,138.7,2.45,1.14,1.97,1.31,,,1.0634,114.34,6.883,117.6642,14.07,,167.88,184.98364258927208,99.0214,97.8383,145408.0,249.134,99.12,
2016-12-02,52.35,51.7,,,,,,0.599,,,2.4,1.11,1.91,1.29,,,1.0666,113.76,6.883,117.3116,14.12,-0.0057,144.2,,,,,,,
2016-12-03,,,,,,,,,,,,,,,,,,,,,,,152.48,,,,,,,
2016-12-04,,,,,,,,,,,,,,,,,,,,,,,137.3,,,,,,,
2016-12-05,53.3,51.72,,,,,,0.618,,,2.39,1.13,1.9,1.26,,,1.0723,114.1,6.8775,117.1008,12.14,,113.93,,,,,,,
2016-12-06,52.31,50.95,,,,,,0.618,,,2.39,1.12,1.9,1.27,,,1.0717,113.98,6.879,116.9225,11.79,,158.64,,,,,,,
2016-12-07,51.9,49.85,,,,,,0.615,,,2.34,1.1,1.82,1.24,,,1.0758,113.5,6.878,116.672,12.22,,162.0,,,,,,,
2016-12-08,51.6,50.84,,,,,,0.618,,,2.4,1.12,1.89,1.28,,,1.0625,114.16,6.8771,117.0327,12.64,,125.48,,,,,,,
2016-12-09,52.19,51.51,,,,,,0.626,,,2.47,1.15,1.93,1.32,,,1.0541,115.17,6.9042,117.2834,11.75,-0.256,97.26,,,,,,,
2016-12-10,,,,,,,,,,,,,,,,,,,,,,,130.24,,,,,,,
2016-12-11,,,,,,,,,,,,,,,,,,,,,,,125.68,,,,,,,
2016-12-12,53.99,52.74,,,,,,0.629,,,2.49,1.15,1.98,1.34,,,1.0606,115.34,6.9045,116.9161,12.64,,99.45,,,,,,,
2016-12-13,53.28,52.99,,,,,,0.621,,,2.48,1.17,1.94,1.31,,,1.0635,115.26,6.8984,116.8029,12.72,,336.71,,,,,,,
2016-12-14,53.15,51.01,,,,,,0.621,,,2.54,1.27,1.99,1.27,,,1.0656,115.06,6.9025,116.7332,13.19,,53.87,,,,,,,
2016-12-15,51.72,50.9,,,,,,0.618,,,2.6,1.29,2.09,1.31,,,1.0375,118.32,6.941,118.8072,12.79,,232.94,,,,,,,
2016-12-16,54.15,51.93,,,,,,0.629,,,2.6,1.28,2.09,1.32,,,1.0456,117.74,6.958,118.3584,12.2,-0.1534,53.13,,,,,,,
2016-12-17,,,,,,,,,,,,,,,,,,,,,,,61.8,,,,,,,
2016-12-18,,,,,,,,,,,,,,,,,,,,,,,149.81,,,,,,,
2016-12-19,53.53,52.13,,,,,,0.625,,,2.54,1.24,2.02,1.3,,,1.0444,116.6,6.9506,118.3875,11.71,,91.47,,,,,,,
2016-12-20,54.56,52.22,,,,,,0.643,,,2.57,1.25,2.05,1.32,,,1.039,117.86,6.947,118.63,11.45,,59.25,,,,,,,
2016-12-21,53.01,51.44,,,,,,0.638,,,2.55,1.21,2.03,1.34,,,1.0425,117.79,6.939,118.581,11.27,,37.37,,,,,,,
2016-12-22,54.04,51.98,,,,,,0.645,,,2.55,1.22,2.04,1.33,,,1.0452,117.48,6.9473,118.8209,11.43,,50.35,,,,,,,
2016-12-23,53.93,52.01,,,,,,0.65,,,2.55,1.22,2.03,1.33,,,1.0449,117.22,6.9432,118.7856,11.44,-0.0985,35.7,,,,,,,
2016-12-24,,,,,,,,,,,,,,,,,,,,,,,67.43,,,,,,,
2016-12-25,,,,,,,,,,,,,,,,,,,,,,,187.34,,,,,,,
2016-12-26,,,,,,,,,,,,,,,,,,,,,,,155.98,,,,,,,
2016-12-27,,52.82,,,,,,0.659,,,2.57,1.28,2.06,1.29,,,1.0458,117.52,6.9491,118.9506,11.99,,108.11,,,,,,,
2016-12-28,54.95,54.01,,,,,,0.689,,,2.51,1.26,1.98,1.25,,,1.0389,117.66,6.9559,119.2305,12.95,,161.59,,,,,,,
2016-12-29,54.97,53.8,,,,,,0.713,,,2.49,1.22,2.02,1.27,,,1.0486,116.32,6.9535,118.6637,13.37,,116.01,,,,,,,
2016-12-30,54.96,53.75,,,,,,0.699,,,2.45,1.2,1.94,1.25,,,1.0552,116.78,6.943,118.3466,14.04,-0.055,141.16,,,,,,,
2016-12-31,,,,,,,,,,,,,,,,,,,,,,,127.18,,,,,,,
2017-01-01,,,9.17409090909091,5754.559523809524,1791.238095238095,9971.464285714286,22.17045454545455,,166.4,138.4,,,,,,,,,,,,,235.1,247.29754147936166,98.7611,97.4556,145628.0,250.083,99.385,2373054420191.3
2017-01-02,,,,,,,,,,,,,,,,,,,,,,,242.04,,,,,,,
2017-01-03,55.05,52.36,,,,,,0.698,,,2.45,1.22,1.92,1.23,,,1.0416,117.68,6.9575,119.0903,12.85,,89.85,,,,,,,
2017-01-04,54.57,53.26,,,,,,0.696,,,2.46,1.24,1.93,1.22,,,1.0476,117.38,6.9322,118.8803,11.85,,101.99,,,,,,,
2017-01-05,54.99,53.77,,,,,,0.705,,,2.37,1.17,1.85,1.2,,,1.0598,115.46,6.887,117.9999,11.67,,134.47,,,,,,,
2017-01-06,55.9,53.98,,,,,,0.718,,,2.42,1.22,1.89,1.2,,,1.056,116.85,6.9176,118.3495,11.32,-0.0974,96.97,,,,,,,
2017-01-07,,,,,,,,,,,,,,,,,,,,,,,110.23,,,,,,,
2017-01-08,,,,,,,,,,,,,,,,,,,,,,,272.01,,,,,,,
2017-01-09,54.39,51.95,,,,,,0.702,,,2.38,1.21,1.88,1.17,,,1.0576,116.07,6.935,118.4111,11.56,,121.76,,,,,,,
2017-01-10,53.2,50.82,,,,,,0.7,,,2.38,1.19,1.86,1.19,,,1.0572,115.74,6.918,118.5386,11.49,,121.9,,,,,,,
2017-01-11,53.61,52.19,,,,,,0.725,,,2.38,1.2,1.86,1.18,,,1.0501,116.26,6.9365,119.0219,11.26,,124.56,,,,,,,
2017-01-12,54.51,53.01,,,,,,0.738,,,2.36,1.18,1.84,1.18,,,1.0666,113.87,6.889,117.8001,11.54,,113.32,,,,,,,
2017-01-13,54.37,52.36,,,,,,0.725,,,2.4,1.21,1.87,1.19,,,1.0625,115.03,6.8985,117.9884,11.23,-0.1086,135.56,,,,,,,
2017-01-14,,,,,,,,,,,,,,,,,,,,,,,111.9,,,,,,,
2017-01-15,,,,,,,,,,,,,,,,,,,,,,,188.29,,,,,,,
2017-01-16,54.3,,,,,,,,,,,,,,,,,,,,,,114.17,,,,,,,
2017-01-17,54.68,52.45,,,,,,0.738,,,2.33,1.17,1.78,1.16,,,1.0695,112.96,6.852,117.2656,11.87,,160.96,,,,,,,
2017-01-18,53.77,51.12,,,,,,0.728,,,2.42,1.23,1.89,1.19,,,1.0682,113.4,6.836,117.7242,12.48,,135.59,,,,,,,
2017-01-19,53.18,51.39,,,,,,0.746,,,2.47,1.25,1.95,1.22,,,1.063,115.3,6.868,118.3182,12.78,,95.56,,,,,,,
2017-01-20,55.04,52.33,,,,,,0.761,,,2.48,1.2,1.98,1.28,,,,,,,11.54,-0.0867,141.55,,,,,,,
2017-01-21,,,,,,,,,,,,,,,,,,,,,,,151.63,,,,,,,
2017-01-22,,,,,,,,,,,,,,,,,,,,,,,185.71,,,,,,,
2017-01-23,54.8,52.77,,,,,,0.771,,,2.41,1.16,1.9,1.25,,,1.074,112.9,6.8514,117.2479,11.77,,154.77,,,,,,,
2017-01-24,54.7,52.38,,,,,,0.774,,,2.47,1.21,1.96,1.26,,,1.0749,113.63,6.8555,117.0516,11.07,,136.15,,,,,,,
2017-01-25,54.34,52.14,,,,,,0.784,,,2.53,1.23,2.03,1.3,,,1.0743,113.6,6.8812,116.9355,10.81,,175.14,,,,,,,
2017-01-26,55.89,53.24,,,,,,0.818,,,2.51,1.21,2.0,1.3,,,1.067,114.7,6.8768,117.2766,10.63,,89.25,,,,,,,
2017-01-27,54.8,53.18,,,,,,0.834,,,2.49,1.22,1.97,1.27,,,1.069,115.16,6.8768,117.0735,10.58,-0.2003,135.05,,,,,,,
2017-01-28,,,,,,,,,,,,,,,,,,,,,,,152.15,,,,,,,
2017-01-29,,,,,,,,,,,,,,,,,,,,,,,186.22,,,,,,,
2017-01-30,54.77,52.63,,,,,,0.82,,,2.49,1.22,1.98,1.27,,,1.0681,113.86,6.8768,116.7325,11.88,,115.06,,,,,,,
2017-01-31,55.25,52.75,,,,,,0.84,,,2.45,1.19,1.93,1.26,,,1.0794,112.72,6.8768,116.2241,11.99,,139.29,,,,,,,
2017-02-01,55.79,53.9,7.128,5940.9125,1860.75,10643.3,25.15,0.915,166.7,143.3,2.48,1.22,1.97,1.26,,,1.0758,113.29,6.8768,116.3914,11.81,,158.28,186.28732769294118,98.3646,98.989,145846.0,251.143,99.561,
2017-02-02,55.94,53.55,,,,,,0.918,,,2.48,1.21,1.96,1.27,,,1.0802,112.48,6.8768,115.903,11.93,,113.53,,,,,,,
2017-02-03,55.92,53.81,,,,,,0.883,,,2.49,1.21,1.98,1.28,,,1.0792,112.42,6.865,115.6259,10.97,-0.136,131.28,,,,,,,
2017-02-04,,,,,,,,,,,,,,,,,,,,,,,88.69,,,,,,,
2017-02-05,,,,,,,,,,,,,,,,,,,,,,,211.26,,,,,,,
2017-02-06,55.02,53.01,,,,,,0.814,,,2.42,1.16,1.89,1.26,,,1.0731,112.32,6.86,116.0504,11.37,,150.83,,,,,,,
2017-02-07,53.79,52.19,,,,,,0.776,,,2.4,1.16,1.87,1.24,,,1.069,112.14,6.8821,116.4082,11.29,,121.82,,,,,,,
2017-02-08,54.42,52.37,,,,,,0.81,,,2.34,1.15,1.8,1.19,,,1.0708,111.74,6.87,116.1382,11.45,,118.99,,,,,,,
2017-02-09,53.98,52.99,,,,,,0.81,,,2.4,1.2,1.86,1.2,,,1.0658,113.24,6.866,116.306,10.88,,74.34,,,,,,,
2017-02-10,55.2,53.84,,,,,,0.808,,,2.41,1.2,1.86,1.21,,,1.065,113.22,6.8775,116.148,10.85,-0.1755,231.24,,,,,,,
2017-02-11,,,,,,,,,,,,,,,,,,,,,,,57.47,,,,,,,
2017-02-12,,,,,,,,,,,,,,,,,,,,,,,162.36,,,,,,,
2017-02-13,54.15,52.96,,,,,,0.771,,,2.43,1.2,1.91,1.23,,,1.0603,113.79,6.8776,116.3427,11.07,,77.85,,,,,,,
2017-02-14,54.96,53.21,,,,,,0.805,,,2.47,1.25,1.93,1.22,,,1.0577,114.34,6.8649,116.3949,10.74,,120.2,,,,,,,
2017-02-15,54.57,53.11,,,,,,0.814,,,2.51,1.27,1.97,1.24,,,1.0597,114.17,6.8685,116.2162,11.97,,130.16,,,,,,,
2017-02-16,54.16,53.41,,,,,,0.77,,,2.45,1.22,1.92,1.23,,,1.066,113.36,6.8517,116.0067,11.76,,89.07,,,,,,,
2017-02-17,54.48,53.41,,,,,,0.733,,,2.42,1.21,1.89,1.21,,,1.0614,112.86,6.864,116.4035,11.49,-0.2989,143.29,,,,,,,
2017-02-18,,,,,,,,,,,,,,,,,,,,,,,87.44,,,,,,,
2017-02-19,,,,,,,,,,,,,,,,,,,,,,,123.54,,,,,,,
2017-02-20,55.25,,,,,,,,,,,,,,,,,,,,,,66.08,,,,,,,
2017-02-21,56.34,54.02,,,,,,0.729,,,2.43,1.22,1.9,1.21,,,1.0551,113.48,6.881,116.5921,11.57,,87.54,,,,,,,
2017-02-22,54.9,53.61,,,,,,0.658,,,2.42,1.22,1.9,1.2,,,1.0555,113.46,6.8765,116.2136,11.74,,226.71,,,,,,,
2017-02-23,55.82,54.48,,,,,,0.659,,,2.38,1.18,1.87,1.2,,,1.0586,112.68,6.8622,115.6527,11.71,,84.74,,,,,,,
2017-02-24,54.69,53.99,,,,,,0.653,,,2.31,1.12,1.79,1.19,,,1.058,112.26,6.8645,115.8143,11.47,-0.2237,99.0,,,,,,,
2017-02-25,,,,,,,,,,,,,,,,,,,,,,,35.04,,,,,,,
2017-02-26,,,,,,,,,,,,,,,,,,,,,,,121.6,,,,,,,
2017-02-27,54.65,54.04,,,,,,0.655,,,2.36,1.2,1.86,1.16,,,1.0624,112.01,6.8675,115.6764,12.09,,117.37,,,,,,,
2017-02-28,53.36,54.0,,,,,,0.651,,,2.36,1.22,1.83,1.14,,,1.0618,112.06,6.8665,116.0032,12.92,,114.25,,,,,,,
2017-03-01,55.72,53.82,5.79478260869565,5824.630434782609,1901.467391304348,10204.66304347826,24.64130434782609,0.618,165.6,131.0,2.46,1.29,1.83,1.17,,,1.0564,113.66,6.8794,116.438,12.54,,111.9,236.02181683318673,99.0137,100.0476,145970.0,251.29,99.519,
2017-03-02,54.16,52.63,,,,,,0.591,,,2.49,1.32,1.82,1.17,,,1.0514,114.45,6.8868,116.8429,11.81,,125.27,,,,,,,
2017-03-03,54.12,53.33,,,,,,0.613,,,2.49,1.32,1.78,1.17,,,1.0552,114.6,6.8954,116.6438,10.96,-0.3941,88.91,,,,,,,
2017-03-04,,,,,,,,,,,,,,,,,,,,,,,89.26,,,,,,,
2017-03-05,,,,,,,,,,,,,,,,,,,,,,,128.58,,,,,,,
2017-03-06,54.73,53.19,,,,,,0.628,,,2.49,1.31,1.75,1.18,,,1.0586,113.92,6.8955,116.4313,11.24,,104.29,,,,,,,
2017-03-07,54.61,52.68,,,,,,0.64,,,2.52,1.32,1.76,1.2,,,1.0582,113.99,6.9,116.4303,11.45,,71.17,,,,,,,
2017-03-08,53.3,49.83,,,,,,0.643,,,2.57,1.36,1.84,1.21,,,1.0547,114.58,6.9113,116.875,11.86,,124.51,,,,,,,
2017-03-09,50.65,48.75,,,,,,0.655,,,2.6,1.37,1.87,1.23,,,1.0586,114.71,6.9086,116.9959,12.3,,95.37,,,,,,,
2017-03-10,50.63,48.05,,,,,,0.665,,,2.58,1.36,1.83,1.22,,,1.0667,115.02,6.905,116.616,11.66,-0.4095,81.65,,,,,,,
2017-03-11,,,,,,,,,,,,,,,,,,,,,,,107.41,,,,,,,
2017-03-12,,,,,,,,,,,,,,,,,,,,,,,167.79,,,,,,,
2017-03-13,50.1,47.95,,,,,,0.676,,,2.62,1.4,1.83,1.22,,,1.067,114.61,6.905,116.4004,11.35,,56.5,,,,,,,
2017-03-14,49.6,47.24,,,,,,0.668,,,2.6,1.4,1.82,1.2,,,1.0645,114.63,6.913,116.5646,12.3,,122.3,,,,,,,
2017-03-15,50.63,48.34,,,,,,0.633,,,2.51,1.33,1.78,1.18,,,1.063,114.66,6.9132,116.3584,11.63,,159.48,,,,,,,
2017-03-16,50.56,48.3,,,,,,0.61,,,2.53,1.35,1.8,1.18,,,1.0738,113.02,6.913,115.4456,11.21,,91.44,,,,,,,
2017-03-17,50.58,48.34,,,,,,0.6,,,2.5,1.33,1.77,1.17,,,1.0742,112.67,6.9,115.2783,11.28,-0.3677,152.01,,,,,,,
2017-03-18,,,,,,,,,,,,,,,,,,,,,,,91.27,,,,,,,
2017-03-19,,,,,,,,,,,,,,,,,,,,,,,153.52,,,,,,,
2017-03-20,50.67,47.79,,,,,,0.598,,,2.47,1.3,1.71,1.17,,,1.0754,112.59,6.905,115.0426,11.34,,161.69,,,,,,,
2017-03-21,50.14,47.02,,,,,,0.605,,,2.43,1.27,1.66,1.16,,,1.081,111.9,6.883,114.8119,12.47,,184.47,,,,,,,
2017-03-22,49.56,47.29,,,,,,0.594,,,2.4,1.27,1.63,1.13,,,1.08,111.06,6.8785,114.7937,12.81,,65.8,,,,,,,
2017-03-23,50.17,47.0,,,,,,0.581,,,2.41,1.26,1.65,1.15,,,1.0787,111.12,6.8843,114.7899,13.12,,48.67,,,,,,,
2017-03-24,49.97,47.3,,,,,,0.571,,,2.4,1.26,1.62,1.14,,,1.0806,111.03,6.8803,114.6372,12.96,-0.2414,106.37,,,,,,,
2017-03-25,,,,,,,,,,,,,,,,,,,,,,,103.58,,,,,,,
2017-03-26,,,,,,,,,,,,,,,,,,,,,,,152.82,,,,,,,
2017-03-27,50.12,47.02,,,,,,0.556,,,2.38,1.27,1.6,1.11,,,1.0882,110.48,6.8687,114.2347,12.5,,83.12,,,,,,,
2017-03-28,50.72,48.36,,,,,,0.59,,,2.42,1.3,1.64,1.12,,,1.0852,110.56,6.8779,114.419,11.53,,89.73,,,,,,,
2017-03-29,51.36,49.47,,,,,,0.59,,,2.39,1.26,1.61,1.13,,,1.0756,111.05,6.8879,114.7167,11.42,,66.64,,,,,,,
2017-03-30,52.25,50.3,,,,,,0.611,,,2.42,1.28,1.64,1.14,,,1.0726,111.36,6.887,114.5245,11.54,,91.55,,,,,,,
2017-03-31,52.2,50.54,,,,,,0.61,,,2.4,1.27,1.64,1.13,,,1.0698,111.41,6.8832,114.7938,12.37,-0.4117,221.37,,,,,,,
2017-04-01,,,5.7095,5683.902777777778,1921.222222222222,9609.277777777777,23.25,,176.2,139.6,,,,,,,,,,,,,208.81,176.40003710496936,100.0224,99.4656,146175.0,251.642,99.723,2391911056082.8
2017-04-02,,,,,,,,,,,,,,,,,,,,,,,164.7,,,,,,,
2017-04-03,52.04,50.25,,,,,,0.608,,,2.35,1.24,1.56,1.11,,,1.0655,110.96,6.8832,114.8734,12.38,,115.76,,,,,,,
2017-04-04,53.08,50.99,,,,,,0.613,,,2.36,1.25,1.57,1.11,,,1.0664,110.74,6.8832,115.0038,11.79,,103.95,,,,,,,
2017-04-05,53.41,51.14,,,,,,0.633,,,2.34,1.24,1.54,1.1,,,1.0661,111.2,6.892,114.9494,12.89,,75.28,,,,,,,
2017-04-06,53.62,51.69,,,,,,0.64,,,2.34,1.24,1.55,1.1,,,1.0651,111.02,6.8955,115.0181,12.39,,82.38,,,,,,,
2017-04-07,54.24,52.25,,,,,,0.65,,,2.38,1.29,1.56,1.09,,,1.0616,110.76,6.8978,115.0547,12.87,-0.3837,67.93,,,,,,,
2017-04-08,,,,,,,,,,,,,,,,,,,,,,,81.5,,,,,,,
2017-04-09,,,,,,,,,,,,,,,,,,,,,,,90.35,,,,,,,
2017-04-10,54.79,53.06,,,,,,0.67,,,2.37,1.29,1.55,1.08,,,1.0606,110.95,6.8988,115.11,14.05,,118.06,,,,,,,
2017-04-11,54.73,53.38,,,,,,0.674,,,2.32,1.24,1.5,1.08,,,1.0614,109.74,6.8893,115.009,15.07,,41.86,,,,,,,
2017-04-12,54.75,53.12,,,,,,0.686,,,2.28,1.24,1.47,1.04,,,1.0611,109.54,6.889,114.9162,15.77,,79.49,,,,,,,
2017-04-13,55.05,53.19,,,,,,0.686,,,2.24,1.21,1.43,1.03,,,1.063,109.23,6.8865,114.5059,15.96,,59.73,,,,,,,
2017-04-14,,,,,,,,,,,,,,,,,1.0625,108.63,6.8835,114.5368,,-0.2564,116.71,,,,,,,
2017-04-15,,,,,,,,,,,,,,,,,,,,,,,74.38,,,,,,,
2017-04-16,,,,,,,,,,,,,,,,,,,,,,,119.43,,,,,,,
2017-04-17,54.79,52.62,,,,,,0.685,,,2.26,1.21,1.43,1.05,,,1.066,108.46,6.88,114.3283,14.66,,119.99,,,,,,,
2017-04-18,52.6,52.46,,,,,,0.688,,,2.18,1.18,1.36,1.0,,,1.0706,108.4,6.8778,114.2575,14.42,,71.39,,,,,,,
2017-04-19,52.43,50.49,,,,,,0.659,,,2.21,1.19,1.4,1.02,,,1.0707,109.06,6.886,114.7923,14.93,,93.31,,,,,,,
2017-04-20,50.66,50.26,,,,,,0.658,,,2.24,1.21,1.45,1.03,,,1.0758,109.34,6.88,114.6205,14.15,,55.86,,,,,,,
2017-04-21,49.93,49.64,,,,,,0.63,,,2.24,1.2,1.45,1.04,,,1.0694,109.08,6.8845,114.8128,14.63,-0.2546,124.51,,,,,,,
2017-04-22,,,,,,,,,,,,,,,,,,,,,,,106.1,,,,,,,
2017-04-23,,,,,,,,,,,,,,,,,,,,,,,171.29,,,,,,,
2017-04-24,49.45,48.9,,,,,,0.634,,,2.28,1.25,1.47,1.03,,,1.0846,109.74,6.884,114.3659,10.84,,144.04,,,,,,,
2017-04-25,49.37,49.22,,,,,,0.638,,,2.35,1.29,1.53,1.06,,,1.0941,110.88,6.8824,114.5111,10.76,,58.82,,,,,,,
2017-04-26,49.99,49.22,,,,,,0.635,,,2.32,1.28,1.49,1.04,,,1.0872,111.52,6.8918,114.9479,10.85,,70.4,,,,,,,
2017-04-27,49.46,48.96,,,,,,0.621,,,2.3,1.25,1.49,1.05,,,1.0864,111.13,6.8958,114.9946,10.36,,63.06,,,,,,,
2017-04-28,49.46,49.31,,,,,,0.62,,,2.29,1.28,1.49,1.01,,,1.0895,111.44,6.89,114.7877,10.82,-0.5836,62.79,,,,,,,
2017-04-29,,,,,,,,,,,,,,,,,,,,,,,74.46,,,,,,,
2017-04-30,,,,,,,,,,,,,,,,,,,,,,,224.35,,,,,,,
2017-05-01,50.41,48.83,5.7190625,5599.559523809524,1913.02380952381,9155.119047619048,21.64130434782609,0.605,163.5,128.9,2.33,1.28,1.5,1.05,,,1.0912,111.78,6.89,114.5921,10.11,,97.49,144.09811272073168,100.1408,100.2505,146380.0,251.835,99.803,
2017-05-02,49.31,47.65,,,,,,0.6,,,2.29,1.27,1.47,1.02,,,1.091,112.06,6.8949,114.6792,10.59,,89.58,,,,,,,
2017-05-03,48.82,47.79,,,,,,0.618,,,2.33,1.3,1.48,1.03,,,1.092,112.34,6.8968,114.6637,10.68,,86.79,,,,,,,
2017-05-04,47.53,45.55,,,,,,0.583,,,2.36,1.32,1.5,1.04,,,1.0967,112.7,6.8959,114.9076,10.46,,184.47,,,,,,,
2017-05-05,47.45,46.23,,,,,,0.63,,,2.36,1.32,1.46,1.04,,,1.0996,112.63,6.9021,114.7725,10.57,-0.5048,72.21,,,,,,,
2017-05-06,,,,,,,,,,,,,,,,,,,,,,,107.43,,,,,,,
2017-05-07,,,,,,,,,,,,,,,,,,,,,,,170.8,,,,,,,
2017-05-08,46.61,46.46,,,,,,0.631,,,2.39,1.33,1.48,1.06,,,1.0928,112.84,6.904,115.0895,9.77,,113.15,,,,,,,
2017-05-09,47.06,45.84,,,,,,0.631,,,2.42,1.37,1.51,1.05,,,1.0875,114.19,6.906,115.3933,9.96,,84.95,,,,,,,
2017-05-10,48.09,47.28,,,,,,0.64,,,2.41,1.35,1.51,1.06,,,1.0873,114.02,6.9011,115.1145,10.21,,67.32,,,,,,,
2017-05-11,49.18,47.81,,,,,,0.629,,,2.39,1.35,1.5,1.04,,,1.0869,113.77,6.9033,115.0669,10.6,,49.78,,,,,,,
2017-05-12,49.08,47.83,,,,,,0.629,,,2.33,1.29,1.45,1.04,,,1.0926,113.3,6.8972,114.7479,10.4,-0.6117,129.4,,,,,,,
2017-05-13,,,,,,,,,,,,,,,,,,,,,,,88.54,,,,,,,
2017-05-14,,,,,,,,,,,,,,,,,,,,,,,59.2,,,,,,,
2017-05-15,51.29,48.86,,,,,,0.641,,,2.34,1.31,1.44,1.03,,,1.0979,113.54,6.89,114.3504,10.42,,169.44,,,,,,,
2017-05-16,51.21,48.64,,,,,,0.639,,,2.33,1.29,1.43,1.04,,,1.1072,113.24,6.884,113.9923,10.65,,118.0,,,,,,,
2017-05-17,51.76,49.04,,,,,,0.649,,,2.22,1.26,1.32,0.96,,,1.1134,111.46,6.8773,113.7506,15.59,,62.79,,,,,,,
2017-05-18,51.71,49.36,,,,,,0.66,,,2.23,1.27,1.3,0.96,,,1.113,110.82,6.888,114.2683,14.66,,89.48,,,,,,,
2017-05-19,52.78,50.32,,,,,,0.669,,,2.23,1.28,1.31,0.95,,,1.119,111.47,6.883,113.7001,12.04,-0.4755,87.23,,,,,,,
2017-05-20,,,,,,,,,,,,,,,,,,,,,,,54.92,,,,,,,
2017-05-21,,,,,,,,,,,,,,,,,,,,,,,119.98,,,,,,,
2017-05-22,53.35,50.81,,,,,,0.669,,,2.25,1.29,1.32,0.96,,,1.1236,111.15,6.8828,113.5442,10.93,,83.62,,,,,,,
2017-05-23,53.19,51.12,,,,,,0.66,,,2.29,1.31,1.37,0.98,,,1.1198,111.64,6.888,113.6862,10.72,,64.98,,,,,,,
2017-05-24,53.29,50.99,,,,,,0.665,,,2.26,1.29,1.33,0.97,,,1.1175,112.02,6.8883,113.675,10.02,,76.1,,,,,,,
2017-05-25,52.25,48.57,,,,,,0.655,,,2.25,1.3,1.31,0.95,,,1.1218,111.7,6.8672,113.3719,9.99,,51.65,,,,,,,
2017-05-26,50.84,49.58,,,,,,0.663,,,2.25,1.3,1.31,0.95,,,1.117,111.3,6.8525,113.4839,9.81,-0.6583,62.91,,,,,,,
2017-05-27,,,,,,,,,,,,,,,,,,,,,,,54.56,,,,,,,
2017-05-28,,,,,,,,,,,,,,,,,,,,,,,96.91,,,,,,,
2017-05-29,52.25,,,,,,,,,,,,,,,,,,,,,,50.67,,,,,,,
2017-05-30,50.65,49.63,,,,,,0.653,,,2.21,1.28,1.28,0.93,,,1.1183,110.68,6.8525,113.5552,10.38,,45.36,,,,,,,
2017-05-31,49.4,48.29,,,,,,0.634,,,2.21,1.28,1.23,0.93,,,1.1236,110.71,6.8098,113.2956,10.41,,168.16,,,,,,,
2017-06-01,50.41,48.32,5.52363636363636,5719.761363636364,1885.286363636364,8931.761363636364,19.75,0.62,162.5,123.8,2.21,1.28,1.23,0.93,,,1.1214,111.24,6.8029,113.3017,9.89,,100.04,171.71627059966727,100.3471,102.2448,146583.0,252.014,99.937,
2017-06-02,48.46,47.68,,,,,,0.61,,,2.15,1.28,1.17,0.87,,,1.127,110.49,6.8085,113.1908,9.75,-0.6263,61.36,,,,,,,
2017-06-03,,,,,,,,,,,,,,,,,,,,,,,91.58,,,,,,,
2017-06-04,,,,,,,,,,,,,,,,,,,,,,,125.66,,,,,,,
2017-06-05,48.25,47.4,,,,,,0.608,,,2.18,1.32,1.22,0.86,,,1.125,110.49,6.803,112.9755,10.07,,274.58,,,,,,,
2017-06-06,48.11,48.13,,,,,,0.608,,,2.14,1.3,1.17,0.84,,,1.1266,109.34,6.7945,112.7095,10.45,,85.3,,,,,,,
2017-06-07,47.08,45.8,,,,,,0.586,,,2.18,1.32,1.18,0.86,,,1.1236,109.54,6.7935,112.8191,10.39,,46.07,,,,,,,
2017-06-08,46.3,45.68,,,,,,0.583,,,2.19,1.33,1.18,0.86,,,1.1217,110.1,6.799,112.8351,10.16,,33.16,,,,,,,
2017-06-09,46.64,45.82,,,,,,0.595,,,2.21,1.35,1.2,0.86,,,1.119,110.61,6.797,112.9562,10.7,-0.7153,65.8,,,,,,,
2017-06-10,,,,,,,,,,,,,,,,,,,,,,,67.27,,,,,,,
2017-06-11,,,,,,,,,,,,,,,,,,,,,,,149.93,,,,,,,
2017-06-12,47.18,46.1,,,,,,0.606,,,2.21,1.35,1.23,0.86,,,1.1204,109.72,6.7974,112.9837,11.46,,98.63,,,,,,,
2017-06-13,46.95,46.41,,,,,,0.61,,,2.21,1.38,1.21,0.83,,,1.1194,110.12,6.7981,112.6271,10.42,,144.57,,,,,,,
2017-06-14,45.47,44.79,,,,,,0.593,,,2.15,1.35,1.14,0.8,,,1.1277,109.16,6.7888,112.0734,10.64,,48.72,,,,,,,
2017-06-15,45.61,44.47,,,,,,0.59,,,2.16,1.35,1.14,0.81,,,1.1152,110.66,6.8061,112.8708,10.9,,67.05,,,,,,,
2017-06-16,45.7,44.73,,,,,,0.593,,,2.16,1.32,1.13,0.84,,,1.1194,110.84,6.8097,112.6155,10.38,-0.7116,80.07,,,,,,,
2017-06-17,,,,,,,,,,,,,,,,,,,,,,,91.38,,,,,,,
2017-06-18,,,,,,,,,,,,,,,,,,,,,,,147.78,,,,,,,
2017-06-19,45.93,44.24,,,,,,0.588,,,2.19,1.36,1.17,0.83,,,1.116,111.34,6.818,112.7576,10.37,,75.3,,,,,,,
2017-06-20,43.98,43.34,,,,,,0.578,,,2.16,1.36,1.15,0.8,,,1.1124,111.46,6.8285,113.2698,10.86,,93.24,,,,,,,
2017-06-21,44.62,42.48,,,,,,0.565,,,2.16,1.36,1.17,0.8,,,1.1143,111.58,6.8275,113.3327,10.75,,90.96,,,,,,,
2017-06-22,44.46,42.53,,,,,,0.565,,,2.15,1.34,1.19,0.81,,,1.1148,111.36,6.8275,113.1654,10.48,,93.79,,,,,,,
2017-06-23,44.14,42.86,,,,,,0.575,,,2.15,1.34,1.18,0.81,,,1.1196,111.26,6.8345,112.8665,10.02,-0.4817,135.04,,,,,,,
2017-06-24,,,,,,,,,,,,,,,,,,,,,,,80.87,,,,,,,
2017-06-25,,,,,,,,,,,,,,,,,,,,,,,92.98,,,,,,,
2017-06-26,44.09,43.24,,,,,,0.575,,,2.14,1.36,1.15,0.78,,,1.1196,111.48,6.8382,112.7633,9.9,,44.92,,,,,,,
2017-06-27,46.17,44.25,,,,,,0.573,,,2.21,1.38,1.21,0.83,,,1.13,112.42,6.81,112.55,11.06,,93.1,,,,,,,
2017-06-28,46.45,44.74,,,,,,0.58,,,2.22,1.34,1.2,0.88,,,1.1364,112.18,6.7984,112.0747,10.03,,95.31,,,,,,,
2017-06-29,47.02,44.88,,,,,,0.585,,,2.27,1.38,1.23,0.89,,,1.142,112.32,6.784,111.998,11.44,,65.45,,,,,,,
2017-06-30,47.08,46.02,,,,,,0.603,,,2.31,1.38,1.28,0.93,,,1.1411,112.4,6.7793,111.9896,11.18,-0.5615,111.89,,,,,,,
2017-07-01,,,5.63190476190476,5985.119047619048,1902.964285714286,9491.392857142857,20.36428571428571,,160.0,124.7,,,,,,,,,,,,,129.61,164.9591009516385,100.1068,98.2475,146772.0,251.936,100.01,2410874881003.1
2017-07-02,,,,,,,,,,,,,,,,,,,,,,,168.71,,,,,,,
2017-07-03,49.13,,,,,,,,,,2.35,1.41,1.29,0.94,,,1.1367,113.32,6.7984,112.4268,11.22,,101.66,,,,,,,
2017-07-04,49.15,,,,,,,,,,,,,,,,,,,,,,57.7,,,,,,,
2017-07-05,47.58,45.11,,,,,,0.603,,,2.33,1.41,1.28,0.92,,,1.1336,113.2,6.7995,112.6534,11.07,,57.04,,,,,,,
2017-07-06,48.53,45.52,,,,,,0.608,,,2.37,1.4,1.33,0.97,,,1.1409,113.28,6.799,112.4199,12.54,,76.45,,,,,,,
2017-07-07,46.47,44.25,,,,,,0.6,,,2.39,1.4,1.34,0.99,,,1.1396,114.1,6.8039,112.3137,11.19,-0.5938,160.41,,,,,,,
2017-07-08,,,,,,,,,,,,,,,,,,,,,,,107.61,,,,,,,
2017-07-09,,,,,,,,,,,,,,,,,,,,,,,120.39,,,,,,,
2017-07-10,46.57,44.4,,,,,,0.606,,,2.38,1.4,1.34,0.98,,,1.1396,114.08,6.8026,112.1587,11.11,,92.94,,,,,,,
2017-07-11,46.68,45.06,,,,,,0.52,,,2.37,1.37,1.32,1.0,,,1.143,114.2,6.801,112.1434,10.89,,85.23,,,,,,,
2017-07-12,46.73,45.48,,,,,,0.635,,,2.33,1.35,1.28,0.98,,,1.1411,113.19,6.7865,111.5904,10.3,,70.04,,,,,,,
2017-07-13,47.65,46.06,,,,,,0.639,,,2.35,1.37,1.3,0.98,,,1.1385,113.39,6.7825,111.5365,9.9,,73.54,,,,,,,
2017-07-14,47.89,46.53,,,,,,0.643,,,2.33,1.35,1.29,0.98,,,1.1452,112.66,6.7741,110.9075,9.51,-0.5696,90.61,,,,,,,
2017-07-15,,,,,,,,,,,,,,,,,,,,,,,49.96,,,,,,,
2017-07-16,,,,,,,,,,,,,,,,,,,,,,,147.91,,,,,,,
2017-07-17,47.66,46.02,,,,,,0.639,,,2.31,1.36,1.24,0.95,,,1.147,112.76,6.769,110.9304,9.82,,92.6,,,,,,,
2017-07-18,47.92,46.4,,,,,,0.654,,,2.27,1.36,1.2,0.91,,,1.1578,111.89,6.7451,110.4356,9.89,,88.82,,,,,,,
2017-07-19,48.34,47.1,,,,,,0.664,,,2.27,1.37,1.16,0.9,,,1.1518,111.77,6.7511,110.4339,9.79,,51.42,,,,,,,
2017-07-20,48.54,46.73,,,,,,0.675,,,2.27,1.37,1.12,0.9,,,1.1634,111.68,6.757,110.2512,9.58,,100.4,,,,,,,
2017-07-21,47.47,45.78,,,,,,0.659,,,2.24,1.36,1.08,0.88,,,1.1655,111.18,6.7663,110.191,9.36,-0.6906,73.36,,,,,,,
2017-07-22,,,,,,,,,,,,,,,,,,,,,,,64.94,,,,,,,
2017-07-23,,,,,,,,,,,,,,,,,,,,,,,134.15,,,,,,,
2017-07-24,47.81,46.21,,,,,,0.665,,,2.26,1.37,1.09,0.89,,,1.1642,111.1,6.7488,110.2004,9.43,,305.98,,,,,,,
2017-07-25,49.19,47.77,,,,,,0.684,,,2.33,1.4,1.15,0.93,,,1.1656,111.57,6.7495,110.2835,9.43,,162.68,,,,,,,
2017-07-26,50.08,48.58,,,,,,0.705,,,2.29,1.36,1.16,0.93,,,1.1632,112.1,6.753,110.3811,9.6,,80.27,,,,,,,
2017-07-27,50.67,49.05,,,,,,0.724,,,2.32,1.36,1.21,0.96,,,1.1656,111.62,6.741,110.216,10.11,,40.48,,,,,,,
2017-07-28,52.0,49.72,,,,,,0.726,,,2.3,1.34,1.22,0.96,,,1.1754,110.87,6.7362,109.92,10.29,-0.7237,45.32,,,,,,,
2017-07-29,,,,,,,,,,,,,,,,,,,,,,,74.67,,,,,,,
2017-07-30,,,,,,,,,,,,,,,,,,,,,,,126.82,,,,,,,
2017-07-31,51.99,50.21,,,,,,0.734,,,2.3,1.34,1.23,0.96,,,1.1826,110.38,6.724,109.8177,10.26,,80.96,,,,,,,
2017-08-01,50.77,49.19,6.13086956521739,6485.625,2030.011363636364,10889.97727272727,20.40652173913043,0.739,169.3,130.6,2.26,1.34,1.18,0.92,,,1.1799,110.33,6.717,109.8495,10.09,,70.77,140.6259306511348,99.6925,100.8011,146919.0,252.46,100.118,
2017-08-02,52.09,49.6,,,,,,0.754,,,2.27,1.36,1.19,0.91,,,1.1861,110.43,6.72,109.7503,10.28,,57.38,,,,,,,
2017-08-03,52.88,49.03,,,,,,0.726,,,2.24,1.34,1.16,0.9,,,1.188,110.12,6.715,109.8332,10.44,,61.0,,,,,,,
2017-08-04,52.48,49.57,,,,,,0.739,,,2.27,1.36,1.19,0.91,,,1.1754,110.76,6.7272,110.2808,10.03,-0.6252,63.9,,,,,,,
2017-08-05,,,,,,,,,,,,,,,,,,,,,,,91.21,,,,,,,
2017-08-06,,,,,,,,,,,,,,,,,,,,,,,94.98,,,,,,,
2017-08-07,51.42,49.37,,,,,,0.728,,,2.26,1.36,1.24,0.9,,,1.1788,110.76,6.7207,110.373,9.93,,96.65,,,,,,,
2017-08-08,52.18,49.07,,,,,,0.721,,,2.29,1.36,1.23,0.93,,,1.1724,110.74,6.7049,110.396,10.96,,56.87,,,,,,,
2017-08-09,52.16,49.59,,,,,,0.76,,,2.24,1.33,1.18,0.91,,,1.1748,110.04,6.672,110.3671,11.11,,62.08,,,,,,,
2017-08-10,52.59,48.54,,,,,,0.77,,,2.2,1.33,1.15,0.87,,,1.1751,109.37,6.646,110.1886,16.04,,66.59,,,,,,,
2017-08-11,51.47,48.81,,,,,,0.775,,,2.19,1.3,1.16,0.89,,,1.1811,109.06,6.6612,110.0422,15.51,-0.464,41.93,,,,,,,
2017-08-12,,,,,,,,,,,,,,,,,,,,,,,134.54,,,,,,,
2017-08-13,,,,,,,,,,,,,,,,,,,,,,,105.01,,,,,,,
2017-08-14,51.29,47.59,,,,,,0.755,,,2.22,1.33,1.2,0.89,,,1.1786,109.48,6.6695,110.095,12.33,,88.94,,,,,,,
2017-08-15,49.9,47.57,,,,,,0.741,,,2.27,1.35,1.23,0.92,,,1.1736,110.42,6.6845,110.4846,12.04,,86.83,,,,,,,
2017-08-16,50.39,46.8,,,,,,0.748,,,2.23,1.33,1.21,0.9,,,1.1703,110.8,6.69,110.4394,11.74,,47.71,,,,,,,
2017-08-17,50.37,47.07,,,,,,0.745,,,2.19,1.32,1.19,0.87,,,1.1736,109.88,6.673,110.1673,15.55,,56.82,,,,,,,
2017-08-18,50.96,48.59,,,,,,0.77,,,2.19,1.33,1.17,0.86,,,1.1748,109.32,6.67,110.041,14.26,-0.4419,60.34,,,,,,,
2017-08-19,,,,,,,,,,,,,,,,,,,,,,,121.57,,,,,,,
2017-08-20,,,,,,,,,,,,,,,,,,,,,,,89.23,,,,,,,
2017-08-21,51.94,47.39,,,,,,0.755,,,2.18,1.32,1.18,0.86,,,1.1814,108.89,6.663,109.7349,13.19,,60.63,,,,,,,
2017-08-22,52.29,47.65,,,,,,0.76,,,2.22,1.33,1.22,0.89,,,1.1762,109.4,6.66,109.8386,11.35,,74.28,,,,,,,
2017-08-23,52.31,48.45,,,,,,0.769,,,2.17,1.32,1.17,0.85,,,1.1802,109.14,6.6569,109.8095,12.25,,69.07,,,,,,,
2017-08-24,51.73,47.24,,,,,,0.76,,,2.19,1.33,1.17,0.86,,,1.1801,109.34,6.66,109.7524,12.23,,42.9,,,,,,,
2017-08-25,51.87,47.65,,,,,,0.778,,,2.17,1.35,1.14,0.82,,,1.1874,109.24,6.6465,109.3415,11.28,-0.4648,72.15,,,,,,,
2017-08-26,,,,,,,,,,,,,,,,,,,,,,,49.31,,,,,,,
2017-08-27,,,,,,,,,,,,,,,,,,,,,,,101.92,,,,,,,
2017-08-28,51.87,46.4,,,,,,0.778,,,2.16,1.33,1.18,0.83,,,1.1973,109.22,6.6084,109.1815,11.32,,80.49,,,,,,,
2017-08-29,51.64,46.46,,,,,,0.778,,,2.13,1.33,1.1,0.8,,,1.2025,109.02,6.5945,109.0946,11.7,,81.46,,,,,,,
2017-08-30,51.91,45.96,,,,,,0.795,,,2.15,1.33,1.12,0.82,,,1.1927,110.2,6.5918,109.4052,11.22,,42.02,,,,,,,
2017-08-31,52.69,47.26,,,,,,0.8,,,2.12,1.33,1.11,0.79,,,1.1894,110.06,6.5888,109.3686,10.59,,43.34,,,,,,,
2017-09-01,53.15,47.32,7.08428571428571,6577.166666666667,2096.488095238095,11215.78571428571,20.42857142857143,0.811,187.2,134.9,2.16,1.35,1.14,0.81,,,1.1878,110.09,6.5552,109.0504,10.13,-0.5128,57.53,157.6540748050436,99.7954,100.3878,147008.0,252.941,100.24,
2017-09-02,,,,,,,,,,,,,,,,,,,,,,,61.98,,,,,,,
2017-09-03,,,,,,,,,,,,,,,,,,,,,,,102.58,,,,,,,
2017-09-04,52.6,,,,,,,,,,,,,,,,,,,,,,78.97,,,,,,,
2017-09-05,53.63,48.63,,,,,,0.816,,,2.07,1.3,1.04,0.77,,,1.1911,108.94,6.5345,108.8664,12.23,,142.33,,,,,,,
2017-09-06,54.48,49.13,,,,,,0.83,,,2.1,1.3,1.03,0.8,,,1.1943,108.75,6.5221,108.4897,11.63,,198.18,,,,,,,
2017-09-07,54.16,49.1,,,,,,0.83,,,2.05,1.27,1.0,0.78,,,1.2028,108.26,6.483,107.9224,11.55,,88.44,,,,,,,
2017-09-08,54.55,47.44,,,,,,0.836,,,2.06,1.27,1.02,0.79,,,1.2041,107.72,6.4773,107.808,12.12,-0.4281,68.98,,,,,,,
2017-09-09,,,,,,,,,,,,,,,,,,,,,,,71.97,,,,,,,
2017-09-10,,,,,,,,,,,,,,,,,,,,,,,93.84,,,,,,,
2017-09-11,54.2,48.06,,,,,,0.845,,,2.14,1.32,1.09,0.82,,,1.1964,109.03,6.5254,108.153,10.73,,94.13,,,,,,,
2017-09-12,55.06,48.21,,,,,,0.859,,,2.17,1.33,1.14,0.84,,,1.1968,110.01,6.5334,108.3239,10.58,,59.02,,,,,,,
2017-09-13,55.52,49.3,,,,,,0.876,,,2.2,1.35,1.16,0.85,,,1.1898,110.58,6.54,108.6628,10.5,,71.31,,,,,,,
2017-09-14,56.76,49.86,,,,,,0.879,,,2.2,1.37,1.15,0.83,,,1.1886,110.66,6.552,108.618,10.44,,120.33,,,,,,,
2017-09-15,56.18,49.9,,,,,,0.876,,,2.2,1.39,1.15,0.81,,,1.1959,110.84,6.55,108.3147,10.17,-0.6743,72.36,,,,,,,
2017-09-16,,,,,,,,,,,,,,,,,,,,,,,46.38,,,,,,,
2017-09-17,,,,,,,,,,,,,,,,,,,,,,,121.57,,,,,,,
2017-09-18,55.5,49.88,,,,,,0.878,,,2.23,1.4,1.18,0.83,,,1.1938,111.48,6.5725,108.6401,10.15,,68.55,,,,,,,
2017-09-19,56.58,49.54,,,,,,0.879,,,2.24,1.4,1.2,0.84,,,1.198,111.49,6.58,108.6142,10.18,,58.25,,,,,,,
2017-09-20,57.2,50.29,,,,,,0.91,,,2.28,1.45,1.24,0.83,,,1.1998,111.5,6.57,108.4329,9.78,,52.37,,,,,,,
2017-09-21,57.73,50.58,,,,,,0.928,,,2.27,1.45,1.23,0.82,,,1.1946,112.3,6.5861,108.9267,9.67,,55.35,,,,,,,
2017-09-22,58.16,50.33,,,,,,0.93,,,2.26,1.46,1.23,0.8,,,1.1969,112.01,6.5899,108.7542,9.59,-0.7152,63.09,,,,,,,
2017-09-23,,,,,,,,,,,,,,,,,,,,,,,77.2,,,,,,,
2017-09-24,,,,,,,,,,,,,,,,,,,,,,,118.2,,,,,,,
2017-09-25,59.42,51.85,,,,,,0.97,,,2.22,1.44,1.17,0.78,,,1.1852,111.64,6.6189,109.3302,10.21,,105.42,,,,,,,
2017-09-26,59.77,51.59,,,,,,0.97,,,2.24,1.45,1.18,0.79,,,1.1772,112.16,6.6371,109.7769,10.17,,58.14,,,,,,,
2017-09-27,58.74,52.14,,,,,,0.963,,,2.31,1.47,1.24,0.84,,,1.1747,112.76,6.64,110.0722,9.87,,63.54,,,,,,,
2017-09-28,58.8,51.62,,,,,,0.941,,,2.31,1.45,1.25,0.86,,,1.1776,112.66,6.6591,110.2415,9.55,,103.05,,,,,,,
2017-09-29,57.02,51.67,,,,,,0.915,,,2.33,1.47,1.27,0.86,,,1.1813,112.64,6.6533,110.0867,9.51,-0.6654,107.61,,,,,,,
2017-09-30,,,,,,,,,,,,,,,,,,,,,,,44.96,,,,,,,
2017-10-01,,,8.79272727272727,6807.602272727273,2131.488636363636,11335.77272727273,20.23409090909091,,175.4,142.4,,,,,,,,,,,,,67.15,144.50923773473738,101.0247,101.938,147149.0,253.638,100.486,2430193419541.3
2017-10-02,55.67,50.59,,,,,,0.87,,,2.34,1.49,1.33,0.85,,,1.1745,112.6,6.6533,110.3686,9.45,,75.31,,,,,,,
2017-10-03,56.12,50.44,,,,,,0.87,,,2.33,1.47,1.26,0.86,,,1.1759,112.8,6.6533,110.3281,9.51,,52.47,,,,,,,
2017-10-04,56.0,50.0,,,,,,0.914,,,2.33,1.47,1.25,0.86,,,1.176,112.84,6.6533,110.2425,9.63,,48.06,,,,,,,
2017-10-05,57.09,50.79,,,,,,0.94,,,2.35,1.49,1.28,0.86,,,1.1706,112.74,6.6533,110.5823,9.19,,40.99,,,,,,,
2017-10-06,55.5,49.34,,,,,,0.93,,,2.37,1.54,1.3,0.83,,,1.1732,112.68,6.6533,110.7841,9.65,-0.7101,85.68,,,,,,,
2017-10-07,,,,,,,,,,,,,,,,,,,,,,,35.77,,,,,,,
2017-10-08,,,,,,,,,,,,,,,,,,,,,,,89.65,,,,,,,
2017-10-09,55.29,49.58,,,,,,0.944,,,,,,,,,,,,,10.33,,42.94,,,,,,,
2017-10-10,56.62,50.93,,,,,,0.955,,,2.35,1.51,1.27,0.84,,,1.1804,112.15,6.5712,110.3034,10.08,,74.46,,,,,,,
2017-10-11,56.13,51.3,,,,,,0.96,,,2.35,1.51,1.25,0.84,,,1.1847,112.35,6.587,110.3037,9.85,,60.44,,,,,,,
2017-10-12,56.13,50.61,,,,,,0.954,,,2.33,1.51,1.24,0.82,,,1.184,112.38,6.5855,110.3152,9.91,,37.61,,,,,,,
2017-10-13,56.86,51.43,,,,,,0.945,,,2.28,1.51,1.19,0.77,,,1.1837,111.94,6.5785,110.2669,9.61,-0.6733,63.88,,,,,,,
2017-10-14,,,,,,,,,,,,,,,,,,,,,,,61.43,,,,,,,
2017-10-15,,,,,,,,,,,,,,,,,,,,,,,65.84,,,,,,,
2017-10-16,57.49,51.86,,,,,,0.935,,,2.3,1.54,1.2,0.76,,,1.181,111.72,6.5885,110.5432,9.91,,98.42,,,,,,,
2017-10-17,57.63,51.87,,,,,,0.925,,,2.3,1.54,1.21,0.76,,,1.1754,112.32,6.622,110.9141,10.31,,49.38,,,,,,,
2017-10-18,58.05,52.05,,,,,,0.914,,,2.34,1.59,1.25,0.75,,,1.1775,112.94,6.625,110.7214,10.07,,100.11,,,,,,,
2017-10-19,57.82,51.29,,,,,,0.903,,,2.33,1.58,1.23,0.75,,,1.1842,112.54,6.6126,110.4577,10.05,,82.48,,,,,,,
2017-10-20,57.89,51.63,,,,,,0.895,,,2.39,1.6,1.28,0.79,,,1.177,113.5,6.6185,111.0375,9.97,-0.7413,62.32,,,,,,,
2017-10-21,,,,,,,,,,,,,,,,,,,,,,,59.05,,,,,,,
2017-10-22,,,,,,,,,,,,,,,,,,,,,,,108.51,,,,,,,
2017-10-23,57.69,51.91,,,,,,0.933,,,2.38,1.58,1.29,0.8,,,1.1762,113.66,6.638,111.2134,11.07,,136.2,,,,,,,
2017-10-24,57.84,52.32,,,,,,0.918,,,2.42,1.6,1.3,0.82,,,1.1766,113.92,6.6335,111.4027,11.16,,37.25,,,,,,,
2017-10-25,58.45,51.97,,,,,,0.918,,,2.44,1.61,1.32,0.83,,,1.1802,113.7,6.635,111.3904,11.23,,60.11,,,,,,,
2017-10-26,58.75,52.41,,,,,,0.98,,,2.46,1.63,1.35,0.83,,,1.17,113.72,6.6392,111.6418,11.3,,114.37,,,,,,,
2017-10-27,60.15,53.92,,,,,,0.998,,,2.42,1.59,1.32,0.83,,,1.158,113.82,6.6498,112.1495,9.8,-0.7452,87.39,,,,,,,
2017-10-28,,,,,,,,,,,,,,,,,,,,,,,58.75,,,,,,,
2017-10-29,,,,,,,,,,,,,,,,,,,,,,,105.5,,,,,,,
2017-10-30,60.65,54.11,,,,,,0.985,,,2.37,1.58,1.25,0.79,,,1.1626,113.26,6.6498,111.901,10.5,,64.62,,,,,,,
2017-10-31,61.35,54.36,,,,,,0.973,,,2.38,1.6,1.23,0.78,,,1.1648,113.63,6.6328,111.8052,10.18,,50.39,,,,,,,
2017-11-01,60.98,54.32,9.57142857142857,6826.545454545455,2097.440909090909,11972.0,22.34545454545455,0.965,185.8,159.0,2.37,1.61,1.19,0.76,,,1.1618,114.04,6.6018,111.7942,10.2,,66.7,159.90805790363834,101.2664,100.6758,147372.0,253.492,100.535,
2017-11-02,60.79,54.55,,,,,,0.95,,,2.35,1.61,1.18,0.74,,,1.1672,113.84,6.6068,111.5474,9.93,,85.31,,,,,,,
2017-11-03,61.42,55.63,,,,,,0.95,,,2.34,1.63,1.16,0.71,,,1.1616,114.25,6.636,111.9383,9.14,-0.7078,103.89,,,,,,,
2017-11-04,,,,,,,,,,,,,,,,,,,,,,,63.24,,,,,,,
2017-11-05,,,,,,,,,,,,,,,,,,,,,,,120.72,,,,,,,
2017-11-06,64.27,57.34,,,,,,0.95,,,2.32,1.61,1.13,0.71,,,1.16,113.9,6.6311,111.7197,9.4,,92.35,,,,,,,
2017-11-07,64.36,57.19,,,,,,0.95,,,2.32,1.63,1.1,0.69,,,1.1577,113.9,6.638,111.9446,9.89,,100.93,,,,,,,
2017-11-08,63.96,56.82,,,,,,0.95,,,2.32,1.65,1.09,0.67,,,1.1591,113.62,6.6249,111.6935,9.78,,67.48,,,,,,,
2017-11-09,64.49,57.16,,,,,,0.95,,,2.33,1.63,1.09,0.7,,,1.1648,113.4,6.6378,111.5626,10.5,,65.11,,,,,,,
2017-11-10,64.35,56.75,,,,,,0.979,,,2.4,1.67,1.17,0.73,,,,,,,11.29,-0.6792,56.77,,,,,,,
2017-11-11,,,,,,,,,,,,,,,,,,,,,,,61.32,,,,,,,
2017-11-12,,,,,,,,,,,,,,,,,,,,,,,170.54,,,,,,,
2017-11-13,62.94,56.77,,,,,,0.984,,,2.4,1.7,1.16,0.7,,,1.1656,113.62,6.6385,111.7833,11.5,,134.97,,,,,,,
2017-11-14,60.91,55.67,,,,,,0.973,,,2.38,1.68,1.12,0.7,,,1.1764,113.5,6.635,111.5097,11.59,,107.88,,,,,,,
2017-11-15,61.25,55.28,,,,,,0.989,,,2.33,1.68,1.08,0.65,,,1.1794,113.15,6.62,111.4809,13.13,,58.1,,,,,,,
2017-11-16,61.18,55.14,,,,,,0.995,,,2.37,1.72,1.1,0.65,,,1.1772,112.89,6.6273,111.2568,11.76,,83.79,,,,,,,
2017-11-17,61.34,56.21,,,,,,0.998,,,2.35,1.73,1.06,0.62,,,1.1799,111.98,6.6245,111.0016,11.43,-0.6753,98.62,,,,,,,
2017-11-18,,,,,,,,,,,,,,,,,,,,,,,52.98,,,,,,,
2017-11-19,,,,,,,,,,,,,,,,,,,,,,,119.38,,,,,,,
2017-11-20,61.34,56.21,,,,,,0.998,,,2.37,1.77,1.07,0.6,,,1.1741,112.49,6.6245,111.2599,10.65,,79.5,,,,,,,
2017-11-21,62.28,56.84,,,,,,1.0,,,2.36,1.77,1.06,0.59,,,1.1741,112.46,6.6265,110.9828,9.73,,199.49,,,,,,,
2017-11-22,62.92,57.88,,,,,,1.0,,,2.32,1.74,1.03,0.58,,,1.1789,111.62,6.6086,110.5632,9.88,,52.93,,,,,,,
2017-11-23,63.27,,,,,,,,,,,,,,,,,,,,,,61.97,,,,,,,
2017-11-24,63.58,58.94,,,,,,1.0,,,2.34,1.75,1.05,0.59,,,1.1936,111.54,6.5998,110.0253,9.67,-0.8304,34.88,,,,,,,
2017-11-25,,,,,,,,,,,,,,,,,,,,,,,48.73,,,,,,,
2017-11-26,,,,,,,,,,,,,,,,,,,,,,,105.07,,,,,,,
2017-11-27,63.25,58.1,,,,,,1.018,,,2.32,1.74,1.05,0.58,,,1.1911,111.0,6.5967,110.1136,9.87,,31.11,,,,,,,
2017-11-28,63.56,57.96,,,,,,1.005,,,2.34,1.75,1.04,0.59,,,1.1878,111.13,6.6044,110.3018,10.03,,206.63,,,,,,,
2017-11-29,63.74,57.25,,,,,,0.988,,,2.37,1.78,1.08,0.59,,,1.1858,111.75,6.6091,110.3265,10.7,,103.98,,,,,,,
2017-11-30,63.53,57.4,,,,,,0.98,,,2.42,1.78,1.15,0.64,,,1.1898,112.3,6.609,110.4648,11.28,,101.48,,,,,,,
2017-12-01,64.57,58.35,10.7090476190476,6833.894736842105,2080.473684210526,11495.10526315789,24.69047619047619,0.99,179.4,162.8,2.37,1.78,1.1,0.59,,,1.191,111.88,6.6137,110.1413,11.43,-0.7854,86.95,148.16699621114816,101.4644,99.4968,147523.0,253.558,100.683,
2017-12-02,,,,,,,,,,,,,,,,,,,,,,,93.82,,,,,,,
2017-12-03,,,,,,,,,,,,,,,,,,,,,,,87.52,,,,,,,
2017-12-04,63.45,57.48,,,,,,0.975,,,2.37,1.8,1.08,0.57,,,1.1848,112.8,6.6185,110.397,11.68,,101.07,,,,,,,
2017-12-05,63.45,57.66,,,,,,0.988,,,2.36,1.83,1.06,0.53,,,1.182,112.76,6.617,110.4905,11.33,,95.44,,,,,,,
2017-12-06,62.25,55.79,,,,,,0.977,,,2.33,1.78,1.03,0.55,,,1.1788,112.32,6.6136,110.8711,11.02,,57.79,,,,,,,
2017-12-07,62.37,56.5,,,,,,0.973,,,2.37,1.8,1.08,0.57,,,1.179,112.7,6.6173,111.0178,10.16,,40.69,,,,,,,
2017-12-08,63.86,57.15,,,,,,0.974,,,2.38,1.8,1.1,0.58,,,1.1761,113.55,6.6199,111.2273,9.58,-0.7149,63.52,,,,,,,
2017-12-09,,,,,,,,,,,,,,,,,,,,,,,129.89,,,,,,,
2017-12-10,,,,,,,,,,,,,,,,,,,,,,,87.45,,,,,,,
2017-12-11,65.62,57.84,,,,,,0.955,,,2.39,1.82,1.06,0.57,,,1.1802,113.34,6.6175,111.0827,9.34,,81.46,,,,,,,
2017-12-12,64.96,57.12,,,,,,0.93,,,2.4,1.83,1.06,0.57,,,1.1725,113.62,6.621,111.5214,9.92,,66.43,,,,,,,
2017-12-13,63.66,56.59,,,,,,0.916,,,2.36,1.79,1.06,0.57,,,1.1762,113.19,6.6171,111.2759,10.18,,52.01,,,,,,,
2017-12-14,63.72,57.0,,,,,,0.891,,,2.35,1.82,1.03,0.53,,,1.1778,112.56,6.6091,111.0893,10.49,,32.59,,,,,,,
2017-12-15,63.81,57.29,,,,,,0.908,,,2.35,1.84,1.04,0.51,,,1.1778,112.68,6.6088,111.1286,9.42,-0.6518,104.84,,,,,,,
2017-12-16,,,,,,,,,,,,,,,,,,,,,,,95.65,,,,,,,
2017-12-17,,,,,,,,,,,,,,,,,,,,,,,141.38,,,,,,,
2017-12-18,64.45,57.17,,,,,,0.92,,,2.39,1.84,1.01,0.55,,,1.1804,112.4,6.6088,110.9086,9.53,,94.77,,,,,,,
2017-12-19,63.69,57.49,,,,,,0.93,,,2.46,1.87,1.09,0.59,,,1.1822,112.98,6.6088,111.1255,10.03,,82.4,,,,,,,
2017-12-20,64.43,58.09,,,,,,0.96,,,2.49,1.87,1.11,0.62,,,1.1881,113.29,6.5771,110.8361,9.72,,57.2,,,,,,,
2017-12-21,64.64,58.34,,,,,,0.963,,,2.48,1.89,1.13,0.59,,,1.1872,113.42,6.5833,110.8786,9.62,,92.94,,,,,,,
2017-12-22,64.61,58.25,,,,,,0.965,,,2.48,1.91,1.15,0.57,,,1.1839,113.3,6.575,111.0997,9.9,-0.6131,72.69,,,,,,,
2017-12-23,,,,,,,,,,,,,,,,,,,,,,,133.94,,,,,,,
2017-12-24,,,,,,,,,,,,,,,,,,,,,,,158.85,,,,,,,
2017-12-25,,,,,,,,,,,,,,,,,,,,,,,101.81,,,,,,,
2017-12-26,,59.55,,,,,,0.99,,,2.47,1.92,1.0,0.55,,,1.1867,113.2,6.5429,110.9758,10.25,,106.31,,,,,,,
2017-12-27,66.03,59.67,,,,,,0.983,,,2.42,1.89,0.98,0.53,,,1.1902,113.28,6.556,110.8553,10.47,,58.44,,,,,,,
2017-12-28,66.8,59.84,,,,,,0.973,,,2.43,1.91,1.04,0.52,,,1.1952,112.85,6.5322,110.5154,10.18,,63.24,,,,,,,
2017-12-29,66.73,60.46,,,,,,0.983,,,2.4,1.89,1.01,0.51,,,1.2022,112.69,6.5063,110.0783,11.04,-0.5115,146.43,,,,,,,
2017-12-30,,,,,,,,,,,,,,,,,,,,,,,45.33,,,,,,,
2017-12-31,,,,,,,,,,,,,,,,,,,,,,,174.9,,,,,,,
2018-01-01,,,11.6695652173913,7065.852272727273,2209.727272727273,12864.875,23.3695652173913,,184.6,179.1,,,,,,,,,,,,,178.3,177.71403301677506,101.4625,98.2488,147660.0,254.638,101.007,2429889564813.1
2018-01-02,66.65,60.37,,,,,,0.988,,,2.46,1.92,1.02,0.54,,,1.205,112.18,6.491,109.6445,9.77,,111.2,,,,,,,
2018-01-03,67.85,61.61,,,,,,0.979,,,2.44,1.94,1.03,0.5,,,1.203,112.28,6.501,109.6751,9.15,,52.45,,,,,,,
2018-01-04,68.73,61.98,,,,,,0.934,,,2.46,1.96,1.05,0.5,,,1.2064,112.78,6.4915,109.4777,9.22,,243.48,,,,,,,
2018-01-05,68.01,61.49,,,,,,0.931,,,2.47,1.96,1.08,0.51,,,1.2039,113.18,6.4875,109.3496,9.22,-0.6306,108.68,,,,,,,
2018-01-06,,,,,,,,,,,,,,,,,,,,,,,83.81,,,,,,,
2018-01-07,,,,,,,,,,,,,,,,,,,,,,,164.82,,,,,,,
2018-01-08,68.48,61.73,,,,,,0.943,,,2.49,1.96,1.04,0.53,,,1.1973,113.08,6.497,109.5681,9.52,,77.28,,,,,,,
2018-01-09,69.08,62.92,,,,,,0.945,,,2.55,1.98,1.11,0.57,,,1.1922,112.57,6.5263,109.9025,10.08,,157.58,,,,,,,
2018-01-10,69.79,63.6,,,,,,0.888,,,2.55,1.98,1.13,0.57,,,1.1958,111.48,6.5055,109.628,9.82,,89.18,,,,,,,
2018-01-11,70.36,63.81,,,,,,0.9,,,2.54,1.98,1.11,0.56,,,1.2035,111.35,6.4956,109.4888,9.88,,111.72,,,,,,,
2018-01-12,69.64,64.22,,,,,,0.923,,,2.55,1.99,1.12,0.56,,,1.213,111.23,6.4607,108.901,10.16,-0.7108,107.69,,,,,,,
2018-01-13,,,,,,,,,,,,,,,,,,,,,,,171.33,,,,,,,
2018-01-14,,,,,,,,,,,,,,,,,,,,,,,176.99,,,,,,,
2018-01-15,70.31,,,,,,,,,,,,,,,,,,,,,,272.42,,,,,,,
2018-01-16,69.4,63.82,,,,,,0.923,,,2.54,2.03,1.09,0.51,,,1.2244,110.74,6.4395,108.3218,11.66,,61.57,,,,,,,
2018-01-17,69.19,63.92,,,,,,0.936,,,2.57,2.05,1.13,0.52,,,1.2229,110.81,6.433,108.1526,11.91,,61.83,,,,,,,
2018-01-18,69.48,63.96,,,,,,0.938,,,2.62,2.05,1.17,0.57,,,1.2238,110.88,6.4175,108.0655,12.22,,115.86,,,,,,,
2018-01-19,68.56,63.38,,,,,,0.918,,,2.64,2.06,1.2,0.58,,,1.2238,110.56,6.399,107.9455,11.27,-0.6518,88.34,,,,,,,
2018-01-20,,,,,,,,,,,,,,,,,,,,,,,85.4,,,,,,,
2018-01-21,,,,,,,,,,,,,,,,,,,,,,,132.01,,,,,,,
2018-01-22,69.32,63.66,,,,,,0.866,,,2.66,2.08,1.22,0.58,,,1.223,111.15,6.4035,108.107,11.03,,110.72,,,,,,,
2018-01-23,69.81,64.45,,,,,,0.845,,,2.63,2.06,1.19,0.57,,,1.2277,110.46,6.4,107.9979,11.1,,74.52,,,,,,,
2018-01-24,69.91,65.69,,,,,,0.86,,,2.65,2.08,1.22,0.57,,,1.239,109.15,6.365,107.0802,11.47,,93.27,,,,,,,
2018-01-25,71.08,65.62,,,,,,0.818,,,2.63,2.08,1.21,0.55,,,1.2488,108.7,6.3189,106.5052,11.58,,77.97,,,,,,,
2018-01-26,70.08,66.27,,,,,,0.823,,,2.66,2.13,1.25,0.53,,,1.2422,108.38,6.3199,106.6911,11.08,-0.6629,110.0,,,,,,,
2018-01-27,,,,,,,,,,,,,,,,,,,,,,,109.21,,,,,,,
2018-01-28,,,,,,,,,,,,,,,,,,,,,,,105.65,,,,,,,
2018-01-29,68.41,65.71,,,,,,0.833,,,2.7,2.11,1.26,0.59,,,1.2352,109.12,6.3328,107.1142,13.84,,85.23,,,,,,,
2018-01-30,67.78,64.64,,,,,,0.853,,,2.73,2.13,1.29,0.6,,,1.239,108.9,6.3199,107.1064,14.79,,68.45,,,,,,,
2018-01-31,67.78,64.82,,,,,,0.869,,,2.72,2.14,1.26,0.58,,,1.2428,109.31,6.2841,106.7696,13.54,,71.84,,,,,,,
2018-02-01,68.6,65.92,10.471,7006.525,2181.7875,13595.875,21.7625,0.856,190.1,172.0,2.78,2.16,1.3,0.62,,,1.2482,109.5,6.2969,106.4877,13.47,,49.78,125.99200449060847,101.7085,100.8096,148054.0,255.783,101.198,
2018-02-02,67.45,65.5,,,,,,0.84,,,2.84,2.15,1.36,0.69,,,1.2446,110.4,6.2984,107.1151,17.31,-0.5074,61.2,,,,,,,
2018-02-03,,,,,,,,,,,,,,,,,,,,,,,44.0,,,,,,,
2018-02-04,,,,,,,,,,,,,,,,,,,,,,,145.1,,,,,,,
2018-02-05,67.69,64.18,,,,,,0.793,,,2.77,2.08,1.26,0.69,,,1.2418,110.09,6.285,107.33,37.32,,145.79,,,,,,,
2018-02-06,66.75,63.48,,,,,,0.765,,,2.79,2.1,1.27,0.69,,,1.2381,109.18,6.283,107.5204,29.98,,92.59,,,,,,,
2018-02-07,65.74,61.91,,,,,,0.755,,,2.84,2.15,1.29,0.69,,,1.2281,109.53,6.2649,107.7175,27.73,,58.29,,,,,,,
2018-02-08,64.26,61.3,,,,,,0.75,,,2.85,2.13,1.3,0.72,,,1.2238,109.0,6.3222,108.3025,33.46,,89.29,,,,,,,
2018-02-09,63.04,59.2,,,,,,0.815,,,2.83,2.05,1.28,0.78,,,1.2226,108.44,6.2966,108.2582,29.06,0.096,82.68,,,,,,,
2018-02-10,,,,,,,,,,,,,,,,,,,,,,,138.06,,,,,,,
2018-02-11,,,,,,,,,,,,,,,,,,,,,,,145.19,,,,,,,
2018-02-12,62.2,59.41,,,,,,0.89,,,2.86,2.09,1.24,0.77,,,1.2267,108.72,6.325,108.0332,25.61,,80.89,,,,,,,
2018-02-13,61.94,59.33,,,,,,0.825,,,2.83,2.1,1.24,0.73,,,1.2363,107.59,6.338,107.7574,24.97,,104.55,,,,,,,
2018-02-14,62.29,60.7,,,,,,0.843,,,2.91,2.17,1.33,0.74,,,1.2396,107.0,6.3438,107.4691,19.26,,107.01,,,,,,,
2018-02-15,62.86,61.48,,,,,,0.81,,,2.9,2.19,1.32,0.71,,,1.2482,106.36,6.3438,106.9867,19.13,,88.63,,,,,,,
2018-02-16,64.3,61.89,,,,,,0.838,,,2.87,2.21,1.25,0.66,,,1.2442,106.1,6.3438,107.0359,19.46,-0.2652,80.52,,,,,,,
2018-02-17,,,,,,,,,,,,,,,,,,,,,,,63.93,,,,,,,
2018-02-18,,,,,,,,,,,,,,,,,,,,,,,103.24,,,,,,,
2018-02-19,64.95,,,,,,,,,,,,,,,,,,,,,,53.44,,,,,,,
2018-02-20,64.68,61.91,,,,,,0.838,,,2.88,2.25,1.22,0.63,,,1.2348,107.23,6.3351,107.6249,20.6,,80.15,,,,,,,
2018-02-21,64.81,61.73,,,,,,0.835,,,2.94,2.26,1.3,0.68,,,1.2314,107.64,6.3351,107.8679,20.02,,95.81,,,,,,,
2018-02-22,66.12,62.72,,,,,,0.835,,,2.92,2.25,1.29,0.67,,,1.2326,106.96,6.3471,107.8668,18.72,,50.25,,,,,,,
2018-02-23,67.04,63.52,,,,,,0.835,,,2.88,2.25,1.24,0.63,,,1.2298,106.64,6.3329,107.6804,16.49,-0.3445,55.72,,,,,,,
2018-02-24,,,,,,,,,,,,,,,,,,,,,,,42.18,,,,,,,
2018-02-25,,,,,,,,,,,,,,,,,,,,,,,126.87,,,,,,,
2018-02-26,67.96,63.81,,,,,,0.928,,,2.86,2.22,1.2,0.64,,,1.2296,106.96,6.3115,107.7347,15.8,,68.6,,,,,,,
2018-02-27,67.59,62.94,,,,,,0.84,,,2.9,2.27,1.24,0.63,,,1.2239,107.47,6.3169,108.1731,18.59,,52.64,,,,,,,
2018-02-28,66.08,61.43,,,,,,0.81,,,2.87,2.25,1.22,0.62,,,1.2211,106.62,6.328,108.3903,19.85,,46.68,,,,,,,
2018-03-01,64.23,60.98,8.46090909090909,6799.178571428571,2069.238095238095,13392.5,21.72727272727273,0.755,188.7,173.9,2.81,2.22,1.18,0.59,,,1.2216,106.91,6.3565,108.5358,22.47,,69.3,181.6901391229753,102.2067,101.9933,148280.0,256.61,101.419,
2018-03-02,64.26,61.19,,,,,,0.755,,,2.86,2.25,1.21,0.61,,,1.2314,105.65,6.3428,,19.59,-0.0757,39.63,,,,,,,
2018-03-03,,,,,,,,,,,,,,,,,,,,,,,34.62,,,,,,,
2018-03-04,,,,,,,,,,,,,,,,,,,,,,,98.68,,,,,,,
2018-03-05,65.78,62.49,,,,,,0.76,,,2.88,2.24,1.18,0.64,,,1.233,105.97,6.3491,108.3614,18.73,,148.37,,,,,,,
2018-03-06,65.67,62.54,,,,,,0.764,,,2.88,2.25,1.2,0.63,,,1.2415,106.03,6.3093,107.7969,18.36,,133.87,,,,,,,
2018-03-07,65.09,61.09,,,,,,0.735,,,2.89,2.25,1.21,0.64,,,1.2397,105.94,6.3225,108.0911,17.76,,87.33,,,,,,,
2018-03-08,63.87,60.13,,,,,,0.733,,,2.86,2.25,1.19,0.61,,,1.2314,106.08,6.3389,108.2671,16.54,,57.0,,,,,,,
2018-03-09,65.19,62.02,,,,,,0.763,,,2.9,2.27,1.23,0.63,,,1.2326,106.74,6.3285,107.923,14.64,-0.1001,132.57,,,,,,,
2018-03-10,,,,,,,,,,,,,,,,,,,,,,,67.61,,,,,,,
2018-03-11,,,,,,,,,,,,,,,,,,,,,,,170.78,,,,,,,
2018-03-12,64.53,61.35,,,,,,0.763,,,2.87,2.27,1.16,0.6,,,1.2318,106.52,6.327,107.9438,15.78,,107.4,,,,,,,
2018-03-13,64.2,60.69,,,,,,0.796,,,2.84,2.26,1.11,0.58,,,1.2398,106.64,6.318,107.7384,16.35,,54.85,,,,,,,
2018-03-14,63.61,60.89,,,,,,0.796,,,2.81,2.26,1.05,0.55,,,1.2362,106.17,6.314,107.8623,17.23,,79.61,,,,,,,
2018-03-15,63.67,61.16,,,,,,0.82,,,2.82,2.29,1.05,0.53,,,1.2321,106.07,6.3202,108.2032,16.59,,43.98,,,,,,,
2018-03-16,64.68,62.29,,,,,,0.805,,,2.85,2.31,1.07,0.54,,,1.228,106.1,6.33,108.4332,15.8,-0.029,110.96,,,,,,,
2018-03-17,,,,,,,,,,,,,,,,,,,,,,,132.51,,,,,,,
2018-03-18,,,,,,,,,,,,,,,,,,,,,,,83.03,,,,,,,
2018-03-19,64.82,62.01,,,,,,0.788,,,2.85,2.31,1.05,0.54,,,1.2329,105.83,6.3291,108.3145,19.02,,74.64,,,,,,,
2018-03-20,66.0,63.37,,,,,,0.803,,,2.89,2.34,1.08,0.55,,,1.2271,106.42,6.3328,108.4953,18.2,,79.32,,,,,,,
2018-03-21,68.15,65.1,,,,,,0.818,,,2.89,2.31,1.15,0.58,,,1.2268,106.3,6.32,,17.86,,55.83,,,,,,,
2018-03-22,68.98,64.25,,,,,,0.805,,,2.83,2.29,1.11,0.54,,,1.231,105.34,6.331,107.9935,23.34,,57.36,,,,,,,
2018-03-23,69.03,65.8,,,,,,0.828,,,2.82,2.28,1.08,0.54,,,1.236,104.83,6.311,107.7495,24.87,0.2511,66.64,,,,,,,
2018-03-24,,,,,,,,,,,,,,,,,,,,,,,53.2,,,,,,,
2018-03-25,,,,,,,,,,,,,,,,,,,,,,,61.37,,,,,,,
2018-03-26,68.81,65.49,,,,,,0.825,,,2.85,2.33,1.06,0.52,,,1.244,105.0,6.2685,107.1819,21.03,,89.77,,,,,,,
2018-03-27,68.63,65.21,,,,,,0.81,,,2.78,2.26,1.01,0.52,,,1.241,105.72,6.2781,107.3359,22.5,,22.48,,,,,,,
2018-03-28,68.13,64.3,,,,,,0.81,,,2.77,2.28,1.04,0.49,,,1.2351,106.3,6.2946,107.5733,22.87,,26.48,,,,,,,
2018-03-29,69.02,64.87,,,,,,0.801,,,2.74,2.27,1.01,0.47,,,1.2297,106.27,6.2876,107.665,19.97,,16.75,,,,,,,
2018-03-30,,,,,,,,,,,,,,,,,1.232,106.2,6.2726,107.4784,,0.3336,44.07,,,,,,,
2018-03-31,,,,,,,,,,,,,,,,,,,,,,,67.64,,,,,,,
2018-04-01,,,7.47523809523809,6851.5125,2254.6875,13938.1,20.8452380952381,,202.9,185.3,,,,,,,,,,,,,111.65,165.0225491320811,103.3329,102.1783,148420.0,257.025,101.602,2443069273874.0
2018-04-02,,63.05,,,,,,0.77,,,2.73,2.25,0.96,0.48,,,1.2288,105.99,6.2785,107.7033,23.62,,167.71,,,,,,,
2018-04-03,69.02,63.41,,,,,,0.768,,,2.79,2.28,1.04,0.51,,,1.2261,106.45,6.2881,107.5624,21.1,,88.73,,,,,,,
2018-04-04,66.04,63.35,,,,,,0.768,,,2.79,2.28,1.08,0.51,,,1.2292,106.56,6.3045,107.6361,20.06,,52.9,,,,,,,
2018-04-05,66.54,63.53,,,,,,0.735,,,2.83,2.3,1.11,0.53,,,1.223,107.48,6.3045,107.7281,18.94,,109.08,,,,,,,
2018-04-06,66.51,62.03,,,,,,0.735,,,2.77,2.27,1.04,0.5,,,1.2274,107.03,6.3045,107.7886,21.49,0.332,70.62,,,,,,,
2018-04-07,,,,,,,,,,,,,,,,,,,,,,,106.96,,,,,,,
2018-04-08,,,,,,,,,,,,,,,,,,,,,,,151.12,,,,,,,
2018-04-09,68.19,63.4,,,,,,0.761,,,2.78,2.29,1.02,0.49,,,1.232,107.06,6.3035,107.5316,21.77,,275.14,,,,,,,
2018-04-10,70.67,65.48,,,,,,0.788,,,2.8,2.32,1.06,0.48,,,1.2338,107.3,6.2798,107.3659,20.47,,56.17,,,,,,,
2018-04-11,72.74,66.81,,,,,,0.795,,,2.79,2.32,1.06,0.47,,,1.2384,106.78,6.2655,107.1224,20.24,,79.88,,,,,,,
2018-04-12,71.44,67.07,,,,,,0.795,,,2.83,2.34,1.08,0.49,,,1.232,107.3,6.2876,107.2905,18.49,,190.11,,,,,,,
2018-04-13,73.18,67.35,,,,,,0.838,,,2.82,2.37,1.06,0.45,,,1.2322,107.52,6.2725,107.2368,17.41,0.132,141.34,,,,,,,
2018-04-14,,,,,,,,,,,,,,,,,,,,,,,71.29,,,,,,,
2018-04-15,,,,,,,,,,,,,,,,,,,,,,,84.7,,,,,,,
2018-04-16,72.05,66.23,,,,,,0.815,,,2.83,2.39,1.04,0.44,,,1.2373,107.26,6.2752,107.0595,16.56,,65.26,,,,,,,
2018-04-17,71.71,66.5,,,,,,0.823,,,2.82,2.41,1.02,0.41,,,1.2345,107.09,6.2804,107.0344,15.25,,65.55,,,,,,,
2018-04-18,73.73,68.44,,,,,,0.833,,,2.87,2.42,1.06,0.45,,,1.238,107.26,6.2722,107.1096,15.6,,71.44,,,,,,,
2018-04-19,74.85,68.3,,,,,,0.83,,,2.92,2.44,1.1,0.48,,,1.2336,107.42,6.2765,107.5197,15.96,,46.61,,,,,,,
2018-04-20,74.62,68.26,,,,,,0.828,,,2.96,2.46,1.15,0.5,,,1.2282,107.6,6.2945,108.1787,16.88,-0.0698,47.54,,,,,,,
2018-04-21,,,,,,,,,,,,,,,,,,,,,,,19.59,,,,,,,
2018-04-22,,,,,,,,,,,,,,,,,,,,,,,70.06,,,,,,,
2018-04-23,74.54,67.61,,,,,,0.838,,,2.98,2.49,1.11,0.49,,,1.2216,108.62,6.3158,108.9332,16.34,,66.91,,,,,,,
2018-04-24,75.86,67.66,,,,,,0.849,,,3.0,2.48,1.13,0.52,,,1.2226,109.03,6.3035,108.7906,18.02,,35.09,,,,,,,
2018-04-25,73.79,68.0,,,,,,0.875,,,3.03,2.49,1.18,0.54,,,1.2178,109.33,6.3236,109.3447,17.84,,108.69,,,,,,,
2018-04-26,75.39,68.18,,,,,,0.91,,,3.0,2.49,1.18,0.51,,,1.2113,109.3,6.334,109.3646,16.24,,68.42,,,,,,,
2018-04-27,75.33,68.11,,,,,,0.935,,,2.96,2.49,1.14,0.47,,,1.2108,109.12,6.3325,109.1735,15.41,-0.0336,25.82,,,,,,,
2018-04-28,,,,,,,,,,,,,,,,,,,,,,,57.83,,,,,,,
2018-04-29,,,,,,,,,,,,,,,,,,,,,,,65.0,,,,,,,
2018-04-30,75.92,68.56,,,,,,0.963,,,2.95,2.49,1.08,0.46,,,1.2074,109.28,6.3325,109.3363,15.93,,86.67,,,,,,,
2018-05-01,74.85,67.28,8.61260869565217,6825.27380952381,2299.666666666667,14366.4880952381,21.97826086956522,0.908,220.6,198.1,2.97,2.5,1.12,0.47,,,1.2,109.69,6.3325,109.7445,15.49,,101.87,171.49932503519423,102.4024,101.087,148742.0,257.469,101.78,
2018-05-02,73.14,67.91,,,,,,0.898,,,2.97,2.49,1.13,0.48,,,1.1968,109.89,6.361,110.1625,15.97,,95.92,,,,,,,
2018-05-03,73.45,68.45,,,,,,0.885,,,2.94,2.49,1.1,0.45,,,1.197,109.06,6.352,110.1803,15.9,,57.16,,,,,,,
2018-05-04,74.75,69.71,,,,,,0.878,,,2.95,2.51,1.11,0.44,,,1.1946,109.16,6.3589,110.25,14.77,0.001,38.51,,,,,,,
2018-05-05,,,,,,,,,,,,,,,,,,,,,,,175.19,,,,,,,
2018-05-06,,,,,,,,,,,,,,,,,,,,,,,122.37,,,,,,,
2018-05-07,,70.74,,,,,,0.873,,,2.95,2.49,1.09,0.46,,,1.1927,109.14,6.364,110.5721,14.75,,96.74,,,,,,,
2018-05-08,74.16,68.83,,,,,,0.853,,,2.97,2.51,1.1,0.46,,,1.1863,109.16,6.369,111.063,14.71,,100.02,,,,,,,
2018-05-09,77.6,71.16,,,,,,0.875,,,3.0,2.54,1.12,0.46,,,1.1852,109.68,6.3585,110.8818,13.42,,62.2,,,,,,,
2018-05-10,77.59,71.36,,,,,,0.881,,,2.97,2.54,1.07,0.43,,,1.1896,109.53,6.344,110.405,13.23,,74.02,,,,,,,
2018-05-11,77.37,70.69,,,,,,0.89,,,2.97,2.54,1.05,0.43,,,1.1951,109.26,6.3333,110.2847,12.65,-0.2425,78.27,,,,,,,
2018-05-12,,,,,,,,,,,,,,,,,,,,,,,115.07,,,,,,,
2018-05-13,,,,,,,,,,,,,,,,,,,,,,,71.37,,,,,,,
2018-05-14,78.17,71.01,,,,,,0.905,,,3.0,2.55,1.07,0.45,,,1.1976,109.52,6.336,110.408,12.93,,127.21,,,,,,,
2018-05-15,78.94,71.34,,,,,,0.935,,,3.08,2.58,1.16,0.5,,,1.1864,110.25,6.376,111.2292,14.63,,42.73,,,,,,,
2018-05-16,78.19,71.43,,,,,,0.96,,,3.09,2.58,1.17,0.51,,,1.1788,110.22,6.3706,111.3068,13.42,,50.06,,,,,,,
2018-05-17,80.09,71.47,,,,,,0.978,,,3.11,2.57,1.19,0.54,,,1.1798,110.76,6.3645,111.3547,13.43,,74.49,,,,,,,
2018-05-18,78.38,71.23,,,,,,0.943,,,3.06,2.55,1.15,0.51,,,1.1775,110.71,6.3768,111.7171,13.42,-0.3024,129.32,,,,,,,
2018-05-19,,,,,,,,,,,,,,,,,,,,,,,118.29,,,,,,,
2018-05-20,,,,,,,,,,,,,,,,,,,,,,,57.04,,,,,,,
2018-05-21,78.34,72.26,,,,,,0.941,,,3.06,2.58,1.13,0.48,,,1.1768,111.08,6.3815,111.6394,13.08,,87.84,,,,,,,
2018-05-22,80.42,72.09,,,,,,0.94,,,3.06,2.59,1.13,0.47,,,1.1783,110.94,6.366,111.1945,13.22,,92.17,,,,,,,
2018-05-23,78.69,71.85,,,,,,0.943,,,3.01,2.53,1.09,0.48,,,1.1693,110.05,6.3875,111.6933,12.58,,171.23,,,,,,,
2018-05-24,78.9,70.77,,,,,,0.95,,,2.98,2.5,1.07,0.48,,,1.1729,109.3,6.3757,111.4885,12.53,,48.9,,,,,,,
2018-05-25,76.6,67.92,,,,,,0.928,,,2.93,2.48,1.03,0.45,,,1.1666,109.35,6.3903,111.5843,13.22,-0.2358,102.1,,,,,,,
2018-05-26,,,,,,,,,,,,,,,,,,,,,,,45.88,,,,,,,
2018-05-27,,,,,,,,,,,,,,,,,,,,,,,75.5,,,,,,,
2018-05-28,,,,,,,,,,,,,,,,,,,,,,,49.45,,,,,,,
2018-05-29,74.51,66.8,,,,,,0.918,,,2.77,2.32,0.84,0.45,,,1.1551,108.62,6.4162,112.2127,17.02,,50.44,,,,,,,
2018-05-30,75.89,68.24,,,,,,0.93,,,2.84,2.42,0.9,0.42,,,1.1664,109.04,6.4175,111.6731,14.94,,135.21,,,,,,,
2018-05-31,76.45,66.98,,,,,,0.949,,,2.83,2.4,0.9,0.43,,,1.167,108.73,6.4096,111.9894,15.43,,77.32,,,,,,,
2018-06-01,74.54,65.81,10.437619047619,6965.857142857143,2237.619047619048,15105.65476190476,23.07142857142857,0.92,222.3,188.5,2.89,2.47,0.97,0.42,,,1.1679,109.49,6.418,111.8265,13.46,0.0566,109.62,164.91752705189032,103.198,103.5709,148960.0,257.697,101.872,
2018-06-02,,,,,,,,,,,,,,,,,,,,,,,110.85,,,,,,,
2018-06-03,,,,,,,,,,,,,,,,,,,,,,,56.64,,,,,,,
2018-06-04,73.41,64.76,,,,,,0.896,,,2.94,2.52,1.0,0.42,,,1.1696,109.66,6.405,111.8247,12.74,,80.79,,,,,,,
2018-06-05,72.91,65.51,,,,,,0.883,,,2.92,2.49,0.98,0.43,,,1.1672,109.63,6.4042,112.264,12.4,,36.31,,,,,,,
2018-06-06,73.23,64.75,,,,,,0.864,,,2.97,2.52,1.02,0.45,,,1.1778,110.0,6.385,111.7525,11.64,,37.98,,,,,,,
2018-06-07,75.23,65.96,,,,,,0.888,,,2.93,2.5,0.99,0.43,,,1.1815,109.92,6.389,112.0725,12.13,,55.99,,,,,,,
2018-06-08,75.11,65.77,,,,,,0.888,,,2.93,2.5,1.0,0.43,,,1.1773,109.45,6.4031,112.1066,12.18,-0.3954,112.51,,,,,,,
2018-06-09,,,,,,,,,,,,,,,,,,,,,,,152.77,,,,,,,
2018-06-10,,,,,,,,,,,,,,,,,,,,,,,170.95,,,,,,,
2018-06-11,74.58,66.1,,,,,,0.896,,,2.96,2.52,1.02,0.44,,,1.1802,109.94,6.4,112.1106,12.35,,138.36,,,,,,,
2018-06-12,74.86,66.38,,,,,,0.888,,,2.96,2.54,1.04,0.42,,,1.1792,110.22,6.3992,112.2138,12.34,,235.59,,,,,,,
2018-06-13,75.07,66.63,,,,,,0.883,,,2.98,2.59,1.04,0.39,,,1.1784,110.41,6.3944,112.2577,12.94,,137.07,,,,,,,
2018-06-14,74.77,66.91,,,,,,0.878,,,2.94,2.59,1.0,0.35,,,1.1634,110.44,6.398,112.8593,12.12,,96.72,,,,,,,
2018-06-15,72.02,65.01,,,,,,0.858,,,2.93,2.55,0.99,0.38,,,1.1616,110.58,6.4379,113.3379,11.98,-0.3454,68.71,,,,,,,
2018-06-16,,,,,,,,,,,,,,,,,,,,,,,82.17,,,,,,,
2018-06-17,,,,,,,,,,,,,,,,,,,,,,,105.3,,,,,,,
2018-06-18,74.87,65.91,,,,,,0.861,,,2.92,2.56,0.98,0.36,,,1.1606,110.44,6.4379,113.4899,12.31,,79.32,,,,,,,
2018-06-19,74.92,65.09,,,,,,0.855,,,2.89,2.54,0.95,0.35,,,1.1577,110.02,6.4802,113.639,13.35,,165.86,,,,,,,
2018-06-20,74.25,65.92,,,,,,0.853,,,2.93,2.56,0.99,0.37,,,1.1592,110.14,6.4713,113.4784,12.79,,222.05,,,,,,,
2018-06-21,72.87,65.68,,,,,,0.839,,,2.9,2.56,0.96,0.34,,,1.16,110.05,6.49,113.6109,14.64,,71.67,,,,,,,
2018-06-22,73.67,69.02,,,,,,0.854,,,2.9,2.56,0.97,0.34,,,1.163,109.98,6.5027,113.3047,13.77,-0.2783,80.35,,,,,,,
2018-06-23,,,,,,,,,,,,,,,,,,,,,,,40.76,,,,,,,
2018-06-24,,,,,,,,,,,,,,,,,,,,,,,85.36,,,,,,,
2018-06-25,72.82,69.91,,,,,,0.853,,,2.87,2.54,0.94,0.33,,,1.1694,109.62,6.536,113.286,17.33,,63.53,,,,,,,
2018-06-26,73.58,75.23,,,,,,0.88,,,2.88,2.53,0.95,0.35,,,1.1675,109.92,6.5759,113.3016,15.92,,218.91,,,,,,,
2018-06-27,76.09,77.41,,,,,,0.9,,,2.83,2.52,0.9,0.31,,,1.1588,110.34,6.5992,113.8971,17.91,,39.58,,,,,,,
2018-06-28,76.26,73.45,,,,,,0.91,,,2.84,2.52,0.91,0.32,,,1.1582,110.38,6.6235,113.8405,16.85,,89.28,,,,,,,
2018-06-29,77.44,74.13,,,,,,0.938,,,2.85,2.52,0.92,0.33,,,1.1677,110.71,6.6171,113.2586,16.09,-0.066,54.02,,,,,,,
2018-06-30,,,,,,,,,,,,,,,,,,,,,,,114.66,,,,,,,
2018-07-01,,,9.97227272727273,6250.75,2082.238636363636,13793.86363636364,23.41590909090909,,219.6,204.0,,,,,,,,,,,,,136.2,227.49118600017695,103.3646,100.1232,149020.0,257.867,102.006,2443758896828.4
2018-07-02,76.71,73.89,,,,,,0.938,,,2.87,2.57,0.89,0.3,,,1.1604,110.73,6.6632,114.1673,15.6,,80.26,,,,,,,
2018-07-03,75.87,74.19,,,,,,0.95,,,2.83,2.53,0.85,0.3,,,1.1653,110.54,6.6368,113.3222,16.14,,119.73,,,,,,,
2018-07-04,76.99,,,,,,,,,,,,,,,,,,,,,,87.2,,,,,,,
2018-07-05,77.09,73.05,,,,,,0.968,,,2.84,2.55,0.88,0.29,,,1.1697,110.59,6.6341,112.9759,14.97,,80.07,,,,,,,
2018-07-06,74.98,73.78,,,,,,0.955,,,2.82,2.53,0.85,0.29,,,1.1738,110.48,6.6396,112.6428,13.37,-0.1951,184.49,,,,,,,
2018-07-07,,,,,,,,,,,,,,,,,,,,,,,121.36,,,,,,,
2018-07-08,,,,,,,,,,,,,,,,,,,,,,,164.84,,,,,,,
2018-07-09,77.08,73.93,,,,,,0.958,,,2.86,2.57,0.88,0.29,,,1.1744,110.78,6.6123,112.6425,12.69,,110.48,,,,,,,
2018-07-10,77.8,74.11,,,,,,0.975,,,2.87,2.59,0.88,0.28,,,1.1728,111.24,6.6296,112.5794,12.64,,81.98,,,,,,,
2018-07-11,75.35,70.47,,,,,,0.943,,,2.85,2.58,0.88,0.27,,,1.1722,111.52,6.6764,112.8582,13.63,,40.76,,,,,,,
2018-07-12,72.11,70.28,,,,,,0.93,,,2.85,2.6,0.87,0.25,,,1.1692,112.41,6.663,112.779,12.58,,84.92,,,,,,,
2018-07-13,74.11,71.03,,,,,,0.913,,,2.83,2.59,0.85,0.24,,,1.1667,112.38,6.69,113.0705,12.18,-0.4243,74.75,,,,,,,
2018-07-14,,,,,,,,,,,,,,,,,,,,,,,54.33,,,,,,,
2018-07-15,,,,,,,,,,,,,,,,,,,,,,,146.72,,,,,,,
2018-07-16,71.03,68.22,,,,,,0.878,,,2.85,2.59,0.84,0.26,,,1.171,112.29,6.6866,112.8437,12.83,,89.31,,,,,,,
2018-07-17,70.87,68.03,,,,,,0.875,,,2.86,2.62,0.84,0.24,,,1.1664,112.79,6.7018,113.1504,12.06,,58.55,,,,,,,
2018-07-18,70.52,68.78,,,,,,0.888,,,2.88,2.6,0.88,0.28,,,1.1645,112.82,6.7161,113.3348,12.1,,75.12,,,,,,,
2018-07-19,71.94,69.42,,,,,,0.886,,,2.84,2.6,0.84,0.24,,,1.1604,112.98,6.7701,113.9463,12.87,,55.33,,,,,,,
2018-07-20,71.99,70.31,,,,,,0.908,,,2.89,2.6,0.9,0.29,,,1.1708,111.74,6.7659,113.3213,12.86,-0.4609,132.11,,,,,,,
2018-07-21,,,,,,,,,,,,,,,,,,,,,,,108.3,,,,,,,
2018-07-22,,,,,,,,,,,,,,,,,,,,,,,156.61,,,,,,,
2018-07-23,73.45,67.9,,,,,,0.933,,,2.96,2.64,0.97,0.32,,,1.1702,111.36,6.7927,113.4246,12.62,,78.59,,,,,,,
2018-07-24,73.53,70.77,,,,,,0.946,,,2.95,2.63,0.93,0.32,,,1.1684,111.27,6.7912,113.2045,12.41,,77.37,,,,,,,
2018-07-25,73.67,71.13,,,,,,0.98,,,2.94,2.66,0.93,0.28,,,1.1677,111.02,6.7658,112.9221,12.29,,57.92,,,,,,,
2018-07-26,74.51,71.59,,,,,,0.974,,,2.98,2.69,0.99,0.29,,,1.1654,111.2,6.7865,112.9179,12.14,,104.65,,,,,,,
2018-07-27,74.84,68.66,,,,,,0.97,,,2.96,2.67,0.96,0.29,,,1.166,110.94,6.8097,112.8125,13.03,-0.5444,61.47,,,,,,,
2018-07-28,,,,,,,,,,,,,,,,,,,,,,,99.78,,,,,,,
2018-07-29,,,,,,,,,,,,,,,,,,,,,,,117.4,,,,,,,
2018-07-30,74.99,71.19,,,,,,0.978,,,2.98,2.66,0.94,0.32,,,1.1718,110.98,6.8102,112.6044,14.26,,153.38,,,,,,,
2018-07-31,74.16,69.88,,,,,,0.954,,,2.96,2.67,0.93,0.29,,,1.1706,111.88,6.8038,112.7299,12.83,,91.35,,,,,,,
2018-08-01,72.28,68.8,10.5904347826087,6051.045454545455,2051.511363636364,13411.35227272727,26.04782608695652,0.936,217.1,189.3,3.0,2.67,0.97,0.33,,,1.1666,111.72,6.8154,112.8899,13.15,,57.71,172.16646480818656,104.0327,103.1231,149277.0,258.012,102.016,
2018-08-02,72.95,68.95,,,,,,0.943,,,2.98,2.66,0.96,0.32,,,1.1612,111.48,6.838,113.1679,12.19,,117.93,,,,,,,
2018-08-03,72.48,68.49,,,,,,0.943,,,2.95,2.63,0.94,0.32,,,1.1597,111.12,6.8309,113.012,11.64,-0.4506,87.73,,,,,,,
2018-08-04,,,,,,,,,,,,,,,,,,,,,,,107.88,,,,,,,
2018-08-05,,,,,,,,,,,,,,,,,,,,,,,141.99,,,,,,,
2018-08-06,72.51,69.01,,,,,,0.968,,,2.94,2.64,0.89,0.3,,,1.1564,111.43,6.85,113.229,11.27,,112.91,,,,,,,
2018-08-07,72.31,69.17,,,,,,0.984,,,2.98,2.68,0.92,0.3,,,1.1597,111.19,6.828,112.9759,10.93,,72.24,,,,,,,
2018-08-08,70.71,66.92,,,,,,0.956,,,2.96,2.68,0.9,0.28,,,1.1598,110.96,6.8344,113.1411,10.85,,56.98,,,,,,,
2018-08-09,70.55,66.81,,,,,,0.956,,,2.93,2.64,0.87,0.29,,,1.1566,110.9,6.8199,113.3806,11.27,,69.96,,,,,,,
2018-08-10,71.0,67.61,,,,,,0.964,,,2.87,2.61,0.82,0.26,,,1.1399,110.66,6.8458,114.3005,13.16,-0.5568,76.97,,,,,,,
2018-08-11,,,,,,,,,,,,,,,,,,,,,,,44.22,,,,,,,
2018-08-12,,,,,,,,,,,,,,,,,,,,,,,109.73,,,,,,,
2018-08-13,70.62,67.25,,,,,,0.953,,,2.88,2.61,0.82,0.27,,,1.1396,110.65,6.888,114.851,14.78,,88.52,,,,,,,
2018-08-14,70.77,67.04,,,,,,0.948,,,2.89,2.63,0.81,0.26,,,1.1351,110.92,6.8809,114.658,13.31,,55.18,,,,,,,
2018-08-15,68.38,65.07,,,,,,0.929,,,2.86,2.61,0.79,0.25,,,1.1332,110.62,6.933,115.1526,14.64,,20.08,,,,,,,
2018-08-16,69.21,65.44,,,,,,0.94,,,2.87,2.63,0.8,0.24,,,1.1388,110.89,6.8792,114.6416,13.45,,30.89,,,,,,,
2018-08-17,70.14,65.93,,,,,,0.948,,,2.87,2.61,0.82,0.26,,,1.141,110.54,6.874,114.5339,12.64,-0.4504,62.36,,,,,,,
2018-08-18,,,,,,,,,,,,,,,,,,,,,,,96.63,,,,,,,
2018-08-19,,,,,,,,,,,,,,,,,,,,,,,96.59,,,,,,,
2018-08-20,71.11,66.5,,,,,,0.958,,,2.82,2.6,0.76,0.22,,,1.1438,110.38,6.8546,114.3504,12.49,,45.18,,,,,,,
2018-08-21,71.65,67.32,,,,,,0.963,,,2.85,2.61,0.77,0.24,,,1.1534,110.48,6.8444,113.8604,12.86,,81.92,,,,,,,
2018-08-22,72.96,67.85,,,,,,0.984,,,2.82,2.6,0.73,0.22,,,1.1595,110.54,6.84,113.663,12.25,,38.52,,,,,,,
2018-08-23,73.73,69.13,,,,,,0.983,,,2.82,2.61,0.74,0.21,,,1.1567,111.14,6.8748,114.0932,12.41,,89.75,,,,,,,
2018-08-24,74.41,69.71,,,,,,1.01,,,2.82,2.63,0.73,0.19,,,1.1625,111.22,6.803,113.5985,11.99,-0.6335,80.33,,,,,,,
2018-08-25,,,,,,,,,,,,,,,,,,,,,,,139.94,,,,,,,
2018-08-26,,,,,,,,,,,,,,,,,,,,,,,96.04,,,,,,,
2018-08-27,74.41,69.97,,,,,,1.013,,,2.85,2.67,0.73,0.18,,,1.1676,111.09,6.8145,113.2721,12.16,,108.44,,,,,,,
2018-08-28,75.91,68.54,,,,,,1.014,,,2.88,2.67,0.75,0.21,,,1.172,111.04,6.8018,113.3444,12.5,,165.65,,,,,,,
2018-08-29,76.07,69.68,,,,,,1.033,,,2.89,2.67,0.76,0.22,,,1.1699,111.8,6.819,113.6461,12.25,,92.96,,,,,,,
2018-08-30,77.05,70.25,,,,,,1.038,,,2.86,2.64,0.75,0.22,,,1.1646,111.17,6.8415,114.0899,13.53,,90.46,,,,,,,
2018-08-31,76.94,69.84,,,,,,1.038,,,2.86,2.62,0.75,0.24,,,1.1596,110.98,6.83,114.2755,12.86,-0.6779,121.46,,,,,,,
2018-09-01,,,11.0905,6050.7625,2026.4625,12510.35,27.1075,,215.4,195.2,,,,,,,,,,,,,46.12,193.32195627597463,104.1004,102.7594,149358.0,258.429,102.205,
2018-09-02,,,,,,,,,,,,,,,,,,,,,,,98.8,,,,,,,
2018-09-03,77.81,,,,,,,,,,,,,,,,,,,,,,115.11,,,,,,,
2018-09-04,77.51,69.82,,,,,,1.055,,,2.9,2.66,0.77,0.24,,,1.1566,111.44,6.8427,114.8584,13.16,,74.36,,,,,,,
2018-09-05,76.68,68.69,,,,,,1.055,,,2.9,2.66,0.76,0.24,,,1.162,111.47,6.827,114.7477,13.91,,37.66,,,,,,,
2018-09-06,75.67,67.81,,,,,,1.055,,,2.88,2.64,0.75,0.24,,,1.1624,110.87,6.8322,114.6479,14.65,,68.5,,,,,,,
2018-09-07,75.55,67.73,,,,,,1.053,,,2.94,2.71,0.8,0.23,,,1.1572,111.18,6.8419,114.5816,14.88,-0.6041,67.9,,,,,,,
2018-09-08,,,,,,,,,,,,,,,,,,,,,,,89.41,,,,,,,
2018-09-09,,,,,,,,,,,,,,,,,,,,,,,92.74,,,,,,,
2018-09-10,76.77,67.55,,,,,,1.056,,,2.94,2.73,0.8,0.21,,,1.1604,111.09,6.8545,114.6802,14.16,,47.25,,,,,,,
2018-09-11,78.22,69.29,,,,,,1.073,,,2.98,2.76,0.83,0.22,,,1.1591,111.54,6.8704,114.7051,13.22,,49.37,,,,,,,
2018-09-12,80.02,70.37,,,,,,1.073,,,2.97,2.74,0.81,0.23,,,1.1626,111.29,6.8574,114.2192,13.14,,40.31,,,,,,,
2018-09-13,77.66,68.6,,,,,,1.054,,,2.97,2.76,0.82,0.21,,,1.1672,111.92,6.8407,113.9268,12.37,,29.73,,,,,,,
2018-09-14,77.87,68.98,,,,,,1.058,,,2.99,2.78,0.83,0.21,,,1.1656,112.09,6.8673,114.0657,12.07,-0.7182,36.1,,,,,,,
2018-09-15,,,,,,,,,,,,,,,,,,,,,,,62.01,,,,,,,
2018-09-16,,,,,,,,,,,,,,,,,,,,,,,103.72,,,,,,,
2018-09-17,78.22,68.86,,,,,,1.063,,,2.99,2.78,0.83,0.21,,,1.1687,111.97,6.854,113.9158,13.68,,100.71,,,,,,,
2018-09-18,79.25,69.87,,,,,,1.064,,,3.05,2.81,0.88,0.24,,,1.1693,112.3,6.8591,113.7739,12.79,,71.72,,,,,,,
2018-09-19,79.43,71.08,,,,,,1.058,,,3.08,2.81,0.92,0.27,,,1.1685,112.21,6.8466,113.6532,11.75,,74.06,,,,,,,
2018-09-20,79.03,70.77,,,,,,1.04,,,3.07,2.81,0.9,0.26,,,1.1744,112.58,6.8455,113.4989,11.8,,54.24,,,,,,,
2018-09-21,78.9,70.8,,,,,,1.045,,,3.07,2.81,0.89,0.26,,,1.1739,112.62,6.8559,113.5099,11.68,-0.8176,88.17,,,,,,,
2018-09-22,,,,,,,,,,,,,,,,,,,,,,,74.22,,,,,,,
2018-09-23,,,,,,,,,,,,,,,,,,,,,,,124.25,,,,,,,
2018-09-24,80.89,73.23,,,,,,1.058,,,3.08,2.83,0.86,0.25,,,1.1773,112.62,6.8559,113.5301,12.2,,89.13,,,,,,,
2018-09-25,82.21,73.4,,,,,,1.058,,,3.1,2.83,0.89,0.27,,,1.177,112.88,6.8632,113.7202,12.42,,55.65,,,,,,,
2018-09-26,81.87,72.22,,,,,,1.05,,,3.06,2.83,0.86,0.23,,,1.1758,112.92,6.8763,113.6739,12.89,,37.16,,,,,,,
2018-09-27,81.54,72.18,,,,,,1.06,,,3.06,2.83,0.88,0.23,,,1.167,113.38,6.888,113.9784,12.41,,22.95,,,,,,,
2018-09-28,82.72,73.16,,,,,,1.083,,,3.05,2.81,0.86,0.24,,,1.1622,113.48,6.868,113.8077,12.12,-0.7543,52.38,,,,,,,
2018-09-29,,,,,,,,,,,,,,,,,,,,,,,33.38,,,,,,,
2018-09-30,,,,,,,,,,,,,,,,,,,,,,,83.77,,,,,,,
2018-10-01,84.94,75.37,10.035652173913,6219.586956521739,2029.858695652174,12314.91304347826,27.50869565217391,1.1,222.2,204.1,3.09,2.82,0.86,0.27,,,1.1567,113.96,6.868,113.8235,12.0,,166.69,213.58534986857518,103.9856,102.4306,149527.0,259.063,102.366,2459309577206.6
2018-10-02,85.63,75.16,,,,,,1.075,,,3.05,2.82,0.82,0.23,,,1.156,113.66,6.868,113.8954,12.05,,130.93,,,,,,,
2018-10-03,85.45,76.4,,,,,,1.063,,,3.15,2.85,0.92,0.3,,,1.1525,114.19,6.868,114.1569,11.61,,107.49,,,,,,,
2018-10-04,86.07,74.44,,,,,,1.035,,,3.19,2.87,0.97,0.32,,,1.1508,113.79,6.868,114.6867,14.22,,119.36,,,,,,,
2018-10-05,85.12,74.26,,,,,,1.04,,,3.23,2.88,1.0,0.35,,,1.1502,113.56,6.868,114.561,14.82,-0.7903,66.64,,,,,,,
2018-10-06,,,,,,,,,,,,,,,,,,,,,,,66.47,,,,,,,
2018-10-07,,,,,,,,,,,,,,,,,,,,,,,197.77,,,,,,,
2018-10-08,84.22,74.27,,,,,,1.041,,,,,,,,,,,,,15.69,,112.49,,,,,,,
2018-10-09,85.16,74.95,,,,,,1.04,,,3.21,2.88,0.96,0.33,,,1.1482,113.13,6.9217,114.6583,15.95,,31.39,,,,,,,
2018-10-10,83.82,73.18,,,,,,1.005,,,3.22,2.88,0.95,0.34,,,1.1541,112.71,6.9224,114.6072,22.96,,58.99,,,,,,,
2018-10-11,81.35,70.97,,,,,,0.963,,,3.14,2.85,0.87,0.29,,,1.1565,112.26,6.888,114.4074,24.98,,68.38,,,,,,,
2018-10-12,80.71,71.41,,,,,,0.96,,,3.15,2.85,0.87,0.3,,,1.1559,112.02,6.9182,114.3691,21.31,-0.4464,103.11,,,,,,,
2018-10-13,,,,,,,,,,,,,,,,,,,,,,,70.22,,,,,,,
2018-10-14,,,,,,,,,,,,,,,,,,,,,,,92.58,,,,,,,
2018-10-15,80.91,71.84,,,,,,0.975,,,3.16,2.85,0.85,0.31,,,1.1594,111.82,6.9131,114.045,21.3,,85.8,,,,,,,
2018-10-16,80.53,71.93,,,,,,1.004,,,3.16,2.87,0.86,0.29,,,1.1593,112.16,6.9102,113.8963,17.62,,109.71,,,,,,,
2018-10-17,79.91,69.63,,,,,,0.985,,,3.19,2.89,0.88,0.3,,,1.154,112.21,6.9263,114.1755,17.4,,77.94,,,,,,,
2018-10-18,80.3,68.63,,,,,,0.953,,,3.17,2.87,0.85,0.3,,,1.1494,112.11,6.9367,114.8164,20.06,,100.13,,,,,,,
2018-10-19,80.38,69.16,,,,,,0.935,,,3.2,2.92,0.89,0.28,,,1.1513,112.52,6.9291,114.8567,19.89,-0.5089,70.3,,,,,,,
2018-10-20,,,,,,,,,,,,,,,,,,,,,,,61.88,,,,,,,
2018-10-21,,,,,,,,,,,,,,,,,,,,,,,118.94,,,,,,,
2018-10-22,80.45,69.25,,,,,,0.918,,,3.2,2.92,0.86,0.28,,,1.1467,112.78,6.9446,115.1782,19.64,,89.49,,,,,,,
2018-10-23,78.67,66.49,,,,,,0.823,,,3.17,2.89,0.84,0.28,,,1.148,112.12,6.9373,115.1651,20.71,,52.04,,,,,,,
2018-10-24,77.34,66.56,,,,,,0.854,,,3.1,2.84,0.76,0.26,,,1.1389,112.58,6.942,115.3755,25.23,,73.6,,,,,,,
2018-10-25,77.3,67.25,,,,,,0.858,,,3.14,2.86,0.8,0.28,,,1.1374,112.54,6.9477,115.4831,24.22,,89.53,,,,,,,
2018-10-26,77.4,67.58,,,,,,0.85,,,3.08,2.81,0.75,0.27,,,1.1388,111.65,6.9425,115.473,24.16,-0.2143,65.53,,,,,,,
2018-10-27,,,,,,,,,,,,,,,,,,,,,,,79.2,,,,,,,
2018-10-28,,,,,,,,,,,,,,,,,,,,,,,136.61,,,,,,,
2018-10-29,77.56,67.0,,,,,,0.865,,,3.08,2.81,0.74,0.27,,,1.139,112.49,6.9605,115.8936,24.7,,64.23,,,,,,,
2018-10-30,75.68,66.18,,,,,,0.86,,,3.12,2.84,0.79,0.28,,,1.1364,112.76,6.9663,116.2357,23.35,,51.28,,,,,,,
2018-10-31,74.84,65.31,,,,,,0.853,,,3.15,2.87,0.81,0.28,,,1.1332,112.86,6.9737,116.5281,21.23,,79.07,,,,,,,
2018-11-01,71.25,63.67,9.77727272727273,6195.920454545455,1938.511363636364,11239.71590909091,28.93409090909091,0.818,189.3,157.4,3.14,2.84,0.82,0.3,,,1.1396,112.79,6.9205,115.8657,19.34,,84.17,247.13327892405806,104.0681,100.9438,149617.0,259.105,102.556,
2018-11-02,71.11,63.12,,,,,,0.813,,,3.22,2.91,0.89,0.31,,,1.1378,113.09,6.8894,115.643,19.51,-0.2278,82.99,,,,,,,
2018-11-03,,,,,,,,,,,,,,,,,,,,,,,77.39,,,,,,,
2018-11-04,,,,,,,,,,,,,,,,,,,,,,,223.53,,,,,,,
2018-11-05,72.68,63.12,,,,,,0.818,,,3.2,2.91,0.84,0.29,,,1.1394,113.22,6.9249,115.703,19.96,,90.47,,,,,,,
2018-11-06,70.64,62.16,,,,,,0.81,,,3.22,2.93,0.87,0.29,,,1.1412,113.38,6.9172,115.5622,19.91,,148.95,,,,,,,
2018-11-07,70.1,61.69,,,,,,0.77,,,3.22,2.96,0.85,0.26,,,1.1459,113.32,6.9174,115.2519,16.36,,61.17,,,,,,,
2018-11-08,69.29,60.71,,,,,,0.76,,,3.24,2.98,0.89,0.26,,,1.1416,113.87,6.9318,115.6478,16.72,,51.63,,,,,,,
2018-11-09,69.01,60.19,,,,,,0.728,,,3.19,2.94,0.83,0.25,,,1.1325,113.77,6.9553,116.4778,17.36,-0.4738,41.01,,,,,,,
2018-11-10,,,,,,,,,,,,,,,,,,,,,,,54.44,,,,,,,
2018-11-11,,,,,,,,,,,,,,,,,,,,,,,64.34,,,,,,,
2018-11-12,69.81,59.85,,,,,,0.73,,,,,,,,,,,,,20.45,,42.33,,,,,,,
2018-11-13,65.45,55.63,,,,,,0.683,,,3.14,2.89,0.76,0.25,,,1.1288,113.97,6.9546,116.6694,20.02,,64.87,,,,,,,
2018-11-14,64.88,56.16,,,,,,0.733,,,3.12,2.86,0.74,0.26,,,1.1312,113.7,6.95,116.498,21.25,,53.94,,,,,,,
2018-11-15,65.61,56.45,,,,,,0.733,,,3.11,2.86,0.74,0.25,,,1.1324,113.46,6.938,116.3861,19.98,,55.04,,,,,,,
2018-11-16,65.29,56.49,,,,,,0.773,,,3.08,2.81,0.72,0.27,,,1.1402,112.76,6.9367,115.9258,18.14,-0.0274,30.47,,,,,,,
2018-11-17,,,,,,,,,,,,,,,,,,,,,,,34.95,,,,,,,
2018-11-18,,,,,,,,,,,,,,,,,,,,,,,90.25,,,,,,,
2018-11-19,64.14,57.16,,,,,,0.785,,,3.06,2.79,0.68,0.27,,,1.1448,112.54,6.9398,115.9859,20.1,,10.92,,,,,,,
2018-11-20,61.5,53.39,,,,,,0.725,,,3.06,2.79,0.67,0.27,,,1.1391,112.66,6.9448,116.2367,22.48,,29.26,,,,,,,
2018-11-21,61.65,54.41,,,,,,0.729,,,3.06,2.81,0.65,0.25,,,1.1393,113.06,6.9248,116.092,20.8,,46.86,,,,,,,
2018-11-22,61.11,,,,,,,,,,,,,,,,,,,,,,21.81,,,,,,,
2018-11-23,57.69,,,,,,,,,,3.05,2.81,0.64,0.24,,,1.1332,112.83,6.9477,116.4713,21.52,0.0517,24.17,,,,,,,
2018-11-24,,,,,,,,,,,,,,,,,,,,,,,49.06,,,,,,,
2018-11-25,,,,,,,,,,,,,,,,,,,,,,,168.06,,,,,,,
2018-11-26,59.7,51.46,,,,,,0.729,,,3.07,2.84,0.66,0.23,,,1.1336,113.58,6.9397,116.6208,18.9,,168.44,,,,,,,
2018-11-27,59.58,51.31,,,,,,0.729,,,3.06,2.83,0.65,0.23,,,1.1281,113.84,6.9498,116.9001,19.02,,93.08,,,,,,,
2018-11-28,57.97,50.06,,,,,,0.683,,,3.06,2.81,0.66,0.25,,,1.1286,113.96,6.9534,116.8343,18.49,,100.92,,,,,,,
2018-11-29,58.29,51.46,,,,,,0.695,,,3.03,2.81,0.66,0.22,,,1.1382,113.42,6.9419,116.1961,18.79,,183.21,,,,,,,
2018-11-30,57.71,50.78,,,,,,0.685,,,3.01,2.8,0.64,0.21,,,1.1323,113.54,6.9558,116.413,18.07,-0.1475,136.43,,,,,,,
2018-12-01,,,8.95190476190476,6075.315789473684,1920.381578947368,10835.07894736842,28.76190476190476,,156.7,136.7,,,,,,,,,,,,,142.31,220.3905672413882,104.0936,100.3111,149809.0,259.083,102.735,
2018-12-02,,,,,,,,,,,,,,,,,,,,,,,167.46,,,,,,,
2018-12-03,60.17,52.98,,,,,,0.715,,,2.98,2.83,0.6,0.15,,,1.1356,113.54,6.8798,115.9057,16.44,,158.49,,,,,,,
2018-12-04,61.22,53.21,,,,,,0.738,,,2.91,2.8,0.49,0.11,,,1.1345,112.93,6.8343,116.0028,20.74,,109.29,,,,,,,
2018-12-05,61.4,52.64,,,,,,0.743,,,,,,,,,,,,,,,83.26,,,,,,,
2018-12-06,57.83,51.54,,,,,,0.718,,,2.87,2.75,0.46,0.12,,,1.1374,112.46,6.8816,116.3991,21.19,,110.19,,,,,,,
2018-12-07,61.71,52.76,,,,,,0.73,,,2.85,2.72,0.45,0.13,,,1.139,112.6,6.8733,116.0847,23.23,0.2022,101.45,,,,,,,
2018-12-08,,,,,,,,,,,,,,,,,,,,,,,123.21,,,,,,,
2018-12-09,,,,,,,,,,,,,,,,,,,,,,,130.49,,,,,,,
2018-12-10,60.29,51.07,,,,,,0.696,,,2.85,2.72,0.44,0.13,,,1.1368,112.96,6.9077,116.6746,22.64,,71.08,,,,,,,
2018-12-11,59.73,51.65,,,,,,0.694,,,2.89,2.78,0.48,0.11,,,1.1314,113.41,6.8968,116.7564,21.76,,88.44,,,,,,,
2018-12-12,59.94,51.04,,,,,,0.699,,,2.91,2.77,0.48,0.14,,,1.1362,113.28,6.8778,116.2214,21.46,,57.97,,,,,,,
2018-12-13,59.03,52.69,,,,,,0.698,,,2.91,2.75,0.48,0.16,,,1.1358,113.66,6.8798,116.3974,20.65,,121.67,,,,,,,
2018-12-14,58.56,51.26,,,,,,0.69,,,2.89,2.73,0.47,0.16,,,1.13,113.35,6.905,116.79,21.63,0.261,86.56,,,,,,,
2018-12-15,,,,,,,,,,,,,,,,,,,,,,,90.26,,,,,,,
2018-12-16,,,,,,,,,,,,,,,,,,,,,,,186.66,,,,,,,
2018-12-17,57.59,49.8,,,,,,0.68,,,2.86,2.7,0.46,0.16,,,1.1339,112.96,6.8962,116.4532,24.52,,101.75,,,,,,,
2018-12-18,55.26,46.12,,,,,,0.635,,,2.82,2.65,0.43,0.17,,,1.1364,112.54,6.8939,116.4127,25.58,,103.24,,,,,,,
2018-12-19,55.6,47.96,,,,,,0.643,,,2.77,2.63,0.37,0.14,,,1.1422,112.15,6.8918,116.0676,25.58,,114.17,,,,,,,
2018-12-20,52.84,45.64,,,,,,0.645,,,2.79,2.67,0.4,0.12,,,1.1432,111.34,6.8834,116.0183,28.38,,79.38,,,,,,,
2018-12-21,51.93,45.38,,,,,,0.64,,,2.79,2.63,0.4,0.16,,,1.1402,111.14,6.9048,116.2227,30.11,0.5395,144.91,,,,,,,
2018-12-22,,,,,,,,,,,,,,,,,,,,,,,10.92,,,,,,,
2018-12-23,,,,,,,,,,,,,,,,,,,,,,,261.36,,,,,,,
2018-12-24,,,,,,,,,,,2.74,2.55,0.29,0.19,,,,,,116.2182,36.07,,141.79,,,,,,,
2018-12-25,,,,,,,,,,,,,,,,,,,,,,,171.11,,,,,,,
2018-12-26,,46.04,,,,,,0.65,,,2.81,2.61,0.37,0.2,,,1.1408,110.45,6.8847,116.1162,30.41,,198.19,,,,,,,
2018-12-27,51.49,44.48,,,,,,0.648,,,2.77,2.56,0.36,0.21,,,1.1412,110.78,6.8649,115.9927,29.96,,161.1,,,,,,,
2018-12-28,50.57,45.15,,,,,,0.635,,,2.72,2.52,0.32,0.2,,,1.1445,110.34,6.8755,115.7232,28.34,0.6676,156.65,,,,,,,
2018-12-29,,,,,,,,,,,,,,,,,,,,,,,116.81,,,,,,,
2018-12-30,,,,,,,,,,,,,,,,,,,,,,,213.53,,,,,,,
2018-12-31,,,,,,,,,,,2.69,2.48,0.24,0.21,,,1.1456,109.7,6.8755,115.5674,25.42,,149.82,,,,,,,
2019-01-01,,,8.28565217391304,5939.102272727273,1853.715909090909,11523.09090909091,28.71086956521739,,145.7,141.5,,,,,,,,,,,,,204.03,243.99054678658453,103.4021,98.8924,150060.0,260.122,102.87,2474798796105.1997
2019-01-02,54.06,46.31,,,,,,0.641,,,2.66,2.5,0.24,0.16,,,1.1357,109.22,6.8597,115.7689,23.22,,146.97,,,,,,,
2019-01-03,53.23,46.92,,,,,,0.63,,,2.56,2.39,0.15,0.17,,,1.1399,108.07,6.8708,115.4622,25.45,,212.58,,,,,,,
2019-01-04,55.64,47.76,,,,,,0.635,,,2.67,2.5,0.25,0.17,,,1.141,108.29,6.8663,114.9821,21.38,0.3106,153.15,,,,,,,
2019-01-05,,,,,,,,,,,,,,,,,,,,,,,4.7,,,,,,,
2019-01-06,,,,,,,,,,,,,,,,,,,,,,,230.39,,,,,,,
2019-01-07,57.1,48.27,,,,,,0.623,,,2.7,2.53,0.25,0.17,,,1.1468,108.62,6.8501,114.5628,21.4,,148.61,,,,,,,
2019-01-08,56.91,49.58,,,,,,0.628,,,2.73,2.58,0.27,0.15,,,1.1444,108.57,6.8519,114.7281,20.47,,259.25,,,,,,,
2019-01-09,59.46,52.19,,,,,,0.658,,,2.74,2.56,0.29,0.18,,,1.1524,108.38,6.8117,114.1406,19.98,,120.42,,,,,,,
2019-01-10,60.47,52.42,,,,,,0.67,,,2.74,2.56,0.31,0.18,,,1.1517,108.29,6.7875,114.0496,19.5,,148.84,,,,,,,
2019-01-11,59.24,51.44,,,,,,0.69,,,2.71,2.55,0.28,0.16,,,1.1479,108.34,6.7596,114.0404,18.19,-0.1814,170.68,,,,,,,
2019-01-12,,,,,,,,,,,,,,,,,,,,,,,175.61,,,,,,,
2019-01-13,,,,,,,,,,,,,,,,,,,,,,,120.96,,,,,,,
2019-01-14,58.8,50.31,,,,,,0.685,,,2.71,2.53,0.26,0.18,,,,,,,19.07,,223.58,,,,,,,
2019-01-15,58.65,51.8,,,,,,0.678,,,2.72,2.53,0.27,0.19,,,1.1392,108.72,6.7595,114.3402,18.6,,104.39,,,,,,,
2019-01-16,59.81,52.08,,,,,,0.68,,,2.73,2.55,0.3,0.18,,,1.1408,108.84,6.7532,114.137,19.04,,173.46,,,,,,,
2019-01-17,59.85,51.83,,,,,,0.678,,,2.75,2.56,0.33,0.19,,,1.1386,109.01,6.7735,114.4115,18.06,,168.92,,,,,,,
2019-01-18,62.04,53.6,,,,,,0.685,,,2.79,2.62,0.38,0.17,,,1.1362,109.79,6.7765,114.558,17.8,-0.1494,154.17,,,,,,,
2019-01-19,,,,,,,,,,,,,,,,,,,,,,,109.0,,,,,,,
2019-01-20,,,,,,,,,,,,,,,,,,,,,,,178.48,,,,,,,
2019-01-21,62.18,,,,,,,,,,,,,,,,,,,,,,216.29,,,,,,,
2019-01-22,60.9,52.59,,,,,,0.681,,,2.74,2.58,0.31,0.16,,,1.1359,109.34,6.8072,114.7541,20.8,,107.95,,,,,,,
2019-01-23,61.05,52.44,,,,,,0.675,,,2.76,2.58,0.35,0.18,,,1.139,109.44,6.7897,114.5759,19.52,,88.26,,,,,,,
2019-01-24,61.09,52.94,,,,,,0.68,,,2.72,2.56,0.35,0.16,,,1.1322,109.72,6.7835,114.617,18.89,,106.06,,,,,,,
2019-01-25,61.49,53.53,,,,,,0.68,,,2.76,2.6,0.37,0.16,,,1.1407,109.6,6.7448,114.0197,17.42,-0.1266,105.17,,,,,,,
2019-01-26,,,,,,,,,,,,,,,,,,,,,,,107.16,,,,,,,
2019-01-27,,,,,,,,,,,,,,,,,,,,,,,218.94,,,,,,,
2019-01-28,59.71,51.79,,,,,,0.65,,,2.75,2.6,0.33,0.15,,,1.1438,109.2,6.7437,114.0522,18.87,,73.71,,,,,,,
2019-01-29,60.98,53.07,,,,,,0.664,,,2.72,2.56,0.3,0.16,,,1.1424,109.36,6.7304,114.026,19.13,,62.53,,,,,,,
2019-01-30,61.89,54.18,,,,,,0.68,,,2.7,2.52,0.28,0.18,,,1.1418,109.57,6.7115,114.0731,17.66,,123.71,,,,,,,
2019-01-31,62.46,53.84,,,,,,0.69,,,2.63,2.45,0.22,0.18,,,1.1454,108.84,6.6958,113.5504,16.57,,126.24,,,,,,,
2019-02-01,61.86,55.29,6.501,6300.4875,1862.9875,12685.225,28.645,0.7,153.2,150.6,2.7,2.52,0.3,0.18,,,1.1474,109.55,6.7426,113.7548,16.14,-0.147,95.81,173.79769550537634,102.8371,99.9732,150067.0,261.114,102.963,
2019-02-02,,,,,,,,,,,,,,,,,,,,,,,82.06,,,,,,,
2019-02-03,,,,,,,,,,,,,,,,,,,,,,,134.38,,,,,,,
2019-02-04,62.26,54.57,,,,,,0.68,,,2.73,2.53,0.31,0.2,,,1.1438,109.96,6.7426,113.8766,15.73,,216.31,,,,,,,
2019-02-05,61.67,53.69,,,,,,0.664,,,2.71,2.53,0.29,0.18,,,1.1406,109.99,6.7426,114.0431,15.57,,87.75,,,,,,,
2019-02-06,62.22,53.94,,,,,,0.64,,,2.7,2.52,0.28,0.18,,,1.138,109.75,6.7426,114.2305,15.38,,145.25,,,,,,,
2019-02-07,61.01,52.68,,,,,,0.603,,,2.65,2.48,0.23,0.17,,,1.1357,109.7,6.7426,114.4339,16.37,,93.79,,,,,,,
2019-02-08,61.37,52.75,,,,,,0.607,,,2.63,2.45,0.2,0.18,,,1.1326,109.76,6.7426,114.5003,15.72,-0.2928,76.81,,,,,,,
2019-02-09,,,,,,,,,,,,,,,,,,,,,,,49.63,,,,,,,
2019-02-10,,,,,,,,,,,,,,,,,,,,,,,95.37,,,,,,,
2019-02-11,61.3,52.43,,,,,,0.619,,,2.65,2.48,0.2,0.17,,,1.1277,110.4,6.7907,115.031,15.97,,59.53,,,,,,,
2019-02-12,62.58,53.14,,,,,,0.641,,,2.68,2.5,0.25,0.18,,,1.1316,110.5,6.7726,114.7297,15.43,,45.91,,,,,,,
2019-02-13,63.27,53.84,,,,,,0.65,,,2.71,2.53,0.27,0.18,,,1.1288,110.86,6.7598,114.9407,15.65,,93.01,,,,,,,
2019-02-14,64.0,54.4,,,,,,0.661,,,2.66,2.5,0.23,0.16,,,1.1284,110.68,6.7711,115.1007,16.22,,35.99,,,,,,,
2019-02-15,65.65,55.58,,,,,,0.664,,,2.66,2.52,0.23,0.14,,,1.1268,110.54,6.768,114.9923,14.91,-0.3585,55.54,,,,,,,
2019-02-16,,,,,,,,,,,,,,,,,,,,,,,27.08,,,,,,,
2019-02-17,,,,,,,,,,,,,,,,,,,,,,,10.92,,,,,,,
2019-02-18,66.41,,,,,,,,,,,,,,,,,,,,,,57.35,,,,,,,
2019-02-19,65.86,56.12,,,,,,0.696,,,2.65,2.5,0.2,0.15,,,1.1328,110.68,6.756,114.57,14.88,,79.79,,,,,,,
2019-02-20,66.82,56.9,,,,,,0.708,,,2.65,2.5,0.2,0.15,,,,,,,14.02,,65.36,,,,,,,
2019-02-21,66.91,56.95,,,,,,0.71,,,2.69,2.53,0.24,0.16,,,1.1338,110.72,6.7195,114.5091,14.46,,87.44,,,,,,,
2019-02-22,66.91,57.01,,,,,,0.72,,,2.65,2.48,0.19,0.17,,,1.1342,110.7,6.7112,114.2716,13.51,-0.5247,115.34,,,,,,,
2019-02-23,,,,,,,,,,,,,,,,,,,,,,,93.12,,,,,,,
2019-02-24,,,,,,,,,,,,,,,,,,,,,,,4.05,,,,,,,
2019-02-25,64.02,55.32,,,,,,0.695,,,2.67,2.51,0.2,0.16,,,1.1345,111.07,6.6844,114.1457,14.85,,84.03,,,,,,,
2019-02-26,64.51,55.4,,,,,,0.693,,,2.64,2.48,0.19,0.16,,,1.1374,110.76,6.698,114.0687,15.17,,68.54,,,,,,,
2019-02-27,65.55,56.92,,,,,,0.693,,,2.69,2.5,0.24,0.19,,,1.137,110.92,6.6822,114.0363,14.7,,128.81,,,,,,,
2019-02-28,65.03,57.21,,,,,,0.68,,,2.73,2.52,0.28,0.21,,,1.1379,111.38,6.6912,114.1991,14.78,,125.24,,,,,,,
2019-03-01,63.71,55.76,5.2452380952381,6439.464285714286,1871.214285714286,13026.27380952381,27.20238095238095,0.67,177.6,158.9,2.76,2.55,0.32,0.21,,,1.1376,111.89,6.7048,114.537,13.57,-0.5851,110.76,240.87607356546934,102.8757,101.1341,150295.0,261.836,103.058,
2019-03-02,,,,,,,,,,,,,,,,,,,,,,,118.68,,,,,,,
2019-03-03,,,,,,,,,,,,,,,,,,,,,,,101.11,,,,,,,
2019-03-04,64.44,56.6,,,,,,0.68,,,2.72,2.55,0.26,0.17,,,1.1328,111.68,6.7045,114.6925,14.63,,71.01,,,,,,,
2019-03-05,64.24,56.55,,,,,,0.685,,,2.72,2.55,0.26,0.17,,,1.13,111.98,6.706,114.804,14.74,,138.38,,,,,,,
2019-03-06,64.51,56.22,,,,,,0.69,,,2.69,2.52,0.22,0.17,,,1.132,111.66,6.7099,114.9714,15.74,,78.64,,,,,,,
2019-03-07,64.82,56.6,,,,,,0.69,,,2.64,2.47,0.19,0.17,,,1.1214,111.6,6.7132,115.4919,16.59,,138.86,,,,,,,
2019-03-08,65.66,55.77,,,,,,0.69,,,2.62,2.45,0.16,0.17,,,1.1243,111.11,6.7201,115.3599,16.05,-0.4673,81.81,,,,,,,
2019-03-09,,,,,,,,,,,,,,,,,,,,,,,67.73,,,,,,,
2019-03-10,,,,,,,,,,,,,,,,,,,,,,,138.96,,,,,,,
2019-03-11,65.06,56.79,,,,,,0.693,,,2.64,2.47,0.18,0.17,,,1.1226,111.21,6.7215,115.2967,14.33,,161.35,,,,,,,
2019-03-12,65.33,56.89,,,,,,0.688,,,2.61,2.45,0.15,0.16,,,1.1276,111.38,6.707,114.939,13.77,,93.23,,,,,,,
2019-03-13,65.89,58.27,,,,,,0.686,,,2.61,2.45,0.16,0.16,,,1.131,111.23,6.7064,114.7372,13.41,,81.38,,,,,,,
2019-03-14,66.18,58.59,,,,,,0.693,,,2.63,2.46,0.18,0.17,,,1.1304,111.71,6.7209,114.79,13.5,,56.33,,,,,,,
2019-03-15,66.11,58.51,,,,,,0.685,,,2.59,2.43,0.14,0.16,,,1.1326,111.57,6.7129,114.5815,12.88,-0.5722,66.48,,,,,,,
2019-03-16,,,,,,,,,,,,,,,,,,,,,,,65.37,,,,,,,
2019-03-17,,,,,,,,,,,,,,,,,,,,,,,101.36,,,,,,,
2019-03-18,66.65,59.09,,,,,,0.685,,,2.6,2.45,0.16,0.15,,,1.1337,111.41,6.7121,114.4375,13.1,,77.23,,,,,,,
2019-03-19,67.13,59.12,,,,,,0.68,,,2.61,2.46,0.15,0.15,,,1.1346,111.38,6.7106,114.2324,13.56,,82.83,,,,,,,
2019-03-20,68.35,60.12,,,,,,0.664,,,2.54,2.4,0.06,0.14,,,1.1352,111.41,6.6916,114.1509,13.91,,75.89,,,,,,,
2019-03-21,68.3,59.98,,,,,,0.646,,,2.54,2.41,0.05,0.13,,,1.1361,110.86,6.6952,114.1684,13.63,,91.17,,,,,,,
2019-03-22,66.29,58.87,,,,,,0.638,,,2.44,2.31,-0.02,0.13,,,1.1282,109.76,6.7162,114.6856,16.48,-0.5832,83.99,,,,,,,
2019-03-23,,,,,,,,,,,,,,,,,,,,,,,102.4,,,,,,,
2019-03-24,,,,,,,,,,,,,,,,,,,,,,,127.53,,,,,,,
2019-03-25,67.37,58.71,,,,,,0.633,,,2.43,2.26,-0.03,0.17,,,1.1324,110.09,6.7079,114.4171,16.33,,69.27,,,,,,,
2019-03-26,67.51,59.87,,,,,,0.641,,,2.41,2.24,-0.05,0.17,,,1.128,110.5,6.7145,114.6414,14.68,,78.28,,,,,,,
2019-03-27,67.35,59.39,,,,,,0.638,,,2.39,2.22,-0.05,0.17,,,1.125,110.38,6.7262,115.1243,15.15,,92.66,,,,,,,
2019-03-28,66.08,59.29,,,,,,0.638,,,2.39,2.23,-0.04,0.16,,,1.1236,110.54,6.7381,115.2581,14.43,,53.74,,,,,,,
2019-03-29,67.93,60.19,,,,,,0.64,,,2.41,2.27,0.01,0.14,,,1.1228,110.68,6.7112,115.1371,13.71,-0.3222,91.25,,,,,,,
2019-03-30,,,,,,,,,,,,,,,,,,,,,,,101.92,,,,,,,
2019-03-31,,,,,,,,,,,,,,,,,,,,,,,134.75,,,,,,,
2019-04-01,69.08,61.59,5.0797619047619,6438.3625,1845.425,12772.7875,25.70454545454545,0.64,207.4,176.7,2.49,2.33,0.06,0.16,,,1.121,111.29,6.7102,114.9362,13.4,,117.34,191.28384853645807,102.274,99.4076,150591.0,262.332,103.265,2482450160132.9
2019-04-02,69.68,62.53,,,,,,0.64,,,2.48,2.3,0.06,0.18,,,1.1186,111.32,6.7223,115.1173,13.36,,130.56,,,,,,,
2019-04-03,69.21,62.46,,,,,,0.618,,,2.52,2.33,0.08,0.19,,,1.1242,111.48,6.7098,114.7211,13.74,,81.95,,,,,,,
2019-04-04,69.8,62.12,,,,,,0.618,,,2.51,2.33,0.07,0.18,,,1.1216,111.55,6.7167,114.9697,13.58,,82.78,,,,,,,
2019-04-05,69.93,63.1,,,,,,0.618,,,2.5,2.35,0.06,0.15,,,1.1217,111.71,6.7182,114.9726,12.82,-0.6738,50.15,,,,,,,
2019-04-06,,,,,,,,,,,,,,,,,,,,,,,108.22,,,,,,,
2019-04-07,,,,,,,,,,,,,,,,,,,,,,,127.54,,,,,,,
2019-04-08,71.12,64.37,,,,,,0.636,,,2.52,2.36,0.09,0.16,,,1.1262,111.47,6.7158,114.6893,13.18,,58.07,,,,,,,
2019-04-09,71.02,64.05,,,,,,0.651,,,2.51,2.35,0.09,0.16,,,1.1278,111.08,6.7111,114.5321,14.28,,60.19,,,,,,,
2019-04-10,71.63,64.62,,,,,,0.679,,,2.48,2.31,0.05,0.17,,,1.1266,110.92,6.7153,114.4269,13.3,,71.78,,,,,,,
2019-04-11,71.3,63.61,,,,,,0.671,,,2.51,2.35,0.08,0.16,,,1.1262,111.48,6.7188,114.6303,13.02,,54.57,,,,,,,
2019-04-12,71.57,63.86,,,,,,0.668,,,2.56,2.4,0.12,0.16,,,1.1304,112.0,6.7039,114.3531,12.01,-0.657,75.79,,,,,,,
2019-04-13,,,,,,,,,,,,,,,,,,,,,,,66.73,,,,,,,
2019-04-14,,,,,,,,,,,,,,,,,,,,,,,161.23,,,,,,,
2019-04-15,70.9,63.43,,,,,,0.645,,,2.55,2.4,0.12,0.15,,,1.1304,112.0,6.7072,114.495,12.32,,76.25,,,,,,,
2019-04-16,70.74,64.01,,,,,,0.633,,,2.6,2.41,0.17,0.19,,,1.1293,111.95,6.7112,114.6756,12.18,,58.1,,,,,,,
2019-04-17,71.14,63.74,,,,,,0.625,,,2.59,2.4,0.15,0.19,,,1.1297,112.0,6.687,114.5141,12.6,,63.24,,,,,,,
2019-04-18,70.71,64.02,,,,,,0.62,,,2.57,2.38,0.15,0.19,,,1.1241,111.94,6.7081,114.7073,12.09,,56.96,,,,,,,
2019-04-19,,,,,,,,,,,,,,,,,1.1246,111.92,6.7032,114.6977,,-0.7751,48.34,,,,,,,
2019-04-20,,,,,,,,,,,,,,,,,,,,,,,52.37,,,,,,,
2019-04-21,,,,,,,,,,,,,,,,,,,,,,,83.39,,,,,,,
2019-04-22,70.71,65.66,,,,,,0.635,,,2.59,2.38,0.15,0.21,,,1.1258,111.94,6.7112,114.7694,12.42,,78.68,,,,,,,
2019-04-23,74.39,66.24,,,,,,0.663,,,2.57,2.36,0.12,0.21,,,1.1213,111.86,6.7249,115.1578,12.28,,56.96,,,,,,,
2019-04-24,73.59,65.96,,,,,,0.655,,,2.53,2.32,0.09,0.21,,,1.1192,111.81,6.7207,115.4187,13.14,,60.14,,,,,,,
2019-04-25,74.94,65.23,,,,,,0.673,,,2.54,2.33,0.11,0.21,,,1.114,111.59,6.7418,115.7709,13.25,,76.31,,,,,,,
2019-04-26,71.03,63.29,,,,,,0.653,,,2.51,2.28,0.09,0.23,,,1.1154,111.6,6.7282,115.4767,12.73,-0.636,67.89,,,,,,,
2019-04-27,,,,,,,,,,,,,,,,,,,,,,,56.25,,,,,,,
2019-04-28,,,,,,,,,,,,,,,,,,,,,,,107.52,,,,,,,
2019-04-29,71.22,63.39,,,,,,0.638,,,2.54,2.3,0.1,0.24,,,1.1166,111.8,6.7332,115.5227,13.11,,97.53,,,,,,,
2019-04-30,72.19,63.83,,,,,,0.633,,,2.51,2.27,0.08,0.24,,,1.1201,111.4,6.7347,115.3281,13.12,,75.34,,,,,,,
2019-05-01,72.01,63.55,5.03326086956522,6017.904761904762,1781.261904761905,12016.30952380952,24.68478260869565,0.618,212.9,171.0,2.52,2.31,0.09,0.21,,,1.1246,111.18,6.7319,115.0022,14.8,,112.75,223.54791390088798,102.392,99.3633,150618.0,262.59,103.371,
2019-05-02,70.56,61.75,,,,,,0.59,,,2.55,2.35,0.08,0.2,,,1.1184,111.39,6.7337,115.5617,14.42,,30.2,,,,,,,
2019-05-03,71.95,61.98,,,,,,0.598,,,2.54,2.33,0.11,0.21,,,1.1186,111.28,6.7337,115.2646,12.87,-0.6753,57.65,,,,,,,
2019-05-04,,,,,,,,,,,,,,,,,,,,,,,71.39,,,,,,,
2019-05-05,,,,,,,,,,,,,,,,,,,,,,,98.38,,,,,,,
2019-05-06,71.95,62.3,,,,,,0.584,,,2.51,2.31,0.07,0.2,,,1.1197,110.86,6.7602,115.3811,15.44,,93.78,,,,,,,
2019-05-07,70.98,61.41,,,,,,0.59,,,2.45,2.28,0.02,0.17,,,1.1178,110.34,6.7755,115.6116,19.32,,111.09,,,,,,,
2019-05-08,71.09,62.13,,,,,,0.59,,,2.49,2.3,0.06,0.19,,,1.1206,110.12,6.7818,115.5171,19.4,,101.81,,,,,,,
2019-05-09,70.61,61.58,,,,,,0.604,,,2.45,2.26,0.02,0.19,,,1.1228,109.55,6.8256,115.8421,19.1,,67.46,,,,,,,
2019-05-10,71.63,61.65,,,,,,0.623,,,2.47,2.26,0.04,0.21,,,1.1241,109.56,6.8217,115.5334,16.04,-0.3818,108.12,,,,,,,
2019-05-11,,,,,,,,,,,,,,,,,,,,,,,46.84,,,,,,,
2019-05-12,,,,,,,,,,,,,,,,,,,,,,,155.26,,,,,,,
2019-05-13,72.35,60.97,,,,,,0.63,,,2.4,2.18,-0.01,0.22,,,1.1232,109.18,6.8765,115.915,20.55,,94.65,,,,,,,
2019-05-14,72.53,61.82,,,,,,0.624,,,2.42,2.2,0.01,0.22,,,1.1207,109.68,6.8737,115.9425,18.06,,126.65,,,,,,,
2019-05-15,73.09,62.03,,,,,,0.6,,,2.37,2.16,-0.05,0.21,,,1.1208,109.58,6.8742,115.8565,16.44,,132.3,,,,,,,
2019-05-16,74.7,62.93,,,,,,0.603,,,2.4,2.2,0.0,0.2,,,1.1178,109.89,6.8832,116.0346,15.29,,94.72,,,,,,,
2019-05-17,73.94,62.77,,,,,,0.594,,,2.39,2.2,0.0,0.19,,,1.1166,109.9,6.9182,116.448,15.96,-0.3574,117.89,,,,,,,
2019-05-18,,,,,,,,,,,,,,,,,,,,,,,95.04,,,,,,,
2019-05-19,,,,,,,,,,,,,,,,,,,,,,,95.86,,,,,,,
2019-05-20,73.21,63.12,,,,,,0.58,,,2.41,2.21,0.02,0.2,,,1.117,109.96,6.9111,116.3119,16.31,,95.08,,,,,,,
2019-05-21,72.94,63.02,,,,,,0.578,,,2.43,2.26,0.04,0.17,,,1.1158,110.6,6.9007,116.2844,14.95,,73.8,,,,,,,
2019-05-22,71.94,61.42,,,,,,0.555,,,2.39,2.23,0.01,0.16,,,1.1156,110.28,6.9054,116.2412,14.75,,69.8,,,,,,,
2019-05-23,68.37,57.65,,,,,,0.519,,,2.31,2.12,-0.06,0.19,,,1.1172,109.58,6.9087,116.2368,16.92,,71.04,,,,,,,
2019-05-24,67.98,58.4,,,,,,0.53,,,2.32,2.16,-0.03,0.16,,,1.1197,109.38,6.8997,116.0806,15.85,-0.478,144.24,,,,,,,
2019-05-25,,,,,,,,,,,,,,,,,,,,,,,151.55,,,,,,,
2019-05-26,,,,,,,,,,,,,,,,,,,,,,,138.34,,,,,,,
2019-05-27,,,,,,,,,,,,,,,,,,,,,,,102.04,,,,,,,
2019-05-28,70.19,58.91,,,,,,0.554,,,2.26,2.12,-0.11,0.14,,,1.1177,109.49,6.9078,116.3174,17.5,,69.48,,,,,,,
2019-05-29,70.64,58.84,,,,,,0.54,,,2.25,2.09,-0.12,0.16,,,1.1136,109.24,6.9138,116.5535,17.9,,55.62,,,,,,,
2019-05-30,69.55,56.47,,,,,,0.54,,,2.22,2.06,-0.16,0.16,,,1.114,109.67,6.9011,116.3989,17.3,,50.84,,,,,,,
2019-05-31,66.78,53.49,,,,,,0.505,,,2.14,1.95,-0.21,0.19,,,1.1149,108.66,6.9027,116.7273,18.71,-0.1863,94.35,,,,,,,
2019-06-01,,,4.38925,5882.225,1755.95,11943.9375,24.475,,195.6,153.4,,,,,,,,,,,,,97.55,320.4310665201146,102.4375,101.6019,150838.0,263.177,103.56,
2019-06-02,,,,,,,,,,,,,,,,,,,,,,,159.79,,,,,,,
2019-06-03,63.16,53.25,,,,,,0.478,,,2.07,1.82,-0.28,0.25,,,1.1206,108.39,6.9028,116.4764,18.86,,72.86,,,,,,,
2019-06-04,63.56,53.5,,,,,,0.444,,,2.12,1.88,-0.23,0.24,,,1.1236,108.3,6.9072,116.091,16.97,,120.06,,,,,,,
2019-06-05,62.14,51.57,,,,,,0.418,,,2.12,1.83,-0.23,0.29,,,1.1242,108.2,6.9084,116.03,16.09,,217.51,,,,,,,
2019-06-06,62.77,52.59,,,,,,0.45,,,2.12,1.88,-0.21,0.24,,,1.1294,108.08,6.9082,115.9771,15.93,,137.43,,,,,,,
2019-06-07,64.1,53.95,,,,,,0.475,,,2.09,1.85,-0.19,0.24,,,1.1324,108.15,6.9057,115.7368,16.3,-0.2086,242.25,,,,,,,
2019-06-08,,,,,,,,,,,,,,,,,,,,,,,139.29,,,,,,,
2019-06-09,,,,,,,,,,,,,,,,,,,,,,,174.61,,,,,,,
2019-06-10,64.31,53.33,,,,,,0.438,,,2.15,1.9,-0.14,0.25,,,1.1311,108.56,6.9298,115.5001,15.94,,162.1,,,,,,,
2019-06-11,63.56,53.3,,,,,,0.424,,,2.15,1.93,-0.12,0.22,,,1.1316,108.52,6.9107,115.3794,15.99,,130.24,,,,,,,
2019-06-12,61.66,51.13,,,,,,0.403,,,2.13,1.88,-0.11,0.25,,,1.131,108.42,6.9161,115.438,15.91,,116.03,,,,,,,
2019-06-13,63.28,52.38,,,,,,0.416,,,2.1,1.83,-0.09,0.27,,,1.1275,108.44,6.9212,115.6275,15.82,,143.87,,,,,,,
2019-06-14,63.13,52.47,,,,,,0.438,,,2.09,1.84,-0.11,0.25,,,1.1217,108.44,6.9247,115.9057,15.28,-0.4329,145.07,,,,,,,
2019-06-15,,,,,,,,,,,,,,,,,,,,,,,175.49,,,,,,,
2019-06-16,,,,,,,,,,,,,,,,,,,,,,,198.5,,,,,,,
2019-06-17,62.56,51.94,,,,,,0.415,,,2.09,1.86,-0.14,0.23,,,1.1235,108.56,6.9251,115.9684,15.35,,82.16,,,,,,,
2019-06-18,63.35,53.86,,,,,,0.428,,,2.06,1.86,-0.16,0.2,,,1.1196,108.39,6.9002,115.8797,15.15,,146.35,,,,,,,
2019-06-19,62.85,53.74,,,,,,0.428,,,2.03,1.74,-0.15,0.29,,,1.1214,108.36,6.8996,115.7889,14.33,,77.89,,,,,,,
2019-06-20,65.44,56.88,,,,,,0.456,,,2.01,1.72,-0.13,0.29,,,1.1284,107.52,6.851,114.8046,14.75,,116.67,,,,,,,
2019-06-21,65.99,57.35,,,,,,0.473,,,2.07,1.77,-0.04,0.3,,,1.1328,107.55,6.8686,114.8377,15.4,-0.3448,178.92,,,,,,,
2019-06-22,,,,,,,,,,,,,,,,,,,,,,,127.09,,,,,,,
2019-06-23,,,,,,,,,,,,,,,,,,,,,,,245.77,,,,,,,
2019-06-24,65.16,57.73,,,,,,0.465,,,2.02,1.72,-0.11,0.3,,,1.1393,107.36,6.8758,114.6559,15.26,,92.75,,,,,,,
2019-06-25,66.24,57.63,,,,,,0.468,,,2.0,1.71,-0.12,0.29,,,1.1386,106.92,6.8791,114.6363,16.28,,74.19,,,,,,,
2019-06-26,66.85,59.17,,,,,,0.495,,,2.05,1.77,-0.1,0.28,,,1.139,107.64,6.8781,114.5608,16.21,,142.51,,,,,,,
2019-06-27,66.78,59.18,,,,,,0.488,,,2.01,1.74,-0.13,0.27,,,1.1372,107.73,6.8762,114.665,15.82,,64.08,,,,,,,
2019-06-28,67.52,58.2,,,,,,0.484,,,2.0,1.75,-0.12,0.25,,,1.1374,107.84,6.865,114.5821,15.08,-0.3396,129.48,,,,,,,
2019-06-29,,,,,,,,,,,,,,,,,,,,,,,96.2,,,,,,,
2019-06-30,,,,,,,,,,,,,,,,,,,,,,,114.41,,,,,,,
2019-07-01,65.1,58.91,4.41934782608696,5941.195652173913,1796.989130434783,13546.30434782609,25.22826086956522,0.483,198.9,162.3,2.03,1.78,-0.18,0.25,,,1.1307,108.42,6.8487,114.7239,14.06,,174.62,249.39605046668876,101.9408,97.2659,150937.0,263.566,103.678,2488296192378.5
2019-07-02,62.72,56.0,,,,,,0.45,,,1.98,1.77,-0.22,0.21,,,1.1301,107.98,6.8717,114.8258,12.93,,144.12,,,,,,,
2019-07-03,63.53,57.06,,,,,,0.478,,,1.96,1.77,-0.25,0.19,,,1.1275,107.84,6.8806,114.8135,12.57,,126.27,,,,,,,
2019-07-04,63.62,,,,,,,,,,,,,,,,,,,,,,96.84,,,,,,,
2019-07-05,64.23,,,,,,,,,,2.04,1.87,-0.19,0.17,,,1.1216,108.55,6.8925,115.1132,13.28,-0.5278,72.83,,,,,,,
2019-07-06,,,,,,,,,,,,,,,,,,,,,,,93.29,,,,,,,
2019-07-07,,,,,,,,,,,,,,,,,,,,,,,180.55,,,,,,,
2019-07-08,64.89,57.35,,,,,,0.475,,,2.05,1.88,-0.21,0.17,,,1.1208,108.72,6.8808,115.0254,13.96,,72.06,,,,,,,
2019-07-09,64.3,57.57,,,,,,0.468,,,2.07,1.92,-0.19,0.15,,,1.121,108.78,6.8866,115.1017,14.09,,40.14,,,,,,,
2019-07-10,66.41,60.28,,,,,,0.505,,,2.07,1.82,-0.13,0.25,,,1.126,108.44,6.8705,115.0879,13.03,,45.62,,,,,,,
2019-07-11,67.64,59.93,,,,,,0.508,,,2.13,1.85,-0.04,0.28,,,1.1261,108.29,6.8682,114.8361,12.93,,103.84,,,,,,,
2019-07-12,66.65,59.99,,,,,,0.47,,,2.12,1.84,-0.02,0.28,,,1.1254,108.0,6.8796,114.7685,12.39,-0.4532,72.49,,,,,,,
2019-07-13,,,,,,,,,,,,,,,,,,,,,,,126.95,,,,,,,
2019-07-14,,,,,,,,,,,,,,,,,,,,,,,58.43,,,,,,,
2019-07-15,66.86,59.3,,,,,,0.493,,,2.09,1.83,-0.07,0.26,,,1.126,107.89,6.8769,114.6819,12.68,,72.19,,,,,,,
2019-07-16,65.87,57.44,,,,,,0.496,,,2.13,1.87,-0.02,0.26,,,1.1212,108.35,6.8753,115.0111,12.86,,53.41,,,,,,,
2019-07-17,63.67,56.5,,,,,,0.516,,,2.06,1.83,-0.08,0.23,,,1.1232,108.1,6.8731,114.8819,13.97,,77.06,,,,,,,
2019-07-18,60.7,55.08,,,,,,0.511,,,2.04,1.77,-0.01,0.27,,,1.1228,107.74,6.8788,114.8744,13.53,,61.63,,,,,,,
2019-07-19,61.04,55.42,,,,,,0.504,,,2.05,1.8,-0.01,0.25,,,1.122,107.78,6.8812,114.8695,14.45,-0.3647,61.84,,,,,,,
2019-07-20,,,,,,,,,,,,,,,,,,,,,,,28.88,,,,,,,
2019-07-21,,,,,,,,,,,,,,,,,,,,,,,112.14,,,,,,,
2019-07-22,61.96,55.87,,,,,,0.498,,,2.05,1.8,-0.04,0.25,,,1.1214,107.91,6.8803,115.0018,13.53,,75.32,,,,,,,
2019-07-23,62.28,56.58,,,,,,0.5,,,2.08,1.83,0.02,0.25,,,1.1156,108.06,6.8787,115.2995,12.61,,114.24,,,,,,,
2019-07-24,63.83,55.9,,,,,,0.5,,,2.05,1.83,-0.05,0.22,,,1.1141,108.08,6.8717,115.2436,12.07,,79.72,,,,,,,
2019-07-25,63.47,55.88,,,,,,0.488,,,2.08,1.86,-0.02,0.22,,,1.1156,108.58,6.8714,115.2982,12.74,,40.68,,,,,,,
2019-07-26,62.46,56.04,,,,,,0.488,,,2.08,1.86,-0.04,0.22,,,1.1121,108.69,6.8785,115.5449,12.16,-0.4929,116.11,,,,,,,
2019-07-27,,,,,,,,,,,,,,,,,,,,,,,174.53,,,,,,,
2019-07-28,,,,,,,,,,,,,,,,,,,,,,,133.67,,,,,,,
2019-07-29,62.29,56.85,,,,,,0.488,,,2.06,1.85,-0.06,0.21,,,1.1142,108.86,6.8927,115.5885,12.83,,86.97,,,,,,,
2019-07-30,62.55,58.04,,,,,,0.494,,,2.06,1.85,-0.02,0.21,,,1.1148,108.66,6.8833,115.6211,13.94,,139.24,,,,,,,
2019-07-31,64.07,58.53,,,,,,0.445,,,2.02,1.89,-0.06,0.13,,,1.113,108.58,6.8833,115.4946,16.12,,103.01,,,,,,,
2019-08-01,62.9,53.64,4.28022727272727,5709.440476190476,1740.678571428571,15748.64285714286,25.28409090909091,0.443,189.0,156.9,1.9,1.73,-0.17,0.17,,,1.1062,108.28,6.8972,116.0499,17.87,,150.2,290.65585871241694,102.639,100.8294,151169.0,264.169,103.797,
2019-08-02,61.12,55.67,,,,,,0.445,,,1.86,1.72,-0.2,0.14,,,1.1112,106.64,6.9387,116.1864,17.61,-0.2673,117.41,,,,,,,
2019-08-03,,,,,,,,,,,,,,,,,,,,,,,153.64,,,,,,,
2019-08-04,,,,,,,,,,,,,,,,,,,,,,,87.14,,,,,,,
2019-08-05,59.32,54.63,,,,,,0.413,,,1.75,1.59,-0.3,0.16,,,1.1197,106.02,7.0481,116.5851,24.59,,83.03,,,,,,,
2019-08-06,58.63,53.6,,,,,,0.453,,,1.73,1.6,-0.32,0.13,,,1.1196,106.45,7.0192,116.6904,20.17,,84.05,,,,,,,
2019-08-07,55.03,51.14,,,,,,0.388,,,1.71,1.59,-0.31,0.12,,,1.1236,105.62,7.0592,116.7987,19.49,,92.22,,,,,,,
2019-08-08,56.29,52.6,,,,,,0.4,,,1.72,1.62,-0.3,0.1,,,1.121,106.04,7.044,116.474,16.91,,93.48,,,,,,,
2019-08-09,57.37,54.41,,,,,,0.4,,,1.74,1.63,-0.26,0.11,,,1.1222,105.3,7.0613,116.4419,17.97,0.2426,92.35,,,,,,,
2019-08-10,,,,,,,,,,,,,,,,,,,,,,,57.72,,,,,,,
2019-08-11,,,,,,,,,,,,,,,,,,,,,,,123.95,,,,,,,
2019-08-12,57.13,54.98,,,,,,0.4,,,1.65,1.58,-0.35,0.07,,,1.1212,105.38,7.0578,116.7548,21.09,,109.59,,,,,,,
2019-08-13,59.9,57.05,,,,,,0.405,,,1.68,1.66,-0.32,0.02,,,1.1182,106.6,7.0423,116.7267,17.52,,70.1,,,,,,,
2019-08-14,57.86,55.16,,,,,,0.385,,,1.59,1.58,-0.37,0.01,,,1.1144,105.79,7.0224,117.0913,22.1,,133.71,,,,,,,
2019-08-15,57.37,54.51,,,,,,0.368,,,1.52,1.48,-0.39,0.04,,,1.1106,106.12,7.0327,117.2239,21.18,,144.25,,,,,,,
2019-08-16,59.0,54.83,,,,,,0.365,,,1.55,1.48,-0.32,0.07,,,1.1091,106.34,7.0413,117.0786,18.47,0.1954,105.71,,,,,,,
2019-08-17,,,,,,,,,,,,,,,,,,,,,,,176.17,,,,,,,
2019-08-18,,,,,,,,,,,,,,,,,,,,,,,196.87,,,,,,,
2019-08-19,59.79,56.24,,,,,,0.376,,,1.6,1.53,-0.34,0.07,,,1.1096,106.5,7.0499,117.3886,16.88,,144.84,,,,,,,
2019-08-20,59.03,56.18,,,,,,0.376,,,1.55,1.5,-0.39,0.05,,,1.1092,106.35,7.0597,117.3726,17.5,,229.29,,,,,,,
2019-08-21,60.6,55.65,,,,,,0.38,,,1.59,1.56,-0.38,0.03,,,1.1098,106.52,7.0623,117.1764,15.8,,278.29,,,,,,,
2019-08-22,59.81,55.33,,,,,,0.38,,,1.62,1.61,-0.38,0.01,,,1.1089,106.44,7.0829,117.3558,16.68,,186.06,,,,,,,
2019-08-23,58.64,54.08,,,,,,0.413,,,1.52,1.51,-0.45,0.01,,,1.1148,105.3,7.0928,117.3009,19.87,-0.0937,268.83,,,,,,,
2019-08-24,,,,,,,,,,,,,,,,,,,,,,,386.19,,,,,,,
2019-08-25,,,,,,,,,,,,,,,,,,,,,,,321.21,,,,,,,
2019-08-26,58.64,53.54,,,,,,0.418,,,1.54,1.54,-0.47,0.0,,,1.1112,106.0,7.1503,117.6658,19.32,,267.98,,,,,,,
2019-08-27,58.44,54.99,,,,,,0.428,,,1.49,1.53,-0.49,-0.04,,,1.1094,105.8,7.1603,117.75,20.31,,173.5,,,,,,,
2019-08-28,60.42,55.76,,,,,,0.43,,,1.47,1.5,-0.52,-0.03,,,1.1084,105.86,7.1628,117.8767,19.35,,132.75,,,,,,,
2019-08-29,60.59,56.67,,,,,,0.425,,,1.5,1.53,-0.49,-0.03,,,1.1059,106.5,7.1434,118.0625,17.88,,100.25,,,,,,,
2019-08-30,61.04,55.07,,,,,,0.415,,,1.5,1.5,-0.49,0.0,,,1.0989,106.3,7.1543,118.1575,18.98,-0.0537,116.43,,,,,,,
2019-08-31,,,,,,,,,,,,,,,,,,,,,,,135.02,,,,,,,
2019-09-01,,,5.05452380952381,5759.25,1753.511904761905,17656.88095238095,25.41190476190476,,180.0,156.2,,,,,,,,,,,,,242.38,237.37555726286612,102.2917,99.5562,151365.0,264.522,103.873,
2019-09-02,58.55,,,,,,,,,,,,,,,,,,,,,,229.98,,,,,,,
2019-09-03,57.93,53.91,,,,,,0.406,,,1.47,1.47,-0.51,0.0,,,1.0968,105.88,7.1786,118.3113,19.66,,95.61,,,,,,,
2019-09-04,60.68,56.22,,,,,,0.433,,,1.47,1.43,-0.5,0.04,,,1.1025,106.28,7.144,117.6729,17.33,,92.02,,,,,,,
2019-09-05,62.7,56.33,,,,,,0.44,,,1.57,1.55,-0.4,0.02,,,1.1038,106.96,7.1468,117.4776,16.27,,106.57,,,,,,,
2019-09-06,61.28,56.45,,,,,,0.435,,,1.55,1.53,-0.41,0.02,,,1.1042,106.8,7.1131,117.1292,15.0,-0.0994,130.51,,,,,,,
2019-09-07,,,,,,,,,,,,,,,,,,,,,,,160.77,,,,,,,
2019-09-08,,,,,,,,,,,,,,,,,,,,,,,128.76,,,,,,,
2019-09-09,63.99,57.88,,,,,,0.45,,,1.63,1.58,-0.33,0.05,,,1.1056,107.14,7.121,117.0601,15.27,,65.84,,,,,,,
2019-09-10,64.67,57.37,,,,,,0.443,,,1.72,1.67,-0.23,0.05,,,1.1042,107.34,7.1121,117.0887,15.2,,64.63,,,,,,,
2019-09-11,63.02,55.66,,,,,,0.433,,,1.75,1.68,-0.21,0.07,,,1.1001,107.73,7.1153,117.3125,14.61,,58.52,,,,,,,
2019-09-12,60.76,55.13,,,,,,0.428,,,1.79,1.72,-0.16,0.07,,,1.1074,107.97,7.0787,116.8375,14.22,,100.33,,,,,,,
2019-09-13,61.25,54.76,,,,,,0.426,,,1.9,1.79,-0.06,0.11,,,1.1074,108.12,7.0754,116.7677,13.74,-0.349,103.12,,,,,,,
2019-09-14,,,,,,,,,,,,,,,,,,,,,,,103.05,,,,,,,
2019-09-15,,,,,,,,,,,,,,,,,,,,,,,154.3,,,,,,,
2019-09-16,68.42,63.1,,,,,,0.503,,,1.84,1.74,-0.15,0.1,,,1.1006,107.94,7.0659,117.0251,14.67,,67.24,,,,,,,
2019-09-17,65.59,59.26,,,,,,0.48,,,1.81,1.72,-0.18,0.09,,,1.1063,108.12,7.0905,116.9826,14.44,,79.18,,,,,,,
2019-09-18,64.29,58.19,,,,,,0.443,,,1.8,1.77,-0.15,0.03,,,1.1061,108.17,7.0849,116.9766,13.95,,72.64,,,,,,,
2019-09-19,64.25,58.19,,,,,,0.45,,,1.79,1.74,-0.14,0.05,,,1.1046,108.0,7.0959,117.0861,14.05,,184.82,,,,,,,
2019-09-20,65.23,57.92,,,,,,0.463,,,1.74,1.69,-0.17,0.05,,,1.1004,107.95,7.0909,117.1819,15.32,-0.154,98.34,,,,,,,
2019-09-21,,,,,,,,,,,,,,,,,,,,,,,139.28,,,,,,,
2019-09-22,,,,,,,,,,,,,,,,,,,,,,,133.98,,,,,,,
2019-09-23,64.66,58.69,,,,,,0.463,,,1.72,1.68,-0.22,0.04,,,1.0991,107.47,7.1168,117.2986,14.91,,134.52,,,,,,,
2019-09-24,64.13,57.22,,,,,,0.45,,,1.64,1.6,-0.28,0.04,,,1.0999,107.32,7.1138,117.2227,17.05,,120.81,,,,,,,
2019-09-25,62.41,56.38,,,,,,0.458,,,1.73,1.68,-0.16,0.05,,,1.0949,107.78,7.1313,117.6527,15.96,,144.83,,,,,,,
2019-09-26,62.08,56.24,,,,,,0.47,,,1.7,1.66,-0.13,0.04,,,1.0938,107.67,7.13,117.7267,16.07,,60.07,,,,,,,
2019-09-27,62.48,55.95,,,,,,0.46,,,1.69,1.63,-0.11,0.06,,,1.0942,108.05,7.1218,117.7218,17.22,0.0993,101.26,,,,,,,
2019-09-28,,,,,,,,,,,,,,,,,,,,,,,97.83,,,,,,,
2019-09-29,,,,,,,,,,,,,,,,,,,,,,,165.02,,,,,,,
2019-09-30,60.99,54.09,,,,,,0.454,,,1.68,1.63,-0.2,0.05,,,1.0905,108.11,7.1477,117.9461,16.24,,113.0,,,,,,,
2019-10-01,60.06,53.6,6.01739130434783,5757.297826086957,1725.95652173913,17046.21739130435,24.91739130434783,0.439,185.9,146.1,1.65,1.56,-0.17,0.09,,,1.0932,107.7,7.1473,117.9595,18.56,,65.08,202.25403568557496,101.4281,98.9834,151460.0,265.059,104.028,2487964958129.5
2019-10-02,57.92,52.67,,,,,,0.426,,,1.6,1.48,-0.19,0.12,,,1.0951,107.21,7.1473,117.9671,20.56,,92.82,,,,,,,
2019-10-03,58.01,52.41,,,,,,0.433,,,1.54,1.39,-0.16,0.15,,,1.0991,106.76,7.1473,117.6608,19.12,,46.59,,,,,,,
2019-10-04,59.13,52.84,,,,,,0.434,,,1.52,1.4,-0.19,0.12,,,1.0974,106.91,7.1473,117.5288,17.04,0.3627,105.75,,,,,,,
2019-10-05,,,,,,,,,,,,,,,,,,,,,,,200.44,,,,,,,
2019-10-06,,,,,,,,,,,,,,,,,,,,,,,192.8,,,,,,,
2019-10-07,59.46,52.76,,,,,,0.468,,,1.56,1.46,-0.19,0.1,,,1.0984,107.06,7.1473,117.5533,17.86,,137.56,,,,,,,
2019-10-08,58.14,52.64,,,,,,0.473,,,1.54,1.42,-0.18,0.12,,,1.0949,107.06,7.1422,117.7407,20.28,,165.35,,,,,,,
2019-10-09,59.7,52.63,,,,,,0.49,,,1.59,1.47,-0.1,0.12,,,1.0978,107.43,7.1316,117.6835,18.64,,62.58,,,,,,,
2019-10-10,59.08,53.57,,,,,,0.48,,,1.67,1.53,-0.01,0.14,,,1.1018,107.91,7.1153,117.2801,17.57,,119.93,,,,,,,
2019-10-11,60.59,54.76,,,,,,0.474,,,1.76,1.63,0.08,0.13,,,1.1039,108.52,7.0868,116.8239,15.58,0.1355,95.08,,,,,,,
2019-10-12,,,,,,,,,,,,,,,,,,,,,,,88.08,,,,,,,
2019-10-13,,,,,,,,,,,,,,,,,,,,,,,80.63,,,,,,,
2019-10-14,58.81,53.57,,,,,,0.464,,,,,,,,,,,,,14.57,,108.55,,,,,,,
2019-10-15,59.19,52.81,,,,,,0.459,,,1.77,1.61,0.1,0.16,,,1.1036,108.83,7.0814,116.8111,13.54,,68.05,,,,,,,
2019-10-16,59.3,53.42,,,,,,0.463,,,1.75,1.58,0.09,0.17,,,1.1075,108.71,7.092,116.6425,13.68,,114.65,,,,,,,
2019-10-17,59.35,53.89,,,,,,0.47,,,1.76,1.6,0.1,0.16,,,1.1129,108.51,7.0766,116.2615,13.79,,156.8,,,,,,,
2019-10-18,59.96,53.75,,,,,,0.465,,,1.76,1.58,0.1,0.18,,,1.1155,108.44,7.0805,116.1344,14.25,-0.137,64.05,,,,,,,
2019-10-19,,,,,,,,,,,,,,,,,,,,,,,60.31,,,,,,,
2019-10-20,,,,,,,,,,,,,,,,,,,,,,,56.13,,,,,,,
2019-10-21,58.95,53.28,,,,,,0.464,,,1.8,1.62,0.13,0.18,,,1.1145,108.57,7.0748,116.0436,14.0,,57.74,,,,,,,
2019-10-22,60.5,54.21,,,,,,0.471,,,1.78,1.6,0.13,0.18,,,1.1138,108.56,7.0761,115.9851,14.46,,42.25,,,,,,,
2019-10-23,60.52,55.9,,,,,,0.46,,,1.77,1.58,0.12,0.19,,,1.1118,108.64,7.0624,116.0586,14.01,,80.02,,,,,,,
2019-10-24,61.71,56.11,,,,,,0.464,,,1.77,1.58,0.1,0.19,,,1.1098,108.62,7.0684,116.1278,13.71,,56.27,,,,,,,
2019-10-25,62.06,56.52,,,,,,0.468,,,1.8,1.63,0.14,0.17,,,1.1081,108.75,7.0647,116.0774,12.65,-0.1342,67.88,,,,,,,
2019-10-26,,,,,,,,,,,,,,,,,,,,,,,78.83,,,,,,,
2019-10-27,,,,,,,,,,,,,,,,,,,,,,,166.39,,,,,,,
2019-10-28,60.39,55.6,,,,,,0.47,,,1.85,1.64,0.2,0.21,,,1.1094,109.02,7.067,116.0222,13.11,,28.94,,,,,,,
2019-10-29,61.05,55.34,,,,,,0.47,,,1.84,1.64,0.21,0.2,,,1.1117,108.83,7.0655,115.9797,13.2,,134.13,,,,,,,
2019-10-30,60.22,54.85,,,,,,0.503,,,1.78,1.61,0.16,0.17,,,1.1123,108.88,7.0541,116.1636,12.33,,111.12,,,,,,,
2019-10-31,59.3,54.02,,,,,,0.51,,,1.69,1.52,0.15,0.17,,,1.1155,108.09,7.0379,115.9125,13.22,,133.29,,,,,,,
2019-11-01,60.17,56.04,5.45642857142857,5859.952380952381,1774.785714285714,15171.80952380952,24.98809523809524,0.51,179.1,155.9,1.73,1.56,0.21,0.17,,,1.1169,108.16,7.0368,115.7312,12.3,-0.07,35.14,242.6026066416673,101.9372,98.6612,151667.0,265.108,104.092,
2019-11-02,,,,,,,,,,,,,,,,,,,,,,,135.0,,,,,,,
2019-11-03,,,,,,,,,,,,,,,,,,,,,,,143.99,,,,,,,
2019-11-04,62.52,56.33,,,,,,0.515,,,1.79,1.6,0.26,0.19,,,1.1144,108.56,7.03,115.8624,12.83,,75.66,,,,,,,
2019-11-05,62.72,57.04,,,,,,0.511,,,1.86,1.63,0.3,0.23,,,1.107,109.13,7.0082,116.1138,13.1,,129.4,,,,,,,
2019-11-06,62.11,56.15,,,,,,0.511,,,1.81,1.61,0.25,0.2,,,1.1076,108.86,6.9968,116.1004,12.62,,48.77,,,,,,,
2019-11-07,62.6,56.91,,,,,,0.515,,,1.92,1.68,0.36,0.24,,,1.1045,109.42,6.9766,116.1172,12.73,,67.84,,,,,,,
2019-11-08,62.0,57.02,,,,,,0.518,,,1.94,1.68,0.39,0.26,,,1.1019,109.14,6.9954,116.3436,12.07,-0.1016,127.43,,,,,,,
2019-11-09,,,,,,,,,,,,,,,,,,,,,,,125.21,,,,,,,
2019-11-10,,,,,,,,,,,,,,,,,,,,,,,118.98,,,,,,,
2019-11-11,62.58,,,,,,,,,,,,,,,,,,,,12.69,,101.72,,,,,,,
2019-11-12,62.19,56.67,,,,,,0.525,,,1.92,1.66,0.33,0.26,,,1.1017,109.09,7.0066,116.5837,12.68,,89.57,,,,,,,
2019-11-13,62.27,56.88,,,,,,0.533,,,1.88,1.63,0.31,0.25,,,1.1004,108.83,7.0223,116.8397,13.0,,106.88,,,,,,,
2019-11-14,62.46,56.57,,,,,,0.53,,,1.82,1.58,0.25,0.24,,,1.1016,108.33,7.0195,116.8022,13.05,,53.75,,,,,,,
2019-11-15,63.32,57.54,,,,,,0.544,,,1.84,1.61,0.27,0.23,,,1.1046,108.8,7.0075,116.4401,12.05,-0.1092,56.77,,,,,,,
2019-11-16,,,,,,,,,,,,,,,,,,,,,,,91.22,,,,,,,
2019-11-17,,,,,,,,,,,,,,,,,,,,,,,125.9,,,,,,,
2019-11-18,62.82,56.82,,,,,,0.529,,,1.81,1.6,0.24,0.21,,,1.1079,108.61,7.0246,116.3625,12.46,,19.85,,,,,,,
2019-11-19,62.37,54.93,,,,,,0.523,,,1.79,1.6,0.22,0.19,,,1.1075,108.59,7.0263,116.5391,12.86,,33.14,,,,,,,
2019-11-20,63.8,56.71,,,,,,0.548,,,1.73,1.56,0.16,0.17,,,1.1063,108.67,7.0344,116.828,12.78,,46.27,,,,,,,
2019-11-21,64.99,58.36,,,,,,0.56,,,1.77,1.6,0.19,0.17,,,1.1067,108.53,7.0285,116.7435,13.13,,65.17,,,,,,,
2019-11-22,64.83,57.68,,,,,,0.553,,,1.77,1.61,0.19,0.16,,,1.1029,108.67,7.0389,116.9137,12.34,-0.0577,83.86,,,,,,,
2019-11-23,,,,,,,,,,,,,,,,,,,,,,,63.35,,,,,,,
2019-11-24,,,,,,,,,,,,,,,,,,,,,,,110.11,,,,,,,
2019-11-25,64.67,57.79,,,,,,0.546,,,1.76,1.61,0.15,0.15,,,1.1009,108.95,7.0349,117.0098,11.87,,41.17,,,,,,,
2019-11-26,64.82,58.25,,,,,,0.55,,,1.74,1.58,0.14,0.16,,,1.1012,109.11,7.0319,117.0513,11.54,,37.49,,,,,,,
2019-11-27,65.03,58.12,,,,,,0.55,,,1.77,1.63,0.15,0.14,,,1.1002,109.38,7.028,117.1273,11.75,,37.18,,,,,,,
2019-11-28,64.68,,,,,,,,,,,,,,,,,,,,,,97.06,,,,,,,
2019-11-29,64.5,58.12,,,,,,,,,1.78,1.61,0.19,0.17,,,1.1019,109.47,7.0308,117.1204,12.62,-0.1952,122.19,,,,,,,
2019-11-30,,,,,,,,,,,,,,,,,,,,,,,41.19,,,,,,,
2019-12-01,,,5.57340909090909,6077.0625,1771.38,13829.425,25.625,,174.5,162.8,,,,,,,,,,,,,99.73,232.09853032302175,101.7003,97.7492,151794.0,264.935,104.322,
2019-12-02,63.2,55.97,,,,,,0.54,,,1.83,1.61,0.23,0.22,,,1.1075,109.09,7.038,116.9647,14.91,,86.08,,,,,,,
2019-12-03,62.95,56.15,,,,,,0.528,,,1.72,1.53,0.15,0.19,,,1.1089,108.53,7.0609,116.8898,15.96,,69.28,,,,,,,
2019-12-04,65.25,58.46,,,,,,0.533,,,1.77,1.58,0.22,0.19,,,1.1076,108.87,7.0489,116.692,14.8,,64.18,,,,,,,
2019-12-05,65.67,58.42,,,,,,0.52,,,1.8,1.58,0.26,0.22,,,1.1104,108.69,7.0445,116.3838,14.52,,36.86,,,,,,,
2019-12-06,66.5,59.2,,,,,,0.518,,,1.84,1.61,0.31,0.23,,,1.1052,108.66,7.0348,116.5381,13.62,-0.0979,134.85,,,,,,,
2019-12-07,,,,,,,,,,,,,,,,,,,,,,,174.94,,,,,,,
2019-12-08,,,,,,,,,,,,,,,,,,,,,,,219.84,,,,,,,
2019-12-09,66.44,58.99,,,,,,0.516,,,1.83,1.63,0.29,0.2,,,1.1067,108.59,7.0389,116.3283,15.86,,130.15,,,,,,,
2019-12-10,66.57,59.22,,,,,,0.515,,,1.85,1.65,0.29,0.2,,,1.109,108.73,7.0328,116.2542,15.68,,189.13,,,,,,,
2019-12-11,65.37,58.74,,,,,,0.52,,,1.79,1.61,0.22,0.18,,,1.1092,108.67,7.0384,116.1478,14.99,,111.83,,,,,,,
2019-12-12,66.67,59.18,,,,,,0.52,,,1.9,1.66,0.34,0.24,,,1.1115,109.16,6.9925,115.8741,13.94,,99.79,,,,,,,
2019-12-13,67.44,60.11,,,,,,0.51,,,1.82,1.61,0.25,0.21,,,1.1128,109.28,6.9925,115.6967,12.63,-0.2735,164.4,,,,,,,
2019-12-14,,,,,,,,,,,,,,,,,,,,,,,139.75,,,,,,,
2019-12-15,,,,,,,,,,,,,,,,,,,,,,,110.44,,,,,,,
2019-12-16,68.04,60.21,,,,,,0.51,,,1.89,1.65,0.32,0.24,,,1.1139,109.64,6.9921,115.555,12.14,,79.66,,,,,,,
2019-12-17,68.99,60.88,,,,,,0.52,,,1.89,1.63,0.33,0.26,,,1.1148,109.52,6.9967,115.5553,12.29,,140.79,,,,,,,
2019-12-18,69.12,60.93,,,,,,0.508,,,1.92,1.63,0.36,0.29,,,1.1113,109.58,7.0029,115.6618,12.58,,89.87,,,,,,,
2019-12-19,69.7,61.3,,,,,,0.503,,,1.92,1.62,0.35,0.3,,,1.1128,109.23,7.0097,115.5988,12.5,,70.52,,,,,,,
2019-12-20,68.66,60.43,,,,,,0.493,,,1.92,1.63,0.34,0.29,,,1.1076,109.45,7.0063,115.7598,12.51,-0.3721,141.48,,,,,,,
2019-12-21,,,,,,,,,,,,,,,,,,,,,,,155.23,,,,,,,
2019-12-22,,,,,,,,,,,,,,,,,,,,,,,190.14,,,,,,,
2019-12-23,67.49,60.51,,,,,,0.483,,,1.93,1.64,0.34,0.29,,,1.1091,109.39,7.0124,115.8059,12.61,,110.91,,,,,,,
2019-12-24,69.26,61.17,,,,,,0.468,,,1.9,1.62,0.32,0.28,,,1.1084,109.38,7.0064,,12.67,,97.08,,,,,,,
2019-12-25,,,,,,,,,,,,,,,,,,,,,,,43.46,,,,,,,
2019-12-26,69.26,61.72,,,,,,0.448,,,1.9,1.64,0.32,0.26,,,1.1102,109.67,6.9949,115.634,12.65,,106.92,,,,,,,
2019-12-27,68.91,61.76,,,,,,0.448,,,1.88,1.59,0.31,0.29,,,1.1174,109.47,6.9954,115.22,13.43,-0.1869,127.92,,,,,,,
2019-12-28,,,,,,,,,,,,,,,,,,,,,,,123.1,,,,,,,
2019-12-29,,,,,,,,,,,,,,,,,,,,,,,245.14,,,,,,,
2019-12-30,68.3,61.66,,,,,,0.433,,,1.9,1.58,0.33,0.32,,,1.1217,108.85,6.9864,114.9631,14.82,,101.31,,,,,,,
2019-12-31,67.77,61.14,,,,,,0.413,,,1.92,1.58,0.37,0.34,,,1.1227,108.67,6.9618,114.669,13.78,,105.75,,,,,,,
2020-01-01,,,4.913695652,6031.209090909091,1773.090909090909,13506.86363636364,24.64130434782609,,178.5,158.7,,,,,,,,,,,,,186.06,191.721791492481,101.0338,97.0299,152031.0,266.004,104.507,2406342055101.1
2020-01-02,67.05,61.17,,,,,,0.441,,,1.88,1.58,0.34,0.3,,,1.1166,108.43,6.9642,114.9745,12.47,,139.13,,,,,,,
2020-01-03,69.08,63.0,,,,,,0.465,,,1.8,1.53,0.28,0.27,,,1.1173,107.94,6.9649,114.9867,14.02,-0.2334,108.1,,,,,,,
2020-01-04,,,,,,,,,,,,,,,,,,,,,,,212.82,,,,,,,
2020-01-05,,,,,,,,,,,,,,,,,,,,,,,173.76,,,,,,,
2020-01-06,70.25,63.27,,,,,,0.47,,,1.81,1.54,0.25,0.27,,,1.1187,108.36,6.9749,114.9557,13.85,,147.96,,,,,,,
2020-01-07,68.74,62.7,,,,,,0.466,,,1.83,1.54,0.29,0.29,,,1.1138,108.53,6.9443,115.1477,13.79,,103.98,,,,,,,
2020-01-08,67.31,59.65,,,,,,0.453,,,1.87,1.58,0.33,0.29,,,1.1117,109.03,6.9447,115.1328,13.45,,91.15,,,,,,,
2020-01-09,66.58,59.56,,,,,,0.46,,,1.85,1.58,0.31,0.27,,,1.1106,109.47,6.9309,115.2331,12.54,,71.92,,,,,,,
2020-01-10,66.77,59.02,,,,,,0.459,,,1.83,1.56,0.29,0.27,,,1.1119,109.5,6.9178,115.0677,12.56,-0.3595,74.58,,,,,,,
2020-01-11,,,,,,,,,,,,,,,,,,,,,,,127.36,,,,,,,
2020-01-12,,,,,,,,,,,,,,,,,,,,,,,159.24,,,,,,,
2020-01-13,64.14,58.17,,,,,,0.454,,,1.85,1.58,0.28,0.27,,,1.1138,109.93,6.8924,115.0342,12.32,,124.82,,,,,,,
2020-01-14,64.45,58.34,,,,,,0.446,,,1.82,1.58,0.25,0.24,,,1.113,110.05,6.8837,115.0239,12.39,,109.27,,,,,,,
2020-01-15,63.29,57.86,,,,,,0.43,,,1.79,1.56,0.22,0.23,,,1.116,109.94,6.8899,114.9528,12.42,,98.77,,,,,,,
2020-01-16,64.63,58.52,,,,,,0.43,,,1.81,1.58,0.26,0.23,,,1.1131,110.16,6.8769,115.0006,12.32,,88.05,,,,,,,
2020-01-17,64.05,58.55,,,,,,0.424,,,1.84,1.58,0.28,0.26,,,1.1093,110.16,6.8589,115.0656,12.1,-0.5275,77.76,,,,,,,
2020-01-18,,,,,,,,,,,,,,,,,,,,,,,89.29,,,,,,,
2020-01-19,,,,,,,,,,,,,,,,,,,,,,,162.21,,,,,,,
2020-01-20,64.63,,,,,,,,,,,,,,,,,,,,,,96.05,,,,,,,
2020-01-21,63.66,58.25,,,,,,0.423,,,1.78,1.53,0.22,0.25,,,1.1096,109.95,6.9049,115.1876,12.85,,87.56,,,,,,,
2020-01-22,62.11,56.76,,,,,,0.403,,,1.77,1.53,0.22,0.24,,,1.1085,109.93,6.904,115.2273,12.91,,77.19,,,,,,,
2020-01-23,61.26,55.51,,,,,,0.396,,,1.74,1.51,0.19,0.23,,,1.1041,109.39,6.9364,115.5545,12.98,,70.67,,,,,,,
2020-01-24,59.34,54.09,,,,,,0.398,,,1.7,1.49,0.16,0.21,,,1.1026,109.31,6.9161,115.5556,14.56,-0.4159,48.48,,,,,,,
2020-01-25,,,,,,,,,,,,,,,,,,,,,,,78.77,,,,,,,
2020-01-26,,,,,,,,,,,,,,,,,,,,,,,137.56,,,,,,,
2020-01-27,58.54,53.09,,,,,,0.39,,,1.61,1.44,0.06,0.17,,,1.1019,108.95,6.9161,115.8004,18.23,,22.25,,,,,,,
2020-01-28,59.37,53.33,,,,,,0.403,,,1.65,1.45,0.08,0.2,,,1.1008,109.17,6.9161,115.7239,16.28,,94.68,,,,,,,
2020-01-29,59.46,53.29,,,,,,0.425,,,1.6,1.42,0.04,0.18,,,1.1004,109.15,6.9161,115.7003,16.39,,88.62,,,,,,,
2020-01-30,57.72,52.19,,,,,,0.398,,,1.57,1.41,0.0,0.16,,,1.1032,108.75,6.9161,115.8077,15.49,,142.05,,,,,,,
2020-01-31,57.77,51.58,,,,,,0.396,,,1.51,1.33,-0.04,0.18,,,1.1082,108.5,6.9161,115.7345,18.84,-0.1277,122.2,,,,,,,
2020-02-01,,,2.92025,5687.75,1688.095,12715.55,24.6875,,167.0,136.0,,,,,,,,,,,,,147.37,196.49325687323858,101.3735,99.1736,152293.0,267.268,104.711,
2020-02-02,,,,,,,,,,,,,,,,,,,,,,,104.49,,,,,,,
2020-02-03,54.0,50.06,,,,,,0.378,,,1.54,1.36,-0.03,0.18,,,1.1062,108.59,7.0208,116.1172,17.97,,124.15,,,,,,,
2020-02-04,53.9,49.59,,,,,,0.378,,,1.61,1.41,0.04,0.2,,,1.1043,109.41,6.9979,115.9291,16.05,,111.96,,,,,,,
2020-02-05,55.36,50.87,,,,,,0.378,,,1.66,1.44,0.09,0.22,,,1.1006,109.74,6.972,116.009,15.15,,84.94,,,,,,,
2020-02-06,55.18,50.94,,,,,,0.383,,,1.65,1.44,0.08,0.21,,,1.0979,109.89,6.9694,116.1518,14.96,,81.75,,,,,,,
2020-02-07,54.53,50.34,,,,,,0.385,,,1.59,1.41,0.03,0.18,,,1.095,109.81,7.0003,116.5086,15.47,-0.4673,130.27,,,,,,,
2020-02-08,,,,,,,,,,,,,,,,,,,,,,,87.8,,,,,,,
2020-02-09,,,,,,,,,,,,,,,,,,,,,,,113.95,,,,,,,
2020-02-10,53.39,49.59,,,,,,0.376,,,1.56,1.37,-0.02,0.19,,,1.0916,109.77,6.982,116.5711,15.04,,111.39,,,,,,,
2020-02-11,54.0,50.0,,,,,,0.373,,,1.59,1.41,0.02,0.18,,,1.0917,109.78,6.965,116.3585,15.18,,152.71,,,,,,,
2020-02-12,55.54,51.13,,,,,,0.385,,,1.62,1.44,0.04,0.18,,,1.0893,110.0,6.9708,116.2794,13.74,,79.26,,,,,,,
2020-02-13,56.34,51.41,,,,,,0.394,,,1.61,1.44,0.02,0.17,,,1.0848,109.81,6.9759,116.3999,14.15,,82.23,,,,,,,
2020-02-14,57.37,52.03,,,,,,0.395,,,1.59,1.42,0.01,0.17,,,1.0839,109.77,6.9859,116.4223,13.68,-0.5752,71.98,,,,,,,
2020-02-15,,,,,,,,,,,,,,,,,,,,,,,82.1,,,,,,,
2020-02-16,,,,,,,,,,,,,,,,,,,,,,,131.52,,,,,,,
2020-02-17,57.83,,,,,,,,,,,,,,,,,,,,,,82.54,,,,,,,
2020-02-18,57.35,52.1,,,,,,0.403,,,1.55,1.41,-0.03,0.14,,,1.0815,109.8,6.9949,116.6039,14.83,,77.38,,,,,,,
2020-02-19,59.72,53.31,,,,,,0.436,,,1.56,1.42,-0.02,0.14,,,1.0794,111.17,6.9975,116.7829,14.38,,56.47,,,,,,,
2020-02-20,59.57,53.77,,,,,,0.44,,,1.52,1.39,-0.06,0.13,,,1.0797,111.86,7.0225,117.2454,15.56,,103.7,,,,,,,
2020-02-21,58.6,53.36,,,,,,0.435,,,1.46,1.34,-0.1,0.12,,,1.0855,111.74,7.0255,117.0473,17.08,-0.4512,106.59,,,,,,,
2020-02-22,,,,,,,,,,,,,,,,,,,,,,,177.27,,,,,,,
2020-02-23,,,,,,,,,,,,,,,,,,,,,,,144.34,,,,,,,
2020-02-24,56.71,51.36,,,,,,0.409,,,1.38,1.26,-0.15,0.12,,,1.0857,110.56,7.0286,117.4018,25.03,,88.73,,,,,,,
2020-02-25,55.29,49.78,,,,,,0.403,,,1.33,1.2,-0.2,0.13,,,1.0868,110.23,7.0128,117.2425,27.85,,147.84,,,,,,,
2020-02-26,54.96,48.67,,,,,,0.394,,,1.33,1.16,-0.2,0.17,,,1.0887,110.36,7.0214,117.405,27.56,,97.49,,,,,,,
2020-02-27,52.19,47.17,,,,,,0.396,,,1.3,1.11,-0.15,0.19,,,1.0977,110.15,7.0036,117.3678,39.16,,106.55,,,,,,,
2020-02-28,51.31,44.83,,,,,,0.395,,,1.13,0.86,-0.14,0.27,,,1.1001,108.12,6.9906,117.6568,40.11,0.6613,172.45,,,,,,,
2020-02-29,,,,,,,,,,,,,,,,,,,,,,,225.32,,,,,,,
2020-03-01,,,3.278863636,5182.631818181818,1610.890909090909,11846.22727272727,24.66136363636364,,133.3,89.8,,,,,,,,,,,,,175.73,318.4648591140121,97.4078,95.64,150895.0,267.312,104.632,
2020-03-02,52.52,46.78,,,,,,0.405,,,1.1,0.84,-0.03,0.26,,,1.1164,108.02,6.9595,116.8144,33.42,,153.53,,,,,,,
2020-03-03,52.24,47.27,,,,,,0.404,,,1.02,0.71,0.07,0.31,,,1.1175,107.28,6.9579,116.4958,36.82,,132.55,,,,,,,
2020-03-04,51.86,46.78,,,,,,0.4,,,1.02,0.67,0.3,0.35,,,1.113,107.34,6.9244,116.7802,31.99,,197.2,,,,,,,
2020-03-05,51.29,45.9,,,,,,0.385,,,0.92,0.59,0.3,0.33,,,1.1202,106.56,6.9366,116.7901,39.62,,118.02,,,,,,,
2020-03-06,45.6,41.14,,,,,,0.359,,,0.74,0.49,0.29,0.25,,,1.1319,105.31,6.9298,116.7106,41.94,1.3314,132.5,,,,,,,
2020-03-07,,,,,,,,,,,,,,,,,,,,,,,122.57,,,,,,,
2020-03-08,,,,,,,,,,,,,,,,,,,,,,,250.63,,,,,,,
2020-03-09,35.33,31.05,,,,,,0.303,,,0.54,0.38,0.21,0.16,,,1.142,102.52,6.9448,117.1871,54.46,,276.24,,,,,,,
2020-03-10,35.57,34.47,,,,,,0.318,,,0.76,0.5,0.32,0.26,,,1.1342,103.71,6.9549,117.9027,47.3,,296.12,,,,,,,
2020-03-11,34.45,33.13,,,,,,0.318,,,0.82,0.5,0.4,0.32,,,1.128,104.81,6.9595,118.2505,53.9,,234.73,,,,,,,
2020-03-12,31.02,31.56,,,,,,0.29,,,0.88,0.5,0.55,0.38,,,1.1081,105.67,7.0282,120.4883,75.47,,187.08,,,,,,,
2020-03-13,32.25,31.72,,,,,,0.293,,,0.94,0.49,0.66,0.45,,,1.1066,107.15,7.0079,120.4388,57.83,3.5033,330.85,,,,,,,
2020-03-14,,,,,,,,,,,,,,,,,,,,,,,236.03,,,,,,,
2020-03-15,,,,,,,,,,,,,,,,,,,,,,,468.43,,,,,,,
2020-03-16,27.98,28.96,,,,,,0.288,,,0.73,0.36,0.49,0.37,,,1.1139,105.64,6.9913,120.9352,82.69,,323.71,,,,,,,
2020-03-17,27.97,26.96,,,,,,0.268,,,1.02,0.47,0.83,0.55,,,1.0971,107.41,7.003,122.4816,75.91,,378.92,,,,,,,
2020-03-18,22.79,20.48,,,,,,0.228,,,1.18,0.54,1.16,0.64,,,1.0833,108.45,7.0459,124.1623,76.45,,455.45,,,,,,,
2020-03-19,23.98,25.09,,,,,,0.243,,,1.12,0.44,1.08,0.68,,,1.0699,110.08,7.1058,125.0587,72.0,,514.67,,,,,,,
2020-03-20,25.55,19.48,,,,,,0.235,,,0.92,0.37,0.87,0.55,,,1.0682,111.3,7.095,124.9362,66.04,5.6638,633.51,,,,,,,
2020-03-21,,,,,,,,,,,,,,,,,,,,,,,538.95,,,,,,,
2020-03-22,,,,,,,,,,,,,,,,,,,,,,,651.07,,,,,,,
2020-03-23,23.75,23.33,,,,,,0.203,,,0.76,0.28,0.74,0.48,,,1.076,111.36,7.09,126.1262,61.59,,572.94,,,,,,,
2020-03-24,24.5,21.03,,,,,,0.218,,,0.84,0.38,0.83,0.46,,,1.0794,111.44,7.061,125.5001,61.67,,596.78,,,,,,,
2020-03-25,25.62,20.75,,,,,,0.23,,,0.88,0.34,0.88,0.54,,,1.0835,111.43,7.1099,124.7916,63.95,,449.86,,,,,,,
2020-03-26,23.55,16.6,,,,,,0.245,,,0.83,0.3,0.83,0.53,,,1.1025,109.45,7.0709,122.4308,61.0,,670.3,,,,,,,
2020-03-27,22.39,15.48,,,,,,0.248,,,0.72,0.25,0.69,0.47,,,1.1059,108.16,7.0942,122.4007,65.54,5.3766,557.18,,,,,,,
2020-03-28,,,,,,,,,,,,,,,,,,,,,,,515.39,,,,,,,
2020-03-29,,,,,,,,,,,,,,,,,,,,,,,743.13,,,,,,,
2020-03-30,19.19,14.1,,,,,,0.248,,,0.7,0.23,0.58,0.47,,,1.1018,108.06,7.0986,123.2883,57.08,,361.46,,,,,,,
2020-03-31,14.85,20.51,,,,,,0.29,,,0.7,0.23,0.59,0.47,,,1.1016,107.53,7.0808,122.5301,53.54,,516.55,,,,,,,
2020-04-01,14.97,20.28,2.126363636,5057.972,1459.9345,11804.0095,29.96363636363636,0.255,62.6,46.0,0.62,0.23,0.53,0.39,,,1.0934,107.05,7.0989,123.7933,57.06,,474.81,328.13263909267255,84.5619,79.4948,130426.0,266.089,104.293,2132129586268.7002
2020-04-02,20.24,25.18,,,,,,0.274,,,0.63,0.23,0.54,0.4,,,1.0862,107.85,7.0857,123.5916,50.91,,738.02,,,,,,,
2020-04-03,24.33,28.36,,,,,,0.299,,,0.62,0.23,0.52,0.39,,,1.0797,108.53,7.0908,124.4152,46.8,3.1612,540.5,,,,,,,
2020-04-04,,,,,,,,,,,,,,,,,,,,,,,636.21,,,,,,,
2020-04-05,,,,,,,,,,,,,,,,,,,,,,,739.55,,,,,,,
2020-04-06,22.58,26.21,,,,,,0.288,,,0.67,0.27,0.52,0.4,,,1.0808,109.11,7.0895,124.16,45.24,,605.38,,,,,,,
2020-04-07,22.1,23.54,,,,,,0.284,,,0.75,0.28,0.61,0.47,,,1.0886,108.97,7.0448,123.0956,46.7,,468.08,,,,,,,
2020-04-08,25.22,24.97,,,,,,0.3,,,0.77,0.27,0.55,0.5,,,1.0864,108.7,7.0649,123.2216,43.35,,524.13,,,,,,,
2020-04-09,20.23,22.9,,,,,,0.32,,,0.73,0.23,0.48,0.5,,,1.0931,108.38,7.0428,122.476,41.67,,417.54,,,,,,,
2020-04-10,,,,,,,,,,,,,,,,,1.0951,108.39,7.0341,122.1592,,2.6161,461.87,,,,,,,
2020-04-11,,,,,,,,,,,,,,,,,,,,,,,547.4,,,,,,,
2020-04-12,,,,,,,,,,,,,,,,,,,,,,,558.22,,,,,,,
2020-04-13,,22.36,,,,,,0.345,,,0.76,0.25,0.5,0.51,,,1.0906,107.59,7.0501,122.5203,41.17,,638.81,,,,,,,
2020-04-14,21.74,20.15,,,,,,0.355,,,0.76,0.23,0.56,0.53,,,1.0971,107.08,7.0479,122.1121,37.76,,441.32,,,,,,,
2020-04-15,19.8,19.96,,,,,,0.344,,,0.63,0.2,0.49,0.43,,,1.0909,107.42,7.0664,123.0752,40.84,,455.68,,,,,,,
2020-04-16,18.69,19.82,,,,,,0.348,,,0.61,0.2,0.47,0.41,,,1.084,107.72,7.0778,123.4615,40.11,,505.52,,,,,,,
2020-04-17,19.75,18.31,,,,,,0.385,,,0.65,0.2,0.53,0.45,,,1.0883,107.52,7.0711,122.871,38.15,1.8811,573.7,,,,,,,
2020-04-18,,,,,,,,,,,,,,,,,,,,,,,529.03,,,,,,,
2020-04-19,,,,,,,,,,,,,,,,,,,,,,,594.11,,,,,,,
2020-04-20,17.36,-36.98,,,,,,0.365,,,0.63,0.2,0.51,0.43,,,1.0874,107.69,7.0721,123.1033,43.83,,618.66,,,,,,,
2020-04-21,9.12,8.91,,,,,,0.315,,,0.58,0.2,0.47,0.38,,,1.0854,107.69,7.0914,123.9116,45.41,,599.13,,,,,,,
2020-04-22,13.77,13.64,,,,,,0.355,,,0.63,0.22,0.51,0.41,,,1.0829,107.81,7.0831,123.9256,41.98,,511.42,,,,,,,
2020-04-23,15.06,15.06,,,,,,0.355,,,0.61,0.22,0.5,0.39,,,1.0815,107.65,7.0654,123.7542,41.38,,505.54,,,,,,,
2020-04-24,15.87,15.99,,,,,,0.34,,,0.6,0.22,0.48,0.38,,,1.0798,107.44,7.0813,124.1615,35.93,2.4072,562.5,,,,,,,
2020-04-25,,,,,,,,,,,,,,,,,,,,,,,555.71,,,,,,,
2020-04-26,,,,,,,,,,,,,,,,,,,,,,,855.17,,,,,,,
2020-04-27,15.17,12.17,,,,,,0.328,,,0.67,0.24,0.55,0.43,,,1.0829,107.22,7.0848,123.8843,33.29,,642.66,,,,,,,
2020-04-28,15.6,12.4,,,,,,0.333,,,0.62,0.2,0.51,0.42,,,1.0836,106.83,7.0776,123.3693,33.57,,479.89,,,,,,,
2020-04-29,17.86,15.04,,,,,,0.341,,,0.63,0.2,0.53,0.43,,,1.0853,106.67,7.0755,122.7782,31.23,,439.11,,,,,,,
2020-04-30,18.11,19.23,,,,,,0.334,,,0.64,0.2,0.55,0.44,,,1.0934,106.94,7.0622,122.327,34.15,,440.07,,,,,,,
2020-05-01,18.49,19.72,2.032142857,5239.826315789474,1466.371578947368,12179.60526315789,33.51190476190476,0.33,90.8,62.5,0.64,0.2,0.52,0.44,,,1.0998,106.76,7.0622,123.1492,37.19,1.2454,516.72,415.7433513381408,85.9604,83.6816,133040.0,265.799,104.402,
2020-05-02,,,,,,,,,,,,,,,,,,,,,,,387.24,,,,,,,
2020-05-03,,,,,,,,,,,,,,,,,,,,,,,541.24,,,,,,,
2020-05-04,20.4,20.47,,,,,,0.336,,,0.64,0.19,0.51,0.45,,,1.0911,106.82,7.0622,123.2117,35.97,,449.38,,,,,,,
2020-05-05,25.46,24.56,,,,,,0.375,,,0.66,0.19,0.53,0.47,,,1.0844,106.52,7.0622,122.803,33.61,,807.66,,,,,,,
2020-05-06,24.2,23.88,,,,,,0.375,,,0.72,0.17,0.6,0.55,,,1.0806,106.07,7.1031,123.609,34.12,,498.71,,,,,,,
2020-05-07,24.23,23.68,,,,,,0.378,,,0.63,0.13,0.52,0.5,,,1.0815,106.36,7.0825,123.1249,31.44,,504.24,,,,,,,
2020-05-08,,24.73,,,,,,0.38,,,0.69,0.16,0.57,0.53,,,1.0854,106.5,7.0732,122.5379,27.98,0.9461,488.53,,,,,,,
2020-05-09,,,,,,,,,,,,,,,,,,,,,,,621.96,,,,,,,
2020-05-10,,,,,,,,,,,,,,,,,,,,,,,536.09,,,,,,,
2020-05-11,25.53,24.02,,,,,,0.38,,,0.73,0.17,0.61,0.56,,,1.0818,107.7,7.0972,123.2333,27.57,,527.36,,,,,,,
2020-05-12,26.67,25.76,,,,,,0.396,,,0.69,0.17,0.56,0.52,,,1.0864,107.33,7.0816,123.0592,33.04,,442.15,,,,,,,
2020-05-13,27.89,25.37,,,,,,0.403,,,0.64,0.16,0.51,0.48,,,1.0837,106.92,7.0911,123.5408,35.28,,553.21,,,,,,,
2020-05-14,29.87,27.4,,,,,,0.414,,,0.63,0.16,0.51,0.47,,,1.08,107.09,7.0935,123.6429,32.61,,508.02,,,,,,,
2020-05-15,30.95,29.44,,,,,,0.424,,,0.64,0.16,0.52,0.48,,,1.0816,107.27,7.1013,123.5991,31.89,0.919,374.22,,,,,,,
2020-05-16,,,,,,,,,,,,,,,,,,,,,,,385.27,,,,,,,
2020-05-17,,,,,,,,,,,,,,,,,,,,,,,861.1,,,,,,,
2020-05-18,33.3,31.83,,,,,,0.458,,,0.73,0.18,0.6,0.55,,,1.0904,107.25,7.1086,122.7968,29.3,,511.62,,,,,,,
2020-05-19,33.06,32.3,,,,,,0.455,,,0.7,0.17,0.57,0.53,,,1.0937,107.89,7.098,122.5655,30.53,,363.66,,,,,,,
2020-05-20,34.76,33.56,,,,,,0.468,,,0.68,0.16,0.56,0.52,,,1.098,107.46,7.0928,122.1007,27.99,,420.68,,,,,,,
2020-05-21,34.78,34.3,,,,,,0.478,,,0.68,0.17,0.56,0.51,,,1.0953,107.69,7.1138,122.0914,29.53,,361.11,,,,,,,
2020-05-22,33.8,33.49,,,,,,0.45,,,0.66,0.17,0.54,0.49,,,1.0894,107.5,7.1269,122.3211,28.16,0.4326,418.96,,,,,,,
2020-05-23,,,,,,,,,,,,,,,,,,,,,,,441.45,,,,,,,
2020-05-24,,,,,,,,,,,,,,,,,,,,,,,458.16,,,,,,,
2020-05-25,,,,,,,,,,,,,,,,,,,,,,,462.96,,,,,,,
2020-05-26,33.95,34.7,,,,,,0.463,,,0.69,0.18,0.55,0.51,,,1.097,107.64,7.134,121.3864,28.01,,389.21,,,,,,,
2020-05-27,32.73,32.8,,,,,,0.449,,,0.68,0.19,0.53,0.49,,,1.0969,107.79,7.1681,121.5677,27.62,,355.1,,,,,,,
2020-05-28,33.98,33.67,,,,,,0.455,,,0.7,0.17,0.55,0.53,,,1.1069,107.67,7.1447,121.0138,28.59,,421.99,,,,,,,
2020-05-29,34.15,35.57,,,,,,0.463,,,0.65,0.16,0.51,0.49,,,1.1107,107.77,7.1348,120.9458,27.51,0.2043,426.28,,,,,,,
2020-05-30,,,,,,,,,,,,,,,,,,,,,,,418.18,,,,,,,
2020-05-31,,,,,,,,,,,,,,,,,,,,,,,557.19,,,,,,,
2020-06-01,36.74,35.49,2.050454545,5754.595454545455,1568.570454545455,12727.15227272727,33.08863636363636,0.481,122.5,94.3,0.66,0.14,0.52,0.52,,,1.1123,107.56,7.1263,120.2686,28.23,,226.8,309.5923035474373,91.5934,91.6154,137671.0,266.302,104.565,
2020-06-02,37.72,36.88,,,,,,0.493,,,0.68,0.17,0.53,0.51,,,1.1166,108.6,7.0992,119.6854,26.84,,257.49,,,,,,,
2020-06-03,37.98,37.33,,,,,,0.5,,,0.77,0.19,0.61,0.58,,,1.1246,108.88,7.1115,119.2556,25.66,,287.17,,,,,,,
2020-06-04,38.41,37.42,,,,,,0.505,,,0.82,0.19,0.67,0.63,,,1.1322,109.0,7.1075,119.3014,25.81,,231.24,,,,,,,
2020-06-05,41.0,39.49,,,,,,0.525,,,0.91,0.22,0.76,0.69,,,1.1297,109.68,7.0808,118.8138,24.52,-0.0884,235.07,,,,,,,
2020-06-06,,,,,,,,,,,,,,,,,,,,,,,277.42,,,,,,,
2020-06-07,,,,,,,,,,,,,,,,,,,,,,,391.21,,,,,,,
2020-06-08,39.66,38.17,,,,,,0.505,,,0.88,0.22,0.71,0.66,,,1.1293,108.46,7.07,118.6621,25.81,,318.64,,,,,,,
2020-06-09,40.45,38.98,,,,,,0.49,,,0.84,0.2,0.65,0.64,,,1.1348,107.66,7.0765,118.5893,27.57,,191.32,,,,,,,
2020-06-10,41.18,39.54,,,,,,0.501,,,0.75,0.17,0.58,0.58,,,1.1355,107.25,7.0599,118.5231,27.57,,237.88,,,,,,,
2020-06-11,37.76,36.43,,,,,,0.488,,,0.66,0.19,0.49,0.47,,,1.1378,106.67,7.064,119.2347,40.79,,317.86,,,,,,,
2020-06-12,38.54,36.24,,,,,,0.495,,,0.71,0.19,0.55,0.52,,,1.1253,107.36,7.0825,119.6645,36.09,0.276,293.12,,,,,,,
2020-06-13,,,,,,,,,,,,,,,,,,,,,,,373.28,,,,,,,
2020-06-14,,,,,,,,,,,,,,,,,,,,,,,397.45,,,,,,,
2020-06-15,39.44,37.07,,,,,,0.494,,,0.71,0.19,0.53,0.52,,,1.127,107.33,7.0887,119.9539,34.4,,300.34,,,,,,,
2020-06-16,40.75,38.26,,,,,,0.503,,,0.75,0.21,0.58,0.54,,,1.1259,107.35,7.0854,119.567,33.67,,319.69,,,,,,,
2020-06-17,40.47,37.91,,,,,,0.503,,,0.74,0.19,0.57,0.55,,,1.1219,107.26,7.084,119.9105,33.47,,348.4,,,,,,,
2020-06-18,41.75,38.79,,,,,,0.513,,,0.71,0.19,0.55,0.52,,,1.1216,106.78,7.0869,120.2173,32.94,,322.96,,,,,,,
2020-06-19,42.33,39.72,,,,,,0.511,,,0.7,0.19,0.55,0.51,,,1.1189,106.89,7.0707,120.2186,35.12,0.4811,450.64,,,,,,,
2020-06-20,,,,,,,,,,,,,,,,,,,,,,,515.46,,,,,,,
2020-06-21,,,,,,,,,,,,,,,,,,,,,,,413.51,,,,,,,
2020-06-22,43.2,40.6,,,,,,0.521,,,0.71,0.19,0.55,0.52,,,1.126,106.84,7.0678,119.7532,31.77,,259.55,,,,,,,
2020-06-23,42.72,40.4,,,,,,0.515,,,0.72,0.18,0.56,0.54,,,1.1322,106.44,7.0575,119.3285,31.37,,309.15,,,,,,,
2020-06-24,40.4,37.91,,,,,,0.49,,,0.69,0.19,0.54,0.5,,,1.1272,106.83,7.077,119.9744,33.84,,224.4,,,,,,,
2020-06-25,41.18,38.66,,,,,,0.483,,,0.68,0.17,0.52,0.51,,,1.1221,107.21,7.0768,120.2997,32.22,,225.72,,,,,,,
2020-06-26,40.97,38.53,,,,,,0.475,,,0.64,0.17,0.5,0.47,,,1.1215,107.19,7.0768,120.533,34.73,0.5071,260.33,,,,,,,
2020-06-27,,,,,,,,,,,,,,,,,,,,,,,276.22,,,,,,,
2020-06-28,,,,,,,,,,,,,,,,,,,,,,,561.21,,,,,,,
2020-06-29,41.58,39.67,,,,,,0.453,,,0.64,0.16,0.5,0.48,,,1.1237,107.71,7.0794,120.6658,31.78,,301.58,,,,,,,
2020-06-30,41.64,39.27,,,,,,0.46,,,0.66,0.16,0.5,0.5,,,1.1237,107.77,7.0651,120.4649,30.43,,292.37,,,,,,,
2020-07-01,42.18,39.88,2.286956522,6372.460869565217,1643.812173913043,13402.30391304348,32.36086956521739,0.46,134.6,100.0,0.69,0.17,0.55,0.52,,,1.1259,107.5,7.0703,120.0808,28.62,,329.62,313.1465900918374,95.0256,91.4179,139255.0,267.703,104.937,2390967172487.9
2020-07-02,43.19,40.57,,,,,,0.463,,,0.68,0.16,0.54,0.52,,,1.1237,107.55,7.066,119.8555,27.68,,249.7,,,,,,,
2020-07-03,42.92,,,,,,,,,,,,,,,,,,,,,0.4193,412.01,,,,,,,
2020-07-04,,,,,,,,,,,,,,,,,,,,,,,347.74,,,,,,,
2020-07-05,,,,,,,,,,,,,,,,,,,,,,,415.94,,,,,,,
2020-07-06,42.73,40.51,,,,,,0.478,,,0.69,0.16,0.54,0.53,,,1.1307,107.5,7.0159,119.2852,27.94,,389.2,,,,,,,
2020-07-07,43.28,40.59,,,,,,0.493,,,0.65,0.16,0.5,0.49,,,1.1299,107.53,7.0127,119.5717,29.43,,278.61,,,,,,,
2020-07-08,43.67,40.91,,,,,,0.493,,,0.67,0.16,0.52,0.51,,,1.1329,107.39,7.0041,119.5525,28.08,,319.33,,,,,,,
2020-07-09,42.35,39.64,,,,,,0.489,,,0.62,0.16,0.49,0.46,,,1.1298,107.27,6.9923,119.5129,29.26,,267.49,,,,,,,
2020-07-10,43.27,40.56,,,,,,0.48,,,0.65,0.16,0.52,0.49,,,1.1318,106.77,6.999,119.3509,27.29,0.1189,259.27,,,,,,,
2020-07-11,,,,,,,,,,,,,,,,,,,,,,,237.89,,,,,,,
2020-07-12,,,,,,,,,,,,,,,,,,,,,,,496.99,,,,,,,
2020-07-13,42.85,40.06,,,,,,0.478,,,0.64,0.16,0.5,0.48,,,1.1364,107.22,6.9959,119.1891,32.19,,212.54,,,,,,,
2020-07-14,42.97,40.3,,,,,,0.483,,,0.63,0.14,0.48,0.49,,,1.1406,107.2,7.006,119.3901,29.52,,308.28,,,,,,,
2020-07-15,43.96,41.2,,,,,,0.493,,,0.64,0.16,0.48,0.48,,,1.1406,106.92,6.9885,119.0331,27.76,,352.74,,,,,,,
2020-07-16,43.71,40.74,,,,,,0.48,,,0.62,0.16,0.51,0.46,,,1.1433,107.05,6.9881,118.9275,28.0,,313.71,,,,,,,
2020-07-17,43.53,40.55,,,,,,0.48,,,0.64,0.14,0.53,0.5,,,1.1438,107.06,6.9912,119.124,25.68,0.0725,555.06,,,,,,,
2020-07-18,,,,,,,,,,,,,,,,,,,,,,,388.97,,,,,,,
2020-07-19,,,,,,,,,,,,,,,,,,,,,,,640.0,,,,,,,
2020-07-20,43.3,40.83,,,,,,0.49,,,0.62,0.16,0.49,0.46,,,1.1442,107.21,6.9829,119.0483,24.46,,430.14,,,,,,,
2020-07-21,44.31,41.76,,,,,,0.511,,,0.61,0.14,0.48,0.47,,,1.1495,106.82,6.98,118.4042,24.84,,423.52,,,,,,,
2020-07-22,43.98,41.88,,,,,,0.515,,,0.6,0.14,0.47,0.46,,,1.1587,107.18,6.9988,118.1337,24.32,,297.02,,,,,,,
2020-07-23,42.96,40.99,,,,,,0.523,,,0.59,0.16,0.47,0.43,,,1.1623,106.83,7.0034,118.0613,26.08,,282.1,,,,,,,
2020-07-24,43.29,41.23,,,,,,0.52,,,0.59,0.14,0.48,0.45,,,1.1635,105.79,7.0168,118.1329,25.84,-0.2195,290.25,,,,,,,
2020-07-25,,,,,,,,,,,,,,,,,,,,,,,279.85,,,,,,,
2020-07-26,,,,,,,,,,,,,,,,,,,,,,,465.25,,,,,,,
2020-07-27,43.39,41.46,,,,,,0.513,,,0.62,0.15,0.51,0.47,,,1.175,105.29,6.995,117.3869,24.74,,521.96,,,,,,,
2020-07-28,43.11,40.89,,,,,,0.496,,,0.59,0.14,0.48,0.45,,,1.1733,105.03,6.9998,117.3189,25.44,,315.73,,,,,,,
2020-07-29,43.51,41.13,,,,,,0.486,,,0.58,0.12,0.47,0.46,,,1.177,105.06,7.0014,117.2126,24.1,,370.27,,,,,,,
2020-07-30,42.98,39.85,,,,,,0.48,,,0.55,0.11,0.46,0.44,,,1.1791,105.05,7.008,117.4008,24.76,,307.77,,,,,,,
2020-07-31,43.13,40.1,,,,,,0.501,,,0.55,0.11,0.46,0.44,,,1.1822,105.78,6.9744,117.2082,24.46,-0.0698,384.08,,,,,,,
2020-08-01,,,3.625714286,6508.392857142857,1738.555238095238,14575.78285714286,31.37619047619048,,133.5,104.4,,,,,,,,,,,,,304.7,289.35592920994884,95.9549,95.7698,140821.0,268.756,105.243,
2020-08-02,,,,,,,,,,,,,,,,,,,,,,,405.97,,,,,,,
2020-08-03,43.76,40.83,,,,,,0.503,,,0.56,0.11,0.46,0.45,,,1.175,106.11,6.9799,117.8074,24.28,,271.04,,,,,,,
2020-08-04,43.99,41.67,,,,,,0.508,,,0.52,0.11,0.43,0.41,,,1.1766,105.87,6.972,117.7833,23.76,,391.33,,,,,,,
2020-08-05,44.92,42.25,,,,,,0.503,,,0.55,0.11,0.45,0.44,,,1.1898,105.44,6.9353,116.8736,22.99,,253.99,,,,,,,
2020-08-06,45.04,41.93,,,,,,0.496,,,0.55,0.11,0.45,0.44,,,1.1856,105.52,6.952,117.0422,22.65,,285.63,,,,,,,
2020-08-07,44.07,41.16,,,,,,0.503,,,0.57,0.13,0.47,0.44,,,1.1776,105.92,6.967,117.6239,22.21,-0.1992,276.7,,,,,,,
2020-08-08,,,,,,,,,,,,,,,,,,,,,,,353.43,,,,,,,
2020-08-09,,,,,,,,,,,,,,,,,,,,,,,398.91,,,,,,,
2020-08-10,44.19,41.94,,,,,,0.508,,,0.59,0.14,0.48,0.45,,,1.1756,105.85,6.9611,117.5821,22.13,,388.62,,,,,,,
2020-08-11,43.68,41.53,,,,,,0.501,,,0.64,0.16,0.53,0.48,,,1.1764,106.56,6.9451,117.3781,24.03,,359.14,,,,,,,
2020-08-12,45.09,42.6,,,,,,0.504,,,0.69,0.16,0.58,0.53,,,1.1796,106.85,6.9363,117.2559,22.28,,202.2,,,,,,,
2020-08-13,44.87,42.26,,,,,,0.5,,,0.71,0.16,0.61,0.55,,,1.1818,106.89,6.944,117.1193,22.13,,282.72,,,,,,,
2020-08-14,44.86,42.05,,,,,,0.501,,,0.71,0.14,0.61,0.57,,,1.1833,106.49,6.9501,116.9395,22.05,-0.2604,345.8,,,,,,,
2020-08-15,,,,,,,,,,,,,,,,,,,,,,,324.57,,,,,,,
2020-08-16,,,,,,,,,,,,,,,,,,,,,,,531.9,,,,,,,
2020-08-17,44.91,42.89,,,,,,0.504,,,0.69,0.14,0.59,0.55,,,1.1869,105.97,6.9318,116.749,21.35,,350.55,,,,,,,
2020-08-18,45.34,42.89,,,,,,0.505,,,0.67,0.14,0.58,0.53,,,1.1928,105.41,6.9215,116.5593,21.51,,341.68,,,,,,,
2020-08-19,45.21,42.91,,,,,,0.51,,,0.68,0.14,0.57,0.54,,,1.1898,105.71,6.9192,116.567,22.54,,216.18,,,,,,,
2020-08-20,44.56,42.62,,,,,,0.509,,,0.65,0.13,0.54,0.52,,,1.1862,105.81,6.9143,116.8126,22.72,,250.25,,,,,,,
2020-08-21,43.94,42.32,,,,,,0.508,,,0.64,0.16,0.54,0.48,,,1.1775,105.88,6.9179,117.0572,22.54,-0.0612,286.03,,,,,,,
2020-08-22,,,,,,,,,,,,,,,,,,,,,,,217.76,,,,,,,
2020-08-23,,,,,,,,,,,,,,,,,,,,,,,380.2,,,,,,,
2020-08-24,44.43,42.44,,,,,,0.51,,,0.65,0.14,0.53,0.51,,,1.1803,105.9,6.918,116.912,22.37,,186.9,,,,,,,
2020-08-25,46.01,43.17,,,,,,0.51,,,0.69,0.15,0.58,0.54,,,1.1818,106.4,6.9116,116.8206,22.03,,213.68,,,,,,,
2020-08-26,45.79,43.21,,,,,,0.513,,,0.69,0.16,0.58,0.53,,,1.1813,106.13,6.8855,116.6243,23.27,,154.27,,,,,,,
2020-08-27,44.84,42.88,,,,,,0.508,,,0.74,0.16,0.63,0.58,,,1.1824,106.42,6.8925,116.649,24.47,,180.61,,,,,,,
2020-08-28,45.22,42.96,,,,,,0.513,,,0.74,0.14,0.64,0.6,,,1.1901,105.3,6.8647,115.9374,22.96,-0.2625,296.28,,,,,,,
2020-08-29,,,,,,,,,,,,,,,,,,,,,,,339.77,,,,,,,
2020-08-30,,,,,,,,,,,,,,,,,,,,,,,296.28,,,,,,,
2020-08-31,,42.61,,,,,,0.513,,,0.72,0.14,0.61,0.58,,,1.195,105.84,6.8474,115.7586,26.41,,169.1,,,,,,,
2020-09-01,45.72,42.76,4.609772727,6704.9,1743.774545454545,14857.48863636364,29.98181818181818,0.518,131.5,101.1,0.68,0.13,0.56,0.55,,,1.1949,106.0,6.8272,115.5687,26.12,,204.69,309.3344640447869,95.9669,94.4404,141770.0,269.054,105.41,
2020-09-02,42.7,42.76,,,,,,0.503,,,0.66,0.14,0.54,0.52,,,1.184,106.15,6.8375,116.0304,26.57,,237.83,,,,,,,
2020-09-03,42.72,41.39,,,,,,0.503,,,0.63,0.13,0.52,0.5,,,1.1832,106.14,6.8474,116.0685,33.6,,243.52,,,,,,,
2020-09-04,41.1,39.69,,,,,,0.495,,,0.72,0.14,0.61,0.58,,,1.182,106.34,6.8409,116.0347,30.75,-0.1126,224.01,,,,,,,
2020-09-05,,,,,,,,,,,,,,,,,,,,,,,258.22,,,,,,,
2020-09-06,,,,,,,,,,,,,,,,,,,,,,,484.25,,,,,,,
2020-09-07,40.67,,,,,,,,,,,,,,,,,,,,,,491.37,,,,,,,
2020-09-08,38.53,36.87,,,,,,0.456,,,0.69,0.14,0.56,0.55,,,1.1789,105.97,6.8435,116.4618,31.46,,208.78,,,,,,,
2020-09-09,39.98,38.05,,,,,,0.458,,,0.71,0.14,0.59,0.57,,,1.181,106.23,6.8308,116.1291,28.81,,209.54,,,,,,,
2020-09-10,39.27,37.25,,,,,,0.451,,,0.68,0.14,0.56,0.54,,,1.188,106.19,6.8335,115.8806,29.71,,218.1,,,,,,,
2020-09-11,38.8,37.33,,,,,,0.475,,,0.67,0.13,0.56,0.54,,,1.1831,106.17,6.833,116.0866,26.87,0.0593,237.03,,,,,,,
2020-09-12,,,,,,,,,,,,,,,,,,,,,,,218.84,,,,,,,
2020-09-13,,,,,,,,,,,,,,,,,,,,,,,318.66,,,,,,,
2020-09-14,38.57,37.23,,,,,,0.483,,,0.68,0.14,0.57,0.54,,,1.1874,105.68,6.808,115.6428,25.85,,270.62,,,,,,,
2020-09-15,39.54,38.29,,,,,,0.495,,,0.68,0.14,0.57,0.54,,,1.1846,105.5,6.7819,115.5908,25.59,,245.27,,,,,,,
2020-09-16,41.23,40.17,,,,,,0.513,,,0.69,0.14,0.57,0.55,,,1.1835,104.94,6.7529,115.3537,26.04,,244.64,,,,,,,
2020-09-17,42.35,40.99,,,,,,0.513,,,0.69,0.13,0.6,0.56,,,1.1823,104.77,6.7628,115.4392,26.46,,248.91,,,,,,,
2020-09-18,42.16,41.09,,,,,,0.509,,,0.7,0.14,0.6,0.56,,,1.1857,104.44,6.7675,115.2395,25.83,-0.126,244.41,,,,,,,
2020-09-19,,,,,,,,,,,,,,,,,,,,,,,187.42,,,,,,,
2020-09-20,,,,,,,,,,,,,,,,,,,,,,,437.15,,,,,,,
2020-09-21,40.37,39.26,,,,,,0.494,,,0.68,0.14,0.58,0.54,,,1.1737,104.69,6.8043,116.378,27.78,,177.56,,,,,,,
2020-09-22,40.84,39.55,,,,,,0.495,,,0.68,0.13,0.58,0.55,,,1.1703,105.05,6.7779,116.5438,26.86,,126.1,,,,,,,
2020-09-23,41.09,39.92,,,,,,0.498,,,0.68,0.14,0.57,0.54,,,1.1677,105.34,6.8089,117.2526,28.58,,161.46,,,,,,,
2020-09-24,41.24,40.11,,,,,,0.5,,,0.67,0.14,0.57,0.53,,,1.1666,105.42,6.8273,117.5473,28.51,,246.25,,,,,,,
2020-09-25,40.91,40.06,,,,,,0.508,,,0.66,0.12,0.56,0.54,,,1.1618,105.59,6.822,117.8679,26.38,0.2582,252.32,,,,,,,
2020-09-26,,,,,,,,,,,,,,,,,,,,,,,134.92,,,,,,,
2020-09-27,,,,,,,,,,,,,,,,,,,,,,,317.07,,,,,,,
2020-09-28,41.59,40.47,,,,,,0.513,,,0.67,0.14,0.56,0.53,,,1.166,105.5,6.8106,117.6178,26.19,,189.79,,,,,,,
2020-09-29,40.33,39.03,,,,,,0.506,,,0.66,0.11,0.57,0.55,,,1.1717,105.68,6.815,117.526,26.27,,185.6,,,,,,,
2020-09-30,40.3,40.05,,,,,,0.504,,,0.69,0.13,0.59,0.56,,,1.1723,105.58,6.7896,116.946,26.37,,207.77,,,,,,,
2020-10-01,39.75,38.51,6.121818182,6713.811363636364,1806.101818181818,15239.36363636364,29.63636363636364,0.49,131.3,102.8,0.68,0.14,0.59,0.54,,,1.1752,105.53,6.7898,116.7227,26.7,,259.5,306.5552708878756,96.7394,96.5937,142460.0,269.328,105.507,2386340449763.0
2020-10-02,38.0,36.9,,,,,,0.486,,,0.7,0.13,0.61,0.57,,,1.1706,105.36,6.7898,116.7321,27.63,-0.0699,390.29,,,,,,,
2020-10-03,,,,,,,,,,,,,,,,,,,,,,,340.62,,,,,,,
2020-10-04,,,,,,,,,,,,,,,,,,,,,,,332.63,,,,,,,
2020-10-05,39.78,39.12,,,,,,0.51,,,0.78,0.14,0.68,0.64,,,1.1784,105.7,6.7896,116.1767,27.96,,273.84,,,,,,,
2020-10-06,41.27,40.52,,,,,,0.515,,,0.76,0.14,0.66,0.62,,,1.1778,105.64,6.7896,116.2681,29.48,,334.28,,,,,,,
2020-10-07,40.62,39.82,,,,,,0.514,,,0.81,0.16,0.71,0.65,,,1.1766,105.97,6.7896,116.3447,28.06,,426.88,,,,,,,
2020-10-08,42.0,41.04,,,,,,0.53,,,0.78,0.13,0.69,0.65,,,1.1753,105.98,6.7896,116.1657,26.36,,294.91,,,,,,,
2020-10-09,41.63,40.44,,,,,,0.526,,,0.79,0.16,0.69,0.63,,,1.1819,105.72,6.6933,115.2757,25.0,-0.2308,306.7,,,,,,,
2020-10-10,,,,,,,,,,,,,,,,,,,,,,,396.92,,,,,,,
2020-10-11,,,,,,,,,,,,,,,,,,,,,,,492.14,,,,,,,
2020-10-12,40.5,39.22,,,,,,0.52,,,,,,,,,,,,,25.07,,289.7,,,,,,,
2020-10-13,41.34,40.03,,,,,,0.525,,,0.74,0.16,0.63,0.58,,,1.1737,105.55,6.7452,115.9107,26.07,,220.87,,,,,,,
2020-10-14,41.81,40.86,,,,,,0.536,,,0.73,0.14,0.61,0.59,,,1.1755,105.08,6.7136,115.6872,26.4,,341.81,,,,,,,
2020-10-15,41.61,40.84,,,,,,0.541,,,0.74,0.14,0.63,0.6,,,1.1701,105.38,6.7233,116.0964,26.97,,141.19,,,,,,,
2020-10-16,41.34,40.7,,,,,,0.535,,,0.76,0.14,0.65,0.62,,,1.1717,105.41,6.6962,115.7679,27.41,-0.0849,200.48,,,,,,,
2020-10-17,,,,,,,,,,,,,,,,,,,,,,,161.13,,,,,,,
2020-10-18,,,,,,,,,,,,,,,,,,,,,,,285.62,,,,,,,
2020-10-19,41.29,40.69,,,,,,0.534,,,0.78,0.16,0.67,0.62,,,1.1788,105.42,6.6803,115.4031,29.18,,249.35,,,,,,,
2020-10-20,41.62,41.37,,,,,,0.533,,,0.81,0.14,0.71,0.67,,,1.1824,105.56,6.6754,115.2485,29.35,,234.01,,,,,,,
2020-10-21,40.09,39.88,,,,,,0.53,,,0.83,0.14,0.73,0.69,,,1.187,104.58,6.6503,114.9108,28.65,,158.05,,,,,,,
2020-10-22,41.28,40.46,,,,,,0.538,,,0.87,0.16,0.78,0.71,,,1.1824,104.88,6.6821,115.1158,28.11,,167.77,,,,,,,
2020-10-23,40.71,39.73,,,,,,0.54,,,0.85,0.18,0.75,0.67,,,1.1844,104.78,6.6861,115.0126,27.55,0.0161,138.34,,,,,,,
2020-10-24,,,,,,,,,,,,,,,,,,,,,,,129.44,,,,,,,
2020-10-25,,,,,,,,,,,,,,,,,,,,,,,369.86,,,,,,,
2020-10-26,39.06,38.39,,,,,,0.529,,,0.81,0.16,0.7,0.65,,,1.1816,104.86,6.7119,115.2797,32.46,,294.62,,,,,,,
2020-10-27,39.72,39.34,,,,,,0.543,,,0.79,0.16,0.69,0.63,,,1.1834,104.44,6.7044,115.0131,33.35,,187.07,,,,,,,
2020-10-28,37.86,37.27,,,,,,0.531,,,0.79,0.16,0.69,0.63,,,1.1751,104.33,6.7279,115.8023,40.28,,234.14,,,,,,,
2020-10-29,36.56,35.94,,,,,,0.531,,,0.85,0.16,0.76,0.69,,,1.1658,104.69,6.714,116.3069,37.59,,298.36,,,,,,,
2020-10-30,36.33,35.64,,,,,,0.535,,,0.88,0.14,0.79,0.74,,,1.1647,104.54,6.6919,116.1354,38.02,0.3931,277.43,,,,,,,
2020-10-31,,,,,,,,,,,,,,,,,,,,,,,186.36,,,,,,,
2020-11-01,,,6.822142857,7068.907142857143,1935.283333333333,15807.73333333333,29.48571428571429,,126.2,106.8,,,,,,,,,,,,,271.71,397.37945265644953,97.0816,95.8084,142733.0,269.473,105.605,
2020-11-02,37.78,36.6,,,,,,0.549,,,0.87,0.16,0.78,0.71,,,1.1634,104.8,6.6899,116.2361,37.13,,418.93,,,,,,,
2020-11-03,38.17,37.44,,,,,,0.55,,,0.9,0.17,0.8,0.73,,,1.1724,104.5,6.6759,115.4802,35.55,,335.3,,,,,,,
2020-11-04,39.68,38.97,,,,,,0.564,,,0.78,0.14,0.68,0.64,,,1.173,104.39,6.6504,115.1677,29.57,,370.7,,,,,,,
2020-11-05,39.47,38.56,,,,,,0.563,,,0.79,0.14,0.69,0.65,,,1.1809,103.67,6.6027,114.4556,27.58,,303.07,,,,,,,
2020-11-06,38.08,36.97,,,,,,0.558,,,0.83,0.16,0.73,0.67,,,1.1886,103.32,6.608,113.9919,24.86,-0.0693,390.29,,,,,,,
2020-11-07,,,,,,,,,,,,,,,,,,,,,,,452.23,,,,,,,
2020-11-08,,,,,,,,,,,,,,,,,,,,,,,416.76,,,,,,,
2020-11-09,40.93,40.05,,,,,,0.56,,,0.96,0.17,0.85,0.79,,,1.1811,105.58,6.628,114.0895,25.75,,254.34,,,,,,,
2020-11-10,42.25,41.18,,,,,,0.545,,,0.98,0.19,0.88,0.79,,,1.181,105.36,6.6146,114.0757,24.8,,192.03,,,,,,,
2020-11-11,42.5,41.23,,,,,,0.556,,,,,,,,,,,,,23.45,,252.06,,,,,,,
2020-11-12,42.16,40.9,,,,,,0.555,,,0.88,0.17,0.78,0.71,,,1.1814,105.16,6.6114,114.2843,25.35,,184.25,,,,,,,
2020-11-13,41.51,39.93,,,,,,0.551,,,0.89,0.17,0.8,0.72,,,1.1824,104.61,6.6039,114.2397,23.1,-0.4761,123.79,,,,,,,
2020-11-14,,,,,,,,,,,,,,,,,,,,,,,225.66,,,,,,,
2020-11-15,,,,,,,,,,,,,,,,,,,,,,,218.9,,,,,,,
2020-11-16,42.71,41.14,,,,,,0.55,,,0.91,0.19,0.82,0.72,,,1.1844,104.54,6.583,113.8312,22.45,,254.24,,,,,,,
2020-11-17,42.54,41.24,,,,,,0.543,,,0.87,0.18,0.78,0.69,,,1.1862,104.2,6.5556,113.682,22.71,,196.81,,,,,,,
2020-11-18,42.91,41.64,,,,,,0.53,,,0.88,0.16,0.79,0.72,,,1.1869,103.72,6.5588,113.46,23.84,,154.81,,,,,,,
2020-11-19,43.09,41.57,,,,,,0.498,,,0.86,0.18,0.79,0.68,,,1.1843,103.85,6.5823,113.694,23.11,,224.65,,,,,,,
2020-11-20,43.79,41.99,,,,,,0.513,,,0.83,0.16,0.76,0.67,,,1.1857,103.81,6.5608,113.489,23.7,-0.1566,230.2,,,,,,,
2020-11-21,,,,,,,,,,,,,,,,,,,,,,,196.02,,,,,,,
2020-11-22,,,,,,,,,,,,,,,,,,,,,,,359.33,,,,,,,
2020-11-23,45.0,42.91,,,,,,0.525,,,0.86,0.16,0.78,0.7,,,1.1826,104.42,6.585,113.7548,22.66,,415.59,,,,,,,
2020-11-24,46.63,44.71,,,,,,0.535,,,0.88,0.16,0.79,0.72,,,1.1874,104.61,6.59,113.4316,21.64,,262.51,,,,,,,
2020-11-25,47.3,45.58,,,,,,0.545,,,0.88,0.17,0.79,0.71,,,1.1908,104.39,6.575,113.1823,21.25,,276.82,,,,,,,
2020-11-26,46.32,,,,,,,,,,,,,,,,,,,,,,157.55,,,,,,,
2020-11-27,46.88,,,,,,,,,,0.84,0.16,0.75,0.68,,,,,,,20.84,-0.3928,238.32,,,,,,,
2020-11-28,,,,,,,,,,,,,,,,,,,,,,,149.05,,,,,,,
2020-11-29,,,,,,,,,,,,,,,,,,,,,,,258.52,,,,,,,
2020-11-30,46.84,45.2,,,,,,0.569,,,0.84,0.16,0.76,0.68,,,1.1948,104.38,6.576,113.2256,20.57,,156.15,,,,,,,
2020-12-01,47.03,44.54,11.60891304,7772.238095238095,2014.671904761905,16823.03857142857,29.77391304347826,0.568,139.2,122.6,0.92,0.17,0.83,0.75,,,1.2039,104.4,6.5705,112.8063,20.77,,248.2,302.48026692951555,98.363,95.4218,142548.0,269.226,105.896,
2020-12-02,47.8,45.23,,,,,,0.583,,,0.95,0.16,0.86,0.79,,,1.2093,104.52,6.5622,112.6115,21.17,,156.7,,,,,,,
2020-12-03,48.37,45.65,,,,,,0.585,,,0.92,0.16,0.84,0.76,,,1.2152,103.77,6.5418,112.0236,21.28,,189.91,,,,,,,
2020-12-04,49.1,46.23,,,,,,0.593,,,0.97,0.16,0.88,0.81,,,1.2142,104.16,6.5301,111.7778,20.79,-0.4398,215.13,,,,,,,
2020-12-05,,,,,,,,,,,,,,,,,,,,,,,141.89,,,,,,,
2020-12-06,,,,,,,,,,,,,,,,,,,,,,,363.84,,,,,,,
2020-12-07,48.63,45.72,,,,,,0.594,,,0.94,0.14,0.86,0.8,,,1.2138,104.01,6.5295,111.8385,21.3,,269.89,,,,,,,
2020-12-08,48.84,45.64,,,,,,0.581,,,0.92,0.14,0.83,0.78,,,1.2111,104.14,6.5307,111.8639,20.68,,259.64,,,,,,,
2020-12-09,48.81,45.48,,,,,,0.583,,,0.95,0.16,0.87,0.79,,,1.208,104.28,6.541,112.0305,22.27,,144.77,,,,,,,
2020-12-10,50.33,46.76,,,,,,0.595,,,0.92,0.14,0.84,0.78,,,1.2118,104.3,6.5419,111.9788,22.52,,256.04,,,,,,,
2020-12-11,50.01,46.59,,,,,,0.589,,,0.9,0.11,0.82,0.79,,,1.2112,103.88,6.5445,112.1417,23.31,-0.415,122.3,,,,,,,
2020-12-12,,,,,,,,,,,,,,,,,,,,,,,141.22,,,,,,,
2020-12-13,,,,,,,,,,,,,,,,,,,,,,,379.17,,,,,,,
2020-12-14,50.27,47.02,,,,,,0.598,,,0.9,0.13,0.81,0.77,,,1.2145,104.06,6.548,112.1708,24.72,,186.91,,,,,,,
2020-12-15,50.77,47.58,,,,,,0.613,,,0.92,0.11,0.84,0.81,,,1.2158,103.69,6.5388,111.8601,22.89,,139.29,,,,,,,
2020-12-16,50.83,47.86,,,,,,0.63,,,0.92,0.13,0.83,0.79,,,1.2175,103.59,6.5323,111.7157,22.5,,136.12,,,,,,,
2020-12-17,51.2,48.34,,,,,,0.683,,,0.94,0.13,0.86,0.81,,,1.2258,103.13,6.5321,111.2226,21.93,,195.87,,,,,,,
2020-12-18,52.17,49.04,,,,,,0.63,,,0.95,0.13,0.87,0.82,,,1.2236,103.35,6.5395,111.6071,21.57,-0.3721,146.67,,,,,,,
2020-12-19,,,,,,,,,,,,,,,,,,,,,,,154.77,,,,,,,
2020-12-20,,,,,,,,,,,,,,,,,,,,,,,196.41,,,,,,,
2020-12-21,50.61,47.79,,,,,,0.698,,,0.95,0.13,0.86,0.82,,,1.223,103.44,6.5493,111.9415,25.16,,246.79,,,,,,,
2020-12-22,49.88,47.02,,,,,,0.69,,,0.93,0.13,0.84,0.8,,,1.2172,103.62,6.5426,112.1947,24.23,,147.55,,,,,,,
2020-12-23,51.05,47.94,,,,,,0.704,,,0.96,0.13,0.87,0.83,,,1.2194,103.52,6.54,111.9807,23.31,,291.07,,,,,,,
2020-12-24,50.88,48.18,,,,,,0.704,,,0.94,0.13,0.85,0.81,,,,,,,21.53,,256.16,,,,,,,
2020-12-25,,,,,,,,,,,,,,,,,,,,,,-0.4131,174.42,,,,,,,
2020-12-26,,,,,,,,,,,,,,,,,,,,,,,699.78,,,,,,,
2020-12-27,,,,,,,,,,,,,,,,,,,,,,,358.97,,,,,,,
2020-12-28,50.88,47.5,,,,,,0.718,,,0.94,0.13,0.83,0.81,,,1.2213,103.84,6.5346,111.9752,21.7,,217.47,,,,,,,
2020-12-29,50.44,47.85,,,,,,0.728,,,0.94,0.12,0.84,0.82,,,1.2252,103.5,6.53,111.5172,23.08,,286.36,,,,,,,
2020-12-30,50.74,48.24,,,,,,0.753,,,0.93,0.12,0.85,0.81,,,1.228,103.31,6.5208,111.3084,22.77,,368.46,,,,,,,
2020-12-31,51.22,48.35,,,,,,0.748,,,0.93,0.13,0.84,0.8,,,1.223,103.19,6.525,111.3169,22.75,,307.12,,,,,,,
2021-01-01,,,20.4152381,7972.1475,2003.9755,17863.176,29.85714285714286,,157.5,138.3,,,,,,,,,,,,-0.4705,429.48,271.75653651100254,98.8822,96.3818,142863.0,269.755,106.281,2387380479943.9
2021-01-02,,,,,,,,,,,,,,,,,,,,,,,190.39,,,,,,,
2021-01-03,,,,,,,,,,,,,,,,,,,,,,,324.05,,,,,,,
2021-01-04,50.37,47.47,,,,,,0.75,,,0.93,0.11,0.84,0.82,,,1.2254,103.19,6.4601,111.2075,26.97,,233.3,,,,,,,
2021-01-05,53.16,49.78,,,,,,0.8,,,0.96,0.13,0.87,0.83,,,1.2295,102.7,6.455,110.9574,25.34,,208.61,,,,,,,
2021-01-06,53.8,50.45,,,,,,0.803,,,1.04,0.14,0.95,0.9,,,1.229,103.25,6.4617,110.8502,25.07,,139.81,,,,,,,
2021-01-07,53.7,50.63,,,,,,0.805,,,1.08,0.14,0.99,0.94,,,1.2265,103.84,6.476,111.3042,22.37,,124.29,,,,,,,
2021-01-08,55.51,52.14,,,,,,0.863,,,1.13,0.14,1.05,0.99,,,1.2252,103.89,6.475,111.2847,21.56,-0.4802,104.8,,,,,,,
2021-01-09,,,,,,,,,,,,,,,,,,,,,,,115.22,,,,,,,
2021-01-10,,,,,,,,,,,,,,,,,,,,,,,283.14,,,,,,,
2021-01-11,54.84,52.15,,,,,,0.878,,,1.15,0.14,1.07,1.01,,,1.2169,104.16,6.4795,111.8257,24.08,,308.7,,,,,,,
2021-01-12,55.98,53.08,,,,,,0.84,,,1.15,0.14,1.06,1.01,,,1.2168,104.09,6.461,111.5501,23.33,,229.15,,,,,,,
2021-01-13,55.52,52.81,,,,,,0.923,,,1.1,0.14,1.01,0.96,,,1.2159,103.91,6.4677,111.3622,22.21,,223.57,,,,,,,
2021-01-14,55.76,53.47,,,,,,0.873,,,1.15,0.16,1.06,0.99,,,1.2156,103.66,6.4736,111.1567,23.25,,157.94,,,,,,,
2021-01-15,54.8,52.25,,,,,,0.958,,,1.11,0.13,1.02,0.98,,,1.2099,103.8,6.48,111.5106,24.34,-0.5236,149.93,,,,,,,
2021-01-16,,,,,,,,,,,,,,,,,,,,,,,228.3,,,,,,,
2021-01-17,,,,,,,,,,,,,,,,,,,,,,,209.94,,,,,,,
2021-01-18,54.21,,,,,,,,,,,,,,,,,,,,,,159.6,,,,,,,
2021-01-19,55.38,52.87,,,,,,0.885,,,1.1,0.14,1.01,0.96,,,1.2126,103.86,6.4777,111.4527,23.24,,170.18,,,,,,,
2021-01-20,55.66,53.16,,,,,,0.85,,,1.1,0.13,1.02,0.97,,,,,,,21.58,,309.33,,,,,,,
2021-01-21,55.68,53.0,,,,,,0.848,,,1.12,0.13,1.03,0.99,,,1.2143,103.57,6.4595,111.1973,21.32,,280.95,,,,,,,
2021-01-22,55.22,52.28,,,,,,0.868,,,1.1,0.13,1.02,0.97,,,1.2179,103.76,6.481,111.5516,21.91,-0.5108,192.0,,,,,,,
2021-01-23,,,,,,,,,,,,,,,,,,,,,,,147.81,,,,,,,
2021-01-24,,,,,,,,,,,,,,,,,,,,,,,291.37,,,,,,,
2021-01-25,55.44,52.78,,,,,,0.885,,,1.05,0.13,0.96,0.92,,,1.2138,103.78,6.4784,111.8676,23.19,,241.85,,,,,,,
2021-01-26,55.26,52.61,,,,,,0.883,,,1.05,0.11,0.98,0.94,,,1.2147,103.69,6.4635,111.6572,23.02,,254.93,,,,,,,
2021-01-27,55.07,52.81,,,,,,0.91,,,1.04,0.12,0.96,0.92,,,1.2101,104.09,6.4822,112.0782,37.21,,251.13,,,,,,,
2021-01-28,54.87,52.26,,,,,,0.915,,,1.07,0.12,1.0,0.95,,,1.2122,104.31,6.4491,112.0059,30.21,,150.0,,,,,,,
2021-01-29,55.25,52.16,,,,,,0.868,,,1.11,0.11,1.05,1.0,,,1.2135,104.64,6.4282,111.9511,33.09,-0.2621,248.96,,,,,,,
2021-01-30,,,,,,,,,,,,,,,,,,,,,,,139.41,,,,,,,
2021-01-31,,,,,,,,,,,,,,,,,,,,,,,199.79,,,,,,,
2021-02-01,56.42,53.55,7.16875,8470.94,2078.5935,18584.38,28.6625,0.87,171.8,155.4,1.09,0.11,1.02,0.98,,,1.207,104.97,6.4669,112.4189,30.24,,144.04,195.1068145269577,95.6149,94.0011,143380.0,270.696,106.501,
2021-02-02,57.62,54.77,,,,,,0.828,,,1.12,0.11,1.05,1.01,,,1.202,105.09,6.457,112.2862,25.56,,282.75,,,,,,,
2021-02-03,58.61,55.67,,,,,,0.828,,,1.15,0.11,1.11,1.04,,,1.2025,105.05,6.4614,112.2567,22.91,,145.65,,,,,,,
2021-02-04,58.98,56.19,,,,,,0.84,,,1.15,0.11,1.11,1.04,,,1.1974,105.43,6.4715,112.7469,21.77,,129.36,,,,,,,
2021-02-05,59.48,56.8,,,,,,0.865,,,1.19,0.09,1.16,1.1,,,1.2035,105.44,6.4664,112.2379,20.87,-0.5709,111.2,,,,,,,
2021-02-06,,,,,,,,,,,,,,,,,,,,,,,99.84,,,,,,,
2021-02-07,,,,,,,,,,,,,,,,,,,,,,,200.27,,,,,,,
2021-02-08,60.17,57.95,,,,,,0.88,,,1.19,0.11,1.14,1.08,,,1.2045,105.19,6.4475,112.0428,21.24,,232.61,,,,,,,
2021-02-09,60.74,58.34,,,,,,0.873,,,1.18,0.11,1.14,1.07,,,1.2106,104.62,6.4344,111.7675,21.63,,84.45,,,,,,,
2021-02-10,61.17,58.69,,,,,,0.858,,,1.15,0.11,1.1,1.04,,,1.2132,104.67,6.4576,111.5834,21.99,,113.01,,,,,,,
2021-02-11,61.09,58.22,,,,,,0.85,,,1.16,0.11,1.11,1.05,,,1.2127,104.75,6.4567,111.5272,21.25,,121.93,,,,,,,
2021-02-12,62.47,59.5,,,,,,0.896,,,1.2,0.11,1.16,1.09,,,1.2126,104.94,6.4567,111.4889,19.97,-0.7569,211.29,,,,,,,
2021-02-13,,,,,,,,,,,,,,,,,,,,,,,180.0,,,,,,,
2021-02-14,,,,,,,,,,,,,,,,,,,,,,,153.61,,,,,,,
2021-02-15,63.58,,,,,,,,,,,,,,,,,,,,,,152.79,,,,,,,
2021-02-16,63.96,60.07,,,,,,0.898,,,1.3,0.13,1.26,1.17,,,1.2107,105.88,6.4567,111.7879,21.46,,150.29,,,,,,,
2021-02-17,65.02,61.09,,,,,,0.978,,,1.29,0.11,1.25,1.18,,,1.2042,105.83,6.4567,112.0204,21.5,,84.88,,,,,,,
2021-02-18,64.09,60.4,,,,,,0.978,,,1.29,0.11,1.26,1.18,,,1.2078,105.69,6.4869,112.1603,22.49,,148.02,,,,,,,
2021-02-19,62.84,59.12,,,,,,0.958,,,1.34,0.11,1.3,1.23,,,1.2136,105.58,6.4555,111.7058,22.05,-0.647,106.51,,,,,,,
2021-02-20,,,,,,,,,,,,,,,,,,,,,,,107.05,,,,,,,
2021-02-21,,,,,,,,,,,,,,,,,,,,,,,135.8,,,,,,,
2021-02-22,64.73,61.67,,,,,,0.945,,,1.37,0.11,1.34,1.26,,,1.2155,105.06,6.4625,111.918,23.45,,132.3,,,,,,,
2021-02-23,65.16,61.66,,,,,,0.96,,,1.37,0.11,1.33,1.26,,,1.2142,105.21,6.464,111.8981,23.11,,145.25,,,,,,,
2021-02-24,66.85,63.21,,,,,,0.975,,,1.38,0.12,1.35,1.26,,,1.2143,105.91,6.4556,111.7212,21.34,,186.94,,,,,,,
2021-02-25,66.69,63.43,,,,,,0.96,,,1.54,0.17,1.5,1.37,,,1.2229,106.22,6.4541,111.9253,28.89,,124.74,,,,,,,
2021-02-26,65.86,61.55,,,,,,0.946,,,1.44,0.14,1.4,1.3,,,1.2093,106.64,6.473,112.8306,27.95,-0.4384,223.25,,,,,,,
2021-02-27,,,,,,,,,,,,,,,,,,,,,,,220.62,,,,,,,
2021-02-28,,,,,,,,,,,,,,,,,,,,,,,194.65,,,,,,,
2021-03-01,64.56,60.54,6.443478261,8988.247826086958,2190.482608695652,16406.66043478261,28.33478260869565,0.961,202.4,169.1,1.45,0.13,1.4,1.32,,,1.2054,106.68,6.4648,112.5263,23.35,,257.79,212.04868951840004,98.3856,98.0734,144232.0,271.713,106.933,
2021-03-02,63.17,59.7,,,,,,0.97,,,1.42,0.13,1.38,1.29,,,1.2079,106.75,6.4702,112.5342,24.1,,122.0,,,,,,,
2021-03-03,64.7,61.33,,,,,,0.968,,,1.47,0.14,1.42,1.33,,,1.2073,106.92,6.4675,112.7617,26.67,,103.44,,,,,,,
2021-03-04,67.32,63.81,,,,,,0.973,,,1.54,0.14,1.5,1.4,,,1.2045,107.58,6.4694,112.7037,28.57,,76.48,,,,,,,
2021-03-05,69.95,66.08,,,,,,0.975,,,1.56,0.14,1.52,1.42,,,1.1914,108.24,6.496,113.7487,24.66,-0.4003,231.03,,,,,,,
2021-03-06,,,,,,,,,,,,,,,,,,,,,,,206.96,,,,,,,
2021-03-07,,,,,,,,,,,,,,,,,,,,,,,229.1,,,,,,,
2021-03-08,68.0,65.03,,,,,,0.94,,,1.59,0.17,1.54,1.42,,,1.1849,108.92,6.525,114.2678,25.47,,328.48,,,,,,,
2021-03-09,67.03,64.02,,,,,,0.938,,,1.55,0.17,1.5,1.38,,,1.1885,108.64,6.505,113.928,24.03,,167.78,,,,,,,
2021-03-10,67.53,64.45,,,,,,0.935,,,1.53,0.16,1.49,1.37,,,1.19,108.58,6.505,113.5881,22.56,,195.33,,,,,,,
2021-03-11,69.34,66.02,,,,,,0.938,,,1.54,0.14,1.5,1.4,,,1.1978,108.44,6.4932,112.9214,21.91,,275.24,,,,,,,
2021-03-12,68.87,65.59,,,,,,0.933,,,1.64,0.14,1.6,1.5,,,1.1952,108.87,6.5081,113.0269,20.69,-0.4929,106.71,,,,,,,
2021-03-13,,,,,,,,,,,,,,,,,,,,,,,108.34,,,,,,,
2021-03-14,,,,,,,,,,,,,,,,,,,,,,,216.17,,,,,,,
2021-03-15,68.78,65.36,,,,,,0.921,,,1.62,0.14,1.58,1.48,,,1.1917,109.11,6.4996,113.1928,20.03,,206.85,,,,,,,
2021-03-16,67.95,64.82,,,,,,0.938,,,1.62,0.15,1.6,1.47,,,1.1895,109.01,6.5052,112.9839,19.79,,87.46,,,,,,,
2021-03-17,67.73,64.55,,,,,,0.9,,,1.63,0.13,1.61,1.5,,,1.1905,109.22,6.503,113.1589,19.23,,187.89,,,,,,,
2021-03-18,62.11,59.95,,,,,,0.898,,,1.71,0.16,1.7,1.55,,,1.1926,108.97,6.5054,112.7744,21.58,,180.02,,,,,,,
2021-03-19,64.0,61.43,,,,,,0.886,,,1.74,0.16,1.73,1.58,,,1.1909,108.85,6.507,112.9756,20.95,-0.5392,211.66,,,,,,,
2021-03-20,,,,,,,,,,,,,,,,,,,,,,,301.26,,,,,,,
2021-03-21,,,,,,,,,,,,,,,,,,,,,,,152.98,,,,,,,
2021-03-22,63.89,61.48,,,,,,0.898,,,1.69,0.15,1.66,1.54,,,1.1932,108.67,6.507,113.0023,18.88,,275.36,,,,,,,
2021-03-23,59.96,57.75,,,,,,0.873,,,1.63,0.15,1.62,1.48,,,1.1872,108.61,6.516,113.2916,20.3,,193.53,,,,,,,
2021-03-24,63.7,61.12,,,,,,0.9,,,1.62,0.14,1.6,1.48,,,1.1831,108.81,6.523,113.6565,21.2,,126.24,,,,,,,
2021-03-25,61.21,58.47,,,,,,0.898,,,1.63,0.14,1.61,1.49,,,1.1777,109.13,6.5452,114.0016,19.81,,142.05,,,,,,,
2021-03-26,63.77,60.93,,,,,,0.9,,,1.67,0.14,1.65,1.53,,,1.1798,109.55,6.5412,113.7406,18.86,-0.6189,108.99,,,,,,,
2021-03-27,,,,,,,,,,,,,,,,,,,,,,,87.78,,,,,,,
2021-03-28,,,,,,,,,,,,,,,,,,,,,,,155.99,,,,,,,
2021-03-29,64.06,61.49,,,,,,0.898,,,1.73,0.14,1.7,1.59,,,1.1779,109.73,6.5696,113.9314,20.74,,177.66,,,,,,,
2021-03-30,63.28,60.55,,,,,,0.913,,,1.73,0.16,1.71,1.57,,,1.1724,110.19,6.5716,114.203,19.61,,121.16,,,,,,,
2021-03-31,63.52,59.19,,,,,,0.85,,,1.74,0.16,1.71,1.58,,,1.1743,110.61,6.5518,113.8234,19.4,,136.03,,,,,,,
2021-04-01,63.85,61.41,7.894130435,9324.8175,2319.3925,16521.25,29.75227272727273,0.913,206.4,165.6,1.69,0.17,1.67,1.52,,,1.1772,110.61,6.5645,113.7389,17.33,,76.09,193.9223276543613,98.5587,97.1825,144587.0,273.968,107.558,2433379504227.6
2021-04-02,,,,,,,,,,,1.72,0.19,1.7,1.53,,,1.1763,110.67,6.5646,113.7315,,-0.7112,130.61,,,,,,,
2021-04-03,,,,,,,,,,,,,,,,,,,,,,,120.78,,,,,,,
2021-04-04,,,,,,,,,,,,,,,,,,,,,,,210.38,,,,,,,
2021-04-05,,58.73,,,,,,0.98,,,1.73,0.17,1.7,1.56,,,1.181,110.08,6.5649,113.394,17.91,,181.6,,,,,,,
2021-04-06,61.47,59.34,,,,,,0.928,,,1.67,0.16,1.65,1.51,,,1.1852,109.83,6.537,113.1464,18.12,,125.46,,,,,,,
2021-04-07,61.86,59.77,,,,,,0.878,,,1.68,0.16,1.66,1.52,,,1.189,109.67,6.5415,113.2436,17.16,,205.44,,,,,,,
2021-04-08,62.09,59.61,,,,,,0.85,,,1.64,0.14,1.63,1.5,,,1.1904,109.25,6.5505,113.0917,16.95,,115.07,,,,,,,
2021-04-09,61.89,59.29,,,,,,0.848,,,1.67,0.16,1.65,1.51,,,1.1897,109.64,6.5522,113.2028,16.69,-0.8106,115.04,,,,,,,
2021-04-10,,,,,,,,,,,,,,,,,,,,,,,138.65,,,,,,,
2021-04-11,,,,,,,,,,,,,,,,,,,,,,,300.55,,,,,,,
2021-04-12,62.38,59.7,,,,,,0.82,,,1.69,0.18,1.67,1.51,,,1.1907,109.43,6.5475,113.1815,16.91,,69.6,,,,,,,
2021-04-13,62.83,60.2,,,,,,0.785,,,1.64,0.16,1.61,1.48,,,1.1939,109.19,6.5431,113.0391,16.65,,112.82,,,,,,,
2021-04-14,66.11,63.15,,,,,,0.775,,,1.64,0.16,1.62,1.48,,,1.1974,108.93,6.5292,112.7849,16.99,,65.13,,,,,,,
2021-04-15,66.13,63.42,,,,,,0.779,,,1.56,0.16,1.54,1.4,,,1.1964,108.78,6.522,112.6181,16.57,,111.93,,,,,,,
2021-04-16,65.98,63.16,,,,,,0.779,,,1.59,0.16,1.57,1.43,,,1.198,108.78,6.5203,112.4814,16.25,-0.7627,86.85,,,,,,,
2021-04-17,,,,,,,,,,,,,,,,,,,,,,,108.04,,,,,,,
2021-04-18,,,,,,,,,,,,,,,,,,,,,,,128.86,,,,,,,
2021-04-19,66.54,63.33,,,,,,0.781,,,1.61,0.16,1.59,1.45,,,1.2028,108.09,6.5085,112.1835,17.29,,92.0,,,,,,,
2021-04-20,65.34,62.61,,,,,,0.736,,,1.58,0.15,1.55,1.43,,,1.2045,108.07,6.4981,112.2354,18.68,,89.99,,,,,,,
2021-04-21,64.02,61.34,,,,,,0.748,,,1.57,0.15,1.54,1.42,,,1.2033,108.09,6.4903,112.1771,17.5,,100.71,,,,,,,
2021-04-22,65.07,61.45,,,,,,0.75,,,1.57,0.16,1.54,1.41,,,1.2012,108.17,6.491,112.2297,18.71,,70.82,,,,,,,
2021-04-23,65.75,62.18,,,,,,0.755,,,1.58,0.16,1.55,1.42,,,1.2069,107.94,6.4945,112.0889,17.33,-0.7125,102.84,,,,,,,
2021-04-24,,,,,,,,,,,,,,,,,,,,,,,76.35,,,,,,,
2021-04-25,,,,,,,,,,,,,,,,,,,,,,,106.95,,,,,,,
2021-04-26,65.5,62.02,,,,,,0.75,,,1.58,0.18,1.55,1.4,,,1.2083,108.12,6.4844,111.8109,17.64,,84.99,,,,,,,
2021-04-27,66.25,63.03,,,,,,0.758,,,1.63,0.17,1.62,1.46,,,1.2079,108.56,6.483,111.9097,17.56,,165.42,,,,,,,
2021-04-28,67.08,63.81,,,,,,0.9,,,1.63,0.17,1.62,1.46,,,1.2098,108.81,6.4771,111.7909,17.28,,102.3,,,,,,,
2021-04-29,68.26,65.0,,,,,,0.9,,,1.65,0.16,1.64,1.49,,,1.211,108.94,6.471,111.7464,17.61,,153.32,,,,,,,
2021-04-30,67.73,63.5,,,,,,0.86,,,1.65,0.16,1.64,1.49,,,1.203,109.33,6.4749,112.0839,18.61,-0.8,125.83,,,,,,,
2021-05-01,,,10.0145,10166.285,2434.7765,17602.1025,30.25714285714286,,218.5,177.0,,,,,,,,,,,,,107.85,173.12515293203327,99.4333,98.1901,145065.0,275.893,108.099,
2021-05-02,,,,,,,,,,,,,,,,,,,,,,,184.5,,,,,,,
2021-05-03,,64.46,,,,,,0.803,,,1.63,0.16,1.59,1.47,,,1.2059,109.08,6.4749,112.005,18.31,,297.27,,,,,,,
2021-05-04,68.91,65.72,,,,,,0.805,,,1.61,0.16,1.59,1.45,,,1.2014,109.34,6.4749,112.2896,19.48,,119.21,,,,,,,
2021-05-05,69.71,65.63,,,,,,0.805,,,1.59,0.16,1.57,1.43,,,1.2003,109.27,6.4749,112.1514,19.15,,176.89,,,,,,,
2021-05-06,68.62,64.73,,,,,,0.803,,,1.58,0.16,1.56,1.42,,,1.2049,109.17,6.4635,111.8401,18.39,,142.39,,,,,,,
2021-05-07,68.73,64.96,,,,,,0.805,,,1.6,0.14,1.58,1.46,,,1.2165,108.52,6.431,111.0249,16.69,-0.8009,170.41,,,,,,,
2021-05-08,,,,,,,,,,,,,,,,,,,,,,,134.18,,,,,,,
2021-05-09,,,,,,,,,,,,,,,,,,,,,,,114.95,,,,,,,
2021-05-10,68.61,64.92,,,,,,0.808,,,1.63,0.16,1.61,1.47,,,1.217,108.7,6.4156,110.7905,19.66,,168.8,,,,,,,
2021-05-11,68.83,65.31,,,,,,0.798,,,1.64,0.16,1.63,1.48,,,1.2169,108.53,6.4285,110.8921,21.84,,175.89,,,,,,,
2021-05-12,69.62,65.96,,,,,,0.806,,,1.69,0.16,1.67,1.53,,,1.2074,109.53,6.4566,111.5636,27.59,,78.7,,,,,,,
2021-05-13,67.36,63.82,,,,,,0.795,,,1.66,0.16,1.64,1.5,,,1.207,109.56,6.4506,111.5955,23.13,,94.65,,,,,,,
2021-05-14,69.24,65.32,,,,,,0.788,,,1.63,0.16,1.62,1.47,,,1.2141,109.37,6.4367,111.1353,18.81,-0.7422,100.11,,,,,,,
2021-05-15,,,,,,,,,,,,,,,,,,,,,,,53.8,,,,,,,
2021-05-16,,,,,,,,,,,,,,,,,,,,,,,129.76,,,,,,,
2021-05-17,69.62,66.24,,,,,,0.798,,,1.64,0.16,1.62,1.48,,,1.2155,109.17,6.4388,111.079,19.72,,128.94,,,,,,,
2021-05-18,69.01,65.49,,,,,,0.798,,,1.64,0.16,1.62,1.48,,,1.2203,109.01,6.425,110.8317,21.34,,96.41,,,,,,,
2021-05-19,66.88,63.28,,,,,,0.8,,,1.68,0.16,1.67,1.52,,,1.2216,108.76,6.4342,110.8807,22.18,,147.69,,,,,,,
2021-05-20,65.18,61.95,,,,,,0.8,,,1.63,0.15,1.62,1.48,,,1.2225,108.79,6.4339,110.8605,20.67,,189.22,,,,,,,
2021-05-21,66.72,63.61,,,,,,0.803,,,1.63,0.17,1.62,1.46,,,1.2178,108.94,6.4339,111.0576,20.15,-0.7084,108.94,,,,,,,
2021-05-22,,,,,,,,,,,,,,,,,,,,,,,80.84,,,,,,,
2021-05-23,,,,,,,,,,,,,,,,,,,,,,,181.82,,,,,,,
2021-05-24,68.59,66.13,,,,,,0.835,,,1.61,0.15,1.59,1.46,,,1.221,108.81,6.4177,110.9118,18.4,,183.43,,,,,,,
2021-05-25,68.8,66.27,,,,,,0.85,,,1.56,0.15,1.54,1.41,,,1.2233,108.95,6.41,110.842,18.84,,145.6,,,,,,,
2021-05-26,68.93,66.41,,,,,,0.853,,,1.58,0.14,1.56,1.44,,,1.2204,109.1,6.3905,110.8677,17.36,,71.66,,,,,,,
2021-05-27,69.43,66.87,,,,,,0.878,,,1.61,0.14,1.59,1.47,,,1.2194,109.81,6.3824,110.8688,16.74,,70.25,,,,,,,
2021-05-28,69.36,66.31,,,,,,0.88,,,1.58,0.14,1.57,1.44,,,1.2194,109.83,6.3674,110.7576,16.76,-0.8074,171.86,,,,,,,
2021-05-29,,,,,,,,,,,,,,,,,,,,,,,20.63,,,,,,,
2021-05-30,,,,,,,,,,,,,,,,,,,,,,,91.45,,,,,,,
2021-05-31,,,,,,,,,,,,,,,,,,,,,,,74.69,,,,,,,
2021-06-01,70.03,67.8,12.01727273,9631.5,2446.645454545455,17979.56590909091,32.14210526315789,0.888,224.1,194.0,1.62,0.16,1.6,1.46,,,1.2241,109.43,6.3796,110.5046,17.9,,176.43,170.97337846011976,99.7987,99.5413,145820.0,278.218,108.603,
2021-06-02,70.6,68.79,,,,,,0.914,,,1.59,0.13,1.57,1.46,,,1.2213,109.59,6.3805,110.5799,17.48,,83.31,,,,,,,
2021-06-03,70.71,68.81,,,,,,0.905,,,1.63,0.16,1.61,1.47,,,1.2122,110.28,6.4036,111.1782,18.04,,109.44,,,,,,,
2021-06-04,71.3,69.57,,,,,,0.918,,,1.56,0.14,1.54,1.42,,,1.2173,109.42,6.3945,110.7521,16.42,-0.8435,68.0,,,,,,,
2021-06-05,,,,,,,,,,,,,,,,,,,,,,,48.51,,,,,,,
2021-06-06,,,,,,,,,,,,,,,,,,,,,,,122.76,,,,,,,
2021-06-07,70.89,69.21,,,,,,0.913,,,1.57,0.16,1.55,1.41,,,1.22,109.25,6.3963,110.5155,16.42,,111.43,,,,,,,
2021-06-08,71.39,70.11,,,,,,0.933,,,1.53,0.14,1.51,1.39,,,1.218,109.47,6.4,110.649,17.07,,109.81,,,,,,,
2021-06-09,71.31,69.9,,,,,,0.935,,,1.5,0.16,1.47,1.34,,,1.2184,109.61,6.3865,110.5707,17.89,,131.85,,,,,,,
2021-06-10,71.65,70.34,,,,,,0.935,,,1.45,0.14,1.42,1.31,,,1.2173,109.49,6.3929,110.5456,16.1,,122.88,,,,,,,
2021-06-11,72.05,71.0,,,,,,0.953,,,1.47,0.16,1.44,1.31,,,1.2101,109.75,6.3967,111.0933,15.65,-0.79,97.74,,,,,,,
2021-06-12,,,,,,,,,,,,,,,,,,,,,,,63.44,,,,,,,
2021-06-13,,,,,,,,,,,,,,,,,,,,,,,127.53,,,,,,,
2021-06-14,72.27,70.94,,,,,,0.963,,,1.51,0.16,1.48,1.35,,,1.2126,109.98,6.3979,110.9659,16.39,,117.23,,,,,,,
2021-06-15,73.38,72.06,,,,,,0.944,,,1.51,0.16,1.48,1.35,,,1.212,110.12,6.4052,111.3507,17.02,,109.37,,,,,,,
2021-06-16,73.88,72.03,,,,,,0.944,,,1.57,0.21,1.53,1.36,,,1.2119,109.88,6.3969,111.1165,18.15,,104.83,,,,,,,
2021-06-17,72.92,71.06,,,,,,0.96,,,1.52,0.23,1.48,1.29,,,1.1911,110.28,6.4477,112.5772,17.75,,94.44,,,,,,,
2021-06-18,73.1,71.64,,,,,,0.958,,,1.45,0.26,1.4,1.19,,,1.1872,110.21,6.4525,113.0408,20.7,-0.7687,142.32,,,,,,,
2021-06-19,,,,,,,,,,,,,,,,,,,,,,,64.25,,,,,,,
2021-06-20,,,,,,,,,,,,,,,,,,,,,,,95.85,,,,,,,
2021-06-21,74.49,73.64,,,,,,0.983,,,1.5,0.27,1.45,1.23,,,1.1909,110.22,6.4659,112.8391,17.89,,174.11,,,,,,,
2021-06-22,74.92,73.15,,,,,,0.988,,,1.48,0.25,1.44,1.23,,,1.191,110.75,6.4811,112.9174,16.66,,100.0,,,,,,,
2021-06-23,75.22,73.11,,,,,,1.013,,,1.5,0.26,1.45,1.24,,,1.195,110.86,6.4727,112.3819,16.32,,60.28,,,,,,,
2021-06-24,75.95,73.31,,,,,,1.03,,,1.49,0.26,1.44,1.23,,,1.1927,110.91,6.4701,112.326,15.97,,113.04,,,,,,,
2021-06-25,76.45,74.21,,,,,,1.04,,,1.54,0.28,1.48,1.26,,,1.194,110.78,6.4545,111.9655,15.62,-0.7991,92.88,,,,,,,
2021-06-26,,,,,,,,,,,,,,,,,,,,,,,73.15,,,,,,,
2021-06-27,,,,,,,,,,,,,,,,,,,,,,,302.87,,,,,,,
2021-06-28,74.78,72.98,,,,,,1.035,,,1.49,0.25,1.44,1.24,,,1.1938,110.5,6.4555,112.0248,15.76,,168.47,,,,,,,
2021-06-29,75.38,73.14,,,,,,1.04,,,1.49,0.27,1.45,1.22,,,1.1905,110.53,6.4635,112.2613,16.02,,74.51,,,,,,,
2021-06-30,76.94,73.52,,,,,,1.043,,,1.45,0.25,1.4,1.2,,,1.1848,111.05,6.4566,112.5533,15.83,,133.65,,,,,,,
2021-07-01,76.69,75.33,14.09681818,9450.820454545456,2497.635454545455,18818.51136363636,32.33863636363636,1.105,239.382,200.244,1.48,0.25,1.43,1.23,,,1.1857,111.56,6.4679,112.74,15.48,,82.66,189.07865457809666,100.2519,97.2925,146762.0,279.146,109.058,2487103496591.7
2021-07-02,77.51,75.37,,,,,,1.115,,,1.44,0.24,1.39,1.2,,,1.1848,111.28,6.4721,112.5425,15.07,-0.8399,133.09,,,,,,,
2021-07-03,,,,,,,,,,,,,,,,,,,,,,,82.15,,,,,,,
2021-07-04,,,,,,,,,,,,,,,,,,,,,,,160.07,,,,,,,
2021-07-05,78.34,,,,,,,,,,,,,,,,,,,,,,144.78,,,,,,,
2021-07-06,75.81,73.62,,,,,,1.113,,,1.37,0.22,1.32,1.15,,,1.1816,110.66,6.4786,112.9516,16.44,,199.58,,,,,,,
2021-07-07,74.31,72.22,,,,,,1.07,,,1.33,0.22,1.28,1.11,,,1.1803,110.62,6.4718,113.1048,16.2,,57.23,,,,,,,
2021-07-08,75.07,72.98,,,,,,1.079,,,1.3,0.19,1.24,1.11,,,1.184,109.82,6.4898,113.0776,19.0,,67.69,,,,,,,
2021-07-09,77.14,74.56,,,,,,1.103,,,1.37,0.23,1.31,1.14,,,1.1861,110.18,6.4788,112.8375,16.18,-0.7079,84.3,,,,,,,
2021-07-10,,,,,,,,,,,,,,,,,,,,,,,113.6,,,,,,,
2021-07-11,,,,,,,,,,,,,,,,,,,,,,,118.92,,,,,,,
2021-07-12,76.77,74.21,,,,,,1.088,,,1.38,0.23,1.33,1.15,,,1.1858,110.36,6.4751,112.7611,16.17,,144.11,,,,,,,
2021-07-13,77.5,75.24,,,,,,1.095,,,1.42,0.26,1.37,1.16,,,1.1813,110.36,6.4685,113.0063,17.12,,192.35,,,,,,,
2021-07-14,75.74,73.06,,,,,,1.098,,,1.37,0.23,1.31,1.14,,,1.1826,110.03,6.4688,112.8801,16.33,,98.68,,,,,,,
2021-07-15,74.53,71.67,,,,,,1.103,,,1.31,0.23,1.26,1.08,,,1.1806,110.05,6.46,113.0041,17.01,,153.82,,,,,,,
2021-07-16,74.46,71.76,,,,,,1.103,,,1.31,0.25,1.26,1.06,,,1.181,110.13,6.4785,113.0428,18.45,-0.7974,140.71,,,,,,,
2021-07-17,,,,,,,,,,,,,,,,,,,,,,,126.48,,,,,,,
2021-07-18,,,,,,,,,,,,,,,,,,,,,,,216.59,,,,,,,
2021-07-19,69.33,66.45,,,,,,1.048,,,1.19,0.21,1.14,0.98,,,1.1804,109.45,6.4893,113.5472,22.5,,103.99,,,,,,,
2021-07-20,70.03,67.32,,,,,,1.038,,,1.23,0.2,1.18,1.03,,,1.1776,109.92,6.4845,113.7502,19.73,,130.37,,,,,,,
2021-07-21,72.54,70.26,,,,,,1.065,,,1.3,0.22,1.25,1.08,,,1.1799,110.22,6.4664,113.3926,17.91,,185.19,,,,,,,
2021-07-22,74.25,72.15,,,,,,1.085,,,1.27,0.2,1.22,1.07,,,1.1771,110.1,6.47,113.4695,17.69,,91.1,,,,,,,
2021-07-23,74.86,72.24,,,,,,1.088,,,1.3,0.22,1.25,1.08,,,1.1761,110.52,6.4808,113.4398,17.2,-0.565,138.66,,,,,,,
2021-07-24,,,,,,,,,,,,,,,,,,,,,,,89.31,,,,,,,
2021-07-25,,,,,,,,,,,,,,,,,,,,,,,170.04,,,,,,,
2021-07-26,74.79,72.15,,,,,,1.09,,,1.29,0.22,1.24,1.07,,,1.181,110.31,6.4825,113.2238,17.58,,125.45,,,,,,,
2021-07-27,74.87,71.68,,,,,,1.093,,,1.25,0.2,1.2,1.05,,,1.1831,109.64,6.5104,113.2227,19.36,,132.55,,,,,,,
2021-07-28,75.09,72.37,,,,,,1.088,,,1.26,0.2,1.21,1.06,,,1.1809,110.06,6.4905,113.1807,18.31,,152.66,,,,,,,
2021-07-29,76.3,73.62,,,,,,1.093,,,1.28,0.2,1.22,1.08,,,1.1886,109.53,6.4562,112.4834,17.7,,144.4,,,,,,,
2021-07-30,77.72,73.93,,,,,,1.123,,,1.24,0.19,1.18,1.05,,,1.1864,109.7,6.4609,112.6714,18.24,-0.761,133.44,,,,,,,
2021-07-31,,,,,,,,,,,,,,,,,,,,,,,116.35,,,,,,,
2021-08-01,,,16.64386364,9370.138571428572,2602.991904761905,19141.29666666667,32.14772727272727,,234.195,185.763,,,,,,,,,,,,,125.09,201.28162501514726,100.0437,99.1579,147314.0,279.507,109.409,
2021-08-02,73.91,71.31,,,,,,1.095,,,1.2,0.17,1.15,1.03,,,1.1873,109.22,6.462,112.6691,19.46,,124.58,,,,,,,
2021-08-03,73.24,70.64,,,,,,1.085,,,1.19,0.17,1.14,1.02,,,1.1859,109.09,6.47,112.8228,18.04,,77.81,,,,,,,
2021-08-04,70.99,68.19,,,,,,1.12,,,1.19,0.17,1.14,1.02,,,1.1841,109.44,6.4655,112.8953,17.97,,67.39,,,,,,,
2021-08-05,72.14,69.1,,,,,,1.084,,,1.23,0.21,1.18,1.02,,,1.1838,109.75,6.4608,112.7674,17.28,,179.01,,,,,,,
2021-08-06,71.02,68.26,,,,,,1.088,,,1.31,0.21,1.25,1.1,,,1.1761,110.22,6.4825,113.3088,16.15,-0.6728,107.12,,,,,,,
2021-08-07,,,,,,,,,,,,,,,,,,,,,,,57.9,,,,,,,
2021-08-08,,,,,,,,,,,,,,,,,,,,,,,241.48,,,,,,,
2021-08-09,69.65,66.56,,,,,,1.083,,,1.33,0.23,1.27,1.1,,,1.1749,110.25,6.4857,113.4521,16.72,,134.96,,,,,,,
2021-08-10,71.14,68.33,,,,,,1.103,,,1.36,0.24,1.31,1.12,,,1.1722,110.54,6.4852,113.4973,16.79,,399.87,,,,,,,
2021-08-11,71.99,69.3,,,,,,1.128,,,1.35,0.23,1.3,1.12,,,1.1737,110.47,6.4783,113.282,16.06,,96.07,,,,,,,
2021-08-12,71.79,69.12,,,,,,1.133,,,1.36,0.23,1.3,1.13,,,1.1736,110.36,6.4782,113.2691,15.59,,90.39,,,,,,,
2021-08-13,70.9,68.36,,,,,,1.135,,,1.29,0.23,1.23,1.06,,,1.1796,109.75,6.4768,113.0615,15.45,-0.8574,101.4,,,,,,,
2021-08-14,,,,,,,,,,,,,,,,,,,,,,,95.63,,,,,,,
2021-08-15,,,,,,,,,,,,,,,,,,,,,,,91.76,,,,,,,
2021-08-16,70.07,67.44,,,,,,1.136,,,1.26,0.21,1.2,1.05,,,1.1776,109.26,6.4742,113.1698,16.12,,131.18,,,,,,,
2021-08-17,69.4,66.5,,,,,,1.131,,,1.26,0.23,1.19,1.03,,,1.1714,109.59,6.4854,113.6174,17.91,,113.72,,,,,,,
2021-08-18,68.61,65.36,,,,,,1.145,,,1.27,0.23,1.2,1.04,,,1.1702,109.92,6.4841,113.6959,21.57,,113.23,,,,,,,
2021-08-19,66.8,63.69,,,,,,1.113,,,1.24,0.22,1.18,1.02,,,1.1693,109.75,6.4942,114.1106,21.67,,78.58,,,,,,,
2021-08-20,65.51,62.25,,,,,,1.09,,,1.26,0.23,1.21,1.03,,,1.169,109.77,6.5012,114.5009,18.56,-0.616,85.35,,,,,,,
2021-08-21,,,,,,,,,,,,,,,,,,,,,,,70.76,,,,,,,
2021-08-22,,,,,,,,,,,,,,,,,,,,,,,304.68,,,,,,,
2021-08-23,69.07,65.65,,,,,,1.1,,,1.25,0.23,1.2,1.02,,,1.1732,109.78,6.4805,113.9418,17.15,,177.96,,,,,,,
2021-08-24,71.21,67.5,,,,,,1.114,,,1.29,0.24,1.24,1.05,,,1.1746,109.68,6.471,113.6795,17.22,,86.77,,,,,,,
2021-08-25,72.12,68.54,,,,,,1.105,,,1.35,0.23,1.29,1.12,,,1.1758,110.03,6.4756,113.6322,16.79,,74.18,,,,,,,
2021-08-26,70.42,67.42,,,,,,1.121,,,1.34,0.25,1.29,1.09,,,1.1761,110.09,6.4809,113.7883,18.84,,54.9,,,,,,,
2021-08-27,72.26,68.84,,,,,,1.138,,,1.31,0.22,1.26,1.09,,,1.1794,109.84,6.4711,113.3404,16.39,-0.7641,69.52,,,,,,,
2021-08-28,,,,,,,,,,,,,,,,,,,,,,,147.47,,,,,,,
2021-08-29,,,,,,,,,,,,,,,,,,,,,,,105.19,,,,,,,
2021-08-30,,69.28,,,,,,1.138,,,1.29,0.2,1.24,1.09,,,1.1795,109.91,6.4658,113.246,16.19,,77.75,,,,,,,
2021-08-31,73.45,68.43,,,,,,1.153,,,1.3,0.2,1.26,1.1,,,1.18,110.05,6.4604,113.1076,16.48,,166.77,,,,,,,
2021-09-01,71.99,68.63,24.06295455,9324.709545454545,2834.556818181818,19376.875,45.078125,1.175,236.262,194.123,1.31,0.2,1.26,1.11,,,1.185,110.03,6.4586,112.8732,16.11,,88.74,211.94786926470647,98.8579,96.8877,147771.0,279.884,109.641,
2021-09-02,73.56,70.07,,,,,,1.183,,,1.29,0.2,1.24,1.09,,,1.1858,110.01,6.456,112.7863,16.41,,72.75,,,,,,,
2021-09-03,73.07,69.34,,,,,,1.193,,,1.33,0.21,1.28,1.12,,,1.1884,109.64,6.4528,112.5476,16.41,-0.7578,88.32,,,,,,,
2021-09-04,,,,,,,,,,,,,,,,,,,,,,,78.8,,,,,,,
2021-09-05,,,,,,,,,,,,,,,,,,,,,,,229.72,,,,,,,
2021-09-06,72.43,,,,,,,,,,,,,,,,,,,,,,222.33,,,,,,,
2021-09-07,71.52,68.49,,,,,,1.185,,,1.38,0.22,1.33,1.16,,,1.1849,110.17,6.4662,112.9795,18.14,,165.86,,,,,,,
2021-09-08,72.36,69.36,,,,,,1.188,,,1.35,0.22,1.3,1.13,,,1.1818,110.32,6.4612,113.2319,17.96,,118.66,,,,,,,
2021-09-09,71.32,68.26,,,,,,1.19,,,1.3,0.23,1.26,1.07,,,1.1827,109.76,6.4547,113.043,18.8,,56.89,,,,,,,
2021-09-10,72.44,69.82,,,,,,1.193,,,1.35,0.23,1.3,1.12,,,1.1821,109.93,6.444,112.9425,20.95,-0.7085,72.22,,,,,,,
2021-09-11,,,,,,,,,,,,,,,,,,,,,,,96.32,,,,,,,
2021-09-12,,,,,,,,,,,,,,,,,,,,,,,152.3,,,,,,,
2021-09-13,72.97,70.54,,,,,,1.234,,,1.33,0.21,1.27,1.12,,,1.1809,109.94,6.4511,113.0341,19.37,,209.02,,,,,,,
2021-09-14,73.05,70.53,,,,,,1.253,,,1.28,0.21,1.24,1.07,,,1.1824,109.66,6.4382,113.0061,19.46,,135.76,,,,,,,
2021-09-15,74.84,72.59,,,,,,1.303,,,1.31,0.21,1.27,1.1,,,1.1811,109.4,6.432,112.9773,18.18,,106.93,,,,,,,
2021-09-16,75.14,72.69,,,,,,1.328,,,1.34,0.23,1.3,1.11,,,1.1764,109.67,6.4566,113.3036,18.69,,44.76,,,,,,,
2021-09-17,74.64,72.09,,,,,,1.338,,,1.37,0.23,1.33,1.14,,,1.1734,109.94,6.4655,113.5989,20.81,-0.6758,83.45,,,,,,,
2021-09-18,,,,,,,,,,,,,,,,,,,,,,,63.85,,,,,,,
2021-09-19,,,,,,,,,,,,,,,,,,,,,,,91.65,,,,,,,
2021-09-20,73.59,70.41,,,,,,1.324,,,1.31,0.23,1.27,1.08,,,1.1729,109.47,6.4651,113.9422,25.71,,159.31,,,,,,,
2021-09-21,73.65,70.51,,,,,,1.325,,,1.33,0.22,1.3,1.11,,,1.1724,109.33,6.4651,113.8179,24.36,,196.08,,,,,,,
2021-09-22,75.5,72.37,,,,,,1.333,,,1.32,0.25,1.29,1.07,,,1.1739,109.59,6.4611,113.6223,20.87,,98.64,,,,,,,
2021-09-23,76.44,73.43,,,,,,1.338,,,1.41,0.27,1.38,1.14,,,1.1735,110.17,6.459,113.513,18.63,,79.1,,,,,,,
2021-09-24,77.42,74.18,,,,,,1.34,,,1.47,0.29,1.44,1.18,,,1.1715,110.72,6.466,113.7597,17.75,-0.541,86.86,,,,,,,
2021-09-25,,,,,,,,,,,,,,,,,,,,,,,82.85,,,,,,,
2021-09-26,,,,,,,,,,,,,,,,,,,,,,,108.75,,,,,,,
2021-09-27,78.85,75.54,,,,,,1.37,,,1.48,0.31,1.44,1.17,,,1.1702,110.97,6.456,113.7432,18.76,,243.51,,,,,,,
2021-09-28,78.3,75.44,,,,,,1.433,,,1.54,0.31,1.5,1.23,,,1.1681,111.33,6.4595,114.2469,23.25,,126.3,,,,,,,
2021-09-29,77.86,75.06,,,,,,1.433,,,1.55,0.3,1.51,1.25,,,1.1612,111.83,6.4702,114.7092,22.56,,104.63,,,,,,,
2021-09-30,77.81,75.22,,,,,,1.443,,,1.52,0.28,1.48,1.24,,,1.1577,111.5,6.4434,114.6403,23.14,,142.53,,,,,,,
2021-10-01,79.4,76.01,35.0652381,9829.219047619048,2934.39380952381,19362.39285714286,38.47619047619048,1.488,250.577,220.924,1.48,0.27,1.44,1.21,,,1.1598,110.97,6.4434,114.3798,21.15,-0.6271,88.83,187.2398433784515,100.1861,99.1234,148572.0,281.617,110.188,2500240087261.1
2021-10-02,,,,,,,,,,,,,,,,,,,,,,,100.28,,,,,,,
2021-10-03,,,,,,,,,,,,,,,,,,,,,,,166.17,,,,,,,
2021-10-04,81.44,77.68,,,,,,1.493,,,1.49,0.27,1.45,1.22,,,1.1622,110.94,6.4434,114.2739,22.96,,148.03,,,,,,,
2021-10-05,82.72,79.17,,,,,,1.495,,,1.54,0.28,1.5,1.26,,,1.1609,111.39,6.4434,114.3654,21.3,,97.14,,,,,,,
2021-10-06,81.39,77.66,,,,,,1.498,,,1.53,0.3,1.49,1.23,,,1.1546,111.33,6.4434,114.7185,21.0,,145.53,,,,,,,
2021-10-07,82.34,78.46,,,,,,1.493,,,1.58,0.32,1.53,1.26,,,1.1561,111.5,6.4434,114.5044,19.54,,100.93,,,,,,,
2021-10-08,82.17,79.55,,,,,,1.454,,,1.61,0.32,1.56,1.29,,,1.1572,112.15,6.4435,114.5986,18.77,-0.6345,96.69,,,,,,,
2021-10-09,,,,,,,,,,,,,,,,,,,,,,,248.61,,,,,,,
2021-10-10,,,,,,,,,,,,,,,,,,,,,,,122.3,,,,,,,
2021-10-11,83.75,80.64,,,,,,1.473,,,,,,,,,,,,,20.0,,85.57,,,,,,,
2021-10-12,83.53,80.75,,,,,,1.45,,,1.59,0.35,1.53,1.24,,,1.1541,113.69,6.4485,114.7542,19.85,,90.52,,,,,,,
2021-10-13,83.53,80.67,,,,,,1.423,,,1.56,0.37,1.51,1.19,,,1.1568,113.49,6.4262,114.4705,18.64,,111.12,,,,,,,
2021-10-14,83.86,81.43,,,,,,1.458,,,1.52,0.36,1.47,1.16,,,1.1591,113.59,6.438,114.2053,16.86,,94.34,,,,,,,
2021-10-15,84.67,82.39,,,,,,1.483,,,1.59,0.41,1.54,1.18,,,1.1594,114.31,6.434,114.0905,16.3,-0.728,65.19,,,,,,,
2021-10-16,,,,,,,,,,,,,,,,,,,,,,,86.82,,,,,,,
2021-10-17,,,,,,,,,,,,,,,,,,,,,,,238.11,,,,,,,
2021-10-18,84.13,82.62,,,,,,1.488,,,1.59,0.44,1.53,1.15,,,1.1609,114.22,6.429,113.9899,16.31,,159.77,,,,,,,
2021-10-19,85.02,83.19,,,,,,1.49,,,1.65,0.41,1.6,1.24,,,1.1632,114.27,6.3822,113.647,15.7,,73.95,,,,,,,
2021-10-20,85.76,84.4,,,,,,1.491,,,1.65,0.4,1.6,1.25,,,1.1643,114.24,6.3936,113.5083,15.49,,59.85,,,,,,,
2021-10-21,84.58,82.64,,,,,,1.483,,,1.68,0.45,1.62,1.23,,,1.1643,113.75,6.3925,113.6188,15.01,,69.73,,,,,,,
2021-10-22,85.43,84.53,,,,,,1.485,,,1.66,0.48,1.6,1.18,,,1.1632,113.54,6.3839,113.67,15.43,-0.9021,101.73,,,,,,,
2021-10-23,,,,,,,,,,,,,,,,,,,,,,,69.32,,,,,,,
2021-10-24,,,,,,,,,,,,,,,,,,,,,,,185.92,,,,,,,
2021-10-25,84.85,84.64,,,,,,1.378,,,1.64,0.47,1.58,1.17,,,1.1609,113.7,6.3856,113.605,15.24,,102.62,,,,,,,
2021-10-26,85.11,85.64,,,,,,1.398,,,1.63,0.47,1.57,1.16,,,1.159,114.19,6.382,113.674,15.98,,99.45,,,,,,,
2021-10-27,84.12,82.66,,,,,,1.365,,,1.54,0.5,1.48,1.04,,,1.16,113.75,6.3915,113.6218,16.98,,63.73,,,,,,,
2021-10-28,83.4,82.78,,,,,,1.36,,,1.57,0.5,1.51,1.07,,,1.1685,113.38,6.3917,113.4389,16.53,,90.49,,,,,,,
2021-10-29,83.1,83.5,,,,,,1.383,,,1.55,0.48,1.5,1.07,,,1.1552,114.03,6.405,114.1349,16.26,-0.8092,77.35,,,,,,,
2021-10-30,,,,,,,,,,,,,,,,,,,,,,,61.28,,,,,,,
2021-10-31,,,,,,,,,,,,,,,,,,,,,,,97.73,,,,,,,
2021-11-01,84.51,84.08,31.96357143,9728.904545454545,2636.452272727273,19932.86318181818,31.09958403772727,1.385,253.043,223.073,1.58,0.5,1.53,1.08,,,1.1591,114.19,6.3972,114.2067,16.41,,136.17,229.32187991367334,100.8654,98.5441,149230.0,282.754,110.77,
2021-11-02,84.42,83.91,,,,,,1.385,,,1.56,0.46,1.51,1.1,,,1.1581,113.78,6.3995,114.2847,16.03,,110.75,,,,,,,
2021-11-03,81.1,80.82,,,,,,1.383,,,1.6,0.47,1.55,1.13,,,1.1584,114.06,6.4061,114.3593,15.1,,188.57,,,,,,,
2021-11-04,80.15,78.88,,,,,,1.378,,,1.53,0.41,1.49,1.12,,,1.1546,113.63,6.397,114.3558,15.44,,156.8,,,,,,,
2021-11-05,82.43,81.25,,,,,,1.375,,,1.45,0.39,1.4,1.06,,,1.1554,113.45,6.3961,114.0732,16.48,-0.6802,211.53,,,,,,,
2021-11-06,,,,,,,,,,,,,,,,,,,,,,,205.66,,,,,,,
2021-11-07,,,,,,,,,,,,,,,,,,,,,,,264.34,,,,,,,
2021-11-08,83.22,81.96,,,,,,1.388,,,1.51,0.45,1.45,1.06,,,1.159,113.15,6.3902,113.8256,17.22,,363.38,,,,,,,
2021-11-09,84.52,84.12,,,,,,1.423,,,1.46,0.41,1.42,1.05,,,1.1589,112.87,6.3916,113.762,17.78,,149.84,,,,,,,
2021-11-10,82.91,81.23,,,,,,1.383,,,1.56,0.51,1.51,1.05,,,1.1517,113.89,6.3882,114.1484,18.73,,39.0,,,,,,,
2021-11-11,83.4,81.47,,,,,,1.373,,,,,,,,,,,,,17.66,,65.66,,,,,,,
2021-11-12,82.9,80.87,,,,,,1.26,,,1.58,0.53,1.53,1.05,,,1.1443,113.9,6.3787,114.5144,16.29,-0.7862,202.74,,,,,,,
2021-11-13,,,,,,,,,,,,,,,,,,,,,,,79.21,,,,,,,
2021-11-14,,,,,,,,,,,,,,,,,,,,,,,173.41,,,,,,,
2021-11-15,81.94,80.85,,,,,,1.213,,,1.63,0.53,1.58,1.1,,,1.1421,113.96,6.3824,114.5876,16.49,,107.9,,,,,,,
2021-11-16,82.85,80.76,,,,,,1.224,,,1.63,0.54,1.58,1.09,,,1.1333,114.62,6.3919,115.136,16.37,,112.32,,,,,,,
2021-11-17,80.67,78.32,,,,,,1.148,,,1.6,0.52,1.55,1.08,,,1.1322,114.33,6.3775,115.0263,17.11,,114.88,,,,,,,
2021-11-18,82.45,78.92,,,,,,1.118,,,1.59,0.52,1.54,1.07,,,1.1358,114.22,6.3851,115.0678,17.59,,141.8,,,,,,,
2021-11-19,80.24,76.11,,,,,,1.118,,,1.54,0.52,1.49,1.02,,,1.1318,113.81,6.3863,115.2187,17.91,-0.6858,120.37,,,,,,,
2021-11-20,,,,,,,,,,,,,,,,,,,,,,,192.7,,,,,,,
2021-11-21,,,,,,,,,,,,,,,,,,,,,,,87.77,,,,,,,
2021-11-22,80.97,76.74,,,,,,1.115,,,1.63,0.63,1.58,1.0,,,1.126,114.69,6.3842,115.6481,19.17,,92.12,,,,,,,
2021-11-23,83.43,78.32,,,,,,1.118,,,1.67,0.6,1.61,1.07,,,1.1265,114.98,6.391,116.0118,19.38,,98.64,,,,,,,
2021-11-24,82.37,78.32,,,,,,1.118,,,1.64,0.64,1.58,1.0,,,1.1196,115.34,6.3917,116.2711,18.58,,131.12,,,,,,,
2021-11-25,82.05,,,,,,,,,,,,,,,,,,,,,,58.34,,,,,,,
2021-11-26,72.37,,,,,,,,,,1.48,0.5,1.42,0.98,,,1.1302,113.46,6.3924,116.5103,28.62,-0.4857,57.97,,,,,,,
2021-11-27,,,,,,,,,,,,,,,,,,,,,,,44.45,,,,,,,
2021-11-28,,,,,,,,,,,,,,,,,,,,,,,126.1,,,,,,,
2021-11-29,73.34,69.88,,,,,,1.123,,,1.52,0.51,1.46,1.01,,,1.1261,113.75,6.3875,116.581,22.96,,103.8,,,,,,,
2021-11-30,70.86,66.14,,,,,,1.02,,,1.43,0.52,1.38,0.91,,,1.1287,113.22,6.364,116.2071,27.19,,117.24,,,,,,,
2021-12-01,69.53,65.44,37.41978261,9551.18,2695.531428571429,20015.54857142857,36.12930302782609,0.998,231.624,197.098,1.43,0.56,1.37,0.87,,,1.1323,112.82,6.3641,115.889,31.12,,108.42,258.40928353024697,100.5726,97.1899,149816.0,283.908,111.418,
2021-12-02,70.56,66.6,,,,,,0.968,,,1.44,0.63,1.39,0.81,,,1.1306,113.1,6.3763,116.018,27.95,,90.4,,,,,,,
2021-12-03,70.71,66.39,,,,,,0.99,,,1.35,0.6,1.29,0.75,,,1.1308,112.88,6.3758,116.2377,30.67,-0.1679,219.57,,,,,,,
2021-12-04,,,,,,,,,,,,,,,,,,,,,,,169.9,,,,,,,
2021-12-05,,,,,,,,,,,,,,,,,,,,,,,173.55,,,,,,,
2021-12-06,73.38,69.62,,,,,,0.99,,,1.43,0.65,1.38,0.78,,,1.1282,113.31,6.3756,116.1538,27.18,,90.05,,,,,,,
2021-12-07,75.54,71.94,,,,,,1.1,,,1.48,0.7,1.42,0.78,,,1.1247,113.61,6.3657,115.8555,21.89,,121.78,,,,,,,
2021-12-08,75.94,72.43,,,,,,1.0,,,1.52,0.68,1.45,0.84,,,1.133,113.83,6.3435,115.4418,19.9,,94.23,,,,,,,
2021-12-09,74.1,70.87,,,,,,1.013,,,1.49,0.7,1.43,0.79,,,1.1285,113.53,6.3772,115.7784,21.58,,59.47,,,,,,,
2021-12-10,74.98,71.71,,,,,,1.035,,,1.48,0.67,1.42,0.81,,,1.1312,113.36,6.3685,115.5732,18.69,-0.7042,78.93,,,,,,,
2021-12-11,,,,,,,,,,,,,,,,,,,,,,,84.96,,,,,,,
2021-12-12,,,,,,,,,,,,,,,,,,,,,,,184.54,,,,,,,
2021-12-13,74.12,71.19,,,,,,1.033,,,1.42,0.66,1.37,0.76,,,1.1298,113.42,6.3659,115.842,20.31,,214.47,,,,,,,
2021-12-14,73.37,70.57,,,,,,1.033,,,1.44,0.67,1.39,0.77,,,1.1267,113.63,6.3671,116.2397,21.89,,76.16,,,,,,,
2021-12-15,73.71,70.89,,,,,,1.035,,,1.47,0.69,1.42,0.78,,,1.1261,113.83,6.3673,116.4219,19.29,,103.8,,,,,,,
2021-12-16,74.64,72.34,,,,,,1.033,,,1.44,0.64,1.39,0.8,,,1.1309,113.67,6.3674,115.7146,20.57,,152.15,,,,,,,
2021-12-17,72.97,70.93,,,,,,1.029,,,1.41,0.66,1.36,0.75,,,1.1277,113.56,6.3748,115.791,21.57,-0.4972,130.93,,,,,,,
2021-12-18,,,,,,,,,,,,,,,,,,,,,,,111.46,,,,,,,
2021-12-19,,,,,,,,,,,,,,,,,,,,,,,185.69,,,,,,,
2021-12-20,70.51,68.69,,,,,,0.955,,,1.43,0.65,1.36,0.78,,,1.1298,113.45,6.3756,116.0092,22.87,,118.72,,,,,,,
2021-12-21,72.85,71.1,,,,,,1.003,,,1.48,0.7,1.41,0.78,,,1.1272,114.11,6.3716,116.1089,21.01,,164.17,,,,,,,
2021-12-22,74.69,72.82,,,,,,1.025,,,1.46,0.68,1.38,0.78,,,1.1324,114.22,6.3695,115.7485,18.63,,130.79,,,,,,,
2021-12-23,76.26,73.89,,,,,,1.055,,,1.5,0.71,1.43,0.79,,,1.132,114.42,6.3696,115.5337,17.96,,171.54,,,,,,,
2021-12-24,75.24,,,,,,,,,,,,,,,,,,,,,-0.579,98.9,,,,,,,
2021-12-25,,,,,,,,,,,,,,,,,,,,,,,203.29,,,,,,,
2021-12-26,,,,,,,,,,,,,,,,,,,,,,,271.9,,,,,,,
2021-12-27,,75.49,,,,,,1.07,,,1.48,0.76,1.42,0.72,,,1.1329,114.85,6.3705,115.4684,17.68,,179.41,,,,,,,
2021-12-28,,76.01,,,,,,1.093,,,1.49,0.74,1.43,0.75,,,1.1314,114.75,6.3684,115.4192,17.54,,113.84,,,,,,,
2021-12-29,78.63,76.58,,,,,,1.118,,,1.55,0.75,1.5,0.8,,,1.1337,114.97,6.368,115.3678,16.95,,84.18,,,,,,,
2021-12-30,78.61,76.83,,,,,,1.123,,,1.52,0.73,1.47,0.79,,,1.1318,115.17,6.3726,115.283,17.33,,131.66,,,,,,,
2021-12-31,77.24,75.33,,,,,,,,,1.52,0.73,1.46,0.79,,,,,,,17.22,-0.7681,132.09,,,,,,,
2022-01-01,,,26.82833333,9782.3375,3005.9805,22355.4,36.87292118666667,,245.638,226.752,,,,,,,,,,,,,169.59,221.70366663726656,100.1856,96.3777,150006.0,285.996,111.976,2518518588856.8
2022-01-02,,,,,,,,,,,,,,,,,,,,,,,157.01,,,,,,,
2022-01-03,78.25,75.99,,,,,,1.123,,,1.63,0.78,1.55,0.85,,,1.129,115.27,6.355,115.4101,16.6,,146.6,,,,,,,
2022-01-04,79.39,77.0,,,,,,1.125,,,1.66,0.77,1.58,0.89,,,1.1296,116.12,6.3721,115.3103,16.91,,192.08,,,,,,,
2022-01-05,80.6,77.83,,,,,,1.125,,,1.71,0.83,1.62,0.88,,,1.1335,115.91,6.364,115.137,19.73,,111.08,,,,,,,
2022-01-06,81.99,79.47,,,,,,1.123,,,1.73,0.88,1.63,0.85,,,1.1307,115.78,6.3822,115.4046,19.61,,235.1,,,,,,,
2022-01-07,82.28,79.0,,,,,,1.128,,,1.76,0.87,1.66,0.89,,,1.1358,115.61,6.3769,115.0451,18.76,-0.6985,57.41,,,,,,,
2022-01-08,,,,,,,,,,,,,,,,,,,,,,,139.45,,,,,,,
2022-01-09,,,,,,,,,,,,,,,,,,,,,,,115.26,,,,,,,
2022-01-10,81.56,78.11,,,,,,1.13,,,1.78,0.92,1.65,0.86,,,1.1328,115.14,6.3756,115.2216,19.4,,120.25,,,,,,,
2022-01-11,84.98,81.17,,,,,,1.13,,,1.75,0.9,1.64,0.85,,,1.1363,115.38,6.3735,114.8332,18.41,,77.55,,,,,,,
2022-01-12,85.83,82.51,,,,,,1.138,,,1.74,0.92,1.62,0.82,,,1.1431,114.74,6.358,114.355,17.62,,91.97,,,,,,,
2022-01-13,85.8,81.97,,,,,,,,,1.7,0.91,1.58,0.79,,,1.1464,114.06,6.3595,114.177,20.31,,57.28,,,,,,,
2022-01-14,87.17,83.82,,,,,,1.138,,,1.78,0.99,1.65,0.79,,,1.1414,113.89,6.3524,114.3825,19.19,-0.6593,73.63,,,,,,,
2022-01-15,,,,,,,,,,,,,,,,,,,,,,,169.9,,,,,,,
2022-01-16,,,,,,,,,,,,,,,,,,,,,,,507.73,,,,,,,
2022-01-17,87.82,,,,,,,,,,,,,,,,,,,,,,174.94,,,,,,,
2022-01-18,88.83,85.42,,,,,,1.183,,,1.87,1.06,1.71,0.81,,,1.1336,114.6,6.3525,114.7373,22.79,,77.0,,,,,,,
2022-01-19,89.64,86.84,,,,,,1.17,,,1.83,1.04,1.66,0.79,,,1.1346,114.28,6.3447,114.6109,23.85,,71.25,,,,,,,
2022-01-20,89.75,86.29,,,,,,1.183,,,1.83,1.08,1.66,0.75,,,1.1336,114.08,6.3406,114.4642,25.59,,72.93,,,,,,,
2022-01-21,89.75,85.16,,,,,,1.175,,,1.75,1.01,1.58,0.74,,,1.1346,113.72,6.3385,114.6125,28.85,-0.382,126.04,,,,,,,
2022-01-22,,,,,,,,,,,,,,,,,,,,,,,52.51,,,,,,,
2022-01-23,,,,,,,,,,,,,,,,,,,,,,,122.72,,,,,,,
2022-01-24,87.74,84.48,,,,,,1.183,,,1.75,0.99,1.56,0.76,,,1.131,113.82,6.3304,115.2034,29.9,,273.48,,,,,,,
2022-01-25,89.49,86.61,,,,,,1.17,,,1.78,1.02,1.59,0.76,,,1.1283,113.88,6.3257,115.1654,31.16,,190.88,,,,,,,
2022-01-26,91.22,88.33,,,,,,1.2,,,1.85,1.13,1.66,0.72,,,1.1279,114.33,6.3206,115.0922,31.96,,146.78,,,,,,,
2022-01-27,90.7,87.61,,,,,,1.211,,,1.81,1.18,1.61,0.63,,,1.1141,115.47,6.3677,115.978,30.49,,164.89,,,,,,,
2022-01-28,91.47,87.67,,,,,,1.27,,,1.78,1.15,1.59,0.63,,,1.116,115.21,6.3605,116.0393,27.66,-0.2004,129.34,,,,,,,
2022-01-29,,,,,,,,,,,,,,,,,,,,,,,126.32,,,,,,,
2022-01-30,,,,,,,,,,,,,,,,,,,,,,,179.99,,,,,,,
2022-01-31,92.35,89.16,,,,,,1.298,,,1.79,1.18,1.57,0.61,,,1.1212,115.22,6.361,115.566,24.83,,184.81,,,,,,,
2022-02-01,90.24,88.22,27.82325,9943.175,3245.7855,24015.55,35.831914317,1.308,275.038,254.864,1.81,1.18,1.62,0.63,,,1.1239,114.77,6.361,115.3685,21.96,,143.53,175.82258801196468,100.8064,98.5378,150825.0,288.059,112.468,
2022-02-02,91.43,88.16,,,,,,1.32,,,1.78,1.16,1.59,0.62,,,1.1299,114.36,6.361,115.1538,22.09,,101.01,,,,,,,
2022-02-03,92.99,90.17,,,,,,1.32,,,1.82,1.19,1.62,0.63,,,1.1425,114.88,6.361,114.9065,24.35,,93.56,,,,,,,
2022-02-04,96.86,92.27,,,,,,1.28,,,1.93,1.31,1.7,0.62,,,1.1455,115.22,6.361,115.1362,23.22,-0.5118,171.57,,,,,,,
2022-02-05,,,,,,,,,,,,,,,,,,,,,,,111.26,,,,,,,
2022-02-06,,,,,,,,,,,,,,,,,,,,,,,121.68,,,,,,,
2022-02-07,97.28,91.25,,,,,,1.235,,,1.92,1.3,1.65,0.62,,,1.1434,115.09,6.361,115.0098,22.86,,97.27,,,,,,,
2022-02-08,96.07,89.32,,,,,,1.215,,,1.96,1.35,1.71,0.61,,,1.1416,115.62,6.366,115.0892,21.44,,115.82,,,,,,,
2022-02-09,94.95,89.57,,,,,,1.238,,,1.94,1.36,1.68,0.58,,,1.1435,115.44,6.3619,114.8232,19.96,,83.48,,,,,,,
2022-02-10,96.37,89.83,,,,,,1.24,,,2.03,1.61,1.63,0.42,,,1.1487,115.84,6.3526,114.5527,23.91,,84.38,,,,,,,
2022-02-11,97.5,93.1,,,,,,1.24,,,1.92,1.5,1.56,0.42,,,1.1404,115.91,6.354,114.8413,27.36,-0.5839,67.68,,,,,,,
2022-02-12,,,,,,,,,,,,,,,,,,,,,,,85.27,,,,,,,
2022-02-13,,,,,,,,,,,,,,,,,,,,,,,155.44,,,,,,,
2022-02-14,101.66,95.52,,,,,,1.253,,,1.98,1.58,1.55,0.4,,,1.1306,115.72,6.3567,115.1946,28.33,,201.81,,,,,,,
2022-02-15,98.43,92.07,,,,,,1.253,,,2.05,1.58,1.65,0.47,,,1.1363,115.64,6.3385,114.93,25.7,,109.46,,,,,,,
2022-02-16,97.44,93.83,,,,,,1.288,,,2.03,1.52,1.65,0.51,,,1.1381,115.41,6.3366,114.6886,24.29,,73.91,,,,,,,
2022-02-17,95.28,91.78,,,,,,1.303,,,1.97,1.49,1.61,0.48,,,1.1364,115.03,6.3381,114.6755,28.11,,107.1,,,,,,,
2022-02-18,96.18,91.26,,,,,,1.293,,,1.92,1.47,1.57,0.45,,,1.1327,115.08,6.3251,114.7982,27.75,-0.1636,180.25,,,,,,,
2022-02-19,,,,,,,,,,,,,,,,,,,,,,,139.8,,,,,,,
2022-02-20,,,,,,,,,,,,,,,,,,,,,,,133.87,,,,,,,
2022-02-21,98.95,,,,,,,,,,,,,,,,,,,,,,114.2,,,,,,,
2022-02-22,98.73,92.11,,,,,,1.288,,,1.94,1.56,1.57,0.38,,,1.1342,114.94,6.326,114.7002,28.81,,180.27,,,,,,,
2022-02-23,99.29,92.14,,,,,,1.273,,,1.99,1.58,1.65,0.41,,,1.1316,115.12,6.3134,114.6668,31.02,,89.64,,,,,,,
2022-02-24,101.29,92.77,,,,,,1.273,,,1.96,1.54,1.64,0.42,,,1.1154,115.45,6.3283,115.9419,30.32,,156.68,,,,,,,
2022-02-25,98.56,91.68,,,,,,1.375,,,1.97,1.55,1.64,0.42,,,1.1261,115.62,6.3169,115.2577,27.59,-0.005,161.59,,,,,,,
2022-02-26,,,,,,,,,,,,,,,,,,,,,,,175.73,,,,,,,
2022-02-27,,,,,,,,,,,,,,,,,,,,,,,160.39,,,,,,,
2022-02-28,103.08,96.13,,,,,,1.375,,,1.83,1.44,1.48,0.39,,,1.1224,115.11,6.3084,115.2224,30.15,,167.06,,,,,,,
2022-03-01,110.93,103.66,38.73586957,10230.89391304348,3498.373043478261,33924.17647058824,45.5147010273913,1.448,325.601,281.88,1.72,1.31,1.4,0.41,,,1.1103,114.87,6.3116,115.7962,33.32,,188.05,298.1883650247702,101.3907,100.294,151315.0,289.305,112.914,
2022-03-02,118.94,110.74,,,,,,1.448,,,1.86,1.5,1.52,0.36,,,1.1102,115.59,6.321,115.7623,30.74,,134.88,,,,,,,
2022-03-03,115.36,107.69,,,,,,1.54,,,1.86,1.53,1.48,0.33,,,1.1053,115.67,6.3195,115.9495,30.48,,204.82,,,,,,,
2022-03-04,123.86,115.77,,,,,,1.448,,,1.74,1.5,1.4,0.24,,,1.0912,114.65,6.3188,116.6503,31.98,0.295,219.09,,,,,,,
2022-03-05,,,,,,,,,,,,,,,,,,,,,,,212.98,,,,,,,
2022-03-06,,,,,,,,,,,,,,,,,,,,,,,142.22,,,,,,,
2022-03-07,129.02,119.26,,,,,,1.615,,,1.78,1.55,1.4,0.23,,,1.086,115.41,6.3194,117.3278,36.45,,164.7,,,,,,,
2022-03-08,133.18,123.64,,,,,,1.615,,,1.86,1.63,1.5,0.23,,,1.0881,115.64,6.3178,117.6176,35.13,,165.06,,,,,,,
2022-03-09,116.58,108.81,,,,,,1.615,,,1.94,1.68,1.56,0.26,,,1.1069,115.87,6.3174,116.5961,32.45,,142.59,,,,,,,
2022-03-10,114.54,105.93,,,,,,1.615,,,1.98,1.72,1.59,0.26,,,1.1007,116.05,6.3212,116.7401,30.23,,150.53,,,,,,,
2022-03-11,118.11,109.31,,,,,,1.615,,,2.0,1.75,1.6,0.25,,,1.0937,117.08,6.3389,117.0192,30.75,0.1519,232.96,,,,,,,
2022-03-12,,,,,,,,,,,,,,,,,,,,,,,174.06,,,,,,,
2022-03-13,,,,,,,,,,,,,,,,,,,,,,,352.88,,,,,,,
2022-03-14,110.39,103.22,,,,,,1.315,,,2.14,1.87,1.69,0.27,,,1.0979,118.0,6.3645,117.1506,31.77,,222.54,,,,,,,
2022-03-15,105.14,96.42,,,,,,1.25,,,2.15,1.85,1.69,0.3,,,1.0974,118.19,6.3696,117.246,29.83,,154.33,,,,,,,
2022-03-16,104.61,94.85,,,,,,1.233,,,2.19,1.95,1.75,0.24,,,1.0996,118.48,6.351,116.8073,26.67,,216.66,,,,,,,
2022-03-17,113.5,102.97,,,,,,1.336,,,2.2,1.94,1.8,0.26,,,1.111,118.45,6.3459,116.0467,25.67,,137.82,,,,,,,
2022-03-18,114.32,104.69,,,,,,1.348,,,2.14,1.97,1.72,0.17,,,1.1044,119.17,6.3609,116.1378,23.87,-0.3062,171.27,,,,,,,
2022-03-19,,,,,,,,,,,,,,,,,,,,,,,100.89,,,,,,,
2022-03-20,,,,,,,,,,,,,,,,,,,,,,,161.71,,,,,,,
2022-03-21,122.29,112.14,,,,,,1.412,,,2.32,2.14,1.78,0.18,,,1.1048,119.15,6.3552,115.9398,23.53,,239.83,,,,,,,
2022-03-22,121.53,111.03,,,,,,1.412,,,2.38,2.18,1.87,0.2,,,1.1022,120.66,6.366,116.0824,22.94,,137.53,,,,,,,
2022-03-23,127.52,114.89,,,,,,1.465,,,2.32,2.13,1.82,0.19,,,1.1001,121.02,6.372,116.005,23.57,,116.56,,,,,,,
2022-03-24,123.98,114.2,,,,,,1.463,,,2.34,2.13,1.82,0.21,,,1.1006,122.08,6.367,115.9599,21.67,,128.23,,,,,,,
2022-03-25,122.67,116.2,,,,,,1.463,,,2.48,2.3,1.93,0.18,,,1.0985,121.98,6.3658,115.7921,20.81,-0.6094,209.01,,,,,,,
2022-03-26,,,,,,,,,,,,,,,,,,,,,,,204.08,,,,,,,
2022-03-27,,,,,,,,,,,,,,,,,,,,,,,396.7,,,,,,,
2022-03-28,114.5,107.55,,,,,,1.413,,,2.46,2.35,1.87,0.11,,,1.0977,123.25,6.3714,116.1911,19.63,,322.1,,,,,,,
2022-03-29,112.79,104.25,,,,,,1.403,,,2.41,2.35,1.86,0.06,,,1.1104,122.61,6.3635,115.5679,18.9,,193.93,,,,,,,
2022-03-30,115.59,107.81,,,,,,1.435,,,2.35,2.31,1.8,0.04,,,1.1163,121.97,6.347,115.0818,19.33,,105.19,,,,,,,
2022-03-31,107.29,100.53,,,,,,1.408,,,2.32,2.28,1.8,0.04,,,1.1093,121.44,6.3393,115.2218,20.56,,81.85,,,,,,,
2022-04-01,106.13,99.32,29.0147619,10174.34761904762,3246.990476190476,33133.80952380952,48.70473091619048,1.36,320.296,283.471,2.39,2.44,1.86,-0.05,,,1.1043,122.6,6.3625,115.4814,19.63,-0.4749,114.29,269.5029595473497,101.44,98.0669,151623.0,290.846,113.307,2539595442985.1
2022-04-02,,,,,,,,,,,,,,,,,,,,,,,160.34,,,,,,,
2022-04-03,,,,,,,,,,,,,,,,,,,,,,,65.82,,,,,,,
2022-04-04,108.15,103.29,,,,,,1.385,,,2.42,2.43,1.76,-0.01,,,1.0992,122.7,6.3619,115.4112,18.57,,115.67,,,,,,,
2022-04-05,106.6,101.98,,,,,,1.325,,,2.54,2.51,1.89,0.03,,,1.0921,123.48,6.3619,115.73,21.03,,126.89,,,,,,,
2022-04-06,100.81,96.39,,,,,,1.265,,,2.61,2.5,1.94,0.11,,,1.0913,123.7,6.359,115.9995,22.1,,168.21,,,,,,,
2022-04-07,99.83,96.05,,,,,,1.255,,,2.66,2.47,1.98,0.19,,,1.09,123.8,6.36,116.3512,21.55,,171.04,,,,,,,
2022-04-08,101.26,98.35,,,,,,1.28,,,2.72,2.53,2.02,0.19,,,1.0874,124.31,6.3643,116.4176,21.16,-0.3684,124.74,,,,,,,
2022-04-09,,,,,,,,,,,,,,,,,,,,,,,92.39,,,,,,,
2022-04-10,,,,,,,,,,,,,,,,,,,,,,,324.04,,,,,,,
2022-04-11,97.92,94.22,,,,,,1.265,,,2.79,2.5,2.02,0.29,,,1.0875,125.55,6.3692,116.5401,24.37,,241.25,,,,,,,
2022-04-12,104.42,100.52,,,,,,1.32,,,2.72,2.39,1.98,0.33,,,1.0852,125.25,6.3651,116.3866,24.26,,103.12,,,,,,,
2022-04-13,108.49,104.26,,,,,,1.32,,,2.7,2.37,1.95,0.33,,,1.0874,125.51,6.3678,116.2796,21.82,,90.43,,,,,,,
2022-04-14,110.83,106.84,,,,,,1.32,,,2.83,2.47,2.04,0.36,,,1.0796,125.92,6.3775,116.7558,22.7,,142.29,,,,,,,
2022-04-15,,,,,,,,,,,,,,,,,1.0812,126.31,6.3705,116.7017,,-0.2788,98.36,,,,,,,
2022-04-16,,,,,,,,,,,,,,,,,,,,,,,85.21,,,,,,,
2022-04-17,,,,,,,,,,,,,,,,,,,,,,,105.38,,,,,,,
2022-04-18,,108.24,,,,,,1.365,,,2.85,2.46,2.04,0.39,,,1.0785,126.77,6.363,116.8441,22.17,,93.03,,,,,,,
2022-04-19,105.49,102.54,,,,,,1.303,,,2.93,2.61,2.12,0.32,,,1.0789,128.55,6.393,117.1324,21.37,,276.08,,,,,,,
2022-04-20,105.05,102.56,,,,,,1.303,,,2.85,2.6,2.03,0.25,,,1.0857,127.76,6.4188,116.7306,20.32,,95.07,,,,,,,
2022-04-21,107.2,103.89,,,,,,1.313,,,2.9,2.68,2.07,0.22,,,1.0839,128.62,6.45,117.1432,22.68,,89.05,,,,,,,
2022-04-22,105.15,102.86,,,,,,1.26,,,2.9,2.72,2.07,0.18,,,1.079,128.78,6.501,118.0186,28.21,-0.3844,148.56,,,,,,,
2022-04-23,,,,,,,,,,,,,,,,,,,,,,,112.1,,,,,,,
2022-04-24,,,,,,,,,,,,,,,,,,,,,,,131.87,,,,,,,
2022-04-25,99.27,99.6,,,,,,1.24,,,2.81,2.63,1.9,0.18,,,1.0703,127.66,6.5585,118.6271,27.02,,126.9,,,,,,,
2022-04-26,102.89,102.62,,,,,,1.285,,,2.77,2.54,1.94,0.23,,,1.0661,127.37,6.5552,118.9624,33.52,,130.06,,,,,,,
2022-04-27,103.3,101.96,,,,,,1.295,,,2.82,2.58,2.0,0.24,,,1.0549,128.44,6.5595,119.4708,31.6,,69.39,,,,,,,
2022-04-28,105.78,105.47,,,,,,1.295,,,2.85,2.63,2.03,0.22,,,1.05,130.94,6.6243,120.0675,29.99,,80.21,,,,,,,
2022-04-29,108.36,104.59,,,,,,1.295,,,2.89,2.7,2.04,0.19,,,1.0537,129.84,6.608,119.4933,33.4,0.1819,126.12,,,,,,,
2022-04-30,,,,,,,,,,,,,,,,,,,,,,,281.5,,,,,,,
2022-05-01,,,21.93772727,9395.027272727273,2839.505454545455,28228.88681818182,40.89162640454545,,364.129,289.411,,,,,,,,,,,,,150.39,275.8742104755495,101.3335,98.7053,151924.0,292.506,113.703,
2022-05-02,,105.18,,,,,,1.265,,,2.99,2.73,2.09,0.26,,,1.0521,130.18,6.6079,119.8825,32.34,,99.33,,,,,,,
2022-05-03,104.94,102.53,,,,,,1.25,,,2.97,2.78,2.06,0.19,,,1.0532,130.09,6.6079,119.7043,29.25,,103.64,,,,,,,
2022-05-04,110.53,107.84,,,,,,1.27,,,2.93,2.66,2.04,0.27,,,1.0539,129.97,6.6079,119.5592,25.42,,123.78,,,,,,,
2022-05-05,112.11,108.17,,,,,,1.263,,,3.05,2.71,2.2,0.34,,,1.0507,130.41,6.6535,120.0068,31.2,,87.92,,,,,,,
2022-05-06,113.86,109.72,,,,,,1.258,,,3.12,2.72,2.27,0.4,,,1.0572,130.35,6.6651,119.8577,30.19,0.2116,212.5,,,,,,,
2022-05-07,,,,,,,,,,,,,,,,,,,,,,,108.42,,,,,,,
2022-05-08,,,,,,,,,,,,,,,,,,,,,,,307.96,,,,,,,
2022-05-09,106.67,103.08,,,,,,1.228,,,3.05,2.61,2.13,0.44,,,1.0559,130.37,6.7295,120.4972,34.75,,97.81,,,,,,,
2022-05-10,102.61,99.74,,,,,,1.213,,,2.99,2.62,2.1,0.37,,,1.0531,130.21,6.7343,120.7742,32.99,,135.75,,,,,,,
2022-05-11,107.7,105.5,,,,,,1.213,,,2.91,2.66,2.0,0.25,,,1.0537,130.2,6.7186,120.3925,32.56,,102.02,,,,,,,
2022-05-12,108.06,106.15,,,,,,1.213,,,2.84,2.56,1.88,0.28,,,1.0376,128.1,6.786,121.2796,31.77,,144.73,,,,,,,
2022-05-13,112.12,110.52,,,,,,1.213,,,2.93,2.61,1.9,0.32,,,1.041,129.23,6.788,120.8442,28.87,0.5607,140.0,,,,,,,
2022-05-14,,,,,,,,,,,,,,,,,,,,,,,130.88,,,,,,,
2022-05-15,,,,,,,,,,,,,,,,,,,,,,,184.23,,,,,,,
2022-05-16,114.86,114.07,,,,,,1.233,,,2.88,2.58,1.81,0.3,,,1.042,129.15,6.7852,120.6881,27.47,,124.37,,,,,,,
2022-05-17,112.89,112.31,,,,,,1.22,,,2.98,2.71,1.92,0.27,,,1.0532,129.31,6.7361,119.8871,26.1,,101.23,,,,,,,
2022-05-18,110.04,109.67,,,,,,1.203,,,2.89,2.68,1.86,0.21,,,1.0494,128.22,6.754,120.0274,30.96,,97.83,,,,,,,
2022-05-19,113.22,112.21,,,,,,1.218,,,2.84,2.63,1.79,0.21,,,1.0587,127.62,6.7109,119.4278,29.35,,157.59,,,,,,,
2022-05-20,113.63,112.63,,,,,,1.21,,,2.78,2.6,1.75,0.18,,,1.0559,127.86,6.6921,119.3677,29.43,0.3057,185.12,,,,,,,
2022-05-21,,,,,,,,,,,,,,,,,,,,,,,157.27,,,,,,,
2022-05-22,,,,,,,,,,,,,,,,,,,,,,,247.4,,,,,,,
2022-05-23,115.13,110.32,,,,,,1.198,,,2.86,2.65,1.79,0.21,,,1.0668,127.78,6.649,118.7169,28.48,,135.77,,,,,,,
2022-05-24,115.77,112.55,,,,,,1.198,,,2.76,2.5,1.7,0.26,,,1.0744,126.56,6.653,118.6245,29.45,,135.79,,,,,,,
2022-05-25,116.41,112.88,,,,,,1.198,,,2.75,2.48,1.69,0.27,,,1.0658,127.31,6.6916,118.9598,28.37,,100.89,,,,,,,
2022-05-26,119.81,116.19,,,,,,1.198,,,2.75,2.46,1.68,0.29,,,1.0725,127.23,6.738,118.7687,27.5,,132.56,,,,,,,
2022-05-27,121.19,114.96,,,,,,1.198,,,2.74,2.47,1.66,0.27,,,1.0709,127.14,6.698,118.2834,25.72,0.2794,145.02,,,,,,,
2022-05-28,,,,,,,,,,,,,,,,,,,,,,,61.72,,,,,,,
2022-05-29,,,,,,,,,,,,,,,,,,,,,,,79.32,,,,,,,
2022-05-30,123.01,,,,,,,,,,,,,,,,,,,,26.54,,82.99,,,,,,,
2022-05-31,125.53,114.38,,,,,,1.228,,,2.85,2.53,1.69,0.32,,,1.0731,128.53,6.6715,118.0704,26.19,,72.9,,,,,,,
2022-06-01,122.2,115.26,29.53818182,9067.551818181819,2575.669545454545,25877.06818181818,40.33151745227273,1.233,414.562,326.056,2.94,2.66,1.79,0.28,,,1.0646,130.09,6.6858,118.6954,25.69,,161.66,248.01935491968658,101.018,99.5598,152358.0,294.68,114.376,
2022-06-02,,116.88,,,,,,1.233,,,2.92,2.65,1.75,0.27,,,1.0733,129.83,6.6596,118.0658,24.72,,144.13,,,,,,,
2022-06-03,125.68,118.97,,,,,,1.253,,,2.96,2.66,1.75,0.3,,,1.0721,130.71,6.6595,118.2153,24.79,-0.1618,163.85,,,,,,,
2022-06-04,,,,,,,,,,,,,,,,,,,,,,,88.7,,,,,,,
2022-06-05,,,,,,,,,,,,,,,,,,,,,,,139.95,,,,,,,
2022-06-06,124.99,118.41,,,,,,1.253,,,3.04,2.73,1.78,0.31,,,1.0699,131.55,6.6534,118.3081,25.07,,127.27,,,,,,,
2022-06-07,126.89,119.55,,,,,,1.24,,,2.98,2.75,1.72,0.23,,,1.0697,132.53,6.6675,118.4414,24.02,,167.65,,,,,,,
2022-06-08,129.2,121.94,,,,,,1.24,,,3.03,2.78,1.75,0.25,,,1.074,134.06,6.6825,118.3951,23.96,,110.13,,,,,,,
2022-06-09,128.47,121.52,,,,,,1.245,,,3.04,2.83,1.74,0.21,,,1.0656,134.06,6.6915,118.9226,26.09,,112.11,,,,,,,
2022-06-10,127.44,120.73,,,,,,1.225,,,3.15,3.06,1.76,0.09,,,1.0521,134.19,6.7081,119.9981,27.75,-0.047,93.65,,,,,,,
2022-06-11,,,,,,,,,,,,,,,,,,,,,,,80.16,,,,,,,
2022-06-12,,,,,,,,,,,,,,,,,,,,,,,124.32,,,,,,,
2022-06-13,128.44,120.92,,,,,,1.218,,,3.43,3.4,1.7,0.03,,,1.0436,134.12,6.753,121.1523,34.02,,95.37,,,,,,,
2022-06-14,127.02,118.92,,,,,,1.183,,,3.49,3.45,1.66,0.04,,,1.0416,134.89,6.7395,121.6669,32.69,,120.62,,,,,,,
2022-06-15,124.96,115.32,,,,,,1.217,,,3.33,3.2,1.59,0.13,,,1.0388,134.5,6.7128,121.6403,29.62,,140.82,,,,,,,
2022-06-16,125.78,117.56,,,,,,1.213,,,3.28,3.14,1.69,0.14,,,1.0531,131.65,6.703,120.6714,32.95,,189.54,,,,,,,
2022-06-17,119.22,109.56,,,,,,1.163,,,3.25,3.17,1.62,0.08,,,1.0473,135.14,6.716,121.2369,31.13,0.0352,108.29,,,,,,,
2022-06-18,,,,,,,,,,,,,,,,,,,,,,,143.96,,,,,,,
2022-06-19,,,,,,,,,,,,,,,,,,,,,,,184.49,,,,,,,
2022-06-20,118.25,,,,,,,,,,,,,,,,,,,,31.03,,165.42,,,,,,,
2022-06-21,118.51,110.49,,,,,,1.209,,,3.31,3.21,1.61,0.1,,,1.0548,136.25,6.688,120.6427,30.19,,140.11,,,,,,,
2022-06-22,115.54,106.22,,,,,,1.214,,,3.16,3.06,1.55,0.1,,,1.0583,136.05,6.6983,120.5197,28.95,,96.97,,,,,,,
2022-06-23,114.5,105.75,,,,,,1.195,,,3.09,3.01,1.44,0.08,,,1.0503,134.72,6.698,120.7622,29.05,,96.96,,,,,,,
2022-06-24,117.36,109.07,,,,,,1.189,,,3.13,3.04,1.4,0.09,,,1.0539,135.22,6.6878,120.4853,27.23,0.3761,111.86,,,,,,,
2022-06-25,,,,,,,,,,,,,,,,,,,,,,,91.56,,,,,,,
2022-06-26,,,,,,,,,,,,,,,,,,,,,,,239.87,,,,,,,
2022-06-27,119.69,111.44,,,,,,1.21,,,3.2,3.08,1.41,0.12,,,1.0601,135.26,6.6899,120.1736,26.95,,140.94,,,,,,,
2022-06-28,122.21,113.66,,,,,,1.224,,,3.2,3.1,1.41,0.1,,,1.0534,136.19,6.707,120.62,28.36,,129.96,,,,,,,
2022-06-29,120.8,111.65,,,,,,1.224,,,3.1,3.06,1.32,0.04,,,1.0477,136.5,6.6997,120.9616,28.16,,135.33,,,,,,,
2022-06-30,119.78,107.76,,,,,,1.224,,,2.98,2.92,1.26,0.06,,,1.0469,135.69,6.6981,120.9652,28.71,,158.37,,,,,,,
2022-07-01,119.21,110.3,41.1695,7544.809523809524,2408.423333333333,21481.89285714286,38.93915917904762,1.224,350.652,275.308,2.88,2.84,1.15,0.04,,,1.0409,135.09,6.7,121.5058,26.7,0.6117,177.73,292.80632953196897,101.223,96.747,153072.0,295.646,114.628,2548742035078.3
2022-07-02,,,,,,,,,,,,,,,,,,,,,,,130.95,,,,,,,
2022-07-03,,,,,,,,,,,,,,,,,,,,,,,135.95,,,,,,,
2022-07-04,121.8,,,,,,,,,,,,,,,,,,,,27.53,,309.83,,,,,,,
2022-07-05,110.49,101.55,,,,,,1.17,,,2.82,2.82,0.92,0.0,,,1.0254,135.72,6.7192,122.6203,27.54,,116.59,,,,,,,
2022-07-06,108.54,100.31,,,,,,1.145,,,2.93,2.97,1.03,-0.04,,,1.0173,135.66,6.707,123.0073,26.73,,91.52,,,,,,,
2022-07-07,113.4,104.62,,,,,,1.185,,,3.01,3.03,1.06,-0.02,,,1.0159,135.99,6.7005,122.7257,26.08,,93.67,,,,,,,
2022-07-08,113.95,106.78,,,,,,1.186,,,3.09,3.12,1.11,-0.03,,,1.0178,136.16,6.6945,122.4662,24.64,0.4259,104.33,,,,,,,
2022-07-09,,,,,,,,,,,,,,,,,,,,,,,104.17,,,,,,,
2022-07-10,,,,,,,,,,,,,,,,,,,,,,,210.3,,,,,,,
2022-07-11,114.85,106.09,,,,,,1.19,,,2.99,3.07,0.81,-0.08,,,1.0088,137.29,6.7175,123.2974,26.17,,200.3,,,,,,,
2022-07-12,106.98,97.69,,,,,,1.148,,,2.96,3.03,0.74,-0.07,,,1.0069,136.68,6.7234,123.4524,27.29,,126.67,,,,,,,
2022-07-13,107.17,98.44,,,,,,1.14,,,2.91,3.13,0.52,-0.22,,,1.0081,137.34,6.7175,123.2834,26.82,,52.82,,,,,,,
2022-07-14,107.74,97.79,,,,,,1.11,,,2.96,3.15,0.56,-0.19,,,1.0028,138.94,6.7542,124.0622,26.4,,203.03,,,,,,,
2022-07-15,112.26,99.59,,,,,,1.103,,,2.93,3.13,0.56,-0.2,,,1.0089,138.57,6.7565,123.4765,24.23,0.0661,210.77,,,,,,,
2022-07-16,,,,,,,,,,,,,,,,,,,,,,,214.9,,,,,,,
2022-07-17,,,,,,,,,,,,,,,,,,,,,,,195.72,,,,,,,
2022-07-18,117.27,104.48,,,,,,1.093,,,2.96,3.15,0.46,-0.19,,,1.016,138.23,6.742,122.7727,25.3,,182.94,,,,,,,
2022-07-19,114.96,106.12,,,,,,1.083,,,3.01,3.23,0.49,-0.22,,,1.0238,137.94,6.743,122.4819,24.5,,177.18,,,,,,,
2022-07-20,115.86,104.45,,,,,,1.138,,,3.04,3.25,0.53,-0.21,,,1.0217,138.16,6.754,122.5997,23.88,,113.33,,,,,,,
2022-07-21,112.81,98.44,,,,,,1.12,,,2.91,3.1,0.43,-0.19,,,1.0197,137.94,6.7655,122.9032,23.11,,132.76,,,,,,,
2022-07-22,106.77,97.71,,,,,,1.12,,,2.77,2.98,0.28,-0.21,,,1.0225,136.12,6.75,122.451,23.03,-0.2737,138.82,,,,,,,
2022-07-23,,,,,,,,,,,,,,,,,,,,,,,100.99,,,,,,,
2022-07-24,,,,,,,,,,,,,,,,,,,,,,,209.57,,,,,,,
2022-07-25,108.23,99.83,,,,,,1.138,,,2.81,3.0,0.19,-0.19,,,1.0211,136.72,6.7499,122.4594,23.36,,120.62,,,,,,,
2022-07-26,107.32,97.74,,,,,,1.128,,,2.81,3.02,0.26,-0.21,,,1.0116,136.62,6.7616,122.7581,24.69,,94.68,,,,,,,
2022-07-27,109.64,100.03,,,,,,1.135,,,2.78,2.96,0.34,-0.18,,,1.0108,137.31,6.757,122.8169,23.24,,181.99,,,,,,,
2022-07-28,109.68,99.11,,,,,,1.138,,,2.68,2.85,0.26,-0.17,,,1.0163,134.45,6.7465,122.1161,22.33,,111.0,,,,,,,
2022-07-29,111.51,101.31,,,,,,1.153,,,2.67,2.89,0.26,-0.22,,,1.0202,133.25,6.7433,121.7678,21.33,-0.1945,130.23,,,,,,,
2022-07-30,,,,,,,,,,,,,,,,,,,,,,,61.72,,,,,,,
2022-07-31,,,,,,,,,,,,,,,,,,,,,,,118.84,,,,,,,
2022-08-01,106.09,96.59,54.1575,7990.812173913043,2433.916086956522,22034.89130434783,39.80230830956522,1.114,295.59,258.826,2.6,2.9,0.04,-0.3,,,1.027,131.8,6.7674,121.4109,22.84,,141.32,235.83155122180185,101.0963,98.9333,153362.0,297.178,115.276,
2022-08-02,106.51,97.14,,,,,,1.121,,,2.75,3.06,0.19,-0.31,,,1.0194,132.32,6.7499,121.9486,23.93,,96.66,,,,,,,
2022-08-03,101.82,93.25,,,,,,1.103,,,2.73,3.1,0.21,-0.37,,,1.0146,134.18,6.7565,122.3888,21.95,,115.69,,,,,,,
2022-08-04,97.99,91.29,,,,,,1.083,,,2.68,3.03,0.18,-0.35,,,1.0221,133.28,6.7485,121.8333,21.44,,78.43,,,,,,,
2022-08-05,100.31,91.77,,,,,,1.07,,,2.83,3.24,0.25,-0.41,,,1.017,135.33,6.7607,122.321,21.15,-0.4832,107.43,,,,,,,
2022-08-06,,,,,,,,,,,,,,,,,,,,,,,265.44,,,,,,,
2022-08-07,,,,,,,,,,,,,,,,,,,,,,,187.1,,,,,,,
2022-08-08,103.46,93.52,,,,,,1.058,,,2.77,3.21,0.12,-0.44,,,1.0207,134.73,6.7505,121.8783,21.29,,227.88,,,,,,,
2022-08-09,103.81,93.18,,,,,,1.054,,,2.8,3.28,0.13,-0.48,,,1.0226,134.95,6.7525,121.8614,21.77,,189.05,,,,,,,
2022-08-10,105.06,94.68,,,,,,1.073,,,2.78,3.23,0.13,-0.45,,,1.0337,132.58,6.723,120.7543,19.74,,84.3,,,,,,,
2022-08-11,107.19,97.02,,,,,,1.098,,,2.87,3.23,0.25,-0.36,,,1.0338,132.66,6.7445,120.7163,20.2,,99.36,,,,,,,
2022-08-12,103.7,94.86,,,,,,1.091,,,2.84,3.25,0.21,-0.41,,,1.0257,133.57,6.7425,121.018,19.53,-0.4036,48.55,,,,,,,
2022-08-13,,,,,,,,,,,,,,,,,,,,,,,112.14,,,,,,,
2022-08-14,,,,,,,,,,,,,,,,,,,,,,,95.08,,,,,,,
2022-08-15,98.25,92.24,,,,,,1.073,,,2.79,3.2,0.07,-0.41,,,1.0186,133.13,6.7715,121.4315,19.95,,145.63,,,,,,,
2022-08-16,95.36,89.23,,,,,,1.051,,,2.82,3.25,0.12,-0.43,,,1.0174,134.38,6.7875,121.6807,19.69,,103.94,,,,,,,
2022-08-17,97.22,90.85,,,,,,1.064,,,2.89,3.28,0.21,-0.39,,,1.0164,135.4,6.7805,122.0711,19.9,,75.77,,,,,,,
2022-08-18,96.35,93.2,,,,,,1.098,,,2.88,3.22,0.17,-0.34,,,1.0114,135.29,6.7855,122.3627,19.56,,92.67,,,,,,,
2022-08-19,96.45,93.55,,,,,,1.105,,,2.98,3.25,0.24,-0.27,,,1.0039,137.01,6.8164,123.0501,20.6,-0.3683,98.49,,,,,,,
2022-08-20,,,,,,,,,,,,,,,,,,,,,,,49.35,,,,,,,
2022-08-21,,,,,,,,,,,,,,,,,,,,,,,149.65,,,,,,,
2022-08-22,95.06,93.42,,,,,,1.1,,,3.03,3.32,0.21,-0.29,,,0.9936,137.57,6.8476,123.605,23.8,,169.02,,,,,,,
2022-08-23,99.49,96.46,,,,,,1.123,,,3.05,3.29,0.25,-0.24,,,0.9976,136.36,6.8476,123.0547,24.11,,93.31,,,,,,,
2022-08-24,99.87,95.52,,,,,,1.125,,,3.11,3.36,0.29,-0.25,,,0.9967,136.92,6.8581,123.109,22.82,,137.29,,,,,,,
2022-08-25,98.81,93.33,,,,,,1.113,,,3.03,3.35,0.15,-0.32,,,0.9959,136.83,6.8477,123.0586,21.78,,66.37,,,,,,,
2022-08-26,101.13,93.63,,,,,,1.115,,,3.04,3.37,0.15,-0.33,,,0.9998,137.07,6.8715,123.0656,25.56,-0.204,121.88,,,,,,,
2022-08-27,,,,,,,,,,,,,,,,,,,,,,,96.29,,,,,,,
2022-08-28,,,,,,,,,,,,,,,,,,,,,,,138.76,,,,,,,
2022-08-29,,97.4,,,,,,1.131,,,3.12,3.42,0.15,-0.3,,,1.0,138.74,6.9067,123.4686,26.21,,97.52,,,,,,,
2022-08-30,99.34,92.08,,,,,,1.075,,,3.11,3.46,0.14,-0.35,,,1.0018,138.73,6.91,123.6848,26.21,,83.23,,,,,,,
2022-08-31,96.55,90.09,,,,,,1.095,,,3.15,3.45,0.19,-0.3,,,1.0065,138.69,6.889,123.535,25.87,,126.46,,,,,,,
2022-09-01,92.24,87.09,44.68227273,7746.011363636364,2224.755909090909,22773.96636363636,40.95039193363636,1.081,281.174,241.987,3.26,3.51,0.29,-0.25,,,0.995,139.93,6.9066,124.4006,25.56,,75.93,248.85490514799466,101.2918,98.3594,153582.0,298.442,115.788,
2022-09-02,93.09,87.29,,,,,,1.084,,,3.2,3.4,0.26,-0.2,,,1.003,140.03,6.8985,123.7743,25.47,-0.1355,65.23,,,,,,,
2022-09-03,,,,,,,,,,,,,,,,,,,,,,,65.72,,,,,,,
2022-09-04,,,,,,,,,,,,,,,,,,,,,,,95.37,,,,,,,
2022-09-05,94.22,,,,,,,,,,,,,,,,,,,,25.99,,158.69,,,,,,,
2022-09-06,91.43,87.35,,,,,,1.099,,,3.33,3.5,0.29,-0.17,,,0.9914,142.95,6.9532,124.767,26.91,,91.55,,,,,,,
2022-09-07,86.83,82.5,,,,,,1.059,,,3.27,3.45,0.2,-0.18,,,0.9942,144.39,6.965,124.8408,24.64,,87.66,,,,,,,
2022-09-08,87.99,84.04,,,,,,1.04,,,3.29,3.48,0.23,-0.19,,,0.9956,144.05,6.9562,124.578,23.61,,47.62,,,,,,,
2022-09-09,91.68,87.27,,,,,,1.038,,,3.33,3.56,0.25,-0.23,,,1.0046,142.44,6.924,123.7874,22.79,-0.3097,66.03,,,,,,,
2022-09-10,,,,,,,,,,,,,,,,,,,,,,,64.78,,,,,,,
2022-09-11,,,,,,,,,,,,,,,,,,,,,,,141.95,,,,,,,
2022-09-12,93.45,88.18,,,,,,1.043,,,3.37,3.58,0.2,-0.21,,,1.0129,142.41,6.9265,123.3332,23.87,,162.37,,,,,,,
2022-09-13,92.04,87.84,,,,,,1.063,,,3.42,3.75,0.14,-0.33,,,0.9997,144.3,6.9245,124.4242,27.27,,95.35,,,,,,,
2022-09-14,92.83,88.88,,,,,,1.065,,,3.41,3.78,0.17,-0.37,,,0.9993,142.93,6.9612,124.4509,26.16,,116.73,,,,,,,
2022-09-15,89.28,85.72,,,,,,1.035,,,3.45,3.87,0.23,-0.42,,,0.9991,143.57,6.9934,124.8843,26.27,,118.58,,,,,,,
2022-09-16,89.43,85.57,,,,,,1.023,,,3.45,3.85,0.25,-0.4,,,1.0013,143.04,6.9799,124.8794,26.3,-0.4371,123.3,,,,,,,
2022-09-17,,,,,,,,,,,,,,,,,,,,,,,125.98,,,,,,,
2022-09-18,,,,,,,,,,,,,,,,,,,,,,,131.17,,,,,,,
2022-09-19,,86.15,,,,,,1.014,,,3.49,3.95,0.12,-0.46,,,1.0003,143.34,7.005,125.0104,25.76,,65.09,,,,,,,
2022-09-20,89.62,84.69,,,,,,0.998,,,3.57,3.96,0.22,-0.39,,,0.9994,143.64,7.0176,125.1248,27.16,,78.61,,,,,,,
2022-09-21,89.86,83.38,,,,,,0.965,,,3.51,4.02,0.2,-0.51,,,0.988,144.14,7.0479,125.7399,27.99,,70.88,,,,,,,
2022-09-22,90.4,84.02,,,,,,0.973,,,3.7,4.11,0.41,-0.41,,,0.9841,142.16,7.0772,126.1667,27.35,,139.2,,,,,,,
2022-09-23,84.29,79.07,,,,,,0.885,,,3.69,4.2,0.45,-0.51,,,0.9719,143.18,7.1266,127.2853,29.92,0.1338,133.87,,,,,,,
2022-09-24,,,,,,,,,,,,,,,,,,,,,,,114.37,,,,,,,
2022-09-25,,,,,,,,,,,,,,,,,,,,,,,127.96,,,,,,,
2022-09-26,82.55,77.17,,,,,,0.856,,,3.88,4.27,0.49,-0.39,,,0.9623,144.45,7.1384,128.4539,32.26,,85.96,,,,,,,
2022-09-27,85.97,78.91,,,,,,0.86,,,3.97,4.3,0.62,-0.33,,,0.9616,144.71,7.176,128.4386,32.6,,194.98,,,,,,,
2022-09-28,89.55,82.61,,,,,,0.873,,,3.72,4.07,0.32,-0.35,,,0.9681,144.15,7.199,128.0884,30.18,,155.79,,,,,,,
2022-09-29,89.41,81.78,,,,,,0.883,,,3.76,4.16,0.4,-0.4,,,0.9774,144.45,7.1196,127.5437,31.84,,93.12,,,,,,,
2022-09-30,88.9,79.91,,,,,,0.865,,,3.83,4.22,0.5,-0.39,,,0.9783,144.71,7.1135,127.5148,31.62,0.5225,192.84,,,,,,,
2022-10-01,,,29.742,7651.082857142857,2255.535238095238,22032.89285714286,41.30359725190476,,293.825,247.665,,,,,,,,,,,,,101.92,265.08245600682665,101.2529,99.1003,153939.0,299.315,116.204,2545935488894.9
2022-10-02,,,,,,,,,,,,,,,,,,,,,,,296.28,,,,,,,
2022-10-03,90.68,84.05,,,,,,0.86,,,3.67,4.12,0.21,-0.45,,,0.9809,144.5,7.1103,127.0813,30.1,,146.03,,,,,,,
2022-10-04,93.74,86.87,,,,,,0.876,,,3.62,4.1,0.17,-0.48,,,0.9977,144.32,7.1103,126.1819,29.07,,148.79,,,,,,,
2022-10-05,94.35,88.22,,,,,,0.914,,,3.76,4.15,0.3,-0.39,,,0.9866,144.73,7.1103,126.8616,28.55,,153.24,,,,,,,
2022-10-06,95.65,88.9,,,,,,0.925,,,3.83,4.23,0.37,-0.4,,,0.9806,144.94,7.1103,127.2493,30.52,,168.97,,,,,,,
2022-10-07,98.88,93.07,,,,,,0.911,,,3.89,4.3,0.44,-0.41,,,0.9785,145.19,7.1103,127.3111,31.36,0.166,139.82,,,,,,,
2022-10-08,,,,,,,,,,,,,,,,,,,,,,,100.81,,,,,,,
2022-10-09,,,,,,,,,,,,,,,,,,,,,,,128.12,,,,,,,
2022-10-10,97.13,91.6,,,,,,0.898,,,,,,,,,,,,,32.45,,181.4,,,,,,,
2022-10-11,95.17,89.75,,,,,,0.848,,,3.93,4.3,0.26,-0.37,,,0.9757,145.55,7.1639,127.6641,33.63,,155.85,,,,,,,
2022-10-12,93.44,87.83,,,,,,0.84,,,3.91,4.28,0.21,-0.37,,,0.9692,146.87,7.172,128.1481,33.57,,186.85,,,,,,,
2022-10-13,95.16,89.59,,,,,,0.86,,,3.97,4.47,0.18,-0.5,,,0.978,147.15,7.17,127.7286,31.94,,169.02,,,,,,,
2022-10-14,92.22,86.1,,,,,,0.798,,,4.0,4.48,0.19,-0.48,,,0.9739,148.46,7.1895,128.3325,32.02,0.2894,180.93,,,,,,,
2022-10-15,,,,,,,,,,,,,,,,,,,,,,,120.4,,,,,,,
2022-10-16,,,,,,,,,,,,,,,,,,,,,,,208.79,,,,,,,
2022-10-17,91.04,86.0,,,,,,0.798,,,4.02,4.45,0.05,-0.43,,,0.9843,148.71,7.1946,127.6448,31.37,,129.16,,,,,,,
2022-10-18,89.46,83.29,,,,,,0.824,,,4.01,4.43,-0.03,-0.42,,,0.9842,149.23,7.2001,127.9153,30.5,,73.35,,,,,,,
2022-10-19,91.34,86.0,,,,,,0.839,,,4.14,4.55,0.07,-0.41,,,0.978,149.77,7.228,128.3968,30.76,,70.66,,,,,,,
2022-10-20,91.52,86.02,,,,,,0.834,,,4.24,4.62,0.15,-0.38,,,0.9823,149.82,7.2129,128.0052,29.98,,78.35,,,,,,,
2022-10-21,91.82,85.47,,,,,,0.838,,,4.21,4.49,0.12,-0.28,,,0.9855,146.35,7.2399,127.6735,29.69,-0.1474,107.34,,,,,,,
2022-10-22,,,,,,,,,,,,,,,,,,,,,,,72.32,,,,,,,
2022-10-23,,,,,,,,,,,,,,,,,,,,,,,140.06,,,,,,,
2022-10-24,91.57,86.12,,,,,,0.838,,,4.25,4.5,0.09,-0.25,,,0.9874,148.76,7.2629,128.0304,29.85,,168.29,,,,,,,
2022-10-25,91.76,86.93,,,,,,0.85,,,4.1,4.42,-0.04,-0.32,,,0.9959,147.85,7.2688,127.3771,28.46,,104.95,,,,,,,
2022-10-26,92.93,89.39,,,,,,0.873,,,4.04,4.39,-0.07,-0.35,,,1.0068,146.5,7.171,126.4723,27.28,,84.81,,,,,,,
2022-10-27,94.17,89.06,,,,,,0.865,,,3.96,4.3,-0.17,-0.34,,,0.9985,146.02,7.2239,126.7028,27.39,,150.79,,,,,,,
2022-10-28,94.64,87.85,,,,,,0.873,,,4.02,4.41,-0.16,-0.39,,,0.9934,147.68,7.2499,127.2135,25.75,-0.2939,204.29,,,,,,,
2022-10-29,,,,,,,,,,,,,,,,,,,,,,,87.03,,,,,,,
2022-10-30,,,,,,,,,,,,,,,,,,,,,,,114.98,,,,,,,
2022-10-31,93.3,86.54,,,,,,0.876,,,4.1,4.51,-0.12,-0.41,,,0.9885,148.63,7.3048,127.6219,25.88,,161.13,,,,,,,
2022-11-01,95.12,88.36,25.21772727,8049.861363636364,2350.716363636364,25562.69772727273,40.95406478090909,0.878,268.692,241.614,4.07,4.54,-0.16,-0.47,,,0.9871,148.11,7.273,127.3987,25.81,,127.48,311.34886671932895,100.9552,97.2154,154242.0,299.6,116.539,
2022-11-02,96.07,90.06,,,,,,0.881,,,4.1,4.61,-0.12,-0.51,,,0.9875,147.11,7.289,127.3115,25.86,,98.2,,,,,,,
2022-11-03,95.29,88.14,,,,,,0.851,,,4.14,4.71,-0.11,-0.57,,,0.9759,148.18,7.3,128.1743,25.3,,140.73,,,,,,,
2022-11-04,99.53,92.58,,,,,,0.884,,,4.17,4.66,-0.04,-0.49,,,0.9895,147.22,7.2996,127.1468,24.55,-0.3872,122.07,,,,,,,
2022-11-05,,,,,,,,,,,,,,,,,,,,,,,66.38,,,,,,,
2022-11-06,,,,,,,,,,,,,,,,,,,,,,,116.64,,,,,,,
2022-11-07,99.87,91.8,,,,,,0.896,,,4.22,4.72,-0.07,-0.5,,,0.9997,146.64,7.2266,126.3062,24.35,,245.52,,,,,,,
2022-11-08,96.85,88.8,,,,,,0.888,,,4.14,4.67,-0.14,-0.53,,,1.0089,145.38,7.2485,125.633,25.54,,123.6,,,,,,,
2022-11-09,93.05,85.79,,,,,,0.865,,,4.12,4.61,-0.17,-0.49,,,1.0037,146.15,7.2401,125.9861,26.09,,146.6,,,,,,,
2022-11-10,94.25,86.52,,,,,,0.875,,,3.82,4.34,-0.46,-0.52,,,1.0176,141.78,7.184,124.7044,23.53,,119.57,,,,,,,
2022-11-11,96.37,89.14,,,,,,0.868,,,,,,,,,,,,,22.52,-0.323,183.98,,,,,,,
2022-11-12,,,,,,,,,,,,,,,,,,,,,,,198.23,,,,,,,
2022-11-13,,,,,,,,,,,,,,,,,,,,,,,228.73,,,,,,,
2022-11-14,93.59,85.85,,,,,,0.873,,,3.88,4.4,-0.46,-0.52,,,1.0337,140.43,7.071,123.4277,23.73,,215.52,,,,,,,
2022-11-15,94.3,86.87,,,,,,0.88,,,3.8,4.37,-0.51,-0.57,,,1.0372,139.36,7.044,123.039,24.54,,95.09,,,,,,,
2022-11-16,92.61,85.62,,,,,,0.871,,,3.67,4.35,-0.65,-0.68,,,1.0395,139.59,7.0964,123.2817,24.11,,107.83,,,,,,,
2022-11-17,91.0,81.69,,,,,,0.856,,,3.77,4.43,-0.55,-0.66,,,1.0341,140.45,7.1551,123.977,23.93,,91.22,,,,,,,
2022-11-18,88.93,80.07,,,,,,0.85,,,3.82,4.51,-0.52,-0.69,,,1.0349,140.03,7.1192,123.8524,23.12,-0.2262,133.39,,,,,,,
2022-11-19,,,,,,,,,,,,,,,,,,,,,,,110.6,,,,,,,
2022-11-20,,,,,,,,,,,,,,,,,,,,,,,255.53,,,,,,,
2022-11-21,88.44,79.74,,,,,,0.84,,,3.83,4.48,-0.58,-0.65,,,1.0238,141.95,7.164,124.7009,22.36,,122.23,,,,,,,
2022-11-22,88.65,80.83,,,,,,0.826,,,3.76,4.47,-0.64,-0.71,,,1.0276,141.29,7.1388,124.2365,21.29,,125.51,,,,,,,
2022-11-23,85.9,77.93,,,,,,0.811,,,3.71,4.46,-0.69,-0.75,,,1.0364,139.76,7.158,123.7574,20.35,,183.38,,,,,,,
2022-11-24,85.59,,,,,,,,,,,,,,,,,,,,20.42,,226.25,,,,,,,
2022-11-25,83.4,76.45,,,,,,,,,3.68,4.42,-0.73,-0.74,,,1.0402,139.21,7.1642,123.3386,20.5,-0.2283,189.26,,,,,,,
2022-11-26,,,,,,,,,,,,,,,,,,,,,,,119.31,,,,,,,
2022-11-27,,,,,,,,,,,,,,,,,,,,,,,173.32,,,,,,,
2022-11-28,83.5,77.1,,,,,,0.785,,,3.69,4.46,-0.72,-0.77,,,1.0386,138.67,7.2074,123.6032,22.21,,183.05,,,,,,,
2022-11-29,83.22,77.96,,,,,,0.78,,,3.75,4.48,-0.63,-0.73,,,1.0356,138.28,7.1568,123.6615,21.89,,90.52,,,,,,,
2022-11-30,85.61,80.48,,,,,,0.775,,,3.68,4.38,-0.69,-0.7,,,1.0323,139.31,7.0879,123.5175,20.58,,89.9,,,,,,,
2022-12-01,86.28,81.06,30.71714286,8371.091363636364,2398.206818181818,28985.92045454545,39.178243935,0.75,219.131,209.831,3.53,4.25,-0.8,-0.72,,,1.0498,135.55,7.0424,122.0045,19.84,,177.11,239.85428870142027,99.7664,94.3541,154342.0,300.113,116.952,
2022-12-02,86.54,79.86,,,,,,0.705,,,3.51,4.28,-0.83,-0.77,,,1.0521,134.89,7.019,122.0102,19.06,-0.1179,48.03,,,,,,,
2022-12-03,,,,,,,,,,,,,,,,,,,,,,,83.3,,,,,,,
2022-12-04,,,,,,,,,,,,,,,,,,,,,,,339.06,,,,,,,
2022-12-05,83.36,76.83,,,,,,0.689,,,3.6,4.41,-0.76,-0.81,,,1.0494,136.55,6.961,122.6384,20.75,,187.14,,,,,,,
2022-12-06,79.92,74.21,,,,,,0.683,,,3.51,4.34,-0.86,-0.83,,,1.0497,136.67,6.9935,123.0191,22.17,,105.68,,,,,,,
2022-12-07,77.11,71.93,,,,,,0.674,,,3.42,4.26,-0.87,-0.84,,,1.0505,136.57,6.9702,122.7608,22.68,,151.37,,,,,,,
2022-12-08,76.02,71.3,,,,,,0.67,,,3.48,4.31,-0.8,-0.83,,,1.0552,136.45,6.9649,122.4152,22.29,,81.81,,,,,,,
2022-12-09,76.37,71.05,,,,,,0.67,,,3.57,4.33,-0.74,-0.76,,,1.055,136.4,6.9559,122.4201,22.83,0.1214,114.31,,,,,,,
2022-12-10,,,,,,,,,,,,,,,,,,,,,,,61.0,,,,,,,
2022-12-11,,,,,,,,,,,,,,,,,,,,,,,223.06,,,,,,,
2022-12-12,78.0,72.96,,,,,,0.69,,,3.61,4.39,-0.77,-0.78,,,1.0545,137.47,6.9773,122.7714,25.0,,169.7,,,,,,,
2022-12-13,80.14,75.44,,,,,,0.71,,,3.51,4.22,-0.84,-0.71,,,1.063,135.14,6.943,121.8493,22.55,,122.35,,,,,,,
2022-12-14,83.33,77.14,,,,,,0.713,,,3.49,4.23,-0.84,-0.74,,,1.0655,134.95,6.9498,121.8226,21.14,,120.9,,,,,,,
2022-12-15,82.34,75.89,,,,,,0.693,,,3.44,4.23,-0.9,-0.79,,,1.0638,137.92,6.9716,122.5519,22.83,,114.95,,,,,,,
2022-12-16,80.2,74.19,,,,,,0.68,,,3.48,4.17,-0.83,-0.69,,,1.061,136.55,6.9708,122.6505,22.62,0.0073,99.07,,,,,,,
2022-12-17,,,,,,,,,,,,,,,,,,,,,,,84.76,,,,,,,
2022-12-18,,,,,,,,,,,,,,,,,,,,,,,103.12,,,,,,,
2022-12-19,81.66,75.05,,,,,,0.654,,,3.57,4.25,-0.8,-0.68,,,1.0624,136.87,6.9772,122.5275,22.42,,87.27,,,,,,,
2022-12-20,79.45,75.92,,,,,,0.646,,,3.69,4.25,-0.66,-0.56,,,1.0635,131.08,6.96,122.1357,21.48,,72.84,,,,,,,
2022-12-21,80.25,78.17,,,,,,0.678,,,3.68,4.21,-0.65,-0.53,,,1.0599,132.36,6.981,122.2828,20.07,,147.63,,,,,,,
2022-12-22,79.58,77.68,,,,,,0.704,,,3.67,4.24,-0.68,-0.57,,,1.0588,132.34,6.9829,122.2419,21.97,,98.69,,,,,,,
2022-12-23,82.45,79.57,,,,,,0.711,,,3.75,4.31,-0.59,-0.56,,,1.0621,132.78,6.988,121.9743,20.87,0.0263,84.14,,,,,,,
2022-12-24,,,,,,,,,,,,,,,,,,,,,,,73.31,,,,,,,
2022-12-25,,,,,,,,,,,,,,,,,,,,,,,343.59,,,,,,,
2022-12-26,,,,,,,,,,,,,,,,,,,,,,,170.29,,,,,,,
2022-12-27,,79.45,,,,,,0.7,,,3.84,4.32,-0.62,-0.48,,,1.0654,133.43,6.96,121.7539,21.65,,69.63,,,,,,,
2022-12-28,81.7,78.89,,,,,,0.703,,,3.88,4.31,-0.58,-0.43,,,1.0622,134.27,6.9774,122.0075,22.14,,85.9,,,,,,,
2022-12-29,80.96,78.43,,,,,,0.693,,,3.83,4.34,-0.62,-0.51,,,1.0668,133.16,6.9625,121.6577,21.44,,123.69,,,,,,,
2022-12-30,82.82,80.16,,,,,,0.718,,,3.88,4.41,-0.54,-0.53,,,1.0698,131.81,6.8972,121.4256,21.67,-0.0384,199.3,,,,,,,
2022-12-31,,,,,,,,,,,,,,,,,,,,,,,162.78,,,,,,,
2023-01-01,,,20.68552632,9007.346363636363,2494.900909090909,28271.49090909091,40.06339972363636,,245.497,207.365,,,,,,,,,,,,,433.38,217.19917934501004,100.505,95.6513,154776.0,301.962,117.505,2543594077164.3
2023-01-02,,,,,,,,,,,,,,,,,,,,,,,185.33,,,,,,,
2023-01-03,80.36,76.87,,,,,,0.768,,,3.79,4.4,-0.74,-0.61,,,1.0559,130.83,6.9135,122.0905,22.9,,117.51,,,,,,,
2023-01-04,75.31,72.82,,,,,,0.738,,,3.69,4.36,-0.86,-0.67,,,1.062,132.0,6.8875,121.5008,22.01,,114.2,,,,,,,
2023-01-05,76.73,73.61,,,,,,0.738,,,3.71,4.45,-0.95,-0.74,,,1.0522,133.57,6.88,122.1017,22.46,,176.01,,,,,,,
2023-01-06,76.41,73.77,,,,,,0.728,,,3.55,4.24,-1.12,-0.69,,,1.0619,132.21,6.837,121.0852,21.13,-0.1658,158.88,,,,,,,
2023-01-07,,,,,,,,,,,,,,,,,,,,,,,168.63,,,,,,,
2023-01-08,,,,,,,,,,,,,,,,,,,,,,,204.85,,,,,,,
2023-01-09,77.5,74.69,,,,,,0.753,,,3.53,4.19,-1.17,-0.66,,,1.0759,131.58,6.77,120.1508,21.97,,152.46,,,,,,,
2023-01-10,78.4,75.11,,,,,,0.773,,,3.61,4.24,-1.12,-0.63,,,1.0737,132.25,6.777,120.2483,20.58,,386.4,,,,,,,
2023-01-11,81.11,77.46,,,,,,0.791,,,3.54,4.2,-1.18,-0.66,,,1.074,132.58,6.77,120.1614,21.09,,363.54,,,,,,,
2023-01-12,82.59,78.32,,,,,,0.813,,,3.43,4.12,-1.23,-0.69,,,1.0823,129.75,6.7365,119.4218,18.83,,189.12,,,,,,,
2023-01-13,83.43,79.9,,,,,,0.819,,,3.49,4.22,-1.18,-0.73,,,1.0811,127.85,6.701,119.1673,18.35,-0.4239,141.9,,,,,,,
2023-01-14,,,,,,,,,,,,,,,,,,,,,,,176.67,,,,,,,
2023-01-15,,,,,,,,,,,,,,,,,,,,,,,261.68,,,,,,,
2023-01-16,82.65,,,,,,,,,,,,,,,,,,,,19.49,,166.4,,,,,,,
2023-01-17,84.38,80.25,,,,,,0.859,,,3.53,4.18,-1.18,-0.65,,,1.0793,128.18,6.7723,119.2121,19.36,,73.48,,,,,,,
2023-01-18,83.78,79.53,,,,,,0.888,,,3.37,4.06,-1.32,-0.69,,,1.0827,128.45,6.7534,119.0755,20.34,,310.22,,,,,,,
2023-01-19,85.08,80.31,,,,,,0.9,,,3.39,4.09,-1.32,-0.7,,,1.081,128.48,6.7738,119.6107,20.52,,106.09,,,,,,,
2023-01-20,86.96,81.27,,,,,,0.898,,,3.48,4.14,-1.24,-0.66,,,1.0831,129.97,6.7825,119.3486,19.85,-0.3913,119.89,,,,,,,
2023-01-21,,,,,,,,,,,,,,,,,,,,,,,89.56,,,,,,,
2023-01-22,,,,,,,,,,,,,,,,,,,,,,,258.78,,,,,,,
2023-01-23,87.54,81.62,,,,,,0.903,,,3.52,4.21,-1.21,-0.69,,,1.0865,130.69,6.7899,119.1434,19.81,,326.16,,,,,,,
2023-01-24,85.25,79.86,,,,,,0.904,,,3.46,4.12,-1.26,-0.66,,,1.0873,130.07,6.7899,119.0958,19.2,,123.28,,,,,,,
2023-01-25,85.08,79.78,,,,,,0.908,,,3.46,4.11,-1.26,-0.65,,,1.0901,129.64,6.7899,118.9686,19.08,,113.38,,,,,,,
2023-01-26,86.29,80.64,,,,,,0.938,,,3.49,4.17,-1.22,-0.68,,,1.0866,130.4,6.7899,119.021,18.73,,72.53,,,,,,,
2023-01-27,85.36,79.73,,,,,,0.925,,,3.52,4.19,-1.21,-0.67,,,1.0857,129.94,6.7899,118.9223,18.51,-0.5113,110.89,,,,,,,
2023-01-28,,,,,,,,,,,,,,,,,,,,,,,114.2,,,,,,,
2023-01-29,,,,,,,,,,,,,,,,,,,,,,,225.17,,,,,,,
2023-01-30,84.9,77.97,,,,,,0.905,,,3.55,4.25,-1.17,-0.7,,,1.0867,130.34,6.7501,118.8953,19.94,,190.98,,,,,,,
2023-01-31,83.42,78.95,,,,,,0.89,,,3.52,4.21,-1.18,-0.69,,,1.0858,130.17,6.754,118.9802,19.4,,158.19,,,,,,,
2023-02-01,81.61,76.34,15.9625,8936.587,2416.1815,26727.95,41.314370932,0.844,258.37,214.227,3.39,4.09,-1.27,-0.7,,,1.0917,129.27,6.7406,118.6259,17.87,,137.21,242.14083289899528,100.6416,97.5723,155066.0,304.011,117.929,
2023-02-02,80.57,75.87,,,,,,0.813,,,3.4,4.09,-1.26,-0.69,,,1.0918,128.45,6.7266,118.3421,18.73,,116.99,,,,,,,
2023-02-03,78.85,73.4,,,,,,0.813,,,3.53,4.3,-1.17,-0.77,,,1.0825,131.07,6.7733,119.5095,18.33,-0.5513,115.81,,,,,,,
2023-02-04,,,,,,,,,,,,,,,,,,,,,,,99.82,,,,,,,
2023-02-05,,,,,,,,,,,,,,,,,,,,,,,90.75,,,,,,,
2023-02-06,80.48,74.11,,,,,,0.799,,,3.63,4.44,-1.08,-0.81,,,1.0722,132.76,6.7918,120.541,19.43,,219.03,,,,,,,
2023-02-07,82.92,77.17,,,,,,0.82,,,3.67,4.47,-1.04,-0.8,,,1.0705,131.37,6.791,120.3475,18.66,,190.34,,,,,,,
2023-02-08,84.17,78.47,,,,,,0.853,,,3.63,4.45,-1.09,-0.82,,,1.0734,131.27,6.789,120.1436,19.63,,139.63,,,,,,,
2023-02-09,83.46,78.04,,,,,,0.853,,,3.67,4.48,-1.1,-0.81,,,1.0761,130.98,6.7782,119.9781,20.71,,129.06,,,,,,,
2023-02-10,85.46,79.74,,,,,,0.864,,,3.74,4.5,-1.05,-0.76,,,1.067,131.5,6.8106,120.1419,20.53,-0.6103,99.82,,,,,,,
2023-02-11,,,,,,,,,,,,,,,,,,,,,,,118.66,,,,,,,
2023-02-12,,,,,,,,,,,,,,,,,,,,,,,54.4,,,,,,,
2023-02-13,85.98,80.14,,,,,,0.838,,,3.72,4.52,-1.09,-0.8,,,1.0718,132.71,6.8198,119.9828,20.34,,70.05,,,,,,,
2023-02-14,84.96,79.08,,,,,,0.83,,,3.77,4.6,-1.03,-0.83,,,1.0722,133.05,6.8255,119.9229,18.91,,105.73,,,,,,,
2023-02-15,84.11,78.57,,,,,,0.823,,,3.81,4.62,-0.98,-0.81,,,1.0683,134.22,6.851,120.4557,18.23,,200.6,,,,,,,
2023-02-16,83.84,78.45,,,,,,0.82,,,3.86,4.62,-0.98,-0.76,,,1.0684,133.95,6.859,120.4651,20.17,,223.17,,,,,,,
2023-02-17,81.97,76.31,,,,,,0.82,,,3.82,4.6,-1.02,-0.78,,,1.0678,134.21,6.8661,120.5526,20.02,-0.4691,97.82,,,,,,,
2023-02-18,,,,,,,,,,,,,,,,,,,,,,,153.22,,,,,,,
2023-02-19,,,,,,,,,,,,,,,,,,,,,,,101.26,,,,,,,
2023-02-20,82.79,,,,,,,,,,,,,,,,,,,,21.23,,88.82,,,,,,,
2023-02-21,82.14,76.28,,,,,,0.81,,,3.95,4.67,-0.91,-0.72,,,1.0657,134.87,6.87,120.6256,22.87,,68.9,,,,,,,
2023-02-22,79.55,73.95,,,,,,0.808,,,3.93,4.66,-0.91,-0.73,,,1.0623,134.77,6.8908,120.8389,22.29,,140.33,,,,,,,
2023-02-23,82.08,75.26,,,,,,0.81,,,3.88,4.66,-0.96,-0.78,,,1.0583,134.8,6.9075,121.0896,21.14,,188.33,,,,,,,
2023-02-24,82.31,76.19,,,,,,0.82,,,3.95,4.78,-0.91,-0.83,,,1.0545,136.36,6.9545,121.5681,21.67,-0.231,82.35,,,,,,,
2023-02-25,,,,,,,,,,,,,,,,,,,,,,,57.93,,,,,,,
2023-02-26,,,,,,,,,,,,,,,,,,,,,,,78.14,,,,,,,
2023-02-27,81.24,75.57,,,,,,0.83,,,3.92,4.78,-0.97,-0.86,,,1.0596,136.18,6.945,121.3941,20.95,,130.62,,,,,,,
2023-02-28,83.21,76.88,,,,,,0.86,,,3.92,4.81,-0.96,-0.89,,,1.0602,136.09,6.9325,121.3341,20.7,,88.38,,,,,,,
2023-03-01,83.68,77.57,13.35043478,8856.310869565217,2296.416956521739,23288.60826086957,40.74152300368421,0.885,260.843,198.961,4.01,4.89,-0.89,-0.88,,,1.0674,135.82,6.8656,120.6347,20.58,,79.33,313.6530364287744,101.0205,98.1593,155134.0,305.476,118.315,
2023-03-02,84.15,78.05,,,,,,0.898,,,4.08,4.89,-0.83,-0.81,,,1.0595,136.84,6.9122,121.1302,19.59,,158.83,,,,,,,
2023-03-03,85.74,79.62,,,,,,0.91,,,3.97,4.86,-0.94,-0.89,,,1.0616,136.09,6.9048,120.7742,18.49,-0.4475,90.05,,,,,,,
2023-03-04,,,,,,,,,,,,,,,,,,,,,,,109.74,,,,,,,
2023-03-05,,,,,,,,,,,,,,,,,,,,,,,120.29,,,,,,,
2023-03-06,85.86,80.39,,,,,,0.91,,,3.98,4.89,-0.95,-0.91,,,1.0694,135.93,6.9295,120.485,18.61,,88.74,,,,,,,
2023-03-07,83.03,77.45,,,,,,0.88,,,3.97,5.0,-1.07,-1.03,,,1.0573,136.9,6.9605,121.4623,19.59,,97.28,,,,,,,
2023-03-08,82.1,76.56,,,,,,0.88,,,3.98,5.05,-1.08,-1.07,,,1.0549,137.18,6.9496,121.4511,19.11,,71.68,,,,,,,
2023-03-09,81.0,75.6,,,,,,0.824,,,3.93,4.9,-1.12,-0.97,,,1.0577,136.41,6.963,121.4458,22.61,,99.01,,,,,,,
2023-03-10,82.3,76.55,,,,,,0.815,,,3.7,4.6,-1.31,-0.9,,,1.0659,135.05,6.9025,121.2421,24.8,-0.0892,167.33,,,,,,,
2023-03-11,,,,,,,,,,,,,,,,,,,,,,,111.64,,,,,,,
2023-03-12,,,,,,,,,,,,,,,,,,,,,,,63.42,,,,,,,
2023-03-13,79.67,74.68,,,,,,0.795,,,3.55,4.03,-1.32,-0.48,,,1.0733,133.13,6.8455,120.8897,26.52,,226.43,,,,,,,
2023-03-14,76.77,71.18,,,,,,0.756,,,3.64,4.2,-1.24,-0.56,,,1.0722,134.33,6.868,121.0141,23.73,,246.38,,,,,,,
2023-03-15,74.3,67.38,,,,,,0.723,,,3.51,3.93,-1.24,-0.42,,,1.0535,132.81,6.9005,122.1079,26.14,,165.53,,,,,,,
2023-03-16,73.12,68.15,,,,,,0.713,,,3.56,4.14,-1.18,-0.58,,,1.0622,133.01,6.8965,121.7221,22.99,,191.67,,,,,,,
2023-03-17,71.03,66.61,,,,,,0.695,,,3.39,3.81,-1.13,-0.42,,,1.0647,132.01,6.887,121.5643,25.51,1.0996,236.53,,,,,,,
2023-03-18,,,,,,,,,,,,,,,,,,,,,,,80.16,,,,,,,
2023-03-19,,,,,,,,,,,,,,,,,,,,,,,213.92,,,,,,,
2023-03-20,72.42,67.56,,,,,,0.703,,,3.47,3.92,-1.34,-0.45,,,1.0722,131.59,6.877,121.0141,24.15,,158.68,,,,,,,
2023-03-21,74.78,69.4,,,,,,0.733,,,3.59,4.17,-1.19,-0.58,,,1.0769,132.27,6.883,120.8958,21.38,,102.69,,,,,,,
2023-03-22,76.08,70.71,,,,,,0.745,,,3.48,3.96,-1.31,-0.48,,,1.0792,132.67,6.8802,120.6217,22.26,,215.3,,,,,,,
2023-03-23,74.31,69.77,,,,,,0.738,,,3.38,3.76,-1.35,-0.38,,,1.089,130.99,6.8188,119.7587,22.61,,190.0,,,,,,,
2023-03-24,73.63,69.22,,,,,,0.753,,,3.38,3.76,-1.36,-0.38,,,1.0762,130.64,6.8675,120.4598,21.74,0.2679,163.72,,,,,,,
2023-03-25,,,,,,,,,,,,,,,,,,,,,,,132.95,,,,,,,
2023-03-26,,,,,,,,,,,,,,,,,,,,,,,153.05,,,,,,,
2023-03-27,76.8,72.87,,,,,,0.783,,,3.53,3.94,-1.38,-0.41,,,1.0789,131.49,6.8834,120.2541,20.6,,141.81,,,,,,,
2023-03-28,78.07,73.12,,,,,,0.783,,,3.55,4.02,-1.25,-0.47,,,1.0844,130.97,6.8725,119.7138,19.97,,117.77,,,,,,,
2023-03-29,77.51,72.95,,,,,,0.783,,,3.57,4.08,-1.23,-0.51,,,1.0826,132.69,6.8862,119.7258,19.12,,127.01,,,,,,,
2023-03-30,78.45,74.32,,,,,,0.78,,,3.55,4.1,-1.42,-0.55,,,1.0899,132.71,6.87,119.4078,19.02,,82.78,,,,,,,
2023-03-31,79.19,75.68,,,,,,0.783,,,3.48,4.06,-1.37,-0.58,,,1.0872,132.75,6.8676,119.3602,18.7,-0.2721,144.99,,,,,,,
2023-04-01,,,12.01105263,8809.1575,2338.131,23770.7995,41.762017353,,280.259,221.208,,,,,,,,,,,,,118.19,255.3793500633219,101.253,97.7789,155375.0,306.899,118.734,
2023-04-02,,,,,,,,,,,,,,,,,,,,,,,407.69,,,,,,,
2023-04-03,85.81,80.4,,,,,,0.828,,,3.43,3.97,-1.47,-0.54,,,1.0891,132.35,6.8776,119.3204,18.55,,150.38,,,,,,,
2023-04-04,85.7,80.7,,,,,,0.835,,,3.35,3.84,-1.53,-0.49,,,1.0951,131.6,6.878,119.142,19.0,,154.53,,,,,,,
2023-04-05,85.89,80.69,,,,,,0.835,,,3.3,3.79,-1.56,-0.49,,,1.0918,131.11,6.8781,119.2953,19.08,,108.51,,,,,,,
2023-04-06,86.56,80.7,,,,,,0.826,,,3.3,3.82,-1.61,-0.52,,,1.0927,131.67,6.875,119.3072,18.4,,40.4,,,,,,,
2023-04-07,,,,,,,,,,,3.39,3.97,-1.56,-0.58,,,1.0913,132.11,6.875,119.3547,,-0.0958,65.4,,,,,,,
2023-04-08,,,,,,,,,,,,,,,,,,,,,,,124.42,,,,,,,
2023-04-09,,,,,,,,,,,,,,,,,,,,,,,210.2,,,,,,,
2023-04-10,,79.79,,,,,,0.81,,,3.41,4.0,-1.67,-0.59,,,1.084,133.75,6.8807,119.7948,18.97,,116.65,,,,,,,
2023-04-11,87.32,81.54,,,,,,0.828,,,3.43,4.03,-1.61,-0.6,,,1.0906,133.63,6.8866,119.5248,19.1,,155.38,,,,,,,
2023-04-12,88.31,83.26,,,,,,0.84,,,3.41,3.95,-1.61,-0.54,,,1.0987,133.25,6.873,119.003,19.09,,109.82,,,,,,,
2023-04-13,86.51,82.16,,,,,,0.838,,,3.45,3.96,-1.65,-0.51,,,1.1054,132.37,6.8677,118.3915,17.8,,258.05,,,,,,,
2023-04-14,87.31,82.58,,,,,,0.838,,,3.52,4.08,-1.62,-0.56,,,1.098,133.74,6.869,118.8567,17.07,-0.4844,38.2,,,,,,,
2023-04-15,,,,,,,,,,,,,,,,,,,,,,,50.4,,,,,,,
2023-04-16,,,,,,,,,,,,,,,,,,,,,,,279.06,,,,,,,
2023-04-17,85.63,80.93,,,,,,0.818,,,3.6,4.18,-1.61,-0.58,,,1.0915,134.51,6.8786,119.2787,16.95,,51.34,,,,,,,
2023-04-18,85.48,80.85,,,,,,0.821,,,3.58,4.19,-1.62,-0.61,,,1.0958,134.11,6.8755,119.1049,16.83,,186.52,,,,,,,
2023-04-19,85.34,79.18,,,,,,0.814,,,3.6,4.24,-1.56,-0.64,,,1.0953,134.79,6.8851,119.303,16.46,,128.99,,,,,,,
2023-04-20,83.29,77.27,,,,,,0.799,,,3.54,4.14,-1.58,-0.6,,,1.097,134.1,6.8725,119.1199,17.17,,98.98,,,,,,,
2023-04-21,83.36,77.86,,,,,,0.799,,,3.57,4.17,-1.57,-0.6,,,1.0973,134.28,6.892,119.3117,16.77,-0.6584,118.21,,,,,,,
2023-04-22,,,,,,,,,,,,,,,,,,,,,,,113.76,,,,,,,
2023-04-23,,,,,,,,,,,,,,,,,,,,,,,127.64,,,,,,,
2023-04-24,84.23,78.64,,,,,,0.808,,,3.52,4.12,-1.68,-0.6,,,1.1027,134.41,6.8958,119.2039,16.89,,149.57,,,,,,,
2023-04-25,82.13,77.05,,,,,,0.79,,,3.4,3.86,-1.72,-0.46,,,1.0968,133.96,6.932,119.613,18.76,,111.25,,,,,,,
2023-04-26,79.19,74.33,,,,,,0.778,,,3.43,3.9,-1.73,-0.47,,,1.1052,133.72,6.9261,119.3228,18.84,,135.07,,,,,,,
2023-04-27,80.11,74.77,,,,,,0.745,,,3.53,4.07,-1.65,-0.54,,,1.1017,134.04,6.922,119.4298,17.03,,157.01,,,,,,,
2023-04-28,81.32,76.78,,,,,,0.755,,,3.44,4.04,-1.66,-0.6,,,1.104,135.99,6.911,119.2248,15.78,-0.2923,94.05,,,,,,,
2023-04-29,,,,,,,,,,,,,,,,,,,,,,,93.97,,,,,,,
2023-04-30,,,,,,,,,,,,,,,,,,,,,,,209.08,,,,,,,
2023-05-01,,75.65,9.900681818,8243.156086956522,2274.012608695652,22134.78260869565,43.46266622652174,0.755,259.907,199.51,3.59,4.14,-1.68,-0.55,,,1.097,137.35,6.9164,119.4435,16.08,,435.03,211.34613104174466,100.9286,97.6259,155655.0,308.096,119.083,
2023-05-02,76.71,71.71,,,,,,0.725,,,3.44,3.97,-1.8,-0.53,,,1.0997,136.46,6.9164,119.6105,17.78,,249.56,,,,,,,
2023-05-03,72.91,68.62,,,,,,0.725,,,3.38,3.89,-1.88,-0.51,,,1.1049,135.31,6.9164,119.1233,18.34,,139.92,,,,,,,
2023-05-04,73.0,68.52,,,,,,0.725,,,3.37,3.75,-1.89,-0.38,,,1.1009,133.76,6.9094,119.0465,20.09,,105.0,,,,,,,
2023-05-05,75.85,71.32,,,,,,0.725,,,3.44,3.92,-1.82,-0.48,,,1.1026,134.85,6.9101,118.5548,17.19,-0.3314,100.93,,,,,,,
2023-05-06,,,,,,,,,,,,,,,,,,,,,,,87.09,,,,,,,
2023-05-07,,,,,,,,,,,,,,,,,,,,,,,152.42,,,,,,,
2023-05-08,,73.13,,,,,,0.725,,,3.52,4.0,-1.79,-0.48,4.72,1.49,1.102,134.83,6.9125,118.5759,16.98,,311.34,,,,,,,
2023-05-09,77.76,73.68,,,,,,0.693,,,3.53,4.01,-1.76,-0.48,4.74,1.49,1.0953,135.15,6.9201,118.8239,17.71,,163.06,,,,,,,
2023-05-10,76.7,72.53,,,,,,0.681,,,3.43,3.9,-1.81,-0.47,4.78,1.49,1.0966,134.52,6.9321,118.5864,16.94,,69.51,,,,,,,
2023-05-11,75.32,70.81,,,,,,0.669,,,3.39,3.89,-1.81,-0.5,4.81,1.49,1.0916,134.46,6.948,119.0303,16.93,,155.22,,,,,,,
2023-05-12,74.54,70.02,,,,,,0.65,,,3.46,3.98,-1.79,-0.52,4.76,1.48,1.0856,135.63,6.9575,119.3671,17.03,-0.5117,190.28,,,,,,,
2023-05-13,,,,,,,,,,,,,,,,,,,,,,,250.04,,,,,,,
2023-05-14,,,,,,,,,,,,,,,,,,,,,,,189.55,,,,,,,
2023-05-15,75.46,71.07,,,,,,0.63,,,3.5,3.99,-1.71,-0.49,4.77,1.49,1.0874,136.07,6.952,119.1608,17.12,,99.1,,,,,,,
2023-05-16,75.15,70.85,,,,,,0.633,,,3.54,4.06,-1.69,-0.52,4.79,1.49,1.0866,136.62,6.9751,119.1743,17.99,,67.14,,,,,,,
2023-05-17,76.98,72.78,,,,,,0.645,,,3.57,4.12,-1.69,-0.55,4.75,1.49,1.083,137.51,6.9981,119.607,16.87,,113.54,,,,,,,
2023-05-18,75.75,71.82,,,,,,0.633,,,3.65,4.24,-1.66,-0.59,4.69,1.47,1.0776,138.5,7.0355,120.0886,16.05,,210.79,,,,,,,
2023-05-19,75.42,71.57,,,,,,0.633,,,3.7,4.28,-1.59,-0.58,4.62,1.45,1.0819,137.67,7.006,119.7751,16.81,-0.4449,111.5,,,,,,,
2023-05-20,,,,,,,,,,,,,,,,,,,,,,,206.6,,,,,,,
2023-05-21,,,,,,,,,,,,,,,,,,,,,,,328.45,,,,,,,
2023-05-22,75.77,71.81,,,,,,0.638,,,3.72,4.29,-1.68,-0.57,4.54,1.44,1.0806,138.65,7.0351,120.0875,17.21,,398.71,,,,,,,
2023-05-23,76.66,72.87,,,,,,0.638,,,3.7,4.26,-1.64,-0.56,4.6,1.44,1.0771,138.74,7.049,120.3204,18.53,,156.99,,,,,,,
2023-05-24,77.99,74.37,,,,,,0.643,,,3.73,4.31,-1.64,-0.58,4.68,1.44,1.0758,139.14,7.0585,120.4752,20.03,,301.54,,,,,,,
2023-05-25,75.66,71.68,,,,,,0.62,,,3.83,4.5,-1.55,-0.67,4.58,1.42,1.0725,139.81,7.0775,120.8413,19.14,,237.84,,,,,,,
2023-05-26,76.33,72.35,,,,,,0.62,,,3.8,4.54,-1.54,-0.74,4.53,1.41,1.0713,140.53,7.063,120.6304,17.95,-0.3223,220.29,,,,,,,
2023-05-27,,,,,,,,,,,,,,,,,,,,,,,154.91,,,,,,,
2023-05-28,,,,,,,,,,,,,,,,,,,,,,,241.49,,,,,,,
2023-05-29,,,,,,,,,,,,,,,4.54,1.41,,,,,17.46,,80.39,,,,,,,
2023-05-30,73.38,69.45,,,,,,0.62,,,3.69,4.46,-1.86,-0.77,4.58,1.4,1.0722,139.83,7.0792,120.5546,17.46,,111.1,,,,,,,
2023-05-31,71.98,68.11,,,,,,0.62,,,3.64,4.4,-1.88,-0.76,4.69,1.42,1.0654,139.78,7.11,120.9662,17.94,,264.79,,,,,,,
2023-06-01,74.18,70.09,10.10725,8396.517727272727,2184.753636363636,21233.27818181818,45.70048313954545,0.61,262.902,191.18,3.61,4.33,-1.89,-0.72,4.65,1.42,1.0752,138.74,7.0934,120.0491,15.65,,108.62,221.45846707536063,100.1196,98.369,155880.0,308.91,119.39,
2023-06-02,76.0,71.76,,,,,,0.603,,,3.69,4.5,-1.81,-0.81,4.37,1.39,1.0724,139.76,7.0827,120.0049,14.6,-0.4714,96.48,,,,,,,
2023-06-03,,,,,,,,,,,,,,,,,,,,,,,63.27,,,,,,,
2023-06-04,,,,,,,,,,,,,,,,,,,,,,,150.73,,,,,,,
2023-06-05,76.61,72.14,,,,,,0.603,,,3.69,4.46,-1.77,-0.77,4.39,1.39,1.0721,139.64,7.105,120.0048,14.73,,133.01,,,,,,,
2023-06-06,76.22,71.71,,,,,,0.613,,,3.7,4.51,-1.74,-0.81,4.39,1.39,1.0695,139.67,7.119,119.9718,13.96,,62.63,,,,,,,
2023-06-07,76.85,72.52,,,,,,0.613,,,3.79,4.56,-1.63,-0.77,4.33,1.39,1.0702,139.98,7.1287,119.859,13.94,,119.0,,,,,,,
2023-06-08,75.88,71.28,,,,,,0.6,,,3.73,4.52,-1.65,-0.79,4.39,1.4,1.078,138.83,7.1109,119.5712,13.65,,96.83,,,,,,,
2023-06-09,74.74,70.16,,,,,,0.588,,,3.75,4.59,-1.62,-0.84,4.29,1.4,1.0749,139.35,7.1273,119.4322,13.83,-0.6976,58.14,,,,,,,
2023-06-10,,,,,,,,,,,,,,,,,,,,,,,64.39,,,,,,,
2023-06-11,,,,,,,,,,,,,,,,,,,,,,,90.27,,,,,,,
2023-06-12,71.8,67.08,,,,,,0.548,,,3.73,4.55,-1.67,-0.82,4.34,1.41,1.0747,139.72,7.1437,119.6376,15.01,,204.38,,,,,,,
2023-06-13,74.24,69.39,,,,,,0.548,,,3.84,4.67,-1.52,-0.83,4.18,1.39,1.0792,140.0,7.1585,119.1899,14.61,,110.96,,,,,,,
2023-06-14,73.39,68.22,,,,,,0.555,,,3.83,4.74,-1.53,-0.91,4.18,1.38,1.0859,139.33,7.148,118.776,13.88,,147.42,,,,,,,
2023-06-15,75.75,70.61,,,,,,0.56,,,3.72,4.62,-1.61,-0.9,4.21,1.37,1.0933,140.49,7.13,118.5521,14.5,,71.0,,,,,,,
2023-06-16,76.76,71.81,,,,,,0.575,,,3.77,4.7,-1.57,-0.93,4.15,1.35,1.0925,141.82,7.125,118.4184,13.54,-0.612,56.58,,,,,,,
2023-06-17,,,,,,,,,,,,,,,,,,,,,,,61.35,,,,,,,
2023-06-18,,,,,,,,,,,,,,,,,,,,,,,126.36,,,,,,,
2023-06-19,76.09,,,,,,,,,,,,,,4.15,1.35,,,,,14.19,,277.07,,,,,,,
2023-06-20,75.79,70.94,,,,,,0.573,,,3.74,4.68,-1.65,-0.94,4.22,1.35,1.09,141.46,7.1811,118.938,13.88,,213.08,,,,,,,
2023-06-21,76.92,72.55,,,,,,0.583,,,3.72,4.68,-1.68,-0.96,4.32,1.35,1.0951,142.09,7.1779,118.727,13.2,,65.39,,,,,,,
2023-06-22,73.93,69.22,,,,,,0.565,,,3.8,4.77,-1.6,-0.97,4.3,1.34,1.0953,142.89,7.1777,118.7552,12.91,,72.75,,,,,,,
2023-06-23,73.56,68.91,,,,,,0.571,,,3.74,4.71,-1.67,-0.97,4.4,1.35,1.0887,143.78,7.1777,119.152,13.44,-0.5885,74.02,,,,,,,
2023-06-24,,,,,,,,,,,,,,,,,,,,,,,161.0,,,,,,,
2023-06-25,,,,,,,,,,,,,,,,,,,,,,,340.25,,,,,,,
2023-06-26,73.86,69.09,,,,,,0.558,,,3.72,4.65,-1.78,-0.93,4.45,1.36,1.091,143.55,7.2364,119.0761,14.25,,150.9,,,,,,,
2023-06-27,71.88,67.68,,,,,,0.558,,,3.77,4.74,-1.67,-0.97,4.3,1.34,1.0961,144.0,7.2193,118.8949,13.74,,127.96,,,,,,,
2023-06-28,73.64,69.54,,,,,,0.543,,,3.71,4.71,-1.73,-1.0,4.27,1.34,1.0904,144.23,7.2436,119.3382,13.43,,152.99,,,,,,,
2023-06-29,73.86,69.85,,,,,,0.543,,,3.85,4.87,-1.61,-1.02,4.14,1.31,1.0881,144.72,7.2515,119.527,13.54,,117.91,,,,,,,
2023-06-30,74.51,70.66,,,,,,0.541,,,3.81,4.87,-1.62,-1.06,4.05,1.3,1.092,144.47,7.2513,119.3606,13.59,-0.6968,96.85,,,,,,,
2023-07-01,,,10.88119048,8476.679047619047,2159.732380952381,21091.2619047619,45.24753382952381,,267.934,207.341,,,,,,,,,,,,,86.8,191.73126185560224,100.9067,95.7104,156043.0,309.402,119.556,
2023-07-02,,,,,,,,,,,,,,,,,,,,,,,123.9,,,,,,,
2023-07-03,74.52,69.71,,,,,,0.525,,,3.86,4.94,-1.58,-1.08,3.99,1.29,1.0919,144.5,7.24,119.2119,13.57,,65.32,,,,,,,
2023-07-04,76.23,,,,,,,,,,,,,,3.99,1.29,,,,,13.7,,60.81,,,,,,,
2023-07-05,76.74,71.78,,,,,,0.53,,,3.95,4.94,-1.49,-0.99,4.01,1.28,1.0868,144.56,7.2465,119.3483,14.18,,137.28,,,,,,,
2023-07-06,76.72,71.76,,,,,,0.54,,,4.05,4.99,-1.41,-0.94,4.1,1.29,1.0873,144.09,7.25,119.8193,15.44,,40.77,,,,,,,
2023-07-07,78.77,73.91,,,,,,0.573,,,4.06,4.94,-1.4,-0.88,4.08,1.28,1.0964,142.21,7.2205,119.0761,14.83,-0.7498,93.53,,,,,,,
2023-07-08,,,,,,,,,,,,,,,,,,,,,,,139.58,,,,,,,
2023-07-09,,,,,,,,,,,,,,,,,,,,,,,71.88,,,,,,,
2023-07-10,77.83,73.05,,,,,,0.586,,,4.01,4.85,-1.47,-0.84,4.13,1.29,1.0991,141.56,7.2315,118.9548,15.07,,39.18,,,,,,,
2023-07-11,79.54,74.87,,,,,,0.625,,,3.99,4.88,-1.5,-0.89,4.05,1.28,1.0992,140.51,7.209,118.7344,14.84,,37.82,,,,,,,
2023-07-12,80.35,75.77,,,,,,0.62,,,3.86,4.72,-1.61,-0.86,3.95,1.27,1.1123,138.21,7.1656,117.6385,13.54,,89.22,,,,,,,
2023-07-13,81.31,76.86,,,,,,0.628,,,3.76,4.59,-1.71,-0.83,3.97,1.27,1.1194,138.14,7.15,117.1831,13.61,,75.95,,,,,,,
2023-07-14,79.9,75.44,,,,,,0.613,,,3.83,4.74,-1.66,-0.91,3.9,1.28,1.1237,138.74,7.1403,117.0463,13.34,-0.694,206.65,,,,,,,
2023-07-15,,,,,,,,,,,,,,,,,,,,,,,53.17,,,,,,,
2023-07-16,,,,,,,,,,,,,,,,,,,,,,,79.3,,,,,,,
2023-07-17,77.8,74.17,,,,,,0.6,,,3.81,4.74,-1.68,-0.93,3.97,1.29,1.1236,138.92,7.1711,117.1267,13.48,,155.95,,,,,,,
2023-07-18,79.54,75.76,,,,,,0.633,,,3.8,4.74,-1.69,-0.94,3.9,1.28,1.1223,138.94,7.1786,117.0264,13.3,,104.21,,,,,,,
2023-07-19,79.38,75.4,,,,,,0.653,,,3.75,4.74,-1.74,-0.99,3.89,1.28,1.1195,139.76,7.226,117.3462,13.76,,37.11,,,,,,,
2023-07-20,79.62,75.65,,,,,,0.655,,,3.85,4.8,-1.64,-0.95,3.9,1.27,1.1135,140.39,7.1761,117.5947,13.99,,260.18,,,,,,,
2023-07-21,81.06,77.06,,,,,,0.66,,,3.84,4.82,-1.66,-0.98,3.89,1.26,1.112,141.75,7.1861,117.9418,13.6,-0.7378,80.78,,,,,,,
2023-07-22,,,,,,,,,,,,,,,,,,,,,,,81.81,,,,,,,
2023-07-23,,,,,,,,,,,,,,,,,,,,,,,142.45,,,,,,,
2023-07-24,82.53,78.81,,,,,,0.66,,,3.86,4.81,-1.65,-0.95,3.82,1.25,1.1083,141.19,7.1855,117.8124,13.91,,105.67,,,,,,,
2023-07-25,83.46,79.76,,,,,,0.664,,,3.91,4.85,-1.6,-0.94,3.84,1.24,1.105,140.91,7.134,117.8565,13.86,,37.76,,,,,,,
2023-07-26,82.98,79.11,,,,,,0.673,,,3.86,4.82,-1.65,-0.96,3.91,1.23,1.1078,140.41,7.1503,117.76,13.19,,220.51,,,,,,,
2023-07-27,84.28,80.17,,,,,,0.703,,,4.01,4.91,-1.5,-0.9,3.78,1.2,1.0998,141.03,7.173,117.8938,14.41,,95.33,,,,,,,
2023-07-28,84.49,80.55,,,,,,0.724,,,3.96,4.87,-1.56,-0.91,3.82,1.19,1.1039,140.72,7.1488,117.788,13.33,-0.7594,82.35,,,,,,,
2023-07-29,,,,,,,,,,,,,,,,,,,,,,,108.35,,,,,,,
2023-07-30,,,,,,,,,,,,,,,,,,,,,,,156.43,,,,,,,
2023-07-31,85.22,81.8,,,,,,0.723,,,3.97,4.88,-1.58,-0.91,3.79,1.19,1.102,142.18,7.1426,117.8241,13.63,,81.19,,,,,,,
2023-08-01,85.34,81.37,11.75295455,8347.828260869564,2135.581739130435,20446.35826086957,46.37718098608696,0.73,297.395,224.147,4.05,4.92,-1.49,-0.87,3.82,1.19,1.0971,143.34,7.1775,118.5738,13.93,,151.79,175.50515471617388,100.8393,98.2252,156261.0,310.103,119.689,
2023-08-02,84.01,79.5,,,,,,0.708,,,4.08,4.88,-1.45,-0.8,3.96,1.21,1.0939,143.21,7.192,119.1268,16.09,,121.59,,,,,,,
2023-08-03,86.19,81.56,,,,,,0.728,,,4.2,4.9,-1.34,-0.7,3.98,1.22,1.0947,142.42,7.1651,119.3963,15.92,,62.21,,,,,,,
2023-08-04,87.38,82.76,,,,,,0.728,,,4.05,4.78,-1.49,-0.73,4.01,1.22,1.1036,141.79,7.1709,118.821,17.1,-0.7172,60.58,,,,,,,
2023-08-05,,,,,,,,,,,,,,,,,,,,,,,52.64,,,,,,,
2023-08-06,,,,,,,,,,,,,,,,,,,,,,,85.29,,,,,,,
2023-08-07,86.47,81.94,,,,,,0.738,,,4.09,4.76,-1.47,-0.67,3.97,1.22,1.1,142.45,7.1895,119.0809,15.77,,59.3,,,,,,,
2023-08-08,88.0,82.94,,,,,,0.728,,,4.02,4.74,-1.55,-0.72,4.0,1.23,1.0951,143.17,7.216,119.6407,15.99,,49.89,,,,,,,
2023-08-09,89.31,84.35,,,,,,0.718,,,4.0,4.79,-1.55,-0.79,3.94,1.23,1.0975,143.58,7.2085,119.476,15.96,,77.25,,,,,,,
2023-08-10,87.44,82.81,,,,,,0.71,,,4.09,4.82,-1.45,-0.73,3.83,1.22,1.1016,144.4,7.2165,119.1581,15.85,,46.74,,,,,,,
2023-08-11,87.93,83.17,,,,,,0.7,,,4.16,4.89,-1.38,-0.73,3.83,1.22,1.0957,144.94,7.2367,119.6268,14.84,-0.6592,170.3,,,,,,,
2023-08-12,,,,,,,,,,,,,,,,,,,,,,,73.28,,,,,,,
2023-08-13,,,,,,,,,,,,,,,,,,,,,,,64.02,,,,,,,
2023-08-14,87.4,82.5,,,,,,0.66,,,4.19,4.96,-1.37,-0.77,3.79,1.22,1.0922,145.3,7.2585,120.0725,14.82,,236.53,,,,,,,
2023-08-15,86.28,81.06,,,,,,0.62,,,4.21,4.92,-1.35,-0.71,3.85,1.23,1.0928,145.4,7.2817,120.2127,16.46,,53.33,,,,,,,
2023-08-16,84.49,79.4,,,,,,0.615,,,4.28,4.97,-1.28,-0.69,3.81,1.25,1.0904,145.81,7.2985,120.3551,16.78,,128.55,,,,,,,
2023-08-17,85.24,80.43,,,,,,0.619,,,4.3,4.94,-1.26,-0.64,3.95,1.26,1.0874,146.16,7.291,120.5242,17.89,,101.81,,,,,,,
2023-08-18,85.92,81.25,,,,,,0.63,,,4.26,4.92,-1.29,-0.66,4.02,1.27,1.0875,145.15,7.28,120.4321,17.3,-0.6206,36.93,,,,,,,
2023-08-19,,,,,,,,,,,,,,,,,,,,,,,59.85,,,,,,,
2023-08-20,,,,,,,,,,,,,,,,,,,,,,,141.46,,,,,,,
2023-08-21,85.44,80.71,,,,,,0.643,,,4.34,4.97,-1.23,-0.63,3.97,1.26,1.0888,146.26,7.2865,120.4627,17.13,,130.14,,,,,,,
2023-08-22,84.7,80.25,,,,,,0.645,,,4.34,5.02,-1.23,-0.68,3.93,1.25,1.0846,145.79,7.293,120.3554,16.97,,52.69,,,,,,,
2023-08-23,83.94,78.91,,,,,,0.65,,,4.19,4.95,-1.38,-0.76,3.92,1.25,1.0862,144.62,7.2771,120.0307,15.98,,141.21,,,,,,,
2023-08-24,84.07,79.52,,,,,,0.668,,,4.23,4.98,-1.35,-0.75,3.91,1.23,1.0826,145.75,7.2786,120.2354,17.2,,76.47,,,,,,,
2023-08-25,85.42,80.47,,,,,,0.659,,,4.25,5.03,-1.36,-0.78,3.9,1.23,1.0787,146.38,7.289,120.5137,15.68,-0.6798,137.35,,,,,,,
2023-08-26,,,,,,,,,,,,,,,,,,,,,,,172.14,,,,,,,
2023-08-27,,,,,,,,,,,,,,,,,,,,,,,109.45,,,,,,,
2023-08-28,,80.65,,,,,,0.678,,,4.2,4.98,-1.38,-0.78,3.86,1.22,1.081,146.4,7.29,120.3155,15.08,,70.13,,,,,,,
2023-08-29,86.37,81.14,,,,,,0.673,,,4.12,4.87,-1.44,-0.75,3.87,1.22,1.0851,146.01,7.2796,120.2669,14.45,,69.2,,,,,,,
2023-08-30,86.62,81.64,,,,,,0.683,,,4.12,4.9,-1.44,-0.78,3.8,1.22,1.0926,145.94,7.2839,119.7937,13.88,,66.94,,,,,,,
2023-08-31,87.29,83.55,,,,,,0.693,,,4.09,4.85,-1.47,-0.76,3.85,1.22,1.0839,145.68,7.2582,120.225,13.57,,167.14,,,,,,,
2023-09-01,89.98,85.52,13.1515,8276.71380952381,2184.67380952381,19644.64285714286,53.2027424852381,0.721,296.655,247.165,4.18,4.87,-1.35,-0.69,3.81,1.22,1.0787,146.2,7.2606,120.759,13.09,-0.6927,57.38,200.63847820558766,101.0211,97.6326,156417.0,310.817,120.058,
2023-09-02,,,,,,,,,,,,,,,,,,,,,,,141.49,,,,,,,
2023-09-03,,,,,,,,,,,,,,,,,,,,,,,180.96,,,,,,,
2023-09-04,90.42,,,,,,,,,,,,,,3.81,1.22,,,,,13.82,,41.29,,,,,,,
2023-09-05,91.25,86.74,,,,,,0.735,,,4.27,4.94,-1.28,-0.67,3.83,1.22,1.0727,147.63,7.3018,121.4345,14.01,,66.39,,,,,,,
2023-09-06,91.79,87.55,,,,,,0.736,,,4.3,5.01,-1.25,-0.71,3.86,1.23,1.0714,147.65,7.316,121.8671,14.45,,41.02,,,,,,,
2023-09-07,91.16,86.87,,,,,,0.738,,,4.27,4.94,-1.26,-0.67,3.9,1.23,1.0704,147.13,7.3287,121.9528,14.4,,95.66,,,,,,,
2023-09-08,91.85,87.51,,,,,,0.756,,,4.26,4.98,-1.29,-0.72,3.85,1.23,1.0709,147.7,7.343,121.9475,13.84,-0.7147,37.05,,,,,,,
2023-09-09,,,,,,,,,,,,,,,,,,,,,,,65.78,,,,,,,
2023-09-10,,,,,,,,,,,,,,,,,,,,,,,70.26,,,,,,,
2023-09-11,91.97,87.3,,,,,,0.756,,,4.29,4.97,-1.26,-0.68,3.82,1.23,1.0744,146.46,7.2882,121.3386,13.8,,82.18,,,,,,,
2023-09-12,93.58,88.87,,,,,,0.783,,,4.27,4.98,-1.29,-0.71,3.84,1.23,1.0726,147.12,7.2911,121.2913,14.23,,99.71,,,,,,,
2023-09-13,93.04,88.59,,,,,,0.769,,,4.25,4.96,-1.3,-0.71,3.85,1.24,1.0737,147.45,7.27,121.0549,13.48,,132.91,,,,,,,
2023-09-14,95.2,90.13,,,,,,0.769,,,4.29,5.0,-1.26,-0.71,3.78,1.23,1.066,147.17,7.277,121.2395,12.82,,111.69,,,,,,,
2023-09-15,95.55,90.83,,,,,,0.769,,,4.33,5.02,-1.23,-0.69,3.79,1.22,1.0673,147.83,7.2744,121.199,13.79,-0.7127,63.69,,,,,,,
2023-09-16,,,,,,,,,,,,,,,,,,,,,,,29.01,,,,,,,
2023-09-17,,,,,,,,,,,,,,,,,,,,,,,132.64,,,,,,,
2023-09-18,95.95,91.47,,,,,,0.763,,,4.32,5.05,-1.23,-0.73,3.82,1.22,1.0695,147.63,7.2915,121.1938,14.0,,63.82,,,,,,,
2023-09-19,96.11,91.16,,,,,,0.738,,,4.37,5.08,-1.17,-0.71,3.82,1.21,1.0684,147.8,7.2964,121.1645,14.11,,146.72,,,,,,,
2023-09-20,94.56,89.2,,,,,,0.713,,,4.35,5.12,-1.21,-0.77,3.77,1.2,1.0715,147.74,7.287,120.9648,15.14,,82.86,,,,,,,
2023-09-21,93.7,89.56,,,,,,0.703,,,4.49,5.12,-1.08,-0.63,3.89,1.2,1.0664,147.42,7.3066,121.5528,17.54,,106.49,,,,,,,
2023-09-22,93.99,90.0,,,,,,0.703,,,4.44,5.1,-1.12,-0.66,3.93,1.2,1.066,148.24,7.298,121.5306,17.2,-0.718,42.8,,,,,,,
2023-09-23,,,,,,,,,,,,,,,,,,,,,,,52.98,,,,,,,
2023-09-24,,,,,,,,,,,,,,,,,,,,,,,62.13,,,,,,,
2023-09-25,94.01,89.68,,,,,,0.675,,,4.55,5.09,-1.03,-0.54,3.97,1.19,1.0591,148.74,7.311,122.1143,16.9,,14.69,,,,,,,
2023-09-26,94.46,91.43,,,,,,0.67,,,4.56,5.04,-1.02,-0.48,4.04,1.2,1.0573,148.9,7.31,122.4742,18.94,,143.47,,,,,,,
2023-09-27,97.1,93.67,,,,,,0.71,,,4.61,5.1,-0.97,-0.49,4.03,1.21,1.051,149.48,7.3105,122.9895,18.22,,150.04,,,,,,,
2023-09-28,96.64,91.65,,,,,,0.7,,,4.59,5.04,-0.97,-0.45,4.09,1.23,1.0578,149.18,7.301,122.5342,17.34,,111.89,,,,,,,
2023-09-29,95.86,90.77,,,,,,0.693,,,4.59,5.03,-0.96,-0.44,4.03,1.24,1.0584,149.43,7.296,122.3077,17.52,-0.4975,136.08,,,,,,,
2023-09-30,,,,,,,,,,,,,,,4.03,1.25,,,,,,,113.8,,,,,,,
2023-10-01,,,15.29340909,7941.355909090909,2194.390909090909,18264.03545454545,57.64641343045455,,253.441,238.834,,,,,,,,,,,,,143.15,190.4438086122051,100.4689,97.6257,156576.0,311.38,120.241,
2023-10-02,91.21,88.81,,,,,,0.719,,,4.69,5.12,-0.93,-0.43,4.11,1.26,1.05,149.8,7.296,123.0545,17.61,,77.03,,,,,,,
2023-10-03,94.46,89.26,,,,,,0.728,,,4.81,5.15,-0.81,-0.34,4.26,1.28,1.0453,149.16,7.296,123.7848,19.78,,100.4,,,,,,,
2023-10-04,89.83,84.32,,,,,,0.698,,,4.73,5.05,-0.88,-0.32,4.37,1.29,1.0518,148.83,7.296,123.5946,18.58,,181.95,,,,,,,
2023-10-05,88.28,82.3,,,,,,0.689,,,4.72,5.03,-0.89,-0.31,4.38,1.29,1.0527,148.49,7.296,123.8993,18.49,,47.99,,,,,,,
2023-10-06,87.86,82.83,,,,,,0.68,,,4.78,5.08,-0.85,-0.3,4.33,1.29,1.0596,149.08,7.296,123.3563,17.45,-0.426,95.46,,,,,,,
2023-10-07,,,,,,,,,,,,,,,,,,,,,,,89.38,,,,,,,
2023-10-08,,,,,,,,,,,,,,,,,,,,,,,228.9,,,,,,,
2023-10-09,91.37,,,,,,,0.69,,,,,,,4.34,1.29,,,,,17.7,,264.13,,,,,,,
2023-10-10,90.7,85.89,,,,,,0.685,,,4.66,4.96,-0.95,-0.3,4.26,1.29,1.0618,148.62,7.2948,122.9282,17.03,,143.27,,,,,,,
2023-10-11,87.58,83.7,,,,,,0.689,,,4.58,4.99,-1.03,-0.41,4.25,1.27,1.062,149.17,7.2992,122.7697,16.09,,192.77,,,,,,,
2023-10-12,88.4,82.87,,,,,,0.69,,,4.7,5.06,-0.93,-0.36,4.25,1.26,1.0553,149.71,7.3019,123.2101,16.69,,189.71,,,,,,,
2023-10-13,94.33,87.67,,,,,,0.7,,,4.63,5.04,-0.99,-0.41,4.3,1.27,1.0502,149.62,7.3049,123.5954,19.32,-0.54,58.76,,,,,,,
2023-10-14,,,,,,,,,,,,,,,,,,,,,,,70.39,,,,,,,
2023-10-15,,,,,,,,,,,,,,,,,,,,,,,512.8,,,,,,,
2023-10-16,90.99,86.65,,,,,,0.663,,,4.71,5.09,-0.9,-0.38,4.27,1.27,1.0546,149.57,7.3105,123.3185,17.21,,136.3,,,,,,,
2023-10-17,92.52,86.66,,,,,,0.623,,,4.83,5.19,-0.79,-0.36,4.25,1.27,1.0593,149.71,7.3105,123.1202,17.88,,97.8,,,,,,,
2023-10-18,91.99,88.35,,,,,,0.693,,,4.91,5.19,-0.7,-0.28,4.32,1.29,1.0532,149.86,7.3161,123.8148,19.22,,90.33,,,,,,,
2023-10-19,93.12,89.35,,,,,,0.663,,,4.98,5.14,-0.62,-0.16,4.37,1.31,1.057,149.92,7.3126,123.798,21.4,,279.65,,,,,,,
2023-10-20,93.72,89.12,,,,,,0.655,,,4.93,5.07,-0.65,-0.14,4.52,1.33,1.0592,149.85,7.3155,123.612,21.71,-0.3269,287.49,,,,,,,
2023-10-21,,,,,,,,,,,,,,,,,,,,,,,82.04,,,,,,,
2023-10-22,,,,,,,,,,,,,,,,,,,,,,,159.3,,,,,,,
2023-10-23,91.88,85.49,,,,,,0.661,,,4.86,5.05,-0.72,-0.19,4.51,1.33,1.0646,149.78,7.3158,123.2846,20.37,,150.87,,,,,,,
2023-10-24,88.0,84.58,,,,,,0.651,,,4.83,5.02,-0.75,-0.19,4.41,1.31,1.0595,149.84,7.309,123.6416,18.97,,79.87,,,,,,,
2023-10-25,90.14,86.07,,,,,,0.658,,,4.95,5.08,-0.64,-0.13,4.37,1.3,1.0583,149.94,7.3165,123.7871,20.19,,124.21,,,,,,,
2023-10-26,88.45,83.8,,,,,,0.649,,,4.86,5.02,-0.73,-0.16,4.5,1.3,1.0532,150.44,7.315,124.0064,20.68,,37.91,,,,,,,
2023-10-27,90.73,86.04,,,,,,0.649,,,4.84,4.99,-0.75,-0.15,4.53,1.31,1.0592,149.6,7.3171,123.62,21.27,-0.347,90.17,,,,,,,
2023-10-28,,,,,,,,,,,,,,,,,,,,,,,57.07,,,,,,,
2023-10-29,,,,,,,,,,,,,,,,,,,,,,,67.84,,,,,,,
2023-10-30,90.73,83.03,,,,,,0.649,,,4.88,5.03,-0.72,-0.15,4.5,1.32,1.062,149.01,7.3133,123.4076,19.75,,164.09,,,,,,,
2023-10-31,86.82,81.64,,,,,,0.663,,,4.88,5.07,-0.71,-0.19,4.42,1.32,1.0568,151.46,7.3166,123.8364,18.14,,42.38,,,,,,,
2023-11-01,86.92,81.05,15.41380952,8189.587727272727,2202.255454545455,17027.36363636364,62.28595198181818,0.661,228.402,215.826,4.77,4.95,-0.8,-0.18,4.47,1.33,1.0538,150.96,7.3175,123.7922,16.87,,132.01,207.97210385954006,100.8639,96.9589,156703.0,311.606,120.374,
2023-11-02,89.02,83.04,,,,,,0.65,,,4.67,4.98,-0.87,-0.31,4.15,1.29,1.0618,150.48,7.316,122.8818,15.66,,58.14,,,,,,,
2023-11-03,87.55,81.19,,,,,,0.643,,,4.57,4.83,-0.96,-0.26,4.04,1.29,1.0733,149.36,7.3005,121.7564,14.91,-0.6067,72.02,,,,,,,
2023-11-04,,,,,,,,,,,,,,,,,,,,,,,34.76,,,,,,,
2023-11-05,,,,,,,,,,,,,,,,,,,,,,,85.27,,,,,,,
2023-11-06,87.31,81.54,,,,,,0.648,,,4.67,4.93,-0.89,-0.26,4.0,1.28,1.0747,149.77,7.2695,121.6484,14.89,,342.88,,,,,,,
2023-11-07,83.43,77.96,,,,,,0.63,,,4.58,4.91,-0.97,-0.33,4.08,1.29,1.0687,150.47,7.2788,122.0777,14.81,,122.59,,,,,,,
2023-11-08,81.46,75.85,,,,,,0.619,,,4.49,4.93,-1.05,-0.44,4.08,1.28,1.0715,150.77,7.28,122.0926,14.45,,119.34,,,,,,,
2023-11-09,81.74,76.34,,,,,,0.619,,,4.62,5.03,-0.92,-0.41,4.04,1.27,1.071,151.04,7.2835,122.1281,15.29,,142.71,,,,,,,
2023-11-10,83.66,,,,,,,0.63,,,4.61,5.04,-0.92,-0.43,4.03,1.26,,,,,14.17,-0.7315,127.96,,,,,,,
2023-11-11,,,,,,,,,,,,,,,,,,,,,,,54.07,,,,,,,
2023-11-12,,,,,,,,,,,,,,,,,,,,,,,145.04,,,,,,,
2023-11-13,84.09,78.86,,,,,,0.63,,,4.63,5.02,-0.92,-0.39,4.03,1.25,1.07,151.56,7.289,122.4264,14.76,,116.21,,,,,,,
2023-11-14,84.2,78.9,,,,,,0.628,,,4.44,4.8,-1.08,-0.36,3.92,1.23,1.0861,150.75,7.253,121.35,14.16,,198.44,,,,,,,
2023-11-15,82.4,77.15,,,,,,0.628,,,4.53,4.9,-1.0,-0.37,3.89,1.22,1.0853,151.07,7.2466,121.0749,14.18,,68.82,,,,,,,
2023-11-16,77.73,73.5,,,,,,0.62,,,4.45,4.83,-1.06,-0.38,4.02,1.21,1.0851,150.59,7.2416,121.1754,14.32,,149.23,,,,,,,
2023-11-17,81.22,76.47,,,,,,0.64,,,4.44,4.88,-1.06,-0.44,3.99,1.2,1.0879,149.82,7.212,120.8477,13.8,-0.6231,168.58,,,,,,,
2023-11-18,,,,,,,,,,,,,,,,,,,,,,,62.79,,,,,,,
2023-11-19,,,,,,,,,,,,,,,,,,,,,,,124.34,,,,,,,
2023-11-20,83.25,78.1,,,,,,0.66,,,4.42,4.89,-1.12,-0.47,3.92,1.18,1.0945,148.26,7.168,120.2533,13.41,,42.9,,,,,,,
2023-11-21,82.42,78.35,,,,,,0.648,,,4.41,4.86,-1.12,-0.45,3.95,1.17,1.0923,147.88,7.1352,120.2241,13.35,,295.43,,,,,,,
2023-11-22,81.76,76.8,,,,,,0.643,,,4.42,4.89,-1.12,-0.47,3.9,1.15,1.0871,149.67,7.155,120.6802,12.85,,65.95,,,,,,,
2023-11-23,80.85,,,,,,,,,,,,,,3.9,1.15,,,,,12.8,,15.44,,,,,,,
2023-11-24,79.82,74.83,,,,,,0.628,,,4.47,4.92,-1.07,-0.45,3.85,1.14,1.0934,149.57,7.1488,120.2105,12.46,-0.7343,94.64,,,,,,,
2023-11-25,,,,,,,,,,,,,,,,,,,,,,,46.51,,,,,,,
2023-11-26,,,,,,,,,,,,,,,,,,,,,,,127.55,,,,,,,
2023-11-27,79.49,74.46,,,,,,0.636,,,4.39,4.84,-1.1,-0.45,3.89,1.14,1.0937,148.89,7.1528,120.173,12.69,,89.08,,,,,,,
2023-11-28,81.66,76.09,,,,,,0.643,,,4.34,4.73,-1.13,-0.39,3.9,1.14,1.1007,147.41,7.138,119.5904,12.69,,101.83,,,,,,,
2023-11-29,82.98,77.56,,,,,,0.66,,,4.27,4.64,-1.18,-0.37,3.8,1.11,1.0969,147.39,7.13,119.8159,12.98,,83.76,,,,,,,
2023-11-30,81.72,75.66,,,,,,0.66,,,4.37,4.73,-1.08,-0.36,3.84,1.11,1.0908,147.87,7.136,120.2434,12.92,,147.72,,,,,,,
2023-12-01,78.72,73.7,13.05175,8407.900476190476,2192.005238095238,16443.52380952381,70.0597045752381,0.723,208.189,193.028,4.22,4.56,-1.21,-0.34,3.87,1.11,1.0878,147.0,7.1386,119.9424,12.63,-0.5335,38.37,223.02369978288257,100.6031,95.9075,156857.0,311.907,120.592,
2023-12-02,,,,,,,,,,,,,,,,,,,,,,,56.37,,,,,,,
2023-12-03,,,,,,,,,,,,,,,,,,,,,,,119.31,,,,,,,
2023-12-04,78.16,72.73,,,,,,0.73,,,4.28,4.64,-1.18,-0.36,3.8,1.1,1.0824,147.15,7.1424,120.4727,13.08,,51.19,,,,,,,
2023-12-05,77.27,71.95,,,,,,0.708,,,4.18,4.57,-1.27,-0.39,3.8,1.11,1.0787,147.26,7.1444,120.7913,12.85,,328.17,,,,,,,
2023-12-06,74.33,68.98,,,,,,0.685,,,4.12,4.6,-1.33,-0.48,3.79,1.12,1.079,147.16,7.158,120.5334,12.97,,88.12,,,,,,,
2023-12-07,74.21,69.0,,,,,,0.698,,,4.14,4.58,-1.3,-0.44,3.77,1.11,1.0794,144.1,7.1515,120.6013,13.06,,73.65,,,,,,,
2023-12-08,75.94,70.87,,,,,,0.705,,,4.23,4.71,-1.21,-0.48,3.75,1.1,1.0746,144.88,7.1645,120.7607,12.35,-0.5008,64.67,,,,,,,
2023-12-09,,,,,,,,,,,,,,,,,,,,,,,89.99,,,,,,,
2023-12-10,,,,,,,,,,,,,,,,,,,,,,,178.8,,,,,,,
2023-12-11,75.75,70.95,,,,,,0.68,,,4.23,4.71,-1.24,-0.48,3.79,1.1,1.0747,146.41,7.1765,120.9279,12.63,,117.01,,,,,,,
2023-12-12,74.11,68.27,,,,,,0.659,,,4.2,4.73,-1.26,-0.53,3.76,1.09,1.079,145.45,7.1755,120.6817,12.07,,36.95,,,,,,,
2023-12-13,74.14,69.09,,,,,,0.668,,,4.04,4.46,-1.4,-0.42,3.79,1.08,1.0793,145.17,7.1725,121.1571,12.19,,95.78,,,,,,,
2023-12-14,77.05,71.21,,,,,,0.67,,,3.92,4.37,-1.51,-0.45,3.47,1.04,1.0997,141.53,7.1088,119.5683,12.48,,89.93,,,,,,,
2023-12-15,76.84,71.05,,,,,,0.67,,,3.91,4.44,-1.53,-0.53,3.51,1.04,1.0906,141.8,7.1179,119.7382,12.28,-0.6097,61.4,,,,,,,
2023-12-16,,,,,,,,,,,,,,,,,,,,,,,51.97,,,,,,,
2023-12-17,,,,,,,,,,,,,,,,,,,,,,,94.75,,,,,,,
2023-12-18,78.89,72.16,,,,,,0.674,,,3.95,4.43,-1.51,-0.48,3.51,1.05,1.092,143.04,7.1297,119.9102,12.56,,264.75,,,,,,,
2023-12-19,79.82,73.23,,,,,,0.674,,,3.93,4.41,-1.5,-0.48,3.46,1.05,1.0977,143.62,7.1287,119.4632,12.53,,632.37,,,,,,,
2023-12-20,81.1,73.87,,,,,,0.681,,,3.86,4.34,-1.58,-0.48,3.43,1.06,1.0957,143.77,7.1355,119.5435,13.67,,69.49,,,,,,,
2023-12-21,80.73,73.59,,,,,,0.678,,,3.89,4.33,-1.53,-0.44,3.41,1.07,1.099,142.16,7.1381,119.3168,13.65,,95.99,,,,,,,
2023-12-22,80.23,73.29,,,,,,0.683,,,3.9,4.31,-1.54,-0.41,3.39,1.07,1.1008,142.6,7.1315,119.0625,13.03,-0.4376,52.02,,,,,,,
2023-12-23,,,,,,,,,,,,,,,,,,,,,,,174.58,,,,,,,
2023-12-24,,,,,,,,,,,,,,,,,,,,,,,83.17,,,,,,,
2023-12-25,,,,,,,,,,,,,,,,,,,,,,,74.35,,,,,,,
2023-12-26,,75.84,,,,,,0.683,,,3.89,4.26,-1.56,-0.37,3.37,1.06,1.1035,142.48,7.1432,118.8875,12.99,,111.18,,,,,,,
2023-12-27,80.97,74.31,,,,,,0.683,,,3.79,4.2,-1.65,-0.41,3.34,1.05,1.1114,142.05,7.1405,118.4729,12.43,,145.72,,,,,,,
2023-12-28,79.04,72.02,,,,,,0.69,,,3.84,4.26,-1.61,-0.42,3.32,1.04,1.1073,141.08,7.1065,118.4104,12.47,,168.59,,,,,,,
2023-12-29,77.69,71.89,,,,,,0.699,,,3.88,4.23,-1.52,-0.35,3.34,1.04,1.1062,140.92,7.0999,118.4208,12.45,-0.4182,107.55,,,,,,,
2023-12-30,,,,,,,,,,,,,,,,,,,,,,,131.31,,,,,,,
2023-12-31,,,,,,,,,,,,,,,3.39,1.04,,,,,,,221.29,,,,,,,
2024-01-01,,,10.01681818,8351.339565217391,2201.56652173913,16111.66695652174,80.36345845478262,,215.204,201.535,,,,,,,,,,,,,110.48,239.6974681015976,99.2223,93.8776,157032.0,313.623,121.217,
2024-01-02,76.24,70.62,,,,,,0.695,,,3.95,4.33,-1.51,-0.38,3.54,1.06,1.0957,141.89,7.1426,119.2686,13.2,,138.57,,,,,,,
2024-01-03,77.18,72.97,,,,,,0.695,,,3.91,4.33,-1.57,-0.42,3.71,1.09,1.0909,143.55,7.1497,119.6958,14.04,,162.46,,,,,,,
2024-01-04,75.79,72.38,,,,,,0.689,,,3.99,4.38,-1.49,-0.39,3.69,1.09,1.0957,144.59,7.1589,119.6208,14.13,,118.85,,,,,,,
2024-01-05,78.31,74.0,,,,,,0.7,,,4.05,4.4,-1.42,-0.35,3.68,1.09,1.0957,144.52,7.145,119.388,13.35,-0.556,106.49,,,,,,,
2024-01-06,,,,,,,,,,,,,,,,,,,,,,,145.36,,,,,,,
2024-01-07,,,,,,,,,,,,,,,,,,,,,,,10.92,,,,,,,
2024-01-08,75.47,71.06,,,,,,0.693,,,4.01,4.36,-1.48,-0.35,3.63,1.08,1.0976,143.89,7.154,119.2506,13.08,,153.56,,,,,,,
2024-01-09,77.97,72.43,,,,,,0.735,,,4.02,4.36,-1.45,-0.34,3.59,1.06,1.0935,144.35,7.1675,119.6666,12.76,,1026.38,,,,,,,
2024-01-10,78.46,71.57,,,,,,0.775,,,4.04,4.37,-1.42,-0.33,3.5,1.04,1.096,145.68,7.1711,119.7614,12.69,,73.6,,,,,,,
2024-01-11,80.21,72.15,,,,,,0.775,,,3.98,4.26,-1.48,-0.28,3.55,1.03,1.0943,146.03,7.167,119.8916,12.44,,57.0,,,,,,,
2024-01-12,79.89,72.94,,,,,,0.815,,,3.96,4.14,-1.49,-0.18,3.56,1.02,1.0959,144.86,7.1665,119.534,12.7,-0.7099,76.85,,,,,,,
2024-01-13,,,,,,,,,,,,,,,,,,,,,,,92.97,,,,,,,
2024-01-14,,,,,,,,,,,,,,,,,,,,,,,126.89,,,,,,,
2024-01-15,79.76,,,,,,,,,,,,,,3.54,1.02,,,,,13.25,,80.09,,,,,,,
2024-01-16,80.15,72.63,,,,,,0.835,,,4.07,4.22,-1.38,-0.15,3.58,1.02,1.0882,147.01,7.1874,120.5759,13.84,,248.39,,,,,,,
2024-01-17,78.88,72.79,,,,,,0.865,,,4.1,4.34,-1.37,-0.24,3.62,1.02,1.0858,148.39,7.196,121.0402,14.79,,69.96,,,,,,,
2024-01-18,81.04,74.32,,,,,,0.935,,,4.14,4.34,-1.31,-0.2,3.58,1.01,1.0863,148.15,7.1961,120.8895,14.13,,121.41,,,,,,,
2024-01-19,80.71,73.69,,,,,,0.915,,,4.15,4.39,-1.3,-0.24,3.54,1.01,1.0887,148.21,7.1931,120.6442,13.3,-0.8074,147.36,,,,,,,
2024-01-20,,,,,,,,,,,,,,,,,,,,,,,57.76,,,,,,,
2024-01-21,,,,,,,,,,,,,,,,,,,,,,,142.04,,,,,,,
2024-01-22,81.7,75.26,,,,,,0.893,,,4.11,4.37,-1.35,-0.26,3.49,1.01,1.0895,147.95,7.192,120.6178,13.19,,175.55,,,,,,,
2024-01-23,82.04,74.72,,,,,,0.883,,,4.14,4.31,-1.31,-0.17,3.51,1.01,1.0829,148.55,7.172,121.1001,12.55,,71.62,,,,,,,
2024-01-24,82.15,75.48,,,,,,0.9,,,4.18,4.34,-1.26,-0.16,3.44,0.99,1.0901,147.31,7.158,120.4916,13.14,,91.92,,,,,,,
2024-01-25,82.33,77.91,,,,,,0.883,,,4.14,4.28,-1.3,-0.14,3.45,0.98,1.0837,147.69,7.169,120.8311,13.45,,114.57,,,,,,,
2024-01-26,83.34,78.45,,,,,,0.853,,,4.15,4.34,-1.29,-0.19,3.39,0.97,1.0866,147.94,7.1763,120.6173,13.26,-0.8328,85.29,,,,,,,
2024-01-27,,,,,,,,,,,,,,,,,,,,,,,80.68,,,,,,,
2024-01-28,,,,,,,,,,,,,,,,,,,,,,,109.4,,,,,,,
2024-01-29,83.99,77.25,,,,,,0.885,,,4.08,4.29,-1.34,-0.21,3.41,0.98,1.0807,147.65,7.1798,120.8538,13.6,,212.58,,,,,,,
2024-01-30,84.14,78.3,,,,,,0.893,,,4.06,4.36,-1.36,-0.3,3.42,1.0,1.0844,147.71,7.1755,120.6025,13.31,,144.27,,,,,,,
2024-01-31,82.98,76.28,,,,,,0.935,,,3.99,4.27,-1.43,-0.28,3.59,1.02,1.0855,146.26,7.1673,120.4331,14.35,,81.76,,,,,,,
2024-02-01,82.2,74.36,8.82225,8304.950476190475,2179.457142857143,16338.46428571429,81.3182006,0.935,240.706,212.353,3.87,4.2,-1.55,-0.33,3.56,1.04,1.0865,146.18,7.1799,120.3335,13.88,,97.99,167.97191002157467,100.285,97.0205,157238.0,315.419,121.537,
2024-02-02,79.54,72.72,,,,,,0.935,,,4.03,4.36,-1.4,-0.33,3.47,1.02,1.0787,148.54,7.192,120.902,13.85,-0.7562,55.14,,,,,,,
2024-02-03,,,,,,,,,,,,,,,,,,,,,,,95.61,,,,,,,
2024-02-04,,,,,,,,,,,,,,,,,,,,,,,213.37,,,,,,,
2024-02-05,79.3,73.21,,,,,,0.945,,,4.17,4.46,-1.25,-0.29,3.5,1.0,1.0736,148.79,7.1982,121.349,13.67,,209.6,,,,,,,
2024-02-06,80.46,73.83,,,,,,0.924,,,4.09,4.39,-1.35,-0.3,3.52,1.0,1.0751,148.03,7.1908,120.9588,13.06,,109.35,,,,,,,
2024-02-07,81.18,74.26,,,,,,0.911,,,4.09,4.41,-1.34,-0.32,3.43,1.0,1.0769,148.04,7.1943,120.9049,12.83,,178.57,,,,,,,
2024-02-08,83.01,76.67,,,,,,0.906,,,4.15,4.46,-1.29,-0.31,3.38,0.99,1.0774,149.25,7.1965,121.0798,12.79,,153.72,,,,,,,
2024-02-09,83.58,77.26,,,,,,0.926,,,4.17,4.48,-1.27,-0.31,3.33,1.0,1.0782,149.38,7.1929,121.039,12.93,-0.599,67.61,,,,,,,
2024-02-10,,,,,,,,,,,,,,,,,,,,,,,55.65,,,,,,,
2024-02-11,,,,,,,,,,,,,,,,,,,,,,,216.31,,,,,,,
2024-02-12,83.88,77.34,,,,,,0.923,,,4.17,4.46,-1.26,-0.29,3.35,1.0,1.0774,149.37,7.1928,120.9378,13.93,,215.18,,,,,,,
2024-02-13,84.72,78.28,,,,,,0.925,,,4.31,4.64,-1.14,-0.33,3.36,0.99,1.072,150.72,7.1928,121.5202,15.85,,183.22,,,,,,,
2024-02-14,84.41,77.09,,,,,,0.939,,,4.27,4.56,-1.16,-0.29,3.38,0.98,1.0735,150.5,7.1928,121.4002,14.38,,86.93,,,,,,,
2024-02-15,84.33,78.47,,,,,,0.954,,,4.24,4.56,-1.19,-0.32,3.35,0.97,1.0761,150.19,7.1928,121.2121,14.01,,83.03,,,,,,,
2024-02-16,84.88,79.65,,,,,,0.943,,,4.3,4.64,-1.14,-0.34,3.34,0.96,1.0769,150.34,7.1928,121.1505,14.24,-0.6437,58.32,,,,,,,
2024-02-17,,,,,,,,,,,,,,,,,,,,,,,147.98,,,,,,,
2024-02-18,,,,,,,,,,,,,,,,,,,,,,,309.05,,,,,,,
2024-02-19,85.52,,,,,,,,,,,,,,3.34,0.96,,,,,14.71,,88.77,,,,,,,
2024-02-20,84.78,78.72,,,,,,0.923,,,4.27,4.59,-1.17,-0.32,3.37,0.96,1.0814,149.87,7.1905,121.0199,15.42,,149.95,,,,,,,
2024-02-21,84.77,78.89,,,,,,0.873,,,4.32,4.64,-1.12,-0.32,3.34,0.94,1.0818,150.29,7.1891,121.0379,15.34,,111.52,,,,,,,
2024-02-22,85.84,79.64,,,,,,0.871,,,4.33,4.69,-1.12,-0.36,3.22,0.93,1.0815,150.62,7.1944,121.102,14.54,,70.29,,,,,,,
2024-02-23,84.18,77.6,,,,,,0.873,,,4.26,4.67,-1.2,-0.41,3.23,0.95,1.0828,150.36,7.197,121.0369,13.75,-0.6724,117.11,,,,,,,
2024-02-24,,,,,,,,,,,,,,,,,,,,,,,192.21,,,,,,,
2024-02-25,,,,,,,,,,,,,,,,,,,,,,,68.12,,,,,,,
2024-02-26,84.01,78.53,,,,,,0.87,,,4.28,4.69,-1.19,-0.41,3.23,0.96,1.0855,150.79,7.1972,121.0592,13.74,,167.77,,,,,,,
2024-02-27,83.8,79.8,,,,,,0.868,,,4.31,4.7,-1.14,-0.39,3.26,0.96,1.0857,150.46,7.1977,120.9647,13.43,,117.39,,,,,,,
2024-02-28,84.08,79.44,,,,,,0.854,,,4.27,4.64,-1.18,-0.37,3.31,0.98,1.0843,150.68,7.1976,121.128,13.84,,143.19,,,,,,,
2024-02-29,84.57,79.22,,,,,,0.853,,,4.25,4.64,-1.2,-0.39,3.29,1.0,1.0807,149.9,7.1977,121.1824,13.4,,105.86,,,,,,,
2024-03-01,84.82,80.9,8.99325,8692.819047619048,2229.441904761905,17397.36047619048,71.8142753847619,0.84,257.311,215.952,4.19,4.54,-1.23,-0.35,3.32,1.01,1.0832,150.2,7.196,121.0111,13.11,-0.7912,58.59,179.48343979338063,100.4575,97.9936,157466.0,317.088,122.009,
2024-03-02,,,,,,,,,,,,,,,,,,,,,,,72.85,,,,,,,
2024-03-03,,,,,,,,,,,,,,,,,,,,,,,85.57,,,,,,,
2024-03-04,86.58,79.67,,,,,,0.808,,,4.22,4.61,-1.26,-0.39,3.26,1.0,1.0862,150.44,7.1987,120.872,13.49,,185.31,,,,,,,
2024-03-05,85.82,79.11,,,,,,0.81,,,4.13,4.54,-1.34,-0.41,3.31,1.01,1.0861,150.14,7.1965,120.8846,14.46,,98.25,,,,,,,
2024-03-06,86.59,80.08,,,,,,0.815,,,4.11,4.55,-1.36,-0.44,3.27,1.01,1.0913,149.17,7.1977,120.4649,14.5,,107.93,,,,,,,
2024-03-07,84.88,79.81,,,,,,0.803,,,4.09,4.5,-1.38,-0.41,3.27,1.0,1.0941,148.08,7.1925,120.1909,14.44,,56.71,,,,,,,
2024-03-08,84.29,78.96,,,,,,0.78,,,4.09,4.48,-1.37,-0.39,3.26,0.99,1.0941,147.17,7.1855,119.975,14.74,-0.7921,36.66,,,,,,,
2024-03-09,,,,,,,,,,,,,,,,,,,,,,,230.58,,,,,,,
2024-03-10,,,,,,,,,,,,,,,,,,,,,,,221.18,,,,,,,
2024-03-11,83.44,78.87,,,,,,0.75,,,4.1,4.51,-1.38,-0.41,3.26,0.98,1.0928,146.86,7.182,120.0394,15.22,,159.06,,,,,,,
2024-03-12,83.66,78.51,,,,,,0.748,,,4.16,4.58,-1.32,-0.42,3.2,0.97,1.0918,147.69,7.1804,120.1668,13.84,,104.69,,,,,,,
2024-03-13,83.95,80.67,,,,,,0.766,,,4.19,4.61,-1.29,-0.42,3.15,0.95,1.0944,147.73,7.1875,119.9642,13.75,,159.16,,,,,,,
2024-03-14,86.16,82.16,,,,,,0.773,,,4.29,4.68,-1.19,-0.39,3.15,0.94,1.0888,148.19,7.1932,120.241,14.4,,69.68,,,,,,,
2024-03-15,85.39,81.94,,,,,,0.785,,,4.31,4.72,-1.17,-0.41,3.16,0.93,1.0888,149.14,7.1953,120.4003,14.41,-0.9235,181.53,,,,,,,
2024-03-16,,,,,,,,,,,,,,,,,,,,,,,110.1,,,,,,,
2024-03-17,,,,,,,,,,,,,,,,,,,,,,,180.66,,,,,,,
2024-03-18,86.47,83.68,,,,,,0.805,,,4.34,4.73,-1.14,-0.39,3.13,0.92,1.0886,149.13,7.1981,120.5752,14.33,,140.24,,,,,,,
2024-03-19,87.36,84.39,,,,,,0.821,,,4.3,4.68,-1.18,-0.38,3.1,0.92,1.0859,150.73,7.1991,120.9332,13.82,,91.96,,,,,,,
2024-03-20,85.77,82.79,,,,,,0.813,,,4.27,4.59,-1.2,-0.32,3.14,0.92,1.0856,151.66,7.1992,120.9289,13.04,,202.01,,,,,,,
2024-03-21,84.92,81.99,,,,,,0.818,,,4.27,4.62,-1.21,-0.35,3.05,0.91,1.0861,151.59,7.1993,120.8086,12.92,,77.59,,,,,,,
2024-03-22,84.87,81.1,,,,,,0.818,,,4.22,4.59,-1.24,-0.37,3.08,0.92,1.0817,151.35,7.2289,121.1842,13.06,-0.9421,73.05,,,,,,,
2024-03-23,,,,,,,,,,,,,,,,,,,,,,,147.64,,,,,,,
2024-03-24,,,,,,,,,,,,,,,,,,,,,,,93.1,,,,,,,
2024-03-25,86.18,82.41,,,,,,0.83,,,4.25,4.54,-1.21,-0.29,3.11,0.92,1.0837,151.42,7.2102,121.0295,13.19,,79.67,,,,,,,
2024-03-26,85.91,82.41,,,,,,0.828,,,4.24,4.56,-1.22,-0.32,3.15,0.93,1.0829,151.58,7.2176,121.0742,13.24,,85.54,,,,,,,
2024-03-27,84.94,82.15,,,,,,0.824,,,4.2,4.54,-1.25,-0.34,3.15,0.94,1.0821,151.35,7.227,121.0089,12.78,,97.9,,,,,,,
2024-03-28,86.17,83.96,,,,,,0.823,,,4.2,4.59,-1.26,-0.39,3.12,0.93,1.0801,151.35,7.2262,121.0635,13.01,,59.31,,,,,,,
2024-03-29,,,,,,,,,,,,,,,,,1.0791,151.22,7.2203,121.0191,,-0.934,90.04,,,,,,,
2024-03-30,,,,,,,,,,,,,,,,,,,,,,,49.51,,,,,,,
2024-03-31,,,,,,,,,,,,,,,3.15,0.94,,,,,,,89.56,,,,,,,
2024-04-01,,84.54,9.794,9445.593636363636,2499.228181818182,18132.36409090909,71.63885328272727,0.813,272.528,234.282,4.33,4.72,-1.11,-0.39,3.12,0.93,1.0733,151.72,7.2308,121.5151,13.65,,113.74,171.26273444832714,100.2434,97.123,157530.0,317.978,122.304,
2024-04-02,87.63,85.95,,,,,,0.83,,,4.36,4.7,-1.06,-0.34,3.23,0.93,1.0769,151.55,7.232,121.3035,14.61,,64.34,,,,,,,
2024-04-03,90.6,86.22,,,,,,0.838,,,4.36,4.68,-1.06,-0.32,3.23,0.92,1.0827,151.67,7.233,121.0198,14.33,,87.02,,,,,,,
2024-04-04,90.32,87.37,,,,,,0.843,,,4.31,4.65,-1.1,-0.34,3.24,0.92,1.0865,151.66,7.2339,120.7613,16.35,,79.84,,,,,,,
2024-04-05,92.81,87.69,,,,,,0.848,,,4.39,4.73,-1.04,-0.34,3.18,0.92,1.0841,151.59,7.2339,120.9646,16.03,-0.8438,65.9,,,,,,,
2024-04-06,,,,,,,,,,,,,,,,,,,,,,,286.44,,,,,,,
2024-04-07,,,,,,,,,,,,,,,,,,,,,,,136.54,,,,,,,
2024-04-08,91.73,87.24,,,,,,0.83,,,4.42,4.78,-1.01,-0.36,3.15,0.91,1.0853,151.78,7.2305,120.7359,15.19,,96.86,,,,,,,
2024-04-09,92.13,86.04,,,,,,0.819,,,4.36,4.74,-1.07,-0.38,3.14,0.91,1.0856,151.73,7.2316,120.7048,14.98,,127.5,,,,,,,
2024-04-10,91.57,86.98,,,,,,0.823,,,4.55,4.97,-0.9,-0.42,3.1,0.89,1.0737,152.9,7.2341,121.5727,15.8,,134.32,,,,,,,
2024-04-11,91.49,85.79,,,,,,0.828,,,4.56,4.93,-0.89,-0.37,3.16,0.89,1.0722,153.19,7.2373,121.6081,14.91,,116.38,,,,,,,
2024-04-12,93.12,86.46,,,,,,0.828,,,4.5,4.88,-0.95,-0.38,3.25,0.92,1.0647,153.12,7.2374,122.2885,17.31,-0.7943,164.38,,,,,,,
2024-04-13,,,,,,,,,,,,,,,,,,,,,,,83.15,,,,,,,
2024-04-14,,,,,,,,,,,,,,,,,,,,,,,351.28,,,,,,,
2024-04-15,90.84,86.21,,,,,,0.793,,,4.63,4.93,-0.82,-0.3,3.28,0.92,1.0644,154.25,7.2382,122.425,19.23,,148.0,,,,,,,
2024-04-16,91.29,86.15,,,,,,0.797,,,4.67,4.97,-0.78,-0.3,3.36,0.95,1.0628,154.57,7.2383,123.1234,18.4,,205.0,,,,,,,
2024-04-17,89.54,83.58,,,,,,0.783,,,4.59,4.93,-0.86,-0.34,3.42,0.95,1.0644,154.61,7.2389,123.0207,18.21,,89.86,,,,,,,
2024-04-18,88.34,83.5,,,,,,0.774,,,4.64,4.98,-0.82,-0.34,3.39,0.94,1.066,154.61,7.2382,123.0017,18.0,,73.0,,,,,,,
2024-04-19,87.96,83.79,,,,,,0.78,,,4.62,4.97,-0.83,-0.35,3.37,0.94,1.0655,154.55,7.2403,123.1075,18.71,-0.4158,69.55,,,,,,,
2024-04-20,,,,,,,,,,,,,,,,,,,,,,,105.0,,,,,,,
2024-04-21,,,,,,,,,,,,,,,,,,,,,,,129.65,,,,,,,
2024-04-22,87.3,83.82,,,,,,0.775,,,4.62,4.97,-0.8,-0.35,3.29,0.93,1.0655,154.77,7.2403,123.0609,16.94,,63.52,,,,,,,
2024-04-23,88.29,84.17,,,,,,0.769,,,4.61,4.86,-0.84,-0.25,3.2,0.92,1.0695,154.81,7.2445,122.7227,15.69,,50.68,,,,,,,
2024-04-24,89.02,84.09,,,,,,0.763,,,4.65,4.89,-0.81,-0.24,3.19,0.92,1.0687,155.11,7.246,122.89,15.97,,103.13,,,,,,,
2024-04-25,88.1,84.92,,,,,,0.763,,,4.7,4.96,-0.77,-0.26,3.24,0.92,1.0721,155.52,7.246,122.8384,15.37,,228.77,,,,,,,
2024-04-26,89.95,85.38,,,,,,0.783,,,4.67,4.96,-0.79,-0.29,3.16,0.9,1.0686,157.62,7.2464,122.9471,15.03,-0.8406,71.47,,,,,,,
2024-04-27,,,,,,,,,,,,,,,,,,,,,,,53.88,,,,,,,
2024-04-28,,,,,,,,,,,,,,,,,,,,,,,105.58,,,,,,,
2024-04-29,88.44,84.26,,,,,,0.769,,,4.63,4.97,-0.82,-0.34,3.12,0.9,1.0717,156.71,7.2318,122.5449,14.67,,80.35,,,,,,,
2024-04-30,88.23,83.49,,,,,,0.753,,,4.69,5.04,-0.77,-0.35,3.18,0.91,1.0684,157.54,7.2401,122.9853,15.65,,111.88,,,,,,,
2024-05-01,83.55,80.7,10.847,10117.16347826087,2566.318695652174,19576.54652173913,73.95019098391305,0.723,260.473,217.159,4.63,4.96,-0.83,-0.33,3.21,0.91,1.068,157.65,7.2405,123.0168,15.39,,52.26,184.16442051498547,100.863,97.0799,157608.0,318.629,122.383,
2024-05-02,84.81,80.59,,,,,,0.709,,,4.58,4.87,-0.88,-0.29,3.16,0.9,1.0706,153.77,7.2405,122.4384,14.68,,80.5,,,,,,,
2024-05-03,83.6,79.65,,,,,,0.683,,,4.5,4.81,-0.95,-0.31,3.08,0.89,1.077,152.85,7.2405,122.1375,13.49,-0.8297,55.72,,,,,,,
2024-05-04,,,,,,,,,,,,,,,,,,,,,,,43.53,,,,,,,
2024-05-05,,,,,,,,,,,,,,,,,,,,,,,165.5,,,,,,,
2024-05-06,,80.1,,,,,,0.675,,,4.49,4.82,-0.96,-0.33,3.03,0.88,1.0779,153.85,7.2071,121.8913,13.49,,76.56,,,,,,,
2024-05-07,82.69,79.97,,,,,,0.685,,,4.47,4.82,-0.98,-0.35,3.06,0.88,1.0767,154.59,7.2185,122.093,13.23,,38.92,,,,,,,
2024-05-08,82.44,80.57,,,,,,0.693,,,4.48,4.84,-0.97,-0.36,3.1,0.89,1.0755,155.42,7.2185,122.1926,13.0,,35.93,,,,,,,
2024-05-09,83.27,80.86,,,,,,0.683,,,4.45,4.8,-1.01,-0.35,3.14,0.89,1.0771,155.68,7.2198,122.1634,12.69,,51.54,,,,,,,
2024-05-10,83.39,79.81,,,,,,0.68,,,4.5,4.87,-0.97,-0.37,3.12,0.89,1.0773,155.85,7.226,122.014,12.55,-0.9225,103.08,,,,,,,
2024-05-11,,,,,,,,,,,,,,,,,,,,,,,262.99,,,,,,,
2024-05-12,,,,,,,,,,,,,,,,,,,,,,,245.08,,,,,,,
2024-05-13,83.18,80.71,,,,,,0.685,,,4.48,4.85,-0.97,-0.37,3.14,0.9,1.0796,156.17,7.2325,122.0261,13.6,,36.94,,,,,,,
2024-05-14,81.0,79.62,,,,,,0.683,,,4.45,4.81,-0.99,-0.36,3.14,0.9,1.0818,156.5,7.2335,121.9256,13.42,,135.19,,,,,,,
2024-05-15,79.98,80.23,,,,,,0.675,,,4.36,4.73,-1.09,-0.37,3.13,0.9,1.086,155.02,7.219,121.3543,12.45,,96.41,,,,,,,
2024-05-16,81.65,80.85,,,,,,0.68,,,4.38,4.78,-1.07,-0.4,3.08,0.89,1.0875,155.25,7.2181,121.2236,12.42,,55.17,,,,,,,
2024-05-17,82.24,81.66,,,,,,0.68,,,4.42,4.83,-1.04,-0.41,3.09,0.89,1.0869,155.57,7.2233,121.2354,11.99,-0.9098,54.29,,,,,,,
2024-05-18,,,,,,,,,,,,,,,,,,,,,,,71.86,,,,,,,
2024-05-19,,,,,,,,,,,,,,,,,,,,,,,228.26,,,,,,,
2024-05-20,81.91,81.39,,,,,,0.693,,,4.44,4.82,-1.01,-0.38,3.07,0.88,1.0861,156.09,7.2344,121.2289,12.15,,92.53,,,,,,,
2024-05-21,81.22,80.66,,,,,,0.691,,,4.41,4.82,-1.04,-0.41,3.07,0.89,1.0855,156.08,7.2376,121.3793,11.86,,62.26,,,,,,,
2024-05-22,79.9,79.15,,,,,,0.704,,,4.43,4.86,-1.02,-0.43,3.11,0.89,1.0836,156.49,7.2405,121.5462,12.29,,55.15,,,,,,,
2024-05-23,79.25,77.47,,,,,,0.718,,,4.47,4.91,-0.99,-0.44,3.1,0.89,1.0827,157.05,7.2421,121.7477,12.77,,77.2,,,,,,,
2024-05-24,78.92,78.48,,,,,,0.728,,,4.46,4.93,-1.0,-0.47,3.11,0.89,1.0852,156.9,7.2425,121.6172,11.93,-0.9599,153.24,,,,,,,
2024-05-25,,,,,,,,,,,,,,,,,,,,,,,58.73,,,,,,,
2024-05-26,,,,,,,,,,,,,,,,,,,,,,,40.78,,,,,,,
2024-05-27,,,,,,,,,,,,,,,3.12,0.89,,,,,12.36,,52.47,,,,,,,
2024-05-28,81.34,80.9,,,,,,0.733,,,4.54,4.94,-0.92,-0.4,3.09,0.88,1.0879,156.9,7.2451,121.43,12.92,,56.95,,,,,,,
2024-05-29,81.5,80.24,,,,,,0.733,,,4.61,4.96,-0.85,-0.35,3.15,0.88,1.0811,157.62,7.2494,122.1641,14.28,,123.02,,,,,,,
2024-05-30,81.42,78.96,,,,,,0.71,,,4.55,4.92,-0.91,-0.37,3.19,0.88,1.0837,156.63,7.2493,121.9601,14.47,,92.78,,,,,,,
2024-05-31,79.41,77.97,,,,,,0.705,,,4.51,4.89,-0.95,-0.38,3.2,0.88,1.0846,157.19,7.241,122.098,12.92,-0.8499,72.4,,,,,,,
2024-06-01,,,12.368,9648.167,2497.6055,17498.0075,69.1872288495,,244.094,216.608,,,,,,,,,,,,,87.64,173.4343793636483,100.894,98.2344,157695.0,319.003,122.677,
2024-06-02,,,,,,,,,,,,,,,,,,,,,,,58.35,,,,,,,
2024-06-03,76.45,75.26,,,,,,0.683,,,4.41,4.82,-1.11,-0.41,3.17,0.88,1.089,156.04,7.242,122.3509,13.11,,191.95,,,,,,,
2024-06-04,75.33,74.27,,,,,,0.675,,,4.33,4.77,-1.19,-0.44,3.22,0.9,1.0878,154.87,7.2393,122.7256,13.16,,67.8,,,,,,,
2024-06-05,75.41,75.08,,,,,,0.68,,,4.29,4.72,-1.22,-0.43,3.2,0.91,1.0865,156.21,7.2475,122.5339,12.63,,35.32,,,,,,,
2024-06-06,77.62,76.52,,,,,,0.7,,,4.28,4.72,-1.23,-0.44,3.2,0.92,1.0883,155.98,7.2451,122.3713,12.58,,80.15,,,,,,,
2024-06-07,78.12,76.53,,,,,,0.706,,,4.43,4.87,-1.09,-0.44,3.15,0.9,1.0807,156.58,7.2466,123.549,12.22,-0.8432,55.59,,,,,,,
2024-06-08,,,,,,,,,,,,,,,,,,,,,,,102.97,,,,,,,
2024-06-09,,,,,,,,,,,,,,,,,,,,,,,82.89,,,,,,,
2024-06-10,79.59,78.75,,,,,,0.734,,,4.47,4.87,-1.05,-0.4,3.15,0.9,1.0751,156.93,7.2475,123.9125,12.74,,92.67,,,,,,,
2024-06-11,80.15,78.88,,,,,,0.753,,,4.39,4.81,-1.13,-0.42,3.19,0.91,1.0733,157.32,7.2544,124.0349,12.85,,59.32,,,,,,,
2024-06-12,80.52,79.56,,,,,,0.78,,,4.31,4.75,-1.2,-0.44,3.09,0.9,1.0843,155.88,7.2544,123.8295,12.04,,100.25,,,,,,,
2024-06-13,81.44,79.61,,,,,,0.785,,,4.24,4.68,-1.27,-0.44,3.2,0.92,1.0756,156.77,7.2519,124.0235,11.94,,94.21,,,,,,,
2024-06-14,81.49,79.41,,,,,,0.79,,,4.2,4.67,-1.31,-0.47,3.29,0.95,1.0699,157.28,7.2557,124.1694,12.66,-0.8698,88.92,,,,,,,
2024-06-15,,,,,,,,,,,,,,,,,,,,,,,62.45,,,,,,,
2024-06-16,,,,,,,,,,,,,,,,,,,,,,,48.63,,,,,,,
2024-06-17,82.45,81.33,,,,,,0.79,,,4.28,4.75,-1.24,-0.47,3.26,0.95,1.0723,157.8,7.2561,124.239,12.75,,64.98,,,,,,,
2024-06-18,84.79,82.67,,,,,,0.783,,,4.22,4.69,-1.28,-0.47,3.24,0.96,1.0739,157.81,7.2543,123.9776,12.3,,72.11,,,,,,,
2024-06-19,85.64,,,,,,,,,,,,,,3.24,0.96,,,,,12.48,,52.65,,,,,,,
2024-06-20,85.92,83.34,,,,,,0.79,,,4.25,4.7,-1.25,-0.45,3.23,0.96,1.0708,158.77,7.2604,124.192,13.28,,89.94,,,,,,,
2024-06-21,86.42,81.71,,,,,,0.788,,,4.25,4.7,-1.24,-0.45,3.21,0.96,1.0694,159.45,7.2609,124.1086,13.2,-0.8309,76.15,,,,,,,
2024-06-22,,,,,,,,,,,,,,,,,,,,,,,109.47,,,,,,,
2024-06-23,,,,,,,,,,,,,,,,,,,,,,,197.14,,,,,,,
2024-06-24,86.75,82.63,,,,,,0.783,,,4.25,4.71,-1.25,-0.46,3.19,0.96,1.0727,159.71,7.2586,123.7125,13.33,,99.49,,,,,,,
2024-06-25,86.81,81.97,,,,,,0.795,,,4.23,4.65,-1.26,-0.42,3.19,0.96,1.0705,159.68,7.2629,123.9417,12.84,,49.78,,,,,,,
2024-06-26,85.76,82.19,,,,,,0.805,,,4.32,4.71,-1.18,-0.39,3.18,0.97,1.0682,160.68,7.2666,124.26,12.55,,66.89,,,,,,,
2024-06-27,87.0,83.04,,,,,,0.823,,,4.29,4.7,-1.2,-0.41,3.21,0.96,1.0708,160.7,7.2688,124.3379,12.24,,88.91,,,,,,,
2024-06-28,87.26,82.83,,,,,,0.835,,,4.36,4.71,-1.12,-0.35,3.18,0.96,1.0711,160.88,7.2672,124.2103,12.44,-0.8356,56.38,,,,,,,
2024-06-29,,,,,,,,,,,,,,,,,,,,,,,134.0,,,,,,,
2024-06-30,,,,,,,,,,,,,,,3.21,0.96,,,,,,,130.99,,,,,,,
2024-07-01,86.57,84.7,11.995,9385.313043478262,2349.125217391304,16334.8752173913,68.25185089304348,0.845,255.289,224.405,4.48,4.77,-0.99,-0.29,3.21,0.94,1.0728,161.55,7.2683,124.4667,12.22,,244.08,229.0116408537473,99.9757,94.7185,157748.0,319.214,122.911,
2024-07-02,88.28,84.09,,,,,,0.845,,,4.43,4.74,-1.04,-0.31,3.23,0.93,1.0737,161.53,7.2712,124.2917,12.03,,41.45,,,,,,,
2024-07-03,88.25,85.19,,,,,,0.843,,,4.36,4.71,-1.11,-0.35,3.25,0.93,1.0799,161.48,7.2699,123.7768,12.09,,58.82,,,,,,,
2024-07-04,88.34,,,,,,,,,,,,,,3.25,0.93,,,,,12.26,,33.75,,,,,,,
2024-07-05,88.66,84.44,,,,,,,,,4.28,4.6,-1.18,-0.32,3.27,0.92,1.0828,160.73,7.268,123.4762,12.48,-0.8272,778.95,,,,,,,
2024-07-06,,,,,,,,,,,,,,,,,,,,,,,307.38,,,,,,,
2024-07-07,,,,,,,,,,,,,,,,,,,,,,,104.43,,,,,,,
2024-07-08,87.15,83.63,,,,,,0.835,,,4.28,4.62,-1.18,-0.34,3.2,0.92,1.0835,160.77,7.2683,123.3576,12.37,,109.45,,,,,,,
2024-07-09,86.48,82.78,,,,,,0.826,,,4.3,4.62,-1.16,-0.32,3.21,0.92,1.0813,161.4,7.2725,123.4071,12.51,,85.73,,,,,,,
2024-07-10,86.55,83.39,,,,,,0.814,,,4.28,4.62,-1.18,-0.34,3.17,0.92,1.0823,161.73,7.2758,123.1895,12.85,,182.9,,,,,,,
2024-07-11,86.49,83.92,,,,,,0.81,,,4.2,4.5,-1.24,-0.3,3.18,0.93,1.087,158.58,7.2573,122.769,12.92,,29.57,,,,,,,
2024-07-12,87.35,83.49,,,,,,0.81,,,4.18,4.45,-1.25,-0.27,3.19,0.92,1.0902,157.88,7.2495,122.4404,12.46,-0.8317,109.49,,,,,,,
2024-07-13,,,,,,,,,,,,,,,,,,,,,,,275.41,,,,,,,
2024-07-14,,,,,,,,,,,,,,,,,,,,,,,182.93,,,,,,,
2024-07-15,86.42,83.22,,,,,,0.795,,,4.23,4.44,-1.2,-0.21,3.13,0.92,1.0912,157.89,7.2592,122.6347,13.12,,99.68,,,,,,,
2024-07-16,86.6,81.92,,,,,,0.785,,,4.17,4.43,-1.26,-0.26,3.08,0.92,1.0885,158.57,7.2685,122.7264,13.19,,96.85,,,,,,,
2024-07-17,85.76,84.16,,,,,,0.783,,,4.16,4.42,-1.27,-0.26,3.09,0.93,1.0933,156.56,7.2607,122.518,14.48,,129.38,,,,,,,
2024-07-18,86.26,84.17,,,,,,0.781,,,4.2,4.46,-1.23,-0.26,3.09,0.93,1.0913,156.97,7.26,122.7909,15.93,,376.84,,,,,,,
2024-07-19,85.19,81.43,,,,,,0.775,,,4.25,4.49,-1.18,-0.24,3.09,0.93,1.0888,157.38,7.2695,123.147,16.52,-0.6638,88.76,,,,,,,
2024-07-20,,,,,,,,,,,,,,,,,,,,,,,87.09,,,,,,,
2024-07-21,,,,,,,,,,,,,,,,,,,,,,,190.99,,,,,,,
2024-07-22,83.44,81.25,,,,,,0.776,,,4.26,4.5,-1.17,-0.24,3.05,0.93,1.088,157.08,7.2736,123.2172,14.91,,78.76,,,,,,,
2024-07-23,82.2,78.24,,,,,,0.774,,,4.25,4.4,-1.16,-0.15,3.02,0.93,1.0855,156.02,7.2748,123.3843,14.72,,141.71,,,,,,,
2024-07-24,83.01,78.78,,,,,,0.778,,,4.28,4.37,-1.12,-0.09,3.1,0.96,1.0853,153.39,7.2622,123.5575,18.04,,79.17,,,,,,,
2024-07-25,82.58,79.43,,,,,,0.778,,,4.27,4.41,-1.12,-0.14,3.08,0.95,1.0861,153.97,7.231,123.5286,18.46,,39.71,,,,,,,
2024-07-26,81.35,78.58,,,,,,0.778,,,4.2,4.36,-1.18,-0.16,3.1,0.95,1.0859,153.86,7.2502,123.672,16.39,-0.6215,68.12,,,,,,,
2024-07-27,,,,,,,,,,,,,,,,,,,,,,,78.03,,,,,,,
2024-07-28,,,,,,,,,,,,,,,,,,,,,,,174.08,,,,,,,
2024-07-29,80.94,77.27,,,,,,0.769,,,4.17,4.36,-1.24,-0.19,3.13,0.95,1.0819,153.96,7.2597,124.1392,16.6,,66.23,,,,,,,
2024-07-30,79.26,76.17,,,,,,0.768,,,4.15,4.35,-1.25,-0.2,3.2,0.96,1.0809,153.72,7.2511,124.2855,17.69,,73.45,,,,,,,
2024-07-31,81.39,79.36,,,,,,0.776,,,4.09,4.29,-1.32,-0.2,3.25,0.97,1.0823,150.38,7.2193,123.6373,16.36,,53.04,,,,,,,
2024-08-01,81.37,77.74,13.213,8981.117727272727,2352.467272727273,16303.28772727273,65.28850325454545,0.749,247.652,213.906,3.99,4.16,-1.38,-0.17,3.35,1.0,1.0789,150.06,7.2441,123.8693,18.59,,60.98,191.11852025074197,100.4309,97.6391,157757.0,320.017,123.128,
2024-08-02,78.35,74.99,,,,,,0.72,,,3.8,3.88,-1.49,-0.08,3.72,1.06,1.0914,146.98,7.16,123.4681,23.39,-0.34,97.69,,,,,,,
2024-08-03,,,,,,,,,,,,,,,,,,,,,,,61.69,,,,,,,
2024-08-04,,,,,,,,,,,,,,,,,,,,,,,89.47,,,,,,,
2024-08-05,77.51,74.46,,,,,,0.715,,,3.78,3.89,-1.57,-0.11,3.93,1.12,1.0957,143.95,7.13,123.5787,38.57,,150.14,,,,,,,
2024-08-06,76.62,74.6,,,,,,0.735,,,3.9,3.99,-1.44,-0.09,3.67,1.08,1.0926,145.11,7.1563,123.6532,27.71,,207.85,,,,,,,
2024-08-07,78.26,76.68,,,,,,0.765,,,3.96,4.0,-1.38,-0.04,3.57,1.07,1.0925,147.42,7.176,123.5698,27.85,,53.33,,,,,,,
2024-08-08,80.76,77.64,,,,,,0.76,,,3.99,4.04,-1.35,-0.05,3.48,1.05,1.0914,147.08,7.1747,123.4466,23.79,,18.65,,,,,,,
2024-08-09,81.07,78.28,,,,,,0.751,,,3.94,4.05,-1.39,-0.11,3.49,1.05,1.0925,146.49,7.166,122.9276,20.37,-0.1624,122.7,,,,,,,
2024-08-10,,,,,,,,,,,,,,,,,,,,,,,81.78,,,,,,,
2024-08-11,,,,,,,,,,,,,,,,,,,,,,,223.61,,,,,,,
2024-08-12,83.06,81.45,,,,,,0.765,,,3.9,4.01,-1.43,-0.11,3.52,1.05,1.0928,147.54,7.1744,123.2204,20.71,,76.44,,,,,,,
2024-08-13,82.51,79.81,,,,,,0.764,,,3.85,3.93,-1.47,-0.08,3.54,1.04,1.0954,146.97,7.1558,123.0146,18.12,,88.36,,,,,,,
2024-08-14,82.15,78.47,,,,,,0.755,,,3.83,3.94,-1.49,-0.11,3.46,1.02,1.1024,146.86,7.1382,122.4297,16.19,,120.48,,,,,,,
2024-08-15,83.09,79.66,,,,,,0.758,,,3.92,4.08,-1.42,-0.16,3.31,0.98,1.0986,148.91,7.1734,122.5844,15.23,,221.13,,,,,,,
2024-08-16,81.56,78.05,,,,,,0.753,,,3.89,4.06,-1.44,-0.17,3.29,0.98,1.0996,148.13,7.1644,122.3972,14.8,-0.7379,194.96,,,,,,,
2024-08-17,,,,,,,,,,,,,,,,,,,,,,,142.54,,,,,,,
2024-08-18,,,,,,,,,,,,,,,,,,,,,,,300.83,,,,,,,
2024-08-19,81.09,75.82,,,,,,0.755,,,3.86,4.06,-1.45,-0.2,3.21,0.97,1.107,146.42,7.1393,121.8788,14.65,,88.54,,,,,,,
2024-08-20,78.85,75.27,,,,,,0.768,,,3.82,3.99,-1.47,-0.17,3.25,0.98,1.1106,145.7,7.132,121.7728,15.88,,54.32,,,,,,,
2024-08-21,78.77,72.76,,,,,,0.76,,,3.79,3.92,-1.47,-0.13,3.27,0.98,1.1143,145.19,7.1344,121.8535,16.27,,116.81,,,,,,,
2024-08-22,78.8,73.72,,,,,,0.748,,,3.86,3.99,-1.42,-0.13,3.21,0.97,1.1114,145.97,7.144,122.3626,17.55,,87.14,,,,,,,
2024-08-23,80.34,75.82,,,,,,0.773,,,3.81,3.9,-1.44,-0.09,3.19,0.96,1.1176,144.86,7.1244,121.4597,15.86,-0.648,69.6,,,,,,,
2024-08-24,,,,,,,,,,,,,,,,,,,,,,,30.03,,,,,,,
2024-08-25,,,,,,,,,,,,,,,,,,,,,,,100.22,,,,,,,
2024-08-26,,78.4,,,,,,0.775,,,3.82,3.91,-1.42,-0.09,3.15,0.96,1.1164,144.51,7.1212,121.6943,16.15,,63.73,,,,,,,
2024-08-27,81.51,76.5,,,,,,0.768,,,3.83,3.83,-1.4,0.0,3.17,0.96,1.116,144.26,7.1244,121.8672,15.43,,35.71,,,,,,,
2024-08-28,80.04,75.49,,,,,,0.759,,,3.84,3.83,-1.37,0.01,3.19,0.96,1.1127,144.47,7.1245,121.8943,17.11,,64.09,,,,,,,
2024-08-29,81.55,76.9,,,,,,0.76,,,3.87,3.87,-1.35,0.0,3.15,0.96,1.1086,144.98,7.0972,122.2333,15.65,,92.28,,,,,,,
2024-08-30,80.2,74.52,,,,,,0.749,,,3.91,3.91,-1.3,0.0,3.13,0.95,1.106,145.95,7.09,122.3262,15.0,-0.6496,60.89,,,,,,,
2024-08-31,,,,,,,,,,,,,,,3.17,0.96,,,,,,,66.18,,,,,,,
2024-09-01,,,13.09,9259.128571428571,2457.478095238095,16167.67761904762,64.63053920047619,,220.487,185.951,,,,,,,,,,,,,137.9,202.17762371454685,99.8084,96.7293,157912.0,321.109,123.466,
2024-09-02,77.82,,,,,,,,,,,,,,3.17,0.96,,,,,15.55,,601.26,,,,,,,
2024-09-03,76.46,71.28,,,,,,0.735,,,3.84,3.88,-1.35,-0.04,3.31,0.98,1.1043,145.82,7.1209,122.7811,20.72,,70.88,,,,,,,
2024-09-04,74.67,70.11,,,,,,0.72,,,3.77,3.76,-1.41,0.01,3.35,0.99,1.1081,144.31,7.1119,122.5144,21.32,,92.74,,,,,,,
2024-09-05,74.47,70.09,,,,,,0.69,,,3.73,3.75,-1.42,-0.02,3.29,0.99,1.1096,143.43,7.0921,122.4533,19.9,,54.83,,,,,,,
2024-09-06,72.82,68.58,,,,,,0.663,,,3.72,3.66,-1.41,0.06,3.39,0.99,1.1086,142.13,7.0876,122.4991,22.38,-0.3905,103.01,,,,,,,
2024-09-07,,,,,,,,,,,,,,,,,,,,,,,57.59,,,,,,,
2024-09-08,,,,,,,,,,,,,,,,,,,,,,,136.16,,,,,,,
2024-09-09,72.37,69.65,,,,,,0.628,,,3.7,3.68,-1.41,0.02,3.36,0.99,1.1042,142.92,7.1133,122.7156,19.45,,55.57,,,,,,,
2024-09-10,70.34,66.73,,,,,,0.625,,,3.65,3.59,-1.41,0.06,3.46,1.01,1.1025,142.28,7.1205,123.0071,19.08,,117.97,,,,,,,
2024-09-11,70.31,68.25,,,,,,0.64,,,3.65,3.62,-1.45,0.03,3.44,1.01,1.1012,141.72,7.1192,122.7754,17.69,,38.01,,,,,,,
2024-09-12,73.81,69.89,,,,,,0.645,,,3.68,3.64,-1.38,0.04,3.39,0.99,1.1041,142.24,7.1173,122.4423,17.07,,58.47,,,,,,,
2024-09-13,73.68,69.59,,,,,,0.635,,,3.66,3.57,-1.31,0.09,3.37,0.99,1.1085,140.66,7.093,121.6551,16.56,-0.3159,92.86,,,,,,,
2024-09-14,,,,,,,,,,,,,,,,,,,,,,,62.32,,,,,,,
2024-09-15,,,,,,,,,,,,,,,,,,,,,,,76.57,,,,,,,
2024-09-16,73.96,71.1,,,,,,0.635,,,3.63,3.56,-1.33,0.07,3.32,0.98,1.1123,140.79,7.0958,121.4976,17.14,,59.1,,,,,,,
2024-09-17,74.55,72.16,,,,,,0.685,,,3.65,3.59,-1.3,0.06,3.25,0.97,1.1118,141.77,7.0958,121.6031,17.61,,110.52,,,,,,,
2024-09-18,74.52,71.87,,,,,,0.673,,,3.7,3.61,-1.14,0.09,3.21,0.95,1.1116,141.93,7.0812,121.5618,18.23,,152.08,,,,,,,
2024-09-19,75.93,72.86,,,,,,0.655,,,3.73,3.59,-1.07,0.14,3.1,0.93,1.1147,142.88,7.0675,121.3059,16.33,,126.07,,,,,,,
2024-09-20,75.96,72.72,,,,,,0.655,,,3.73,3.55,-1.02,0.18,3.15,0.93,1.1159,143.9,7.0505,121.4052,16.15,-0.4436,66.37,,,,,,,
2024-09-21,,,,,,,,,,,,,,,,,,,,,,,77.27,,,,,,,
2024-09-22,,,,,,,,,,,,,,,,,,,,,,,56.52,,,,,,,
2024-09-23,74.95,71.33,,,,,,0.655,,,3.75,3.57,-0.97,0.18,3.15,0.92,1.113,143.59,7.0508,121.4303,15.89,,73.57,,,,,,,
2024-09-24,75.29,72.34,,,,,,0.673,,,3.74,3.49,-0.95,0.25,3.21,0.92,1.115,143.77,7.0318,121.1291,15.39,,72.44,,,,,,,
2024-09-25,75.4,70.42,,,,,,0.635,,,3.79,3.53,-0.9,0.26,3.19,0.92,1.1143,144.41,7.0315,121.4447,15.41,,103.88,,,,,,,
2024-09-26,73.06,68.28,,,,,,0.588,,,3.79,3.6,-0.89,0.19,3.14,0.92,1.1184,144.68,7.0106,121.0785,15.37,,82.08,,,,,,,
2024-09-27,71.63,68.72,,,,,,0.588,,,3.75,3.55,-0.93,0.2,3.14,0.92,1.1159,142.6,7.0111,121.1111,16.96,-0.2694,90.48,,,,,,,
2024-09-28,,,,,,,,,,,,,,,,,,,,,,,53.03,,,,,,,
2024-09-29,,,,,,,,,,,,,,,,,,,,,,,31.33,,,,,,,
2024-09-30,72.35,68.75,,,,,,0.69,,,3.81,3.66,-0.92,0.15,3.03,0.92,1.1145,143.25,7.0176,121.2864,16.73,,116.24,,,,,,,
2024-10-01,75.3,70.41,13.113,9533.991304347826,2595.583043478261,16765.80347826087,66.51108177,0.73,220.161,195.992,3.74,3.61,-0.97,0.13,3.07,0.92,1.1067,143.66,7.0175,121.6881,19.26,,58.83,204.92841907731767,99.4695,96.2696,157945.0,321.758,123.832,
2024-10-02,74.86,70.74,,,,,,0.78,,,3.79,3.63,-0.9,0.16,3.06,0.91,1.105,146.05,7.0175,121.5724,18.9,,133.57,,,,,,,
2024-10-03,77.57,74.33,,,,,,0.825,,,3.85,3.7,-0.83,0.15,3.04,0.9,1.1015,146.82,7.0175,122.1197,20.49,,76.65,,,,,,,
2024-10-04,79.32,74.93,,,,,,0.825,,,3.98,3.93,-0.75,0.05,2.89,0.87,1.0961,148.69,7.0175,122.2197,19.21,-0.6099,74.53,,,,,,,
2024-10-05,,,,,,,,,,,,,,,,,,,,,,,93.95,,,,,,,
2024-10-06,,,,,,,,,,,,,,,,,,,,,,,77.36,,,,,,,
2024-10-07,81.74,77.76,,,,,,0.84,,,4.03,3.99,-0.74,0.04,2.95,0.86,1.0976,148.13,7.0175,122.4241,22.64,,48.33,,,,,,,
2024-10-08,78.19,74.26,,,,,,0.84,,,4.04,3.98,-0.71,0.06,2.99,0.87,1.097,148.22,7.0595,122.6625,21.42,,127.04,,,,,,,
2024-10-09,77.06,73.85,,,,,,0.808,,,4.06,3.99,-0.69,0.07,2.94,0.85,1.0951,149.2,7.0818,122.8821,20.86,,71.55,,,,,,,
2024-10-10,79.45,76.46,,,,,,0.8,,,4.09,3.98,-0.66,0.11,2.99,0.84,1.0925,148.56,7.0794,123.0951,20.93,,96.67,,,,,,,
2024-10-11,80.27,76.11,,,,,,0.783,,,4.08,3.95,-0.65,0.13,2.98,0.84,1.0942,149.12,7.0667,122.9805,20.46,-0.5872,247.06,,,,,,,
2024-10-12,,,,,,,,,,,,,,,,,,,,,,,211.55,,,,,,,
2024-10-13,,,,,,,,,,,,,,,,,,,,,,,154.13,,,,,,,
2024-10-14,78.47,,,,,,,0.78,,,,,,,2.97,0.84,,,,,19.7,,68.25,,,,,,,
2024-10-15,73.68,71.22,,,,,,0.75,,,4.03,3.95,-0.7,0.08,2.93,0.83,1.0899,149.22,7.1192,123.5124,20.64,,140.41,,,,,,,
2024-10-16,73.65,70.97,,,,,,0.743,,,4.02,3.93,-0.7,0.09,2.9,0.83,1.0873,149.71,7.1192,123.9235,19.58,,79.68,,,,,,,
2024-10-17,74.37,71.26,,,,,,0.75,,,4.09,3.96,-0.65,0.13,2.89,0.83,1.0837,150.12,7.1216,124.1122,19.11,,114.8,,,,,,,
2024-10-18,72.75,69.78,,,,,,0.748,,,4.08,3.95,-0.65,0.13,2.88,0.83,1.0854,149.58,7.1015,123.9185,18.03,-0.5337,70.12,,,,,,,
2024-10-19,,,,,,,,,,,,,,,,,,,,,,,89.05,,,,,,,
2024-10-20,,,,,,,,,,,,,,,,,,,,,,,176.02,,,,,,,
2024-10-21,73.29,71.16,,,,,,0.745,,,4.19,4.02,-0.54,0.17,2.88,0.85,1.082,150.47,7.1189,124.4757,18.37,,283.8,,,,,,,
2024-10-22,75.59,72.84,,,,,,0.765,,,4.2,4.03,-0.52,0.17,2.92,0.85,1.0805,151.11,7.123,124.4107,18.2,,116.02,,,,,,,
2024-10-23,74.68,71.37,,,,,,0.768,,,4.24,4.07,-0.49,0.17,2.95,0.86,1.0779,152.81,7.1252,124.6931,19.24,,98.6,,,,,,,
2024-10-24,74.27,70.58,,,,,,0.788,,,4.21,4.07,-0.49,0.14,2.93,0.86,1.0806,151.87,7.119,124.5127,19.08,,67.34,,,,,,,
2024-10-25,75.62,72.02,,,,,,0.745,,,4.25,4.11,-0.48,0.14,2.89,0.85,1.0813,152.08,7.1199,124.6105,20.33,-0.3835,83.65,,,,,,,
2024-10-26,,,,,,,,,,,,,,,,,,,,,,,245.79,,,,,,,
2024-10-27,,,,,,,,,,,,,,,,,,,,,,,187.75,,,,,,,
2024-10-28,71.87,67.65,,,,,,0.745,,,4.28,4.12,-0.42,0.16,2.82,0.84,1.0819,153.21,7.1254,124.8076,19.8,,75.66,,,,,,,
2024-10-29,71.09,67.48,,,,,,0.745,,,4.28,4.11,-0.42,0.17,2.85,0.84,1.0798,153.47,7.1301,124.8612,19.34,,88.98,,,,,,,
2024-10-30,73.21,68.91,,,,,,0.745,,,4.29,4.15,-0.38,0.14,2.8,0.84,1.0864,153.15,7.1229,124.8153,20.35,,70.46,,,,,,,
2024-10-31,73.25,69.58,,,,,,0.745,,,4.28,4.16,-0.36,0.12,2.88,0.86,1.0855,152.35,7.1178,124.7988,23.16,,107.64,,,,,,,
2024-11-01,73.63,69.81,14.025,9075.727142857142,2582.188571428571,15726.94761904762,63.15877750285714,0.745,207.313,189.72,4.37,4.21,-0.24,0.16,2.83,0.86,1.0848,152.94,7.1214,124.8076,21.88,-0.294,116.29,282.5926597399031,99.2925,95.3764,158079.0,321.947,123.962,
2024-11-02,,,,,,,,,,,,,,,,,,,,,,,384.15,,,,,,,
2024-11-03,,,,,,,,,,,,,,,,,,,,,,,298.74,,,,,,,
2024-11-04,74.89,71.83,,,,,,0.81,,,4.31,4.17,-0.34,0.14,2.87,0.86,1.0884,152.02,7.0995,124.5903,21.98,,231.81,,,,,,,
2024-11-05,76.98,72.26,,,,,,0.81,,,4.26,4.19,-0.38,0.07,2.86,0.84,1.092,151.96,7.1047,124.5532,20.49,,312.49,,,,,,,
2024-11-06,76.52,71.98,,,,,,0.808,,,4.42,4.27,-0.22,0.15,2.74,0.8,1.0732,154.58,7.1782,125.7035,16.27,,142.57,,,,,,,
2024-11-07,75.73,72.69,,,,,,0.813,,,4.31,4.21,-0.32,0.1,2.73,0.78,1.0792,153.13,7.1412,124.775,15.2,,323.52,,,,,,,
2024-11-08,74.04,70.69,,,,,,0.806,,,4.3,4.26,-0.33,0.04,2.63,0.77,1.071,152.58,7.1785,125.5811,14.94,-0.5641,308.41,,,,,,,
2024-11-09,,,,,,,,,,,,,,,,,,,,,,,125.18,,,,,,,
2024-11-10,,,,,,,,,,,,,,,,,,,,,,,484.55,,,,,,,
2024-11-11,72.19,,,,,,,0.799,,,,,,,2.63,0.77,,,,,14.97,,386.33,,,,,,,
2024-11-12,72.56,68.43,,,,,,0.798,,,4.43,4.34,-0.2,0.09,2.61,0.77,1.0598,154.73,7.232,126.7762,14.71,,225.35,,,,,,,
2024-11-13,72.86,68.76,,,,,,0.793,,,4.44,4.27,-0.16,0.17,2.64,0.78,1.0567,155.28,7.2245,126.9572,14.02,,170.4,,,,,,,
2024-11-14,73.39,68.99,,,,,,0.785,,,4.43,4.34,-0.18,0.09,2.6,0.8,1.0562,155.96,7.2272,127.0015,14.31,,135.73,,,,,,,
2024-11-15,73.45,67.33,,,,,,0.784,,,4.43,4.31,-0.17,0.12,2.72,0.8,1.0552,154.59,7.2288,126.8848,16.14,-0.7993,268.42,,,,,,,
2024-11-16,,,,,,,,,,,,,,,,,,,,,,,154.6,,,,,,,
2024-11-17,,,,,,,,,,,,,,,,,,,,,,,450.74,,,,,,,
2024-11-18,74.35,69.46,,,,,,0.784,,,4.42,4.29,-0.21,0.13,2.72,0.8,1.0586,154.78,7.2364,126.6045,15.58,,463.22,,,,,,,
2024-11-19,74.32,69.75,,,,,,0.793,,,4.39,4.27,-0.23,0.12,2.69,0.8,1.0578,154.34,7.2392,126.3994,16.35,,214.05,,,,,,,
2024-11-20,74.33,69.25,,,,,,0.804,,,4.41,4.31,-0.21,0.1,2.67,0.81,1.0521,155.38,7.2459,126.88,17.16,,181.81,,,,,,,
2024-11-21,75.09,70.39,,,,,,0.816,,,4.43,4.34,-0.2,0.09,2.61,0.81,1.0475,154.66,7.2368,127.1047,16.87,,219.91,,,,,,,
2024-11-22,76.1,71.68,,,,,,0.83,,,4.41,4.37,-0.22,0.04,2.61,0.8,1.0399,154.73,7.2455,127.4712,15.24,-0.6118,135.37,,,,,,,
2024-11-23,,,,,,,,,,,,,,,,,,,,,,,104.89,,,,,,,
2024-11-24,,,,,,,,,,,,,,,,,,,,,,,311.54,,,,,,,
2024-11-25,74.27,69.41,,,,,,0.829,,,4.27,4.21,-0.35,0.06,2.64,0.8,1.0478,154.29,7.2395,126.9948,14.6,,87.75,,,,,,,
2024-11-26,74.56,69.05,,,,,,0.823,,,4.3,4.21,-0.31,0.09,2.68,0.81,1.0481,153.49,7.252,127.4301,14.1,,150.15,,,,,,,
2024-11-27,73.91,69.03,,,,,,0.823,,,4.25,4.19,-0.35,0.06,2.69,0.82,1.0575,150.69,7.2458,126.8205,14.1,,132.14,,,,,,,
2024-11-28,73.92,,,,,,,,,,,,,,2.69,0.82,,,,,13.9,,162.72,,,,,,,
2024-11-29,74.16,68.26,,,,,,,,,4.18,4.13,-0.4,0.05,2.72,0.82,1.0547,150.41,7.2423,126.5798,13.51,-0.6186,174.81,,,,,,,
2024-11-30,,,,,,,,,,,,,,,2.74,0.83,,,,,,,123.13,,,,,,,
2024-12-01,,,14.225,8909.907727272726,2540.882272727273,15438.65636363636,60.219976335,,203.104,189.942,,,,,,,,,,,,,140.43,327.5750370944677,100.3273,94.5226,158316.0,322.007,124.196,
2024-12-02,72.81,68.35,,,,,,0.8,,,4.19,4.17,-0.32,0.02,2.68,0.81,1.0484,149.26,7.2714,127.1272,13.34,,78.68,,,,,,,
2024-12-03,74.8,70.15,,,,,,0.81,,,4.23,4.17,-0.26,0.06,2.66,0.8,1.0518,149.12,7.2858,126.9565,13.3,,92.19,,,,,,,
2024-12-04,74.68,68.81,,,,,,0.783,,,4.19,4.13,-0.28,0.06,2.66,0.8,1.0527,150.18,7.2632,126.7574,13.45,,177.91,,,,,,,
2024-12-05,73.78,68.58,,,,,,0.765,,,4.17,4.15,-0.29,0.02,2.66,0.81,1.0571,150.19,7.2558,126.4286,13.54,,97.39,,,,,,,
2024-12-06,73.78,68.58,,,,,,0.758,,,4.15,4.1,-0.27,0.05,2.67,0.81,1.0563,149.78,7.27,126.688,12.77,-0.529,390.69,,,,,,,
2024-12-07,,,,,,,,,,,,,,,,,,,,,,,376.57,,,,,,,
2024-12-08,,,,,,,,,,,,,,,,,,,,,,,114.97,,,,,,,
2024-12-09,73.73,68.65,,,,,,0.764,,,4.2,4.13,-0.22,0.07,2.67,0.81,1.057,151.24,7.2604,126.5981,14.19,,233.8,,,,,,,
2024-12-10,73.64,68.85,,,,,,0.763,,,4.22,4.15,-0.19,0.07,2.67,0.8,1.0512,152.05,7.25,126.957,14.18,,218.39,,,,,,,
2024-12-11,74.38,70.57,,,,,,0.774,,,4.26,4.15,-0.12,0.11,2.64,0.78,1.0508,152.34,7.2605,126.8483,13.58,,219.72,,,,,,,
2024-12-12,73.52,70.25,,,,,,0.773,,,4.32,4.18,-0.03,0.14,2.66,0.79,1.0514,152.07,7.2685,126.9556,13.92,,125.44,,,,,,,
2024-12-13,74.89,71.54,,,,,,0.768,,,4.4,4.25,0.06,0.15,2.68,0.78,1.0498,153.74,7.2756,127.3096,13.81,-0.5787,141.68,,,,,,,
2024-12-14,,,,,,,,,,,,,,,,,,,,,,,167.31,,,,,,,
2024-12-15,,,,,,,,,,,,,,,,,,,,,,,244.9,,,,,,,
2024-12-16,74.3,71.03,,,,,,0.769,,,4.39,4.25,0.02,0.14,2.69,0.78,1.0512,154.18,7.2836,127.2687,14.69,,288.93,,,,,,,
2024-12-17,73.16,70.31,,,,,,0.766,,,4.4,4.25,0.02,0.15,2.75,0.79,1.0506,153.41,7.2846,127.5043,15.87,,86.94,,,,,,,
2024-12-18,74.57,70.8,,,,,,0.763,,,4.5,4.35,0.14,0.15,2.73,0.79,1.0469,154.0,7.2864,127.6418,27.62,,251.99,,,,,,,
2024-12-19,73.75,70.1,,,,,,0.754,,,4.57,4.32,0.22,0.25,2.91,0.82,1.0357,157.73,7.2965,128.6366,24.09,,171.71,,,,,,,
2024-12-20,73.19,69.71,,,,,,0.759,,,4.52,4.3,0.18,0.22,2.86,0.82,1.043,156.11,7.2953,127.893,18.36,-0.4953,180.8,,,,,,,
2024-12-21,,,,,,,,,,,,,,,,,,,,,,,180.08,,,,,,,
2024-12-22,,,,,,,,,,,,,,,,,,,,,,,381.65,,,,,,,
2024-12-23,72.12,69.5,,,,,,0.765,,,4.59,4.3,0.23,0.29,2.85,0.82,1.0409,157.04,7.2977,128.3021,16.78,,139.02,,,,,,,
2024-12-24,73.5,70.87,,,,,,0.763,,,4.59,4.29,0.19,0.3,2.86,,1.0388,157.29,7.2946,128.3377,14.27,,252.18,,,,,,,
2024-12-25,,,,,,,,,,,,,,,,,,,,,,,190.79,,,,,,,
2024-12-26,,70.38,,,,,,0.763,,,4.58,4.3,0.23,0.28,2.86,0.81,1.0423,158.01,7.2981,128.3329,14.73,,118.16,,,,,,,
2024-12-27,73.77,71.28,,,,,,0.771,,,4.62,4.31,0.31,0.31,2.84,0.81,1.0423,157.73,7.298,128.45,15.95,-0.6222,104.31,,,,,,,
2024-12-28,,,,,,,,,,,,,,,,,,,,,,,150.11,,,,,,,
2024-12-29,,,,,,,,,,,,,,,,,,,,,,,167.91,,,,,,,
2024-12-30,74.24,71.73,,,,,,0.78,,,4.55,4.24,0.18,0.31,2.94,0.82,1.0386,157.26,7.2993,128.8205,17.4,,138.37,,,,,,,
2024-12-31,74.58,72.44,,,,,,0.815,,,4.58,4.25,0.21,0.33,2.92,0.82,1.0351,157.37,7.2993,129.2775,17.35,,109.44,,,,,,,
2025-01-01,,,14.126,8976.68043478261,2571.370434782609,15374.06086956522,58.95955154130435,,215.388,211.855,,,,,,,,,,,,,202.92,309.1073681757701,100.0647,93.9259,158268.0,323.842,124.587,
2025-01-02,76.14,73.79,,,,,,0.848,,,4.57,4.25,0.21,0.32,2.88,0.83,1.0261,157.65,7.2994,129.4598,17.93,,188.9,,,,,,,
2025-01-03,76.72,74.64,,,,,,0.861,,,4.6,4.28,0.26,0.32,2.81,0.83,1.0292,157.2,7.3199,129.4535,16.13,-0.62,167.41,,,,,,,
2025-01-04,,,,,,,,,,,,,,,,,,,,,,,213.62,,,,,,,
2025-01-05,,,,,,,,,,,,,,,,,,,,,,,571.19,,,,,,,
2025-01-06,77.27,74.31,,,,,,0.874,,,4.62,4.28,0.27,0.34,2.76,0.84,1.0397,157.54,7.3223,128.538,16.04,,222.31,,,,,,,
2025-01-07,77.84,74.99,,,,,,0.865,,,4.67,4.3,0.32,0.37,2.79,0.84,1.0369,157.82,7.3264,128.613,17.82,,260.94,,,,,,,
2025-01-08,77.37,73.99,,,,,,0.864,,,4.67,4.28,0.32,0.39,2.84,0.83,1.0313,158.31,7.3316,129.0785,17.7,,212.01,,,,,,,
2025-01-09,78.44,,,,,,,0.86,,,4.68,4.27,0.33,0.41,2.82,0.83,1.0298,158.01,7.3321,129.2827,18.07,,230.71,,,,,,,
2025-01-10,79.76,77.27,,,,,,0.878,,,4.77,4.4,0.41,0.37,2.81,0.83,1.0238,157.68,7.3326,129.8664,19.54,-0.7994,147.76,,,,,,,
2025-01-11,,,,,,,,,,,,,,,,,,,,,,,403.4,,,,,,,
2025-01-12,,,,,,,,,,,,,,,,,,,,,,,678.32,,,,,,,
2025-01-13,82.69,79.57,,,,,,0.908,,,4.79,4.4,0.42,0.39,2.85,0.84,1.0209,157.51,7.3319,130.0413,19.19,,179.6,,,,,,,
2025-01-14,82.39,78.2,,,,,,0.925,,,4.78,4.37,0.42,0.41,2.8,0.84,1.0292,157.95,7.3311,129.3812,18.71,,185.4,,,,,,,
2025-01-15,83.48,80.73,,,,,,0.956,,,4.66,4.27,0.31,0.39,2.72,0.83,1.0282,156.6,7.3304,129.2092,16.12,,110.72,,,,,,,
2025-01-16,82.39,79.35,,,,,,0.97,,,4.61,4.23,0.27,0.38,2.73,0.83,1.0303,155.44,7.3316,129.436,16.6,,134.68,,,,,,,
2025-01-17,83.02,78.56,,,,,,0.983,,,4.61,4.27,0.27,0.34,2.64,0.82,1.0287,156.3,7.3249,129.4859,15.97,-0.8251,173.63,,,,,,,
2025-01-18,,,,,,,,,,,,,,,,,,,,,,,234.19,,,,,,,
2025-01-19,,,,,,,,,,,,,,,,,,,,,,,508.27,,,,,,,
2025-01-20,81.68,,,,,,,,,,,,,,2.64,0.82,,,,,15.81,,193.71,,,,,,,
2025-01-21,80.57,76.79,,,,,,0.925,,,4.57,4.29,0.21,0.28,2.61,0.82,1.0423,155.49,7.2712,128.4151,15.06,,225.37,,,,,,,
2025-01-22,80.0,76.12,,,,,,0.918,,,4.6,4.29,0.24,0.31,2.59,0.81,1.042,156.62,7.2728,128.3402,15.1,,121.77,,,,,,,
2025-01-23,78.62,75.03,,,,,,0.911,,,4.65,4.29,0.29,0.36,2.61,0.8,1.042,156.0,7.288,128.2162,15.02,,176.52,,,,,,,
2025-01-24,78.71,74.97,,,,,,0.906,,,4.63,4.27,0.28,0.36,2.6,0.8,1.0515,155.58,7.244,127.4611,14.85,-0.9745,189.16,,,,,,,
2025-01-25,,,,,,,,,,,,,,,,,,,,,,,159.12,,,,,,,
2025-01-26,,,,,,,,,,,,,,,,,,,,,,,178.55,,,,,,,
2025-01-27,77.3,73.51,,,,,,0.893,,,4.53,4.17,0.21,0.36,2.66,0.81,1.0492,154.22,7.2507,128.0912,17.9,,159.42,,,,,,,
2025-01-28,78.01,74.15,,,,,,0.885,,,4.55,4.19,0.24,0.36,2.66,0.81,1.0427,155.65,7.2422,128.2817,16.41,,262.69,,,,,,,
2025-01-29,77.02,72.94,,,,,,0.895,,,4.55,4.21,0.24,0.34,2.68,0.81,1.0416,155.22,7.2422,128.3418,16.56,,342.27,,,,,,,
2025-01-30,77.42,73.1,,,,,,0.886,,,4.52,4.18,0.22,0.34,2.67,0.81,1.042,154.42,7.2422,128.1004,15.84,,293.51,,,,,,,
2025-01-31,77.11,72.84,,,,,,0.915,,,4.58,4.22,0.27,0.36,2.68,0.82,1.04,154.91,7.2422,128.4828,16.43,-0.7616,495.78,,,,,,,
2025-02-01,,,14.721,9330.975,2655.7725,15287.031,54.315509762,,220.884,203.762,,,,,,,,,,,,,256.1,327.7075661569745,101.0993,97.0398,158310.0,325.252,125.145,
2025-02-02,,,,,,,,,,,,,,,,,,,,,,,314.4,,,,,,,
2025-02-03,76.49,73.52,,,,,,0.929,,,4.54,4.26,0.2,0.28,2.73,0.83,1.0277,154.68,7.2422,129.109,18.62,,327.16,,,,,,,
2025-02-04,76.58,73.04,,,,,,0.92,,,4.52,4.21,0.19,0.31,2.71,0.82,1.0379,154.56,7.2422,128.1083,17.21,,393.35,,,,,,,
2025-02-05,74.71,71.39,,,,,,0.915,,,4.43,4.17,0.1,0.26,2.69,0.83,1.0419,152.33,7.272,127.9751,15.77,,226.19,,,,,,,
2025-02-06,74.54,70.97,,,,,,0.919,,,4.45,4.21,0.11,0.24,2.66,0.84,1.0368,152.04,7.2883,128.2017,15.5,,372.45,,,,,,,
2025-02-07,74.68,71.32,,,,,,0.928,,,4.49,4.29,0.14,0.2,2.67,0.84,1.0329,151.3,7.2943,128.4292,16.54,-0.783,332.89,,,,,,,
2025-02-08,,,,,,,,,,,,,,,,,,,,,,,578.84,,,,,,,
2025-02-09,,,,,,,,,,,,,,,,,,,,,,,613.98,,,,,,,
2025-02-10,76.23,72.73,,,,,,0.94,,,4.51,4.28,0.16,0.23,2.66,0.84,1.0312,151.72,7.3045,128.6382,15.81,,290.34,,,,,,,
2025-02-11,77.65,73.67,,,,,,0.943,,,4.54,4.29,0.19,0.25,2.66,0.83,1.0346,152.37,7.3072,128.4322,16.02,,230.88,,,,,,,
2025-02-12,75.38,71.72,,,,,,0.925,,,4.62,4.36,0.27,0.26,2.65,0.81,1.0392,154.62,7.3088,128.3288,15.89,,285.28,,,,,,,
2025-02-13,75.61,71.66,,,,,,0.923,,,4.52,4.31,0.18,0.21,2.65,0.81,1.0428,153.18,7.2888,127.8931,15.1,,236.69,,,,,,,
2025-02-14,75.19,71.05,,,,,,0.915,,,4.47,4.26,0.13,0.21,2.62,0.8,1.0498,152.25,7.253,127.1491,14.77,-0.8283,297.91,,,,,,,
2025-02-15,,,,,,,,,,,,,,,,,,,,,,,229.66,,,,,,,
2025-02-16,,,,,,,,,,,,,,,,,,,,,,,294.91,,,,,,,
2025-02-17,75.81,,,,,,,,,,,,,,2.62,0.8,,,,,15.37,,372.7,,,,,,,
2025-02-18,76.46,72.21,,,,,,0.904,,,4.55,4.29,0.21,0.26,2.62,0.79,1.0457,151.79,7.2786,127.2906,15.35,,280.36,,,,,,,
2025-02-19,76.34,72.58,,,,,,0.901,,,4.53,4.28,0.19,0.25,2.68,0.79,1.0406,151.67,7.2833,127.7317,15.27,,341.49,,,,,,,
2025-02-20,76.95,72.88,,,,,,0.901,,,4.5,4.28,0.17,0.22,2.66,0.8,1.0475,149.63,7.2555,127.1126,15.66,,367.92,,,,,,,
2025-02-21,74.88,70.72,,,,,,0.9,,,4.42,4.19,0.1,0.23,2.78,0.81,1.0455,149.49,7.2501,127.1408,18.21,-0.7598,375.62,,,,,,,
2025-02-22,,,,,,,,,,,,,,,,,,,,,,,203.15,,,,,,,
2025-02-23,,,,,,,,,,,,,,,,,,,,,,,476.69,,,,,,,
2025-02-24,74.89,71.06,,,,,,0.901,,,4.4,4.13,0.09,0.27,2.78,0.81,1.0478,149.57,7.2476,127.1921,18.98,,355.9,,,,,,,
2025-02-25,73.11,69.15,,,,,,0.919,,,4.3,4.07,0.0,0.23,2.84,0.84,1.0498,149.09,7.2512,127.3752,19.43,,232.14,,,,,,,
2025-02-26,73.49,68.87,,,,,,0.948,,,4.25,4.05,-0.06,0.2,2.81,0.84,1.0514,149.13,7.2595,127.2822,19.1,,275.17,,,,,,,
2025-02-27,75.01,70.62,,,,,,0.99,,,4.29,4.07,-0.03,0.22,2.81,0.85,1.0414,149.8,7.2853,127.9704,21.13,,288.54,,,,,,,
2025-02-28,74.76,69.97,,,,,,0.958,,,4.24,3.99,-0.08,0.25,2.87,0.88,1.0402,150.64,7.2828,128.2805,19.63,-0.4542,345.22,,,,,,,
2025-03-01,,,13.118,9735.823333333334,2651.598571428571,16048.2019047619,51.83486984809524,,215.512,190.263,,,,,,,,,,,,,522.4,468.84279693223056,101.0404,98.7473,158377.0,325.933,125.267,
2025-03-02,,,,,,,,,,,,,,,,,,,,,,,476.54,,,,,,,
2025-03-03,72.85,68.63,,,,,,0.895,,,4.16,3.96,-0.19,0.2,2.94,0.89,1.0496,150.16,7.2843,127.75,22.78,,429.75,,,,,,,
2025-03-04,72.31,68.47,,,,,,0.87,,,4.22,3.96,-0.12,0.26,2.99,0.89,1.0534,148.81,7.2651,127.9966,23.51,,447.53,,,,,,,
2025-03-05,70.92,66.58,,,,,,0.843,,,4.28,3.99,-0.07,0.29,2.88,0.87,1.0768,148.82,7.2506,126.504,21.93,,391.3,,,,,,,
2025-03-06,71.08,66.62,,,,,,0.845,,,4.29,3.96,-0.05,0.33,2.99,0.88,1.0818,147.9,7.2468,126.1099,24.87,,726.26,,,,,,,
2025-03-07,72.49,67.29,,,,,,0.856,,,4.32,3.99,-0.02,0.33,2.97,0.89,1.0859,147.13,7.234,125.9814,23.37,-0.3531,556.7,,,,,,,
2025-03-08,,,,,,,,,,,,,,,,,,,,,,,684.13,,,,,,,
2025-03-09,,,,,,,,,,,,,,,,,,,,,,,714.21,,,,,,,
2025-03-10,71.08,66.31,,,,,,0.836,,,4.22,3.89,-0.11,0.33,3.16,0.91,1.0837,147.15,7.2591,126.268,27.86,,403.78,,,,,,,
2025-03-11,71.51,66.52,,,,,,0.836,,,4.28,3.94,-0.06,0.34,3.22,0.94,1.0927,147.48,7.2278,126.0457,26.92,,704.03,,,,,,,
2025-03-12,72.36,67.65,,,,,,0.851,,,4.32,4.01,-0.03,0.31,3.2,0.96,1.0925,148.32,7.2372,125.8664,24.23,,433.5,,,,,,,
2025-03-13,70.82,66.82,,,,,,0.849,,,4.27,3.94,-0.07,0.33,3.4,0.97,1.0859,147.71,7.2439,126.0031,24.66,,463.36,,,,,,,
2025-03-14,71.94,67.43,,,,,,0.854,,,4.31,4.02,-0.02,0.29,3.25,0.94,1.0872,148.51,7.2377,125.6942,21.77,-0.2121,442.46,,,,,,,
2025-03-15,,,,,,,,,,,,,,,,,,,,,,,494.6,,,,,,,
2025-03-16,,,,,,,,,,,,,,,,,,,,,,,731.78,,,,,,,
2025-03-17,71.93,67.84,,,,,,0.856,,,4.31,4.06,-0.03,0.25,3.18,0.93,1.0922,148.56,7.2327,125.3688,20.51,,649.53,,,,,,,
2025-03-18,71.93,67.49,,,,,,0.85,,,4.29,4.04,-0.05,0.25,3.23,0.93,1.0927,149.49,7.2273,125.488,21.7,,614.24,,,,,,,
2025-03-19,71.94,67.4,,,,,,0.854,,,4.25,3.99,-0.08,0.26,3.19,0.91,1.0877,150.02,7.23,125.8006,19.9,,565.45,,,,,,,
2025-03-20,72.61,68.55,,,,,,0.87,,,4.24,3.95,-0.09,0.29,3.17,0.91,1.0848,148.84,7.2477,125.985,19.8,,458.66,,,,,,,
2025-03-21,72.64,68.52,,,,,,0.889,,,4.25,3.94,-0.08,0.31,3.21,0.92,1.0806,148.98,7.2486,126.2679,19.28,-0.6425,390.35,,,,,,,
2025-03-22,,,,,,,,,,,,,,,,,,,,,,,488.06,,,,,,,
2025-03-23,,,,,,,,,,,,,,,,,,,,,,,538.36,,,,,,,
2025-03-24,73.96,69.46,,,,,,0.905,,,4.34,4.04,0.01,0.3,3.05,0.9,1.0794,150.74,7.2531,126.1956,17.48,,498.84,,,,,,,
2025-03-25,73.78,69.48,,,,,,0.905,,,4.31,3.96,-0.02,0.35,3.09,0.9,1.0804,149.77,7.2569,126.0535,17.15,,472.98,,,,,,,
2025-03-26,74.6,70.05,,,,,,0.919,,,4.35,3.98,0.02,0.37,3.19,0.91,1.0781,150.69,7.2675,126.2364,18.33,,316.49,,,,,,,
2025-03-27,74.72,70.3,,,,,,0.898,,,4.38,3.97,0.05,0.41,3.27,0.91,1.08,150.97,7.2645,126.3626,18.69,,313.11,,,,,,,
2025-03-28,74.69,69.74,,,,,,0.896,,,4.27,3.89,-0.06,0.38,3.47,0.94,1.0826,150.26,7.2628,126.4187,21.65,-0.6219,362.44,,,,,,,
2025-03-29,,,,,,,,,,,,,,,,,,,,,,,284.53,,,,,,,
2025-03-30,,,,,,,,,,,,,,,,,,,,,,,612.15,,,,,,,
2025-03-31,77.23,71.87,,,,,,0.903,,,4.23,3.89,-0.09,0.34,3.55,0.97,1.0796,149.9,7.2567,126.7075,22.28,,426.16,,,,,,,
2025-04-01,77.78,71.61,11.569,9172.69590909091,2367.800454545455,15146.00227272727,52.68513360409091,0.92,218.213,178.033,4.17,3.87,-0.15,0.3,3.5,0.98,1.08,149.4,7.2697,126.4338,21.77,,642.48,623.3520453984211,101.1279,97.4108,158485.0,326.815,125.502,
2025-04-02,77.27,72.12,,,,,,0.921,,,4.2,3.91,-0.12,0.29,3.42,0.96,1.0868,149.98,7.2675,126.3811,21.51,,445.6,,,,,,,
2025-04-03,72.54,67.43,,,,,,0.875,,,4.06,3.71,-0.25,0.35,4.01,1.06,1.1052,146.04,7.2813,124.7316,30.02,,438.93,,,,,,,
2025-04-04,68.36,62.42,,,,,,0.78,,,4.01,3.68,-0.27,0.33,4.45,1.14,1.1014,145.93,7.2803,125.8129,45.31,0.1014,550.44,,,,,,,
2025-04-05,,,,,,,,,,,,,,,,,,,,,,,975.6,,,,,,,
2025-04-06,,,,,,,,,,,,,,,,,,,,,,,773.67,,,,,,,
2025-04-07,66.13,61.05,,,,,,0.768,,,4.15,3.73,-0.14,0.42,4.61,1.2,1.0912,147.96,7.3081,126.8282,46.98,,574.97,,,,,,,
2025-04-08,64.86,60.04,,,,,,0.71,,,4.26,3.71,-0.05,0.55,4.57,1.18,1.0912,147.02,7.3388,126.8668,52.33,,565.99,,,,,,,
2025-04-09,67.3,62.63,,,,,,0.7,,,4.34,3.91,-0.01,0.43,4.37,1.21,1.104,145.09,7.3499,126.628,33.62,,590.08,,,,,,,
2025-04-10,65.37,60.57,,,,,,0.77,,,4.4,3.84,0.06,0.56,4.42,1.18,1.1192,144.34,7.314,125.089,40.72,,623.53,,,,,,,
2025-04-11,66.83,61.91,,,,,,0.79,,,4.48,3.96,0.14,0.52,4.26,1.18,1.1325,143.57,7.2915,124.0163,37.56,0.5879,833.81,,,,,,,
2025-04-12,,,,,,,,,,,,,,,,,,,,,,,589.49,,,,,,,
2025-04-13,,,,,,,,,,,,,,,,,,,,,,,910.15,,,,,,,
2025-04-14,67.18,61.99,,,,,,0.809,,,4.38,3.84,0.05,0.54,4.14,1.15,1.1358,142.96,7.3119,123.6598,30.89,,495.65,,,,,,,
2025-04-15,66.58,61.74,,,,,,0.813,,,4.35,3.84,0.02,0.51,4.09,1.14,1.129,143.1,7.315,123.776,30.12,,371.94,,,,,,,
2025-04-16,67.94,62.88,,,,,,0.858,,,4.29,3.77,-0.04,0.52,4.16,1.13,1.1382,142.56,7.3053,123.2724,32.64,,505.79,,,,,,,
2025-04-17,69.33,65.07,,,,,,0.86,,,4.34,3.81,0.0,0.53,4.02,1.11,1.1364,142.33,7.299,123.1298,29.65,,508.01,,,,,,,
2025-04-18,,,,,,,,,,,,,,,,,1.139,142.22,7.2996,122.9865,,-0.1996,417.47,,,,,,,
2025-04-19,,,,,,,,,,,,,,,,,,,,,,,431.85,,,,,,,
2025-04-20,,,,,,,,,,,,,,,,,,,,,,,526.52,,,,,,,
2025-04-21,,63.48,,,,,,0.844,,,4.42,3.75,0.08,0.67,4.16,1.12,1.1508,140.81,7.2914,122.3145,33.82,,407.95,,,,,,,
2025-04-22,68.93,64.6,,,,,,0.863,,,4.41,3.76,0.08,0.65,3.99,1.11,1.1466,140.87,7.3118,122.4175,30.57,,439.04,,,,,,,
2025-04-23,68.26,62.64,,,,,,0.865,,,4.4,3.81,0.07,0.59,3.75,1.08,1.135,142.64,7.286,123.0252,28.45,,337.82,,,,,,,
2025-04-24,67.5,63.55,,,,,,0.876,,,4.32,3.77,0.0,0.55,3.73,1.06,1.1363,142.64,7.2879,122.9251,26.47,,419.9,,,,,,,
2025-04-25,66.99,63.85,,,,,,0.92,,,4.29,3.74,-0.03,0.55,3.67,1.04,1.1381,143.75,7.2864,122.8858,24.84,-0.2656,515.91,,,,,,,
2025-04-26,,,,,,,,,,,,,,,,,,,,,,,473.09,,,,,,,
2025-04-27,,,,,,,,,,,,,,,,,,,,,,,664.45,,,,,,,
2025-04-28,66.13,63.3,,,,,,0.945,,,4.23,3.67,-0.09,0.56,3.73,1.04,1.1387,142.7,7.2942,122.7176,25.15,,787.79,,,,,,,
2025-04-29,64.04,61.84,,,,,,0.963,,,4.19,3.65,-0.12,0.54,3.74,1.06,1.1396,142.29,7.269,122.5944,24.17,,575.26,,,,,,,
2025-04-30,63.37,59.55,,,,,,0.915,,,4.17,3.6,-0.14,0.57,3.94,1.09,1.1349,142.63,7.2706,122.5921,24.7,,433.1,,,,,,,
2025-05-01,62.37,60.59,11.678,9531.200909090909,2447.344090909091,15350.40318181818,57.30557335772727,0.725,220.551,174.359,4.25,3.7,-0.06,0.55,3.78,1.09,1.1279,145.48,7.2706,123.1405,24.6,,890.82,511.6903036177236,100.9655,97.26,158498.0,327.509,125.79,
2025-05-02,61.57,59.67,,,,,,0.731,,,4.33,3.83,0.0,0.5,3.6,1.06,1.133,144.52,7.2706,122.4962,22.68,-0.3417,592.35,,,,,,,
2025-05-03,,,,,,,,,,,,,,,,,,,,,,,706.16,,,,,,,
2025-05-04,,,,,,,,,,,,,,,,,,,,,,,636.65,,,,,,,
2025-05-05,,58.5,,,,,,0.699,,,4.36,3.83,0.03,0.53,3.6,1.05,1.1315,143.98,7.2706,122.2613,23.64,,346.64,,,,,,,
2025-05-06,62.37,60.42,,,,,,0.714,,,4.3,3.78,-0.03,0.52,3.66,1.05,1.1345,142.76,7.2164,122.0417,24.76,,553.82,,,,,,,
2025-05-07,60.31,59.42,,,,,,0.68,,,4.26,3.78,-0.08,0.48,3.67,1.05,1.1348,143.47,7.225,122.117,23.55,,428.17,,,,,,,
2025-05-08,62.22,61.25,,,,,,0.706,,,4.37,3.9,0.03,0.47,3.51,1.02,1.1249,145.46,7.234,122.7568,22.48,,567.82,,,,,,,
2025-05-09,64.26,62.37,,,,,,0.719,,,4.37,3.88,0.03,0.49,3.53,1.02,1.127,145.15,7.2364,122.5191,21.9,-0.4663,535.71,,,,,,,
2025-05-10,,,,,,,,,,,,,,,,,,,,,,,676.42,,,,,,,
2025-05-11,,,,,,,,,,,,,,,,,,,,,,,777.17,,,,,,,
2025-05-12,65.28,63.32,,,,,,0.775,,,4.45,3.98,0.03,0.47,3.15,0.97,1.1106,148.09,7.2018,123.4863,18.39,,667.23,,,,,,,
2025-05-13,66.93,65.04,,,,,,0.768,,,4.49,4.02,0.08,0.47,3.09,0.94,1.1176,147.75,7.2057,122.9583,18.22,,512.95,,,,,,,
2025-05-14,65.91,64.48,,,,,,0.795,,,4.53,4.05,0.12,0.48,3.1,0.93,1.1206,146.54,7.208,122.6746,18.62,,776.77,,,,,,,
2025-05-15,64.36,63.03,,,,,,0.783,,,4.45,3.96,0.07,0.49,3.2,0.94,1.1189,145.61,7.2067,122.8174,17.83,,469.0,,,,,,,
2025-05-16,65.2,63.84,,,,,,0.783,,,4.43,3.98,0.06,0.45,3.16,0.93,1.1141,146.02,7.209,123.0737,17.24,-0.8961,516.56,,,,,,,
2025-05-17,,,,,,,,,,,,,,,,,,,,,,,581.6,,,,,,,
2025-05-18,,,,,,,,,,,,,,,,,,,,,,,681.45,,,,,,,
2025-05-19,66.25,63.98,,,,,,0.774,,,4.46,3.97,0.07,0.49,3.21,0.92,1.1236,144.99,7.2144,122.4186,18.14,,390.58,,,,,,,
2025-05-20,66.93,63.97,,,,,,0.77,,,4.48,3.97,0.1,0.51,3.2,0.9,1.1254,144.72,7.2194,122.3199,18.09,,408.7,,,,,,,
2025-05-21,65.86,62.93,,,,,,0.769,,,4.58,4.0,0.22,0.58,3.25,0.91,1.1343,143.68,7.2019,121.7496,20.87,,319.48,,,,,,,
2025-05-22,64.87,62.55,,,,,,0.755,,,4.54,4.0,0.17,0.54,3.32,0.92,1.1281,143.89,7.2037,122.0429,20.28,,283.69,,,,,,,
2025-05-23,65.41,62.89,,,,,,0.755,,,4.51,4.0,0.15,0.51,3.4,0.93,1.135,142.61,7.1798,121.3837,22.29,-0.4991,328.74,,,,,,,
2025-05-24,,,,,,,,,,,,,,,,,,,,,,,247.2,,,,,,,
2025-05-25,,,,,,,,,,,,,,,,,,,,,,,353.81,,,,,,,
2025-05-26,,,,,,,,,,,,,,,3.4,0.93,,,,,20.57,,293.68,,,,,,,
2025-05-27,64.32,61.61,,,,,,0.756,,,4.43,3.92,0.08,0.51,3.24,0.91,1.1326,144.37,7.195,121.6099,18.96,,409.58,,,,,,,
2025-05-28,65.72,62.54,,,,,,0.748,,,4.47,3.96,0.12,0.51,3.23,0.9,1.1286,145.04,7.1941,121.9888,19.31,,282.29,,,,,,,
2025-05-29,64.6,61.66,,,,,,0.735,,,4.43,3.92,0.07,0.51,3.22,0.9,1.137,144.09,7.1855,121.5617,19.18,,340.04,,,,,,,
2025-05-30,64.32,61.46,,,,,,0.728,,,4.41,3.89,0.05,0.52,3.31,0.91,1.1347,144.18,7.1991,121.7674,18.57,-0.5364,514.0,,,,,,,
2025-05-31,,,,,,,,,,,,,,,3.32,0.92,,,,,,,389.5,,,,,,,
2025-06-01,,,12.963,9835.068095238095,2525.959047619048,15003.10761904762,59.57652876904762,,219.82,186.387,,,,,,,,,,,,,902.62,368.5934566761253,101.4785,98.7833,158478.0,328.364,126.121,
2025-06-02,66.55,63.27,,,,,,0.723,,,4.46,3.94,0.02,0.52,3.27,0.91,1.1432,142.76,7.1975,121.1881,18.36,,445.03,,,,,,,
2025-06-03,67.48,64.1,,,,,,0.725,,,4.46,3.96,0.03,0.5,3.19,0.89,1.1373,143.93,7.1872,121.4592,17.69,,475.75,,,,,,,
2025-06-04,66.69,63.57,,,,,,0.705,,,4.37,3.87,-0.07,0.5,3.23,0.89,1.1424,142.91,7.1844,121.0539,17.61,,420.42,,,,,,,
2025-06-05,67.14,64.06,,,,,,0.723,,,4.4,3.92,-0.04,0.48,3.18,0.89,1.144,143.87,7.175,120.9596,18.48,,340.8,,,,,,,
2025-06-06,68.02,65.3,,,,,,0.746,,,4.51,4.04,0.08,0.47,3.09,0.87,1.1397,144.87,7.1886,121.161,16.77,-0.806,351.94,,,,,,,
2025-06-07,,,,,,,,,,,,,,,,,,,,,,,367.07,,,,,,,
2025-06-08,,,,,,,,,,,,,,,,,,,,,,,620.59,,,,,,,
2025-06-09,68.73,65.99,,,,,,0.748,,,4.49,4.01,0.05,0.48,3.12,0.87,1.1425,144.37,7.1802,120.9103,17.16,,328.87,,,,,,,
2025-06-10,68.41,65.66,,,,,,0.748,,,4.47,4.01,0.02,0.46,3.12,0.87,1.1423,144.91,7.187,121.0485,16.95,,273.63,,,,,,,
2025-06-11,71.29,68.91,,,,,,0.773,,,4.41,3.94,-0.04,0.47,3.12,0.87,1.149,144.48,7.1928,120.587,17.26,,281.91,,,,,,,
2025-06-12,70.84,68.73,,,,,,0.776,,,4.36,3.9,-0.1,0.46,3.17,0.88,1.1578,143.64,7.1726,120.1723,18.02,,484.65,,,,,,,
2025-06-13,76.0,73.84,,,,,,0.813,,,4.41,3.96,-0.04,0.45,3.18,0.88,1.1557,144.04,7.181,120.3245,20.82,-0.7833,270.05,,,,,,,
2025-06-14,,,,,,,,,,,,,,,,,,,,,,,346.92,,,,,,,
2025-06-15,,,,,,,,,,,,,,,,,,,,,,,534.57,,,,,,,
2025-06-16,75.05,72.53,,,,,,0.809,,,4.46,3.97,0.03,0.49,3.1,0.87,1.1581,144.14,7.179,120.1565,19.11,,340.61,,,,,,,
2025-06-17,78.7,75.62,,,,,,0.809,,,4.39,3.94,-0.03,0.45,3.17,0.88,1.1535,145.04,7.1845,120.5048,21.6,,445.72,,,,,,,
2025-06-18,78.38,75.89,,,,,,0.803,,,4.38,3.94,-0.04,0.44,3.16,0.88,1.1521,144.58,7.1888,120.7305,20.14,,477.28,,,,,,,
2025-06-19,80.37,,,,,,,,,,,,,,3.16,0.88,,,,,22.17,,315.71,,,,,,,
2025-06-20,78.73,75.72,,,,,,0.801,,,4.38,3.9,-0.01,0.48,3.13,0.88,1.152,145.92,7.1785,121.0408,20.62,-0.6519,326.33,,,,,,,
2025-06-21,,,,,,,,,,,,,,,,,,,,,,,252.25,,,,,,,
2025-06-22,,,,,,,,,,,,,,,,,,,,,,,463.29,,,,,,,
2025-06-23,74.34,69.36,,,,,,0.789,,,4.34,3.84,-0.04,0.5,3.12,0.89,1.1538,146.47,7.179,121.1694,19.83,,229.7,,,,,,,
2025-06-24,69.13,65.45,,,,,,0.748,,,4.3,3.75,-0.08,0.55,3.06,0.88,1.1608,144.9,7.1713,120.3645,17.48,,326.19,,,,,,,
2025-06-25,68.4,65.98,,,,,,0.731,,,4.29,3.74,-0.09,0.55,3.04,0.88,1.162,145.59,7.1764,120.3336,16.76,,342.66,,,,,,,
2025-06-26,68.57,66.44,,,,,,0.72,,,4.26,3.7,-0.13,0.56,3.04,0.89,1.1717,144.34,7.1675,119.6451,16.59,,239.86,,,,,,,
2025-06-27,69.37,66.66,,,,,,0.718,,,4.29,3.73,-0.1,0.56,3.02,0.88,1.1724,144.74,7.1721,119.659,16.32,-0.7044,305.07,,,,,,,
2025-06-28,,,,,,,,,,,,,,,,,,,,,,,385.22,,,,,,,
2025-06-29,,,,,,,,,,,,,,,,,,,,,,,583.73,,,,,,,
2025-06-30,68.15,66.3,,,,,,0.72,,,4.24,3.72,-0.17,0.52,2.96,0.86,1.177,144.17,7.1636,119.4088,16.73,,511.44,,,,,,,
2025-07-01,67.63,66.64,12.261,9770.580434782609,2606.370869565217,15034.01869565217,58.94725549434783,0.709,220.9,188.522,4.26,3.78,-0.14,0.48,2.91,0.84,1.1776,143.58,7.1647,119.3436,16.83,,444.86,406.88756978050156,101.894,96.5735,158542.0,328.98,126.43,
2025-07-02,70.8,68.66,,,,,,0.709,,,4.3,3.78,-0.11,0.52,2.88,0.83,1.179,143.76,7.1649,119.3037,16.64,,376.21,,,,,,,
2025-07-03,70.42,68.13,,,,,,0.714,,,4.35,3.88,-0.07,0.47,2.8,0.8,1.1758,144.96,7.1684,119.2382,16.38,,750.31,,,,,,,
2025-07-04,71.03,,,,,,,,,,,,,,2.8,0.8,,,,,17.48,-0.879,631.92,,,,,,,
2025-07-05,,,,,,,,,,,,,,,,,,,,,,,352.05,,,,,,,
2025-07-06,,,,,,,,,,,,,,,,,,,,,,,489.75,,,,,,,
2025-07-07,71.95,69.16,,,,,,0.724,,,4.4,3.9,-0.02,0.5,2.86,0.81,1.1733,145.86,7.1744,119.6201,17.79,,406.62,,,,,,,
2025-07-08,72.5,69.55,,,,,,0.733,,,4.42,3.9,0.0,0.52,2.92,0.82,1.1707,146.81,7.1738,119.8371,16.81,,226.19,,,,,,,
2025-07-09,71.98,69.61,,,,,,0.733,,,4.34,3.86,-0.08,0.48,2.94,0.83,1.1707,146.53,7.18,119.7311,15.94,,270.45,,,,,,,
2025-07-10,70.38,67.78,,,,,,0.725,,,4.35,3.86,-0.07,0.49,2.92,0.83,1.1688,146.46,7.1748,119.8343,15.78,,539.55,,,,,,,
2025-07-11,72.06,69.63,,,,,,0.741,,,4.43,3.9,0.02,0.53,2.97,0.83,1.1696,147.29,7.1681,119.9214,16.4,-0.751,322.44,,,,,,,
2025-07-12,,,,,,,,,,,,,,,,,,,,,,,356.31,,,,,,,
2025-07-13,,,,,,,,,,,,,,,,,,,,,,,347.85,,,,,,,
2025-07-14,70.96,68.19,,,,,,0.718,,,4.43,3.9,0.01,0.53,2.95,0.82,1.1672,147.69,7.167,120.2209,17.2,,379.41,,,,,,,
2025-07-15,70.27,67.76,,,,,,0.718,,,4.5,3.95,0.08,0.55,2.95,0.81,1.1619,148.75,7.1729,120.5105,17.38,,573.74,,,,,,,
2025-07-16,69.67,67.13,,,,,,0.693,,,4.46,3.88,0.05,0.58,3.0,0.81,1.1629,148.08,7.1791,120.4175,17.16,,468.19,,,,,,,
2025-07-17,71.32,68.76,,,,,,0.686,,,4.47,3.91,0.06,0.56,2.91,0.8,1.1597,148.55,7.1832,120.6384,16.52,,444.91,,,,,,,
2025-07-18,71.06,68.53,,,,,,0.7,,,4.44,3.88,0.04,0.56,2.93,0.8,1.1645,148.55,7.1776,120.356,16.41,-0.7163,428.28,,,,,,,
2025-07-19,,,,,,,,,,,,,,,,,,,,,,,405.06,,,,,,,
2025-07-20,,,,,,,,,,,,,,,,,,,,,,,513.08,,,,,,,
2025-07-21,71.92,68.39,,,,,,0.685,,,4.38,3.85,-0.03,0.53,2.89,0.8,1.1705,147.27,7.176,119.9961,16.65,,289.39,,,,,,,
2025-07-22,69.69,67.56,,,,,,0.673,,,4.35,3.83,-0.06,0.52,2.9,0.81,1.1749,146.36,7.1748,119.681,16.5,,220.87,,,,,,,
2025-07-23,69.17,66.05,,,,,,0.693,,,4.4,3.88,-0.01,0.52,2.83,0.79,1.1748,146.55,7.1599,119.5697,15.37,,233.7,,,,,,,
2025-07-24,70.42,67.16,,,,,,0.703,,,4.43,3.91,0.01,0.52,2.82,0.79,1.1765,146.92,7.1541,119.5664,15.39,,301.78,,,,,,,
2025-07-25,69.23,66.38,,,,,,0.703,,,4.4,3.91,-0.02,0.49,2.84,0.78,1.173,147.77,7.1679,119.9857,14.93,-0.8012,227.42,,,,,,,
2025-07-26,,,,,,,,,,,,,,,,,,,,,,,175.31,,,,,,,
2025-07-27,,,,,,,,,,,,,,,,,,,,,,,221.77,,,,,,,
2025-07-28,70.87,67.81,,,,,,0.715,,,4.42,3.91,0.02,0.51,2.82,0.78,1.1609,148.45,7.1778,120.6149,15.03,,282.48,,,,,,,
2025-07-29,73.21,70.27,,,,,,0.718,,,4.34,3.86,-0.06,0.48,2.86,0.79,1.1534,148.57,7.1769,120.9674,15.98,,199.35,,,,,,,
2025-07-30,73.98,71.09,,,,,,0.735,,,4.38,3.94,-0.03,0.44,2.89,0.78,1.147,149.07,7.1934,121.4042,15.48,,274.14,,,,,,,
2025-07-31,73.43,70.36,,,,,,0.724,,,4.37,3.94,-0.04,0.43,2.86,0.79,1.1431,150.6,7.2002,121.721,16.72,,378.15,,,,,,,
2025-08-01,70.55,68.39,11.521,9671.875714285714,2598.735714285714,14948.05666666667,58.96666150047619,0.696,218.114,181.631,4.23,3.69,-0.12,0.54,3.13,0.82,1.1555,148.06,7.2116,121.2122,20.38,-0.6821,563.27,343.339059719265,101.6247,98.8857,158472.0,329.97,126.714,
2025-08-02,,,,,,,,,,,,,,,,,,,,,,,401.51,,,,,,,
2025-08-03,,,,,,,,,,,,,,,,,,,,,,,660.0,,,,,,,
2025-08-04,69.56,67.33,,,,,,0.69,,,4.22,3.69,-0.13,0.53,3.02,0.82,1.1568,147.09,7.178,120.9859,17.52,,259.95,,,,,,,
2025-08-05,69.14,66.2,,,,,,0.675,,,4.22,3.72,-0.12,0.5,2.98,0.82,1.158,147.49,7.1835,120.9082,17.85,,251.56,,,,,,,
2025-08-06,67.97,65.38,,,,,,0.661,,,4.22,3.69,-0.1,0.53,2.98,0.81,1.1647,147.25,7.1822,120.5082,16.77,,229.33,,,,,,,
2025-08-07,66.99,64.9,,,,,,0.649,,,4.23,3.72,-0.09,0.51,2.95,0.8,1.1641,147.35,7.1806,120.5043,16.57,,280.6,,,,,,,
2025-08-08,67.17,64.94,,,,,,0.658,,,4.27,3.76,-0.05,0.51,2.94,0.8,1.166,147.7,7.1839,120.3329,15.15,-0.5721,239.92,,,,,,,
2025-08-09,,,,,,,,,,,,,,,,,,,,,,,190.2,,,,,,,
2025-08-10,,,,,,,,,,,,,,,,,,,,,,,327.82,,,,,,,
2025-08-11,67.36,65.03,,,,,,0.661,,,4.27,3.76,-0.07,0.51,2.94,0.8,1.1607,147.99,7.1884,120.6892,16.25,,309.88,,,,,,,
2025-08-12,66.8,64.22,,,,,,0.66,,,4.29,3.72,-0.04,0.57,2.93,0.79,1.1673,147.8,7.1785,120.2736,14.73,,275.89,,,,,,,
2025-08-13,66.25,63.68,,,,,,0.668,,,4.24,3.67,-0.05,0.57,2.9,0.78,1.1715,147.25,7.1744,120.13,14.49,,241.27,,,,,,,
2025-08-14,68.12,64.99,,,,,,0.674,,,4.29,3.74,-0.01,0.55,2.89,0.77,1.1644,147.69,7.1795,120.6446,14.83,,199.49,,,,,,,
2025-08-15,67.3,63.78,,,,,,0.658,,,4.33,3.75,0.03,0.58,2.88,0.75,1.1708,147.0,7.1817,120.3377,15.09,-0.8205,323.06,,,,,,,
2025-08-16,,,,,,,,,,,,,,,,,,,,,,,274.55,,,,,,,
2025-08-17,,,,,,,,,,,,,,,,,,,,,,,242.09,,,,,,,
2025-08-18,68.18,64.51,,,,,,0.649,,,4.34,3.77,0.01,0.57,2.88,0.75,1.1667,147.76,7.1847,120.5622,14.99,,336.75,,,,,,,
2025-08-19,66.62,63.38,,,,,,0.656,,,4.3,3.75,0.0,0.55,2.9,0.76,1.166,147.72,7.1819,120.7224,15.57,,216.13,,,,,,,
2025-08-20,67.61,64.19,,,,,,0.675,,,4.29,3.74,-0.01,0.55,2.94,0.77,1.1649,147.19,7.1757,120.7757,15.69,,177.74,,,,,,,
2025-08-21,68.41,64.56,,,,,,0.685,,,4.33,3.79,0.01,0.54,2.95,0.77,1.1605,148.35,7.1793,121.0843,16.6,,158.27,,,,,,,
2025-08-22,68.29,64.08,,,,,,0.669,,,4.26,3.68,-0.01,0.58,2.88,0.77,1.1713,146.82,7.1651,120.2774,14.22,-0.7545,155.54,,,,,,,
2025-08-23,,,,,,,,,,,,,,,,,,,,,,,224.66,,,,,,,
2025-08-24,,,,,,,,,,,,,,,,,,,,,,,483.1,,,,,,,
2025-08-25,,65.18,,,,,,0.678,,,4.28,3.73,-0.01,0.55,2.8,0.76,1.167,147.61,7.151,120.4214,14.79,,467.56,,,,,,,
2025-08-26,66.89,63.6,,,,,,0.674,,,4.26,3.61,-0.02,0.65,2.78,0.78,1.1657,147.3,7.152,120.5274,14.62,,441.53,,,,,,,
2025-08-27,67.75,64.49,,,,,,0.68,,,4.24,3.59,-0.02,0.65,2.78,0.78,1.1611,147.75,7.1536,120.7274,14.85,,269.38,,,,,,,
2025-08-28,68.61,64.96,,,,,,0.679,,,4.22,3.62,-0.04,0.6,2.75,0.79,1.1672,146.98,7.1306,120.2595,14.43,,279.5,,,,,,,
2025-08-29,67.83,64.36,,,,,,0.668,,,4.23,3.59,0.0,0.64,2.82,0.8,1.1695,146.9,7.1304,120.2082,15.36,-0.6093,250.15,,,,,,,
2025-08-30,,,,,,,,,,,,,,,,,,,,,,,458.07,,,,,,,
2025-08-31,,,,,,,,,,,,,,,2.84,0.81,,,,,,,326.52,,,,,,,
2025-09-01,67.09,,11.277,9994.773181818182,2654.479090909091,15103.18363636364,62.87544369954545,,219.702,178.79,,,,,2.84,0.81,,,,,16.12,,223.11,308.47823098184006,101.668,98.6785,158548.0,330.804,126.954,
2025-09-02,68.09,65.95,,,,,,0.668,,,4.28,3.66,0.08,0.62,2.92,0.82,1.1653,148.23,7.139,120.6837,17.17,,488.48,,,,,,,
2025-09-03,67.76,64.36,,,,,,0.695,,,4.22,3.61,0.04,0.61,2.88,0.81,1.1676,147.97,7.1415,120.5052,16.35,,185.22,,,,,,,
2025-09-04,66.41,63.81,,,,,,0.683,,,4.17,3.59,0.01,0.58,2.84,0.79,1.1648,148.63,7.1414,120.7629,15.3,,388.69,,,,,,,
2025-09-05,64.92,62.22,,,,,,0.683,,,4.1,3.51,0.03,0.59,2.83,0.79,1.1759,146.84,7.1323,120.1282,15.18,-0.4243,601.23,,,,,,,
2025-09-06,,,,,,,,,,,,,,,,,,,,,,,309.36,,,,,,,
2025-09-07,,,,,,,,,,,,,,,,,,,,,,,301.49,,,,,,,
2025-09-08,65.44,62.6,,,,,,0.683,,,4.05,3.49,-0.05,0.56,2.84,0.8,1.1751,147.58,7.1293,120.0971,15.11,,319.23,,,,,,,
2025-09-09,67.97,62.97,,,,,,0.683,,,4.08,3.54,-0.02,0.54,2.87,0.8,1.1723,147.23,7.1209,120.1569,15.04,,243.41,,,,,,,
2025-09-10,67.62,64.01,,,,,,0.693,,,4.04,3.54,-0.05,0.5,2.84,0.79,1.1714,147.37,7.1207,120.1223,15.35,,280.99,,,,,,,
2025-09-11,67.25,62.71,,,,,,0.674,,,4.01,3.52,-0.07,0.49,2.78,0.78,1.1732,147.17,7.1184,119.9534,14.71,,311.82,,,,,,,
2025-09-12,67.87,63.02,,,,,,0.676,,,4.06,3.56,-0.02,0.5,2.79,0.77,1.1714,147.85,7.1242,120.0611,14.76,-0.5684,268.43,,,,,,,
2025-09-13,,,,,,,,,,,,,,,,,,,,,,,214.76,,,,,,,
2025-09-14,,,,,,,,,,,,,,,,,,,,,,,629.68,,,,,,,
2025-09-15,67.88,63.66,,,,,,0.676,,,4.05,3.54,-0.01,0.51,2.75,0.75,1.1772,147.27,7.1186,119.5644,15.69,,273.8,,,,,,,
2025-09-16,69.69,64.89,,,,,,0.701,,,4.04,3.51,0.0,0.53,2.79,0.76,1.1848,146.56,7.1142,119.1348,16.36,,243.91,,,,,,,
2025-09-17,69.19,64.41,,,,,,0.693,,,4.06,3.52,0.04,0.54,2.79,0.76,1.1845,146.36,7.1033,119.1582,15.72,,400.05,,,,,,,
2025-09-18,67.83,63.91,,,,,,0.69,,,4.11,3.57,0.08,0.54,2.71,0.75,1.178,148.02,7.1125,119.6616,15.7,,284.37,,,,,,,
2025-09-19,67.05,63.02,,,,,,0.69,,,4.14,3.57,0.11,0.57,2.72,0.74,1.1753,147.83,7.1142,119.7858,15.45,-0.595,204.23,,,,,,,
2025-09-20,,,,,,,,,,,,,,,,,,,,,,,187.61,,,,,,,
2025-09-21,,,,,,,,,,,,,,,,,,,,,,,610.55,,,,,,,
2025-09-22,66.87,62.99,,,,,,0.689,,,4.15,3.61,0.15,0.54,2.69,0.74,1.1773,147.83,7.114,119.8152,16.1,,548.21,,,,,,,
2025-09-23,67.96,63.76,,,,,,0.69,,,4.12,3.53,0.12,0.59,2.71,0.75,1.18,147.83,7.1116,119.6202,16.64,,248.3,,,,,,,
2025-09-24,69.64,65.4,,,,,,0.703,,,4.16,3.57,0.14,0.59,2.7,0.75,1.1742,148.71,7.1315,120.1707,16.18,,356.04,,,,,,,
2025-09-25,70.48,65.51,,,,,,0.705,,,4.18,3.64,0.14,0.54,2.76,0.76,1.1673,149.78,7.1338,120.5419,16.74,,190.78,,,,,,,
2025-09-26,71.15,66.5,,,,,,0.708,,,4.2,3.63,0.18,0.57,2.75,0.75,1.1692,149.52,7.1328,120.4349,15.29,-0.5386,409.49,,,,,,,
2025-09-27,,,,,,,,,,,,,,,,,,,,,,,310.97,,,,,,,
2025-09-28,,,,,,,,,,,,,,,,,,,,,,,534.23,,,,,,,
2025-09-29,69.0,64.27,,,,,,0.693,,,4.15,3.63,0.11,0.52,2.74,0.75,1.173,148.57,7.1194,120.115,16.12,,282.61,,,,,,,
2025-09-30,68.52,63.17,,,,,,0.678,,,4.16,3.6,0.14,0.56,2.8,0.76,1.1735,147.97,7.119,120.1368,16.28,,406.64,,,,,,,
2025-10-01,66.67,62.59,10.842,10739.91826086957,2793.086956521739,15092.11434782609,63.95877346,0.673,199.323,169.133,4.12,3.55,0.11,0.57,2.81,0.76,1.1723,147.16,7.12,120.1502,16.29,,307.12,404.8730524836602,101.2195,97.9964,158408.0,,127.243,
2025-10-02,65.44,61.28,,,,,,0.671,,,4.1,3.55,0.08,0.55,2.81,0.75,1.1696,147.35,7.12,120.4296,16.63,,438.91,,,,,,,
2025-10-03,66.13,61.65,,,,,,0.671,,,4.13,3.58,0.1,0.55,2.8,0.75,1.1747,147.33,7.12,120.0881,16.65,-0.4979,306.79,,,,,,,
2025-10-04,,,,,,,,,,,,,,,,,,,,,,,359.09,,,,,,,
2025-10-05,,,,,,,,,,,,,,,,,,,,,,,547.04,,,,,,,
2025-10-06,67.09,62.49,,,,,,0.663,,,4.18,3.6,0.16,0.58,2.76,0.74,1.1707,150.02,7.12,120.2722,16.37,,326.43,,,,,,,
2025-10-07,67.1,62.52,,,,,,0.663,,,4.14,3.57,0.13,0.57,2.82,0.75,1.1674,151.17,7.12,120.4884,17.24,,225.8,,,,,,,
2025-10-08,67.42,63.37,,,,,,0.644,,,4.13,3.58,0.12,0.55,2.84,0.75,1.1606,152.72,7.12,120.7766,16.3,,354.2,,,,,,,
2025-10-09,67.23,62.36,,,,,,0.649,,,4.14,3.6,0.11,0.54,2.95,0.77,1.1559,153.05,7.1275,121.0902,16.43,,391.93,,,,,,,
2025-10-10,64.41,59.75,,,,,,0.611,,,4.05,3.52,0.03,0.53,3.18,0.81,1.1613,151.94,7.134,121.1163,21.66,-0.4871,314.78,,,,,,,
2025-10-11,,,,,,,,,,,,,,,,,,,,,,,230.57,,,,,,,
2025-10-12,,,,,,,,,,,,,,,,,,,,,,,571.89,,,,,,,
2025-10-13,64.15,,,,,,,0.624,,,,,,,3.18,0.81,,,,,19.03,,401.18,,,,,,,
2025-10-14,63.0,59.52,,,,,,0.61,,,4.03,3.48,0.01,0.55,3.11,0.81,1.1608,151.77,7.1384,121.1822,20.81,,444.68,,,,,,,
2025-10-15,62.33,59.08,,,,,,0.62,,,4.05,3.5,0.02,0.55,2.95,0.78,1.1638,151.21,7.1262,120.8642,20.64,,160.15,,,,,,,
2025-10-16,61.08,58.29,,,,,,0.604,,,3.99,3.41,-0.03,0.58,3.04,0.8,1.1665,150.75,7.123,120.6698,25.31,,363.38,,,,,,,
2025-10-17,61.23,58.3,,,,,,0.596,,,4.02,3.46,0.02,0.56,3.04,0.8,1.1674,150.33,7.1264,120.7028,20.78,-0.3704,551.3,,,,,,,
2025-10-18,,,,,,,,,,,,,,,,,,,,,,,304.61,,,,,,,
2025-10-19,,,,,,,,,,,,,,,,,,,,,,,399.42,,,,,,,
2025-10-20,60.71,58.34,,,,,,0.581,,,4.0,3.46,0.03,0.54,2.99,0.79,1.1656,150.59,7.1195,120.6209,18.23,,338.92,,,,,,,
2025-10-21,61.0,58.66,,,,,,0.604,,,3.98,3.45,0.02,0.53,2.97,0.79,1.1616,151.72,7.1218,120.8895,17.87,,279.64,,,,,,,
2025-10-22,62.28,59.3,,,,,,0.619,,,3.97,3.45,0.01,0.52,3.01,0.8,1.1612,151.79,7.1257,120.8958,18.6,,490.22,,,,,,,
2025-10-23,66.32,62.44,,,,,,0.64,,,4.01,3.48,0.06,0.53,2.96,0.78,1.1612,152.72,7.1221,120.9531,17.3,,226.47,,,,,,,
2025-10-24,65.8,62.27,,,,,,0.664,,,4.02,3.48,0.09,0.54,2.88,0.77,1.1626,152.82,7.1211,120.9345,16.37,-0.5119,327.22,,,,,,,
2025-10-25,,,,,,,,,,,,,,,,,,,,,,,198.82,,,,,,,
2025-10-26,,,,,,,,,,,,,,,,,,,,,,,483.74,,,,,,,
2025-10-27,65.52,62.13,,,,,,0.674,,,4.01,3.48,0.12,0.53,2.8,0.76,1.1636,153.09,7.1102,120.7988,15.79,,386.2,,,,,,,
2025-10-28,64.03,60.97,,,,,,0.648,,,3.99,3.47,0.1,0.52,2.82,0.76,1.1659,152.14,7.0988,120.6361,16.42,,269.14,,,,,,,
2025-10-29,65.01,61.26,,,,,,0.65,,,4.08,3.59,0.15,0.49,2.76,0.75,1.1664,151.91,7.098,120.5312,16.92,,260.35,,,,,,,
2025-10-30,65.11,61.36,,,,,,0.651,,,4.11,3.61,0.19,0.5,2.85,0.77,1.1564,154.17,7.1097,121.2832,16.91,,280.03,,,,,,,
2025-10-31,65.44,61.75,,,,,,0.648,,,4.11,3.6,0.22,0.51,2.94,0.8,1.1541,154.05,7.1169,121.3859,17.44,-0.4617,439.77,,,,,,,
2025-11-01,,,11.067,10812.028,2819.0615,14670.7685,62.240225054,,203.324,166.872,,,,,,,,,,,,,495.89,371.09535172579444,101.081,97.2619,158449.0,330.425,127.469,
2025-11-02,,,,,,,,,,,,,,,,,,,,,,,335.63,,,,,,,
2025-11-03,65.79,61.79,,,,,,0.635,,,4.13,3.6,0.15,0.53,3.04,0.83,1.1531,154.13,7.1222,121.4512,17.17,,5.39,,,,,,,
2025-11-04,65.04,61.38,,,,,,0.608,,,4.1,3.58,0.14,0.52,3.13,0.83,1.1491,153.55,7.1295,121.8271,19.0,,285.7,,,,,,,
2025-11-05,63.54,60.4,,,,,,0.589,,,4.17,3.63,0.21,0.54,3.05,0.81,1.1485,154.11,7.126,121.8482,18.01,,300.81,,,,,,,
2025-11-06,63.41,60.24,,,,,,0.58,,,4.11,3.57,0.18,0.54,3.13,0.82,1.1539,152.97,7.1195,121.6948,19.5,,316.74,,,,,,,
2025-11-07,63.72,60.54,,,,,,0.629,,,4.11,3.55,0.19,0.56,3.15,0.84,1.1578,153.06,7.1219,121.388,19.08,-0.312,337.82,,,,,,,
2025-11-08,,,,,,,,,,,,,,,,,,,,,,,598.34,,,,,,,
2025-11-09,,,,,,,,,,,,,,,,,,,,,,,494.36,,,,,,,
2025-11-10,63.01,60.94,,,,,,0.596,,,4.13,3.58,0.18,0.55,3.02,0.82,1.1545,153.99,7.1193,121.2984,17.6,,473.61,,,,,,,
2025-11-11,63.86,,,,,,,0.623,,,,,,,3.02,0.82,,,,,17.28,,332.87,,,,,,,
2025-11-12,61.88,59.3,,,,,,0.61,,,4.08,3.56,0.13,0.52,3.02,0.83,1.1592,154.64,7.112,121.0458,17.51,,224.47,,,,,,,
2025-11-13,62.14,59.54,,,,,,0.598,,,4.11,3.58,0.15,0.53,3.09,0.84,1.1649,154.4,7.095,120.7725,20.0,,475.99,,,,,,,
2025-11-14,63.45,60.87,,,,,,0.606,,,4.14,3.62,0.19,0.52,3.07,0.83,1.1617,154.64,7.0992,120.9666,19.83,-0.5085,302.37,,,,,,,
2025-11-15,,,,,,,,,,,,,,,,,,,,,,,255.94,,,,,,,
2025-11-16,,,,,,,,,,,,,,,,,,,,,,,403.64,,,,,,,
2025-11-17,63.16,60.66,,,,,,0.601,,,4.13,3.6,0.16,0.53,3.13,0.84,1.1598,155.2,7.1075,121.1146,22.38,,575.78,,,,,,,
2025-11-18,64.86,61.51,,,,,,0.604,,,4.12,3.58,0.18,0.54,3.2,0.85,1.1579,155.44,7.1074,121.2127,24.69,,617.41,,,,,,,
2025-11-19,63.78,60.27,,,,,,0.586,,,4.13,3.58,0.18,0.55,3.17,0.84,1.154,156.63,7.1106,121.4978,23.66,,226.6,,,,,,,
2025-11-20,63.64,60.07,,,,,,0.588,,,4.1,3.55,0.16,0.55,3.17,0.85,1.1534,157.41,7.1098,121.6889,26.42,,312.65,,,,,,,
2025-11-21,62.78,58.86,,,,,,0.646,,,4.06,3.51,0.16,0.55,3.19,0.86,1.1506,156.58,7.1066,121.8653,23.43,-0.1331,265.43,,,,,,,
2025-11-22,,,,,,,,,,,,,,,,,,,,,,,182.64,,,,,,,
2025-11-23,,,,,,,,,,,,,,,,,,,,,,,354.59,,,,,,,
2025-11-24,64.83,59.11,,,,,,0.598,,,4.04,3.46,0.13,0.58,3.15,0.85,1.1518,156.94,7.102,121.9171,20.52,,199.1,,,,,,,
2025-11-25,63.99,58.25,,,,,,0.583,,,4.01,3.43,0.11,0.58,3.1,0.84,1.1553,156.3,7.0845,121.6335,18.56,,323.74,,,,,,,
2025-11-26,64.81,58.81,,,,,,0.605,,,4.0,3.45,0.08,0.55,3.0,0.82,1.1591,156.38,7.0758,121.2437,17.19,,231.59,,,,,,,
2025-11-27,64.18,,,,,,,,,,,,,,3.0,0.82,,,,,17.21,,334.67,,,,,,,
2025-11-28,64.07,58.58,,,,,,,,,4.02,3.47,0.14,0.55,2.95,0.82,1.16,156.17,7.0751,121.0527,16.35,-0.396,323.26,,,,,,,
2025-11-29,,,,,,,,,,,,,,,,,,,,,,,168.25,,,,,,,
2025-11-30,,,,,,,,,,,,,,,2.92,0.82,,,,,,,321.03,,,,,,,
2025-12-01,64.22,59.47,9.91,11790.96409090909,2875.897727272727,14879.03,63.51451883318182,0.68,184.402,161.441,4.09,3.54,0.28,0.55,2.94,0.82,1.1623,155.28,7.0717,120.9862,17.24,,257.88,,101.6113,95.7236,158432.0,330.506,127.886,
2025-12-02,63.37,58.81,,,,,,0.666,,,4.09,3.51,0.32,0.58,2.92,0.81,1.1596,155.92,7.07,121.1467,16.59,,292.27,,,,,,,
2025-12-03,63.75,59.09,,,,,,0.681,,,4.06,3.49,0.34,0.57,2.89,0.81,1.166,155.17,7.0636,120.7336,16.08,,357.52,,,,,,,
2025-12-04,64.15,59.82,,,,,,0.679,,,4.11,3.52,0.4,0.59,2.88,0.8,1.1659,154.9,7.0714,120.6766,15.78,,520.11,,,,,,,
2025-12-05,64.42,60.23,,,,,,0.691,,,4.14,3.56,0.43,0.58,2.85,0.79,1.1635,155.3,7.0696,120.6863,15.41,-0.4248,236.11,,,,,,,
2025-12-06,,,,,,,,,,,,,,,,,,,,,,,113.63,,,,,,,
2025-12-07,,,,,,,,,,,,,,,,,,,,,,,354.92,,,,,,,
2025-12-08,63.3,59.04,,,,,,0.691,,,4.17,3.57,0.44,0.6,2.89,0.78,1.1626,155.89,7.071,120.776,16.66,,483.24,,,,,,,
2025-12-09,62.62,58.4,,,,,,0.676,,,4.18,3.61,0.45,0.57,2.89,0.79,1.1639,156.85,7.0633,120.6832,16.93,,583.98,,,,,,,
2025-12-10,63.12,58.67,,,,,,0.676,,,4.13,3.54,0.44,0.59,2.91,0.78,1.165,156.33,7.064,120.6752,15.77,,336.6,,,,,,,
2025-12-11,61.87,57.76,,,,,,0.658,,,4.14,3.52,0.48,0.62,2.88,0.78,1.1756,155.15,7.0579,119.98,14.85,,524.45,,,,,,,
2025-12-12,62.11,57.61,,,,,,0.643,,,4.19,3.52,0.56,0.67,2.91,0.8,1.1731,155.81,7.0548,120.1442,15.74,-0.3583,355.26,,,,,,,
2025-12-13,,,,,,,,,,,,,,,,,,,,,,,629.56,,,,,,,
2025-12-14,,,,,,,,,,,,,,,,,,,,,,,418.09,,,,,,,
2025-12-15,61.55,56.97,,,,,,0.634,,,4.18,3.51,0.53,0.67,2.91,0.8,1.1756,155.29,7.047,119.9561,16.5,,254.98,,,,,,,
2025-12-16,59.93,55.44,,,,,,0.62,,,4.15,3.48,0.51,0.67,2.98,0.81,1.177,154.8,7.0417,119.8902,16.48,,258.94,,,,,,,
2025-12-17,60.61,56.07,,,,,,0.616,,,4.16,3.49,0.52,0.67,2.99,0.81,1.1748,155.6,7.0431,120.155,17.62,,230.87,,,,,,,
2025-12-18,60.69,56.22,,,,,,0.614,,,4.12,3.46,0.5,0.66,2.95,0.81,1.1729,155.53,7.0404,120.0528,16.87,,350.41,,,,,,,
2025-12-19,61.35,56.8,,,,,,0.623,,,4.16,3.48,0.54,0.68,2.9,0.8,1.1721,157.43,7.0409,120.1652,14.91,-0.3387,313.6,,,,,,,
2025-12-20,,,,,,,,,,,,,,,,,,,,,,,283.5,,,,,,,
2025-12-21,,,,,,,,,,,,,,,,,,,,,,,547.81,,,,,,,
2025-12-22,62.22,58.18,,,,,,0.623,,,4.17,3.44,0.53,0.73,2.88,0.8,1.175,156.93,7.0367,119.9912,14.08,,238.58,,,,,,,
2025-12-23,63.7,58.55,,,,,,0.624,,,4.18,3.48,0.53,0.7,2.83,0.79,1.1776,156.33,7.028,119.7057,14.0,,264.35,,,,,,,
2025-12-24,63.7,58.72,,,,,,0.626,,,4.15,3.47,0.46,0.68,2.84,0.79,1.178,155.83,7.0142,119.4372,13.47,,204.03,,,,,,,
2025-12-25,,,,,,,,,,,,,,,,,,,,,,,181.39,,,,,,,
2025-12-26,,56.6,,,,,,,,,4.14,3.46,0.5,0.68,2.86,0.79,1.1766,156.63,7.0063,119.4723,13.6,-0.5794,513.83,,,,,,,
2025-12-27,,,,,,,,,,,,,,,,,,,,,,,281.48,,,,,,,
2025-12-28,,,,,,,,,,,,,,,,,,,,,,,462.89,,,,,,,
2025-12-29,63.1,57.89,,,,,,0.619,,,4.12,3.45,0.44,0.67,2.87,0.79,1.1756,156.1,7.0056,119.5899,14.2,,445.72,,,,,,,
2025-12-30,62.3,57.79,,,,,,0.61,,,4.14,3.45,0.49,0.69,2.84,0.79,1.1765,156.26,6.9961,119.4939,14.33,,305.8,,,,,,,
2025-12-31,61.35,57.26,,,,,,0.61,,,4.18,3.47,0.51,0.71,2.81,0.79,1.1736,156.8,6.9931,119.7456,14.95,,307.63,,,,,,,
2026-01-01,,,10.435,12986.60681818182,3133.982727272727,17710.86363636364,69.71244577045455,,184.206,166.655,,,,,,,,,,,,,288.09,,101.5954,95.7671,158592.0,331.95,128.429,
2026-01-02,61.98,57.21,,,,,,,,,4.19,3.47,0.54,0.72,2.83,0.79,1.1738,156.72,6.9877,119.6059,14.51,-0.563,296.92,,,,,,,
2026-01-03,,,,,,,,,,,,,,,,,,,,,,,314.9,,,,,,,
2026-01-04,,,,,,,,,,,,,,,,,,,,,,,552.46,,,,,,,
2026-01-05,63.0,58.1,,,,,,0.593,,,4.17,3.46,0.53,0.71,2.81,0.79,1.1715,156.32,6.988,119.6192,14.9,,539.83,,,,,,,
2026-01-06,62.1,56.97,,,,,,0.603,,,4.18,3.47,0.55,0.71,2.79,0.79,1.1689,156.7,6.9834,119.7807,14.75,,251.35,,,,,,,
2026-01-07,61.08,56.01,,,,,,0.591,,,4.15,3.47,0.53,0.68,2.79,0.79,1.169,156.73,6.9965,119.8719,15.38,,253.69,,,,,,,
2026-01-08,63.34,57.74,,,,,,0.595,,,4.19,3.49,0.57,0.7,2.76,0.79,1.1655,156.9,6.9835,120.0904,15.45,,474.73,,,,,,,
2026-01-09,65.11,58.96,,,,,,0.608,,,4.18,3.54,0.56,0.64,2.74,0.78,1.1634,158.07,6.9772,120.2215,14.49,-0.6618,231.37,,,,,,,
2026-01-10,,,,,,,,,,,,,,,,,,,,,,,310.71,,,,,,,
2026-01-11,,,,,,,,,,,,,,,,,,,,,,,375.53,,,,,,,
2026-01-12,65.4,59.39,,,,,,0.595,,,4.19,3.54,0.52,0.65,2.74,0.78,1.1672,158.15,6.9731,119.9958,15.12,,281.74,,,,,,,
2026-01-13,67.58,60.85,,,,,,0.606,,,4.18,3.53,0.51,0.65,2.75,0.77,1.1646,159.06,6.9775,120.1401,15.98,,357.58,,,,,,,
2026-01-14,68.87,61.84,,,,,,0.601,,,4.15,3.51,0.48,0.64,2.76,0.77,1.1655,158.13,6.973,119.9537,16.75,,369.14,,,,,,,
2026-01-15,66.16,59.13,,,,,,0.584,,,4.17,3.56,0.49,0.61,2.71,0.76,1.1605,158.5,6.966,119.9951,15.84,,409.97,,,,,,,
2026-01-16,66.97,59.4,,,,,,0.595,,,4.24,3.59,0.57,0.65,2.65,0.75,1.1599,158.02,6.9681,120.0838,15.86,-0.6491,257.45,,,,,,,
2026-01-17,,,,,,,,,,,,,,,,,,,,,,,193.48,,,,,,,
2026-01-18,,,,,,,,,,,,,,,,,,,,,,,349.32,,,,,,,
2026-01-19,66.91,,,,,,,,,,,,,,2.65,0.75,,,,,18.84,,355.15,,,,,,,
2026-01-20,67.68,60.3,,,,,,0.605,,,4.3,3.6,0.6,0.7,2.73,0.75,1.1739,157.89,6.9599,119.4455,20.09,,360.3,,,,,,,
2026-01-21,66.72,60.38,,,,,,0.664,,,4.26,3.6,0.56,0.66,2.69,0.74,1.1705,158.16,6.9637,119.3431,16.9,,541.38,,,,,,,
2026-01-22,65.46,59.24,,,,,,0.664,,,4.26,3.61,0.55,0.65,2.64,0.73,1.1738,158.36,6.97,119.1962,15.64,,474.48,,,,,,,
2026-01-23,68.16,60.7,,,,,,0.648,,,4.24,3.6,0.54,0.64,2.68,0.73,1.1771,157.57,6.9631,118.8976,16.09,-0.7106,308.57,,,,,,,
2026-01-24,,,,,,,,,,,,,,,,,,,,,,,410.43,,,,,,,
2026-01-25,,,,,,,,,,,,,,,,,,,,,,,547.97,,,,,,,
2026-01-26,67.7,60.46,,,,,,0.643,,,4.22,3.56,0.55,0.66,2.69,0.74,1.1886,153.88,6.9542,118.0525,16.15,,289.49,,,,,,,
2026-01-27,70.28,62.04,,,,,,0.646,,,4.24,3.53,0.57,0.71,2.71,0.73,1.198,153.03,6.9545,117.4523,16.35,,402.55,,,,,,,
2026-01-28,70.9,62.75,,,,,,0.653,,,4.26,3.56,0.58,0.7,2.72,0.73,1.1941,153.6,6.9462,117.5117,16.35,,343.94,,,,,,,
2026-01-29,71.0,64.77,,,,,,0.661,,,4.24,3.53,0.57,0.71,2.77,0.74,1.1943,152.88,6.948,117.4396,16.88,,248.94,,,,,,,
2026-01-30,72.25,64.5,,,,,,0.659,,,4.26,3.52,0.59,0.74,2.8,0.74,1.1885,154.34,6.951,117.8996,17.44,-0.6768,211.46,,,,,,,
2026-01-31,,,,,,,,,,,,,,,2.88,0.75,,,,,,,239.36,,,,,,,
2026-02-01,,,10.752,12951.345,3065.1885,17173.1035,71.298196854,,200.511,177.784,,,,,,,,,,,,,298.23,,102.344,98.2368,158459.0,333.242,128.901,
2026-02-02,67.72,61.6,,,,,,0.621,,,4.29,3.57,0.6,0.72,2.81,0.74,1.1807,155.5,6.9463,118.3609,16.34,,196.39,,,,,,,
2026-02-03,70.01,62.62,,,,,,0.628,,,4.28,3.57,0.59,0.71,2.85,0.74,1.1819,155.7,6.9377,117.9764,18.0,,321.6,,,,,,,
2026-02-04,71.15,64.56,,,,,,0.638,,,4.29,3.57,0.6,0.72,2.86,0.75,1.1803,156.61,6.9415,118.2602,18.64,,303.36,,,,,,,
2026-02-05,69.87,62.9,,,,,,0.621,,,4.21,3.47,0.54,0.74,2.97,0.76,1.1802,156.91,6.9378,118.5034,21.77,,291.35,,,,,,,
2026-02-06,70.45,63.77,,,,,,0.62,,,4.22,3.5,0.54,0.72,2.87,0.76,1.1812,157.1,6.9388,118.2407,17.76,-0.6544,176.17,,,,,,,
2026-02-07,,,,,,,,,,,,,,,,,,,,,,,523.6,,,,,,,
2026-02-08,,,,,,,,,,,,,,,,,,,,,,,486.27,,,,,,,
2026-02-09,71.19,64.53,,,,,,0.62,,,4.22,3.48,0.53,0.74,2.84,0.76,1.1898,156.08,6.92,117.6392,17.36,,221.9,,,,,,,
2026-02-10,71.01,64.2,,,,,,0.613,,,4.16,3.45,0.47,0.71,2.86,0.77,1.1898,154.28,6.9106,117.5216,17.79,,205.87,,,,,,,
2026-02-11,71.52,64.8,,,,,,0.618,,,4.18,3.52,0.48,0.66,2.84,0.77,1.1884,152.93,6.9125,117.4601,17.65,,251.66,,,,,,,
2026-02-12,69.8,63.08,,,,,,0.598,,,4.09,3.47,0.39,0.62,2.92,0.78,1.187,152.64,6.901,117.5376,20.82,,438.29,,,,,,,
2026-02-13,69.96,63.05,,,,,,0.598,,,4.04,3.4,0.36,0.64,2.95,0.79,1.187,152.77,6.908,117.5258,20.6,-0.6188,337.34,,,,,,,
2026-02-14,,,,,,,,,,,,,,,,,,,,,,,361.7,,,,,,,
2026-02-15,,,,,,,,,,,,,,,,,,,,,,,343.98,,,,,,,
2026-02-16,70.81,,,,,,,,,,,,,,2.94,0.79,,,,,21.2,,280.85,,,,,,,
2026-02-17,69.77,62.53,,,,,,0.593,,,4.05,3.43,0.36,0.62,2.94,0.8,1.1831,153.57,6.9031,117.7375,20.29,,278.08,,,,,,,
2026-02-18,71.78,65.33,,,,,,0.606,,,4.09,3.47,0.39,0.62,2.86,0.78,1.181,154.45,6.9031,117.8426,19.62,,238.41,,,,,,,
2026-02-19,73.17,66.66,,,,,,0.606,,,4.08,3.47,0.39,0.61,2.88,0.79,1.1762,154.96,6.9031,118.2354,20.23,,493.8,,,,,,,
2026-02-20,72.75,66.69,,,,,,0.615,,,4.08,3.48,0.39,0.6,2.86,0.78,1.1781,154.99,6.9031,117.9917,19.09,-0.4868,473.44,,,,,,,
2026-02-21,,,,,,,,,,,,,,,,,,,,,,,412.53,,,,,,,
2026-02-22,,,,,,,,,,,,,,,,,,,,,,,625.08,,,,,,,
2026-02-23,71.9,66.36,,,,,,0.605,,,4.03,3.43,0.34,0.6,2.95,0.8,1.1804,154.3,6.9031,117.9395,21.01,,695.45,,,,,,,
2026-02-24,71.21,65.62,,,,,,0.585,,,4.04,3.43,0.35,0.61,2.97,0.81,1.1789,155.66,6.883,117.9463,19.55,,672.5,,,,,,,
2026-02-25,70.69,65.3,,,,,,0.603,,,4.05,3.45,0.36,0.6,2.94,0.8,1.1804,156.3,6.8692,117.769,17.93,,369.27,,,,,,,
2026-02-26,71.66,65.1,,,,,,0.615,,,4.02,3.42,0.34,0.6,2.98,0.82,1.1792,156.13,6.8409,117.9042,18.63,,319.09,,,,,,,
2026-02-27,71.32,66.96,,,,,,0.663,,,3.97,3.38,0.3,0.59,3.1,0.85,1.1822,156.05,6.8579,117.8223,19.86,-0.4417,320.15,,,,,,,
2026-02-28,,,,,,,,,,,,,,,3.12,0.86,,,,,,,150.05,,,,,,,
2026-03-01,,,20.812,12528.70954545455,3372.952727272727,17076.29272727273,68.78688868090909,,245.639,213.733,,,,,,,,,,,,,380.69,,101.7898,99.3382,158637.0,334.391,129.279,
2026-03-02,77.24,71.13,,,,,,0.674,,,4.05,3.47,0.33,0.58,3.03,0.85,1.169,157.48,6.8821,118.667,21.44,,440.29,,,,,,,
2026-03-03,83.28,74.48,,,,,,0.71,,,4.06,3.51,0.35,0.55,3.08,0.84,1.1604,157.69,6.8996,119.4341,23.57,,544.62,,,,,,,
2026-03-04,81.56,74.58,,,,,,0.683,,,4.09,3.54,0.38,0.55,2.97,0.82,1.1638,156.93,6.8969,119.0705,21.15,,230.31,,,,,,,
2026-03-05,88.59,80.88,,,,,,0.705,,,4.13,3.57,0.43,0.56,3.0,0.82,1.1585,157.58,6.8912,119.5683,23.75,,387.92,,,,,,,
2026-03-06,95.74,90.77,,,,,,0.74,,,4.15,3.56,0.46,0.59,3.13,0.84,1.1606,157.64,6.8965,119.491,29.49,-0.4278,466.69,,,,,,,
2026-03-07,,,,,,,,,,,,,,,,,,,,,,,392.88,,,,,,,
2026-03-08,,,,,,,,,,,,,,,,,,,,,,,763.29,,,,,,,
2026-03-09,94.35,94.65,,,,,,0.745,,,4.12,3.56,0.41,0.56,3.19,0.85,1.1592,158.08,6.9066,119.5151,25.5,,479.74,,,,,,,
2026-03-10,89.84,83.71,,,,,,0.678,,,4.15,3.57,0.44,0.58,3.06,0.84,1.1648,157.6,6.8766,118.7255,24.93,,288.44,,,,,,,
2026-03-11,90.98,86.8,,,,,,0.701,,,4.21,3.64,0.5,0.57,3.09,0.88,1.1566,158.83,6.8655,119.2885,24.23,,420.76,,,,,,,
2026-03-12,102.38,95.61,,,,,,0.73,,,4.27,3.76,0.55,0.51,3.17,0.91,1.1522,159.21,6.8689,119.8227,27.29,,362.89,,,,,,,
2026-03-13,103.23,98.48,,,,,,0.79,,,4.28,3.73,0.56,0.55,3.28,0.93,1.1444,159.54,6.8961,120.5518,27.19,-0.298,450.36,,,,,,,
2026-03-14,,,,,,,,,,,,,,,,,,,,,,,433.7,,,,,,,
2026-03-15,,,,,,,,,,,,,,,,,,,,,,,486.49,,,,,,,
2026-03-16,101.04,93.39,,,,,,0.724,,,4.23,3.68,0.51,0.55,3.27,0.94,1.1487,159.3,6.8955,120.097,23.51,,243.05,,,,,,,
2026-03-17,108.39,96.01,,,,,,0.724,,,4.2,3.68,0.48,0.52,3.22,0.92,1.1525,159.03,6.8863,119.8328,22.37,,325.21,,,,,,,
2026-03-18,118.09,96.12,,,,,,0.724,,,4.26,3.76,0.53,0.5,3.2,0.91,1.1513,159.48,6.8726,119.9276,25.09,,347.7,,,,,,,
2026-03-19,111.05,96.11,,,,,,0.724,,,4.25,3.79,0.52,0.46,3.27,0.9,1.1515,158.19,6.8998,120.1802,24.06,,372.46,,,,,,,
2026-03-20,118.42,98.71,,,,,,0.724,,,4.39,3.88,0.65,0.51,3.24,0.88,1.1543,159.26,6.8857,120.2757,26.78,-0.3662,308.76,,,,,,,
2026-03-21,,,,,,,,,,,,,,,,,,,,,,,492.11,,,,,,,
2026-03-22,,,,,,,,,,,,,,,,,,,,,,,535.47,,,,,,,
2026-03-23,103.79,89.33,,,,,,0.724,,,4.34,3.83,0.6,0.51,3.19,0.88,1.1587,158.7,6.8807,119.9371,26.15,,348.81,,,,,,,
2026-03-24,108.42,93.18,,,,,,0.724,,,4.39,3.9,0.65,0.49,3.19,0.87,1.1578,158.9,6.8918,120.1295,26.95,,494.5,,,,,,,
2026-03-25,109.14,91.51,,,,,,0.724,,,4.33,3.84,0.6,0.49,3.17,0.87,1.157,159.2,6.9011,120.1282,25.33,,273.75,,,,,,,
2026-03-26,113.39,96.18,,,,,,0.724,,,4.42,3.96,0.69,0.46,3.21,0.88,1.1542,159.65,6.9107,120.389,27.44,,509.77,,,,,,,
2026-03-27,121.47,101.26,,,,,,0.724,,,4.44,3.88,0.71,0.56,3.42,0.91,1.152,160.16,6.9116,120.8851,31.05,-0.1809,301.58,,,,,,,
2026-03-28,,,,,,,,,,,,,,,,,,,,,,,271.21,,,,,,,
2026-03-29,,,,,,,,,,,,,,,,,,,,,,,475.14,,,,,,,
2026-03-30,121.88,104.69,,,,,,0.835,,,4.35,3.82,0.64,0.53,3.46,0.93,1.1454,159.49,6.9119,121.2851,30.61,,381.86,,,,,,,
2026-03-31,126.69,102.86,,,,,,0.765,,,4.3,3.79,0.6,0.51,3.28,0.9,1.1518,159.08,6.898,121.035,25.25,,383.38,,,,,,,
2026-04-01,119.56,101.9,,,,,,0.715,,,4.33,3.81,0.63,0.52,3.16,0.87,1.1614,158.63,6.872,120.1198,24.54,,359.72,,,,,,,
2026-04-02,127.61,113.23,,,,,,0.734,,,4.31,3.79,0.61,0.52,3.17,0.86,1.1546,159.34,6.8856,120.503,23.87,,268.47,,,,,,,
2026-04-03,,,,,,,,,,,4.35,3.84,0.64,0.51,3.13,0.86,1.1523,159.64,6.8824,120.6565,,-0.2396,392.85,,,,,,,
2026-04-04,,,,,,,,,,,,,,,,,,,,,,,294.11,,,,,,,
2026-04-05,,,,,,,,,,,,,,,,,,,,,,,697.34,,,,,,,
2026-04-06,,114.01,,,,,,0.728,,,4.34,3.84,0.62,0.5,3.05,0.85,1.1545,159.71,6.8778,120.4302,24.17,,255.85,,,,,,,
2026-04-07,138.21,114.58,,,,,,0.736,,,4.33,3.81,0.62,0.52,3.12,0.86,1.1571,159.9,6.8567,120.32,25.78,,242.86,,,,,,,
2026-04-08,122.11,96.17,,,,,,0.695,,,4.29,3.79,0.6,0.5,2.94,0.83,1.1686,158.39,6.8287,119.0596,21.04,,245.51,,,,,,,
2026-04-09,119.03,99.62,,,,,,0.695,,,4.29,3.78,0.61,0.51,2.9,0.83,1.1706,158.87,6.8314,118.8998,19.49,,293.56,,,,,,,
2026-04-10,119.07,98.34,,,,,,0.695,,,4.31,3.81,0.62,0.5,2.94,0.82,1.1723,159.22,6.8278,118.8552,19.23,-0.6465,266.88,,,,,,,
2026-04-11,,,,,,,,,,,,,,,,,,,,,,,822.53,,,,,,,
2026-04-12,,,,,,,,,,,,,,,,,,,,,,,347.21,,,,,,,
2026-04-13,123.28,100.72,,,,,,0.77,,,4.3,3.78,0.59,0.52,2.95,0.82,1.171,159.74,6.8303,118.9916,19.12,,383.2,,,,,,,
2026-04-14,118.69,93.07,,,,,,0.754,,,4.26,3.76,0.55,0.5,2.84,0.81,1.1791,158.91,6.8157,118.3581,18.36,,412.74,,,,,,,
2026-04-15,114.93,93.04,,,,,,0.756,,,4.29,3.76,0.58,0.53,2.85,0.8,1.1799,159.02,6.818,118.3623,18.17,,276.62,,,,,,,
2026-04-16,116.63,96.46,,,,,,0.779,,,4.32,3.78,0.62,0.54,2.86,0.81,1.1783,159.07,6.8208,118.3616,17.94,,262.87,,,,,,,
2026-04-17,98.63,85.91,,,,,,0.745,,,4.26,3.71,0.56,0.55,2.83,0.8,1.1801,158.1,6.817,118.0795,17.48,-0.7573,267.26,,,,,,,
2026-04-18,,,,,,,,,,,,,,,,,,,,,,,296.4,,,,,,,
2026-04-19,,,,,,,,,,,,,,,,,,,,,,,379.94,,,,,,,
2026-04-20,103.4,91.06,,,,,,0.76,,,4.26,3.72,0.55,0.54,2.87,0.81,1.1785,158.66,6.8172,118.2374,18.87,,330.63,,,,,,,
2026-04-21,106.14,93.64,,,,,,0.77,,,4.3,3.78,0.61,0.52,2.85,0.8,1.1752,159.39,6.8208,118.4331,19.5,,198.56,,,,,,,
2026-04-22,113.44,94.76,,,,,,0.785,,,4.3,3.79,0.61,0.51,2.84,0.79,1.1714,159.49,6.8275,118.6004,18.92,,209.98,,,,,,,
2026-04-23,113.25,99.27,,,,,,0.83,,,4.34,3.83,0.65,0.51,2.86,0.8,1.1704,159.44,6.826,118.7155,19.31,,457.75,,,,,,,
2026-04-24,111.86,98.42,,,,,,0.82,,,4.31,3.78,0.62,0.53,2.86,0.8,1.1718,159.35,6.8359,118.7294,18.71,-0.678,252.79,,,,,,,
2026-04-25,,,,,,,,,,,,,,,,,,,,,,,565.08,,,,,,,
2026-04-26,,,,,,,,,,,,,,,,,,,,,,,202.05,,,,,,,
2026-04-27,113.89,99.89,,,,,,0.819,,,4.35,3.78,0.67,0.57,2.84,0.81,1.1731,159.29,6.8228,118.5458,18.02,,333.74,,,,,,,
2026-04-28,117.62,103.45,,,,,,0.818,,,4.36,3.84,0.68,0.52,2.85,0.81,1.1715,159.53,6.8374,118.7717,17.83,,386.09,,,,,,,
2026-04-29,124.16,110.47,,,,,,0.845,,,4.42,3.92,0.74,0.5,2.82,0.81,1.1695,160.23,6.8375,119.0975,18.81,,284.51,,,,,,,
2026-04-30,124.24,108.64,,,,,,0.831,,,4.4,3.88,0.72,0.52,2.83,0.81,1.1729,156.66,6.8273,118.671,16.89,,387.2,,,,,,,
2026-05-01,118.26,105.38,,,,,,0.884,,,4.39,3.88,0.71,0.51,2.77,0.81,1.1755,156.76,6.8276,118.3926,16.99,-0.6702,507.12,,,,,,,
2026-05-02,,,,,,,,,,,,,,,,,,,,,,,1062.04,,,,,,,
2026-05-03,,,,,,,,,,,,,,,,,,,,,,,351.19,,,,,,,
2026-05-04,,109.76,,,,,,0.915,,,4.45,3.95,0.75,0.5,2.78,0.8,,,,,18.29,,377.71,,,,,,,
2026-05-05,,,,,,,,,,,4.43,3.93,0.74,0.5,2.77,0.79,,,,,17.38,,539.97,,,,,,,
2026-05-06,,,,,,,,,,,4.36,3.87,0.67,0.49,2.75,0.78,,,,,17.39,,282.79,,,,,,,
