Date,AI.PA,APD,BP.L,ENI.MI,EQNR.OL,LIN,MT.AS,REP.MC,SHEL.L,TKA.DE,TTE.PA
2015-01-02,53.4567756652832,102.23560333251953,407.7634582519531,7.224302768707275,71.67029571533203,105.96891021728516,16.206680297851562,7.730433940887451,2155.511474609375,18.50042724609375,21.952239990234375
2015-01-05,51.80141067504883,98.9666748046875,387.1491394042969,6.620212554931641,69.4116439819336,103.17188262939453,15.585000038146973,7.278624057769775,2068.018310546875,17.999225616455078,20.63845443725586
2015-01-06,51.369117736816406,98.93154907226562,388.49041748046875,6.7093424797058105,70.12781524658203,101.85086822509766,15.58141040802002,7.256282806396484,2067.521484375,18.293792724609375,20.607484817504883
2015-01-07,51.601070404052734,100.00007629394531,391.1726379394531,6.744002342224121,70.78885650634766,102.99248504638672,15.556252479553223,7.293520927429199,2085.914306640625,18.117929458618164,21.074661254882812
2015-01-08,53.773094177246094,102.31291961669922,402.3490905761719,7.006433963775635,71.39483642578125,104.68864440917969,16.125825881958008,7.477224826812744,2130.157958984375,18.76421356201172,21.887710571289062
2015-01-09,52.565826416015625,100.78041076660156,396.0406188964844,6.744002342224121,72.05590057373047,103.27790832519531,15.714371681213379,7.199185371398926,2094.365966796875,18.394906997680664,21.19854736328125
2015-01-12,53.48313903808594,100.08441925048828,393.954345703125,6.778663635253906,69.3014907836914,103.04956817626953,15.320882797241211,7.1545000076293945,2066.527099609375,18.41249656677246,21.30954360961914
2015-01-13,54.01032638549805,99.55722045898438,393.7059631347656,6.8875956535339355,71.119384765625,102.34013366699219,15.272369384765625,7.261246204376221,2065.03662109375,18.025604248046875,21.526351928710938
2015-01-14,53.29862594604492,98.36915588378906,379.6486511230469,6.68458366394043,69.68709564208984,101.59805297851562,14.373995780944824,7.134641170501709,1996.43359375,17.001222610473633,21.069499969482422
2015-01-15,54.45843505859375,98.0387191772461,390.0302429199219,6.932159900665283,72.00081634521484,101.50018310546875,14.59499454498291,7.380405426025391,2054.099853515625,17.717849731445312,21.65540885925293
2015-01-16,54.90653991699219,98.21449279785156,410.6442565917969,7.164884090423584,72.71696472167969,100.7336654663086,15.06035041809082,7.549215316772461,2090.388671875,18.23223876953125,22.352306365966797
2015-01-19,55.30194091796875,,406.2235107421875,7.105465888977051,73.54328918457031,,14.93458080291748,7.579004287719727,2108.782958984375,18.24103355407715,22.225830078125
2015-01-20,55.8818359375,99.38846588134766,409.5018615722656,7.065854549407959,72.11099243164062,101.85901641845703,15.426886558532715,7.680786609649658,2104.805419921875,18.707059860229492,22.491689682006836
2015-01-21,56.01363754272461,100.59761810302734,423.21160888671875,7.313431739807129,74.3696060180664,102.4787368774414,15.628125190734863,7.787532806396484,2151.037353515625,18.825763702392578,22.945966720581055
2015-01-22,56.988929748535156,101.45527648925781,425.5957946777344,7.476830959320068,75.91209411621094,103.93840026855469,15.721556663513184,7.9464111328125,2163.962646484375,19.278602600097656,23.2634334564209
2015-01-23,57.91151809692383,100.8506851196289,429.56964111328125,7.452072620391846,75.7468490600586,103.02508544921875,14.920207023620605,8.020885467529297,2172.4140625,19.740234375,23.717708587646484
2015-01-26,58.965877532958984,100.58354187011719,436.12652587890625,7.521395683288574,74.86542510986328,101.54095458984375,15.23104476928711,8.0606050491333,2198.760498046875,19.854541778564453,24.099708557128906
2015-01-27,58.517765045166016,99.71888732910156,437.71612548828125,7.536249160766602,73.65347290039062,100.46456909179688,15.092690467834473,8.080465316772461,2178.379638671875,19.77540397644043,23.947425842285156
2015-01-28,58.28053665161133,97.59587097167969,430.1161193847656,7.526346206665039,73.26786804199219,99.99977111816406,15.200499534606934,7.8917951583862305,2141.094970703125,20.22385025024414,23.52153968811035
2015-01-29,59.176753997802734,103.3322525024414,422.06915283203125,7.3926544189453125,70.73375701904297,99.03748321533203,14.966922760009766,7.896762371063232,2048.1337890625,19.894113540649414,23.183425903320312
2015-01-30,59.044960021972656,102.36210632324219,421.671630859375,7.3777995109558105,70.73375701904297,98.33621978759766,15.205889701843262,7.787532806396484,2006.375732421875,20.30298614501953,23.48799705505371
2015-02-02,59.6248664855957,103.81730651855469,434.8350524902344,7.471879005432129,74.3696060180664,99.66543579101562,15.34424114227295,7.926549911499023,2057.08203125,20.073272705078125,24.262319564819336
2015-02-03,59.6248664855957,104.33049011230469,446.9054870605469,7.749166011810303,77.95037841796875,100.69288635253906,15.991070747375488,8.311333656311035,2167.4423828125,20.576873779296875,24.92308235168457
2015-02-04,60.0466194152832,104.33749389648438,442.43499755859375,7.640231132507324,75.58158874511719,100.06497192382812,15.640702247619629,8.19714069366455,2144.574462890625,20.31182098388672,24.64948272705078
2015-02-05,60.07297897338867,106.51679992675781,447.15380859375,7.768972396850586,76.9036865234375,101.6143569946289,15.908416748046875,8.221964836120605,2156.505859375,20.621049880981445,24.81983184814453
2015-02-06,59.1504020690918,105.67320251464844,447.6505126953125,7.704601764678955,78.55633544921875,102.13623809814453,15.70358943939209,8.226929664611816,2152.529052734375,20.31182098388672,24.613346099853516
2015-02-09,59.176753997802734,105.28653717041016,454.10809326171875,7.6501359939575195,81.97185516357422,101.96501159667969,16.212068557739258,8.174799919128418,2173.9052734375,20.23672103881836,24.752729415893555
2015-02-10,59.88846969604492,105.65211486816406,443.428466796875,7.635279655456543,78.83180236816406,101.85901641845703,15.964117050170898,8.115219116210938,2140.10107421875,20.26764488220215,24.44300079345703
2015-02-11,59.83574295043945,105.45526123046875,442.8819885253906,7.471879005432129,77.6749496459961,101.40233612060547,15.69640064239502,7.978682041168213,2134.135009765625,20.24997329711914,24.23650550842285
2015-02-12,61.04827117919922,107.00885009765625,441.45794677734375,7.664988040924072,79.10723114013672,102.22596740722656,16.379165649414062,8.164868354797363,2100.637451171875,20.87726402282715,24.44300079345703
2015-02-13,61.127349853515625,107.42362213134766,451.29449462890625,7.8432464599609375,82.52275848388672,103.4736099243164,17.200284957885742,8.405668258666992,2136.930908203125,20.325071334838867,24.455900192260742
2015-02-16,60.60015869140625,,449.00921630859375,7.768972396850586,82.35543823242188,,17.68539810180664,8.375879287719727,2119.530517578125,20.426677703857422,24.321683883666992
2015-02-17,60.15205001831055,107.88056182861328,449.1086120605469,7.78382682800293,81.630615234375,103.93028259277344,17.412294387817383,8.370914459228516,2139.4169921875,20.08652687072754,24.4068546295166
2015-02-18,60.57381820678711,108.16883087158203,448.4130859375,8.046258926391602,81.79786682128906,104.07705688476562,17.744691848754883,8.460283279418945,2141.9033203125,20.475269317626953,24.399112701416016
2015-02-19,60.89011001586914,109.72240447998047,442.8489074707031,8.046258926391602,79.0656967163086,105.08006286621094,17.387144088745117,8.415600776672363,2097.15576171875,20.32065773010254,23.735767364501953
2015-02-20,61.07463455200195,110.83309936523438,443.8424377441406,8.105677604675293,79.1772232055664,105.44699096679688,17.313472747802734,8.375879287719727,2115.0556640625,20.484106063842773,23.764175415039062
2015-02-23,61.100982666015625,109.73650360107422,441.7558898925781,8.140337944030762,78.89842224121094,104.6968002319336,17.175127029418945,8.403185844421387,2102.1279296875,20.25439453125,23.89580535888672
2015-02-24,61.44367218017578,110.3551254272461,445.4820251464844,8.244321823120117,80.68270874023438,104.68864440917969,17.41409683227539,8.480142593383789,2117.541015625,20.559202194213867,24.357820510864258
2015-02-25,61.54909133911133,110.40430450439453,446.5252685546875,8.160144805908203,80.8499984741211,104.85987091064453,17.28113555908203,8.490073204040527,2110.5810546875,20.57245445251465,24.44300079345703
2015-02-26,61.97084045410156,110.10905456542969,445.13421630859375,8.189854621887207,81.40754699707031,104.2972183227539,17.55963706970215,8.522345542907715,2093.67626953125,20.775659561157227,24.391372680664062
2015-02-27,62.26079177856445,109.76459503173828,445.18389892578125,8.259175300598145,80.57117462158203,104.2972183227539,17.554237365722656,8.576960563659668,2106.105712890625,21.018627166748047,24.89985466003418
2015-03-02,62.07627868652344,111.16352844238281,443.79278564453125,8.179949760437012,79.79056549072266,106.23800659179688,17.28293228149414,8.559582710266113,2078.26220703125,21.076051712036133,24.36040687561035
2015-03-03,61.522743225097656,109.70834350585938,445.7303771972656,8.085868835449219,80.18087768554688,105.23499298095703,17.293710708618164,8.480142593383789,2035.5045166015625,20.634300231933594,24.32684326171875
2015-03-04,62.12901306152344,108.78036499023438,448.164794921875,8.085868835449219,79.95783233642578,104.73069763183594,17.14817237854004,8.475177764892578,2032.024658203125,20.590126037597656,24.48687744140625
2015-03-05,62.656185150146484,108.86474609375,449.704833984375,8.125484466552734,80.90572357177734,104.7470932006836,17.41050148010254,8.514898300170898,2028.544189453125,21.067216873168945,24.50493812561035
2015-03-06,62.52439498901367,107.28305053710938,444.1406555175781,8.051209449768066,81.40754699707031,103.5581283569336,17.712352752685547,8.460283279418945,2018.5999755859375,21.778440475463867,24.264904022216797
2015-03-09,62.60347366333008,108.18286895751953,442.8489074707031,8.20965576171875,80.01358795166016,103.52528381347656,18.021400451660156,8.480142593383789,2018.5999755859375,22.030237197875977,24.099708557128906
2015-03-10,61.97084045410156,106.92450714111328,425.3614501953125,8.001694679260254,76.94686889648438,101.97545623779297,17.547054290771484,8.291475296020508,1925.625,21.743101119995117,23.322797775268555
2015-03-11,63.842369079589844,106.36212158203125,422.430419921875,8.13538646697998,76.3335189819336,101.86067962646484,17.651264190673828,8.261683464050293,1925.1278076171875,22.317378997802734,23.46992301940918
2015-03-12,63.631500244140625,107.76106262207031,423.1259460449219,8.085868835449219,76.3335189819336,103.016845703125,17.545255661010742,8.244307518005371,1949.9873046875,22.233449935913086,23.457012176513672
2015-03-13,63.605125427246094,106.85419464111328,415.5745544433594,7.714503765106201,74.88380432128906,101.51628875732422,17.17872428894043,8.077981948852539,1910.7095947265625,22.016986846923828,23.0466251373291
2015-03-16,64.5277099609375,107.29711151123047,414.9286804199219,7.546151161193848,73.8243637084961,101.8770980834961,17.26496696472168,8.068052291870117,1924.630859375,22.48966407775879,23.00791358947754
2015-03-17,64.47499084472656,107.30412292480469,423.1756286621094,7.580812931060791,75.49713897705078,100.7126693725586,17.076305389404297,8.13011360168457,1963.908935546875,21.707759857177734,23.338285446166992
2015-03-18,64.50135040283203,108.73824310302734,433.310302734375,7.694698333740234,76.50082397460938,102.34445190429688,16.90920639038086,8.14997386932373,2011.142578125,21.641498565673828,23.74610137939453
2015-03-19,64.05323028564453,107.02295684814453,438.0795593261719,7.778874397277832,77.28141021728516,100.0484848022461,16.672039031982422,8.23934268951416,2030.532958984375,21.28809356689453,23.991304397583008
2015-03-20,64.21139526367188,107.35330963134766,448.114990234375,8.046258926391602,80.23661041259766,99.97469329833984,16.80499839782715,8.624128341674805,2052.41015625,21.645915985107422,24.590118408203125
2015-03-23,63.68421173095703,106.77687072753906,445.03485107421875,7.976938724517822,79.5117416381836,100.02387237548828,16.652273178100586,8.614198684692383,2082.240966796875,21.55756378173828,24.550905227661133
2015-03-24,64.21139526367188,106.98076629638672,441.3089599609375,7.991791248321533,79.1772232055664,99.67127990722656,16.691801071166992,8.698602676391602,2066.82763671875,21.88887596130371,24.51690673828125
2015-03-25,63.47334289550781,105.91220092773438,445.4820251464844,7.917517185211182,78.78691864013672,98.64627075195312,16.972091674804688,8.639022827148438,2084.726806640625,21.69892692565918,24.318201065063477
2015-03-26,63.130672454833984,106.263671875,443.24639892578125,7.917517185211182,79.67903900146484,98.81848907470703,16.53727912902832,8.666328430175781,2057.381103515625,21.504554748535156,24.362653732299805
2015-03-27,63.34153747558594,107.3814697265625,440.7622985839844,7.9422760009765625,79.95783233642578,98.53148651123047,15.827566146850586,8.559582710266113,2023.074951171875,21.46038246154785,24.36526107788086
2015-03-30,64.0005111694336,108.69597625732422,443.24639892578125,8.0115966796875,79.67903900146484,99.64667510986328,15.91919994354248,8.661362648010254,2040.4765625,22.00373649597168,24.577045440673828
2015-03-31,63.157012939453125,106.91498565673828,433.9065246582031,7.98684024810791,79.6232681274414,99.00708770751953,15.766472816467285,8.6067476272583,1996.723388671875,21.58848762512207,24.197927474975586
2015-04-01,63.367889404296875,106.07396697998047,439.2719421386719,8.041305541992188,80.29238891601562,99.22848510742188,15.565235137939453,8.70356559753418,2019.5946044921875,22.030237197875977,24.24760627746582
2015-04-02,63.157012939453125,106.74537658691406,440.01715087890625,7.962082386016846,,100.26168060302734,15.568833351135254,8.708532333374023,2013.130615234375,21.875627517700195,23.97307014465332
2015-04-06,,107.48746490478516,,,,100.25349426269531,,,,,
2015-04-07,63.947792053222656,106.8443374633789,451.94036865234375,8.26908016204834,85.14339447021484,100.67167663574219,16.18691635131836,8.96670913696289,2082.240966796875,22.396896362304688,24.888185501098633
2015-04-08,63.47334289550781,106.69593811035156,454.374755859375,8.29383659362793,84.8646011352539,100.33545684814453,16.048566818237305,8.902165412902832,1971.3668212890625,22.255535125732422,24.603191375732422
2015-04-09,64.5540542602539,107.45919799804688,460.7337646484375,8.368106842041016,84.80882263183594,100.5076904296875,15.991070747375488,9.051112174987793,1992.7459716796875,22.00373649597168,25.0816593170166
2015-04-10,64.63314056396484,107.36734771728516,469.2291259765625,8.427526473999023,85.92402648925781,100.33545684814453,16.219255447387695,9.011392593383789,2015.119873046875,22.343887329101562,25.371877670288086
2015-04-13,64.4486312866211,106.42027282714844,467.9870910644531,8.472090721130371,85.5894775390625,99.40071105957031,15.960526466369629,9.140483856201172,2027.05224609375,22.600101470947266,25.497379302978516
2015-04-14,64.26411437988281,107.31075286865234,467.9375,8.481993675231934,86.14706420898438,99.22030639648438,16.492361068725586,9.080903053283691,2034.013427734375,22.631025314331055,25.481693267822266
2015-04-15,64.60678100585938,107.67121124267578,472.75628662109375,8.63054084777832,87.65251159667969,99.63027954101562,16.966707229614258,9.167787551879883,2059.86767578125,22.949087142944336,26.00984001159668
2015-04-16,64.05323028564453,107.13409423828125,470.42138671875,8.536460876464844,87.93133544921875,99.41706848144531,16.526500701904297,9.093316078186035,2097.15576171875,22.246700286865234,25.78498077392578
2015-04-17,63.18339920043945,105.90438842773438,476.2836608886719,8.34830379486084,87.15070343017578,98.76929473876953,16.009035110473633,8.98905086517334,2077.269287109375,21.48688316345215,25.554903030395508
2015-04-20,63.789642333984375,106.97859954833984,480.3077087402344,8.427526473999023,87.09497833251953,100.0402603149414,16.11863899230957,9.053596496582031,2109.08984375,21.818199157714844,25.821590423583984
2015-04-21,64.949462890625,107.37442016601562,476.92950439453125,8.38791561126709,85.70098114013672,99.40888977050781,15.874279022216797,9.02877140045166,2088.207275390625,21.78285789489746,25.463390350341797
2015-04-22,64.73858642578125,107.04927062988281,476.68109130859375,8.422574043273926,84.80882263183594,99.43345642089844,16.10785675048828,8.96670913696289,2058.871826171875,21.539894104003906,25.322195053100586
2015-04-23,63.842369079589844,106.4344253540039,481.05291748046875,8.46218490600586,86.70465087890625,99.92549896240234,16.332447052001953,9.043665885925293,2079.755126953125,21.04954719543457,25.316967010498047
2015-04-24,62.893428802490234,106.05276489257812,475.3397216796875,8.432478904724121,86.64889526367188,100.41746520996094,17.169734954833984,9.063525199890137,2054.398681640625,21.48688316345215,25.102575302124023
2015-04-27,63.974159240722656,106.7595443725586,473.8491516113281,8.605781555175781,87.26222229003906,101.3440933227539,17.751882553100586,9.187649726867676,2064.83984375,22.02582359313965,25.71177101135254
2015-04-28,62.893428802490234,108.10233306884766,473.054443359375,8.605781555175781,87.3179931640625,100.68807983398438,17.976476669311523,9.205026626586914,2049.4267578125,22.069997787475586,25.97845458984375
2015-04-29,61.153717041015625,107.33197021484375,465.1553955078125,8.477043151855469,85.5894775390625,102.24609375,17.20207977294922,9.1305513381958,2040.4765625,21.235084533691406,25.32742691040039
2015-04-30,61.57545852661133,101.36711120605469,467.0927734375,8.50675106048584,88.65618896484375,99.98289489746094,17.099658966064453,9.142964363098145,2047.9342041015625,21.080472946166992,25.353574752807617
2015-05-01,,103.60751342773438,465.6024475097656,,,100.65531158447266,,,2048.430908203125,,
2015-05-04,62.52439498901367,104.30009460449219,,8.585976600646973,88.48889923095703,100.26168060302734,17.356597900390625,9.17772102355957,,21.62824249267578,25.16794776916504
2015-05-05,61.18007278442383,102.7664566040039,471.911865234375,8.437430381774902,89.65983581542969,99.14649200439453,17.399721145629883,9.073454856872559,2079.755126953125,21.341108322143555,24.93001937866211
2015-05-06,61.54909133911133,102.86541748046875,470.2723388671875,8.432478904724121,88.87924194335938,98.27728271484375,17.1984806060791,9.150412559509277,2070.805908203125,21.28809356689453,25.018911361694336
2015-05-07,61.3118782043457,103.31773376464844,454.2386474609375,8.303738594055176,85.75672149658203,99.03166198730469,16.761877059936523,8.850032806396484,2031.5269775390625,21.39853286743164,24.45416259765625
2015-05-08,63.578765869140625,104.5757064819336,458.4122619628906,8.53150749206543,86.87191772460938,99.23670959472656,17.261295318603516,9.02877140045166,2060.3642578125,21.94631004333496,25.099956512451172
2015-05-11,62.656185150146484,103.19049835205078,454.8348388671875,8.457237243652344,87.54100799560547,97.70326232910156,17.443071365356445,9.031253814697266,2040.4765625,21.968393325805664,24.846342086791992
2015-05-12,61.759971618652344,102.10919952392578,453.19525146484375,8.407720565795898,87.87557220458984,96.62907409667969,18.060009002685547,8.994014739990234,2022.0802001953125,22.59126853942871,24.56658363342285
2015-05-13,61.496368408203125,102.44137573242188,453.1454772949219,8.412673950195312,88.60041809082031,96.6044921875,17.84334373474121,8.971673965454102,2034.013427734375,22.604520797729492,24.592731475830078
2015-05-14,62.39259719848633,104.32833862304688,453.9404602050781,8.541411399841309,,98.90047454833984,18.866060256958008,9.013876914978027,2007.4666748046875,23.23622703552246,24.75222396850586
2015-05-15,61.839054107666016,104.9361572265625,449.5680847167969,8.392867088317871,86.14706420898438,100.3682861328125,19.04967498779297,8.887269973754883,1980.6142578125,22.843067169189453,24.299901962280273
2015-05-18,62.5126838684082,104.54740142822266,449.46868896484375,8.403108596801758,84.64151763916016,99.91728973388672,18.59064483642578,8.859960556030273,1970.6685791015625,22.657529830932617,24.404478073120117
2015-05-19,63.88687515258789,104.25061798095703,449.518310546875,8.572092056274414,83.91670989990234,99.49087524414062,18.50801658630371,8.926989555358887,1960.22607421875,22.62660789489746,24.736534118652344
2015-05-20,63.83300018310547,103.9749984741211,449.26995849609375,8.597696304321289,84.02957916259766,99.6138916015625,18.618183135986328,8.994014739990234,1959.2313232421875,22.40573501586914,24.786211013793945
2015-05-21,63.96770095825195,104.58984375,455.133056640625,8.63354206085205,85.44039916992188,99.92549896240234,18.56310272216797,9.026288986206055,1974.149658203125,22.264371871948242,25.005842208862305
2015-05-22,63.88687515258789,103.72762298583984,454.8845520019531,8.628422737121582,84.9324951171875,100.0484848022461,18.3886661529541,9.033734321594238,1959.7288818359375,22.021404266357422,24.958776473999023
2015-05-25,63.77910614013672,,,8.449193000793457,,,18.50801658630371,8.862445831298828,,,24.86203956604004
2015-05-26,63.13241195678711,103.21171569824219,448.87249755859375,8.423590660095215,82.84445190429688,99.76969146728516,18.56310272216797,8.770591735839844,1920.4449462890625,21.645915985107422,24.485538482666016
2015-05-27,64.74913787841797,104.27180480957031,451.55560302734375,8.541367530822754,82.78801727294922,99.65489196777344,18.76507568359375,8.830170631408691,1946.7999267578125,22.131845474243164,24.786211013793945
2015-05-28,64.69523620605469,104.73829650878906,450.4623718261719,8.485040664672852,82.28013610839844,100.65531158447266,18.370309829711914,8.708532333374023,1943.3187255859375,21.78285789489746,24.537824630737305
2015-05-29,63.21324157714844,103.7205810546875,447.92840576171875,8.392865180969238,82.28013610839844,100.74549102783203,17.806625366210938,8.609232902526855,1932.37890625,21.3101863861084,24.041057586669922
2015-06-01,63.294090270996094,104.20822143554688,444.5993957519531,8.336539268493652,81.32077026367188,100.41746520996094,17.689111709594727,8.601785659790039,1911.9910888671875,21.367610931396484,24.05413055419922
2015-06-02,62.53962326049805,104.70291900634766,447.1333923339844,8.362141609191895,83.4652099609375,100.48308563232422,18.361125946044922,8.656399726867676,1923.427978515625,21.327852249145508,24.135181427001953
2015-06-03,63.15935134887695,104.83718872070312,446.73590087890625,8.34677791595459,82.78801727294922,101.30379486083984,18.921142578125,8.658881187438965,1927.406494140625,21.729848861694336,24.250228881835938
2015-06-04,62.485740661621094,103.13398742675781,437.394775390625,8.182915687561035,81.09500885009766,100.11605072021484,18.361125946044922,8.507450103759766,1891.10595703125,21.301347732543945,23.792673110961914
2015-06-05,61.43487548828125,102.88662719726562,440.5747375488281,8.106106758117676,82.05438995361328,100.11605072021484,18.157320022583008,8.46524715423584,1892.1004638671875,21.173240661621094,23.821434020996094
2015-06-08,60.81513595581055,102.15160369873047,439.1337890625,8.04977798461914,81.88512420654297,100.45420837402344,17.836002349853516,8.380843162536621,1891.6031494140625,20.766826629638672,23.418624877929688
2015-06-09,61.00374984741211,102.07386779785156,438.5872802734375,8.080501556396484,81.15144348144531,100.59443664550781,18.18669891357422,8.365949630737305,1872.70703125,20.68731117248535,23.362972259521484
2015-06-10,62.32407760620117,103.14105224609375,440.7734680175781,8.362141609191895,82.56230926513672,101.46049499511719,18.370309829711914,8.45779800415039,1888.122314453125,21.155569076538086,23.86383056640625
2015-06-11,63.15935134887695,103.32478332519531,444.00311279296875,8.3775053024292,82.44942474365234,101.65019226074219,17.872722625732422,8.490073204040527,1886.630615234375,20.96561622619629,24.062593460083008
2015-06-12,61.91989517211914,102.44137573242188,434.8607482910156,8.213640213012695,80.69998931884766,101.60072326660156,17.667076110839844,8.385809898376465,1847.84375,20.766826629638672,23.61737632751465
2015-06-15,60.76124954223633,101.86182403564453,432.3265686035156,8.060018539428711,79.57133483886719,99.98407745361328,17.523862838745117,8.251755714416504,1844.3629150390625,20.400171279907227,23.259620666503906
2015-06-16,61.05763244628906,102.97846221923828,429.69329833984375,8.065140724182129,79.51485443115234,100.41299438476562,17.376976013183594,8.28154468536377,1840.384521484375,20.4664363861084,23.270217895507812
2015-06-17,60.89596939086914,103.3035888671875,432.27703857421875,8.060018539428711,80.98214721679688,101.1800308227539,17.13644027709961,8.276579856872559,1834.417724609375,20.30298614501953,23.52727508544922
2015-06-18,61.300148010253906,103.84776306152344,431.7304382324219,8.111227989196777,80.13563537597656,102.10387420654297,16.800432205200195,8.306750297546387,1833.920166015625,20.6077938079834,23.47957420349121
2015-06-19,61.030704498291016,102.59683990478516,428.6498107910156,8.213640213012695,81.15144348144531,101.45223999023438,16.892236709594727,8.25050163269043,1833.42333984375,21.102556228637695,23.386823654174805
2015-06-22,63.94077682495117,103.07740020751953,436.6494140625,8.607935905456543,80.6435775756836,101.7409439086914,17.167654037475586,8.483160972595215,1864.7509765625,21.491302490234375,24.073183059692383
2015-06-23,64.47966766357422,102.38484191894531,436.2023010253906,8.613057136535645,80.92573547363281,101.86463928222656,17.288837432861328,8.46782112121582,1845.357421875,21.517807006835938,24.40444564819336
2015-06-24,64.26410675048828,101.57208251953125,439.33251953125,8.63354206085205,82.39298248291016,101.0315933227539,17.40635108947754,8.447367668151855,1888.122314453125,21.544313430786133,24.650901794433594
2015-06-25,64.42578887939453,100.9430923461914,439.53131103515625,8.623298645019531,81.2078857421875,100.8006362915039,17.12359046936035,8.442255973815918,1872.70703125,21.46038246154785,24.61644744873047
2015-06-26,64.6413345336914,100.41305541992188,434.8109130859375,8.618179321289062,81.71578979492188,100.281005859375,17.06483268737793,8.46782112121582,1847.84375,21.614988327026367,24.603200912475586
2015-06-29,62.35100173950195,97.47037506103516,424.8736572265625,8.244366645812988,80.3049545288086,98.40042114257812,16.55990219116211,8.109881401062012,1809.0572509765625,21.22624969482422,23.659778594970703
2015-06-30,61.13847351074219,97.25713348388672,417.51995849609375,8.152193069458008,79.06341552734375,98.60663604736328,16.034774780273438,8.053633689880371,1776.7347412109375,20.61663055419922,23.092666625976562
2015-07-01,62.377952575683594,98.4583740234375,416.52630615234375,8.223882675170898,77.652587890625,98.38394927978516,16.157793045043945,8.21470832824707,1793.6419677734375,20.9832820892334,23.26226806640625
2015-07-02,61.5965461730957,97.64807891845703,434.6620178222656,8.141949653625488,79.40200805664062,98.07051849365234,15.930118560791016,8.230049133300781,1806.57080078125,20.65196990966797,23.270217895507812
2015-07-03,61.48876190185547,,431.6807556152344,8.05489730834961,77.87834167480469,,15.983363151550293,8.178915023803711,1802.09521484375,20.590126037597656,23.20661163330078
2015-07-06,60.38401412963867,96.74534606933594,426.8113708496094,7.77325963973999,76.7496109008789,97.2126693725586,15.476593971252441,7.951366424560547,1778.2259521484375,20.196962356567383,22.73756217956543
2015-07-07,58.821197509765625,97.32111358642578,415.92999267578125,7.48649787902832,75.90312957763672,97.74058532714844,14.485095024108887,7.790295600891113,1743.4176025390625,19.273700714111328,22.263195037841797
2015-07-08,59.144535064697266,94.52770233154297,420.5509338378906,7.629878520965576,77.70901489257812,95.75276947021484,14.929435729980469,7.869554042816162,1791.6524658203125,19.64035415649414,22.39039421081543
2015-07-09,60.97681427001953,94.00884246826172,423.3832092285156,7.91151762008667,77.93475341796875,95.67855072021484,15.00838565826416,8.10732650756836,1794.6361083984375,20.037933349609375,22.95221710205078
2015-07-10,62.83603286743164,96.6174087524414,424.3271179199219,8.116348266601562,77.87834167480469,96.80854034423828,15.237903594970703,8.319533348083496,1812.0401611328125,20.678478240966797,23.50342559814453
2015-07-13,64.0216064453125,97.01547241210938,426.11578369140625,8.126588821411133,76.86251831054688,97.71582794189453,15.472923278808594,8.442255973815918,1808.0623779296875,21.164403915405273,23.67832374572754
2015-07-14,64.04854583740234,97.51300811767578,426.463623046875,8.111227989196777,79.51485443115234,98.37567901611328,15.41417121887207,8.46270751953125,1827.953369140625,21.235084533691406,23.903579711914062
2015-07-15,64.47966766357422,97.73336029052734,424.4263916015625,8.208520889282227,79.51485443115234,97.89728546142578,15.270949363708496,8.521514892578125,1814.52685546875,21.15114974975586,23.983081817626953
2015-07-16,64.96468353271484,97.42771911621094,419.35845947265625,8.223882675170898,79.79704284667969,97.50138092041016,15.259934425354004,8.654459953308105,1825.46728515625,21.526643753051758,24.24279022216797
2015-07-17,65.07245635986328,96.81644439697266,414.3400573730469,8.167556762695312,78.55550384521484,96.5115966796875,15.122225761413574,8.570090293884277,1804.084228515625,21.72101402282715,24.189794540405273
2015-07-20,65.20719146728516,96.12698364257812,413.9921875,8.208520889282227,78.16046142578125,96.26414489746094,15.113046646118164,8.575203895568848,1809.0572509765625,22.0125732421875,24.203052520751953
2015-07-21,64.77606201171875,94.8475570678711,411.40850830078125,8.208520889282227,79.06341552734375,95.18367004394531,15.386626243591309,8.495946884155273,1825.9639892578125,21.72101402282715,24.081134796142578
2015-07-22,64.10244750976562,94.39264678955078,404.0547790527344,8.116348266601562,77.53970336914062,94.97743225097656,14.878024101257324,8.380892753601074,1777.2318115234375,21.39853286743164,23.654476165771484
2015-07-23,63.83300018310547,94.32868194580078,398.48980712890625,8.126588821411133,77.42684173583984,95.01866912841797,14.810087203979492,8.26072883605957,1774.2484130859375,21.20416259765625,23.654476165771484
2015-07-24,63.34797286987305,92.44509887695312,392.22930908203125,8.100982666015625,75.79024505615234,93.18758392333984,14.437355995178223,8.138006210327148,1745.904052734375,20.824254989624023,23.450424194335938
2015-07-27,61.8929443359375,91.56372833251953,384.8755187988281,7.834706783294678,73.58935546875,92.2308120727539,14.332696914672852,7.943697452545166,1726.0133056640625,20.121870040893555,22.779958724975586
2015-07-28,62.64740753173828,94.40689849853516,390.19207763671875,8.070260047912598,74.60516357421875,95.16715240478516,14.762348175048828,8.045964241027832,1730.489013671875,20.27648162841797,22.904510498046875
2015-07-29,62.24322509765625,95.34510803222656,396.1048583984375,8.111227989196777,77.53970336914062,95.62078857421875,15.037764549255371,8.189138412475586,1754.8541259765625,20.32065773010254,23.487529754638672
2015-07-30,63.07852554321289,101.17357635498047,398.48980712890625,8.152193069458008,79.68417358398438,94.2516098022461,14.940448760986328,7.861881256103516,1828.947998046875,20.26764488220215,23.82938575744629
2015-07-31,63.88687515258789,101.29444885253906,392.9747314453125,8.172675132751465,77.99118041992188,94.1443862915039,15.166290283203125,7.823530673980713,1829.9425048828125,20.395753860473633,23.890335083007812
2015-08-03,64.5335693359375,103.68976593017578,388.99957275390625,8.162434577941895,76.7496109008789,93.72370910644531,14.94596004486084,7.818416118621826,1821.98583984375,20.386919021606445,23.82408332824707
2015-08-04,64.82996368408203,103.83904266357422,387.9560852050781,8.080501556396484,77.03181457519531,93.52576446533203,15.230557441711426,7.695695877075195,1820.494384765625,20.83308982849121,23.66507911682129
2015-08-05,65.71915435791016,104.80570220947266,392.5770263671875,8.269968032836914,78.49909210205078,93.52576446533203,15.96133041381836,7.762169361114502,1850.8272705078125,21.319019317626953,24.0970401763916
2015-08-06,65.53054809570312,104.50006103515625,380.8643798828125,8.19827938079834,76.58031463623047,93.4845199584961,15.878704071044922,7.736602306365967,1863.259033203125,21.168821334838867,24.006935119628906
2015-08-07,64.96468353271484,103.91011810302734,383.2497253417969,8.259727478027344,78.32978820800781,93.32781982421875,15.952150344848633,7.731490612030029,1875.193359375,21.06279945373535,24.271942138671875
2015-08-10,65.66525268554688,105.44539642333984,383.150390625,8.30069351196289,77.03181457519531,95.24136352539062,15.996216773986816,7.820975303649902,1869.2264404296875,21.239501953125,24.32229232788086
2015-08-11,63.80603790283203,104.27262878417969,378.18072509765625,8.157313346862793,75.84669494628906,94.01240539550781,15.280132293701172,7.672684669494629,1856.79443359375,20.61663055419922,24.118244171142578
2015-08-12,61.812110900878906,103.3343734741211,381.2620544433594,7.97296667098999,76.80609130859375,93.57525634765625,14.900057792663574,7.567859649658203,1867.237548828125,19.65802574157715,23.604129791259766
2015-08-13,62.431846618652344,103.59024047851562,380.8146667480469,8.05489730834961,77.03181457519531,93.7567138671875,14.626474380493164,7.537179946899414,1811.8416748046875,19.578506469726562,23.5219783782959
2015-08-14,62.270172119140625,104.3010482788086,376.9384460449219,7.962724685668945,75.544921875,94.02064514160156,14.59158706665039,7.4425835609436035,1787.4718017578125,19.543169021606445,23.320568084716797
2015-08-17,62.189334869384766,104.31525421142578,375.8451843261719,7.957605838775635,75.2018051147461,94.02892303466797,14.631983757019043,7.447694301605225,1783.4930419921875,19.481325149536133,23.57762336730957
2015-08-18,62.00071716308594,103.79635620117188,371.4719543457031,7.88079309463501,74.22960662841797,93.62474822998047,14.507126808166504,7.35821008682251,1754.6468505859375,18.995397567749023,23.188066482543945
2015-08-19,60.572628021240234,102.81549835205078,365.260009765625,7.6452412605285645,73.20023345947266,92.72572326660156,14.09583854675293,7.220148086547852,1719.8321533203125,18.41227912902832,22.772005081176758
2015-08-20,59.360103607177734,99.78046417236328,367.3472900390625,7.517223358154297,71.88491821289062,92.09059143066406,14.094002723693848,7.110208511352539,1729.2816162109375,17.864503860473633,22.55204963684082
2015-08-21,57.66256332397461,97.72624969482422,355.0229187011719,7.312394618988037,70.56959533691406,89.5831298828125,13.532153129577637,6.877548694610596,1677.060546875,17.268138885498047,21.772933959960938
2015-08-24,54.83332443237305,94.05147552490234,329.03228759765625,6.728630065917969,66.50928497314453,86.90250396728516,12.248709678649902,6.271609306335449,1570.62744140625,16.1063289642334,20.05303955078125
2015-08-25,57.36616516113281,95.82133483886719,333.30596923828125,7.076841354370117,67.59584045410156,84.95597839355469,12.693045616149902,6.506826400756836,1610.4149169921875,16.932409286499023,20.720861434936523
2015-08-26,55.69556427001953,97.93949127197266,329.181396484375,6.907857418060303,68.16769409179688,85.8219985961914,12.259725570678711,6.34830904006958,1566.648681640625,16.623178482055664,19.984142303466797
2015-08-27,57.55478286743164,99.97232818603516,349.0594482421875,7.343116283416748,69.82614135742188,86.76228332519531,12.997843742370605,6.6806817054748535,1644.7327880859375,17.321149826049805,21.295923233032227
2015-08-28,58.01284408569336,99.98657989501953,358.302734375,7.378965377807617,72.51399230957031,87.58714294433594,13.31549072265625,6.754826068878174,1686.0126953125,17.22838020324707,21.8259334564209
2015-08-31,57.58171844482422,99.17625427246094,,7.491619110107422,70.85552215576172,87.22421264648438,12.740788459777832,6.522166728973389,,17.07377052307129,21.627178192138672
2015-09-01,56.74643325805664,96.61030578613281,347.2703857421875,7.363600254058838,70.39804077148438,84.44457244873047,12.382743835449219,6.2869486808776855,1629.3145751953125,16.49949073791504,21.417829513549805
2015-09-02,57.123661041259766,98.76402282714844,343.19537353515625,7.399445056915283,70.22648620605469,84.91470336914062,12.254218101501465,6.18212366104126,1622.3515625,16.41555404663086,21.23232078552246
2015-09-03,58.28229522705078,99.22602081298828,353.6810302734375,7.578670978546143,72.51399230957031,85.55841827392578,12.674686431884766,6.253711700439453,1650.70068359375,16.919157028198242,21.963729858398438
2015-09-04,56.47697448730469,96.59609985351562,335.8404846191406,7.399445056915283,69.19707489013672,84.25439453125,11.934734344482422,6.028722763061523,1596.4896240234375,16.115163803100586,21.179317474365234
2015-09-07,57.123661041259766,,333.9521789550781,7.450654029846191,68.68241882324219,,11.967785835266113,5.985257625579834,1595.4949951171875,16.358129501342773,21.184616088867188
2015-09-08,57.4200553894043,98.97726440429688,338.12646484375,7.5069804191589355,69.59740447998047,86.60496520996094,12.103653907775879,5.998040676116943,1620.8597412109375,16.486234664916992,21.393972396850586
2015-09-09,58.120628356933594,97.53434753417969,340.41253662109375,7.6093950271606445,70.68397521972656,86.62986755371094,12.191787719726562,6.072185039520264,1633.293701171875,16.605510711669922,21.57682991027832
2015-09-10,57.042823791503906,97.02967071533203,333.2564697265625,7.5069804191589355,68.2820816040039,87.36908721923828,11.699712753295898,5.88043212890625,1605.44189453125,16.300701141357422,21.171361923217773
2015-09-11,56.53086853027344,96.9657211303711,331.4673156738281,7.450654029846191,67.08116149902344,87.02020263671875,11.558332443237305,5.709131717681885,1603.452392578125,16.01797866821289,21.03620719909668
2015-09-14,56.36919403076172,96.29756927490234,329.9764099121094,7.4199299812316895,66.79522705078125,86.72122955322266,11.216813087463379,5.675895690917969,1598.9764404296875,15.911958694458008,21.07596778869629
2015-09-15,56.77337646484375,96.39707946777344,336.6355285644531,7.5837907791137695,68.39645385742188,87.79267120361328,11.459179878234863,5.747482776641846,1618.372802734375,15.93846321105957,21.722579956054688
2015-09-16,57.123661041259766,98.57211303710938,343.7420959472656,7.737414360046387,70.62677764892578,89.24620056152344,11.593215942382812,5.872760772705078,1649.2086181640625,15.995890617370605,22.329442977905273
2015-09-17,56.88115310668945,98.82084655761719,343.5928955078125,7.675965309143066,70.96991729736328,88.9139633178711,11.411441802978516,5.803731441497803,1635.7802734375,15.77943229675293,22.255247116088867
2015-09-18,55.66862487792969,95.6720962524414,331.4176025390625,7.430171966552734,69.31147003173828,87.31925201416016,10.884477615356445,5.5224928855896,1573.6116943359375,15.196316719055176,21.611278533935547
2015-09-21,56.77337646484375,95.86398315429688,331.51702880859375,7.588149547576904,69.71177673339844,87.41890716552734,10.664144515991211,5.479028701782227,1569.135498046875,15.090295791625977,21.635129928588867
2015-09-22,54.9949951171875,94.26473236083984,323.21795654296875,7.293259143829346,68.8539810180664,85.90726470947266,10.032522201538086,5.210573673248291,1527.358154296875,14.361400604248047,21.073318481445312
2015-09-23,54.9949951171875,92.74361419677734,327.44195556640625,7.393307685852051,68.45364379882812,83.58992767333984,9.678149223327637,5.128758907318115,1552.72265625,14.17586612701416,21.531774520874023
2015-09-24,54.186641693115234,92.01863098144531,320.9318542480469,7.145811557769775,67.48147583007812,83.88895416259766,9.395389556884766,5.144100666046143,1514.42724609375,13.910813331604004,20.991161346435547
2015-09-25,56.01891326904297,90.71790313720703,331.2685546875,7.36698055267334,69.99771881103516,83.82247924804688,9.246663093566895,5.161996841430664,1543.77099609375,14.083096504211426,21.40457534790039
2015-09-28,54.77943420410156,89.0262222290039,321.0810546875,7.145811557769775,68.11053466796875,82.36896514892578,8.482842445373535,5.1364288330078125,1500.5010986328125,13.473479270935059,20.86104965209961
2015-09-29,55.5069465637207,90.01349639892578,324.2119140625,7.2090020179748535,68.79676818847656,83.51518249511719,8.626058578491211,5.231027126312256,1528.8499755859375,13.79595947265625,21.087074279785156
2015-09-30,56.935035705566406,91.27261352539062,331.9642639160156,7.3985748291015625,70.96991729736328,84.60325622558594,8.554449081420898,5.323069095611572,1545.759765625,13.853385925292969,21.633283615112305
2015-10-01,56.315311431884766,92.48164367675781,340.1639709472656,7.388041019439697,72.62833404541016,84.22945404052734,8.225786209106445,5.517378807067871,1578.5853271484375,13.751782417297363,21.72745704650879
2015-10-02,56.935035705566406,93.37592315673828,349.3079528808594,7.546021461486816,72.28523254394531,85.6747055053711,8.767438888549805,5.645214080810547,1599.4737548828125,14.074262619018555,22.19832992553711
2015-10-05,58.57869338989258,95.09292602539062,365.7569580078125,7.872504711151123,75.83087158203125,88.32425689697266,9.52575397491455,6.033834457397461,1680.54150390625,14.767815589904785,23.12662124633789
2015-10-06,58.982872009277344,94.99992370605469,375.7954406738281,8.00415325164795,78.63306427001953,88.01693725585938,9.511064529418945,6.192351818084717,1736.7415771484375,14.97544002532959,23.896167755126953
2015-10-07,58.875091552734375,95.98719024658203,384.64129638671875,8.046278953552246,82.75054931640625,89.07177734375,10.194098472595215,6.3252997398376465,1776.5303955078125,15.677827835083008,24.431615829467773
2015-10-08,58.9559211730957,98.66287231445312,386.57940673828125,8.146328926086426,80.062744140625,90.19305419921875,10.324461936950684,6.307403087615967,1796.4234619140625,15.907536506652832,24.399328231811523
2015-10-09,59.521766662597656,100.12226867675781,389.2131652832031,8.16739559173584,81.43524169921875,90.24287414550781,10.943235397338867,6.455691814422607,1801.3968505859375,16.097490310668945,24.350889205932617
2015-10-12,59.360103607177734,99.30673217773438,382.4546813964844,8.125268936157227,79.31932830810547,90.14320373535156,10.581518173217773,6.3227434158325195,1782.000732421875,15.881033897399902,24.29707908630371
2015-10-13,58.6325798034668,98.93468475341797,380.41717529296875,8.130534172058105,78.4043197631836,90.01031494140625,10.418105125427246,6.166783332824707,1769.566650390625,15.63365364074707,24.167922973632812
2015-10-14,57.82423400878906,99.10639953613281,375.3481750488281,8.077875137329102,78.80464172363281,90.50869750976562,10.456663131713867,6.2179179191589355,1759.1224365234375,15.540884971618652,24.019933700561523
2015-10-15,59.225372314453125,99.98636627197266,377.33599853515625,8.18319320678711,80.34870910644531,90.94059753417969,10.456663131713867,5.952020645141602,1769.566650390625,15.43486213684082,24.27824592590332
2015-10-16,59.46788787841797,99.34249114990234,381.65948486328125,8.283242225646973,81.20648956298828,90.89076232910156,10.346495628356934,6.044061660766602,1798.413818359375,15.386273384094238,24.539247512817383
2015-10-19,59.521766662597656,98.74871063232422,374.9506530761719,8.209524154663086,80.46306610107422,90.64158630371094,10.03619384765625,5.8420820236206055,1765.09130859375,15.501126289367676,24.197528839111328
2015-10-20,58.7403678894043,98.26219940185547,374.2549743652344,8.130534172058105,79.49090576171875,90.83261108398438,9.746087074279785,5.752596378326416,1762.1068115234375,15.501126289367676,23.974199295043945
2015-10-21,59.090641021728516,96.96727752685547,378.6280822753906,8.135799407958984,79.49090576171875,89.60333251953125,9.676314353942871,5.778163909912109,1787.4718017578125,15.668992042541504,24.167922973632812
2015-10-22,61.08458709716797,98.60559844970703,386.1817932128906,8.272711753845215,81.77838134765625,91.58014678955078,9.896647453308105,5.952020645141602,1777.5245361328125,16.225603103637695,24.41278076171875
2015-10-23,62.45878601074219,100.15090942382812,385.7346496582031,8.177927017211914,82.17868041992188,92.81771087646484,10.025177001953125,5.918782711029053,1753.1546630859375,16.618762969970703,24.48543357849121
2015-10-26,62.728248596191406,99.99352264404297,382.05706787109375,8.05681037902832,81.14930725097656,91.48046875,9.812188148498535,5.895771026611328,1732.762939453125,16.375797271728516,24.009174346923828
2015-10-27,63.186309814453125,99.60720825195312,377.683837890625,7.840909957885742,78.91902160644531,90.75785064697266,9.290728569030762,5.665667533874512,1700.4354248046875,16.009143829345703,23.484487533569336
2015-10-28,63.88687515258789,101.6819076538086,388.61688232421875,8.009419441223145,79.71963500976562,91.28942108154297,9.634082794189453,5.918782711029053,1728.7845458984375,16.39788246154785,23.683595657348633
2015-10-29,63.77910614013672,98.26935577392578,389.3125305175781,7.914633274078369,78.28994750976562,93.64828491210938,9.222794532775879,5.870205402374268,1702.4249267578125,15.951715469360352,23.85580062866211
2015-10-30,63.536598205566406,99.42832946777344,384.0448303222656,7.825111389160156,77.88963317871094,92.26951599121094,9.314599990844727,5.867647647857666,1681.0390625,16.207931518554688,23.756256103515625
2015-11-02,64.37189483642578,99.12785339355469,385.8836364746094,7.819847106933594,78.4043197631836,93.34097290039062,9.68549633026123,5.916224479675293,1697.9488525390625,16.38021469116211,24.011857986450195
2015-11-03,65.0185775756836,99.23518371582031,400.7921142578125,7.904101848602295,81.49243927001953,94.32105255126953,10.076587677001953,6.350866794586182,1748.180908203125,16.437641143798828,24.88365936279297
2015-11-04,65.18025970458984,98.86317443847656,399.5995178222656,7.8461761474609375,83.26526641845703,93.87255859375,9.57900333404541,6.419898509979248,1747.6834716796875,16.49065399169922,24.913251876831055
2015-11-05,65.50358581542969,98.2264175415039,388.1343078613281,7.75665807723999,80.9777603149414,94.17154693603516,9.140170097351074,6.2843918800354,1709.885498046875,16.0577335357666,24.824460983276367
2015-11-06,66.12332153320312,99.1707992553711,384.20770263671875,7.8461761474609375,79.9483871459961,94.33768463134766,9.180562973022461,6.2869486808776855,1702.9222412109375,16.46856689453125,24.88097381591797
2015-11-09,65.39581298828125,97.532470703125,380.3308410644531,7.74085807800293,80.74899291992188,93.44063568115234,9.244827270507812,6.225586891174316,1691.4830322265625,16.76012420654297,24.71145248413086
2015-11-10,65.31497192382812,97.81149291992188,380.23138427734375,7.867237567901611,79.43368530273438,92.693115234375,8.936360359191895,6.246041774749756,1677.060546875,16.654104232788086,24.7625732421875
2015-11-11,66.25804901123047,97.86872863769531,375.6585998535156,7.819847106933594,78.80464172363281,92.22801208496094,9.03551197052002,6.192351818084717,1647.7166748046875,16.768959045410156,24.776023864746094
2015-11-12,65.31497192382812,96.79560852050781,365.07183837890625,7.603944301605225,75.71649169921875,91.49708557128906,8.471822738647461,5.742367744445801,1576.39404296875,16.313953399658203,24.18138313293457
2015-11-13,64.47966766357422,98.28368377685547,362.33807373046875,7.567083358764648,75.19470977783203,94.279541015625,8.317591667175293,5.701462268829346,1559.9783935546875,16.11074447631836,23.912307739257812
2015-11-16,64.99162292480469,100.408447265625,366.4634704589844,7.5618205070495605,75.8904037475586,96.33108520507812,8.258835792541504,5.798617362976074,1567.9375,16.16817283630371,24.095279693603516
2015-11-17,66.63529205322266,99.77890014648438,376.30499267578125,7.825111389160156,76.9919662475586,94.19647979736328,8.453462600708008,6.09008264541626,1609.722412109375,16.685026168823242,24.999359130859375
2015-11-18,61.70432662963867,99.75027465820312,380.23138427734375,7.819847106933594,79.31100463867188,95.99883270263672,8.857409477233887,6.194907188415527,1631.610107421875,16.927988052368164,25.10967445373535
2015-11-19,61.94683074951172,100.12945556640625,382.8657531738281,7.861974239349365,78.0354995727539,95.98220825195312,9.07406997680664,6.266495227813721,1657.4774169921875,17.36090660095215,25.077383041381836
2015-11-20,62.64740753173828,99.65013885498047,379.0384826660156,7.804048538208008,77.45578002929688,95.55860137939453,8.859243392944336,6.123319149017334,1626.635986328125,17.24605369567871,24.891725540161133
2015-11-23,62.56657028198242,100.28683471679688,378.4917297363281,7.8830366134643555,77.28182983398438,95.16825103759766,8.446118354797363,6.141216278076172,1618.179443359375,17.197460174560547,24.628032684326172
2015-11-24,61.515716552734375,99.77890014648438,383.6112365722656,7.925163269042969,78.9051742553711,94.71144104003906,8.43693733215332,6.294619083404541,1641.5587158203125,16.96333122253418,24.800241470336914
2015-11-25,62.67436218261719,98.97762298583984,383.8099365234375,8.072610855102539,78.15148162841797,94.03036499023438,8.185393333435059,6.258825778961182,1640.066650390625,17.281389236450195,24.942840576171875
2015-11-26,62.88991165161133,,387.28936767578125,8.125268936157227,79.19505310058594,,8.684813499450684,6.37387752532959,1663.9439697265625,17.65688133239746,25.308794021606445
2015-11-27,62.5126838684082,98.65570831298828,384.2574157714844,8.062077522277832,77.91957092285156,94.61177825927734,8.403888702392578,6.304845809936523,1648.025634765625,17.524356842041016,25.088153839111328
2015-11-30,62.24322509765625,97.93312072753906,382.9649963378906,8.120000839233398,77.91957092285156,93.68982696533203,8.523235321044922,6.312516212463379,1634.594970703125,17.79824447631836,25.292648315429688
2015-12-01,59.144535064697266,98.72724151611328,382.269287109375,8.030484199523926,77.74565124511719,93.05024719238281,8.471822738647461,6.276722431182861,1635.5897216796875,17.46251106262207,25.17963218688965
2015-12-02,58.20145797729492,99.08494567871094,379.7344055175781,8.093672752380371,78.67324829101562,91.66320037841797,7.720853805541992,6.148886680603027,1654.9903564453125,17.011920928955078,25.10429573059082
2015-12-03,56.88115310668945,97.13186645507812,366.3642272949219,7.804048538208008,77.2238540649414,91.17412567138672,7.469307899475098,5.969917297363281,1616.189208984375,16.455312728881836,23.928449630737305
2015-12-04,56.82726287841797,99.04200744628906,357.56671142578125,7.693465709686279,73.68733215332031,92.19404602050781,7.293039321899414,5.890659332275391,1577.3887939453125,16.190261840820312,23.38493537902832
2015-12-07,57.82423400878906,97.8758773803711,345.5383605957031,7.503894805908203,71.542236328125,91.59212493896484,7.023131847381592,5.5634002685546875,1510.7314453125,16.21234893798828,23.053970336914062
2015-12-08,57.015869140625,95.1286849975586,345.7371826171875,7.314321517944336,71.19436645507812,89.2178955078125,6.650400638580322,5.453460216522217,1509.736328125,15.611564636230469,22.833341598510742
2015-12-09,56.45003128051758,95.75828552246094,348.3713684082031,7.36698055267334,73.1075668334961,89.50212860107422,6.88175106048584,5.583853244781494,1533.116455078125,15.63365364074707,23.04590606689453
2015-12-10,56.261409759521484,94.79960632324219,348.86859130859375,7.3722453117370605,71.6001968383789,89.18446350097656,7.050673484802246,5.619647026062012,1514.2137451171875,15.761761665344238,23.18312644958496
2015-12-11,55.480003356933594,93.34729766845703,335.9953918457031,7.182672023773193,70.15080261230469,88.0307846069336,6.600825309753418,5.450904846191406,1446.06396484375,15.222822189331055,22.49430274963379
2015-12-14,54.9949951171875,92.2598876953125,327.3468933105469,6.9720377922058105,69.6290283203125,87.54589080810547,6.187699794769287,5.2386980056762695,1411.2430419921875,14.86500358581543,21.83778190612793
2015-12-15,56.423072814941406,94.0770263671875,335.6970520019531,7.251129627227783,72.5857925415039,88.45711517333984,6.531053066253662,5.422780990600586,1456.0137939453125,15.275833129882812,22.75530433654785
2015-12-16,56.342247009277344,94.58497619628906,338.1822204589844,7.245863437652588,73.62935638427734,88.60762023925781,6.448428153991699,5.471358776092529,1454.52099609375,15.275833129882812,22.642303466796875
2015-12-17,57.09671401977539,93.2614517211914,338.3313903808594,7.245863437652588,71.02043914794922,86.04109191894531,6.325408935546875,5.499482154846191,1442.582275390625,15.266996383666992,22.548133850097656
2015-12-18,56.45003128051758,91.46577453613281,337.2876892089844,7.108952045440674,70.03487396240234,84.87068939208984,6.589807987213135,5.479028701782227,1456.0137939453125,15.456952095031738,22.607318878173828
2015-12-21,54.80636978149414,92.96812438964844,333.21197509765625,7.029962062835693,69.6290283203125,85.37229919433594,6.499839782714844,5.32239294052124,1434.6231689453125,15.346512794494629,22.23872184753418
2015-12-22,54.96805191040039,94.1128158569336,342.90411376953125,7.108952045440674,68.81736755371094,85.94913482666016,6.892767906188965,5.383336067199707,1478.39794921875,15.558553695678711,22.287870407104492
2015-12-23,56.20751953125,95.27892303466797,358.2623596191406,7.351180553436279,72.411865234375,87.5626220703125,7.656589508056641,5.741513252258301,1543.065185546875,16.605510711669922,22.997760772705078
2015-12-24,56.04585266113281,95.28609466552734,363.779541015625,,,87.3703384399414,7.711674690246582,5.848430633544922,1549.0345458984375,,22.992292404174805
2015-12-25,,,,,,,,,,16.605510711669922,
2015-12-28,55.91111755371094,94.86399841308594,,7.303788185119629,71.36830139160156,86.76006317138672,7.309564590454102,5.607865810394287,,16.1990966796875,22.59640121459961
2015-12-29,56.90810012817383,95.2932357788086,358.6102600097656,7.393307685852051,71.89007568359375,87.27838134765625,7.131461143493652,5.602519989013672,1553.01416015625,16.2476863861084,23.01141357421875
2015-12-30,56.584747314453125,95.19969177246094,353.04364013671875,7.266928672790527,71.71614074707031,86.25845336914062,7.294876575469971,5.506292819976807,1537.0960693359375,16.203514099121094,22.697412490844727
2015-12-31,,93.65213012695312,351.9004821777344,7.266928672790527,,85.60637664794922,,5.410066604614258,1518.1934814453125,,
2016-01-04,54.34830856323242,92.98993682861328,345.4886779785156,7.0720906257629395,71.6001968383789,84.99610900878906,6.8321757316589355,5.37799072265625,1508.244873046875,15.518796920776367,22.12950897216797
2016-01-05,54.024967193603516,91.32719421386719,346.0852355957031,7.135281562805176,69.86091613769531,84.70348358154297,7.248973846435547,5.330411434173584,1518.1934814453125,15.655739784240723,21.927457809448242
2016-01-06,53.270503997802734,89.10301208496094,341.4130554199219,6.935178279876709,68.41154479980469,83.85079193115234,6.788109302520752,5.178053379058838,1489.8388671875,15.346512794494629,21.71721839904785
2016-01-07,52.04180908203125,86.11587524414062,335.6970520019531,6.882518768310547,66.6722640991211,81.75242614746094,6.411706447601318,4.972770690917969,1447.05908203125,14.798739433288574,21.190263748168945
2016-01-08,51.24961471557617,85.66963195800781,326.7505187988281,6.687678337097168,63.71548080444336,81.80255126953125,6.2097344398498535,4.773366928100586,1367.9658203125,14.458589553833008,20.395729064941406
2016-01-11,50.635276794433594,86.00792694091797,326.1043395996094,6.661350727081299,61.918235778808594,82.29582214355469,6.125272274017334,4.670191287994385,1347.0731201171875,14.295140266418457,20.395729064941406
2016-01-12,52.06336212158203,87.24595642089844,321.1836853027344,6.677149772644043,60.87467575073242,83.50801849365234,5.884741306304932,4.603368282318115,1344.0882568359375,14.215624809265137,20.341129302978516
2016-01-13,52.31125259399414,85.3313217163086,333.8580017089844,6.756135940551758,60.70073699951172,81.93634033203125,5.701130390167236,4.718838691711426,1339.1143798828125,14.083096504211426,20.668766021728516
2016-01-14,51.66996765136719,85.20897674560547,345.6377258300781,6.850923538208008,59.831092834472656,83.42442321777344,6.029794692993164,4.846607208251953,1384.3809814453125,14.030085563659668,21.203920364379883
2016-01-15,50.83466339111328,84.8058853149414,336.1444396972656,6.608692646026611,59.94704055786133,81.41802215576172,5.605652332305908,4.6140594482421875,1344.0882568359375,13.464641571044922,20.562286376953125
2016-01-18,50.39815139770508,,338.48046875,6.534970283508301,59.42527389526367,,5.781919956207275,4.509814262390137,1331.6527099609375,13.349786758422852,20.79436683654785
2016-01-19,50.47898864746094,86.07989501953125,340.41900634765625,6.624489784240723,61.164554595947266,82.07848358154297,6.114255428314209,4.544027805328369,1358.0169677734375,13.416050910949707,21.0892391204834
2016-01-20,49.870033264160156,84.61873626708984,326.20379638671875,6.403321266174316,56.758384704589844,81.77748107910156,5.5781097412109375,4.289028644561768,1259.523193359375,12.95220947265625,19.94249725341797
2016-01-21,50.575992584228516,84.33802795410156,340.2200622558594,6.608692646026611,58.78754425048828,81.89453125,6.154650688171387,4.469184875488281,1309.7647705078125,13.367456436157227,20.53771209716797
2016-01-22,51.93941116333008,85.63363647460938,350.60809326171875,6.829858303070068,63.71548080444336,82.0031967163086,6.057336330413818,4.777644634246826,1379.90380859375,13.270272254943848,21.4387264251709
2016-01-25,51.5136833190918,83.71900177001953,348.07330322265625,6.745604038238525,61.80228042602539,80.3646469116211,6.149141311645508,4.625820159912109,1391.345947265625,13.226096153259277,21.03736114501953
2016-01-26,51.583740234375,85.23053741455078,354.3856201171875,6.887783527374268,63.019775390625,82.04503631591797,6.589807987213135,4.82468843460083,1415.222900390625,13.561829566955566,21.651702880859375
2016-01-27,51.23884201049805,84.98582458496094,360.7476501464844,6.919378280639648,62.150146484375,82.01155090332031,6.60449743270874,4.719374179840088,1455.5152587890625,13.274688720703125,21.924726486206055
2016-01-28,50.996341705322266,85.66242218017578,366.2646484375,6.935178279876709,66.61426544189453,82.0951919555664,6.786272048950195,4.969563007354736,1487.3515625,12.996384620666504,21.96022605895996
2016-01-29,51.31428909301758,91.20481872558594,373.86932373046875,6.993099689483643,68.64344024658203,83.59998321533203,6.387836933135986,5.074341773986816,1510.2344970703125,12.576719284057617,22.345199584960938
2016-02-01,51.120277404785156,94.47988891601562,364.7735900878906,6.919378280639648,66.20845031738281,84.04305267333984,6.308883190155029,4.921449661254883,1486.854248046875,12.683868408203125,21.842815399169922
2016-02-02,50.667606353759766,94.1559829711914,333.11248779296875,6.587628364562988,62.61394500732422,82.05337524414062,5.971038818359375,4.636512756347656,1426.1661376953125,11.920426368713379,20.86262321472168
2016-02-03,50.9640007019043,96.00582885742188,330.37884521484375,6.561298370361328,63.25166320800781,86.35039520263672,6.116092205047607,4.611386299133301,1430.643310546875,12.023110389709473,20.980026245117188
2016-02-04,51.37895202636719,98.00688171386719,348.7690734863281,6.708742618560791,68.99129486083984,88.22305297851562,6.771584987640381,4.9219841957092285,1517.6959228515625,12.648151397705078,21.425079345703125
2016-02-05,51.373565673828125,97.60377502441406,348.5702209472656,6.598160743713379,70.556640625,87.86357879638672,6.397017478942871,5.085568904876709,1527.14697265625,12.460640907287598,21.244873046875
2016-02-08,49.794578552246094,94.1128158569336,341.8603820800781,6.361195087432861,68.87533569335938,85.21344757080078,5.923300743103027,4.784060001373291,1514.2137451171875,11.893637657165527,20.843507766723633
2016-02-09,50.198760986328125,95.3436279296875,332.46649169921875,6.108432292938232,68.00570678710938,86.7934799194336,5.284332275390625,4.615128993988037,1453.5263671875,11.46503734588623,20.098119735717773
2016-02-10,51.01250076293945,93.89685821533203,328.1421813964844,6.124230861663818,65.8025894165039,86.41728210449219,5.170492649078369,4.655223369598389,1447.05908203125,11.799881935119629,19.94249725341797
2016-02-11,49.83769226074219,91.56473541259766,308.4754333496094,5.755617618560791,64.0633316040039,85.3221664428711,4.817959308624268,4.402360916137695,1434.1253662109375,11.518611907958984,19.289939880371094
2016-02-12,50.575992584228516,93.82486724853516,330.59814453125,6.140027046203613,66.20845031738281,86.8018569946289,5.223740577697754,4.6979899406433105,1517.6959228515625,12.518678665161133,20.750680923461914
2016-02-15,52.00408935546875,,330.8963928222656,6.287471771240234,68.35356140136719,,5.537716865539551,4.794217109680176,1534.111572265625,12.50528621673584,21.09197425842285
2016-02-16,49.48741149902344,94.5446548461914,335.47021484375,6.240078449249268,67.8317642211914,86.94397735595703,5.444074630737305,4.688366413116455,1558.9837646484375,12.116866111755371,21.173885345458984
2016-02-17,50.484371185302734,95.37962341308594,347.8489685058594,6.440183162689209,70.95101165771484,87.36198425292969,6.090385913848877,4.944971084594727,1633.599609375,13.237475395202637,21.485143661499023
2016-02-18,50.74304962158203,94.41510009765625,343.4244079589844,6.3032708168029785,71.54033660888672,87.36198425292969,5.937989711761475,4.845002174377441,1581.186767578125,13.219618797302246,21.59708595275879
2016-02-19,51.27117919921875,94.67420959472656,341.2867736816406,6.276939392089844,69.9492416381836,86.36712646484375,5.904938697814941,4.730599403381348,1555.314208984375,13.250868797302246,21.70083999633789
2016-02-22,52.1010856628418,95.67471313476562,354.60992431640625,6.5033745765686035,73.249267578125,87.12787628173828,6.3419342041015625,4.939625263214111,1609.0494384765625,13.889305114746094,22.296058654785156
2016-02-23,50.89394760131836,94.44390869140625,343.3746643066406,6.361195087432861,72.12962341308594,85.45588684082031,6.057336330413818,4.776575088500977,1568.25048828125,13.349089622497559,21.744525909423828
2016-02-24,50.03170394897461,94.68863677978516,333.0838623046875,6.203217506408691,68.41704559326172,85.18000030517578,5.772738456726074,4.5873308181762695,1537.40283203125,12.938349723815918,21.370466232299805
2016-02-25,50.64604949951172,95.72512817382812,336.51416015625,6.366462230682373,70.47957611083984,85.78194427490234,5.728672504425049,4.712424278259277,1580.1917724609375,12.965136528015137,21.771833419799805
2016-02-26,51.6969108581543,96.1929702758789,347.550537109375,6.692945957183838,73.249267578125,86.30860900878906,6.033466815948486,5.065788269042969,1633.42822265625,13.474099159240723,22.298789978027344
2016-02-29,51.83163833618164,95.35081481933594,349.4398498535156,6.819327354431152,74.8992919921875,85.09638977050781,6.564103126525879,5.09144926071167,1639.3992919921875,13.942880630493164,22.59366798400879
2016-03-01,52.419036865234375,96.73281860351562,348.6443176269531,7.029962062835693,75.01713562011719,88.064208984375,7.1149373054504395,5.29619836807251,1637.4088134765625,14.420588493347168,22.689231872558594
2016-03-02,52.181922912597656,96.61048126220703,350.8815002441406,7.082622051239014,75.72432708740234,87.06098937988281,7.656589508056641,5.455506801605225,1648.8525390625,14.61703109741211,23.049633026123047
2016-03-03,52.251983642578125,97.08552551269531,359.92938232421875,7.1774091720581055,77.07965850830078,89.12408447265625,7.897121906280518,5.642613410949707,1656.813232421875,14.746501922607422,23.044174194335938
2016-03-04,52.58070755004883,97.020751953125,365.7956237792969,7.130013942718506,78.84757995605469,91.60816192626953,8.446118354797363,5.688053607940674,1669.2515869140625,15.206356048583984,23.303552627563477
2016-03-07,53.151947021484375,97.1718978881836,363.4591064453125,7.156344413757324,78.6707763671875,91.43973541259766,8.563630104064941,5.840412616729736,1665.7686767578125,15.344755172729492,23.377275466918945
2016-03-08,53.135780334472656,96.61048126220703,352.17413330078125,6.977304935455322,78.43505859375,91.06083679199219,7.876924514770508,5.67201566696167,1650.8424072265625,14.786685943603516,22.956804275512695
2016-03-09,53.62617874145508,96.94155883789062,353.9638366699219,7.0562920570373535,77.66897583007812,91.83551788330078,7.739214897155762,5.666670322418213,1681.1925048828125,14.737573623657227,22.992292404174805
2016-03-10,52.41365051269531,96.88400268554688,341.2370300292969,6.814060211181641,76.90289306640625,93.18280792236328,7.790626525878906,5.466198444366455,1630.4432373046875,14.393802642822266,22.282405853271484
2016-03-11,53.52378463745117,98.22999572753906,346.4071960449219,7.014163494110107,76.3135986328125,93.5617904663086,8.666452407836914,5.642613410949707,1660.79345703125,15.612632751464844,23.126083374023438
2016-03-14,53.62080001831055,98.07162475585938,343.47412109375,7.051026821136475,76.96183013916016,92.5428466796875,8.884950637817383,5.666670322418213,1658.305908203125,15.670673370361328,22.978649139404297
2016-03-15,52.96333312988281,96.48806762695312,340.0438232421875,6.950974464416504,75.42965698242188,92.15550994873047,9.837482452392578,5.538368225097656,1649.349853515625,15.40279483795166,22.659194946289062
2016-03-16,52.88788604736328,97.93486785888672,348.0975036621094,7.040494441986084,77.07965850830078,92.73651885986328,9.888846397399902,5.5757904052734375,1695.1234130859375,15.42512035369873,22.8667049407959
2016-03-17,52.408260345458984,101.46184539794922,357.543212890625,7.166877269744873,78.6707763671875,95.2542953491211,10.880974769592285,5.71478271484375,1721.4932861328125,15.612632751464844,23.401844024658203
2016-03-18,52.823211669921875,101.91532897949219,354.9580993652344,7.23006534576416,79.84937286376953,95.05219268798828,10.975590705871582,5.634594440460205,1689.1531982421875,15.652812957763672,23.420961380004883
2016-03-21,53.0118293762207,101.26751708984375,354.16259765625,7.23006534576416,78.6707763671875,95.11956787109375,10.540350914001465,5.589153289794922,1689.1531982421875,15.367079734802246,22.894712448120117
2016-03-22,53.35133361816406,102.98062133789062,358.68658447265625,7.266928672790527,79.08328247070312,94.79959869384766,10.275423049926758,5.565097808837891,1693.630859375,15.43851375579834,22.92241096496582
2016-03-23,53.83634948730469,103.59964752197266,354.0631103515625,7.093154430389404,78.14041900634766,94.9848403930664,10.178105354309082,5.415412425994873,1687.660400390625,15.380474090576172,22.6315860748291
2016-03-24,52.877105712890625,102.03766632080078,351.3290100097656,6.924646377563477,,94.0922622680664,9.894250869750977,5.317581653594971,1668.753662109375,15.081344604492188,22.246593475341797
2016-03-28,,103.02381134033203,,,,94.69010925292969,,,,,
2016-03-29,53.2327766418457,104.39142608642578,343.8221130371094,6.924646377563477,74.4867935180664,94.69855499267578,10.048343658447266,5.276418209075928,1641.8865966796875,15.005451202392578,22.182880401611328
2016-03-30,54.402191162109375,105.1734619140625,353.51629638671875,7.119482517242432,77.7278823852539,96.83736419677734,10.405183792114258,5.383336067199707,1698.1092529296875,16.246601104736328,22.700822830200195
2016-03-31,53.292057037353516,104.30450439453125,348.1473083496094,7.00363302230835,76.7850341796875,96.3742446899414,10.745805740356445,5.30314826965332,1675.7191162109375,16.304643630981445,22.19119644165039
2016-04-01,52.26814651489258,105.21688842773438,341.8335876464844,6.735073089599609,74.19215393066406,97.03946685791016,11.218894004821777,5.142236232757568,1659.7982177734375,17.108264923095703,21.484909057617188
2016-04-04,52.30586624145508,103.3270034790039,342.72845458984375,6.719275951385498,73.48497772216797,96.59318542480469,11.435159683227539,5.12245512008667,1669.2515869140625,17.005578994750977,21.700958251953125
2016-04-05,50.861610412597656,103.3270034790039,335.5198059082031,6.5507659912109375,72.24744415283203,95.14482879638672,10.756620407104492,4.982927322387695,1635.91650390625,16.215349197387695,21.241174697875977
2016-04-06,51.244224548339844,104.0438232421875,337.6077575683594,6.619223594665527,72.12962341308594,95.38904571533203,10.840423583984375,4.982393264770508,1654.8228759765625,16.527870178222656,21.53754425048828
2016-04-07,50.34426498413086,102.7115249633789,337.3592834472656,6.487575531005859,73.07250213623047,94.03330993652344,10.772839546203613,4.924122333526611,1658.305908203125,16.08587646484375,21.371349334716797
2016-04-08,50.861610412597656,103.19668579101562,348.3461608886719,6.766668319702148,74.54572296142578,94.56380462646484,10.935041427612305,5.063651084899902,1724.478515625,16.661808013916016,22.163497924804688
2016-04-11,51.411293029785156,103.8049087524414,349.8375244140625,6.7877326011657715,75.37073516845703,94.934326171875,11.783892631530762,5.135286808013916,1723.4835205078125,17.0859432220459,22.26321029663086
2016-04-12,52.731605529785156,104.43485260009766,354.9083251953125,6.824594020843506,76.0189437866211,96.04586029052734,12.14073371887207,5.303682327270508,1750.3507080078125,17.286849975585938,22.67313575744629
2016-04-13,54.536930084228516,104.5579605102539,363.3598327636719,7.098419666290283,78.31719970703125,97.3173599243164,13.308579444885254,5.647958755493164,1792.144287109375,18.33602523803711,23.578832626342773
2016-04-14,54.59081268310547,105.05032348632812,356.4991760253906,7.224799633026123,78.08148193359375,97.28368377685547,13.284249305725098,5.655978202819824,1808.56298828125,18.211017608642578,23.71733283996582
2016-04-15,54.77943420410156,105.01410675048828,353.9140319824219,7.130013942718506,77.02075958251953,97.94891357421875,13.165302276611328,5.6132097244262695,1805.0802001953125,18.309236526489258,23.56776237487793
2016-04-18,55.26445007324219,106.05681610107422,353.764892578125,7.108952045440674,76.13681030273438,97.78048706054688,13.400493621826172,5.639941215515137,1795.1295166015625,18.541393280029297,23.401578903198242
2016-04-19,56.584747314453125,108.0335464477539,360.8740539550781,7.198471546173096,78.78864288330078,100.0540771484375,14.038484573364258,5.835065841674805,1791.6461181640625,19.126256942749023,23.756101608276367
2016-04-20,57.204498291015625,107.76565551757812,361.570068359375,7.314321517944336,79.3189926147461,100.44983673095703,14.406139373779297,5.998117923736572,1804.085205078125,19.398595809936523,24.010915756225586
2016-04-21,57.123661041259766,107.39636993408203,366.4916687011719,7.409106254577637,81.61721801757812,100.07933807373047,13.676236152648926,6.0676140785217285,1823.4892578125,18.97446060180664,24.179874420166016
2016-04-22,56.53086853027344,107.25154876708984,366.19354248046875,7.451233386993408,81.61721801757812,100.72771453857422,13.768148422241211,6.056922435760498,1805.0802001953125,19.362876892089844,24.276805877685547
2016-04-25,56.98893356323242,107.13568878173828,358.2889099121094,7.41437292098999,80.14399719238281,100.36563110351562,13.108532905578613,5.928619861602783,1751.345703125,18.59943389892578,24.16325569152832
2016-04-26,54.24053192138672,106.79537963867188,373.74993896484375,7.445970058441162,80.43868255615234,100.55929565429688,13.027432441711426,6.091670036315918,1757.3165283203125,18.144046783447266,24.226961135864258
2016-04-27,53.86330032348633,107.38912963867188,380.2624816894531,7.5144267082214355,85.32979583740234,99.74250030517578,12.922001838684082,6.233338356018066,1801.10009765625,18.139583587646484,24.9083194732666
2016-04-28,54.10580062866211,107.55565643310547,380.1133117675781,7.582881450653076,85.15301513671875,99.58251953125,13.816811561584473,6.2867960929870605,1803.587646484375,18.724441528320312,24.994176864624023
2016-04-29,53.35133361816406,105.63681030273438,371.6121520996094,7.47756290435791,83.85655212402344,98.9088363647461,13.332910537719727,6.118401050567627,1770.750244140625,18.135116577148438,24.334983825683594
2016-05-02,53.507625579833984,105.62234497070312,,7.345915794372559,82.38333129882812,98.85831451416016,13.135564804077148,6.0676140785217285,,18.20208740234375,24.334983825683594
2016-05-03,52.5753173828125,103.6456069946289,366.2928161621094,7.119482517242432,80.32080841064453,96.91315460205078,12.554347038269043,5.7949724197387695,1746.3709716796875,17.353816986083984,23.667470932006836
2016-05-04,51.352012634277344,103.4356460571289,360.4762878417969,7.0562920570373535,80.49760437011719,95.94480895996094,12.70032787322998,5.773589611053467,1702.0892333984375,17.304704666137695,23.348953247070312
2016-05-05,51.33045959472656,103.72525787353516,356.3683776855469,7.193206310272217,,95.54901885986328,12.686810493469238,6.043556213378906,1718.0103759765625,17.1707706451416,23.56776237487793
2016-05-06,51.443626403808594,104.68106842041016,358.8047180175781,7.135281562805176,80.73331451416016,96.24794006347656,12.538125038146973,6.102361679077148,1733.931640625,17.313634872436523,23.786569595336914
2016-05-09,51.34661865234375,103.26185607910156,349.55615234375,7.0457611083984375,78.90647888183594,95.17852020263672,11.016140937805176,5.920599937438965,1694.6260986328125,16.39393424987793,23.310178756713867
2016-05-10,51.56218338012695,104.5000228881836,355.57257080078125,7.145811557769775,78.90647888183594,96.01216888427734,11.31351089477539,6.032865524291992,1711.0447998046875,16.478759765625,23.63423728942871
2016-05-11,51.36279296875,103.12428283691406,359.2026062011719,7.0720906257629395,79.55471801757812,95.51533508300781,11.762264251708984,6.011481285095215,1725.9710693359375,16.992183685302734,23.756101608276367
2016-05-12,51.09333801269531,103.7904281616211,358.10870361328125,7.119482517242432,81.59208679199219,95.65847778320312,11.191859245300293,6.09968900680542,1715.5225830078125,16.61716079711914,23.68962860107422
2016-05-13,51.84780502319336,102.69705200195312,360.4953308105469,7.145811557769775,80.81556701660156,94.27749633789062,11.116167068481445,6.158494472503662,1717.5133056640625,16.675199508666992,23.7200984954834
2016-05-16,51.77235794067383,103.94247436523438,363.97601318359375,7.2090020179748535,,95.11115264892578,11.3270263671875,6.211953639984131,1736.4197998046875,,23.90288543701172
2016-05-17,51.729244232177734,103.45732879638672,364.2742919921875,7.145811557769775,,94.54698181152344,11.424346923828125,6.211953639984131,1743.3851318359375,16.920753479003906,23.858583450317383
2016-05-18,52.00408935546875,102.60293579101562,362.5837097167969,7.166877269744873,82.7269287109375,93.28387451171875,11.283774375915527,6.254721164703369,1724.478515625,16.867177963256836,23.908437728881836
2016-05-19,51.59451675415039,102.60293579101562,354.03131103515625,6.945709228515625,79.44175720214844,92.6775894165039,10.629563331604004,5.984752178192139,1640.2086181640625,16.126056671142578,23.337867736816406
2016-05-20,52.365150451660156,102.4146499633789,359.50079345703125,7.0562920570373535,80.21826171875,92.69442749023438,10.71336555480957,6.040884017944336,1672.0572509765625,16.54572868347168,23.82257080078125
2016-05-23,52.13258743286133,102.5811767578125,355.5229797363281,7.029152870178223,80.03905487060547,93.0396728515625,10.370041847229004,5.987425804138184,1651.1566162109375,16.33142852783203,23.481891632080078
2016-05-24,53.44490051269531,103.761474609375,355.82122802734375,7.246269702911377,80.87530517578125,93.27542877197266,10.716069221496582,6.1531476974487305,1647.17529296875,16.67966651916504,23.883514404296875
2016-05-25,53.793739318847656,104.03662109375,363.97601318359375,7.495955467224121,82.66722106933594,93.9996109008789,10.937743186950684,6.380350112915039,1677.03369140625,17.077014923095703,24.41253089904785
2016-05-26,54.35853576660156,103.59489440917969,362.4346618652344,7.533950328826904,82.48804473876953,93.10704040527344,11.691977500915527,6.345602035522461,1674.54541015625,17.693124771118164,24.39036750793457
2016-05-27,54.114898681640625,103.58770751953125,359.94830322265625,7.506809234619141,80.69610595703125,93.27542877197266,11.56762409210205,6.329563140869141,1667.0811767578125,17.550262451171875,24.318359375
2016-05-30,54.59663391113281,,,7.566516399383545,81.11421966552734,,11.508150100708008,6.350947380065918,,17.483287811279297,24.24357795715332
2016-05-31,53.45043182373047,103.28353118896484,355.2744140625,7.4525299072265625,79.6806869506836,92.50916290283203,11.948797225952148,6.187897205352783,1649.6639404296875,17.666336059570312,24.19371795654297
2016-06-01,53.616554260253906,104.26834869384766,351.64459228515625,7.349400043487549,78.30687713623047,93.33439636230469,11.61087703704834,6.10770845413208,1658.123779296875,17.49668312072754,23.836429595947266
2016-06-02,53.7106819152832,103.9062728881836,351.1473083496094,7.343973159790039,78.42636108398438,93.09862518310547,12.200207710266113,6.1130547523498535,1653.1474609375,17.608299255371094,23.45421028137207
2016-06-03,52.7306022644043,103.72525787353516,356.56719970703125,7.284265518188477,78.66526794433594,93.46317291259766,12.40025520324707,6.035538196563721,1668.0762939453125,17.639551162719727,23.429269790649414
2016-06-06,52.58109664916992,105.39789581298828,366.3626708984375,7.474243640899658,80.87530517578125,94.65861511230469,12.767911911010742,6.227991104125977,1692.9581298828125,17.536865234375,23.867677688598633
2016-06-07,52.713993072509766,105.1734619140625,371.1858825683594,7.647934436798096,82.2491226196289,94.83663177490234,12.840903282165527,6.353620529174805,1747.6982421875,17.858312606811523,24.59834861755371
2016-06-08,52.486961364746094,106.3609390258789,374.46771240234375,7.669646263122559,83.56317138671875,96.37120056152344,13.19233512878418,6.369657516479492,1791.4901123046875,17.7154483795166,24.376338958740234
2016-06-09,52.110443115234375,106.15094757080078,372.0809020996094,7.631649494171143,82.42830657958984,96.17620086669922,12.894967079162598,6.2306647300720215,1776.0633544921875,17.39846420288086,24.081266403198242
2016-06-10,51.612091064453125,105.99890899658203,368.6997985839844,7.474243640899658,81.59208679199219,96.42204284667969,12.786833763122559,6.0676140785217285,1771.584716796875,16.434114456176758,23.63442611694336
2016-06-13,50.964237213134766,104.29003143310547,366.8600158691406,7.300549030303955,80.87530517578125,95.70140075683594,12.313748359680176,5.9713873863220215,1763.62255859375,15.858184814453125,23.31405258178711
2016-06-14,49.9786262512207,104.19589233398438,356.2191467285156,7.164849281311035,79.50149536132812,95.33684539794922,11.708198547363281,5.821700572967529,1713.8590087890625,15.536735534667969,22.513124465942383
2016-06-15,50.5489501953125,104.01490783691406,357.5119934082031,7.257124423980713,79.50149536132812,94.955322265625,12.219131469726562,5.867141246795654,1706.8917236328125,15.835861206054688,22.7154598236084
2016-06-16,50.421600341796875,104.52899169921875,362.83245849609375,7.181135177612305,77.76932525634766,95.05707550048828,12.024491310119629,5.8819708824157715,1719.3326416015625,15.947476387023926,22.751996994018555
2016-06-17,50.560028076171875,103.76870727539062,371.08648681640625,7.463386058807373,80.93504333496094,95.04007720947266,12.356999397277832,6.0384931564331055,1757.6507568359375,16.523406982421875,23.190404891967773
2016-06-20,51.800357818603516,104.29724884033203,376.85430908203125,7.685929298400879,82.78667449951172,95.48098754882812,12.867934226989746,6.2005085945129395,1785.5181884765625,17.001115798950195,24.011001586914062
2016-06-21,52.176883697509766,103.65283203125,380.1858825683594,7.783633708953857,81.59208679199219,94.8281478881836,12.327261924743652,6.249937057495117,1799.9495849609375,16.84485626220703,24.17961883544922
2016-06-22,52.442665100097656,103.9062728881836,381.2798156738281,7.664218902587891,83.20481872558594,95.68446350097656,12.25968074798584,6.255428791046143,1801.940673828125,16.902894973754883,24.185239791870117
2016-06-23,53.262168884277344,105.73096466064453,384.81005859375,7.913902759552002,84.27994537353516,97.6683349609375,13.000397682189941,6.4256815910339355,1843.244384765625,17.760093688964844,24.55620002746582
2016-06-24,50.31639862060547,101.45886993408203,391.4731140136719,7.186561107635498,82.78667449951172,93.50556945800781,11.329730033874512,5.722701549530029,1863.1497802734375,15.559054374694824,22.8306884765625
2016-06-27,49.1203498840332,97.6211929321289,392.76593017578125,7.181135177612305,80.87530517578125,90.72473907470703,10.829611778259277,5.604622840881348,1897.9847412109375,15.179569244384766,22.664875030517578
2016-06-28,49.87895584106445,98.99699401855469,402.2134094238281,7.414535045623779,82.0699234008789,91.97100067138672,10.726882934570312,5.769384384155273,1911.9180908203125,15.6617431640625,23.263463973999023
2016-06-29,51.512420654296875,101.47444152832031,422.4508361816406,7.761923313140869,84.87725830078125,93.810791015625,11.218894004821777,6.195016384124756,1990.5443115234375,15.992120742797852,24.140268325805664
2016-06-30,52.08274841308594,103.5001449584961,435.72711181640625,7.881335258483887,86.07188415527344,95.28599548339844,11.059393882751465,6.266412258148193,2037.81982421875,16.08141326904297,24.38196563720703
2016-07-01,52.426055908203125,102.69865417480469,442.93695068359375,8.044173240661621,87.20674896240234,96.13381958007812,11.894728660583496,6.411951065063477,2066.1845703125,16.97879409790039,24.592727661132812
2016-07-04,52.309776306152344,,444.3291015625,7.881335258483887,87.86378479003906,,12.151548385620117,6.357031345367432,2041.3031005859375,16.340354919433594,24.38196563720703
2016-07-05,51.77266311645508,100.91337585449219,451.0418395996094,7.821628093719482,86.60944366455078,94.51445770263672,11.56762409210205,6.252683162689209,2093.555419921875,15.259929656982422,23.9913330078125
2016-07-06,49.61316680908203,101.54730987548828,446.9147644042969,7.675075531005859,84.87725830078125,94.81121063232422,11.324322700500488,6.140095233917236,2072.1572265625,15.108134269714355,23.474241256713867
2016-07-07,49.812503814697266,101.773193359375,450.7931213378906,7.7184977531433105,88.6402816772461,94.81966400146484,11.47030258178711,6.255428791046143,2087.086669921875,15.175105094909668,23.63442611694336
2016-07-08,49.76266860961914,105.18339538574219,454.4727478027344,7.870480060577393,87.26647186279297,97.27832794189453,12.081259727478027,6.398221492767334,2092.063232421875,16.15730857849121,23.971656799316406
2016-07-11,51.03622055053711,105.55499267578125,456.4616394042969,7.962753772735596,88.40135955810547,96.95616912841797,12.757096290588379,6.4421586990356445,2091.066650390625,17.197555541992188,24.365089416503906
2016-07-12,51.70068359375,107.62444305419922,459.24609375,8.038745880126953,88.9986572265625,99.18592071533203,13.849249839782715,6.670077323913574,2097.536376953125,17.581514358520508,24.69390869140625
2016-07-13,51.82804489135742,107.78470611572266,453.1800231933594,7.941042423248291,89.1778564453125,99.66072845458984,13.608651161193848,6.5904436111450195,2078.1279296875,17.28238296508789,24.449399948120117
2016-07-14,52.49803924560547,108.49881744384766,452.1357421875,8.087594985961914,88.9986572265625,100.33897399902344,13.94657039642334,6.69204568862915,2073.649658203125,17.670804977416992,24.842845916748047
2016-07-15,53.0960578918457,108.82672119140625,454.6219177246094,7.989893913269043,89.47653198242188,100.88154602050781,13.85195255279541,6.670077323913574,2075.639892578125,17.621694564819336,24.691089630126953
2016-07-18,53.08498001098633,108.71015930175781,446.81536865234375,7.903045654296875,88.04297637939453,100.60179901123047,14.11147403717041,6.612410545349121,2061.706787109375,17.666336059570312,24.44097328186035
2016-07-19,52.675228118896484,108.84860229492188,450.2959899902344,7.8759074211120605,88.04297637939453,100.19482421875,13.576213836669922,6.4943318367004395,2085.59228515625,17.295778274536133,24.471891403198242
2016-07-20,52.66415786743164,108.82672119140625,448.70489501953125,7.799915790557861,87.80406188964844,100.27112579345703,13.570805549621582,6.483348369598389,2074.64501953125,17.545795440673828,24.491558074951172
2016-07-21,52.64201354980469,108.06161499023438,448.3071594238281,7.756493091583252,89.11810302734375,99.77093505859375,13.814106941223145,6.631633281707764,2072.654296875,17.51007843017578,24.3931941986084
2016-07-22,52.957618713378906,108.30209350585938,449.599853515625,7.723923683166504,86.5497055053711,99.78787231445312,14.027668952941895,6.579459190368652,2082.110595703125,17.41632080078125,24.21615219116211
2016-07-25,53.00192642211914,108.22197723388672,437.9148254394531,7.6153669357299805,84.33967590332031,99.82179260253906,14.211499214172363,6.461380481719971,2028.8623046875,17.675268173217773,23.7468318939209
2016-07-26,53.234493255615234,109.19105529785156,432.1966857910156,7.620795249938965,85.29537963867188,100.37284851074219,14.616999626159668,6.340554714202881,2049.265380859375,17.702054977416992,23.853626251220703
2016-07-27,53.59994125366211,108.57894134521484,431.6496887207031,7.6153669357299805,83.9813003540039,100.33048248291016,14.798123359680176,6.398221492767334,2033.839111328125,17.76456069946289,23.9913330078125
2016-07-28,52.70845413208008,108.56440734863281,424.2906188964844,7.419962406158447,80.93504333496094,99.28765106201172,14.717024803161621,6.17304801940918,1975.1177978515625,18.157442092895508,23.878925323486328
2016-07-29,52.81919860839844,108.87775421142578,424.4895935058594,7.425390243530273,79.32230377197266,98.80445098876953,15.541546821594238,6.192269325256348,1934.8087158203125,18.30477523803711,24.03348159790039
2016-08-01,51.54010772705078,108.68094635009766,416.0364074707031,7.278838157653809,78.84446716308594,98.2618408203125,15.557764053344727,6.1016526222229,1879.571533203125,17.992252349853516,23.65972328186035
2016-08-02,50.8092041015625,108.0105972290039,411.611083984375,7.126853942871094,77.94850158691406,98.38900756835938,14.733242988586426,5.980825424194336,1840.2587890625,17.550262451171875,23.305620193481445
2016-08-03,50.98085403442383,107.99606323242188,412.7050476074219,7.175707817077637,78.42636108398438,98.8383560180664,14.7467622756958,6.024763107299805,1827.8175048828125,17.56365203857422,23.38149642944336
2016-08-04,50.737213134765625,108.57170104980469,414.1230163574219,7.191988945007324,79.91963195800781,98.9146499633789,15.190108299255371,6.230714797973633,1885.5435791015625,17.92528533935547,23.7327823638916
2016-08-05,51.61762619018555,108.72473907470703,417.1070861816406,7.278838157653809,80.51691436767578,98.94855499267578,15.592907905578613,6.3158416748046875,1890.022216796875,18.474428176879883,24.137460708618164
2016-08-08,51.76713943481445,108.39679718017578,419.8919372558594,7.3656840324401855,81.11421966552734,99.03330993652344,15.87405776977539,6.387238502502441,1909.9273681640625,18.791412353515625,24.16556739807129
2016-08-09,53.03514862060547,108.64454650878906,422.92559814453125,7.35482931137085,81.71154022216797,99.12657165527344,15.949752807617188,6.444903373718262,1909.4300537109375,19.443239212036133,24.390380859375
2016-08-10,53.19572830200195,108.59355926513672,420.7373962402344,7.3331170082092285,80.87942504882812,98.76202392578125,15.395563125610352,6.433920383453369,1907.4390869140625,18.85391616821289,24.19647979736328
2016-08-11,53.793739318847656,108.60811614990234,429.9876403808594,7.436245918273926,80.81889343261719,99.17744445800781,15.360419273376465,6.530030727386475,1913.763427734375,19.036964416503906,24.46064567565918
2016-08-12,53.72175979614258,109.18375396728516,430.3855895996094,7.436245918273926,80.87942504882812,98.99940490722656,15.090084075927734,6.546505928039551,1910.2784423828125,19.24233627319336,24.365089416503906
2016-08-15,53.69961166381836,110.40797424316406,434.5133056640625,,81.12158966064453,100.06765747070312,15.190108299255371,6.639872074127197,1923.71728515625,19.23340606689453,24.401626586914062
2016-08-16,54.96208572387695,111.3187484741211,433.9165344238281,7.4579572677612305,81.90857696533203,102.81460571289062,15.676712989807129,6.708522796630859,1921.2286376953125,19.22001075744629,24.455018997192383
2016-08-17,54.50250244140625,112.010986328125,430.4352111816406,7.3656840324401855,79.91081237792969,102.11089324951172,15.176591873168945,6.6069183349609375,1918.7403564453125,18.71997833251953,24.362279891967773
2016-08-18,54.707374572753906,112.9218521118164,433.2201843261719,7.4579572677612305,81.2426528930664,103.34024047851562,15.652382850646973,6.681061267852783,1923.2203369140625,19.30037498474121,24.53371238708496
2016-08-19,54.46373748779297,113.439208984375,432.02667236328125,7.311404705047607,81.42428588867188,103.90826416015625,15.473959922790527,6.593189239501953,1917.7449951171875,19.41645622253418,24.20490837097168
2016-08-22,53.93217086791992,113.29349517822266,425.611083984375,7.295120716094971,79.97135925292969,103.79804992675781,15.149557113647461,6.546505928039551,1892.3609619140625,18.82712745666504,23.862062454223633
2016-08-23,54.20903396606445,113.25698852539062,426.30755615234375,7.392824172973633,79.78972625732422,103.81499481201172,15.457743644714355,6.5904436111450195,1884.3970947265625,19.0458927154541,24.041912078857422
2016-08-24,54.23670959472656,113.09674072265625,426.705322265625,7.3331170082092285,80.27404022216797,103.50978088378906,15.127930641174316,6.5904436111450195,1869.963134765625,18.943208694458008,24.01943588256836
2016-08-25,53.77159118652344,113.47561645507812,429.6892395019531,7.246269702911377,79.91081237792969,104.31525421142578,15.065753936767578,6.5767130851745605,1868.47021484375,18.885168075561523,23.93231201171875
2016-08-26,54.79043960571289,112.3971939086914,432.5240173339844,7.387393951416016,80.33457946777344,103.28089141845703,15.468558311462402,6.637125015258789,1886.8861083984375,19.054824829101562,24.404436111450195
2016-08-29,54.4969596862793,113.59220123291016,,7.311404705047607,80.33457946777344,103.64544677734375,15.01439380645752,6.549254417419434,,18.81820297241211,24.176809310913086
2016-08-30,54.624324798583984,114.14602661132812,431.3800964355469,7.436245918273926,81.12158966064453,103.87434387207031,14.854896545410156,6.639872074127197,1892.3609619140625,18.795875549316406,24.446592330932617
2016-08-31,54.44712448120117,113.39544677734375,425.611083984375,7.349400043487549,79.78972625732422,103.4674072265625,14.303411483764648,6.612410545349121,1852.0450439453125,18.657474517822266,24.027856826782227
2016-09-01,54.09274673461914,113.89098358154297,416.51007080078125,7.295120716094971,78.09465789794922,104.15415954589844,14.327740669250488,6.689300060272217,1812.2266845703125,18.880704879760742,23.915449142456055
2016-09-02,54.784889221191406,114.46664428710938,428.6946105957031,7.447100639343262,79.91081237792969,104.65432739257812,14.695398330688477,6.878774642944336,1861.9993896484375,19.31822967529297,24.722003936767578
2016-09-05,54.65201187133789,,432.4742126464844,7.506809234619141,81.72697448730469,,15.098196983337402,6.876029014587402,1881.9083251953125,19.554855346679688,24.882183074951172
2016-09-06,54.59663391113281,114.69253540039062,425.3625793457031,7.4579572677612305,80.51618957519531,104.20222473144531,14.892741203308105,6.788156032562256,1853.5380859375,19.49681282043457,24.78382682800293
2016-09-07,54.65754318237305,114.69253540039062,431.0321044921875,7.533950328826904,81.36373901367188,104.2705078125,15.327981948852539,6.928203582763672,1887.3834228515625,19.880767822265625,25.070476531982422
2016-09-08,53.79928207397461,113.59220123291016,434.8117370605469,7.6153669357299805,81.18213653564453,102.84596252441406,15.04953384399414,7.0215678215026855,1905.7996826171875,19.653074264526367,24.980533599853516
2016-09-09,52.946556091308594,110.41522979736328,429.8384704589844,7.474243640899658,79.06327056884766,100.1505126953125,14.584561347961426,6.917219161987305,1871.456298828125,19.15304183959961,24.6489315032959
2016-09-12,52.409446716308594,109.72297668457031,426.4068603515625,7.360256195068359,77.91304779052734,101.10588836669922,14.179057121276855,6.815615177154541,1848.561279296875,18.550323486328125,24.412872314453125
2016-09-13,54.928863525390625,107.63170623779297,418.30047607421875,7.115999698638916,76.33903503417969,100.65380859375,13.646498680114746,6.648109436035156,1823.1768798828125,18.211017608642578,23.6063232421875
2016-09-14,55.6552734375,106.9831771850586,415.266845703125,7.137711048126221,76.03636169433594,99.66429138183594,13.462671279907227,6.571220874786377,1807.2491455078125,18.246734619140625,23.31967544555664
2016-09-15,55.14362716674805,106.80829620361328,418.89739990234375,7.1702775955200195,75.1282730102539,100.8328857421875,13.573509216308594,6.6069183349609375,1806.253662109375,18.40745735168457,23.33091163635254
2016-09-16,54.72294616699219,106.2399673461914,418.1513671875,7.007441997528076,75.73365783691406,100.38082122802734,13.286952018737793,6.464127063751221,1790.3267822265625,18.112796783447266,22.82225227355957
2016-09-19,55.09814453125,106.9686050415039,424.0197448730469,7.113868713378906,76.7022705078125,100.49169158935547,13.760040283203125,6.554745674133301,1824.172119140625,18.594970703125,23.429271697998047
2016-09-20,54.592201232910156,107.16536712646484,421.68231201171875,6.985034942626953,75.91526794433594,100.32109832763672,13.36805248260498,6.4997687339782715,1818.1995849609375,18.277984619140625,23.30282211303711
2016-09-21,54.393218994140625,108.38224792480469,422.03033447265625,7.007441997528076,76.33903503417969,100.65380859375,13.746522903442383,6.516300678253174,1821.6837158203125,18.452102661132812,23.33934783935547
2016-09-22,55.39945602416992,107.95231628417969,432.2753601074219,7.085861682891846,77.79196166992188,100.96937561035156,14.500757217407227,6.579459190368652,1845.5743408203125,18.969993591308594,24.19928741455078
2016-09-23,54.80253982543945,107.44954681396484,434.5630798339844,7.057854652404785,77.6103515625,99.66429138183594,14.863006591796875,6.5822038650512695,1856.5244140625,18.87177276611328,23.907020568847656
2016-09-26,53.68829345703125,108.09803771972656,429.6892395019531,6.929019927978516,76.58118438720703,99.31456756591797,14.652144432067871,6.502569675445557,1830.6422119140625,18.822664260864258,23.45456314086914
2016-09-27,53.59733200073242,108.45509338378906,425.9095764160156,6.895410537719727,75.0677490234375,99.80078887939453,14.368291854858398,6.3460469245910645,1792.3173828125,18.59943389892578,23.254928588867188
2016-09-28,54.43870162963867,109.14006805419922,429.9378967285156,6.917818069458008,75.85474395751953,100.95232391357422,14.66836166381836,6.409205436706543,1797.2950439453125,18.84052276611328,23.369007110595703
2016-09-29,54.1999397277832,109.67198181152344,448.5876770019531,7.2370991706848145,81.12158966064453,101.38738250732422,15.003579139709473,6.648109436035156,1915.754150390625,18.987852096557617,24.33867645263672
2016-09-30,54.26246643066406,109.5481185913086,447.5930480957031,7.181087493896484,81.06103515625,103.06774139404297,14.727836608886719,6.631633281707764,1905.3017578125,18.94767189025879,24.053470611572266
2016-10-03,54.933284759521484,110.72576141357422,455.94805908203125,7.220297336578369,81.12158966064453,103.41748046875,14.800827026367188,6.615157604217529,1943.6268310546875,,24.141889572143555
2016-10-04,55.19479751586914,108.16575622558594,465.4469909667969,7.265110015869141,82.02967071533203,102.6668472290039,14.833267211914062,6.700284004211426,1994.8929443359375,19.148578643798828,24.589651107788086
2016-10-05,54.705894470214844,107.89794921875,469.4753112792969,7.43315315246582,82.93773651123047,102.6668472290039,14.938695907592773,6.755205154418945,2017.2906494140625,19.282512664794922,24.56683921813965
2016-10-06,53.5348014831543,108.61927795410156,470.9672546386719,7.43315315246582,83.30097961425781,103.0848159790039,14.971137046813965,6.746965408325195,2015.2998046875,19.13518524169922,24.558277130126953
2016-10-07,52.86967086791992,107.0735855102539,483.4004211425781,7.444356918334961,82.93773651123047,101.37884521484375,15.282023429870605,6.763442516326904,2059.099853515625,19.487890243530273,24.486982345581055
2016-10-10,53.09706115722656,107.32723236083984,491.8052673339844,7.618001461029053,85.17765808105469,101.31057739257812,15.73348331451416,6.966647624969482,2106.383544921875,20.037031173706055,24.96895980834961
2016-10-11,52.79576110839844,105.14736938476562,484.1463928222656,7.4723639488220215,83.9063491821289,99.91167449951172,15.428006172180176,6.914474010467529,2092.945068359375,19.77362060546875,24.720842361450195
2016-10-12,52.61384201049805,105.27420043945312,482.2068176269531,7.421949863433838,83.7852783203125,100.06521606445312,15.579392433166504,6.952917098999023,2074.52978515625,19.853979110717773,24.92618751525879
2016-10-13,52.500152587890625,104.83822631835938,482.4057922363281,7.371537208557129,82.63505554199219,99.8860855102539,15.114418029785156,6.958409786224365,2063.578369140625,19.17983055114746,24.755062103271484
2016-10-14,52.966312408447266,105.14736938476562,486.8817138671875,7.51717472076416,84.02742004394531,99.95430755615234,15.360419273376465,6.9693922996521,2075.02734375,19.577177047729492,25.171443939208984
2016-10-17,52.34096908569336,104.85411071777344,481.16253662109375,7.455559253692627,82.75613403320312,99.86902618408203,15.465852737426758,6.851313591003418,2040.68359375,19.510210037231445,24.869142532348633
2016-10-18,52.926513671875,106.07481384277344,483.3008728027344,7.58999490737915,81.48480224609375,101.07176208496094,15.622647285461426,6.955663681030273,2044.665283203125,19.697721481323242,25.114408493041992
2016-10-19,52.784400939941406,106.14615631103516,487.5282287597656,7.612399578094482,82.45339965820312,102.25741577148438,15.91190242767334,7.057265758514404,2065.570556640625,19.73343849182129,25.185705184936523
2016-10-20,52.93220520019531,106.52664184570312,487.4286804199219,7.690818786621094,81.9691162109375,102.16358184814453,15.960564613342285,7.139647006988525,2067.561767578125,19.639678955078125,25.359676361083984
2016-10-21,53.023155212402344,106.56621551513672,490.1142578125,7.713225841522217,82.81666564941406,102.25741577148438,16.68776512145996,7.125916481018066,2066.565185546875,19.925411224365234,25.279830932617188
2016-10-24,52.77302169799805,106.85955047607422,484.3453063964844,7.690818786621094,82.75613403320312,101.98446655273438,16.774272918701172,7.175345420837402,2058.602294921875,20.197755813598633,25.29692840576172
2016-10-25,53.43246841430664,105.82909393310547,492.50146484375,7.66281270980835,83.1193618774414,101.10588836669922,16.995948791503906,7.112185955047607,2074.031982421875,19.563779830932617,25.359676361083984
2016-10-26,52.30685806274414,105.40895080566406,485.3399658203125,7.58439302444458,81.66642761230469,101.1399917602539,16.728313446044922,7.090219497680664,2039.1903076171875,19.063751220703125,25.10584831237793
2016-10-27,52.61953353881836,105.74186706542969,490.8603515625,7.702023029327393,83.4825668334961,99.42546081542969,16.57962989807129,7.10669469833374,2072.041015625,19.161970138549805,25.419570922851562
2016-10-28,53.165283203125,106.06686401367188,489.517578125,7.567589282989502,83.72474670410156,100.17607879638672,16.52286148071289,7.1231689453125,2061.588623046875,18.751232147216797,25.325462341308594
2016-10-31,52.687747955322266,105.75772857666016,481.11279296875,7.399543762207031,81.9691162109375,99.85194396972656,16.5931453704834,7.010583877563477,2029.2359619140625,18.831592559814453,24.937589645385742
2016-11-01,52.27274703979492,104.83822631835938,459.57855224609375,7.281912803649902,81.72697448730469,98.93072509765625,16.295780181884766,6.950170993804932,2105.388427734375,18.309236526489258,24.683767318725586
2016-11-02,52.016929626464844,105.86077880859375,454.8538818359375,7.175486087799072,79.3381118774414,98.09478759765625,16.182233810424805,6.785409450531006,2045.163330078125,18.166370391845703,24.184667587280273
2016-11-03,51.5109748840332,105.49615478515625,448.93572998046875,7.119471073150635,80.74939727783203,97.95829010009766,16.357954025268555,6.86504602432251,2029.2359619140625,17.90296173095703,24.1390380859375
2016-11-04,51.681522369384766,105.71810913085938,444.0619812011719,7.052255153656006,80.99481964111328,97.66828918457031,16.022741317749023,6.812870025634766,2007.335693359375,17.652944564819336,24.027814865112305
2016-11-07,52.579734802246094,108.65892791748047,451.02447509765625,7.153079509735107,82.59017181396484,100.21023559570312,16.57422637939453,6.854060173034668,2046.1585693359375,18.112796783447266,24.4613094329834
2016-11-08,52.767337799072266,108.54003143310547,454.10797119140625,7.197891712188721,84.06282043457031,100.52582550048828,15.855133056640625,6.876029014587402,2074.52978515625,18.224409103393555,24.643840789794922
2016-11-09,53.09706115722656,108.76991271972656,455.6496887207031,7.169885158538818,83.63328552246094,101.23379516601562,17.517690658569336,6.939187526702881,2063.578369140625,18.978923797607422,24.80925178527832
2016-11-10,54.1601448059082,110.95764923095703,446.576171875,7.141877174377441,85.7195053100586,102.55596160888672,17.704221725463867,6.859551906585693,2029.1021728515625,19.05928611755371,24.863435745239258
2016-11-11,53.98390579223633,109.81620025634766,433.0964050292969,7.029848575592041,83.81736755371094,100.52582550048828,17.22303009033203,6.675570487976074,1940.4908447265625,18.858381271362305,24.21319007873535
2016-11-14,54.290889739990234,109.37232208251953,431.2062072753906,6.867405891418457,82.34471893310547,99.62163543701172,18.07187843322754,6.656347751617432,1919.582275390625,19.40752410888672,24.047765731811523
2016-11-15,53.421104431152344,109.4991455078125,442.4974060058594,7.0018391609191895,84.79911804199219,99.86902618408203,17.97455596923828,6.788156032562256,1980.8140869140625,19.358413696289062,24.82065773010254
2016-11-16,53.085693359375,109.97472381591797,439.6124267578125,6.957027435302734,85.47408294677734,99.92874145507812,18.066471099853516,6.774426460266113,1966.874755859375,19.24233627319336,24.737951278686523
2016-11-17,53.887264251708984,109.38816833496094,444.885009765625,7.057854652404785,86.27176666259766,99.19512939453125,18.109724044799805,6.810123443603516,1984.2984619140625,18.93427848815918,24.914766311645508
2016-11-18,53.35289001464844,109.35646057128906,445.3326416015625,6.934621810913086,85.35136413574219,98.7601089477539,17.766399383544922,6.681061267852783,1976.33349609375,18.90749168395996,24.59535026550293
2016-11-21,53.500694274902344,110.76739501953125,453.88824462890625,7.041049003601074,88.41935729980469,99.5790023803711,17.93400764465332,6.749712944030762,2004.7093505859375,18.90749168395996,25.0972900390625
2016-11-22,53.671234130859375,110.74365234375,453.88824462890625,7.113868713378906,89.33976745605469,99.6557846069336,18.95587158203125,6.7606964111328125,2017.1546630859375,19.43877410888672,25.18856430053711
2016-11-23,53.449527740478516,111.5679931640625,455.7782287597656,7.113868713378906,89.4011001586914,101.25940704345703,19.12618637084961,6.7442193031311035,2011.1807861328125,19.599502563476562,25.128671646118164
2016-11-24,53.773563385009766,,456.4747009277344,7.141877174377441,89.83065032958984,,19.39651870727539,6.755205154418945,2012.1761474609375,19.581642150878906,25.15148162841797
2016-11-25,53.85884094238281,112.19419860839844,452.5948486328125,7.153079509735107,89.0329360961914,101.57502746582031,19.407333374023438,6.69204568862915,2002.2198486328125,19.01464080810547,25.154338836669922
2016-11-28,53.34719467163086,112.38446807861328,449.9088439941406,7.0466508865356445,88.54206085205078,101.24234771728516,19.17484474182129,6.653600692749023,1980.8140869140625,18.74230194091797,25.117259979248047
2016-11-29,53.9213752746582,113.72406005859375,440.2590637207031,7.0914626121521,85.7195053100586,104.21930694580078,19.064006805419922,6.634378910064697,1940.4908447265625,18.795875549316406,25.051668167114258
2016-11-30,54.62062454223633,114.50880432128906,457.071533203125,7.3603315353393555,89.5238265991211,102.61566925048828,19.26946449279785,6.9199652671813965,2017.1546630859375,19.126256942749023,25.642030715942383
2016-12-01,54.55809020996094,114.19966125488281,467.61676025390625,7.623602390289307,93.14404296875,102.12946319580078,19.63170623779297,7.081980228424072,2063.94873046875,19.0458927154541,25.701919555664062
2016-12-02,54.18288040161133,114.58014678955078,464.2344665527344,7.58439302444458,91.73275756835938,102.00150299072266,19.385705947875977,7.005091667175293,2039.0587158203125,19.001245498657227,25.613500595092773
2016-12-05,54.75706100463867,116.78376770019531,462.5430908203125,7.668412208557129,91.42598724365234,102.79979705810547,20.3372859954834,7.0874714851379395,2045.0321044921875,19.58610725402832,25.639171600341797
2016-12-06,55.814449310302734,116.18132019042969,461.15045166015625,7.819655418395996,90.38285064697266,102.16461181640625,20.299436569213867,7.0847249031066895,2043.0408935546875,19.675399780273438,25.71617317199707
2016-12-07,57.41758728027344,117.74284362792969,470.99908447265625,7.898074626922607,91.36460876464844,104.9457778930664,21.310487747192383,7.131407260894775,2086.350341796875,20.9835205078125,26.09548568725586
2016-12-08,58.41245651245117,118.15510559082031,474.5307312011719,7.970892906188965,92.7759017944336,105.546630859375,22.010658264160156,7.202805995941162,2080.8740234375,21.608558654785156,26.189599990844727
2016-12-09,59.12306594848633,118.54349517822266,473.73492431640625,7.98209810256958,94.43263244628906,106.37064361572266,20.764413833618164,7.0874714851379395,2078.385009765625,20.992450714111328,26.480501174926758
2016-12-12,58.98093795776367,118.61485290527344,480.8975830078125,8.278973579406738,95.90524291992188,105.99298858642578,20.840106964111328,7.202805995941162,2109.25048828125,20.979055404663086,26.802770614624023
2016-12-13,59.12306594848633,118.20259094238281,480.2012023925781,8.362997055053711,95.23027038574219,106.20758056640625,20.139936447143555,7.243995189666748,2123.6875,20.929946899414062,27.053752899169922
2016-12-14,59.03779602050781,117.45751190185547,478.5101318359375,8.334989547729492,95.41437530517578,105.22045135498047,20.491374969482422,7.249486446380615,2126.6748046875,20.894229888916016,26.8712158203125
2016-12-15,59.91896057128906,118.17886352539062,477.01788330078125,8.385404586791992,94.7393798828125,105.9500732421875,20.158859252929688,7.301661014556885,2145.591552734375,21.01923942565918,27.0908145904541
2016-12-16,60.28847885131836,116.86302185058594,487.1649475097656,8.43021297454834,96.94834899902344,105.14320373535156,20.158859252929688,7.592739105224609,2165.504150390625,20.773685455322266,27.49864959716797
2016-12-19,60.26005172729492,117.09288024902344,488.25933837890625,8.379800796508789,96.2120361328125,105.58097076416016,19.220802307128906,7.525198936462402,2190.39453125,20.554920196533203,27.318981170654297
2016-12-20,59.74840545654297,116.91848754882812,492.5369873046875,8.486228942871094,96.7642593383789,101.62384033203125,19.63170623779297,7.654654026031494,2196.866455078125,20.693321228027344,27.532882690429688
2016-12-21,59.83368682861328,116.79962158203125,494.178466796875,8.49743366241455,96.64156341552734,101.74402618408203,19.758766174316406,7.58148193359375,2187.9052734375,20.595102310180664,27.495332717895508
2016-12-22,59.71998596191406,115.80083465576172,500.3962097167969,8.49743366241455,96.8869857788086,100.5937728881836,19.28568458557129,7.553341388702393,2203.835693359375,20.416519165039062,27.83905601501465
2016-12-23,59.805259704589844,116.1099624633789,500.3962097167969,8.592657089233398,96.82562255859375,100.93712615966797,19.155916213989258,7.561784267425537,2203.835693359375,20.295974731445312,27.93726348876953
2016-12-27,59.91896057128906,116.8233642578125,,8.592657089233398,97.31652069091797,101.76116943359375,19.10455894470215,7.584296703338623,,20.188825607299805,27.945926666259766
2016-12-28,59.975807189941406,115.03195190429688,506.265625,8.57585334777832,98.05281066894531,100.84271240234375,19.455989837646484,7.542083740234375,2223.74853515625,20.407590866088867,28.145233154296875
2016-12-29,59.975807189941406,115.11966705322266,508.55364990234375,8.648673057556152,97.991455078125,100.78262329101562,19.04779052734375,7.587110996246338,2236.691650390625,20.304901123046875,28.096128463745117
2016-12-30,60.061073303222656,114.68111419677734,506.96197509765625,8.665475845336914,97.19377899169922,100.5937728881836,18.966686248779297,7.553341388702393,2232.70947265625,20.21561050415039,28.145233154296875
2017-01-02,59.91896057128906,,,8.760703086853027,98.17556762695312,,19.01264190673828,7.612438678741455,,20.496877670288086,28.19144058227539
2017-01-03,60.061073303222656,114.34622192382812,514.6221313476562,8.75510025024414,99.95497131347656,100.34485626220703,19.258649826049805,7.671535968780518,2246.150634765625,20.554920196533203,28.266550064086914
2017-01-04,60.004234313964844,115.34295654296875,516.6116333007812,8.788707733154297,97.86872100830078,100.30191040039062,19.20187759399414,7.688423156738281,2265.0673828125,20.23793601989746,28.252107620239258
2017-01-05,60.03264617919922,114.20266723632812,514.6221313476562,8.760703086853027,99.40274047851562,99.28902435302734,19.856090545654297,7.699679851531982,2253.61767578125,20.313831329345703,28.266550064086914
2017-01-06,60.28847885131836,115.1117172241211,511.8364562988281,8.805513381958008,98.359619140625,99.74397277832031,19.650632858276367,7.710935115814209,2257.599853515625,20.202219009399414,28.174114227294922
2017-01-09,59.52100372314453,116.66663360595703,510.8418273925781,8.6206636428833,97.5005874633789,100.04440307617188,19.526277542114258,7.637765884399414,2245.15478515625,20.081676483154297,27.778406143188477
2017-01-10,59.37887954711914,115.82936096191406,509.0511169433594,8.710288047790527,97.991455078125,99.44354248046875,20.42108726501465,7.722193241119385,2239.180908203125,20.470096588134766,27.86217498779297
2017-01-11,59.94738006591797,116.42737579345703,510.6427001953125,8.70468807220459,98.60507202148438,100.36199951171875,20.856325149536133,7.82350492477417,2264.072021484375,21.148706436157227,28.018142700195312
2017-01-12,59.23677062988281,116.29183197021484,512.7320556640625,8.659875869750977,98.66642761230469,100.64527130126953,20.148048400878906,7.896674633026123,2272.534423828125,20.97012710571289,28.130788803100586
2017-01-13,59.663143157958984,115.90111541748047,515.3186645507812,8.777504920959473,99.8322525024414,100.49935150146484,20.602209091186523,7.997986316680908,2271.53857421875,21.278182983398438,28.217445373535156
2017-01-16,58.49773025512695,,509.946533203125,8.626267433166504,99.21863555908203,,20.761707305908203,7.9388885498046875,2271.041259765625,21.385332107543945,27.995038986206055
2017-01-17,58.27033615112305,115.89314270019531,499.40130615234375,8.665475845336914,98.4209976196289,100.36199951171875,20.329172134399414,7.9388885498046875,2231.71337890625,21.340686798095703,27.841947555541992
2017-01-18,58.21348571777344,116.68254852294922,502.48529052734375,8.721489906311035,97.93013000488281,100.08731079101562,20.937427520751953,7.9529595375061035,2232.70947265625,21.43444061279297,27.876596450805664
2017-01-19,58.696693420410156,115.99681854248047,496.5660095214844,8.687884330749512,97.74600219726562,99.6581039428711,20.56436538696289,7.936074733734131,2198.857177734375,21.086204528808594,27.50689125061035
2017-01-20,58.5830078125,116.9137954711914,495.7702941894531,8.710288047790527,98.11418151855469,100.76544952392578,20.694122314453125,7.989543437957764,2213.29443359375,21.429977416992188,27.795730590820312
2017-01-23,58.35559844970703,116.47526550292969,484.6281433105469,8.57585334777832,96.94834899902344,100.15599060058594,20.585996627807617,7.879787921905518,2184.421630859375,21.179962158203125,27.43178939819336
2017-01-24,58.41245651245117,117.32047271728516,487.1649475097656,8.598258972167969,97.56195831298828,101.02296447753906,20.81577491760254,7.9248175621032715,2189.896484375,21.385332107543945,27.52132797241211
2017-01-25,58.924102783203125,118.43682098388672,485.5234680175781,8.486228942871094,97.93013000488281,102.63671875,20.364316940307617,8.020499229431152,2192.8837890625,21.66659927368164,27.73796272277832
2017-01-26,58.81039047241211,118.66011047363281,482.8872375488281,8.374200820922852,97.56195831298828,102.57666778564453,20.477855682373047,7.992356300354004,2179.442626953125,21.385332107543945,27.613744735717773
2017-01-27,58.128204345703125,113.23786163330078,484.27996826171875,8.273374557495117,97.00968170166016,103.17749786376953,20.55625343322754,7.930444717407227,2181.433837890625,21.74250030517578,27.28158187866211
2017-01-30,57.55971908569336,112.42450714111328,473.5856018066406,8.060515403747559,94.80074310302734,102.40496063232422,19.883119583129883,7.74752140045166,2144.59619140625,21.08662986755371,26.981185913085938
2017-01-31,56.8491096496582,111.44371032714844,470.40228271484375,7.959691524505615,94.12579345703125,101.66674041748047,19.434364318847656,7.688423156738281,2138.124755859375,20.97881317138672,26.955184936523438
2017-02-01,57.019649505615234,110.58248901367188,470.4517822265625,7.914878845214844,94.7393798828125,101.24613189697266,19.84256935119629,7.691236972808838,2127.669921875,21.225887298583984,26.989852905273438
2017-02-02,57.10493087768555,111.0609359741211,470.2530212402344,7.931683540344238,93.88035583496094,100.10448455810547,20.394054412841797,7.739076614379883,2156.04541015625,20.9653377532959,26.859861373901367
2017-02-03,57.360748291015625,111.76263427734375,476.12255859375,8.138938903808594,94.86212158203125,100.83412170410156,19.926376342773438,7.834761142730713,2183.42529296875,20.879985809326172,27.238250732421875
2017-02-06,56.53643798828125,110.87751770019531,474.0830078125,7.970892906188965,96.0279769897461,99.95000457763672,19.84256935119629,7.798176288604736,2165.504150390625,20.731740951538086,27.212251663208008
2017-02-07,56.962799072265625,110.67821502685547,454.73370361328125,7.9540886878967285,93.08268737792969,99.82982635498047,19.896638870239258,7.685608863830566,2144.59619140625,21.07764434814453,26.93496322631836
2017-02-08,56.93437194824219,110.51074981689453,453.5897521972656,7.920480251312256,90.50557708740234,99.82982635498047,19.86690330505371,7.6208815574646,2112.236572265625,20.89345932006836,27.053394317626953
2017-02-09,57.61656188964844,110.47087097167969,456.3254089355469,8.043713569641113,91.73275756835938,99.36628723144531,20.323766708374023,7.722193241119385,2133.145751953125,20.709278106689453,27.39712142944336
2017-02-10,57.758689880371094,111.73873901367188,457.2207336425781,8.066119194030762,92.40775299072266,99.76973724365234,22.221513748168945,7.699679851531982,2157.04052734375,21.212411880493164,27.68597412109375
2017-02-13,58.696693420410156,112.03375244140625,457.2207336425781,8.144537925720215,92.53046417236328,100.80834197998047,23.292037963867188,7.851647853851318,2164.010498046875,21.18994903564453,27.77262306213379
2017-02-14,58.35559844970703,113.33354187011719,457.12139892578125,8.144537925720215,91.61004638671875,100.70535278320312,23.219053268432617,7.840389251708984,2163.015380859375,20.97881317138672,27.697519302368164
2017-02-15,60.14635467529297,113.53290557861328,455.181396484375,8.054916381835938,90.50557708740234,100.93712615966797,23.6542911529541,7.837575912475586,2161.02392578125,21.07764434814453,27.70330047607422
2017-02-16,59.63471603393555,113.12618255615234,446.1583251953125,8.066119194030762,90.9964599609375,100.8598861694336,23.338001251220703,7.82069206237793,2114.107666015625,20.794631958007812,27.625303268432617
2017-02-17,59.57787322998047,112.8311538696289,443.7703857421875,7.909276962280273,90.2601318359375,100.79117584228516,23.108217239379883,7.668722152709961,2086.22509765625,20.57002067565918,27.405790328979492
2017-02-20,59.63471603393555,,442.9743957519531,7.98209810256958,90.50557708740234,,23.473167419433594,7.722193241119385,2071.287109375,20.59697723388672,27.483779907226562
2017-02-21,59.43574142456055,112.80719757080078,448.5462951660156,8.166945457458496,92.95997619628906,101.55516815185547,23.694841384887695,7.761593341827393,2085.228515625,20.817094802856445,27.960372924804688
2017-02-22,58.63984680175781,111.90618896484375,445.46185302734375,8.043713569641113,91.7415542602539,101.10880279541016,23.267711639404297,7.7081217765808105,2075.27099609375,21.77843475341797,27.905485153198242
2017-02-23,58.35559844970703,111.92213439941406,448.14837646484375,8.071720123291016,92.23845672607422,101.3405532836914,22.751371383666992,7.817878246307373,2079.75244140625,21.79191017150879,27.896820068359375
2017-02-24,58.07136535644531,112.32081604003906,444.86480712890625,8.010104179382324,91.3688735961914,101.38349151611328,22.424264907836914,7.778477191925049,2064.316162109375,21.47296142578125,27.57619857788086
2017-02-27,58.24191665649414,111.14070129394531,449.2427978515625,8.043713569641113,91.7415542602539,101.73542785644531,22.74326515197754,7.764408111572266,2065.81005859375,21.33370590209961,27.290254592895508
2017-02-28,57.92923355102539,112.00983428955078,451.2825012207031,8.133337020874023,92.17634582519531,101.89850616455078,22.46481704711914,7.879787921905518,2070.78955078125,21.19893455505371,27.180477142333984
2017-03-01,58.86724853515625,114.57744598388672,462.2774353027344,8.40220832824707,93.23229217529297,103.31483459472656,23.62725830078125,8.045828819274902,2114.604736328125,21.49542236328125,27.584863662719727
2017-03-02,58.41245651245117,112.08959197998047,462.5261535644531,8.407809257507324,93.04592895507812,101.95858001708984,23.129840850830078,8.045828819274902,2121.576416015625,21.127058029174805,27.610858917236328
2017-03-03,58.440879821777344,111.25231170654297,461.73016357421875,8.553447723388672,92.11421966552734,101.61986541748047,22.732446670532227,8.045828819274902,2128.54638671875,21.212411880493164,27.77262306213379
2017-03-06,58.440879821777344,111.0848617553711,460.48638916015625,8.452620506286621,92.17634582519531,101.73220825195312,22.316133499145508,8.057083129882812,2129.543212890625,20.817094802856445,27.746620178222656
2017-03-07,58.04293441772461,111.34801483154297,460.6853332519531,8.43021297454834,92.17634582519531,102.64818572998047,22.07012939453125,8.068342208862305,2136.513671875,20.623926162719727,27.558874130249023
2017-03-08,58.128204345703125,111.28419494628906,458.39678955078125,8.290177345275879,91.43098449707031,102.45806121826172,21.999839782714844,8.014870643615723,2117.09423828125,20.412790298461914,27.246912002563477
2017-03-09,58.156639099121094,110.50279235839844,451.7303161621094,8.234163284301758,90.00238800048828,101.09274291992188,21.72139549255371,7.922002792358398,2080.7470703125,20.28700828552246,27.030277252197266
2017-03-10,58.156639099121094,110.65426635742188,468.34674072265625,8.194955825805664,91.86578369140625,101.05819702148438,21.324005126953125,8.118995666503906,2104.6474609375,20.264549255371094,27.304697036743164
2017-03-13,58.81039047241211,109.89674377441406,461.1827697753906,8.206154823303223,91.61731719970703,100.85945129394531,22.329652786254883,8.107739448547363,2111.6181640625,20.731740951538086,27.209367752075195
2017-03-14,58.86724853515625,108.58902740478516,454.7153015136719,8.105331420898438,90.37506103515625,100.79895782470703,22.237735748291016,7.936074733734131,2083.2373046875,20.60595703125,26.747215270996094
2017-03-15,59.12306594848633,110.03228759765625,453.86962890625,8.217358589172363,92.05213165283203,102.50129699707031,22.51888656616211,8.034570693969727,2088.216796875,20.947370529174805,27.140037536621094
2017-03-16,59.52100372314453,110.01636505126953,456.9541931152344,8.407809257507324,92.48688507080078,101.205078125,23.07307243347168,8.152765274047852,2108.6298828125,21.037214279174805,27.226703643798828
2017-03-17,59.975807189941406,111.26028442382812,460.6853332519531,8.357396125793457,92.79749298095703,102.24203491210938,23.027116775512695,8.19498062133789,2114.107666015625,21.275304794311523,27.35956573486328
2017-03-20,60.061073303222656,110.59048461914062,458.7949523925781,8.31818675994873,92.11421966552734,102.17288970947266,22.867616653442383,8.138696670532227,2107.13623046875,21.023738861083984,26.949909210205078
2017-03-21,60.08949279785156,108.8043212890625,456.0586242675781,8.357396125793457,91.92790222167969,101.05819702148438,22.137712478637695,8.147138595581055,2103.6513671875,20.502635955810547,27.107925415039062
2017-03-22,60.26005172729492,108.7724380493164,452.47650146484375,8.340590476989746,90.80982971191406,101.16189575195312,22.013362884521484,8.135881423950195,2095.6845703125,20.282516479492188,27.061107635498047
2017-03-23,60.572731018066406,109.28275299072266,454.3173522949219,8.419011116027832,89.94025421142578,101.65444946289062,21.72139549255371,8.192167282104492,2088.7138671875,20.453222274780273,27.213266372680664
2017-03-24,60.373748779296875,107.60023498535156,449.5911865234375,8.396604537963867,89.44337463378906,100.59158325195312,21.591638565063477,8.088041305541992,2074.2744140625,20.381343841552734,27.04354476928711
2017-03-27,60.51586151123047,108.3817138671875,445.6607971191406,8.385404586791992,88.38742065429688,101.8704605102539,20.5400333404541,8.045828819274902,2069.295654296875,20.080364227294922,26.993797302246094
2017-03-28,60.373748779296875,109.44225311279297,451.1831359863281,8.43021297454834,88.82222747802734,102.6395034790039,20.95635223388672,8.068342208862305,2102.156982421875,20.381343841552734,27.163515090942383
2017-03-29,60.85696792602539,109.06745910644531,458.8943786621094,8.469423294067383,90.00238800048828,102.29386901855469,21.091516494750977,8.099296569824219,2121.078369140625,20.435253143310547,27.28056526184082
2017-03-30,60.71484375,108.88278198242188,459.3420715332031,8.581453323364258,92.05213165283203,102.48397827148438,21.57001304626465,8.21749496459961,2114.107666015625,20.614940643310547,27.549776077270508
2017-03-31,60.88539505004883,108.63386535644531,455.2625427246094,8.598258972167969,91.12039184570312,102.48397827148438,21.3185977935791,8.147138595581055,2087.2197265625,20.628419876098633,27.748743057250977
2017-04-03,60.800106048583984,108.36084747314453,453.81988525390625,8.469423294067383,92.05213165283203,101.96549987792969,21.01312255859375,8.051457405090332,2067.303955078125,20.844051361083984,27.48539924621582
2017-04-04,60.77168655395508,108.6820297241211,461.3320617675781,8.531041145324707,91.98999786376953,103.06293487548828,21.24290657043457,8.099296569824219,2090.705322265625,20.614940643310547,27.944795608520508
2017-04-05,60.88539505004883,108.59368896484375,462.8743591308594,8.486228942871094,93.54283142089844,102.07785034179688,21.223983764648438,8.245635986328125,2104.6474609375,20.516111373901367,28.091106414794922
2017-04-06,61.368614196777344,108.55352783203125,462.128173828125,8.49743366241455,92.54901885986328,103.14936065673828,21.0590763092041,8.344132423400879,2106.63916015625,20.417285919189453,28.401287078857422
2017-04-07,62.10764694213867,108.4090347290039,468.0484313964844,8.531041145324707,92.61114501953125,102.70001220703125,20.90768814086914,8.439817428588867,2136.513671875,20.260053634643555,28.676342010498047
2017-04-10,61.62443161010742,109.01124572753906,467.3020935058594,8.525440216064453,92.92172241210938,103.3221664428711,20.686017990112305,8.408862113952637,2134.521240234375,20.345407485961914,28.45980453491211
2017-04-11,60.85696792602539,109.54121398925781,468.34674072265625,8.536643028259277,92.30059051513672,102.98517608642578,20.27240562438965,8.361018180847168,2133.027587890625,20.179195404052734,28.51833152770996
2017-04-12,61.08436584472656,108.81050872802734,470.1378479003906,8.536643028259277,92.79749298095703,102.16426086425781,19.301902770996094,8.349764823913574,2122.07373046875,19.797353744506836,28.46565818786621
2017-04-13,61.11278533935547,107.83891296386719,468.744873046875,8.396604537963867,92.79749298095703,101.50755310058594,19.277572631835938,8.285036087036133,2097.6767578125,19.658090591430664,28.108661651611328
2017-04-17,,109.09153747558594,,,,102.00871276855469,,,,,
2017-04-18,60.68642044067383,108.61779022216797,450.3372802734375,8.222960472106934,89.38124084472656,102.24203491210938,18.085397720336914,8.102112770080566,2040.9150390625,19.114530563354492,27.573192596435547
2017-04-19,60.26005172729492,108.3688735961914,445.5614013671875,8.22856330871582,88.69802856445312,102.103759765625,18.755823135375977,8.09648323059082,1996.1036376953125,19.62664794921875,27.4210205078125
2017-04-20,60.800106048583984,109.92662811279297,444.41705322265625,8.222960472106934,88.07684326171875,103.4604263305664,19.134292602539062,8.110555648803711,1992.618408203125,19.28972816467285,27.546844482421875
2017-04-21,60.117919921875,110.24779510498047,439.1933898925781,8.133337020874023,87.82840728759766,103.33081817626953,19.301902770996094,8.045828819274902,1984.1539306640625,19.285236358642578,27.20155906677246
2017-04-24,62.96038818359375,112.22315216064453,447.05389404296875,8.375264167785645,88.82222747802734,106.29474639892578,19.883119583129883,8.259708404541016,2024.4842529296875,19.918643951416016,27.98868751525879
2017-04-25,63.07408142089844,113.80494689941406,447.004150390625,8.340702056884766,88.51164245605469,107.75506591796875,19.97503662109375,8.315991401672363,2035.9361572265625,20.453222274780273,27.98868751525879
2017-04-26,63.78469467163086,113.68453979492188,451.3821716308594,8.375264167785645,88.51164245605469,108.109375,19.91015625,8.338504791259766,2036.4342041015625,20.30497932434082,28.000402450561523
2017-04-27,63.10250473022461,113.2990951538086,440.4371643066406,8.248538970947266,87.3315200805664,108.4290771484375,19.191070556640625,8.19498062133789,2002.0784912109375,19.473907470703125,27.67267417907715
2017-04-28,62.87510681152344,112.81731414794922,440.28778076171875,8.21973991394043,88.01473999023438,107.99701690673828,19.580347061157227,8.180909156799316,1994.1123046875,19.63563346862793,27.605361938476562
2017-05-01,,114.04589080810547,,,,107.97974395751953,,,,,
2017-05-02,63.869972229003906,115.24230194091797,447.3523254394531,8.237019538879395,87.76629638671875,108.5068588256836,19.515464782714844,8.234380722045898,2003.5716552734375,19.896181106567383,27.4151668548584
2017-05-03,64.2110595703125,115.48319244384766,444.41705322265625,8.202458381652832,87.89051055908203,108.47229766845703,18.926137924194336,8.19498062133789,2009.5469970703125,19.74793815612793,27.368349075317383
2017-05-04,64.4100341796875,116.23797607421875,442.5763244628906,8.196699142456055,88.20108795166016,109.15494537353516,18.693645477294922,8.144323348999023,2016.517822265625,19.82879638671875,27.532211303710938
2017-05-05,65.46173858642578,118.21327209472656,449.09368896484375,8.404064178466797,91.05831909179688,111.88552856445312,19.47762107849121,8.21186637878418,2058.838623046875,20.228607177734375,28.091106414794922
2017-05-08,64.52373504638672,117.38622283935547,452.1781311035156,8.404064178466797,92.67327117919922,111.54854583740234,19.23431968688965,8.223121643066406,2073.279541015625,19.927631378173828,27.979915618896484
2017-05-09,65.0353775024414,116.6716079711914,453.4716491699219,8.49046802520752,93.41860961914062,111.14241790771484,19.423551559448242,8.248451232910156,2082.241455078125,20.16571617126465,27.98868751525879
2017-05-10,64.75112915039062,116.63143920898438,458.2475891113281,8.53654670715332,94.28821563720703,111.6176528930664,19.46410369873047,8.296293258666992,2103.6513671875,20.16571617126465,28.187671661376953
2017-05-11,64.43846130371094,115.51526641845703,453.7470397949219,8.582626342773438,95.03353881835938,111.54854583740234,19.539796829223633,8.259708404541016,2123.5673828125,20.003995895385742,28.0267276763916
2017-05-12,64.9785385131836,115.68392944335938,457.7774658203125,8.57686710357666,94.57978057861328,112.09293365478516,17.97455596923828,8.240007400512695,2136.01513671875,19.190898895263672,28.079408645629883
2017-05-15,65.09486389160156,116.49493408203125,461.9571228027344,8.640230178833008,96.59213256835938,112.48178100585938,18.553071975708008,8.330063819885254,2145.47607421875,19.406526565551758,28.295940399169922
2017-05-16,64.57132720947266,115.90875244140625,466.9828186035156,8.669032096862793,96.59213256835938,113.22489166259766,18.53955841064453,8.431373596191406,2158.91845703125,20.20615005493164,28.500768661499023
2017-05-17,63.72782516479492,114.47947692871094,468.2266845703125,8.53654670715332,,111.31523132324219,18.53955841064453,8.330063819885254,2175.847900390625,20.821582794189453,28.354459762573242
2017-05-18,63.75690460205078,114.5918960571289,466.7340087890625,8.559587478637695,95.460205078125,110.92637634277344,17.77899932861328,8.242822647094727,2100.025146484375,20.682327270507812,28.237417221069336
2017-05-19,64.45497131347656,114.90506744384766,469.8687744140625,8.663269996643066,96.34056854248047,111.66950988769531,18.116914749145508,8.35257625579834,2109.486328125,20.74521827697754,28.32520866394043
2017-05-22,64.33863067626953,115.07367706298828,471.6601867675781,8.651749610900879,96.59213256835938,112.17933654785156,18.170988082885742,8.355389595031738,2101.020263671875,20.60595703125,28.316425323486328
2017-05-23,64.80400848388672,114.68824768066406,471.9586486816406,8.634469985961914,96.15193939208984,112.30896759033203,18.1079044342041,8.490473747253418,2103.510986328125,21.136043548583984,28.20815658569336
2017-05-24,64.3095474243164,115.74015808105469,476.1879577636719,8.599907875061035,96.08899688720703,114.29642486572266,18.031309127807617,8.484844207763672,2109.486328125,21.041706085205078,28.17597007751465
2017-05-25,64.42589569091797,115.72408294677734,470.8141784667969,8.438624382019043,,114.00259399414062,17.67536735534668,8.476401329040527,2103.01318359375,21.526870727539062,27.93309783935547
2017-05-26,64.542236328125,115.55545806884766,472.257080078125,8.242779731750488,94.13959503173828,114.0372085571289,17.97724723815918,8.417304039001465,2109.486328125,21.594255447387695,27.760454177856445
2017-05-29,64.39679718017578,,,8.225499153137207,94.20246887207031,,17.900650024414062,8.448258399963379,,21.69757652282715,27.821901321411133
2017-05-30,63.34969711303711,115.6036376953125,469.81903076171875,8.248538970947266,93.5736083984375,113.7088394165039,17.986251831054688,8.44262981414795,2106.498779296875,21.531360626220703,27.8306884765625
2017-05-31,63.11701583862305,115.67588806152344,464.4450378417969,8.116057395935059,92.37879943847656,114.31375122070312,17.396024703979492,8.394789695739746,2091.559326171875,21.212411880493164,27.663890838623047
2017-06-01,63.9023323059082,116.49493408203125,467.7291564941406,8.213979721069336,92.50457000732422,115.86910247802734,17.567237854003906,8.437003135681152,2103.01318359375,20.906938552856445,27.608287811279297
2017-06-02,64.6294937133789,117.86797332763672,460.5141906738281,8.093016624450684,92.00147247314453,118.05533599853516,16.963489532470703,8.341320037841797,2078.611328125,21.122568130493164,27.388830184936523
2017-06-05,64.2513656616211,116.39859008789062,461.80792236328125,8.041173934936523,,115.95899963378906,16.927444458007812,8.361018180847168,2081.100830078125,21.122568130493164,27.17235565185547
2017-06-06,63.66963577270508,115.72408294677734,462.6537780761719,8.104536056518555,92.25299835205078,115.84599304199219,16.52644920349121,8.38353443145752,2088.07275390625,20.691312789916992,27.13083267211914
2017-06-07,63.14610290527344,115.11380767822266,454.5928649902344,7.9432501792907715,94.20246887207031,115.6634750366211,16.625572204589844,8.375091552734375,2061.180908203125,20.623926162719727,26.881738662719727
2017-06-08,63.02975845336914,115.22623443603516,454.14508056640625,8.000853538513184,92.50457000732422,115.57658386230469,16.940961837768555,8.361018180847168,2050.225830078125,21.37413215637207,27.00628089904785
2017-06-09,63.87325668334961,117.11323547363281,465.5396728515625,8.006612777709961,92.1272201538086,118.36649322509766,17.121183395385742,8.346948623657227,2098.033447265625,21.805391311645508,27.10118865966797
2017-06-12,63.4951286315918,115.97296142578125,468.62481689453125,8.041173934936523,93.636474609375,117.3061294555664,17.013051986694336,8.344630241394043,2123.429931640625,21.517887115478516,26.97662925720215
2017-06-13,64.07685852050781,117.45047760009766,467.8783874511719,8.064214706420898,93.32205200195312,118.4447021484375,17.062610626220703,8.344630241394043,2120.940673828125,21.684099197387695,26.967731475830078
2017-06-14,63.17518615722656,116.88037109375,459.3697509765625,7.977811813354492,92.31590270996094,117.49735260009766,16.73821258544922,8.191065788269043,2093.05224609375,21.44601058959961,26.54368019104004
2017-06-15,62.506195068359375,116.59931182861328,458.722900390625,7.931730270385742,90.366455078125,117.21051025390625,16.260618209838867,8.02011775970459,2074.128662109375,20.947370529174805,26.386510848999023
2017-06-16,63.87325668334961,116.8402328491211,464.3953857421875,7.977811813354492,90.3035659790039,118.20133972167969,16.098417282104492,8.051990509033203,2106.498779296875,21.158506393432617,26.5762939453125
2017-06-19,65.44390869140625,117.35411071777344,470.3663330078125,8.012372970581055,91.18395233154297,118.60115051269531,16.58051300048828,8.15629768371582,2121.9365234375,21.693084716796875,26.777952194213867
2017-06-20,65.58934020996094,116.2219009399414,458.0262451171875,7.8510894775390625,88.60567474365234,117.12361145019531,16.07138442993164,7.979554176330566,2082.09716796875,21.28877830505371,26.425065994262695
2017-06-21,65.50209045410156,115.210205078125,454.4934387207031,7.891409873962402,88.3541259765625,115.47227478027344,16.40479850769043,7.947680950164795,2056.200439453125,21.738004684448242,26.333139419555664
2017-06-22,65.09486389160156,115.82850646972656,454.5430908203125,7.868368625640869,87.5365982055664,115.13329315185547,16.913928985595703,7.875244617462158,2057.197998046875,22.73079490661621,26.3034725189209
2017-06-23,64.8621826171875,116.38251495361328,454.14508056640625,7.822289943695068,87.97681427001953,115.4201431274414,16.990522384643555,7.8404765129089355,2058.19384765625,22.757747650146484,26.161142349243164
2017-06-26,64.8621826171875,116.3584213256836,455.4935302734375,7.833810329437256,87.78815460205078,115.48965454101562,17.071622848510742,7.866552829742432,2075.715576171875,23.022789001464844,26.158166885375977
2017-06-27,64.60040283203125,115.4912109375,457.9874572753906,7.7877278327941895,88.41700744628906,114.9247055053711,17.62130355834961,7.886834144592285,2068.95849609375,22.829622268676758,26.333139419555664
2017-06-28,64.2513656616211,116.30223846435547,453.1001892089844,7.810769081115723,88.66856384277344,116.1501693725586,17.900650024414062,7.915809154510498,2065.663818359375,23.08119010925293,26.35388946533203
2017-06-29,62.97158432006836,114.58870697021484,447.7261962890625,7.661003112792969,87.91392517089844,114.4380111694336,17.711414337158203,7.837577819824219,2053.212890625,22.38039779663086,26.036590576171875
2017-06-30,62.942481994628906,115.63134765625,440.6606140136719,7.580361843109131,87.03353118896484,115.2028579711914,17.89614486694336,7.76514196395874,2026.8204345703125,22.348949432373047,25.67184829711914
2017-07-03,64.0186767578125,116.62550354003906,449.1195373535156,7.672524452209473,87.72525787353516,116.61953735351562,18.571979522705078,7.976655006408691,2063.174072265625,23.449552536010742,26.187820434570312
2017-07-04,63.4951286315918,,447.8257751464844,7.6955647468566895,88.16545104980469,,18.68011474609375,7.991143703460693,2064.6669921875,23.43158531188965,26.08403778076172
2017-07-05,63.20426559448242,115.26762390136719,442.0039978027344,7.586122512817383,86.09024047851562,115.29844665527344,18.463844299316406,7.854962348937988,2042.2579345703125,23.62026023864746,25.695571899414062
2017-07-06,62.70980453491211,114.87965393066406,443.74560546875,7.540040016174316,86.53044891357422,115.09855651855469,18.364723205566406,7.878143310546875,2042.7554931640625,23.47650909423828,25.562118530273438
2017-07-07,62.47710418701172,116.39920043945312,441.8548583984375,7.465159893035889,85.52426147460938,115.64608001708984,18.094390869140625,7.788321018218994,2035.7838134765625,23.287832260131836,25.182538986206055
2017-07-10,62.797061920166016,115.98698425292969,441.60595703125,7.4882001876831055,86.4675521850586,115.88944244384766,18.517911911010742,7.808603763580322,2032.796142578125,23.494474411010742,25.363435745239258
2017-07-11,62.24441909790039,115.39697265625,440.3122863769531,7.470917701721191,86.65621185302734,115.55919647216797,18.83330535888672,7.808603763580322,2036.2822265625,23.781980514526367,25.30708885192871
2017-07-12,63.52421569824219,116.17293548583984,448.47265625,7.597644329071045,88.3541259765625,116.306640625,19.130674362182617,7.886834144592285,2068.154052734375,24.01557731628418,25.54728889465332
2017-07-13,63.291526794433594,116.69019317626953,444.6909484863281,7.609163284301758,87.85102081298828,116.09803009033203,19.567710876464844,8.014323234558105,2055.206298828125,24.10093116760254,25.56804656982422
2017-07-14,63.640560150146484,117.66014099121094,442.6508483886719,7.626441955566406,88.66856384277344,116.73251342773438,19.77496910095215,8.060680389404297,2041.760009765625,23.867334365844727,25.701492309570312
2017-07-17,63.75690460205078,117.64397430419922,445.6861572265625,7.609163284301758,88.10259246826172,116.93240356445312,20.03178596496582,8.034603118896484,2049.230224609375,24.024560928344727,25.662940979003906
2017-07-18,63.11701583862305,117.39338684082031,443.2976989746094,7.568841457366943,87.41084289550781,116.6021499633789,19.802001953125,7.938986778259277,2051.72021484375,23.728073120117188,25.452396392822266
2017-07-19,63.55329132080078,118.17741394042969,443.7953796386719,7.563080310821533,87.5365982055664,117.8710708618164,20.306623458862305,7.991143703460693,2053.212890625,23.602291107177734,25.731143951416016
2017-07-20,63.087928771972656,118.01577758789062,448.0745849609375,7.574602127075195,89.17161560058594,117.5147476196289,19.905630111694336,8.0230131149292,2085.08544921875,23.364198684692383,25.707427978515625
2017-07-21,61.691795349121094,117.71670532226562,444.1436462402344,7.511240482330322,87.5365982055664,117.10623931884766,19.4550724029541,7.936090469360352,2070.6435546875,23.049745559692383,25.333784103393555
2017-07-24,61.89539337158203,117.15090942382812,437.6252746582031,7.522760391235352,88.0396728515625,117.52342224121094,19.621776580810547,7.904219627380371,2049.727783203125,23.022789001464844,25.298192977905273
2017-07-25,61.95355987548828,117.23173522949219,444.29290771484375,7.597644329071045,88.92008972167969,118.07966613769531,20.261571884155273,8.046195030212402,2071.14111328125,23.202478408813477,25.485015869140625
2017-07-26,62.41895294189453,116.310302734375,442.9992370605469,7.637964725494385,89.61180877685547,117.35826110839844,19.869583129882812,8.112833976745605,2077.616455078125,23.34623146057129,25.633291244506836
2017-07-27,62.12808609008789,116.10823059082031,442.5513916015625,7.614922046661377,91.18395233154297,115.34193420410156,20.15343475341797,8.170783042907715,2088.571533203125,23.269861221313477,25.502811431884766
2017-07-28,61.08097839355469,115.97891998291016,441.5065002441406,7.637964725494385,92.88188171386719,114.95079803466797,19.847055435180664,8.193963050842285,2106.996826171875,22.834115982055664,25.49687957763672
2017-07-31,60.32473373413086,114.89581298828125,443.64605712890625,7.701325416564941,92.69317626953125,113.12564086914062,20.000247955322266,8.205554008483887,2124.42626953125,22.53762435913086,25.479084014892578
2017-08-01,60.55742645263672,120.36785888671875,454.24468994140625,7.758927345275879,93.1962890625,113.60365295410156,19.82452964782715,8.327244758605957,2125.91943359375,22.95540428161621,25.76673126220703
2017-08-02,60.32473373413086,119.71310424804688,457.08087158203125,7.793487548828125,93.82516479492188,113.50806427001953,19.21177101135254,8.338833808898926,2149.823486328125,22.119848251342773,25.882381439208984
2017-08-03,60.64468002319336,118.75128936767578,458.3746032714844,7.776206970214844,93.95093536376953,113.26469421386719,19.504634857177734,8.350427627563477,2166.75537109375,22.402856826782227,25.840866088867188
2017-08-04,61.63361358642578,118.99376678466797,461.0615234375,7.8050079345703125,94.13959503173828,113.116943359375,19.973217010498047,8.431553840637207,2174.22509765625,22.825130462646484,26.048452377319336
2017-08-07,61.31366729736328,119.05842590332031,466.1867370605469,7.816529750823975,94.64265441894531,113.17777252197266,20.905872344970703,8.437348365783691,2188.6669921875,23.11263656616211,26.000993728637695
2017-08-08,61.40092086791992,117.88643646240234,468.87353515625,7.79925012588501,94.51689147949219,111.75242614746094,20.98246192932129,8.460527420043945,2204.602783203125,23.224943161010742,26.045490264892578
2017-08-09,60.586509704589844,118.20970153808594,466.5846862792969,7.776206970214844,94.42105865478516,111.99577331542969,20.68509292602539,8.362013816833496,2204.10400390625,22.96438980102539,25.769695281982422
2017-08-10,60.004791259765625,117.2155990600586,455.6124572753906,7.770447254180908,94.23020935058594,110.91805267333984,20.662567138671875,8.295372009277344,2155.156982421875,23.153066635131836,25.823081970214844
2017-08-11,59.83028030395508,116.87612915039062,445.65911865234375,7.661003112792969,92.57592010498047,110.76158905029297,19.725404739379883,8.138912200927734,2126.766357421875,23.090171813964844,25.35453987121582
2017-08-14,60.49925231933594,118.52494812011719,444.01678466796875,7.6898040771484375,93.0849380493164,113.90784454345703,19.797494888305664,8.217142105102539,2126.766357421875,23.584321975708008,25.419780731201172
2017-08-15,60.67377471923828,118.66233825683594,442.026123046875,,92.70317840576172,114.26419830322266,19.72991180419922,8.185271263122559,2117.80078125,23.413616180419922,25.3515625
2017-08-16,60.99372100830078,119.68888854980469,443.3697814941406,7.724365711212158,93.02128601074219,116.10675048828125,20.27058219909668,8.260602951049805,2118.797607421875,23.647212982177734,25.529502868652344
2017-08-17,60.76102066040039,117.63587951660156,441.1302795410156,7.626441955566406,92.06690216064453,114.54228973388672,19.89661979675293,8.1881685256958,2116.805908203125,23.458538055419922,25.360462188720703
2017-08-18,59.946624755859375,117.81364440917969,437.94525146484375,7.632201194763184,91.93965911865234,114.98554992675781,20.00475311279297,8.144706726074219,2106.345947265625,23.445058822631836,25.29523277282715
2017-08-21,59.62667465209961,117.32066345214844,438.09454345703125,7.597644329071045,91.93965911865234,114.03822326660156,19.986730575561523,8.147604942321777,2101.364990234375,22.6993465423584,25.37232780456543
2017-08-22,60.4119873046875,117.96722412109375,440.1351013183594,7.568841457366943,93.40304565429688,115.37666320800781,20.04079818725586,8.211348533630371,2113.31787109375,22.816146850585938,25.751903533935547
2017-08-23,60.32473373413086,117.3287353515625,442.4241943359375,7.574602127075195,92.70317840576172,115.05510711669922,19.986730575561523,8.193963050842285,2131.249267578125,22.551103591918945,25.90314483642578
2017-08-24,60.004791259765625,117.38530731201172,441.0805969238281,7.568841457366943,93.02128601074219,114.85523223876953,20.00475311279297,8.1881685256958,2126.268310546875,22.501689910888672,25.76673126220703
2017-08-25,59.9757080078125,118.01577758789062,443.41961669921875,7.5515618324279785,92.89404296875,115.08985900878906,20.0993709564209,8.1765775680542,2134.237548828125,22.627471923828125,25.695571899414062
2017-08-28,59.597591400146484,117.82986450195312,,7.563080310821533,92.63955688476562,114.79434967041016,20.00475311279297,8.136013984680176,,22.69036293029785,25.582876205444336
2017-08-29,59.27763748168945,117.49847412109375,438.3433837890625,7.5515618324279785,91.68516540527344,113.75143432617188,19.536170959472656,8.089655876159668,2119.295654296875,21.989572525024414,25.476123809814453
2017-08-30,59.597591400146484,117.61164093017578,439.8363952636719,7.568841457366943,92.32140350341797,113.54280853271484,20.081348419189453,8.220040321350098,2117.80078125,22.2052001953125,25.64218521118164
2017-08-31,59.655765533447266,117.49847412109375,443.07135009765625,7.586122512817383,93.53031158447266,114.32502746582031,20.22102165222168,8.362013816833496,2118.797607421875,22.6319637298584,25.76673126220703
2017-09-01,59.888450622558594,117.72480010986328,442.67303466796875,7.666764736175537,93.97569274902344,113.8817367553711,20.725643157958984,8.419963836669922,2113.8173828125,22.816146850585938,25.980243682861328
2017-09-04,59.743011474609375,,444.3651428222656,7.678285121917725,94.2938232421875,,20.545419692993164,8.370708465576172,2114.8134765625,22.51067352294922,25.92983627319336
2017-09-05,59.53940963745117,116.77100372314453,444.614013671875,7.712846279144287,95.05734252929688,113.24732971191406,20.284099578857422,8.524271965026855,2122.284423828125,22.596023559570312,26.030656814575195
2017-09-06,59.917537689208984,116.79527282714844,444.6638488769531,7.76468563079834,94.80284118652344,114.52493286132812,20.23453712463379,8.524271965026855,2125.27294921875,22.519657135009766,26.11368751525879
2017-09-07,60.32473373413086,116.69019317626953,447.79901123046875,7.8050079345703125,94.80284118652344,115.6248550415039,20.239038467407227,8.489502906799316,2149.1796875,22.968881607055664,26.294588088989258
2017-09-08,60.09205627441406,117.17513275146484,444.01678466796875,7.753167629241943,93.84846496582031,115.81725311279297,20.07684326171875,8.425758361816406,2129.755126953125,23.377674102783203,26.089975357055664
2017-09-11,61.488182067871094,120.57794952392578,447.0027770996094,7.781968593597412,94.42105865478516,118.04684448242188,20.554433822631836,8.56193733215332,2136.230224609375,23.70111846923828,26.315340042114258
2017-09-12,62.3026008605957,120.65879821777344,446.8036804199219,7.8050079345703125,95.12093353271484,117.88072204589844,20.68959617614746,8.608296394348145,2127.26513671875,23.988624572753906,26.398372650146484
2017-09-13,61.51725769042969,120.5941162109375,450.2376403808594,7.810769081115723,96.9024887084961,117.2948989868164,20.653554916381836,8.698118209838867,2143.701416015625,23.6247501373291,26.534780502319336
2017-09-14,62.18626022338867,121.29728698730469,449.5906982421875,7.856850624084473,98.04776763916016,117.24242401123047,20.392229080200195,8.790836334228516,2135.23388671875,23.418109893798828,26.665264129638672
2017-09-15,61.604522705078125,121.34584045410156,446.15673828125,7.954771518707275,97.28427124023438,117.35609436035156,20.230031967163086,8.703911781311035,2094.392333984375,23.224943161010742,26.644506454467773
2017-09-18,61.866302490234375,122.00862121582031,448.69482421875,7.984433174133301,97.15699768066406,117.8107681274414,20.473329544067383,8.75027084350586,2104.353515625,23.05423927307129,26.65635871887207
2017-09-19,62.47710418701172,121.64488983154297,453.9700622558594,8.025957107543945,97.34785461425781,119.35838317871094,20.139917373657227,8.84299087524414,2122.284423828125,22.681379318237305,26.795747756958008
2017-09-20,62.85523986816406,122.03285217285156,457.2547607421875,8.091207504272461,98.17501068115234,120.65243530273438,20.455312728881836,8.89224624633789,2146.689453125,23.22943687438965,27.089324951171875
2017-09-21,63.582393646240234,122.0894546508789,461.3354797363281,8.150527954101562,98.81128692626953,121.15953826904297,19.811010360717773,8.918322563171387,2157.149658203125,22.434303283691406,27.2138614654541
2017-09-22,63.84416198730469,121.45088958740234,464.4210205078125,8.174254417419434,99.12940216064453,120.31143188476562,19.513647079467773,8.961786270141602,2181.554931640625,22.479228973388672,27.24352264404297
2017-09-25,63.931427001953125,122.4774169921875,470.1939697265625,8.2691650390625,101.22908020019531,120.39887237548828,18.972976684570312,9.040017127990723,2200.979736328125,22.19172477722168,27.43290138244629
2017-09-26,64.8621826171875,122.03285217285156,469.3480224609375,8.298824310302734,101.16545867919922,121.0371322631836,19.1531982421875,9.002348899841309,2219.408203125,22.214181900024414,27.20745277404785
2017-09-27,64.48406982421875,122.30769348144531,470.8409423828125,8.26323413848877,100.97459411621094,121.28193664550781,19.189241409301758,9.028427124023438,2216.420654296875,22.375905990600586,27.120277404785156
2017-09-28,64.89127349853516,122.32386016845703,473.82696533203125,8.27509880065918,101.9289321899414,123.3366928100586,19.38298225402832,8.970476150512695,2233.354248046875,22.649930953979492,27.183412551879883
2017-09-29,65.64750671386719,122.22686004638672,475.071044921875,8.30475902557373,101.3563232421875,122.18257141113281,19.66683578491211,9.034220695495605,2239.829345703125,22.528640747070312,27.321680068969727
2017-10-02,66.10125732421875,123.01897430419922,477.7584533691406,8.286962509155273,101.80170440673828,123.45034790039062,20.184978485107422,8.98206615447998,2253.775390625,22.19172477722168,27.19542694091797
2017-10-03,66.93312072753906,123.81915283203125,484.1286926269531,8.346282005310059,102.05621337890625,124.5870361328125,20.387725830078125,8.984965324401855,2288.142333984375,22.19172477722168,27.426889419555664
2017-10-04,67.1570816040039,123.58476257324219,483.481689453125,8.245440483093262,100.65643310546875,124.464599609375,20.455312728881836,8.761861801147461,2274.6943359375,21.652652740478516,27.276588439941406
2017-10-05,67.09308624267578,123.91613006591797,488.1099548339844,8.322553634643555,102.24707794189453,124.464599609375,20.71213150024414,8.877758979797363,2300.095703125,21.61222267150879,27.496028900146484
2017-10-06,66.70915222167969,124.68067169189453,485.87054443359375,8.215777397155762,100.91094207763672,124.12358856201172,20.518386840820312,8.85168170928955,2288.64111328125,20.992292404174805,27.387815475463867
2017-10-09,66.96511840820312,124.22518157958984,484.0290222167969,8.215777397155762,101.10179901123047,123.17054748535156,20.293107986450195,8.85168170928955,2287.643310546875,20.677833557128906,27.381803512573242
2017-10-10,66.70915222167969,124.5911865234375,487.66217041015625,8.215777397155762,101.86534881591797,122.95198822021484,20.063323974609375,8.854578018188477,2286.6484375,20.790138244628906,27.38480567932129
2017-10-11,66.54917907714844,124.37969970703125,486.3681335449219,8.257303237915039,101.61084747314453,123.44159698486328,20.135414123535156,8.924118041992188,2296.111083984375,21.207921981811523,27.56517219543457
2017-10-12,66.5171890258789,124.71318817138672,489.1549987792969,8.221710205078125,101.61084747314453,124.04490661621094,20.671579360961914,8.895143508911133,2291.62841796875,21.248350143432617,27.45395278930664
2017-10-13,66.80513763427734,124.81082153320312,488.5080871582031,8.286962509155273,101.99256896972656,124.3421859741211,22.194461822509766,8.9501953125,2276.686767578125,21.33370590209961,27.523080825805664
2017-10-16,66.93312072753906,124.61560821533203,489.2048645019531,8.298824310302734,103.13783264160156,123.53780364990234,22.194461822509766,8.918322563171387,2281.66748046875,21.396595001220703,27.712461471557617
2017-10-17,66.45319366455078,124.8189468383789,488.3089904785156,8.239506721496582,103.07422637939453,123.66890716552734,22.063800811767578,8.898042678833008,2280.172607421875,21.100107192993164,27.59522819519043
2017-10-18,66.54917907714844,124.59932708740234,485.7211608886719,8.233575820922852,102.62886047363281,122.32240295410156,22.01874351501465,8.857477188110352,2291.131103515625,21.17198371887207,27.538114547729492
2017-10-19,66.48519897460938,124.32281494140625,489.8517150878906,8.168322563171387,102.1834716796875,122.76839447021484,22.230506896972656,8.857477188110352,2302.586181640625,21.04619789123535,27.562162399291992
2017-10-20,67.1570816040039,125.42891693115234,489.60284423828125,8.215777397155762,103.77410888671875,125.15536499023438,22.68556785583496,8.860374450683594,2304.578125,20.974323272705078,27.631296157836914
2017-10-23,67.541015625,124.92463684082031,488.6573181152344,8.2039155960083,103.96498107910156,124.5433120727539,23.14063262939453,8.85168170928955,2304.08056640625,21.109088897705078,27.715463638305664
2017-10-24,66.901123046875,125.12798309326172,493.9326477050781,8.27509880065918,104.91938018798828,124.98921203613281,23.266788482666016,8.958888053894043,2333.9638671875,21.113582611083984,27.8687744140625
2017-10-25,68.56485748291016,125.72982788085938,485.4722900390625,8.186118125915527,105.42839813232422,125.57503509521484,22.919857025146484,8.877758979797363,2303.08447265625,20.650880813598633,27.59522819519043
2017-10-26,69.20474243164062,131.26036071777344,487.7117004394531,8.257303237915039,102.88330841064453,130.80368041992188,22.93337631225586,8.961786270141602,2299.09912109375,20.668851852416992,28.001039505004883
2017-10-27,69.87664031982422,130.8456268310547,495.5749206542969,8.174254417419434,104.09223937988281,129.5271453857422,22.53688621520996,9.008142471313477,2318.0263671875,20.72275733947754,28.418874740600586
2017-10-30,69.74864959716797,130.0891876220703,499.25750732421875,8.209847450256348,106.82817077636719,128.92379760742188,22.640514373779297,9.26601505279541,2336.952880859375,20.579004287719727,28.719484329223633
2017-10-31,69.94063568115234,129.6662139892578,507.8175048828125,8.328486442565918,105.23750305175781,127.760986328125,22.180944442749023,9.321069717407227,2356.378173828125,20.579004287719727,28.77960205078125
2017-11-01,70.70850372314453,130.0647735595703,511.5996398925781,8.435263633728027,107.09989166259766,129.3347625732422,22.807218551635742,9.361632347106934,2350.401123046875,21.091123580932617,29.026092529296875
2017-11-02,70.90047454833984,129.64996337890625,515.680419921875,8.48271656036377,106.45665740966797,129.3172607421875,22.93337631225586,9.361632347106934,2424.61376953125,21.059677124023438,29.134305953979492
2017-11-03,71.31640625,129.51986694335938,514.3865966796875,8.530174255371094,106.39230346679688,128.967529296875,22.973926544189453,9.222552299499512,2425.609619140625,20.97881317138672,29.14332389831543
2017-11-06,70.96446228027344,129.15386962890625,518.6666259765625,8.601356506347656,107.61449432373047,128.94126892089844,22.87930679321289,9.173295974731445,2448.520751953125,21.014751434326172,29.227500915527344
2017-11-07,70.38855743408203,129.94276428222656,522.2496337890625,8.73185920715332,109.54422760009766,130.23538208007812,22.8477725982666,9.237042427062988,2440.054931640625,20.951860427856445,29.392826080322266
2017-11-08,69.7806625366211,130.89434814453125,521.652587890625,8.672540664672852,109.86582946777344,131.1272430419922,22.68556785583496,9.190683364868164,2450.01513671875,20.9204158782959,29.41387367248535
2017-11-09,68.27690887451172,130.57716369628906,512.2696533203125,8.607288360595703,109.22261810302734,129.80690002441406,21.915115356445312,9.181991577148438,2446.03076171875,20.381343841552734,29.197437286376953
2017-11-10,68.24490356445312,130.3738250732422,504.6044921875,8.547967910766602,108.83661651611328,129.64952087402344,22.654027938842773,9.187786102294922,2408.675537109375,20.237592697143555,28.8878231048584
2017-11-13,67.57300567626953,132.37460327148438,504.6044921875,8.488648414611816,108.96527099609375,129.5358428955078,22.388198852539062,9.124042510986328,2425.609619140625,19.698522567749023,28.605247497558594
2017-11-14,67.4450454711914,131.87847900390625,500.7221984863281,8.387805938720703,107.03556060791016,129.08120727539062,21.261810302734375,8.976273536682129,2425.112060546875,19.464927673339844,28.21747398376465
2017-11-15,67.18907928466797,130.82928466796875,492.75836181640625,8.233575820922852,105.68475341796875,127.80467224121094,21.234773635864258,8.698118209838867,2392.239013671875,19.720985412597656,27.838712692260742
2017-11-16,67.4450454711914,131.08950805664062,488.92584228515625,8.150527954101562,105.49181365966797,130.3140411376953,21.40148162841797,8.625683784484863,2322.35009765625,19.963565826416016,27.83571434020996
2017-11-17,67.2530746459961,131.41488647460938,490.8669738769531,8.144597053527832,105.49181365966797,131.71304321289062,21.320383071899414,8.640169143676758,2328.8251953125,19.837785720825195,27.826690673828125
2017-11-20,67.92496490478516,131.40675354003906,489.7720031738281,8.162391662597656,105.62045288085938,131.91412353515625,21.590713500976562,8.695220947265625,2322.35009765625,19.9995059967041,27.94392967224121
2017-11-21,68.59684753417969,131.99227905273438,492.06158447265625,8.227641105651855,107.09989166259766,132.3338165283203,22.113361358642578,8.721297264099121,2321.35302734375,19.842275619506836,28.211462020874023
2017-11-22,67.7649917602539,131.4474334716797,495.59552001953125,8.251368522644043,107.29286193847656,132.6573028564453,22.2980899810791,8.782144546508789,2322.84765625,19.694032669067383,28.418874740600586
2017-11-23,67.92496490478516,,498.6316223144531,8.221710205078125,106.97128295898438,,22.36567497253418,8.758964538574219,2330.31982421875,20.471189498901367,28.49703598022461
2017-11-24,68.02094268798828,131.39862060546875,499.0299377441406,8.197983741760254,106.77826690673828,133.67160034179688,22.311609268188477,8.70101547241211,2328.8251953125,20.534082412719727,28.466978073120117
2017-11-27,67.34905242919922,130.89434814453125,493.9530334472656,8.120866775512695,105.8777084350586,132.9721221923828,22.329631805419922,8.683629989624023,2306.907470703125,20.57451057434082,28.41587257385254
2017-11-28,67.4450454711914,132.76495361328125,499.12945556640625,8.174254417419434,107.03556060791016,136.71432495117188,22.577436447143555,8.8458890914917,2399.064208984375,20.619434356689453,28.56315803527832
2017-11-29,67.4450454711914,132.26071166992188,492.2607116699219,8.162391662597656,107.09989166259766,135.67385864257812,23.16316032409668,8.935709953308105,2357.2197265625,20.821582794189453,28.680404663085938
2017-11-30,67.2850570678711,132.60227966308594,486.88519287109375,8.19205093383789,107.29286193847656,134.58091735839844,22.856779098510742,8.935709953308105,2348.75048828125,20.65537452697754,28.500038146972656
2017-12-01,66.03726196289062,131.4636688232422,489.7720031738281,8.197983741760254,108.00043487548828,132.7884521484375,22.987442016601562,8.89224624633789,2355.22705078125,20.048917770385742,28.494035720825195
2017-12-04,67.70099639892578,132.081787109375,490.7674560546875,8.239506721496582,109.35123443603516,134.09127807617188,23.609210968017578,9.03132438659668,2365.18994140625,20.538576126098633,28.74954605102539
2017-12-05,68.24490356445312,131.7401885986328,489.5231628417969,8.245440483093262,108.64364624023438,133.84642028808594,23.176679611206055,9.089273452758789,2360.208740234375,20.269039154052734,28.518075942993164
2017-12-06,68.788818359375,130.47140502929688,492.01177978515625,8.197983741760254,107.16422271728516,132.1748809814453,23.591190338134766,8.98206615447998,2357.2197265625,20.201658248901367,28.475990295410156
2017-12-07,68.69283294677734,130.9268798828125,485.98931884765625,8.209847450256348,106.39230346679688,132.67579650878906,23.609210968017578,8.976273536682129,2333.806640625,20.260053634643555,28.53310775756836
2017-12-08,69.0127944946289,130.87811279296875,490.5185852050781,8.245440483093262,107.29286193847656,133.07125854492188,23.83899688720703,8.967581748962402,2348.75048828125,20.57451057434082,28.27158546447754
2017-12-11,68.69283294677734,132.66734313964844,496.441650390625,8.286962509155273,108.51502227783203,133.8183135986328,24.140869140625,8.906732559204102,2376.6474609375,20.781158447265625,28.31065559387207
2017-12-12,69.17276000976562,132.48033142089844,508.6860046386719,8.387805938720703,111.92422485351562,133.009765625,24.303071975708008,8.924118041992188,2416.997314453125,21.014751434326172,28.722490310668945
2017-12-13,69.0447769165039,132.155029296875,505.3989562988281,8.316622734069824,110.50909423828125,132.94822692871094,24.20395278930664,8.877758979797363,2398.814453125,21.419057846069336,28.47899627685547
2017-12-14,68.5008544921875,130.5609130859375,501.7176818847656,8.27509880065918,109.15825653076172,131.07618713378906,24.00119400024414,8.906732559204102,2386.11279296875,21.32022476196289,28.37980079650879
2017-12-15,69.36473083496094,130.47140502929688,502.912353515625,8.2691650390625,108.96527099609375,131.48048400878906,23.54613494873047,8.782144546508789,2419.4873046875,21.06416893005371,27.961959838867188
2017-12-18,69.55669403076172,131.87034606933594,507.3919372558594,8.340350151062012,109.41554260253906,134.75868225097656,24.046253204345703,8.923686027526855,2413.510498046875,21.47296142578125,28.469974517822266
2017-12-19,68.98079681396484,132.1793670654297,505.5004577636719,8.292895317077637,109.02961730957031,135.4969940185547,24.194934844970703,8.950447082519531,2406.536376953125,21.675113677978516,28.11359977722168
2017-12-20,68.40486145019531,132.43153381347656,506.3963623046875,8.251368522644043,109.80150604248047,135.3563690185547,24.307575225830078,8.9415283203125,2401.5546875,21.657146453857422,28.156253814697266
2017-12-21,68.46886444091797,132.6999053955078,517.147705078125,8.316622734069824,112.24584197998047,135.43548583984375,24.794174194335938,8.947474479675293,2445.88916015625,21.706558227539062,28.396881103515625
2017-12-22,68.1809310913086,132.9113311767578,514.8579711914062,8.316622734069824,112.5674819946289,135.2069549560547,24.75362777709961,8.944499969482422,2443.398193359375,21.499916076660156,28.308542251586914
2017-12-26,,132.5697479248047,,,,134.1259307861328,,,,,
2017-12-27,68.27690887451172,133.1147003173828,516.3511352539062,8.346282005310059,113.78958892822266,135.51455688476562,24.843740463256836,8.923686027526855,2454.358642578125,21.60323715209961,28.348142623901367
2017-12-28,67.73299407958984,133.88731384277344,516.2512817382812,8.28102970123291,113.40367889404297,136.48135375976562,24.555381774902344,8.9415283203125,2451.8681640625,21.59874725341797,28.226299285888672
2017-12-29,67.2210693359375,134.2227020263672,520.3331298828125,8.186118125915527,112.69612884521484,135.9452362060547,24.43373680114746,8.769059181213379,2470.796875,21.7559757232666,28.04964256286621
2018-01-02,66.86913299560547,135.3925323486328,515.1565551757812,8.2039155960083,114.14340209960938,137.2723388671875,25.25374984741211,8.914765357971191,2466.31298828125,21.63468360900879,28.05878448486328
2018-01-03,67.38105010986328,136.1287384033203,521.8261108398438,8.257303237915039,115.59066772460938,138.4236297607422,25.916067123413086,9.113994598388672,2502.180419921875,22.551103591918945,28.363374710083008
2018-01-04,68.91679382324219,136.6522979736328,527.5999755859375,8.453058242797852,117.23095703125,140.594482421875,25.83946990966797,9.354853630065918,2523.60009765625,22.53313446044922,28.923810958862305
2018-01-05,69.49270629882812,137.79750061035156,527.2018432617188,8.559833526611328,117.26315307617188,141.82489013671875,25.605186462402344,9.375666618347168,2520.611328125,22.497196197509766,29.13397789001465
2018-01-08,70.26056671142578,137.94479370117188,525.0117797851562,8.613221168518066,117.64905548095703,141.77220153808594,26.312559127807617,9.38161563873291,2516.127197265625,22.371414184570312,29.261913299560547
2018-01-09,70.32456970214844,138.29653930664062,525.6090087890625,8.601356506347656,118.61394500732422,143.15208435058594,26.808170318603516,9.393510818481445,2525.59326171875,22.47024154663086,29.42334747314453
2018-01-10,69.46070098876953,137.71571350097656,528.0977783203125,8.613221168518066,118.61394500732422,142.9235382080078,26.880258560180664,9.354853630065918,2547.510986328125,22.46125602722168,29.33196258544922
2018-01-11,68.53285217285156,139.04092407226562,530.5863037109375,8.71999454498291,119.38585662841797,143.9694061279297,27.177631378173828,9.43216609954834,2560.961181640625,22.685871124267578,29.328927993774414
2018-01-12,68.98079681396484,139.1881561279297,532.3782348632812,8.73185920715332,119.57879638671875,144.26821899414062,27.601152420043945,9.467848777770996,2563.94873046875,22.892513275146484,29.61219024658203
2018-01-15,69.17276000976562,,530.2877807617188,8.850499153137207,119.6109619140625,,27.50202751159668,9.479742050170898,2557.47314453125,22.784698486328125,29.59086799621582
2018-01-16,69.36473083496094,136.40689086914062,515.953125,8.84456729888916,118.93553161621094,142.46653747558594,27.173124313354492,9.390535354614258,2533.06494140625,22.47024154663086,29.32587242126465
2018-01-17,69.68467712402344,137.88751220703125,513.9619140625,8.814908027648926,118.32450103759766,143.6617889404297,26.830699920654297,9.316195487976074,2514.135009765625,22.48821449279785,29.167491912841797
2018-01-18,70.26056671142578,136.5295867919922,514.1610717773438,8.86829662322998,118.29230499267578,141.93922424316406,26.907297134399414,9.36674976348877,2510.648193359375,22.62298011779785,28.98777961730957
2018-01-19,69.74864959716797,137.26583862304688,507.5909729003906,8.797112464904785,117.03799438476562,142.27316284179688,27.123559951782227,9.265646934509277,2507.659423828125,23.629241943359375,28.808073043823242
2018-01-22,69.87664031982422,137.92019653320312,513.4642944335938,8.862360954284668,118.35661315917969,141.16575622558594,26.997406005859375,9.438112258911133,2511.644775390625,23.466596603393555,29.18272590637207
2018-01-23,69.49270629882812,138.73826599121094,513.3646850585938,8.874226570129395,119.19287109375,139.94410705566406,26.384645462036133,9.40837574005127,2523.60009765625,23.50273895263672,28.90555191040039
2018-01-24,68.82080841064453,139.72808837890625,513.16552734375,8.84456729888916,120.47935485839844,141.3854522705078,26.32156753540039,9.40837574005127,2494.20947265625,23.34912872314453,28.96645736694336
2018-01-25,69.46070098876953,142.3376007080078,514.3602905273438,8.85643196105957,120.35070037841797,143.5651092529297,26.763120651245117,9.348906517028809,2501.681640625,23.258766174316406,28.96037483215332
2018-01-26,69.65266418457031,138.94276428222656,513.9619140625,8.86829662322998,119.19287109375,145.62171936035156,27.010921478271484,9.22698974609375,2500.685546875,23.864181518554688,28.948183059692383
2018-01-29,69.81265258789062,136.34140014648438,513.2651977539062,8.773384094238281,118.03501892089844,143.1081085205078,27.18663787841797,9.188334465026855,2512.640869140625,23.611173629760742,28.811124801635742
2018-01-30,69.20474243164062,137.67478942871094,505.6000671386719,8.627456665039062,115.4620361328125,141.2536163330078,26.645967483520508,8.998025894165039,2472.290771484375,23.22262191772461,28.326826095581055
2018-01-31,69.46070098876953,137.73207092285156,498.83087158203125,8.593052864074707,115.78366088867188,141.93038940429688,26.335084915161133,9.012894630432129,2453.36181640625,22.89732551574707,28.4090576171875
2018-02-01,68.43687438964844,136.43960571289062,499.22900390625,8.654747009277344,117.23095703125,140.47146606445312,26.064748764038086,9.099125862121582,2397.56982421875,22.499740600585938,28.66796112060547
2018-02-02,66.83712768554688,133.2083740234375,487.2335205078125,8.511191368103027,114.65798950195312,136.2704315185547,25.05099868774414,8.944499969482422,2386.60986328125,22.156368255615234,28.104469299316406
2018-02-05,66.03726196289062,127.88300323486328,479.86700439453125,8.396109580993652,114.3042221069336,132.11328125,25.325834274291992,8.813663482666016,2357.7177734375,22.264802932739258,27.63235092163086
2018-02-06,64.78946685791016,131.06512451171875,472.8489990234375,8.158831596374512,112.27799224853516,136.49891662597656,24.411203384399414,8.551989555358887,2277.516845703125,21.478666305541992,26.72468376159668
2018-02-07,65.87728118896484,129.42092895507812,482.8036804199219,8.292895317077637,117.45610046386719,131.84083557128906,24.969894409179688,8.724458694458008,2322.84765625,21.713603973388672,27.26685333251953
2018-02-08,63.887210845947266,124.99530792236328,478.9214172363281,8.110189437866211,114.49397277832031,126.62030792236328,23.97867202758789,8.433046340942383,2271.041748046875,21.008792877197266,27.4587459564209
2018-02-09,62.671409606933594,129.32269287109375,467.9215393066406,7.947653770446777,112.12358093261719,131.37506103515625,23.685808181762695,8.305183410644531,2234.1787109375,20.76481819152832,27.233346939086914
2018-02-12,63.208927154541016,130.62339782714844,476.63177490234375,7.997483253479004,113.09771728515625,135.1278533935547,24.140869140625,8.364654541015625,2276.5205078125,20.97264862060547,27.56230354309082
2018-02-13,62.70980453491211,130.4270477294922,473.7947998046875,7.920365810394287,113.00032806396484,135.1981964111328,24.663516998291016,8.30815601348877,2276.0224609375,20.873252868652344,27.62017059326172
2018-02-14,63.09373092651367,131.924072265625,472.74945068359375,7.971381664276123,111.86380767822266,136.2880096435547,25.10506248474121,8.221922874450684,2273.03369140625,20.728675842285156,27.61408042907715
2018-02-15,64.6294937133789,133.83010864257812,467.6934509277344,8.010531425476074,113.19512176513672,136.9295654296875,25.429462432861328,8.177318572998047,2248.95849609375,20.593135833740234,27.513566970825195
2018-02-16,65.26939392089844,133.8546142578125,471.327392578125,8.086462020874023,113.97443389892578,135.00477600097656,25.62320327758789,8.260580062866211,2254.9375,20.647350311279297,27.961313247680664
2018-02-19,65.14141082763672,,471.9745178222656,8.086462020874023,114.10431671142578,,25.947607040405273,8.299235343933105,2253.4423828125,20.53891944885254,27.95522117614746
2018-02-20,65.33338928222656,133.26564025878906,472.9204406738281,8.13154411315918,115.40316772460938,134.9960174560547,25.9836483001709,8.397363662719727,2247.96240234375,20.81903648376465,28.387739181518555
2018-02-21,65.26939392089844,131.50686645507812,470.13262939453125,8.133915901184082,115.82533264160156,134.240234375,25.771888732910156,8.334919929504395,2249.955322265625,20.674457550048828,28.521759033203125
2018-02-22,65.87728118896484,132.98748779296875,471.8252258300781,8.114935874938965,115.50064086914062,135.0575408935547,25.717823028564453,8.397363662719727,2255.93310546875,20.593135833740234,28.55525779724121
2018-02-23,65.81330108642578,134.37811279296875,474.01556396484375,8.180187225341797,117.5138168334961,136.77134704589844,25.402433395385742,8.418177604675293,2250.453369140625,20.493738174438477,28.674053192138672
2018-02-26,66.06925964355469,135.33529663085938,478.7448425292969,8.22289752960205,118.22819519042969,136.9559326171875,25.726829528808594,8.486571311950684,2270.382080078125,20.313016891479492,28.8568058013916
2018-02-27,66.13325500488281,133.8382110595703,476.10638427734375,8.197983741760254,118.48798370361328,135.3475799560547,25.880022048950195,8.450888633728027,2294.296142578125,20.150367736816406,28.81416893005371
2018-02-28,66.00526428222656,131.53138732910156,473.0697326660156,8.135103225708008,118.35810089111328,131.61233520507812,25.456497192382812,8.745268821716309,2292.80126953125,20.168441772460938,28.613134384155273
2018-03-01,65.04541778564453,131.56411743164062,471.52655029296875,8.050869941711426,116.21495056152344,130.00396728515625,24.974401473999023,8.6233549118042,2283.335205078125,19.71664047241211,28.271997451782227
2018-03-02,63.74643325805664,130.69699096679688,462.0681457519531,7.935789585113525,113.58480834960938,131.33111572265625,24.050762176513672,8.325997352600098,2241.485107421875,18.912429809570312,27.7176456451416
2018-03-05,64.46952819824219,133.56832885742188,468.0916442871094,7.947653770446777,114.91613006591797,134.240234375,23.861526489257812,8.394388198852539,2258.922607421875,19.020862579345703,27.991777420043945
2018-03-06,64.14956665039062,134.32089233398438,471.0785217285156,7.907317638397217,118.26070404052734,135.77330017089844,24.00119400024414,8.468729019165039,2282.33935546875,19.28291130065918,28.04964256286621
2018-03-07,64.94942474365234,134.59083557128906,469.5352783203125,8.016463279724121,116.1825180053711,137.05459594726562,24.26251983642578,8.314103126525879,2265.399658203125,19.46363067626953,28.08924102783203
2018-03-08,66.16524505615234,136.6768341064453,472.9204406738281,8.056803703308105,115.59800720214844,139.5111541748047,23.933616638183594,8.302209854125977,2256.930908203125,19.4545955657959,28.281139373779297
2018-03-09,66.10125732421875,139.96533203125,476.10638427734375,8.062732696533203,115.79285430908203,141.46405029296875,23.780426025390625,8.388442993164062,2253.4423828125,19.572063446044922,28.30245590209961
2018-03-12,65.71731567382812,139.78530883789062,475.8574523925781,8.137476921081543,115.40316772460938,142.3654022216797,23.613719940185547,8.397363662719727,2244.972900390625,19.4545955657959,28.38164520263672
2018-03-13,65.01341247558594,139.8262481689453,471.92486572265625,8.186118125915527,116.53968048095703,141.7114715576172,23.848007202148438,8.400339126586914,2224.546142578125,19.319053649902344,28.558317184448242
2018-03-14,64.6294937133789,138.23109436035156,462.7153625488281,8.133915901184082,115.82533264160156,139.2107391357422,23.861526489257812,8.325997352600098,2203.62109375,19.50881004333496,28.649690628051758
2018-03-15,65.0774154663086,138.3128662109375,462.5161437988281,8.200355529785156,115.46813201904297,137.55828857421875,23.829984664916992,8.302209854125977,2185.187255859375,19.70760154724121,28.570497512817383
2018-03-16,65.04541778564453,138.7055206298828,471.6759338378906,8.364078521728516,115.95518493652344,136.36537170410156,24.01020622253418,8.45683479309082,2205.6142578125,19.743749618530273,29.1065673828125
2018-03-19,64.14956665039062,136.34959411621094,457.7371826171875,8.267979621887207,114.20174407958984,132.17684936523438,23.217227935791016,8.2011079788208,2167.74853515625,19.572063446044922,28.510986328125
2018-03-20,64.4375228881836,135.5152587890625,461.86895751953125,8.381872177124023,116.02013397216797,132.74240112304688,23.564157485961914,8.355731964111328,2190.66748046875,19.689531326293945,28.535676956176758
2018-03-21,64.3095474243164,135.98971557617188,470.6304931640625,8.447122573852539,118.32563018798828,134.05906677246094,24.528350830078125,8.47765064239502,2208.603271484375,20.02386474609375,28.733179092407227
2018-03-22,63.74643325805664,131.85862731933594,461.2716369628906,8.40560245513916,116.92935180664062,129.09288024902344,23.586685180664062,8.370601654052734,2196.147705078125,19.71664047241211,28.54802131652832
2018-03-23,63.503273010253906,129.2818145751953,460.42535400390625,8.368824005126953,118.03339385986328,125.96478271484375,22.78919792175293,8.343838691711426,2191.16552734375,19.120258331298828,28.27028465270996
2018-03-26,62.90177536010742,131.65408325195312,467.4942321777344,8.339163780212402,118.45551300048828,129.1105499267578,22.442270278930664,8.453862190246582,2201.130126953125,19.066043853759766,28.328908920288086
2018-03-27,63.66963577270508,129.7644805908203,473.2689514160156,8.423397064208984,119.62445831298828,127.34329986572266,22.67656135559082,8.551989555358887,2251.94873046875,19.46363067626953,28.446182250976562
2018-03-28,63.90001678466797,129.39630126953125,469.33612060546875,8.400854110717773,119.91670227050781,125.62014770507812,22.239521026611328,8.507386207580566,2223.54931640625,19.201583862304688,28.288801193237305
2018-03-29,63.6568603515625,131.00262451171875,477.15185546875,8.475598335266113,,127.51121520996094,23.158653259277344,8.572803497314453,2225.54248046875,19.147369384765625,28.470870971679688
2018-04-02,,128.9597625732422,,,,125.56717681884766,,,,,
2018-04-03,63.27291488647461,131.20860290527344,477.4007568359375,8.561020851135254,119.7868423461914,126.9279556274414,23.131622314453125,8.6233549118042,2226.04052734375,19.255802154541016,28.82575225830078
2018-04-04,63.068153381347656,133.5563201904297,479.690673828125,8.634575843811035,120.14399719238281,128.1473846435547,22.27105712890625,8.709589958190918,2240.98681640625,18.98472023010254,29.180625915527344
2018-04-05,65.33338928222656,135.18736267089844,497.6117248535156,8.816095352172852,123.7158203125,129.64076232910156,23.51459503173828,8.908817291259766,2325.186767578125,19.80699920654297,29.970632553100586
2018-04-06,64.78946685791016,131.76873779296875,496.2179260253906,8.831518173217773,123.97563171386719,126.52146911621094,23.00996971130371,8.923686027526855,2314.723388671875,19.55398941040039,29.918174743652344
2018-04-09,64.94942474365234,131.99111938476562,491.3892822265625,8.890835762023926,124.43023681640625,127.20188903808594,22.9964542388916,8.905843734741211,2321.6982421875,19.59013557434082,29.822513580322266
2018-04-10,64.7254867553711,134.42950439453125,502.9881286621094,8.977441787719727,127.87217712402344,129.62313842773438,23.67679214477539,9.09615421295166,2372.01904296875,20.02386474609375,30.124929428100586
2018-04-11,64.0535888671875,133.1279754638672,503.68505859375,9.033203125,129.6256561279297,127.7762451171875,23.37942886352539,9.158598899841309,2385.4697265625,19.8250732421875,30.155784606933594
2018-04-12,64.6294937133789,134.30593872070312,502.2912292480469,9.093709945678711,129.17105102539062,129.82635498046875,23.6407527923584,9.232937812805176,2360.06103515625,19.996755599975586,30.17738914489746
2018-04-13,64.78946685791016,134.24826049804688,502.0921936035156,9.154217720031738,129.17105102539062,129.48167419433594,23.90658187866211,9.238883972167969,2370.026123046875,20.186513900756836,29.995325088500977
2018-04-16,64.6294937133789,136.2747802734375,494.1768798828125,9.163708686828613,128.9437255859375,133.60838317871094,23.8435001373291,9.16751766204834,2354.082763671875,20.04193878173828,30.023094177246094
2018-04-17,65.74929809570312,138.50714111328125,494.5253601074219,9.301328659057617,128.32681274414062,136.8955535888672,24.330106735229492,9.191304206848145,2374.51025390625,20.529882431030273,30.189735412597656
2018-04-18,65.9092788696289,138.69659423828125,507.36895751953125,9.370140075683594,130.7946014404297,135.4198760986328,25.406936645507812,9.363774299621582,2438.28173828125,20.81903648376465,30.674222946166992
2018-04-19,66.32521057128906,137.4032745361328,514.2388916015625,9.491153717041016,130.33998107910156,133.92652893066406,25.41594696044922,9.357826232910156,2475.149658203125,20.593135833740234,31.044538497924805
2018-04-20,66.99710845947266,136.9667205810547,515.9313354492188,9.462678909301758,129.04116821289062,133.1488494873047,25.62320327758789,9.35188102722168,2488.103271484375,20.520845413208008,31.25438690185547
2018-04-23,67.18907928466797,136.83489990234375,519.3162231445312,9.543354988098145,130.2101287841797,132.86611938476562,25.654743194580078,9.38161563873291,2510.5234375,20.43048667907715,31.575315475463867
2018-04-24,67.82897186279297,135.09677124023438,531.2637939453125,9.507762908935547,132.74285888671875,129.70260620117188,25.880022048950195,9.500558853149414,2540.4169921875,20.502777099609375,31.995010375976562
2018-04-25,67.18907928466797,136.39007568359375,521.7059936523438,9.402173042297363,128.91127014160156,132.32708740234375,25.06450843811035,9.33701229095459,2519.490966796875,20.04193878173828,31.56916046142578
2018-04-26,67.73299407958984,136.983154296875,532.9562377929688,9.591994285583496,133.91184997558594,137.841064453125,25.069019317626953,9.399456977844238,2493.583984375,19.779891967773438,32.0382194519043
2018-04-27,68.66082763671875,135.9369659423828,535.0473022460938,9.584879875183105,133.587158203125,135.40220642089844,25.055503845214844,9.399456977844238,2522.480224609375,19.969648361206055,32.155479431152344
2018-04-30,69.14075469970703,133.6881103515625,535.6446533203125,9.609792709350586,133.45729064941406,134.77479553222656,25.31682586669922,9.426218032836914,2521.982177734375,19.517847061157227,32.29744338989258
2018-05-01,,133.8529052734375,545.30224609375,,,135.46405029296875,,,2513.0146484375,,
2018-05-02,69.30073547363281,133.19384765625,545.0034790039062,9.68216323852539,134.17166137695312,133.64370727539062,25.7403507232666,9.438112258911133,2522.480224609375,19.8250732421875,31.87774085998535
2018-05-03,69.07676696777344,132.1559600830078,541.518798828125,9.567082405090332,133.19749450683594,135.0574951171875,25.43397331237793,9.45595645904541,2533.93994140625,19.563026428222656,31.957984924316406
2018-05-04,69.52471160888672,134.07530212402344,555.6565551757812,9.698770523071289,133.78201293945312,136.5862579345703,26.150354385375977,9.524347305297852,2568.815185546875,19.8250732421875,32.260398864746094
2018-05-07,69.4287109375,134.6436767578125,,9.885035514831543,135.92510986328125,137.1959991455078,26.44772720336914,9.661130905151367,,20.2407283782959,32.53197479248047
2018-05-08,69.4287109375,134.693115234375,547.9904174804688,9.631146430969238,135.08084106445312,136.0825958251953,26.240467071533203,9.592738151550293,2541.412353515625,20.37626838684082,31.976499557495117
2018-05-09,69.23674011230469,135.82992553710938,569.495849609375,9.898085594177246,139.36703491210938,137.4169464111328,26.501789093017578,9.83657169342041,2624.116455078125,20.620241165161133,32.575172424316406
2018-05-10,69.49270629882812,136.40652465820312,561.6038818359375,9.733177185058594,,138.77772521972656,26.6369571685791,9.794941902160645,2624.46728515625,20.683496475219727,32.53197479248047
2018-05-11,69.17276000976562,136.983154296875,562.1015625,9.75216007232666,140.7308349609375,139.29031372070312,27.23619842529297,9.89604377746582,2646.89111328125,20.97264862060547,32.91462326049805
2018-05-14,69.0447769165039,137.370361328125,568.076171875,9.892154693603516,140.7958221435547,140.01486206054688,27.46147918701172,9.913885116577148,2651.873779296875,21.008792877197266,33.142974853515625
2018-05-15,69.30073547363281,136.8101806640625,574.7478637695312,9.944354057312012,143.39349365234375,140.12969970703125,27.19114112854004,9.955513954162598,2681.771240234375,19.65338706970215,33.26641082763672
2018-05-16,70.58052062988281,137.18910217285156,573.453125,9.810291290283203,142.64523315429688,140.50082397460938,27.47499656677246,9.961461067199707,2667.81884765625,19.41844940185547,33.04422378540039
2018-05-17,71.63636016845703,137.3785858154297,581.5189208984375,9.84825611114502,,141.2608184814453,27.668508529663086,10.163664817810059,2720.63623046875,19.4545955657959,33.6367301940918
2018-05-18,71.66835021972656,138.58949279785156,583.80908203125,9.818596839904785,144.87203979492188,140.97801208496094,27.316099166870117,10.148797988891602,2706.684814453125,19.481700897216797,33.624393463134766
2018-05-21,72.18025970458984,139.57806396484375,590.2814331054688,9.740787506103516,,141.79983520507812,26.670019149780273,10.193401336669922,2739.07275390625,19.481700897216797,33.6367301940918
2018-05-22,72.18025970458984,138.1528778076172,585.9002075195312,9.788202285766602,143.49668884277344,140.68643188476562,27.212182998657227,10.205293655395508,2730.104248046875,21.34312629699707,33.402191162109375
2018-05-23,71.34840393066406,137.5598602294922,574.5486450195312,9.679998397827148,141.20436096191406,140.20925903320312,25.929058074951172,9.759260177612305,2638.917724609375,20.855180740356445,32.365325927734375
2018-05-24,71.02845001220703,136.81842041015625,564.0933227539062,9.591246604919434,138.3881378173828,139.1753692626953,25.807069778442383,9.664105415344238,2589.090087890625,20.791929244995117,31.976499557495117
2018-05-25,71.2844009399414,135.92051696777344,552.7416381835938,9.352956771850586,134.5895233154297,138.79541015625,25.739301681518555,9.372694969177246,2550.223876953125,20.855180740356445,31.513607025146484
2018-05-28,70.2356185913086,,,9.16329574584961,134.45852661132812,,25.45466423034668,9.319170951843262,,20.53891944885254,31.328447341918945
2018-05-29,69.74401092529297,133.28453063964844,556.8241577148438,9.175453186035156,135.96487426757812,135.4728546142578,25.048038482666016,9.307276725769043,2543.2470703125,20.638315200805664,31.482744216918945
2018-05-30,70.03897857666016,134.2977294921875,571.0635375976562,9.41617488861084,138.2571563720703,138.28289794921875,24.948640823364258,9.696813583374023,2610.51611328125,20.656387329101562,32.03204345703125
2018-05-31,69.0885238647461,132.9631805419922,573.8515625,9.41617488861084,141.00790405273438,138.07965087890625,25.02996826171875,9.696813583374023,2598.05859375,20.39434242248535,32.1246223449707
2018-06-01,70.72723388671875,134.7178497314453,574.2499389648438,9.563285827636719,141.40084838867188,139.44049072265625,25.278461456298828,9.815755844116211,2607.526123046875,20.891326904296875,32.5443115234375
2018-06-04,70.72723388671875,134.70960998535156,576.440673828125,9.474533081054688,140.8114013671875,139.201904296875,25.57213020324707,9.78602123260498,2613.007080078125,20.755783081054688,32.48876190185547
2018-06-05,71.18608856201172,135.81341552734375,574.5486450195312,9.393075942993164,139.0430908203125,140.9515380859375,25.915504455566406,9.762231826782227,2581.61572265625,20.97264862060547,32.278907775878906
2018-06-06,71.9071273803711,138.1693878173828,574.4488525390625,9.39185905456543,140.54940795898438,144.13587951660156,26.64291000366211,10.053642272949219,2573.14453125,21.433486938476562,32.53813171386719
2018-06-07,71.77603149414062,138.16116333007812,587.0950927734375,9.50128173828125,142.38323974609375,141.915283203125,25.978757858276367,10.235030174255371,2612.010498046875,21.58709716796875,32.94548416137695
2018-06-08,71.77603149414062,138.81190490722656,581.31982421875,9.254476547241211,141.9248046875,141.96859741210938,25.341711044311523,10.13095474243164,2597.560302734375,21.10818862915039,32.77265930175781
2018-06-11,72.628173828125,138.75424194335938,584.10791015625,9.50128173828125,143.03819274902344,142.6259002685547,25.84321403503418,10.27665901184082,2622.474365234375,21.19854736328125,32.96000671386719
2018-06-12,72.16931915283203,138.3917999267578,576.0420532226562,9.524380683898926,142.12127685546875,143.30984497070312,25.603759765625,10.175558090209961,2587.0966796875,21.08108139038086,32.672760009765625
2018-06-13,72.43152618408203,136.81842041015625,570.8643798828125,9.429550170898438,140.87692260742188,142.5370330810547,26.02845573425293,10.139875411987305,2558.6943359375,21.487703323364258,32.51662826538086
2018-06-14,73.48030090332031,136.51364135742188,583.0125732421875,9.613129615783691,143.30018615722656,143.4963836669922,26.24532127380371,10.24097728729248,2598.556884765625,21.406375885009766,33.009979248046875
2018-06-15,72.52983856201172,135.2450408935547,562.599609375,9.39185905456543,141.59732055664062,142.35047912597656,25.305566787719727,10.181506156921387,2512.852294921875,21.072044372558594,32.69148254394531
2018-06-18,72.03822326660156,134.55307006835938,569.37060546875,9.441706657409668,140.87692260742188,140.7605438232422,25.427555084228516,10.209047317504883,2550.223876953125,20.69253158569336,32.616546630859375
2018-06-19,70.89111328125,131.4310760498047,568.2752075195312,9.446568489074707,140.41842651367188,137.95370483398438,24.451658248901367,10.175386428833008,2552.71435546875,20.231693267822266,32.34178161621094
2018-06-20,70.79279327392578,129.8082275390625,562.0022583007812,9.382135391235352,139.8944854736328,137.6960906982422,24.551054000854492,10.010130882263184,2529.793212890625,19.94253921508789,32.004554748535156
2018-06-21,70.4978256225586,128.89385986328125,557.1229858398438,9.21678638458252,136.88177490234375,138.45111083984375,24.392925262451172,9.9458646774292,2514.844970703125,19.563026428222656,31.723533630371094
2018-06-22,71.34996032714844,130.22010803222656,574.1504516601562,9.504928588867188,140.3529815673828,140.4674072265625,24.722740173339844,10.221290588378906,2600.05224609375,19.409412384033203,32.77266311645508
2018-06-25,69.94065856933594,128.3089599609375,554.6336669921875,9.289734840393066,137.0127410888672,137.50071716308594,23.47576141357422,10.049914360046387,2530.790283203125,18.76785659790039,32.2668342590332
2018-06-26,69.48181915283203,128.391357421875,561.0064086914062,9.380921363830566,137.53672790527344,136.9588623046875,23.222749710083008,10.10805892944336,2565.171630859375,18.270872116088867,32.1481819152832
2018-06-27,69.84233856201172,127.81473541259766,579.8259887695312,9.639877319335938,140.94241333007812,138.15798950195312,23.222749710083008,10.285554885864258,2631.443115234375,18.939537048339844,32.77891540527344
2018-06-28,69.41627502441406,128.53143310546875,580.025390625,9.671489715576172,140.8114013671875,139.17062377929688,22.84323501586914,10.328397750854492,2638.419921875,18.61424446105957,32.57908630371094
2018-06-29,70.59614562988281,129.19508361816406,575.843017578125,9.669057846069336,141.72830200195312,140.47628784179688,22.689620971679688,10.261073112487793,2619.983154296875,18.813034057617188,32.60404968261719
2018-07-02,70.10453033447266,128.9959716796875,570.7647094726562,9.58881664276123,139.95997619628906,140.591796875,22.264925003051758,10.209047317504883,2587.59375,18.632314682006836,32.60404968261719
2018-07-03,70.39950561523438,128.58946228027344,578.9301147460938,9.821029663085938,140.41842651367188,139.61471557617188,22.124866485595703,10.319217681884766,2601.54638671875,18.83110809326172,32.928794860839844
2018-07-04,69.74401092529297,,577.5358276367188,9.814949989318848,140.28746032714844,,21.926069259643555,10.359000205993652,2588.591796875,18.921466827392578,33.07242202758789
2018-07-05,70.89111328125,129.244873046875,580.025390625,9.857501983642578,144.0205841064453,143.78948974609375,22.79353904724121,10.560978889465332,2608.024169921875,19.41844940185547,33.54702377319336
2018-07-06,71.61214447021484,129.9500274658203,576.6395263671875,9.835618019104004,141.9248046875,145.70809936523438,23.00588035583496,10.50283432006836,2609.02099609375,19.888322830200195,33.290985107421875
2018-07-09,71.71047973632812,130.987060546875,582.1163330078125,9.918291091918945,144.1515655517578,146.39205932617188,23.281484603881836,10.570158958435059,2655.361572265625,19.662424087524414,33.72187423706055
2018-07-10,72.46429443359375,132.45547485351562,586.995361328125,10.048377990722656,147.6227569580078,147.86656188964844,23.195640563964844,10.579341888427734,2685.258056640625,19.472667694091797,34.10905838012695
2018-07-11,71.4155044555664,130.5887908935547,568.2752075195312,9.87938404083252,144.87203979492188,145.7258758544922,22.341733932495117,10.411026954650879,2627.956298828125,18.641347885131836,33.19730758666992
2018-07-12,71.87434387207031,131.0119171142578,568.9725341796875,9.884249687194824,142.90719604492188,147.35134887695312,22.97877311706543,10.380424499511719,2621.47802734375,18.88532257080078,33.266014099121094
2018-07-13,71.80879974365234,130.52243041992188,568.3749389648438,9.896407127380371,142.90719604492188,148.15965270996094,23.001365661621094,10.395726203918457,2636.426513671875,18.632314682006836,33.30347442626953
2018-07-16,71.4155044555664,129.04574584960938,555.1315307617188,9.759024620056152,140.28746032714844,148.3728485107422,22.694137573242188,10.282493591308594,2584.6044921875,18.61424446105957,32.966251373291016
2018-07-17,71.80879974365234,129.58497619628906,557.820068359375,9.810087203979492,139.56700134277344,148.2129364013672,23.249858856201172,10.294734954833984,2601.54638671875,20.313016891479492,32.9412727355957
2018-07-18,72.66092681884766,129.3692626953125,559.8114624023438,9.80887222290039,138.8466033935547,146.5875244140625,23.932083129882812,10.25189208984375,2617.989990234375,20.665424346923828,33.034942626953125
2018-07-19,71.9071273803711,128.09169006347656,567.4788818359375,9.774828910827637,140.22198486328125,146.791748046875,23.213712692260742,10.374303817749023,2652.371826171875,20.367233276367188,33.0224609375
2018-07-20,71.21886444091797,128.0501708984375,564.8897705078125,9.77847671508789,139.3705291748047,147.07598876953125,22.73028564453125,10.316158294677734,2646.3916015625,19.743749618530273,32.84760284423828
2018-07-23,70.79279327392578,127.65201568603516,564.4915771484375,9.80522346496582,139.6325225830078,143.80722045898438,22.861309051513672,10.319217681884766,2647.389404296875,20.493738174438477,32.84760284423828
2018-07-24,71.44828033447266,128.8300018310547,565.6864013671875,9.870878219604492,140.02545166015625,145.0863037109375,24.085697174072266,10.313098907470703,2661.83935546875,20.95457649230957,33.016212463378906
2018-07-25,71.67770385742188,130.49755859375,563.5955200195312,9.864797592163086,140.4839630126953,147.28028869628906,23.674556732177734,10.261073112487793,2647.886962890625,20.710603713989258,32.97249221801758
2018-07-26,72.56261444091797,134.02337646484375,562.1015625,9.914645195007324,137.9296875,147.84878540039062,23.941120147705078,10.22435188293457,2567.165283203125,21.18951416015625,33.72187423706055
2018-07-27,73.08700561523438,133.76622009277344,564.8897705078125,9.847777366638184,139.6325225830078,147.8309783935547,24.383888244628906,10.276373863220215,2590.086181640625,21.117225646972656,34.34635925292969
2018-07-30,71.25163269042969,133.7578582763672,563.0975341796875,9.900053977966309,139.23956298828125,146.86279296875,24.496837615966797,10.343700408935547,2589.090087890625,20.710603713989258,34.440032958984375
2018-07-31,71.77603149414062,136.1969757080078,570.8643798828125,10.008257865905762,141.8593292236328,148.78143310546875,24.862796783447266,10.389604568481445,2606.031005859375,20.620241165161133,34.88340759277344
2018-08-01,71.93989562988281,134.42991638183594,560.80712890625,9.934094429016113,140.94241333007812,146.98716735839844,25.42303466796875,10.346760749816895,2560.687255859375,20.48470115661621,34.64609909057617
2018-08-02,71.44828033447266,132.7292022705078,553.8369140625,9.850207328796387,140.74591064453125,145.6015167236328,24.627859115600586,10.334519386291504,2522.8173828125,20.25880241394043,34.31513214111328
2018-08-03,70.89111328125,132.7042999267578,558.1187744140625,9.850207328796387,141.33534240722656,146.59693908691406,25.066110610961914,10.398784637451172,2535.773681640625,19.76181983947754,34.20896530151367
2018-08-06,70.82556915283203,133.53395080566406,564.3917236328125,9.903701782226562,141.40084838867188,141.01727294921875,24.605268478393555,10.392663955688477,2552.21728515625,19.581098556518555,34.31513214111328
2018-08-07,71.71047973632812,133.50076293945312,573.8515625,10.097009658813477,144.0205841064453,140.18701171875,25.319120407104492,10.450810432434082,2584.107666015625,19.481700897216797,34.94585418701172
2018-08-08,71.15331268310547,133.27674865722656,574.2499389648438,10.030142784118652,142.90719604492188,140.20489501953125,24.92605209350586,10.447750091552734,2598.05859375,19.391340255737305,34.65859603881836
2018-08-09,71.02222442626953,133.13572692871094,562.0792846679688,9.96084213256836,141.4663543701172,140.2941436767578,24.8176212310791,10.407963752746582,2554.568115234375,19.057008743286133,34.50872039794922
2018-08-10,69.74401092529297,130.97044372558594,553.7140502929688,9.699453353881836,140.8114013671875,138.1873016357422,24.108285903930664,10.313098907470703,2522.67236328125,18.487735748291016,33.69063949584961
2018-08-13,69.97343444824219,134.76177978515625,556.0044555664062,9.700666427612305,141.8593292236328,137.76773071289062,23.751359939575195,10.227410316467285,2515.197265625,18.34316062927246,33.778076171875
2018-08-14,70.03897857666016,136.32972717285156,553.0169067382812,9.795499801635742,140.74591064453125,138.6782989501953,23.629371643066406,10.12947940826416,2490.27880859375,18.26183319091797,33.44085693359375
2018-08-15,69.0229721069336,136.23016357421875,542.75927734375,,138.32266235351562,138.04446411132812,22.504383087158203,9.906082153320312,2442.43701171875,17.55702781677246,32.51662826538086
2018-08-16,69.58014678955078,136.6532440185547,546.3444213867188,9.672704696655273,138.19166564941406,137.9552001953125,22.75739097595215,9.942806243896484,2467.853271484375,17.782926559448242,32.69772720336914
2018-08-17,69.38349914550781,138.22122192382812,546.3444213867188,9.619211196899414,138.97756958007812,139.30320739746094,22.59473991394043,9.921382904052734,2464.36474609375,17.46666717529297,32.72270965576172
2018-08-20,69.90788269042969,138.53652954101562,549.630859375,9.733492851257324,141.4663543701172,141.31190490722656,23.16401481628418,9.976469993591309,2481.807373046875,17.79196548461914,33.034942626953125
2018-08-21,70.20284271240234,137.7981414794922,549.33203125,9.83197021484375,142.6103057861328,141.33871459960938,23.43961524963379,10.052973747253418,2493.27001953125,17.981719970703125,33.228538513183594
2018-08-22,70.56336975097656,136.35458374023438,552.3197631835938,9.920722007751465,142.87472534179688,138.3926239013672,23.45768928527832,10.10805892944336,2516.19384765625,17.837141036987305,33.55326461791992
2018-08-23,70.72723388671875,136.4043426513672,555.2078857421875,9.868443489074707,142.3459930419922,138.28546142578125,23.10979652404785,10.046854019165039,2529.649658203125,17.769372940063477,33.828033447265625
2018-08-24,70.56336975097656,137.6903076171875,561.3822631835938,9.969352722167969,142.27992248535156,139.4550323486328,23.66100311279297,10.09887981414795,2555.065673828125,17.936540603637695,34.265167236328125
2018-08-27,71.57938385009766,138.7853546142578,,9.988805770874023,143.99810791015625,141.09762573242188,23.76491355895996,10.12947940826416,,18.2528018951416,34.60862731933594
2018-08-28,71.51383972167969,138.55307006835938,557.3988037109375,9.918291091918945,144.13027954101562,141.36546325683594,23.96822738647461,10.160083770751953,2555.065673828125,18.2528018951416,34.221466064453125
2018-08-29,71.93989562988281,139.6149444580078,552.3197631835938,9.971785545349121,144.59288024902344,142.39208984375,23.99533462524414,10.181506156921387,2529.649658203125,18.198583602905273,34.25267791748047
2018-08-30,72.10377502441406,138.32077026367188,554.2120971679688,9.847777366638184,144.19635009765625,140.95481872558594,23.6790714263916,10.202927589416504,2538.61962890625,18.189546585083008,34.12779235839844
2018-08-31,71.12052917480469,137.95571899414062,545.0496826171875,9.714038848876953,142.1477508544922,141.22262573242188,23.43961524963379,10.138663291931152,2493.27001953125,17.990755081176758,33.640689849853516
2018-09-03,71.38273620605469,,551.42333984375,9.777257919311523,142.27992248535156,,23.43058204650879,10.212108612060547,2540.613525390625,17.850696563720703,33.809303283691406
2018-09-04,69.84233856201172,136.33802795410156,550.6267700195312,9.801575660705566,142.4781494140625,139.42819213867188,22.901968002319336,10.343700408935547,2527.65576171875,17.95461082458496,33.490814208984375
2018-09-05,69.21961975097656,137.20907592773438,544.0538330078125,9.701884269714355,138.843505859375,139.39251708984375,22.44564437866211,10.120301246643066,2498.75146484375,17.719675064086914,32.80390548706055
2018-09-06,68.89187622070312,137.76492309570312,538.9745483398438,9.620427131652832,139.30612182617188,139.86569213867188,22.332693099975586,9.994829177856445,2454.397705078125,17.498291015625,32.49164962768555
2018-09-07,69.31793975830078,136.76112365722656,534.6925048828125,9.559638977050781,138.31484985351562,138.40158081054688,22.463716506958008,10.013192176818848,2435.460693359375,17.041973114013672,32.4666748046875
2018-09-10,69.21961975097656,137.76492309570312,536.285888671875,9.635015487670898,138.843505859375,139.15147399902344,22.608293533325195,10.049914360046387,2419.014892578125,17.31757164001465,32.39798355102539
2018-09-11,69.21961975097656,138.2461395263672,541.7633666992188,9.653253555297852,141.81732177734375,140.23167419433594,22.161006927490234,10.248832702636719,2450.4111328125,17.290462493896484,33.08490753173828
2018-09-12,69.31793975830078,137.914306640625,550.6267700195312,9.737138748168945,143.2711944580078,139.80319213867188,22.74383544921875,10.481411933898926,2474.332275390625,17.45311164855957,33.646934509277344
2018-09-13,69.38349914550781,139.06741333007812,546.74267578125,9.718901634216309,143.3372802734375,142.1153564453125,22.350767135620117,10.392663955688477,2452.903076171875,17.105222702026367,33.428367614746094
2018-09-14,69.84233856201172,139.8804168701172,548.1368408203125,9.717686653137207,143.20510864257812,140.15135192871094,22.69865608215332,10.374303817749023,2461.375244140625,17.13684844970703,33.63444900512695
2018-09-17,70.0717544555664,139.99656677246094,546.4442138671875,9.806439399719238,143.40333557128906,141.07086181640625,23.15949821472168,10.362061500549316,2464.863037109375,17.38985824584961,33.540771484375
2018-09-18,69.94065856933594,139.9468536376953,547.8380737304688,9.835618019104004,142.87472534179688,141.20474243164062,23.43058204650879,10.40490436553955,2499.748046875,17.782926559448242,33.709381103515625
2018-09-19,70.76002502441406,140.3450469970703,551.124755859375,9.864797592163086,142.27992248535156,146.73977661132812,24.35226058959961,10.40490436553955,2504.731689453125,18.23472785949707,33.75309371948242
2018-09-20,71.25163269042969,141.3820343017578,553.2160034179688,9.931663513183594,142.21383666992188,148.38243103027344,24.731775283813477,,2505.72802734375,18.36123275756836,34.183990478515625
2018-09-21,72.30042266845703,141.53964233398438,564.6687622070312,9.914645195007324,143.20510864257812,148.6412811279297,24.8673152923584,10.086637496948242,2560.049072265625,18.487735748291016,34.283905029296875
2018-09-24,72.20208740234375,140.90914916992188,567.755859375,10.080615997314453,148.822265625,146.40943908691406,24.64593505859375,10.270254135131836,2585.96337890625,18.316055297851562,34.67731857299805
2018-09-25,72.03822326660156,140.07127380371094,584.2877807617188,10.32520580291748,154.90203857421875,145.5703125,25.043521881103516,10.423266410827637,2644.77001953125,18.560026168823242,35.119564056396484
2018-09-26,73.67694091796875,139.20846557617188,583.5906372070312,10.355156898498535,152.6551971435547,145.14169311523438,24.686595916748047,10.496712684631348,2624.33642578125,18.135332107543945,35.018470764160156
2018-09-27,74.39797973632812,139.80575561523438,590.8606567382812,10.315221786499023,152.12649536132812,144.91854858398438,24.433589935302734,10.52731704711914,2620.849609375,19.933504104614258,35.391212463378906
2018-09-28,74.26688385009766,139.496826171875,586.8770751953125,10.159234046936035,151.66390991210938,143.49017333984375,24.216718673706055,10.505892753601074,2627.82568359375,19.644350051879883,35.277503967285156
2018-10-01,74.49629974365234,141.48426818847656,592.8524780273438,10.182944297790527,152.3247833251953,150.75709533691406,24.04051399230957,10.548737525939941,2639.785888671875,18.758817672729492,35.612335205078125
2018-10-02,74.85682678222656,142.14393615722656,594.5455322265625,10.196669578552246,151.46566772460938,150.89990234375,24.090213775634766,10.52731704711914,2646.762451171875,18.88532257080078,35.50493621826172
2018-10-03,75.47953796386719,141.7347412109375,595.4417724609375,10.217884063720703,151.9943084716797,149.59654235839844,24.442617416381836,10.499773979187012,2657.228515625,,35.568115234375
2018-10-04,74.13578033447266,141.70973205566406,595.8400268554688,10.15673828125,151.1352081298828,148.04315185546875,24.261899948120117,10.499773979187012,2648.25732421875,18.74978256225586,35.42280960083008
2018-10-05,73.28364562988281,141.0249786376953,586.080322265625,10.150497436523438,150.87091064453125,146.6237335205078,23.3266658782959,10.420206069946289,2589.452880859375,18.61424446105957,34.82894515991211
2018-10-08,73.18533325195312,141.35899353027344,574.229248046875,9.887187957763672,149.1526641845703,146.6862030029297,23.09624481201172,10.291674613952637,2562.540771484375,18.6774959564209,34.146644592285156
2018-10-09,73.74250030517578,137.21707153320312,576.6192626953125,10.146754264831543,152.85340881347656,143.89190673828125,23.493831634521484,10.429388046264648,2585.96337890625,18.849178314208984,34.639427185058594
2018-10-10,71.38273620605469,134.11070251464844,566.859619140625,10.079368591308594,151.33346557617188,141.06190490722656,22.37335777282715,10.450810432434082,2553.570068359375,18.57809829711914,34.80999755859375
2018-10-11,69.84233856201172,131.17959594726562,552.1205444335938,9.802331924438477,146.2449951171875,137.71414184570312,21.86733627319336,10.062155723571777,2476.82421875,17.99979019165039,33.615970611572266
2018-10-12,68.89187622070312,132.1649932861328,555.7056884765625,9.746174812316895,146.04669189453125,139.48179626464844,22.237817764282227,9.98870849609375,2469.84619140625,18.162439346313477,33.43907928466797
2018-10-15,69.0229721069336,130.8539581298828,557.1000366210938,9.834775924682617,146.31106567382812,139.9727783203125,22.174560546875,10.025429725646973,2491.276611328125,18.05852508544922,33.83076477050781
2018-10-16,70.39950561523438,133.35076904296875,557.797119140625,9.878454208374023,146.9058380126953,143.43655395507812,22.409502029418945,10.040733337402344,2496.757568359375,18.15340232849121,34.0013427734375
2018-10-17,69.94065856933594,133.17539978027344,556.0044555664062,9.723713874816895,147.170166015625,142.6510009765625,22.414024353027344,9.964226722717285,2486.791015625,18.370269775390625,33.773902893066406
2018-10-18,69.64569091796875,130.8455810546875,552.219970703125,9.541520118713379,144.39459228515625,144.05258178710938,22.346250534057617,9.942806243896484,2479.814453125,18.20762062072754,33.35694122314453
2018-10-19,69.28516387939453,129.76832580566406,555.2078857421875,9.602665901184082,147.43453979492188,142.70458984375,21.465229034423828,9.802033424377441,2512.705322265625,17.47570037841797,33.37590789794922
2018-10-22,69.61293029785156,128.01473999023438,548.53515625,9.467891693115234,143.07290649414062,148.98052978515625,21.298059463500977,9.750007629394531,2489.78125,17.141366958618164,32.90209197998047
2018-10-23,68.79354858398438,126.96253204345703,531.0076904296875,9.328124046325684,140.3634490966797,146.56121826171875,20.760417938232422,9.486825942993164,2420.509521484375,16.644386291503906,32.25768280029297
2018-10-24,69.0229721069336,124.34883117675781,530.7090454101562,9.185863494873047,141.3546905517578,143.9365692138672,19.549577713012695,9.346054077148438,2410.542724609375,16.264869689941406,31.992345809936523
2018-10-25,70.59614562988281,126.49491119384766,533.2982177734375,9.34310245513916,141.4208221435547,147.3021697998047,19.929096221923828,9.211402893066406,2408.050537109375,16.486255645751953,32.47880935668945
2018-10-26,69.90788269042969,124.7830581665039,525.9285888671875,9.442933082580566,140.29739379882812,147.24859619140625,19.233314514160156,9.245062828063965,2405.060791015625,16.169992446899414,31.986026763916016
2018-10-29,69.25239562988281,126.06066131591797,532.9994506835938,9.58519458770752,142.21383666992188,147.7396240234375,19.987831115722656,9.306270599365234,2420.01171875,16.51788330078125,32.2071418762207
2018-10-30,68.99019622802734,128.41555786132812,543.7552490234375,9.600171089172363,140.09910583496094,146.8558349609375,19.4682559967041,9.281786918640137,2428.98095703125,16.37330436706543,32.055519104003906
2018-10-31,70.1373062133789,128.8915557861328,564.9674072265625,9.799838066101074,144.92327880859375,147.72174072265625,19.91554069519043,9.68574333190918,2492.2724609375,16.78444480895996,32.82627487182617
2018-11-01,69.44904327392578,129.74325561523438,539.2738037109375,9.625129699707031,142.0155487060547,144.6239776611328,20.08271026611328,9.523547172546387,2416.5234375,17.010345458984375,31.992345809936523
2018-11-02,69.31793975830078,130.13577270507812,531.1072998046875,9.58394718170166,139.6365203857422,142.6956329345703,20.13692283630371,9.548030853271484,2394.59423828125,17.31757164001465,31.745954513549805
2018-11-05,69.84233856201172,131.41343688964844,539.8707885742188,9.641351699829102,142.27992248535156,144.6150360107422,20.295055389404297,9.612295150756836,2426.98876953125,17.254318237304688,32.47248458862305
2018-11-06,69.05575561523438,132.01466369628906,537.38134765625,9.570219993591309,141.81732177734375,147.77536010742188,20.29054069519043,9.569452285766602,2402.56884765625,17.24076271057129,32.14396286010742
2018-11-07,70.20284271240234,134.4280242919922,542.0621337890625,9.754910469055176,143.00682067871094,148.95375061035156,20.47577667236328,9.652079582214355,2422.503662109375,17.38082504272461,32.68096160888672
2018-11-08,70.2356185913086,134.6534423828125,526.9027099609375,9.717473983764648,141.156494140625,147.57000732421875,20.602283477783203,9.68574333190918,2415.52490234375,17.22269058227539,32.49143600463867
2018-11-09,69.90788269042969,133.52615356445312,521.8229370117188,9.64384651184082,137.58792114257812,144.19544982910156,20.114336013793945,9.701045036315918,2410.044677734375,15.659455299377441,31.897584915161133
2018-11-12,70.03897857666016,131.51365661621094,526.0061645507812,9.663812637329102,140.42955017089844,142.14215087890625,19.653493881225586,9.670441627502441,2423.499755859375,15.180546760559082,31.727005004882812
2018-11-13,70.26840209960938,131.9812469482422,511.4642333984375,9.45167064666748,134.34974670410156,140.09774780273438,19.549577713012695,9.587813377380371,2369.67724609375,15.1669921875,31.27846908569336
2018-11-14,69.38349914550781,131.27980041503906,510.0696105957031,9.313148498535156,135.01063537597656,136.91064453125,19.454700469970703,9.489887237548828,2350.73974609375,15.054041862487793,31.37321662902832
2018-11-15,69.8095474243164,134.14404296875,524.9107055664062,9.344348907470703,135.53929138183594,138.53550720214844,19.671567916870117,9.606176376342773,2393.972900390625,14.923018455505371,31.65751838684082
2018-11-16,69.12129211425781,136.83294677734375,522.8190307617188,9.296928405761719,137.91830444335938,141.12442016601562,19.667049407958984,9.581693649291992,2399.454345703125,14.823624610900879,31.58485984802246
2018-11-19,68.79354858398438,133.51779174804688,520.6275634765625,9.184615135192871,135.67147827148438,142.39208984375,19.585723876953125,9.55415153503418,2386.994140625,14.543505668640137,31.303726196289062
2018-11-20,67.41703033447266,131.57205200195312,516.9423217773438,9.017395973205566,133.02809143066406,140.9369354248047,18.68663215637207,9.355233192443848,2349.611328125,14.231762886047363,30.8709716796875
2018-11-21,67.94142150878906,132.9248504638672,528.595947265625,9.127212524414062,135.80636596679688,141.99929809570312,19.04807472229004,9.486825942993164,2402.943603515625,14.584168434143066,31.215282440185547
2018-11-22,67.28592681884766,,523.1177368164062,8.932536125183105,134.8053741455078,,18.596271514892578,9.339933395385742,2376.0283203125,14.638385772705078,30.99416160583496
2018-11-23,67.67921447753906,131.51365661621094,510.56768798828125,8.772807121276855,129.46656799316406,139.43714904785156,18.0197696685791,9.095112800598145,2293.288330078125,14.697118759155273,30.062318801879883
2018-11-26,69.12129211425781,132.42384338378906,522.7192993164062,8.92005729675293,132.93679809570312,140.44595336914062,18.347782135009766,9.272605895996094,2356.090576171875,14.995307922363281,30.514022827148438
2018-11-27,68.40025329589844,130.494873046875,522.2213745117188,8.856415748596191,133.60414123535156,136.1875762939453,17.694473266601562,9.159377098083496,2344.626953125,14.859766960144043,30.34345054626465
2018-11-28,68.03974151611328,132.49066162109375,521.5239868164062,8.831457138061523,132.80332946777344,139.5264129638672,17.772180557250977,9.082869529724121,2339.642333984375,15.058562278747559,30.479286193847656
2018-11-29,68.2691650390625,132.949951171875,520.0299682617188,8.87014102935791,133.33718872070312,142.22251892089844,18.12187957763672,9.266485214233398,2364.564208984375,15.11729621887207,30.602476119995117
2018-11-30,69.97343444824219,134.3361358642578,517.9384765625,8.888860702514648,133.80433654785156,141.99038696289062,18.085729598999023,9.333812713623047,2362.571044921875,14.904949188232422,31.060489654541016
2018-12-03,70.1373062133789,139.1377410888672,529.8906860351562,9.054834365844727,138.07537841796875,146.721923828125,18.813138961791992,9.364415168762207,2407.927734375,15.478734016418457,31.471141815185547
2018-12-04,70.26840209960938,136.883056640625,534.8709106445312,8.99368667602539,136.6072235107422,143.5794677734375,18.469768524169922,9.364415168762207,2408.4267578125,15.275425910949707,31.26898765563965
2018-12-05,69.54736328125,,524.9107055664062,8.916316032409668,134.9388427734375,,18.198684692382812,9.214461326599121,2373.536376953125,15.090188026428223,30.83306121826172
2018-12-06,68.23639678955078,134.75367736816406,501.30462646484375,8.631791114807129,129.70013427734375,139.24966430664062,17.132421493530273,8.761542320251465,2267.868408203125,14.439591407775879,29.93596649169922
2018-12-07,69.12129211425781,131.23806762695312,512.7591552734375,8.806499481201172,133.87106323242188,136.3393096923828,17.43784523010254,9.049205780029297,2335.1572265625,14.385375022888184,30.42875099182129
2018-12-10,69.05575561523438,131.17127990722656,507.0815734863281,8.697929382324219,131.20169067382812,140.07992553710938,16.78001594543457,8.813568115234375,2309.7373046875,13.987788200378418,29.907550811767578
2018-12-11,69.54736328125,130.21092224121094,514.7510375976562,8.776549339294434,131.36849975585938,140.57093811035156,17.351099014282227,8.942097663879395,2331.169189453125,14.209174156188965,30.176040649414062
2018-12-12,70.33395385742188,131.69735717773438,514.4523315429688,8.882622718811035,132.23605346679688,143.3295135498047,17.822784423828125,9.036965370178223,2341.13818359375,14.27694320678711,30.621421813964844
2018-12-13,70.39950561523438,131.3382568359375,512.1614990234375,8.898845672607422,130.73452758789062,141.1333770751953,17.65471076965332,9.137954711914062,2333.661376953125,14.236279487609863,30.918352127075195
2018-12-14,70.26840209960938,129.77676391601562,510.66717529296875,8.827714920043945,129.70013427734375,140.09774780273438,17.54808807373047,9.052268028259277,2335.1572265625,14.100740432739258,31.019433975219727
2018-12-17,69.71123504638672,128.44061279296875,506.58349609375,8.710410118103027,127.03067779541016,141.1971435546875,17.551700592041016,9.003302574157715,2314.720947265625,14.109777450561523,30.71303367614746
2018-12-18,68.99019622802734,129.23390197753906,495.3283386230469,8.619315147399902,125.69600677490234,141.44847106933594,17.242664337158203,8.91455364227295,2259.39501953125,14.26790714263916,29.932003021240234
2018-12-19,70.56336975097656,128.6827850341797,500.5077819824219,8.704168319702148,126.76374816894531,139.85093688964844,17.566158294677734,8.975760459899902,2289.301513671875,14.529952049255371,29.980018615722656
2018-12-20,70.00619506835938,129.05020141601562,490.44781494140625,8.626802444458008,123.92754364013672,138.25350952148438,16.819778442382812,8.761542320251465,2258.897216796875,14.005861282348633,29.381439208984375
2018-12-21,70.53059387207031,129.59300231933594,493.2366027832031,8.594355583190918,122.35924530029297,137.40985107421875,16.6770076751709,8.795204162597656,2259.39501953125,13.80255126953125,29.477468490600586
2018-12-24,70.00619506835938,125.15882873535156,496.9219665527344,,,132.9405517578125,16.234241485595703,8.79898452758789,2262.883544921875,,28.95571517944336
2018-12-26,,131.0376739501953,,,,137.077880859375,,,,,
2018-12-27,68.72799682617188,133.40087890625,483.9237365722656,8.435868263244629,120.156982421875,140.37147521972656,16.084239959716797,8.654067039489746,2242.448974609375,13.38237476348877,29.032535552978516
2018-12-28,69.64569091796875,134.19415283203125,500.7069396972656,8.578132629394531,122.62619018554688,140.28175354003906,16.25411605834961,8.925000190734863,2293.786865234375,13.535987854003906,29.503070831298828
2018-12-31,71.08777618408203,134.57257080078125,493.9837341308594,,,140.0394287109375,16.39146614074707,8.871444702148438,2300.26611328125,,29.563905715942383
2019-01-02,69.54736328125,134.185791015625,505.28863525390625,8.598099708557129,123.16004943847656,141.08047485351562,15.992070198059082,8.96910572052002,2333.1630859375,13.468215942382812,29.86797523498535
2019-01-03,68.2691650390625,130.5870819091797,506.6832275390625,8.635536193847656,124.99529266357422,136.67396545410156,15.650507926940918,8.981707572937012,2334.15966796875,13.201653480529785,29.611913681030273
2019-01-04,70.17008209228516,135.8842010498047,518.7352905273438,8.947513580322266,127.96500396728516,140.56893920898438,16.680620193481445,9.19593334197998,2360.576904296875,13.88839340209961,30.351327896118164
2019-01-07,69.77678680419922,134.4716339111328,518.7352905273438,8.86889362335205,127.69806671142578,140.4432830810547,16.9553165435791,9.120325088500977,2360.576904296875,14.055561065673828,30.28090476989746
2019-01-08,69.87511444091797,132.92454528808594,517.7390747070312,8.81398868560791,128.8659210205078,141.9330291748047,17.342063903808594,9.129773139953613,2351.60498046875,14.31308650970459,30.216890335083008
2019-01-09,68.92465209960938,131.83140563964844,520.8268432617188,8.895101547241211,129.80026245117188,142.21127319335938,17.73965072631836,9.258939743041992,2368.0537109375,14.597722053527832,30.62020492553711
2019-01-10,68.17082977294922,132.17617797851562,524.9107055664062,8.886367797851562,127.96500396728516,145.253662109375,17.53543472290039,9.309344291687012,2384.501953125,14.701637268066406,30.472959518432617
2019-01-11,67.67921447753906,131.83140563964844,519.1336669921875,8.84144115447998,127.69806671142578,143.78182983398438,17.320375442504883,9.293594360351562,2354.0966796875,14.62483024597168,29.951213836669922
2019-01-14,67.12205505371094,130.42733764648438,518.7352905273438,8.8102445602417,126.12979125976562,141.81640625,17.45049476623535,9.243186950683594,2337.648681640625,14.557060241699219,30.120861053466797
2019-01-15,67.87586975097656,130.3936767578125,520.6275634765625,8.891357421875,128.0651397705078,141.1073760986328,17.35832405090332,9.224287033081055,2359.58056640625,14.557060241699219,30.079240798950195
2019-01-16,68.13806915283203,130.00689697265625,513.954345703125,8.910075187683105,126.59693145751953,141.11636352539062,17.421579360961914,9.230586051940918,2323.1943359375,14.331158638000488,30.120861053466797
2019-01-17,68.13806915283203,131.15040588378906,508.97406005859375,8.871391296386719,126.46344757080078,141.13430786132812,17.475793838500977,9.296744346618652,2297.77392578125,14.182064056396484,30.034427642822266
2019-01-18,69.18684387207031,133.37014770507812,521.2251586914062,9.11473274230957,129.16624450683594,144.3023223876953,18.08121681213379,9.451112747192383,2354.59619140625,14.439591407775879,30.591392517089844
2019-01-21,68.92465209960938,,520.0299682617188,9.07604694366455,128.7991943359375,,17.934829711914062,9.325098991394043,2364.564208984375,14.358267784118652,30.33531379699707
2019-01-22,68.76078033447266,132.6050567626953,510.56768798828125,9.032371520996094,127.13081359863281,144.3472442626953,17.117965698242188,9.343998908996582,2305.2509765625,14.028451919555664,30.09523582458496
2019-01-23,68.85910034179688,131.2933349609375,506.48394775390625,8.932536125183105,125.69600677490234,142.63311767578125,16.870378494262695,9.309344291687012,2249.924560546875,13.788995742797852,29.83597755432129
2019-01-24,69.0229721069336,131.58766174316406,509.8703918457031,8.994935035705566,125.69600677490234,141.23304748535156,17.163145065307617,9.482616424560547,2258.897216796875,13.811586380004883,30.09523582458496
2019-01-25,68.95742797851562,135.29568481445312,504.8903503417969,9.092270851135254,126.66365814208984,142.5522918701172,18.108320236206055,9.47946548461914,2244.44189453125,13.942608833312988,30.376924514770508
2019-01-28,68.46581268310547,134.43798828125,492.93798828125,9.00491714477539,124.39468383789062,141.98695373535156,18.207719802856445,9.306194305419922,2206.0634765625,14.037487030029297,29.887189865112305
2019-01-29,69.0229721069336,137.25473022460938,501.0056457519531,9.06107234954834,126.3633804321289,144.6882781982422,18.048686981201172,9.457414627075195,2230.984130859375,13.91550064086914,30.24249839782715
2019-01-30,69.51457977294922,137.876953125,509.37249755859375,9.137195587158203,126.86388397216797,146.2139129638672,18.334224700927734,9.52987289428711,2268.865478515625,13.924537658691406,30.10165023803711
2019-01-31,69.44904327392578,138.22171020507812,518.0377807617188,9.238275527954102,128.66571044921875,146.2947235107422,18.248384475708008,9.659035682678223,2354.59619140625,13.978754043579102,30.71623420715332
2019-02-01,69.8095474243164,139.48287963867188,519.432373046875,9.217061042785645,129.06613159179688,148.76268005371094,18.885425567626953,9.621233940124512,2376.5263671875,14.353750228881836,30.86347198486328
2019-02-04,69.58014678955078,140.31532287597656,518.0377807617188,9.225797653198242,129.96707153320312,146.73448181152344,18.66404151916504,9.596030235290527,2405.436279296875,14.18955135345459,30.786657333374023
2019-02-05,70.1373062133789,141.18975830078125,544.831298828125,9.32188606262207,133.17039489746094,148.07168579101562,18.632417678833008,9.706293106079102,2452.28857421875,14.157622337341309,31.305212020874023
2019-02-06,69.38349914550781,142.86300659179688,551.803466796875,9.271968841552734,131.3018035888672,146.6626739501953,19.219762802124023,9.684239387512207,2450.793701171875,14.504264831542969,31.22838020324707
2019-02-07,68.89187622070312,139.7603759765625,545.130126953125,9.068559646606445,130.20062255859375,144.21263122558594,18.293563842773438,9.466865539550781,2413.41064453125,13.765369415283203,30.757841110229492
2019-02-08,68.43302917480469,139.49134826660156,541.84326171875,9.057330131530762,128.7991943359375,144.6882781982422,17.392663955688477,9.362902641296387,2406.43212890625,13.154182434082031,31.00431251525879
2019-02-11,68.85910034179688,140.87022399902344,542.1419677734375,9.140939712524414,129.36647033691406,144.80494689941406,17.195680618286133,9.378654479980469,2419.391845703125,13.341187477111816,31.189970016479492
2019-02-12,69.48181915283203,144.0485382080078,543.0384521484375,9.207077980041504,132.13592529296875,150.35122680664062,17.369171142578125,9.457414627075195,2432.35107421875,13.081205368041992,31.23798942565918
2019-02-13,69.77678680419922,144.59506225585938,549.0147094726562,9.269474983215332,132.23605346679688,150.2165985107422,18.010730743408203,9.504669189453125,2446.8046875,12.488263130187988,31.311601638793945
2019-02-14,69.48181915283203,144.30079650878906,538.831298828125,9.222051620483398,130.6344451904297,149.4268341064453,17.611337661743164,9.447961807250977,2419.74658203125,12.132499694824219,31.35961151123047
2019-02-15,70.03897857666016,146.3691864013672,541.4210815429688,9.434198379516602,133.67088317871094,151.25765991210938,18.207719802856445,9.558225631713867,2416.756103515625,12.096009254455566,31.81415367126465
2019-02-18,70.1373062133789,,535.9421997070312,9.469138145446777,133.27047729492188,,18.103805541992188,9.573976516723633,2407.283935546875,11.890761375427246,31.69572639465332
2019-02-19,70.00619506835938,147.2352294921875,534.7467651367188,9.482865333557129,133.1911163330078,150.6474151611328,17.920372009277344,9.520421028137207,2403.794189453125,12.00478744506836,31.69572639465332
2019-02-20,70.92388153076172,149.36248779296875,537.3367309570312,9.516558647155762,132.6181182861328,152.83718872070312,18.338741302490234,9.580277442932129,2420.74267578125,12.11425495147705,31.772541046142578
2019-02-21,71.34996032714844,150.22854614257812,536.838623046875,9.527791976928711,132.28111267089844,153.8243865966797,18.3251895904541,9.570825576782227,2402.797119140625,12.027594566345215,31.83976173400879
2019-02-22,71.77603149414062,151.44775390625,535.045654296875,9.539023399353027,132.34854125976562,155.70907592773438,18.533018112182617,9.548772811889648,2391.33203125,12.232842445373535,31.980606079101562
2019-02-25,71.71047973632812,152.33053588867188,534.946044921875,9.49160099029541,131.33743286132812,156.71420288085938,18.840246200561523,9.463714599609375,2383.35498046875,12.501946449279785,31.69572639465332
2019-02-26,72.49706268310547,152.56600952148438,530.961181640625,9.49035358428955,130.69708251953125,156.07704162597656,18.618858337402344,9.533021926879883,2368.400390625,12.351430892944336,31.817346572875977
2019-02-27,71.77603149414062,152.6920928955078,531.9575805664062,9.497841835021973,130.76449584960938,156.60647583007812,18.487836837768555,9.545622825622559,2358.429443359375,12.150742530822754,32.022220611572266
2019-02-28,71.87434387207031,152.33897399902344,532.3561401367188,9.462899208068848,129.65232849121094,155.4757080078125,18.261934280395508,9.52987289428711,2342.477783203125,11.995665550231934,32.00300598144531
2019-03-01,72.39874267578125,151.43087768554688,530.961181640625,9.38303279876709,129.14678955078125,151.11404418945312,18.3613338470459,9.523571968078613,2343.47509765625,12.077765464782715,31.929391860961914
2019-03-04,72.03822326660156,151.93539428710938,534.049560546875,9.427958488464355,130.66343688964844,151.40127563476562,18.383922576904297,9.514121055603027,2344.970458984375,12.054960250854492,32.24628448486328
2019-03-05,72.66092681884766,150.68255615234375,536.240966796875,9.47413158416748,130.2589874267578,151.16790771484375,18.12187957763672,9.504669189453125,2364.910888671875,12.000226020812988,32.5535774230957
2019-03-06,73.28364562988281,151.5990447998047,535.9421997070312,9.53403091430664,130.96673583984375,151.78713989257812,18.036035537719727,9.514121055603027,2367.90185546875,11.909005165100098,32.662410736083984
2019-03-07,72.56261444091797,151.05252075195312,538.6319580078125,9.53403091430664,130.76449584960938,151.07901000976562,17.51374626159668,9.492067337036133,2354.94140625,11.503068923950195,32.662410736083984
2019-03-08,72.66092681884766,152.49032592773438,532.2562255859375,9.339357376098633,127.66393280029297,152.87425231933594,16.90652084350586,9.296744346618652,2319.546142578125,11.206597328186035,32.22067642211914
2019-03-11,73.05422973632812,154.6680145263672,533.5514526367188,9.435443878173828,127.19206237792969,154.51609802246094,17.141462326049805,9.359752655029297,2331.5107421875,11.220280647277832,32.49596405029297
2019-03-12,72.98867797851562,154.75216674804688,534.5476684570312,9.461650848388672,127.49542236328125,155.45433044433594,17.394472122192383,9.31879711151123,2341.9794921875,11.261330604553223,32.43193435668945
2019-03-13,73.18533325195312,155.6349639892578,545.7046508789062,9.698755264282227,129.78713989257812,157.3217315673828,17.45410919189453,9.441659927368164,2357.932373046875,11.35255241394043,32.78404998779297
2019-03-14,73.70972442626953,155.7274627685547,547.7966918945312,9.6950101852417,130.66343688964844,157.15933227539062,17.031217575073242,9.457414627075195,2368.898681640625,11.576045036315918,32.93769073486328
2019-03-15,74.56185150146484,155.42477416992188,542.4173583984375,9.726208686828613,129.71974182128906,159.16201782226562,17.28242301940918,9.451112747192383,2374.880859375,11.45745849609375,33.09773254394531
2019-03-18,73.74250030517578,155.86203002929688,551.8809814453125,9.82354736328125,131.30377197265625,157.46607971191406,17.665552139282227,9.677939414978027,2410.275390625,11.781294822692871,33.46263885498047
2019-03-19,73.31642150878906,155.466796875,556.3639526367188,9.914644241333008,131.47227478027344,156.59097290039062,17.994470596313477,9.77560043334961,2417.752685546875,11.85427188873291,33.40430450439453
2019-03-20,73.84082794189453,155.256591796875,554.0726318359375,9.843513488769531,130.42747497558594,159.3424530029297,17.484832763671875,9.750398635864258,2416.25634765625,11.808661460876465,32.639530181884766
2019-03-21,74.03746795654297,157.3922882080078,561.6435546875,9.877208709716797,131.57333374023438,157.9622039794922,17.546276092529297,9.744097709655762,2449.656005859375,11.653584480285645,32.71728515625
2019-03-22,72.52983856201172,156.64398193359375,549.98828125,9.79609203338623,130.42747497558594,153.23512268066406,16.59748649597168,9.583428382873535,2384.3525390625,11.243085861206055,32.036766052246094
2019-03-25,73.48030090332031,156.32444763183594,546.1032104492188,9.748671531677246,129.18052673339844,153.36134338378906,16.460140228271484,9.510968208312988,2375.877685546875,11.179231643676758,31.920101165771484
2019-03-26,74.03746795654297,157.3670196533203,548.4940795898438,9.743680000305176,129.34902954101562,154.2454833984375,16.20713233947754,9.545622825622559,2384.851318359375,11.078887939453125,32.137229919433594
2019-03-27,73.84082794189453,157.7790985107422,543.7123413085938,9.727458953857422,128.3042449951172,152.8922576904297,16.221586227416992,9.618083000183105,2367.4033203125,11.046958923339844,31.99139976501465
2019-03-28,74.00468444824219,159.89785766601562,548.4940795898438,9.658821105957031,128.0009307861328,156.6992645263672,16.017372131347656,9.539322853088379,2383.35498046875,10.764172554016113,31.94927215576172
2019-03-29,74.29965209960938,161.54754638671875,556.3639526367188,9.829785346984863,127.29318237304688,158.71099853515625,16.31736946105957,9.614933013916016,2406.2861328125,11.170108795166016,32.0950927734375
2019-04-01,74.72572326660156,161.99594116210938,557.0612182617188,9.877208709716797,128.944580078125,159.29739379882812,17.257123947143555,9.690539360046387,2408.779052734375,11.81322193145752,32.40619659423828
2019-04-02,74.79127502441406,161.14151000976562,561.6435546875,9.852245330810547,129.78713989257812,160.59642028808594,17.457725524902344,9.687389373779297,2426.226806640625,11.881638526916504,32.393226623535156
2019-04-03,75.7417221069336,162.19049072265625,558.1568603515625,9.923377990722656,130.86557006835938,164.8544921875,17.918567657470703,9.725194931030273,2426.724609375,12.164426803588867,32.40619659423828
2019-04-04,75.84005737304688,162.23280334472656,557.4595947265625,9.831032752990723,128.16940307617188,165.90090942382812,17.8625431060791,9.627532005310059,2432.70751953125,12.009349822998047,32.32194137573242
2019-04-05,76.39722442626953,163.43409729003906,566.4252319335938,9.888437271118164,129.68601989746094,166.5504608154297,18.07036781311035,9.665335655212402,2468.100830078125,11.995665550231934,32.594146728515625
2019-04-08,76.49554443359375,163.29873657226562,575.9885864257812,9.86722183227539,132.98887634277344,166.74891662597656,17.931217193603516,9.624382972717285,2497.512451171875,11.76305103302002,32.79507064819336
2019-04-09,75.97114562988281,162.66427612304688,571.804443359375,9.913395881652832,131.74183654785156,164.9988250732422,17.76495361328125,9.482616424560547,2473.584716796875,11.612534523010254,32.55526351928711
2019-04-10,76.39722442626953,163.30718994140625,573.9960327148438,9.945838928222656,132.65182495117188,163.30284118652344,17.80109405517578,9.636984825134277,2483.056396484375,11.69919490814209,32.64600372314453
2019-04-11,75.80728149414062,163.73863220214844,570.4097900390625,9.935856819152832,132.44961547851562,162.24734497070312,17.708925247192383,9.52987289428711,2479.068115234375,11.621655464172363,32.45804214477539
2019-04-12,75.80728149414062,164.2547149658203,568.41748046875,9.8684720993042,132.78665161132812,162.69837951660156,18.12187957763672,9.498368263244629,2471.59130859375,11.539556503295898,32.39971160888672
2019-04-15,76.0039291381836,164.06015014648438,567.7201538085938,9.777372360229492,132.58441162109375,162.50889587402344,18.194164276123047,9.447961807250977,2460.623779296875,11.749367713928223,32.451568603515625
2019-04-16,76.42998504638672,166.74188232421875,565.9270629882812,9.625129699707031,131.10154724121094,162.94195556640625,18.469768524169922,9.366052627563477,2460.623779296875,12.018471717834473,32.11779022216797
2019-04-17,76.79051971435547,167.29176330566406,569.8121948242188,9.627623558044434,131.10154724121094,162.30142211914062,19.233314514160156,9.473164558410645,2474.083251953125,12.451773643493652,32.46451950073242
2019-04-18,77.54432678222656,167.5878143310547,565.528564453125,9.628874778747559,,162.7434844970703,19.011932373046875,9.492067337036133,2459.128173828125,12.424409866333008,32.60063552856445
2019-04-22,,166.33580017089844,,,,161.39031982421875,,,,,
2019-04-23,77.31489562988281,166.3780975341797,580.2718505859375,9.8572416305542,136.15687561035156,161.77821350097656,18.47428321838379,9.567675590515137,2513.46484375,11.931811332702637,33.19690704345703
2019-04-24,77.21659088134766,168.70449829101562,568.0191650390625,9.70250129699707,133.93247985839844,160.23558044433594,18.216753005981445,9.328248977661133,2465.607666015625,11.731122970581055,32.43212127685547
2019-04-25,78.003173828125,168.85678100585938,567.1226196289062,9.675042152404785,131.97779846191406,159.02671813964844,17.887840270996094,9.381804466247559,2468.100830078125,11.904443740844727,32.344627380371094
2019-04-26,77.83929443359375,171.36932373046875,553.9730224609375,9.57271671295166,131.0004425048828,160.81289672851562,17.530014038085938,9.290444374084473,2431.709716796875,11.712878227233887,31.981674194335938
2019-04-29,77.34767150878906,172.21534729003906,550.3868408203125,9.42047119140625,129.1131134033203,159.76649475097656,17.689050674438477,9.290444374084473,2422.73779296875,11.46657943725586,31.495580673217773
2019-04-30,77.70820617675781,174.0933380126953,556.8616943359375,9.495345115661621,129.71974182128906,162.6171875,17.46495246887207,9.533021926879883,2442.67724609375,11.434651374816895,32.111289978027344
2019-05-01,,171.01406860351562,549.888671875,,,160.83999633789062,,,2406.2861328125,,
2019-05-02,77.67543029785156,175.66690063476562,545.4058837890625,9.380539894104004,128.4053497314453,162.82472229003906,16.825199127197266,9.340848922729492,2446.16748046875,11.30238151550293,32.00436019897461
2019-05-03,77.70820617675781,177.29959106445312,546.0036010742188,9.414233207702637,129.01202392578125,163.24868774414062,17.00230598449707,9.299894332885742,2447.1630859375,11.192914962768555,31.868261337280273
2019-05-06,77.21659088134766,174.26255798339844,,9.279457092285156,125.94512939453125,161.1466827392578,16.59929656982422,9.221137046813965,,10.796099662780762,31.10346794128418
2019-05-07,75.84005737304688,170.1849822998047,531.1607055664062,9.041107177734375,125.00140380859375,157.484130859375,16.091466903686523,9.05416488647461,2367.90185546875,10.549800872802734,30.2706241607666
2019-05-08,75.6434097290039,173.687255859375,536.240966796875,9.034866333007812,124.93400573730469,159.2612762451172,16.057130813598633,9.085668563842773,2405.289794921875,10.5817289352417,30.44886016845703
2019-05-09,74.13578033447266,172.95130920410156,523.5684204101562,8.937531471252441,122.06932830810547,156.3834991455078,15.079426765441895,8.991158485412598,2409.277587890625,10.248767852783203,30.205820083618164
2019-05-10,74.43075561523438,176.20831298828125,522.2733764648438,8.90134048461914,123.35005187988281,163.81700134277344,14.674610137939453,9.000609397888184,2419.247802734375,13.13593864440918,30.377567291259766
2019-05-13,74.26688385009766,173.04437255859375,524.365478515625,8.998676300048828,123.38370513916016,162.99609375,13.915576934814453,8.953352928161621,2440.184814453125,11.995665550231934,30.374324798583984
2019-05-14,75.51232147216797,174.0764617919922,532.6349487304688,9.112238883972168,123.35005187988281,163.2126007080078,13.897504806518555,9.085668563842773,2483.056396484375,11.621655464172363,30.72107696533203
2019-05-15,75.38121795654297,173.44200134277344,537.4172973632812,9.058577537536621,123.01300048828125,163.158447265625,13.825218200683594,9.136075973510742,2511.47119140625,11.046958923339844,30.93494987487793
2019-05-16,77.47879028320312,177.1727294921875,547.6795654296875,9.203333854675293,125.58930206298828,169.28390502929688,13.92226791381836,9.252639770507812,2514.333251953125,12.082326889038086,31.50206756591797
2019-05-17,77.41323852539062,177.58731079101562,553.9563598632812,9.259491920471191,,170.50177001953125,13.38757038116455,9.31879711151123,2528.79150390625,11.407285690307617,31.868261337280273
2019-05-20,75.8709945678711,173.77191162109375,555.1519775390625,9.250507354736328,125.48690795898438,167.12782287597656,13.208117485046387,9.375503540039062,2531.78271484375,11.051520347595215,31.903902053833008
2019-05-21,76.00511169433594,175.10011291503906,558.0413208007812,9.330077171325684,125.04324340820312,168.94110107421875,13.68971061706543,9.488917350769043,2531.28466796875,11.580606460571289,32.25389099121094
2019-05-22,76.91032409667969,174.49099731445312,558.43994140625,9.251791954040527,124.83848571777344,169.816162109375,13.424193382263184,9.425908088684082,2531.78271484375,11.676389694213867,31.761316299438477
2019-05-23,75.4351577758789,172.7567596435547,542.1000366210938,8.932232856750488,118.08122253417969,166.96542358398438,12.827238082885742,9.095121383666992,2467.466552734375,11.115375518798828,30.714595794677734
2019-05-24,76.23979949951172,172.9936065673828,542.4986572265625,9.018217086791992,117.73998260498047,169.4733428955078,12.948095321655273,9.145527839660645,2479.930908203125,10.901004791259766,30.821531295776367
2019-05-27,76.7426986694336,,,9.028484344482422,116.0335693359375,,13.041483879089355,9.214835166931152,,11.001348495483398,31.01272201538086
2019-05-28,75.77041625976562,171.09019470214844,543.4951171875,9.000251770019531,115.93119049072266,166.2707977294922,12.93161392211914,9.252639770507812,2474.447021484375,11.037836074829102,30.79884910583496
2019-05-29,75.06635284423828,171.7161865234375,539.3104858398438,8.81287956237793,113.57640075683594,165.0979766845703,12.393254280090332,9.066768646240234,2453.007568359375,10.672950744628906,30.354883193969727
2019-05-30,75.73689270019531,172.78213500976562,539.3104858398438,8.785929679870605,,165.45887756347656,12.382268905639648,9.186480522155762,2458.990234375,10.73680591583252,30.358125686645508
2019-05-31,74.76461029052734,172.23219299316406,538.1148071289062,8.71406078338623,114.46371459960938,163.6596221923828,12.140554428100586,9.110873222351074,2454.0048828125,10.339990615844727,30.228500366210938
2019-06-03,75.66983795166016,176.77513122558594,542.0004272460938,8.86806583404541,116.37484741210938,169.75999450683594,12.193658828735352,9.126623153686523,2465.47216796875,10.590849876403809,30.273866653442383
2019-06-04,76.64212036132812,180.7427978515625,542.59814453125,8.9951171875,114.87325286865234,173.4492645263672,12.688069343566895,9.217986106872559,2452.010986328125,11.0697660446167,30.60441780090332
2019-06-05,76.57505798339844,183.8136444091797,535.6241455078125,8.89886474609375,114.46371459960938,174.71829223632812,12.3694486618042,9.158126831054688,2453.506591796875,10.796099662780762,30.38080596923828
2019-06-06,76.57505798339844,187.37521362304688,541.502197265625,8.919398307800293,115.0097885131836,178.88796997070312,12.146049499511719,9.192780494689941,2491.897216796875,10.572606086730957,30.617380142211914
2019-06-07,78.385498046875,188.70338439941406,549.7718505859375,8.95789909362793,116.44309997558594,181.3353729248047,12.345643043518066,9.236886978149414,2515.82763671875,10.645584106445312,30.977083206176758
2019-06-10,77.84907531738281,187.2398223876953,553.4583129882812,8.983565330505371,,181.6707000732422,12.896821975708008,9.217986106872559,2534.275146484375,,31.2719783782959
2019-06-11,78.58665466308594,185.31105041503906,554.9525756835938,9.013083457946777,117.3987045288086,182.00611877441406,13.746476173400879,9.243186950683594,2535.273193359375,11.151865005493164,31.705495834350586
2019-06-12,79.32424926757812,186.07240295410156,538.8123779296875,8.86806583404541,115.0097885131836,182.82196044921875,13.360103607177734,9.05416488647461,2508.349853515625,11.024154663085938,30.838468551635742
2019-06-13,79.2572021484375,186.26699829101562,537.0189208984375,8.921963691711426,115.2486572265625,183.77371215820312,13.667737007141113,9.06991958618164,2502.865234375,11.015031814575195,30.85817527770996
2019-06-14,79.62599182128906,185.480224609375,536.9191284179688,8.947632789611816,115.99943542480469,183.7465057373047,13.341792106628418,9.010061264038086,2507.851806640625,10.73680591583252,31.035526275634766
2019-06-17,79.35777282714844,183.46682739257812,534.0299072265625,8.900147438049316,114.6684799194336,182.43215942382812,13.160508155822754,8.905558586120605,2509.845947265625,10.741366386413574,30.96982765197754
2019-06-18,81.20175170898438,185.20103454589844,543.8934936523438,9.08366870880127,116.61376190185547,184.93399047851562,13.991851806640625,9.065576553344727,2537.76611328125,11.288697242736816,31.652944564819336
2019-06-19,81.00057983398438,186.4446258544922,539.6091918945312,9.126019477844238,115.28276062011719,181.82479858398438,14.015655517578125,8.944746017456055,2538.76318359375,11.083446502685547,31.735048294067383
2019-06-20,80.96705627441406,187.8489532470703,547.2809448242188,9.213289260864258,117.15979766845703,183.41114807128906,14.008331298828125,9.059046745300293,2565.1875,10.996788024902344,31.981365203857422
2019-06-21,82.03990936279297,187.9250946044922,554.1555786132812,9.37242603302002,117.80821228027344,183.22079467773438,13.962553024291992,9.192938804626465,2576.6552734375,10.987664222717285,32.260520935058594
2019-06-24,81.7717056274414,189.19407653808594,548.2772827148438,9.318524360656738,116.78440856933594,184.35385131835938,13.68604850769043,9.08517074584961,2579.148681640625,10.713998794555664,32.18497848510742
2019-06-25,81.73817443847656,190.09080505371094,548.9747924804688,9.265905380249023,115.04390716552734,183.82810974121094,13.720839500427246,8.993732452392578,2588.62060546875,10.668388366699219,32.14885711669922
2019-06-26,80.93354034423828,189.43943786621094,552.4619140625,9.309541702270508,116.34071350097656,181.8339080810547,14.383719444274902,9.075373649597168,2604.575439453125,11.402724266052246,32.52653884887695
2019-06-27,81.63760375976562,189.07562255859375,548.67578125,9.282590866088867,115.41929626464844,180.864013671875,14.427667617797852,8.95454216003418,2575.15966796875,11.562362670898438,32.267086029052734
2019-06-28,82.5093002319336,192.50271606445312,546.58349609375,9.37242603302002,114.97562408447266,182.0151824951172,14.407524108886719,9.003528594970703,2565.1875,11.69919490814209,32.36561965942383
2019-07-01,82.24107360839844,194.58612060546875,555.8495483398438,9.394245147705078,118.2177505493164,184.00938415527344,14.594300270080566,9.206002235412598,2589.119873046875,11.767610549926758,32.69403076171875
2019-07-02,82.44223022460938,195.81918334960938,553.856689453125,9.30312442779541,117.60346221923828,184.49888610839844,14.281173706054688,9.104764938354492,2585.629638671875,11.489384651184082,32.572513580322266
2019-07-03,82.91162109375,196.78013610839844,544.2920532226562,9.348042488098145,116.13597106933594,184.5623321533203,14.154823303222656,8.996996879577637,2571.669677734375,11.516751289367676,32.260520935058594
2019-07-04,82.30813598632812,,543.8934936523438,9.398093223571777,116.8526382446289,,14.290328979492188,8.993732452392578,2579.64697265625,11.270453453063965,32.48384475708008
2019-07-05,82.14048767089844,196.08285522460938,540.505859375,9.336492538452148,115.89708709716797,183.49270629882812,13.92959213256836,8.974137306213379,2578.6494140625,11.115375518798828,32.45756912231445
2019-07-08,82.30813598632812,194.15245056152344,543.8934936523438,9.403228759765625,117.87647247314453,182.80380249023438,14.10538387298584,8.983935356140137,2569.67529296875,11.12449836730957,32.64476776123047
2019-07-09,82.07344055175781,192.23056030273438,544.3917846679688,9.336492538452148,115.72642517089844,182.1692657470703,13.328973770141602,8.944746017456055,2581.640625,10.672950744628906,32.51997375488281
2019-07-10,82.5093002319336,192.40916442871094,543.6942138671875,9.43659496307373,116.47726440429688,182.89447021484375,13.413207054138184,9.006794929504395,2597.096923828125,10.568045616149902,32.684181213378906
2019-07-11,81.73817443847656,193.68472290039062,543.7938842773438,9.496912002563477,119.03681945800781,183.83718872070312,13.204455375671387,9.042716979980469,2596.099609375,10.472261428833008,32.74986267089844
2019-07-12,82.47576904296875,193.1745147705078,543.9931640625,9.513595581054688,117.3987045288086,184.89764404296875,13.534063339233398,9.111297607421875,2580.64306640625,10.472261428833008,32.75642013549805
2019-07-15,82.57634735107422,193.59970092773438,540.1074829101562,9.440445899963379,116.8185043334961,184.97930908203125,13.742815017700195,9.09170150756836,2585.131103515625,10.458579063415527,32.900936126708984
2019-07-16,82.5093002319336,193.1234588623047,541.6018676757812,9.410926818847656,114.46371459960938,183.63771057128906,14.288497924804688,9.000264167785645,2585.629638671875,10.577166557312012,32.81882095336914
2019-07-17,82.14048767089844,192.5537109375,526.0593872070312,9.249223709106445,111.69939422607422,182.93983459472656,13.819722175598145,8.814118385314941,2545.74365234375,10.435772895812988,31.915668487548828
2019-07-18,82.03990936279297,191.79681396484375,513.8045043945312,9.17607307434082,110.09542083740234,184.58949279785156,13.460817337036133,8.670428276062012,2513.833740234375,10.253329277038574,31.5478458404541
2019-07-19,81.73817443847656,190.93797302246094,515.7971801757812,9.124737739562988,110.64146423339844,184.35385131835938,13.590827941894531,8.690021514892578,2531.78271484375,10.330867767333984,31.65951156616211
2019-07-22,82.47576904296875,192.19654846191406,521.0776977539062,9.186336517333984,111.35810852050781,184.53515625,13.92959213256836,8.683489799499512,2548.236328125,10.280695915222168,31.65622901916504
2019-07-23,83.44803619384766,194.62017822265625,525.3619384765625,9.233823776245117,112.6890869140625,187.47203063964844,14.55035400390625,8.804320335388184,2558.207275390625,10.59997272491455,32.093021392822266
2019-07-24,83.2804183959961,191.21859741210938,521.5758056640625,9.249223709106445,112.75736236572266,183.78277587890625,14.354421615600586,9.333366394042969,2534.275146484375,10.919249534606934,31.823732376098633
2019-07-25,82.27461242675781,193.59120178222656,521.675537109375,9.20815658569336,108.28662109375,181.19032287597656,14.10538387298584,9.496650695800781,2532.281494140625,10.691195487976074,31.47559928894043
2019-07-26,83.1127700805664,196.05734252929688,521.0776977539062,9.200454711914062,109.3104476928711,182.16024780273438,13.898463249206543,9.526040077209473,2540.757568359375,10.5817289352417,31.5478458404541
2019-07-29,83.3139419555664,196.60157775878906,525.0628662109375,9.142701148986816,107.84297180175781,181.08155822753906,13.794087409973145,9.516243934631348,2595.102783203125,10.641022682189941,31.567554473876953
2019-07-30,83.95094299316406,197.12881469726562,541.2036743164062,9.043883323669434,105.89768981933594,178.11749267578125,13.391234397888184,9.385615348815918,2604.575439453125,10.51787281036377,31.02566146850586
2019-07-31,83.81683349609375,194.1184539794922,543.6942138671875,9.114469528198242,108.45726776123047,173.38584899902344,13.292351722717285,9.39541244506836,2586.626953125,10.663826942443848,30.894296646118164
2019-08-01,84.6550064086914,192.50271606445312,536.7200317382812,9.045166015625,107.22866821289062,172.6062774658203,13.094587326049805,9.32030200958252,2458.990234375,10.604533195495605,30.575733184814453
2019-08-02,81.36939239501953,189.5008087158203,524.9635009765625,8.778229713439941,105.79534149169922,170.1497802734375,12.224787712097168,9.023124694824219,2396.668701171875,10.025275230407715,29.380300521850586
2019-08-05,80.96705627441406,187.13674926757812,513.704833984375,8.649889945983887,103.98656463623047,172.79661560058594,11.68276596069336,8.869635581970215,2355.28662109375,9.7242431640625,28.98947525024414
2019-08-06,80.7994384765625,188.2932586669922,505.1364440917969,8.588290214538574,103.13338470458984,171.10150146484375,11.444717407226562,8.755335807800293,2325.869873046875,9.637581825256348,28.60193634033203
2019-08-07,81.20175170898438,190.03651428222656,503.7416076660156,8.46636962890625,101.9389419555664,172.93251037597656,11.354990005493164,8.595316886901855,2323.8759765625,9.587410926818848,28.362197875976562
2019-08-08,83.41452026367188,193.871826171875,501.13427734375,8.620372772216797,102.6897201538086,174.59140014648438,11.887855529785156,8.641036987304688,2375.2294921875,10.002470016479492,28.84168815612793
2019-08-09,82.14048767089844,195.47903442382812,501.13427734375,8.465086936950684,102.21194458007812,174.01123046875,11.025381088256836,8.56919002532959,2366.2548828125,9.3547945022583,28.56580924987793
2019-08-12,82.71044921875,193.14895629882812,499.0416259765625,8.450970649719238,101.9730453491211,174.21969604492188,10.831278800964355,8.46142292022705,2370.243896484375,9.076567649841309,28.39503288269043
2019-08-13,83.81683349609375,195.30897521972656,505.1202087402344,8.611388206481934,104.05481719970703,174.85426330566406,11.42273998260498,8.549595832824707,2391.18359375,9.154107093811035,29.045297622680664
2019-08-14,81.46995544433594,189.2882537841797,496.25146484375,8.407337188720703,100.98335266113281,168.27342224121094,10.52913761138916,8.29487133026123,2337.8359375,8.773711204528809,28.664339065551758
2019-08-15,81.46995544433594,192.47714233398438,487.980712890625,,100.50557708740234,169.17987060546875,10.476034164428711,8.151182174682617,2268.902099609375,8.58397102355957,28.44101333618164
2019-08-16,82.60987091064453,194.5351104736328,488.4789733886719,8.367549896240234,100.60792541503906,171.1287078857422,10.78366756439209,8.147915840148926,2266.906982421875,8.68796443939209,28.39832305908203
2019-08-19,82.77750396728516,194.37353515625,498.3440856933594,8.517704963684082,103.13252258300781,171.4188232421875,11.173705101013184,8.373250007629395,2308.794189453125,8.863109588623047,28.99932289123535
2019-08-20,82.27461242675781,191.9584503173828,491.61785888671875,8.434285163879395,103.27120208740234,170.1316375732422,10.93382453918457,8.20016860961914,2281.86669921875,8.855813026428223,28.680753707885742
2019-08-21,83.78330993652344,194.43309020996094,497.09857177734375,8.566473007202148,106.11479949951172,171.08343505859375,11.115108489990234,8.360186576843262,2317.271484375,9.0017671585083,29.1536865234375
2019-08-22,83.2804183959961,191.57579040527344,492.7139892578125,8.542086601257324,106.91240692138672,169.62405395507812,11.43372917175293,8.350390434265137,2281.36767578125,9.505311965942383,29.160245895385742
2019-08-23,81.97286987304688,187.6299591064453,486.2865905761719,8.433002471923828,105.21318817138672,167.02252197265625,11.177367210388184,8.196903228759766,2260.424560546875,9.436894416809082,28.62493133544922
2019-08-26,82.94513702392578,189.458251953125,,8.481771469116211,103.96479034423828,167.62075805664062,11.354990005493164,8.226293563842773,,9.564604759216309,28.79570198059082
2019-08-27,82.94513702392578,191.79681396484375,486.3363952636719,8.53567123413086,104.72769165039062,167.45761108398438,11.364144325256348,8.196903228759766,2241.972900390625,9.642143249511719,28.877809524536133
2019-08-28,83.01219940185547,192.0094451904297,496.9988098144531,8.598557472229004,105.62931060791016,167.6660614013672,11.344002723693848,8.412436485290527,2274.38720703125,9.705999374389648,29.107704162597656
2019-08-29,84.58794403076172,190.8614044189453,501.13427734375,8.738443374633789,107.25917053222656,170.1044921875,11.781647682189941,8.533267974853516,2290.34375,10.03439712524414,29.557628631591797
2019-08-30,84.9232177734375,192.12008666992188,498.4438171386719,8.778229713439941,108.0567855834961,172.03968811035156,11.986736297607422,8.634505271911621,2269.400146484375,10.139302253723145,29.813800811767578
2019-09-02,85.42611694335938,,502.0310974121094,8.798761367797852,108.0914535522461,,11.790803909301758,8.732476234436035,2289.845458984375,10.075447082519531,29.741554260253906
2019-09-03,84.05152130126953,191.8138885498047,501.13427734375,8.728177070617676,105.87205505371094,170.50967407226562,11.62416934967041,8.69328784942627,2273.389404296875,9.692315101623535,29.409849166870117
2019-09-04,84.42031860351562,193.3955841064453,505.2198791503906,8.771811485290527,107.5713119506836,170.8102264404297,12.305357933044434,8.856572151184082,2286.354248046875,10.02983570098877,29.823654174804688
2019-09-05,83.34745788574219,190.97198486328125,505.2198791503906,8.89886474609375,115.65127563476562,170.3913116455078,12.691731452941895,8.996996879577637,2278.37548828125,10.654705047607422,30.362262725830078
2019-09-06,84.01799774169922,191.83937072753906,499.24090576171875,8.835980415344238,113.36255645751953,172.59519958496094,12.711874008178711,8.892495155334473,2253.44287109375,11.151865005493164,30.069965362548828
2019-09-09,82.84455871582031,183.99026489257812,503.027587890625,8.933513641357422,114.68029022216797,168.67007446289062,13.068951606750488,9.065576553344727,2270.39697265625,11.265892028808594,30.427940368652344
2019-09-10,83.54861450195312,181.79629516601562,510.89990234375,9.049017906188965,118.9457015991211,169.134521484375,13.513919830322266,9.245190620422363,2321.26025390625,11.644462585449219,31.117631912231445
2019-09-11,84.21916198730469,183.97329711914062,510.3019714355469,9.031051635742188,120.99171447753906,170.85580444335938,13.843526840209961,9.153753280639648,2299.31982421875,11.589728355407715,30.966550827026367
2019-09-12,85.86196899414062,187.6554412841797,502.2303771972656,8.919398307800293,118.5988998413086,174.46214294433594,13.766620635986328,9.036187171936035,2283.860595703125,11.717439651489258,30.595441818237305
2019-09-13,85.02379608154297,188.9906005859375,502.2373352050781,9.011800765991211,121.02637481689453,174.99942016601562,14.288497924804688,9.134157180786133,2276.381103515625,11.959176063537598,30.64142417907715
2019-09-16,84.5208969116211,183.03785705566406,522.758056640625,9.18505573272705,126.15872192382812,171.68453979492188,13.949734687805176,9.232128143310547,2324.75244140625,11.758488655090332,31.406627655029297
2019-09-17,85.79491424560547,188.42088317871094,515.1847534179688,9.08110237121582,123.66191101074219,175.0723114013672,13.47180461883545,9.153753280639648,2328.2412109375,11.758488655090332,31.432899475097656
2019-09-18,85.96253967285156,188.46334838867188,513.2915649414062,9.191473960876465,124.14738464355469,175.45480346679688,13.524908065795898,9.186408042907715,2331.2333984375,11.785856246948242,31.541284561157227
2019-09-19,87.16951751708984,189.0245819091797,515.0851440429688,9.249223709106445,124.49419403076172,176.89369201660156,12.878508567810059,9.313770294189453,2336.718994140625,11.76305103302002,31.63652801513672
2019-09-20,87.70594024658203,188.40380859375,519.1707763671875,9.337776184082031,125.36111450195312,176.7753448486328,12.664262771606445,9.281113624572754,2337.217529296875,11.566923141479492,32.500267028808594
2019-09-23,87.23656463623047,187.47689819335938,517.0780639648438,9.349677085876465,124.25142669677734,176.23797607421875,11.913492202758789,9.343161582946777,2347.190673828125,11.347990989685059,31.964950561523438
2019-09-24,87.20303344726562,187.4343719482422,509.3054504394531,9.254462242126465,123.07235717773438,174.4166259765625,11.70107650756836,9.251721382141113,2325.25,11.379919052124023,31.360645294189453
2019-09-25,86.49897766113281,187.6215057373047,506.9139404296875,9.16585922241211,120.61022186279297,175.08139038085938,12.012372970581055,9.199470520019531,2332.231201171875,11.407285690307617,30.996110916137695
2019-09-26,86.93482208251953,189.88345336914062,512.4942626953125,9.213465690612793,120.61022186279297,175.12693786621094,11.598531723022461,9.245190620422363,2356.664794921875,11.480262756347656,31.120908737182617
2019-09-27,86.76719665527344,187.98707580566406,517.4768676757812,9.29281234741211,120.92233276367188,174.4439239501953,11.915322303771973,9.343161582946777,2402.0439453125,11.74024486541748,31.70042610168457
2019-09-30,87.57182312011719,189.66268920898438,513.9890747070312,9.27958869934082,120.02071380615234,176.42015075683594,11.816439628601074,9.366022109985352,2377.60888671875,11.589728355407715,31.896936416625977
2019-10-01,86.49897766113281,185.0634765625,512.3947143554688,9.24388313293457,120.88766479492188,171.7118377685547,11.668116569519043,9.343161582946777,2384.091796875,11.45745849609375,31.533897399902344
2019-10-02,83.85035705566406,179.9256591796875,490.2726135253906,8.963522911071777,117.38516235351562,167.6683349609375,10.94297981262207,9.124359130859375,2298.8212890625,11.256770133972168,30.278274536132812
2019-10-03,83.85035705566406,180.23345947265625,483.1975402832031,8.865662574768066,114.5762710571289,168.1510009765625,10.792825698852539,8.970870971679688,2280.370361328125,,29.915239334106445
2019-10-04,85.15789794921875,182.84078979492188,493.16241455078125,8.955591201782227,116.06742858886719,169.55348205566406,10.840435028076172,9.003528594970703,2312.782958984375,11.256770133972168,29.97518539428711
2019-10-07,86.29781341552734,182.90919494628906,500.536376953125,9.027000427246094,116.96903991699219,171.7391357421875,11.153562545776367,9.206002235412598,2335.7216796875,11.343429565429688,30.1184024810791
2019-10-08,84.85951232910156,177.60894775390625,499.8388366699219,8.948978424072266,115.20045471191406,167.6683349609375,10.803812980651855,9.104764938354492,2315.775390625,11.297819137573242,29.622154235839844
2019-10-09,85.7077407836914,181.01136779785156,504.5223083496094,8.9926176071167,114.16010284423828,170.6553955078125,10.953965187072754,9.20273494720459,2313.2822265625,11.206597328186035,29.89525032043457
2019-10-10,86.7034912109375,183.51614379882812,500.23748779296875,9.04683780670166,116.62225341796875,174.15249633789062,11.63332462310791,9.346427917480469,2309.29248046875,11.375357627868652,30.171695709228516
2019-10-11,87.99427032470703,185.755859375,491.817138671875,9.148665428161621,118.460205078125,176.90280151367188,12.316346168518066,9.506446838378906,2284.360107421875,11.498506546020508,30.917739868164062
2019-10-14,87.4041976928711,182.82366943359375,491.0198974609375,9.087835311889648,115.82467651367188,175.33644104003906,11.999557495117188,9.486851692199707,2283.362060546875,11.45745849609375,30.53472900390625
2019-10-15,87.55171966552734,183.98635864257812,488.4789733886719,9.149989128112793,115.61659240722656,177.74972534179688,12.080127716064453,9.61094856262207,2257.930908203125,11.498506546020508,30.94439125061035
2019-10-16,87.4041976928711,183.12286376953125,484.4930114746094,9.135441780090332,115.8940200805664,179.2706298828125,11.979412078857422,9.62401008605957,2242.47216796875,12.032154083251953,30.91107749938965
2019-10-17,86.33468627929688,183.2596435546875,486.5357666015625,9.087835311889648,116.24079132080078,179.07937622070312,11.953777313232422,9.584821701049805,2252.445556640625,11.804099082946777,30.78451919555664
2019-10-18,86.66661071777344,183.69564819335938,483.3469543457031,9.111639022827148,115.82467651367188,178.30526733398438,12.080127716064453,9.470523834228516,2233.9951171875,11.85427188873291,30.864442825317383
2019-10-21,85.96589660644531,182.51593017578125,488.27960205078125,9.149989128112793,115.85934448242188,177.55850219726562,12.393254280090332,9.516243934631348,2232.997314453125,12.059521675109863,30.961036682128906
2019-10-22,85.63398742675781,176.93359375,497.3974914550781,9.226690292358398,117.80130767822266,174.37103271484375,12.259580612182617,9.53583812713623,2275.3837890625,12.12337589263916,31.430646896362305
2019-10-23,86.29781341552734,179.57516479492188,504.62200927734375,9.304713249206543,118.460205078125,176.4019317626953,12.475655555725098,9.650136947631836,2296.82666015625,12.287575721740723,31.520570755004883
2019-10-24,85.92901611328125,180.780517578125,508.2093200683594,9.348356246948242,121.37316131591797,175.7553253173828,12.417058944702148,9.74810791015625,2315.276123046875,12.132499694824219,31.64048194885254
2019-10-25,86.15029907226562,182.31077575683594,510.2023620605469,9.283554077148438,121.58125305175781,177.5858154296875,12.863860130310059,9.79056167602539,2319.2666015625,12.20091438293457,31.770360946655273
2019-10-28,86.51908874511719,180.78907775878906,510.2023620605469,9.216110229492188,121.19977569580078,179.1977996826172,13.074443817138672,9.872203826904297,2323.75341796875,12.141620635986328,31.873615264892578
2019-10-29,86.51908874511719,186.20901489257812,490.8206481933594,9.143376350402832,119.98602294921875,181.3287811279297,12.997535705566406,9.829751014709473,2323.2548828125,12.214598655700684,31.753719329833984
2019-10-30,86.4453353881836,185.27716064453125,498.8423767089844,9.057415962219238,119.46586608886719,181.401611328125,12.54524040222168,9.757905006408691,2322.756591796875,11.863394737243652,31.75037956237793
2019-10-31,87.84674835205078,182.31077575683594,487.58203125,8.972780227661133,117.97471618652344,180.6366424560547,12.113086700439453,9.601150512695312,2227.013427734375,11.671828269958496,31.397342681884766
2019-11-01,87.36732482910156,182.5672149658203,495.35467529296875,9.061384201049805,120.36750793457031,181.0464630126953,12.843717575073242,9.891798973083496,2254.440185546875,12.155303001403809,31.80699920654297
2019-11-04,87.84674835205078,183.3024139404297,509.3054504394531,9.239914894104004,122.06668853759766,182.8314208984375,13.347284317016602,10.104069709777832,2302.31201171875,12.49282455444336,32.31657409667969
2019-11-05,88.14178466796875,185.14895629882812,514.5867309570312,9.388028144836426,123.4538345336914,182.42160034179688,13.642101287841797,10.068146705627441,2322.756591796875,12.57036304473877,32.842811584472656
2019-11-06,88.43681335449219,187.08949279785156,512.2949829101562,9.365547180175781,123.76594543457031,183.15928649902344,13.297844886779785,9.882001876831055,2332.72998046875,12.333187103271484,32.856143951416016
2019-11-07,87.84674835205078,194.5525665283203,512.1736450195312,9.373480796813965,124.73693084716797,184.5071563720703,14.191447257995605,9.891798973083496,2336.220458984375,12.606851577758789,33.03265380859375
2019-11-08,88.17867279052734,199.92970275878906,506.891357421875,9.382739067077637,123.86995697021484,184.87136840820312,14.174966812133789,9.823219299316406,2334.724365234375,12.410724639892578,32.83615493774414
2019-11-11,87.5886001586914,200.92140197753906,504.99786376953125,9.347031593322754,123.5925521850586,184.2248077392578,14.204265594482422,9.816688537597656,2323.2548828125,12.164426803588867,32.91274642944336
2019-11-12,87.47795867919922,202.61398315429688,510.18035888671875,9.425056457519531,124.07801818847656,187.3848876953125,14.264694213867188,9.810155868530273,2335.22314453125,12.219160079956055,32.936065673828125
2019-11-13,88.32618713378906,203.05001831054688,509.0841064453125,9.377448081970215,122.10139465332031,189.26095581054688,13.924099922180176,9.614215850830078,2329.73779296875,12.191792488098145,32.91274642944336
2019-11-14,88.10491180419922,203.61427307128906,504.59912109375,9.347031593322754,123.17642974853516,190.00770568847656,13.535893440246582,9.532572746276855,2289.19775390625,11.986544609069824,32.69293975830078
2019-11-15,89.54319763183594,205.9565887451172,507.1903991699219,9.402576446533203,123.10708618164062,190.9822235107422,13.876487731933594,9.594620704650879,2302.165283203125,12.04583740234375,32.822837829589844
2019-11-18,90.13327026367188,206.1874542236328,500.1142883300781,9.329840660095215,122.52713012695312,190.4357147216797,13.426023483276367,9.55543327331543,2287.70166015625,11.922687530517578,32.656307220458984
2019-11-19,89.50631713867188,206.29002380371094,500.2138977050781,9.237268447875977,122.21076202392578,188.90579223632812,13.523077011108398,9.545635223388672,2280.220947265625,12.168988227844238,32.54638671875
2019-11-20,89.21129608154297,203.3748779296875,495.4301452636719,9.265044212341309,120.20733642578125,187.76739501953125,13.585334777832031,9.499914169311523,2264.261474609375,12.324064254760742,32.47977828979492
2019-11-21,89.06377410888672,203.15260314941406,495.57952880859375,9.284876823425293,122.03504943847656,187.8402557373047,13.224597930908203,9.434601783752441,2257.27880859375,10.645584106445312,32.54305648803711
2019-11-22,89.9488754272461,203.11842346191406,497.3236999511719,9.254462242126465,123.7221450805664,186.6107940673828,14.099889755249023,9.53583812713623,2275.731689453125,10.896442413330078,32.70958709716797
2019-11-25,90.02263641357422,200.67349243164062,498.61932373046875,9.28884506225586,123.58157348632812,187.54879760742188,14.5064058303833,9.588089942932129,2269.7470703125,10.399284362792969,32.59635543823242
2019-11-26,89.98574829101562,200.38279724121094,491.4435729980469,9.212142944335938,121.50780487060547,186.8202667236328,14.568665504455566,9.529306411743164,2250.795166015625,10.641022682189941,32.05678939819336
2019-11-27,89.8382339477539,201.7848358154297,487.70611572265625,9.184371948242188,121.26177978515625,187.6034698486328,14.34892749786377,9.470523834228516,2232.342529296875,10.463139533996582,31.99683952331543
2019-11-28,90.09639739990234,,484.4670104980469,9.124861717224121,120.48848724365234,,14.286667823791504,9.408476829528809,2234.33642578125,10.36279582977295,31.966869354248047
2019-11-29,90.7602310180664,202.03274536132812,478.5868225097656,9.067996978759766,119.36376190185547,187.7947235107422,14.217084884643555,9.333366394042969,2205.410400390625,10.381040573120117,31.733736038208008
2019-12-02,88.21553802490234,197.4506072998047,480.1316223144531,8.974102973937988,119.32861328125,183.49160766601562,13.990019798278809,9.23866081237793,2209.89892578125,10.253329277038574,31.360702514648438
2019-12-03,87.69923400878906,196.35638427734375,468.470947265625,8.913269996643066,115.67317199707031,184.7811737060547,13.523077011108398,9.206002235412598,2155.536865234375,10.152986526489258,31.06428337097168
2019-12-04,89.10064697265625,195.69810485839844,470.7632751464844,9.027000427246094,118.02812194824219,185.43055725097656,14.039461135864258,9.372552871704102,2158.52978515625,10.349113464355469,31.447301864624023
2019-12-05,89.50631713867188,197.0146026611328,463.7867431640625,9.021712303161621,118.02812194824219,186.34512329101562,14.240888595581055,9.366022109985352,2139.078125,10.353673934936523,31.39401626586914
2019-12-06,90.2807846069336,198.3567657470703,471.5107116699219,9.105026245117188,119.50433349609375,187.97308349609375,14.740795135498047,9.558698654174805,2175.486083984375,10.549800872802734,31.943553924560547
2019-12-09,90.46517944335938,197.3223876953125,469.6669006347656,9.009810447692871,119.68011474609375,187.7901611328125,14.760936737060547,9.444397926330566,2170.997802734375,10.467700958251953,31.697101593017578
2019-12-10,90.17015075683594,196.1939239501953,467.7235107421875,9.036259651184082,118.41472625732422,186.52804565429688,14.489925384521484,9.372552871704102,2169.5009765625,10.36279582977295,31.737064361572266
2019-12-11,90.24390411376953,196.1939239501953,461.6937255859375,8.98732852935791,118.09841918945312,188.07366943359375,14.451471328735352,9.372552871704102,2162.51904296875,10.394723892211914,31.57053565979004
2019-12-12,90.6126937866211,198.673095703125,467.77337646484375,9.025676727294922,118.20386505126953,191.98806762695312,14.949545860290527,9.388879776000977,2179.475830078125,10.59997272491455,31.723745346069336
2019-12-13,91.27652740478516,197.2539825439453,460.89654541015625,8.995262145996094,119.36376190185547,191.1923828125,14.901934623718262,9.356224060058594,2147.05810546875,10.622777938842773,31.853628158569336
2019-12-16,92.01412200927734,200.41702270507812,466.4278564453125,9.008485794067383,119.0825424194336,192.0795135498047,15.25351619720459,9.4052095413208,2169.99951171875,10.887322425842285,32.16004180908203
2019-12-17,91.71908569335938,201.41720581054688,477.2413024902344,9.06006145477295,120.87515258789062,191.7502899169922,14.97701358795166,9.394442558288574,2227.35400390625,10.978543281555176,32.49643325805664
2019-12-18,91.90348052978516,199.28004455566406,477.68988037109375,9.136762619018555,121.4726791381836,190.5338897705078,15.057581901550293,9.407901763916016,2238.327392578125,10.928370475769043,32.3798713684082
2019-12-19,92.27228546142578,199.23727416992188,482.0252685546875,9.155278205871582,121.9647216796875,191.51248168945312,15.121676445007324,9.407901763916016,2263.263671875,11.046958923339844,32.6396484375
2019-12-20,93.59993743896484,200.89569091796875,483.4205627441406,9.239914894104004,122.52713012695312,193.99095153808594,14.801222801208496,9.478560447692871,2226.357421875,10.960298538208008,32.686279296875
2019-12-23,93.26802062988281,201.01544189453125,487.4071044921875,9.267685890197754,124.31966400146484,193.6800537109375,14.6034574508667,9.522302627563477,2256.28076171875,11.051520347595215,32.87611389160156
2019-12-24,92.93611907958984,200.93850708007812,486.0616149902344,,,193.54283142089844,14.56317138671875,9.525670051574707,2272.240966796875,,32.9560661315918
2019-12-25,92.93611907958984,,,,,,,9.525670051574707,,,32.9560661315918
2019-12-26,,201.81900024414062,,,,194.57627868652344,,,,,
2019-12-27,93.56306457519531,201.3146514892578,482.3241882324219,9.257105827331543,123.93305969238281,194.12818908691406,14.37639331817627,9.555951118469238,2259.7724609375,11.001348495483398,32.832820892333984
2019-12-30,92.89923858642578,201.17782592773438,476.892578125,9.155278205871582,123.37066650390625,193.4239501953125,14.352587699890137,9.505480766296387,2239.32421875,10.98310375213623,32.76287841796875
2019-12-31,93.08363342285156,201.88232421875,470.0157775878906,,,194.71348571777344,14.32145881652832,9.37425422668457,2229.349609375,,32.77287292480469
2020-01-02,93.4524154663086,198.57473754882812,479.2347106933594,9.262393951416016,125.09295654296875,192.73802185058594,14.4935884475708,9.465103149414062,2250.795166015625,11.183791160583496,33.18252944946289
2020-01-03,93.15738677978516,194.15887451171875,492.39031982421875,9.327195167541504,127.20185852050781,187.72613525390625,13.971710205078125,9.582868576049805,2292.689208984375,11.13818073272705,33.558895111083984
2020-01-06,92.53043365478516,194.0730438232422,502.4066467285156,9.46605110168457,130.04884338378906,186.9304656982422,13.739153861999512,9.65689468383789,2303.162353515625,10.98310375213623,34.044857025146484
2020-01-07,92.12476348876953,194.89776611328125,497.1242980957031,9.468696594238281,128.64291381835938,187.33285522460938,13.790426254272461,9.576140403747559,2284.709716796875,11.010470390319824,33.822120666503906
2020-01-08,92.19852447509766,195.95449829101562,492.6395263671875,9.393320083618164,129.06472778320312,189.6741943359375,13.953396797180176,9.66362476348877,2269.7470703125,11.037836074829102,33.909873962402344
2020-01-09,92.56731414794922,200.6022491455078,490.3970642089844,9.349677085876465,127.5533218383789,191.0094451904297,13.916773796081543,9.535761833190918,2254.78515625,11.083446502685547,33.72087860107422
2020-01-10,92.78858947753906,199.3135986328125,493.5863037109375,9.32322883605957,128.11572265625,191.2197723388672,13.66041374206543,9.636706352233887,2257.777587890625,10.82802677154541,33.60276412963867
2020-01-13,93.1205062866211,203.48886108398438,495.4301452636719,9.283554077148438,127.16668701171875,193.70745849609375,13.938748359680176,9.586235046386719,2262.265869140625,11.078887939453125,33.45090103149414
2020-01-14,93.67369842529297,201.47853088378906,494.2341613769531,9.173792839050293,127.02608489990234,192.02467346191406,13.856345176696777,9.579504013061523,2251.29443359375,10.951176643371582,33.180904388427734
2020-01-15,93.52618408203125,202.28610229492188,493.5364074707031,9.123539924621582,125.9013671875,193.37818908691406,13.43701171875,9.488655090332031,2256.780517578125,10.86451530456543,32.78943634033203
2020-01-16,93.93185424804688,202.5524444580078,496.1775817871094,9.183050155639648,126.99095916748047,194.85980224609375,13.413207054138184,9.518940925598145,2249.299560546875,10.996788024902344,32.931175231933594
2020-01-17,95.44389343261719,203.609130859375,494.7323913574219,9.201563835144043,127.76419830322266,195.8109893798828,13.404052734375,9.448278427124023,2242.815185546875,10.94205379486084,32.738807678222656
2020-01-20,95.03823852539062,,491.8421936035156,9.179081916809082,127.9399185180664,,13.367426872253418,9.367523193359375,2236.33203125,10.937493324279785,32.782684326171875
2020-01-21,95.66517639160156,203.76376342773438,488.7027893066406,9.067996978759766,126.04193115234375,193.6434326171875,13.01584529876709,9.26994514465332,2199.4248046875,10.723122596740723,32.475582122802734
2020-01-22,95.5545425415039,204.50257873535156,478.8859558105469,8.96484375,126.81521606445312,193.04898071289062,13.048808097839355,9.152178764343262,2180.972412109375,10.472261428833008,32.26296615600586
2020-01-23,94.81695556640625,203.8582763671875,480.5302429199219,8.898724555969238,125.69046020507812,191.71371459960938,12.803431510925293,8.83588981628418,2167.007568359375,10.171229362487793,31.938987731933594
2020-01-24,96.32901763916016,209.57997131347656,484.4670104980469,8.906660079956055,126.3934326171875,192.05209350585938,12.909639358520508,8.815701484680176,2181.470703125,10.321744918823242,31.98285675048828
2020-01-27,94.11624908447266,200.57644653320312,475.3478088378906,8.725484848022461,123.65187072753906,187.378662109375,12.437202453613281,8.512870788574219,2139.078125,10.180352210998535,31.122291564941406
2020-01-28,95.44389343261719,203.1365966796875,480.1316223144531,8.859050750732422,123.75730895996094,190.12237548828125,12.770471572875977,8.593626022338867,2143.566650390625,10.718561172485352,31.3686466217041
2020-01-29,96.66092681884766,203.84112548828125,476.29461669921875,8.78631591796875,121.75383758544922,190.4424591064453,12.832731246948242,8.610450744628906,2125.613037109375,10.704876899719238,31.16953468322754
2020-01-30,96.55029296875,207.39785766601562,465.53082275390625,8.546954154968262,119.53953552246094,190.4424591064453,12.455513000488281,8.465764999389648,2032.8475341796875,10.677510261535645,30.319093704223633
2020-01-31,96.43965148925781,205.07821655273438,455.1658630371094,8.369746208190918,117.50090789794922,185.77809143066406,12.228448867797852,8.388374328613281,1989.35791015625,10.184913635253906,29.796001434326172
2020-02-03,97.28788757324219,208.7724151611328,451.17926025390625,8.338006973266602,117.29004669189453,191.54908752441406,12.2614107131958,8.267243385314941,1959.4337158203125,9.664949417114258,29.536136627197266
2020-02-04,98.09922790527344,212.27755737304688,469.9658508300781,8.455705642700195,117.85237884521484,195.2622528076172,12.920626640319824,8.465764999389648,1990.3551025390625,9.897564888000488,30.23809814453125
2020-02-05,99.53752136230469,215.0181121826172,482.6730651855469,8.614396095275879,121.08604431152344,198.22552490234375,13.120222091674805,8.610450744628906,2019.3819580078125,9.970542907714844,30.66670036315918
2020-02-06,99.75880432128906,215.688232421875,473.4043273925781,8.576047897338867,117.00880432128906,198.23463439941406,14.568665504455566,8.63063907623291,2004.4197998046875,10.239646911621094,30.980548858642578
2020-02-07,99.50064086914062,214.70883178710938,468.4211120605469,8.533729553222656,112.75586700439453,195.8658447265625,14.969690322875977,8.58353328704834,1991.552001953125,9.95685863494873,30.548568725585938
2020-02-10,99.31624603271484,216.24664306640625,463.0392150878906,8.45041561126709,108.78411865234375,197.0365447998047,14.993494033813477,8.472495079040527,1969.4083251953125,10.02983570098877,30.08623695373535
2020-02-11,101.7134017944336,216.8480224609375,468.1221618652344,8.546954154968262,111.98262786865234,197.74990844726562,15.191256523132324,8.576803207397461,1981.577392578125,10.148425102233887,30.36634635925293
2020-02-12,102.37723541259766,218.29991149902344,473.0057678222656,8.662008285522461,114.26728057861328,198.64620971679688,15.059415817260742,8.593626022338867,2002.92333984375,10.152986526489258,30.70044708251953
2020-02-13,103.26234436035156,218.97003173828125,458.48370361328125,8.5879487991333,113.52912139892578,202.359375,14.923910140991211,8.522966384887695,1936.6434326171875,10.175789833068848,30.639699935913086
2020-02-14,102.37723541259766,219.9408416748047,455.3935546875,8.524473190307617,113.03707122802734,203.6215057373047,14.671210289001465,8.512870788574219,1919.4840087890625,10.207718849182129,30.54183006286621
2020-02-17,103.11482238769531,,459.5302734375,8.614396095275879,112.9667739868164,,14.621769905090332,8.428751945495605,1928.861328125,9.897564888000488,30.51145362854004
2020-02-18,103.07794189453125,219.70887756347656,456.0414733886719,8.536375045776367,112.8667984008789,204.45375061035156,14.213422775268555,8.307622909545898,1909.70654296875,9.350234985351562,30.16722869873047
2020-02-19,103.48362731933594,219.777587890625,461.3244934082031,8.554887771606445,113.72327423095703,203.4751434326172,14.171304702758789,8.310986518859863,1923.6737060546875,9.15866756439209,30.406831741333008
2020-02-20,102.15595245361328,219.41673278808594,464.7137451171875,8.529763221740723,114.47260284423828,202.30447387695312,14.037629127502441,8.273974418640137,1922.2769775390625,8.945209503173828,30.2043514251709
2020-02-21,102.70914459228516,219.04734802246094,452.1040344238281,8.439834594726562,113.11664581298828,199.68881225585938,13.731828689575195,8.045169830322266,1883.368896484375,8.978049278259277,29.897239685058594
2020-02-24,98.65242004394531,210.9373321533203,436.8528137207031,8.045748710632324,107.1931381225586,192.5642547607422,12.80892562866211,7.6144795417785645,1817.523681640625,8.726276397705078,28.459585189819336
2020-02-25,96.73468017578125,202.31190490722656,427.33331298828125,7.918794631958008,107.65706634521484,184.42453002929688,12.640460014343262,7.378943920135498,1776.6202392578125,8.458084106445312,27.767749786376953
2020-02-26,97.10347747802734,202.3376922607422,427.0342712402344,7.976979732513428,108.01390838623047,186.03416442871094,12.735679626464844,7.311648845672607,1777.21826171875,8.438015937805176,27.703624725341797
2020-02-27,94.2637710571289,192.51800537109375,412.82965087890625,7.774647235870361,102.44728088378906,178.29684448242188,12.103933334350586,7.072750568389893,1727.53515625,8.359564781188965,26.78230857849121
2020-02-28,90.64957427978516,188.66920471191406,394.8870544433594,7.3779144287109375,100.80584716796875,174.69338989257812,11.752350807189941,6.817028045654297,1657.4998779296875,7.938119411468506,25.904869079589844
2020-03-02,92.23539733886719,198.15379333496094,409.9388732910156,7.351463794708252,103.16094970703125,181.2234344482422,11.739531517028809,6.874228000640869,1711.971435546875,7.773921012878418,26.39084243774414
2020-03-03,93.56306457519531,195.3272705078125,413.6270446777344,7.35278844833374,105.8729019165039,178.69927978515625,11.81277847290039,6.965078353881836,1719.55419921875,7.434576034545898,26.53932762145996
2020-03-04,95.00135803222656,203.78094482421875,421.3025817871094,7.373946666717529,105.23059844970703,187.97308349609375,11.957439422607422,6.924699783325195,1733.321533203125,7.166384220123291,26.9611759185791
2020-03-05,94.04249572753906,201.03179931640625,415.3715515136719,7.252281665802002,103.66051483154297,180.5696563720703,11.182862281799316,6.790108680725098,1686.032958984375,6.622702121734619,26.35708999633789
2020-03-06,90.94461822509766,197.34620666503906,393.9400939941406,6.766946315765381,98.0938949584961,173.85256958007812,10.585904121398926,6.460361003875732,1595.4459228515625,6.334441184997559,25.074668884277344
2020-03-09,84.04816436767578,176.24649047851562,317.18560791015625,5.355897903442383,80.71602630615234,159.08615112304688,8.730029106140137,5.483232021331787,1314.7064208984375,5.447765827178955,20.910186767578125
2020-03-10,82.68363952636719,184.347900390625,327.85150146484375,5.398876667022705,78.96755981445312,161.9163055419922,8.506629943847656,5.572061538696289,1363.192626953125,5.513444900512695,21.271286010742188
2020-03-11,83.2737045288086,178.5231475830078,316.1389465332031,5.322836399078369,77.43315887451172,159.81202697753906,8.465426445007324,5.597634315490723,1330.6689453125,5.340124130249023,20.900056838989258
2020-03-12,73.98008728027344,161.28077697753906,274.1232604980469,4.358774662017822,70.89594268798828,145.2018280029297,6.898874282836914,4.845271587371826,1124.3546142578125,4.364962577819824,17.805381774902344
2020-03-13,77.70491790771484,177.28598022460938,275.4190979003906,4.569704532623291,73.82911682128906,162.1827850341797,7.350253582000732,5.075421333312988,1127.946044921875,4.262794017791748,17.565773010253906
2020-03-16,73.1834945678711,154.9405517578125,258.5232238769531,4.2926530838012695,72.90135192871094,145.5050506591797,6.579338550567627,4.558592796325684,1048.133544921875,3.7437424659729004,16.425086975097656
2020-03-17,77.99994659423828,176.20352172851562,258.822265625,4.539949417114258,76.14855194091797,150.5865020751953,6.566519737243652,4.5545549392700195,1077.4647216796875,3.410783052444458,16.97517967224121
2020-03-18,73.61129760742188,173.17088317871094,232.95492553710938,4.4262189865112305,72.58019256591797,144.73316955566406,5.914629936218262,4.133285045623779,968.5211791992188,3.2912821769714355,14.710699081420898
2020-03-19,77.44674682617188,164.12440490722656,239.98245239257812,4.605411052703857,77.21903991699219,141.51712036132812,5.979635238647461,4.057914733886719,1018.2042846679688,3.2383737564086914,15.186545372009277
2020-03-20,77.52052307128906,162.5006866455078,250.89755249023438,4.822291374206543,79.75257873535156,139.0269317626953,6.894296646118164,4.150782585144043,1059.7066650390625,3.4719016551971436,16.873937606811523
2020-03-23,77.07795715332031,151.83058166503906,256.08099365234375,4.818323612213135,74.4000473022461,137.83242797851562,6.594903469085693,4.180392265319824,1124.7537841796875,3.557649850845337,17.88637351989746
2020-03-24,80.24959564208984,167.02821350097656,311.35430908203125,5.5377326011657715,81.7508544921875,151.44105529785156,7.819029331207275,4.835849285125732,1354.0140380859375,4.498147010803223,20.569334030151367
2020-03-25,79.88080596923828,164.21890258789062,338.31793212890625,5.767838001251221,88.70914459228516,151.8913116455078,8.04792308807373,4.96236515045166,1453.5799560546875,4.676029205322266,22.17235565185547
2020-03-26,81.06094360351562,172.97325134277344,335.9256896972656,5.759904861450195,88.2452392578125,160.06016540527344,7.960944652557373,5.148101329803467,1410.8804931640625,4.635891914367676,22.27359962463379
2020-03-27,78.84817504882812,165.9542999267578,304.5260009765625,5.433260440826416,82.46454620361328,153.76580810546875,7.633167743682861,4.943521976470947,1279.7890625,4.244549751281738,21.767379760742188
2020-03-30,83.05242919921875,177.43203735351562,322.56829833984375,5.681880474090576,85.81878662109375,162.45848083496094,7.30172872543335,5.109068870544434,1322.089111328125,4.228130340576172,23.146373748779297
2020-03-31,86.03965759277344,172.6068878173828,343.1026306152344,6.096466541290283,93.59777069091797,158.96664428710938,7.929813861846924,5.607055187225342,1415.6689453125,4.3494553565979,24.401256561279297
2020-04-01,84.08504486083984,163.67431640625,332.6361389160156,6.0832414627075195,96.41677856445312,147.8206329345703,7.356663703918457,5.450930118560791,1417.864013671875,4.185255527496338,24.270252227783203
2020-04-02,83.56874084472656,168.1881866455078,352.2235107421875,6.505100250244141,99.3785171508789,150.77944946289062,7.391455173492432,5.779332160949707,1537.9813232421875,4.195290565490723,25.01490592956543
2020-04-03,84.97015380859375,161.35694885253906,336.224609375,6.165892124176025,97.13044738769531,148.97848510742188,7.185451030731201,5.553219318389893,1467.54736328125,3.8997318744659424,23.118791580200195
2020-04-06,85.92901611328125,167.63475036621094,334.7793273925781,6.159281253814697,97.2018051147461,161.64984130859375,7.91425085067749,5.511495113372803,1475.32861328125,4.478990077972412,23.315290451049805
2020-04-07,88.5474624633789,174.6995086669922,339.91278076171875,6.233999729156494,97.2018051147461,165.34373474121094,8.736438751220703,5.695885181427002,1526.408447265625,4.966114044189453,23.625566482543945
2020-04-08,87.14604187011719,186.5721435546875,334.2808532714844,6.14605712890625,96.91634368896484,171.77589416503906,8.624736785888672,5.627243995666504,1489.2958984375,4.989831924438477,23.360116958618164
2020-04-09,87.36732482910156,189.6505584716797,334.6795959472656,6.154652118682861,,174.10986328125,8.769399642944336,5.5761003494262695,1506.0562744140625,5.29086446762085,23.184295654296875
2020-04-13,,186.9439697265625,,,,171.0132293701172,,,,,
2020-04-14,91.97724151611328,190.92169189453125,320.0763244628906,6.061421871185303,96.09561157226562,174.440673828125,8.52585506439209,5.413243770599365,1441.608154296875,5.5554070472717285,22.518932342529297
2020-04-15,88.87937927246094,184.89459228515625,298.7445983886719,5.6746063232421875,92.2417984008789,166.45558166503906,7.791562080383301,5.004087924957275,1342.8402099609375,4.863945960998535,21.15717124938965
2020-04-16,88.39994049072266,184.08172607421875,291.0192565917969,5.589970111846924,88.74481201171875,168.27503967285156,7.72472620010376,4.934101581573486,1295.152587890625,4.918679237365723,20.69521713256836
2020-04-17,89.10064697265625,191.53558349609375,302.5822448730469,5.677912712097168,92.45590209960938,173.2553253173828,8.130326271057129,5.239622592926025,1366.9835205078125,5.3729634284973145,21.388160705566406
2020-04-20,89.65383911132812,185.3701934814453,301.33624267578125,5.576746463775635,93.16956329345703,169.99327087402344,8.097365379333496,5.2046284675598145,1339.84765625,5.245253562927246,21.28473663330078
2020-04-21,85.37582397460938,179.33444213867188,292.2153625488281,5.263326168060303,91.84928894042969,164.36972045898438,7.622179985046387,4.897761344909668,1306.925048828125,4.962465763092041,20.478023529052734
2020-04-22,86.62973022460938,185.43072509765625,309.7593688964844,5.519880294799805,95.02510833740234,166.8690643310547,8.05708122253418,4.975824356079102,1381.948486328125,5.081054210662842,21.453657150268555
2020-04-23,86.74036407470703,182.68955993652344,316.5874938964844,5.601871490478516,96.2740249633789,166.59344482421875,8.536843299865723,5.2759623527526855,1420.457763671875,5.172275543212891,22.35344696044922
2020-04-24,85.04390716552734,187.45413208007812,307.6161804199219,5.455080986022949,94.9180679321289,166.7496337890625,8.193501472473145,5.210012912750244,1375.96240234375,4.955167770385742,21.96733283996582
2020-04-27,86.81412506103516,192.1927947998047,312.9989013671875,5.556907653808594,95.6317367553711,169.6073760986328,8.457186698913574,5.2571187019348145,1395.3170166015625,5.29086446762085,22.236236572265625
2020-04-28,88.21553802490234,193.3688507080078,321.0731201171875,5.742051124572754,96.48812103271484,171.7207794189453,8.733691215515137,5.3244147300720215,1429.43701171875,5.296337604522705,22.612010955810547
2020-04-29,88.62123107910156,199.4651336669922,332.4367980957031,5.922563552856445,100.87720489501953,173.38397216796875,9.83879280090332,5.721458435058594,1482.3123779296875,5.701362133026123,23.31874656677246
2020-04-30,85.63398742675781,195.06369018554688,312.1018981933594,5.761887550354004,102.37591552734375,169.0652313232422,9.15760326385498,5.594942092895508,1321.889892578125,5.5462846755981445,22.64993667602539
2020-05-01,,192.18414306640625,297.8972473144531,,,165.70211791992188,,,1228.7091064453125,,
2020-05-04,83.2737045288086,193.13536071777344,299.64166259765625,5.429293155670166,95.41761016845703,167.8430938720703,8.69523811340332,5.158867835998535,1262.4295654296875,4.752655982971191,21.022720336914062
2020-05-05,86.03965759277344,193.95684814453125,317.8833312988281,5.744034290313721,100.37763214111328,167.24583435058594,9.126473426818848,5.839897155761719,1332.46484375,4.916854381561279,22.691299438476562
2020-05-06,85.8183822631836,193.1613006591797,312.6999206542969,5.569471836090088,95.41761016845703,164.43408203125,8.755664825439453,5.724149227142334,1282.7818603515625,4.783670902252197,22.20176124572754
2020-05-07,88.47370147705078,196.1186981201172,314.9766845703125,5.657414436340332,98.8789291381836,169.8003387451172,9.348044395446777,5.904501438140869,1317.4998779296875,4.88036584854126,22.456878662109375
2020-05-08,88.43681335449219,201.89500427246094,,5.707005977630615,100.4489974975586,173.12667846679688,9.424952507019043,5.8102874755859375,,4.816511154174805,22.743017196655273
2020-05-11,88.17271423339844,201.19459533691406,312.9326477050781,5.707005977630615,100.80584716796875,171.70240783691406,7.897769927978516,5.722803115844727,1310.7161865234375,4.426993370056152,22.32931900024414
2020-05-12,87.79541778564453,199.11056518554688,312.3344421386719,5.761887550354004,101.69789123535156,168.23822021484375,7.463786602020264,5.624552249908447,1308.52099609375,3.749215841293335,22.281051635742188
2020-05-13,86.55036926269531,195.2884979248047,300.7682800292969,5.636916160583496,99.20006561279297,164.27781677246094,6.866828441619873,5.430741310119629,1262.4295654296875,3.7866170406341553,21.436418533325195
2020-05-14,84.58847045898438,195.09828186035156,295.5835876464844,5.629642963409424,96.70223999023438,164.70973205566406,6.953808784484863,5.500728607177734,1201.294189453125,3.883312225341797,21.243358612060547
2020-05-15,84.70164489746094,197.19091796875,295.63336181640625,5.633610725402832,101.37928009033203,167.77877807617188,7.244962692260742,5.453622817993164,1225.2401123046875,4.0146708488464355,21.27783966064453
2020-05-18,88.51227569580078,206.62503051757812,319.86236572265625,6.0284504890441895,105.3485107421875,176.6552276611328,7.764094829559326,5.814325332641602,1327.0108642578125,4.515478610992432,22.853334426879883
2020-05-19,87.38040161132812,204.1000213623047,313.2317810058594,5.838342666625977,106.69586944580078,174.8174285888672,7.864809513092041,5.751068115234375,1306.2578125,4.745357990264893,22.722333908081055
2020-05-20,87.8331527709961,207.36001586914062,317.6188659667969,5.869678974151611,109.46340942382812,180.09182739257812,7.895022869110107,5.880275249481201,1341.1790771484375,4.816511154174805,23.008468627929688
2020-05-21,87.56905364990234,203.67633056640625,310.98834228515625,5.725530624389648,,177.96005249023438,7.640493392944336,5.683772087097168,1301.26904296875,4.884015083312988,22.59478187561035
2020-05-22,88.55001831054688,202.6472930908203,309.0939025878906,5.692105293273926,106.36817169189453,175.3871307373047,7.521467208862305,5.580136775970459,1289.6951904296875,4.869419574737549,22.52582359313965
2020-05-25,89.83279418945312,,,5.751992702484131,109.09928131103516,,7.59929084777832,5.651470184326172,,5.1102447509765625,22.93607521057129
2020-05-26,88.13499450683594,205.6305694580078,309.04412841796875,5.761741638183594,108.51666259765625,177.34434509277344,7.992990016937256,5.798174858093262,1302.666015625,5.4641852378845215,23.011919021606445
2020-05-27,87.64451599121094,203.3477325439453,318.5162353515625,5.884303092956543,109.82756805419922,177.46380615234375,8.07081413269043,5.973143100738525,1323.2197265625,5.467833995819092,23.470434188842773
2020-05-28,90.88920593261719,208.12098693847656,313.0323486328125,5.913549423217773,107.71550750732422,183.81326293945312,8.195330619812012,5.9691057205200195,1314.6385498046875,5.7068352699279785,23.66349220275879
2020-05-29,92.13426208496094,208.9597625732422,304.85626220703125,5.656590461730957,102.79948425292969,185.92674255371094,7.878542900085449,5.632627487182617,1256.3699951171875,5.528040409088135,23.184295654296875
2020-06-01,92.32291412353516,209.78123474121094,310.09100341796875,5.807701587677002,,188.57310485839844,8.26125431060791,5.798174858093262,1287.8990478515625,,23.818628311157227
2020-06-02,93.03975677490234,212.11599731445312,327.6395263671875,6.107835292816162,105.71269989013672,190.4222869873047,8.618329048156738,6.040437698364258,1331.600830078125,5.905698776245117,24.508127212524414
2020-06-03,95.0771255493164,214.84852600097656,338.30828857421875,6.266608238220215,108.73516082763672,196.54322814941406,9.065130233764648,6.14138126373291,1390.069091796875,6.120982646942139,25.114877700805664
2020-06-04,94.58665466308594,210.96591186523438,335.2173767089844,6.242234230041504,106.98721313476562,196.23855590820312,9.192395210266113,6.087544918060303,1386.0780029296875,6.261463642120361,24.901140213012695
2020-06-05,95.64306640625,214.9522247314453,361.19122314453125,6.619666576385498,111.57550048828125,204.28897094726562,9.571444511413574,6.413254261016846,1473.8800048828125,6.796023845672607,26.431821823120117
2020-06-08,96.1712646484375,215.81695556640625,364.6809387207031,6.729691505432129,113.83323669433594,199.81138610839844,9.428614616394043,6.545153617858887,1500.220947265625,7.014955520629883,26.78690528869629
2020-06-09,95.2280502319336,216.93247985839844,352.01800537109375,6.529139041900635,109.71833801269531,197.7803192138672,9.19056510925293,6.2154059410095215,1434.5687255859375,6.673786640167236,25.993993759155273
2020-06-10,95.19031524658203,214.32965087890625,343.4432067871094,6.427468299865723,108.66232299804688,196.9771270751953,8.849969863891602,6.161569595336914,1409.82470703125,6.46397590637207,25.521690368652344
2020-06-11,93.53023529052734,201.54910278320312,319.9620056152344,5.975526809692383,104.5110092163086,183.82130432128906,8.350064277648926,5.775293827056885,1325.6141357421875,5.88198184967041,23.94273567199707
2020-06-12,92.85111236572266,203.2439727783203,322.10565185546875,5.979705333709717,104.91156768798828,186.43406677246094,8.722705841064453,5.8466267585754395,1347.3651123046875,6.338090419769287,24.19785499572754
2020-06-15,93.19066619873047,204.94741821289062,315.0763244628906,5.974829196929932,103.16362762451172,187.63418579101562,8.561562538146973,5.841243267059326,1331.80029296875,6.119157791137695,23.918607711791992
2020-06-16,95.0771255493164,205.838134765625,320.7098083496094,6.22204065322876,107.20568084716797,192.2871856689453,9.15211009979248,6.006750583648682,1373.107421875,6.411067485809326,24.704633712768555
2020-06-17,96.13353729248047,205.32794189453125,315.8241271972656,6.194882392883301,104.32888793945312,191.54864501953125,9.121896743774414,5.871206283569336,1357.941162109375,6.43478536605835,24.7839298248291
2020-06-18,95.49214172363281,205.89865112304688,313.9298095703125,6.15240478515625,101.9619369506836,192.17645263671875,8.597271919250488,5.854085445404053,1358.739501953125,6.287006378173828,24.601205825805664
2020-06-19,96.6617431640625,203.65037536621094,320.5104064941406,6.179563522338867,103.16362762451172,192.07485961914062,8.535009384155273,5.9197163581848145,1372.708251953125,6.296128273010254,24.608097076416016
2020-06-22,96.0958023071289,204.48052978515625,314.5279235839844,6.130121231079102,102.61741638183594,193.84742736816406,8.52585506439209,5.801293849945068,1355.1473388671875,5.889278411865234,24.43227767944336
2020-06-23,97.37859344482422,206.7460479736328,320.5104064941406,6.194882392883301,103.74627685546875,196.0631103515625,8.946104049682617,5.921143531799316,1386.676513671875,6.046180248260498,24.949399948120117
2020-06-24,95.2280502319336,201.60098266601562,306.4516906738281,5.899621963500977,101.99832916259766,190.2469024658203,8.26125431060791,5.612958908081055,1321.8226318359375,5.5645294189453125,24.084087371826172
2020-06-25,95.7185287475586,205.19821166992188,307.697998046875,5.90588903427124,102.83589172363281,193.08119201660156,8.423310279846191,5.707126140594482,1326.612060546875,5.672171115875244,24.277149200439453
2020-06-26,95.152587890625,204.0913848876953,303.7096862792969,5.847395896911621,101.3428726196289,190.9393310546875,8.232872009277344,5.543046474456787,1316.834228515625,5.382086277008057,24.232324600219727
2020-06-29,96.20899963378906,206.33103942871094,313.97955322265625,6.006167411804199,101.925537109375,195.0568389892578,8.544167518615723,5.611531734466553,1336.788818359375,5.619262218475342,24.292089462280273
2020-06-30,96.88811492919922,209.9746551513672,306.3020324707031,5.912156105041504,99.48571014404297,195.82313537597656,8.578959465026855,5.5544610023498535,1284.1075439453125,5.759744167327881,23.88780975341797
2020-07-01,96.92584228515625,211.96604919433594,308.4458312988281,5.901711463928223,100.17760467529297,198.2788848876953,8.536843299865723,5.625799655914307,1301.6680908203125,5.570003032684326,24.017881393432617
2020-07-02,100.09507751464844,215.15750122070312,312.3344421386719,6.07232141494751,101.925537109375,204.2705078125,9.00378704071045,5.7328081130981445,1309.2509765625,5.896576881408691,24.4995059967041
2020-07-03,98.35955047607422,,306.6510314941406,6.04028844833374,100.14119720458984,,8.886592864990234,5.575862884521484,1296.0806884765625,5.825423717498779,24.355365753173828
2020-07-06,99.30277252197266,216.4532012939453,311.8359069824219,6.098783493041992,101.27008056640625,207.4001922607422,9.240005493164062,5.6885786056518555,1318.0313720703125,5.967729568481445,24.668245315551758
2020-07-07,99.64234161376953,230.5581512451172,307.44866943359375,6.141958713531494,101.08798217773438,207.28945922851562,9.294939994812012,5.614385604858398,1293.4869384765625,5.993272304534912,24.387014389038086
2020-07-08,99.7555160522461,234.61053466796875,302.56298828125,6.05700159072876,101.52495574951172,204.51055908203125,9.071539878845215,5.5216450691223145,1275.9263916015625,5.734201908111572,24.10224723815918
2020-07-09,99.7555160522461,236.18447875976562,289.15234375,5.8731608390808105,100.28685760498047,204.9075469970703,8.78221607208252,5.373259544372559,1228.432861328125,5.728729248046875,23.314781188964844
2020-07-10,101.86833953857422,237.56719970703125,289.9499816894531,5.913549423217773,100.46892547607422,208.6004180908203,9.064215660095215,5.438891887664795,1243.5989990234375,5.933065891265869,23.42728042602539
2020-07-13,104.132080078125,238.57595825195312,295.7829284667969,6.030539035797119,101.12439727783203,208.48036193847656,9.505521774291992,5.553033828735352,1276.3253173828125,6.314372539520264,23.701486587524414
2020-07-14,102.585205078125,244.35008239746094,303.6099548339844,6.1161932945251465,102.58102416992188,215.22906494140625,9.335227012634277,5.697139263153076,1306.656982421875,6.339914321899414,23.937023162841797
2020-07-15,103.75479888916016,245.20233154296875,309.3431396484375,6.153099536895752,102.83589172363281,219.383544921875,9.520173072814941,5.640068054199219,1321.4237060546875,6.6062822341918945,24.13741111755371
2020-07-16,104.6980209350586,249.7415771484375,311.53668212890625,6.194185733795166,102.7630844116211,220.5467987060547,9.481719017028809,5.717113971710205,1319.627685546875,6.577091217041016,24.20420265197754
2020-07-17,104.73575592041016,255.6636505126953,308.3958435058594,6.137084007263184,102.79948425292969,223.97195434570312,9.316913604736328,5.617239475250244,1300.2711181640625,6.411067485809326,23.7823429107666
2020-07-20,105.71671295166016,252.94180297851562,302.3137512207031,6.114800453186035,101.925537109375,221.86700439453125,9.320576667785645,5.5202178955078125,1269.9395751953125,6.394647598266602,23.346424102783203
2020-07-21,105.60352325439453,252.5244598388672,315.0265197753906,6.217862606048584,102.65382385253906,225.26443481445312,9.243666648864746,5.655762195587158,1307.0560302734375,6.529656410217285,23.733125686645508
2020-07-22,105.26395416259766,256.9767761230469,302.9619140625,6.063268661499023,100.14119720458984,226.5015411376953,9.02026653289795,5.471706867218018,1259.9617919921875,6.407418727874756,22.987834930419922
2020-07-23,106.09400939941406,255.01144409179688,298.9237060546875,5.989454746246338,100.61457061767578,227.09242248535156,9.243666648864746,5.4075026512146,1248.7869873046875,6.46397590637207,22.871826171875
2020-07-24,104.9621353149414,253.507080078125,297.2286376953125,5.933049201965332,105.23928833007812,225.3290557861328,9.041327476501465,5.271957874298096,1239.8076171875,6.509587287902832,22.956201553344727
2020-07-27,105.37715148925781,256.2810974121094,293.5395812988281,5.893355846405029,102.69025421142578,227.9048309326172,8.972657203674316,5.109305381774902,1227.635009765625,6.3709306716918945,22.773393630981445
2020-07-28,106.43355560302734,251.5503692626953,292.891357421875,5.903104305267334,100.9059066772461,224.9874725341797,8.881097793579102,5.037966251373291,1225.6392822265625,6.341739654541016,22.7839412689209
2020-07-29,106.1317367553711,251.1851348876953,292.9412841796875,5.856448173522949,101.16080474853516,225.9199676513672,8.819755554199219,5.0194172859191895,1224.04296875,6.137402534484863,22.815580368041992
2020-07-30,105.41487884521484,247.67196655273438,282.52178955078125,5.444198131561279,97.95629119873047,223.43646240234375,8.385772705078125,4.842496871948242,1156.196044921875,5.92576789855957,22.449966430664062
2020-07-31,105.33941650390625,249.2547149658203,274.34576416015625,5.251305103302002,97.81061553955078,226.28919982910156,8.551490783691406,4.694111347198486,1119.07958984375,5.993272304534912,22.007015228271484
2020-08-03,107.60315704345703,242.1065216064453,280.228515625,5.24643087387085,98.90309143066406,225.55062866210938,8.789543151855469,4.775437831878662,1140.8302001953125,6.146524429321289,22.780420303344727
2020-08-04,107.26359558105469,243.12396240234375,298.3753356933594,5.472750186920166,100.97872161865234,225.12599182128906,8.859127044677734,4.933810710906982,1180.3409423828125,6.223150730133057,23.342906951904297
2020-08-05,106.9994888305664,247.50680541992188,305.75372314453125,5.637787818908691,104.58381652832031,229.20657348632812,9.35720157623291,5.035112380981445,1195.9058837890625,6.542426586151123,23.792890548706055
2020-08-06,105.1884994506836,246.0893096923828,294.38702392578125,5.530548572540283,104.5110092163086,227.72018432617188,9.240005493164062,4.851057529449463,1173.15771484375,6.407418727874756,23.23392677307129
2020-08-07,105.6789779663086,244.95880126953125,286.410400390625,5.435842990875244,104.43816375732422,226.4738311767578,8.988221168518066,4.762596607208252,1152.0048828125,6.414716720581055,23.05814552307129
2020-08-10,104.77348327636719,244.56747436523438,294.53662109375,5.561187267303467,105.89476013183594,224.65512084960938,9.424952507019043,4.852484226226807,1172.1597900390625,6.7777791023254395,23.371028900146484
2020-08-11,105.86763000488281,244.8805694580078,306.6510314941406,5.740850925445557,108.18891906738281,226.04917907714844,9.816819190979004,5.082196235656738,1217.4581298828125,6.810619354248047,24.03897476196289
2020-08-12,107.71634674072266,248.18496704101562,310.39007568359375,5.830682754516602,109.46340942382812,229.53895568847656,9.730754852294922,5.134986400604248,1246.9915771484375,6.768657207489014,24.20068359375
2020-08-13,106.92403411865234,250.71566772460938,300.3585510253906,5.741547107696533,109.31778717041016,230.10208129882812,9.371849060058594,5.032259464263916,1200.6121826171875,5.664873123168945,23.89835548400879
2020-08-14,105.60352325439453,252.0287322998047,291.8325500488281,5.695587158203125,106.68206787109375,229.4188995361328,9.212538719177246,4.985175132751465,1168.8804931640625,5.559056282043457,23.5538387298584
2020-08-17,106.01853942871094,251.8025665283203,287.743896484375,5.640574932098389,106.4623794555664,229.35426330566406,9.276629447937012,4.881019592285156,1159.5006103515625,5.71230936050415,23.406185150146484
2020-08-18,105.5657958984375,249.01113891601562,282.5584716796875,5.608541011810303,105.40069580078125,227.92330932617188,9.229018211364746,4.819667816162109,1146.12939453125,5.736026287078857,23.065181732177734
2020-08-19,106.16946411132812,249.53298950195312,282.9076232910156,5.660071849822998,104.77833557128906,228.25559997558594,9.294939994812012,4.865325927734375,1151.91748046875,5.796233177185059,23.258535385131836
2020-08-20,104.84893798828125,248.76766967773438,275.9768981933594,5.525673866271973,104.48544311523438,226.4738311767578,8.915889739990234,4.774011135101318,1120.5845947265625,5.570003032684326,22.864795684814453
2020-08-21,104.24527740478516,249.08938598632812,272.5864562988281,5.482498645782471,104.37561798095703,225.5413818359375,8.887507438659668,4.719793319702148,1113.4002685546875,5.580949306488037,22.752300262451172
2020-08-24,106.43355560302734,250.14166259765625,281.2122802734375,5.703943252563477,108.32951354980469,229.7974090576172,9.207045555114746,4.946651935577393,1157.90380859375,5.670346736907959,23.641721725463867
2020-08-25,105.79216766357422,251.68084716796875,273.9326171875,5.625253677368164,107.30442810058594,230.87759399414062,9.057806015014648,4.845350742340088,1126.3724365234375,5.608315467834473,23.385086059570312
2020-08-26,107.26359558105469,255.62892150878906,269.9936828613281,5.640574932098389,106.09632873535156,233.46258544921875,9.445094108581543,4.8924336433410645,1119.3873291015625,5.664873123168945,23.458913803100586
2020-08-27,105.6412582397461,254.57664489746094,266.5033874511719,5.561187267303467,105.36408233642578,231.66229248046875,9.324238777160645,4.909555912017822,1108.6103515625,5.608315467834473,23.39914894104004
2020-08-28,105.33941650390625,258.0638122558594,263.4620361328125,5.544475078582764,104.52204895019531,234.09959411621094,9.59891128540039,4.923823356628418,1104.4195556640625,5.484254360198975,23.41321563720703
2020-08-31,104.92440032958984,254.15057373046875,,5.431663513183594,103.68003845214844,230.56370544433594,9.706951141357422,4.724073886871338,,5.495201110839844,23.27259635925293
2020-09-01,104.99986267089844,263.2553405761719,258.9745178222656,5.414950370788574,103.35052490234375,237.21083068847656,9.600743293762207,4.711233139038086,1082.6666259765625,5.4733076095581055,23.167133331298828
2020-09-02,107.26359558105469,269.8468017578125,257.279296875,5.345314979553223,102.8379898071289,241.1520538330078,9.924858093261719,4.588529586791992,1071.68994140625,5.517094135284424,23.406185150146484
2020-09-03,105.9808120727539,258.4290466308594,259.02435302734375,5.359241962432861,101.88611602783203,232.08901977539062,9.622716903686523,4.574261665344238,1078.675048828125,5.502498626708984,23.349931716918945
2020-09-04,104.73575592041016,259.5159912109375,256.7807312011719,5.323727130889893,101.59324645996094,229.5406494140625,9.84062385559082,4.5999436378479,1075.8809814453125,5.586422443389893,23.17767906188965
2020-09-07,106.50901794433594,,265.9051513671875,5.412861347198486,102.17899322509766,,9.789351463317871,4.734062194824219,1099.230712890625,5.602842807769775,23.606565475463867
2020-09-08,105.11304473876953,256.1158142089844,257.7779541015625,5.2359843254089355,98.7376480102539,225.2315216064453,9.661170959472656,4.518618106842041,1062.9088134765625,5.520743370056152,22.745271682739258
2020-09-09,107.33905792236328,263.72491455078125,261.5174560546875,5.311888217926025,102.87460327148438,232.7377166748047,10.001766204833984,4.558567047119141,1084.8614501953125,5.615614414215088,23.019481658935547
2020-09-10,106.69766235351562,256.7332458496094,261.5174560546875,5.310495853424072,103.31391143798828,229.16070556640625,9.893728256225586,4.608503818511963,1089.05224609375,5.568178176879883,23.015966415405273
2020-09-11,107.1504135131836,261.1595764160156,261.31793212890625,5.291694641113281,103.53358459472656,231.82955932617188,9.849780082702637,4.561420440673828,1081.0697021484375,5.336475372314453,22.861284255981445
2020-09-14,106.4712905883789,264.3335266113281,256.3818359375,5.206040859222412,102.14240264892578,232.83038330078125,9.877248764038086,4.470106601715088,1062.9088134765625,5.29086446762085,22.516767501831055
2020-09-15,106.54673767089844,264.39447021484375,258.2764587402344,5.300747394561768,104.55867004394531,232.34849548339844,9.957819938659668,4.602797508239746,1078.675048828125,5.292688369750977,22.720659255981445
2020-09-16,106.39582824707031,263.02044677734375,255.18519592285156,5.327905178070068,104.96138763427734,230.59707641601562,10.1610746383667,4.6712822914123535,1069.6943359375,5.250726699829102,22.632776260375977
2020-09-17,105.79216766357422,262.6030578613281,251.44564819335938,5.288212299346924,105.9864501953125,232.03343200683594,10.49068546295166,4.652735233306885,1050.1365966796875,5.225184440612793,22.172243118286133
2020-09-18,105.4526138305664,257.2376403808594,245.0635223388672,5.144760608673096,105.76679992675781,228.0579376220703,10.56026840209961,4.504349231719971,1032.3746337890625,5.1011223793029785,21.87342643737793
2020-09-21,102.47201538085938,252.863525390625,235.39060974121094,4.91965913772583,102.32544708251953,220.95948791503906,9.673989295959473,4.3602447509765625,1002.6387939453125,4.588456153869629,20.903146743774414
2020-09-22,102.585205078125,255.18533325195312,241.32398986816406,4.994693279266357,103.86306762695312,220.76490783691406,9.637365341186523,4.428730487823486,1031.5765380859375,4.431554794311523,21.050800323486328
2020-09-23,103.30204772949219,248.211181640625,238.5318145751953,4.904086589813232,102.87460327148438,216.0573272705078,9.628210067749023,4.320295333862305,1028.981689453125,4.379558563232422,20.88205909729004
2020-09-24,102.28336334228516,252.1765594482422,231.7508087158203,4.82197380065918,101.11732482910156,217.308349609375,9.503691673278809,4.201871395111084,1011.819091796875,4.208973407745361,20.40746307373047
2020-09-25,101.45332336425781,252.80262756347656,232.6483154296875,4.734907150268555,101.4468002319336,215.68663024902344,9.43960189819336,4.104850769042969,1002.6387939453125,3.9818308353424072,20.188032150268555
2020-09-28,103.5284194946289,254.507080078125,233.7951202392578,4.855952262878418,101.37357330322266,219.67141723632812,10.470541954040527,4.196165084838867,1000.2440795898438,4.037476539611816,20.720426559448242
2020-09-29,103.75479888916016,255.5419464111328,228.65951538085938,4.717918872833252,98.44477081298828,219.0968780517578,10.518152236938477,4.044925212860107,981.6840209960938,3.959937810897827,20.38228416442871
2020-09-30,102.24564361572266,260.206787109375,224.5709228515625,4.734198570251465,97.23662567138672,220.6722412109375,10.422931671142578,4.082022190093994,961.8267211914062,3.933483600616455,21.008211135864258
2020-10-01,101.90608978271484,257.4201965332031,217.59051513671875,4.574222564697266,94.82035827636719,215.6403045654297,10.631682395935059,3.93221116065979,926.0040283203125,3.749215841293335,20.49739646911621
2020-10-02,101.9815444946289,258.61688232421875,213.8010711669922,4.598997116088867,94.6373062133789,215.130615234375,10.58041000366211,3.9364912509918213,931.0932006835938,3.5384933948516846,20.29594612121582
2020-10-05,100.73648071289062,262.3559265136719,217.1915740966797,4.73561429977417,96.87053680419922,217.85511779785156,10.864239692687988,4.082022190093994,955.5402221679688,3.940781831741333,20.75999641418457
2020-10-06,99.90643310546875,258.7566833496094,219.7344970703125,4.897007465362549,98.29832458496094,215.0657958984375,10.928329467773438,4.283198356628418,980.68603515625,4.23451566696167,21.238441467285156
2020-10-07,100.2082748413086,263.9195556640625,215.24705505371094,4.763929843902588,97.74915313720703,221.43209838867188,11.25610637664795,4.303172588348389,967.6143798828125,4.127786159515381,20.98662567138672
2020-10-08,100.51009368896484,261.77935791015625,220.2331085205078,4.873648643493652,98.51799011230469,220.3201141357422,11.274418830871582,4.452985763549805,993.45849609375,4.221744537353516,21.22045135498047
2020-10-09,100.77420806884766,262.6004943847656,221.47958374023438,4.857367992401123,99.46985626220703,222.3495330810547,11.102291107177734,4.501495361328125,1014.2140502929688,4.115015029907227,21.547807693481445
2020-10-12,102.24564361572266,264.59228515625,217.1417694091797,4.826929092407227,98.00543975830078,222.64608764648438,11.008901596069336,4.424449443817139,988.36962890625,4.028354644775391,21.353553771972656
2020-10-13,102.32110595703125,263.0372619628906,212.55462646484375,4.732783317565918,98.59119415283203,218.67982482910156,10.774513244628906,4.381646633148193,980.386962890625,3.7638113498687744,21.015405654907227
2020-10-14,101.79288482666016,260.2504577636719,212.05599975585938,4.741278171539307,98.3349380493164,217.6419677734375,11.054680824279785,4.374512195587158,987.7710571289062,3.9298346042633057,20.98662567138672
2020-10-15,99.7555160522461,258.5470275878906,205.873291015625,4.543074607849121,96.79730224609375,212.767578125,10.805643081665039,4.221847057342529,952.3470458984375,3.7966508865356445,20.29954719543457
2020-10-16,101.71743774414062,260.45147705078125,208.8150177001953,4.645716667175293,98.00543975830078,215.9924774169922,11.184690475463867,4.281771659851074,971.70556640625,4.206236839294434,20.47221565246582
2020-10-19,101.71743774414062,256.9745788574219,207.16969299316406,4.661997318267822,97.7857894897461,213.0177764892578,11.289068222045898,4.227553844451904,968.1132202148438,4.109541893005371,20.29594612121582
2020-10-20,99.1141357421875,257.262939453125,205.37469482421875,4.645008087158203,96.7240982055664,216.14073181152344,11.274418830871582,4.17618989944458,962.22607421875,4.321176528930664,20.310340881347656
2020-10-21,98.6236572265625,256.1883544921875,199.40142822265625,4.4878621101379395,96.35798645019531,213.9815673828125,11.289068222045898,4.0420708656311035,935.2838745117188,4.087648391723633,19.982980728149414
2020-10-22,98.28409576416016,255.30606079101562,200.83741760253906,4.488569736480713,94.82035827636719,216.10366821289062,11.402599334716797,4.039218425750732,946.360107421875,4.134171485900879,19.871471405029297
2020-10-23,100.623291015625,256.8348083496094,204.9259490966797,4.561479568481445,96.39459228515625,217.09521484375,11.400768280029297,4.154787540435791,969.7098999023438,4.263706207275391,20.202417373657227
2020-10-26,99.1141357421875,250.19546508789062,199.4413299560547,4.420615196228027,92.55052947998047,211.275634765625,11.398937225341797,4.024950981140137,941.370849609375,4.053895950317383,19.4649715423584
2020-10-27,97.90680694580078,247.662109375,195.19320678710938,4.317973613739014,90.82984161376953,208.9403533935547,10.785499572753906,3.895113468170166,917.4225463867188,3.800299644470215,18.839038848876953
2020-10-28,94.36027526855469,238.4720001220703,192.89967346191406,4.165783882141113,88.37696838378906,201.0078887939453,10.639008522033691,3.760996103286743,898.064208984375,3.6926581859588623,18.18073844909668
2020-10-29,94.85075378417969,241.78289794921875,192.91957092285156,4.189143180847168,89.69493865966797,203.7230682373047,10.600554466247559,3.728179693222046,930.69384765625,3.644310712814331,18.08000946044922
2020-10-30,94.69983673095703,241.31985473632812,196.05079650878906,4.254974365234375,88.77967071533203,204.1864471435547,10.668307304382324,3.809507369995117,963.3236694335938,3.73553204536438,18.57643699645996
2020-11-02,97.41632843017578,250.44895935058594,204.62677001953125,4.503434658050537,91.85491943359375,211.82237243652344,10.968616485595703,4.046352863311768,1012.2183837890625,3.8595938682556152,19.490156173706055
2020-11-03,99.60460662841797,252.50184631347656,209.36351013183594,4.611030101776123,91.12274169921875,216.9283905029297,11.215821266174316,4.127678871154785,1024.791259765625,3.959937810897827,19.96859359741211
2020-11-04,101.71743774414062,252.7202606201172,208.16685485839844,4.669783115386963,91.5986557006836,218.04043579101562,11.497818946838379,4.209005832672119,1029.5810546875,3.8769266605377197,20.07291603088379
2020-11-05,103.45296478271484,264.9941101074219,200.12704467773438,4.6690754890441895,91.96476745605469,231.44956970214844,11.274418830871582,4.1262526512146,1005.6322631835938,3.8504719734191895,19.788728713989258
2020-11-06,104.05662536621094,267.94683837890625,199.339111328125,4.630851745605469,90.72001647949219,231.96856689453125,11.547260284423828,4.117691516876221,1005.8319091796875,3.8030364513397217,19.878665924072266
2020-11-09,107.26359558105469,273.1446838378906,229.3506622314453,5.222625732421875,97.5295181274414,238.7611541748047,12.435369491577148,4.868178844451904,1131.3614501953125,4.346718788146973,22.87520980834961
2020-11-10,106.50901794433594,270.7860412597656,241.07008361816406,5.4349846839904785,99.14033508300781,242.8293914794922,12.305357933044434,5.454585552215576,1176.6636962890625,4.577509880065918,23.78173065185547
2020-11-11,106.92403411865234,245.33839416503906,242.41656494140625,5.374109745025635,100.01899719238281,240.5867462158203,12.188164710998535,5.475988388061523,1187.4404296875,4.534635543823242,23.378829956054688
2020-11-12,105.6789779663086,231.77162170410156,237.18020629882812,5.392513275146484,99.037109375,236.370361328125,12.244930267333984,5.2477030754089355,1172.5955810546875,4.479902267456055,23.17018699645996
2020-11-13,104.88667297363281,230.51364135742188,236.28257751464844,5.422243595123291,98.96343994140625,238.21446228027344,12.3602933883667,5.1806440353393555,1163.4149169921875,4.523688793182373,23.48675537109375
2020-11-16,104.01890563964844,232.7587432861328,250.09649658203125,5.640264987945557,102.130859375,236.73171997070312,12.968235969543457,5.64434814453125,1238.4605712890625,4.743533611297607,24.63068962097168
2020-11-17,104.35846710205078,232.627685546875,251.04400634765625,5.723794460296631,102.68331909179688,233.65512084960938,12.706382751464844,5.595836639404297,1249.837158203125,4.632242679595947,24.91847038269043
2020-11-18,104.77348327636719,233.85948181152344,251.2933349609375,5.800243854522705,102.60965728759766,231.95001220703125,12.880342483520508,5.662896156311035,1255.4259033203125,4.472604751586914,25.015602111816406
2020-11-19,104.77348327636719,236.18316650390625,243.11473083496094,5.717422962188721,100.65763092041016,234.5169219970703,12.585524559020996,5.5259246826171875,1223.4913330078125,4.321176528930664,24.540760040283203
2020-11-20,105.26395416259766,236.28799438476562,243.7630157470703,5.751400947570801,101.02594757080078,233.5902862548828,12.711874008178711,5.51023006439209,1242.2530517578125,4.508181095123291,24.821346282958984
2020-11-23,103.1134033203125,240.46376037597656,252.7894287109375,5.896512985229492,104.04605102539062,233.65512084960938,13.147688865661621,5.942545413970947,1296.341796875,4.936923980712891,25.98686981201172
2020-11-24,102.62293243408203,248.1163787841797,274.0838317871094,6.10179328918457,109.4969482421875,237.38043212890625,14.06693172454834,6.31493616104126,1370.58984375,5.174099922180176,27.458166122436523
2020-11-25,102.54747772216797,242.96224975585938,266.8526306152344,6.138602256774902,107.36080169677734,234.76715087890625,14.182291984558105,6.235035419464111,1344.2435302734375,5.327352523803711,27.17757797241211
2020-11-26,103.83026123046875,,262.8132629394531,6.057905673980713,105.88755798339844,,13.995515823364258,6.018165111541748,1337.45751953125,5.132138252258301,26.88260269165039
2020-11-27,104.20755004882812,242.70892333984375,262.2148742675781,6.074895858764648,108.17105102539062,238.55731201171875,14.002837181091309,6.053833961486816,1336.6591796875,5.075581073760986,27.123613357543945
2020-11-30,103.86798858642578,244.72691345214844,247.0045623779297,5.877401828765869,103.2725830078125,237.6213836669922,14.054110527038574,5.7485032081604,1268.598876953125,5.1102447509765625,25.774629592895508
2020-12-01,103.03794860839844,247.3826141357422,254.38526916503906,5.956681251525879,104.8931655883789,239.9195098876953,14.896443367004395,5.864071846008301,1301.53125,5.405803203582764,26.137956619262695
2020-12-02,102.13246154785156,239.25823974609375,266.4537658691406,6.016141414642334,104.41433715820312,233.46713256835938,14.97701358795166,5.885474681854248,1351.02978515625,5.325528144836426,26.41135025024414
2020-12-03,101.45332336425781,233.46629333496094,265.80535888671875,5.98287296295166,104.451171875,229.0023956298828,15.530020713806152,5.801293849945068,1353.62451171875,5.281742095947266,26.235078811645508
2020-12-04,101.56652069091797,239.1534423828125,276.228271484375,6.189568519592285,109.20230102539062,233.1136474609375,15.998796463012695,6.1080522537231445,1399.5303955078125,5.431345462799072,27.116424560546875
2020-12-07,102.77384948730469,235.15235900878906,273.0863952636719,6.205851078033447,107.36080169677734,232.3323211669922,15.976825714111328,6.049553871154785,1398.3328857421875,5.575476169586182,26.7351016998291
2020-12-08,101.94380950927734,234.32249450683594,271.8894958496094,6.222130298614502,107.91323852539062,231.83004760742188,15.764409065246582,6.136587619781494,1389.750244140625,5.491551876068115,26.584020614624023
2020-12-09,101.75516510009766,236.36660766601562,271.8894958496094,6.259647846221924,111.08065795898438,233.59730529785156,15.890759468078613,6.319215297698975,1380.96826171875,5.801706314086914,26.54444694519043
2020-12-10,102.62293243408203,234.83786010742188,284.00787353515625,6.325479984283447,110.49137115478516,233.4206085205078,15.973160743713379,6.384847164154053,1431.864013671875,6.068073749542236,27.098434448242188
2020-12-11,102.24564361572266,233.56243896484375,274.5326843261719,6.234871864318848,109.42328643798828,231.97886657714844,15.744263648986816,6.263571262359619,1391.9459228515625,5.956783294677734,26.634384155273438
2020-12-14,102.77384948730469,231.85018920898438,269.0469970703125,6.142850875854492,108.46570587158203,230.30462646484375,15.920059204101562,6.1494293212890625,1357.4168701171875,5.96225643157959,26.33220672607422
2020-12-15,100.88739776611328,235.8774871826172,270.0443420410156,6.195231914520264,107.83959197998047,234.08103942871094,17.07734489440918,6.239316463470459,1363.6041259765625,6.367280960083008,26.303436279296875
2020-12-16,101.75516510009766,234.90769958496094,271.8894958496094,6.198061943054199,108.13420867919922,232.6578826904297,17.29159164428711,6.216487407684326,1389.55078125,6.473098278045654,26.249469757080078
2020-12-17,101.79288482666016,234.64569091796875,268.64801025390625,6.166209697723389,107.61861419677734,238.70387268066406,17.628522872924805,6.11172342300415,1385.958251953125,7.2028727531433105,26.177522659301758
2020-12-18,101.41560363769531,235.47557067871094,270.6428527832031,6.102502346038818,107.544921875,239.6711883544922,17.198204040527344,6.006959438323975,1378.3734130859375,7.34335470199585,25.89334487915039
2020-12-21,99.7177963256836,231.05519104003906,257.37744140625,5.835636615753174,102.97796630859375,236.4156951904297,17.07734489440918,5.784151554107666,1309.3154296875,7.290445327758789,24.92926788330078
2020-12-22,100.43463897705078,230.6359405517578,257.8761901855469,5.917749881744385,103.56726837158203,235.75527954101562,17.377655029296875,5.782675743103027,1306.5211181640625,7.35065221786499,25.101943969726562
2020-12-23,101.4910659790039,232.59274291992188,265.0573425292969,6.076310157775879,105.18779754638672,237.28070068359375,17.566267013549805,6.049749851226807,1331.8690185546875,7.487484931945801,25.80341148376465
2020-12-24,101.4910659790039,234.42726135253906,262.3146057128906,,,238.69451904296875,17.405122756958008,6.157464504241943,1324.8831787109375,,25.821392059326172
2020-12-28,102.92475891113281,234.64569091796875,,6.084805965423584,106.32952117919922,241.8570098876953,17.460058212280273,6.1382832527160645,,7.363422870635986,25.79621124267578
2020-12-29,102.5097427368164,234.75926208496094,261.6662292480469,6.0607380867004395,106.99247741699219,241.29898071289062,17.364839553833008,6.133856296539307,1326.0811767578125,7.281323432922363,25.73505973815918
2020-12-30,102.0947265625,236.82969665527344,258.7239685058594,6.0508270263671875,106.77149200439453,243.48477172851562,17.546123504638672,6.113198757171631,1314.704345703125,7.410858631134033,25.605552673339844
2020-12-31,101.30242156982422,239.86729431152344,254.13595581054688,,,245.1032257080078,17.286100387573242,6.086638450622559,1295.14453125,,25.39691734313965
2021-01-04,102.96248626708984,235.4600830078125,253.83670043945312,5.980039596557617,106.44001770019531,240.73159790039062,18.049692153930664,5.980399131774902,1299.53564453125,7.454644680023193,25.356586456298828
2021-01-05,101.86833953857422,247.91787719726562,271.78985595703125,6.201602935791016,107.98690795898438,244.5079345703125,18.08265495300293,6.440770626068115,1388.7523193359375,7.551339626312256,26.023773193359375
2021-01-06,102.0947265625,254.5725860595703,289.0447082519531,6.404761791229248,111.00701904296875,252.53518676757812,18.54959487915039,6.529304027557373,1470.584716796875,8.009272575378418,27.167518615722656
2021-01-07,102.88703155517578,250.4639129638672,294.2310791015625,6.418916702270508,113.91658020019531,251.8096160888672,19.030269622802734,6.552912712097168,1471.383056640625,8.301182746887207,27.46444320678711
2021-01-08,103.49068450927734,250.8589324951172,297.9215393066406,6.392018795013428,114.98468017578125,251.51194763183594,18.586219787597656,6.437819004058838,1465.1959228515625,8.12968635559082,27.482778549194336
2021-01-11,102.77384948730469,248.5675811767578,298.021240234375,6.355210304260254,115.46347045898438,248.84243774414062,18.453462600708008,6.3714189529418945,1459.40771484375,8.13333511352539,27.06487464904785
2021-01-12,101.11376190185547,248.50599670410156,304.2051696777344,6.4090070724487305,119.9936294555664,247.9959716796875,18.631999969482422,6.508646011352539,1487.7498779296875,8.67154312133789,27.16385269165039
2021-01-13,102.0947265625,255.1871337890625,303.10797119140625,6.413253307342529,119.73583984375,249.0284881591797,18.236465454101562,6.4201130867004395,1474.57666015625,8.352267265319824,27.446121215820312
2021-01-14,101.37787628173828,251.30665588378906,308.4439697265625,6.374321937561035,123.01374053955078,245.27066040039062,18.535863876342773,6.538156509399414,1500.722900390625,8.611337661743164,27.71372413635254
2021-01-15,99.90643310546875,251.88607788085938,301.66180419921875,6.251152992248535,121.61416625976562,240.0618438720703,18.04419708251953,6.383224010467529,1479.9656982421875,8.417946815490723,27.196842193603516
2021-01-18,100.28373718261719,,299.56719970703125,6.268849849700928,123.01374053955078,,18.480926513671875,6.397979736328125,1466.593017578125,9.010889053344727,27.112525939941406
2021-01-19,99.86871337890625,250.7886962890625,300.46484375,6.248322486877441,124.4869384765625,240.9455108642578,17.582746505737305,6.368468761444092,1468.38916015625,8.80837631225586,27.237165451049805
2021-01-20,98.85003662109375,251.5788116455078,302.06072998046875,6.3007049560546875,123.82398986816406,239.4200439453125,17.617538452148438,6.526351451873779,1473.9775390625,8.773711204528809,27.380125045776367
2021-01-21,98.96321105957031,248.1110382080078,292.5854797363281,6.135771751403809,121.98247528076172,235.51344299316406,17.423437118530273,6.322726726531982,1433.8599853515625,8.916019439697266,26.742277145385742
2021-01-22,99.64234161376953,248.9801025390625,289.24420166015625,6.046579837799072,120.06729888916016,233.91358947753906,17.06818962097168,6.235669136047363,1417.094482421875,8.718977928161621,26.55531883239746
2021-01-25,99.15186309814453,244.95924377441406,279.91851806640625,5.912794589996338,118.59406280517578,235.43896484375,16.473066329956055,6.123528480529785,1378.174072265625,8.531062126159668,25.917465209960938
2021-01-26,101.83061981201172,244.05506896972656,281.61419677734375,6.036669731140137,117.26818084716797,237.97828674316406,16.80084228515625,6.235669136047363,1390.5489501953125,8.724452018737793,26.379358291625977
2021-01-27,103.00021362304688,237.02284240722656,281.61419677734375,6.050119876861572,114.9110336303711,225.94223022460938,16.094018936157227,6.287313938140869,1393.7425537109375,8.359564781188965,26.265718460083008
2021-01-28,102.92475891113281,242.18499755859375,275.779296875,6.0508270263671875,114.46905517578125,232.10906982421875,16.919864654541016,6.176647186279297,1364.003173828125,8.76823902130127,26.258386611938477
2021-01-29,101.86833953857422,234.19583129882812,270.7923583984375,5.91208553314209,114.06391906738281,228.25828552246094,16.518844604492188,5.992203235626221,1335.2623291015625,8.762764930725098,25.58387565612793
2021-02-01,102.69839477539062,236.11856079101562,266.40386962890625,5.80449104309082,113.25365447998047,232.9369354248047,16.848451614379883,5.887440204620361,1313.7060546875,8.686140060424805,25.3345947265625
2021-02-02,102.5097427368164,240.5081787109375,254.33538818359375,5.883063793182373,115.61079406738281,234.6298065185547,16.67998695373535,6.033519268035889,1314.105712890625,9.056500434875488,25.56554412841797
2021-02-03,103.00021362304688,242.83470153808594,257.6267395019531,6.009064674377441,115.27934265136719,232.6578826904297,16.524337768554688,6.327153205871582,1333.26611328125,8.844865798950195,25.763498306274414
2021-02-04,102.88703155517578,225.3639373779297,254.2855682373047,6.066400527954102,115.35298156738281,231.77423095703125,16.78619384765625,6.344861030578613,1306.5211181640625,8.901423454284668,25.61319923400879
2021-02-05,102.81156921386719,222.24728393554688,251.39309692382812,6.095423221588135,115.13201904296875,239.39212036132812,17.066362380981445,6.427490711212158,1343.0460205078125,8.932437896728516,25.712181091308594
2021-02-08,103.22659301757812,222.6774444580078,261.267333984375,6.144972801208496,116.08959197998047,239.3642578125,17.505842208862305,6.527827262878418,1362.8055419921875,9.322868347167969,25.792823791503906
2021-02-09,103.75479888916016,223.3798065185547,259.02313232421875,6.211513042449951,115.38981628417969,237.764404296875,17.381319046020508,6.489463806152344,1358.4146728515625,9.067445755004883,25.34192657470703
2021-02-10,101.67969512939453,222.62481689453125,258.4248046875,6.260355472564697,112.81169128417969,235.0669708251953,17.597394943237305,6.549962043762207,1360.410400390625,9.651265144348145,25.47389793395996
2021-02-11,101.83061981201172,226.23306274414062,257.1281433105469,6.212928771972656,113.57426452636719,235.4297332763672,17.201868057250977,6.476183891296387,1329.2745361328125,9.769854545593262,25.39691734313965
2021-02-12,101.79288482666016,228.7439422607422,261.1176452636719,6.285130023956299,111.90679931640625,235.02976989746094,17.108474731445312,6.547009468078613,1355.420654296875,9.975103378295898,25.642526626586914
2021-02-15,101.30242156982422,,278.1731262207031,6.457849979400635,114.94532775878906,,17.883056640625,6.9055681228637695,1433.0615234375,10.408406257629395,26.789932250976562
2021-02-16,100.47237396240234,228.90200805664062,277.4749450683594,6.426704406738281,114.53773498535156,232.66722106933594,18.095470428466797,6.9468841552734375,1426.87451171875,10.627338409423828,26.683622360229492
2021-02-17,100.77420806884766,228.26986694335938,279.86871337890625,6.486164093017578,115.83466339111328,231.8672637939453,17.9306697845459,6.9763946533203125,1435.656494140625,10.440335273742676,27.101531982421875
2021-02-18,100.35919189453125,230.58761596679688,268.73394775390625,6.439445495605469,113.2778549194336,232.4718475341797,17.43075942993164,7.053122043609619,1387.8699951171875,9.929491996765137,26.815589904785156
2021-02-19,99.7177963256836,231.66748046875,271.67669677734375,6.510939121246338,112.5367660522461,233.35548400878906,18.102792739868164,7.333477973937988,1394.456787109375,10.239646911621094,27.090530395507812
2021-02-22,98.92549133300781,233.0720977783203,279.25787353515625,6.6227827072143555,115.83466339111328,233.5322265625,18.03870391845703,7.488409996032715,1427.591552734375,10.339990615844727,27.471778869628906
2021-02-23,98.35955047607422,231.18460083007812,282.799072265625,6.670915126800537,119.09552001953125,240.57342529296875,17.721912384033203,7.48472261428833,1430.9852294921875,10.29893970489502,28.08763885498047
2021-02-24,97.56724548339844,231.1231689453125,298.061279296875,6.779220104217529,121.65231323242188,236.82492065429688,18.17420768737793,7.613832473754883,1478.69140625,10.40384578704834,28.575193405151367
2021-02-25,95.68079376220703,228.5947265625,303.7970275878906,6.852131366729736,126.39541625976562,229.7465057373047,18.490081787109375,7.835164546966553,1491.6658935546875,10.371916770935059,28.927122116088867
2021-02-26,94.09617614746094,224.41578674316406,291.0287170410156,6.711973190307617,120.98534393310547,227.20718383789062,17.723743438720703,7.683920383453369,1441.9635009765625,10.175789833068848,28.13530158996582
2021-03-01,96.13353729248047,229.30581665039062,296.8144226074219,6.767894744873047,123.2086410522461,233.9228973388672,18.32527732849121,7.89787483215332,1463.720703125,10.412967681884766,28.472551345825195
2021-03-02,95.7562484741211,233.52865600585938,295.8667297363281,6.719051837921143,122.0599365234375,236.26686096191406,18.8837833404541,7.872053146362305,1467.3135986328125,10.399284362792969,28.531211853027344
2021-03-03,95.2280502319336,230.3154296875,304.1461181640625,6.8379716873168945,122.0599365234375,230.25807189941406,19.007383346557617,8.012229919433594,1487.4742431640625,10.818904876708984,28.820804595947266
2021-03-04,96.1712646484375,225.12684631347656,312.32586669921875,6.990870952606201,123.39393615722656,229.25856018066406,18.389366149902344,8.14503002166748,1519.8104248046875,10.476822853088379,29.737266540527344
2021-03-05,96.1712646484375,231.6147918701172,318.0118103027344,7.122535705566406,128.7299041748047,231.3323516845703,18.30055809020996,8.08969783782959,1545.3602294921875,10.63646125793457,30.041532516479492
2021-03-08,98.73683166503906,234.3011932373047,317.8621826171875,7.206063270568848,126.35832977294922,236.97457885742188,19.15387535095215,7.879430770874023,1542.964599609375,10.901004791259766,30.001201629638672
2021-03-09,98.5104751586914,234.8543243408203,314.470703125,7.177748203277588,125.35786437988281,245.0642852783203,19.291213989257812,7.912630081176758,1547.75537109375,10.700315475463867,29.81424903869629
2021-03-10,101.37787628173828,238.4625701904297,314.2212829589844,7.234377384185791,127.84058380126953,248.1470184326172,18.966182708740234,7.894184589385986,1561.7281494140625,10.586289405822754,30.287139892578125
2021-03-11,100.81193542480469,239.40194702148438,318.85968017578125,7.291005611419678,129.1374969482422,249.7630615234375,19.854291915893555,7.931075096130371,1567.1175537109375,10.8690767288208,30.602407455444336
2021-03-12,100.35919189453125,239.90235900878906,322.6503601074219,7.374535083770752,129.61917114257812,250.81866455078125,20.486040115356445,8.086007118225098,1580.49072265625,10.818904876708984,30.93232536315918
2021-03-15,100.6987533569336,239.6389923095703,315.3683776855469,7.315073490142822,129.84153747558594,251.28573608398438,20.69205093383789,8.004853248596191,1547.356201171875,10.59997272491455,30.27248191833496
2021-03-16,102.24564361572266,240.9998016357422,310.4804992675781,7.248534679412842,126.8400650024414,252.9578399658203,20.875160217285156,7.931075096130371,1520.4093017578125,10.2122802734375,29.887563705444336
2021-03-17,102.24564361572266,237.62855529785156,313.0242004394531,7.291005611419678,127.43296813964844,251.79957580566406,20.45857048034668,7.920008182525635,1520.8084716796875,9.965981483459473,29.773927688598633
2021-03-18,103.15113067626953,236.18882751464844,311.17877197265625,7.317906379699707,126.02485656738281,250.25816345214844,21.24139404296875,7.908942699432373,1506.8360595703125,9.965981483459473,29.64562225341797
2021-03-19,102.43428039550781,241.7811737060547,305.9417419433594,7.201816558837891,124.43147277832031,251.39781188964844,21.05827522277832,7.872053146362305,1493.462158203125,9.929491996765137,29.49532127380371
2021-03-22,103.49068450927734,244.78369140625,306.4904479980469,7.18199348449707,123.98682403564453,252.5562286376953,20.623376846313477,7.790896892547607,1481.88525390625,9.687753677368164,29.12872886657715
2021-03-23,104.54711151123047,241.1578369140625,295.01885986328125,7.064489364624023,121.91173553466797,250.23956298828125,19.92753791809082,7.687608242034912,1433.38037109375,9.468822479248047,28.916118621826172
2021-03-24,102.69839477539062,244.07254028320312,300.804443359375,7.252781867980957,124.35737609863281,252.00503540039062,20.746978759765625,7.886808395385742,1460.327392578125,9.63302230834961,29.37434959411621
2021-03-25,103.41523742675781,243.42283630371094,292.973876953125,7.157927989959717,121.87464904785156,255.37733459472656,20.161012649536133,7.621209144592285,1418.2103271484375,9.541799545288086,28.882354736328125
2021-03-26,103.15113067626953,252.15830993652344,301.9017639160156,7.242870807647705,124.24618530273438,262.8691711425781,21.909765243530273,7.824098110198975,1447.7523193359375,9.961420059204102,29.191713333129883
2021-03-29,104.6980209350586,249.30502319335938,299.75714111328125,7.3249831199646,125.80253601074219,262.4955139160156,21.841094970703125,7.894184589385986,1440.3665771484375,10.016152381896973,29.62779426574707
2021-03-30,104.92440032958984,248.1110382080078,300.754638671875,7.37028694152832,124.95023345947266,260.8701477050781,22.35382080078125,7.872053146362305,1443.1610107421875,10.522433280944824,30.004261016845703
2021-03-31,105.11304473876953,248.31399536132812,293.9216003417969,7.4283318519592285,123.98682403564453,261.6921691894531,22.55066680908203,7.790896892547607,1411.024658203125,10.385601997375488,29.650171279907227
2021-04-01,105.32432556152344,251.45611572265625,289.08355712890625,7.4821295738220215,,262.34600830078125,22.28057289123535,7.700889587402344,1409.427490234375,10.408406257629395,29.146987915039062
2021-04-05,,255.52505493164062,,,,266.60577392578125,,,,,
2021-04-06,105.86763000488281,254.20986938476562,299.108642578125,7.414175033569336,126.10637664794922,265.4007568359375,22.68342399597168,7.683182716369629,1422.8013916015625,10.755048751831055,28.93825912475586
2021-04-07,105.42996978759766,249.3290557861328,304.69476318359375,7.401432991027832,124.96505737304688,262.82244873046875,22.358396530151367,7.728923797607422,1437.5721435546875,10.622777938842773,29.009084701538086
2021-04-08,105.91290283203125,249.87620544433594,297.712158203125,7.262691974639893,121.54114532470703,263.61651611328125,22.340085983276367,7.529725074768066,1406.6326904296875,10.412967681884766,28.52081298828125
2021-04-09,106.27509307861328,250.97952270507812,294.2706298828125,7.220219612121582,119.98487091064453,266.0452880859375,22.413331985473633,7.47660493850708,1393.059814453125,10.139302253723145,28.211450576782227
2021-04-12,105.95816802978516,249.67324829101562,297.6622314453125,7.193321704864502,121.46705627441406,266.6338195800781,22.298885345458984,7.532677173614502,1399.8463134765625,10.121057510375977,28.080997467041016
2021-04-13,106.77311706542969,251.64144897460938,297.51263427734375,7.23862361907959,120.74077606201172,267.4371337890625,22.289730072021484,7.466277599334717,1392.4609375,10.1438627243042,28.23381805419922
2021-04-14,105.6412582397461,249.67324829101562,307.5876770019531,7.424084663391113,122.17852020263672,266.27874755859375,22.84364891052246,7.795324802398682,1435.5762939453125,10.435772895812988,28.546905517578125
2021-04-15,106.36565399169922,253.44203186035156,302.74969482421875,7.336310863494873,124.06092071533203,269.0065002441406,22.358396530151367,7.66842794418335,1425.79541015625,10.308063507080078,28.326990127563477
2021-04-16,106.54673767089844,253.73324584960938,302.2010192871094,7.326399803161621,122.68246459960938,270.865478515625,23.09543800354004,7.637440204620361,1410.0264892578125,10.44489574432373,28.289722442626953
2021-04-19,106.4561996459961,251.01475524902344,300.1062316894531,7.3079962730407715,122.81587219238281,269.45489501953125,22.678850173950195,7.563664436340332,1394.057861328125,10.239646911621094,28.356813430786133
2021-04-20,105.39978790283203,251.13848876953125,291.0287170410156,7.131028652191162,120.35538482666016,267.01678466796875,21.772428512573242,7.267078399658203,1347.5494384765625,9.651265144348145,27.477188110351562
2021-04-21,106.07890319824219,254.74830627441406,294.96893310546875,7.184825420379639,120.88899230957031,272.74322509765625,22.097457885742188,7.436766147613525,1363.517822265625,9.623899459838867,27.510725021362305
2021-04-22,106.65238952636719,251.3148651123047,294.2706298828125,7.197568416595459,121.71902465820312,269.68841552734375,22.340085983276367,7.439716815948486,1360.523681640625,9.674071311950684,27.50326919555664
2021-04-23,106.65238952636719,256.22222900390625,291.3778991699219,7.150848865509033,122.32676696777344,272.39752197265625,22.98099136352539,7.385121822357178,1353.53759765625,9.797220230102539,27.413822174072266
2021-04-26,106.81839752197266,256.1163024902344,295.8168029785156,7.183409690856934,123.85340118408203,270.4544982910156,23.59442710876465,7.472179889678955,1365.913330078125,10.130179405212402,27.477188110351562
2021-04-27,107.07495880126953,255.77200317382812,294.5698547363281,7.156511306762695,124.01644134521484,271.0989990234375,23.39757537841797,7.399877071380615,1352.5394287109375,10.038958549499512,27.425006866455078
2021-04-28,106.84857177734375,255.5955352783203,303.7471923828125,7.22305154800415,127.54410552978516,268.2312316894531,23.072547912597656,7.569567680358887,1379.486572265625,10.102813720703125,27.91327476501465
2021-04-29,106.92403411865234,257.98748779296875,301.2534484863281,7.221636772155762,128.74472045898438,270.28631591796875,22.78413963317871,7.489886283874512,1362.3203125,10.22140121459961,27.656089782714844
2021-04-30,105.73179626464844,254.6158905029297,302.2508544921875,7.029096603393555,125.61724090576172,267.01678466796875,22.202749252319336,7.33200216293335,1362.3203125,10.1438627243042,27.451093673706055
2021-05-03,106.0638198852539,256.1251220703125,,7.149434566497803,126.23977661132812,269.68841552734375,22.582714080810547,7.553334712982178,,10.093690872192383,27.760461807250977
2021-05-04,105.52052307128906,256.19573974609375,309.38323974609375,7.149434566497803,126.95123291015625,264.3638000488281,22.61018180847168,7.7451558113098145,1378.8876953125,9.733366966247559,28.077268600463867
2021-05-05,106.56184387207031,258.2433166503906,317.7125244140625,7.296669006347656,129.7674560546875,272.4068603515625,23.72260856628418,7.985669136047363,1404.636962890625,10.043519973754883,29.083627700805664
2021-05-06,108.07099914550781,259.17901611328125,313.7590637207031,7.309412002563477,129.1004638671875,276.8813171386719,24.14834976196289,7.967965126037598,1418.8092041015625,10.326306343078613,29.17680549621582
2021-05-07,108.11628723144531,256.44281005859375,312.8111877441406,7.305164813995361,132.06484985351562,279.2447814941406,24.7114315032959,7.969438552856445,1427.39208984375,10.385601997375488,29.109716415405273
2021-05-10,108.13136291503906,259.0730285644531,314.9562072753906,7.367455959320068,133.4729766845703,281.1878356933594,25.301977157592773,8.053545951843262,1418.8092041015625,10.645584106445312,29.325895309448242
2021-05-11,106.48638153076172,265.4366149902344,303.8823547363281,7.252781867980957,130.64190673828125,278.94586181640625,24.77094268798828,7.905990123748779,1364.9150390625,9.5554838180542,28.64008331298828
2021-05-12,106.0487289428711,258.7464904785156,314.5570373535156,7.402848243713379,132.54302978515625,274.6207580566406,24.821298599243164,8.13175106048584,1410.22607421875,9.24989128112793,29.29607582092285
2021-05-13,106.69766235351562,264.58941650390625,307.67340087890625,7.2938385009765625,,278.329345703125,24.450489044189453,8.001900672912598,1379.8056640625,8.786482810974121,28.93081283569336
2021-05-14,107.22586822509766,265.71026611328125,312.91107177734375,7.383029460906982,133.24359130859375,281.3372497558594,24.381818771362305,8.190771102905273,1416.337158203125,8.806551933288574,29.631534576416016
2021-05-17,107.38745880126953,266.2398681640625,314.6568908691406,7.407094955444336,,281.06634521484375,24.734315872192383,8.254220962524414,1423.723388671875,8.839390754699707,29.67625617980957
2021-05-18,106.57181549072266,264.45697021484375,316.0535583496094,7.385859966278076,135.19625854492188,278.3760681152344,24.48711395263672,8.246843338012695,1417.534912109375,8.821147918701172,29.590524673461914
2021-05-19,105.81773376464844,263.256591796875,307.6235656738281,7.21738862991333,131.2760009765625,276.5731201171875,23.26481819152832,8.034363746643066,1378.0091552734375,8.73904800415039,28.613988876342773
2021-05-20,107.26434326171875,262.1885986328125,309.56890869140625,7.206063270568848,131.61886596679688,278.49749755859375,23.200727462768555,7.998950481414795,1382.4007568359375,8.87952995300293,28.733261108398438
2021-05-21,107.86454010009766,263.1860656738281,311.4643859863281,7.279680252075195,133.61627197265625,278.9084777832031,23.246505737304688,8.066824913024902,1396.1749267578125,8.771888732910156,29.07244110107422
2021-05-24,108.58782958984375,264.4039611816406,315.6545715332031,7.327515602111816,,281.4306640625,23.39757537841797,8.146505355834961,1405.9566650390625,,29.102258682250977
2021-05-25,108.57244873046875,265.71026611328125,309.3194580078125,7.236917018890381,132.18528747558594,281.41204833984375,22.99014663696289,8.010753631591797,1371.42138671875,8.702558517456055,28.57299041748047
2021-05-26,107.95687103271484,262.48876953125,309.968017578125,7.269533634185791,132.96035766601562,280.029541015625,23.25108528137207,8.16716194152832,1375.8133544921875,8.801078796386719,28.67735481262207
2021-05-27,107.55674743652344,263.26544189453125,305.8277893066406,7.32027006149292,134.0336151123047,280.9729919433594,24.290267944335938,8.119945526123047,1349.063720703125,8.866759300231934,28.360538482666016
2021-05-28,107.38745880126953,264.48345947265625,305.4286804199219,7.315919876098633,135.4049835205078,280.8048400878906,24.258220672607422,8.088958740234375,1343.0745849609375,8.826620101928711,28.435077667236328
2021-05-31,107.01811218261719,,,7.2883782386779785,133.89944458007812,,24.624452590942383,8.059447288513184,,8.821147918701172,28.256168365478516
2021-06-01,107.43362426757812,267.0254211425781,314.0084533691406,7.460875034332275,140.33877563476562,282.3555908203125,25.21500015258789,8.292583465576172,1372.0205078125,8.996294021606445,28.93825912475586
2021-06-02,108.20309448242188,269.7791442871094,320.9919128417969,7.515958786010742,140.5922088623047,281.1180725097656,25.256200790405273,8.344228744506836,1399.1695556640625,8.844865798950195,29.586795806884766
2021-06-03,108.15693664550781,268.4111022949219,323.3363952636719,7.56669282913208,142.17221069335938,279.65570068359375,24.816722869873047,8.403251647949219,1398.5704345703125,8.85945987701416,29.586795806884766
2021-06-04,108.4339370727539,268.9847717285156,318.6973876953125,7.523205280303955,142.39581298828125,281.099365234375,24.83502960205078,8.29996109008789,1390.9847412109375,8.806551933288574,29.586795806884766
2021-06-07,108.49549102783203,266.3811340332031,318.4480285644531,7.576841354370117,143.24545288085938,273.33740234375,24.48711395263672,8.372262954711914,1389.9866943359375,8.744522094726562,29.437713623046875
2021-06-08,108.38777160644531,264.4482116699219,322.4385070800781,7.607280731201172,141.78469848632812,274.1997985839844,24.308576583862305,8.329471588134766,1381.203125,8.908720016479492,29.54579734802246
2021-06-09,109.24958038330078,262.44464111328125,323.9848937988281,7.569591999053955,142.4256134033203,272.3061828613281,24.235332489013672,8.304388046264648,1399.5684814453125,8.844865798950195,29.82906723022461
2021-06-10,108.74172973632812,263.5478515625,322.58819580078125,7.620325565338135,141.4567413330078,272.16558837890625,24.67974090576172,8.279303550720215,1407.1544189453125,8.97075080871582,29.68370819091797
2021-06-11,108.249267578125,265.1807556152344,323.5359802246094,7.66961145401001,141.4567413330078,272.9998779296875,25.2296199798584,8.273401260375977,1417.7344970703125,9.140424728393555,30.063892364501953
2021-06-14,108.38777160644531,264.0068359375,329.62152099609375,7.775430202484131,143.21566772460938,272.70928955078125,24.883058547973633,8.463748931884766,1455.6630859375,9.24989128112793,30.47760772705078
2021-06-15,111.21942138671875,265.73675537109375,331.9161682128906,7.779779434204102,139.66802978515625,272.70928955078125,23.704750061035156,8.463748931884766,1481.81396484375,8.562077522277832,30.499969482421875
2021-06-16,112.80453491210938,264.81884765625,328.1749572753906,7.785575866699219,137.35760498046875,271.4436950683594,23.31660270690918,8.317669868469238,1471.433349609375,8.19354248046875,30.526063919067383
2021-06-17,111.9273452758789,263.9803771972656,323.28656005859375,7.70440149307251,135.49440002441406,269.2689514160156,22.51258087158203,8.2365140914917,1461.2525634765625,7.938119411468506,30.354604721069336
2021-06-18,111.26559448242188,258.34051513671875,314.6568908691406,7.475372314453125,129.35317993164062,264.3755187988281,22.133676528930664,7.923696517944336,1415.5386962890625,7.680875301361084,29.471248626708984
2021-06-21,114.03569030761719,261.74737548828125,316.10357666015625,7.550748825073242,132.6622314453125,270.2906494140625,22.401681900024414,7.94435453414917,1421.32763671875,7.633440017700195,29.78807258605957
2021-06-22,116.15943908691406,263.0271911621094,321.9396667480469,7.547849178314209,133.3479461669922,272.184326171875,22.554168701171875,7.985669136047363,1449.8739013671875,7.660806179046631,29.97071075439453
2021-06-23,114.6512680053711,256.69000244140625,323.4361572265625,7.553647518157959,135.03228759765625,266.944091796875,22.97466278076172,8.006327629089355,1469.83642578125,7.7593255043029785,29.847705841064453
2021-06-24,116.28255462646484,255.8957061767578,323.5359802246094,7.6391706466674805,136.06085205078125,267.29095458984375,23.598472595214844,8.187820434570312,1479.81787109375,7.843249797821045,30.510906219482422
2021-06-25,115.14372253417969,254.6687469482422,324.7331237792969,7.650766849517822,137.953857421875,267.272216796875,24.21303939819336,8.158309936523438,1491.5955810546875,8.116915702819824,30.268373489379883
2021-06-28,114.7897720336914,255.11898803710938,314.407470703125,7.495666027069092,134.82362365722656,271.565673828125,23.56612777709961,7.8809051513671875,1441.6893310546875,7.9071044921875,29.39673614501953
2021-06-29,114.43580627441406,254.44821166992188,315.2554931640625,7.492767333984375,135.6732635498047,272.2030944824219,24.384008407592773,7.882381439208984,1446.0810546875,8.04576301574707,29.260305404663086
2021-06-30,113.62018585205078,255.2378387451172,314.2578430175781,7.443480014801025,135.7776336669922,271.0124816894531,23.88958168029785,7.786470890045166,1444.0850830078125,8.01839542388916,28.91922950744629
2021-07-01,113.89718627929688,256.2315368652344,323.7355041503906,7.5811896324157715,137.87936401367188,272.6437072753906,24.296215057373047,7.9133687019348145,1485.8065185546875,8.151578903198242,29.377779006958008
2021-07-02,114.03569030761719,257.97930908203125,320.64276123046875,7.536252498626709,137.4470672607422,273.5061340332031,24.471803665161133,7.841066837310791,1473.828857421875,8.175296783447266,29.267879486083984
2021-07-05,113.43550109863281,,323.4860534667969,7.578289985656738,137.43214416503906,,24.75367546081543,7.8805460929870605,1487.203857421875,8.266519546508789,29.339881896972656
2021-07-06,113.15850067138672,254.38607788085938,310.0677490234375,7.443480014801025,136.3887176513672,270.4500427246094,23.48295021057129,7.6284894943237305,1456.4615478515625,7.938119411468506,28.7297420501709
2021-07-07,114.26653289794922,257.9971008300781,306.97509765625,7.371004104614258,133.00509643554688,274.2279357910156,23.79716682434082,7.5578813552856445,1448.4761962890625,7.9162278175354,28.40004539489746
2021-07-08,112.2351303100586,254.95391845703125,306.97509765625,7.220973968505859,131.2163848876953,269.03448486328125,23.05321502685547,7.387820720672607,1457.26025390625,7.839600563049316,28.119600296020508
2021-07-09,113.82024383544922,258.7778625488281,310.16754150390625,7.3057732582092285,132.4088592529297,274.3966979980469,24.296215057373047,7.476648330688477,1465.64453125,8.16617488861084,28.3848819732666
2021-07-12,115.14372253417969,258.227783203125,308.4216003417969,7.315919876098633,132.91567993164062,274.21856689453125,24.185314178466797,7.401485919952393,1453.666748046875,7.972784996032715,28.40004539489746
2021-07-13,115.4976806640625,256.2847595214844,305.1792297363281,7.250688552856445,132.87094116210938,271.59375,23.78330421447754,7.264830112457275,1444.28466796875,7.885210990905762,28.187816619873047
2021-07-14,115.4361343383789,255.64593505859375,304.0320129394531,7.2651848793029785,134.37644958496094,272.8780517578125,24.365528106689453,7.257238864898682,1440.4915771484375,7.969135761260986,28.123397827148438
2021-07-15,115.15912628173828,255.6103973388672,295.35247802734375,7.182559490203857,130.2177276611328,273.7779541015625,24.41173553466797,7.079583644866943,1404.7587890625,7.589653015136719,27.77474021911621
2021-07-16,114.62049102783203,253.3391571044922,291.5614929199219,7.126028060913086,129.2488555908203,271.9218444824219,23.552265167236328,6.957352161407471,1396.7740478515625,7.412683486938477,27.501888275146484
2021-07-19,113.00459289550781,250.28704833984375,277.7939453125,6.852060317993164,125.16461944580078,266.85968017578125,22.725139617919922,6.649116039276123,1336.4873046875,7.024077892303467,26.444557189941406
2021-07-20,113.6817398071289,253.70289611816406,279.4898986816406,6.887575626373291,127.1322021484375,272.2030944824219,23.41363525390625,6.794881820678711,1344.671875,7.097055912017822,26.42560577392578
2021-07-21,114.86672973632812,254.38607788085938,288.7680358886719,7.066596984863281,130.12826538085938,275.79351806640625,24.365528106689453,7.021883964538574,1385.19580078125,7.36524772644043,27.130489349365234
2021-07-22,114.85132598876953,255.9297637939453,283.3309326171875,6.989769458770752,129.3680877685547,276.7496337890625,24.42559814453125,6.977850914001465,1362.03955078125,7.35065221786499,27.01300621032715
2021-07-23,115.85163879394531,257.553466796875,283.4306945800781,7.0078887939453125,128.60787963867188,280.11505126953125,25.1048583984375,6.972536087036133,1362.6376953125,7.474714756011963,27.009220123291016
2021-07-26,114.7743911743164,256.515380859375,291.5614929199219,7.150669097900391,132.5579376220703,279.79632568359375,26.204608917236328,7.167652130126953,1397.372802734375,7.7502031326293945,27.634523391723633
2021-07-27,114.74360656738281,256.3202209472656,290.7134094238281,7.108633995056152,131.24620056152344,280.152587890625,26.107572555541992,7.165373802185059,1396.7740478515625,7.642562389373779,27.626941680908203
2021-07-28,115.18989562988281,255.370849609375,291.112548828125,7.187633037567139,128.50355529785156,278.28704833984375,26.324750900268555,7.285328388214111,1402.962158203125,7.773921012878418,27.82400894165039
2021-07-29,112.05045318603516,257.0033874511719,294.9534606933594,7.257936000823975,130.4711151123047,280.7150573730469,27.39678192138672,7.207130432128906,1455.86279296875,7.86696720123291,28.426565170288086
2021-07-30,112.78914642333984,258.21002197265625,288.51861572265625,7.2651848793029785,128.5184326171875,288.15826416015625,27.147253036499023,7.000627517700195,1440.4915771484375,7.669929027557373,27.816423416137695
2021-08-02,111.61956024169922,256.16937255859375,289.0673522949219,7.22749662399292,131.61886596679688,281.4368591308594,26.666688919067383,7.029476165771484,1450.672607421875,7.617020130157471,27.808839797973633
2021-08-03,112.09661865234375,257.8729553222656,305.37884521484375,7.34636116027832,131.41015625,283.9678039550781,27.10104751586914,7.25192403793335,1476.4239501953125,7.7246623039245605,28.566783905029297
2021-08-04,111.98889923095703,255.22903442382812,302.2861022949219,7.334763526916504,132.0063934326172,286.49896240234375,27.119529724121094,7.159301280975342,1460.054931640625,7.7100653648376465,28.490995407104492
2021-08-05,113.0507583618164,256.1605529785156,305.0296630859375,7.3927459716796875,132.215087890625,285.75836181640625,26.999385833740234,7.206370830535889,1479.41845703125,7.868792533874512,28.5554256439209
2021-08-06,113.17388916015625,258.023681640625,306.7256774902344,7.466673851013184,134.34661865234375,286.73333740234375,27.156494140625,7.252683639526367,1480.216796875,8.009272575378418,28.752483367919922
2021-08-09,113.2508316040039,244.6531982421875,304.73028564453125,7.4536285400390625,134.3615264892578,284.28656005859375,27.299741744995117,7.226110935211182,1467.84033203125,7.989205360412598,28.661523818969727
2021-08-10,113.97413635253906,246.5341033935547,308.1721496582031,7.501463413238525,134.64474487304688,282.89923095703125,28.14996910095215,7.304309844970703,1474.827392578125,8.127861976623535,28.52131462097168
2021-08-11,114.40503692626953,247.29713439941406,310.96563720703125,7.549298286437988,137.52101135253906,287.1364440917969,28.371768951416016,7.364285469055176,1488.0023193359375,7.686347961425781,28.92302131652832
2021-08-12,113.98951721191406,246.30340576171875,306.2657165527344,7.594234943389893,139.65338134765625,287.4739685058594,28.17769432067871,7.397691249847412,1467.41259765625,7.788516998291016,29.04808235168457
2021-08-13,114.48198699951172,248.1931915283203,304.6692199707031,7.623226642608643,140.10385131835938,290.04254150390625,28.538114547729492,7.330122470855713,1457.0308837890625,7.930821895599365,28.96849822998047
2021-08-16,114.62049102783203,249.7991180419922,297.3355407714844,7.517408847808838,138.346923828125,291.8704528808594,27.946651458740234,7.226110935211182,1422.8912353515625,7.854196071624756,28.612268447875977
2021-08-17,114.92828369140625,249.6748504638672,301.7756652832031,7.5203070640563965,141.7707061767578,292.02978515625,27.530780792236328,7.2253522872924805,1445.0518798828125,7.903456211090088,28.669113159179688
2021-08-18,116.05170440673828,241.4591827392578,301.9752197265625,7.513060092926025,141.39527893066406,290.5205078125,27.678647994995117,7.277737140655518,1438.86279296875,7.923525810241699,28.593318939208984
2021-08-19,116.68267059326172,240.7848358154297,287.1084899902344,7.302872180938721,135.79412841796875,291.7017517089844,25.73790740966797,7.0499749183654785,1382.1629638671875,7.722836494445801,27.51704216003418
2021-08-20,116.60572814941406,237.2802734375,287.208251953125,7.292726993560791,134.93817138671875,294.2140197753906,26.038259506225586,7.107675075531006,1389.94921875,7.757500648498535,27.6383113861084
2021-08-23,116.34410095214844,239.986328125,294.3423156738281,7.417388439178467,139.26292419433594,293.25787353515625,26.2739200592041,7.3369550704956055,1419.696533203125,7.846898555755615,28.104448318481445
2021-08-24,115.65158081054688,240.012939453125,298.1836853027344,7.478271961212158,139.5782928466797,292.9298095703125,26.994768142700195,7.379469871520996,1432.0748291015625,8.151578903198242,28.165075302124023
2021-08-25,115.40535736083984,238.81521606445312,297.6847839355469,7.48696756362915,139.30795288085938,293.2766418457031,27.087181091308594,7.375673770904541,1429.8787841796875,8.27381706237793,28.297714233398438
2021-08-26,115.82086181640625,238.14984130859375,295.8888854980469,7.469573497772217,140.28402709960938,291.8423767089844,26.440271377563477,7.358970642089844,1429.6790771484375,8.282938957214355,28.278766632080078
2021-08-27,115.97476196289062,238.22076416015625,301.8255310058594,7.557994842529297,142.2362060546875,294.86083984375,27.179597854614258,7.5191650390625,1451.240966796875,8.334022521972656,28.612268447875977
2021-08-30,117.0674057006836,239.72906494140625,,7.560894012451172,141.4703369140625,295.8076477050781,27.07794189453125,7.513090133666992,,8.53288745880127,28.57815933227539
2021-08-31,116.82118225097656,239.1168212890625,296.2879943847656,7.576841354370117,138.70733642578125,294.90771484375,26.2415771484375,7.368082046508789,1429.0799560546875,8.605863571166992,28.3052921295166
2021-09-01,117.54448699951172,238.96603393554688,293.59393310546875,7.607280731201172,139.71340942382812,294.2421569824219,26.209230422973633,7.223834037780762,1425.68603515625,8.520115852355957,28.119600296020508
2021-09-02,116.77500915527344,239.55165100097656,299.2314758300781,7.7058515548706055,144.45860290527344,296.82879638671875,26.491100311279297,7.39996862411499,1452.8382568359375,8.514640808105469,28.483409881591797
2021-09-03,116.29794311523438,238.02560424804688,295.938720703125,7.631923198699951,145.88519287109375,294.81591796875,26.070606231689453,7.2815327644348145,1431.07666015625,8.251922607421875,28.24466323852539
2021-09-06,116.82118225097656,,297.7846374511719,7.672509670257568,149.95465087890625,,26.333993911743164,7.289125919342041,1440.6595458984375,8.344969749450684,28.547840118408203
2021-09-07,115.80547332763672,236.97862243652344,297.7347717285156,7.66961145401001,150.50277709960938,296.8947448730469,26.38482093811035,7.303549289703369,1439.661376953125,8.359564781188965,28.509946823120117
2021-09-08,115.55924224853516,237.53759765625,297.5850830078125,7.67540979385376,149.32395935058594,293.0852355957031,26.176883697509766,7.223834037780762,1431.67529296875,8.224556922912598,28.240873336791992
2021-09-09,115.59001159667969,236.99636840820312,294.0429382324219,7.672509670257568,146.4258270263672,294.1293029785156,25.81645965576172,7.10691499710083,1415.304443359375,8.32490062713623,28.00212287902832
2021-09-10,115.0821762084961,237.7771759033203,294.9908142089844,7.642069339752197,148.3929443359375,292.0035705566406,25.825702667236328,7.1744842529296875,1416.302490234375,8.36868667602539,27.763364791870117
2021-09-13,115.14372253417969,239.10800170898438,301.6260070800781,7.831961631774902,151.17852783203125,294.8818664550781,25.779497146606445,7.427299499511719,1449.643798828125,8.611337661743164,28.612268447875977
2021-09-14,114.69743347167969,238.5401611328125,299.3311462402344,7.902990341186523,151.3286895751953,293.4144592285156,25.432933807373047,7.470574855804443,1447.447509765625,8.47997760772705,28.684267044067383
2021-09-15,113.5586166381836,239.10800170898438,308.5605163574219,7.965318202972412,156.88479614257812,295.8506164550781,26.592758178710938,7.593565940856934,1473.6015625,8.536534309387207,29.32472801208496
2021-09-16,113.7279052734375,236.3753204345703,305.26788330078125,7.989965915679932,153.84390258789062,294.4866943359375,26.236953735351562,7.616342544555664,1461.6226806640625,8.33767318725586,29.347469329833984
2021-09-17,110.65001678466797,232.3029327392578,303.9708557128906,7.930532455444336,151.44131469726562,290.95001220703125,25.146442413330078,7.625452041625977,1453.4371337890625,8.319427490234375,29.09734344482422
2021-09-20,108.9110107421875,229.06459045410156,303.0229187011719,7.856598377227783,150.39015197753906,284.26226806640625,23.127147674560547,7.576103687286377,1434.2711181640625,7.852371692657471,28.684267044067383
2021-09-21,111.21942138671875,228.36367797851562,308.11151123046875,8.001450538635254,150.9157257080078,286.8490295410156,22.766725540161133,7.77577543258667,1486.379150390625,7.752028465270996,29.3862361907959
2021-09-22,111.29637908935547,228.8516387939453,316.04376220703125,8.212686538696289,156.0213165283203,287.8836669921875,23.78792381286621,7.9503912925720215,1515.12841796875,7.989205360412598,30.138343811035156
2021-09-23,111.68110656738281,231.04306030273438,317.04156494140625,8.224760055541992,154.85755920410156,291.937744140625,24.0605525970459,8.114378929138184,1521.1177978515625,8.084075927734375,30.570341110229492
2021-09-24,110.95780181884766,230.2889404296875,319.48614501953125,8.247393608093262,154.9326629638672,291.834228515625,23.871097564697266,8.13867473602295,1526.5081787109375,8.032992362976074,30.620460510253906
2021-09-27,109.88053894042969,232.37393188476562,330.56134033203125,8.43901538848877,158.34890747070312,290.8466491699219,24.028207778930664,8.325439453125,1594.7880859375,8.359564781188965,31.673419952392578
2021-09-28,107.87991333007812,232.7288360595703,335.8495178222656,8.497859954833984,163.67971801757812,282.1177062988281,23.48295021057129,8.369473457336426,1638.9102783203125,8.167999267578125,32.086116790771484
2021-09-29,107.47979736328125,230.87452697753906,337.5458068847656,8.591410636901855,163.15414428710938,281.3746337890625,23.884963989257812,8.538017272949219,1648.29345703125,8.32490062713623,31.654136657714844
2021-09-30,106.63336944580078,228.54542541503906,339.54132080078125,8.710607528686523,167.1710968017578,275.9566955566406,24.453319549560547,8.577495574951172,1652.086669921875,8.372337341308594,31.88555145263672
2021-10-01,107.74140930175781,229.7233428955078,337.196533203125,8.662325859069824,169.76141357421875,280.1612548828125,23.288877487182617,8.592679977416992,1644.8995361328125,8.100495338439941,31.83926773071289
2021-10-04,107.09506225585938,228.43833923339844,343.6820373535156,8.78303337097168,172.20156860351562,277.15130615234375,22.775968551635742,8.834107398986816,1669.656005859375,7.879737854003906,32.46795654296875
2021-10-05,107.40284729003906,229.3574676513672,349.8682556152344,8.938444137573242,172.9149169921875,280.1424560546875,23.32122230529785,8.85384464263916,1696.208984375,8.000152587890625,33.43990707397461
2021-10-06,106.21785736083984,232.68601989746094,340.7884826660156,8.801140785217285,166.53285217285156,278.4680480957031,22.406307220458984,8.654932975769043,1649.690673828125,7.259430885314941,32.98093032836914
2021-10-07,107.92608642578125,235.0062255859375,344.0312805175781,8.742295265197754,162.14056396484375,281.3934631347656,23.311983108520508,8.730855941772461,1669.4564208984375,7.47106409072876,32.93464660644531
2021-10-08,107.18739318847656,236.8623046875,352.76177978515625,8.945989608764648,168.7853546142578,278.599853515625,23.21956443786621,8.793107986450195,1705.5924072265625,7.427278518676758,33.43990707397461
2021-10-11,106.4640884399414,239.8071746826172,359.4967041015625,9.057644844055176,170.66241455078125,277.3299865722656,24.24538803100586,8.698967933654785,1733.7430419921875,7.783042907714844,34.111019134521484
2021-10-12,106.44869995117188,243.08216857910156,357.4013977050781,9.033504486083984,171.18797302246094,278.2424011230469,24.351665496826172,8.753630638122559,1728.1527099609375,7.783042907714844,33.70989990234375
2021-10-13,108.0799789428711,248.45428466796875,354.1585998535156,8.918829917907715,169.94915771484375,283.1147155761719,24.573463439941406,8.645824432373047,1717.9705810546875,7.75567626953125,33.382057189941406
2021-10-14,109.61892700195312,256.9764099121094,356.9024963378906,9.038028717041016,173.10255432128906,290.4326477050781,25.30354881286621,8.750594139099121,1741.7288818359375,7.914402484893799,33.78702926635742
2021-10-15,110.2652816772461,261.1973571777344,362.7893371582031,9.210041999816895,171.9012451171875,289.9342041015625,25.585418701171875,8.79159164428711,1768.8807373046875,8.02204418182373,34.29229736328125
2021-10-18,110.003662109375,261.054443359375,360.6441955566406,9.231162071228027,175.46766662597656,289.6802673339844,25.562318801879883,8.743002891540527,1765.08740234375,8.034814834594727,34.442718505859375
2021-10-19,110.08060455322266,262.7946472167969,361.14306640625,9.182881355285645,174.04110717773438,292.22930908203125,25.66397476196289,8.747557640075684,1775.2694091796875,7.9600138664245605,34.58156967163086
2021-10-20,110.6807861328125,262.0897216796875,362.29052734375,9.293025016784668,177.1195068359375,292.7372131347656,25.918121337890625,8.875102996826172,1782.8563232421875,7.921700954437256,34.60857009887695
2021-10-21,110.46534729003906,262.25921630859375,355.40594482421875,9.15421199798584,175.46766662597656,292.8218688964844,24.952369689941406,8.694412231445312,1753.108642578125,7.7812180519104,34.111019134521484
2021-10-22,110.09600067138672,259.8855285644531,354.2085266113281,9.111967086791992,173.21517944335938,295.4931945800781,25.11871910095215,8.70504093170166,1746.1207275390625,7.86696720123291,33.790897369384766
2021-10-25,109.9728775024414,262.2861328125,359.8458557128906,9.262849807739258,176.63143920898438,297.8728942871094,26.26930046081543,8.86599349975586,1772.674072265625,8.060358047485352,33.88345718383789
2021-10-26,110.35762023925781,262.6965637207031,358.399169921875,9.32320499420166,174.8294677734375,297.9575500488281,27.0918025970459,8.761222839355469,1770.677734375,8.27381706237793,33.74460220336914
2021-10-27,111.20404815673828,263.115966796875,356.8027648925781,9.255303382873535,171.0753631591797,300.02691650390625,26.962419509887695,8.70504093170166,1762.4920654296875,8.213610649108887,33.659751892089844
2021-10-28,110.49612426757812,268.9967041015625,351.2651672363281,9.17684268951416,163.15414428710938,299.0769348144531,26.754486083984375,8.39984130859375,1710.1844482421875,8.197190284729004,33.39747619628906
2021-10-29,110.98858642578125,267.5421142578125,349.41925048828125,9.357908248901367,160.4887237548828,300.2432556152344,27.10104751586914,8.393767356872559,1678.041015625,8.202664375305176,33.45533752441406
2021-11-01,111.63493347167969,265.9179382324219,356.2040710449219,9.615920066833496,165.93218994140625,303.78936767578125,27.646303176879883,8.364917755126953,1680.2371826171875,8.396055221557617,33.57876205444336
2021-11-02,112.12740325927734,265.9982604980469,344.1809387207031,9.46051025390625,164.6558380126953,308.1162414550781,26.606618881225586,8.284441947937012,1658.6751708984375,8.105968475341797,33.69061279296875
2021-11-03,113.6817398071289,269.61236572265625,334.10345458984375,9.339800834655762,165.29403686523438,308.9063720703125,26.449512481689453,8.13867473602295,1625.7332763671875,8.029341697692871,33.100494384765625
2021-11-04,114.98983764648438,268.79144287109375,338.74310302734375,9.475597381591797,167.35877990722656,311.8128356933594,26.28316307067871,8.13867473602295,1655.0816650390625,8.100495338439941,33.362770080566406
2021-11-05,115.37458038330078,276.01959228515625,344.62994384765625,9.560094833374023,169.6487579345703,312.27374267578125,25.871912002563477,8.208521842956543,1680.436767578125,8.24280071258545,33.48619079589844
2021-11-08,115.77469635009766,278.9554748535156,344.48028564453125,9.567639350891113,173.44046020507812,317.4847717285156,26.620481491088867,8.222187995910645,1683.232177734375,8.438015937805176,33.55561447143555
2021-11-09,116.11327362060547,280.0621032714844,343.6820373535156,9.52086353302002,169.16073608398438,318.5100402832031,25.640869140625,8.203965187072754,1674.048095703125,8.339496612548828,33.582618713378906
2021-11-10,117.00585174560547,280.4457702636719,347.02459716796875,9.554057121276855,168.0345001220703,316.62872314453125,25.285066604614258,8.39680290222168,1678.24072265625,8.251922607421875,33.87574768066406
2021-11-11,117.22130584716797,277.099365234375,344.4211730957031,9.540478706359863,167.49349975585938,315.72576904296875,26.32012939453125,8.465133666992188,1662.0479736328125,8.386931419372559,33.83718490600586
2021-11-12,117.55986785888672,276.63531494140625,340.1800842285156,9.439384460449219,166.85475158691406,317.0050048828125,25.506866455078125,8.261665344238281,1638.4869384765625,8.164349555969238,33.30491256713867
2021-11-15,116.94429016113281,271.1026306152344,340.8287353515625,9.465035438537598,169.4096221923828,314.1737365722656,24.846088409423828,8.30114459991455,1673.62890625,8.425244331359863,33.66360855102539
2021-11-16,116.23638153076172,269.0502014160156,343.8223876953125,9.504266738891602,177.3372344970703,313.1955261230469,24.832229614257812,8.337587356567383,1697.989013671875,9.436894416809082,33.83331298828125
2021-11-17,116.71345520019531,267.2565612792969,341.27777099609375,9.499739646911621,177.90077209472656,311.7940673828125,25.16492462158203,8.243444442749023,1686.6075439453125,9.30006217956543,33.58647537231445
2021-11-18,116.95968627929688,264.3563232421875,335.7395324707031,9.377523422241211,170.4615936279297,311.3424987792969,25.1048583984375,8.093121528625488,1658.0548095703125,9.888442039489746,33.22391891479492
2021-11-19,118.1138916015625,265.69482421875,325.86041259765625,9.179862022399902,165.6525115966797,312.46185302734375,24.42559814453125,7.875988483428955,1606.739501953125,9.984225273132324,32.317535400390625
2021-11-22,118.05233764648438,265.4985046386719,333.69390869140625,9.300570487976074,168.0194854736328,310.15740966796875,24.915401458740234,7.99898099899292,1612.7298583984375,10.29893970489502,32.70323181152344
2021-11-23,116.52877807617188,266.8193054199219,338.6832580566406,9.339800834655762,171.47608947753906,310.6370849609375,24.86919593811035,8.052124977111816,1635.4921875,9.669509887695312,33.081207275390625
2021-11-24,116.71345520019531,265.78411865234375,343.77252197265625,9.332257270812988,173.9181671142578,307.8151550292969,24.33317756652832,7.991387844085693,1654.8599853515625,9.7242431640625,33.25864028930664
2021-11-25,116.46722412109375,,344.02203369140625,9.276429176330566,172.64077758789062,,24.09752082824707,7.954947471618652,1646.8734130859375,9.728804588317871,33.235496520996094
2021-11-26,114.29730224609375,262.0361633300781,316.97918701171875,8.698539733886719,165.23919677734375,301.53192138671875,22.406307220458984,7.370359897613525,1553.62744140625,8.881354331970215,31.264585494995117
2021-11-29,113.38933563232422,259.99267578125,327.0079650878906,8.902234077453613,170.68710327148438,301.6917724609375,22.586517333984375,7.5252366065979,1592.1639404296875,9.102109909057617,31.781421661376953
2021-11-30,112.20435333251953,256.5034484863281,324.7627868652344,8.78303337097168,171.85179138183594,299.24627685546875,22.115196228027344,7.43337345123291,1574.39306640625,8.87952995300293,31.326292037963867
2021-12-01,113.75867462158203,254.27252197265625,332.1970520019531,8.980695724487305,172.97894287109375,299.3874206542969,22.757484436035156,7.6072306632995605,1604.3433837890625,9.054675102233887,32.34838104248047
2021-12-02,112.26591491699219,256.4945373535156,335.88916015625,9.007852554321289,172.97894287109375,305.7765197753906,22.928451538085938,7.669486045837402,1630.500244140625,8.833918571472168,32.417816162109375
2021-12-03,112.38902282714844,257.55645751953125,340.1302795410156,9.060663223266602,173.58006286621094,302.6622009277344,22.683555603027344,7.639118194580078,1648.670166015625,8.481801986694336,32.65693664550781
2021-12-06,114.46659851074219,261.3669128417969,345.7682189941406,9.273409843444824,173.88064575195312,306.7486572265625,23.136390686035156,7.798550128936768,1678.620849609375,8.392403602600098,33.50932693481445
2021-12-07,119.51432800292969,264.0797119140625,350.1590576171875,9.481634140014648,180.0423583984375,312.0525207519531,24.360904693603516,7.8926920890808105,1692.797119140625,8.392403602600098,34.15730667114258
2021-12-08,119.52970886230469,263.84765625,347.96368408203125,9.347346305847168,179.9296112060547,314.4496154785156,24.250003814697266,7.827401161193848,1688.4044189453125,8.638704299926758,34.11872863769531
2021-12-09,119.17576599121094,261.625732421875,342.8244934082031,9.25379467010498,177.63775634765625,313.4397888183594,23.871097564697266,7.69529914855957,1666.4405517578125,8.520115852355957,33.90660858154297
2021-12-10,118.89874267578125,263.5621032714844,341.87652587890625,9.208532333374023,174.89505004882812,315.2140808105469,23.79254722595215,7.667968273162842,1657.0565185546875,8.527412414550781,34.010738372802734
2021-12-13,119.25270080566406,265.53424072265625,334.2926025390625,9.068206787109375,175.0829315185547,315.3934326171875,23.70937156677246,7.504739284515381,1612.3304443359375,8.53288745880127,33.520904541015625
2021-12-14,117.6676025390625,266.1053161621094,336.93707275390625,9.164774894714355,175.34593200683594,315.68597412109375,25.617767333984375,7.587491989135742,1616.7230224609375,8.777361869812012,33.73303985595703
2021-12-15,118.43707275390625,272.24493408203125,330.20123291015625,9.053118705749512,173.1667938232422,322.16009521484375,25.34051513671875,7.455390453338623,1591.5645751953125,8.580321311950684,33.38976287841797
2021-12-16,119.05265045166016,270.5226135253906,338.2342224121094,9.202494621276855,180.15505981445312,320.8860778808594,26.62510108947754,7.59052848815918,1624.310546875,8.600391387939453,34.46200942993164
2021-12-17,117.57526397705078,266.2213439941406,333.04522705078125,9.0923490524292,177.41233825683594,315.0537109375,26.514204025268555,7.548772811889648,1590.3668212890625,8.514640808105469,33.679046630859375
2021-12-20,115.15912628173828,263.2587585449219,322.6172180175781,8.927885055541992,176.9615020751953,311.7410888671875,25.65472984313965,7.472092628479004,1570.9990234375,8.261046409606934,33.45148849487305
2021-12-21,115.29762268066406,263.9190368652344,331.0494384765625,9.188918113708496,187.5941925048828,314.1665344238281,26.375577926635742,7.6527838706970215,1615.924560546875,8.306655883789062,34.249874114990234
2021-12-22,115.68235778808594,265.17730712890625,333.9932556152344,9.184388160705566,184.77638244628906,316.48809814453125,26.754486083984375,7.707446575164795,1625.308837890625,8.419771194458008,34.489009857177734
2021-12-23,116.574951171875,267.24761962890625,337.236328125,9.23418140411377,182.8977813720703,320.0932922363281,26.209230422973633,7.875988483428955,1643.0794677734375,8.667895317077637,34.80528259277344
2021-12-24,115.79008483886719,,337.1365966796875,,,,26.278539657592773,,1641.2828369140625,,34.539146423339844
2021-12-27,117.2674789428711,269.6927490234375,,9.274919509887695,180.26780700683594,324.10430908203125,26.454132080078125,7.9746856689453125,,8.717154502868652,34.678001403808594
2021-12-28,118.09849548339844,271.27215576171875,,9.357908248901367,181.05679321289062,324.4534606933594,26.481857299804688,8.044532775878906,,8.797429084777832,34.90940856933594
2021-12-29,117.52909851074219,272.5304260253906,335.2904357910156,9.264358520507812,179.47879028320312,325.9728698730469,26.54192543029785,7.954947471618652,1626.70654296875,8.875879287719727,34.52372741699219
2021-12-30,118.25239562988281,271.1830749511719,332.29681396484375,9.21909236907959,177.2620849609375,324.96307373046875,26.204608917236328,7.923060894012451,1616.3238525390625,8.833918571472168,34.63556671142578
2021-12-31,117.97538757324219,272.8599853515625,329.8020935058594,,,326.9449768066406,26.010536193847656,,1619.1190185546875,,34.42729187011719
2022-01-03,118.88336944580078,265.28204345703125,,9.360923767089844,176.9615020751953,319.5931396484375,26.440271377563477,8.084012031555176,,8.92331600189209,35.22593307495117
2022-01-04,121.1763916015625,268.5195007324219,350.2587585449219,9.513319969177246,180.83132934570312,325.41607666015625,26.740623474121094,8.269257545471191,1697.989013671875,9.263572692871094,35.52345275878906
2022-01-05,123.146240234375,272.842041015625,354.0507507324219,9.623464584350586,184.77638244628906,326.9261169433594,27.44760513305664,8.481834411621094,1719.3531494140625,9.373039245605469,35.9501838684082
2022-01-06,120.80703735351562,267.263916015625,354.3999938964844,9.543497085571289,185.37750244140625,318.9985656738281,27.28125762939453,8.460577964782715,1715.3597412109375,9.204278945922852,35.96583938598633
2022-01-07,120.37614440917969,266.7169189453125,361.78436279296875,9.649115562438965,183.3486328125,317.3658447265625,28.210041046142578,8.451214790344238,1733.7296142578125,9.34111213684082,36.37689208984375
2022-01-10,120.09912872314453,264.6452941894531,362.2833251953125,9.569147109985352,183.12318420410156,316.5635986328125,27.90044593811035,8.410642623901367,1727.7392578125,9.596532821655273,36.596126556396484
2022-01-11,120.60697174072266,266.8334655761719,368.8194885253906,9.664203643798828,180.49319458007812,317.5074462890625,28.27935218811035,8.498028755187988,1755.49365234375,9.655826568603516,37.26948547363281
2022-01-12,121.73040008544922,268.8153991699219,380.6445007324219,9.84677505493164,183.79953002929688,322.0940856933594,30.118432998657227,8.649388313293457,1803.4139404296875,9.865636825561523,38.41263198852539
2022-01-13,120.4838638305664,263.9189147949219,383.0893249511719,9.825651168823242,182.25906372070312,314.6572570800781,30.44188690185547,8.738330841064453,1803.214599609375,9.810904502868652,38.21296310424805
2022-01-14,119.06803131103516,261.2823181152344,387.87921142578125,9.928254127502441,192.2154998779297,310.1461181640625,29.97518539428711,8.771100044250488,1817.5906982421875,9.523554801940918,38.7845344543457
2022-01-17,119.49893951416016,,392.91851806640625,9.967483520507812,188.72134399414062,,29.82732582092285,8.694640159606934,1839.754150390625,9.642143249511719,38.8941535949707
2022-01-18,118.17545318603516,257.0225524902344,394.9142761230469,10.01124095916748,192.9293670654297,303.09625244140625,28.787641525268555,8.679035186767578,1869.1053466796875,9.172351837158203,39.47746658325195
2022-01-19,119.88368225097656,256.0988464355469,393.2677917480469,10.124402046203613,187.63177490234375,304.068359375,29.222000122070312,8.685276985168457,1866.309814453125,9.054675102233887,40.135162353515625
2022-01-20,121.22256469726562,257.3634033203125,388.3282470703125,10.026329040527344,189.54795837402344,303.5870056152344,28.759920120239258,8.434050559997559,1835.361083984375,9.350234985351562,39.6810417175293
2022-01-21,119.4219970703125,253.3187255859375,381.4428405761719,9.887516021728516,185.71560668945312,298.3396911621094,26.652828216552734,8.320138931274414,1804.41259765625,8.680665969848633,38.85108947753906
2022-01-24,115.97476196289062,253.62362670898438,363.3311462402344,9.570655822753906,185.6029052734375,298.3775329589844,24.938508987426758,8.132889747619629,1744.31201171875,8.01474666595459,37.51612091064453
2022-01-25,117.03663635253906,250.59246826171875,378.8482666015625,9.878461837768555,187.70693969726562,295.95208740234375,24.707468032836914,8.360712051391602,1807.80712890625,8.151578903198242,38.447853088378906
2022-01-26,117.25208282470703,247.8841552734375,393.2677917480469,10.172687530517578,194.09408569335938,291.55419921875,25.183408737182617,8.615059852600098,1909.0391845703125,8.427070617675781,39.98640060424805
2022-01-27,118.12928009033203,247.38194274902344,391.6710510253906,10.42013931274414,190.18663024902344,293.8380432128906,24.99395751953125,8.774221420288086,1916.0274658203125,8.375985145568848,40.510982513427734
2022-01-28,116.34410095214844,248.97821044921875,384.63604736328125,10.240586280822754,186.73001098632812,297.2261962890625,23.644678115844727,8.73052978515625,1892.0673828125,8.060358047485352,40.119503021240234
2022-01-31,116.48261260986328,253.0048828125,381.9915466308594,10.039908409118652,184.73880004882812,300.755859375,24.208417892456055,8.771100044250488,1883.4813232421875,8.217259407043457,39.32087707519531
2022-02-01,117.00585174560547,255.2558135986328,392.4694519042969,10.151565551757812,185.2272186279297,303.33221435546875,25.594661712646484,8.881890296936035,1943.3824462890625,8.432543754577637,40.16648483276367
2022-02-02,118.5140151977539,255.0046844482422,388.7273254394531,10.07612133026123,186.12893676757812,304.1627502441406,25.68708038330078,8.836638450622559,1929.205810546875,8.36503791809082,39.3443603515625
2022-02-03,116.1902084350586,251.89285278320312,391.5714416503906,10.024821281433105,187.70693969726562,294.2627258300781,25.719423294067383,8.839759826660156,1956.7601318359375,8.251922607421875,38.92155838012695
2022-02-04,113.31238555908203,235.92982482910156,405.0428466796875,10.169669151306152,195.3715362548828,281.2200927734375,25.11871910095215,8.963031768798828,2033.6329345703125,8.032992362976074,39.9080924987793
2022-02-07,112.72760009765625,228.1276397705078,407.7870788574219,9.947868347167969,197.06224060058594,279.79498291015625,26.153778076171875,9.005163192749023,2058.091552734375,8.147931098937988,40.11166763305664
2022-02-08,112.20435333251953,226.7196807861328,398.1574401855469,9.834705352783203,192.89178466796875,281.9089660644531,26.930072784423828,8.891251564025879,1992.7005615234375,8.266519546508789,40.15864944458008
2022-02-09,112.2351303100586,232.59365844726562,409.4335632324219,9.997661590576172,195.52182006835938,287.04296875,27.17035675048828,9.037931442260742,2024.6478271484375,8.438015937805176,41.02775192260742
2022-02-10,113.88179779052734,226.33409118652344,409.8327331542969,10.032364845275879,200.33091735839844,291.47869873046875,26.860761642456055,9.167447090148926,2015.1636962890625,8.410649299621582,40.659759521484375
2022-02-11,110.55767822265625,219.1686248779297,416.3189697265625,10.205883979797363,206.82009887695312,278.1528625488281,25.968948364257812,9.259510040283203,2035.629638671875,8.211785316467285,40.91031265258789
2022-02-14,109.35730743408203,218.36155700683594,399.8039855957031,10.051980972290039,205.84262084960938,277.0014953613281,24.34242057800293,9.103468894958496,2002.1849365234375,7.631616115570068,40.03337860107422
2022-02-15,111.20404815673828,222.25360107421875,396.5108947753906,9.937304496765137,192.5333251953125,284.9195861816406,24.873815536499023,9.070700645446777,1980.720458984375,8.248273849487305,39.93159103393555
2022-02-16,114.18959045410156,220.02056884765625,402.8973693847656,10.039908409118652,199.90232849121094,286.74102783203125,25.668594360351562,9.311003684997559,2020.1552734375,8.419771194458008,40.26043701171875
2022-02-17,115.66697692871094,215.7787322998047,397.1007385253906,10.059525489807129,200.95506286621094,282.1543884277344,24.989336013793945,9.261072158813477,1966.322509765625,8.33767318725586,39.65754699707031
2022-02-18,115.99014282226562,216.99839782714844,390.6136474609375,10.162126541137695,201.74459838867188,285.8255310058594,24.89691925048828,9.154962539672852,1953.9415283203125,8.111442565917969,39.66537857055664
2022-02-21,112.86609649658203,,387.6197509765625,10.04443645477295,207.53451538085938,,24.16683006286621,9.066018104553223,1941.16162109375,7.896158218383789,39.10163879394531
2022-02-22,112.71220397949219,213.5367431640625,385.7235107421875,10.17872142791748,204.26351928710938,277.07696533203125,24.887678146362305,8.947426795959473,1951.5455322265625,7.761150360107422,39.058570861816406
2022-02-23,114.08186340332031,210.45175170898438,382.1307678222656,10.128931999206543,208.92556762695312,274.71759033203125,24.633533477783203,8.867846488952637,1940.163330078125,7.814058780670166,38.7845344543457
2022-02-24,111.25020599365234,210.86428833007812,364.6160583496094,10.080648422241211,217.68560791015625,269.2060241699219,23.02549171447754,8.839759826660156,1949.748291015625,7.441874027252197,37.28513717651367
2022-02-25,113.88179779052734,215.57247924804688,377.7396545410156,10.395997047424316,205.84262084960938,280.7575378417969,25.34051513671875,9.045734405517578,1997.3734130859375,7.859669208526611,37.79407501220703
2022-02-28,114.4204330444336,211.91354370117188,362.8196105957031,10.43522834777832,209.376708984375,276.74658203125,25.60390281677246,9.070700645446777,1968.918212890625,8.757292747497559,35.69571304321289
2022-03-01,113.85101318359375,206.739013671875,356.382568359375,10.752087593078613,225.24258422851562,266.6673583984375,26.213851928710938,9.254831314086914,1947.951171875,8.622283935546875,34.72482681274414
2022-03-02,114.51277160644531,209.2500457763672,373.6478271484375,10.96181869506836,227.8367919921875,273.8776550292969,26.990144729614258,9.571593284606934,2044.3004150390625,8.795605659484863,37.5630989074707
2022-03-03,113.512451171875,207.93179321289062,357.72991943359375,10.460880279541016,220.8813018798828,271.24456787109375,26.874624252319336,9.364057540893555,1927.1834716796875,8.534710884094238,36.15375518798828
2022-03-04,110.2191162109375,204.855712890625,347.4505920410156,9.697400093078613,224.4530487060547,265.6008605957031,24.707468032836914,8.945866584777832,1830.5347900390625,7.6772260665893555,34.84226608276367
2022-03-07,108.63400268554688,198.64093017578125,360.7738037109375,10.113844871520996,229.7541961669922,255.74807739257812,24.273109436035156,9.306324005126953,1977.9041748046875,7.274025917053223,35.147621154785156
2022-03-08,105.89468383789062,196.192626953125,379.23663330078125,10.31301212310791,236.1080780029297,256.17279052734375,24.162212371826172,9.551308631896973,2036.3128662109375,7.367072582244873,35.809242248535156
2022-03-09,112.32747650146484,203.57330322265625,370.8035888671875,10.261711120605469,222.76116943359375,276.30303955078125,24.938508987426758,9.245467185974121,2001.36767578125,7.772097587585449,36.19289016723633
2022-03-10,109.23419189453125,204.11141967773438,362.76983642578125,9.886006355285645,219.82862854003906,268.60906982421875,24.730567932128906,9.225181579589844,1952.74365234375,7.730134963989258,35.781837463378906
2022-03-11,110.6192398071289,196.73973083496094,359.6759033203125,9.834705352783203,215.5426025390625,266.0317077636719,25.590044021606445,9.076942443847656,1960.53125,7.965487957000732,35.69571304321289
2022-03-14,113.77407836914062,195.74427795410156,355.7838134765625,9.790947914123535,216.10655212402344,270.3905029296875,25.710182189941406,8.936505317687988,1923.7889404296875,8.231855392456055,35.82098388671875
2022-03-15,113.91258239746094,199.654296875,360.2748107910156,9.750208854675293,214.03872680664062,278.6719055175781,25.2943115234375,8.947426795959473,1936.968017578125,8.113265991210938,35.82490158081055
2022-03-16,116.1902084350586,201.42100524902344,359.9254150390625,9.634027481079102,216.18174743652344,288.5548400878906,26.5881404876709,8.760176658630371,1900.625,8.596742630004883,35.65656280517578
2022-03-17,117.35980987548828,204.96331787109375,367.310546875,9.890533447265625,224.0018768310547,293.1408996582031,26.726760864257812,8.966151237487793,1962.32861328125,7.786693096160889,36.02456283569336
2022-03-18,117.37519836425781,207.7613525390625,359.6759033203125,9.602344512939453,226.18247985839844,295.3107604980469,26.218473434448242,8.752376556396484,1938.765625,7.635263442993164,35.62915802001953
2022-03-21,116.39026641845703,210.0302734375,374.2466735839844,9.878461837768555,237.95033264160156,294.40118408203125,27.655542373657227,9.073822975158691,2017.3424072265625,7.5568132400512695,35.84056091308594
2022-03-22,115.99014282226562,212.1287841796875,370.5540771484375,9.886006355285645,237.19842529296875,295.756103515625,28.237762451171875,9.111270904541016,2004.362548828125,7.737432479858398,36.52774429321289
2022-03-23,118.66790771484375,210.96290588378906,387.1206970214844,9.975028038024902,241.634765625,291.1795349121094,27.992860794067383,9.417113304138184,2081.7412109375,7.5841803550720215,36.80976104736328
2022-03-24,121.14561462402344,217.3929901123047,388.4181823730469,10.04443645477295,240.54449462890625,301.3560791015625,27.96051597595215,9.354696273803711,2077.748046875,7.37254524230957,37.087806701660156
2022-03-25,121.42262268066406,221.11474609375,390.91314697265625,10.157599449157715,244.37933349609375,302.0193786621094,28.84770965576172,9.490450859069824,2107.20166015625,7.359774112701416,37.81470489501953
2022-03-28,122.0535888671875,222.68409729003906,380.13482666015625,10.012749671936035,242.1611328125,305.71478271484375,28.066797256469727,9.28759765625,2058.277587890625,7.270376682281494,37.09178161621094
2022-03-29,122.3305892944336,226.29815673828125,370.60400390625,9.879968643188477,229.8670196533203,309.2206115722656,27.74795913696289,9.184610366821289,2018.8399658203125,7.518499851226807,36.39268112182617
2022-03-30,122.65377044677734,227.03355407714844,381.9810791015625,10.09573745727539,245.62005615234375,308.5384521484375,27.461467742919922,9.379663467407227,2108.200439453125,7.3415303230285645,37.31025314331055
2022-03-31,122.28441619873047,225.5623779296875,374.595947265625,10.02934741973877,249.0413360595703,302.6732177734375,27.07794189453125,9.303201675415039,2105.204345703125,7.10617733001709,36.56746292114258
2022-04-01,122.65377044677734,224.73202514648438,378.1886901855469,10.119876861572266,247.95111083984375,305.8000183105469,27.526159286499023,9.319586753845215,2116.18798828125,7.133544445037842,37.14341735839844
2022-04-04,124.03882598876953,228.03538513183594,376.8414306640625,10.141002655029297,248.17665100097656,304.5777282714844,27.373674392700195,9.26887321472168,2112.693359375,7.016780376434326,37.0560302734375
2022-04-05,124.45433807373047,227.15989685058594,382.1307678222656,10.1907958984375,246.7103729248047,304.8904113769531,26.306264877319336,9.510737419128418,2117.685546875,6.702977180480957,36.78195571899414
2022-04-06,123.23856353759766,225.73387145996094,380.0849304199219,10.100263595581055,251.8235626220703,298.5229187011719,25.8950138092041,9.596559524536133,2128.1689453125,6.219501495361328,36.26557540893555
2022-04-07,123.30013275146484,226.880126953125,376.641845703125,10.005205154418945,247.04872131347656,301.3655700683594,25.62700653076172,9.534144401550293,2082.739990234375,6.183012962341309,35.67770004272461
2022-04-08,124.82367706298828,226.7266845703125,390.71356201171875,10.424667358398438,253.92898559570312,301.147705078125,26.135297775268555,10.01007080078125,2164.612060546875,6.287006378173828,36.27352523803711
2022-04-11,126.1933364868164,225.49014282226562,385.8732604980469,10.408068656921387,247.4246826171875,300.5128173828125,26.458751678466797,9.99056625366211,2131.663330078125,6.279708385467529,37.0401496887207
2022-04-12,124.7313461303711,223.63987731933594,395.154541015625,10.460880279541016,249.90611267089844,297.5279541015625,27.05946159362793,10.326056480407715,2162.115966796875,6.321670055389404,36.88125228881836
2022-04-13,124.82367706298828,225.57139587402344,396.5517578125,10.693241119384766,257.83905029296875,302.5025634765625,27.387535095214844,10.560118675231934,2178.58984375,6.310723781585693,37.326133728027344
2022-04-14,125.346923828125,222.7914581298828,398.6475524902344,10.712857246398926,,301.8108825683594,28.191558837890625,10.7434663772583,2188.57421875,6.339914321899414,37.09178161621094
2022-04-18,,222.03330993652344,,,,300.8822937011719,,,,,
2022-04-19,123.8079833984375,225.2554931640625,400.24432373046875,10.67513656616211,255.6583709716797,301.46026611328125,28.108383178710938,10.645939826965332,2224.518310546875,6.398296356201172,37.61213684082031
2022-04-20,124.48512268066406,224.50634765625,400.3441467285156,10.73398208618164,253.55303955078125,309.2491149902344,27.60009002685547,10.634237289428711,2204.549072265625,6.575267314910889,37.36585998535156
2022-04-21,125.16224670410156,226.67251586914062,402.3401184082031,10.561971664428711,251.89869689941406,307.3540344238281,28.44108009338379,10.669347763061523,2218.52734375,6.575267314910889,37.45721435546875
2022-04-22,123.26935577392578,219.25335693359375,392.36016845703125,10.24511432647705,246.25924682617188,293.47247314453125,27.29050064086914,10.29484748840332,2184.58056640625,6.575267314910889,36.44034957885742
2022-04-25,122.60759735107422,219.1089630126953,368.1090087890625,9.754735946655273,235.9576873779297,297.5184326171875,24.878437042236328,9.834524154663086,2071.2578125,6.400120735168457,34.978607177734375
2022-04-26,123.99266052246094,212.67359924316406,378.687744140625,9.775860786437988,235.5065155029297,287.60723876953125,24.832229614257812,9.881336212158203,2120.680908203125,6.268762111663818,35.5545768737793
2022-04-27,124.8852310180664,215.0383758544922,377.6398010253906,9.754735946655273,247.31187438964844,290.9331359863281,25.908876419067383,10.072487831115723,2127.17041015625,6.268762111663818,35.852481842041016
2022-04-28,125.91632843017578,217.0510711669922,387.27044677734375,9.926746368408203,240.80770874023438,298.6556091308594,25.64549446105957,10.634237289428711,2181.5849609375,6.551549434661865,37.16327667236328
2022-04-29,127.22441101074219,211.2655487060547,390.76336669921875,10.101771354675293,241.40921020507812,295.5950012207031,25.982810974121094,11.145273208618164,2169.60498046875,6.732168674468994,37.51679611206055
2022-05-02,125.43925476074219,212.46600341796875,,9.958430290222168,238.96542358398438,296.855224609375,24.92926597595215,11.00483512878418,,6.5551981925964355,37.322166442871094
2022-05-03,126.13179016113281,215.8055419921875,413.4178161621094,10.205883979797363,244.60491943359375,297.5374755859375,25.987430572509766,11.016539573669434,2212.53662109375,6.677435398101807,38.768028259277344
2022-05-04,125.83940124511719,223.37814331054688,415.0644836425781,10.260201454162598,252.124267578125,305.3357238769531,24.855335235595703,11.145273208618164,2221.523193359375,6.582564353942871,38.78788375854492
2022-05-05,126.14717102050781,212.98948669433594,418.0584411621094,10.192303657531738,251.78591918945312,296.2109375,24.347042083740234,11.234996795654297,2289.416748046875,6.569793224334717,39.33603286743164
2022-05-06,123.74642181396484,212.84512329101562,425.7928466796875,10.263218879699707,253.51535034179688,292.4681701660156,24.32394027709961,11.574390411376953,2295.906494140625,6.569793224334717,40.1979866027832
2022-05-09,120.69932556152344,210.49838256835938,403.98675537109375,9.8663911819458,242.01071166992188,284.5182189941406,23.98200035095215,10.587425231933594,2221.523193359375,6.292479038238525,38.23973083496094
2022-05-10,121.29950714111328,208.2058563232422,404.1365051269531,10.002187728881836,241.37167358398438,283.67498779296875,23.986621856689453,10.645939826965332,2230.009765625,6.420190334320068,38.247676849365234
2022-05-11,121.85353088378906,210.2005615234375,419.0564270019531,10.275291442871094,245.09371948242188,284.6888427734375,24.855335235595703,11.121868133544922,2312.8798828125,7.140842437744141,39.99937438964844
2022-05-12,121.28411865234375,208.86471557617188,399.3875732421875,10.07612133026123,250.8824462890625,285.53216552734375,24.074417114257812,10.915112495422363,2236.998779296875,7.195574760437012,39.22084426879883
2022-05-13,124.96219635009766,210.94070434570312,413.90985107421875,10.29037857055664,252.63291931152344,292.5723571777344,24.80124282836914,11.121868133544922,2299.89990234375,7.195574760437012,40.57931900024414
2022-05-16,125.16588592529297,210.22760009765625,417.5528259277344,10.430702209472656,252.06214904785156,293.2072448730469,25.462425231933594,11.016539573669434,2333.846923828125,7.423628807067871,41.07980728149414
2022-05-17,127.70429992675781,216.23876953125,420.4472961425781,10.510671615600586,,302.0477600097656,25.893829345703125,11.363731384277344,2346.826416015625,7.432751178741455,41.57234573364258
2022-05-18,126.73280334472656,211.62660217285156,421.5452575683594,10.43522834777832,260.3956298828125,293.8041687011719,25.851627349853516,11.45345687866211,2366.79541015625,7.345178604125977,41.453182220458984
2022-05-19,125.04054260253906,211.40098571777344,411.9136657714844,10.400524139404297,252.70896911621094,294.40118408203125,25.443662643432617,11.266205787658691,2325.057861328125,7.345178604125977,40.93680953979492
2022-05-20,125.44794464111328,214.44264221191406,416.4050598144531,10.478984832763672,256.1717529296875,298.6461181640625,25.696882247924805,11.242799758911133,2333.045166015625,7.489308834075928,41.07980728149414
2022-05-23,127.43791961669922,214.76751708984375,427.98297119140625,10.676732063293457,257.0850524902344,303.6112060546875,26.751955032348633,11.437851905822754,2383.970458984375,7.631616115570068,42.33500671386719
2022-05-24,126.01203155517578,213.7476806640625,422.7928466796875,10.595765113830566,257.6939392089844,303.6775207519531,26.297103881835938,11.472960472106934,2362.501708984375,7.494782447814941,41.66767883300781
2022-05-25,126.18438720703125,213.3866424560547,427.0347900390625,10.992814064025879,268.65313720703125,299.281005859375,26.775400161743164,11.71872615814209,2374.983642578125,7.494782447814941,42.859317779541016
2022-05-26,126.99919128417969,218.8653106689453,434.4206848144531,11.09090805053711,,303.5259704589844,27.656970977783203,11.668014526367188,2400.445556640625,7.7538533210754395,43.78879928588867
2022-05-27,129.78831481933594,226.23025512695312,429.82940673828125,11.048868179321289,268.4628601074219,312.33807373046875,28.5526123046875,11.695321083068848,2376.48095703125,7.7538533210754395,43.598140716552734
2022-05-30,129.3182373046875,,432.67401123046875,11.055095672607422,267.6637878417969,,28.580751419067383,11.58219051361084,2370.48974609375,7.7538533210754395,43.836456298828125
2022-05-31,127.57893371582031,222.17776489257812,433.422607421875,11.053539276123047,274.43719482421875,307.6477966308594,28.09307098388672,11.69922161102295,2372.986328125,8.155227661132812,44.16218185424805
2022-06-01,125.1345443725586,219.785888671875,430.4781799316406,10.975685119628906,266.3700256347656,302.8437194824219,27.79296112060547,11.589991569519043,2357.50927734375,8.005624771118164,42.99436950683594
2022-06-02,127.04619598388672,228.21595764160156,,10.955443382263184,261.3089904785156,316.8617858886719,28.440074920654297,11.671914100646973,,8.005624771118164,43.034088134765625
2022-06-03,126.76414489746094,227.6924591064453,,11.100253105163574,264.8097839355469,315.6445007324219,28.463518142700195,11.82795524597168,,8.005624771118164,43.280364990234375
2022-06-06,127.77167510986328,232.36778259277344,439.6108093261719,11.23571491241455,,319.07769775390625,28.894926071166992,12.026908874511719,2390.959716796875,8.215435028076172,44.082740783691406
2022-06-07,126.82368469238281,235.3823699951172,445.6492614746094,11.232600212097168,270.7840881347656,319.3154602050781,28.960573196411133,12.444321632385254,2412.427978515625,8.31030559539795,44.257511138916016
2022-06-08,124.27274322509766,227.791748046875,450.5398864746094,11.204575538635254,270.8221740722656,312.50616455078125,27.99928855895996,12.576955795288086,2436.393310546875,8.202664375305176,44.9010009765625
2022-06-09,122.27334594726562,228.91091918945312,447.4457702636719,10.919631958007812,271.1265563964844,303.0815124511719,26.7285099029541,12.260972023010254,2391.9580078125,8.062182426452637,44.257511138916016
2022-06-10,119.89476013183594,224.0189666748047,436.6165466308594,10.307709693908691,267.2832336425781,295.6635437011719,25.467113494873047,12.081522941589355,2334.54345703125,7.529446601867676,43.296260833740234
2022-06-13,119.17083740234375,219.0457763671875,425.4876708984375,10.103734016418457,254.6116180419922,286.5716857910156,24.379215240478516,11.851362228393555,2284.11767578125,6.8580546379089355,42.382659912109375
2022-06-14,116.32686614990234,215.91384887695312,434.12127685546875,10.253213882446289,269.1858825683594,281.141357421875,24.32294273376465,11.972294807434082,2304.58740234375,6.650068759918213,42.96259689331055
2022-06-15,117.9298324584961,215.97702026367188,426.5856628417969,10.318609237670898,270.2513732910156,285.2973937988281,24.876272201538086,11.69922161102295,2267.642333984375,6.746764183044434,42.525657653808594
2022-06-16,113.48290252685547,212.19522094726562,403.62939453125,9.81412124633789,267.1309814453125,275.5303039550781,23.521085739135742,11.234996795654297,2140.830078125,6.485869407653809,41.28635025024414
2022-06-17,111.51797485351562,212.98048400878906,378.72705078125,9.350119590759277,266.8266296386719,276.443359375,23.18815803527832,10.720060348510742,2040.97802734375,6.343563556671143,39.1970100402832
2022-06-20,109.72541809082031,,390.75408935546875,9.376590728759766,268.0442810058594,,22.991207122802734,10.907310485839844,2107.37939453125,6.356334209442139,39.91994094848633
2022-06-21,113.0692367553711,217.5294647216797,394.5967102050781,9.404617309570312,264.0868225097656,284.1466979980469,23.258493423461914,11.13357162475586,2147.819580078125,6.4037699699401855,40.652488708496094
2022-06-22,112.190185546875,217.5204315185547,382.56964111328125,9.077635765075684,251.2248992919922,283.7852478027344,21.035808563232422,10.65764331817627,2072.930908203125,5.892928123474121,39.48120880126953
2022-06-23,111.79375457763672,218.47715759277344,374.9342041015625,8.898573875427246,249.89305114746094,282.2920837402344,20.90920066833496,10.595226287841797,2026.0001220703125,5.425872325897217,38.716468811035156
2022-06-24,116.25791931152344,227.52093505859375,385.7635498046875,9.082306861877441,246.7727508544922,288.378662109375,21.101455688476562,10.727863311767578,2084.413330078125,5.369315147399902,39.891761779785156
2022-06-27,115.25822448730469,222.1957550048828,390.85382080078125,8.898573875427246,254.19302368164062,281.75,21.645402908325195,10.770773887634277,2109.376953125,5.506147384643555,40.24998474121094
2022-06-28,115.4650650024414,218.88330078125,396.2934265136719,8.953070640563965,263.8965148925781,279.0300598144531,21.645402908325195,11.090659141540527,2173.781005859375,5.434994697570801,40.77323913574219
2022-06-29,113.63803100585938,219.4429168701172,396.9422302246094,9.032480239868164,267.89202880859375,277.1376037597656,20.951398849487305,11.07115364074707,2181.769287109375,5.203291416168213,41.022789001464844
2022-06-30,110.41486358642578,218.5070343017578,387.5600891113281,8.81916332244873,260.7001037597656,273.44769287109375,20.172990798950195,10.961925506591797,2130.844970703125,4.935098648071289,40.54783630371094
2022-07-01,109.39793395996094,220.56961059570312,383.767333984375,8.741311073303223,251.1488494873047,271.4599914550781,20.280841827392578,10.517205238342285,2117.8642578125,4.854823589324951,40.37074279785156
2022-07-04,110.31144714355469,,400.6850891113281,8.95151424407959,265.57086181640625,,20.473098754882812,10.790279388427734,2199.74267578125,4.838403701782227,42.206138610839844
2022-07-05,105.51979064941406,218.0436248779297,372.5887145996094,8.433013916015625,256.8187561035156,257.37530517578125,19.591527938842773,10.166840553283691,2013.0194091796875,4.447974681854248,39.4973030090332
2022-07-06,108.98426818847656,215.544921875,367.94757080078125,8.373845100402832,249.55059814453125,260.8560791015625,19.366445541381836,10.018974304199219,1971.281005859375,4.417871475219727,38.35018539428711
2022-07-07,110.0873794555664,214.27285766601562,384.5159606933594,8.599618911743164,261.8036193847656,260.4661865234375,20.430896759033203,10.502538681030273,2030.4935302734375,4.7380595207214355,39.746864318847656
2022-07-08,110.70787048339844,210.99266052246094,385.8134460449219,8.739753723144531,254.76382446289062,260.2759094238281,20.501237869262695,10.374652862548828,2040.4788818359375,4.975236892700195,39.66233444213867
2022-07-11,110.53551483154297,212.70086669921875,383.8672180175781,8.719511985778809,258.3408508300781,263.214599609375,20.25739860534668,10.318703651428223,2027.4976806640625,4.72893762588501,39.380592346191406
2022-07-12,110.15632629394531,210.73825073242188,376.33160400390625,8.671242713928223,255.10633850097656,260.14276123046875,20.702871322631836,9.7272367477417,1995.0458984375,4.72893762588501,38.85331344604492
2022-07-13,108.48441314697266,207.15823364257812,376.4812927246094,8.6541166305542,258.75946044921875,261.2745666503906,20.632532119750977,9.719244003295898,1999.0401611328125,4.734411239624023,38.91771697998047
2022-07-14,107.24341583251953,201.69740295410156,363.25653076171875,8.286651611328125,244.9462432861328,255.83473205566406,19.94321632385254,9.431503295898438,1933.536865234375,4.694273948669434,37.10243606567383
2022-07-15,109.46687316894531,204.6231689453125,372.38909912109375,8.437685012817383,248.5993194580078,263.4143371582031,20.13078498840332,9.499442100524902,1986.658447265625,4.7654266357421875,38.265663146972656
2022-07-18,109.44963836669922,203.13302612304688,381.6214294433594,8.574706077575684,260.28155517578125,263.55694580078125,20.562192916870117,9.63931655883789,2033.9884033203125,4.922327518463135,39.15921401977539
2022-07-19,111.22496795654297,208.98455810546875,384.8652648925781,8.800477981567383,258.607177734375,271.75482177734375,21.289026260375977,9.679278373718262,2030.99267578125,5.124840259552002,39.52548599243164
2022-07-20,110.82853698730469,210.4656219482422,387.7597351074219,8.69926929473877,264.6195373535156,269.2725830078125,21.551618576049805,9.663294792175293,2047.468994140625,5.18687105178833,39.605979919433594
2022-07-21,110.94918060302734,213.1551971435547,383.1685485839844,8.563806533813477,253.16566467285156,272.9720764160156,21.50004005432129,9.415518760681152,2025.5010986328125,5.194169044494629,38.54741668701172
2022-07-22,111.46627044677734,213.1279296875,382.56964111328125,8.540451049804688,260.9664611816406,271.5550537109375,21.607891082763672,9.615337371826172,2036.4847412109375,5.190520286560059,39.0746955871582
2022-07-25,111.10430908203125,213.7185516357422,385.963134765625,8.61207389831543,260.89031982421875,273.9802551269531,21.659469604492188,9.783185958862305,2065.940673828125,5.18322229385376,39.52548599243164
2022-07-26,111.27667999267578,213.19154357910156,387.80963134765625,8.579377174377441,271.8115234375,272.5822448730469,21.298398971557617,9.883096694946289,2083.415283203125,5.000778675079346,39.605979919433594
2022-07-27,111.27667999267578,216.1536865234375,392.40087890625,8.719511985778809,269.9469299316406,276.22467041015625,21.284334182739258,10.010980606079102,2114.369140625,5.177749156951904,40.04471969604492
2022-07-28,114.82732391357422,221.91436767578125,388.6580505371094,8.635430335998535,271.1646423339844,282.3872375488281,21.6782283782959,9.523421287536621,2120.859375,5.241603851318359,38.71244430541992
2022-07-29,115.5857162475586,225.5488739013672,399.23785400390625,9.121232986450195,280.8300476074219,287.2088928222656,22.428504943847656,9.691267967224121,2175.7783203125,5.478781223297119,40.056785583496094
2022-08-01,114.22405242919922,224.65843200683594,391.6024169921875,9.110332489013672,272.80096435546875,285.3734436035156,22.16590690612793,9.471467971801758,2132.842041015625,5.405803203582764,39.40473937988281
2022-08-02,113.72420501708984,221.81443786621094,402.5814514160156,8.909473419189453,278.1663513183594,283.0624084472656,21.786081314086914,9.491448402404785,2162.79736328125,5.281742095947266,38.83319091796875
2022-08-03,114.27577209472656,223.25918579101562,409.9175109863281,8.875216484069824,276.9486083984375,285.3639221191406,22.072120666503906,9.531414031982422,2167.291015625,5.347421169281006,39.15921401977539
2022-08-04,115.18927764892578,234.18087768554688,407.22259521484375,8.86743450164795,268.9195861816406,287.4371337890625,22.315963745117188,9.419514656066895,2129.346923828125,5.409452438354492,39.155189514160156
2022-08-05,114.91350555419922,238.64227294921875,410.3665771484375,8.918814659118652,269.9469299316406,287.1803894042969,22.49415397644043,9.459478378295898,2146.821533203125,5.47148323059082,39.3564338684082
2022-08-08,115.94767761230469,237.85169982910156,415.50677490234375,8.911030769348145,268.3106384277344,286.2388610839844,22.84115219116211,9.59135913848877,2158.3046875,5.5462846755981445,40.1050910949707
2022-08-09,115.37889099121094,235.1167449951172,421.7449035644531,8.946842193603516,276.5680847167969,285.9440612792969,22.681716918945312,9.931051254272461,2181.27001953125,5.3528947830200195,40.93423843383789
2022-08-10,116.55094146728516,241.35902404785156,420.4472961425781,8.893902778625488,265.9513854980469,294.2464904785156,23.31945037841797,9.803167343139648,2166.29248046875,5.385734558105469,40.684696197509766
2022-08-11,116.29239654541016,240.61392211914062,426.7877197265625,9.023137092590332,278.5767822265625,290.8893737792969,23.29131507873535,10.014978408813477,2210.447021484375,5.382086277008057,41.859989166259766
2022-08-12,117.03355407714844,246.12928771972656,429.7823486328125,9.054280281066895,275.2677001953125,296.29119873046875,22.916179656982422,10.11089038848877,2211.94482421875,5.365665912628174,41.80364227294922
2022-08-15,118.37797546386719,249.06423950195312,424.7413330078125,,270.5734558105469,296.9188537597656,22.616071701049805,9.87110710144043,2178.990478515625,5.340124130249023,40.8215446472168
2022-08-16,117.39551544189453,248.54627990722656,425.7395935058594,9.013794898986816,282.0397644042969,296.99493408203125,23.324142456054688,10.082916259765625,2165.50927734375,5.5554070472717285,41.457489013671875
2022-08-17,116.77500915527344,243.51246643066406,430.1317443847656,9.102547645568848,280.7314758300781,294.3035888671875,22.855222702026367,10.11888313293457,2178.990478515625,5.267147064208984,41.48969268798828
2022-08-18,117.56787109375,243.14901733398438,441.2119445800781,9.290952682495117,283.6173400878906,294.9787902832031,22.902111053466797,10.386643409729004,2214.44140625,5.447765827178955,42.50398254394531
2022-08-19,117.63682556152344,239.60536193847656,447.0015869140625,9.163272857666016,288.5424499511719,288.8731994628906,21.772010803222656,10.450586318969727,2245.39892578125,5.239780426025391,42.415443420410156
2022-08-22,113.79315948486328,237.07034301757812,448.1994323730469,9.311193466186523,296.7766418457031,281.30303955078125,21.734498977661133,10.558488845825195,2240.90478515625,4.931450366973877,42.69718551635742
2022-08-23,112.8968734741211,237.44287109375,458.58087158203125,9.659975051879883,305.08770751953125,279.77191162109375,22.3909854888916,10.94214153289795,2314.303466796875,5.108420372009277,44.08177947998047
2022-08-24,113.98274993896484,238.71490478515625,452.14239501953125,9.540081024169922,311.0517272949219,278.7733459472656,21.95489501953125,10.59445571899414,2289.33837890625,5.060985088348389,43.18019104003906
2022-08-25,113.8448715209961,242.23135375976562,458.6308288574219,9.736268043518066,308.70458984375,282.5679931640625,22.30189323425293,10.714347839355469,2317.2998046875,4.995305061340332,43.50218963623047
2022-08-26,111.72480773925781,238.26971435546875,456.9837341308594,9.588349342346191,312.5523681640625,272.2302551269531,22.072120666503906,10.734331130981445,2330.78076171875,4.900435447692871,43.43777847290039
2022-08-29,110.5182876586914,236.8794708251953,,9.731597900390625,310.08978271484375,273.4286193847656,22.70516586303711,10.894185066223145,,4.900435447692871,43.79198455810547
2022-08-30,109.96672058105469,232.47262573242188,448.4490051269531,9.526065826416016,297.96942138671875,270.7086486816406,22.3112735748291,10.54649829864502,2336.273193359375,5.073755741119385,42.206138610839844
2022-08-31,107.89839172363281,229.38330078125,440.7127685546875,9.19285774230957,294.5064392089844,269.00628662109375,22.2784481048584,10.378650665283203,2286.841552734375,5.081054210662842,40.805442810058594
2022-09-01,106.48502349853516,227.1571502685547,440.41339111328125,9.129016876220703,294.3910217285156,266.5711975097656,20.885751724243164,10.298721313476562,2269.864990234375,4.971587181091309,40.419036865234375
2022-09-02,107.6570816040039,224.00424194335938,452.8910217285156,9.40928840637207,292.27471923828125,265.20556640625,21.781391143798828,10.694365501403809,2320.7939453125,5.283566474914551,41.50578689575195
2022-09-05,103.96854400634766,,462.5238342285156,9.568105697631836,308.31988525390625,,21.087390899658203,10.938146591186523,2344.761474609375,5.113893508911133,42.80989074707031
2022-09-06,104.84757995605469,223.67710876464844,451.89288330078125,9.304964065551758,287.8114013671875,264.47021484375,21.30777931213379,10.77029800415039,2305.31591796875,5.18322229385376,41.62653732299805
2022-09-07,106.26095581054688,230.59178161621094,440.4632263183594,9.044937133789062,271.38153076171875,272.9599304199219,21.237443923950195,10.33469009399414,2259.878662109375,5.460536479949951,40.084957122802734
2022-09-08,105.51979064941406,230.63719177246094,442.26007080078125,9.0169095993042,272.497314453125,271.1263732910156,21.237443923950195,10.25076675415039,2266.869384765625,5.478781223297119,39.605979919433594
2022-09-09,105.86451721191406,233.49034118652344,449.9962463378906,9.094761848449707,274.1134338378906,274.10589599609375,21.509414672851562,10.478560447692871,2296.828369140625,5.591895580291748,40.11716079711914
2022-09-12,108.72572326660156,239.4236297607422,457.03363037109375,9.298738479614258,276.99920654296875,281.24908447265625,22.217491149902344,10.51053237915039,2318.298095703125,5.759744167327881,40.73298645019531
2022-09-13,107.48472595214844,232.6815948486328,460.7269592285156,9.214655876159668,281.3471984863281,272.72113037109375,21.457836151123047,10.310711860656738,2324.2900390625,5.632033824920654,40.266082763671875
2022-09-14,106.82975006103516,231.86387634277344,461.4757080078125,9.194416046142578,285.42578125,273.6666564941406,20.552820205688477,10.27074909210205,2337.771240234375,5.261673450469971,41.26428985595703
2022-09-15,105.3991470336914,225.76693725585938,455.7359619140625,8.984212875366211,279.3463439941406,270.161865234375,20.632532119750977,9.855120658874512,2311.308349609375,5.152206897735596,40.274139404296875
2022-09-16,104.96824645996094,224.75840759277344,451.2439880371094,8.909473419189453,274.8444519042969,270.60107421875,20.820104598999023,9.559388160705566,2293.33251953125,5.0500383377075195,40.0688591003418
2022-09-19,104.52010345458984,226.59384155273438,,8.909472465515137,272.5743103027344,272.30096435546875,20.866994857788086,9.659297943115234,,5.14308500289917,39.686492919921875
2022-09-20,102.17597198486328,222.51405334472656,451.6932067871094,8.842795372009277,270.5350036621094,268.8534851074219,20.332426071166992,9.551395416259766,2299.32470703125,5.019023418426514,39.340335845947266
2022-09-21,105.01994323730469,219.39749145507812,454.7377624511719,9.001553535461426,272.72821044921875,264.07867431640625,20.501237869262695,9.49544620513916,2331.77978515625,5.020847797393799,39.94865036010742
2022-09-22,101.98637390136719,216.72608947753906,457.4329528808594,9.001553535461426,275.0368347167969,261.7294616699219,20.421520233154297,9.59135913848877,2335.27490234375,4.873068809509277,39.94049072265625
2022-09-23,101.79679107666016,215.4086151123047,432.32781982421875,8.574495315551758,260.2615051269531,257.031005859375,19.718135833740234,9.079819679260254,2211.446044921875,4.71434211730957,37.97673797607422
2022-09-26,100.72814178466797,210.34750366210938,429.33416748046875,8.520516395568848,265.0711975097656,252.35159301757812,19.64780044555664,9.055842399597168,2208.450439453125,4.72893762588501,38.39724349975586
2022-09-27,100.50406646728516,209.67514038085938,430.3313903808594,8.534805297851562,271.4969482421875,253.25881958007812,19.90570831298828,9.271648406982422,2240.406005859375,4.697923183441162,39.066802978515625
2022-09-28,102.05532836914062,213.50047302246094,435.122802734375,8.561795234680176,272.2664794921875,259.2274475097656,19.085094451904297,9.431503295898438,2257.8818359375,4.16883659362793,38.50748062133789
2022-09-29,99.7112045288086,210.5837860107422,431.2796630859375,8.574495315551758,268.5341796875,257.47021484375,18.888147354125977,9.379549026489258,2238.408447265625,3.8522963523864746,38.62588119506836
2022-09-30,101.31416320800781,212.9536895751953,432.32781982421875,8.660223960876465,275.57550048828125,257.451171875,19.380516052246094,9.435500144958496,2243.40185546875,4.000988006591797,39.41791534423828
2022-10-03,101.52100372314453,218.07781982421875,441.9106750488281,8.923762321472168,284.9255676269531,263.400634765625,20.079204559326172,9.755210876464844,2296.328857421875,4.161538124084473,40.63045120239258
2022-10-04,105.86451721191406,226.8895263671875,453.68963623046875,9.160310745239258,284.2714538574219,273.56158447265625,20.820104598999023,9.91906452178955,2334.775390625,4.551967620849609,41.89607238769531
2022-10-05,104.96824645996094,222.16796875,459.3795471191406,9.306366920471191,285.5796813964844,271.01177978515625,20.407453536987305,10.174832344055176,2375.2197265625,4.340332984924316,42.35332107543945
2022-10-06,103.50315856933594,218.3157196044922,459.5292053222656,9.311128616333008,288.6194152832031,266.26556396484375,19.56339454650879,10.050944328308105,2308.811767578125,4.288336753845215,41.863407135009766
2022-10-07,101.34864044189453,212.05697631835938,468.26361083984375,9.39844799041748,293.1982116699219,260.8985900878906,19.769718170166016,10.142862319946289,2342.264892578125,4.273740768432617,42.94939041137695
2022-10-10,101.79679107666016,212.68832397460938,461.6254577636719,9.35240650177002,290.19696044921875,259.59027099609375,20.369935989379883,9.951035499572754,2324.2900390625,4.447974681854248,42.051212310791016
2022-10-11,101.34864044189453,211.5628662109375,451.79302978515625,9.184123992919922,286.5415954589844,258.7976989746094,20.154232025146484,9.731231689453125,2282.84716796875,4.412398338317871,41.185691833496094
2022-10-12,100.91773986816406,209.83346557617188,448.5487976074219,9.046006202697754,282.3091125488281,259.3611145019531,20.051071166992188,9.687272071838379,2265.870849609375,4.338508605957031,40.626373291015625
2022-10-13,101.72783660888672,217.76673889160156,457.4329528808594,9.277791976928711,287.734375,269.74169921875,20.519990921020508,10.122880935668945,2299.32470703125,4.510917663574219,41.887908935546875
2022-10-14,102.24491882324219,212.77069091796875,454.2386474609375,9.35240650177002,280.2313232421875,262.9422607421875,20.308977127075195,9.998991966247559,2266.869384765625,4.518215656280518,42.62277603149414
2022-10-17,102.40003967285156,217.19024658203125,448.6487121582031,9.417496681213379,280.3082580566406,268.2710266113281,20.75914192199707,10.186822891235352,2263.374267578125,4.592105388641357,43.26783752441406
2022-10-18,103.38251495361328,221.77450561523438,444.45611572265625,9.311128616333008,275.9218444824219,271.84259033203125,20.754451751708984,10.11089038848877,2249.892333984375,4.70704460144043,42.55746078491211
2022-10-19,104.24431610107422,220.93272399902344,454.43829345703125,9.419084548950195,276.3451232910156,271.1263732910156,20.70755958557129,10.33469009399414,2269.864990234375,4.645013809204102,42.957557678222656
2022-10-20,105.67491149902344,218.06869506835938,460.128173828125,9.600067138671875,283.46343994140625,269.52203369140625,21.36405372619629,10.53450870513916,2316.80029296875,4.827457427978516,43.243343353271484
2022-10-21,105.1406021118164,220.7863006591797,463.6219177246094,9.571492195129395,280.4237060546875,275.33782958984375,21.865798950195312,10.566481590270996,2340.767333984375,4.8475260734558105,43.25151062011719
2022-10-24,107.0538101196289,223.19281005859375,469.1620178222656,9.8064546585083,276.8837585449219,265.5971374511719,21.767322540283203,10.630423545837402,2341.765625,4.933274745941162,43.68427658081055
2022-10-25,114.18958282470703,230.18362426757812,464.76983642578125,9.781050682067871,275.9987487792969,275.2041015625,21.42500877380371,10.466570854187012,2286.34228515625,4.825632572174072,43.480140686035156
2022-10-26,114.46537017822266,230.60455322265625,465.16912841796875,9.909646034240723,279.65411376953125,281.564208984375,21.91737937927246,10.538506507873535,2296.328857421875,5.062809467315674,43.21068572998047
2022-10-27,113.50013732910156,227.8960418701172,481.040771484375,10.254148483276367,288.92724609375,280.0553894042969,21.598512649536133,11.062034606933594,2421.655517578125,5.008076190948486,44.48447036743164
2022-10-28,114.9824447631836,232.8188934326172,472.1068115234375,10.427196502685547,290.3893737792969,288.2108154296875,21.00298309326172,11.014077186584473,2415.16455078125,4.8876633644104,44.57429122924805
2022-10-31,114.01722717285156,229.1221923828125,478.9445495605469,10.52086353302002,292.6980285644531,283.96124267578125,21.2468204498291,10.986102104187012,2400.684326171875,4.863945960998535,44.9907112121582
2022-11-01,113.62079620361328,230.69602966308594,485.58270263671875,10.687556266784668,294.5064392089844,284.74432373046875,21.434389114379883,11.201908111572266,2450.615478515625,4.849350452423096,46.13385009765625
2022-11-02,112.03506469726562,224.33660888671875,483.48638916015625,10.739948272705078,298.4696044921875,281.0867614746094,21.157726287841797,11.058038711547852,2424.6513671875,4.606700897216797,45.913394927978516
2022-11-03,112.36255645751953,241.5848846435547,492.6201171875,10.890766143798828,303.2023620605469,284.20001220703125,20.70755958557129,11.217893600463867,2488.063720703125,4.129610538482666,46.44413757324219
2022-11-04,114.55154418945312,252.60171508789062,499.05859375,11.120965003967285,302.2403869628906,295.0198059082031,22.048675537109375,11.42570686340332,2523.01513671875,4.3494553565979,47.16268539428711
2022-11-07,115.2927017211914,254.038330078125,500.9053039550781,11.325762748718262,302.7406005859375,299.37445068359375,22.484773635864258,11.429703712463379,2497.550537109375,4.597579002380371,47.48929214477539
2022-11-08,116.03385162353516,258.9519958496094,484.833984375,11.282896995544434,292.23626708984375,300.53948974609375,23.075613021850586,11.265850067138672,2434.637451171875,4.727113723754883,46.65643310546875
2022-11-09,115.96491241455078,256.32586669921875,481.2404479980469,11.130492210388184,288.46551513671875,300.28167724609375,22.55042266845703,11.141961097717285,2380.212646484375,4.710693359375,46.30532455444336
2022-11-10,118.44691467285156,264.98199462890625,469.9587707519531,11.168591499328613,273.69012451171875,313.5845031738281,23.127197265625,10.910170555114746,2312.007080078125,5.048214435577393,46.150177001953125
2022-11-11,116.41305541992188,263.9480285644531,477.595947265625,11.333699226379395,275.4342346191406,315.3512268066406,24.449552536010742,10.998091697692871,2356.948974609375,5.36019229888916,46.566619873046875
2022-11-14,118.13666534423828,269.8316650390625,479.6924743652344,11.48928165435791,277.94677734375,317.12744140625,24.557405471801758,11.066031455993652,2354.951171875,5.469658851623535,46.4767951965332
2022-11-15,118.20561218261719,269.5113830566406,476.2482604980469,11.490869522094727,280.0274658203125,317.5858154296875,24.440170288085938,11.217893600463867,2371.92919921875,5.382086277008057,47.17900848388672
2022-11-16,117.826416015625,270.0421142578125,480.5410461425781,11.397204399108887,280.45928955078125,318.70318603515625,23.49764060974121,11.26984691619873,2367.435302734375,5.108420372009277,47.55461502075195
2022-11-17,116.25791931152344,268.376708984375,477.8455810546875,11.181295394897461,274.4527587890625,315.4657287597656,23.450748443603516,11.054041862487793,2361.443115234375,5.000778675079346,46.893226623535156
2022-11-18,117.7574691772461,271.28656005859375,475.24993896484375,11.262260437011719,268.9566955566406,319.8299865722656,23.516399383544922,11.026066780090332,2341.46875,4.982534408569336,46.86873245239258
2022-11-21,117.7229995727539,271.2225036621094,457.3799743652344,10.839765548706055,266.9545593261719,319.3143310546875,23.34758949279785,10.714347839355469,2269.562255859375,4.929625511169434,45.42348098754883
2022-11-22,117.8091812133789,282.8890380859375,487.1797790527344,11.329987525939941,279.0460205078125,324.461669921875,23.919668197631836,11.44568920135498,2379.419677734375,4.716166973114014,47.415802001953125
2022-11-23,120.36013793945312,281.96490478515625,482.28802490234375,11.38481616973877,283.91400146484375,327.4219970703125,23.73210334777832,11.42570686340332,2353.45361328125,4.699747085571289,47.040199279785156
2022-11-24,121.48047637939453,,482.7373046875,11.436420440673828,285.0132141113281,,23.774307250976562,11.553592681884766,2339.471435546875,4.8365797996521,47.211673736572266
2022-11-25,121.94586181640625,283.57537841796875,487.5292663574219,11.52833366394043,287.76129150390625,328.9117431640625,23.943119049072266,11.725438117980957,2363.939697265625,4.787319660186768,47.717918395996094
2022-11-28,121.46324157714844,278.5884094238281,482.7373046875,11.302574157714844,284.5028381347656,322.4944152832031,23.624252319335938,11.501638412475586,2357.447998046875,4.732586860656738,47.14635467529297
2022-11-29,119.58451080322266,276.502197265625,491.22296142578125,11.44609260559082,296.0054931640625,317.02239990234375,24.327632904052734,11.69746208190918,2397.396240234375,4.832930564880371,48.12618637084961
2022-11-30,119.11913299560547,283.80401611328125,496.6638488769531,11.549299240112305,297.6543273925781,321.32928466796875,24.205713272094727,11.829343795776367,2440.84033203125,4.851174831390381,49.244834899902344
2022-12-01,120.2394790649414,285.52423095703125,488.62744140625,11.360627174377441,295.9269104003906,323.197998046875,23.872779846191406,11.84133243560791,2378.92041015625,4.925976753234863,48.39564514160156
2022-12-02,121.08405303955078,291.3804626464844,480.09173583984375,11.200983047485352,287.604248046875,323.2842102050781,24.06972885131836,11.68547248840332,2362.44189453125,5.1102447509765625,48.08536148071289
2022-12-05,120.85997772216797,288.20526123046875,482.68743896484375,11.154216766357422,289.13531494140625,320.3230895996094,23.938426971435547,11.681475639343262,2372.42919921875,5.113893508911133,47.97920227050781
2022-12-06,120.22224426269531,285.5791931152344,473.85223388671875,10.999408721923828,287.3294677734375,317.6781311035156,24.018144607543945,11.605545997619629,2355.451171875,5.090176105499268,47.94598388671875
2022-12-07,119.03295135498047,288.76348876953125,463.2201843261719,10.83331298828125,283.2073669433594,317.58233642578125,23.680519104003906,11.29382610321045,2312.50634765625,4.977060794830322,46.96580505371094
2022-12-08,118.92952728271484,292.6798095703125,463.1702575683594,10.904267311096191,286.8583679199219,320.6776428222656,24.19633674621582,11.337786674499512,2306.514404296875,5.33465051651001,47.19007873535156
2022-12-09,117.9298324584961,287.69293212890625,461.17364501953125,10.905879974365234,281.24444580078125,318.3585205078125,24.34170150756836,11.309810638427734,2283.044677734375,5.299986362457275,46.75813674926758
2022-12-12,117.37828063964844,292.3595275878906,461.3233337402344,10.971994400024414,283.2858581542969,322.0384521484375,23.947805404663086,11.333789825439453,2292.532470703125,5.309108734130859,47.032249450683594
2022-12-13,119.10188293457031,297.61175537109375,470.25830078125,11.138092041015625,288.9389953613281,328.171630859375,24.552717208862305,11.453680992126465,2315.00341796875,5.4733076095581055,48.08719253540039
2022-12-14,119.06742858886719,297.4928894042969,468.7608642578125,10.97360897064209,285.28802490234375,327.7499694824219,23.48357582092285,11.465672492980957,2293.03173828125,5.3310017585754395,47.74661636352539
2022-12-15,115.5512466430664,289.3674011230469,465.0670471191406,10.52208423614502,286.5443115234375,317.0073547363281,22.939624786376953,11.365761756896973,2286.540283203125,5.276268482208252,46.874427795410156
2022-12-16,114.41365814208984,289.53216552734375,454.6346130371094,10.401142120361328,280.6556091308594,315.88616943359375,22.564489364624023,11.181925773620605,2240.100341796875,5.075581073760986,46.23480224609375
2022-12-19,114.70667266845703,287.0615539550781,465.8157958984375,10.473708152770996,283.9532470703125,313.4136962890625,22.545734405517578,11.365761756896973,2284.04345703125,5.32005500793457,47.05717468261719
2022-12-20,115.13758087158203,285.9817810058594,466.66436767578125,10.481770515441895,284.89544677734375,315.21527099609375,22.72392463684082,11.533610343933105,2304.5166015625,5.270794868469238,47.59710693359375
2022-12-21,116.77500915527344,287.76605224609375,479.1932678222656,10.854277610778809,284.3458557128906,314.9661865234375,23.389793395996094,11.785383224487305,2351.4560546875,5.407628059387207,49.00093460083008
2022-12-22,115.17204284667969,286.0367431640625,477.0967712402344,10.784937858581543,286.8975830078125,313.998291015625,23.122509002685547,11.805364608764648,2349.4580078125,5.259848117828369,49.00923538208008
2022-12-23,115.22376251220703,285.52423095703125,478.0951843261719,10.865567207336426,285.79840087890625,315.5986328125,23.516399383544922,11.845329284667969,2363.440673828125,5.336475372314453,49.18367385864258
2022-12-27,115.41334533691406,285.6706848144531,,10.922006607055664,286.9761047363281,315.2344970703125,23.56797981262207,12.029163360595703,,5.318230628967285,49.53254699707031
2022-12-28,114.93074798583984,283.32818603515625,479.59259033203125,10.891368865966797,281.0874328613281,312.32122802734375,23.244426727294922,11.949234962463379,2346.961181640625,5.258024215698242,49.31658935546875
2022-12-29,116.08555603027344,284.9478454589844,479.94207763671875,10.959095001220703,282.2651672363281,316.0011291503906,23.413236618041992,11.977210998535156,2346.46240234375,5.265321731567383,49.324886322021484
2022-12-30,114.10340118408203,283.5406188964844,474.1018371582031,10.712369918823242,276.2193908691406,312.5799865722656,23.047481536865234,11.869306564331055,2322.992919921875,5.195993423461914,48.718502044677734
2023-01-02,116.34410095214844,,,11.052624702453613,277.59344482421875,,23.764928817749023,12.14106273651123,,5.309108734130859,50.45004653930664
2023-01-03,116.05109405517578,281.9861145019531,482.53759765625,11.115513801574707,262.0865478515625,305.0764465332031,23.7508602142334,11.869306564331055,2363.939697265625,5.3729634284973145,49.57586669921875
2023-01-04,119.17083740234375,282.0044860839844,465.0670471191406,10.946195602416992,249.28842163085938,303.562255859375,24.088481903076172,11.553592681884766,2282.0458984375,5.469658851623535,48.415897369384766
2023-01-05,118.58480834960938,277.61700439453125,470.9571533203125,10.971994400024414,250.93724060058594,292.7526550292969,24.834068298339844,11.80136775970459,2308.51171875,5.871034622192383,48.701683044433594
2023-01-06,121.75625610351562,285.3064880371094,476.2482604980469,11.15744400024414,252.4683074951172,302.9777526855469,25.307680130004883,12.129074096679688,2346.961181640625,5.923943519592285,49.32369613647461
2023-01-09,122.8421401977539,286.6771240234375,478.4944763183594,11.242910385131836,245.81512451171875,308.4975891113281,25.598407745361328,12.124982833862305,2375.92431640625,6.104562282562256,49.02110290527344
2023-01-10,122.11820983886719,287.5969543457031,474.301513671875,11.267099380493164,243.37429809570312,308.6029968261719,25.514001846313477,12.100438117980957,2373.427490234375,6.093616008758545,49.09674835205078
2023-01-11,124.53128051757812,287.68890380859375,477.74566650390625,11.48157024383545,239.00437927246094,315.8765563964844,25.66874885559082,12.059530258178711,2402.889404296875,6.285181522369385,49.416160583496094
2023-01-12,123.63500213623047,285.3341979980469,484.18487548828125,11.623478889465332,243.92539978027344,315.1961364746094,26.25959014892578,12.165889739990234,2429.35546875,6.420190334320068,49.97092819213867
2023-01-13,122.54911041259766,286.4287414550781,483.53594970703125,11.628314018249512,242.94122314453125,320.1792907714844,26.770715713500977,12.190434455871582,2437.3447265625,6.46397590637207,50.20628356933594
2023-01-16,124.28997039794922,,480.1916198730469,11.552525520324707,238.689453125,,26.761335372924805,12.120892524719238,2422.3642578125,6.454854488372803,49.912086486816406
2023-01-17,124.6864013671875,281.81134033203125,483.83544921875,11.58800220489502,243.05931091308594,316.2407531738281,27.150541305541992,12.214980125427246,2415.872802734375,6.5333051681518555,50.09701156616211
2023-01-18,124.37615203857422,278.6011962890625,485.3828430175781,11.658954620361328,243.76795959472656,310.8166809082031,27.098960876464844,12.444059371948242,2400.392578125,6.617229461669922,50.09701156616211
2023-01-19,124.78983306884766,275.8417053222656,473.90216064453125,11.49285888671875,238.8862762451172,311.0083923339844,26.161115646362305,12.386791229248047,2357.447998046875,6.287006378173828,49.03791427612305
2023-01-20,124.82430267333984,279.99005126953125,475.0502624511719,11.655731201171875,241.484619140625,314.91827392578125,26.54094123840332,12.562692642211914,2359.94482421875,6.447556018829346,49.46659469604492
2023-01-23,123.79012298583984,283.963623046875,479.991943359375,11.610576629638672,242.66561889648438,312.876953125,26.747268676757812,12.705869674682617,2362.44189453125,6.560671329498291,49.76079177856445
2023-01-24,124.6864013671875,288.2131652832031,474.4512634277344,11.433194160461426,236.91787719726562,314.9278564453125,26.751955032348633,12.509512901306152,2344.46484375,6.438434600830078,49.33210754394531
2023-01-25,125.94464111328125,287.02655029296875,473.90216064453125,11.349340438842773,231.7212371826172,312.75244140625,26.906702041625977,12.300885200500488,2328.98486328125,6.511411666870117,49.07993698120117
2023-01-26,126.97880554199219,291.2209167480469,483.38623046875,11.447707176208496,232.03623962402344,315.7711486816406,27.413135528564453,12.419516563415527,2338.47314453125,6.817916393280029,49.18080520629883
2023-01-27,127.77167510986328,288.95819091796875,488.4776306152344,11.523499488830566,239.00437927246094,311.16168212890625,27.610082626342773,12.489060401916504,2367.435302734375,6.817916393280029,49.27327346801758
2023-01-30,127.40972137451172,288.7283020019531,491.22296142578125,11.425130844116211,235.73683166503906,311.47796630859375,27.11771583557129,12.378609657287598,2371.92919921875,6.5971598625183105,48.676475524902344
2023-01-31,125.87570190429688,294.8081970214844,488.0284423828125,11.39771556854248,238.80752563476562,317.14154052734375,26.597211837768555,12.3458833694458,2370.9306640625,6.551549434661865,47.89476013183594
2023-02-01,125.53099060058594,292.61907958984375,491.62237548828125,11.163893699645996,239.9886016845703,317.2756652832031,26.55970001220703,12.25179672241211,2363.440673828125,6.688381671905518,47.045806884765625
2023-02-02,126.42725372314453,271.8038024902344,477.9952392578125,11.086488723754883,231.20945739746094,318.2052001953125,26.690998077392578,11.891809463500977,2334.47802734375,6.783252716064453,46.38176727294922
2023-02-03,125.23796081542969,262.16412353515625,485.2331237792969,11.162280082702637,236.0911407470703,310.1076354980469,26.831674575805664,11.797722816467285,2410.87890625,6.786901473999023,47.365211486816406
2023-02-06,123.79012298583984,260.333740234375,477.5460510253906,11.042951583862305,231.87872314453125,309.39837646484375,25.832870483398438,11.613638877868652,2395.399169921875,6.686355113983154,46.78521728515625
2023-02-07,124.41062927246094,262.21014404296875,515.5320434570312,11.21226978302002,235.7761993408203,323.0638122558594,25.767221450805664,11.809995651245117,2451.826171875,6.686355113983154,48.36547088623047
2023-02-08,126.37555694580078,264.20611572265625,532.3038330078125,11.417068481445312,251.9171142578125,320.3134765625,25.537446975708008,12.055439949035645,2439.84130859375,6.678906440734863,47.44085693359375
2023-02-09,125.15179443359375,263.8841857910156,544.782958984375,11.565424919128418,252.46829223632812,318.7035827636719,25.790668487548828,12.043167114257812,2462.812255859375,6.6677350997924805,48.62603759765625
2023-02-10,122.65254211425781,264.7395935058594,559.0587768554688,11.892778396606445,260.8537292480469,318.1956481933594,25.396770477294922,12.5340576171875,2535.717529296875,6.496433258056641,49.886863708496094
2023-02-13,124.72087097167969,263.70947265625,556.4631958007812,11.907292366027832,259.8302001953125,320.13140869140625,25.43429183959961,12.493149757385254,2541.709716796875,6.55974006652832,50.04657745361328
2023-02-14,124.47958374023438,258.9172668457031,559.1585083007812,11.954056739807129,258.37353515625,320.07391357421875,26.11422348022461,12.619963645935059,2557.189697265625,5.876394748687744,50.41641616821289
2023-02-15,125.6343994140625,261.6490478515625,558.7593383789062,11.844400405883789,255.381591796875,318.6651611328125,26.709754943847656,12.550420761108398,2575.665771484375,6.1501054763793945,50.433231353759766
2023-02-16,127.8750991821289,258.2181396484375,566.7021484375,11.863750457763672,256.6806640625,310.01171875,27.066133499145508,12.60360050201416,2584.396240234375,6.358646869659424,50.38279724121094
2023-02-17,128.77137756347656,257.27996826171875,559.0145263671875,11.529947280883789,250.42120361328125,308.11419677734375,26.503427505493164,12.284523010253906,2537.951904296875,6.494571208953857,49.30689239501953
2023-02-20,131.0637969970703,,557.317138671875,11.570263862609863,251.79908752441406,,26.742578506469727,12.247705459594727,2520.97265625,6.5727739334106445,49.52543258666992
2023-02-21,130.06410217285156,255.2564239501953,549.4296875,11.504146575927734,248.0590362548828,311.02752685546875,26.66754722595215,12.063620567321777,2482.518798828125,6.483399391174316,49.29008483886719
2023-02-22,128.94374084472656,255.97389221191406,538.546875,11.37997817993164,247.9409637451172,316.26947021484375,26.400264739990234,12.055439949035645,2446.5615234375,6.479675769805908,49.088340759277344
2023-02-23,128.04745483398438,257.2891845703125,546.1348266601562,10.770421981811523,253.45249938964844,318.0518798828125,26.400264739990234,12.210887908935547,2479.02294921875,6.623047828674316,49.68513488769531
2023-02-24,127.32355499267578,258.4481201171875,549.329833984375,10.636580467224121,253.8068389892578,333.1644592285156,26.1282901763916,12.149526596069336,2496.002685546875,6.433125972747803,48.911827087402344
2023-02-27,130.65011596679688,262.5320739746094,557.317138671875,10.80428695678711,252.783203125,330.11700439453125,26.409645080566406,12.227252006530762,2533.45751953125,6.59697961807251,49.7775993347168
2023-02-28,129.75384521484375,263.0472106933594,549.6292724609375,10.776873588562012,252.07461547851562,333.8447265625,26.67692756652832,12.27634048461914,2523.4697265625,6.6137375831604,49.231239318847656
2023-03-01,128.68519592285156,265.1627197265625,549.4296875,10.618842124938965,250.49990844726562,335.4547424316406,27.277145385742188,12.42769718170166,2560.924560546875,6.721731662750244,48.73530960083008
2023-03-02,128.8920440673828,268.6120300292969,560.3123168945312,10.759134292602539,255.4996795654297,337.0838317871094,27.750761032104492,12.50133228302002,2601.375732421875,6.744075775146484,49.693538665771484
2023-03-03,129.58148193359375,271.1415100097656,554.4216918945312,10.831701278686523,252.50775146484375,347.2706298828125,28.519790649414062,12.509512901306152,2576.90478515625,6.855794429779053,49.60108184814453
2023-03-06,128.2715301513672,269.6145935058594,558.5152587890625,10.913941383361816,252.31085205078125,343.1211853027344,28.102447509765625,12.628145217895508,2596.382080078125,6.8092451095581055,49.844844818115234
2023-03-07,129.098876953125,268.0234069824219,557.6166381835938,10.82202434539795,252.7045440673828,339.37420654296875,27.58663558959961,12.61587142944336,2594.884033203125,6.710560321807861,49.59267807006836
2023-03-08,128.42666625976562,266.7816162109375,557.5167846679688,10.818801879882812,252.19276428222656,340.1024475097656,27.863300323486328,12.5340576171875,2584.396240234375,6.794349193572998,49.50862503051758
2023-03-09,129.5642547607422,261.2994384765625,556.1190795898438,10.797837257385254,246.2087860107422,331.4969177246094,27.581947326660156,12.337700843811035,2569.91357421875,6.688216686248779,49.15559005737305
2023-03-10,128.28875732421875,258.71490478515625,548.3314819335938,10.82847785949707,248.92515563964844,327.29962158203125,26.719131469726562,12.235431671142578,2541.4482421875,6.494571208953857,48.785743713378906
2023-03-13,126.25491333007812,258.457275390625,521.6736450195312,10.420493125915527,243.13803100585938,322.07159423828125,25.293611526489258,11.650455474853516,2435.075927734375,6.233894348144531,46.34813690185547
2023-03-14,128.754150390625,262.9736022949219,529.96044921875,10.514022827148438,241.91763305664062,329.3916931152344,25.757843017578125,11.773178100585938,2466.5380859375,6.366095066070557,47.44926071166992
2023-03-15,126.7547607421875,254.82408142089844,486.0299987792969,9.925432205200195,229.71347045898438,318.32025146484375,23.49764060974121,10.955029487609863,2256.78955078125,5.829845905303955,44.77630615234375
2023-03-16,129.11610412597656,257.2247314453125,481.68695068359375,9.806098937988281,226.9970703125,325.3998107910156,23.863399505615234,10.885486602783203,2206.35107421875,5.947150230407715,44.809932708740234
2023-03-17,126.87541198730469,252.70852661132812,479.19091796875,9.806098937988281,228.53245544433594,317.89703369140625,23.446062088012695,11.03275203704834,2211.344970703125,5.8261213302612305,44.66703796386719
2023-03-20,129.68490600585938,256.8200988769531,486.22967529296875,10.022881507873535,229.634765625,325.9000244140625,23.680519104003906,11.237289428710938,2233.31787109375,5.859637260437012,45.27223205566406
2023-03-21,129.2884521484375,256.4521484375,502.6038513183594,10.234735488891602,230.46148681640625,328.295166015625,24.533960342407227,11.572731971740723,2307.728515625,6.122176170349121,46.406982421875
2023-03-22,130.28814697265625,253.27877807617188,503.60223388671875,10.246232032775879,230.46148681640625,326.22705078125,24.618364334106445,11.666818618774414,2314.720458984375,6.081212520599365,46.33036804199219
2023-03-23,130.4260711669922,245.5340118408203,497.9112243652344,10.22652530670166,228.49305725097656,328.3239440917969,24.791866302490234,11.552276611328125,2269.274658203125,6.00300931930542,45.47917556762695
2023-03-24,128.92649841308594,246.20547485351562,485.5308837890625,9.994964599609375,221.4855194091797,331.6136169433594,24.40266227722168,11.282286643981934,2197.860595703125,5.803778648376465,44.10025405883789
2023-03-27,129.1505584716797,248.52337646484375,495.61480712890625,10.10663890838623,225.18609619140625,333.8741455078125,24.548023223876953,11.405010223388672,2229.822509765625,5.848465919494629,44.37263107299805
2023-03-28,129.40911865234375,251.604736328125,506.996826171875,10.302070617675781,231.1307373046875,334.1337585449219,24.777793884277344,11.634093284606934,2260.285400390625,5.872671127319336,45.54727554321289
2023-03-29,130.21922302246094,254.17098999023438,509.692626953125,10.40717601776123,231.56382751464844,336.4039611816406,25.537446975708008,11.691363334655762,2295.243408203125,5.917358875274658,45.82817459106445
2023-03-30,131.59811401367188,257.2891845703125,512.38818359375,10.581260681152344,233.33535766601562,338.1449279785156,25.88445281982422,11.675000190734863,2315.2197265625,6.109141826629639,46.31334686279297
2023-03-31,132.8908233642578,265.8417053222656,509.99200439453125,10.59768295288086,235.1857147216797,341.8963317871094,26.137670516967773,11.605457305908203,2305.730712890625,6.159415245056152,46.27078628540039
2023-04-03,132.68399047851562,267.5356140136719,531.8574829101562,11.029603958129883,245.6182403564453,344.4549865722656,25.134178161621094,11.801812171936035,2402.115234375,6.1035566329956055,48.994606018066406
2023-04-04,133.09765625,264.0275573730469,526.3661499023438,10.929425239562988,240.3822479248047,344.16632080078125,24.515201568603516,11.42137336730957,2356.17041015625,6.064454555511475,48.28811264038086
2023-04-05,133.80433654785156,262.7594909667969,532.8558959960938,11.031246185302734,239.51617431640625,342.0598449707031,24.08379554748535,11.49909782409668,2360.16552734375,5.8652238845825195,48.63710403442383
2023-04-06,136.20016479492188,261.01934814453125,531.058837890625,11.118288040161133,,342.9928894042969,24.13068389892578,11.503189086914062,2414.10107421875,5.980665683746338,48.94352722167969
2023-04-10,,262.3429260253906,,,,344.8974914550781,,,,,
2023-04-11,136.87237548828125,264.10162353515625,536.1506958007812,11.318647384643555,241.051513671875,344.5992431640625,25.19045066833496,11.540005683898926,2427.585205078125,6.299063205718994,49.75216293334961
2023-04-12,137.01025390625,265.80474853515625,538.7465209960938,11.22175407409668,243.68919372558594,345.6573791503906,25.138864517211914,11.323195457458496,2442.566650390625,6.379128932952881,49.76067352294922
2023-04-13,136.82066345214844,266.7025451660156,537.8477783203125,11.384337425231934,241.366455078125,348.1678466796875,25.35926055908203,11.437736511230469,2445.563232421875,6.652839183807373,49.56489944458008
2023-04-14,136.56211853027344,264.9161682128906,540.144287109375,11.333427429199219,241.7208251953125,345.96514892578125,25.288921356201172,11.315011978149414,2459.046875,6.671458721160889,49.981990814208984
2023-04-17,137.90655517578125,264.9068908691406,542.9398803710938,11.397478103637695,242.78372192382812,348.54302978515625,25.54214096069336,11.441827774047852,2452.055419921875,6.824141025543213,49.9904899597168
2023-04-18,138.6132354736328,266.3692932128906,543.6387939453125,11.405688285827637,240.1067352294922,350.9669494628906,25.678125381469727,11.208653450012207,2465.03955078125,7.172330379486084,49.922401428222656
2023-04-19,139.33714294433594,268.8869934082031,534.5531616210938,11.294011116027832,236.28802490234375,351.3901672363281,25.22796058654785,11.073660850524902,2454.552490234375,6.933997631072998,49.4287109375
2023-04-20,139.87147521972656,270.70111083984375,529.8607177734375,11.154417037963867,236.99659729003906,353.35247802734375,25.237342834472656,10.88957691192627,2446.5615234375,6.913515567779541,49.011627197265625
2023-04-21,140.38856506347656,268.95172119140625,529.1617431640625,11.303866386413574,238.33514404296875,352.2558898925781,24.2713623046875,10.914119720458984,2450.0576171875,6.796211242675781,49.113765716552734
2023-04-24,140.7160186767578,271.4786071777344,533.0556030273438,11.346566200256348,240.5004119873047,353.9873352050781,23.76961898803711,11.139111518859863,2458.547607421875,5.911772727966309,49.54787826538086
2023-04-25,140.7160186767578,268.36859130859375,528.4628295898438,11.179054260253906,237.70518493652344,353.0735168457031,23.46950340270996,11.126839637756348,2422.5908203125,5.744194984436035,49.07121276855469
2023-04-26,138.5615234375,264.4255065917969,532.2567138671875,11.287445068359375,236.56358337402344,351.092041015625,23.802440643310547,11.233198165893555,2431.080322265625,6.055145263671875,49.709598541259766
2023-04-27,139.94041442871094,269.70147705078125,522.7718505859375,11.070663452148438,234.04397583007812,351.70770263671875,24.004077911376953,10.779126167297363,2398.1201171875,6.030939102172852,48.40727615356445
2023-04-28,140.62986755371094,272.45977783203125,533.5548095703125,11.287445068359375,240.14601135253906,355.37249755859375,24.111928939819336,10.918211936950684,2449.058349609375,6.055145263671875,49.31804656982422
2023-05-01,,274.1443786621094,,,,358.1235046386719,,,,,
2023-05-02,139.5784454345703,270.8584899902344,487.57763671875,10.814465522766113,233.92587280273438,355.9399719238281,23.788373947143555,10.402776718139648,2339.68994140625,5.995561599731445,46.81554412841797
2023-05-03,140.3023681640625,272.0247497558594,486.3296203613281,10.706071853637695,231.01266479492188,349.6492004394531,24.0556583404541,10.24732780456543,2322.711181640625,6.0085954666137695,46.5006103515625
2023-05-04,140.2506561279297,269.41461181640625,475.7463073730469,10.653518676757812,233.17791748046875,347.0520935058594,22.74736976623535,10.406867980957031,2342.6865234375,5.934116363525391,46.52613830566406
2023-05-05,140.8194580078125,274.6257019042969,491.52130126953125,11.142921447753906,244.47657775878906,352.4097900390625,23.099058151245117,10.63594913482666,2387.632568359375,6.153830051422119,47.777400970458984
2023-05-08,140.7849884033203,273.5889892578125,,11.203688621520996,247.6654052734375,351.7365417480469,23.57267189025879,10.738218307495117,,6.185482978820801,47.836978912353516
2023-05-09,140.9056396484375,259.1125793457031,487.7772521972656,11.1018648147583,243.57110595703125,350.803466796875,23.65707778930664,10.64413070678711,2375.14794921875,6.267409801483154,47.19858169555664
2023-05-10,139.61293029785156,260.0474548339844,486.3296203613281,11.029603958129883,235.421875,354.84344482421875,23.16939926147461,10.721854209899902,2395.623046875,6.200378894805908,47.317752838134766
2023-05-11,140.23342895507812,255.97482299804688,476.9964294433594,10.834172248840332,233.60548400878906,353.0543518066406,22.545734405517578,10.685039520263672,2384.136962890625,5.911772727966309,46.704891204833984
2023-05-12,141.07798767089844,257.3169860839844,482.2886657714844,10.991829872131348,238.6203155517578,356.2189636230469,22.78957176208496,10.766853332519531,2406.1103515625,5.93970251083374,47.46245574951172
2023-05-15,140.9112548828125,258.510986328125,480.9905700683594,10.958985328674316,237.63316345214844,354.74725341796875,22.897424697875977,10.877304077148438,2409.107177734375,5.908048629760742,47.56460189819336
2023-05-16,140.0160675048828,255.0862274169922,475.2490539550781,10.863733291625977,236.1326446533203,351.95770263671875,22.587932586669922,10.815942764282227,2381.639892578125,5.965770244598389,46.934715270996094
2023-05-17,140.06874084472656,255.65086364746094,477.6455078125,11.000043869018555,,351.1016845703125,22.981828689575195,10.832305908203125,2393.625732421875,6.371680736541748,46.97727584838867
2023-05-18,141.56069946289062,254.95669555664062,479.8421936035156,10.954058647155762,,354.1604919433594,23.220977783203125,10.938664436340332,2390.35888671875,6.552292346954346,47.402870178222656
2023-05-19,142.98243713378906,258.1593017578125,480.6910095214844,11.04438591003418,238.34390258789062,357.334716796875,23.286624908447266,10.938664436340332,2406.34130859375,6.390300273895264,47.76887893676758
2023-05-22,142.57872009277344,254.54013061523438,480.9406433105469,11.077776908874512,236.80392456054688,352.42913818359375,23.305551528930664,10.938664436340332,2392.356689453125,6.395885944366455,47.59864807128906
2023-05-23,140.41978454589844,251.30052185058594,487.58087158203125,11.156248092651367,240.19976806640625,340.45343017578125,23.149423599243164,10.918211936950684,2415.331298828125,6.267409801483154,48.53495788574219
2023-05-24,138.52410888671875,250.6896514892578,485.78350830078125,11.159585952758789,242.49005126953125,341.33837890625,22.752010345458984,10.950937271118164,2389.859375,6.176173210144043,48.39876937866211
2023-05-25,138.4363555908203,251.87442016601562,474.25048828125,10.890783309936523,234.03982543945312,343.00250244140625,22.600614547729492,10.64413070678711,2337.9169921875,6.120314121246338,46.81554412841797
2023-05-26,139.84054565429688,253.45716857910156,476.1975402832031,11.012663841247559,232.8947296142578,342.63690185546875,23.002758026123047,10.697310447692871,2349.9033203125,6.252514362335205,47.46245574951172
2023-05-29,140.1213836669922,,,11.032697677612305,,,22.870288848876953,10.770944595336914,,6.252514362335205,47.43691635131836
2023-05-30,140.05117797851562,253.67930603027344,465.9128112792969,10.773910522460938,228.59066772460938,341.3864440917969,22.458683013916016,10.52549934387207,2279.4814453125,6.118452072143555,45.81113815307617
2023-05-31,137.47096252441406,249.11611938476562,452.63232421875,10.393242835998535,224.0890655517578,340.1842041015625,21.980836868286133,10.382323265075684,2218.049560546875,5.984389781951904,45.18125534057617
2023-06-01,138.71717834472656,252.8463592529297,460.8203430175781,10.67540454864502,225.23422241210938,343.181640625,22.539108276367188,10.631858825683594,2245.519287109375,6.032801151275635,45.78561019897461
2023-06-02,139.87567138671875,260.1307373046875,473.6513671875,10.97092056274414,232.7762451171875,347.98919677734375,23.589418411254883,10.938664436340332,2287.47265625,6.347474575042725,46.96876907348633
2023-06-05,138.87515258789062,258.96453857421875,472.2534484863281,10.937530517578125,237.3172607421875,350.2481994628906,23.461679458618164,10.840486526489258,2282.477783203125,6.369818687438965,46.687870025634766
2023-06-06,138.47145080566406,257.77978515625,470.5559387207031,10.839025497436523,234.4346923828125,347.28448486328125,23.565765380859375,10.88139533996582,2270.990478515625,6.36237096786499,46.25375747680664
2023-06-07,137.6991424560547,261.4081115722656,473.05224609375,10.919164657592773,240.55520629882812,349.7462158203125,23.6982364654541,11.020480155944824,2291.967529296875,6.485260963439941,46.636802673339844
2023-06-08,137.52362060546875,262.2966613769531,471.9538879394531,10.94921875,242.88499450683594,349.6689453125,23.96790885925293,11.036843299865723,2306.4521484375,6.602566242218018,46.84107971191406
2023-06-09,137.4358673095703,257.863037109375,468.20941162109375,10.839025497436523,247.7023468017578,348.26922607421875,24.090917587280273,11.036843299865723,2291.967529296875,6.652839183807373,46.77299499511719
2023-06-12,138.6294403076172,258.1777038574219,461.918701171875,10.710464477539062,246.91261291503906,349.4759216308594,24.015220642089844,10.926392555236816,2275.485595703125,6.688216686248779,45.92179870605469
2023-06-13,139.41929626464844,263.6573486328125,464.1654052734375,10.818988800048828,256.6264343261719,360.33642578125,24.431560516357422,11.090022087097168,2293.4658203125,6.822279453277588,46.10055160522461
2023-06-14,140.05117797851562,267.3504943847656,460.4708251953125,10.84069538116455,252.12489318847656,361.3500671386719,24.776935577392578,11.081842422485352,2301.956787109375,6.954478740692139,45.88775634765625
2023-06-15,140.6830596923828,269.1275329589844,459.0229797363281,10.894121170043945,254.13876342773438,363.4062805175781,24.374786376953125,11.102294921875,2331.923583984375,6.8427605628967285,45.751556396484375
2023-06-16,147.38812255859375,271.3583679199219,458.9231262207031,10.834013938903809,253.23052978515625,362.2961120605469,24.374786376953125,11.200471878051758,2333.421875,6.73662805557251,45.79412078857422
2023-06-19,141.7362060546875,,460.720458984375,10.844033241271973,251.8879852294922,,24.02468490600586,11.139111518859863,2337.4169921875,6.5820841789245605,45.802635192871094
2023-06-20,141.75376892089844,267.7762451171875,453.28143310546875,10.69877815246582,253.98077392578125,355.9149169921875,23.57049560546875,10.914119720458984,2318.9375,6.36795711517334,45.24935531616211
2023-06-21,141.1920928955078,267.628173828125,463.3166198730469,10.907479286193848,254.77053833007812,357.8168029785156,23.53264808654785,11.00002670288086,2360.8916015625,6.36795711517334,46.483741760253906
2023-06-22,140.41978454589844,266.58221435546875,459.3224792480469,10.757214546203613,246.5967254638672,359.73785400390625,23.39544677734375,10.840486526489258,2330.924560546875,6.3754048347473145,45.32704544067383
2023-06-23,139.17355346679688,264.96240234375,453.9803466796875,10.682082176208496,243.67469787597656,357.7587585449219,23.248779296875,10.59504222869873,2315.94140625,6.5169148445129395,44.929969787597656
2023-06-26,140.17404174804688,265.082763671875,458.323974609375,10.800622940063477,245.53057861328125,357.8746643066406,23.414369583129883,10.709582328796387,2338.41650390625,6.641666889190674,45.37883758544922
2023-06-27,141.0165557861328,269.7292175292969,452.0332336425781,10.64034366607666,243.4772186279297,362.7401428222656,23.362327575683594,10.689128875732422,2316.93994140625,6.740351676940918,44.88680648803711
2023-06-28,142.61383056640625,269.64599609375,454.52960205078125,10.687089920043945,243.5957489013672,361.9871520996094,23.291358947753906,10.754582405090332,2320.93505859375,6.747800350189209,44.904075622558594
2023-06-29,143.22816467285156,272.82073974609375,454.13018798828125,10.75888442993164,246.43878173828125,366.0610656738281,23.508989334106445,10.865032196044922,2322.933349609375,6.677044868469238,44.82638168334961
2023-06-30,144.1057891845703,278.9010314941406,457.6749267578125,11.004314422607422,246.47830200195312,367.8855895996094,23.589418411254883,10.905938148498535,2339.914306640625,6.67332124710083,45.36157989501953
2023-07-03,144.29888916015625,276.6105041503906,470.10662841796875,11.196317672729492,249.4003143310547,365.06671142578125,23.755008697509766,11.155474662780762,2376.87353515625,6.70869779586792,46.181617736816406
2023-07-04,143.31594848632812,,469.557373046875,11.239727020263672,250.19004821777344,,23.59888458251953,11.130284309387207,2377.872802734375,6.7031121253967285,46.29383850097656
2023-07-05,140.89369201660156,268.13714599609375,459.1227722167969,11.161256790161133,246.3992919921875,354.52484130859375,23.116308212280273,11.054710388183594,2326.429443359375,6.589532375335693,45.491058349609375
2023-07-06,136.0667724609375,268.0161437988281,449.287353515625,10.880765914916992,241.38442993164062,351.90863037109375,22.274169921875,10.806997299194336,2262.000244140625,6.412644386291504,43.66105270385742
2023-07-07,135.83859252929688,267.08502197265625,452.8819580078125,10.895790100097656,240.7921142578125,351.8893127441406,22.73308563232422,10.702033996582031,2279.98046875,6.716146469116211,44.10993194580078
2023-07-10,136.85662841796875,270.0459899902344,453.88055419921875,10.952557563781738,241.5423583984375,354.8240661621094,22.6431941986084,10.685239791870117,2302.455810546875,6.690078258514404,44.22214126586914
2023-07-11,136.87417602539062,268.7703552246094,459.5721740722656,11.047723770141602,242.21368408203125,354.1387023925781,23.002758026123047,10.815394401550293,2317.43994140625,6.7235941886901855,44.8781852722168
2023-07-12,139.38418579101562,273.9846496582031,466.06256103515625,11.298165321350098,243.24034118652344,361.6300048828125,23.632001876831055,10.848982810974121,2349.404052734375,6.967513084411621,45.37883758544922
2023-07-13,140.38467407226562,278.3609924316406,464.96417236328125,11.369956016540527,239.5680389404297,364.0820617675781,23.84963035583496,10.941349983215332,2343.410888671875,6.894896030426025,45.43925476074219
2023-07-14,141.17454528808594,278.06298828125,455.7777404785156,11.20800495147705,234.1188507080078,365.47216796875,23.60361099243164,10.609667778015137,2310.94677734375,6.716146469116211,44.265296936035156
2023-07-17,139.92831420898438,278.6681823730469,451.73370361328125,11.09781265258789,232.8947296142578,368.87994384765625,23.54684066772461,10.643255233764648,2305.45263671875,6.7031121253967285,43.989070892333984
2023-07-18,139.92831420898438,277.7184753417969,457.8746643066406,11.211345672607422,236.80392456054688,370.9651184082031,23.807052612304688,10.777606964111328,2319.937255859375,6.75710916519165,44.50700378417969
2023-07-19,138.8576202392578,278.0257568359375,468.8584289550781,11.211345672607422,238.34390258789062,361.7362060546875,23.490066528320312,10.878371238708496,2365.8857421875,6.772005558013916,45.16303253173828
2023-07-20,140.7708282470703,280.58636474609375,471.5545349121094,11.30317211151123,241.97669982910156,368.3876647949219,23.835439682006836,11.168070793151855,2392.85595703125,6.81669282913208,46.00897979736328
2023-07-21,141.1920928955078,281.88995361328125,475.0992126464844,11.386653900146484,244.66183471679688,371.2258605957031,23.494794845581055,11.352805137634277,2415.331298828125,6.671458721160889,46.60459518432617
2023-07-24,141.1043243408203,281.2940368652344,482.9876708984375,11.526900291442871,249.43978881835938,371.3706359863281,23.86382484436035,11.663496017456055,2440.3037109375,6.6993889808654785,47.295162200927734
2023-07-25,140.7708282470703,284.7857360839844,480.29156494140625,11.445088386535645,250.07159423828125,377.5007629394531,24.436294555664062,11.503952026367188,2407.340087890625,6.697526454925537,46.90671157836914
2023-07-26,138.8576202392578,282.1413269042969,477.8951721191406,11.344911575317383,243.43775939941406,374.76873779296875,24.265974044799805,11.583724021911621,2393.85546875,6.615599632263184,46.49237823486328
2023-07-27,142.13992309570312,282.0296325683594,478.9935302734375,11.461782455444336,243.4772186279297,371.3127136230469,24.095651626586914,11.487156867980957,2361.390869140625,6.7012505531311035,46.88945007324219
2023-07-28,143.66697692871094,282.5323791503906,474.6997985839844,11.401679039001465,241.5818328857422,375.25140380859375,24.294357299804688,11.5375394821167,2338.915771484375,6.662148952484131,46.9930419921875
2023-07-31,143.36859130859375,284.30157470703125,482.2886657714844,11.59034252166748,243.55624389648438,377.1435852050781,24.88574981689453,11.671892166137695,2363.388427734375,6.731042385101318,47.70086669921875
2023-08-01,142.1925811767578,281.5826721191406,481.0404968261719,11.5001859664917,244.74082946777344,375.18389892578125,24.403175354003906,11.508149147033691,2348.90478515625,6.576498508453369,47.1397819519043
2023-08-02,140.3671112060547,278.70550537109375,472.9024963378906,11.298165321350098,242.56903076171875,370.49212646484375,24.062530517578125,11.394790649414062,2315.94140625,6.4424357414245605,45.844974517822266
2023-08-03,138.57676696777344,262.41070556640625,477.146240234375,11.408358573913574,245.17520141601562,367.5670471191406,23.892210006713867,11.457768440246582,2336.41845703125,6.3754048347473145,46.699546813964844
2023-08-04,139.5596923828125,264.8409423828125,485.73358154296875,11.45677661895752,250.3084716796875,364.7384948730469,23.821243286132812,11.56273078918457,2385.864013671875,6.353061199188232,47.96846008300781
2023-08-07,140.08627319335938,267.5133056640625,482.3884582519531,11.418374061584473,246.71514892578125,371.6410217285156,23.589418411254883,11.596319198608398,2373.877197265625,6.317683219909668,47.847618103027344
2023-08-08,139.84054565429688,264.01226806640625,479.2929992675781,11.374966621398926,246.9915771484375,368.5614013671875,23.154155731201172,11.495553970336914,2369.382080078125,6.1966552734375,47.61454391479492
2023-08-09,140.9639129638672,265.744140625,491.9244689941406,11.74394702911377,264.16845703125,366.418212890625,23.409637451171875,11.743267059326172,2425.8193359375,6.200378894805908,49.23737716674805
2023-08-10,143.17552185058594,266.59149169921875,490.2340393066406,11.792365074157715,258.67974853515625,369.0826721191406,23.447486877441406,11.877620697021484,2430.07666015625,6.444297790527344,49.91067886352539
2023-08-11,141.84153747558594,268.9007263183594,485.7400817871094,11.727251052856445,262.9048156738281,368.6000061035156,23.30082130432129,11.848230361938477,2413.5927734375,6.4219536781311035,49.34959411621094
2023-08-14,142.84202575683594,270.7070617675781,481.0964660644531,11.698867797851562,253.16470336914062,368.93792724609375,23.390710830688477,11.63410472869873,2391.11572265625,6.4405741691589355,48.840301513671875
2023-08-15,141.80642700195312,265.5021057128906,473.3070068359375,,254.23379516601562,366.2444763183594,22.96491050720215,11.545936584472656,2365.640869140625,6.520638942718506,48.425960540771484
2023-08-16,141.78887939453125,266.2284240722656,472.30841064453125,11.628745079040527,253.4022674560547,364.7191467285156,23.07845687866211,11.524945259094238,2354.65185546875,6.684492588043213,48.615867614746094
2023-08-17,141.03411865234375,264.9061279296875,473.8563232421875,11.665474891662598,256.3322448730469,363.32904052734375,22.794588088989258,11.600518226623535,2362.643798828125,6.61932373046875,48.99567794799805
2023-08-18,140.98146057128906,265.2041320800781,472.80767822265625,11.715564727783203,254.82766723632812,362.1126708984375,22.425559997558594,11.638304710388184,2357.64892578125,6.483399391174316,49.211483001708984
2023-08-21,140.4548797607422,265.5672302246094,477.6510925292969,11.762311935424805,258.82666015625,364.4198913574219,22.326208114624023,11.760062217712402,2367.139404296875,6.45360803604126,49.71213912963867
2023-08-22,141.1920928955078,265.43695068359375,477.25164794921875,11.782347679138184,259.460205078125,364.5164794921875,22.95071792602539,11.684488296508789,2366.14013671875,6.56532621383667,50.04879379272461
2023-08-23,142.03460693359375,266.0700378417969,470.5108337402344,11.748954772949219,252.0560760498047,365.25018310546875,23.012222290039062,11.520745277404785,2350.656005859375,6.556016445159912,49.17695617675781
2023-08-24,142.78936767578125,266.88946533203125,472.95751953125,11.794034957885742,252.37286376953125,364.8543701171875,22.827709197998047,11.62990665435791,2364.142333984375,6.338165760040283,49.34959411621094
2023-08-25,142.9122314453125,268.4444274902344,474.95477294921875,11.815738677978516,253.9565887451172,368.37799072265625,22.780399322509766,11.818840980529785,2376.13037109375,6.30837345123291,49.47907638549805
2023-08-28,145.07118225097656,269.89703369140625,,11.935949325561523,258.31195068359375,368.8414001464844,23.111576080322266,11.969987869262695,,6.369818687438965,49.97110366821289
2023-08-29,145.26426696777344,273.4352722167969,485.0411376953125,11.984369277954102,258.1535949707031,373.455810546875,23.343400955200195,12.06235408782959,2403.60302734375,6.529948711395264,49.94520950317383
2023-08-30,145.89614868164062,275.16717529296875,488.536376953125,11.994384765625,259.1038513183594,373.6875305175781,23.272436141967773,12.091745376586914,2410.09619140625,6.537396430969238,50.014259338378906
2023-08-31,146.44027709960938,275.1392822265625,486.838623046875,11.924263000488281,259.8957214355469,373.63922119140625,23.210933685302734,11.940598487854004,2409.097412109375,6.6137375831604,50.12648391723633
2023-09-01,146.7562255859375,277.4949645996094,500.12060546875,12.13630199432373,265.63690185546875,376.6854248046875,23.75027847290039,12.35205364227295,2442.064208984375,6.861380577087402,50.83430862426758
2023-09-04,146.08921813964844,,501.0194091796875,12.189729690551758,265.9140319824219,,23.60834312438965,12.301671028137207,2442.064208984375,6.718008518218994,50.68757247924805
2023-09-05,143.73721313476562,272.5413818359375,510.8060302734375,12.383401870727539,270.38818359375,369.6051940917969,23.62253761291504,12.35625171661377,2466.54052734375,6.697526454925537,51.706153869628906
2023-09-06,144.50950622558594,273.14666748046875,515.2001342773438,12.34833812713623,271.8531188964844,371.2420654296875,23.556303024291992,12.255488395690918,2486.5205078125,6.718008518218994,51.3695068359375
2023-09-07,145.35202026367188,271.9920349121094,514.1015014648438,12.304930686950684,270.7840881347656,374.4673767089844,22.95071792602539,12.280678749084473,2499.50732421875,6.567187786102295,51.68889236450195
2023-09-08,145.22915649414062,277.9512939453125,516.59814453125,12.353350639343262,274.3870849609375,374.65142822265625,22.903404235839844,12.5115966796875,2500.006591796875,6.64539098739624,52.12049865722656
2023-09-11,146.35252380371094,281.94580078125,516.59814453125,12.565387725830078,275.53533935546875,377.111572265625,23.021682739257812,12.65854549407959,2507.499755859375,6.718008518218994,52.431251525878906
2023-09-12,144.89566040039062,281.3312683105469,522.0907592773438,12.607128143310547,275.0206298828125,375.7265625,22.718891143798828,12.704730033874512,2527.4794921875,6.7031121253967285,52.90601348876953
2023-09-13,144.2462158203125,282.2530822753906,507.5105895996094,12.623823165893555,274.8623046875,373.0436096191406,22.231586456298828,12.637553215026855,2518.488037109375,6.671458721160889,52.85421371459961
2023-09-14,145.68551635742188,285.0185241699219,523.3889770507812,12.830853462219238,281.9100646972656,377.54742431640625,22.69523811340332,12.834883689880371,2578.927978515625,6.608151435852051,53.760589599609375
2023-09-15,147.49342346191406,281.3033447265625,522.4902954101562,12.802471160888672,280.3262939453125,375.7943420410156,23.045339584350586,12.81389045715332,2577.42919921875,6.637943744659424,53.83827209472656
2023-09-18,144.22866821289062,278.9010314941406,518.4956665039062,12.699006080627441,280.6826477050781,375.34881591796875,22.48233413696289,12.918852806091309,2588.41845703125,6.557878494262695,53.51025390625
2023-09-19,144.64993286132812,278.6217346191406,524.0880737304688,12.97547721862793,282.5039367675781,377.5281066894531,22.48233413696289,13.002823829650879,2610.396484375,6.541121006011963,54.4166259765625
2023-09-20,142.31546020507812,274.51544189453125,522.68994140625,12.9212007522583,281.8704833984375,366.91253662109375,22.690505981445312,12.902059555053711,2591.915283203125,6.598841667175293,54.40789031982422
2023-09-21,140.9463653564453,267.2991638183594,519.694091796875,12.734624862670898,277.4359130859375,360.73309326171875,22.21739387512207,13.141374588012695,2593.41357421875,6.36795711517334,54.049774169921875
2023-09-22,140.89369201660156,266.8987731933594,524.9869384765625,12.922897338867188,275.49578857421875,361.2271423339844,22.080188751220703,13.11618423461914,2604.90234375,6.459193706512451,54.07597732543945
2023-09-25,140.64796447753906,269.6641540527344,526.584716796875,12.905936241149902,274.3870849609375,364.73333740234375,21.7868595123291,13.120382308959961,2602.40478515625,6.261823654174805,54.26813507080078
2023-09-26,139.6299285888672,266.95465087890625,530.1798095703125,12.872014045715332,274.50592041015625,359.5320739746094,21.801054000854492,12.95664119720459,2596.910400390625,6.153830051422119,54.07597732543945
2023-09-27,139.08578491210938,265.6138610839844,537.7695922851562,13.036537170410156,280.4450378417969,360.3166198730469,22.075458526611328,13.070000648498535,2626.88037109375,6.217136859893799,54.9669075012207
2023-09-28,140.3671112060547,267.1128845214844,540.3659057617188,13.07724666595459,279.8115539550781,361.7501525878906,22.57695770263672,13.208551406860352,2657.849365234375,6.61932373046875,55.5695915222168
2023-09-29,140.2793731689453,265.50152587890625,530.67919921875,12.93816089630127,278.06939697265625,360.6459045410156,22.49652671813965,13.074197769165039,2603.40380859375,6.727317810058594,54.425357818603516
2023-10-02,138.0326385498047,261.4543762207031,518.3958129882812,12.636248588562012,275.5749816894531,358.5732421875,22.274169921875,12.885265350341797,2579.427734375,6.695664405822754,53.761531829833984
2023-10-03,137.04969787597656,263.9932556152344,515.1002197265625,12.49038028717041,273.318115234375,361.11083984375,21.715890884399414,12.60816478729248,2574.931640625,6.384714603424072,53.52569580078125
2023-10-04,137.41830444335938,266.88812255859375,498.7724609375,12.29532527923584,268.32928466796875,366.709228515625,21.54083824157715,12.095943450927734,2518.988037109375,6.358646869659424,52.48627471923828
2023-10-05,137.47096252441406,262.1850891113281,498.37298583984375,12.246135711669922,270.0318298339844,358.23419189453125,21.356327056884766,12.08334732055664,2529.976806640625,6.2878923416137695,52.20676803588867
2023-10-06,138.52410888671875,263.3092956542969,504.9141540527344,12.415750503540039,269.5963134765625,361.79852294921875,21.597614288330078,11.932202339172363,2578.927978515625,6.213412761688232,52.70464324951172
2023-10-09,138.92782592773438,266.31658935546875,519.5940551757812,12.697310447692871,284.8004150390625,361.9825439453125,21.555036544799805,12.20510482788086,2646.360595703125,6.168725490570068,53.62177276611328
2023-10-10,141.9468536376953,269.7267761230469,524.3875732421875,12.848265647888184,289.9872741699219,367.04815673828125,21.952449798583984,12.347855567932129,2660.3466796875,6.373542785644531,54.05849838256836
2023-10-11,143.31594848632812,272.5185546875,519.5940551757812,12.793990135192871,285.7110595703125,366.76727294921875,21.862558364868164,12.196707725524902,2643.364013671875,6.360508441925049,53.88381576538086
2023-10-12,143.56167602539062,267.74053955078125,535.3726806640625,12.972084045410156,291.9273681640625,365.83746337890625,20.968372344970703,12.255488395690918,2678.3291015625,6.299063205718994,54.303077697753906
2023-10-13,141.61334228515625,267.43145751953125,546.95703125,13.14339542388916,296.2034912109375,366.0118103027344,20.542572021484375,12.419230461120605,2719.2880859375,6.204102993011475,55.17653274536133
2023-10-16,140.9463653564453,268.98663330078125,548.2552490234375,13.128129959106445,297.7080993652344,367.3193359375,20.963642120361328,12.53258991241455,2747.759765625,6.380990505218506,55.08045959472656
2023-10-17,139.84054565429688,272.5278625488281,554.2471313476562,13.17222785949707,298.3020324707031,369.1111755371094,20.921064376831055,12.561981201171875,2768.739013671875,6.3772664070129395,55.185272216796875
2023-10-18,138.0677490234375,265.4828186035156,557.2430419921875,13.263822555541992,301.3111267089844,359.72576904296875,20.102577209472656,12.713127136230469,2769.737548828125,6.20224142074585,55.7093505859375
2023-10-19,137.822021484375,262.8877258300781,552.14990234375,13.10438346862793,299.1730651855469,358.5054626464844,20.216123580932617,12.587170600891113,2755.252685546875,6.13707160949707,55.316287994384766
2023-10-20,133.9429168701172,260.9765930175781,544.6600952148438,13.058587074279785,297.351806640625,354.8442687988281,19.392908096313477,12.499002456665039,2724.782470703125,5.99370002746582,54.65245819091797
2023-10-23,134.20620727539062,257.3229064941406,531.4779663085938,13.090815544128418,294.77813720703125,353.94342041015625,19.534841537475586,12.35625171661377,2727.77978515625,6.027215480804443,54.4166259765625
2023-10-24,134.99607849121094,259.7305908203125,533.6751098632812,13.065372467041016,293.6695251464844,355.7159118652344,19.653120040893555,12.129530906677246,2713.793701171875,5.9974236488342285,54.18079376220703
2023-10-25,137.55873107910156,257.1449279785156,533.9746704101562,13.07724666595459,293.03594970703125,352.9264831542969,19.7761287689209,12.1337308883667,2715.29248046875,5.904325008392334,54.32928466796875
2023-10-26,139.17355346679688,260.1240539550781,533.0758056640625,13.129826545715332,290.8187255859375,358.6797790527344,19.87548065185547,11.953194618225098,2685.821533203125,5.895014762878418,54.57384490966797
2023-10-27,140.63040161132812,258.7093811035156,529.7802734375,13.153572082519531,296.0055236816406,358.8831481933594,19.936986923217773,11.71387767791748,2697.809814453125,5.980665683746338,55.028045654296875
2023-10-30,140.22671508789062,262.9720764160156,525.9854125976562,13.029753684997559,295.80755615234375,366.9609680175781,19.161081314086914,11.894414901733398,2684.3232421875,5.982527732849121,55.01931381225586
2023-10-31,141.89418029785156,264.6022033691406,501.9181823730469,13.084030151367188,296.5202941894531,370.1475830078125,19.7572021484375,11.608914375305176,2643.863037109375,6.1054182052612305,55.20273971557617
2023-11-01,142.92979431152344,265.51092529296875,493.7292785644531,13.128129959106445,296.59942626953125,374.9323425292969,19.610538482666016,11.671892166137695,2654.352783203125,6.070040702819824,55.57832717895508
2023-11-02,144.8079071044922,271.3287048339844,497.923583984375,13.318098068237305,296.7182312011719,377.411865234375,20.40536880493164,11.764260292053223,2765.242431640625,6.356784820556641,56.41684341430664
2023-11-03,143.21063232421875,274.6826477050781,489.1855163574219,13.031450271606445,290.4227600097656,380.1722412109375,20.528377532958984,11.56273078918457,2649.857421875,6.379128932952881,54.442832946777344
2023-11-06,143.43881225585938,272.902587890625,490.83319091796875,13.063675880432129,295.3720397949219,380.6468505859375,20.547300338745117,11.625709533691406,2670.836669921875,6.326993465423584,54.73107147216797
2023-11-07,142.70159912109375,238.38929748535156,480.3973388671875,12.731233596801758,284.2065124511719,377.0631408691406,20.282360076904297,11.289827346801758,2623.3837890625,6.319545745849609,53.490760803222656
2023-11-08,143.42124938964844,243.51382446289062,476.5026550292969,12.573492050170898,283.6522216796875,379.93011474609375,20.168811798095703,11.243643760681152,2593.913330078125,6.334441184997559,53.08896255493164
2023-11-09,145.7908477783203,247.31739807128906,474.76220703125,12.666778564453125,285.9090270996094,378.6903381347656,19.832901000976562,11.361202239990234,2612.395263671875,6.395885944366455,53.5955810546875
2023-11-10,146.21209716796875,248.694580078125,477.2591247558594,12.719359397888184,288.4826354980469,387.2718505859375,19.194198608398438,11.457768440246582,2626.88037109375,6.120314121246338,54.18952941894531
2023-11-13,147.1423797607422,248.2917022705078,484.1006164550781,12.917808532714844,285.07757568359375,387.1846618652344,19.610319137573242,11.604716300964355,2653.853515625,6.135210037231445,54.844627380371094
2023-11-14,148.3184051513672,251.45826721191406,480.3553466796875,12.933073997497559,290.0455322265625,391.0686340332031,20.370817184448242,11.61731243133545,2617.88916015625,6.237618446350098,54.626258850097656
2023-11-15,147.45831298828125,256.3392028808594,481.50390625,12.882189750671387,289.190673828125,390.09039306640625,20.796504974365234,11.684488296508789,2632.87451171875,6.261823654174805,54.687400817871094
2023-11-16,148.2306365966797,256.32049560546875,467.8207702636719,12.602327346801758,280.5605163574219,395.5531311035156,20.547788619995117,11.411584854125977,2553.208984375,6.16500186920166,53.246185302734375
2023-11-17,149.4241943359375,252.93846130371094,477.10931396484375,12.731233596801758,284.1428527832031,395.0591125488281,20.973474502563477,11.583724021911621,2606.161376953125,6.25437593460083,53.988624572753906
2023-11-20,149.5997314453125,254.96205139160156,479.85589599609375,12.925878524780273,288.37652587890625,395.43682861328125,21.054786682128906,11.701281547546387,2638.63232421875,6.302787780761719,55.028045654296875
2023-11-21,150.58265686035156,258.8874206542969,475.9607238769531,12.862144470214844,284.4278564453125,398.96246337890625,20.935211181640625,11.642502784729004,2610.6572265625,6.16500186920166,54.984375
2023-11-22,151.68846130371094,256.94818115234375,465.5735168457031,12.681280136108398,279.58355712890625,398.68157958984375,21.327421188354492,11.571127891540527,2554.20751953125,6.574635982513428,54.023563385009766
2023-11-23,151.7762451171875,,472.9145202636719,12.863865852355957,286.544677734375,,21.360898971557617,11.726473808288574,2583.681396484375,6.643529415130615,54.86208724975586
2023-11-24,152.40811157226562,257.1636047363281,475.9107666015625,12.977555274963379,289.1499328613281,401.1998596191406,21.370464324951172,11.869223594665527,2592.673095703125,6.62863302230835,55.15032958984375
2023-11-27,152.513427734375,254.51239013671875,474.4625549316406,12.94482707977295,286.7074890136719,399.8244934082031,21.51395606994629,11.839834213256836,2568.195556640625,6.533672332763672,54.90576171875
2023-11-28,153.0224609375,251.44886779785156,474.41265869140625,13.089519500732422,284.3464050292969,397.81951904296875,21.561786651611328,11.886017799377441,2578.186767578125,6.5485687255859375,55.19400405883789
2023-11-29,152.49588012695312,249.65016174316406,471.366455078125,13.012006759643555,278.64727783203125,398.4588317871094,21.83919906616211,11.77685546875,2551.2109375,6.533672332763672,53.87508010864258
2023-11-30,152.53097534179688,253.46310424804688,478.50762939453125,13.063681602478027,283.41009521484375,400.76397705078125,22.08791732788086,11.789451599121094,2557.705322265625,6.434988021850586,54.38168716430664
2023-12-01,152.00442504882812,255.42115783691406,477.8084716796875,13.134305953979492,279.3799743652344,399.9915771484375,22.456209182739258,11.907010078430176,2565.69775390625,6.485260963439941,54.46903991699219
2023-12-04,151.19699096679688,253.08839416503906,471.366455078125,12.884537696838379,271.6861877441406,395.0755310058594,22.518390655517578,11.684488296508789,2534.226318359375,6.36795711517334,53.62177276611328
2023-12-05,153.09266662597656,245.47181701660156,471.31646728515625,12.996502876281738,270.4241943359375,392.48138427734375,22.475341796875,11.730671882629395,2523.735595703125,6.28602933883667,53.60430908203125
2023-12-06,152.2325897216797,244.77857971191406,465.3738098144531,12.843196868896484,267.6153869628906,388.925537109375,22.561431884765625,11.667694091796875,2487.76806640625,6.328855037689209,52.97541427612305
2023-12-07,152.61875915527344,245.4624786376953,459.680908203125,12.72089672088623,271.0755310058594,387.3127136230469,22.54708480834961,11.592121124267578,2478.775634765625,5.988113880157471,52.99288558959961
2023-12-08,153.86497497558594,246.64291381835938,467.67095947265625,12.927602767944336,272.54107666015625,389.85821533203125,22.704927444458008,11.70548152923584,2518.240234375,5.956460475921631,54.06724548339844
2023-12-11,155.00587463378906,247.8513946533203,466.6722106933594,12.905208587646484,271.4012145996094,396.6300048828125,22.896244049072266,11.600518226623535,2514.243896484375,5.8652238845825195,54.128387451171875
2023-12-12,156.4803009033203,250.4558563232422,460.3800354003906,12.750181198120117,269.2436828613281,414.5844421386719,22.924942016601562,11.336010932922363,2496.759765625,5.841018199920654,53.551902770996094
2023-12-13,157.12974548339844,252.31077575683594,459.2814025878906,12.703672409057617,270.3835144042969,397.11578369140625,22.948856353759766,11.10929012298584,2491.76416015625,5.7367472648620605,53.5955810546875
2023-12-14,153.67190551757812,253.7066192626953,465.3238525390625,12.788076400756836,270.3020935058594,398.0679016113281,23.651962280273438,11.277233123779297,2517.74072265625,5.908048629760742,53.63924789428711
2023-12-15,154.4442138671875,253.75347900390625,457.2839050292969,12.758793830871582,262.8932189941406,395.79449462890625,23.876758575439453,11.205856323242188,2500.756103515625,5.8670854568481445,53.83141326904297
2023-12-18,154.4442138671875,254.0720977783203,464.6247253417969,12.91209888458252,269.8543395996094,397.4656066894531,25.139476776123047,11.3989896774292,2534.725341796875,5.932254791259766,54.460296630859375
2023-12-19,154.9181365966797,255.30868530273438,463.07666015625,12.94138240814209,264.11444091796875,400.3705139160156,25.04381561279297,11.394790649414062,2540.220703125,5.9545979499816895,54.145851135253906
2023-12-20,155.7430877685547,251.2146453857422,466.42254638671875,13.094687461853027,265.1728515625,394.80352783203125,25.05816078186035,11.495553970336914,2578.686279296875,5.986251354217529,54.285606384277344
2023-12-21,155.1112060546875,254.57794189453125,465.6734924316406,13.091241836547852,263.95166015625,397.49468994140625,24.823795318603516,11.436775207519531,2554.70751953125,5.917358875274658,54.15458679199219
2023-12-22,155.6553192138672,255.60850524902344,466.622314453125,13.167034149169922,264.6029052734375,399.0588684082031,24.95293617248535,11.449370384216309,2564.198974609375,5.878257751464844,54.4166259765625
2023-12-26,,257.51031494140625,,,,398.27191162109375,,,,,
2023-12-27,155.18141174316406,258.27850341796875,466.622314453125,13.294499397277832,267.0860900878906,399.5155334472656,24.82857894897461,11.571127891540527,2553.708740234375,5.92294454574585,54.56511688232422
2023-12-28,154.63729858398438,256.9107360839844,464.6247253417969,13.227320671081543,263.3409729003906,398.1164245605469,24.771183013916016,11.310820579528809,2546.714599609375,5.876394748687744,53.63924789428711
2023-12-29,154.56707763671875,258.15521240234375,465.5735168457031,13.218708992004395,262.2825622558594,399.02978515625,24.560728073120117,11.294025421142578,2569.19482421875,5.876394748687744,53.80520248413086
2024-01-02,153.4963836669922,257.8441162109375,470.41754150390625,13.397852897644043,265.70208740234375,397.931884765625,24.69943618774414,11.382195472717285,2573.191162109375,5.893152713775635,54.80421447753906
2024-01-03,150.91615295410156,255.3832244873047,471.366455078125,13.296224594116211,268.1038818359375,397.08660888671875,24.28809928894043,11.386392593383789,2590.67529296875,5.721851348876953,54.58319854736328
2024-01-04,151.00392150878906,254.80813598632812,472.8645324707031,13.36684799194336,272.7038879394531,396.97003173828125,24.402891159057617,11.516547203063965,2592.17431640625,5.740471363067627,55.23740768432617
2024-01-05,149.7928009033203,254.7138214111328,473.2640686035156,13.384072303771973,271.72686767578125,397.4849853515625,24.30245018005371,11.554333686828613,2568.695068359375,5.75164270401001,55.255096435546875
2024-01-08,150.28427124023438,257.2501220703125,460.87939453125,12.987890243530273,259.55511474609375,396.6785888671875,24.30722999572754,11.386392593383789,2488.7666015625,5.809363842010498,53.53113555908203
2024-01-09,150.0560760498047,252.77154541015625,458.7820129394531,12.853531837463379,258.65960693359375,395.1241455078125,23.7093563079834,11.325827598571777,2478.775634765625,5.874532699584961,53.150978088378906
2024-01-10,150.47735595703125,251.70602416992188,455.8855895996094,12.81908130645752,254.9551239013672,394.3371276855469,23.647174835205078,11.18739128112793,2445.3056640625,5.893152713775635,52.841548919677734
2024-01-11,151.61825561523438,249.47152709960938,453.63836669921875,12.757070541381836,253.28610229492188,394.41485595703125,23.25975227355957,11.209020614624023,2442.30810546875,5.887566566467285,52.585166931152344
2024-01-12,154.1458282470703,249.03781127929688,453.5884094238281,12.95516300201416,256.4613342285156,397.2906494140625,23.31714630126953,11.343132019042969,2458.793701171875,5.699507713317871,53.16865539550781
2024-01-15,154.00538635253906,,452.4399108886719,12.915543556213379,249.3374481201172,,23.364978790283203,11.455612182617188,2457.794677734375,5.461174964904785,52.991844177246094
2024-01-16,154.09315490722656,245.56805419921875,451.7406921386719,12.86042308807373,249.9886932373047,395.0852355957031,23.135393142700195,11.485894203186035,2433.316650390625,5.355041980743408,52.673583984375
2024-01-17,152.513427734375,245.2758331298828,447.9454040527344,12.619270324707031,246.32498168945312,395.1823425292969,23.039731979370117,11.295544624328613,2376.36767578125,5.269391059875488,51.506591796875
2024-01-18,153.70700073242188,245.17208862304688,443.70062255859375,12.581371307373047,243.5975799560547,396.2511291503906,23.321931838989258,11.446958541870117,2371.871337890625,5.288010597229004,51.72761154174805
2024-01-19,151.846435546875,245.7472381591797,445.2486877441406,12.445291519165039,242.45773315429688,395.79449462890625,23.135393142700195,11.247957229614258,2368.374755859375,5.2600812911987305,51.52427291870117
2024-01-22,151.61825561523438,246.02066040039062,445.4984436035156,12.350553512573242,239.1197052001953,394.9103088378906,23.537166595458984,11.230650901794434,2359.3828125,5.312216758728027,51.05570983886719
2024-01-23,148.98538208007812,248.19866943359375,450.6421203613281,12.366056442260742,241.72496032714844,396.2900085449219,23.752399444580078,11.19604206085205,2373.370361328125,5.379247665405273,51.38282012939453
2024-01-24,151.35498046875,242.46607971191406,452.3899230957031,12.479743003845215,241.1143798828125,389.86798095703125,24.321578979492188,11.377740859985352,2376.866943359375,5.425796985626221,52.03704071044922
2024-01-25,150.81085205078125,248.585205078125,455.0865783691406,12.545199394226074,243.31259155273438,391.9956970214844,24.22113800048828,11.421002388000488,2388.856689453125,5.364351749420166,52.10776138305664
2024-01-26,150.49490356445312,246.93521118164062,461.1291198730469,12.708840370178223,245.5515594482422,392.54949951171875,24.278532028198242,11.637309074401855,2427.322021484375,5.384833335876465,52.708946228027344
2024-01-29,151.19699096679688,246.209228515625,465.22406005859375,12.85008716583252,245.71432495117188,394.0747985839844,24.230701446533203,11.823331832885742,2449.80126953125,5.366213798522949,53.23054885864258
2024-01-30,151.89910888671875,244.4649200439453,468.1204528808594,12.853531837463379,245.429443359375,396.2511291503906,24.29766082763672,11.823331832885742,2471.781982421875,5.381110191345215,53.425048828125
2024-01-31,152.42568969726562,241.0989227294922,461.8781433105469,12.758793830871582,246.4064178466797,393.3169250488281,24.527246475219727,11.888224601745605,2444.805908203125,5.364351749420166,53.133296966552734
2024-02-01,152.00442504882812,244.7289276123047,465.0741882324219,12.745015144348145,248.40113830566406,397.0283508300781,24.45071792602539,11.996377944946289,2503.75341796875,5.371799468994141,53.55766677856445
2024-02-02,150.33692932128906,243.41835021972656,458.1328125,12.562424659729004,245.14451599121094,395.5126953125,24.546382904052734,11.702201843261719,2469.284423828125,5.358766555786133,52.868072509765625
2024-02-05,147.3179168701172,205.5625,453.5884094238281,12.379836082458496,245.02236938476562,389.2364196777344,23.900676727294922,11.516178131103516,2468.78466796875,5.207733631134033,52.35530471801758
2024-02-06,150.845947265625,205.59078979492188,478.3576965332031,12.576205253601074,251.2099609375,403.7418212890625,24.364627838134766,11.71950626373291,2486.7685546875,5.286118030548096,53.310115814208984
2024-02-07,149.6523895263672,203.07334899902344,474.0130920410156,12.37639045715332,231.7107696533203,404.9757385253906,24.091995239257812,11.710853576660156,2468.78466796875,5.228763580322266,51.621517181396484
2024-02-08,146.98440551757812,207.34449768066406,475.6610412597656,12.372946739196777,226.86651611328125,402.2261962890625,25.268617630004883,11.866594314575195,2476.278076171875,5.320530414581299,52.3199462890625
2024-02-09,146.98440551757812,207.27850341796875,477.8584289550781,12.310935974121094,225.970947265625,407.4920959472656,25.383407592773438,11.931486129760742,2485.270263671875,5.289941310882568,52.79735565185547
2024-02-12,147.61630249023438,209.87136840820312,478.8570861816406,12.434958457946777,226.29660034179688,407.6766357421875,25.326011657714844,12.065596580505371,2493.2626953125,5.354942321777344,52.8857536315918
2024-02-13,147.7918243408203,205.17593383789062,479.1567687988281,12.462518692016602,213.3513946533203,404.4122314453125,24.264183044433594,12.12183666229248,2486.268798828125,5.272735118865967,53.310115814208984
2024-02-14,149.07315063476562,204.6102294921875,475.9107666015625,12.490079879760742,222.99827575683594,406.50103759765625,24.072866439819336,12.009356498718262,2495.2607421875,4.717358112335205,53.41620635986328
2024-02-15,148.511474609375,213.9822540283203,468.226318359375,12.57792854309082,221.26669311523438,416.4983825683594,24.12547492980957,11.948790550231934,2462.056396484375,4.450662612915039,52.82387161254883
2024-02-16,150.16140747070312,213.88795471191406,471.4726867675781,12.19035816192627,224.72987365722656,419.3548278808594,24.517683029174805,11.754115104675293,2495.02978515625,4.546252727508545,52.94763946533203
2024-02-19,150.67042541503906,,474.26953125,12.204137802124023,226.0391845703125,,23.776315689086914,11.948790550231934,2506.021484375,4.379925727844238,52.77083206176758
2024-02-20,163.11512756347656,215.05711364746094,466.02874755859375,12.171409606933594,223.20944213867188,423.56170654296875,23.36019515991211,11.810354232788086,2486.037109375,4.282424449920654,51.80717468261719
2024-02-21,162.71142578125,215.06655883789062,469.8744201660156,12.317825317382812,222.91380310058594,426.9621276855469,23.293235778808594,11.836310386657715,2506.021484375,4.307277679443359,52.090084075927734
2024-02-22,162.72897338867188,218.27223205566406,467.67694091796875,12.255812644958496,225.78573608398438,434.3168640136719,23.298015594482422,12.48090648651123,2504.522705078125,4.23940896987915,52.27574157714844
2024-02-23,166.30967712402344,219.48855590820312,465.5792236328125,12.278205871582031,224.18081665039062,434.83172607421875,23.25975227355957,12.597712516784668,2492.032470703125,4.2059526443481445,52.74430847167969
2024-02-26,166.5203094482422,216.25453186035156,465.77899169921875,12.274761199951172,222.153564453125,432.2862548828125,22.991905212402344,12.610689163208008,2468.55078125,4.233673572540283,52.32877731323242
2024-02-27,166.1692657470703,218.48912048339844,465.7291259765625,12.385004043579102,221.56227111816406,432.1502685546875,23.293235778808594,12.766430854797363,2471.548828125,4.420073509216309,52.60285186767578
2024-02-28,165.6251220703125,219.13026428222656,461.7835388183594,12.364334106445312,223.33615112304688,438.3682861328125,23.07321548461914,12.640973091125488,2457.559814453125,4.497501850128174,52.51444625854492
2024-02-29,164.9054718017578,220.66712951660156,460.1853332519531,12.271316528320312,221.01324462890625,436.0559387207031,23.07321548461914,12.740474700927734,2455.0615234375,4.514707565307617,52.151973724365234
2024-03-01,164.06295776367188,222.51513671875,471.123046875,12.340216636657715,222.99827575683594,436.4348449707031,23.03495216369629,12.714517593383789,2492.531982421875,4.528090476989746,52.868072509765625
2024-03-04,166.81871032714844,224.78744506835938,469.2252197265625,12.39189338684082,222.069091796875,442.6430969238281,22.719276428222656,12.589059829711914,2458.558837890625,4.4487504959106445,52.5056037902832
2024-03-05,166.3272247314453,225.8905792236328,470.3738708496094,12.495245933532715,227.13723754882812,447.8507080078125,22.331851959228516,12.519841194152832,2450.5654296875,4.346469402313232,52.30226516723633
2024-03-06,167.4330291748047,229.20945739746094,478.3649597167969,12.59859848022461,230.68496704101562,450.42535400390625,22.417943954467773,12.515515327453613,2486.536865234375,4.376102447509766,53.02720642089844
2024-03-07,169.69729614257812,231.16116333007812,475.51812744140625,12.602045059204102,227.68630981445312,452.0575256347656,22.771886825561523,12.489559173583984,2480.0419921875,4.3416900634765625,52.97416305541992
2024-03-08,169.96058654785156,227.8045654296875,471.5725402832031,12.662330627441406,228.91107177734375,449.3954772949219,22.83884620666504,12.476580619812012,2469.05078125,4.378014087677002,53.08909225463867
2024-03-11,169.24095153808594,233.7729034423828,471.1730041503906,12.538309097290039,226.67266845703125,456.1283874511719,22.84841537475586,12.55877685546875,2470.549560546875,4.383749485015869,53.15982437133789
2024-03-12,170.1887664794922,230.87832641601562,476.9166259765625,12.653718948364258,228.277587890625,458.06182861328125,23.59456443786621,12.68856143951416,2495.02978515625,4.493678092956543,53.63722610473633
2024-03-13,170.96109008789062,233.16004943847656,484.45819091796875,12.900041580200195,232.24761962890625,462.7488708496094,23.666309356689453,12.99571704864502,2525.506103515625,4.500369548797607,54.58319854736328
2024-03-14,171.39990234375,231.13287353515625,489.4525451660156,12.507303237915039,233.13455200195312,461.8231506347656,23.384109497070312,13.064935684204102,2535.997802734375,4.433455944061279,55.44075393676758
2024-03-15,171.25946044921875,230.65203857421875,490.4514465332031,12.493522644042969,234.44383239746094,456.2591247558594,23.164091110229492,13.000042915344238,2546.489501953125,4.451618671417236,55.23740768432617
2024-03-18,170.3116455078125,231.57601928710938,492.7488708496094,12.449736595153809,236.7667236328125,454.19329833984375,23.312368392944336,13.186065673828125,2558.47998046875,4.615077018737793,55.37002944946289
2024-03-19,171.3472442626953,228.00259399414062,497.7432861328125,12.747492790222168,238.75173950195312,454.79742431640625,23.32671546936035,13.36343765258789,2591.953857421875,4.65235710144043,56.846439361572266
2024-03-20,171.1365966796875,225.2965545654297,493.09844970703125,12.54606819152832,238.79400634765625,454.85589599609375,23.498903274536133,13.28989315032959,2589.455810546875,4.655224800109863,56.52446365356445
2024-03-21,169.99569702148438,222.0343017578125,496.0951232910156,12.575843811035156,240.39889526367188,454.37841796875,23.80023193359375,13.233654022216797,2619.43212890625,4.720226287841797,56.27404022216797
2024-03-22,167.16973876953125,223.1845703125,498.29266357421875,12.570590019226074,242.25721740722656,456.26885986328125,23.910240173339844,13.220674514770508,2629.92333984375,4.769932746887207,56.21142578125
2024-03-25,167.81918334960938,223.98599243164062,505.33477783203125,12.74574089050293,245.804931640625,454.9631042480469,24.10634422302246,13.28989315032959,2648.408935546875,4.785226821899414,56.551300048828125
2024-03-26,168.90745544433594,224.24058532714844,499.2416076660156,12.742238998413086,242.04605102539062,455.59649658203125,24.053733825683594,13.346132278442383,2644.911865234375,4.758461952209473,56.32769775390625
2024-03-27,169.66220092773438,229.20945739746094,492.2494201660156,12.75975227355957,241.91932678222656,454.31024169921875,24.38854217529297,13.298545837402344,2610.9384765625,4.794785499572754,56.38136672973633
2024-03-28,169.24095153808594,230.10226440429688,495.1462097167969,12.8280611038208,,452.4490661621094,24.350278854370117,13.359110832214355,2622.928955078125,4.754638195037842,56.76594924926758
2024-04-01,,231.19447326660156,,,,451.5525817871094,,,,,
2024-04-02,167.99472045898438,227.79428100585938,508.0318298339844,13.16260051727295,251.63327026367188,449.54522705078125,24.431591033935547,13.787399291992188,2714.8564453125,4.7775797843933105,58.99293899536133
2024-04-03,168.34576416015625,227.5663299560547,511.0284729003906,13.290460586547852,252.7313995361328,450.64630126953125,24.469850540161133,13.761442184448242,2745.3330078125,4.932435035705566,59.61900329589844
2024-04-04,166.36233520507812,225.20140075683594,508.3314208984375,13.44109058380127,253.02700805664062,445.5695495605469,24.57508087158203,13.921509742736816,2761.8193359375,5.010818958282471,59.96781539916992
2024-04-05,164.55442810058594,226.6925506591797,505.53460693359375,13.581212043762207,253.3226776123047,452.8193664550781,24.192440032958984,13.9950532913208,2777.806640625,4.993612766265869,59.74421310424805
2024-04-08,165.22142028808594,225.6952667236328,509.330322265625,13.586466789245605,250.1128387451172,449.8668212890625,24.527246475219727,13.925835609436035,2811.780029296875,5.066261291503906,60.754859924316406
2024-04-09,164.4140167236328,227.62330627441406,516.0228271484375,13.526915550231934,251.25318908691406,446.2321472167969,24.536813735961914,13.67059326171875,2826.268310546875,5.112144470214844,60.28083801269531
2024-04-10,164.36135864257812,224.06167602539062,519.5189208984375,13.465612411499023,253.36489868164062,438.97265625,24.555946350097656,13.54946231842041,2866.73681640625,5.03758430480957,60.889015197753906
2024-04-11,165.6251220703125,224.3845977783203,519.4190673828125,13.414817810058594,256.9548034667969,441.41845703125,24.431591033935547,13.28989315032959,2854.746337890625,4.683901786804199,60.54914855957031
2024-04-12,164.44912719726562,219.90164184570312,538.4976196289062,13.775629043579102,265.1483459472656,435.9713439941406,24.603778839111328,13.735486030578613,2934.682861328125,4.641841888427734,61.79233169555664
2024-04-15,165.25653076171875,219.5502166748047,526.7108764648438,13.603981018066406,257.123779296875,433.37939453125,24.412456512451172,13.553787231445312,2887.220458984375,4.691548824310303,61.07683181762695
2024-04-16,162.9922637939453,216.32098388671875,515.0239868164062,13.311478614807129,255.9412078857422,434.3830871582031,22.728837966918945,13.168761253356934,2832.263671875,4.4238972663879395,60.14667892456055
2024-04-17,163.67681884765625,217.50819396972656,516.2225952148438,13.42532730102539,254.88536071777344,435.3672180175781,22.489688873291016,13.151457786560059,2843.754638671875,4.405735492706299,60.51338577270508
2024-04-18,163.86988830566406,221.31680297851562,511.82757568359375,13.337751388549805,253.7449951171875,435.0164794921875,22.76710319519043,13.01734733581543,2839.258056640625,4.465001106262207,60.29872512817383
2024-04-19,164.78260803222656,220.00611877441406,514.3247680664062,13.362272262573242,252.5624542236328,434.8897705078125,22.795801162719727,12.930824279785156,2848.7509765625,4.309189796447754,60.17351150512695
2024-04-22,164.88792419433594,222.58950805664062,521.9163208007812,13.434085845947266,250.7041015625,435.5426940917969,23.063650131225586,12.878911018371582,2904.70654296875,4.323527812957764,60.72801971435547
2024-04-23,167.23995971679688,221.97215270996094,522.5155639648438,13.591721534729004,248.42347717285156,433.68145751953125,22.4514217376709,13.01734733581543,2892.7158203125,4.291983127593994,60.736976623535156
2024-04-24,163.36085510253906,222.8934326171875,525.0128173828125,13.343006134033203,251.46435546875,432.9604187011719,22.614046096801758,12.98706340789795,2904.70654296875,4.313969135284424,60.736976623535156
2024-04-25,161.1492462158203,223.2733612060547,525.7119140625,13.35876750946045,257.63055419921875,432.4829406738281,22.518390655517578,12.982738494873047,2898.711669921875,4.26139497756958,60.871124267578125
2024-04-26,162.51834106445312,224.22311401367188,524.2137451171875,13.36402416229248,256.4902648925781,431.84954833984375,22.719276428222656,12.7361478805542,2901.209716796875,4.524266242980957,62.14113998413086
2024-04-29,161.83380126953125,226.16065979003906,522.71533203125,13.376283645629883,253.53382873535156,433.69122314453125,23.006254196166992,12.943803787231445,2885.22216796875,4.572061538696289,61.9354362487793
2024-04-30,161.37742614746094,224.4700469970703,519.8187255859375,13.2554292678833,252.52023315429688,429.686279296875,22.56621742248535,12.740474700927734,2860.741455078125,4.500369548797607,61.34513854980469
2024-05-01,,225.56228637695312,508.8308410644531,,,431.3038330078125,,,2816.77587890625,,
2024-05-02,158.90252685546875,231.450927734375,515.2237548828125,12.982194900512695,252.7313995361328,408.8918762207031,23.274099349975586,12.459275245666504,2870.7333984375,4.64757776260376,59.7889289855957
2024-05-03,158.51637268066406,233.5214385986328,509.82977294921875,12.880606651306152,251.80223083496094,412.7701110839844,23.245403289794922,12.437644958496094,2856.2451171875,4.622724533081055,59.35068893432617
2024-05-06,159.63973999023438,235.16455078125,,13.008467674255371,258.0529479980469,415.71295166015625,23.293235778808594,12.541471481323242,,4.71449089050293,60.1556282043457
2024-05-07,161.4652099609375,236.16180419921875,503.13726806640625,13.10830307006836,258.17962646484375,419.0064697265625,22.929723739624023,12.52849292755127,2892.7158203125,4.6609601974487305,59.985687255859375
2024-05-08,163.7119140625,233.90135192871094,499.9408264160156,13.080277442932129,257.37713623046875,416.7750549316406,22.58534812927246,12.671257019042969,2889.218994140625,4.623680114746094,60.12880325317383
2024-05-09,164.0805206298828,238.0233612060547,503.53680419921875,13.164351463317871,,418.8700866699219,22.652311325073242,12.775083541870117,2906.205810546875,4.6619157791137695,61.1304931640625
2024-05-10,163.7996826171875,237.96636962890625,505.63446044921875,13.293964385986328,264.17694091796875,423.28424072265625,22.843629837036133,12.839975357055664,2943.67578125,4.644710063934326,61.42564010620117
2024-05-13,163.25555419921875,237.69091796875,504.4358215332031,13.344757080078125,260.6714782714844,423.6642761230469,22.910593032836914,12.891888618469238,2934.682861328125,4.673387050628662,61.48824691772461
2024-05-14,163.7119140625,236.07630920410156,501.7388000488281,13.290460586547852,254.67416381835938,421.06256103515625,23.07321548461914,12.826996803283691,2898.711669921875,4.712578296661377,61.103668212890625
2024-05-15,164.0102996826172,238.96365356445312,496.39483642578125,13.23441219329834,258.7523193359375,419.8055725097656,22.843629837036133,12.705865859985352,2866.73681640625,4.709711074829102,60.343441009521484
2024-05-16,162.4305877685547,244.1304168701172,488.8092346191406,12.943660736083984,258.8389587402344,418.70440673828125,23.530004501342773,12.701539039611816,2827.03369140625,4.718313694000244,59.44012451171875
2024-05-17,162.92205810546875,249.50616455078125,490.8072204589844,12.985698699951172,,421.4620666503906,23.46233367919922,12.86593246459961,2802.550537109375,4.746035099029541,59.87836456298828
2024-05-20,165.63682556152344,252.83984375,490.7572937011719,13.040850639343262,,421.54974365234375,23.36566162109375,12.943803787231445,2802.051025390625,4.624636173248291,59.923091888427734
2024-05-21,164.904541015625,251.36773681640625,490.3077087402344,12.97680377960205,264.90277099609375,423.9176025390625,23.278656005859375,12.874585151672363,2801.55126953125,4.513751983642578,59.38646697998047
2024-05-22,163.24354553222656,251.35824584960938,481.2168273925781,12.854043960571289,263.4301452636719,423.6740417480469,23.123981475830078,12.788061141967773,2758.58154296875,4.471692085266113,58.28638458251953
2024-05-23,162.27908325195312,249.7910919189453,482.06597900390625,12.887846946716309,268.930908203125,421.2476806640625,22.949970245361328,12.900541305541992,2770.57275390625,4.497501850128174,58.760406494140625
2024-05-24,162.7434539794922,251.32022094726562,482.5155334472656,12.795333862304688,261.6109619140625,424.43408203125,23.036975860595703,12.896215438842773,2770.072998046875,4.50897216796875,59.0197639465332
2024-05-27,164.02938842773438,,,12.971466064453125,263.0403137207031,,23.18198585510254,13.021673202514648,,4.523310661315918,59.38646697998047
2024-05-28,162.1183319091797,251.33921813964844,486.51153564453125,12.950116157531738,261.30780029296875,418.9285583496094,23.1433162689209,13.108196258544922,2778.5673828125,4.532869815826416,59.153926849365234
2024-05-29,159.99295043945312,247.1981658935547,488.60943603515625,12.797113418579102,260.3116149902344,415.2841491699219,22.408607482910156,13.021673202514648,2799.552734375,4.344558238983154,58.697792053222656
2024-05-30,161.1181640625,247.4166259765625,484.7632751464844,12.781100273132324,258.1459655761719,419.1136779785156,23.11431312561035,12.848628997802734,2795.055908203125,4.34742546081543,58.41160202026367
2024-05-31,161.1538848876953,253.30523681640625,487.66033935546875,12.894964218139648,262.34735107421875,424.3853759765625,23.355995178222656,12.99571704864502,2809.545654296875,4.326395511627197,59.93204116821289
2024-06-03,163.15423583984375,257.3038024902344,480.7173767089844,12.825579643249512,263.213623046875,423.2257995605469,23.5396728515625,12.826996803283691,2780.56591796875,4.412426471710205,58.957157135009766
2024-06-04,162.7613067626953,256.72442626953125,462.4356994628906,12.466198921203613,253.03500366210938,421.4661865234375,23.027307510375977,12.606364250183105,2721.107177734375,4.294851303100586,57.53511047363281
2024-06-05,164.9224090576172,256.7528991699219,459.9382019042969,12.405709266662598,255.2872772216797,425.3177795410156,22.582616806030273,12.541471481323242,2715.611083984375,4.308233261108398,57.883914947509766
2024-06-06,165.65469360351562,256.1736145019531,462.6854248046875,12.516013145446777,254.9407501220703,424.1153869628906,22.766292572021484,12.60203742980957,2734.597900390625,4.274777412414551,58.10750961303711
2024-06-07,167.2442626953125,265.4908752441406,462.2358703613281,12.446627616882324,258.27587890625,423.9687805175781,22.62128257751465,12.627995491027832,2730.6005859375,4.212644100189209,58.08068084716797
2024-06-10,165.14744567871094,268.1312255859375,470.3777160644531,12.549816131591797,259.14215087890625,422.3068542480469,22.51494789123535,12.718842506408691,2755.583251953125,4.078818321228027,58.3221549987793
2024-06-11,162.96669006347656,266.70654296875,467.8802490234375,12.443070411682129,258.4491882324219,425.70880126953125,21.915578842163086,12.50686264038086,2748.587890625,4.004258155822754,57.32940673828125
2024-06-12,166.22799682617188,268.8340759277344,464.43365478515625,12.402152061462402,258.6224060058594,424.4281921386719,21.770570755004883,12.385730743408203,2742.592529296875,4.021463871002197,57.18629837036133
2024-06-13,160.3930206298828,270.9805603027344,459.5386657714844,12.202890396118164,252.25538635253906,429.9318542480469,21.46122169494629,12.247294425964355,2722.106689453125,3.9258744716644287,55.72847366333008
2024-06-14,156.4637451171875,261.32135009765625,459.5386657714844,12.01608657836914,250.9560089111328,427.1458435058594,21.09386444091797,12.377079010009766,2709.115478515625,3.9249186515808105,54.93247985839844
2024-06-17,157.5443115234375,259.393310546875,460.1879577636719,12.039214134216309,250.1330108642578,430.7432556152344,21.103530883789062,12.368426322937012,2724.10546875,3.985140085220337,55.45121383666992
2024-06-18,159.39105224609375,260.9034729003906,466.3817443847656,12.261602401733398,251.56236267089844,430.1469421386719,21.35487937927246,12.545798301696777,2731.60009765625,4.098891735076904,56.220375061035156
2024-06-19,158.52662658691406,,465.88226318359375,12.36301040649414,250.869384765625,,21.258209228515625,12.60203742980957,2746.089599609375,4.13234806060791,55.95771026611328
2024-06-20,161.39498901367188,258.4055480957031,470.0281066894531,12.571165084838867,253.7713623046875,432.6983642578125,21.6448974609375,12.692887306213379,2765.576416015625,4.2059526443481445,56.43775939941406
2024-06-21,160.00010681152344,259.2033386230469,470.527587890625,12.39681339263916,253.72804260253906,432.8157043457031,21.238872528076172,12.68856143951416,2775.0693359375,3.9927871227264404,55.94865036010742
2024-06-24,161.8468475341797,257.2943420410156,473.67437744140625,12.564048767089844,254.6376190185547,433.1969909667969,21.403217315673828,12.805366516113281,2792.5576171875,4.030067443847656,56.61891174316406
2024-06-25,163.57574462890625,253.6757354736328,473.4246520996094,12.663679122924805,256.6733093261719,431.2711181640625,21.161537170410156,12.766430854797363,2805.548583984375,3.923006534576416,56.954044342041016
2024-06-26,161.9058074951172,250.4559326171875,470.0780334472656,12.667237281799316,258.795654296875,428.5828552246094,20.658842086791992,12.67990779876709,2789.059814453125,3.8283727169036865,56.19321060180664
2024-06-27,160.58949279785156,249.85757446289062,472.3257751464844,12.73306655883789,261.6109619140625,430.34246826171875,20.53316879272461,12.666930198669434,2811.544189453125,3.814990282058716,56.19321060180664
2024-06-28,158.4283905029297,245.0896759033203,474.7234191894531,12.768646240234375,263.3002014160156,428.9640808105469,20.658842086791992,12.749126434326172,2832.030029296875,3.859917402267456,56.45587921142578
2024-07-01,159.74468994140625,236.5400390625,478.0200500488281,12.926986694335938,264.6429138183594,419.3155517578125,20.581504821777344,12.878911018371582,2855.513671875,3.912491798400879,57.6152458190918
2024-07-02,160.00010681152344,240.0402374267578,484.2138671875,12.923429489135742,265.2926025390625,420.43975830078125,20.436492919921875,13.09089183807373,2867.505126953125,3.9038889408111572,57.97755432128906
2024-07-03,161.2967529296875,241.95291137695312,482.1658935546875,12.864718437194824,264.8594970703125,423.2257995605469,20.784515380859375,12.909193992614746,2849.01806640625,4.053008556365967,58.72027587890625
2024-07-04,162.4755401611328,,489.8081970214844,12.992814064025879,265.42254638671875,,20.939191818237305,13.09719181060791,2897.984130859375,4.041538238525391,59.58980178833008
2024-07-05,160.56985473632812,241.63731384277344,481.71636962890625,12.857604026794434,262.6505126953125,425.94342041015625,20.77484703063965,12.864432334899902,2860.01025390625,3.986095905303955,59.200321197509766
2024-07-08,160.86453247070312,243.7699432373047,474.1739196777344,12.722390174865723,255.11404418945312,425.96295166015625,20.504165649414062,12.627195358276367,2833.02978515625,3.917271137237549,58.584407806396484
2024-07-09,157.95687866210938,243.5786895751953,453.79437255859375,12.553376197814941,252.73184204101562,421.5248107910156,20.0498046875,12.318342208862305,2832.030029296875,3.8245489597320557,57.26199722290039
2024-07-10,159.23390197753906,244.4967803955078,454.1940002441406,12.613865852355957,249.78648376464844,425.1907043457031,20.09814453125,12.524245262145996,2831.030517578125,3.83984375,57.09896469116211
2024-07-11,160.55020141601562,246.73460388183594,451.3468017578125,12.6316556930542,249.35342407226562,425.1320495605469,20.32048797607422,12.287010192871094,2813.04345703125,3.875211477279663,56.89969253540039
2024-07-12,163.16317749023438,249.9000701904297,453.0451354980469,12.715274810791016,251.51907348632812,430.81170654296875,20.85218620300293,12.349675178527832,2810.545166015625,3.8713884353637695,57.5156135559082
2024-07-15,160.275146484375,248.49423217773438,448.94927978515625,12.665458679199219,251.6489715576172,428.3482360839844,20.939191818237305,12.228818893432617,2805.548583984375,3.8331525325775146,57.316349029541016
2024-07-16,159.82327270507812,255.84844970703125,446.1520690917969,12.464420318603516,249.44003295898438,435.72882080078125,20.41716194152832,12.072154998779297,2780.56591796875,3.762415647506714,56.428707122802734
2024-07-17,161.8075714111328,258.6601257324219,452.2459716796875,12.572944641113281,253.2948455810547,439.20892333984375,20.581504821777344,12.036345481872559,2796.5546875,3.763371706008911,56.908756256103516
2024-07-18,162.2201385498047,254.9495391845703,458.53961181640625,12.711715698242188,257.2363586425781,436.0318908691406,20.465496063232422,11.964727401733398,2832.52978515625,3.7662394046783447,57.78733825683594
2024-07-19,160.15725708007812,251.4302215576172,456.84130859375,12.524909019470215,254.81088256835938,434.77081298828125,20.06913948059082,11.897584915161133,2791.55810546875,3.6868999004364014,56.818180084228516
2024-07-22,162.27908325195312,237.6972198486328,457.34075927734375,12.517792701721191,252.90513610839844,436.09051513671875,20.17548179626465,11.875205993652344,2791.058349609375,3.7012381553649902,57.189544677734375
2024-07-23,163.33998107910156,244.82192993164062,450.1979675292969,12.476873397827148,250.1330108642578,437.37109375,19.895130157470703,11.879681587219238,2745.0908203125,3.6486637592315674,56.274723052978516
2024-07-24,162.67201232910156,248.83851623535156,452.5955810546875,12.505339622497559,249.48330688476562,433.80303955078125,20.136808395385742,11.852824211120605,2762.078857421875,3.607560157775879,56.57362365722656
2024-07-25,161.9058074951172,247.34666442871094,453.0451354980469,12.471536636352539,246.3647918701172,433.0893859863281,20.078807830810547,11.776729583740234,2760.079833984375,3.699326276779175,56.12980651855469
2024-07-26,164.36160278320312,249.58447265625,454.0440979003906,12.887846946716309,246.66796875,441.26177978515625,20.0498046875,11.655874252319336,2777.567626953125,3.413512945175171,56.274723052978516
2024-07-29,162.5737762451172,254.13662719726562,452.545654296875,13.01416301727295,247.7508087158203,439.8638916015625,20.059473037719727,11.669301986694336,2769.5732421875,3.270128011703491,55.921478271484375
2024-07-30,164.6366424560547,252.69256591796875,451.1969909667969,13.023058891296387,244.7188720703125,440.7339782714844,19.933799743652344,11.669301986694336,2764.57666015625,3.306452512741089,56.22943878173828
2024-07-31,165.7957763671875,252.32913208007812,458.3898010253906,13.163610458374023,251.21588134765625,443.3244934082031,20.243152618408203,11.794634819030762,2838.026123046875,3.3829243183135986,56.59173583984375
2024-08-01,162.96669006347656,274.9178161621094,453.4447021484375,12.942999839782715,251.34580993652344,443.1680603027344,19.324764251708984,11.727492332458496,2823.036376953125,3.2605693340301514,56.075462341308594
2024-08-02,160.58949279785156,269.4380187988281,444.3538513183594,12.645889282226562,246.8845672607422,443.8132629394531,18.773733139038086,11.445494651794434,2775.0693359375,3.282554864883423,55.378021240234375
2024-08-05,160.11798095703125,266.3107604980469,430.56768798828125,12.395034790039062,239.91116333007812,433.54888916015625,18.4305477142334,11.060545921325684,2691.627685546875,3.1688029766082764,53.89258575439453
2024-08-06,158.4480438232422,266.3968200683594,430.2680358886719,12.384361267089844,241.25384521484375,435.660400390625,18.894575119018555,11.091879844665527,2706.616943359375,3.273951530456543,53.64802932739258
2024-08-07,160.68772888183594,265.3257751464844,436.81146240234375,12.645889282226562,246.27816772460938,431.9456481933594,19.37310028076172,11.284353256225586,2768.574462890625,3.2720401287078857,55.17875289916992
2024-08-08,159.86257934570312,267.01849365234375,430.8770446777344,12.692144393920898,252.94839477539062,437.4981994628906,19.33443260192871,11.266448974609375,2773.071044921875,3.264392852783203,55.169700622558594
2024-08-09,160.70736694335938,266.081298828125,433.3749084472656,12.722390174865723,255.20065307617188,436.9898681640625,19.421436309814453,11.347020149230957,2774.070556640625,3.2261569499969482,55.568233489990234
2024-08-12,159.43035888671875,261.968994140625,439.2198181152344,12.859382629394531,263.3435363769531,436.7552490234375,19.44077491760254,11.427590370178223,2797.0546875,3.1735823154449463,55.90336990356445
2024-08-13,159.84292602539062,264.4746398925781,436.6220703125,12.768646240234375,257.2363586425781,439.6097412109375,19.10725212097168,11.418638229370117,2779.067138671875,3.1506407260894775,55.55917739868164
2024-08-14,160.66807556152344,264.417236328125,436.6220703125,12.743739128112793,256.5000915527344,441.0565185546875,19.058914184570312,11.351496696472168,2805.048828125,2.9508581161499023,55.66786575317383
2024-08-15,162.2004852294922,261.9211730957031,443.0665283203125,,257.4096374511719,445.9052429199219,19.44077491760254,11.476827621459961,2803.811279296875,2.972843647003174,56.59173583984375
2024-08-16,162.9470672607422,263.98687744140625,440.868408203125,12.896742820739746,258.0620422363281,446.5700378417969,19.537443161010742,11.445494651794434,2788.3203125,2.992917776107788,56.45587921142578
2024-08-19,162.4755401611328,262.19854736328125,441.667724609375,13.003487586975098,260.59423828125,448.29046630859375,19.991802215576172,11.490257263183594,2811.306640625,3.1018898487091064,56.990272521972656
2024-08-20,162.29872131347656,261.48126220703125,429.478271484375,12.893183708190918,255.66311645507812,447.7919006347656,19.88546371459961,11.355972290039062,2731.354736328125,3.0053441524505615,56.12980651855469
2024-08-21,162.63270568847656,263.4895935058594,430.0278015136719,12.91275405883789,253.1309051513672,451.389404296875,20.165813446044922,11.270925521850586,2716.863525390625,3.094242811203003,56.274723052978516
2024-08-22,162.08261108398438,262.4471740722656,425.8314208984375,12.811345100402832,249.17715454101562,451.3503112792969,19.943466186523438,11.230640411376953,2706.369873046875,3.026373863220215,55.81278991699219
2024-08-23,162.98634338378906,263.8147277832031,428.9287109375,12.985697746276855,251.0429229736328,455.2898254394531,20.156145095825195,11.302258491516113,2718.3623046875,3.0617425441741943,56.30189514160156
2024-08-26,163.2417449951172,266.588134765625,,13.1084566116333,255.2188720703125,457.9488220214844,20.310819625854492,11.338068008422852,,3.0598304271698,56.93592834472656
2024-08-27,162.5934295654297,265.7752380371094,431.7762756347656,13.078211784362793,253.53077697753906,461.74176025390625,20.10780906677246,11.311211585998535,2723.359375,3.0617425441741943,56.80912399291992
2024-08-28,164.24371337890625,264.7041320800781,431.1767883300781,13.051525115966797,254.3303680419922,462.23052978515625,20.349491119384766,11.141117095947266,2694.377197265625,3.045492172241211,56.52833938598633
2024-08-29,166.3458709716797,265.0006103515625,434.3740234375,13.170724868774414,253.17535400390625,462.1230163574219,20.47516441345215,11.132165908813477,2709.367919921875,3.083728075027466,56.80006408691406
2024-08-30,165.73684692382812,266.6742248535156,429.02862548828125,13.053304672241211,250.1100311279297,467.5191955566406,20.465496063232422,11.150069236755371,2679.385986328125,3.05505108833313,56.329071044921875
2024-09-02,165.9333038330078,,429.8779296875,13.076432228088379,250.1100311279297,,20.62017059326172,11.105308532714844,2682.884033203125,3.156376361846924,56.59173583984375
2024-09-03,166.3851776123047,263.17401123046875,415.9899597167969,12.747298240661621,243.00213623046875,463.4133605957031,19.556779861450195,10.80540657043457,2610.427490234375,3.027330160140991,54.807395935058594
2024-09-04,165.38320922851562,262.6767272949219,413.4920959472656,12.599632263183594,242.64675903320312,462.893798828125,19.35376739501953,10.693503379821777,2580.94580078125,2.9661524295806885,54.49944305419922
2024-09-05,160.21621704101562,261.6055908203125,411.3439636230469,12.6316556930542,241.84707641601562,456.4130859375,19.498775482177734,10.697979927062988,2572.9501953125,2.8992395401000977,54.852684020996094
2024-09-06,159.48928833007812,256.9769287109375,405.3491516113281,12.443070411682129,239.84800720214844,447.9126892089844,19.33443260192871,10.496553421020508,2514.485595703125,2.846665143966675,54.21865463256836
2024-09-09,163.2613983154297,261.8638000488281,406.2983093261719,12.524909019470215,239.18165588378906,454.0207824707031,19.46977424621582,10.572648048400879,2544.46728515625,2.7759287357330322,55.214988708496094
2024-09-10,165.9922332763672,263.2122497558594,397.1062927246094,12.24203109741211,234.5614776611328,454.6482849121094,19.044414520263672,10.398077964782715,2506.989990234375,2.653573751449585,54.22771453857422
2024-09-11,166.1297607421875,265.5839538574219,397.90557861328125,12.21534538269043,234.8724365234375,456.0110778808594,19.025081634521484,10.40703010559082,2508.48876953125,2.654529571533203,54.517547607421875
2024-09-12,166.7191619873047,267.7930908203125,402.6514892578125,12.320313453674316,236.5605926513672,458.1974792480469,19.47943878173828,10.559219360351562,2535.472900390625,2.696589231491089,55.169700622558594
2024-09-13,167.2103271484375,271.7236328125,403.8504333496094,12.460862159729004,239.09278869628906,459.6387023925781,19.84679412841797,10.612933158874512,2552.96240234375,2.8447532653808594,55.31462097167969
2024-09-16,166.522705078125,276.25665283203125,405.79876708984375,12.555154800415039,238.02658081054688,465.619384765625,19.827457427978516,10.505505561828613,2536.971435546875,2.7663698196411133,55.45048522949219
2024-09-17,167.13172912597656,278.41796875,410.0950927734375,12.649447441101074,236.96041870117188,462.4329528808594,20.252817153930664,10.492076873779297,2559.458251953125,2.851444721221924,55.613521575927734
2024-09-18,164.83311462402344,274.75518798828125,409.9951171875,12.67613410949707,236.0719451904297,457.8935241699219,20.397825241088867,10.505505561828613,2552.462646484375,2.925048589706421,55.45954132080078
2024-09-19,168.03546142578125,275.1568908691406,417.0889892578125,12.857604026794434,232.7845001220703,459.9916687011719,21.171201705932617,10.6084566116333,2593.437744140625,3.056962728500366,56.745723724365234
2024-09-20,164.7545166015625,275.4055480957031,409.1958312988281,12.70460033416748,231.89601135253906,462.6780700683594,20.77484703063965,10.451791763305664,2560.4580078125,2.99674129486084,56.14792251586914
2024-09-23,167.58360290527344,279.29779052734375,411.3939208984375,12.767977714538574,237.80447387695312,468.02142333984375,20.726512908935547,10.532362937927246,2575.44873046875,3.0684337615966797,56.26567077636719
2024-09-24,169.7447052001953,282.6832580566406,409.7952880859375,12.822300910949707,237.3157958984375,469.9725341796875,21.712566375732422,10.545790672302246,2570.45166015625,3.099022388458252,56.79100799560547
2024-09-25,168.95884704589844,282.80755615234375,399.9038391113281,12.672005653381348,233.2287139892578,467.67828369140625,21.470884323120117,10.47864818572998,2530.475830078125,3.0923309326171875,55.69022750854492
2024-09-26,171.1199493408203,286.38427734375,383.51806640625,12.286303520202637,227.54238891601562,472.2569274902344,22.485942840576172,10.380173683166504,2413.546142578125,3.1735823154449463,54.396812438964844
2024-09-27,173.06492614746094,287.2449645996094,387.8143310546875,12.376842498779297,233.67298889160156,470.12939453125,22.650287628173828,10.523409843444824,2422.541015625,3.2815990447998047,54.25921630859375
2024-09-30,170.19656372070312,284.7393798828125,391.3612976074219,12.387710571289062,236.96041870117188,467.5312194824219,22.756629943847656,10.603981018066406,2423.5400390625,3.321746587753296,53.662960052490234
2024-10-01,167.91758728027344,280.37164306640625,400.6532287597656,12.576032638549805,241.44729614257812,465.7272033691406,22.746959686279297,10.689026832580566,2476.508056640625,3.269172191619873,54.40599060058594
2024-10-02,167.97653198242188,278.99591064453125,406.2484436035156,12.782464027404785,250.59873962402344,466.5311584472656,22.756629943847656,10.72036075592041,2519.482666015625,3.282554864883423,55.62601852416992
2024-10-03,164.38124084472656,274.74359130859375,408.64630126953125,12.771600723266602,250.8652801513672,460.560302734375,22.437606811523438,10.85912036895752,2562.45654296875,3.268216371536255,56.433258056640625
2024-10-04,164.6366424560547,274.6666564941406,416.4895324707031,12.968977928161621,255.2188720703125,459.02099609375,22.572952270507812,11.015785217285156,2575.94873046875,3.2672605514526367,57.46982192993164
2024-10-07,164.67593383789062,300.8249206542969,421.7349548339844,13.131948471069336,246.46722412109375,454.17767333984375,22.44727325439453,11.114259719848633,2636.412109375,3.181229591369629,58.0477294921875
2024-10-08,165.9136505126953,298.5833435058594,406.0984802246094,12.851274490356445,241.00302124023438,460.2563781738281,21.66423225402832,10.791977882385254,2574.448974609375,3.1076254844665527,56.94695281982422
2024-10-09,166.32623291015625,302.0563659667969,406.04852294921875,12.825923919677734,237.715576171875,460.38385009765625,21.82857322692871,10.774073600769043,2584.443359375,3.206083059310913,56.855220794677734
2024-10-10,167.01385498046875,302.67205810546875,410.4947204589844,12.912842750549316,241.93592834472656,460.2367858886719,21.857576370239258,10.787501335144043,2591.43896484375,3.157332181930542,57.249664306640625
2024-10-11,167.7604217529297,304.644287109375,409.0959167480469,12.96716594696045,243.31309509277344,464.766357421875,21.92524528503418,10.756168365478516,2590.439453125,3.10475754737854,57.21297836303711
2024-10-14,169.0570831298828,308.1846618652344,408.0468444824219,12.996138572692871,243.890625,468.23712158203125,21.770570755004883,10.680075645446777,2587.94140625,3.040712594985962,57.32305145263672
2024-10-15,168.78204345703125,310.96502685546875,392.16058349609375,12.64303207397461,236.02749633789062,471.3058776855469,21.325876235961914,10.465219497680664,2500.99365234375,3.0091679096221924,54.571102142333984
2024-10-16,168.84097290039062,314.3033447265625,395.1080322265625,12.708221435546875,236.3384246826172,474.511962890625,21.325876235961914,10.483124732971191,2530.9755859375,3.0196828842163086,54.49772262573242
2024-10-17,169.56788635253906,316.29473876953125,399.65411376953125,12.822300910949707,236.24961853027344,476.5512390136719,21.374216079711914,10.496553421020508,2552.96240234375,3.0349771976470947,54.83712387084961
2024-10-18,170.609130859375,319.49847412109375,399.2544250488281,12.767977714538574,233.67298889160156,476.93365478515625,21.731901168823242,10.492076873779297,2534.972900390625,3.312187433242798,54.72705078125
2024-10-21,168.84097290039062,318.9789123535156,404.4998779296875,12.907408714294434,237.3157958984375,473.9040222167969,21.3935489654541,10.577123641967773,2549.464111328125,3.264392852783203,54.983890533447266
2024-10-22,167.89793395996094,317.83404541015625,406.0984802246094,12.927329063415527,239.18165588378906,472.5216369628906,21.422550201416016,10.697979927062988,2562.45654296875,3.1162283420562744,55.26826477050781
2024-10-23,166.3065948486328,314.22637939453125,402.35174560546875,12.83859920501709,237.715576171875,468.090087890625,21.238872528076172,10.6218843460083,2537.97119140625,3.0636539459228516,55.04811096191406
2024-10-24,164.93133544921875,309.8778381347656,401.4524841308594,12.880247116088867,244.06834411621094,465.17816162109375,21.229206085205078,10.6218843460083,2540.4697265625,3.1410818099975586,55.11232376098633
2024-10-25,164.47947692871094,305.9526672363281,404.54986572265625,13.063138008117676,251.08740234375,464.49188232421875,21.490222930908203,10.711408615112305,2548.964599609375,3.17167067527771,55.28661346435547
2024-10-28,167.15138244628906,306.18359375,398.7548828125,12.851274490356445,241.22515869140625,466.6880798339844,22.215261459350586,10.568171501159668,2514.485595703125,3.196523904800415,54.791259765625
2024-10-29,165.7957763671875,303.33587646484375,378.9219970703125,12.708221435546875,241.6693878173828,465.3742370605469,22.157257080078125,10.420459747314453,2480.506103515625,3.191744565963745,54.488548278808594
2024-10-30,162.96669006347656,300.90185546875,373.72650146484375,12.668383598327637,240.33663940429688,464.138916015625,21.915578842163086,10.465219497680664,2489.0009765625,3.0980663299560547,54.250038146972656
2024-10-31,161.74862670898438,298.74688720703125,376.32427978515625,12.686491012573242,234.6058807373047,447.2263488769531,21.92524528503418,10.250364303588867,2576.94775390625,3.0617425441741943,52.65391540527344
2024-11-01,163.35963439941406,297.4769592285156,377.8729553222656,12.70641040802002,230.11900329589844,448.3636779785156,21.92524528503418,10.380173683166504,2577.447265625,3.011079788208008,53.112579345703125
2024-11-04,162.18084716796875,294.475341796875,381.6696472167969,12.695545196533203,231.2740478515625,449.3539123535156,21.983247756958008,10.509981155395508,2592.438720703125,3.076080799102783,53.27769088745117
2024-11-05,163.37928771972656,294.7447204589844,384.7669677734375,12.780653953552246,231.3629150390625,445.9909973144531,22.263599395751953,10.689026832580566,2606.9296875,3.2768192291259766,53.47032928466797
2024-11-06,160.0393829345703,295.0910949707031,386.165771484375,12.679247856140137,220.78985595703125,453.5796203613281,22.360267639160156,10.545790672302246,2590.939208984375,3.1257874965667725,52.80986022949219
2024-11-07,160.23585510253906,300.9499816894531,381.232177734375,12.757113456726074,221.9893341064453,456.3640441894531,23.810352325439453,10.577123641967773,2597.93505859375,3.341820478439331,52.96580505371094
2024-11-08,158.64450073242188,301.113525390625,373.0379333496094,12.612248420715332,222.70010375976562,450.4912414550781,23.336660385131836,10.286173820495605,2562.956298828125,3.2519659996032715,52.14021682739258
2024-11-11,160.80560302734375,301.9986267089844,372.7381591796875,12.684680938720703,225.2322998046875,447.51068115234375,23.20966911315918,10.313032150268555,2548.465087890625,3.181229591369629,52.43376159667969
2024-11-12,156.75845336914062,299.31451416015625,367.0421142578125,12.505411148071289,223.27764892578125,446.6773376464844,22.135147094726562,10.210079193115234,2516.484130859375,3.1611557006835938,51.11282730102539
2024-11-13,158.13368225097656,301.0173645019531,369.7901916503906,12.420303344726562,222.3447265625,447.3146057128906,22.09607696533203,10.178746223449707,2523.47998046875,3.1267433166503906,51.22290802001953
2024-11-14,159.56788635253906,303.8938903808594,378.9837646484375,12.684680938720703,234.0283660888672,444.6183776855469,22.96546173095703,10.344364166259766,2530.246826171875,3.1496851444244385,52.42458724975586
2024-11-15,157.95687866210938,305.0675964355469,382.43133544921875,12.762545585632324,240.86976623535156,440.3143310546875,23.434341430664062,10.456268310546875,2559.732421875,3.1936562061309814,52.754817962646484
2024-11-18,157.4067840576172,315.4481506347656,386.8282775878906,12.808632850646973,239.49952697753906,439.794677734375,23.551565170288086,10.689026832580566,2587.718505859375,3.1936562061309814,53.29603576660156
2024-11-19,156.42446899414062,315.55401611328125,382.53125,12.659309387207031,240.8257598876953,435.3729248046875,23.453880310058594,10.55026626586914,2571.226806640625,3.6285898685455322,52.7181282043457
2024-11-20,155.26531982421875,315.40966796875,381.2821350097656,12.653779029846191,247.1825408935547,441.333984375,23.27804946899414,10.586075782775879,2549.7373046875,3.708885431289673,52.62639236450195
2024-11-21,156.444091796875,316.4006042480469,388.3271789550781,12.733049392700195,253.81370544433594,446.1675109863281,23.3561954498291,10.635313034057617,2595.71435546875,3.7117531299591064,52.45210647583008
2024-11-22,157.4067840576172,319.2386474609375,392.4243469238281,12.827068328857422,249.24050903320312,445.8831787109375,23.434341430664062,10.612933158874512,2601.711669921875,3.631457805633545,52.369544982910156
2024-11-25,156.1494140625,321.2974548339844,387.57769775390625,12.664839744567871,248.05145263671875,446.7753601074219,23.336658477783203,10.639790534973145,2572.725830078125,3.709841251373291,51.25959396362305
2024-11-26,154.20440673828125,322.07672119140625,383.18084716796875,12.403063774108887,243.29527282714844,447.6676025390625,22.45750617980957,10.603981018066406,2553.235595703125,3.603736639022827,50.38814926147461
2024-11-27,153.5167999267578,320.5758972167969,383.8803405761719,12.366192817687988,246.2678680419922,448.1773986816406,22.613798141479492,10.47864818572998,2536.744140625,3.681164503097534,49.62677001953125
2024-11-28,153.5167999267578,,385.1794128417969,12.373567581176758,243.93557739257812,,23.07291603088379,10.501029014587402,2530.246826171875,3.681164503097534,49.73685073852539
2024-11-29,154.49911499023438,321.6437683105469,384.37994384765625,12.356975555419922,244.39288330078125,451.9716796875,23.287817001342773,10.586075782775879,2530.246826171875,3.7012381553649902,50.424835205078125
2024-12-02,156.71914672851562,322.8848571777344,380.33282470703125,12.29798412322998,245.21607971191406,450.6971435546875,23.61017417907715,10.44731616973877,2512.755859375,3.709841251373291,49.35157775878906
2024-12-03,157.190673828125,318.0938720703125,387.327880859375,12.41596794128418,248.09716796875,450.52008056640625,23.3952693939209,10.339888572692871,2554.73486328125,3.6926350593566895,49.66346740722656
2024-12-04,158.31051635742188,315.0537414550781,384.0802001953125,12.430717468261719,244.30140686035156,451.828125,23.082679748535156,10.245888710021973,2529.24755859375,3.8044753074645996,49.47999954223633
2024-12-05,158.80166625976562,309.7528076171875,378.9338073730469,12.401220321655273,242.47215270996094,441.1383972167969,23.47341537475586,10.147414207458496,2492.765380859375,3.820725440979004,49.590084075927734
2024-12-06,159.19459533691406,307.9633483886719,377.48480224609375,12.369879722595215,237.9904022216797,441.984130859375,23.59063720703125,10.102652549743652,2476.7734375,3.832195997238159,49.74602508544922
2024-12-09,158.80166625976562,304.60577392578125,393.5735168457031,12.438090324401855,244.02699279785156,435.2379150390625,24.04975128173828,10.16531753540039,2535.244384765625,3.941169023513794,50.41566467285156
2024-12-10,157.21031188964844,303.2492980957031,395.22235107421875,12.355132102966309,242.74649047851562,437.4309387207031,24.010677337646484,10.232460975646973,2521.251220703125,3.941169023513794,49.856101989746094
2024-12-11,157.13172912597656,300.5074462890625,393.7733459472656,12.327479362487793,242.01480102539062,433.2218933105469,24.020444869995117,10.156366348266602,2491.266357421875,4.00616979598999,49.05803298950195
2024-12-12,157.07278442382812,299.0932312011719,396.771240234375,12.277705192565918,237.71597290039062,431.2256164550781,23.717626571655273,10.174270629882812,2503.760009765625,4.0205078125,48.957130432128906
2024-12-13,156.87632751464844,300.44970703125,395.67205810546875,12.255582809448242,235.56654357910156,428.07867431640625,23.18036460876465,10.129508972167969,2497.263671875,3.9354333877563477,48.94795608520508
2024-12-16,156.4833984375,295.08148193359375,384.8296203613281,12.074919700622559,232.22808837890625,421.1947937011719,23.06314468383789,10.08027172088623,2457.283203125,3.922050952911377,47.9664306640625
2024-12-17,156.09046936035156,293.1477355957031,379.83319091796875,11.783648490905762,231.67930603027344,423.06329345703125,22.37936019897461,9.869893074035645,2412.305419921875,3.9191830158233643,47.4068717956543
2024-12-18,155.46177673339844,284.10443115234375,383.130859375,11.883195877075195,230.032958984375,415.26483154296875,22.320749282836914,9.972844123840332,2417.802978515625,3.897197723388672,47.88387680053711
2024-12-19,152.75057983398438,282.045654296875,378.7839050292969,11.781803131103516,233.32568359375,412.6293029785156,21.93977928161621,9.865416526794434,2404.3095703125,3.793004274368286,47.636199951171875
2024-12-20,152.63270568847656,283.7965087890625,378.7839050292969,11.72834300994873,232.7311553955078,417.2710266113281,21.744415283203125,9.860940933227539,2393.314697265625,3.7413859367370605,47.59950637817383
2024-12-23,151.5128631591797,282.4111633300781,380.43280029296875,11.708063125610352,233.7372589111328,415.3238525390625,21.6174259185791,9.95046329498291,2407.807373046875,3.723223924636841,47.56281280517578
2024-12-24,151.61109924316406,284.7875061035156,380.98236083984375,,,418.706787109375,21.754182815551758,10.02208137512207,2427.797607421875,,47.70957946777344
2024-12-26,,283.8830871582031,,,,417.2808532714844,,,,,
2024-12-27,153.1435089111328,281.6992492675781,385.1794128417969,11.94034481048584,239.63673400878906,415.96307373046875,21.69556999206543,10.102652549743652,2439.291748046875,3.7805778980255127,48.38840103149414
2024-12-30,151.88613891601562,277.735595703125,386.4784851074219,12.065702438354492,242.74649047851562,410.7313232421875,21.558813095092773,10.281698226928711,2440.79150390625,3.7805778980255127,48.25080108642578
2024-12-31,154.14547729492188,279.0343933105469,392.72412109375,,,411.7245788574219,21.910476684570312,10.465219497680664,2474.7744140625,,48.957130432128906
2025-01-02,153.10421752929688,274.2139587402344,402.8670349121094,12.40859317779541,254.72833251953125,407.2992248535156,21.988622665405273,10.617408752441406,2525.7490234375,3.836019992828369,50.027896881103516
2025-01-03,151.90579223632812,274.8140869140625,407.6636657714844,12.41596794128418,260.3534240722656,406.6403503417969,20.962940216064453,10.626361846923828,2565.229736328125,3.7251358032226562,50.279296875
2025-01-06,155.38319396972656,274.16552734375,413.7593078613281,12.572665214538574,261.5881652832031,406.0600891113281,21.021554946899414,10.756168365478516,2576.224365234375,3.832195997238159,50.94036865234375
2025-01-07,156.444091796875,277.15655517578125,421.7037658691406,12.592942237854004,267.48760986328125,408.0662841796875,20.845722198486328,10.6084566116333,2615.70458984375,3.756680488586426,51.1917724609375
2025-01-08,154.85275268554688,276.11114501953125,420.1048583984375,12.602161407470703,263.96624755859375,413.0423889160156,20.660123825073242,10.559219360351562,2578.223388671875,3.756680488586426,51.35936737060547
2025-01-09,155.54037475585938,,422.40325927734375,12.662996292114258,264.423583984375,,20.7968807220459,10.787501335144043,2612.20654296875,3.6782965660095215,51.48971939086914
2025-01-10,153.32032775878906,283.6902770996094,424.80157470703125,12.668527603149414,268.996826171875,407.2795715332031,21.129005432128906,10.899337768554688,2623.70068359375,3.6821200847625732,51.44316482543945
2025-01-13,153.7132568359375,292.07281494140625,430.8973083496094,12.786510467529297,272.6553649902344,414.4388122558594,21.246225357055664,11.0903902053833,2661.681884765625,3.6926350593566895,52.06700134277344
2025-01-14,153.1435089111328,298.09356689453125,419.9549865722656,12.668527603149414,265.88702392578125,420.2015686035156,21.334142684936523,10.876038551330566,2671.677001953125,3.786313056945801,51.76905059814453
2025-01-15,153.63467407226562,297.0675354003906,422.70306396484375,12.889747619628906,266.3443298339844,420.8800964355469,21.871402740478516,10.93195629119873,2680.172607421875,3.893373727798462,52.076316833496094
2025-01-16,155.48143005371094,302.0622253417969,428.4989929199219,12.852877616882324,260.6278076171875,425.3153076171875,22.12537956237793,10.7688627243042,2687.669189453125,3.8532261848449707,53.42640686035156
2025-01-17,158.64450073242188,307.6182861328125,433.9951171875,12.98929500579834,261.2223205566406,428.7670593261719,22.193758010864258,10.834100723266602,2719.153564453125,3.995654821395874,53.51020050048828
2025-01-20,159.15530395507812,,429.39837646484375,12.804946899414062,257.42657470703125,,22.70171356201172,10.717604637145996,2721.15234375,3.9794046878814697,53.230873107910156
2025-01-21,158.01580810546875,309.5155334472656,426.55035400390625,12.651934623718262,251.6185302734375,435.119873046875,22.45750617980957,10.65236759185791,2694.165771484375,3.9794046878814697,52.737388610839844
2025-01-22,159.52857971191406,306.8342590332031,425.9507751464844,12.605847358703613,249.65206909179688,435.25762939453125,21.99839210510254,10.61508846282959,2694.665771484375,3.9038889408111572,52.49530792236328
2025-01-23,158.86061096191406,313.6196594238281,423.4525451660156,12.530263900756836,252.89906311035156,433.5169677734375,22.43796730041504,10.605769157409668,2681.671875,4.162937164306641,52.27184295654297
2025-01-24,160.86453247070312,318.7111511230469,419.5552978515625,12.358819961547852,245.07884216308594,431.963134765625,23.16082763671875,10.59644889831543,2618.703125,4.162937164306641,51.99251174926758
2025-01-27,163.00599670410156,316.15570068359375,416.6573181152344,12.360663414001465,245.0331268310547,432.1991271972656,23.19990348815918,10.396076202392578,2582.220947265625,4.454485893249512,51.852848052978516
2025-01-28,163.75254821777344,316.5235900878906,418.0562744140625,12.380940437316895,242.97518920898438,428.2851867675781,23.18036460876465,10.465972900390625,2579.72216796875,4.492722034454346,51.908714294433594
2025-01-29,164.4205322265625,316.8236083984375,416.1076965332031,12.39753246307373,247.50267028808594,431.0486145019531,23.238977432250977,10.503252983093262,2593.715576171875,4.524266242980957,51.95526885986328
2025-01-30,166.1494140625,324.3640441894531,421.2041015625,12.568978309631348,248.32583618164062,438.9748840332031,23.70785903930664,10.563830375671387,2661.681884765625,4.621767997741699,52.29046630859375
2025-01-31,165.6189727783203,324.5189208984375,422.203369140625,12.627969741821289,250.2923126220703,438.71917724609375,23.61017417907715,10.503252983093262,2677.173828125,4.591179370880127,52.504615783691406
2025-02-03,164.83311462402344,327.2389221191406,419.70513916015625,12.563446998596191,250.0179443359375,446.67498779296875,23.20966911315918,10.540531158447266,2625.699462890625,4.468826770782471,52.113555908203125
2025-02-04,165.30462646484375,324.91583251953125,421.90362548828125,12.70539665222168,254.0880889892578,447.2552185058594,23.659015655517578,10.698965072631836,2650.687255859375,4.4066643714904785,53.09120559692383
2025-02-05,164.67593383789062,322.47650146484375,423.65240478515625,12.668527603149414,243.61541748046875,446.1734924316406,23.795774459838867,10.666346549987793,2643.690673828125,4.479681015014648,54.01299285888672
2025-02-06,167.30856323242188,317.6173400878906,428.6988525390625,12.731206893920898,240.3227081298828,453.0376281738281,26.970497131347656,10.717604637145996,2645.190185546875,4.578352451324463,54.571659088134766
2025-02-07,166.1297607421875,300.494140625,432.94586181640625,12.777294158935547,241.64894104003906,447.50103759765625,26.726287841796875,10.759543418884277,2643.690673828125,4.526056289672852,54.82305145263672
2025-02-10,166.77809143066406,300.6005554199219,464.8234558105469,12.799413681030273,249.24050903320312,453.21466064453125,26.56999397277832,10.782841682434082,2638.193603515625,4.526056289672852,54.58096694946289
2025-02-11,167.62289428710938,299.57452392578125,461.9255065917969,12.961644172668457,257.4722595214844,453.0966491699219,26.06203842163086,10.978554725646973,2698.163818359375,4.3948235511779785,54.8044319152832
2025-02-12,167.79971313476562,300.406982421875,468.42095947265625,12.928461074829102,246.81668090820312,450.9528503417969,26.22810173034668,11.24416446685791,2700.162841796875,4.469814300537109,54.944091796875
2025-02-13,170.01976013183594,305.0628967285156,463.5743103027344,12.897120475769043,242.03848266601562,453.4014892578125,27.058412551879883,11.132328987121582,2650.46044921875,4.637555122375488,54.65545654296875
2025-02-14,171.021728515625,305.99212646484375,467.4715881347656,12.939520835876465,242.74493408203125,449.418701171875,26.589529037475586,11.309402465820312,2672.951416015625,4.621767997741699,54.82305145263672
2025-02-17,170.92349243164062,,462.4251403808594,12.97454833984375,237.9879913330078,,27.22447395324707,11.295422554016113,2685.9462890625,5.535465240478516,54.8416748046875
2025-02-18,171.27711486816406,306.8439636230469,462.0754089355469,12.99113941192627,238.31768798828125,458.1022033691406,27.068180084228516,11.328041076660156,2678.948974609375,5.9222564697265625,55.01858139038086
2025-02-19,169.35177612304688,306.892333984375,462.9747314453125,12.954269409179688,245.052734375,454.4045715332031,26.589529037475586,11.346680641174316,2684.94677734375,5.742674827575684,54.66476058959961
2025-02-20,169.7250518798828,304.2110900878906,451.742919921875,12.9561128616333,244.3462677001953,454.2373962402344,26.198795318603516,12.236708641052246,2682.947509765625,5.868974208831787,54.767189025878906
2025-02-21,175.2456817626953,299.96173095703125,447.2455139160156,12.869467735290527,243.16880798339844,450.4021301269531,26.423465728759766,11.845282554626465,2636.4658203125,5.9400177001953125,54.11541748046875
2025-02-24,171.689697265625,299.477783203125,446.24603271484375,12.937678337097168,243.12171936035156,450.9233093261719,26.20856475830078,11.668209075927734,2632.467041015625,6.241952419281006,54.05955123901367
2025-02-25,172.39695739746094,307.1924133300781,436.6515197753906,13.031696319580078,239.21255493164062,459.73468017578125,25.92527961730957,11.57501220703125,2628.46875,6.841874122619629,53.51020050048828
2025-02-26,172.82919311523438,303.7948913574219,430.6549377441406,13.157054901123047,240.24871826171875,453.8931884765625,27.322158813476562,11.56103229522705,2645.962158203125,7.406274318695068,53.78022003173828
2025-02-27,171.4539337158203,302.4010009765625,,12.972704887390137,243.87527465820312,452.644287109375,26.8142032623291,11.458517074584961,2650.9599609375,7.59967041015625,53.836090087890625
2025-02-28,173.49716186523438,306.02117919921875,437.1012878417969,12.769919395446777,242.4623260498047,459.302001953125,26.804433822631836,11.47249698638916,2634.966064453125,7.502972602844238,53.79884338378906
2025-03-03,176.5030517578125,300.6973571777344,432.5038757324219,12.76623249053955,244.487548828125,454.5816345214844,28.132932662963867,11.332700729370117,2655.458251953125,8.296290397644043,54.16197204589844
2025-03-04,174.71524047851562,295.56719970703125,407.7679443359375,12.22608757019043,233.70205688476562,453.696533203125,26.677446365356445,11.039133071899414,2566.992919921875,7.826614856719971,52.7094612121582
2025-03-05,177.72113037109375,301.5975646972656,407.96783447265625,12.115476608276367,229.8870849609375,460.4820556640625,29.471202850341797,11.053112030029297,2527.508544921875,8.878451347351074,52.122867584228516
2025-03-06,177.30856323242188,300.9974365234375,408.8673095703125,12.181843757629395,228.5683135986328,458.4267578125,31.424877166748047,11.025153160095215,2532.0068359375,9.65006160736084,52.4394416809082
2025-03-07,177.11209106445312,306.2728271484375,413.2148742675781,12.47680377960205,237.61119079589844,460.99346923828125,29.77402114868164,10.978554725646973,2553.498291015625,8.983043670654297,52.644287109375
2025-03-10,180.01974487304688,293.9797058105469,418.2120361328125,12.563446998596191,247.784423828125,454.394775390625,28.357608795166016,10.94593620300293,2571.99072265625,8.454164505004883,52.51393508911133
2025-03-11,174.440185546875,288.5300598144531,411.4658508300781,12.486019134521484,243.31008911132812,446.5373229980469,28.045019149780273,10.80614185333252,2551.998779296875,8.392988204956055,52.27184295654297
2025-03-12,176.522705078125,285.2099609375,416.7128601074219,12.581881523132324,240.107421875,443.6853942871094,27.664051055908203,10.79216194152832,2567.49267578125,8.690975189208984,52.728084564208984
2025-03-13,176.11012268066406,283.4676513671875,417.6123352050781,12.587413787841797,244.29917907714844,447.2276611328125,27.927799224853516,10.843420028686523,2601.979248046875,8.596251487731934,53.24018478393555
2025-03-14,177.0924530029297,282.56744384765625,428.7559814453125,12.644560813903809,242.17974853515625,449.43780517578125,28.92417335510254,10.7548828125,2632.467041015625,8.535075187683105,53.52882385253906
2025-03-17,177.30856323242188,286.14892578125,431.6044006347656,12.926616668701172,245.8534393310547,454.183837890625,28.70926856994629,11.062432289123535,2674.950439453125,9.03435230255127,53.584693908691406
2025-03-18,176.79774475097656,282.4706726074219,437.551025390625,13.042757034301758,248.25543212890625,454.5784606933594,29.168384552001953,11.202226638793945,2694.94287109375,10.177953720092773,53.97575759887695
2025-03-19,176.95492553710938,284.580810546875,442.0984191894531,13.214202880859375,251.78781127929688,453.6312561035156,29.66657066345215,11.314062118530273,2739.92529296875,9.865165710449219,54.75787353515625
2025-03-20,174.6366424560547,283.5354309082031,448.2449035644531,13.315593719482422,252.54141235351562,451.65789794921875,28.816720962524414,11.24416446685791,2748.421875,9.474427223205566,54.81373977661133
2025-03-21,174.38125610351562,282.3060607910156,449.74407958984375,13.251072883605957,255.1317901611328,452.23016357421875,28.44552230834961,11.281442642211914,2725.930419921875,9.431011199951172,54.376129150390625
2025-03-24,174.2044219970703,284.0484619140625,440.5492858886719,13.19103717803955,253.0123748779297,452.98004150390625,28.816720962524414,11.146308898925781,2723.931396484375,9.431011199951172,53.96643829345703
2025-03-25,175.56002807617188,283.7677307128906,441.648681640625,13.339250564575195,254.42532348632812,451.3619079589844,28.797182083129883,11.323381423950195,2763.916015625,9.472454071044922,55.26066589355469
2025-03-26,173.61505126953125,285.8004455566406,446.74578857421875,13.49496841430664,259.2764587402344,455.28887939453125,28.250154495239258,11.570352554321289,2829.889892578125,9.80201530456543,57.00643539428711
2025-03-27,173.32034301757812,285.6649169921875,445.746337890625,13.588775634765625,259.6532287597656,458.5450134277344,27.097484588623047,11.663549423217773,2821.39306640625,9.235641479492188,57.10080337524414
2025-03-28,173.2024688720703,282.9062805175781,435.2523193359375,13.414295196533203,257.7221984863281,452.999755859375,26.198795318603516,11.60763168334961,2795.4033203125,8.910026550292969,55.87404251098633
2025-03-31,172.0433349609375,285.47137451171875,435.8519592285156,13.412420272827148,262.4791259765625,459.44287109375,25.856901168823242,11.463176727294922,2823.89208984375,9.33825969696045,56.29869079589844
2025-04-01,173.98831176757812,285.7829895019531,432.7537536621094,13.51185417175293,263.18560791015625,460.8735656738281,26.32578468322754,11.514433860778809,2805.3994140625,9.901673316955566,56.13827133178711
2025-04-02,174.9706268310547,287.2535095214844,432.8536682128906,13.425552368164062,261.1133117675781,463.48828125,26.013195037841797,11.24416446685791,2778.909912109375,9.59875202178955,56.06277847290039
2025-04-03,171.2181854248047,275.8008117675781,400.2222595214844,12.82519245147705,247.784423828125,461.0018310546875,24.274423599243164,10.643047332763672,2666.454345703125,9.097502708435059,53.411094665527344
2025-04-04,170.13763427734375,256.5862731933594,370.4891662597656,12.243592262268066,237.9879913330078,432.1312255859375,22.22306251525879,10.051248550415039,2480.527099609375,8.25484848022461,50.07998275756836
2025-04-07,157.7604217529297,252.3304443359375,348.7515563964844,11.298026084899902,235.9627685546875,420.1922607421875,21.578350067138672,9.361595153808594,2369.5703125,7.986462116241455,47.456607818603516
2025-04-08,163.08457946777344,242.11451721191406,354.04852294921875,11.153564453125,236.9989471435547,407.82904052734375,22.09607696533203,9.282377243041992,2393.06103515625,8.464032173156738,47.60759353637695
2025-04-09,157.8782958984375,263.14044189453125,332.7606506347656,10.53819465637207,223.71717834472656,440.0346374511719,21.392749786376953,8.928230285644531,2290.601318359375,8.535075187683105,45.5362663269043
2025-04-10,164.04725646972656,255.1936492919922,341.4057312011719,10.842126846313477,230.78195190429688,426.1321716308594,22.27190589904785,9.099712371826172,2325.088134765625,8.744258880615234,46.72527313232422
2025-04-11,165.36355590820312,261.9815368652344,331.5113525390625,10.785843849182129,230.59356689453125,435.94970703125,22.51611328125,8.939414024353027,2307.0947265625,8.716629981994629,45.92316436767578
2025-04-14,167.58360290527344,265.458251953125,341.0059509277344,11.048501968383789,233.51364135742188,440.0938415527344,23.16082763671875,9.258146286010742,2353.57666015625,9.178412437438965,47.39055252075195
2025-04-15,171.1788787841797,258.3684387207031,346.55279541015625,11.219228744506836,233.13687133789062,444.9681091308594,23.307353973388672,9.301016807556152,2370.56982421875,9.178412437438965,47.758583068847656
2025-04-16,171.59146118164062,254.49246215820312,354.04852294921875,11.419974327087402,232.6658935546875,442.0277404785156,23.463647842407227,9.459450721740723,2433.54541015625,9.283003807067871,48.76829147338867
2025-04-17,170.11798095703125,256.0311584472656,359.195556640625,11.5119047164917,,446.1028137207031,23.268280029296875,9.62254524230957,2438.043701171875,9.304712295532227,48.739986419677734
2025-04-21,,250.85015869140625,,,,437.94287109375,,,,,
2025-04-22,171.78793334960938,258.4268798828125,358.745849609375,11.63010025024414,229.1806182861328,448.55963134765625,23.619943618774414,9.62254524230957,2431.04638671875,9.298791885375977,48.94758987426758
2025-04-23,171.61109924316406,257.8230895996094,357.54656982421875,11.66011905670166,225.6011199951172,442.24481201171875,24.880064010620117,9.748359680175781,2430.546630859375,9.393516540527344,49.06083297729492
2025-04-24,175.42250061035156,261.82568359375,361.9939880371094,11.905891418457031,225.3185272216797,443.5472717285156,24.95821189880371,9.836896896362305,2433.045654296875,9.539549827575684,49.211814880371094
2025-04-25,175.2849884033203,260.13116455078125,364.2427062988281,11.967803955078125,223.71717834472656,442.43231201171875,25.35871124267578,9.990671157836914,2463.03369140625,9.539549827575684,49.78744125366211
2025-04-28,175.04922485351562,262.4100341796875,361.7940979003906,11.930280685424805,224.7533416748047,442.0376281738281,25.71037483215332,10.037269592285156,2457.0361328125,9.916474342346191,49.93842315673828
2025-04-29,175.65826416015625,263.8513488769531,352.9991149902344,11.900261878967285,225.03594970703125,444.5832824707031,25.74945068359375,10.018630027770996,2442.041748046875,9.701370239257812,49.400543212890625
2025-04-30,177.36749267578125,264.0071716308594,350.10076904296875,11.913394927978516,224.09396362304688,447.1980285644531,25.31964111328125,10.074548721313477,2439.542724609375,9.886873245239258,48.277587890625
2025-05-01,,265.04925537109375,349.8009033203125,,,442.0869445800781,,,2435.544677734375,,
2025-05-02,181.96475219726562,270.3665771484375,350.10076904296875,11.87212085723877,225.78952026367188,448.8951416015625,26.45277214050293,10.037269592285156,2485.52490234375,10.15328598022461,47.9944953918457
2025-05-05,180.6680908203125,265.097900390625,,11.795199394226074,227.2966766357422,446.4678649902344,26.286710739135742,10.10716724395752,,10.158219337463379,47.66421127319336
2025-05-06,180.23587036132812,260.6278381347656,354.947998046875,11.928403854370117,228.521240234375,441.1002502441406,25.97412109375,10.23298168182373,2433.045654296875,10.10888385772705,48.1832275390625
2025-05-07,179.2928466796875,257.6964416503906,350.6504821777344,11.866490364074707,222.68101501464844,443.6755676269531,25.87643814086914,10.195703506469727,2428.047607421875,10.059547424316406,47.890689849853516
2025-05-08,179.4893035888672,262.5950622558594,355.29779052734375,11.95654582977295,222.5868377685547,447.1980285644531,25.944814682006836,10.330838203430176,2435.044677734375,10.168087005615234,48.17378616333008
2025-05-09,180.6484375,264.046142578125,372.0882263183594,12.19481372833252,224.37657165527344,446.6356201171875,26.052268981933594,10.498592376708984,2457.0361328125,10.059547424316406,48.966461181640625
2025-05-12,178.07476806640625,268.993408203125,380.383544921875,12.44621467590332,229.83998107910156,448.3721923828125,27.29285430908203,10.834100723266602,2491.022705078125,9.464559555053711,50.07998275756836
2025-05-13,178.89990234375,266.49053955078125,382.5323181152344,12.639455795288086,229.65159606933594,444.672119140625,27.517526626586914,11.00185489654541,2521.5107421875,9.423117637634277,50.40082550048828
2025-05-14,179.56788635253906,264.386962890625,380.7833251953125,12.613189697265625,228.0502471923828,440.0346374511719,27.41007423400879,10.95059585571289,2513.513916015625,9.423117637634277,50.11772537231445
2025-05-15,182.08262634277344,267.25018310546875,368.09759521484375,12.498745918273926,230.75064086914062,448.17486572265625,27.326221466064453,10.866719245910645,2472.289794921875,8.148283958435059,49.88180923461914
2025-05-16,183.33999633789062,271.642333984375,372.64569091796875,12.56253433227539,234.3874969482422,451.6776428222656,26.990808486938477,10.987874984741211,2489.784912109375,8.181831359863281,50.23096466064453
2025-05-19,185.0800018310547,270.0841369628906,365.3487243652344,12.501357078552246,230.55921936035156,454.20355224609375,27.178245544433594,10.917977333068848,2472.289794921875,8.21537971496582,49.90068435668945
2025-05-20,185.89999389648438,268.4674987792969,365.54864501953125,12.549151420593262,233.23902893066406,453.72991943359375,27.24730110168457,11.006514549255371,2485.785888671875,8.736364364624023,50.02336120605469
2025-05-21,185.60000610351562,262.6242980957031,362.1000671386719,12.445914268493652,234.1960906982422,449.43780517578125,27.33608627319336,10.955256462097168,2476.78857421875,8.513367652893066,49.37223815917969
2025-05-22,185.32000732421875,262.2055358886719,356.65228271484375,12.254732131958008,227.49656677246094,452.8912658691406,26.300254821777344,10.81080150604248,2439.299072265625,8.544941902160645,48.59843444824219
2025-05-23,183.9199981689453,262.78985595703125,356.05255126953125,12.193553924560547,229.50643920898438,452.7926025390625,26.093088150024414,10.712944984436035,2419.30517578125,8.519287109375,48.098297119140625
2025-05-26,185.52000427246094,,,12.359883308410645,233.81326293945312,,27.1881103515625,10.885358810424805,,9.265243530273438,48.8626594543457
2025-05-27,185.3800048828125,267.38653564453125,359.9009094238281,12.424883842468262,236.4930877685547,461.7221374511719,27.12891960144043,11.00185489654541,2445.797607421875,9.142890930175781,48.63618087768555
2025-05-28,182.6199951171875,264.65966796875,358.1016845703125,12.392383575439453,234.0046844482422,456.35455322265625,26.8132381439209,11.011173248291016,2444.2978515625,8.765966415405273,48.73054885864258
2025-05-29,181.97999572753906,266.0328369140625,357.8517761230469,12.359883308410645,,457.90362548828125,26.497554779052734,10.987874984741211,2440.799072265625,8.286422729492188,48.51350402832031
2025-05-30,182.39999389648438,271.62286376953125,359.6011047363281,12.400031089782715,229.2193145751953,461.3570556640625,26.359445571899414,11.048452377319336,2448.796875,8.467978477478027,48.74941635131836
2025-06-02,182.97999572753906,271.4183654785156,362.94970703125,12.589300155639648,234.1003875732422,458.3871154785156,26.319984436035156,11.202226638793945,2467.791259765625,8.398908615112305,49.711952209472656
2025-06-03,182.0,275.888427734375,365.24871826171875,12.715479850769043,235.15316772460938,465.5406494140625,26.0733585357666,11.314062118530273,2509.279296875,8.304183959960938,50.042232513427734
2025-06-04,184.3000030517578,272.8888854980469,358.4015808105469,12.596946716308594,237.25872802734375,468.95556640625,26.379175186157227,11.1183500289917,2479.287841796875,8.552836418151855,49.325050354003906
2025-06-05,184.32000732421875,269.0031433105469,357.7518615722656,12.625624656677246,233.62185668945312,465.48126220703125,26.477825164794922,11.150968551635742,2478.288330078125,8.552836418151855,48.94758987426758
2025-06-06,183.4600067138672,272.47015380859375,361.3003845214844,12.761363983154297,235.82310485839844,467.90631103515625,26.250930786132812,11.174267768859863,2506.780029296875,8.39101505279541,49.353363037109375
2025-06-09,182.77999877929688,272.6064758300781,362.0500793457031,12.761363983154297,,467.371826171875,26.270658493041992,11.197566986083984,2504.28076171875,8.39101505279541,49.38167190551758
2025-06-10,183.82000732421875,274.5152587890625,373.645263671875,13.06916618347168,243.28829956054688,470.7273864746094,26.300254821777344,11.39793872833252,2594.7548828125,8.292344093322754,50.5706787109375
2025-06-11,184.17999267578125,274.8366394042969,373.4453430175781,13.048134803771973,246.06381225585938,463.77874755859375,26.537015914916992,11.356000900268555,2580.7587890625,8.323918342590332,50.532936096191406
2025-06-12,184.1999969482422,275.878662109375,380.54241943359375,13.246964454650879,249.89212036132812,465.7485046386719,26.112817764282227,11.481815338134766,2613.7490234375,8.300236701965332,51.65589141845703
2025-06-13,182.8000030517578,273.044677734375,386.1900634765625,13.384614944458008,261.56842041015625,461.2447509765625,25.72808265686035,11.42123794555664,2630.244384765625,8.284449577331543,51.71250915527344
2025-06-16,183.52000427246094,273.1031188964844,382.5415954589844,13.376968383789062,261.18560791015625,461.8584289550781,26.438365936279297,11.542393684387207,2624.74609375,8.5548095703125,51.448280334472656
2025-06-17,182.24000549316406,269.81146240234375,388.8889465332031,13.52800178527832,266.3537902832031,456.2163391113281,26.231197357177734,11.74742603302002,2662.235107421875,8.730443954467773,52.382503509521484
2025-06-18,181.13999938964844,268.18505859375,386.3399963378906,13.549030303955078,265.970947265625,454.0387268066406,26.507423400878906,11.672868728637695,2666.234375,8.64953327178955,51.523773193359375
2025-06-19,178.33999633789062,,392.787353515625,13.62741470336914,273.6275634765625,,25.50118637084961,11.94313907623291,2697.225341796875,8.422590255737305,52.62614822387695
2025-06-20,178.75999450683594,263.4325866699219,384.540771484375,13.675210952758789,268.7464599609375,451.2275695800781,25.826730728149414,11.93847942352295,2682.229736328125,8.779780387878418,52.396087646484375
2025-06-23,174.60000610351562,266.0425720214844,386.24005126953125,13.59682559967041,266.92803955078125,455.0780334472656,25.797136306762695,11.966438293457031,2683.229248046875,8.791620254516602,52.03182601928711
2025-06-24,176.32000732421875,273.65826416015625,367.7976989746094,13.250788688659668,246.44664001464844,458.453369140625,26.300254821777344,11.668209075927734,2583.7578125,8.981069564819336,50.3255500793457
2025-06-25,174.3800048828125,274.63214111328125,364.2491149902344,13.134166717529297,243.38401794433594,455.52349853515625,26.201602935791016,11.640250205993652,2562.763916015625,8.967256546020508,50.114662170410156
2025-06-26,174.0800018310547,275.6059875488281,368.9971923828125,13.105489730834961,242.7140655517578,459.74017333984375,26.645530700683594,11.565692901611328,2575.76025390625,8.894238471984863,50.33513641357422
2025-06-27,176.5800018310547,274.9729919433594,370.24664306640625,13.220198631286621,243.766845703125,459.0769958496094,26.576475143432617,11.696167945861816,2586.257080078125,8.943574905395508,50.344722747802734
2025-06-30,175.13999938964844,274.6905517578125,365.54864501953125,13.15328598022461,244.14967346191406,464.4122314453125,26.507423400878906,11.58899211883545,2552.766845703125,9.00080394744873,49.942115783691406
2025-07-01,175.74000549316406,279.78704833984375,368.09759521484375,13.181962966918945,243.958251953125,471.9052734375,26.004302978515625,11.663549423217773,2573.260986328125,8.410749435424805,50.1817626953125
2025-07-02,175.8800048828125,284.5209045410156,379.2429504394531,13.359761238098145,247.21229553222656,472.321044921875,27.53338623046875,11.840622901916504,2614.7490234375,9.154731750488281,51.169105529785156
2025-07-03,175.94000244140625,286.03021240234375,378.5932312011719,13.365496635437012,248.83935546875,470.7471618652344,27.464330673217773,11.97575855255127,2619.74755859375,8.959362030029297,51.15951156616211
2025-07-04,175.02000427246094,,379.0929870605469,13.30814266204834,250.37066650390625,,26.911888122558594,12.043636322021484,2627.245361328125,9.083688735961914,50.776084899902344
2025-07-07,175.39999389648438,283.266357421875,371.5960998535156,13.2450532913208,248.2650909423828,464.8180236816406,27.345951080322266,12.019394874572754,2552.266845703125,9.736892700195312,49.64495849609375
2025-07-08,175.0,286.5300598144531,383.54119873046875,13.493589401245117,250.1792449951172,465.1744079589844,27.720823287963867,12.450909614562988,2603.252197265625,10.33582878112793,50.651466369628906
2025-07-09,176.9199981689453,288.3824157714844,384.3408508300781,13.625502586364746,253.5290069580078,466.48095703125,28.204212188720703,12.392727851867676,2626.24560546875,10.695979118347168,51.0732421875
2025-07-10,176.5,288.2452392578125,388.5890808105469,13.652268409729004,257.3572998046875,465.5604248046875,29.220312118530273,12.426666259765625,2657.236572265625,10.853853225708008,51.28413391113281
2025-07-11,175.10000610351562,286.15765380859375,401.8835754394531,13.658003807067871,261.18560791015625,464.0459899902344,29.0526065826416,12.59636402130127,2671.23291015625,11.12026596069336,51.6388053894043
2025-07-14,174.86000061035156,285.01092529296875,397.03558349609375,13.571972846984863,258.7928771972656,464.01629638671875,28.707332611083984,12.484848976135254,2635.742919921875,10.908122062683105,51.130760192871094
2025-07-15,173.8000030517578,280.94354248046875,397.6352844238281,13.570061683654785,254.0075225830078,455.8797912597656,28.431106567382812,12.523636817932129,2620.747314453125,10.843985557556152,51.26496124267578
2025-07-16,173.13999938964844,283.2369689941406,395.8360595703125,13.57770824432373,252.66763305664062,454.99884033203125,27.62217140197754,12.450909614562988,2607.251220703125,10.843985557556152,50.89111328125
2025-07-17,173.97999572753906,287.735595703125,397.0855712890625,13.524177551269531,253.05044555664062,456.6023864746094,27.849069595336914,12.450909614562988,2608.250732421875,10.829185485839844,50.776084899902344
2025-07-18,172.0,289.43115234375,399.73443603515625,13.539471626281738,254.19894409179688,460.28460693359375,27.602441787719727,12.693333625793457,2619.24755859375,10.700912475585938,50.948631286621094
2025-07-21,172.13999938964844,287.8728332519531,400.7840576171875,13.533736228942871,250.7534942626953,465.64947509765625,28.805980682373047,12.659394264221191,2612.249755859375,11.130132675170898,50.67063903808594
2025-07-22,171.6199951171875,292.19500732421875,402.5333251953125,13.543295860290527,250.1792449951172,467.2233581542969,28.658002853393555,12.66909122467041,2618.248046875,10.957457542419434,50.61312484741211
2025-07-23,172.24000549316406,291.95977783203125,404.3825378417969,13.669475555419922,245.10675048828125,465.2139892578125,28.736923217773438,12.800000190734863,2652.738037109375,10.957457542419434,51.130760192871094
2025-07-24,172.89999389648438,291.3031311035156,397.5853576660156,13.765066146850586,248.93504333496094,466.6987609863281,28.490297317504883,13.056970596313477,2661.735595703125,10.686111450195312,49.32862091064453
2025-07-25,171.67999267578125,293.2829284667969,397.6352844238281,14.01551342010498,246.54234313964844,468.0845642089844,28.243669509887695,13.173334121704102,2666.734130859375,10.824251174926758,49.204010009765625
2025-07-28,172.39999389648438,289.6761779785156,406.43170166015625,14.095809936523438,254.0075225830078,462.70965576171875,28.322589874267578,13.381818771362305,2686.228515625,10.404897689819336,50.229698181152344
2025-07-29,175.32000732421875,289.31353759765625,405.4820556640625,14.153164863586426,259.36712646484375,466.718505859375,27.967451095581055,13.440000534057617,2696.2255859375,10.227289199829102,50.354305267333984
2025-07-30,174.32000732421875,284.3542785644531,405.1322326660156,14.237284660339355,256.8787536621094,461.4922180175781,27.868799209594727,13.066667556762695,2678.230712890625,10.291425704956055,50.12424850463867
2025-07-31,172.8000030517578,282.1490783691406,404.58245849609375,14.252578735351562,256.2088317871094,455.5828552246094,27.148651123046875,12.877575874328613,2710.2216796875,10.084216117858887,49.86543273925781
2025-08-01,170.22000122070312,276.14111328125,398.53497314453125,14.051837921142578,250.37066650390625,454.7414855957031,26.39890480041504,12.576970100402832,2706.222412109375,9.764520645141602,48.954776763916016
2025-08-04,172.24000549316406,281.7570495605469,405.8818664550781,14.023160934448242,248.07369995117188,462.65032958984375,26.122682571411133,12.5090913772583,2681.22998046875,9.375755310058594,49.44365310668945
2025-08-05,173.0,286.65753173828125,417.2772216796875,14.095809936523438,247.30801391601562,465.06549072265625,26.2805233001709,12.67393970489502,2690.72705078125,9.233668327331543,49.750404357910156
2025-08-06,171.75999450683594,283.2957763671875,430.1718444824219,14.237284660339355,250.08351135253906,466.6888732910156,26.418636322021484,12.882424354553223,2725.717041015625,9.33431339263916,50.3255500793457
2025-08-07,173.5800018310547,282.8155212402344,425.5737609863281,14.153164863586426,243.19259643554688,464.6596984863281,27.562984466552734,12.877575874328613,2650.23876953125,9.490214347839355,50.21052169799805
2025-08-08,173.77999877929688,282.9919128417969,423.0248107910156,14.147428512573242,241.94839477539062,467.6192932128906,28.431106567382812,12.930909156799316,2652.238037109375,9.744787216186523,50.526851654052734
2025-08-11,172.5,278.29730224609375,423.32470703125,14.122575759887695,238.59864807128906,465.6000061035156,28.046371459960938,12.775757789611816,2643.74072265625,9.600726127624512,50.344722747802734
2025-08-12,173.67999267578125,283.5113830566406,423.87445068359375,14.262137413024902,239.8428497314453,468.42108154296875,28.2535343170166,13.023031234741211,2675.2314453125,9.616514205932617,50.96780014038086
2025-08-13,175.74000549316406,288.3530578613281,418.1768493652344,14.281255722045898,239.74713134765625,470.7966613769531,28.204212188720703,12.955151557922363,2668.733642578125,9.596778869628906,50.33513641357422
2025-08-14,178.6199951171875,286.3536682128906,413.93988037109375,14.311845779418945,239.26858520507812,472.7763671875,28.588947296142578,12.89696979522705,2627.50732421875,8.758072853088379,50.39265060424805
2025-08-15,180.22000122070312,284.67767333984375,421.2879333496094,,239.17288208007812,475.2014465332031,28.707332611083984,12.964848518371582,2638.50537109375,8.181831359863281,51.255374908447266
2025-08-18,180.0,282.4039001464844,419.3384704589844,14.28890323638916,237.10693359375,473.64739990234375,28.76651954650879,12.926060676574707,2632.50634765625,8.477846145629883,50.824012756347656
2025-08-19,183.25999450683594,284.4424743652344,420.38818359375,14.340521812438965,239.73065185546875,475.0430603027344,29.48666763305664,13.05212116241455,2652.502685546875,8.740311622619629,51.47584915161133
2025-08-20,185.0,286.5496520996094,418.7886047363281,14.420818328857422,243.1317901611328,477.4582824707031,28.865171432495117,13.216970443725586,2665.500244140625,8.805434226989746,51.773006439208984
2025-08-21,183.3000030517578,287.6767578125,419.388427734375,14.489645004272461,244.8809356689453,475.8250427246094,28.145021438598633,13.430303573608398,2676.998291015625,8.623879432678223,52.041412353515625
2025-08-22,183.1199951171875,293.3417053222656,423.33740234375,14.556557655334473,246.1442108154297,476.7752990722656,28.76651954650879,13.483636856079102,2691.495361328125,8.67321491241455,52.367332458496094
2025-08-25,180.67999267578125,288.3138427734375,,14.573763847351074,243.52049255371094,472.994140625,28.835575103759766,13.609697341918945,,9.010671615600586,51.859275817871094
2025-08-26,176.66000366210938,288.1178283691406,424.2371520996094,14.520232200622559,243.3261260986328,477.0227966308594,28.480432510375977,13.473939895629883,2706.492431640625,9.002777099609375,50.718570709228516
2025-08-27,178.05999755859375,288.7254943847656,428.9358825683594,14.552733421325684,243.3261260986328,477.8047180175781,27.987180709838867,13.406061172485352,2714.990966796875,8.817275047302246,51.00614547729492
2025-08-28,177.39999389648438,289.14691162109375,428.9858703613281,14.510674476623535,237.009765625,477.25042724609375,28.15488624572754,13.512727737426758,2714.990966796875,8.902132987976074,50.900699615478516
2025-08-29,176.22000122070312,288.2550048828125,431.9850769042969,14.569940567016602,240.79959106445312,473.42962646484375,28.075963973999023,13.585454940795898,2723.489501953125,8.908052444458008,51.28413391113281
2025-09-01,176.3000030517578,,430.93536376953125,14.642589569091797,241.9656982421875,,28.115427017211914,13.692121505737305,2716.49072265625,9.113289833068848,51.236202239990234
2025-09-02,174.89999389648438,286.373291015625,434.08453369140625,14.493467330932617,242.1600341796875,469.3218078613281,27.12891960144043,13.706666946411133,2729.988037109375,9.008697509765625,51.312889099121094
2025-09-03,175.74000549316406,285.48138427734375,427.2363586425781,14.231549263000488,234.3860321044922,466.9858093261719,27.513656616210938,13.784242630004883,2693.494873046875,9.144864082336426,50.59394836425781
2025-09-04,176.1999969482422,284.19744873046875,426.7864685058594,14.26978588104248,235.84365844726562,469.0810241699219,27.967451095581055,13.890909194946289,2687.496337890625,9.31063175201416,50.57477951049805
2025-09-05,175.3800048828125,284.08966064453125,415.5394592285156,13.981101036071777,232.6368865966797,466.2311096191406,28.470569610595703,13.760000228881836,2627.00732421875,9.663875579833984,49.67371368408203
2025-09-08,176.9199981689453,283.1585693359375,417.4389343261719,14.040367126464844,234.1916961669922,471.3052978515625,28.727060317993164,13.953940391540527,2638.50537109375,10.069415092468262,49.750404357910156
2025-09-09,176.97999572753906,281.4237976074219,422.78753662109375,14.285079956054688,236.3295440673828,470.1236267089844,28.5198917388916,14.147879600524902,2664.00048828125,9.921408653259277,50.55561065673828
2025-09-10,174.47999572753906,281.7766418457031,423.6373291015625,14.298462867736816,236.5238800048828,469.3888244628906,29.14139175415039,14.104243278503418,2655.502197265625,10.182887077331543,50.57477951049805
2025-09-11,177.22000122070312,288.6568603515625,424.8370056152344,14.264050483703613,234.48321533203125,480.2025451660156,29.299232482910156,14.070303916931152,2644.504150390625,10.340761184692383,50.028385162353516
2025-09-12,177.24000549316406,286.99072265625,420.4381408691406,14.225812911987305,234.6775665283203,478.6634216308594,29.190717697143555,14.128484725952148,2636.505615234375,10.375296592712402,49.96128845214844
2025-09-15,177.16000366210938,283.7563781738281,418.93853759765625,14.20478343963623,233.705810546875,473.390625,29.18085289001465,14.298182487487793,2626.0078125,10.814384460449219,50.40224075317383
2025-09-16,174.47999572753906,279.27740478515625,421.68780517578125,14.300374031066895,234.7747344970703,468.1674499511719,29.003280639648438,14.39515209197998,2636.505615234375,11.288006782531738,50.25844955444336
2025-09-17,174.16000366210938,284.8443298339844,418.93853759765625,14.20478343963623,235.35777282714844,476.4986572265625,28.756654739379883,14.293334007263184,2605.51171875,11.23867130279541,49.58744430541992
2025-09-18,174.6199951171875,286.62811279296875,425.48681640625,14.239195823669434,236.62106323242188,472.6657409667969,29.220312118530273,14.230303764343262,2622.00830078125,11.564287185668945,49.8750114440918
2025-09-19,175.67999267578125,284.3739013671875,420.4381408691406,14.13404655456543,236.4267120361328,475.6546630859375,29.605051040649414,14.007272720336914,2612.01025390625,11.475482940673828,49.4340705871582
2025-09-22,174.60000610351562,281.7668151855469,424.3871154785156,14.196319580078125,234.3860321044922,474.41339111328125,29.70370101928711,14.012121200561523,2614.009765625,11.475482940673828,49.58744430541992
2025-09-23,175.33999633789062,271.0740051269531,431.6851806640625,14.439574241638184,241.77133178710938,476.578125,30.177223205566406,14.390303611755371,2644.504150390625,11.406413078308105,50.2201042175293
2025-09-24,173.32000732421875,266.859619140625,438.2334289550781,14.702288627624512,247.69900512695312,470.8088073730469,30.13776397705078,14.84121322631836,2672.498779296875,11.480416297912598,51.28413391113281
2025-09-25,174.0,260.489013671875,440.0329284667969,14.74704647064209,248.76792907714844,470.4612731933594,30.22654914855957,15.044849395751953,2698.493896484375,11.24853801727295,51.169105529785156
2025-09-26,175.4600067138672,261.4691162109375,445.38153076171875,14.931920051574707,250.22557067871094,471.08685302734375,31.005889892578125,15.170909881591797,2732.987548828125,11.648158073425293,52.00307083129883
2025-09-29,176.4199981689453,265.0954895019531,434.4844055175781,14.675044059753418,242.64590454101562,473.15228271484375,30.877643585205078,14.952727317810059,2695.494873046875,11.480416297912598,50.8527717590332
2025-09-30,176.86000061035156,267.2908630371094,425.63677978515625,14.464872360229492,236.5238800048828,471.6727294921875,30.1673583984375,14.608485221862793,2646.00390625,11.480416297912598,49.58744430541992
2025-10-01,175.9199981689453,265.0908203125,427.63623046875,14.581634521484375,239.05043029785156,463.54010009765625,31.765499114990234,14.826666831970215,2679.99755859375,12.17111587524414,50.2794075012207
2025-10-02,176.5800018310547,266.9653015136719,422.38763427734375,14.474602699279785,239.4391326904297,466.19140625,31.86414909362793,14.5600004196167,2669.999267578125,11.677759170532227,49.68490219116211
2025-10-03,171.67999267578125,267.8235778808594,423.6373291015625,14.503792762756348,240.60525512695312,463.4606628417969,32.604026794433594,14.589091300964355,2701.993408203125,12.319122314453125,49.76287078857422
2025-10-06,170.05999755859375,267.31060791015625,432.68487548828125,14.700342178344727,246.04702758789062,465.26788330078125,32.998634338378906,14.79272747039795,2736.487060546875,12.398059844970703,50.00651931762695
2025-10-07,169.4600067138672,267.25140380859375,431.4852294921875,14.764561653137207,242.3543701171875,467.0751647949219,32.682952880859375,14.47272777557373,2778.47900390625,12.33392333984375,49.577693939208984
2025-10-08,169.8000030517578,264.972412109375,432.13507080078125,14.873539924621582,239.92501831054688,464.5529479980469,34.823665618896484,14.448485374450684,2763.48193359375,12.33392333984375,49.821346282958984
2025-10-09,171.4600067138672,259.1812438964844,432.4849548339844,14.963056564331055,239.14761352539062,454.9507141113281,33.85689163208008,14.133333206176758,2775.9794921875,13.019689559936523,49.84083557128906
2025-10-10,169.60000610351562,253.6268768310547,420.38818359375,14.550498008728027,232.24819946289062,450.6410827636719,31.883880615234375,14.046060562133789,2695.494873046875,12.851947784423828,48.729793548583984
2025-10-13,171.25999450683594,257.3561096191406,421.88775634765625,14.568012237548828,230.59622192382812,453.44134521484375,32.870384216308594,14.172121047973633,2696.494384765625,9.553561210632324,48.5787353515625
2025-10-14,171.4199981689453,258.4808044433594,416.2392883300781,14.303351402282715,228.5555419921875,456.0330505371094,32.367271423339844,14.104243278503418,2685.496337890625,9.397916793823242,48.973445892333984
2025-10-15,171.24000549316406,253.95245361328125,415.7893981933594,14.32475757598877,229.6244659423828,448.2579040527344,32.534969329833984,14.080000877380371,2690.995361328125,9.257096290588379,50.78619384765625
2025-10-16,174.0,249.77926635742188,412.9401550292969,14.367569923400879,229.2357635498047,441.128173828125,32.59416580200195,13.871516227722168,2675.998291015625,8.860575675964355,51.2345085144043
2025-10-17,172.82000732421875,249.7989959716797,410.940673828125,14.443465232849121,226.709228515625,447.73162841796875,32.377132415771484,13.88606071472168,2690.495361328125,8.934691429138184,51.37095260620117
2025-10-20,173.24000549316406,250.79544067382812,410.3408508300781,14.474602699279785,226.3205108642578,448.39691162109375,32.89997863769531,13.847272872924805,2710.491943359375,9.586912155151367,51.166290283203125
2025-10-21,173.0399932861328,251.28872680664062,413.68994140625,14.497955322265625,228.0696563720703,446.9272766113281,32.3968620300293,13.997576713562012,2716.49072265625,8.953442573547363,51.312477111816406
2025-10-22,172.39999389648438,249.7496795654297,421.2879333496094,14.717857360839844,230.69338989257812,446.7684020996094,33.04795455932617,14.346667289733887,2760.482421875,9.067900657653809,51.682823181152344
2025-10-23,172.8800048828125,251.50575256347656,436.83380126953125,15.165444374084473,241.2854766845703,446.9272766113281,32.8802490234375,14.826666831970215,2839.967529296875,8.771886825561523,52.72563934326172
2025-10-24,172.5,251.4860382080078,434.8343505859375,15.408699035644531,238.46737670898438,442.8758850097656,33.264991760253906,15.001213073730469,2850.465576171875,9.061980247497559,52.54046630859375
2025-10-27,172.36000061035156,252.32461547851562,435.884033203125,15.511838912963867,237.20411682128906,441.70416259765625,33.53134536743164,15.1806058883667,2831.46923828125,9.196172714233398,52.404022216796875
2025-10-28,173.86000061035156,251.01246643066406,433.58465576171875,15.45734977722168,235.16343688964844,439.61883544921875,33.69905090332031,15.2242431640625,2832.468994140625,9.271163940429688,52.12139129638672
2025-10-29,169.6199951171875,245.00428771972656,441.43255615234375,15.531299591064453,235.06625366210938,428.98388671875,33.15647506713867,15.427879333496094,2874.961181640625,9.206040382385254,52.76462173461914
2025-10-30,170.5399932861328,241.37371826171875,447.7309265136719,15.490432739257812,235.74649047851562,426.8985595703125,32.959171295166016,15.510303497314453,2882.459716796875,9.21196174621582,52.27732849121094
2025-10-31,167.9199981689453,239.33151245117188,442.182373046875,15.513785362243652,235.16343688964844,415.369873046875,32.71253967285156,15.393939971923828,2846.966064453125,8.955415725708008,52.57945251464844
2025-11-03,167.75999450683594,236.14491271972656,447.2810363769531,15.521568298339844,237.30128479003906,409.2927551269531,32.57443618774414,15.476364135742188,2840.967529296875,9.125129699707031,52.42351531982422
2025-11-04,168.89999389648438,237.5359649658203,453.02947998046875,15.480701446533203,236.2323760986328,415.0124206542969,31.962800979614258,15.418182373046875,2837.468017578125,9.283003807067871,52.23834228515625
2025-11-05,168.89999389648438,234.36907958984375,461.17730712890625,15.537137031555176,240.11936950683594,415.3004150390625,32.05158615112305,15.553940773010254,2862.963134765625,9.097502708435059,52.31631088256836
2025-11-06,168.1999969482422,255.3139190673828,458.5780334472656,15.517677307128906,237.9815216064453,412.4107971191406,32.83092498779297,15.84969711303711,2849.4658203125,8.880424499511719,51.887489318847656
2025-11-07,169.32000732421875,256.2511291503906,458.5780334472656,15.502108573913574,238.95326232910156,417.5644226074219,33.294586181640625,16.038789749145508,2848.466064453125,8.880424499511719,52.21885299682617
2025-11-10,169.74000549316406,254.95875549316406,464.02655029296875,15.714225769042969,234.58038330078125,417.7232971191406,33.51161575317383,15.956363677978516,2868.962158203125,8.992910385131836,52.66716384887695
2025-11-11,171.60000610351562,258.7077331542969,476.02337646484375,16.019752502441406,241.6741485595703,423.661376953125,33.955543518066406,16.334545135498047,2930.950439453125,8.941601753234863,53.934139251708984
2025-11-12,172.3000030517578,258.0368347167969,467.7255859375,15.98667049407959,237.30128479003906,425.9552307128906,34.75607681274414,16.198787689208984,2908.454833984375,9.19222640991211,53.89515686035156
2025-11-13,173.1999969482422,259.4969787597656,459.9889831542969,16.013916015625,238.81350708007812,425.6374816894531,34.537296295166016,16.513940811157227,2859.22802734375,9.19222640991211,54.762542724609375
2025-11-14,171.0800018310547,255.8565216064453,460.7388916015625,16.02948570251465,241.3792724609375,420.42425537109375,34.14945983886719,16.528486251831055,2857.72802734375,9.312605857849121,54.80152893066406
2025-11-17,169.60000610351562,249.6904754638672,463.53851318359375,16.087865829467773,243.55030822753906,414.92303466796875,34.03012466430664,16.426668167114258,2857.72802734375,9.33431339263916,55.09390640258789
2025-11-18,165.94000244140625,248.77297973632812,458.4891662597656,15.889369010925293,238.5174560546875,411.8149719238281,33.72184753417969,16.237577438354492,2817.23193359375,9.060007095336914,54.06083679199219
2025-11-19,165.5,249.84832763671875,455.5395812988281,15.78039264678955,232.89251708984375,410.3056335449219,34.67652130126953,15.776970863342285,2793.734130859375,9.255376815795898,53.99261474609375
2025-11-20,165.6999969482422,247.71734619140625,458.1892395019531,15.85628604888916,237.333251953125,405.6484680175781,34.775962829589844,15.8448486328125,2813.232421875,9.213934898376465,54.25575637817383
2025-11-21,165.94000244140625,253.91299438476562,453.2898864746094,15.661684036254883,231.80699157714844,409.8488464355469,33.86106872558594,15.2242431640625,2784.735107421875,8.363387107849121,54.54813766479492
2025-11-24,164.4199981689453,253.1335906982422,453.7898254394531,15.537070274353027,228.74781799316406,404.8143615722656,34.94501876831055,15.127273559570312,2771.736328125,8.489686012268066,54.47016906738281
2025-11-25,164.4199981689453,255.45204162597656,449.4403991699219,15.507401466369629,226.6754608154297,404.99310302734375,36.20797348022461,15.088485717773438,2765.73681640625,8.515340805053711,54.74304962158203
2025-11-26,165.0,255.4816436767578,452.6399841308594,15.810032844543457,228.05703735351562,405.0427551269531,36.8543701171875,15.2242431640625,2766.23681640625,9.010671615600586,55.22060775756836
2025-11-27,164.5399932861328,,446.9407043457031,15.75464916229248,228.74781799316406,,36.4466438293457,15.272727966308594,2752.738037109375,9.148811340332031,55.01594161987305
2025-11-28,165.1199951171875,257.5435485839844,454.1397705078125,15.954424858093262,230.03070068359375,407.44580078125,36.97370147705078,15.495758056640625,2783.235107421875,9.284977912902832,55.35704803466797
2025-12-01,165.9199981689453,257.3561096191406,457.48931884765625,15.999917984008789,229.53729248046875,404.2880859375,37.23225784301758,15.71878719329834,2800.233642578125,8.878451347351074,55.26933670043945
2025-12-02,164.27999877929688,253.321044921875,457.8892822265625,16.009809494018555,227.56362915039062,405.926513671875,37.1129264831543,15.738182067871094,2788.234619140625,9.616514205932617,55.084163665771484
2025-12-03,163.75999450683594,256.85296630859375,463.9384765625,16.1720027923584,231.31356811523438,407.7802734375,36.39691925048828,15.8884859085083,2798.733642578125,8.762019157409668,55.5909538269043
2025-12-04,163.1999969482422,258.1059265136719,464.9383239746094,16.170026779174805,232.10304260253906,402.3784484863281,36.516258239746094,15.781818389892578,2799.233642578125,9.083688735961914,55.72739791870117
2025-12-05,163.05999755859375,257.1883850097656,452.7899475097656,15.924755096435547,232.49778747558594,398.23236083984375,36.39691925048828,15.791515350341797,2759.737548828125,9.306685447692871,54.96721267700195
2025-12-08,161.52000427246094,232.87936401367188,450.34027099609375,15.891130447387695,232.2017364501953,388.07647705078125,36.655479431152344,15.77212142944336,2749.73828125,9.431011199951172,54.889244079589844
2025-12-09,158.52000427246094,227.66041564941406,446.1408386230469,15.930688858032227,231.0175323486328,389.0731201171875,37.23225784301758,15.781818389892578,2734.239990234375,8.81924819946289,55.07441329956055
2025-12-10,158.75999450683594,233.53050231933594,443.19122314453125,15.837723731994629,226.9715118408203,391.36541748046875,37.82892990112305,15.815757751464844,2708.7421875,8.811355590820312,54.40194320678711
2025-12-11,158.4600067138672,240.45619201660156,441.9913635253906,15.728935241699219,228.5504608154297,401.9498596191406,38.216766357421875,15.515151977539062,2706.742431640625,8.973176002502441,54.42143630981445
2025-12-12,158.60000610351562,239.7360076904297,439.1917419433594,15.762560844421387,229.63595581054688,414.8465576171875,38.485267639160156,15.355152130126953,2686.244384765625,8.973176002502441,54.17778778076172
2025-12-15,159.5800018310547,241.71900939941406,437.3919982910156,15.703221321105957,229.33990478515625,415.5940246582031,39.03221893310547,15.248485565185547,2698.243408203125,8.973176002502441,54.09007263183594
2025-12-16,159.39999389648438,238.99609375,422.4439697265625,15.428281784057617,224.01101684570312,422.09222412109375,38.564823150634766,14.8703031539917,2626.250244140625,8.973176002502441,53.115478515625
2025-12-17,159.33999633789062,243.07061767578125,425.4935607910156,15.465862274169922,229.0438690185547,420.9261169433594,37.99798583984375,14.986666679382324,2657.247314453125,8.973176002502441,53.72947311401367
2025-12-18,159.6999969482422,240.47593688964844,420.3942565917969,15.548938751220703,228.84649658203125,417.58734130859375,38.49521255493164,14.967273712158203,2661.746826171875,8.973176002502441,54.021854400634766
2025-12-19,159.5,236.73684692382812,424.7936706542969,15.723000526428223,229.0438690185547,420.0191650390625,37.8786506652832,15.127273559570312,2702.742919921875,9.002777099609375,54.39220428466797
2025-12-22,160.0,241.4921112060547,427.5932922363281,15.875306129455566,227.16888427734375,422.09222412109375,38.12726593017578,15.403636932373047,2704.74267578125,9.04619312286377,54.51889419555664
2025-12-23,159.83999633789062,241.48223876953125,427.44329833984375,15.784318923950195,228.94517517089844,423.6769104003906,38.047706604003906,15.30181884765625,2701.742919921875,9.00672435760498,54.431182861328125
2025-12-24,160.02000427246094,242.53785705566406,425.79351806640625,,,423.4775695800781,38.20682144165039,15.316364288330078,2697.743408203125,,54.19728088378906
2025-12-26,,244.09664916992188,,,,423.3479919433594,,,,,
2025-12-29,160.4600067138672,244.5208740234375,426.99334716796875,15.800142288208008,232.10304260253906,425.1120910644531,38.475318908691406,15.413333892822266,2705.74267578125,9.19222640991211,54.52864456176758
2025-12-30,160.6199951171875,245.47784423828125,430.8928527832031,15.962336540222168,233.8793487548828,426.92596435546875,38.803489685058594,15.500606536865234,2731.240234375,9.150784492492676,54.96721267700195
2025-12-31,160.25999450683594,243.7020263671875,432.7425842285156,,,424.96258544921875,38.873104095458984,15.442424774169922,2739.7392578125,,55.00679016113281
2026-01-02,159.0,248.90936279296875,437.8419189453125,16.18189239501953,238.4187774658203,427.6734619140625,39.638832092285156,15.912727355957031,2759.237548828125,9.590859413146973,55.51144027709961
2026-01-05,157.0,252.25836181640625,435.1922912597656,16.417274475097656,234.57012939453125,431.6501159667969,39.241050720214844,16.4654541015625,2737.739501953125,9.891806602478027,55.20469284057617
2026-01-06,157.47999572753906,256.75018310546875,431.792724609375,16.274858474731445,236.34642028808594,435.696533203125,39.42005157470703,16.135757446289062,2746.73876953125,9.466532707214355,54.462562561035156
2026-01-07,155.94000244140625,260.23834228515625,418.1445617675781,15.517290115356445,229.14254760742188,432.6866455078125,41.1901741027832,15.76727294921875,2655.247314453125,10.10888385772705,52.948612213134766
2026-01-08,155.72000122070312,259.5923767089844,415.5948791503906,15.556849479675293,229.73464965820312,438.2180480957031,40.0366096496582,15.864243507385254,2561.75634765625,10.020079612731934,52.819976806640625
2026-01-09,158.8000030517578,262.0768127441406,425.5435485839844,15.889151573181152,236.54379272460938,442.5933532714844,40.15594482421875,16.0,2639.748779296875,10.15328598022461,54.54172134399414
2026-01-12,158.82000732421875,265.3761291503906,426.5434265136719,15.902997970581055,237.03720092773438,442.1448669433594,40.92167282104492,16.18000030517578,2661.246826171875,10.582507133483887,54.72972869873047
2026-01-13,157.9600067138672,264.521484375,436.842041015625,16.245189666748047,243.1555633544922,441.41729736328125,41.06089782714844,16.225000381469727,2721.740966796875,10.449299812316895,55.936927795410156
2026-01-14,161.55999755859375,265.5848083496094,443.4411926269531,16.535951614379883,246.7081756591797,438.507080078125,41.62773513793945,16.75,2738.739501953125,10.27662467956543,56.46137237548828
2026-01-15,160.74000549316406,264.3227233886719,437.8419189453125,16.262990951538086,244.14239501953125,438.56689453125,41.896240234375,15.694999694824219,2746.23876953125,10.242090225219727,56.14472961425781
2026-01-16,159.22000122070312,265.8630676269531,440.1916198730469,16.38958168029785,252.62916564941406,437.490478515625,41.8564567565918,15.694999694824219,2752.238037109375,10.182887077331543,56.204097747802734
2026-01-19,156.75999450683594,,437.6419677734375,16.286727905273438,244.2410888671875,,41.80673599243164,15.734999656677246,2729.740234375,10.163153648376465,55.52133560180664
2026-01-20,155.67999267578125,256.5713195800781,437.5919494628906,16.19573974609375,247.79368591308594,431.699951171875,41.36917495727539,15.704999923706055,2721.740966796875,9.872072219848633,56.30305099487305
2026-01-21,155.74000549316406,261.4705810546875,445.1409606933594,16.330242156982422,249.9647216796875,437.87921142578125,43.33819580078125,16.139999389648438,2733.239990234375,10.340761184692383,57.14413070678711
2026-01-22,157.1999969482422,262.3948059082031,436.7420654296875,16.286727905273438,239.8003387451172,444.1481628417969,46.09281921386719,15.680000305175781,2673.74560546875,10.799583435058594,56.63948059082031
2026-01-23,157.6199951171875,259.7215881347656,443.5911560058594,16.60913848876953,246.412109375,450.05828857421875,45.71493148803711,15.800000190734863,2687.244384765625,11.159734725952148,57.3717155456543
2026-01-26,157.36000061035156,260.983642578125,444.791015625,16.59133529663086,245.72134399414062,453.5066833496094,45.356929779052734,15.970000267028809,2672.245849609375,10.913056373596191,58.282066345214844
2026-01-27,156.94000244140625,257.5054626464844,451.99005126953125,16.7634220123291,247.39895629882812,451.5133972167969,46.003318786621094,15.805000305175781,2696.743408203125,10.93278980255127,58.71744918823242
2026-01-28,156.89999389648438,254.29559326171875,455.989501953125,16.88803482055664,250.3594512939453,449.988525390625,46.52043533325195,15.970000267028809,2732.239990234375,11.144933700561523,59.37052536010742
2026-01-29,158.17999267578125,254.42477416992188,462.588623046875,17.2005558013916,254.01072692871094,453.476806640625,45.4862060546875,16.2549991607666,2797.23388671875,11.100531578063965,60.181922912597656
2026-01-30,157.94000244140625,270.8020935058594,463.73846435546875,17.0363826751709,253.61599731445312,455.4402160644531,45.72487258911133,16.55500030517578,2793.734130859375,11.139999389648438,60.508460998535156
2026-02-02,159.44000244140625,269.3014831542969,461.78875732421875,17.03044891357422,249.37261962890625,458.6195373535156,47.52483367919922,16.360000610351562,2779.235595703125,11.170000076293945,59.99391555786133
2026-02-03,159.47999572753906,276.2280578613281,466.4381408691406,17.133302688598633,248.58314514160156,462.01812744140625,48.42978286743164,16.405000686645508,2789.234619140625,11.835000038146973,60.834999084472656
2026-02-04,168.5800018310547,284.8042907714844,477.6866455078125,17.374618530273438,249.86602783203125,471.74542236328125,47.27621841430664,16.5049991607666,2866.727294921875,10.890000343322754,61.90366744995117
2026-02-05,167.8000030517578,281.7335510253906,469.03778076171875,17.297475814819336,254.1094207763672,458.1510925292969,48.738059997558594,16.149999618530273,2769.236572265625,11.175000190734863,61.30006790161133
2026-02-06,167.74000549316406,281.3559265136719,477.9866027832031,17.641645431518555,262.2014465332031,446.7394104003906,50.91590881347656,16.795000076293945,2774.236083984375,11.654999732971191,61.923458099365234
2026-02-09,167.17999267578125,284.5856628417969,477.5866394042969,17.673294067382812,260.5238342285156,454.81231689453125,51.43302536010742,16.875,2822.7314453125,11.890000343322754,61.97293472290039
2026-02-10,169.36000061035156,288.958251953125,448.2905578613281,17.746479034423828,261.7080383300781,458.9683532714844,52.467254638671875,16.614999771118164,2831.730712890625,11.760000228881836,61.854190826416016
2026-02-11,167.89999389648438,291.3135070800781,472.68731689453125,18.0649356842041,266.7408752441406,465.9449157714844,54.93349838256836,17.114999771118164,2913.722900390625,12.274999618530273,63.5462532043457
2026-02-12,168.89999389648438,289.6837158203125,457.93927001953125,17.902740478515625,265.5566711425781,471.2770080566406,52.33090591430664,16.674999237060547,2887.725341796875,10.774999618530273,63.62541580200195
2026-02-13,169.39999389648438,277.9969787597656,460.9388732910156,17.983837127685547,264.17510986328125,479.3897705078125,51.99187469482422,16.989999771118164,2872.226806640625,10.555000305175781,63.70457077026367
2026-02-16,169.25999450683594,,465.688232421875,17.94823455810547,263.5,,53.06880569458008,17.114999771118164,2865.227294921875,10.90999984741211,63.48688507080078
2026-02-17,170.25999450683594,275.95977783203125,460.3889465332031,17.926475524902344,259.29998779296875,480.6056823730469,53.52750015258789,17.149999618530273,2866.727294921875,10.729999542236328,63.892578125
2026-02-18,167.6999969482422,280.6304931640625,469.437744140625,18.179658889770508,269.29998779296875,483.6554260253906,55.78107833862305,17.635000228881836,2928.721435546875,11.114999771118164,64.65449523925781
2026-02-19,167.52000427246094,278.97088623046875,479.0,18.43284034729004,279.20001220703125,488.46923828125,54.325225830078125,18.139999389648438,2944.0,10.765000343322754,65.83201599121094
2026-02-20,175.55999755859375,279.4280090332031,467.6000061035156,18.373498916625977,273.70001220703125,494.84783935546875,54.62437057495117,18.299999237060547,2940.5,11.319999694824219,64.75345611572266
2026-02-23,174.75999450683594,281.485107421875,474.1000061035156,18.478334426879883,277.5,496.522216796875,56.319541931152344,18.524999618530273,2965.0,11.104999542236328,65.44610595703125
2026-02-24,177.3000030517578,277.7286682128906,471.20001220703125,18.543607711791992,280.20001220703125,502.3127746582031,55.78107833862305,18.670000076293945,2971.5,10.390000343322754,66.02002716064453
2026-02-25,178.3000030517578,278.5534973144531,470.25,18.678110122680664,279.29998779296875,506.5684509277344,56.75829315185547,18.84000015258789,3011.0,10.739999771118164,66.6632080078125
2026-02-26,179.5,274.5088806152344,474.29998779296875,19.144914627075195,279.0,496.8411560058594,55.50187301635742,18.975000381469727,3024.0,10.545000076293945,66.84131622314453
2026-02-27,178.24000549316406,273.9523620605469,477.6499938964844,19.439634323120117,281.6000061035156,506.37908935546875,55.322383880615234,19.014999389648438,3073.5,10.545000076293945,66.57415008544922
2026-03-02,175.67999267578125,274.7076110839844,487.8500061035156,20.145776748657227,304.6000061035156,507.6348876953125,54.38505554199219,20.079999923706055,3132.0,10.0649995803833,68.63232421875
2026-03-03,173.6999969482422,271.3387451171875,493.0,19.819408416748047,308.79998779296875,500.0005187988281,50.236873626708984,20.700000762939453,3113.0,9.435999870300293,67.38554382324219
2026-03-04,172.36000061035156,272.49151611328125,481.25,19.74028778076172,300.1000061035156,497.51885986328125,52.749717712402344,20.110000610351562,3063.5,9.807999610900879,66.15855407714844
2026-03-05,170.3000030517578,274.62811279296875,491.95001220703125,19.997425079345703,307.29998779296875,488.41943359375,49.16991424560547,20.219999313354492,3108.0,9.522000312805176,66.06949615478516
2026-03-06,167.3000030517578,270.4841003417969,498.8999938964844,20.299068450927734,316.70001220703125,483.1172180175781,47.763919830322266,20.760000228881836,3133.0,9.15999984741211,67.2865982055664
2026-03-09,165.3800048828125,272.69024658203125,510.0,20.763896942138672,325.3999938964844,482.0009765625,45.909202575683594,20.969999313354492,3207.0,8.800000190734863,68.1672592163086
2026-03-10,167.36000061035156,273.40576171875,499.54998779296875,20.64027214050293,313.1000061035156,476.3399963378906,49.31948471069336,20.75,3180.5,9.187999725341797,68.01882934570312
2026-03-11,167.13999938964844,275.95977783203125,514.0,21.050703048706055,321.79998779296875,481.54998779296875,48.651390075683594,21.700000762939453,3244.0,9.02400016784668,69.26560974121094
2026-03-12,170.82000732421875,288.6700744628906,529.2000122070312,21.525419235229492,332.5,490.4100036621094,46.59724426269531,22.270000457763672,3328.0,8.302000045776367,69.66141510009766
2026-03-13,170.8800048828125,286.1856689453125,534.2999877929688,22.103981018066406,338.8999938964844,493.9200134277344,44.60292434692383,23.0,3367.5,7.802000045776367,71.5711669921875
2026-03-16,172.1999969482422,287.3583068847656,540.2999877929688,22.286943435668945,348.29998779296875,497.4100036621094,44.74252700805664,23.31999969482422,3415.0,7.670000076293945,71.64043426513672
2026-03-17,172.22000122070312,284.3670349121094,551.9000244140625,23.08802604675293,355.1000061035156,494.04998779296875,45.061614990234375,24.190000534057617,3474.0,8.092000007629395,73.69861602783203
2026-03-18,170.6199951171875,279.6665344238281,555.7999877929688,22.81605339050293,359.0,488.57000732421875,45.46048355102539,24.440000534057617,3461.5,8.369999885559082,74.62874603271484
2026-03-19,168.27999877929688,282.3795166015625,583.2000122070312,23.671531677246094,398.6000061035156,489.79998779296875,42.638519287109375,24.790000915527344,3461.0,7.927999973297119,77.76548767089844
2026-03-20,167.24000549316406,279.25909423828125,562.2999877929688,23.360000610351562,394.8999938964844,488.1499938964844,41.89065170288086,24.260000228881836,3434.0,7.6579999923706055,76.15259552001953
2026-03-23,165.55999755859375,276.9237060546875,538.5999755859375,22.520000457763672,374.5,478.04998779296875,44.08440017700195,22.690000534057617,3354.5,7.892000198364258,75.20266723632812
2026-03-24,169.16000366210938,284.4664306640625,557.5,22.969999313354492,384.29998779296875,479.8399963378906,45.101505279541016,23.469999313354492,3460.0,8.039999961853027,76.39997100830078
2026-03-25,171.25999450683594,288.2825012207031,565.4000244140625,23.18000030517578,392.20001220703125,492.3399963378906,45.95906066894531,23.6200008392334,3433.0,8.279999732971191,76.06353759765625
2026-03-26,171.32000732421875,291.34332275390625,583.0999755859375,23.639999389648438,397.5,495.489990234375,44.363609313964844,24.170000076293945,3472.5,7.926000118255615,78.26024627685547
2026-03-27,172.94000244140625,290.3694152832031,584.0999755859375,23.924999237060547,401.70001220703125,491.1199951171875,43.386390686035156,24.06999969482422,3482.0,7.553999900817871,77.66654205322266
2026-03-30,176.3800048828125,289.74334716796875,602.0,24.55500030517578,420.20001220703125,499.260009765625,43.02741622924805,24.229999542236328,3553.5,7.188000202178955,80.16999816894531
2026-03-31,177.9199981689453,288.67999267578125,606.2999877929688,24.850000381469727,420.3999938964844,495.760009765625,43.7154541015625,24.649999618530273,3583.0,7.406000137329102,80.91000366210938
2026-04-01,180.0,289.42999267578125,576.0,23.674999237060547,399.1000061035156,493.8299865722656,46.527442932128906,23.360000610351562,3443.5,8.005999565124512,77.55999755859375
2026-04-02,180.52000427246094,293.54998779296875,591.2000122070312,24.684999465942383,,502.6000061035156,45.53028106689453,24.270000457763672,3543.5,7.803999900817871,79.41999816894531
2026-04-06,,294.1199951171875,,,,499.4700012207031,,,,,
2026-04-07,181.5,292.3900146484375,597.5,24.885000228881836,411.79998779296875,494.5899963378906,45.510337829589844,23.950000762939453,3568.0,7.800000190734863,79.26000213623047
2026-04-08,183.44000244140625,296.6099853515625,562.7000122070312,23.5,361.8999938964844,500.4800109863281,51.35369110107422,22.56999969482422,3401.0,8.5,76.80999755859375
2026-04-09,187.17999267578125,297.739990234375,580.5,24.43000030517578,379.1000061035156,503.29998779296875,50.59585189819336,22.920000076293945,3448.5,8.291999816894531,78.87000274658203
2026-04-10,188.5399932861328,298.7099914550781,574.0999755859375,23.950000762939453,367.70001220703125,503.1499938964844,51.89215850830078,21.600000381469727,3420.5,8.543999671936035,78.61000061035156
2026-04-13,187.5,298.6499938964844,579.2000122070312,24.010000228881836,376.0,508.8699951171875,51.533180236816406,21.670000076293945,3471.0,8.392000198364258,79.66000366210938
2026-04-14,187.27999877929688,296.6300048828125,565.0999755859375,23.485000610351562,360.6000061035156,499.6499938964844,52.66994094848633,21.100000381469727,3375.5,8.67199993133545,77.38999938964844
2026-04-15,187.16000366210938,295.2099914550781,562.0999755859375,23.309999465942383,352.5,497.94000244140625,52.131473541259766,20.520000457763672,3346.0,8.821999549865723,76.68000030517578
2026-04-16,186.3800048828125,297.239990234375,584.0,23.405000686645508,356.6000061035156,499.2200012207031,50.89500045776367,20.93000030517578,3384.5,8.697999954223633,77.12000274658203
2026-04-17,186.0399932861328,291.80999755859375,541.0,21.760000228881836,328.70001220703125,492.2300109863281,53.288177490234375,19.719999313354492,3196.0,9.263999938964844,73.06999969482422
2026-04-20,186.3800048828125,296.1499938964844,556.9000244140625,22.30500030517578,336.1000061035156,498.1499938964844,52.749717712402344,20.149999618530273,3274.5,9.076000213623047,74.41000366210938
2026-04-21,186.44000244140625,294.7799987792969,563.4000244140625,22.405000686645508,344.8999938964844,494.8399963378906,52.191307067871094,20.690000534057617,3276.0,8.930000305175781,75.02999877929688
2026-04-22,186.22000122070312,296.760009765625,572.4000244140625,22.940000534057617,349.6000061035156,494.6199951171875,52.11153030395508,21.229999542236328,3299.5,8.84000015258789,76.0199966430664
2026-04-23,187.86000061035156,303.6499938964844,570.2999877929688,23.21500015258789,354.6000061035156,508.05999755859375,51.632896423339844,21.010000228881836,3293.5,8.973999977111816,76.5999984741211
2026-04-24,188.36000061035156,301.760009765625,571.7999877929688,22.950000762939453,356.6000061035156,510.29998779296875,50.33658981323242,20.889999389648438,3307.5,8.819999694824219,77.0
2026-04-27,187.6199951171875,302.3800048828125,572.4000244140625,23.0049991607666,356.0,510.75,50.157100677490234,21.219999313354492,3252.5,8.937999725341797,76.80999755859375
2026-04-28,181.6199951171875,303.3500061035156,578.7999877929688,23.415000915527344,361.5,510.2900085449219,49.17988586425781,21.670000076293945,3288.0,8.746000289916992,78.2699966430664
2026-04-29,180.60000610351562,302.5,575.9000244140625,23.645000457763672,368.0,504.7099914550781,48.83087921142578,21.979999542236328,3280.0,9.607999801635742,78.2300033569336
2026-04-30,183.0800018310547,300.04998779296875,583.7999877929688,24.0,371.79998779296875,501.1400146484375,49.10011291503906,22.780000686645508,3326.0,10.085000038146973,79.29000091552734
2026-05-01,,301.07000732421875,571.9000244140625,,,507.9200134277344,,,3290.0,,
2026-05-04,177.63999938964844,298.3500061035156,,23.895000457763672,376.6000061035156,493.54998779296875,47.45479965209961,22.799999237060547,,9.899999618530273,78.6500015258789
2026-05-05,179.44000244140625,303.92999267578125,572.5999755859375,23.96500015258789,383.29998779296875,500.2900085449219,49.43914794921875,22.90999984741211,3312.5,10.449999809265137,79.30000305175781
2026-05-06,180.27999877929688,300.2099914550781,551.2999877929688,22.969999313354492,349.8999938964844,501.8699951171875,53.407840728759766,21.889999389648438,3211.5,11.0600004196167,76.75
2026-05-07,176.6999969482422,294.989990234375,537.5,22.385000228881836,339.0,493.8500061035156,53.168521881103516,21.790000915527344,3137.0,10.795000076293945,75.2699966430664
2026-05-08,175.1199951171875,295.4100036621094,535.5999755859375,22.770000457763672,338.29998779296875,493.1600036621094,51.91210174560547,22.049999237060547,3103.0,10.729999542236328,75.80000305175781
2026-05-11,176.0,304.5,539.0,23.459999084472656,345.8999938964844,504.3999938964844,52.64999771118164,22.329999923706055,3127.5,10.300000190734863,76.91000366210938
2026-05-12,176.27999877929688,,548.5999755859375,23.69499969482422,354.29998779296875,,53.08000183105469,22.579999923706055,3172.5,10.135000228881836,78.06999969482422
