Record ID,project_status,Year announced,year_announced,tech_class,is_blue,Region major,region_EU27,Primary end use sector,T1_narrow,T2_broad,T3_strict,export_to_eu,log_capacity,cancel_A,cancel_B,cancel_C,cancel_D,operating
CETPROJH2999,Design,2021.0,2021,Green,0,Europe (EU-27),1,Industry (other),1,1,1,0,8.733916174927524,0,0,0,0,0
CETPROJH2998,On-hold (assumed),2020.0,2020,Green,0,Europe (EU-27),1,Unknown,0,1,0,0,6.816735880594968,0,0,0,1,0
CETPROJH2997,On-hold (assumed),2021.0,2021,Green,0,Europe (EU-27),1,Industry (other),1,1,1,0,0.0,0,0,0,1,0
CETPROJH2996,Design,2021.0,2021,Green,0,Europe (EU-27),1,Industry (chemical feedstock),1,1,1,0,9.039789270781144,0,0,0,0,0
CETPROJH2995,Feasibility,2021.0,2021,Green,0,Europe (EU-27),1,Transport (road),0,1,0,0,5.860786223465865,0,0,0,0,0
CETPROJH2994,Fully commissioned,2020.0,2020,Green,0,Europe (EU-27),1,Transport (road),0,1,0,0,3.044522437723423,0,0,0,0,1
CETPROJH2993,On-hold (assumed),2021.0,2021,Green,0,Europe (EU-27),1,Gas grid,0,1,0,0,0.0,0,0,0,1,0
CETPROJH2992,Permitted,2021.0,2021,Green,0,Europe (EU-27),1,Transport (road),0,1,0,0,4.07753744390572,0,0,0,0,0
CETPROJH2991,Design,2021.0,2021,Green,0,Europe (EU-27),1,Transport (road),0,1,0,0,3.4339872044851463,0,0,0,0,0
CETPROJH2990,On-hold (assumed),2021.0,2021,Green,0,Europe (EU-27),1,Unknown,0,1,0,0,0.0,0,0,0,1,0
CETPROJH299,On-hold (assumed),2021.0,2021,Green,0,North America,0,Power & heat,0,0,0,0,0.0,0,0,0,1,0
CETPROJH2989,Permitted,2021.0,2021,Green,0,Europe (EU-27),1,Industry (other),1,1,1,0,9.466222131878165,0,0,0,0,0
CETPROJH2988,Fully commissioned,2017.0,2017,Green,0,Europe (EU-27),1,Transport (road),0,1,0,0,0.6931471805599453,0,0,0,0,1
CETPROJH2987,Permitted,2021.0,2021,Green,0,Europe (EU-27),1,Industry (other),0,1,0,0,6.054439346269371,0,0,0,0,0
CETPROJH2986,On-hold (assumed),2022.0,2022,Green,0,Europe (EU-27),1,Industry (other),0,1,0,0,3.044522437723423,0,0,0,1,0
CETPROJH2985,On-hold (assumed),2021.0,2021,Green,0,Europe (EU-27),1,Transport (road),0,1,0,0,6.364750756851911,0,0,0,1,0
CETPROJH2984,Fully commissioned,2020.0,2020,Green,0,Europe (EU-27),1,Transport (road),0,1,0,0,4.330733340286331,0,0,0,0,1
CETPROJH2983,On-hold (assumed),2021.0,2021,Green,0,Europe (EU-27),1,Gas grid,0,1,0,0,6.230481447578482,0,0,0,1,0
CETPROJH2981,On-hold (assumed),2021.0,2021,Green,0,Europe (EU-27),1,Industry (chemical feedstock),1,1,1,0,7.05617528410041,0,0,0,1,0
CETPROJH2980,On-hold (assumed),2021.0,2021,Green,0,Europe (EU-27),1,Transport (other),0,1,0,0,5.860786223465865,0,0,0,1,0
CETPROJH298,Fully commissioned,2014.0,2014,Green,0,North America,0,Power & heat,0,0,0,0,1.9459101490553132,0,0,0,0,1
CETPROJH2979,Announced (advanced),2021.0,2021,Green,0,Europe (EU-27),1,Industry (refinery feedstock),1,1,1,0,9.204422898212146,0,0,0,0,0
CETPROJH2978,Feasibility,2022.0,2022,Green,0,Europe (EU-27),1,Industry (other),0,1,0,0,7.939871576361883,0,0,0,0,0
CETPROJH2977,Design,2021.0,2021,Green,0,Europe (EU-27),1,Industry (chemical feedstock),1,1,1,0,9.528866827722945,0,0,0,0,0
CETPROJH2976,On-hold (assumed),2020.0,2020,Green,0,Europe (EU-27),1,Industry (chemical feedstock),1,1,1,0,8.328692583545568,0,0,0,1,0
CETPROJH2974,Permitted,2021.0,2021,Green,0,Europe (EU-27),1,Industry (other),0,1,0,0,8.65817178467581,0,0,0,0,0
CETPROJH2973,On-hold (assumed),2022.0,2022,Green,0,Europe (EU-27),1,Industry (chemical feedstock),1,1,1,0,11.911862645782104,0,0,0,1,0
CETPROJH2972,Permitted,2022.0,2022,Green,0,Europe (EU-27),1,Industry (chemical feedstock),1,1,1,0,10.827766295132466,0,0,0,0,0
CETPROJH2971,On-hold (assumed),2021.0,2021,Green,0,Europe (EU-27),1,Industry (other),0,1,0,0,5.673323267171493,0,0,0,1,0
CETPROJH2970,On-hold (assumed),2021.0,2021,Green,0,Europe (EU-27),1,Industry (other),0,1,0,0,6.901737206656574,0,0,0,1,0
CETPROJH297,On-hold (assumed),2021.0,2021,Green,0,North America,0,Gas grid,0,0,0,0,2.8903717578961645,0,0,0,1,0
CETPROJH2969,On-hold (assumed),2021.0,2021,Green,0,Europe (EU-27),1,Industry (other),0,1,0,0,5.805134968916488,0,0,0,1,0
CETPROJH2968,On-hold (assumed),2021.0,2021,Green,0,Europe (EU-27),1,Industry (other),0,1,0,0,6.720220155135295,0,0,0,1,0
CETPROJH2967,On-hold (assumed),2021.0,2021,Green,0,Europe (EU-27),1,Industry (other),0,1,0,0,5.117993812416755,0,0,0,1,0
CETPROJH2966,On-hold (assumed),2021.0,2021,Green,0,Europe (EU-27),1,Industry (other),0,1,0,0,7.189922170745808,0,0,0,1,0
CETPROJH2965,On-hold (assumed),2021.0,2021,Green,0,Europe (EU-27),1,Industry (other),0,1,0,0,6.169610732491456,0,0,0,1,0
CETPROJH2964,On-hold (assumed),2021.0,2021,Green,0,Europe (EU-27),1,Industry (other),0,1,0,0,5.117993812416755,0,0,0,1,0
CETPROJH2962,Decommissioned,2015.0,2015,Green,0,Europe (EU-27),1,Gas grid,0,1,0,0,1.0986122886681098,0,1,1,0,0
CETPROJH296,On-hold (assumed),2021.0,2021,Green,0,North America,0,Power & heat,0,0,0,0,0.0,0,0,0,1,0
CETPROJH2955,Decommissioned,2011.0,2011,Green,0,Europe (EU-27),1,Gas grid,0,1,0,0,0.6931471805599453,0,1,1,0,0
CETPROJH2953,Fully commissioned,2021.0,2021,Green,0,Europe (EU-27),1,Industry (refinery feedstock),1,1,1,0,4.812184355372417,0,0,0,0,1
CETPROJH2952,Financed,2021.0,2021,Green,0,Europe (EU-27),1,Industry (refinery feedstock),1,1,1,0,8.566173813637858,0,0,0,0,0
CETPROJH2951,On-hold (assumed),2021.0,2021,Green,0,Europe (EU-27),1,Industry (other),1,1,1,0,10.274292200380668,0,0,0,1,0
CETPROJH2950,On-hold (confirmed),2022.0,2022,Green,0,Europe (EU-27),1,Industry (other),1,1,1,0,11.320565693461432,0,0,1,1,0
CETPROJH295,On-hold (assumed),2021.0,2021,Green,0,North America,0,Industry (other),0,0,0,0,0.0,0,0,0,1,0
CETPROJH2949,On-hold (confirmed),2022.0,2022,Green,0,Europe (EU-27),1,Industry (other),1,1,1,0,10.53212287826962,0,0,1,1,0
CETPROJH2948,On-hold (confirmed),2021.0,2021,Green,0,Europe (EU-27),1,Industry (other),1,1,1,0,13.710151153416941,0,0,1,1,0
CETPROJH2947,Plans cancelled,2022.0,2022,Green,0,Europe (EU-27),1,Industry (refinery feedstock),1,1,1,0,7.189922170745808,1,1,1,1,0
CETPROJH2946,Plans cancelled,2022.0,2022,Green,0,Europe (EU-27),1,Industry (refinery feedstock),1,1,1,0,7.496097345175956,1,1,1,1,0
CETPROJH2945,Announced (advanced),2020.0,2020,Green,0,Europe (EU-27),1,Power & heat,0,1,0,0,9.25272913846797,0,0,0,0,0
CETPROJH2944,Design,2020.0,2020,Green,0,Europe (EU-27),1,Power & heat,0,1,0,0,6.26530121273771,0,0,0,0,0
CETPROJH2943,On-hold (assumed),2021.0,2021,Green,0,Europe (EU-27),1,Industry (other),0,1,0,0,8.798454696065095,0,0,0,1,0
CETPROJH2942,On-hold (assumed),2021.0,2021,Green,0,Europe (EU-27),1,Industry (other),0,1,0,0,8.798454696065095,0,0,0,1,0
CETPROJH2941,On-hold (assumed),2021.0,2021,Green,0,Europe (EU-27),1,Industry (other),0,1,0,0,6.028278520230698,0,0,0,1,0
CETPROJH2940,On-hold (assumed),2021.0,2021,Green,0,Europe (EU-27),1,Transport (road),0,1,0,0,4.6443908991413725,0,0,0,1,0
CETPROJH294,On-hold (assumed),2020.0,2020,Green,0,North America,0,Power & heat,0,0,0,0,0.0,0,0,0,1,0
CETPROJH2939,On-hold (assumed),2021.0,2021,Green,0,Europe (EU-27),1,Transport (road),0,1,0,0,5.337538079701318,0,0,0,1,0
CETPROJH2938,On-hold (assumed),2021.0,2021,Green,0,Europe (EU-27),1,Transport (road),0,1,0,0,4.6443908991413725,0,0,0,1,0
CETPROJH2937,Feasibility,2020.0,2020,Green,0,Europe (EU-27),1,Industry (other),0,1,0,0,9.563107691083898,0,0,0,0,0
CETPROJH2936,Design,2020.0,2020,Green,0,Europe (EU-27),1,Industry (other),0,1,0,0,7.719129840906732,0,0,0,0,0
CETPROJH2935,On-hold (assumed),2021.0,2021,Green,0,Europe (EU-27),1,Industry (chemical feedstock),1,1,1,0,9.210440366976517,0,0,0,1,0
CETPROJH2934,Fully commissioned,2020.0,2020,Green,0,Europe (EU-27),1,Industry (chemical feedstock),1,1,1,0,6.621405651764134,0,0,0,0,1
CETPROJH2933,On-hold (assumed),2021.0,2021,Green,0,Europe (EU-27),1,Industry (chemical feedstock),1,1,1,0,9.187685681411377,0,0,0,1,0
CETPROJH2932,Design,2020.0,2020,Green,0,Europe (EU-27),1,Industry (chemical feedstock),1,1,1,0,8.657129031713755,0,0,0,0,0
CETPROJH2931,On-hold (assumed),2021.0,2021,Waste,0,Europe (EU-27),1,Unknown,0,1,0,0,7.155396301896734,0,0,0,1,0
CETPROJH2930,On-hold (assumed),2022.0,2022,Green,0,Europe (EU-27),1,Industry (other),0,1,0,0,9.76347807952779,0,0,0,1,0
CETPROJH293,Decommissioned,2012.0,2012,Green,0,North America,0,Other,0,0,0,0,1.9459101490553132,0,1,1,0,0
CETPROJH2929,Design,2022.0,2022,Green,0,Europe (EU-27),1,Industry (other),1,1,1,0,11.145637256200434,0,0,0,0,0
CETPROJH2928,On-hold (assumed),2020.0,2020,Waste,0,Europe (EU-27),1,Power & heat,0,1,0,0,6.9584483932976555,0,0,0,1,0
CETPROJH2927,On-hold (assumed),2020.0,2020,Green,0,Europe (EU-27),1,Transport (road),0,1,0,0,3.6635616461296463,0,0,0,1,0
CETPROJH2926,On-hold (assumed),2020.0,2020,Waste,0,Europe (EU-27),1,Transport (road),0,1,0,0,4.990432586778736,0,0,0,1,0
CETPROJH2925,On-hold (assumed),2020.0,2020,Green,0,Europe (EU-27),1,Industry (other),0,1,0,0,6.957497370876951,0,0,0,1,0
CETPROJH2924,Fully commissioned,2016.0,2016,Green,0,Europe (EU-27),1,Other,0,1,0,0,2.302585092994046,0,0,0,0,1
CETPROJH2923,Fully commissioned,2019.0,2019,Green,0,Europe (EU-27),1,Transport (road),0,1,0,0,2.3978952727983707,0,0,0,0,1
CETPROJH2922,Fully commissioned,2022.0,2022,Green,0,Europe (EU-27),1,Transport (road),0,1,0,0,3.9512437185814275,0,0,0,0,1
CETPROJH2921,On-hold (assumed),2022.0,2022,Green,0,Europe (EU-27),1,Transport (road),0,1,0,0,4.634728988229636,0,0,0,1,0
CETPROJH2920,Fully commissioned,2019.0,2019,Green,0,Europe (EU-27),1,Transport (road),0,1,0,0,4.634728988229636,0,0,0,0,1
CETPROJH292,Decommissioned,2013.0,2013,Green,0,North America,0,Power & heat,0,0,0,0,3.044522437723423,0,1,1,0,0
CETPROJH2919,Under construction,2020.0,2020,Green,0,Europe (EU-27),1,Transport (road),0,1,0,0,4.634728988229636,0,0,0,0,0
CETPROJH2918,On-hold (assumed),2021.0,2021,Green,0,Europe (EU-27),1,Transport (road),0,1,0,0,3.4011973816621555,0,0,0,1,0
CETPROJH2917,On-hold (assumed),2021.0,2021,Green,0,Europe (EU-27),1,Transport (road),0,1,0,0,4.477336814478207,0,0,0,1,0
CETPROJH2916,On-hold (assumed),2021.0,2021,Green,0,Europe (EU-27),1,Transport (road),0,1,0,0,4.477336814478207,0,0,0,1,0
CETPROJH2915,Under construction,2021.0,2021,Green,0,Europe (EU-27),1,Transport (road),0,1,0,0,6.957497370876951,0,0,0,0,0
CETPROJH2914,Under construction,2021.0,2021,Green,0,Europe (EU-27),1,Other,0,1,0,0,3.6109179126442243,0,0,0,0,0
CETPROJH2913,On-hold (assumed),2021.0,2021,Green,0,Europe (EU-27),1,Industry (other),0,1,0,0,6.55250788703459,0,0,0,1,0
CETPROJH2912,Fully commissioned,2019.0,2019,Green,0,Europe (EU-27),1,Transport (road),0,1,0,0,3.8066624897703196,0,0,0,0,1
CETPROJH2911,On-hold (assumed),2021.0,2021,Blue_CCS,1,Europe (EU-27),1,Industry (other),0,1,0,0,11.218030777366073,0,0,0,1,0
CETPROJH2910,Fully commissioned,2017.0,2017,Green,0,Europe (EU-27),1,Gas grid,0,1,0,0,3.091042453358316,0,0,0,0,1
CETPROJH291,Decommissioned,2012.0,2012,Green,0,North America,0,Unknown,0,0,0,0,2.0794415416798357,0,1,1,0,0
CETPROJH2909,On-hold (assumed),2020.0,2020,Green,0,Europe (EU-27),1,Industry (other),0,1,0,0,8.377241230988792,0,0,0,1,0
CETPROJH2908,On-hold (assumed),2020.0,2020,Green,0,Europe (EU-27),1,Industry (other),0,1,0,0,5.673323267171493,0,0,0,1,0
CETPROJH2907,Fully commissioned,2018.0,2018,Green,0,Europe (EU-27),1,Gas grid,0,1,0,0,2.4849066497880004,0,0,0,0,1
CETPROJH2906,Fully commissioned,2017.0,2017,Green,0,Europe (EU-27),1,Transport (road),0,1,0,0,2.6390573296152584,0,0,0,0,1
CETPROJH2905,Decommissioned,2016.0,2016,Green,0,Europe (EU-27),1,Transport (other),0,1,0,0,0.0,0,1,1,0,0
CETPROJH2904,Decommissioned,2016.0,2016,Green,0,Europe (EU-27),1,Transport (other),0,1,0,0,1.3862943611198906,0,1,1,0,0
CETPROJH2903,On-hold (assumed),2019.0,2019,Green,0,Europe (EU-27),1,Transport (road),0,1,0,0,8.922791623969637,0,0,0,1,0
CETPROJH2902,On-hold (assumed),2021.0,2021,Green,0,Europe (EU-27),1,Industry (refinery feedstock),1,1,1,0,7.422373700986824,0,0,0,1,0
CETPROJH2901,On-hold (assumed),2020.0,2020,Green,0,Europe (EU-27),1,Gas grid,0,1,0,0,9.19023970026918,0,0,0,1,0
CETPROJH2900,On-hold (assumed),2021.0,2021,Green,0,Europe (EU-27),1,Transport (road),0,1,0,0,5.19295685089021,0,0,0,1,0
CETPROJH290,Fully commissioned,2020.0,2020,Green,0,North America,0,Gas grid,0,0,0,0,4.04305126783455,0,0,0,0,1
CETPROJH2899,Fully commissioned,2019.0,2019,Green,0,Europe (EU-27),1,Transport (road),0,1,0,0,3.9512437185814275,0,0,0,0,1
CETPROJH2898,Under construction,2017.0,2017,Green,0,Europe (EU-27),1,Industry (refinery feedstock),1,1,1,0,9.19023970026918,0,0,0,0,0
CETPROJH2897,On-hold (assumed),2021.0,2021,Green,0,Europe (EU-27),1,Industry (chemical feedstock),1,1,1,0,9.858803944909488,0,0,0,1,0
CETPROJH2896,On-hold (assumed),2022.0,2022,Green,0,Europe (EU-27),1,Industry (other),1,1,1,0,10.05113139444869,0,0,0,1,0
CETPROJH2895,On-hold (assumed),2021.0,2021,Green,0,Europe (EU-27),1,Industry (other),0,1,0,0,10.967404871407352,0,0,0,1,0
CETPROJH2894,Fully commissioned,2016.0,2016,Green,0,Europe (EU-27),1,Industry (other),0,1,0,0,2.6390573296152584,0,0,0,0,1
CETPROJH2893,Fully commissioned,2015.0,2015,Green,0,Europe (EU-27),1,Transport (road),0,1,0,0,1.791759469228055,0,0,0,0,1
CETPROJH2892,Decommissioned,2011.0,2011,Green,0,Europe (EU-27),1,Gas grid,0,1,0,0,0.0,0,1,1,0,0
CETPROJH2891,Decommissioned,2011.0,2011,Green,0,Europe (EU-27),1,Gas grid,0,1,0,0,0.0,0,1,1,0,0
CETPROJH2890,Fully commissioned,2016.0,2016,Green,0,Europe (EU-27),1,Transport (road),0,1,0,0,3.4011973816621555,0,0,0,0,1
CETPROJH289,Fully commissioned,2021.0,2021,Green,0,North America,0,Gas grid,0,0,0,0,3.8501476017100584,0,0,0,0,1
CETPROJH2888,Fully commissioned,2010.0,2010,Green,0,Europe (EU-27),1,Unknown,0,1,0,0,2.3978952727983707,0,0,0,0,1
CETPROJH2883,On-hold (assumed),2021.0,2021,Green,0,Europe (non EU-27),0,Transport (road),0,0,0,0,7.244941546337007,0,0,0,1,0
CETPROJH2882,On-hold (assumed),2021.0,2021,Green,0,Europe (non EU-27),0,Transport (road),0,0,0,0,6.042632833682381,0,0,0,1,0
CETPROJH2881,On-hold (assumed),2021.0,2021,Green,0,Europe (non EU-27),0,Transport (road),0,0,0,0,4.727387818712341,0,0,0,1,0
CETPROJH2880,Plans cancelled,2021.0,2021,Green,0,Europe (non EU-27),0,Transport (other),0,0,0,0,4.812184355372417,1,1,1,1,0
CETPROJH288,On-hold (assumed),2020.0,2020,Green,0,North America,0,Gas grid,0,0,0,0,6.720220155135295,0,0,0,1,0
CETPROJH2879,Fully commissioned,2017.0,2017,Green,0,Europe (non EU-27),0,Gas grid,0,0,0,0,2.8903717578961645,0,0,0,0,1
CETPROJH2878,Decommissioned,2015.0,2015,Green,0,Europe (non EU-27),0,Gas grid,0,0,0,0,3.1354942159291497,0,1,1,0,0
CETPROJH2875,Fully commissioned,2016.0,2016,Green,0,Europe (non EU-27),0,Transport (road),0,0,0,0,5.351858133476067,0,0,0,0,1
CETPROJH2870,On-hold (assumed),2022.0,2022,Green,0,Europe (EU-27),1,Industry (refinery feedstock),1,1,1,0,8.131824785007195,0,0,0,1,0
CETPROJH2869,Fully commissioned,2019.0,2019,Green,0,Europe (EU-27),1,Transport (other),0,1,0,0,3.4011973816621555,0,0,0,0,1
CETPROJH2868,Fully commissioned,2020.0,2020,Green,0,Europe (EU-27),1,Transport (road),0,1,0,0,4.859812404361672,0,0,0,0,1
CETPROJH2867,On-hold (assumed),2021.0,2021,Green,0,Europe (EU-27),1,Transport (other),0,1,0,0,0.0,0,0,0,1,0
CETPROJH2866,Fully commissioned,2015.0,2015,Green,0,Europe (EU-27),1,Gas grid,0,1,0,0,3.9318256327243257,0,0,0,0,1
CETPROJH2865,On-hold (assumed),2021.0,2021,Green,0,Europe (EU-27),1,Power & heat,0,1,0,0,6.4967749901858625,0,0,0,1,0
CETPROJH2864,On-hold (assumed),2021.0,2021,Green,0,Europe (EU-27),1,Power & heat,0,1,0,0,9.021598247379305,0,0,0,1,0
CETPROJH2863,On-hold (assumed),2021.0,2021,Green,0,Europe (non EU-27),0,Transport (road),0,0,0,0,0.0,0,0,0,1,0
CETPROJH2862,On-hold (assumed),2021.0,2021,Green,0,Europe (non EU-27),0,Unknown,0,0,0,0,0.0,0,0,0,1,0
CETPROJH2861,On-hold (assumed),2021.0,2021,Green,0,Europe (non EU-27),0,Unknown,0,0,0,0,0.0,0,0,0,1,0
CETPROJH2860,On-hold (assumed),2021.0,2021,Green,0,Europe (non EU-27),0,Unknown,0,0,0,0,0.0,0,0,0,1,0
CETPROJH2859,On-hold (assumed),2021.0,2021,Green,0,Europe (non EU-27),0,Unknown,0,0,0,0,10.778977123006351,0,0,0,1,0
CETPROJH2858,Plans cancelled,2021.0,2021,Green,0,Europe (non EU-27),0,Industry (other),0,0,0,0,0.0,1,1,1,1,0
CETPROJH2857,On-hold (assumed),2021.0,2021,Green,0,Europe (non EU-27),0,Unknown,0,0,0,0,8.476579508530941,0,0,0,1,0
CETPROJH2856,On-hold (assumed),2021.0,2021,Green,0,Europe (EU-27),1,Gas grid,0,1,0,0,7.818027938530729,0,0,0,1,0
CETPROJH2855,On-hold (assumed),2021.0,2021,Green,0,Europe (non EU-27),0,Gas grid,0,0,0,0,0.0,0,0,0,1,0
CETPROJH2854,Permitted,2021.0,2021,Green,0,Europe (non EU-27),0,Other,0,0,0,0,0.0,0,0,0,0,0
CETPROJH2853,On-hold (assumed),2020.0,2020,Green,0,Europe (non EU-27),0,Unknown,0,0,0,0,0.0,0,0,0,1,0
CETPROJH2852,On-hold (assumed),2020.0,2020,Green,0,Europe (EU-27),1,Industry (other),0,1,0,0,10.239995502805316,0,0,0,1,0
CETPROJH2851,On-hold (assumed),2021.0,2021,Green,0,Europe (EU-27),1,Power & heat,0,1,0,0,6.61472560020376,0,0,0,1,0
CETPROJH2850,On-hold (assumed),2021.0,2021,Green,0,Europe (EU-27),1,Power & heat,0,1,0,0,6.981934677156389,0,0,0,1,0
CETPROJH2849,Plans cancelled,2021.0,2021,Blue_CCS,1,Europe (non EU-27),0,Industry (other),0,0,0,0,0.0,1,1,1,1,0
CETPROJH2848,On-hold (assumed),2021.0,2021,Blue_CCS,1,Europe (non EU-27),0,Transport (rail),0,0,0,0,0.0,0,0,0,1,0
CETPROJH2847,Design,2021.0,2021,Blue_CCS,1,Europe (non EU-27),0,Unknown,0,0,0,0,10.085850775128717,0,0,0,0,0
CETPROJH2846,On-hold (assumed),2021.0,2021,Green,0,Europe (non EU-27),0,Power & heat,0,0,0,0,4.795790545596741,0,0,0,1,0
CETPROJH2845,On-hold (assumed),2021.0,2021,Waste,0,Europe (EU-27),1,Power & heat,0,1,0,0,0.0,0,0,0,1,0
CETPROJH2844,On-hold (assumed),2021.0,2021,Waste,0,Europe (EU-27),1,Power & heat,0,1,0,0,8.699681400989514,0,0,0,1,0
CETPROJH2843,On-hold (assumed),2021.0,2021,Waste,0,Europe (EU-27),1,Power & heat,0,1,0,0,8.699681400989514,0,0,0,1,0
CETPROJH2842,On-hold (assumed),2021.0,2021,Waste,0,Europe (EU-27),1,Transport (road),0,1,0,0,5.680172609017068,0,0,0,1,0
CETPROJH2841,Decommissioned,2015.0,2015,Green,0,Europe (EU-27),1,Gas grid,0,1,0,0,4.795790545596741,0,1,1,0,0
CETPROJH2840,Permitted,2022.0,2022,Green,0,Europe (EU-27),1,Transport (other),0,1,0,0,6.313548046277095,0,0,0,0,0
CETPROJH2839,On-hold (assumed),2021.0,2021,Green,0,Europe (EU-27),1,Unknown,0,1,0,0,10.239995502805316,0,0,0,1,0
CETPROJH2838,On-hold (assumed),2019.0,2019,Green,0,Europe (EU-27),1,Unknown,0,1,0,0,3.6109179126442243,0,0,0,1,0
CETPROJH2837,Fully commissioned,2019.0,2019,Green,0,Europe (EU-27),1,Power & heat,0,1,0,0,3.5263605246161616,0,0,0,0,1
CETPROJH2836,On-hold (assumed),2022.0,2022,Green,0,Europe (EU-27),1,Industry (other),0,1,0,0,5.0369526024136295,0,0,0,1,0
CETPROJH2835,Fully commissioned,2020.0,2020,Green,0,Europe (EU-27),1,Transport (rail),0,1,0,0,3.4011973816621555,0,0,0,0,1
CETPROJH2834,Permitted,2021.0,2021,Green,0,Europe (EU-27),1,Industry (other),0,1,0,0,5.996452088619021,0,0,0,0,0
CETPROJH2833,Feasibility,2021.0,2021,Green,0,Europe (EU-27),1,Power & heat,0,1,0,0,6.395261598115449,0,0,0,0,0
CETPROJH2832,On-hold (confirmed),2019.0,2019,Green,0,Europe (EU-27),1,Industry (other),0,1,0,0,7.962415680121064,0,0,1,1,0
CETPROJH2831,On-hold (assumed),2021.0,2021,Green,0,Europe (EU-27),1,Industry (chemical feedstock),1,1,1,0,7.023758954738443,0,0,0,1,0
CETPROJH2830,Under construction,2020.0,2020,Green,0,Europe (EU-27),1,Industry (other),1,1,1,0,6.419994928147142,0,0,0,0,0
CETPROJH2829,Fully commissioned,2021.0,2021,Green,0,Europe (EU-27),1,Transport (road),0,1,0,0,7.105786129481271,0,0,0,0,1
CETPROJH2828,Feasibility,2019.0,2019,Green,0,Europe (EU-27),1,Transport (other),0,1,0,0,8.527341522468053,0,0,0,0,0
CETPROJH2827,Design,2019.0,2019,Green,0,Europe (EU-27),1,Transport (other),0,1,0,0,6.238324625039508,0,0,0,0,0
CETPROJH2826,Fully commissioned,2021.0,2021,Green,0,Europe (EU-27),1,Industry (chemical feedstock),1,1,1,0,8.071218539969863,0,0,0,0,1
CETPROJH2825,Under construction,2020.0,2020,Green,0,Europe (EU-27),1,Power & heat,1,1,1,0,8.77971129020447,0,0,0,0,0
CETPROJH2824,On-hold (assumed),2021.0,2021,Green,0,Europe (EU-27),1,Industry (chemical feedstock),1,1,1,0,10.120130017507979,0,0,0,1,0
CETPROJH2823,Under construction,2021.0,2021,Green,0,Europe (EU-27),1,Industry (other),1,1,1,0,9.472781556562168,0,0,0,0,0
CETPROJH2822,On-hold (assumed),2020.0,2020,Green,0,Europe (EU-27),1,Industry (other),1,1,1,0,10.714439990727769,0,0,0,1,0
CETPROJH2821,Fully commissioned,2020.0,2020,Green,0,Europe (EU-27),1,Transport (road),0,1,0,0,6.698268054115413,0,0,0,0,1
CETPROJH2820,Fully commissioned,2020.0,2020,Green,0,Europe (EU-27),1,Transport (road),0,1,0,0,0.0,0,0,0,0,1
CETPROJH2819,Under construction,2019.0,2019,Green,0,Europe (EU-27),1,Industry (refinery feedstock),1,1,1,0,7.3783837129967145,0,0,0,0,0
CETPROJH2818,Design,2021.0,2021,Green,0,Europe (EU-27),1,Industry (chemical feedstock),1,1,1,0,8.696175846944678,0,0,0,0,0
CETPROJH2817,On-hold (assumed),2020.0,2020,Green,0,Europe (EU-27),1,Industry (other),1,1,1,0,8.558910784768106,0,0,0,1,0
CETPROJH2816,On-hold (assumed),2021.0,2021,Green,0,Europe (EU-27),1,Industry (other),0,1,0,0,8.664923303440572,0,0,0,1,0
CETPROJH2815,Feasibility,2021.0,2021,Green,0,Europe (EU-27),1,Power & heat,0,1,0,0,7.873217054862741,0,0,0,0,0
CETPROJH2814,Fully commissioned,2018.0,2018,Green,0,Europe (EU-27),1,Power & heat,0,1,0,0,4.663439094112067,0,0,0,0,1
CETPROJH2813,Fully commissioned,2010.0,2010,Green,0,Europe (EU-27),1,Unknown,0,1,0,0,3.6109179126442243,0,0,0,0,1
CETPROJH2810,On-hold (assumed),2020.0,2020,Green,0,Europe (EU-27),1,Industry (other),1,1,1,0,11.100934107146502,0,0,0,1,0
CETPROJH2809,On-hold (assumed),2020.0,2020,Green,0,Europe (EU-27),1,Industry (other),1,1,1,0,9.682404377188837,0,0,0,1,0
CETPROJH2808,Announced (advanced),2020.0,2020,Green,0,Europe (EU-27),1,Industry (refinery feedstock),1,1,1,0,10.407802024686461,0,0,0,0,0
CETPROJH2807,Financed,2020.0,2020,Green,0,Europe (EU-27),1,Industry (refinery feedstock),1,1,1,0,8.612685172875459,0,0,0,0,0
CETPROJH2806,Fully commissioned,2020.0,2020,Green,0,Europe (EU-27),1,Unknown,0,1,0,0,3.58351893845611,0,0,0,0,1
CETPROJH2805,On-hold (assumed),2022.0,2022,Green,0,Europe (EU-27),1,Industry (chemical feedstock),1,1,1,1,10.463131911491967,0,0,0,1,0
CETPROJH2804,On-hold (assumed),2022.0,2022,Green,0,Europe (EU-27),1,Industry (other),0,1,0,1,9.517898598432753,0,0,0,1,0
CETPROJH2803,On-hold (assumed),2022.0,2022,Green,0,Europe (EU-27),1,Power & heat,0,1,0,1,6.55250788703459,0,0,0,1,0
CETPROJH2802,On-hold (assumed),2020.0,2020,Green,0,Europe (EU-27),1,Industry (other),0,1,0,1,6.55250788703459,0,0,0,1,0
CETPROJH2801,On-hold (assumed),2021.0,2021,Green,0,Europe (EU-27),1,Industry (refinery feedstock),1,1,1,0,10.439044812521303,0,0,0,1,0
CETPROJH2800,On-hold (assumed),2021.0,2021,Green,0,Europe (EU-27),1,Industry (refinery feedstock),1,1,1,0,10.046028239318238,0,0,0,1,0
CETPROJH2799,Plans cancelled,2020.0,2020,Green,0,Europe (EU-27),1,Gas grid,0,1,0,0,7.849323818040561,1,1,1,1,0
CETPROJH2798,On-hold (assumed),2021.0,2021,Green,0,Europe (EU-27),1,Industry (chemical feedstock),1,1,1,0,9.078065332666364,0,0,0,1,0
CETPROJH2797,On-hold (assumed),2021.0,2021,Green,0,Europe (EU-27),1,Industry (chemical feedstock),1,1,1,0,7.874358824729881,0,0,0,1,0
CETPROJH2796,Financed,2021.0,2021,Green,0,Europe (EU-27),1,Industry (refinery feedstock),1,1,1,0,9.052867513151618,0,0,0,0,0
CETPROJH2795,Under construction,2021.0,2021,Green,0,Europe (EU-27),1,Industry (refinery feedstock),1,1,1,0,8.989319566042951,0,0,0,0,0
CETPROJH2794,Under construction,2022.0,2022,Green,0,Europe (EU-27),1,Industry (refinery feedstock),1,1,1,0,8.989319566042951,0,0,0,0,0
CETPROJH2793,Fully commissioned,2011.0,2011,Green,0,Europe (EU-27),1,Gas grid,0,1,0,0,3.713572066704308,0,0,0,0,1
CETPROJH2792,Plans cancelled,2018.0,2018,Green,0,Europe (EU-27),1,Industry (other),0,1,0,0,6.76849321164863,1,1,1,1,0
CETPROJH2791,Under construction,2021.0,2021,Green,0,Europe (EU-27),1,Industry (refinery feedstock),1,1,1,0,7.206377291472252,0,0,0,0,0
CETPROJH2790,On-hold (confirmed),2019.0,2019,Green,0,Europe (EU-27),1,Gas grid,0,1,0,0,8.664923303440572,0,0,1,1,0
CETPROJH279,Design,2021.0,2021,Blue_CCS,1,North America,0,Power & heat,0,0,0,0,11.947016901866716,0,0,0,0,0
CETPROJH2789,Plans cancelled,2018.0,2018,Green,0,Europe (EU-27),1,Unknown,0,1,0,0,8.664923303440572,1,1,1,1,0
CETPROJH2788,Fully commissioned,2018.0,2018,Green,0,Europe (EU-27),1,Industry (other),0,1,0,0,3.828641396489095,0,0,0,0,1
CETPROJH2787,Under construction,2021.0,2021,Green,0,Europe (EU-27),1,Industry (refinery feedstock),1,1,1,0,9.25339986143663,0,0,0,0,0
CETPROJH2786,Fully commissioned,2018.0,2018,Green,0,Europe (EU-27),1,Industry (refinery feedstock),1,1,1,0,6.478509642208569,0,0,0,0,1
CETPROJH2785,Decommissioned,2012.0,2012,Green,0,Europe (EU-27),1,Power & heat,0,1,0,0,0.6931471805599453,0,1,1,0,0
CETPROJH2784,Fully commissioned,2017.0,2017,Green,0,Europe (EU-27),1,Transport (road),0,1,0,0,4.770684624465665,0,0,0,0,1
CETPROJH2783,Fully commissioned,2017.0,2017,Green,0,Europe (EU-27),1,Transport (road),0,1,0,0,2.772588722239781,0,0,0,0,1
CETPROJH2782,Decommissioned,2011.0,2011,Green,0,Europe (EU-27),1,Unknown,0,1,0,0,2.3978952727983707,0,1,1,0,0
CETPROJH2781,Fully commissioned,2017.0,2017,Green,0,Europe (EU-27),1,Gas grid,0,1,0,0,4.07753744390572,0,0,0,0,1
CETPROJH2780,Fully commissioned,2015.0,2015,Green,0,Europe (EU-27),1,Unknown,0,1,0,0,3.713572066704308,0,0,0,0,1
CETPROJH2779,Decommissioned,2015.0,2015,Green,0,Europe (EU-27),1,Power & heat,0,1,0,0,1.0986122886681098,0,1,1,0,0
CETPROJH2778,Fully commissioned,2017.0,2017,Green,0,Europe (EU-27),1,Transport (other),0,1,0,0,4.795790545596741,0,0,0,0,1
CETPROJH2777,Fully commissioned,2015.0,2015,Green,0,Europe (EU-27),1,Industry (other),0,1,0,0,4.174387269895637,0,0,0,0,1
CETPROJH2776,Decommissioned,2011.0,2011,Green,0,Europe (EU-27),1,Power & heat,0,1,0,0,0.0,0,1,1,0,0
CETPROJH2775,Fully commissioned,2014.0,2014,Green,0,Europe (EU-27),1,Gas grid,0,1,0,0,4.770684624465665,0,0,0,0,1
CETPROJH2774,Decommissioned,2011.0,2011,Green,0,Europe (EU-27),1,Power & heat,0,1,0,0,1.3862943611198906,0,1,1,0,0
CETPROJH2773,Decommissioned,2014.0,2014,Green,0,Europe (EU-27),1,Gas grid,0,1,0,0,2.8903717578961645,0,1,1,0,0
CETPROJH2772,Fully commissioned,2011.0,2011,Green,0,Europe (EU-27),1,Power & heat,0,1,0,0,4.174387269895637,0,0,0,0,1
CETPROJH2771,Decommissioned,2013.0,2013,Green,0,Europe (EU-27),1,Power & heat,0,1,0,0,0.0,0,1,1,0,0
CETPROJH2770,Decommissioned,2011.0,2011,Green,0,Europe (EU-27),1,Power & heat,0,1,0,0,0.0,0,1,1,0,0
CETPROJH277,On-hold (confirmed),2022.0,2022,Blue_CCS,1,North America,0,Industry (other),0,0,0,0,13.51868144526835,0,0,1,1,0
CETPROJH2769,Fully commissioned,2013.0,2013,Green,0,Europe (EU-27),1,Power & heat,0,1,0,0,4.174387269895637,0,0,0,0,1
CETPROJH2768,Fully commissioned,2013.0,2013,Green,0,Europe (EU-27),1,Transport (road),0,1,0,0,2.4849066497880004,0,0,0,0,1
CETPROJH2767,Fully commissioned,2016.0,2016,Green,0,Europe (EU-27),1,Transport (road),0,1,0,0,3.713572066704308,0,0,0,0,1
CETPROJH2766,Fully commissioned,2013.0,2013,Green,0,Europe (EU-27),1,Transport (road),0,1,0,0,4.174387269895637,0,0,0,0,1
CETPROJH2765,Fully commissioned,2011.0,2011,Green,0,Europe (EU-27),1,Transport (other),0,1,0,0,4.07753744390572,0,0,0,0,1
CETPROJH2764,Fully commissioned,2011.0,2011,Green,0,Europe (EU-27),1,Power & heat,0,1,0,0,4.04305126783455,0,0,0,0,1
CETPROJH2763,Fully commissioned,2012.0,2012,Green,0,Europe (EU-27),1,Transport (road),0,1,0,0,4.02535169073515,0,0,0,0,1
CETPROJH2762,Fully commissioned,2015.0,2015,Green,0,Europe (EU-27),1,Industry (chemical feedstock),1,1,1,0,4.174387269895637,0,0,0,0,1
CETPROJH2761,Fully commissioned,2010.0,2010,Green,0,Europe (EU-27),1,Transport (road),0,1,0,0,3.713572066704308,0,0,0,0,1
CETPROJH2760,Fully commissioned,2011.0,2011,Green,0,Europe (EU-27),1,Industry (chemical feedstock),1,1,1,0,4.219507705176107,0,0,0,0,1
CETPROJH276,On-hold (assumed),2021.0,2021,Waste,0,North America,0,Transport (road),0,0,0,0,8.67265729404031,0,0,0,1,0
CETPROJH2759,Decommissioned,2011.0,2011,Green,0,Europe (EU-27),1,Gas grid,0,1,0,0,2.3978952727983707,0,1,1,0,0
CETPROJH2758,Fully commissioned,2012.0,2012,Green,0,Europe (EU-27),1,Gas grid,0,1,0,0,4.718498871295094,0,0,0,0,1
CETPROJH2757,Fully commissioned,2011.0,2011,Green,0,Europe (EU-27),1,Gas grid,0,1,0,0,4.219507705176107,0,0,0,0,1
CETPROJH2756,Decommissioned,2011.0,2011,Green,0,Europe (EU-27),1,Power & heat,0,1,0,0,3.1780538303479458,0,1,1,0,0
CETPROJH2755,Decommissioned,2011.0,2011,Green,0,Europe (EU-27),1,Gas grid,0,1,0,0,2.9444389791664403,0,1,1,0,0
CETPROJH2754,Fully commissioned,2011.0,2011,Green,0,Europe (EU-27),1,Gas grid,0,1,0,0,4.418840607796598,0,0,0,0,1
CETPROJH2753,Fully commissioned,2016.0,2016,Green,0,Europe (EU-27),1,Industry (chemical feedstock),1,1,1,0,4.290459441148391,0,0,0,0,1
CETPROJH2752,Fully commissioned,2013.0,2013,Green,0,Europe (EU-27),1,Gas grid,0,1,0,0,4.394449154672439,0,0,0,0,1
CETPROJH2751,Fully commissioned,2011.0,2011,Green,0,Europe (EU-27),1,Gas grid,0,1,0,0,4.454347296253507,0,0,0,0,1
CETPROJH2750,Fully commissioned,2011.0,2011,Green,0,Europe (EU-27),1,Transport (road),0,1,0,0,5.993961427306569,0,0,0,0,1
CETPROJH275,On-hold (assumed),2021.0,2021,Blue_CCS,1,North America,0,Unknown,0,0,0,0,5.680172609017068,0,0,0,1,0
CETPROJH2747,Decommissioned,2012.0,2012,Green,0,Europe (EU-27),1,Industry (chemical feedstock),1,1,1,0,2.3978952727983707,0,1,1,0,0
CETPROJH2744,Fully commissioned,2010.0,2010,Green,0,Europe (EU-27),1,Power & heat,0,1,0,0,5.327876168789581,0,0,0,0,1
CETPROJH2743,Decommissioned,2010.0,2010,Green,0,Europe (EU-27),1,Gas grid,0,1,0,0,2.772588722239781,0,1,1,0,0
CETPROJH2741,Fully commissioned,2010.0,2010,Green,0,Europe (EU-27),1,Power & heat,0,1,0,0,4.927253685157205,0,0,0,0,1
CETPROJH274,On-hold (assumed),2021.0,2021,Blue_CCS,1,North America,0,Transport (road),0,0,0,0,5.484796933490655,0,0,0,1,0
CETPROJH2732,Fully commissioned,2018.0,2018,Green,0,Europe (EU-27),1,Transport (road),0,1,0,0,2.772588722239781,0,0,0,0,1
CETPROJH2731,Fully commissioned,2020.0,2020,Green,0,Europe (EU-27),1,Transport (road),0,1,0,0,2.772588722239781,0,0,0,0,1
CETPROJH273,On-hold (assumed),2021.0,2021,Blue_CCS,1,North America,0,Transport (road),0,0,0,0,5.209486152841421,0,0,0,1,0
CETPROJH2728,Fully commissioned,2020.0,2020,Green,0,Europe (EU-27),1,Transport (road),0,1,0,0,2.772588722239781,0,0,0,0,1
CETPROJH2727,Fully commissioned,2018.0,2018,Green,0,Europe (EU-27),1,Transport (road),0,1,0,0,2.772588722239781,0,0,0,0,1
CETPROJH2726,On-hold (assumed),2020.0,2020,Green,0,Europe (EU-27),1,Industry (other),0,1,0,0,7.635786861395585,0,0,0,1,0
CETPROJH2725,On-hold (assumed),2020.0,2020,Blue_CCS,1,Europe (EU-27),1,Unknown,0,1,0,0,0.0,0,0,0,1,0
CETPROJH2724,On-hold (confirmed),2022.0,2022,Green,0,Asia-Pacific,0,Transport (road),0,0,0,0,4.6913478822291435,0,0,1,1,0
CETPROJH2723,Permitted,2020.0,2020,Green,0,Asia-Pacific,0,Unknown,0,0,0,0,3.6109179126442243,0,0,0,0,0
CETPROJH2722,Feasibility,2021.0,2021,Green,0,Asia-Pacific,0,Industry (chemical feedstock),1,1,0,0,11.632954864549752,0,0,0,0,0
CETPROJH2721,Plans cancelled,2021.0,2021,Green,0,Asia-Pacific,0,Industry (other),0,0,0,0,9.232199706329077,1,1,1,1,0
CETPROJH2720,On-hold (assumed),2021.0,2021,Green,0,Asia-Pacific,0,Transport (road),0,0,0,0,2.8903717578961645,0,0,0,1,0
CETPROJH2719,Under construction,2020.0,2020,Green,0,Asia-Pacific,0,Gas grid,0,0,0,0,2.1972245773362196,0,0,0,0,0
CETPROJH2718,On-hold (assumed),2020.0,2020,Green,0,Asia-Pacific,0,Unknown,0,0,0,0,0.0,0,0,0,1,0
CETPROJH2717,On-hold (assumed),2019.0,2019,Green,0,Asia-Pacific,0,Gas grid,0,0,0,0,0.0,0,0,0,1,0
CETPROJH2716,On-hold (assumed),2022.0,2022,Green,0,Asia-Pacific,0,Industry (other),0,0,0,0,5.749392985908253,0,0,0,1,0
CETPROJH2715,Design,2022.0,2022,Green,0,Asia-Pacific,0,Industry (other),0,0,0,0,12.231745265561225,0,0,0,0,0
CETPROJH2714,On-hold (assumed),2022.0,2022,Blue_CCS,1,Asia-Pacific,0,Unknown,0,0,0,0,0.0,0,0,0,1,0
CETPROJH2713,On-hold (confirmed),2022.0,2022,Green,0,Asia-Pacific,0,Unknown,0,0,0,0,9.04617302576227,0,0,1,1,0
CETPROJH2712,Under construction,2022.0,2022,Green,0,Asia-Pacific,0,Power & heat,0,0,0,0,3.4339872044851463,0,0,0,0,0
CETPROJH2711,On-hold (assumed),2022.0,2022,Green,0,Asia-Pacific,0,Unknown,0,0,0,0,9.90353755128617,0,0,0,1,0
CETPROJH2710,On-hold (assumed),2022.0,2022,Green,0,Asia-Pacific,0,Transport (other),0,0,0,0,3.8501476017100584,0,0,0,1,0
CETPROJH271,Fully commissioned,2020.0,2020,Blue_CCS,1,North America,0,Transport (road),0,0,0,0,9.078065332666364,0,0,0,0,1
CETPROJH2709,Fully commissioned,2022.0,2022,Green,0,Asia-Pacific,0,Transport (road),0,0,0,0,4.859812404361672,0,0,0,0,1
CETPROJH2708,On-hold (assumed),2022.0,2022,Green,0,Asia-Pacific,0,Transport (road),0,0,0,0,7.732807530422021,0,0,0,1,0
CETPROJH2707,On-hold (assumed),2022.0,2022,Green,0,Asia-Pacific,0,Transport (road),0,0,0,0,5.594711379601839,0,0,0,1,0
CETPROJH2706,Under construction,2022.0,2022,Green,0,Asia-Pacific,0,Industry (chemical feedstock),1,1,0,0,4.330733340286331,0,0,0,0,0
CETPROJH2705,On-hold (confirmed),2022.0,2022,Green,0,Asia-Pacific,0,Power & heat,0,0,0,0,9.581145019820722,0,0,1,1,0
CETPROJH2704,On-hold (assumed),2022.0,2022,Green,0,Asia-Pacific,0,Power & heat,0,0,0,0,7.00397413672268,0,0,0,1,0
CETPROJH2703,Permitted,2022.0,2022,Green,0,Asia-Pacific,0,Industry (other),0,0,0,0,8.067149039910106,0,0,0,0,0
CETPROJH2702,On-hold (assumed),2022.0,2022,Green,0,Asia-Pacific,0,Power & heat,0,0,0,0,9.024613022047395,0,0,0,1,0
CETPROJH2701,On-hold (assumed),2022.0,2022,Green,0,Asia-Pacific,0,Transport (road),0,0,0,0,4.5217885770490405,0,0,0,1,0
CETPROJH2700,On-hold (confirmed),2022.0,2022,Green,0,Asia-Pacific,0,Transport (road),0,0,0,0,5.902633333401366,0,0,1,1,0
CETPROJH270,On-hold (assumed),2021.0,2021,Blue_CCS,1,North America,0,Power & heat,0,0,0,0,12.493755967981173,0,0,0,1,0
CETPROJH2699,Plans cancelled,2021.0,2021,Green,0,Asia-Pacific,0,Transport (road),0,0,0,0,10.413642951751815,1,1,1,1,0
CETPROJH2698,Plans cancelled,2021.0,2021,Green,0,Asia-Pacific,0,Transport (road),0,0,0,0,9.581145019820722,1,1,1,1,0
CETPROJH2697,Plans cancelled,2021.0,2021,Green,0,Asia-Pacific,0,Transport (road),0,0,0,0,8.154212694914229,1,1,1,1,0
CETPROJH2696,Design,2021.0,2021,Green,0,Asia-Pacific,0,Unknown,0,0,0,0,10.53212287826962,0,0,0,0,0
CETPROJH2695,Feasibility,2021.0,2021,Green,0,Asia-Pacific,0,Industry (chemical feedstock),1,1,0,0,7.913155185928068,0,0,0,0,0
CETPROJH2694,Plans cancelled,2021.0,2021,Green,0,Asia-Pacific,0,Industry (other),0,0,0,0,11.786008995353765,1,1,1,1,0
CETPROJH2693,Feasibility,2020.0,2020,Green,0,Asia-Pacific,0,Transport (road),0,0,0,0,8.33375100695358,0,0,0,0,0
CETPROJH2692,On-hold (assumed),2020.0,2020,Blue_CCS,1,Asia-Pacific,0,Unknown,0,0,0,0,3.784189633918261,0,0,0,1,0
CETPROJH2691,Design,2022.0,2022,Green,0,Asia-Pacific,0,Unknown,0,0,0,0,0.0,0,0,0,0,0
CETPROJH2690,On-hold (assumed),2022.0,2022,Green,0,Asia-Pacific,0,Industry (other),0,0,0,0,9.078065332666364,0,0,0,1,0
CETPROJH269,Under construction,2021.0,2021,Blue_CCS,1,North America,0,Industry (chemical feedstock),1,1,0,0,11.493875154612681,0,0,0,0,0
CETPROJH2688,Announced (advanced),2020.0,2020,Green,0,Asia-Pacific,0,Transport (road),0,0,0,0,8.695004592732307,0,0,0,0,0
CETPROJH2687,Feasibility,2021.0,2021,Green,0,Asia-Pacific,0,Transport (road),0,0,0,0,5.58724865840025,0,0,0,0,0
CETPROJH2686,On-hold (assumed),2020.0,2020,Green,0,Asia-Pacific,0,Unknown,0,0,0,0,11.104972264124868,0,0,0,1,0
CETPROJH2685,Feasibility,2023.0,2023,Blue_CCS,1,Asia-Pacific,0,Unknown,0,0,0,0,10.239995502805316,0,0,0,0,0
CETPROJH2684,On-hold (assumed),2022.0,2022,Blue_CCS,1,Asia-Pacific,0,Gas grid,0,0,0,0,11.195484970354173,0,0,0,1,0
CETPROJH2683,On-hold (assumed),2021.0,2021,Green,0,Asia-Pacific,0,Unknown,0,0,0,0,0.0,0,0,0,1,0
CETPROJH2682,Plans cancelled,2021.0,2021,Green,0,Asia-Pacific,0,Industry (chemical feedstock),1,1,0,0,0.0,1,1,1,1,0
CETPROJH2681,On-hold (confirmed),2021.0,2021,Green,0,Asia-Pacific,0,Unknown,0,0,0,0,11.537627833610571,0,0,1,1,0
CETPROJH2680,Permitted,2021.0,2021,Green,0,Asia-Pacific,0,Power & heat,0,0,0,0,0.0,0,0,0,0,0
CETPROJH268,Permitted,2022.0,2022,Blue_CCS,1,North America,0,Industry (chemical feedstock),1,1,0,0,12.899222326086994,0,0,0,0,0
CETPROJH2679,Plans cancelled,2021.0,2021,Green,0,Asia-Pacific,0,Transport (road),0,0,0,0,7.111512116496157,1,1,1,1,0
CETPROJH2678,Plans cancelled,2021.0,2021,Green,0,Asia-Pacific,0,Unknown,0,0,0,0,10.021315031649332,1,1,1,1,0
CETPROJH2677,On-hold (assumed),2021.0,2021,Waste,0,Asia-Pacific,0,Unknown,0,0,0,0,9.210440366976517,0,0,0,1,0
CETPROJH2676,Design,2021.0,2021,Green,0,Asia-Pacific,0,Industry (other),0,0,0,0,5.303304908059076,0,0,0,0,0
CETPROJH2675,On-hold (confirmed),2021.0,2021,Green,0,Asia-Pacific,0,Transport (aviation),0,0,0,0,8.634442751466477,0,0,1,1,0
CETPROJH2674,On-hold (assumed),2021.0,2021,Green,0,Asia-Pacific,0,Unknown,0,0,0,0,0.0,0,0,0,1,0
CETPROJH2673,On-hold (assumed),2021.0,2021,Blue_CCS,1,Asia-Pacific,0,Unknown,0,0,0,0,0.0,0,0,0,1,0
CETPROJH2672,Announced (advanced),2021.0,2021,Green,0,Asia-Pacific,0,Unknown,0,0,0,0,14.489475428791312,0,0,0,0,0
CETPROJH2671,On-hold (assumed),2020.0,2020,Green,0,Asia-Pacific,0,Industry (chemical feedstock),1,1,0,0,10.308985993422082,0,0,0,1,0
CETPROJH2670,Plans cancelled,2020.0,2020,Green,0,Asia-Pacific,0,Power & heat,0,0,0,0,0.0,1,1,1,1,0
CETPROJH267,Design,2021.0,2021,Blue_CCS,1,North America,0,Gas grid,0,0,0,0,13.231226750886059,0,0,0,0,0
CETPROJH2669,Design,2021.0,2021,Green,0,Asia-Pacific,0,Power & heat,0,0,0,0,1.3862943611198906,0,0,0,0,0
CETPROJH2668,Design,2020.0,2020,Green,0,Asia-Pacific,0,Transport (road),0,0,0,0,3.713572066704308,0,0,0,0,0
CETPROJH2667,Plans cancelled,2020.0,2020,Green,0,Asia-Pacific,0,Gas grid,0,0,0,0,6.444131256700441,1,1,1,1,0
CETPROJH2666,Fully commissioned,2020.0,2020,Green,0,Asia-Pacific,0,Industry (other),0,0,0,0,3.912023005428146,0,0,0,0,1
CETPROJH2665,Fully commissioned,2021.0,2021,Green,0,Asia-Pacific,0,Transport (road),0,0,0,0,1.0986122886681098,0,0,0,0,1
CETPROJH2664,On-hold (assumed),2019.0,2019,Green,0,Asia-Pacific,0,Unknown,1,1,0,0,8.294299608857235,0,0,0,1,0
CETPROJH2663,On-hold (assumed),2020.0,2020,Green,0,Asia-Pacific,0,Transport (road),0,0,0,0,6.021023349349527,0,0,0,1,0
CETPROJH2662,On-hold (confirmed),2020.0,2020,Green,0,Asia-Pacific,0,Unknown,0,0,0,0,10.17545936253226,0,0,1,1,0
CETPROJH2661,On-hold (assumed),2020.0,2020,Green,0,Asia-Pacific,0,Unknown,0,0,0,0,9.581145019820722,0,0,0,1,0
CETPROJH2660,On-hold (assumed),2020.0,2020,Green,0,Asia-Pacific,0,Industry (other),0,0,0,0,9.098514556793926,0,0,0,1,0
CETPROJH266,On-hold (assumed),2021.0,2021,Blue_CCS,1,North America,0,Gas grid,0,0,0,0,0.0,0,0,0,1,0
CETPROJH2659,On-hold (assumed),2020.0,2020,Waste,0,Asia-Pacific,0,Transport (other),0,0,0,0,7.362645270417825,0,0,0,1,0
CETPROJH2658,Under construction,2020.0,2020,Green,0,Asia-Pacific,0,Transport (road),0,0,0,0,3.6888794541139363,0,0,0,0,0
CETPROJH2657,On-hold (assumed),2020.0,2020,Green,0,Asia-Pacific,0,Power & heat,0,0,0,0,0.0,0,0,0,1,0
CETPROJH2656,Fully commissioned,2019.0,2019,Green,0,Asia-Pacific,0,Industry (other),0,0,0,0,2.0794415416798357,0,0,0,0,1
CETPROJH2655,Permitted,2020.0,2020,Green,0,Asia-Pacific,0,Transport (road),0,0,0,0,0.0,0,0,0,0,0
CETPROJH2654,Fully commissioned,2018.0,2018,Green,0,Asia-Pacific,0,Unknown,0,0,0,0,0.0,0,0,0,0,1
CETPROJH2653,On-hold (assumed),2020.0,2020,Green,0,Asia-Pacific,0,Unknown,0,0,0,0,7.650168700845001,0,0,0,1,0
CETPROJH2652,Design,2020.0,2020,Green,0,Asia-Pacific,0,Power & heat,0,0,0,0,12.605003115990996,0,0,0,0,0
CETPROJH2651,On-hold (assumed),2019.0,2019,Green,0,Asia-Pacific,0,Industry (chemical feedstock),1,1,0,0,7.650168700845001,0,0,0,1,0
CETPROJH2650,On-hold (assumed),2020.0,2020,Green,0,Asia-Pacific,0,Power & heat,0,0,0,0,3.7376696182833684,0,0,0,1,0
CETPROJH2649,On-hold (assumed),2018.0,2018,Waste,0,Asia-Pacific,0,Unknown,0,0,0,0,1.9459101490553132,0,0,0,1,0
CETPROJH2648,Plans cancelled,2020.0,2020,Green,0,Asia-Pacific,0,Other,1,1,0,0,0.0,1,1,1,1,0
CETPROJH2647,On-hold (assumed),2021.0,2021,Green,0,Asia-Pacific,0,Industry (other),1,1,0,0,6.19644412779452,0,0,0,1,0
CETPROJH2646,Plans cancelled,2021.0,2021,Green,0,Asia-Pacific,0,Industry (other),0,0,0,0,10.687411927154141,1,1,1,1,0
CETPROJH2645,On-hold (confirmed),2021.0,2021,Green,0,Asia-Pacific,0,Industry (refinery feedstock),1,1,0,0,0.0,0,0,1,1,0
CETPROJH2644,On-hold (assumed),2021.0,2021,Green,0,Asia-Pacific,0,Unknown,0,0,0,0,6.1779441140506,0,0,0,1,0
CETPROJH2643,On-hold (assumed),2021.0,2021,Green,0,Asia-Pacific,0,Unknown,0,0,0,0,7.181591944611865,0,0,0,1,0
CETPROJH2642,On-hold (assumed),2021.0,2021,Green,0,Asia-Pacific,0,Unknown,0,0,0,0,11.911862645782104,0,0,0,1,0
CETPROJH2641,On-hold (assumed),2021.0,2021,Green,0,Asia-Pacific,0,Power & heat,0,0,0,0,4.2626798770413155,0,0,0,1,0
CETPROJH2640,Under construction,2021.0,2021,Green,0,Asia-Pacific,0,Gas grid,0,0,0,0,6.53813982376767,0,0,0,0,0
CETPROJH264,Fully commissioned,2011.0,2011,Blue_CCS,1,North America,0,Industry (chemical feedstock),1,1,0,0,11.099801099494575,0,0,0,0,1
CETPROJH2639,On-hold (assumed),2021.0,2021,Green,0,Asia-Pacific,0,Unknown,0,0,0,0,13.774689605110144,0,0,0,1,0
CETPROJH2638,On-hold (assumed),2020.0,2020,Green,0,Asia-Pacific,0,Power & heat,0,0,0,0,9.455323689894849,0,0,0,1,0
CETPROJH2637,Under construction,2021.0,2021,Green,0,Asia-Pacific,0,Power & heat,0,0,0,0,2.1972245773362196,0,0,0,0,0
CETPROJH2636,On-hold (assumed),2021.0,2021,Blue_CCS,1,Asia-Pacific,0,Industry (other),0,0,0,0,0.0,0,0,0,1,0
CETPROJH2635,On-hold (assumed),2021.0,2021,Green,0,Asia-Pacific,0,Industry (other),0,0,0,0,0.0,0,0,0,1,0
CETPROJH2634,On-hold (assumed),2021.0,2021,Green,0,Asia-Pacific,0,Industry (other),0,0,0,0,9.018089684104343,0,0,0,1,0
CETPROJH2633,On-hold (confirmed),2021.0,2021,Green,0,Asia-Pacific,0,Gas grid,0,0,0,0,12.706850963741102,0,0,1,1,0
CETPROJH2632,Under construction,2021.0,2021,Green,0,Asia-Pacific,0,Industry (refinery feedstock),1,1,0,0,4.48863636973214,0,0,0,0,0
CETPROJH2631,Design,2021.0,2021,Green,0,Asia-Pacific,0,Industry (chemical feedstock),1,1,0,0,6.364750756851911,0,0,0,0,0
CETPROJH2630,On-hold (assumed),2020.0,2020,Green,0,Asia-Pacific,0,Unknown,0,0,0,0,7.783640596221253,0,0,0,1,0
CETPROJH263,Design,2020.0,2020,Blue_CCS,1,North America,0,Industry (chemical feedstock),1,1,0,0,10.778977123006351,0,0,0,0,0
CETPROJH2629,Plans cancelled,2020.0,2020,Green,0,Asia-Pacific,0,Unknown,0,0,0,0,10.12667110305036,1,1,1,1,0
CETPROJH2628,Fully commissioned,2020.0,2020,Green,0,Asia-Pacific,0,Power & heat,0,0,0,0,1.3862943611198906,0,0,0,0,1
CETPROJH2627,On-hold (confirmed),2020.0,2020,Green,0,Asia-Pacific,0,Power & heat,0,0,0,0,10.120130017507979,0,0,1,1,0
CETPROJH2626,On-hold (assumed),2020.0,2020,Green,0,Asia-Pacific,0,Unknown,0,0,0,0,8.699681400989514,0,0,0,1,0
CETPROJH2625,On-hold (assumed),2020.0,2020,Blue_CCS,1,Asia-Pacific,0,Unknown,0,0,0,0,0.0,0,0,0,1,0
CETPROJH2624,On-hold (assumed),2021.0,2021,Green,0,Asia-Pacific,0,Power & heat,0,0,0,0,12.020200793891197,0,0,0,1,0
CETPROJH2623,Design,2019.0,2019,Green,0,Asia-Pacific,0,Industry (chemical feedstock),1,1,0,0,11.879601233536802,0,0,0,0,0
CETPROJH2622,On-hold (assumed),2021.0,2021,Blue_CCS,1,Asia-Pacific,0,Power & heat,0,0,0,0,11.002116507732017,0,0,0,1,0
CETPROJH2621,On-hold (assumed),2020.0,2020,Blue_CCS,1,Asia-Pacific,0,Unknown,0,0,0,0,4.30406509320417,0,0,0,1,0
CETPROJH2620,Fully commissioned,2017.0,2017,Green,0,Asia-Pacific,0,Gas grid,0,0,0,0,1.9459101490553132,0,0,0,0,1
CETPROJH262,Fully commissioned,2010.0,2010,Blue_CCS,1,North America,0,Industry (chemical feedstock),1,1,0,0,8.294299608857235,0,0,0,0,1
CETPROJH2619,On-hold (confirmed),2020.0,2020,Green,0,Asia-Pacific,0,Transport (road),0,0,0,0,6.621405651764134,0,0,1,1,0
CETPROJH2618,Fully commissioned,2018.0,2018,Green,0,Asia-Pacific,0,Other,0,0,0,0,0.0,0,0,0,0,1
CETPROJH2617,Plans cancelled,2020.0,2020,Green,0,Asia-Pacific,0,Unknown,0,0,0,0,6.893656354602635,1,1,1,1,0
CETPROJH2616,Decommissioned,2018.0,2018,Blue_CCS,1,Asia-Pacific,0,Unknown,0,0,0,0,5.680172609017068,0,1,1,0,0
CETPROJH2615,Fully commissioned,2019.0,2019,Green,0,Asia-Pacific,0,Gas grid,0,0,0,0,3.8918202981106265,0,0,0,0,1
CETPROJH2614,On-hold (confirmed),2021.0,2021,Green,0,Asia-Pacific,0,Unknown,0,0,0,0,10.106469212026385,0,0,1,1,0
CETPROJH2613,Under construction,2021.0,2021,Green,0,Asia-Pacific,0,Transport (road),0,0,0,0,2.5649493574615367,0,0,0,0,0
CETPROJH2612,Fully commissioned,2019.0,2019,Waste,0,Asia-Pacific,0,Unknown,0,0,0,0,3.58351893845611,0,0,0,0,1
CETPROJH2611,Design,2020.0,2020,Green,0,Asia-Pacific,0,Industry (chemical feedstock),1,1,0,0,8.524764456912555,0,0,0,0,0
CETPROJH2610,Design,2020.0,2020,Green,0,Asia-Pacific,0,Transport (road),0,0,0,0,9.571574905170932,0,0,0,0,0
CETPROJH261,Fully commissioned,2011.0,2011,Blue_CCS,1,North America,0,Industry (refinery feedstock),1,1,0,0,11.257942888681463,0,0,0,0,1
CETPROJH2609,Under construction,2020.0,2020,Green,0,Asia-Pacific,0,Industry (chemical feedstock),1,1,0,0,5.081404364984463,0,0,0,0,0
CETPROJH2608,Fully commissioned,2017.0,2017,Green,0,Asia-Pacific,0,Other,0,0,0,0,1.0986122886681098,0,0,0,0,1
CETPROJH2607,On-hold (confirmed),2018.0,2018,Green,0,Asia-Pacific,0,Unknown,0,0,0,0,8.60813018640834,0,0,1,1,0
CETPROJH2606,On-hold (assumed),2020.0,2020,Blue_CCS,1,Asia-Pacific,0,Unknown,0,0,0,0,11.17201137792151,0,0,0,1,0
CETPROJH2605,Fully commissioned,2016.0,2016,Green,0,Asia-Pacific,0,Transport (road),0,0,0,0,4.394449154672439,0,0,0,0,1
CETPROJH2604,Fully commissioned,2019.0,2019,Green,0,Asia-Pacific,0,Transport (road),0,0,0,0,2.0794415416798357,0,0,0,0,1
CETPROJH2603,Fully commissioned,2017.0,2017,Green,0,Asia-Pacific,0,Gas grid,0,0,0,0,2.5649493574615367,0,0,0,0,1
CETPROJH2602,Fully commissioned,2018.0,2018,Green,0,Asia-Pacific,0,Gas grid,0,0,0,0,4.663439094112067,0,0,0,0,1
CETPROJH2601,On-hold (assumed),2017.0,2017,Green,0,Asia-Pacific,0,Unknown,0,0,0,0,0.0,0,0,0,1,0
CETPROJH2600,Plans cancelled,2017.0,2017,Green,0,Asia-Pacific,0,Gas grid,0,0,0,0,0.0,1,1,1,1,0
CETPROJH260,Fully commissioned,2011.0,2011,Blue_CCS,1,North America,0,Industry (refinery feedstock),1,1,0,0,11.20793445339581,0,0,0,0,1
CETPROJH2599,Fully commissioned,2011.0,2011,Green,0,Asia-Pacific,0,Power & heat,0,0,0,0,1.9459101490553132,0,0,0,0,1
CETPROJH2598,On-hold (assumed),2022.0,2022,Green,0,Europe (EU-27),1,Industry (other),0,1,0,0,8.853808274977197,0,0,0,1,0
CETPROJH2597,On-hold (assumed),2022.0,2022,Green,0,Europe (EU-27),1,Industry (other),0,1,0,0,10.274292200380668,0,0,0,1,0
CETPROJH2596,On-hold (assumed),2020.0,2020,Green,0,Europe (EU-27),1,Industry (other),0,1,0,0,6.419994928147142,0,0,0,1,0
CETPROJH2595,On-hold (assumed),2021.0,2021,Green,0,Europe (EU-27),1,Industry (other),0,1,0,0,1.0986122886681098,0,0,0,1,0
CETPROJH2594,On-hold (assumed),2021.0,2021,Green,0,Europe (EU-27),1,Unknown,0,1,0,0,0.0,0,0,0,1,0
CETPROJH2593,On-hold (assumed),2020.0,2020,Waste,0,Europe (EU-27),1,Unknown,0,1,0,0,8.715880102296456,0,0,0,1,0
CETPROJH2592,On-hold (assumed),2020.0,2020,Green,0,Europe (EU-27),1,Industry (other),0,1,0,0,8.559677803022392,0,0,0,1,0
CETPROJH2591,On-hold (assumed),2020.0,2020,Green,0,Europe (EU-27),1,Industry (other),0,1,0,0,6.364750756851911,0,0,0,1,0
CETPROJH2590,Under construction,2022.0,2022,Green,0,Europe (EU-27),1,Industry (refinery feedstock),1,1,1,0,9.301186055275759,0,0,0,0,0
CETPROJH259,Under construction,2022.0,2022,Blue_CCS,1,Middle East,0,Industry (chemical feedstock),1,1,0,0,12.113962839063479,0,0,0,0,0
CETPROJH2589,Fully commissioned,2019.0,2019,Green,0,Europe (EU-27),1,Transport (rail),0,1,0,0,4.990432586778736,0,0,0,0,1
CETPROJH2588,On-hold (assumed),2021.0,2021,Green,0,Europe (EU-27),1,Industry (other),0,1,0,0,4.663439094112067,0,0,0,1,0
CETPROJH2587,On-hold (assumed),2021.0,2021,Green,0,Europe (EU-27),1,Unknown,0,1,0,0,10.254073999134302,0,0,0,1,0
CETPROJH2586,On-hold (assumed),2021.0,2021,Green,0,Europe (EU-27),1,Power & heat,0,1,0,0,6.688354713946762,0,0,0,1,0
CETPROJH2585,On-hold (assumed),2020.0,2020,Green,0,Europe (EU-27),1,Power & heat,0,1,0,0,8.664923303440572,0,0,0,1,0
CETPROJH2584,On-hold (assumed),2021.0,2021,Green,0,Europe (EU-27),1,Industry (refinery feedstock),1,1,1,0,8.993551586299981,0,0,0,1,0
CETPROJH2583,Design,2021.0,2021,Green,0,Europe (EU-27),1,Industry (other),0,1,0,0,7.13966033596492,0,0,0,0,0
CETPROJH2582,On-hold (assumed),2021.0,2021,Green,0,Europe (EU-27),1,Transport (other),0,1,0,0,0.0,0,0,0,1,0
CETPROJH2581,On-hold (assumed),2021.0,2021,Green,0,Europe (EU-27),1,Power & heat,0,1,0,0,7.247080584585756,0,0,0,1,0
CETPROJH2580,Fully commissioned,2019.0,2019,Green,0,Europe (EU-27),1,Power & heat,0,1,0,0,5.1298987149230735,0,0,0,0,1
CETPROJH258,On-hold (assumed),2022.0,2022,Green,0,Middle East,0,Unknown,0,0,0,0,0.0,0,0,0,1,0
CETPROJH2579,On-hold (assumed),2021.0,2021,Green,0,Europe (EU-27),1,Transport (shipping),0,1,0,0,0.6931471805599453,0,0,0,1,0
CETPROJH2578,Design,2020.0,2020,Green,0,Europe (EU-27),1,Industry (chemical feedstock),1,1,1,0,9.118882761487347,0,0,0,0,0
CETPROJH2577,Permitted,2019.0,2019,Green,0,Europe (EU-27),1,Industry (chemical feedstock),1,1,1,0,8.105609402299896,0,0,0,0,0
CETPROJH2576,Fully commissioned,2020.0,2020,Green,0,Europe (EU-27),1,Transport (road),0,1,0,0,4.110873864173311,0,0,0,0,1
CETPROJH2575,Plans cancelled,2020.0,2020,Green,0,Europe (EU-27),1,Unknown,0,1,0,0,9.021598247379305,1,1,1,1,0
CETPROJH2574,Fully commissioned,2020.0,2020,Green,0,Europe (EU-27),1,Industry (refinery feedstock),1,1,1,0,5.220355825078324,0,0,0,0,1
CETPROJH2573,Permitted,2019.0,2019,Green,0,Europe (EU-27),1,Industry (chemical feedstock),1,1,1,0,6.957497370876951,0,0,0,0,0
CETPROJH2572,Fully commissioned,2018.0,2018,Green,0,Europe (EU-27),1,Power & heat,0,1,0,0,0.6931471805599453,0,0,0,0,1
CETPROJH2571,On-hold (confirmed),2019.0,2019,Green,0,Europe (EU-27),1,Transport (aviation),0,1,0,0,9.04793908261736,0,0,1,1,0
CETPROJH2570,Fully commissioned,2017.0,2017,Green,0,Europe (EU-27),1,Gas grid,0,1,0,0,4.574710978503383,0,0,0,0,1
CETPROJH257,On-hold (assumed),2021.0,2021,Green,0,Middle East,0,Industry (other),1,1,0,0,0.0,0,0,0,1,0
CETPROJH2569,Fully commissioned,2019.0,2019,Green,0,Europe (EU-27),1,Gas grid,0,1,0,0,4.30406509320417,0,0,0,0,1
CETPROJH2568,On-hold (assumed),2020.0,2020,Green,0,Europe (EU-27),1,Industry (other),1,1,1,0,8.566173813637858,0,0,0,1,0
CETPROJH2567,Financed,2021.0,2021,Green,0,Europe (EU-27),1,Industry (refinery feedstock),1,1,1,0,9.45930760329985,0,0,0,0,0
CETPROJH2566,Feasibility,2021.0,2021,Green,0,Europe (EU-27),1,Industry (other),0,1,0,0,8.88405606174246,0,0,0,0,0
CETPROJH2565,Design,2021.0,2021,Green,0,Europe (EU-27),1,Industry (other),0,1,0,0,6.688354713946762,0,0,0,0,0
CETPROJH2564,Announced (advanced),2021.0,2021,Green,0,Europe (EU-27),1,Transport (road),0,1,0,0,5.1647859739235145,0,0,0,0,0
CETPROJH2563,Fully commissioned,2020.0,2020,Green,0,Europe (EU-27),1,Transport (road),0,1,0,0,5.4680601411351315,0,0,0,0,1
CETPROJH2562,Announced (advanced),2020.0,2020,Green,0,Europe (EU-27),1,Transport (road),0,1,0,0,9.491526390684262,0,0,0,0,0
CETPROJH2561,Announced (advanced),2020.0,2020,Green,0,Europe (EU-27),1,Transport (road),0,1,0,0,8.022240916806537,0,0,0,0,0
CETPROJH2560,Fully commissioned,2018.0,2018,Green,0,Europe (EU-27),1,Transport (road),0,1,0,0,5.583496308781699,0,0,0,0,1
CETPROJH2559,On-hold (assumed),2021.0,2021,Green,0,Europe (EU-27),1,Gas grid,0,1,0,0,10.120130017507979,0,0,0,1,0
CETPROJH2558,Design,2018.0,2018,Green,0,Europe (EU-27),1,Transport (road),0,1,0,0,5.7745515455444085,0,0,0,0,0
CETPROJH2557,Plans cancelled,2019.0,2019,Green,0,Europe (EU-27),1,Industry (refinery feedstock),1,1,1,0,10.021315031649332,1,1,1,1,0
CETPROJH2556,On-hold (assumed),2021.0,2021,Green,0,Europe (EU-27),1,Industry (other),1,1,1,0,10.630939536788064,0,0,0,1,0
CETPROJH2555,On-hold (assumed),2021.0,2021,Green,0,Europe (EU-27),1,Industry (other),1,1,1,0,10.630939536788064,0,0,0,1,0
CETPROJH2554,On-hold (assumed),2021.0,2021,Green,0,Europe (EU-27),1,Industry (other),0,1,0,0,11.883688701231943,0,0,0,1,0
CETPROJH2553,On-hold (assumed),2019.0,2019,Green,0,Europe (EU-27),1,Industry (other),0,1,0,0,8.922791623969637,0,0,0,1,0
CETPROJH2552,On-hold (assumed),2020.0,2020,Green,0,Europe (EU-27),1,Industry (other),0,1,0,0,13.115828068719406,0,0,0,1,0
CETPROJH2551,On-hold (assumed),2020.0,2020,Green,0,Europe (EU-27),1,Industry (other),0,1,0,0,12.422682901270855,0,0,0,1,0
CETPROJH2550,On-hold (assumed),2020.0,2020,Green,0,Europe (EU-27),1,Industry (other),0,1,0,0,11.324074638813377,0,0,0,1,0
CETPROJH255,On-hold (assumed),2022.0,2022,Green,0,Middle East,0,Transport (aviation),0,0,0,0,0.0,0,0,0,1,0
CETPROJH2549,Fully commissioned,2021.0,2021,Green,0,Europe (EU-27),1,Transport (road),0,1,0,0,4.330733340286331,0,0,0,0,1
CETPROJH2548,Decommissioned,2011.0,2011,Green,0,Europe (EU-27),1,Gas grid,0,1,0,0,0.0,0,1,1,0,0
CETPROJH2545,On-hold (assumed),2019.0,2019,Blue_CCS,1,Europe (EU-27),1,Unknown,0,1,0,0,11.982935344196433,0,0,0,1,0
CETPROJH2544,On-hold (assumed),2021.0,2021,Waste,0,Europe (EU-27),1,Industry (other),0,1,0,0,4.990432586778736,0,0,0,1,0
CETPROJH2543,On-hold (assumed),2021.0,2021,Waste,0,Europe (EU-27),1,Gas grid,0,1,0,0,10.673618922112436,0,0,0,1,0
CETPROJH2542,Fully commissioned,2019.0,2019,Waste,0,Europe (EU-27),1,Transport (other),0,1,0,0,6.415096959171596,0,0,0,0,1
CETPROJH2541,Plans cancelled,2018.0,2018,Blue_CCS,1,Europe (EU-27),1,Industry (other),1,1,1,0,12.144202560946876,1,1,1,1,0
CETPROJH2540,On-hold (assumed),2021.0,2021,Blue_CCS,1,Europe (EU-27),1,Industry (other),0,1,0,0,11.261626750851569,0,0,0,1,0
CETPROJH2539,Design,2019.0,2019,Blue_CCS,1,Europe (EU-27),1,Industry (refinery feedstock),1,1,1,0,12.388398368982115,0,0,0,0,0
CETPROJH2538,Fully commissioned,2019.0,2019,Green,0,Europe (EU-27),1,Transport (road),0,1,0,0,5.641907070938114,0,0,0,0,1
CETPROJH2537,On-hold (assumed),2021.0,2021,Green,0,Europe (EU-27),1,Industry (other),0,1,0,0,0.0,0,0,0,1,0
CETPROJH2536,Plans cancelled,2020.0,2020,Green,0,Europe (EU-27),1,Industry (chemical feedstock),1,1,1,0,8.696175846944678,1,1,1,1,0
CETPROJH2535,Plans cancelled,2020.0,2020,Green,0,Europe (EU-27),1,Industry (chemical feedstock),1,1,1,0,8.664923303440572,1,1,1,1,0
CETPROJH2534,Plans cancelled,2020.0,2020,Blue_CCS,1,Europe (EU-27),1,Industry (chemical feedstock),1,1,1,0,6.118097198041348,1,1,1,1,0
CETPROJH2533,Plans cancelled,2020.0,2020,Green,0,Europe (EU-27),1,Power & heat,0,1,0,0,9.945636666044287,1,1,1,1,0
CETPROJH2532,Plans cancelled,2020.0,2020,Green,0,Europe (EU-27),1,Power & heat,0,1,0,0,8.328692583545568,1,1,1,1,0
CETPROJH2530,Decommissioned,2013.0,2013,Green,0,Europe (EU-27),1,Transport (other),0,1,0,0,3.367295829986474,0,1,1,0,0
CETPROJH253,On-hold (assumed),2021.0,2021,Green,0,Middle East,0,Unknown,0,0,0,0,9.105090961257085,0,0,0,1,0
CETPROJH2529,Decommissioned,2010.0,2010,Green,0,Europe (EU-27),1,Power & heat,0,1,0,0,2.70805020110221,0,1,1,0,0
CETPROJH2528,Announced (advanced),2021.0,2021,Green,0,Europe (EU-27),1,Industry (other),0,1,0,0,8.07215530818825,0,0,0,0,0
CETPROJH2527,Under construction,2021.0,2021,Green,0,Europe (EU-27),1,Industry (other),0,1,0,0,7.666690200080086,0,0,0,0,0
CETPROJH2526,On-hold (assumed),2020.0,2020,Green,0,Europe (EU-27),1,Industry (chemical feedstock),1,1,1,0,9.875962181471376,0,0,0,1,0
CETPROJH2525,On-hold (assumed),2020.0,2020,Green,0,Europe (EU-27),1,Industry (chemical feedstock),1,1,1,0,8.590815331286851,0,0,0,1,0
CETPROJH2524,Design,2021.0,2021,Blue_CCS,1,Europe (EU-27),1,Industry (other),0,1,0,0,12.144202560946876,0,0,0,0,0
CETPROJH2523,On-hold (assumed),2021.0,2021,Other,0,Europe (EU-27),1,Industry (chemical feedstock),1,1,1,0,0.0,0,0,0,1,0
CETPROJH2522,On-hold (assumed),2021.0,2021,Green,0,Europe (EU-27),1,Gas grid,0,1,0,0,6.90875477931522,0,0,0,1,0
CETPROJH2521,Fully commissioned,2021.0,2021,Green,0,Europe (EU-27),1,Industry (other),0,1,0,0,4.330733340286331,0,0,0,0,1
CETPROJH2520,Fully commissioned,2016.0,2016,Green,0,Europe (EU-27),1,Transport (road),0,1,0,0,2.302585092994046,0,0,0,0,1
CETPROJH252,Design,2022.0,2022,Green,0,Middle East,0,Industry (chemical feedstock),1,1,0,0,9.070388411548738,0,0,0,0,0
CETPROJH2519,Fully commissioned,2016.0,2016,Green,0,Europe (EU-27),1,Transport (road),0,1,0,0,0.0,0,0,0,0,1
CETPROJH2518,Fully commissioned,2021.0,2021,Green,0,Europe (EU-27),1,Industry (other),0,1,0,0,4.634728988229636,0,0,0,0,1
CETPROJH2517,Fully commissioned,2021.0,2021,Green,0,Europe (EU-27),1,Industry (refinery feedstock),1,1,1,0,7.026426808699636,0,0,0,0,1
CETPROJH2516,Design,2020.0,2020,Green,0,Europe (EU-27),1,Industry (other),0,1,0,0,6.447305862541213,0,0,0,0,0
CETPROJH2515,Fully commissioned,2021.0,2021,Green,0,Europe (EU-27),1,Gas grid,0,1,0,0,4.394449154672439,0,0,0,0,1
CETPROJH2514,Fully commissioned,2019.0,2019,Green,0,Europe (EU-27),1,Other,0,1,0,0,5.2574953720277815,0,0,0,0,1
CETPROJH2513,Fully commissioned,2017.0,2017,Green,0,Europe (EU-27),1,Industry (other),1,1,1,0,6.513230110912307,0,0,0,0,1
CETPROJH2512,Decommissioned,2011.0,2011,Green,0,Europe (EU-27),1,Gas grid,0,1,0,0,0.0,0,1,1,0,0
CETPROJH2511,Decommissioned,2012.0,2012,Green,0,Europe (EU-27),1,Gas grid,0,1,0,0,1.9459101490553132,0,1,1,0,0
CETPROJH2510,Fully commissioned,2010.0,2010,Green,0,Europe (EU-27),1,Power & heat,0,1,0,0,0.0,0,0,0,0,1
CETPROJH2506,Decommissioned,2019.0,2019,Waste,0,Europe (EU-27),1,Unknown,0,1,0,0,0.0,0,1,1,0,0
CETPROJH2502,On-hold (assumed),2022.0,2022,Waste,0,Asia-Pacific,0,Unknown,0,0,0,0,0.0,0,0,0,1,0
CETPROJH2501,On-hold (assumed),2022.0,2022,Green,0,Asia-Pacific,0,Industry (refinery feedstock),1,1,0,0,5.860786223465865,0,0,0,1,0
CETPROJH2500,On-hold (assumed),2022.0,2022,Green,0,Asia-Pacific,0,Unknown,0,0,0,0,4.07753744390572,0,0,0,1,0
CETPROJH2499,Fully commissioned,2022.0,2022,Waste,0,Asia-Pacific,0,Transport (road),0,0,0,0,3.7612001156935624,0,0,0,0,1
CETPROJH2498,On-hold (assumed),2022.0,2022,Green,0,Asia-Pacific,0,Unknown,0,0,0,0,0.0,0,0,0,1,0
CETPROJH2497,On-hold (assumed),2022.0,2022,Green,0,Asia-Pacific,0,Unknown,0,0,0,0,11.110221541281334,0,0,0,1,0
CETPROJH2496,Announced (advanced),2022.0,2022,Green,0,Asia-Pacific,0,Industry (other),0,0,0,0,3.2188758248682006,0,0,0,0,0
CETPROJH2495,Fully commissioned,2021.0,2021,Green,0,Asia-Pacific,0,Industry (other),0,0,0,0,1.6094379124341003,0,0,0,0,1
CETPROJH2494,Fully commissioned,2022.0,2022,Green,0,Asia-Pacific,0,Industry (other),1,1,0,0,2.995732273553991,0,0,0,0,1
CETPROJH2493,Fully commissioned,2021.0,2021,Green,0,Asia-Pacific,0,Industry (refinery feedstock),1,1,0,0,5.6131281063880705,0,0,0,0,1
CETPROJH2492,Fully commissioned,2022.0,2022,Green,0,Asia-Pacific,0,Power & heat,0,0,0,0,2.6390573296152584,0,0,0,0,1
CETPROJH2491,Design,2022.0,2022,Green,0,Asia-Pacific,0,Industry (chemical feedstock),1,1,0,0,11.050905878263567,0,0,0,0,0
CETPROJH2490,On-hold (assumed),2022.0,2022,Green,0,Asia-Pacific,0,Unknown,0,0,0,0,11.372869979515515,0,0,0,1,0
CETPROJH2489,Fully commissioned,2022.0,2022,Green,0,Asia-Pacific,0,Industry (other),0,0,0,0,4.356708826689592,0,0,0,0,1
CETPROJH2488,On-hold (assumed),2022.0,2022,Green,0,Asia-Pacific,0,Industry (refinery feedstock),1,1,0,0,7.244941546337007,0,0,0,1,0
CETPROJH2487,On-hold (assumed),2022.0,2022,Green,0,Asia-Pacific,0,Industry (other),1,1,0,0,7.467942332285852,0,0,0,1,0
CETPROJH2486,On-hold (assumed),2022.0,2022,Green,0,Asia-Pacific,0,Gas grid,0,0,0,0,5.673323267171493,0,0,0,1,0
CETPROJH2485,On-hold (assumed),2022.0,2022,Green,0,Asia-Pacific,0,Industry (chemical feedstock),1,1,0,0,12.765691290604371,0,0,0,1,0
CETPROJH2484,Fully commissioned,2021.0,2021,Green,0,Asia-Pacific,0,Industry (other),0,0,0,0,0.0,0,0,0,0,1
CETPROJH2483,On-hold (assumed),2022.0,2022,Green,0,Asia-Pacific,0,Unknown,0,0,0,0,0.0,0,0,0,1,0
CETPROJH2482,Under construction,2022.0,2022,Green,0,Asia-Pacific,0,Transport (road),0,0,0,0,1.0986122886681098,0,0,0,0,0
CETPROJH2481,Fully commissioned,2021.0,2021,Green,0,Asia-Pacific,0,Gas grid,0,0,0,0,0.6931471805599453,0,0,0,0,1
CETPROJH2480,On-hold (assumed),2021.0,2021,Waste,0,Asia-Pacific,0,Unknown,0,0,0,0,0.0,0,0,0,1,0
CETPROJH2479,Fully commissioned,2021.0,2021,Green,0,Asia-Pacific,0,Industry (other),0,0,0,0,5.973809611869261,0,0,0,0,1
CETPROJH2478,On-hold (assumed),2021.0,2021,Green,0,Asia-Pacific,0,Transport (road),0,0,0,0,0.0,0,0,0,1,0
CETPROJH2477,Fully commissioned,2013.0,2013,Green,0,Asia-Pacific,0,Transport (road),0,0,0,0,2.302585092994046,0,0,0,0,1
CETPROJH2475,On-hold (assumed),2022.0,2022,Blue_CCS,1,Asia-Pacific,0,Unknown,0,0,0,0,0.0,0,0,0,1,0
CETPROJH2474,Fully commissioned,2020.0,2020,Green,0,Asia-Pacific,0,Other,1,1,0,0,4.5217885770490405,0,0,0,0,1
CETPROJH2473,Permitted,2021.0,2021,Green,0,Asia-Pacific,0,Industry (refinery feedstock),1,1,0,0,8.160803920954665,0,0,0,0,0
CETPROJH2472,Plans cancelled,2021.0,2021,Green,0,Asia-Pacific,0,Industry (refinery feedstock),1,1,0,0,7.467942332285852,1,1,1,1,0
CETPROJH2471,On-hold (assumed),2021.0,2021,Green,0,Asia-Pacific,0,Unknown,0,0,0,0,9.770013301136158,0,0,0,1,0
CETPROJH2470,On-hold (assumed),2021.0,2021,Green,0,Asia-Pacific,0,Unknown,0,0,0,0,0.0,0,0,0,1,0
CETPROJH247,On-hold (assumed),2021.0,2021,Waste,0,Middle East,0,Industry (other),0,0,0,0,7.6251071482389,0,0,0,1,0
CETPROJH2469,On-hold (assumed),2021.0,2021,Green,0,Asia-Pacific,0,Unknown,0,0,0,0,0.0,0,0,0,1,0
CETPROJH2468,On-hold (assumed),2021.0,2021,Green,0,Asia-Pacific,0,Transport (road),0,0,0,0,7.1316985104669115,0,0,0,1,0
CETPROJH2467,On-hold (assumed),2021.0,2021,Green,0,Asia-Pacific,0,Industry (chemical feedstock),1,1,0,0,7.730174795246222,0,0,0,1,0
CETPROJH2465,On-hold (assumed),2021.0,2021,Green,0,Asia-Pacific,0,Power & heat,0,0,0,0,2.302585092994046,0,0,0,1,0
CETPROJH2464,Fully commissioned,2012.0,2012,Green,0,Asia-Pacific,0,Industry (chemical feedstock),1,1,0,0,4.812184355372417,0,0,0,0,1
CETPROJH2463,On-hold (assumed),2021.0,2021,Green,0,Asia-Pacific,0,Unknown,0,0,0,0,10.744278575008636,0,0,0,1,0
CETPROJH2462,On-hold (assumed),2022.0,2022,Green,0,Asia-Pacific,0,Unknown,0,0,0,0,0.0,0,0,0,1,0
CETPROJH2461,Fully commissioned,2021.0,2021,Green,0,Asia-Pacific,0,Industry (chemical feedstock),1,1,0,0,5.53338948872752,0,0,0,0,1
CETPROJH2460,On-hold (assumed),2021.0,2021,Green,0,Asia-Pacific,0,Transport (road),0,0,0,0,7.937731775260109,0,0,0,1,0
CETPROJH246,On-hold (assumed),2021.0,2021,Green,0,Middle East,0,Transport (aviation),0,0,0,0,5.860786223465865,0,0,0,1,0
CETPROJH2459,On-hold (assumed),2021.0,2021,Green,0,Asia-Pacific,0,Unknown,0,0,0,0,4.859812404361672,0,0,0,1,0
CETPROJH2458,Fully commissioned,2021.0,2021,Green,0,Asia-Pacific,0,Gas grid,0,0,0,0,0.0,0,0,0,0,1
CETPROJH2457,Fully commissioned,2021.0,2021,Green,0,Asia-Pacific,0,Transport (road),0,0,0,0,2.0794415416798357,0,0,0,0,1
CETPROJH2456,Fully commissioned,2012.0,2012,Green,0,Asia-Pacific,0,Power & heat,0,0,0,0,1.791759469228055,0,0,0,0,1
CETPROJH2455,Fully commissioned,2010.0,2010,Green,0,Asia-Pacific,0,Transport (road),0,0,0,0,0.0,0,0,0,0,1
CETPROJH2453,Fully commissioned,2022.0,2022,Green,0,Asia-Pacific,0,Industry (other),0,0,0,0,6.647688373563329,0,0,0,0,1
CETPROJH2452,Fully commissioned,2021.0,2021,Green,0,Asia-Pacific,0,Transport (road),0,0,0,0,0.0,0,0,0,0,1
CETPROJH2451,On-hold (assumed),2022.0,2022,Green,0,Asia-Pacific,0,Industry (other),0,0,0,0,0.0,0,0,0,1,0
CETPROJH2450,On-hold (assumed),2022.0,2022,Blue_CCS,1,Asia-Pacific,0,Unknown,0,0,0,0,6.210600077024653,0,0,0,1,0
CETPROJH245,Fully commissioned,2018.0,2018,Green,0,Middle East,0,Power & heat,0,0,0,0,3.828641396489095,0,0,0,0,1
CETPROJH2449,On-hold (assumed),2021.0,2021,Green,0,Asia-Pacific,0,Transport (other),0,0,0,0,11.283260696665753,0,0,0,1,0
CETPROJH2448,Fully commissioned,2016.0,2016,Green,0,Asia-Pacific,0,Transport (road),0,0,0,0,1.3862943611198906,0,0,0,0,1
CETPROJH2447,Fully commissioned,2020.0,2020,Waste,0,Asia-Pacific,0,Transport (road),0,0,0,0,2.70805020110221,0,0,0,0,1
CETPROJH2446,Fully commissioned,2017.0,2017,Green,0,Asia-Pacific,0,Power & heat,0,0,0,0,2.302585092994046,0,0,0,0,1
CETPROJH2445,Decommissioned,2012.0,2012,Blue_CCS,1,Asia-Pacific,0,Industry (other),0,0,0,0,9.09268232850795,0,1,1,0,0
CETPROJH2444,Fully commissioned,2017.0,2017,Green,0,Asia-Pacific,0,Power & heat,0,0,0,0,0.0,0,0,0,0,1
CETPROJH2443,On-hold (assumed),2021.0,2021,Other,0,Asia-Pacific,0,Power & heat,0,0,0,0,0.0,0,0,0,1,0
CETPROJH2440,Fully commissioned,2017.0,2017,Green,0,Asia-Pacific,0,Unknown,0,0,0,0,0.6931471805599453,0,0,0,0,1
CETPROJH244,Under construction,2021.0,2021,Blue_CCS,1,Middle East,0,Industry (chemical feedstock),1,1,0,0,11.931642378754141,0,0,0,0,0
CETPROJH2439,On-hold (assumed),2021.0,2021,Green,0,Asia-Pacific,0,Transport (other),0,0,0,0,8.798454696065095,0,0,0,1,0
CETPROJH2438,Fully commissioned,2017.0,2017,Green,0,Asia-Pacific,0,Power & heat,0,0,0,0,0.0,0,0,0,0,1
CETPROJH2437,Decommissioned,2012.0,2012,Green,0,Asia-Pacific,0,Power & heat,0,0,0,0,0.0,0,1,1,0,0
CETPROJH2436,Fully commissioned,2016.0,2016,Green,0,Asia-Pacific,0,Power & heat,0,0,0,0,0.0,0,0,0,0,1
CETPROJH2435,Fully commissioned,2020.0,2020,Green,0,Asia-Pacific,0,Transport (road),0,0,0,0,1.9459101490553132,0,0,0,0,1
CETPROJH2433,On-hold (assumed),2021.0,2021,Blue_CCS,1,Asia-Pacific,0,Unknown,0,0,0,0,12.72355903704877,0,0,0,1,0
CETPROJH2432,Decommissioned,2014.0,2014,Green,0,Asia-Pacific,0,Power & heat,0,0,0,0,0.0,0,1,1,0,0
CETPROJH2431,On-hold (assumed),2021.0,2021,Green,0,Asia-Pacific,0,Transport (other),0,0,0,0,5.262690188904886,0,0,0,1,0
CETPROJH2430,Fully commissioned,2016.0,2016,Green,0,Asia-Pacific,0,Other,0,0,0,0,0.0,0,0,0,0,1
CETPROJH243,Fully commissioned,2019.0,2019,Blue_CCS,1,Middle East,0,Industry (chemical feedstock),1,1,0,0,12.388398368982115,0,0,0,0,1
CETPROJH2429,Fully commissioned,2018.0,2018,Green,0,Asia-Pacific,0,Power & heat,0,0,0,0,5.420534999272286,0,0,0,0,1
CETPROJH2428,Decommissioned,2015.0,2015,Green,0,Asia-Pacific,0,Power & heat,0,0,0,0,2.995732273553991,0,1,1,0,0
CETPROJH2423,On-hold (assumed),2022.0,2022,Blue_CCS,1,Asia-Pacific,0,Unknown,0,0,0,0,10.373522431293592,0,0,0,1,0
CETPROJH2422,On-hold (assumed),2022.0,2022,Green,0,Asia-Pacific,0,Unknown,0,0,0,0,0.0,0,0,0,1,0
CETPROJH2421,On-hold (assumed),2022.0,2022,Blue_CCS,1,Asia-Pacific,0,Industry (chemical feedstock),1,1,0,0,10.12667110305036,0,0,0,1,0
CETPROJH2420,On-hold (assumed),2022.0,2022,Green,0,Asia-Pacific,0,Unknown,0,0,0,0,2.302585092994046,0,0,0,1,0
CETPROJH242,On-hold (assumed),2022.0,2022,Green,0,Europe (non EU-27),0,Unknown,0,0,0,0,0.0,0,0,0,1,0
CETPROJH2419,On-hold (assumed),2022.0,2022,Waste,0,Asia-Pacific,0,Unknown,0,0,0,0,0.0,0,0,0,1,0
CETPROJH2418,On-hold (assumed),2022.0,2022,Green,0,Asia-Pacific,0,Unknown,0,0,0,0,0.0,0,0,0,1,0
CETPROJH2417,Fully commissioned,2021.0,2021,Blue_CCS,1,Asia-Pacific,0,Transport (road),0,0,0,0,7.581209826196346,0,0,0,0,1
CETPROJH2416,On-hold (assumed),2022.0,2022,Green,0,Asia-Pacific,0,Power & heat,0,0,0,0,0.0,0,0,0,1,0
CETPROJH2415,On-hold (assumed),2022.0,2022,Green,0,Asia-Pacific,0,Industry (other),0,0,0,0,6.364750756851911,0,0,0,1,0
CETPROJH2413,On-hold (assumed),2022.0,2022,Green,0,Asia-Pacific,0,Transport (other),0,0,0,0,4.762173934797756,0,0,0,1,0
CETPROJH2412,On-hold (assumed),2021.0,2021,Green,0,Asia-Pacific,0,Unknown,0,0,0,0,10.288783966353765,0,0,0,1,0
CETPROJH2410,Fully commissioned,2021.0,2021,Other,0,Asia-Pacific,0,Transport (road),0,0,0,0,10.085850775128717,0,0,0,0,1
CETPROJH241,Plans cancelled,2022.0,2022,Green,0,Europe (non EU-27),0,Unknown,0,0,0,0,0.0,1,1,1,1,0
CETPROJH2409,On-hold (assumed),2021.0,2021,Green,0,Asia-Pacific,0,Unknown,0,0,0,0,0.0,0,0,0,1,0
CETPROJH2408,On-hold (assumed),2021.0,2021,Waste,0,Asia-Pacific,0,Power & heat,0,0,0,0,5.846438775057725,0,0,0,1,0
CETPROJH2407,On-hold (assumed),2021.0,2021,Waste,0,Asia-Pacific,0,Power & heat,0,0,0,0,3.6635616461296463,0,0,0,1,0
CETPROJH2406,On-hold (assumed),2020.0,2020,Green,0,Asia-Pacific,0,Transport (other),0,0,0,0,4.762173934797756,0,0,0,1,0
CETPROJH2404,Fully commissioned,2018.0,2018,Green,0,Asia-Pacific,0,Transport (aviation),0,0,0,0,4.6443908991413725,0,0,0,0,1
CETPROJH2403,On-hold (assumed),2021.0,2021,Blue_CCS,1,Asia-Pacific,0,Power & heat,0,0,0,0,11.289794413577894,0,0,0,1,0
CETPROJH2402,On-hold (assumed),2021.0,2021,Green,0,Asia-Pacific,0,Transport (other),0,0,0,0,8.664923303440572,0,0,0,1,0
CETPROJH240,Fully commissioned,2020.0,2020,Green,0,Europe (non EU-27),0,Unknown,0,0,0,0,0.6931471805599453,0,0,0,0,1
CETPROJH2399,On-hold (assumed),2021.0,2021,Blue_CCS,1,Asia-Pacific,0,Unknown,0,0,0,0,0.0,0,0,0,1,0
CETPROJH2398,Fully commissioned,2021.0,2021,Blue_CCS,1,Asia-Pacific,0,Transport (road),0,0,0,0,7.2868764117507,0,0,0,0,1
CETPROJH2397,On-hold (assumed),2020.0,2020,Green,0,Asia-Pacific,0,Power & heat,0,0,0,0,3.912023005428146,0,0,0,1,0
CETPROJH2396,Fully commissioned,2021.0,2021,Blue_CCS,1,Asia-Pacific,0,Transport (road),0,0,0,0,7.0909098220799835,0,0,0,0,1
CETPROJH2395,On-hold (assumed),2021.0,2021,Green,0,Asia-Pacific,0,Unknown,0,0,0,0,11.686887175419702,0,0,0,1,0
CETPROJH2394,Fully commissioned,2012.0,2012,Green,0,Asia-Pacific,0,Power & heat,0,0,0,0,0.0,0,0,0,0,1
CETPROJH2393,Fully commissioned,2012.0,2012,Green,0,Asia-Pacific,0,Industry (chemical feedstock),1,1,0,0,7.324489979348532,0,0,0,0,1
CETPROJH2392,On-hold (assumed),2022.0,2022,Blue_CCS,1,Asia-Pacific,0,Power & heat,0,0,0,0,0.0,0,0,0,1,0
CETPROJH2391,Fully commissioned,2020.0,2020,Blue_CCS,1,Asia-Pacific,0,Unknown,0,0,0,0,10.596659732783579,0,0,0,0,1
CETPROJH239,On-hold (assumed),2022.0,2022,Green,0,Europe (non EU-27),0,Industry (chemical feedstock),1,1,0,0,5.41610040220442,0,0,0,1,0
CETPROJH2389,On-hold (assumed),2022.0,2022,Green,0,Asia-Pacific,0,Unknown,0,0,0,0,10.463131911491967,0,0,0,1,0
CETPROJH2388,Design,2020.0,2020,Green,0,Asia-Pacific,0,Unknown,0,0,0,0,11.561725152903833,0,0,0,0,0
CETPROJH2387,Fully commissioned,2018.0,2018,Green,0,Asia-Pacific,0,Transport (road),0,0,0,0,2.833213344056216,0,0,0,0,1
CETPROJH2386,Announced (advanced),2020.0,2020,Green,0,Asia-Pacific,0,Industry (other),0,0,0,0,5.703782474656201,0,0,0,0,0
CETPROJH2385,Announced (advanced),2020.0,2020,Green,0,Asia-Pacific,0,Industry (other),0,0,0,0,5.703782474656201,0,0,0,0,0
CETPROJH2384,Announced (advanced),2020.0,2020,Green,0,Asia-Pacific,0,Industry (other),0,0,0,0,5.703782474656201,0,0,0,0,0
CETPROJH2383,Announced (advanced),2020.0,2020,Green,0,Asia-Pacific,0,Industry (other),0,0,0,0,5.703782474656201,0,0,0,0,0
CETPROJH2382,Fully commissioned,2020.0,2020,Green,0,Asia-Pacific,0,Industry (other),0,0,0,0,5.703782474656201,0,0,0,0,1
CETPROJH2381,On-hold (assumed),2022.0,2022,Green,0,Asia-Pacific,0,Unknown,0,0,0,0,0.0,0,0,0,1,0
CETPROJH2380,On-hold (assumed),2018.0,2018,Green,0,Asia-Pacific,0,Power & heat,0,0,0,0,1.9459101490553132,0,0,0,1,0
CETPROJH2379,On-hold (assumed),2021.0,2021,Green,0,Asia-Pacific,0,Industry (chemical feedstock),1,1,0,0,10.39973746484973,0,0,0,1,0
CETPROJH2378,Fully commissioned,2012.0,2012,Green,0,Asia-Pacific,0,Power & heat,0,0,0,0,0.0,0,0,0,0,1
CETPROJH2377,Fully commissioned,2016.0,2016,Green,0,Asia-Pacific,0,Power & heat,0,0,0,0,4.356708826689592,0,0,0,0,1
CETPROJH2376,On-hold (assumed),2021.0,2021,Blue_CCS,1,Asia-Pacific,0,Industry (other),0,0,0,0,9.664659134301736,0,0,0,1,0
CETPROJH2375,Fully commissioned,2010.0,2010,Green,0,Asia-Pacific,0,Gas grid,0,0,0,0,0.0,0,0,0,0,1
CETPROJH2374,On-hold (assumed),2022.0,2022,Green,0,Asia-Pacific,0,Unknown,0,0,0,0,0.0,0,0,0,1,0
CETPROJH2373,Fully commissioned,2022.0,2022,Green,0,Asia-Pacific,0,Industry (chemical feedstock),1,1,0,0,7.0909098220799835,0,0,0,0,1
CETPROJH2372,On-hold (assumed),2022.0,2022,Green,0,Asia-Pacific,0,Unknown,0,0,0,0,7.937731775260109,0,0,0,1,0
CETPROJH2371,Design,2022.0,2022,Green,0,Asia-Pacific,0,Unknown,0,0,0,0,9.036106025364846,0,0,0,0,0
CETPROJH2370,Decommissioned,2017.0,2017,Blue_CCS,1,Asia-Pacific,0,Transport (other),0,0,0,0,5.1298987149230735,0,1,1,0,0
CETPROJH2369,On-hold (assumed),2021.0,2021,Green,0,Asia-Pacific,0,Industry (other),0,0,0,0,13.997832948091215,0,0,0,1,0
CETPROJH2368,Fully commissioned,2018.0,2018,Green,0,Asia-Pacific,0,Power & heat,0,0,0,0,0.0,0,0,0,0,1
CETPROJH2367,Under construction,2021.0,2021,Green,0,Asia-Pacific,0,Industry (refinery feedstock),1,1,0,0,3.4339872044851463,0,0,0,0,0
CETPROJH2366,On-hold (assumed),2021.0,2021,Green,0,Asia-Pacific,0,Unknown,0,0,0,0,0.0,0,0,0,1,0
CETPROJH2365,On-hold (assumed),2021.0,2021,Green,0,Asia-Pacific,0,Unknown,0,0,0,0,12.611541086966115,0,0,0,1,0
CETPROJH2364,Fully commissioned,2020.0,2020,Green,0,Africa,0,Other,0,0,0,0,0.6931471805599453,0,0,0,0,1
CETPROJH2363,On-hold (assumed),2022.0,2022,Green,0,Africa,0,Unknown,0,0,0,0,12.19602736016897,0,0,0,1,0
CETPROJH2362,On-hold (assumed),2022.0,2022,Green,0,Africa,0,Power & heat,0,0,0,0,8.166216268592143,0,0,0,1,0
CETPROJH2361,On-hold (assumed),2022.0,2022,Green,0,Africa,0,Unknown,0,0,0,0,0.0,0,0,0,1,0
CETPROJH2360,On-hold (assumed),2022.0,2022,Green,0,Africa,0,Unknown,0,0,0,0,0.0,0,0,0,1,0
CETPROJH2359,On-hold (assumed),2022.0,2022,Waste,0,Africa,0,Unknown,0,0,0,0,0.0,0,0,0,1,0
CETPROJH2358,On-hold (assumed),2022.0,2022,Green,0,Africa,0,Unknown,0,0,0,0,10.868587496017359,0,0,0,1,0
CETPROJH2357,On-hold (assumed),2022.0,2022,Green,0,Africa,0,Unknown,0,0,0,0,8.922791623969637,0,0,0,1,0
CETPROJH2356,On-hold (assumed),2022.0,2022,Green,0,Africa,0,Unknown,0,0,0,0,11.296024885689746,0,0,0,1,0
CETPROJH2355,On-hold (assumed),2022.0,2022,Green,0,Africa,0,Unknown,0,0,0,0,10.645448706505872,0,0,0,1,0
CETPROJH2354,On-hold (assumed),2022.0,2022,Green,0,Africa,0,Unknown,0,0,0,0,10.463131911491967,0,0,0,1,0
CETPROJH2353,On-hold (assumed),2022.0,2022,Green,0,Africa,0,Unknown,0,0,0,0,10.463131911491967,0,0,0,1,0
CETPROJH2352,On-hold (assumed),2022.0,2022,Green,0,Africa,0,Unknown,0,0,0,0,9.071193240566025,0,0,0,1,0
CETPROJH2351,On-hold (assumed),2022.0,2022,Green,0,Africa,0,Unknown,0,0,0,0,9.259225769705994,0,0,0,1,0
CETPROJH2350,Fully commissioned,2022.0,2022,Green,0,Africa,0,Transport (road),0,0,0,0,3.6109179126442243,0,0,0,0,1
CETPROJH2349,Fully commissioned,2020.0,2020,Green,0,Africa,0,Industry (chemical feedstock),1,1,0,0,1.6094379124341003,0,0,0,0,1
CETPROJH2348,On-hold (assumed),2021.0,2021,Blue_CCS,1,Africa,0,Unknown,0,0,0,0,0.0,0,0,0,1,0
CETPROJH2347,On-hold (assumed),2022.0,2022,Green,0,Africa,0,Industry (other),0,0,0,0,0.0,0,0,0,1,0
CETPROJH2346,On-hold (assumed),2022.0,2022,Green,0,Africa,0,Unknown,0,0,0,0,11.14972930404123,0,0,0,1,0
CETPROJH23435,Announced (advanced),2025.0,2025,Green,0,Asia-Pacific,0,Unknown,0,0,0,0,0.0,0,0,0,0,0
CETPROJH23434,Announced (advanced),2025.0,2025,Green,0,Asia-Pacific,0,Transport (road),0,0,0,0,5.4510384535657,0,0,0,0,0
CETPROJH23433,Announced (advanced),2026.0,2026,Green,0,Asia-Pacific,0,Transport (road),0,0,0,0,0.0,0,0,0,0,0
CETPROJH23432,Announced (advanced),2026.0,2026,Green,0,Asia-Pacific,0,Transport (road),0,0,0,0,0.0,0,0,0,0,0
CETPROJH23431,Announced (advanced),2026.0,2026,Green,0,Asia-Pacific,0,Power & heat,0,0,0,0,0.0,0,0,0,0,0
CETPROJH23430,Announced (advanced),2026.0,2026,Green,0,Asia-Pacific,0,Industry (chemical feedstock),1,1,0,0,10.343257464336283,0,0,0,0,0
CETPROJH2343,On-hold (assumed),2022.0,2022,Waste,0,Africa,0,Unknown,0,0,0,0,12.388398368982115,0,0,0,1,0
CETPROJH23429,Announced (advanced),2026.0,2026,Green,0,Europe (EU-27),1,Unknown,0,1,0,0,7.461640392208575,0,0,0,0,0
CETPROJH23428,Announced (advanced),2026.0,2026,Green,0,Europe (EU-27),1,Unknown,0,1,0,0,9.001346243766392,0,0,0,0,0
CETPROJH23427,Announced (advanced),2026.0,2026,Green,0,Europe (EU-27),1,Unknown,0,1,0,0,8.441822884391462,0,0,0,0,0
CETPROJH23426,Announced (advanced),2026.0,2026,Green,0,Africa,0,Unknown,0,0,0,0,0.0,0,0,0,0,0
CETPROJH23425,Design,2024.0,2024,Green,0,Africa,0,Power & heat,0,0,0,0,6.55250788703459,0,0,0,0,0
CETPROJH23424,Under construction,2026.0,2026,Green,0,Europe (EU-27),1,Transport (road),0,1,0,0,5.6240175061873385,0,0,0,0,0
CETPROJH23423,Permitted,2026.0,2026,Green,0,Asia-Pacific,0,Unknown,0,0,0,0,5.288267030694535,0,0,0,0,0
CETPROJH23422,Permitted,2026.0,2026,Green,0,Asia-Pacific,0,Industry (other),1,1,0,0,8.853808274977197,0,0,0,0,0
CETPROJH23421,Design,2025.0,2025,Green,0,Asia-Pacific,0,Unknown,0,0,0,0,4.709530201312334,0,0,0,0,0
CETPROJH23420,Permitted,2026.0,2026,Green,0,Asia-Pacific,0,Unknown,0,0,0,0,10.668955394675699,0,0,0,0,0
CETPROJH2342,Fully commissioned,2021.0,2021,Green,0,Africa,0,Transport (road),0,0,0,0,1.9459101490553132,0,0,0,0,1
CETPROJH23419,Design,2025.0,2025,Green,0,North America,0,Unknown,0,0,0,0,8.154212694914229,0,0,0,0,0
CETPROJH23418,Announced (early stage),2026.0,2026,Green,0,Europe (EU-27),1,Power & heat,0,1,0,0,0.0,0,0,0,0,0
CETPROJH23417,Fully commissioned,2024.0,2024,Green,0,Asia-Pacific,0,Power & heat,0,0,0,0,5.641907070938114,0,0,0,0,1
CETPROJH23416,Announced (advanced),2026.0,2026,Green,0,Europe (non EU-27),0,Transport (shipping),0,0,0,0,6.39024066706535,0,0,0,0,0
CETPROJH23415,Announced (advanced),2026.0,2026,Green,0,Europe (EU-27),1,Unknown,0,1,0,0,8.881975184248867,0,0,0,0,0
CETPROJH23414,Announced (advanced),2026.0,2026,Green,0,Europe (EU-27),1,Unknown,0,1,0,0,9.787683806792485,0,0,0,0,0
CETPROJH23413,Announced (advanced),2026.0,2026,Green,0,Europe (EU-27),1,Unknown,0,1,0,0,4.672828834461906,0,0,0,0,0
CETPROJH23412,Announced (advanced),2026.0,2026,Green,0,Europe (EU-27),1,Transport (shipping),0,1,0,0,9.0642735958414,0,0,0,0,0
CETPROJH23411,Permitted,2021.0,2021,Green,0,Europe (EU-27),1,Industry (other),0,1,0,1,10.967404871407352,0,0,0,0,0
CETPROJH23410,Announced (advanced),2026.0,2026,Green,0,Europe (EU-27),1,Unknown,0,1,0,0,6.259581464064923,0,0,0,0,0
CETPROJH2341,On-hold (assumed),2021.0,2021,Blue_CCS,1,Africa,0,Power & heat,0,0,0,0,0.0,0,0,0,1,0
CETPROJH23409,Permitted,2026.0,2026,Green,0,Asia-Pacific,0,R&D,0,0,0,0,3.367295829986474,0,0,0,0,0
CETPROJH23408,Permitted,2026.0,2026,Green,0,Asia-Pacific,0,Unknown,0,0,0,0,0.0,0,0,0,0,0
CETPROJH23407,Design,2024.0,2024,Green,0,Asia-Pacific,0,Transport (road),0,0,0,0,3.044522437723423,0,0,0,0,0
CETPROJH23406,Fully commissioned,2024.0,2024,Green,0,Asia-Pacific,0,Transport (road),0,0,0,0,0.0,0,0,0,0,1
CETPROJH23405,Announced (early stage),2026.0,2026,Green,0,Middle East,0,Unknown,0,0,0,0,0.0,0,0,0,0,0
CETPROJH23404,Feasibility,2025.0,2025,Green,0,Europe (non EU-27),0,Transport (road),0,0,0,0,10.308985993422082,0,0,0,0,0
CETPROJH23403,Announced (early stage),2026.0,2026,Green,0,North America,0,Transport (road),0,0,0,0,0.0,0,0,0,0,0
CETPROJH23402,Feasibility,2026.0,2026,Green,0,Asia-Pacific,0,Unknown,0,0,0,0,0.0,0,0,0,0,0
CETPROJH23401,Feasibility,2026.0,2026,Green,0,Asia-Pacific,0,Unknown,0,0,0,0,7.084226422097916,0,0,0,0,0
CETPROJH23400,Permitted,2026.0,2026,Green,0,Asia-Pacific,0,Unknown,0,0,0,0,10.827805976097512,0,0,0,0,0
CETPROJH2340,On-hold (assumed),2021.0,2021,Green,0,Africa,0,Unknown,0,0,0,0,0.0,0,0,0,1,0
CETPROJH234,On-hold (assumed),2022.0,2022,Blue_CCS,1,Middle East,0,Unknown,0,0,0,0,0.0,0,0,0,1,0
CETPROJH23399,Design,2026.0,2026,Green,0,Asia-Pacific,0,Unknown,0,0,0,0,0.0,0,0,0,0,0
CETPROJH23398,Permitted,2025.0,2025,Green,0,Asia-Pacific,0,Unknown,0,0,0,0,0.0,0,0,0,0,0
CETPROJH23397,Permitted,2025.0,2025,Green,0,Asia-Pacific,0,Unknown,0,0,0,0,0.0,0,0,0,0,0
CETPROJH23396,Permitted,2025.0,2025,Green,0,Asia-Pacific,0,Unknown,0,0,0,0,9.392745258631441,0,0,0,0,0
CETPROJH23395,Permitted,2026.0,2026,Green,0,Europe (EU-27),1,Unknown,0,1,0,0,9.843525211363445,0,0,0,0,0
CETPROJH23394,Design,2026.0,2026,Green,0,Europe (EU-27),1,Transport (road),0,1,0,0,5.641907070938114,0,0,0,0,0
CETPROJH23393,Feasibility,2024.0,2024,Green,0,Europe (non EU-27),0,Industry (other),1,1,0,0,9.20391980417326,0,0,0,0,0
CETPROJH23392,Under construction,2025.0,2025,Green,0,Asia-Pacific,0,Transport (aviation),0,0,0,0,5.288267030694535,0,0,0,0,0
CETPROJH23391,Permitted,2025.0,2025,Green,0,Asia-Pacific,0,R&D,0,0,0,0,4.948759890378168,0,0,0,0,0
CETPROJH23390,Permitted,2025.0,2025,Green,0,Asia-Pacific,0,R&D,0,0,0,0,8.696175846944678,0,0,0,0,0
CETPROJH2339,On-hold (assumed),2021.0,2021,Green,0,Africa,0,Unknown,0,0,0,0,0.0,0,0,0,1,0
CETPROJH23389,Feasibility,2026.0,2026,Green,0,Asia-Pacific,0,Unknown,0,0,0,0,9.249176395761381,0,0,0,0,0
CETPROJH23388,Fully commissioned,2022.0,2022,Green,0,Asia-Pacific,0,R&D,0,0,0,0,4.61512051684126,0,0,0,0,1
CETPROJH23387,Announced (advanced),2026.0,2026,Green,0,Asia-Pacific,0,Power & heat,0,0,0,0,10.264722085730877,0,0,0,0,0
CETPROJH23386,Announced (early stage),2026.0,2026,Green,0,North America,0,Industry (chemical feedstock),1,1,0,0,0.0,0,0,0,0,0
CETPROJH23385,Announced (advanced),2026.0,2026,Green,0,Latin America,0,R&D,0,0,0,0,1.9459101490553132,0,0,0,0,0
CETPROJH23384,Design,2026.0,2026,Green,0,Latin America,0,R&D,0,0,0,0,0.6931471805599453,0,0,0,0,0
CETPROJH23383,Announced (advanced),2026.0,2026,Green,0,Europe (non EU-27),0,Unknown,0,0,0,0,5.673323267171493,0,0,0,0,0
CETPROJH23382,Design,2026.0,2026,Green,0,Europe (EU-27),1,Transport (road),0,1,0,0,4.859812404361672,0,0,0,0,0
CETPROJH23381,Announced (advanced),2026.0,2026,Green,0,Latin America,0,Unknown,0,1,0,1,10.778977123006351,0,0,0,0,0
CETPROJH23380,Announced (advanced),2026.0,2026,Green,0,Asia-Pacific,0,Unknown,0,0,0,0,9.713476507257793,0,0,0,0,0
CETPROJH2338,On-hold (assumed),2021.0,2021,Green,0,Africa,0,Industry (other),1,1,0,0,0.0,0,0,0,1,0
CETPROJH23379,Permitted,2026.0,2026,Green,0,Asia-Pacific,0,Unknown,0,0,0,0,9.152817185732516,0,0,0,0,0
CETPROJH23378,Permitted,2025.0,2025,Green,0,Asia-Pacific,0,Unknown,0,0,0,0,9.986771156672866,0,0,0,0,0
CETPROJH23377,Fully commissioned,2026.0,2026,Green,0,Asia-Pacific,0,Unknown,0,0,0,0,0.0,0,0,0,0,1
CETPROJH23376,Permitted,2025.0,2025,Green,0,Asia-Pacific,0,Unknown,0,0,0,0,10.53212287826962,0,0,0,0,0
CETPROJH23375,Under construction,2026.0,2026,Green,0,Asia-Pacific,0,Unknown,0,0,0,0,10.029326937375275,0,0,0,0,0
CETPROJH23374,Announced (advanced),2026.0,2026,Green,0,Asia-Pacific,0,Unknown,0,0,0,0,9.546884034617925,0,0,0,0,0
CETPROJH23373,Announced (advanced),2026.0,2026,Green,0,Asia-Pacific,0,Unknown,0,0,0,0,6.55250788703459,0,0,0,0,0
CETPROJH23372,Permitted,2025.0,2025,Green,0,Europe (EU-27),1,Transport (road),0,1,0,0,8.006700845440367,0,0,0,0,0
CETPROJH23371,Design,2026.0,2026,Green,0,Europe (non EU-27),0,Gas grid,0,0,0,0,0.0,0,0,0,0,0
CETPROJH23370,Announced (early stage),2026.0,2026,Green,0,North America,0,Power & heat,0,0,0,0,0.0,0,0,0,0,0
CETPROJH2337,Plans cancelled,2021.0,2021,Blue_CCS,1,Africa,0,Unknown,0,0,0,0,13.255897270025727,1,1,1,1,0
CETPROJH23369,Design,2026.0,2026,Green,0,Europe (EU-27),1,Unknown,0,1,0,0,7.310550158534422,0,0,0,0,0
CETPROJH23368,Design,2026.0,2026,Green,0,Europe (EU-27),1,Unknown,0,1,0,0,4.07753744390572,0,0,0,0,0
CETPROJH23367,Announced (advanced),2026.0,2026,Waste,0,Europe (non EU-27),0,Unknown,0,0,0,0,0.0,0,0,0,0,0
CETPROJH23366,Announced (advanced),2026.0,2026,Green,0,Europe (EU-27),1,Unknown,0,1,0,0,0.0,0,0,0,0,0
CETPROJH23365,Announced (advanced),2025.0,2025,Green,0,North America,0,Unknown,0,1,0,1,9.392745258631441,0,0,0,0,0
CETPROJH23364,Announced (early stage),2026.0,2026,Green,0,Europe (non EU-27),0,Transport (other),0,0,0,0,0.0,0,0,0,0,0
CETPROJH23363,Fully commissioned,2020.0,2020,Green,0,Europe (EU-27),1,Power & heat,0,1,0,0,2.3978952727983707,0,0,0,0,1
CETPROJH23362,Fully commissioned,2020.0,2020,Green,0,Europe (EU-27),1,Other,0,1,0,0,1.9459101490553132,0,0,0,0,1
CETPROJH23361,Fully commissioned,2026.0,2026,Green,0,Europe (EU-27),1,Transport (road),0,1,0,0,3.912023005428146,0,0,0,0,1
CETPROJH23360,Design,2026.0,2026,Green,0,Europe (non EU-27),0,Unknown,0,1,0,1,4.795790545596741,0,0,0,0,0
CETPROJH2336,On-hold (assumed),2020.0,2020,Green,0,Africa,0,Power & heat,0,0,0,0,0.0,0,0,0,1,0
CETPROJH23359,Announced (advanced),2026.0,2026,Waste,0,Asia-Pacific,0,Transport (road),0,0,0,0,5.680172609017068,0,0,0,0,0
CETPROJH23358,Fully commissioned,2026.0,2026,Other,0,Europe (EU-27),1,Industry (chemical feedstock),1,1,1,0,7.650168700845001,0,0,0,0,1
CETPROJH23357,Fully commissioned,2025.0,2025,Other,0,Europe (EU-27),1,Industry (refinery feedstock),1,1,1,0,8.497194544909547,0,0,0,0,1
CETPROJH23356,Fully commissioned,2026.0,2026,Green,0,Asia-Pacific,0,Industry (chemical feedstock),1,1,0,0,4.356708826689592,0,0,0,0,1
CETPROJH23355,Permitted,2026.0,2026,Green,0,Asia-Pacific,0,Unknown,0,0,0,0,6.3835066348840055,0,0,0,0,0
CETPROJH23354,Under construction,2026.0,2026,Green,0,Asia-Pacific,0,Industry (refinery feedstock),1,1,0,0,0.0,0,0,0,0,0
CETPROJH23352,Under construction,2025.0,2025,Green,0,Asia-Pacific,0,Unknown,0,0,0,0,0.0,0,0,0,0,0
CETPROJH23351,Permitted,2025.0,2025,Waste,0,Asia-Pacific,0,Unknown,0,0,0,0,0.0,0,0,0,0,0
CETPROJH23350,Under construction,2025.0,2025,Waste,0,Asia-Pacific,0,Unknown,0,0,0,0,0.0,0,0,0,0,0
CETPROJH2335,On-hold (assumed),2022.0,2022,Green,0,Africa,0,Industry (chemical feedstock),1,1,0,0,12.759152837193001,0,0,0,1,0
CETPROJH23349,Announced (advanced),2026.0,2026,Green,0,Europe (non EU-27),0,Transport (road),0,0,0,0,3.7376696182833684,0,0,0,0,0
CETPROJH23348,Feasibility,2025.0,2025,Green,0,Europe (EU-27),1,Industry (refinery feedstock),1,1,1,0,7.978996370854115,0,0,0,0,0
CETPROJH23347,Announced (early stage),2025.0,2025,Green,0,Africa,0,Power & heat,0,1,0,1,9.90353755128617,0,0,0,0,0
CETPROJH23346,Announced (early stage),2025.0,2025,Green,0,Africa,0,Power & heat,0,1,0,1,10.564911840900125,0,0,0,0,0
CETPROJH23345,Design,2025.0,2025,Green,0,North America,0,Transport (aviation),0,0,0,0,0.0,0,0,0,0,0
CETPROJH23344,Design,2026.0,2026,Green,0,Asia-Pacific,0,Unknown,0,0,0,0,10.070145404863476,0,0,0,0,0
CETPROJH23343,Announced (early stage),2026.0,2026,Green,0,Europe (EU-27),1,Transport (road),0,1,0,0,5.0238805208462765,0,0,0,0,0
CETPROJH23342,Permitted,2026.0,2026,Green,0,Asia-Pacific,0,Unknown,0,0,0,0,10.147100175689678,0,0,0,0,0
CETPROJH23341,Fully commissioned,2026.0,2026,Green,0,Asia-Pacific,0,Transport (road),0,0,0,0,4.07753744390572,0,0,0,0,1
CETPROJH23340,Design,2026.0,2026,Green,0,Asia-Pacific,0,Other,0,0,0,0,3.7612001156935624,0,0,0,0,0
CETPROJH2334,On-hold (assumed),2022.0,2022,Green,0,Africa,0,Unknown,0,0,0,0,11.156264806643742,0,0,0,1,0
CETPROJH23339,Permitted,2024.0,2024,Green,0,Asia-Pacific,0,Unknown,0,0,0,0,11.106865179779318,0,0,0,0,0
CETPROJH23338,Announced (advanced),2026.0,2026,Green,0,Asia-Pacific,0,Unknown,0,0,0,0,0.0,0,0,0,0,0
CETPROJH23337,Under construction,2023.0,2023,Green,0,Europe (EU-27),1,Transport (aviation),0,1,0,0,7.467942332285852,0,0,0,0,0
CETPROJH23336,Announced (advanced),2026.0,2026,Green,0,Asia-Pacific,0,Transport (road),0,0,0,0,4.762173934797756,0,0,0,0,0
CETPROJH23335,Announced (early stage),2026.0,2026,Other,0,Europe (EU-27),1,Gas grid,0,1,0,0,0.0,0,0,0,0,0
CETPROJH23334,Announced (early stage),2026.0,2026,Green,0,Asia-Pacific,0,Industry (other),0,0,0,0,7.509883061154913,0,0,0,0,0
CETPROJH23333,Design,2026.0,2026,Green,0,Europe (EU-27),1,Unknown,0,1,0,0,0.0,0,0,0,0,0
CETPROJH23332,Permitted,2026.0,2026,Green,0,Asia-Pacific,0,Unknown,0,0,0,0,0.0,0,0,0,0,0
CETPROJH23331,Design,2026.0,2026,Green,0,North America,0,Gas grid,0,0,0,0,0.0,0,0,0,0,0
CETPROJH23330,Announced (advanced),2026.0,2026,Green,0,North America,0,Transport (road),0,0,0,0,6.930494765951626,0,0,0,0,0
CETPROJH2333,On-hold (assumed),2022.0,2022,Green,0,Africa,0,Unknown,0,0,0,0,8.853808274977197,0,0,0,1,0
CETPROJH23329,Design,2022.0,2022,Green,0,Europe (non EU-27),0,Industry (chemical feedstock),1,1,0,0,9.604609707323613,0,0,0,0,0
CETPROJH23328,Announced (advanced),2026.0,2026,Green,0,Asia-Pacific,0,Unknown,0,0,0,0,10.645448706505872,0,0,0,0,0
CETPROJH23326,Announced (advanced),2026.0,2026,Green,0,Asia-Pacific,0,Unknown,0,0,0,0,9.259225769705994,0,0,0,0,0
CETPROJH23325,Feasibility,2026.0,2026,Other,0,Europe (EU-27),1,Transport (road),0,1,0,0,3.295836866004329,0,0,0,0,0
CETPROJH23324,Fully commissioned,2017.0,2017,Blue_CCS,1,Asia-Pacific,0,Industry (refinery feedstock),1,1,0,0,0.0,0,0,0,0,1
CETPROJH23323,Announced (early stage),2026.0,2026,Green,0,Asia-Pacific,0,Unknown,0,0,0,0,8.989319566042951,0,0,0,0,0
CETPROJH23322,Design,2026.0,2026,Green,0,Africa,0,R&D,0,0,0,0,1.791759469228055,0,0,0,0,0
CETPROJH23321,Permitted,2026.0,2026,Green,0,Asia-Pacific,0,Unknown,0,0,0,0,9.259225769705994,0,0,0,0,0
CETPROJH23320,Announced (advanced),2026.0,2026,Green,0,Asia-Pacific,0,Unknown,0,0,0,0,9.0642735958414,0,0,0,0,0
CETPROJH2332,On-hold (assumed),2022.0,2022,Green,0,Africa,0,Industry (other),0,0,0,0,11.87757552297847,0,0,0,1,0
CETPROJH23319,Under construction,2025.0,2025,Green,0,Asia-Pacific,0,Industry (other),1,1,0,0,7.257707677160043,0,0,0,0,0
CETPROJH23318,Under construction,2025.0,2025,Green,0,Asia-Pacific,0,Industry (other),1,1,0,0,10.070145404863476,0,0,0,0,0
CETPROJH23317,Fully commissioned,2026.0,2026,Green,0,Latin America,0,Transport (road),0,0,0,0,0.6931471805599453,0,0,0,0,1
CETPROJH23316,Announced (early stage),2026.0,2026,Green,0,Europe (EU-27),1,Gas grid,0,1,0,0,0.0,0,0,0,0,0
CETPROJH23315,Announced (advanced),2026.0,2026,Green,0,Asia-Pacific,0,Unknown,0,0,0,0,9.528939547062684,0,0,0,0,0
CETPROJH23314,Under construction,2026.0,2026,Green,0,Asia-Pacific,0,Unknown,0,0,0,0,8.104401307921613,0,0,0,0,0
CETPROJH23313,Announced (advanced),2026.0,2026,Green,0,Europe (EU-27),1,Industry (refinery feedstock),1,1,1,0,7.05617528410041,0,0,0,0,0
CETPROJH23312,Under construction,2026.0,2026,Green,0,Asia-Pacific,0,Industry (other),0,0,0,0,8.03073492409854,0,0,0,0,0
CETPROJH23311,Under construction,2026.0,2026,Green,0,Asia-Pacific,0,Transport (road),0,0,0,0,4.9344739331306915,0,0,0,0,0
CETPROJH23310,Announced (advanced),2026.0,2026,Green,0,Europe (EU-27),1,Industry (other),0,1,0,0,5.929589143389895,0,0,0,0,0
CETPROJH2331,On-hold (assumed),2022.0,2022,Green,0,Africa,0,Transport (shipping),0,0,0,0,12.199541363063988,0,0,0,1,0
CETPROJH23309,Announced (advanced),2026.0,2026,Green,0,North America,0,Unknown,0,0,0,0,7.915348169263078,0,0,0,0,0
CETPROJH23308,Announced (advanced),2024.0,2024,Green,0,North America,0,Unknown,0,0,0,0,5.308267697401205,0,0,0,0,0
CETPROJH23307,Fully commissioned,2021.0,2021,Green,0,Europe (EU-27),1,Transport (road),0,1,0,0,4.07753744390572,0,0,0,0,1
CETPROJH23306,Fully commissioned,2018.0,2018,Green,0,Europe (EU-27),1,R&D,0,1,0,0,3.091042453358316,0,0,0,0,1
CETPROJH23305,Plans cancelled,2014.0,2014,Blue_CCS,1,North America,0,Unknown,0,0,0,0,0.0,1,1,1,1,0
CETPROJH23304,Plans cancelled,2023.0,2023,Blue_CCS,1,Europe (non EU-27),0,Unknown,0,0,0,0,14.978661680269907,1,1,1,1,0
CETPROJH23302,Decommissioned,2024.0,2024,Blue_CCS,1,Europe (EU-27),1,Unknown,0,1,0,0,0.0,0,1,1,0,0
CETPROJH23301,Plans cancelled,2023.0,2023,Blue_CCS,1,North America,0,Unknown,0,0,0,0,0.0,1,1,1,1,0
CETPROJH23300,Plans cancelled,2021.0,2021,Blue_CCS,1,Middle East,0,Gas grid,0,0,0,0,5.638354669333745,1,1,1,1,0
CETPROJH2330,On-hold (assumed),2022.0,2022,Green,0,Africa,0,Unknown,0,0,0,0,0.0,0,0,0,1,0
CETPROJH233,Fully commissioned,2022.0,2022,Other,0,Middle East,0,Other,0,0,0,0,0.0,0,0,0,0,1
CETPROJH23299,Announced (early stage),2021.0,2021,Blue_CCS,1,Asia-Pacific,0,Transport (other),0,0,0,0,11.736077016252437,0,0,0,0,0
CETPROJH23298,Plans cancelled,2023.0,2023,Blue_CCS,1,North America,0,Unknown,0,0,0,0,0.0,1,1,1,1,0
CETPROJH23297,Under construction,2021.0,2021,Blue_CCS,1,Asia-Pacific,0,Unknown,0,0,0,0,11.289794413577894,0,0,0,0,0
CETPROJH23296,Plans cancelled,2014.0,2014,Blue_CCS,1,Asia-Pacific,0,Unknown,0,0,0,0,0.0,1,1,1,1,0
CETPROJH23295,Under construction,2026.0,2026,Green,0,Europe (EU-27),1,Transport (road),0,1,0,0,5.680172609017068,0,0,0,0,0
CETPROJH23294,Feasibility,2026.0,2026,Green,0,Asia-Pacific,0,Transport (shipping),0,0,0,0,9.105090961257085,0,0,0,0,0
CETPROJH23293,Announced (early stage),2026.0,2026,Green,0,Asia-Pacific,0,Unknown,0,0,0,0,0.0,0,0,0,0,0
CETPROJH23292,Announced (early stage),2026.0,2026,Green,0,Asia-Pacific,0,Unknown,0,0,0,0,0.0,0,0,0,0,0
CETPROJH23291,Announced (early stage),2026.0,2026,Green,0,Asia-Pacific,0,Unknown,0,0,0,0,0.0,0,0,0,0,0
CETPROJH23290,Announced (early stage),2026.0,2026,Green,0,Asia-Pacific,0,Unknown,0,0,0,0,0.0,0,0,0,0,0
CETPROJH2329,On-hold (assumed),2020.0,2020,Green,0,Africa,0,Unknown,0,0,0,0,8.664923303440572,0,0,0,1,0
CETPROJH23289,Announced (early stage),2026.0,2026,Green,0,Europe (EU-27),1,Transport (aviation),0,1,0,0,0.0,0,0,0,0,0
CETPROJH23288,Announced (early stage),2026.0,2026,Green,0,Europe (EU-27),1,Transport (road),0,1,0,0,4.430816798843313,0,0,0,0,0
CETPROJH23287,Feasibility,2026.0,2026,Green,0,Europe (EU-27),1,Unknown,0,1,0,0,3.912023005428146,0,0,0,0,0
CETPROJH23286,Design,2025.0,2025,Green,0,Europe (non EU-27),0,Transport (aviation),0,0,0,0,8.854093907655518,0,0,0,0,0
CETPROJH23285,Feasibility,2026.0,2026,Green,0,Africa,0,Unknown,0,0,0,0,11.002116507732017,0,0,0,0,0
CETPROJH23284,Announced (advanced),2024.0,2024,Waste,0,Europe (EU-27),1,Other,0,1,0,0,5.720311776607412,0,0,0,0,0
CETPROJH23283,Feasibility,2026.0,2026,Green,0,Latin America,0,Transport (aviation),0,0,0,0,0.0,0,0,0,0,0
CETPROJH23282,Feasibility,2025.0,2025,Green,0,Asia-Pacific,0,Power & heat,0,0,0,0,9.194312610898985,0,0,0,0,0
CETPROJH23281,Design,2026.0,2026,Green,0,Asia-Pacific,0,Unknown,0,0,0,0,1.3862943611198906,0,0,0,0,0
CETPROJH23280,Design,2026.0,2026,Green,0,Asia-Pacific,0,Unknown,0,0,0,0,8.615045591583742,0,0,0,0,0
CETPROJH2328,On-hold (assumed),2021.0,2021,Green,0,Africa,0,Unknown,0,0,0,0,8.955577146281511,0,0,0,1,0
CETPROJH23279,Feasibility,2026.0,2026,Green,0,Europe (EU-27),1,Power & heat,0,1,0,0,7.27931883541462,0,0,0,0,0
CETPROJH23278,Fully commissioned,2026.0,2026,Green,0,Middle East,0,Industry (other),0,0,0,0,7.229113877793302,0,0,0,0,1
CETPROJH23277,Design,2022.0,2022,Blue_CCS,1,North America,0,Unknown,0,0,0,0,0.0,0,0,0,0,0
CETPROJH23275,Announced (advanced),2026.0,2026,Blue_CCS,1,Latin America,0,Transport (road),0,0,0,0,0.0,0,0,0,0,0
CETPROJH23274,Announced (advanced),2026.0,2026,Green,0,Asia-Pacific,0,Unknown,0,0,0,0,0.0,0,0,0,0,0
CETPROJH23273,Announced (advanced),2026.0,2026,Green,0,Asia-Pacific,0,Unknown,0,1,0,1,0.0,0,0,0,0,0
CETPROJH23272,Announced (early stage),2026.0,2026,Green,0,Asia-Pacific,0,Unknown,0,0,0,0,8.843759381917984,0,0,0,0,0
CETPROJH23271,Announced (early stage),2026.0,2026,Green,0,Asia-Pacific,0,Unknown,0,0,0,0,0.0,0,0,0,0,0
CETPROJH23270,Under construction,2026.0,2026,Green,0,Europe (EU-27),1,Transport (road),0,1,0,0,5.968707559985366,0,0,0,0,0
CETPROJH2327,Design,2021.0,2021,Green,0,Africa,0,Industry (chemical feedstock),1,1,1,1,13.199326270390594,0,0,0,0,0
CETPROJH23269,Under construction,2025.0,2025,Green,0,Asia-Pacific,0,Transport (road),0,0,0,0,5.337538079701318,0,0,0,0,0
CETPROJH23268,Announced (early stage),2026.0,2026,Green,0,Asia-Pacific,0,Unknown,0,0,0,0,0.0,0,0,0,0,0
CETPROJH23267,Feasibility,2026.0,2026,Green,0,Europe (EU-27),1,Industry (chemical feedstock),1,1,1,0,9.259225769705994,0,0,0,0,0
CETPROJH23266,Announced (advanced),2026.0,2026,Green,0,Asia-Pacific,0,Transport (shipping),0,0,0,0,5.68697535633982,0,0,0,0,0
CETPROJH23265,Announced (advanced),2026.0,2026,Green,0,Europe (EU-27),1,Transport (aviation),0,1,0,0,0.0,0,0,0,0,0
CETPROJH23264,Announced (advanced),2024.0,2024,Green,0,Asia-Pacific,0,Industry (chemical feedstock),1,1,0,0,0.0,0,0,0,0,0
CETPROJH23263,Announced (early stage),2023.0,2023,Waste,0,Europe (EU-27),1,Industry (chemical feedstock),1,1,1,0,0.0,0,0,0,0,0
CETPROJH23262,Announced (early stage),2025.0,2025,Blue_CCS,1,Asia-Pacific,0,Industry (chemical feedstock),1,1,0,0,0.0,0,0,0,0,0
CETPROJH23261,Permitted,2026.0,2026,Green,0,Asia-Pacific,0,Other,0,0,0,0,3.295836866004329,0,0,0,0,0
CETPROJH23260,Announced (advanced),2026.0,2026,Green,0,Asia-Pacific,0,Industry (chemical feedstock),1,1,0,0,10.306984057549448,0,0,0,0,0
CETPROJH2326,Design,2021.0,2021,Green,0,Africa,0,Industry (chemical feedstock),1,1,0,0,11.649211809228195,0,0,0,0,0
CETPROJH23259,Announced (advanced),2026.0,2026,Green,0,Asia-Pacific,0,Unknown,0,0,0,0,9.739850350946302,0,0,0,0,0
CETPROJH23258,Announced (advanced),2026.0,2026,Green,0,Asia-Pacific,0,Unknown,0,0,0,0,8.898502209646642,0,0,0,0,0
CETPROJH23257,Announced (advanced),2026.0,2026,Green,0,Asia-Pacific,0,Unknown,0,0,0,0,10.406593455786899,0,0,0,0,0
CETPROJH23256,On-hold (assumed),2021.0,2021,Green,0,Asia-Pacific,0,Unknown,0,0,0,0,10.2328272702548,0,0,0,1,0
CETPROJH23255,Announced (advanced),2026.0,2026,Green,0,Asia-Pacific,0,Unknown,0,0,0,0,9.928570332903591,0,0,0,0,0
CETPROJH23254,Announced (advanced),2026.0,2026,Green,0,Asia-Pacific,0,Unknown,0,0,0,0,9.585621148907032,0,0,0,0,0
CETPROJH23253,Announced (early stage),2024.0,2024,Blue_CCS,1,North America,0,Power & heat,0,0,0,0,10.241137666615815,0,0,0,0,0
CETPROJH23252,Fully commissioned,2013.0,2013,Blue_CCS,1,North America,0,Industry (chemical feedstock),1,1,0,0,0.0,0,0,0,0,1
CETPROJH23251,Announced (advanced),2026.0,2026,Green,0,Asia-Pacific,0,Industry (other),1,1,0,0,10.596659732783579,0,0,0,0,0
CETPROJH23250,Announced (early stage),2026.0,2026,Green,0,Asia-Pacific,0,Transport (shipping),0,0,0,0,0.0,0,0,0,0,0
CETPROJH2325,Permitted,2021.0,2021,Green,0,Africa,0,Industry (chemical feedstock),1,1,0,0,11.649211809228195,0,0,0,0,0
CETPROJH23249,Announced (early stage),2026.0,2026,Green,0,North America,0,Transport (road),0,0,0,0,4.836281906951478,0,0,0,0,0
CETPROJH23248,Announced (early stage),2026.0,2026,Green,0,Europe (EU-27),1,Transport (aviation),0,1,0,0,0.0,0,0,0,0,0
CETPROJH23247,Announced (early stage),2026.0,2026,Green,0,Europe (EU-27),1,Transport (road),0,1,0,0,3.713572066704308,0,0,0,0,0
CETPROJH23246,Announced (advanced),2026.0,2026,Green,0,Europe (EU-27),1,Transport (road),0,1,0,0,5.303304908059076,0,0,0,0,0
CETPROJH23245,Announced (advanced),2026.0,2026,Green,0,Europe (EU-27),1,Industry (chemical feedstock),1,1,1,0,8.878497403738631,0,0,0,0,0
CETPROJH23244,Announced (advanced),2026.0,2026,Green,0,Asia-Pacific,0,Industry (refinery feedstock),1,1,0,0,9.392745258631441,0,0,0,0,0
CETPROJH23243,Announced (advanced),2026.0,2026,Green,0,Europe (non EU-27),0,Transport (shipping),0,0,0,0,8.741935464094144,0,0,0,0,0
CETPROJH23241,Permitted,2025.0,2025,Green,0,Asia-Pacific,0,Industry (chemical feedstock),1,1,0,0,10.24498286663967,0,0,0,0,0
CETPROJH23240,Fully commissioned,2025.0,2025,Green,0,Asia-Pacific,0,Transport (rail),0,0,0,0,4.02535169073515,0,0,0,0,1
CETPROJH2324,Permitted,2021.0,2021,Green,0,Africa,0,Industry (chemical feedstock),1,1,0,0,8.35936910622267,0,0,0,0,0
CETPROJH23239,Under construction,2024.0,2024,Green,0,Latin America,0,Transport (road),0,0,0,0,4.174387269895637,0,0,0,0,0
CETPROJH23238,Announced (advanced),2026.0,2026,Green,0,Latin America,0,,0,0,0,0,0.0,0,0,0,0,0
CETPROJH23237,Fully commissioned,2026.0,2026,Green,0,Asia-Pacific,0,Transport (road),0,0,0,0,0.6931471805599453,0,0,0,0,1
CETPROJH23236,Announced (advanced),2025.0,2025,Green,0,Latin America,0,Transport (road),0,0,0,0,4.174387269895637,0,0,0,0,0
CETPROJH23235,Announced (early stage),2025.0,2025,Green,0,Asia-Pacific,0,Unknown,0,0,0,0,0.0,0,0,0,0,0
CETPROJH23234,Announced (early stage),2025.0,2025,Green,0,Asia-Pacific,0,Unknown,0,0,0,0,0.0,0,0,0,0,0
CETPROJH23232,Announced (early stage),2025.0,2025,Green,0,Asia-Pacific,0,Unknown,0,0,0,0,0.0,0,0,0,0,0
CETPROJH23231,Under construction,2025.0,2025,Other,0,North America,0,Unknown,0,0,0,0,0.0,0,0,0,0,0
CETPROJH23230,Announced (advanced),2025.0,2025,Green,0,Europe (EU-27),1,Unknown,0,1,0,0,4.2626798770413155,0,0,0,0,0
CETPROJH2323,On-hold (assumed),2021.0,2021,Green,0,Africa,0,Industry (other),1,1,1,1,13.353476685668044,0,0,0,1,0
CETPROJH23229,Announced (advanced),2025.0,2025,Green,0,Europe (EU-27),1,Industry (other),0,1,0,0,4.04305126783455,0,0,0,0,0
CETPROJH23228,Announced (advanced),2024.0,2024,Green,0,Europe (EU-27),1,Transport (road),0,1,0,0,7.0925737159746784,0,0,0,0,0
CETPROJH23227,Announced (advanced),2025.0,2025,Green,0,Europe (EU-27),1,Transport (road),0,1,0,0,6.331501849893691,0,0,0,0,0
CETPROJH23226,Announced (advanced),2025.0,2025,Green,0,Europe (EU-27),1,Unknown,0,1,0,0,6.331501849893691,0,0,0,0,0
CETPROJH23225,Under construction,2024.0,2024,Green,0,Europe (EU-27),1,Transport (road),0,1,0,0,6.398594934535208,0,0,0,0,0
CETPROJH23224,Under construction,2025.0,2025,Green,0,Europe (EU-27),1,Transport (road),0,1,0,0,6.0063531596017325,0,0,0,0,0
CETPROJH23223,Fully commissioned,2025.0,2025,Green,0,Europe (EU-27),1,Industry (other),0,1,0,0,3.4339872044851463,0,0,0,0,1
CETPROJH23222,Plans cancelled,2024.0,2024,Green,0,Latin America,0,Unknown,0,0,0,0,0.0,1,1,1,1,0
CETPROJH23221,Announced (advanced),2025.0,2025,Green,0,Europe (EU-27),1,Gas grid,0,1,0,0,6.405228458030842,0,0,0,0,0
CETPROJH23220,Announced (advanced),2025.0,2025,Green,0,Europe (EU-27),1,Transport (road),0,1,0,0,3.713572066704308,0,0,0,0,0
CETPROJH2322,On-hold (assumed),2021.0,2021,Green,0,Africa,0,Unknown,0,0,0,0,0.0,0,0,0,1,0
CETPROJH23219,Announced (early stage),2025.0,2025,Green,0,Asia-Pacific,0,Other,0,0,0,0,5.056245805348308,0,0,0,0,0
CETPROJH23218,Design,2025.0,2025,Green,0,Europe (non EU-27),0,Transport (aviation),0,0,0,0,9.008224187854049,0,0,0,0,0
CETPROJH23217,Announced (early stage),2025.0,2025,Green,0,Asia-Pacific,0,Industry (other),1,1,0,0,0.0,0,0,0,0,0
CETPROJH23216,Design,2025.0,2025,Green,0,North America,0,Industry (other),0,0,0,0,7.063903961472068,0,0,0,0,0
CETPROJH23215,Announced (early stage),2025.0,2025,Green,0,Europe (non EU-27),0,Other,0,0,0,0,8.632662441222351,0,0,0,0,0
CETPROJH23214,Design,2024.0,2024,Green,0,Asia-Pacific,0,Transport (road),0,0,0,0,11.023877640745798,0,0,0,0,0
CETPROJH23213,Feasibility,2025.0,2025,Green,0,Asia-Pacific,0,Industry (chemical feedstock),1,1,0,0,0.0,0,0,0,0,0
CETPROJH23212,Announced (advanced),2025.0,2025,Green,0,Europe (EU-27),1,Unknown,0,1,0,1,8.664923303440572,0,0,0,0,0
CETPROJH23211,Announced (early stage),2025.0,2025,Green,0,Europe (EU-27),1,Transport (aviation),0,1,0,1,11.050905878263567,0,0,0,0,0
CETPROJH23210,Financed,2020.0,2020,Green,0,Europe (EU-27),1,Transport (road),0,1,0,0,5.802118375377063,0,0,0,0,0
CETPROJH2321,On-hold (assumed),2021.0,2021,Green,0,Africa,0,Transport (road),0,0,0,0,0.0,0,0,0,1,0
CETPROJH23209,Permitted,2025.0,2025,Green,0,Asia-Pacific,0,Unknown,0,0,0,0,8.932872621931374,0,0,0,0,0
CETPROJH23208,Permitted,2025.0,2025,Green,0,Asia-Pacific,0,Power & heat,0,0,0,0,10.635422660303334,0,0,0,0,0
CETPROJH23206,Fully commissioned,2022.0,2022,Blue_CCS,1,Asia-Pacific,0,Unknown,0,0,0,0,10.596659732783579,0,0,0,0,1
CETPROJH23205,Announced (early stage),2025.0,2025,Waste,0,Asia-Pacific,0,Transport (road),0,0,0,0,0.0,0,0,0,0,0
CETPROJH23204,Design,2025.0,2025,Green,0,North America,0,Gas grid,0,0,0,0,9.581145019820722,0,0,0,0,0
CETPROJH23203,Under construction,2023.0,2023,Blue_CCS,1,Asia-Pacific,0,Power & heat,0,0,0,0,8.521981708148035,0,0,0,0,0
CETPROJH23202,Under construction,2020.0,2020,Green,0,Asia-Pacific,0,Industry (chemical feedstock),1,1,0,0,6.018593214496234,0,0,0,0,0
CETPROJH23201,Fully commissioned,2025.0,2025,Blue_CCS,1,Europe (non EU-27),0,Industry (other),0,0,0,0,5.220355825078324,0,0,0,0,1
CETPROJH23200,Permitted,2023.0,2023,Green,0,Asia-Pacific,0,Industry (chemical feedstock),1,1,0,0,10.263501914406909,0,0,0,0,0
CETPROJH2320,On-hold (assumed),2021.0,2021,Green,0,Africa,0,Unknown,0,0,0,0,9.038127549330516,0,0,0,1,0
CETPROJH232,On-hold (assumed),2022.0,2022,Blue_CCS,1,Middle East,0,Unknown,0,0,0,0,0.0,0,0,0,1,0
CETPROJH23199,Announced (advanced),2025.0,2025,Green,0,Asia-Pacific,0,Industry (chemical feedstock),1,1,0,0,9.20391980417326,0,0,0,0,0
CETPROJH23198,Design,2025.0,2025,Green,0,North America,0,Unknown,0,0,0,0,0.0,0,0,0,0,0
CETPROJH23197,Design,2022.0,2022,Green,0,Latin America,0,Gas grid,0,0,0,0,0.0,0,0,0,0,0
CETPROJH23196,Feasibility,2024.0,2024,Green,0,Asia-Pacific,0,Industry (chemical feedstock),1,1,0,0,10.673618922112436,0,0,0,0,0
CETPROJH23195,Announced (early stage),2025.0,2025,Green,0,Asia-Pacific,0,Unknown,0,0,0,0,11.736077016252437,0,0,0,0,0
CETPROJH23194,Announced (early stage),2025.0,2025,Green,0,Asia-Pacific,0,Unknown,0,0,0,0,10.12667110305036,0,0,0,0,0
CETPROJH23193,Announced (early stage),2025.0,2025,Blue_CCS,1,Asia-Pacific,0,Other,0,0,0,0,0.0,0,0,0,0,0
CETPROJH23192,Announced (advanced),2025.0,2025,Green,0,Europe (EU-27),1,Transport (shipping),0,1,0,0,8.53915035876828,0,0,0,0,0
CETPROJH23191,Announced (early stage),2025.0,2025,Other,0,North America,0,Transport (other),0,0,0,0,0.0,0,0,0,0,0
CETPROJH23190,Fully commissioned,2025.0,2025,Other,0,Europe (EU-27),1,Transport (other),0,1,0,0,0.0,0,0,0,0,1
CETPROJH2319,On-hold (confirmed),2021.0,2021,Green,0,Africa,0,Industry (other),0,0,0,0,12.611541086966115,0,0,1,1,0
CETPROJH23189,Announced (advanced),2025.0,2025,Green,0,Asia-Pacific,0,Unknown,0,0,0,0,9.259225769705994,0,0,0,0,0
CETPROJH23188,Permitted,2025.0,2025,Green,0,Asia-Pacific,0,Unknown,0,0,0,0,10.247112717290387,0,0,0,0,0
CETPROJH23187,Feasibility,2024.0,2024,Green,0,Asia-Pacific,0,Industry (chemical feedstock),1,1,0,0,10.524090921620362,0,0,0,0,0
CETPROJH23185,Announced (early stage),2025.0,2025,Green,0,Africa,0,Unknown,0,1,0,1,11.338583982516495,0,0,0,0,0
CETPROJH23184,Announced (advanced),2025.0,2025,Green,0,Europe (EU-27),1,Gas grid,0,1,0,0,10.549490713287256,0,0,0,0,0
CETPROJH23183,Announced (advanced),2025.0,2025,Green,0,Europe (EU-27),1,Gas grid,0,1,0,0,7.428927194802272,0,0,0,0,0
CETPROJH23182,Announced (early stage),2025.0,2025,Green,0,Europe (EU-27),1,Gas grid,0,1,0,0,6.028278520230698,0,0,0,0,0
CETPROJH23181,Announced (advanced),2025.0,2025,Green,0,Asia-Pacific,0,Power & heat,0,1,0,1,0.0,0,0,0,0,0
CETPROJH23180,Announced (early stage),2025.0,2025,Green,0,Europe (EU-27),1,Transport (shipping),0,1,0,0,0.0,0,0,0,0,0
CETPROJH2318,Fully commissioned,2021.0,2021,Green,0,Africa,0,Transport (road),0,0,0,0,4.5217885770490405,0,0,0,0,1
CETPROJH23179,Announced (early stage),2025.0,2025,Green,0,Europe (EU-27),1,Unknown,0,1,0,0,2.772588722239781,0,0,0,0,0
CETPROJH23178,Announced (early stage),2025.0,2025,Green,0,Asia-Pacific,0,Unknown,0,0,0,0,10.935140614744478,0,0,0,0,0
CETPROJH23177,Announced (advanced),2025.0,2025,Blue_CCS,1,North America,0,Unknown,0,0,0,0,7.3783837129967145,0,0,0,0,0
CETPROJH23176,Announced (early stage),2025.0,2025,Other,0,Asia-Pacific,0,Power & heat,0,0,0,0,0.0,0,0,0,0,0
CETPROJH23175,Fully commissioned,2024.0,2024,Green,0,Europe (EU-27),1,Industry (other),0,1,0,0,5.3981627015177525,0,0,0,0,1
CETPROJH23174,On-hold (confirmed),2022.0,2022,Green,0,Europe (EU-27),1,Unknown,0,1,0,0,8.594339400592892,0,0,1,1,0
CETPROJH23173,Feasibility,2025.0,2025,Green,0,Europe (EU-27),1,Unknown,0,1,0,0,5.673323267171493,0,0,0,0,0
CETPROJH23172,Feasibility,2025.0,2025,Green,0,Asia-Pacific,0,Unknown,0,0,0,0,0.0,0,0,0,0,0
CETPROJH23171,Under construction,2025.0,2025,Green,0,Europe (EU-27),1,Transport (road),0,1,0,0,5.545177444479562,0,0,0,0,0
CETPROJH23170,Fully commissioned,2025.0,2025,Other,0,Europe (EU-27),1,Mixed,0,1,0,0,8.251403065380556,0,0,0,0,1
CETPROJH2317,Fully commissioned,2010.0,2010,Green,0,Africa,0,Power & heat,0,0,0,0,1.0986122886681098,0,0,0,0,1
CETPROJH23169,Announced (early stage),2025.0,2025,Green,0,Europe (non EU-27),0,Industry (other),0,0,0,0,6.364750756851911,0,0,0,0,0
CETPROJH23168,Financed,2023.0,2023,Green,0,Europe (EU-27),1,Transport (road),0,1,0,0,4.23410650459726,0,0,0,0,0
CETPROJH23167,Financed,2025.0,2025,Green,0,Europe (EU-27),1,Transport (shipping),0,1,0,0,7.741099090035366,0,0,0,0,0
CETPROJH23166,Fully commissioned,2024.0,2024,Green,0,Asia-Pacific,0,Unknown,0,0,0,0,5.1298987149230735,0,0,0,0,1
CETPROJH23165,Announced (early stage),2025.0,2025,Green,0,Africa,0,Unknown,0,0,0,0,9.359449794564023,0,0,0,0,0
CETPROJH23164,Financed,2025.0,2025,Waste,0,Europe (EU-27),1,Other,0,1,0,0,0.0,0,0,0,0,0
CETPROJH23163,Permitted,2025.0,2025,Blue_CCS,1,North America,0,Transport (aviation),0,0,0,0,0.0,0,0,0,0,0
CETPROJH23162,Permitted,2025.0,2025,Green,0,Asia-Pacific,0,Industry (other),0,0,0,0,8.525359754082631,0,0,0,0,0
CETPROJH23161,Announced (advanced),2025.0,2025,Green,0,Europe (EU-27),1,Power & heat,0,1,0,0,8.853808274977197,0,0,0,0,0
CETPROJH23160,Announced (advanced),2025.0,2025,Green,0,Europe (EU-27),1,Transport (shipping),0,1,0,0,0.0,0,0,0,0,0
CETPROJH2316,On-hold (assumed),2022.0,2022,Blue_CCS,1,North America,0,Power & heat,0,0,0,0,11.64997939616457,0,0,0,1,0
CETPROJH23159,Design,2025.0,2025,Green,0,Europe (EU-27),1,Industry (chemical feedstock),1,1,1,0,0.0,0,0,0,0,0
CETPROJH23158,Feasibility,2024.0,2024,Green,0,Europe (EU-27),1,Transport (aviation),0,1,0,0,0.0,0,0,0,0,0
CETPROJH23157,Design,2025.0,2025,Green,0,Europe (EU-27),1,Transport (aviation),0,1,0,0,9.917636975640548,0,0,0,0,0
CETPROJH23156,Announced (early stage),2025.0,2025,Blue_CCS,1,Europe (EU-27),1,Transport (shipping),0,1,0,0,0.0,0,0,0,0,0
CETPROJH23155,Announced (early stage),2025.0,2025,Green,0,Africa,0,Industry (chemical feedstock),1,1,0,0,10.237492462093485,0,0,0,0,0
CETPROJH23154,Under construction,2025.0,2025,Green,0,Asia-Pacific,0,Industry (chemical feedstock),1,1,0,0,7.074963197966044,0,0,0,0,0
CETPROJH23153,Financed,2025.0,2025,Green,0,Europe (non EU-27),0,Transport (shipping),0,0,0,0,0.0,0,0,0,0,0
CETPROJH23152,Feasibility,2025.0,2025,Green,0,Asia-Pacific,0,Unknown,0,0,0,0,10.41184012081972,0,0,0,0,0
CETPROJH23151,Feasibility,2025.0,2025,Green,0,Africa,0,Power & heat,0,1,0,1,10.627430633893226,0,0,0,0,0
CETPROJH23150,Design,2025.0,2025,Green,0,North America,0,Transport (shipping),0,0,0,0,10.16481281589039,0,0,0,0,0
CETPROJH2315,On-hold (assumed),2022.0,2022,Blue_CCS,1,North America,0,Industry (chemical feedstock),1,1,0,0,11.931642378754141,0,0,0,1,0
CETPROJH23149,Design,2025.0,2025,Other,0,Europe (EU-27),1,Transport (aviation),0,1,0,0,0.0,0,0,0,0,0
CETPROJH23148,Financed,2023.0,2023,Green,0,Europe (non EU-27),0,Transport (shipping),0,0,0,0,6.9726062513017535,0,0,0,0,0
CETPROJH23147,Under construction,2025.0,2025,Green,0,Europe (EU-27),1,Unknown,0,1,0,0,0.0,0,0,0,0,0
CETPROJH23146,Permitted,2025.0,2025,Green,0,Europe (non EU-27),0,Transport (shipping),0,0,0,0,8.441822884391462,0,0,0,0,0
CETPROJH23143,Design,2025.0,2025,Green,0,Europe (EU-27),1,Transport (shipping),0,1,0,0,8.853808274977197,0,0,0,0,0
CETPROJH23142,Permitted,2025.0,2025,Green,0,Europe (EU-27),1,Industry (other),0,1,0,0,8.296297112642508,0,0,0,0,0
CETPROJH23141,Design,2025.0,2025,Green,0,North America,0,Transport (aviation),0,0,0,0,0.0,0,0,0,0,0
CETPROJH23140,Announced (early stage),2025.0,2025,Green,0,Europe (EU-27),1,Industry (chemical feedstock),1,1,1,0,0.0,0,0,0,0,0
CETPROJH2314,On-hold (assumed),2022.0,2022,Blue_CCS,1,North America,0,Unknown,0,0,0,0,0.0,0,0,0,1,0
CETPROJH23139,Under construction,2025.0,2025,Green,0,Europe (EU-27),1,Transport (road),0,1,0,0,5.568344503761097,0,0,0,0,0
CETPROJH23137,Permitted,2025.0,2025,Green,0,Asia-Pacific,0,Unknown,0,0,0,0,8.929700114313448,0,0,0,0,0
CETPROJH23136,Permitted,2025.0,2025,Green,0,Asia-Pacific,0,Unknown,0,0,0,0,9.392745258631441,0,0,0,0,0
CETPROJH23134,Feasibility,2025.0,2025,Blue_CCS,1,North America,0,Power & heat,0,0,0,0,9.771155440487087,0,0,0,0,0
CETPROJH23132,Financed,2025.0,2025,Green,0,Asia-Pacific,0,Industry (chemical feedstock),1,1,0,0,0.0,0,0,0,0,0
CETPROJH2313,On-hold (assumed),2022.0,2022,Green,0,North America,0,Unknown,0,0,0,0,3.4011973816621555,0,0,0,1,0
CETPROJH23127,Announced (early stage),2025.0,2025,Blue_CCS,1,North America,0,Unknown,0,0,0,0,0.0,0,0,0,0,0
CETPROJH23125,Under construction,2024.0,2024,Green,0,Europe (EU-27),1,Other,0,1,0,0,4.110873864173311,0,0,0,0,0
CETPROJH23124,Announced (early stage),2025.0,2025,Green,0,North America,0,Unknown,0,0,0,0,9.19023970026918,0,0,0,0,0
CETPROJH23123,Announced (early stage),2025.0,2025,Green,0,Asia-Pacific,0,Transport (shipping),0,0,0,0,8.893298144217916,0,0,0,0,0
CETPROJH23122,Announced (early stage),2025.0,2025,Green,0,Asia-Pacific,0,Transport (shipping),0,0,0,0,10.280141578790174,0,0,0,0,0
CETPROJH23121,Announced (early stage),2025.0,2025,Other,0,Europe (non EU-27),0,Power & heat,0,0,0,0,0.0,0,0,0,0,0
CETPROJH23120,Design,2025.0,2025,Green,0,Europe (EU-27),1,Power & heat,0,1,0,0,3.713572066704308,0,0,0,0,0
CETPROJH2312,Under construction,2022.0,2022,Blue_CCS,1,North America,0,Industry (refinery feedstock),1,1,0,0,11.641028400144563,0,0,0,0,0
CETPROJH23119,Under construction,2025.0,2025,Green,0,Africa,0,Industry (chemical feedstock),1,1,0,0,9.62911649414402,0,0,0,0,0
CETPROJH23118,Announced (early stage),2025.0,2025,Green,0,Europe (EU-27),1,Unknown,0,1,0,0,7.087573705557973,0,0,0,0,0
CETPROJH23117,Announced (early stage),2025.0,2025,Waste,0,North America,0,Industry (chemical feedstock),1,1,0,0,8.936035096566041,0,0,0,0,0
CETPROJH23115,Announced (early stage),2025.0,2025,Green,0,Asia-Pacific,0,Unknown,0,0,0,0,0.0,0,0,0,0,0
CETPROJH23114,Fully commissioned,2023.0,2023,Green,0,Asia-Pacific,0,Industry (other),1,1,0,0,8.144969417087875,0,0,0,0,1
CETPROJH23113,Announced (early stage),2025.0,2025,Waste,0,Asia-Pacific,0,Transport (road),0,0,0,0,2.3978952727983707,0,0,0,0,0
CETPROJH23112,Announced (early stage),2025.0,2025,Waste,0,North America,0,Transport (aviation),0,0,0,0,0.0,0,0,0,0,0
CETPROJH23111,Announced (early stage),2025.0,2025,Other,0,Europe (non EU-27),0,Unknown,0,0,0,0,3.9512437185814275,0,0,0,0,0
CETPROJH2311,Design,2022.0,2022,Green,0,North America,0,Industry (other),0,0,0,0,5.43372200355424,0,0,0,0,0
CETPROJH23109,Permitted,2025.0,2025,Green,0,Europe (EU-27),1,Transport (shipping),0,1,0,0,0.0,0,0,0,0,0
CETPROJH23108,Announced (advanced),2025.0,2025,Green,0,Europe (non EU-27),0,Unknown,0,1,0,1,11.407576060361786,0,0,0,0,0
CETPROJH23105,Announced (early stage),2025.0,2025,Green,0,Asia-Pacific,0,Gas grid,0,0,0,0,0.0,0,0,0,0,0
CETPROJH23104,Under construction,2025.0,2025,Green,0,Europe (EU-27),1,Industry (other),0,1,0,0,3.4011973816621555,0,0,0,0,0
CETPROJH23103,Design,2025.0,2025,Waste,0,Europe (non EU-27),0,Transport (shipping),0,0,0,0,0.0,0,0,0,0,0
CETPROJH23102,Permitted,2025.0,2025,Green,0,Latin America,0,Unknown,0,0,0,0,9.246865146658555,0,0,0,0,0
CETPROJH23101,Permitted,2025.0,2025,Green,0,Europe (EU-27),1,Transport (road),0,1,0,0,6.447305862541213,0,0,0,0,0
CETPROJH23100,Under construction,2025.0,2025,Green,0,Europe (EU-27),1,Transport (rail),0,1,0,0,5.43372200355424,0,0,0,0,0
CETPROJH2310,On-hold (assumed),2022.0,2022,Green,0,North America,0,Unknown,0,0,0,0,0.0,0,0,0,1,0
CETPROJH231,Under construction,2020.0,2020,Green,0,Middle East,0,Industry (chemical feedstock),1,1,0,0,11.786008995353765,0,0,0,0,0
CETPROJH23099,Announced (advanced),2025.0,2025,Waste,0,Europe (EU-27),1,Transport (shipping),0,1,0,0,0.0,0,0,0,0,0
CETPROJH23098,Partially commissioned,2025.0,2025,Waste,0,North America,0,Unknown,0,0,0,0,4.634728988229636,0,0,0,0,1
CETPROJH23097,Announced (advanced),2025.0,2025,Green,0,Europe (EU-27),1,Mixed,0,1,0,0,0.0,0,0,0,0,0
CETPROJH23096,Announced (early stage),2025.0,2025,Green,0,Europe (EU-27),1,Mixed,0,1,0,0,5.605802066295998,0,0,0,0,0
CETPROJH23095,Design,2025.0,2025,Green,0,North America,0,Transport (shipping),0,0,0,0,0.0,0,0,0,0,0
CETPROJH23093,Feasibility,2025.0,2025,Green,0,Middle East,0,Mixed,0,0,0,0,9.901034546375062,0,0,0,0,0
CETPROJH23091,Feasibility,2025.0,2025,Green,0,Europe (non EU-27),0,Transport (road),0,0,0,0,5.7745515455444085,0,0,0,0,0
CETPROJH23090,Design,2025.0,2025,Waste,0,North America,0,Transport (road),0,0,0,0,6.776506992372183,0,0,0,0,0
CETPROJH2309,On-hold (assumed),2022.0,2022,Green,0,North America,0,Unknown,0,0,0,0,0.0,0,0,0,1,0
CETPROJH23089,Fully commissioned,2025.0,2025,Green,0,Europe (EU-27),1,Power & heat,0,1,0,0,2.8903717578961645,0,0,0,0,1
CETPROJH23088,Under construction,2025.0,2025,Green,0,Asia-Pacific,0,Industry (chemical feedstock),1,1,0,0,7.087573705557973,0,0,0,0,0
CETPROJH23087,Fully commissioned,2025.0,2025,Green,0,Europe (EU-27),1,Industry (other),0,1,0,0,3.713572066704308,0,0,0,0,1
CETPROJH23086,Announced (early stage),2025.0,2025,Green,0,Asia-Pacific,0,Unknown,0,0,0,0,7.972121128921655,0,0,0,0,0
CETPROJH23085,Announced (early stage),2025.0,2025,Green,0,Asia-Pacific,0,Unknown,0,0,0,0,7.972121128921655,0,0,0,0,0
CETPROJH23084,Announced (early stage),2025.0,2025,Green,0,Asia-Pacific,0,Transport (shipping),0,0,0,0,12.765691290604371,0,0,0,0,0
CETPROJH23083,Announced (early stage),2025.0,2025,Waste,0,Asia-Pacific,0,Industry (other),0,0,0,0,8.019941687677365,0,0,0,0,0
CETPROJH23082,Announced (early stage),2025.0,2025,Green,0,Asia-Pacific,0,Power & heat,0,0,0,0,6.511745329644728,0,0,0,0,0
CETPROJH23081,Announced (early stage),2025.0,2025,Green,0,Asia-Pacific,0,Unknown,0,0,0,0,0.0,0,0,0,0,0
CETPROJH23080,Feasibility,2025.0,2025,Green,0,Middle East,0,Unknown,0,0,0,0,0.0,0,0,0,0,0
CETPROJH2308,On-hold (assumed),2022.0,2022,Green,0,North America,0,Unknown,0,0,0,0,0.0,0,0,0,1,0
CETPROJH23079,Feasibility,2025.0,2025,Green,0,Europe (EU-27),1,Transport (aviation),0,1,0,0,9.94578046472638,0,0,0,0,0
CETPROJH23078,Feasibility,2025.0,2025,Green,0,Europe (EU-27),1,Transport (aviation),0,1,0,0,7.7488913372555315,0,0,0,0,0
CETPROJH23076,Announced (early stage),2025.0,2025,Green,0,Latin America,0,Industry (other),0,0,0,0,11.064698982960758,0,0,0,0,0
CETPROJH23075,Feasibility,2025.0,2025,Green,0,Europe (EU-27),1,Unknown,0,1,0,0,4.174387269895637,0,0,0,0,0
CETPROJH23074,Design,2025.0,2025,Green,0,Asia-Pacific,0,Unknown,0,0,0,0,0.0,0,0,0,0,0
CETPROJH23073,Announced (advanced),2025.0,2025,Green,0,Europe (EU-27),1,Gas grid,0,1,0,0,2.5649493574615367,0,0,0,0,0
CETPROJH23072,Feasibility,2025.0,2025,Green,0,Europe (EU-27),1,Transport (shipping),0,1,0,0,4.762173934797756,0,0,0,0,0
CETPROJH23071,Announced (early stage),2025.0,2025,Waste,0,Europe (EU-27),1,Industry (other),0,1,0,0,0.0,0,0,0,0,0
CETPROJH2307,On-hold (assumed),2022.0,2022,Waste,0,North America,0,Power & heat,0,0,0,0,0.0,0,0,0,1,0
CETPROJH23068,Announced (early stage),2024.0,2024,Green,0,Asia-Pacific,0,Industry (other),1,1,0,0,0.0,0,0,0,0,0
CETPROJH23067,Feasibility,2025.0,2025,Green,0,Europe (non EU-27),0,Transport (shipping),0,0,0,0,5.986452005284438,0,0,0,0,0
CETPROJH23064,Feasibility,2024.0,2024,Green,0,Asia-Pacific,0,Unknown,0,0,0,0,0.0,0,0,0,0,0
CETPROJH23063,Announced (early stage),2024.0,2024,Green,0,Asia-Pacific,0,Transport (road),0,0,0,0,0.0,0,0,0,0,0
CETPROJH23062,Permitted,2025.0,2025,Green,0,Asia-Pacific,0,Industry (chemical feedstock),1,1,0,0,8.460834457746854,0,0,0,0,0
CETPROJH23061,Permitted,2024.0,2024,Green,0,Asia-Pacific,0,Unknown,0,0,0,0,9.770013301136158,0,0,0,0,0
CETPROJH23060,Announced (early stage),2025.0,2025,Green,0,Asia-Pacific,0,Unknown,0,0,0,0,0.0,0,0,0,0,0
CETPROJH2306,On-hold (assumed),2022.0,2022,Green,0,North America,0,Gas grid,0,0,0,0,7.023758954738443,0,0,0,1,0
CETPROJH23059,Fully commissioned,2021.0,2021,Blue_CCS,1,Europe (non EU-27),0,Unknown,0,0,0,0,5.680172609017068,0,0,0,0,1
CETPROJH23058,Under construction,2023.0,2023,Blue_CCS,1,Europe (EU-27),1,Industry (refinery feedstock),1,1,1,0,11.38054769238444,0,0,0,0,0
CETPROJH23057,Feasibility,2023.0,2023,Green,0,Europe (non EU-27),0,Industry (other),0,0,0,0,10.05113139444869,0,0,0,0,0
CETPROJH23056,Permitted,2024.0,2024,Green,0,Asia-Pacific,0,Unknown,0,0,0,0,7.8168199657645525,0,0,0,0,0
CETPROJH23055,Permitted,2025.0,2025,Green,0,Europe (EU-27),1,Transport (road),0,1,0,0,4.23410650459726,0,0,0,0,0
CETPROJH23054,Announced (advanced),2025.0,2025,Green,0,Asia-Pacific,0,Transport (aviation),0,0,0,0,12.163300834686265,0,0,0,0,0
CETPROJH23053,Announced (advanced),2025.0,2025,Green,0,Africa,0,Transport (road),0,0,0,0,3.8501476017100584,0,0,0,0,0
CETPROJH23052,Design,2025.0,2025,Green,0,Asia-Pacific,0,Unknown,0,0,0,0,8.627660644442209,0,0,0,0,0
CETPROJH23051,Under construction,2024.0,2024,Green,0,Asia-Pacific,0,Unknown,0,0,0,0,6.513230110912307,0,0,0,0,0
CETPROJH23050,Under construction,2024.0,2024,Green,0,Asia-Pacific,0,Transport (shipping),0,0,0,0,9.283962511846797,0,0,0,0,0
CETPROJH2305,On-hold (assumed),2022.0,2022,Green,0,North America,0,Gas grid,0,0,0,0,0.0,0,0,0,1,0
CETPROJH23049,Under construction,2025.0,2025,Green,0,Asia-Pacific,0,Industry (other),1,1,0,0,5.564520407322694,0,0,0,0,0
CETPROJH23048,Permitted,2025.0,2025,Green,0,Asia-Pacific,0,Unknown,0,0,0,0,8.769196271411001,0,0,0,0,0
CETPROJH23047,Permitted,2025.0,2025,Green,0,Asia-Pacific,0,Unknown,0,0,0,0,10.759603561374213,0,0,0,0,0
CETPROJH23046,Design,2025.0,2025,Green,0,Europe (EU-27),1,Unknown,0,1,0,0,6.1070228877422545,0,0,0,0,0
CETPROJH23045,Fully commissioned,2025.0,2025,Green,0,Europe (EU-27),1,Transport (road),0,1,0,0,4.1588830833596715,0,0,0,0,1
CETPROJH23044,Announced (advanced),2025.0,2025,Green,0,Asia-Pacific,0,Other,0,0,0,0,0.0,0,0,0,0,0
CETPROJH23043,Under construction,2023.0,2023,Green,0,Asia-Pacific,0,Unknown,0,0,0,0,3.367295829986474,0,0,0,0,0
CETPROJH23042,Under construction,2023.0,2023,Green,0,Asia-Pacific,0,Unknown,0,0,0,0,4.9344739331306915,0,0,0,0,0
CETPROJH23041,Under construction,2023.0,2023,Green,0,Asia-Pacific,0,Unknown,0,0,0,0,6.71901315438526,0,0,0,0,0
CETPROJH23040,Design,2024.0,2024,Green,0,Asia-Pacific,0,Gas grid,0,0,0,0,8.922791623969637,0,0,0,0,0
CETPROJH2304,On-hold (confirmed),2022.0,2022,Green,0,North America,0,Unknown,0,0,0,0,11.020316243790663,0,0,1,1,0
CETPROJH23039,On-hold (confirmed),2024.0,2024,Green,0,North America,0,Unknown,0,0,0,0,13.27515484821109,0,0,1,1,0
CETPROJH23038,Design,2023.0,2023,Blue_CCS,1,North America,0,Unknown,0,0,0,0,11.931642378754141,0,0,0,0,0
CETPROJH23037,On-hold (assumed),2022.0,2022,Green,0,Asia-Pacific,0,Unknown,0,0,0,0,8.046229101075378,0,0,0,1,0
CETPROJH23036,On-hold (assumed),2023.0,2023,Green,0,Asia-Pacific,0,Transport (other),0,0,0,0,9.586308009295324,0,0,0,1,0
CETPROJH23035,Announced (early stage),2023.0,2023,Green,0,Asia-Pacific,0,Industry (chemical feedstock),1,1,0,0,11.955005329571646,0,0,0,0,0
CETPROJH23034,Announced (early stage),2024.0,2024,Blue_CCS,1,Asia-Pacific,0,Industry (chemical feedstock),1,1,0,0,11.516130323919139,0,0,0,0,0
CETPROJH23033,Fully commissioned,2024.0,2024,Blue_CCS,1,Asia-Pacific,0,Industry (chemical feedstock),1,1,0,0,11.410770915816556,0,0,0,0,1
CETPROJH23032,Announced (early stage),2024.0,2024,Blue_CCS,1,Asia-Pacific,0,Industry (chemical feedstock),1,1,0,0,11.228451574129409,0,0,0,0,0
CETPROJH23031,Announced (early stage),2024.0,2024,Blue_CCS,1,Asia-Pacific,0,Industry (chemical feedstock),1,1,0,0,12.209272520465309,0,0,0,0,0
CETPROJH23030,Announced (early stage),2024.0,2024,Blue_CCS,1,Asia-Pacific,0,Industry (chemical feedstock),1,1,0,0,11.00531134546621,0,0,0,0,0
CETPROJH2303,On-hold (confirmed),2022.0,2022,Green,0,North America,0,Unknown,0,0,0,0,10.568723822335235,0,0,1,1,0
CETPROJH23029,On-hold (assumed),2022.0,2022,Green,0,Asia-Pacific,0,Industry (other),1,1,0,0,0.0,0,0,0,1,0
CETPROJH23028,Feasibility,2023.0,2023,Blue_CCS,1,North America,0,Unknown,0,0,0,0,13.541075028051122,0,0,0,0,0
CETPROJH23027,Announced (early stage),2023.0,2023,Green,0,North America,0,Unknown,0,0,0,0,12.71439814659232,0,0,0,0,0
CETPROJH23026,On-hold (assumed),2023.0,2023,Green,0,North America,0,Unknown,0,0,0,0,9.586376669393536,0,0,0,1,0
CETPROJH23025,On-hold (assumed),2023.0,2023,Green,0,North America,0,Unknown,0,0,0,0,0.0,0,0,0,1,0
CETPROJH23024,On-hold (assumed),2023.0,2023,Green,0,North America,0,Unknown,0,0,0,0,9.586376669393536,0,0,0,1,0
CETPROJH23023,Decommissioned,2023.0,2023,Green,0,North America,0,Industry (chemical feedstock),1,1,0,0,1.0986122886681098,0,1,1,0,0
CETPROJH23022,Design,2023.0,2023,Green,0,North America,0,Industry (chemical feedstock),1,1,0,0,0.0,0,0,0,0,0
CETPROJH23021,Design,2023.0,2023,Green,0,North America,0,Industry (chemical feedstock),1,1,0,0,0.0,0,0,0,0,0
CETPROJH23020,On-hold (assumed),2022.0,2022,Waste,0,Asia-Pacific,0,Unknown,0,0,0,0,9.62911649414402,0,0,0,1,0
CETPROJH2302,Permitted,2022.0,2022,Green,0,North America,0,Unknown,0,1,0,1,9.682404377188837,0,0,0,0,0
CETPROJH23019,On-hold (assumed),2023.0,2023,Green,0,Asia-Pacific,0,Power & heat,0,0,0,0,11.104972264124868,0,0,0,1,0
CETPROJH23018,On-hold (assumed),2023.0,2023,Green,0,Asia-Pacific,0,Unknown,0,1,0,1,10.967404871407352,0,0,0,1,0
CETPROJH23017,On-hold (assumed),2022.0,2022,Green,0,Asia-Pacific,0,Unknown,0,0,0,0,10.967404871407352,0,0,0,1,0
CETPROJH23016,Announced (early stage),2025.0,2025,Green,0,Latin America,0,Unknown,0,0,0,0,11.46961078295093,0,0,0,0,0
CETPROJH23015,On-hold (assumed),2022.0,2022,Green,0,Latin America,0,Unknown,0,0,0,0,10.969404458366096,0,0,0,1,0
CETPROJH23014,On-hold (assumed),2023.0,2023,Green,0,Latin America,0,Unknown,0,0,0,0,11.104972264124868,0,0,0,1,0
CETPROJH23013,On-hold (assumed),2021.0,2021,Green,0,Latin America,0,Unknown,0,0,0,0,0.0,0,0,0,1,0
CETPROJH23012,On-hold (assumed),2023.0,2023,Green,0,Latin America,0,Unknown,0,0,0,0,0.0,0,0,0,1,0
CETPROJH23011,Announced (advanced),2025.0,2025,Green,0,Latin America,0,Industry (chemical feedstock),1,1,0,0,7.193685818395112,0,0,0,0,0
CETPROJH23010,On-hold (assumed),2021.0,2021,Green,0,Latin America,0,Unknown,0,0,0,0,10.790267081035894,0,0,0,1,0
CETPROJH2301,Design,2022.0,2022,Blue_CCS,1,North America,0,Unknown,0,0,0,0,7.601402334583733,0,0,0,0,0
CETPROJH23009,Design,2024.0,2024,Green,0,Latin America,0,Industry (chemical feedstock),1,1,0,0,0.0,0,0,0,0,0
CETPROJH23008,Announced (early stage),2025.0,2025,Green,0,Latin America,0,Transport (shipping),0,0,0,0,0.0,0,0,0,0,0
CETPROJH23007,Announced (advanced),2023.0,2023,Green,0,Latin America,0,Unknown,0,0,0,0,8.15162164696975,0,0,0,0,0
CETPROJH23006,Announced (advanced),2023.0,2023,Green,0,Latin America,0,Unknown,0,0,0,0,8.374476889214643,0,0,0,0,0
CETPROJH23005,Announced (advanced),2023.0,2023,Green,0,Latin America,0,Unknown,0,0,0,0,6.543911845564792,0,0,0,0,0
CETPROJH23004,On-hold (assumed),2022.0,2022,Green,0,Latin America,0,Unknown,0,0,0,0,11.660543424397899,0,0,0,1,0
CETPROJH23003,Announced (early stage),2025.0,2025,Green,0,Latin America,0,Unknown,0,0,0,0,0.0,0,0,0,0,0
CETPROJH23002,Announced (early stage),2023.0,2023,Green,0,Asia-Pacific,0,Unknown,0,0,0,0,9.087607606593886,0,0,0,0,0
CETPROJH23001,Announced (early stage),2024.0,2024,Green,0,Asia-Pacific,0,Unknown,0,0,0,0,10.41184012081972,0,0,0,0,0
CETPROJH23000,Permitted,2024.0,2024,Green,0,Asia-Pacific,0,Unknown,0,0,0,0,9.901034546375062,0,0,0,0,0
CETPROJH2300,Fully commissioned,2022.0,2022,Blue_CCS,1,North America,0,Unknown,0,0,0,0,0.0,0,0,0,0,1
CETPROJH230,On-hold (assumed),2022.0,2022,Green,0,Middle East,0,Industry (chemical feedstock),1,1,0,0,12.199541363063988,0,0,0,1,0
CETPROJH22999,Permitted,2024.0,2024,Green,0,Asia-Pacific,0,Unknown,0,0,0,0,11.287291314687705,0,0,0,0,0
CETPROJH22998,On-hold (assumed),2022.0,2022,Green,0,Middle East,0,Power & heat,0,0,0,0,0.0,0,0,0,1,0
CETPROJH22997,Announced (early stage),2025.0,2025,Green,0,Europe (non EU-27),0,Unknown,0,0,0,0,0.0,0,0,0,0,0
CETPROJH22996,Feasibility,2023.0,2023,Green,0,Middle East,0,Unknown,0,0,0,0,9.298717482593595,0,0,0,0,0
CETPROJH22995,Fully commissioned,2023.0,2023,Green,0,Latin America,0,Industry (chemical feedstock),1,1,0,0,6.981934677156389,0,0,0,0,1
CETPROJH22994,Announced (early stage),2025.0,2025,Green,0,Middle East,0,Unknown,0,0,0,0,11.021902468500418,0,0,0,0,0
CETPROJH22993,On-hold (assumed),2023.0,2023,Green,0,Asia-Pacific,0,Power & heat,0,0,0,0,0.0,0,0,0,1,0
CETPROJH22992,Design,2025.0,2025,Green,0,Latin America,0,Industry (other),0,0,0,0,5.545177444479562,0,0,0,0,0
CETPROJH22991,On-hold (assumed),2022.0,2022,Green,0,Latin America,0,Unknown,0,0,0,0,0.0,0,0,0,1,0
CETPROJH22990,Permitted,2020.0,2020,Green,0,Europe (non EU-27),0,Power & heat,0,0,0,0,5.723585101952381,0,0,0,0,0
CETPROJH2299,Design,2021.0,2021,Blue_CCS,1,North America,0,Transport (aviation),0,0,0,0,8.056743774975313,0,0,0,0,0
CETPROJH22989,Under construction,2023.0,2023,Green,0,Europe (non EU-27),0,Other,0,0,0,0,0.0,0,0,0,0,0
CETPROJH22988,Financed,2023.0,2023,Green,0,Europe (non EU-27),0,Transport (shipping),0,0,0,0,9.546884034617925,0,0,0,0,0
CETPROJH22987,Announced (early stage),2024.0,2024,Green,0,Europe (non EU-27),0,Unknown,0,0,0,0,0.0,0,0,0,0,0
CETPROJH22986,Under construction,2022.0,2022,Blue_CCS,1,Europe (EU-27),1,Industry (chemical feedstock),1,1,1,0,11.577467111102917,0,0,0,0,0
CETPROJH22985,Announced (early stage),2025.0,2025,Green,0,Europe (EU-27),1,Unknown,0,1,0,0,0.0,0,0,0,0,0
CETPROJH22984,Announced (early stage),2025.0,2025,Green,0,Europe (EU-27),1,Unknown,0,1,0,0,9.377802065863113,0,0,0,0,0
CETPROJH22983,Fully commissioned,2021.0,2021,Green,0,Asia-Pacific,0,Power & heat,0,0,0,0,4.543294782270004,0,0,0,0,1
CETPROJH22982,Fully commissioned,2025.0,2025,Green,0,Asia-Pacific,0,Other,0,0,0,0,0.6931471805599453,0,0,0,0,1
CETPROJH22981,Announced (early stage),2023.0,2023,Green,0,Africa,0,Unknown,0,0,0,0,0.0,0,0,0,0,0
CETPROJH22980,Feasibility,2023.0,2023,Green,0,Africa,0,Transport (shipping),0,1,0,1,10.839600519357369,0,0,0,0,0
CETPROJH2298,On-hold (assumed),2021.0,2021,Green,0,North America,0,Transport (other),0,0,0,0,8.93075873555827,0,0,0,1,0
CETPROJH22979,Feasibility,2025.0,2025,Green,0,Africa,0,Unknown,0,0,0,0,11.643962499267984,0,0,0,0,0
CETPROJH22978,On-hold (assumed),2022.0,2022,Green,0,Africa,0,Unknown,0,0,0,0,9.635346635291183,0,0,0,1,0
CETPROJH22977,Feasibility,2023.0,2023,Green,0,Asia-Pacific,0,Industry (chemical feedstock),1,1,0,0,0.0,0,0,0,0,0
CETPROJH22976,Feasibility,2023.0,2023,Green,0,Middle East,0,Unknown,0,0,0,0,9.39024233725137,0,0,0,0,0
CETPROJH22975,Announced (advanced),2025.0,2025,Green,0,Latin America,0,Unknown,0,1,0,1,10.120130017507979,0,0,0,0,0
CETPROJH22974,Announced (early stage),2023.0,2023,Green,0,Latin America,0,Industry (chemical feedstock),1,1,0,0,8.802522498284421,0,0,0,0,0
CETPROJH22973,On-hold (assumed),2021.0,2021,Green,0,Latin America,0,Unknown,0,0,0,0,9.917636975640548,0,0,0,1,0
CETPROJH22972,On-hold (assumed),2023.0,2023,Green,0,Europe (EU-27),1,Unknown,0,1,0,0,11.181932191381275,0,0,0,1,0
CETPROJH22971,Announced (early stage),2024.0,2024,Green,0,Europe (EU-27),1,Transport (shipping),0,1,0,0,9.34145634983372,0,0,0,0,0
CETPROJH22970,Feasibility,2024.0,2024,Green,0,Europe (EU-27),1,Transport (shipping),0,1,0,0,7.784473235736469,0,0,0,0,0
CETPROJH22969,On-hold (assumed),2022.0,2022,Green,0,Africa,0,Industry (chemical feedstock),1,1,0,0,7.262628600974241,0,0,0,1,0
CETPROJH22968,Announced (early stage),2023.0,2023,Green,0,Africa,0,Transport (shipping),0,0,0,0,10.967404871407352,0,0,0,0,0
CETPROJH22967,Feasibility,2024.0,2024,Green,0,Africa,0,Unknown,0,0,0,0,10.950824090522445,0,0,0,0,0
CETPROJH22966,Permitted,2025.0,2025,Green,0,Asia-Pacific,0,Unknown,0,0,0,0,9.527484154577582,0,0,0,0,0
CETPROJH22965,Plans cancelled,2022.0,2022,Green,0,Asia-Pacific,0,Unknown,0,0,0,0,9.276221741089696,1,1,1,1,0
CETPROJH22964,Permitted,2023.0,2023,Green,0,Asia-Pacific,0,Industry (other),0,0,0,0,9.643485495857657,0,0,0,0,0
CETPROJH22963,On-hold (assumed),2021.0,2021,Green,0,Africa,0,Industry (chemical feedstock),1,1,0,0,8.109525659752872,0,0,0,1,0
CETPROJH22962,On-hold (assumed),2023.0,2023,Green,0,Africa,0,Unknown,0,0,0,0,11.506394182504042,0,0,0,1,0
CETPROJH22961,On-hold (assumed),2022.0,2022,Green,0,Africa,0,Transport (shipping),0,0,0,0,12.948012371209098,0,0,0,1,0
CETPROJH22960,Feasibility,2024.0,2024,Green,0,Africa,0,Industry (chemical feedstock),1,1,0,0,10.930030814628536,0,0,0,0,0
CETPROJH2296,On-hold (assumed),2021.0,2021,Green,0,North America,0,Transport (road),0,0,0,0,0.0,0,0,0,1,0
CETPROJH22959,Design,2023.0,2023,Green,0,Asia-Pacific,0,Industry (chemical feedstock),1,1,0,0,9.320180837655714,0,0,0,0,0
CETPROJH22958,On-hold (assumed),2022.0,2022,Green,0,Asia-Pacific,0,Unknown,0,0,0,0,10.55388379602844,0,0,0,1,0
CETPROJH22957,Permitted,2023.0,2023,Green,0,Asia-Pacific,0,Unknown,0,0,0,0,10.868587496017359,0,0,0,0,0
CETPROJH22956,On-hold (assumed),2022.0,2022,Green,0,Asia-Pacific,0,Unknown,0,0,0,0,9.883335864325275,0,0,0,1,0
CETPROJH22955,Announced (early stage),2023.0,2023,Green,0,Asia-Pacific,0,Unknown,0,0,0,0,9.623839785112668,0,0,0,0,0
CETPROJH22954,On-hold (assumed),2022.0,2022,Green,0,Africa,0,Industry (chemical feedstock),1,1,0,0,9.608915129379593,0,0,0,1,0
CETPROJH22953,Design,2025.0,2025,Green,0,Europe (EU-27),1,Gas grid,0,1,0,0,6.2166061010848646,0,0,0,0,0
CETPROJH22952,Announced (early stage),2025.0,2025,Green,0,Asia-Pacific,0,Unknown,0,0,0,0,10.274292200380668,0,0,0,0,0
CETPROJH22951,Permitted,2025.0,2025,Green,0,Asia-Pacific,0,Unknown,0,0,0,0,10.645448706505872,0,0,0,0,0
CETPROJH22950,Announced (early stage),2025.0,2025,Green,0,Middle East,0,Unknown,0,0,0,0,9.495594499353297,0,0,0,0,0
CETPROJH2295,On-hold (assumed),2013.0,2013,Green,0,North America,0,Transport (road),0,0,0,0,2.1972245773362196,0,0,0,1,0
CETPROJH22949,Under construction,2025.0,2025,Green,0,Europe (EU-27),1,Transport (road),0,1,0,0,4.634728988229636,0,0,0,0,0
CETPROJH22948,Announced (early stage),2025.0,2025,Green,0,Latin America,0,Transport (shipping),0,0,0,0,8.656955133791396,0,0,0,0,0
CETPROJH22947,Feasibility,2025.0,2025,Green,0,Europe (EU-27),1,Transport (shipping),0,1,0,1,9.521568058002977,0,0,0,0,0
CETPROJH22946,Announced (advanced),2025.0,2025,Green,0,Europe (EU-27),1,Industry (other),0,1,0,1,8.772765209949785,0,0,0,0,0
CETPROJH22945,Announced (advanced),2025.0,2025,Green,0,Europe (EU-27),1,Industry (other),0,1,0,1,8.927314111060596,0,0,0,0,0
CETPROJH22944,Design,2025.0,2025,Green,0,Europe (EU-27),1,Industry (other),1,1,1,1,8.160803920954665,0,0,0,0,0
CETPROJH22943,Announced (advanced),2025.0,2025,Green,0,Africa,0,Industry (other),0,1,0,1,9.751966744894887,0,0,0,0,0
CETPROJH22942,Permitted,2024.0,2024,Green,0,Latin America,0,Industry (other),0,0,0,0,8.839131752546109,0,0,0,0,0
CETPROJH22941,Permitted,2024.0,2024,Green,0,Latin America,0,Industry (other),0,0,0,0,8.616133139271142,0,0,0,0,0
CETPROJH22940,Announced (early stage),2025.0,2025,Green,0,Asia-Pacific,0,Unknown,0,0,0,0,8.802522498284421,0,0,0,0,0
CETPROJH2294,Fully commissioned,2019.0,2019,Green,0,North America,0,Transport (road),0,0,0,0,4.430816798843313,0,0,0,0,1
CETPROJH22939,Permitted,2024.0,2024,Green,0,Europe (EU-27),1,Industry (other),0,1,0,0,9.021598247379305,0,0,0,0,0
CETPROJH22938,Under construction,2024.0,2024,Green,0,Asia-Pacific,0,Industry (chemical feedstock),1,1,0,0,6.852242569051878,0,0,0,0,0
CETPROJH22937,Fully commissioned,2022.0,2022,Green,0,Asia-Pacific,0,Transport (road),0,0,0,0,4.1588830833596715,0,0,0,0,1
CETPROJH22936,Fully commissioned,2025.0,2025,Green,0,Asia-Pacific,0,Industry (other),0,0,0,0,3.044522437723423,0,0,0,0,1
CETPROJH22935,Fully commissioned,2025.0,2025,Green,0,Asia-Pacific,0,Industry (other),0,0,0,0,5.978885764901122,0,0,0,0,1
CETPROJH22934,Design,2025.0,2025,Green,0,Asia-Pacific,0,Other,0,0,0,0,0.0,0,0,0,0,0
CETPROJH22933,Feasibility,2025.0,2025,Green,0,Asia-Pacific,0,Unknown,0,0,0,0,0.0,0,0,0,0,0
CETPROJH22932,Design,2025.0,2025,Green,0,Asia-Pacific,0,Industry (other),1,1,0,0,5.111987788356544,0,0,0,0,0
CETPROJH22931,Fully commissioned,2025.0,2025,Green,0,Asia-Pacific,0,Transport (road),0,0,0,0,2.995732273553991,0,0,0,0,1
CETPROJH22930,Under construction,2025.0,2025,Green,0,Asia-Pacific,0,Unknown,0,0,0,0,11.760792847899687,0,0,0,0,0
CETPROJH2293,On-hold (assumed),2019.0,2019,Green,0,North America,0,Industry (other),0,0,0,0,0.0,0,0,0,1,0
CETPROJH22929,Announced (advanced),2025.0,2025,Green,0,Latin America,0,Unknown,0,1,0,1,10.085850775128717,0,0,0,0,0
CETPROJH22928,Design,2025.0,2025,Green,0,Asia-Pacific,0,Industry (chemical feedstock),1,1,0,0,5.58724865840025,0,0,0,0,0
CETPROJH22927,Announced (early stage),2025.0,2025,Green,0,Asia-Pacific,0,Industry (chemical feedstock),1,1,0,0,0.0,0,0,0,0,0
CETPROJH22926,Permitted,2025.0,2025,Green,0,Europe (EU-27),1,Industry (other),0,1,0,0,5.0689042022202315,0,0,0,0,0
CETPROJH22925,Announced (early stage),2025.0,2025,Green,0,Asia-Pacific,0,Power & heat,0,0,0,0,0.0,0,0,0,0,0
CETPROJH22924,Feasibility,2025.0,2025,Blue_CCS,1,North America,0,Industry (chemical feedstock),1,1,0,0,11.88034943062464,0,0,0,0,0
CETPROJH22923,Design,2025.0,2025,Green,0,Asia-Pacific,0,Industry (other),0,0,0,0,11.33512566958681,0,0,0,0,0
CETPROJH22922,Design,2025.0,2025,Green,0,Asia-Pacific,0,Industry (chemical feedstock),1,1,0,0,6.905753276311464,0,0,0,0,0
CETPROJH22921,Fully commissioned,2018.0,2018,Blue_CCS,1,Asia-Pacific,0,Unknown,0,0,0,0,6.68586094706836,0,0,0,0,1
CETPROJH22920,Fully commissioned,2020.0,2020,Blue_CCS,1,Asia-Pacific,0,Unknown,0,0,0,0,8.399760094524142,0,0,0,0,1
CETPROJH2292,On-hold (assumed),2021.0,2021,Blue_CCS,1,North America,0,Industry (refinery feedstock),1,1,0,0,11.918397239722838,0,0,0,1,0
CETPROJH22919,Fully commissioned,2015.0,2015,Blue_CCS,1,Asia-Pacific,0,Unknown,0,0,0,0,8.086717920303906,0,0,0,0,1
CETPROJH22918,Fully commissioned,2019.0,2019,Blue_CCS,1,Asia-Pacific,0,Unknown,0,0,0,0,8.086717920303906,0,0,0,0,1
CETPROJH22917,Fully commissioned,2015.0,2015,Blue_CCS,1,Asia-Pacific,0,Unknown,0,0,0,0,9.498147436616115,0,0,0,0,1
CETPROJH22916,Fully commissioned,2020.0,2020,Blue_CCS,1,Asia-Pacific,0,Unknown,0,0,0,0,10.096872681686062,0,0,0,0,1
CETPROJH22915,Fully commissioned,2021.0,2021,Blue_CCS,1,Asia-Pacific,0,Unknown,0,0,0,0,10.388841510328449,0,0,0,0,1
CETPROJH22914,Announced (early stage),2025.0,2025,Blue_CCS,1,Europe (EU-27),1,Unknown,0,1,0,0,0.0,0,0,0,0,0
CETPROJH22913,Plans cancelled,2023.0,2023,Blue_CCS,1,Middle East,0,Unknown,0,0,0,0,12.589159211520418,1,1,1,1,0
CETPROJH22912,Plans cancelled,2010.0,2010,Blue_CCS,1,North America,0,Unknown,0,0,0,0,11.458120749595794,1,1,1,1,0
CETPROJH22911,Plans cancelled,2010.0,2010,Blue_CCS,1,North America,0,Unknown,0,0,0,0,11.800620037343885,1,1,1,1,0
CETPROJH22910,On-hold (assumed),2023.0,2023,Blue_CCS,1,North America,0,Unknown,0,0,0,0,8.385032287813898,0,0,0,1,0
CETPROJH2291,Fully commissioned,2021.0,2021,Green,0,North America,0,Transport (road),0,0,0,0,2.302585092994046,0,0,0,0,1
CETPROJH22909,On-hold (assumed),2021.0,2021,Blue_CCS,1,North America,0,Industry (refinery feedstock),1,1,0,0,10.630625447463311,0,0,0,1,0
CETPROJH22908,On-hold (assumed),2023.0,2023,Blue_CCS,1,North America,0,Industry (chemical feedstock),1,1,0,0,8.987321812850125,0,0,0,1,0
CETPROJH22907,Permitted,2024.0,2024,Blue_CCS,1,North America,0,Unknown,0,0,0,0,11.390090942008317,0,0,0,0,0
CETPROJH22906,Announced (early stage),2024.0,2024,Blue_CCS,1,Europe (non EU-27),0,Industry (refinery feedstock),1,1,0,0,0.0,0,0,0,0,0
CETPROJH22905,Plans cancelled,2024.0,2024,Blue_CCS,1,North America,0,Unknown,0,0,0,0,0.0,1,1,1,1,0
CETPROJH22904,Announced (early stage),2023.0,2023,Blue_CCS,1,Asia-Pacific,0,Unknown,0,0,0,0,0.0,0,0,0,0,0
CETPROJH22903,Decommissioned,2019.0,2019,Blue_CCS,1,North America,0,Unknown,0,0,0,0,0.0,0,1,1,0,0
CETPROJH22902,On-hold (assumed),2022.0,2022,Blue_CCS,1,North America,0,Industry (chemical feedstock),1,1,0,0,11.799254121968357,0,0,0,1,0
CETPROJH22901,On-hold (assumed),2021.0,2021,Blue_CCS,1,North America,0,Industry (refinery feedstock),1,1,0,0,10.13994211791001,0,0,0,1,0
CETPROJH22900,On-hold (assumed),2022.0,2022,Blue_CCS,1,North America,0,Unknown,0,0,0,0,0.0,0,0,0,1,0
CETPROJH2290,Fully commissioned,2021.0,2021,Green,0,North America,0,Gas grid,0,0,0,0,6.238324625039508,0,0,0,0,1
CETPROJH229,On-hold (assumed),2021.0,2021,Green,0,Middle East,0,Unknown,0,0,0,0,10.590113516105808,0,0,0,1,0
CETPROJH22899,On-hold (assumed),2021.0,2021,Blue_CCS,1,Europe (non EU-27),0,Unknown,0,0,0,0,11.7085004721646,0,0,0,1,0
CETPROJH22898,On-hold (assumed),2018.0,2018,Blue_CCS,1,Europe (non EU-27),0,Power & heat,0,0,0,0,0.0,0,0,0,1,0
CETPROJH22897,Fully commissioned,2022.0,2022,Blue_CCS,1,Middle East,0,Other,0,0,0,0,0.6931471805599453,0,0,0,0,1
CETPROJH22896,Feasibility,2023.0,2023,Waste,0,Europe (non EU-27),0,Transport (road),0,0,0,0,6.68586094706836,0,0,0,0,0
CETPROJH22895,On-hold (assumed),2022.0,2022,Blue_CCS,1,Asia-Pacific,0,Industry (refinery feedstock),1,1,0,0,11.661354090741,0,0,0,1,0
CETPROJH22894,On-hold (assumed),2020.0,2020,Blue_CCS,1,Asia-Pacific,0,Industry (refinery feedstock),1,1,0,0,0.0,0,0,0,1,0
CETPROJH22893,On-hold (assumed),2021.0,2021,Blue_CCS,1,Asia-Pacific,0,Unknown,0,0,0,0,12.206077645517674,0,0,0,1,0
CETPROJH22892,On-hold (assumed),2020.0,2020,Blue_CCS,1,Europe (EU-27),1,Industry (refinery feedstock),1,1,1,0,11.107465356849564,0,0,0,1,0
CETPROJH22891,On-hold (assumed),2021.0,2021,Blue_CCS,1,Asia-Pacific,0,Power & heat,0,0,0,0,11.574970254341755,0,0,0,1,0
CETPROJH22890,On-hold (assumed),2020.0,2020,Blue_CCS,1,Europe (non EU-27),0,Power & heat,0,0,0,0,0.0,0,0,0,1,0
CETPROJH2289,Financed,2021.0,2021,Blue_CCS,1,North America,0,Industry (refinery feedstock),1,1,0,0,11.790564777297387,0,0,0,0,0
CETPROJH22889,On-hold (assumed),2021.0,2021,Blue_CCS,1,North America,0,Unknown,0,0,0,0,11.931642378754141,0,0,0,1,0
CETPROJH22888,Plans cancelled,2022.0,2022,Blue_CCS,1,Europe (non EU-27),0,Unknown,0,0,0,0,12.781438040432954,1,1,1,1,0
CETPROJH22887,On-hold (assumed),2018.0,2018,Blue_CCS,1,Asia-Pacific,0,Industry (chemical feedstock),1,1,0,0,12.147558607364283,0,0,0,1,0
CETPROJH22886,Plans cancelled,2011.0,2011,Blue_CCS,1,North America,0,Unknown,0,0,0,0,11.34432928279475,1,1,1,1,0
CETPROJH22885,On-hold (assumed),2022.0,2022,Blue_CCS,1,North America,0,Industry (other),0,0,0,0,12.536817799389974,0,0,0,1,0
CETPROJH22884,Fully commissioned,2022.0,2022,Blue_CCS,1,North America,0,Industry (other),0,0,0,0,11.015361515187424,0,0,0,0,1
CETPROJH22883,Design,2025.0,2025,Green,0,Europe (non EU-27),0,Industry (chemical feedstock),1,1,0,0,0.0,0,0,0,0,0
CETPROJH22882,Announced (advanced),2025.0,2025,Green,0,Asia-Pacific,0,Unknown,0,0,0,0,11.100934107146502,0,0,0,0,0
CETPROJH22881,Announced (advanced),2025.0,2025,Green,0,Asia-Pacific,0,Unknown,0,0,0,0,11.100934107146502,0,0,0,0,0
CETPROJH22880,Feasibility,2025.0,2025,Green,0,Middle East,0,Unknown,0,0,0,0,0.0,0,0,0,0,0
CETPROJH2288,On-hold (assumed),2021.0,2021,Green,0,North America,0,Gas grid,0,0,0,0,7.8160138391590275,0,0,0,1,0
CETPROJH22879,Announced (early stage),2025.0,2025,Green,0,Middle East,0,Unknown,0,0,0,0,12.765691290604371,0,0,0,0,0
CETPROJH22878,Fully commissioned,2025.0,2025,Green,0,Europe (EU-27),1,Power & heat,0,1,0,0,0.0,0,0,0,0,1
CETPROJH22877,Fully commissioned,2025.0,2025,Green,0,Europe (EU-27),1,Power & heat,0,1,0,0,0.0,0,0,0,0,1
CETPROJH22876,Feasibility,2025.0,2025,Waste,0,Europe (EU-27),1,Other,0,1,0,0,0.0,0,0,0,0,0
CETPROJH22875,Fully commissioned,2025.0,2025,Green,0,Asia-Pacific,0,Transport (road),0,0,0,0,3.1354942159291497,0,0,0,0,1
CETPROJH22874,Design,2025.0,2025,Green,0,Asia-Pacific,0,Industry (chemical feedstock),1,1,0,0,10.06266841688844,0,0,0,0,0
CETPROJH22873,Permitted,2025.0,2025,Green,0,Asia-Pacific,0,Industry (chemical feedstock),1,1,0,0,10.406593455786899,0,0,0,0,0
CETPROJH22872,Permitted,2025.0,2025,Green,0,Asia-Pacific,0,Industry (chemical feedstock),1,1,0,0,0.0,0,0,0,0,0
CETPROJH22871,Design,2025.0,2025,Green,0,Asia-Pacific,0,Unknown,0,0,0,0,9.259225769705994,0,0,0,0,0
CETPROJH22870,Design,2025.0,2025,Green,0,Asia-Pacific,0,Unknown,0,0,0,0,6.313548046277095,0,0,0,0,0
CETPROJH22869,Permitted,2025.0,2025,Green,0,Asia-Pacific,0,Unknown,0,0,0,0,7.950149887652018,0,0,0,0,0
CETPROJH22868,Feasibility,2025.0,2025,Green,0,Asia-Pacific,0,Industry (other),0,0,0,0,0.0,0,0,0,0,0
CETPROJH22867,Design,2024.0,2024,Green,0,Asia-Pacific,0,Transport (shipping),0,0,0,0,0.0,0,0,0,0,0
CETPROJH22866,Design,2024.0,2024,Green,0,Asia-Pacific,0,Industry (other),0,0,0,0,5.4680601411351315,0,0,0,0,0
CETPROJH22865,Announced (early stage),2025.0,2025,Green,0,Asia-Pacific,0,Unknown,0,0,0,0,11.692752245730048,0,0,0,0,0
CETPROJH22864,Design,2025.0,2025,Green,0,Asia-Pacific,0,Industry (chemical feedstock),1,1,0,0,8.109525659752872,0,0,0,0,0
CETPROJH22863,Announced (early stage),2025.0,2025,Green,0,Middle East,0,Unknown,0,0,0,0,5.673323267171493,0,0,0,0,0
CETPROJH22862,Design,2025.0,2025,Green,0,Middle East,0,Transport (road),0,0,0,0,4.477336814478207,0,0,0,0,0
CETPROJH22861,Design,2025.0,2025,Green,0,Middle East,0,Transport (road),0,0,0,0,4.477336814478207,0,0,0,0,0
CETPROJH22860,Design,2025.0,2025,Green,0,Middle East,0,Transport (road),0,0,0,0,4.477336814478207,0,0,0,0,0
CETPROJH2286,On-hold (assumed),2020.0,2020,Green,0,North America,0,Gas grid,0,0,0,0,9.483492392643639,0,0,0,1,0
CETPROJH22859,Permitted,2025.0,2025,Green,0,Latin America,0,Industry (chemical feedstock),1,1,0,0,0.0,0,0,0,0,0
CETPROJH22858,Design,2025.0,2025,Green,0,Europe (EU-27),1,Transport (road),0,1,0,0,4.6913478822291435,0,0,0,0,0
CETPROJH22857,Design,2025.0,2025,Green,0,Asia-Pacific,0,Industry (chemical feedstock),1,1,0,0,8.445911989411274,0,0,0,0,0
CETPROJH22856,Announced (early stage),2025.0,2025,Green,0,Middle East,0,Industry (other),0,0,0,0,0.0,0,0,0,0,0
CETPROJH22855,Feasibility,2023.0,2023,Blue_CCS,1,North America,0,Industry (chemical feedstock),1,1,0,0,14.320399192636483,0,0,0,0,0
CETPROJH22854,Permitted,2023.0,2023,Blue_CCS,1,North America,0,Industry (chemical feedstock),1,1,0,0,12.673576277384964,0,0,0,0,0
CETPROJH22853,Design,2025.0,2025,Green,0,Asia-Pacific,0,Industry (chemical feedstock),1,1,0,0,8.291797105048733,0,0,0,0,0
CETPROJH22852,Design,2025.0,2025,Blue_CCS,1,Middle East,0,Industry (chemical feedstock),1,1,0,0,11.931642378754141,0,0,0,0,0
CETPROJH22851,Design,2025.0,2025,Blue_CCS,1,Latin America,0,Industry (other),1,1,0,0,6.776506992372183,0,0,0,0,0
CETPROJH22850,Under construction,2025.0,2025,Green,0,Europe (EU-27),1,Transport (road),0,1,0,0,3.9512437185814275,0,0,0,0,0
CETPROJH2285,Under construction,2020.0,2020,Green,0,North America,0,Transport (other),0,0,0,0,9.232199706329077,0,0,0,0,0
CETPROJH22849,Permitted,2025.0,2025,Green,0,Asia-Pacific,0,Industry (refinery feedstock),1,1,0,0,7.467942332285852,0,0,0,0,0
CETPROJH22848,Announced (early stage),2025.0,2025,Green,0,Asia-Pacific,0,Transport (aviation),0,0,0,0,0.0,0,0,0,0,0
CETPROJH22847,Design,2025.0,2025,Waste,0,Europe (non EU-27),0,Power & heat,0,0,0,0,6.776506992372183,0,0,0,0,0
CETPROJH22846,Announced (early stage),2025.0,2025,Waste,0,Europe (non EU-27),0,Unknown,0,0,0,0,0.0,0,0,0,0,0
CETPROJH22845,Feasibility,2024.0,2024,Green,0,Europe (EU-27),1,Transport (shipping),0,1,0,0,0.0,0,0,0,0,0
CETPROJH22844,Design,2024.0,2024,Green,0,Europe (EU-27),1,Transport (shipping),0,1,0,0,0.0,0,0,0,0,0
CETPROJH22843,Feasibility,2025.0,2025,Green,0,North America,0,Transport (aviation),0,0,0,0,0.0,0,0,0,0,0
CETPROJH22842,Feasibility,2025.0,2025,Green,0,North America,0,Transport (aviation),0,0,0,0,0.0,0,0,0,0,0
CETPROJH22841,Feasibility,2025.0,2025,Green,0,North America,0,Transport (aviation),0,0,0,0,0.0,0,0,0,0,0
CETPROJH22840,Feasibility,2025.0,2025,Green,0,Europe (EU-27),1,Industry (other),0,1,0,0,7.462214939768189,0,0,0,0,0
CETPROJH2284,On-hold (assumed),2020.0,2020,Green,0,North America,0,Unknown,0,0,0,0,0.0,0,0,0,1,0
CETPROJH22839,Announced (early stage),2025.0,2025,Green,0,Africa,0,Transport (shipping),0,0,0,0,9.495594499353297,0,0,0,0,0
CETPROJH22838,Feasibility,2025.0,2025,Green,0,Latin America,0,Industry (other),0,0,0,0,7.05617528410041,0,0,0,0,0
CETPROJH22837,Feasibility,2025.0,2025,Green,0,Latin America,0,Industry (chemical feedstock),1,1,0,0,10.680860985223614,0,0,0,0,0
CETPROJH22836,Feasibility,2025.0,2025,Green,0,Latin America,0,Industry (other),1,1,0,0,9.389323027504624,0,0,0,0,0
CETPROJH22835,Feasibility,2025.0,2025,Green,0,Latin America,0,Unknown,0,0,0,0,7.087573705557973,0,0,0,0,0
CETPROJH22834,Permitted,2025.0,2025,Green,0,Asia-Pacific,0,Unknown,0,0,0,0,9.287394001418473,0,0,0,0,0
CETPROJH22833,Fully commissioned,2025.0,2025,Blue_CCS,1,Asia-Pacific,0,Transport (road),0,0,0,0,0.0,0,0,0,0,1
CETPROJH22832,Announced (early stage),2024.0,2024,Green,0,Asia-Pacific,0,Unknown,0,0,0,0,0.0,0,0,0,0,0
CETPROJH22831,Announced (advanced),2025.0,2025,Blue_CCS,1,Asia-Pacific,0,Power & heat,0,0,0,0,11.33381076072374,0,0,0,0,0
CETPROJH22830,Design,2025.0,2025,Blue_CCS,1,Asia-Pacific,0,Power & heat,0,0,0,0,11.500863005142227,0,0,0,0,0
CETPROJH2283,Fully commissioned,2012.0,2012,Green,0,North America,0,Power & heat,0,0,0,0,3.2188758248682006,0,0,0,0,1
CETPROJH22829,Feasibility,2025.0,2025,Other,0,North America,0,Transport (road),0,0,0,0,0.0,0,0,0,0,0
CETPROJH22828,Announced (early stage),2025.0,2025,Green,0,Asia-Pacific,0,Power & heat,0,0,0,0,11.407576060361786,0,0,0,0,0
CETPROJH22827,Fully commissioned,2025.0,2025,Other,0,North America,0,Transport (road),0,0,0,0,0.0,0,0,0,0,1
CETPROJH22826,Announced (early stage),2025.0,2025,Green,0,Asia-Pacific,0,Unknown,0,0,0,0,11.104972264124868,0,0,0,0,0
CETPROJH22825,Design,2025.0,2025,Green,0,Middle East,0,Unknown,0,1,0,1,11.849404844423074,0,0,0,0,0
CETPROJH22824,Under construction,2025.0,2025,Green,0,Europe (EU-27),1,Unknown,0,1,0,0,4.836281906951478,0,0,0,0,0
CETPROJH22823,Announced (early stage),2025.0,2025,Green,0,Asia-Pacific,0,Unknown,0,0,0,0,0.0,0,0,0,0,0
CETPROJH22822,Design,2025.0,2025,Green,0,Asia-Pacific,0,Power & heat,0,0,0,0,0.0,0,0,0,0,0
CETPROJH22821,Feasibility,2025.0,2025,Green,0,Europe (EU-27),1,Industry (other),0,1,0,0,6.461468176353717,0,0,0,0,0
CETPROJH22820,Announced (advanced),2025.0,2025,Green,0,North America,0,Unknown,0,0,0,0,9.62911649414402,0,0,0,0,0
CETPROJH22819,Design,2025.0,2025,Blue_CCS,1,Europe (non EU-27),0,Power & heat,0,0,0,0,8.853808274977197,0,0,0,0,0
CETPROJH22818,Under construction,2025.0,2025,Green,0,Asia-Pacific,0,Industry (other),1,1,0,0,6.028278520230698,0,0,0,0,0
CETPROJH22817,Design,2025.0,2025,Green,0,Latin America,0,Unknown,0,0,0,0,8.473032295630468,0,0,0,0,0
CETPROJH22816,Permitted,2025.0,2025,Green,0,Asia-Pacific,0,Industry (other),0,0,0,0,4.007333185232471,0,0,0,0,0
CETPROJH22815,Feasibility,2025.0,2025,Green,0,Asia-Pacific,0,Unknown,0,0,0,0,10.714439990727769,0,0,0,0,0
CETPROJH22814,Under construction,2025.0,2025,Green,0,Asia-Pacific,0,Unknown,0,0,0,0,8.566173813637858,0,0,0,0,0
CETPROJH22813,Design,2025.0,2025,Green,0,Latin America,0,Unknown,0,0,0,0,7.05617528410041,0,0,0,0,0
CETPROJH22812,Permitted,2024.0,2024,Green,0,Europe (EU-27),1,Transport (shipping),0,1,0,0,8.154212694914229,0,0,0,0,0
CETPROJH22811,Permitted,2025.0,2025,Green,0,Asia-Pacific,0,Industry (refinery feedstock),1,1,0,0,7.467942332285852,0,0,0,0,0
CETPROJH22810,Plans cancelled,2025.0,2025,Green,0,Europe (EU-27),1,Industry (refinery feedstock),1,1,1,0,9.466222131878165,1,1,1,1,0
CETPROJH2281,Fully commissioned,2019.0,2019,Green,0,North America,0,Industry (other),0,0,0,0,7.650168700845001,0,0,0,0,1
CETPROJH22809,Feasibility,2025.0,2025,Blue_CCS,1,North America,0,Unknown,0,0,0,0,12.308633746480464,0,0,0,0,0
CETPROJH22808,Under construction,2025.0,2025,Green,0,Asia-Pacific,0,Transport (aviation),0,0,0,0,11.294781892900653,0,0,0,0,0
CETPROJH22807,Fully commissioned,2025.0,2025,Green,0,Asia-Pacific,0,Transport (road),0,0,0,0,0.0,0,0,0,0,1
CETPROJH22806,Announced (advanced),2025.0,2025,Green,0,Asia-Pacific,0,Unknown,0,0,0,0,5.111987788356544,0,0,0,0,0
CETPROJH22805,Announced (early stage),2025.0,2025,Green,0,Asia-Pacific,0,Unknown,0,0,0,0,0.0,0,0,0,0,0
CETPROJH22804,Announced (advanced),2025.0,2025,Green,0,Asia-Pacific,0,Unknown,0,0,0,0,3.6888794541139363,0,0,0,0,0
CETPROJH22803,Announced (advanced),2025.0,2025,Green,0,Asia-Pacific,0,Unknown,0,0,0,0,5.6240175061873385,0,0,0,0,0
CETPROJH22802,Announced (advanced),2025.0,2025,Green,0,Asia-Pacific,0,Unknown,0,0,0,0,5.6240175061873385,0,0,0,0,0
CETPROJH22801,Announced (advanced),2025.0,2025,Green,0,Asia-Pacific,0,Unknown,0,0,0,0,4.890349128221754,0,0,0,0,0
CETPROJH22800,Announced (advanced),2025.0,2025,Green,0,Asia-Pacific,0,Transport (road),0,0,0,0,3.5553480614894135,0,0,0,0,0
CETPROJH2280,Fully commissioned,2017.0,2017,Other,0,North America,0,Industry (chemical feedstock),1,1,0,0,10.676023380765145,0,0,0,0,1
CETPROJH228,Fully commissioned,2022.0,2022,Green,0,Middle East,0,Transport (road),0,0,0,0,2.5649493574615367,0,0,0,0,1
CETPROJH22799,Fully commissioned,2023.0,2023,Green,0,Africa,0,Industry (chemical feedstock),1,1,0,0,2.9444389791664403,0,0,0,0,1
CETPROJH22798,Announced (advanced),2025.0,2025,Green,0,Europe (EU-27),1,Industry (other),0,1,0,0,10.300618023854234,0,0,0,0,0
CETPROJH22797,Fully commissioned,2024.0,2024,Green,0,North America,0,Transport (road),0,0,0,0,0.0,0,0,0,0,1
CETPROJH22796,Feasibility,2025.0,2025,Green,0,Europe (non EU-27),0,Industry (other),0,0,0,0,6.957497370876951,0,0,0,0,0
CETPROJH22795,Fully commissioned,2025.0,2025,Green,0,Asia-Pacific,0,Unknown,0,0,0,0,5.337538079701318,0,0,0,0,1
CETPROJH22794,Under construction,2025.0,2025,Green,0,Asia-Pacific,0,Industry (chemical feedstock),1,1,0,0,6.26530121273771,0,0,0,0,0
CETPROJH22793,Fully commissioned,2024.0,2024,Green,0,Asia-Pacific,0,Unknown,0,0,0,0,8.30671904320269,0,0,0,0,1
CETPROJH22792,Under construction,2025.0,2025,Green,0,Asia-Pacific,0,Transport (road),0,0,0,0,4.859812404361672,0,0,0,0,0
CETPROJH22791,Announced (advanced),2025.0,2025,Green,0,Asia-Pacific,0,Transport (aviation),0,0,0,0,9.661033752687418,0,0,0,0,0
CETPROJH22790,Permitted,2025.0,2025,Green,0,Europe (EU-27),1,Gas grid,0,1,0,0,6.210600077024653,0,0,0,0,0
CETPROJH2279,Fully commissioned,2018.0,2018,Blue_CCS,1,North America,0,Industry (refinery feedstock),1,1,0,0,11.577476486029676,0,0,0,0,1
CETPROJH22789,Design,2025.0,2025,Green,0,Europe (EU-27),1,Unknown,0,1,0,0,5.855071922202427,0,0,0,0,0
CETPROJH22788,Feasibility,2025.0,2025,Green,0,Europe (EU-27),1,Transport (road),0,1,0,0,7.427144133408616,0,0,0,0,0
CETPROJH22787,On-hold (confirmed),2025.0,2025,Green,0,Europe (EU-27),1,Transport (road),0,1,0,0,8.423102268016642,0,0,1,1,0
CETPROJH22786,Under construction,2025.0,2025,Green,0,Latin America,0,Transport (road),0,0,0,0,0.0,0,0,0,0,0
CETPROJH22785,Feasibility,2025.0,2025,Green,0,Europe (EU-27),1,Unknown,0,1,0,0,5.673323267171493,0,0,0,0,0
CETPROJH22784,Feasibility,2025.0,2025,Green,0,Europe (EU-27),1,Unknown,0,1,0,0,5.673323267171493,0,0,0,0,0
CETPROJH22783,Feasibility,2025.0,2025,Green,0,Europe (EU-27),1,Unknown,0,1,0,0,5.673323267171493,0,0,0,0,0
CETPROJH22782,On-hold (assumed),2025.0,2025,Green,0,Africa,0,Unknown,0,0,0,0,10.41184012081972,0,0,0,1,0
CETPROJH22781,On-hold (confirmed),2025.0,2025,Green,0,Latin America,0,Industry (chemical feedstock),1,1,0,0,10.630939536788064,0,0,1,1,0
CETPROJH22780,On-hold (confirmed),2025.0,2025,Green,0,Latin America,0,Industry (chemical feedstock),1,1,0,0,10.630939536788064,0,0,1,1,0
CETPROJH2278,Fully commissioned,2016.0,2016,Green,0,North America,0,Transport (rail),0,0,0,0,4.9344739331306915,0,0,0,0,1
CETPROJH22779,Design,2025.0,2025,Green,0,Asia-Pacific,0,Transport (aviation),0,0,0,0,11.628287795304423,0,0,0,0,0
CETPROJH22778,Fully commissioned,2025.0,2025,Green,0,North America,0,Power & heat,0,0,0,0,2.9444389791664403,0,0,0,0,1
CETPROJH22777,Fully commissioned,2025.0,2025,Green,0,Asia-Pacific,0,Transport (road),0,0,0,0,3.7376696182833684,0,0,0,0,1
CETPROJH22776,Announced (advanced),2025.0,2025,Green,0,Europe (EU-27),1,Transport (other),0,1,0,0,5.159055299214529,0,0,0,0,0
CETPROJH22775,Announced (early stage),2025.0,2025,Green,0,Latin America,0,Unknown,0,0,0,0,0.0,0,0,0,0,0
CETPROJH22774,Announced (early stage),2025.0,2025,Green,0,Latin America,0,Unknown,0,0,0,0,0.0,0,0,0,0,0
CETPROJH22773,Announced (early stage),2025.0,2025,Green,0,Latin America,0,Unknown,0,0,0,0,0.0,0,0,0,0,0
CETPROJH22772,Feasibility,2025.0,2025,Blue_CCS,1,Asia-Pacific,0,Power & heat,0,0,0,0,7.601402334583733,0,0,0,0,0
CETPROJH22771,Announced (early stage),2025.0,2025,Green,0,Europe (non EU-27),0,Unknown,0,0,0,0,0.0,0,0,0,0,0
CETPROJH22770,Announced (early stage),2025.0,2025,Green,0,Latin America,0,Unknown,0,0,0,0,0.0,0,0,0,0,0
CETPROJH2277,Decommissioned,2015.0,2015,Green,0,North America,0,Unknown,0,0,0,0,4.727387818712341,0,1,1,0,0
CETPROJH22769,Announced (early stage),2025.0,2025,Green,0,Asia-Pacific,0,Power & heat,0,0,0,0,0.0,0,0,0,0,0
CETPROJH22768,Design,2025.0,2025,Green,0,Europe (EU-27),1,Transport (aviation),0,1,0,0,9.148145768383065,0,0,0,0,0
CETPROJH22767,Feasibility,2025.0,2025,Green,0,Asia-Pacific,0,Unknown,0,0,0,0,10.15140176217555,0,0,0,0,0
CETPROJH22766,Permitted,2025.0,2025,Green,0,Europe (EU-27),1,Industry (other),0,1,0,0,4.709530201312334,0,0,0,0,0
CETPROJH22765,Announced (advanced),2025.0,2025,Green,0,Europe (EU-27),1,Industry (chemical feedstock),1,1,1,0,7.4127640174265625,0,0,0,0,0
CETPROJH22764,Feasibility,2025.0,2025,Green,0,Africa,0,Other,0,0,0,0,0.0,0,0,0,0,0
CETPROJH22763,Announced (advanced),2025.0,2025,Green,0,Asia-Pacific,0,Unknown,0,1,0,1,11.050905878263567,0,0,0,0,0
CETPROJH22762,Announced (early stage),2025.0,2025,Green,0,Asia-Pacific,0,Unknown,0,1,0,1,0.0,0,0,0,0,0
CETPROJH22761,Design,2025.0,2025,Green,0,Asia-Pacific,0,Unknown,0,1,0,1,9.65162297294974,0,0,0,0,0
CETPROJH22760,Announced (advanced),2025.0,2025,Green,0,Europe (non EU-27),0,Unknown,0,0,0,0,7.714677473800927,0,0,0,0,0
CETPROJH2276,Fully commissioned,2012.0,2012,Green,0,North America,0,Gas grid,0,0,0,0,3.912023005428146,0,0,0,0,1
CETPROJH22759,Feasibility,2025.0,2025,Green,0,Asia-Pacific,0,Industry (refinery feedstock),1,1,0,0,9.770013301136158,0,0,0,0,0
CETPROJH22758,Feasibility,2025.0,2025,Green,0,Europe (EU-27),1,Industry (refinery feedstock),1,1,1,0,9.076923258535832,0,0,0,0,0
CETPROJH22757,Design,2025.0,2025,Green,0,Europe (non EU-27),0,Transport (shipping),0,0,0,0,6.142037405587356,0,0,0,0,0
CETPROJH22756,On-hold (assumed),2021.0,2021,Green,0,Europe (non EU-27),0,Unknown,0,0,0,0,10.274292200380668,0,0,0,1,0
CETPROJH22755,Design,2025.0,2025,Green,0,Europe (non EU-27),0,Transport (shipping),0,0,0,0,9.42706335548747,0,0,0,0,0
CETPROJH22754,Design,2025.0,2025,Green,0,Europe (EU-27),1,Industry (other),0,1,0,0,8.30844552038576,0,0,0,0,0
CETPROJH22753,Permitted,2025.0,2025,Green,0,Europe (EU-27),1,Industry (other),0,1,0,0,9.037295651962438,0,0,0,0,0
CETPROJH22752,Design,2025.0,2025,Green,0,Europe (EU-27),1,Industry (other),0,1,0,0,7.461640392208575,0,0,0,0,0
CETPROJH22751,Announced (advanced),2023.0,2023,Green,0,Europe (EU-27),1,Industry (chemical feedstock),1,1,1,0,10.05113139444869,0,0,0,0,0
CETPROJH22750,Announced (advanced),2023.0,2023,Green,0,Europe (EU-27),1,Industry (chemical feedstock),1,1,1,0,10.05113139444869,0,0,0,0,0
CETPROJH2275,Fully commissioned,2012.0,2012,Blue_CCS,1,North America,0,Industry (refinery feedstock),1,1,0,0,11.695255355062795,0,0,0,0,1
CETPROJH22749,Design,2023.0,2023,Green,0,Europe (EU-27),1,Industry (chemical feedstock),1,1,1,0,9.116139576577355,0,0,0,0,0
CETPROJH22748,Announced (advanced),2023.0,2023,Green,0,Europe (EU-27),1,Industry (chemical feedstock),1,1,1,0,9.917636975640548,0,0,0,0,0
CETPROJH22747,Announced (advanced),2023.0,2023,Green,0,Europe (EU-27),1,Industry (chemical feedstock),1,1,1,0,9.917636975640548,0,0,0,0,0
CETPROJH22746,Design,2023.0,2023,Green,0,Europe (EU-27),1,Industry (chemical feedstock),1,1,1,0,9.917636975640548,0,0,0,0,0
CETPROJH22745,Design,2025.0,2025,Green,0,Europe (EU-27),1,Industry (chemical feedstock),1,1,1,0,7.05617528410041,0,0,0,0,0
CETPROJH22744,Design,2025.0,2025,Green,0,Europe (EU-27),1,Industry (other),0,1,0,0,9.96777604241849,0,0,0,0,0
CETPROJH22743,Permitted,2022.0,2022,Green,0,Europe (EU-27),1,Industry (other),0,1,0,0,6.329720905522696,0,0,0,0,0
CETPROJH22742,Permitted,2024.0,2024,Green,0,Europe (EU-27),1,Industry (chemical feedstock),1,1,1,1,8.188966863648876,0,0,0,0,0
CETPROJH22741,Fully commissioned,2025.0,2025,Green,0,Europe (EU-27),1,Transport (road),0,1,0,0,3.295836866004329,0,0,0,0,1
CETPROJH22740,Under construction,2025.0,2025,Green,0,North America,0,Transport (aviation),0,0,0,0,8.815073088844464,0,0,0,0,0
CETPROJH22739,Feasibility,2025.0,2025,Green,0,Africa,0,Industry (chemical feedstock),1,1,0,0,0.0,0,0,0,0,0
CETPROJH22738,Feasibility,2025.0,2025,Green,0,Middle East,0,Industry (chemical feedstock),1,1,0,0,9.784197131344804,0,0,0,0,0
CETPROJH22737,Permitted,2023.0,2023,Green,0,Europe (EU-27),1,Power & heat,0,1,0,0,8.296297112642508,0,0,0,0,0
CETPROJH22736,Feasibility,2025.0,2025,Green,0,Asia-Pacific,0,Unknown,0,0,0,0,7.544861068658458,0,0,0,0,0
CETPROJH22735,Feasibility,2025.0,2025,Green,0,Asia-Pacific,0,Transport (road),0,0,0,0,4.02535169073515,0,0,0,0,0
CETPROJH22734,Design,2025.0,2025,Green,0,Asia-Pacific,0,Unknown,0,0,0,0,4.564348191467836,0,0,0,0,0
CETPROJH22733,Permitted,2024.0,2024,Green,0,Asia-Pacific,0,Unknown,0,0,0,0,0.0,0,0,0,0,0
CETPROJH22732,Feasibility,2024.0,2024,Green,0,Asia-Pacific,0,Unknown,0,0,0,0,6.313548046277095,0,0,0,0,0
CETPROJH22731,Under construction,2023.0,2023,Green,0,Asia-Pacific,0,Transport (shipping),0,0,0,0,4.204692619390966,0,0,0,0,0
CETPROJH22730,Fully commissioned,2024.0,2024,Green,0,Asia-Pacific,0,Transport (road),0,0,0,0,6.803505257608338,0,0,0,0,1
CETPROJH22729,Fully commissioned,2023.0,2023,Green,0,Asia-Pacific,0,Industry (refinery feedstock),1,1,0,0,6.26530121273771,0,0,0,0,1
CETPROJH22728,Under construction,2022.0,2022,Green,0,Asia-Pacific,0,Industry (chemical feedstock),1,1,0,0,0.0,0,0,0,0,0
CETPROJH22727,Under construction,2022.0,2022,Green,0,Asia-Pacific,0,Industry (chemical feedstock),1,1,0,0,0.0,0,0,0,0,0
CETPROJH22726,Fully commissioned,2022.0,2022,Green,0,Asia-Pacific,0,Industry (chemical feedstock),1,1,0,0,5.1298987149230735,0,0,0,0,1
CETPROJH22725,Feasibility,2025.0,2025,Green,0,Europe (EU-27),1,Industry (chemical feedstock),1,1,1,0,6.852242569051878,0,0,0,0,0
CETPROJH22724,Announced (advanced),2025.0,2025,Blue_CCS,1,Asia-Pacific,0,Transport (road),0,0,0,0,5.680172609017068,0,0,0,0,0
CETPROJH22723,Announced (advanced),2025.0,2025,Blue_CCS,1,Asia-Pacific,0,Transport (road),0,0,0,0,5.680172609017068,0,0,0,0,0
CETPROJH22722,Fully commissioned,2025.0,2025,Green,0,Asia-Pacific,0,Industry (other),0,0,0,0,3.58351893845611,0,0,0,0,1
CETPROJH22721,Feasibility,2025.0,2025,Green,0,Europe (EU-27),1,Industry (other),1,1,1,0,0.0,0,0,0,0,0
CETPROJH22720,Announced (advanced),2025.0,2025,Green,0,Asia-Pacific,0,Transport (road),0,0,0,0,4.762173934797756,0,0,0,0,0
CETPROJH22719,Design,2025.0,2025,Green,0,Europe (EU-27),1,Transport (road),0,1,0,0,5.641907070938114,0,0,0,0,0
CETPROJH22718,Announced (advanced),2025.0,2025,Green,0,Europe (EU-27),1,Power & heat,0,1,0,0,1.791759469228055,0,0,0,0,0
CETPROJH22717,Under construction,2025.0,2025,Green,0,Europe (EU-27),1,Industry (refinery feedstock),1,1,1,0,8.993551586299981,0,0,0,0,0
CETPROJH22716,Feasibility,2025.0,2025,Green,0,Europe (non EU-27),0,Industry (refinery feedstock),1,1,0,0,7.05617528410041,0,0,0,0,0
CETPROJH22715,Under construction,2025.0,2025,Green,0,Asia-Pacific,0,Transport (road),0,0,0,0,3.295836866004329,0,0,0,0,0
CETPROJH22714,Fully commissioned,2024.0,2024,Green,0,Europe (EU-27),1,Industry (other),0,1,0,1,4.762173934797756,0,0,0,0,1
CETPROJH22713,Feasibility,2025.0,2025,Green,0,Asia-Pacific,0,Industry (other),0,0,0,0,0.0,0,0,0,0,0
CETPROJH22712,Announced (advanced),2025.0,2025,Green,0,Latin America,0,Transport (aviation),0,0,0,0,13.507305999179957,0,0,0,0,0
CETPROJH22711,Announced (advanced),2025.0,2025,Green,0,Latin America,0,Transport (aviation),0,0,0,0,11.441859016536368,0,0,0,0,0
CETPROJH22710,Feasibility,2025.0,2025,Green,0,Latin America,0,Transport (aviation),0,0,0,0,8.733916174927524,0,0,0,0,0
CETPROJH22709,Announced (early stage),2025.0,2025,Waste,0,Asia-Pacific,0,Transport (road),0,0,0,0,0.0,0,0,0,0,0
CETPROJH22708,Feasibility,2025.0,2025,Green,0,Europe (EU-27),1,Transport (road),0,1,0,0,4.727387818712341,0,0,0,0,0
CETPROJH22707,Feasibility,2025.0,2025,Green,0,Europe (EU-27),1,Transport (road),0,1,0,0,4.795790545596741,0,0,0,0,0
CETPROJH22706,On-hold (confirmed),2025.0,2025,Green,0,Europe (non EU-27),0,Unknown,0,0,0,0,0.0,0,0,1,1,0
CETPROJH22705,Announced (advanced),2025.0,2025,Green,0,Europe (non EU-27),0,Industry (other),0,0,0,0,7.7488913372555315,0,0,0,0,0
CETPROJH22704,Feasibility,2025.0,2025,Green,0,Europe (non EU-27),0,Industry (other),0,0,0,0,6.55250788703459,0,0,0,0,0
CETPROJH22703,Feasibility,2025.0,2025,Green,0,Europe (non EU-27),0,Industry (other),0,0,0,0,6.077642243349034,0,0,0,0,0
CETPROJH22702,Feasibility,2025.0,2025,Green,0,Europe (non EU-27),0,Transport (shipping),0,0,0,0,10.233474519468336,0,0,0,0,0
CETPROJH22701,Feasibility,2025.0,2025,Green,0,Europe (non EU-27),0,Unknown,0,0,0,0,0.0,0,0,0,0,0
CETPROJH22700,Feasibility,2025.0,2025,Green,0,Europe (non EU-27),0,Unknown,0,0,0,0,0.0,0,0,0,0,0
CETPROJH227,On-hold (assumed),2021.0,2021,Green,0,Middle East,0,Unknown,0,0,0,0,11.407576060361786,0,0,0,1,0
CETPROJH22699,Feasibility,2025.0,2025,Green,0,Europe (non EU-27),0,Unknown,0,0,0,0,0.0,0,0,0,0,0
CETPROJH22698,Feasibility,2025.0,2025,Green,0,Europe (non EU-27),0,Transport (road),0,0,0,0,6.3080984415095305,0,0,0,0,0
CETPROJH22697,Feasibility,2025.0,2025,Green,0,Europe (non EU-27),0,Transport (road),0,0,0,0,6.364750756851911,0,0,0,0,0
CETPROJH22696,Feasibility,2025.0,2025,Green,0,Europe (non EU-27),0,Industry (other),0,0,0,0,7.461640392208575,0,0,0,0,0
CETPROJH22695,Feasibility,2025.0,2025,Green,0,Europe (non EU-27),0,Industry (other),0,0,0,0,7.05617528410041,0,0,0,0,0
CETPROJH22694,Feasibility,2025.0,2025,Green,0,Europe (non EU-27),0,Unknown,0,0,0,0,0.0,0,0,0,0,0
CETPROJH22693,Design,2025.0,2025,Green,0,Europe (non EU-27),0,Industry (chemical feedstock),1,1,0,0,8.847216104357543,0,0,0,0,0
CETPROJH22692,Feasibility,2025.0,2025,Green,0,Europe (non EU-27),0,Industry (other),0,0,0,0,0.0,0,0,0,0,0
CETPROJH22691,Announced (advanced),2025.0,2025,Green,0,Europe (non EU-27),0,Industry (other),0,0,0,0,6.042632833682381,0,0,0,0,0
CETPROJH22690,Feasibility,2025.0,2025,Green,0,Europe (non EU-27),0,Transport (road),0,0,0,0,5.860786223465865,0,0,0,0,0
CETPROJH22689,Feasibility,2025.0,2025,Green,0,Europe (non EU-27),0,Industry (other),0,0,0,0,6.90875477931522,0,0,0,0,0
CETPROJH22688,Announced (advanced),2025.0,2025,Green,0,Europe (EU-27),1,Transport (aviation),0,1,0,0,10.456596502556854,0,0,0,0,0
CETPROJH22687,Announced (advanced),2025.0,2025,Green,0,Europe (EU-27),1,Unknown,0,1,0,0,10.16892401604059,0,0,0,0,0
CETPROJH22686,Announced (advanced),2025.0,2025,Green,0,Europe (EU-27),1,Unknown,0,1,0,0,7.866722285136729,0,0,0,0,0
CETPROJH22685,Feasibility,2025.0,2025,Green,0,Europe (EU-27),1,Transport (road),0,1,0,0,5.673323267171493,0,0,0,0,0
CETPROJH22684,Announced (advanced),2024.0,2024,Green,0,Latin America,0,Unknown,0,0,0,0,10.967404871407352,0,0,0,0,0
CETPROJH22683,Feasibility,2025.0,2025,Green,0,Europe (EU-27),1,Transport (shipping),0,1,0,0,9.076923258535832,0,0,0,0,0
CETPROJH22682,Feasibility,2025.0,2025,Green,0,Europe (EU-27),1,Transport (shipping),0,1,0,0,9.495594499353297,0,0,0,0,0
CETPROJH22681,Feasibility,2025.0,2025,Green,0,Europe (EU-27),1,Industry (chemical feedstock),1,1,1,0,9.19023970026918,0,0,0,0,0
CETPROJH22680,Feasibility,2024.0,2024,Green,0,Europe (EU-27),1,Industry (chemical feedstock),1,1,1,0,9.259225769705994,0,0,0,0,0
CETPROJH2268,Fully commissioned,2021.0,2021,Green,0,Asia-Pacific,0,Transport (road),0,0,0,0,6.437751649736401,0,0,0,0,1
CETPROJH22679,Feasibility,2025.0,2025,Green,0,Europe (EU-27),1,Unknown,0,1,0,0,0.0,0,0,0,0,0
CETPROJH22678,Design,2025.0,2025,Green,0,Europe (EU-27),1,Industry (chemical feedstock),1,1,1,0,9.540363284917488,0,0,0,0,0
CETPROJH22677,Permitted,2025.0,2025,Green,0,Europe (EU-27),1,Unknown,0,1,0,0,8.984818995876008,0,0,0,0,0
CETPROJH22676,Announced (advanced),2025.0,2025,Green,0,Europe (EU-27),1,Transport (aviation),0,1,0,0,9.664659134301736,0,0,0,0,0
CETPROJH22675,Design,2025.0,2025,Green,0,Europe (non EU-27),0,Unknown,0,0,0,0,8.154212694914229,0,0,0,0,0
CETPROJH22674,Feasibility,2025.0,2025,Green,0,Europe (non EU-27),0,Industry (other),0,0,0,0,8.316055720364643,0,0,0,0,0
CETPROJH22673,Design,2025.0,2025,Green,0,Europe (EU-27),1,Transport (road),0,1,0,0,4.7535901911063645,0,0,0,0,0
CETPROJH22672,Design,2025.0,2025,Green,0,Asia-Pacific,0,Unknown,0,0,0,0,6.364750756851911,0,0,0,0,0
CETPROJH22671,Fully commissioned,2024.0,2024,Green,0,Europe (EU-27),1,Transport (road),0,1,0,0,0.0,0,0,0,0,1
CETPROJH22670,Design,2019.0,2019,Green,0,Asia-Pacific,0,Industry (chemical feedstock),1,1,0,0,11.879601233536802,0,0,0,0,0
CETPROJH22669,On-hold (assumed),2025.0,2025,Green,0,Latin America,0,Industry (refinery feedstock),1,1,1,1,11.472113887062386,0,0,0,1,0
CETPROJH22668,Permitted,2025.0,2025,Green,0,Europe (EU-27),1,Unknown,0,1,0,0,5.44673737166631,0,0,0,0,0
CETPROJH22667,Feasibility,2025.0,2025,Green,0,Europe (EU-27),1,Industry (other),0,1,0,0,7.034387929915503,0,0,0,0,0
CETPROJH22666,On-hold (assumed),2022.0,2022,Green,0,North America,0,Unknown,0,0,0,0,6.970730078143525,0,0,0,1,0
CETPROJH22665,Permitted,2022.0,2022,Green,0,North America,0,Industry (chemical feedstock),1,1,0,0,8.802522498284421,0,0,0,0,0
CETPROJH22664,Design,2025.0,2025,Green,0,North America,0,Unknown,0,0,0,0,8.055475141757274,0,0,0,0,0
CETPROJH22663,Permitted,2021.0,2021,Waste,0,Europe (non EU-27),0,Transport (road),0,0,0,0,7.107425474110705,0,0,0,0,0
CETPROJH22662,Announced (early stage),2025.0,2025,Green,0,Africa,0,Unknown,0,0,0,0,0.0,0,0,0,0,0
CETPROJH22661,Announced (advanced),2025.0,2025,Green,0,Europe (EU-27),1,Transport (road),0,1,0,0,6.734591659972948,0,0,0,0,0
CETPROJH22660,Feasibility,2023.0,2023,Green,0,Middle East,0,Unknown,0,0,0,0,9.495594499353297,0,0,0,0,0
CETPROJH2266,On-hold (assumed),2021.0,2021,Green,0,Asia-Pacific,0,Transport (road),0,0,0,0,5.5053315359323625,0,0,0,1,0
CETPROJH22659,Feasibility,2023.0,2023,Green,0,Middle East,0,Unknown,0,0,0,0,11.104972264124868,0,0,0,0,0
CETPROJH22658,Feasibility,2023.0,2023,Green,0,Middle East,0,Unknown,0,0,0,0,9.495594499353297,0,0,0,0,0
CETPROJH22657,Feasibility,2023.0,2023,Green,0,Middle East,0,Unknown,0,0,0,0,8.802522498284421,0,0,0,0,0
CETPROJH22656,Design,2024.0,2024,Green,0,North America,0,Industry (other),0,0,0,0,9.731215331595175,0,0,0,0,0
CETPROJH22655,Design,2024.0,2024,Blue_CCS,1,North America,0,Industry (chemical feedstock),1,1,0,0,11.329254998806961,0,0,0,0,0
CETPROJH22654,Feasibility,2023.0,2023,Green,0,Latin America,0,Industry (other),0,1,0,1,9.897016661405816,0,0,0,0,0
CETPROJH22653,Design,2023.0,2023,Green,0,Africa,0,Transport (shipping),0,0,0,0,11.798111925972618,0,0,0,0,0
CETPROJH22652,On-hold (assumed),2023.0,2023,Green,0,Latin America,0,Unknown,0,1,0,1,9.901034546375062,0,0,0,1,0
CETPROJH22650,Design,2023.0,2023,Waste,0,North America,0,Unknown,0,0,0,0,8.630700432209832,0,0,0,0,0
CETPROJH2265,Fully commissioned,2020.0,2020,Green,0,Asia-Pacific,0,Transport (road),0,0,0,0,5.484796933490655,0,0,0,0,1
CETPROJH22649,Design,2023.0,2023,Waste,0,North America,0,Unknown,0,0,0,0,8.630700432209832,0,0,0,0,0
CETPROJH22648,Design,2023.0,2023,Green,0,Latin America,0,Industry (chemical feedstock),1,1,0,0,8.853808274977197,0,0,0,0,0
CETPROJH22647,On-hold (assumed),2023.0,2023,Blue_CCS,1,North America,0,Power & heat,0,0,0,0,11.931642378754141,0,0,0,1,0
CETPROJH22646,Fully commissioned,2025.0,2025,Blue_CCS,1,North America,0,Unknown,0,0,0,0,0.0,0,0,0,0,1
CETPROJH22645,Design,2025.0,2025,Green,0,Europe (EU-27),1,Industry (other),0,1,0,0,5.170483995038151,0,0,0,0,0
CETPROJH22644,Feasibility,2024.0,2024,Green,0,Europe (EU-27),1,Transport (road),0,1,0,0,9.664659134301736,0,0,0,0,0
CETPROJH22643,On-hold (assumed),2022.0,2022,Green,0,Europe (EU-27),1,Transport (road),0,1,0,0,7.650168700845001,0,0,0,1,0
CETPROJH22642,Feasibility,2023.0,2023,Green,0,Europe (EU-27),1,Transport (other),0,1,0,0,7.650168700845001,0,0,0,0,0
CETPROJH22641,Announced (advanced),2025.0,2025,Green,0,Africa,0,Unknown,0,1,0,1,12.388398368982115,0,0,0,0,0
CETPROJH22640,Announced (early stage),2025.0,2025,Green,0,Africa,0,Unknown,0,1,0,1,0.0,0,0,0,0,0
CETPROJH22639,Announced (early stage),2025.0,2025,Green,0,Africa,0,Unknown,0,1,0,1,0.0,0,0,0,0,0
CETPROJH22638,Feasibility,2025.0,2025,Green,0,Europe (non EU-27),0,Transport (road),0,0,0,0,6.76849321164863,0,0,0,0,0
CETPROJH22637,Feasibility,2025.0,2025,Green,0,Latin America,0,Unknown,0,0,0,0,11.104972264124868,0,0,0,0,0
CETPROJH22636,Feasibility,2025.0,2025,Waste,0,Europe (EU-27),1,Industry (refinery feedstock),1,1,1,0,7.0909098220799835,0,0,0,0,0
CETPROJH22635,Fully commissioned,2025.0,2025,Green,0,Asia-Pacific,0,Industry (other),0,0,0,0,1.9459101490553132,0,0,0,0,1
CETPROJH22634,Announced (advanced),2025.0,2025,Green,0,Africa,0,Industry (chemical feedstock),1,1,0,0,8.628555659269699,0,0,0,0,0
CETPROJH22633,Under construction,2025.0,2025,Green,0,Europe (EU-27),1,Transport (road),0,1,0,0,6.180016653652572,0,0,0,0,0
CETPROJH22632,Feasibility,2025.0,2025,Green,0,Asia-Pacific,0,Industry (other),0,0,0,0,7.05617528410041,0,0,0,0,0
CETPROJH22631,Feasibility,2025.0,2025,Green,0,Asia-Pacific,0,Industry (other),0,0,0,0,7.461640392208575,0,0,0,0,0
CETPROJH22630,Fully commissioned,2025.0,2025,Green,0,Asia-Pacific,0,Transport (shipping),0,0,0,0,3.2188758248682006,0,0,0,0,1
CETPROJH22629,Feasibility,2025.0,2025,Green,0,Asia-Pacific,0,Unknown,0,0,0,0,9.952325334619427,0,0,0,0,0
CETPROJH22628,Feasibility,2025.0,2025,Green,0,Asia-Pacific,0,Unknown,0,0,0,0,9.006509131694346,0,0,0,0,0
CETPROJH22627,Feasibility,2025.0,2025,Green,0,Asia-Pacific,0,Industry (chemical feedstock),1,1,0,0,9.441531454869693,0,0,0,0,0
CETPROJH22626,Feasibility,2025.0,2025,Green,0,Asia-Pacific,0,Unknown,0,0,0,0,5.69035945432406,0,0,0,0,0
CETPROJH22625,Feasibility,2025.0,2025,Green,0,Asia-Pacific,0,Transport (aviation),0,0,0,0,9.841665338892785,0,0,0,0,0
CETPROJH22623,Under construction,2025.0,2025,Green,0,Asia-Pacific,0,Unknown,0,0,0,0,9.271623600393081,0,0,0,0,0
CETPROJH22622,Design,2025.0,2025,Green,0,Asia-Pacific,0,Other,0,0,0,0,6.852242569051878,0,0,0,0,0
CETPROJH22621,Permitted,2025.0,2025,Green,0,Asia-Pacific,0,Industry (chemical feedstock),1,1,0,0,8.729235349659273,0,0,0,0,0
CETPROJH22620,Feasibility,2025.0,2025,Green,0,Asia-Pacific,0,Unknown,0,0,0,0,9.778037701818713,0,0,0,0,0
CETPROJH2262,On-hold (assumed),2020.0,2020,Green,0,Asia-Pacific,0,Unknown,0,0,0,0,8.510772623613315,0,0,0,1,0
CETPROJH22619,Feasibility,2025.0,2025,Green,0,Asia-Pacific,0,Unknown,0,0,0,0,4.07753744390572,0,0,0,0,0
CETPROJH22618,Design,2025.0,2025,Green,0,Asia-Pacific,0,Transport (road),0,0,0,0,6.68586094706836,0,0,0,0,0
CETPROJH22617,Feasibility,2025.0,2025,Green,0,Asia-Pacific,0,Unknown,0,0,0,0,9.503084610020228,0,0,0,0,0
CETPROJH22616,Feasibility,2025.0,2025,Green,0,Asia-Pacific,0,Unknown,0,0,0,0,8.9641840463529,0,0,0,0,0
CETPROJH22615,Feasibility,2025.0,2025,Green,0,Asia-Pacific,0,Transport (road),0,0,0,0,5.950642552587727,0,0,0,0,0
CETPROJH22614,Design,2025.0,2025,Green,0,Asia-Pacific,0,Unknown,0,0,0,0,9.770013301136158,0,0,0,0,0
CETPROJH22613,Fully commissioned,2025.0,2025,Green,0,Asia-Pacific,0,Transport (road),0,0,0,0,5.288267030694535,0,0,0,0,1
CETPROJH22612,Fully commissioned,2025.0,2025,Waste,0,Europe (EU-27),1,Transport (road),0,1,0,0,4.574710978503383,0,0,0,0,1
CETPROJH22611,Fully commissioned,2023.0,2023,Green,0,Africa,0,Power & heat,0,0,0,0,0.6931471805599453,0,0,0,0,1
CETPROJH22610,Under construction,2025.0,2025,Green,0,Asia-Pacific,0,Unknown,0,0,0,0,11.233251243919975,0,0,0,0,0
CETPROJH2261,On-hold (assumed),2019.0,2019,Green,0,Asia-Pacific,0,Unknown,0,0,0,0,7.635786861395585,0,0,0,1,0
CETPROJH22609,Announced (advanced),2025.0,2025,Green,0,Asia-Pacific,0,Unknown,0,0,0,0,7.00669522683704,0,0,0,0,0
CETPROJH22608,Fully commissioned,2025.0,2025,Green,0,Asia-Pacific,0,Unknown,0,0,0,0,3.1354942159291497,0,0,0,0,1
CETPROJH22607,Announced (advanced),2025.0,2025,Green,0,Africa,0,Industry (other),0,0,0,0,0.0,0,0,0,0,0
CETPROJH22606,Feasibility,2025.0,2025,Green,0,Asia-Pacific,0,Unknown,0,0,0,0,10.776474045001011,0,0,0,0,0
CETPROJH22605,Announced (advanced),2023.0,2023,Green,0,Africa,0,Unknown,0,0,0,0,13.211137699492648,0,0,0,0,0
CETPROJH22604,On-hold (assumed),2021.0,2021,Green,0,Europe (EU-27),1,Industry (refinery feedstock),1,1,1,0,9.61587214452889,0,0,0,1,0
CETPROJH22603,Announced (early stage),2025.0,2025,Blue_CCS,1,Asia-Pacific,0,Transport (road),0,0,0,0,0.0,0,0,0,0,0
CETPROJH22602,Announced (advanced),2025.0,2025,Green,0,Asia-Pacific,0,Unknown,0,0,0,0,7.27931883541462,0,0,0,0,0
CETPROJH22601,Announced (advanced),2025.0,2025,Green,0,North America,0,Industry (other),0,0,0,0,10.687411927154141,0,0,0,0,0
CETPROJH22600,Announced (advanced),2025.0,2025,Green,0,Europe (EU-27),1,Industry (other),0,1,0,0,6.54534966033442,0,0,0,0,0
CETPROJH226,Under construction,2021.0,2021,Green,0,Middle East,0,Industry (chemical feedstock),1,1,0,0,8.35490952835879,0,0,0,0,0
CETPROJH22599,Fully commissioned,2025.0,2025,Green,0,North America,0,Industry (chemical feedstock),1,1,0,0,4.382026634673881,0,0,0,0,1
CETPROJH22598,Design,2025.0,2025,Green,0,Asia-Pacific,0,Gas grid,0,0,0,0,6.55250788703459,0,0,0,0,0
CETPROJH22597,Announced (early stage),2025.0,2025,Green,0,Europe (EU-27),1,Unknown,0,1,0,0,0.0,0,0,0,0,0
CETPROJH22596,Announced (advanced),2025.0,2025,Green,0,Europe (EU-27),1,Unknown,0,1,0,0,10.748303764751594,0,0,0,0,0
CETPROJH22595,Design,2025.0,2025,Green,0,Europe (non EU-27),0,Transport (shipping),0,0,0,0,8.237743803890933,0,0,0,0,0
CETPROJH22594,Feasibility,2025.0,2025,Green,0,Europe (EU-27),1,Transport (road),0,1,0,0,0.0,0,0,0,0,0
CETPROJH22593,Feasibility,2025.0,2025,Green,0,Europe (EU-27),1,Transport (road),0,1,0,0,0.0,0,0,0,0,0
CETPROJH22592,Design,2025.0,2025,Green,0,Europe (EU-27),1,Transport (road),0,1,0,0,0.0,0,0,0,0,0
CETPROJH22591,Feasibility,2025.0,2025,Green,0,Africa,0,Unknown,0,0,0,0,11.643962499267984,0,0,0,0,0
CETPROJH22590,Permitted,2023.0,2023,Green,0,Europe (EU-27),1,Unknown,0,1,0,0,9.694493424326337,0,0,0,0,0
CETPROJH2259,On-hold (assumed),2020.0,2020,Green,0,Asia-Pacific,0,Unknown,0,0,0,0,0.0,0,0,0,1,0
CETPROJH22589,Design,2025.0,2025,Green,0,Europe (EU-27),1,Transport (road),0,1,0,0,6.333279628139691,0,0,0,0,0
CETPROJH22588,Fully commissioned,2025.0,2025,Green,0,Asia-Pacific,0,Transport (shipping),0,0,0,0,3.912023005428146,0,0,0,0,1
CETPROJH22587,Announced (advanced),2025.0,2025,Green,0,Europe (non EU-27),0,Unknown,0,0,0,0,11.385103457032141,0,0,0,0,0
CETPROJH22586,Announced (advanced),2025.0,2025,Green,0,Europe (non EU-27),0,Unknown,0,0,0,0,11.385103457032141,0,0,0,0,0
CETPROJH22585,Announced (advanced),2025.0,2025,Green,0,Europe (non EU-27),0,Unknown,0,0,0,0,11.385103457032141,0,0,0,0,0
CETPROJH22584,Announced (advanced),2025.0,2025,Green,0,Europe (non EU-27),0,Unknown,0,0,0,0,11.385103457032141,0,0,0,0,0
CETPROJH22583,Announced (advanced),2025.0,2025,Green,0,Europe (non EU-27),0,Transport (shipping),0,0,0,0,6.39024066706535,0,0,0,0,0
CETPROJH22582,Financed,2025.0,2025,Green,0,Europe (non EU-27),0,Transport (shipping),0,0,0,0,6.990256500493881,0,0,0,0,0
CETPROJH22581,Plans cancelled,2024.0,2024,Green,0,Latin America,0,Unknown,0,0,0,0,0.0,1,1,1,1,0
CETPROJH22580,Announced (early stage),2025.0,2025,Waste,0,Asia-Pacific,0,Transport (road),0,0,0,0,0.0,0,0,0,0,0
CETPROJH2258,On-hold (assumed),2020.0,2020,Green,0,Asia-Pacific,0,Unknown,0,0,0,0,7.635786861395585,0,0,0,1,0
CETPROJH22579,Announced (early stage),2025.0,2025,Waste,0,Asia-Pacific,0,Transport (road),0,0,0,0,0.0,0,0,0,0,0
CETPROJH22578,Announced (early stage),2025.0,2025,Waste,0,Asia-Pacific,0,Transport (road),0,0,0,0,0.0,0,0,0,0,0
CETPROJH22577,Announced (early stage),2025.0,2025,Waste,0,Asia-Pacific,0,Transport (road),0,0,0,0,0.0,0,0,0,0,0
CETPROJH22576,Announced (early stage),2025.0,2025,Waste,0,Asia-Pacific,0,Transport (road),0,0,0,0,0.0,0,0,0,0,0
CETPROJH22575,Announced (early stage),2025.0,2025,Waste,0,Asia-Pacific,0,Transport (road),0,0,0,0,0.0,0,0,0,0,0
CETPROJH22574,Announced (early stage),2025.0,2025,Waste,0,Asia-Pacific,0,Transport (road),0,0,0,0,0.0,0,0,0,0,0
CETPROJH22573,Feasibility,2023.0,2023,Green,0,Europe (EU-27),1,Industry (other),0,1,0,0,5.351858133476067,0,0,0,0,0
CETPROJH22572,Announced (advanced),2025.0,2025,Green,0,Middle East,0,Industry (chemical feedstock),1,1,0,0,12.049424683420915,0,0,0,0,0
CETPROJH22571,Feasibility,2025.0,2025,Green,0,Middle East,0,Industry (chemical feedstock),1,1,0,0,11.643962499267984,0,0,0,0,0
CETPROJH22570,Feasibility,2025.0,2025,Green,0,North America,0,Gas grid,0,0,0,0,0.0,0,0,0,0,0
CETPROJH2257,On-hold (assumed),2020.0,2020,Green,0,Asia-Pacific,0,Unknown,0,0,0,0,6.4967749901858625,0,0,0,1,0
CETPROJH22569,Permitted,2025.0,2025,Green,0,Asia-Pacific,0,Unknown,0,0,0,0,9.392745258631441,0,0,0,0,0
CETPROJH22568,Feasibility,2025.0,2025,Green,0,Asia-Pacific,0,Unknown,0,0,0,0,10.289633916257893,0,0,0,0,0
CETPROJH22567,Permitted,2025.0,2025,Green,0,Asia-Pacific,0,Unknown,0,0,0,0,10.199174996326047,0,0,0,0,0
CETPROJH22566,Design,2025.0,2025,Green,0,Asia-Pacific,0,Unknown,0,0,0,0,0.0,0,0,0,0,0
CETPROJH22565,Under construction,2025.0,2025,Green,0,Asia-Pacific,0,Unknown,0,0,0,0,8.993551586299981,0,0,0,0,0
CETPROJH22564,Announced (advanced),2025.0,2025,Green,0,Europe (EU-27),1,Industry (other),1,1,1,0,10.590113516105808,0,0,0,0,0
CETPROJH22563,On-hold (assumed),2025.0,2025,Waste,0,Middle East,0,Industry (other),0,0,0,0,8.241966560231802,0,0,0,1,0
CETPROJH22562,Under construction,2025.0,2025,Green,0,Asia-Pacific,0,Unknown,0,0,0,0,9.546884034617925,0,0,0,0,0
CETPROJH22561,Fully commissioned,2025.0,2025,Waste,0,Asia-Pacific,0,Industry (chemical feedstock),1,1,0,0,9.014933575633572,0,0,0,0,1
CETPROJH22560,Permitted,2025.0,2025,Green,0,Asia-Pacific,0,Unknown,0,0,0,0,9.34145634983372,0,0,0,0,0
CETPROJH2256,Fully commissioned,2018.0,2018,Green,0,Asia-Pacific,0,Transport (road),0,0,0,0,5.288267030694535,0,0,0,0,1
CETPROJH22559,Permitted,2024.0,2024,Green,0,Asia-Pacific,0,Industry (chemical feedstock),1,1,0,0,7.68662133494462,0,0,0,0,0
CETPROJH22558,Permitted,2024.0,2024,Green,0,Asia-Pacific,0,Unknown,0,0,0,0,9.657203308780275,0,0,0,0,0
CETPROJH22557,Design,2024.0,2024,Green,0,Asia-Pacific,0,Unknown,0,0,0,0,9.985113621416073,0,0,0,0,0
CETPROJH22556,Feasibility,2024.0,2024,Green,0,Asia-Pacific,0,Unknown,0,0,0,0,11.294781892900653,0,0,0,0,0
CETPROJH22555,Under construction,2023.0,2023,Green,0,Asia-Pacific,0,Industry (chemical feedstock),1,1,0,0,8.104401307921613,0,0,0,0,0
CETPROJH22554,Design,2024.0,2024,Green,0,Europe (EU-27),1,Transport (shipping),0,1,0,0,10.627430633893226,0,0,0,0,0
CETPROJH22553,Announced (advanced),2025.0,2025,Green,0,Middle East,0,Unknown,0,0,0,0,11.104972264124868,0,0,0,0,0
CETPROJH22552,Design,2024.0,2024,Green,0,Asia-Pacific,0,Unknown,0,0,0,0,9.778037701818713,0,0,0,0,0
CETPROJH22551,Under construction,2024.0,2024,Green,0,Asia-Pacific,0,Unknown,0,0,0,0,10.032364379457015,0,0,0,0,0
CETPROJH22550,Design,2024.0,2024,Green,0,Asia-Pacific,0,Unknown,0,0,0,0,10.463131911491967,0,0,0,0,0
CETPROJH2255,Fully commissioned,2020.0,2020,Green,0,Asia-Pacific,0,Transport (road),0,0,0,0,4.04305126783455,0,0,0,0,1
CETPROJH22549,Fully commissioned,2024.0,2024,Green,0,Asia-Pacific,0,Unknown,0,0,0,0,2.0794415416798357,0,0,0,0,1
CETPROJH22548,Fully commissioned,2024.0,2024,Green,0,Asia-Pacific,0,Industry (refinery feedstock),1,1,0,0,4.927253685157205,0,0,0,0,1
CETPROJH22547,Feasibility,2024.0,2024,Green,0,Asia-Pacific,0,Power & heat,0,0,0,0,0.0,0,0,0,0,0
CETPROJH22546,Announced (early stage),2024.0,2024,Green,0,Latin America,0,Unknown,0,0,0,0,0.0,0,0,0,0,0
CETPROJH22545,Announced (early stage),2024.0,2024,Green,0,Asia-Pacific,0,Unknown,0,0,0,0,0.0,0,0,0,0,0
CETPROJH22544,Feasibility,2025.0,2025,Green,0,Africa,0,Unknown,0,0,0,0,11.050905878263567,0,0,0,0,0
CETPROJH22543,Feasibility,2024.0,2024,Green,0,Asia-Pacific,0,Unknown,0,0,0,0,2.5649493574615367,0,0,0,0,0
CETPROJH22542,Feasibility,2025.0,2025,Green,0,Europe (EU-27),1,Transport (road),0,1,0,0,6.8001700683022,0,0,0,0,0
CETPROJH22541,Design,2024.0,2024,Blue_CCS,1,Asia-Pacific,0,Power & heat,0,0,0,0,11.289794413577894,0,0,0,0,0
CETPROJH22540,Announced (advanced),2025.0,2025,Green,0,Europe (EU-27),1,Unknown,0,1,0,0,6.364750756851911,0,0,0,0,0
CETPROJH2254,On-hold (assumed),2020.0,2020,Green,0,Asia-Pacific,0,Unknown,0,0,0,0,0.0,0,0,0,1,0
CETPROJH22539,Feasibility,2024.0,2024,Green,0,Asia-Pacific,0,Unknown,0,0,0,0,9.145588494746486,0,0,0,0,0
CETPROJH22538,Feasibility,2024.0,2024,Green,0,Asia-Pacific,0,Unknown,0,0,0,0,9.657203308780275,0,0,0,0,0
CETPROJH22537,Fully commissioned,2023.0,2023,Green,0,Asia-Pacific,0,Industry (other),0,0,0,0,8.104401307921613,0,0,0,0,1
CETPROJH22536,Feasibility,2024.0,2024,Green,0,Asia-Pacific,0,Unknown,0,0,0,0,9.770013301136158,0,0,0,0,0
CETPROJH22535,Permitted,2024.0,2024,Green,0,Asia-Pacific,0,Unknown,0,0,0,0,11.156264806643742,0,0,0,0,0
CETPROJH22534,Permitted,2024.0,2024,Green,0,Asia-Pacific,0,Unknown,0,0,0,0,7.44716835960004,0,0,0,0,0
CETPROJH22533,Feasibility,2025.0,2025,Green,0,Latin America,0,Industry (other),0,0,0,0,11.55518961907826,0,0,0,0,0
CETPROJH22532,Design,2024.0,2024,Green,0,North America,0,Transport (aviation),0,0,0,0,9.928228944424575,0,0,0,0,0
CETPROJH22531,Feasibility,2024.0,2024,Green,0,North America,0,Transport (aviation),0,0,0,0,8.067149039910106,0,0,0,0,0
CETPROJH22530,Feasibility,2024.0,2024,Green,0,Latin America,0,Industry (other),1,1,0,0,8.067149039910106,0,0,0,0,0
CETPROJH2253,On-hold (assumed),2021.0,2021,Green,0,Asia-Pacific,0,Industry (other),1,1,0,0,11.51293546492023,0,0,0,1,0
CETPROJH22529,Feasibility,2024.0,2024,Green,0,Latin America,0,Industry (other),1,1,0,0,7.7488913372555315,0,0,0,0,0
CETPROJH22528,Under construction,2024.0,2024,Green,0,Latin America,0,Transport (road),0,0,0,0,6.210600077024653,0,0,0,0,0
CETPROJH22527,Announced (advanced),2025.0,2025,Green,0,Asia-Pacific,0,Unknown,0,0,0,0,11.156264806643742,0,0,0,0,0
CETPROJH22526,Announced (advanced),2025.0,2025,Green,0,Asia-Pacific,0,Unknown,0,0,0,0,9.210440366976517,0,0,0,0,0
CETPROJH22525,Design,2024.0,2024,Green,0,Asia-Pacific,0,Unknown,0,0,0,0,9.83953552604361,0,0,0,0,0
CETPROJH22524,Under construction,2024.0,2024,Green,0,Asia-Pacific,0,Unknown,0,0,0,0,8.104401307921613,0,0,0,0,0
CETPROJH22522,Feasibility,2024.0,2024,Green,0,Asia-Pacific,0,Unknown,0,0,0,0,9.392745258631441,0,0,0,0,0
CETPROJH22521,Design,2024.0,2024,Green,0,Asia-Pacific,0,Industry (other),0,0,0,0,6.3835066348840055,0,0,0,0,0
CETPROJH22520,Design,2023.0,2023,Green,0,Asia-Pacific,0,Unknown,0,0,0,0,8.343077871169383,0,0,0,0,0
CETPROJH2252,Fully commissioned,2015.0,2015,Green,0,Asia-Pacific,0,Gas grid,0,0,0,0,5.6131281063880705,0,0,0,0,1
CETPROJH22519,Permitted,2024.0,2024,Green,0,Asia-Pacific,0,Unknown,0,0,0,0,10.308985993422082,0,0,0,0,0
CETPROJH22518,Feasibility,2024.0,2024,Green,0,Asia-Pacific,0,Unknown,0,0,0,0,9.952325334619427,0,0,0,0,0
CETPROJH22517,Feasibility,2024.0,2024,Green,0,Asia-Pacific,0,Unknown,0,0,0,0,10.196194479235656,0,0,0,0,0
CETPROJH22516,Feasibility,2024.0,2024,Green,0,Asia-Pacific,0,Unknown,0,0,0,0,9.952325334619427,0,0,0,0,0
CETPROJH22515,Feasibility,2024.0,2024,Green,0,Asia-Pacific,0,Unknown,0,0,0,0,5.288267030694535,0,0,0,0,0
CETPROJH22514,Under construction,2024.0,2024,Green,0,Asia-Pacific,0,Unknown,0,0,0,0,10.276222836021374,0,0,0,0,0
CETPROJH22513,Feasibility,2024.0,2024,Green,0,Asia-Pacific,0,Unknown,0,0,0,0,9.932949262685748,0,0,0,0,0
CETPROJH22511,Design,2024.0,2024,Green,0,Asia-Pacific,0,Unknown,0,0,0,0,5.978885764901122,0,0,0,0,0
CETPROJH22510,Feasibility,2024.0,2024,Green,0,Asia-Pacific,0,Industry (chemical feedstock),1,1,0,0,10.76325026006841,0,0,0,0,0
CETPROJH2251,On-hold (assumed),2020.0,2020,Green,0,Asia-Pacific,0,Power & heat,0,0,0,0,8.328692583545568,0,0,0,1,0
CETPROJH22509,Feasibility,2024.0,2024,Green,0,Asia-Pacific,0,Transport (aviation),0,0,0,0,9.623839785112668,0,0,0,0,0
CETPROJH22508,Design,2024.0,2024,Green,0,Asia-Pacific,0,Unknown,0,0,0,0,6.71901315438526,0,0,0,0,0
CETPROJH22507,Permitted,2023.0,2023,Green,0,Asia-Pacific,0,Unknown,0,0,0,0,8.834482608620677,0,0,0,0,0
CETPROJH22506,Permitted,2024.0,2024,Green,0,Asia-Pacific,0,Unknown,0,0,0,0,9.53249633228804,0,0,0,0,0
CETPROJH22505,Permitted,2024.0,2024,Green,0,Asia-Pacific,0,Unknown,0,0,0,0,11.80560254159177,0,0,0,0,0
CETPROJH22504,Under construction,2024.0,2024,Green,0,Asia-Pacific,0,Industry (chemical feedstock),1,1,0,0,8.460834457746854,0,0,0,0,0
CETPROJH22503,Feasibility,2024.0,2024,Green,0,Asia-Pacific,0,Unknown,0,0,0,0,8.006700845440367,0,0,0,0,0
CETPROJH22502,Financed,2024.0,2024,Green,0,Asia-Pacific,0,Unknown,0,0,0,0,9.267193183568965,0,0,0,0,0
CETPROJH22501,Under construction,2024.0,2024,Green,0,Asia-Pacific,0,Unknown,0,0,0,0,8.987321812850125,0,0,0,0,0
CETPROJH22500,Permitted,2024.0,2024,Green,0,Asia-Pacific,0,Unknown,0,0,0,0,8.8698199525084,0,0,0,0,0
CETPROJH2250,Fully commissioned,2020.0,2020,Green,0,Asia-Pacific,0,Industry (chemical feedstock),1,1,0,0,8.68710472813351,0,0,0,0,1
CETPROJH225,On-hold (assumed),2020.0,2020,Green,0,Middle East,0,Industry (other),1,1,0,0,7.27931883541462,0,0,0,1,0
CETPROJH22499,Under construction,2024.0,2024,Green,0,Asia-Pacific,0,Unknown,0,0,0,0,7.362645270417825,0,0,0,0,0
CETPROJH22498,Design,2024.0,2024,Green,0,Asia-Pacific,0,Unknown,0,0,0,0,8.104401307921613,0,0,0,0,0
CETPROJH22497,Feasibility,2024.0,2024,Green,0,Asia-Pacific,0,Unknown,0,0,0,0,9.369563877524161,0,0,0,0,0
CETPROJH22496,Under construction,2024.0,2024,Green,0,Asia-Pacific,0,Unknown,0,0,0,0,8.119993827725105,0,0,0,0,0
CETPROJH22495,Under construction,2024.0,2024,Green,0,Asia-Pacific,0,Unknown,0,0,0,0,8.006700845440367,0,0,0,0,0
CETPROJH22494,Under construction,2024.0,2024,Green,0,Asia-Pacific,0,Unknown,0,0,0,0,9.729193687429403,0,0,0,0,0
CETPROJH22493,Fully commissioned,2024.0,2024,Green,0,Asia-Pacific,0,Unknown,0,0,0,0,4.290459441148391,0,0,0,0,1
CETPROJH22492,Under construction,2024.0,2024,Green,0,Asia-Pacific,0,Unknown,0,0,0,0,6.670766320845874,0,0,0,0,0
CETPROJH22491,Under construction,2024.0,2024,Green,0,Asia-Pacific,0,Industry (other),0,0,0,0,9.069122370060645,0,0,0,0,0
CETPROJH22490,Permitted,2024.0,2024,Green,0,Asia-Pacific,0,Unknown,0,0,0,0,8.104401307921613,0,0,0,0,0
CETPROJH22489,Feasibility,2024.0,2024,Green,0,Asia-Pacific,0,Unknown,0,0,0,0,9.47231994707559,0,0,0,0,0
CETPROJH22488,Feasibility,2024.0,2024,Green,0,Asia-Pacific,0,Unknown,0,0,0,0,10.06266841688844,0,0,0,0,0
CETPROJH22487,Feasibility,2024.0,2024,Green,0,Asia-Pacific,0,Unknown,0,0,0,0,10.780226316398169,0,0,0,0,0
CETPROJH22486,Under construction,2024.0,2024,Green,0,Asia-Pacific,0,Transport (road),0,0,0,0,6.313548046277095,0,0,0,0,0
CETPROJH22485,Feasibility,2024.0,2024,Green,0,Asia-Pacific,0,Unknown,0,0,0,0,0.0,0,0,0,0,0
CETPROJH22484,Feasibility,2024.0,2024,Green,0,Asia-Pacific,0,Unknown,0,0,0,0,9.657203308780275,0,0,0,0,0
CETPROJH22483,Design,2023.0,2023,Green,0,Asia-Pacific,0,Transport (road),0,0,0,0,6.238324625039508,0,0,0,0,0
CETPROJH22482,Under construction,2024.0,2024,Green,0,Asia-Pacific,0,Unknown,0,0,0,0,7.646831391430482,0,0,0,0,0
CETPROJH22481,Under construction,2024.0,2024,Green,0,Europe (non EU-27),0,Transport (road),0,0,0,0,5.209486152841421,0,0,0,0,0
CETPROJH22480,Announced (early stage),2024.0,2024,Waste,0,Europe (non EU-27),0,Unknown,0,0,0,0,0.0,0,0,0,0,0
CETPROJH22479,Feasibility,2024.0,2024,Green,0,Europe (EU-27),1,Industry (other),0,1,0,0,8.740496729931813,0,0,0,0,0
CETPROJH22478,Feasibility,2024.0,2024,Green,0,Europe (EU-27),1,Industry (other),0,1,0,0,8.35490952835879,0,0,0,0,0
CETPROJH22477,Feasibility,2024.0,2024,Green,0,Europe (EU-27),1,Industry (other),0,1,0,0,7.661997558901893,0,0,0,0,0
CETPROJH22476,Feasibility,2024.0,2024,Green,0,Europe (EU-27),1,Industry (other),0,1,0,0,8.740496729931813,0,0,0,0,0
CETPROJH22475,Feasibility,2023.0,2023,Green,0,Latin America,0,Industry (other),0,0,0,0,0.0,0,0,0,0,0
CETPROJH22474,Announced (early stage),2024.0,2024,Green,0,Africa,0,Unknown,0,0,0,0,0.0,0,0,0,0,0
CETPROJH22473,Feasibility,2024.0,2024,Green,0,Asia-Pacific,0,Transport (road),0,0,0,0,3.970291913552122,0,0,0,0,0
CETPROJH22472,Fully commissioned,2024.0,2024,Waste,0,Latin America,0,Industry (chemical feedstock),1,1,0,0,6.8966943316227125,0,0,0,0,1
CETPROJH22471,Feasibility,2024.0,2024,Blue_CCS,1,Middle East,0,Power & heat,0,0,0,0,0.0,0,0,0,0,0
CETPROJH22470,Feasibility,2024.0,2024,Green,0,Asia-Pacific,0,Unknown,0,0,0,0,7.221105098182496,0,0,0,0,0
CETPROJH2247,Fully commissioned,2020.0,2020,Green,0,Asia-Pacific,0,Industry (chemical feedstock),1,1,0,0,5.6131281063880705,0,0,0,0,1
CETPROJH22469,Under construction,2024.0,2024,Green,0,Europe (non EU-27),0,Transport (road),0,0,0,0,0.0,0,0,0,0,0
CETPROJH22468,Feasibility,2024.0,2024,Green,0,Europe (EU-27),1,Industry (other),0,1,0,0,9.770013301136158,0,0,0,0,0
CETPROJH22467,Feasibility,2024.0,2024,Green,0,Europe (EU-27),1,Industry (chemical feedstock),1,1,1,0,10.992066340225865,0,0,0,0,0
CETPROJH22466,Announced (advanced),2024.0,2024,Green,0,Asia-Pacific,0,Unknown,0,0,0,0,11.918397239722838,0,0,0,0,0
CETPROJH22465,Announced (advanced),2024.0,2024,Green,0,Latin America,0,Unknown,0,1,0,1,12.248332006544095,0,0,0,0,0
CETPROJH22464,Announced (advanced),2024.0,2024,Green,0,Africa,0,Unknown,0,1,0,1,11.133142723386813,0,0,0,0,0
CETPROJH22463,Announced (advanced),2024.0,2024,Green,0,Africa,0,Unknown,0,1,0,1,10.727684925086583,0,0,0,0,0
CETPROJH22462,Feasibility,2023.0,2023,Green,0,North America,0,Transport (aviation),0,0,0,0,10.188704088048116,0,0,0,0,0
CETPROJH22461,Announced (advanced),2024.0,2024,Green,0,Europe (EU-27),1,Power & heat,0,1,0,0,6.688354713946762,0,0,0,0,0
CETPROJH22460,Fully commissioned,2023.0,2023,Green,0,Africa,0,Industry (other),0,0,0,0,7.115582126184454,0,0,0,0,1
CETPROJH2246,Feasibility,2022.0,2022,Green,0,Asia-Pacific,0,Transport (road),0,0,0,0,8.287780027088433,0,0,0,0,0
CETPROJH22459,Announced (early stage),2024.0,2024,Green,0,Asia-Pacific,0,Power & heat,0,0,0,0,0.0,0,0,0,0,0
CETPROJH22458,Fully commissioned,2024.0,2024,Green,0,Latin America,0,Power & heat,0,0,0,0,0.0,0,0,0,0,1
CETPROJH22457,Feasibility,2024.0,2024,Blue_CCS,1,Europe (EU-27),1,Unknown,0,1,0,0,0.0,0,0,0,0,0
CETPROJH22456,Under construction,2024.0,2024,Green,0,Asia-Pacific,0,Transport (road),0,0,0,0,5.429345628954441,0,0,0,0,0
CETPROJH22455,Feasibility,2024.0,2024,Green,0,Middle East,0,Unknown,0,0,0,0,10.188704088048116,0,0,0,0,0
CETPROJH22454,Feasibility,2024.0,2024,Other,0,Europe (EU-27),1,Industry (refinery feedstock),1,1,1,0,9.90353755128617,0,0,0,0,0
CETPROJH22453,Under construction,2024.0,2024,Green,0,Asia-Pacific,0,Unknown,0,0,0,0,6.26530121273771,0,0,0,0,0
CETPROJH22452,Financed,2022.0,2022,Green,0,Asia-Pacific,0,Industry (chemical feedstock),1,1,0,0,11.053521460691103,0,0,0,0,0
CETPROJH22451,Fully commissioned,2022.0,2022,Green,0,Asia-Pacific,0,Industry (chemical feedstock),1,1,0,0,10.30551341989678,0,0,0,0,1
CETPROJH22450,Feasibility,2024.0,2024,Green,0,Asia-Pacific,0,Unknown,0,0,0,0,9.932949262685748,0,0,0,0,0
CETPROJH2245,Fully commissioned,2020.0,2020,Green,0,Asia-Pacific,0,Transport (road),0,0,0,0,7.62608275807238,0,0,0,0,1
CETPROJH22449,Feasibility,2024.0,2024,Green,0,Asia-Pacific,0,Unknown,0,0,0,0,9.259225769705994,0,0,0,0,0
CETPROJH22448,Feasibility,2024.0,2024,Green,0,Asia-Pacific,0,Unknown,0,0,0,0,8.58316818033977,0,0,0,0,0
CETPROJH22447,Feasibility,2024.0,2024,Green,0,Asia-Pacific,0,Unknown,0,0,0,0,9.060795734696166,0,0,0,0,0
CETPROJH22446,Under construction,2024.0,2024,Green,0,Asia-Pacific,0,Unknown,0,0,0,0,9.503084610020228,0,0,0,0,0
CETPROJH22445,Under construction,2024.0,2024,Green,0,Asia-Pacific,0,Unknown,0,0,0,0,9.320807825002154,0,0,0,0,0
CETPROJH22444,Fully commissioned,2024.0,2024,Green,0,North America,0,Transport (rail),0,0,0,0,3.7376696182833684,0,0,0,0,1
CETPROJH22443,Fully commissioned,2024.0,2024,Green,0,North America,0,Transport (rail),0,0,0,0,4.07753744390572,0,0,0,0,1
CETPROJH22442,On-hold (confirmed),2024.0,2024,Green,0,Europe (EU-27),1,Industry (other),0,1,0,1,9.985113621416073,0,0,1,1,0
CETPROJH22441,Announced (advanced),2024.0,2024,Waste,0,Middle East,0,Transport (shipping),0,0,0,0,0.0,0,0,0,0,0
CETPROJH22440,Feasibility,2024.0,2024,Green,0,Asia-Pacific,0,Unknown,0,0,0,0,9.908524844053396,0,0,0,0,0
CETPROJH2244,Fully commissioned,2021.0,2021,Green,0,Asia-Pacific,0,Industry (refinery feedstock),1,1,0,0,8.517393171418904,0,0,0,0,1
CETPROJH22439,Permitted,2024.0,2024,Green,0,Asia-Pacific,0,Unknown,0,0,0,0,9.503084610020228,0,0,0,0,0
CETPROJH22438,Feasibility,2024.0,2024,Green,0,Asia-Pacific,0,Unknown,0,0,0,0,9.74326011321524,0,0,0,0,0
CETPROJH22437,Feasibility,2024.0,2024,Green,0,Asia-Pacific,0,Unknown,0,0,0,0,10.06266841688844,0,0,0,0,0
CETPROJH22436,Permitted,2024.0,2024,Green,0,Asia-Pacific,0,Unknown,0,0,0,0,10.070145404863476,0,0,0,0,0
CETPROJH22435,Feasibility,2024.0,2024,Green,0,Asia-Pacific,0,Unknown,0,0,0,0,10.085850775128717,0,0,0,0,0
CETPROJH22434,Feasibility,2024.0,2024,Green,0,Asia-Pacific,0,Transport (aviation),0,0,0,0,10.196194479235656,0,0,0,0,0
CETPROJH22433,Under construction,2024.0,2024,Green,0,Asia-Pacific,0,Industry (chemical feedstock),1,1,0,0,8.936035096566041,0,0,0,0,0
CETPROJH22432,Feasibility,2024.0,2024,Green,0,Asia-Pacific,0,Industry (chemical feedstock),1,1,0,0,10.308985993422082,0,0,0,0,0
CETPROJH22431,Under construction,2024.0,2024,Green,0,Asia-Pacific,0,Industry (chemical feedstock),1,1,0,0,9.441531454869693,0,0,0,0,0
CETPROJH22430,Feasibility,2024.0,2024,Green,0,Europe (EU-27),1,Power & heat,0,1,0,0,2.5649493574615367,0,0,0,0,0
CETPROJH2243,Fully commissioned,2016.0,2016,Green,0,Asia-Pacific,0,Transport (road),0,0,0,0,2.4849066497880004,0,0,0,0,1
CETPROJH22429,Feasibility,2024.0,2024,Green,0,Asia-Pacific,0,Unknown,0,0,0,0,11.146243474284297,0,0,0,0,0
CETPROJH22428,Under construction,2024.0,2024,Green,0,Asia-Pacific,0,Unknown,0,0,0,0,6.478509642208569,0,0,0,0,0
CETPROJH22427,Feasibility,2024.0,2024,Green,0,Asia-Pacific,0,Unknown,0,0,0,0,7.824445930877619,0,0,0,0,0
CETPROJH22426,Feasibility,2024.0,2024,Green,0,Asia-Pacific,0,Transport (rail),0,0,0,0,6.461468176353717,0,0,0,0,0
CETPROJH22425,Under construction,2024.0,2024,Green,0,Asia-Pacific,0,Industry (chemical feedstock),1,1,0,0,8.517393171418904,0,0,0,0,0
CETPROJH22424,Under construction,2024.0,2024,Green,0,Asia-Pacific,0,Transport (other),0,0,0,0,3.7612001156935624,0,0,0,0,0
CETPROJH22423,Permitted,2024.0,2024,Green,0,Asia-Pacific,0,Unknown,0,0,0,0,11.015032519115959,0,0,0,0,0
CETPROJH22422,Design,2024.0,2024,Green,0,Asia-Pacific,0,Unknown,0,0,0,0,10.083389517811316,0,0,0,0,0
CETPROJH22421,Design,2024.0,2024,Green,0,Europe (EU-27),1,Transport (road),0,1,0,0,5.673323267171493,0,0,0,0,0
CETPROJH22420,Announced (advanced),2024.0,2024,Green,0,Latin America,0,Unknown,0,0,0,0,10.188704088048116,0,0,0,0,0
CETPROJH22419,Feasibility,2024.0,2024,Green,0,Europe (non EU-27),0,Unknown,0,0,0,0,0.0,0,0,0,0,0
CETPROJH22418,On-hold (assumed),2022.0,2022,Blue_CCS,1,Europe (EU-27),1,Unknown,0,1,0,0,9.169622538697624,0,0,0,1,0
CETPROJH22417,Permitted,2024.0,2024,Green,0,Latin America,0,Transport (road),0,0,0,0,2.995732273553991,0,0,0,0,0
CETPROJH22416,Feasibility,2024.0,2024,Green,0,Europe (EU-27),1,Unknown,0,1,0,0,8.30844552038576,0,0,0,0,0
CETPROJH22415,Feasibility,2024.0,2024,Green,0,Europe (EU-27),1,Unknown,0,1,0,0,8.664923303440572,0,0,0,0,0
CETPROJH22414,Announced (advanced),2024.0,2024,Green,0,Europe (EU-27),1,Power & heat,0,1,0,0,9.041448235493888,0,0,0,0,0
CETPROJH22413,Announced (advanced),2024.0,2024,Green,0,Europe (EU-27),1,Power & heat,0,1,0,0,7.59488438721652,0,0,0,0,0
CETPROJH22412,Feasibility,2024.0,2024,Green,0,Africa,0,Unknown,0,1,0,1,10.034559673629849,0,0,0,0,0
CETPROJH22411,Fully commissioned,2024.0,2024,Green,0,Middle East,0,Industry (other),1,1,0,0,0.0,0,0,0,0,1
CETPROJH22410,Design,2024.0,2024,Green,0,Europe (EU-27),1,Industry (other),0,1,0,0,5.855071922202427,0,0,0,0,0
CETPROJH22409,Fully commissioned,2024.0,2024,Green,0,Europe (EU-27),1,Industry (other),0,1,0,0,5.823045895483019,0,0,0,0,1
CETPROJH22408,Permitted,2021.0,2021,Green,0,North America,0,Industry (chemical feedstock),1,1,0,0,10.799595985047786,0,0,0,0,0
CETPROJH22407,Announced (advanced),2024.0,2024,Green,0,North America,0,Gas grid,0,0,0,0,8.425735580927402,0,0,0,0,0
CETPROJH22406,Announced (advanced),2024.0,2024,Green,0,Africa,0,Unknown,0,1,0,1,9.897016661405816,0,0,0,0,0
CETPROJH22405,Announced (early stage),2024.0,2024,Green,0,Africa,0,Industry (chemical feedstock),1,1,1,1,0.0,0,0,0,0,0
CETPROJH22404,Announced (early stage),2024.0,2024,Green,0,Europe (non EU-27),0,Industry (other),0,0,0,0,0.0,0,0,0,0,0
CETPROJH22403,Feasibility,2024.0,2024,Green,0,Europe (EU-27),1,Transport (shipping),0,1,0,0,9.82800941136017,0,0,0,0,0
CETPROJH22402,Design,2024.0,2024,Green,0,Europe (EU-27),1,Transport (shipping),0,1,0,0,7.937731775260109,0,0,0,0,0
CETPROJH22401,Feasibility,2024.0,2024,Green,0,Europe (EU-27),1,Transport (aviation),0,1,0,0,10.274292200380668,0,0,0,0,0
CETPROJH22400,Feasibility,2024.0,2024,Green,0,Latin America,0,Unknown,0,0,0,0,4.430816798843313,0,0,0,0,0
CETPROJH224,On-hold (assumed),2021.0,2021,Green,0,Middle East,0,Industry (other),0,0,0,0,10.491301994830229,0,0,0,1,0
CETPROJH22399,Design,2023.0,2023,Green,0,Asia-Pacific,0,Industry (refinery feedstock),1,1,0,0,3.9512437185814275,0,0,0,0,0
CETPROJH22398,Under construction,2024.0,2024,Green,0,North America,0,Transport (road),0,0,0,0,5.545177444479562,0,0,0,0,0
CETPROJH22397,Plans cancelled,2024.0,2024,Green,0,Europe (EU-27),1,Industry (other),0,1,0,0,6.692083742506628,1,1,1,1,0
CETPROJH22396,Announced (advanced),2024.0,2024,Green,0,Asia-Pacific,0,Unknown,0,0,0,0,12.388398368982115,0,0,0,0,0
CETPROJH22395,Feasibility,2024.0,2024,Green,0,Asia-Pacific,0,Industry (other),1,1,0,0,5.703782474656201,0,0,0,0,0
CETPROJH22394,Feasibility,2024.0,2024,Green,0,Asia-Pacific,0,Industry (other),1,1,0,0,5.703782474656201,0,0,0,0,0
CETPROJH22393,Feasibility,2024.0,2024,Green,0,Asia-Pacific,0,Industry (other),1,1,0,0,5.703782474656201,0,0,0,0,0
CETPROJH22392,Feasibility,2024.0,2024,Green,0,Asia-Pacific,0,Industry (other),0,0,0,0,6.957497370876951,0,0,0,0,0
CETPROJH22391,Under construction,2024.0,2024,Green,0,Europe (EU-27),1,Industry (refinery feedstock),1,1,1,0,5.081404364984463,0,0,0,0,0
CETPROJH22390,Announced (early stage),2024.0,2024,Green,0,North America,0,Transport (road),0,0,0,0,0.0,0,0,0,0,0
CETPROJH2239,Under construction,2021.0,2021,Green,0,Asia-Pacific,0,Industry (chemical feedstock),1,1,0,0,9.392745258631441,0,0,0,0,0
CETPROJH22389,Under construction,2024.0,2024,Green,0,Asia-Pacific,0,Transport (road),0,0,0,0,10.085850775128717,0,0,0,0,0
CETPROJH22388,Feasibility,2024.0,2024,Green,0,Latin America,0,Industry (other),1,1,0,0,0.0,0,0,0,0,0
CETPROJH22387,Permitted,2024.0,2024,Green,0,Asia-Pacific,0,Unknown,0,0,0,0,1.9459101490553132,0,0,0,0,0
CETPROJH22386,Fully commissioned,2024.0,2024,Green,0,Asia-Pacific,0,Industry (other),0,0,0,0,2.8903717578961645,0,0,0,0,1
CETPROJH22385,Feasibility,2024.0,2024,Green,0,Africa,0,Unknown,0,1,0,1,0.0,0,0,0,0,0
CETPROJH22384,Feasibility,2024.0,2024,Green,0,Africa,0,Unknown,0,1,0,1,10.120130017507979,0,0,0,0,0
CETPROJH22383,Feasibility,2024.0,2024,Green,0,Middle East,0,Unknown,0,1,0,1,0.0,0,0,0,0,0
CETPROJH22382,Design,2022.0,2022,Blue_CCS,1,North America,0,Transport (road),0,0,0,0,12.73366983698063,0,0,0,0,0
CETPROJH22381,Announced (advanced),2024.0,2024,Green,0,Asia-Pacific,0,Unknown,0,0,0,0,11.156264806643742,0,0,0,0,0
CETPROJH22380,Announced (early stage),2024.0,2024,Green,0,Asia-Pacific,0,Industry (chemical feedstock),1,1,0,0,0.0,0,0,0,0,0
CETPROJH2238,Under construction,2021.0,2021,Green,0,Asia-Pacific,0,Industry (chemical feedstock),1,1,0,0,8.699681400989514,0,0,0,0,0
CETPROJH22379,Announced (advanced),2024.0,2024,Green,0,Asia-Pacific,0,Unknown,0,0,0,0,8.160803920954665,0,0,0,0,0
CETPROJH22378,Announced (advanced),2024.0,2024,Green,0,Latin America,0,Transport (other),0,0,0,0,0.0,0,0,0,0,0
CETPROJH22377,Announced (advanced),2024.0,2024,Green,0,Europe (EU-27),1,Unknown,0,1,0,0,10.793064630891859,0,0,0,0,0
CETPROJH22376,Feasibility,2024.0,2024,Green,0,Europe (EU-27),1,Unknown,0,1,0,0,9.406811351874557,0,0,0,0,0
CETPROJH22375,Under construction,2024.0,2024,Green,0,Europe (EU-27),1,Transport (road),0,1,0,0,5.545177444479562,0,0,0,0,0
CETPROJH22374,Feasibility,2024.0,2024,Green,0,Europe (EU-27),1,Transport (road),0,1,0,0,4.499809670330265,0,0,0,0,0
CETPROJH22373,Feasibility,2024.0,2024,Green,0,Asia-Pacific,0,Unknown,0,0,0,0,8.802522498284421,0,0,0,0,0
CETPROJH22372,Feasibility,2024.0,2024,Green,0,Asia-Pacific,0,Unknown,0,0,0,0,0.0,0,0,0,0,0
CETPROJH22371,Feasibility,2024.0,2024,Green,0,Europe (EU-27),1,Industry (other),0,1,0,0,6.55250788703459,0,0,0,0,0
CETPROJH22370,Announced (early stage),2024.0,2024,Waste,0,North America,0,Transport (other),0,0,0,0,0.0,0,0,0,0,0
CETPROJH2237,Fully commissioned,2016.0,2016,Green,0,Asia-Pacific,0,Transport (road),0,0,0,0,6.331501849893691,0,0,0,0,1
CETPROJH22369,Design,2024.0,2024,Green,0,Europe (EU-27),1,Transport (other),0,1,0,0,4.605170185988092,0,0,0,0,0
CETPROJH22368,Feasibility,2022.0,2022,Green,0,Europe (EU-27),1,Unknown,0,1,0,0,5.087596335232384,0,0,0,0,0
CETPROJH22367,On-hold (assumed),2022.0,2022,Blue_CCS,1,North America,0,Transport (other),0,0,0,0,11.891368749982085,0,0,0,1,0
CETPROJH22366,Announced (advanced),2024.0,2024,Green,0,North America,0,Power & heat,0,0,0,0,9.731215331595175,0,0,0,0,0
CETPROJH22365,Feasibility,2024.0,2024,Green,0,North America,0,Power & heat,0,0,0,0,9.325809621782296,0,0,0,0,0
CETPROJH22364,Feasibility,2024.0,2024,Green,0,Europe (EU-27),1,Unknown,0,1,0,0,10.12667110305036,0,0,0,0,0
CETPROJH22363,Design,2024.0,2024,Green,0,Europe (EU-27),1,Gas grid,0,1,0,0,9.61587214452889,0,0,0,0,0
CETPROJH22362,Design,2024.0,2024,Green,0,Europe (EU-27),1,Transport (rail),0,1,0,0,5.337538079701318,0,0,0,0,0
CETPROJH22361,Design,2024.0,2024,Green,0,Europe (non EU-27),0,Industry (other),0,0,0,0,7.7488913372555315,0,0,0,0,0
CETPROJH22360,Feasibility,2021.0,2021,Green,0,Asia-Pacific,0,Industry (chemical feedstock),1,1,0,0,11.632954864549752,0,0,0,0,0
CETPROJH2236,Fully commissioned,2015.0,2015,Green,0,Asia-Pacific,0,Transport (road),0,0,0,0,5.1298987149230735,0,0,0,0,1
CETPROJH22359,Design,2024.0,2024,Green,0,Asia-Pacific,0,Industry (chemical feedstock),1,1,0,0,10.33371031177002,0,0,0,0,0
CETPROJH22358,Feasibility,2024.0,2024,Blue_CCS,1,North America,0,Unknown,0,0,0,0,7.2868764117507,0,0,0,0,0
CETPROJH22357,Announced (advanced),2024.0,2024,Green,0,Asia-Pacific,0,Unknown,0,0,0,0,5.41610040220442,0,0,0,0,0
CETPROJH22356,Feasibility,2024.0,2024,Green,0,North America,0,Industry (other),0,0,0,0,9.771155440487087,0,0,0,0,0
CETPROJH22355,Feasibility,2024.0,2024,Green,0,North America,0,Industry (other),0,0,0,0,8.790421306897867,0,0,0,0,0
CETPROJH22354,Feasibility,2024.0,2024,Waste,0,Asia-Pacific,0,Industry (chemical feedstock),1,1,0,0,0.0,0,0,0,0,0
CETPROJH22353,Under construction,2024.0,2024,Green,0,Asia-Pacific,0,Transport (road),0,0,0,0,9.503084610020228,0,0,0,0,0
CETPROJH22352,Feasibility,2024.0,2024,Green,0,Europe (EU-27),1,Gas grid,0,1,0,0,6.023447592961033,0,0,0,0,0
CETPROJH22351,Feasibility,2023.0,2023,Green,0,Europe (non EU-27),0,Industry (other),0,0,0,0,8.664923303440572,0,0,0,0,0
CETPROJH22350,Feasibility,2024.0,2024,Green,0,Middle East,0,Unknown,0,0,0,0,9.495594499353297,0,0,0,0,0
CETPROJH22349,Feasibility,2024.0,2024,Green,0,Europe (EU-27),1,Unknown,0,1,0,0,6.957497370876951,0,0,0,0,0
CETPROJH22348,Feasibility,2024.0,2024,Green,0,Asia-Pacific,0,Unknown,0,0,0,0,12.19602736016897,0,0,0,0,0
CETPROJH22347,Permitted,2024.0,2024,Green,0,Asia-Pacific,0,Industry (refinery feedstock),1,1,0,0,4.07753744390572,0,0,0,0,0
CETPROJH22346,Feasibility,2024.0,2024,Blue_CCS,1,North America,0,Power & heat,0,0,0,0,5.860786223465865,0,0,0,0,0
CETPROJH22345,Plans cancelled,2024.0,2024,Green,0,Europe (EU-27),1,Industry (chemical feedstock),1,1,1,0,0.0,1,1,1,1,0
CETPROJH22344,Announced (early stage),2024.0,2024,Green,0,Asia-Pacific,0,Power & heat,0,0,0,0,0.0,0,0,0,0,0
CETPROJH22343,Fully commissioned,2024.0,2024,Green,0,Asia-Pacific,0,Transport (road),0,0,0,0,0.0,0,0,0,0,1
CETPROJH22342,Design,2024.0,2024,Blue_CCS,1,Asia-Pacific,0,Industry (chemical feedstock),1,1,0,0,5.680172609017068,0,0,0,0,0
CETPROJH22341,Financed,2024.0,2024,Blue_CCS,1,North America,0,Industry (refinery feedstock),1,1,0,0,11.695255355062795,0,0,0,0,0
CETPROJH22340,Feasibility,2024.0,2024,Green,0,Europe (EU-27),1,Industry (chemical feedstock),1,1,1,0,9.588845298501564,0,0,0,0,0
CETPROJH2234,Fully commissioned,2020.0,2020,Blue_CCS,1,Asia-Pacific,0,Industry (refinery feedstock),1,1,0,0,10.5839546799387,0,0,0,0,1
CETPROJH22339,Feasibility,2024.0,2024,Green,0,Asia-Pacific,0,Industry (refinery feedstock),1,1,0,0,8.160803920954665,0,0,0,0,0
CETPROJH22338,Feasibility,2024.0,2024,Green,0,North America,0,Transport (road),0,0,0,0,0.0,0,0,0,0,0
CETPROJH22337,Feasibility,2024.0,2024,Green,0,Latin America,0,Industry (other),1,1,0,0,4.2626798770413155,0,0,0,0,0
CETPROJH22336,Design,2024.0,2024,Green,0,Asia-Pacific,0,Transport (shipping),0,0,0,0,0.0,0,0,0,0,0
CETPROJH22335,Feasibility,2024.0,2024,Green,0,Europe (non EU-27),0,Unknown,0,0,0,0,7.1252830915107115,0,0,0,0,0
CETPROJH22334,Design,2023.0,2023,Green,0,Asia-Pacific,0,Industry (chemical feedstock),1,1,0,0,0.0,0,0,0,0,0
CETPROJH22333,Announced (advanced),2024.0,2024,Green,0,Europe (EU-27),1,Gas grid,0,1,0,0,7.972121128921655,0,0,0,0,0
CETPROJH22332,Announced (early stage),2024.0,2024,Blue_CCS,1,Europe (non EU-27),0,Unknown,0,0,0,0,12.940042620610054,0,0,0,0,0
CETPROJH22331,Design,2023.0,2023,Blue_CCS,1,Europe (non EU-27),0,Unknown,0,0,0,0,10.373522431293592,0,0,0,0,0
CETPROJH22330,Announced (advanced),2024.0,2024,Green,0,Middle East,0,Unknown,0,0,0,0,4.68213122712422,0,0,0,0,0
CETPROJH2233,On-hold (assumed),2021.0,2021,Green,0,Latin America,0,Unknown,0,0,0,0,9.210440366976517,0,0,0,1,0
CETPROJH22329,Under construction,2024.0,2024,Green,0,Asia-Pacific,0,Industry (chemical feedstock),1,1,0,0,10.385944565501662,0,0,0,0,0
CETPROJH22328,Announced (advanced),2024.0,2024,Green,0,Latin America,0,Unknown,0,0,0,0,10.313508931725504,0,0,0,0,0
CETPROJH22327,Announced (advanced),2024.0,2024,Waste,0,Middle East,0,Transport (other),0,0,0,0,3.7376696182833684,0,0,0,0,0
CETPROJH22326,Announced (advanced),2024.0,2024,Waste,0,Middle East,0,Transport (other),0,0,0,0,3.7376696182833684,0,0,0,0,0
CETPROJH22325,Announced (early stage),2024.0,2024,Green,0,Europe (EU-27),1,Gas grid,0,1,0,0,0.0,0,0,0,0,0
CETPROJH22324,Fully commissioned,2024.0,2024,Other,0,Asia-Pacific,0,Other,0,0,0,0,0.0,0,0,0,0,1
CETPROJH22323,Feasibility,2024.0,2024,Green,0,Asia-Pacific,0,Industry (other),0,0,0,0,5.081404364984463,0,0,0,0,0
CETPROJH22322,Under construction,2023.0,2023,Green,0,Europe (EU-27),1,Industry (refinery feedstock),1,1,1,0,7.873217054862741,0,0,0,0,0
CETPROJH22321,Feasibility,2024.0,2024,Green,0,Europe (EU-27),1,Unknown,0,1,0,0,1.9459101490553132,0,0,0,0,0
CETPROJH22320,On-hold (confirmed),2024.0,2024,Green,0,Europe (non EU-27),0,Industry (other),0,0,0,0,7.615298339825815,0,0,1,1,0
CETPROJH2232,On-hold (assumed),2021.0,2021,Green,0,Latin America,0,Unknown,0,0,0,0,10.434145214930487,0,0,0,1,0
CETPROJH22319,On-hold (confirmed),2024.0,2024,Green,0,Europe (non EU-27),0,Industry (other),0,0,0,0,7.615298339825815,0,0,1,1,0
CETPROJH22318,Feasibility,2024.0,2024,Blue_CCS,1,North America,0,Power & heat,0,0,0,0,11.876074407284445,0,0,0,0,0
CETPROJH22317,Under construction,2023.0,2023,Green,0,Asia-Pacific,0,Industry (chemical feedstock),1,1,0,0,9.392745258631441,0,0,0,0,0
CETPROJH22316,Fully commissioned,2024.0,2024,Green,0,Asia-Pacific,0,Transport (road),0,0,0,0,7.2868764117507,0,0,0,0,1
CETPROJH22315,Feasibility,2024.0,2024,Green,0,Asia-Pacific,0,Transport (aviation),0,0,0,0,8.9641840463529,0,0,0,0,0
CETPROJH22314,Permitted,2024.0,2024,Green,0,Asia-Pacific,0,Industry (chemical feedstock),1,1,0,0,11.002116507732017,0,0,0,0,0
CETPROJH22313,Design,2023.0,2023,Green,0,Asia-Pacific,0,Industry (chemical feedstock),1,1,0,0,10.196194479235656,0,0,0,0,0
CETPROJH22312,Permitted,2023.0,2023,Green,0,Asia-Pacific,0,Industry (chemical feedstock),1,1,0,0,10.06266841688844,0,0,0,0,0
CETPROJH22311,Announced (advanced),2024.0,2024,Blue_CCS,1,North America,0,Industry (chemical feedstock),1,1,0,0,10.899531719479302,0,0,0,0,0
CETPROJH22310,Fully commissioned,2024.0,2024,Green,0,Asia-Pacific,0,Power & heat,0,0,0,0,3.4657359027997265,0,0,0,0,1
CETPROJH2231,On-hold (assumed),2021.0,2021,Green,0,Latin America,0,Transport (road),0,0,0,0,2.5649493574615367,0,0,0,1,0
CETPROJH22309,Feasibility,2024.0,2024,Green,0,Africa,0,Unknown,0,0,0,0,0.0,0,0,0,0,0
CETPROJH22308,Feasibility,2024.0,2024,Green,0,Africa,0,Unknown,0,0,0,0,0.0,0,0,0,0,0
CETPROJH22307,Feasibility,2024.0,2024,Green,0,Africa,0,Unknown,0,0,0,0,0.0,0,0,0,0,0
CETPROJH22306,Feasibility,2024.0,2024,Green,0,Africa,0,Unknown,0,1,0,1,10.571342565808699,0,0,0,0,0
CETPROJH22305,Feasibility,2024.0,2024,Green,0,Africa,0,Unknown,0,0,0,0,0.0,0,0,0,0,0
CETPROJH22304,Feasibility,2024.0,2024,Green,0,Africa,0,Unknown,0,0,0,0,0.0,0,0,0,0,0
CETPROJH22303,Announced (advanced),2024.0,2024,Green,0,North America,0,Transport (aviation),0,0,0,0,9.770013301136158,0,0,0,0,0
CETPROJH22302,On-hold (assumed),2023.0,2023,Green,0,Middle East,0,Unknown,0,0,0,0,10.26144167797324,0,0,0,1,0
CETPROJH22301,Feasibility,2023.0,2023,Green,0,Europe (EU-27),1,Gas grid,0,1,0,0,7.4127640174265625,0,0,0,0,0
CETPROJH22300,Permitted,2024.0,2024,Green,0,Asia-Pacific,0,Transport (road),0,0,0,0,7.768110378525988,0,0,0,0,0
CETPROJH2230,Design,2021.0,2021,Green,0,Latin America,0,Power & heat,0,0,0,0,3.6109179126442243,0,0,0,0,0
CETPROJH223,Fully commissioned,2015.0,2015,Green,0,Middle East,0,Power & heat,0,0,0,0,2.0794415416798357,0,0,0,0,1
CETPROJH22299,On-hold (assumed),2023.0,2023,Green,0,Europe (EU-27),1,Gas grid,0,1,0,0,4.143134726391533,0,0,0,1,0
CETPROJH22298,Permitted,2024.0,2024,Green,0,Asia-Pacific,0,Unknown,0,0,0,0,10.32485881766135,0,0,0,0,0
CETPROJH22297,Permitted,2024.0,2024,Green,0,Asia-Pacific,0,Unknown,0,0,0,0,10.532656055217016,0,0,0,0,0
CETPROJH22296,Permitted,2023.0,2023,Green,0,Asia-Pacific,0,Industry (chemical feedstock),1,1,0,0,9.739143428972826,0,0,0,0,0
CETPROJH22295,Announced (advanced),2024.0,2024,Green,0,Asia-Pacific,0,Transport (road),0,0,0,0,5.517452896464707,0,0,0,0,0
CETPROJH22294,Announced (advanced),2024.0,2024,Green,0,North America,0,Unknown,0,0,0,0,10.590113516105808,0,0,0,0,0
CETPROJH22293,Feasibility,2023.0,2023,Blue_CCS,1,Middle East,0,Unknown,0,0,0,0,12.022396171249941,0,0,0,0,0
CETPROJH22292,Permitted,2023.0,2023,Green,0,Asia-Pacific,0,Industry (chemical feedstock),1,1,0,0,7.950149887652018,0,0,0,0,0
CETPROJH22291,Fully commissioned,2023.0,2023,Green,0,Asia-Pacific,0,Transport (shipping),0,0,0,0,9.952325334619427,0,0,0,0,1
CETPROJH22290,Fully commissioned,2023.0,2023,Green,0,Asia-Pacific,0,Unknown,0,0,0,0,6.852242569051878,0,0,0,0,1
CETPROJH2229,On-hold (assumed),2021.0,2021,Green,0,Latin America,0,Unknown,0,0,0,0,11.127277689932466,0,0,0,1,0
CETPROJH22289,Under construction,2024.0,2024,Green,0,Asia-Pacific,0,Transport (road),0,0,0,0,7.362645270417825,0,0,0,0,0
CETPROJH22288,Under construction,2024.0,2024,Green,0,Asia-Pacific,0,Transport (aviation),0,0,0,0,9.14644164612595,0,0,0,0,0
CETPROJH22287,Permitted,2024.0,2024,Green,0,Asia-Pacific,0,Unknown,0,0,0,0,9.964770780953026,0,0,0,0,0
CETPROJH22286,Announced (advanced),2024.0,2024,Green,0,Asia-Pacific,0,Industry (chemical feedstock),1,1,0,0,8.274866820685254,0,0,0,0,0
CETPROJH22285,Feasibility,2024.0,2024,Green,0,Asia-Pacific,0,Industry (chemical feedstock),1,1,0,0,10.196194479235656,0,0,0,0,0
CETPROJH22284,Feasibility,2024.0,2024,Green,0,Asia-Pacific,0,Industry (chemical feedstock),1,1,0,0,10.196194479235656,0,0,0,0,0
CETPROJH22283,Under construction,2024.0,2024,Green,0,Asia-Pacific,0,Industry (chemical feedstock),1,1,0,0,9.623839785112668,0,0,0,0,0
CETPROJH22282,Under construction,2024.0,2024,Green,0,Europe (EU-27),1,Industry (other),0,1,0,0,5.937536205082426,0,0,0,0,0
CETPROJH22281,Permitted,2024.0,2024,Green,0,Asia-Pacific,0,Unknown,0,0,0,0,11.095575005062832,0,0,0,0,0
CETPROJH22280,Feasibility,2024.0,2024,Green,0,Asia-Pacific,0,Industry (chemical feedstock),1,1,0,0,9.32375833901174,0,0,0,0,0
CETPROJH2228,On-hold (assumed),2021.0,2021,Green,0,Latin America,0,Gas grid,0,0,0,0,10.216947014848268,0,0,0,1,0
CETPROJH22279,Feasibility,2024.0,2024,Green,0,Asia-Pacific,0,Industry (chemical feedstock),1,1,0,0,9.32375833901174,0,0,0,0,0
CETPROJH22278,Feasibility,2023.0,2023,Green,0,Latin America,0,Transport (road),0,0,0,0,5.673323267171493,0,0,0,0,0
CETPROJH22277,Design,2024.0,2024,Green,0,Latin America,0,Transport (road),0,0,0,0,4.110873864173311,0,0,0,0,0
CETPROJH22276,Announced (advanced),2024.0,2024,Green,0,Asia-Pacific,0,Industry (chemical feedstock),1,1,0,0,12.498745990829315,0,0,0,0,0
CETPROJH22275,Announced (advanced),2024.0,2024,Green,0,Asia-Pacific,0,Industry (chemical feedstock),1,1,0,0,12.904209855160254,0,0,0,0,0
CETPROJH22274,Announced (advanced),2023.0,2023,Green,0,Asia-Pacific,0,Industry (chemical feedstock),1,1,0,0,13.415034483903348,0,0,0,0,0
CETPROJH22273,Feasibility,2024.0,2024,Green,0,Asia-Pacific,0,Industry (chemical feedstock),1,1,0,0,11.998716317616294,0,0,0,0,0
CETPROJH22272,Under construction,2024.0,2024,Green,0,Asia-Pacific,0,Industry (chemical feedstock),1,1,0,0,10.183465020602357,0,0,0,0,0
CETPROJH22271,Under construction,2024.0,2024,Green,0,Asia-Pacific,0,Unknown,0,0,0,0,11.002116507732017,0,0,0,0,0
CETPROJH22270,Fully commissioned,2022.0,2022,Green,0,Asia-Pacific,0,Unknown,0,0,0,0,5.6240175061873385,0,0,0,0,1
CETPROJH2227,On-hold (assumed),2021.0,2021,Green,0,Latin America,0,Transport (rail),0,0,0,0,4.9344739331306915,0,0,0,1,0
CETPROJH22269,Announced (advanced),2024.0,2024,Green,0,Asia-Pacific,0,Unknown,1,1,0,0,8.517393171418904,0,0,0,0,0
CETPROJH22268,Fully commissioned,2024.0,2024,Green,0,Europe (EU-27),1,Industry (other),1,1,1,0,4.605170185988092,0,0,0,0,1
CETPROJH22267,Announced (advanced),2024.0,2024,Green,0,Asia-Pacific,0,Transport (aviation),0,0,0,0,9.249657234353133,0,0,0,0,0
CETPROJH22266,Feasibility,2024.0,2024,Green,0,Asia-Pacific,0,Industry (chemical feedstock),1,1,0,0,10.483857895493113,0,0,0,0,0
CETPROJH22265,Feasibility,2024.0,2024,Green,0,Asia-Pacific,0,Industry (chemical feedstock),1,1,0,0,10.483857895493113,0,0,0,0,0
CETPROJH22264,Under construction,2024.0,2024,Green,0,Asia-Pacific,0,Industry (other),0,0,0,0,9.495594499353297,0,0,0,0,0
CETPROJH22263,Under construction,2024.0,2024,Green,0,Asia-Pacific,0,Power & heat,0,0,0,0,4.110873864173311,0,0,0,0,0
CETPROJH22262,Design,2023.0,2023,Green,0,Europe (non EU-27),0,Industry (other),0,0,0,0,0.0,0,0,0,0,0
CETPROJH22261,Under construction,2024.0,2024,Green,0,Europe (non EU-27),0,Transport (road),0,0,0,0,4.7535901911063645,0,0,0,0,0
CETPROJH22260,Fully commissioned,2022.0,2022,Green,0,Europe (non EU-27),0,Unknown,0,0,0,0,1.791759469228055,0,0,0,0,1
CETPROJH2226,On-hold (assumed),2021.0,2021,Green,0,Latin America,0,Industry (other),0,0,0,0,10.41184012081972,0,0,0,1,0
CETPROJH22259,Plans cancelled,2023.0,2023,Green,0,North America,0,Unknown,0,0,0,0,11.49273296168228,1,1,1,1,0
CETPROJH22258,Feasibility,2024.0,2024,Green,0,Asia-Pacific,0,Transport (aviation),0,0,0,0,0.0,0,0,0,0,0
CETPROJH22257,Under construction,2023.0,2023,Green,0,Asia-Pacific,0,Transport (road),0,0,0,0,8.18423477409482,0,0,0,0,0
CETPROJH22256,Fully commissioned,2024.0,2024,Green,0,Asia-Pacific,0,Unknown,0,0,0,0,2.3978952727983707,0,0,0,0,1
CETPROJH22255,Under construction,2024.0,2024,Green,0,Asia-Pacific,0,Industry (chemical feedstock),1,1,0,0,8.517393171418904,0,0,0,0,0
CETPROJH22254,Design,2024.0,2024,Green,0,Asia-Pacific,0,Unknown,0,0,0,0,8.188966863648876,0,0,0,0,0
CETPROJH22253,Under construction,2024.0,2024,Green,0,Asia-Pacific,0,Unknown,0,0,0,0,8.188966863648876,0,0,0,0,0
CETPROJH22252,Design,2024.0,2024,Green,0,Asia-Pacific,0,Unknown,0,0,0,0,8.525359754082631,0,0,0,0,0
CETPROJH22251,Design,2024.0,2024,Green,0,Asia-Pacific,0,Unknown,0,0,0,0,8.525359754082631,0,0,0,0,0
CETPROJH22250,Design,2024.0,2024,Green,0,Asia-Pacific,0,Unknown,0,0,0,0,8.188966863648876,0,0,0,0,0
CETPROJH2225,On-hold (assumed),2022.0,2022,Green,0,Latin America,0,Industry (other),1,1,0,0,6.297109319933935,0,0,0,1,0
CETPROJH22249,Under construction,2024.0,2024,Green,0,Asia-Pacific,0,Unknown,0,0,0,0,9.0642735958414,0,0,0,0,0
CETPROJH22248,Design,2022.0,2022,Green,0,Africa,0,Other,0,0,0,0,5.262690188904886,0,0,0,0,0
CETPROJH22247,Design,2022.0,2022,Green,0,Africa,0,Other,0,0,0,0,5.327876168789581,0,0,0,0,0
CETPROJH22246,Feasibility,2024.0,2024,Green,0,Europe (EU-27),1,Gas grid,0,1,0,0,8.77043908654689,0,0,0,0,0
CETPROJH22245,Under construction,2024.0,2024,Green,0,Europe (EU-27),1,Transport (road),0,1,0,0,6.315358001522335,0,0,0,0,0
CETPROJH22244,On-hold (confirmed),2024.0,2024,Green,0,Europe (EU-27),1,Industry (other),1,1,1,0,7.972121128921655,0,0,1,1,0
CETPROJH22243,Feasibility,2023.0,2023,Green,0,Middle East,0,Unknown,0,0,0,0,9.025575833531088,0,0,0,0,0
CETPROJH22242,Feasibility,2023.0,2023,Green,0,Middle East,0,Unknown,0,0,0,0,9.770013301136158,0,0,0,0,0
CETPROJH22241,Permitted,2023.0,2023,Green,0,Middle East,0,Unknown,0,1,0,1,8.46611040118692,0,0,0,0,0
CETPROJH22240,Feasibility,2023.0,2023,Green,0,Middle East,0,Unknown,0,0,0,0,9.207937487359873,0,0,0,0,0
CETPROJH2224,Permitted,2021.0,2021,Green,0,Latin America,0,Unknown,0,0,0,0,5.707110264748875,0,0,0,0,0
CETPROJH22239,Feasibility,2023.0,2023,Green,0,Middle East,0,Unknown,0,0,0,0,11.104972264124868,0,0,0,0,0
CETPROJH22238,Announced (advanced),2023.0,2023,Green,0,Middle East,0,Unknown,0,0,0,0,11.104972264124868,0,0,0,0,0
CETPROJH22237,Feasibility,2023.0,2023,Green,0,Middle East,0,Unknown,0,0,0,0,8.802522498284421,0,0,0,0,0
CETPROJH22236,Feasibility,2023.0,2023,Green,0,Africa,0,Unknown,0,1,0,1,8.46611040118692,0,0,0,0,0
CETPROJH22235,Permitted,2023.0,2023,Green,0,Asia-Pacific,0,Industry (chemical feedstock),1,1,0,0,9.495594499353297,0,0,0,0,0
CETPROJH22234,On-hold (assumed),2023.0,2023,Green,0,Asia-Pacific,0,Unknown,0,0,0,0,8.802522498284421,0,0,0,1,0
CETPROJH22233,Plans cancelled,2024.0,2024,Green,0,Europe (EU-27),1,Industry (chemical feedstock),1,1,1,0,9.232688775639945,1,1,1,1,0
CETPROJH22232,Announced (early stage),2024.0,2024,Green,0,Asia-Pacific,0,Unknown,0,0,0,0,0.0,0,0,0,0,0
CETPROJH22231,Financed,2023.0,2023,Green,0,Europe (EU-27),1,Industry (refinery feedstock),1,1,1,0,8.566173813637858,0,0,0,0,0
CETPROJH22230,Under construction,2023.0,2023,Green,0,Europe (EU-27),1,Industry (refinery feedstock),1,1,1,0,6.329720905522696,0,0,0,0,0
CETPROJH2223,On-hold (assumed),2021.0,2021,Green,0,Latin America,0,Industry (other),0,0,0,0,6.957497370876951,0,0,0,1,0
CETPROJH22229,Feasibility,2024.0,2024,Green,0,Europe (EU-27),1,Unknown,0,1,0,0,4.23410650459726,0,0,0,0,0
CETPROJH22228,Design,2023.0,2023,Blue_CCS,1,North America,0,Unknown,0,0,0,0,12.093491680610596,0,0,0,0,0
CETPROJH22227,Design,2024.0,2024,Blue_CCS,1,Middle East,0,Industry (chemical feedstock),1,1,0,0,12.113962839063479,0,0,0,0,0
CETPROJH22226,Announced (early stage),2025.0,2025,Green,0,North America,0,Industry (other),0,0,0,0,0.0,0,0,0,0,0
CETPROJH22225,Announced (advanced),2024.0,2024,Green,0,Latin America,0,Industry (chemical feedstock),1,1,0,0,10.950824090522445,0,0,0,0,0
CETPROJH22224,Design,2024.0,2024,Green,0,Latin America,0,Industry (chemical feedstock),1,1,0,0,10.25769445336048,0,0,0,0,0
CETPROJH22223,Financed,2024.0,2024,Green,0,Europe (non EU-27),0,Transport (shipping),0,0,0,0,7.023758954738443,0,0,0,0,0
CETPROJH22222,Financed,2024.0,2024,Green,0,Asia-Pacific,0,Unknown,0,1,0,1,11.122132197093933,0,0,0,0,0
CETPROJH22221,Feasibility,2024.0,2024,Green,0,Asia-Pacific,0,Industry (chemical feedstock),1,1,0,0,10.27945518985527,0,0,0,0,0
CETPROJH22220,Under construction,2024.0,2024,Green,0,Asia-Pacific,0,Industry (chemical feedstock),1,1,0,0,9.586308009295324,0,0,0,0,0
CETPROJH2222,Design,2022.0,2022,Green,0,Latin America,0,Unknown,0,1,0,1,11.002116507732017,0,0,0,0,0
CETPROJH22219,Design,2024.0,2024,Green,0,Europe (EU-27),1,Transport (other),0,1,0,0,6.238324625039508,0,0,0,0,0
CETPROJH22218,Announced (advanced),2024.0,2024,Green,0,North America,0,Transport (other),0,0,0,0,7.27931883541462,0,0,0,0,0
CETPROJH22217,Feasibility,2024.0,2024,Blue_CCS,1,North America,0,Unknown,0,0,0,0,7.496097345175956,0,0,0,0,0
CETPROJH22216,Announced (advanced),2024.0,2024,Green,0,Europe (EU-27),1,Industry (other),0,1,0,0,10.881832472145556,0,0,0,0,0
CETPROJH22215,Announced (early stage),2024.0,2024,Green,0,Europe (EU-27),1,Industry (other),0,1,0,0,0.0,0,0,0,0,0
CETPROJH22214,Announced (early stage),2024.0,2024,Green,0,Europe (EU-27),1,Industry (other),0,1,0,0,0.0,0,0,0,0,0
CETPROJH22213,Announced (early stage),2024.0,2024,Green,0,Asia-Pacific,0,Unknown,0,0,0,0,0.0,0,0,0,0,0
CETPROJH22212,Feasibility,2024.0,2024,Other,0,Asia-Pacific,0,Transport (road),0,0,0,0,4.574710978503383,0,0,0,0,0
CETPROJH22211,Announced (advanced),2024.0,2024,Green,0,Europe (EU-27),1,Transport (road),0,1,0,0,4.07753744390572,0,0,0,0,0
CETPROJH22210,Announced (advanced),2024.0,2024,Green,0,Europe (EU-27),1,Industry (chemical feedstock),1,1,1,0,7.972121128921655,0,0,0,0,0
CETPROJH2221,On-hold (assumed),2022.0,2022,Green,0,Latin America,0,Unknown,0,0,0,0,9.358070484000518,0,0,0,1,0
CETPROJH22209,Feasibility,2024.0,2024,Green,0,Europe (EU-27),1,Industry (chemical feedstock),1,1,1,0,7.972121128921655,0,0,0,0,0
CETPROJH22208,Fully commissioned,2024.0,2024,Green,0,North America,0,Transport (road),0,0,0,0,0.0,0,0,0,0,1
CETPROJH22207,Announced (advanced),2024.0,2024,Green,0,Latin America,0,Unknown,0,0,0,0,11.372869979515515,0,0,0,0,0
CETPROJH22206,Feasibility,2024.0,2024,Green,0,Latin America,0,Unknown,0,0,0,0,10.274292200380668,0,0,0,0,0
CETPROJH22205,Fully commissioned,2024.0,2024,Green,0,Europe (EU-27),1,Industry (other),0,1,0,0,3.4657359027997265,0,0,0,0,1
CETPROJH22204,Fully commissioned,2024.0,2024,Green,0,Europe (EU-27),1,Gas grid,0,1,0,0,1.791759469228055,0,0,0,0,1
CETPROJH22203,Feasibility,2024.0,2024,Green,0,Europe (EU-27),1,Transport (road),0,1,0,0,5.41610040220442,0,0,0,0,0
CETPROJH22202,Feasibility,2024.0,2024,Green,0,Europe (EU-27),1,Transport (road),0,1,0,0,5.855071922202427,0,0,0,0,0
CETPROJH22201,Announced (advanced),2024.0,2024,Green,0,Asia-Pacific,0,Unknown,0,0,0,0,10.967404871407352,0,0,0,0,0
CETPROJH22200,Feasibility,2024.0,2024,Green,0,Europe (EU-27),1,Industry (other),0,1,0,1,11.660543424397899,0,0,0,0,0
CETPROJH2220,Fully commissioned,2020.0,2020,Green,0,Latin America,0,Transport (road),0,0,0,0,0.0,0,0,0,0,1
CETPROJH222,On-hold (assumed),2021.0,2021,Green,0,Middle East,0,Unknown,0,0,0,0,0.0,0,0,0,1,0
CETPROJH22199,Announced (advanced),2024.0,2024,Green,0,Asia-Pacific,0,Industry (refinery feedstock),1,1,0,0,10.645448706505872,0,0,0,0,0
CETPROJH22198,Fully commissioned,2024.0,2024,Green,0,Asia-Pacific,0,Other,0,0,0,0,1.0986122886681098,0,0,0,0,1
CETPROJH22197,Design,2024.0,2024,Green,0,Latin America,0,Industry (other),0,0,0,0,12.248332006544095,0,0,0,0,0
CETPROJH22196,On-hold (confirmed),2024.0,2024,Green,0,Latin America,0,Industry (chemical feedstock),1,1,0,0,11.51293546492023,0,0,1,1,0
CETPROJH22195,Announced (advanced),2024.0,2024,Green,0,Asia-Pacific,0,Unknown,0,0,0,0,1.3862943611198906,0,0,0,0,0
CETPROJH22194,Fully commissioned,2023.0,2023,Green,0,North America,0,Industry (chemical feedstock),1,1,0,0,1.9459101490553132,0,0,0,0,1
CETPROJH22193,Permitted,2024.0,2024,Green,0,North America,0,Other,0,0,0,0,3.4011973816621555,0,0,0,0,0
CETPROJH22192,Design,2024.0,2024,Green,0,Europe (EU-27),1,Other,0,1,0,0,3.4011973816621555,0,0,0,0,0
CETPROJH22191,Announced (advanced),2024.0,2024,Green,0,North America,0,Transport (road),0,0,0,0,7.558516743045645,0,0,0,0,0
CETPROJH22190,Fully commissioned,2012.0,2012,Blue_CCS,1,Europe (non EU-27),0,Transport (road),0,0,0,0,1.9459101490553132,0,0,0,0,1
CETPROJH2219,Feasibility,2020.0,2020,Green,0,Latin America,0,Industry (other),0,0,0,0,10.355359033458448,0,0,0,0,0
CETPROJH22189,Feasibility,2024.0,2024,Blue_CCS,1,North America,0,Power & heat,0,0,0,0,11.803809904367139,0,0,0,0,0
CETPROJH22188,On-hold (assumed),2022.0,2022,Blue_CCS,1,Europe (EU-27),1,Industry (other),0,1,0,0,12.122696471358964,0,0,0,1,0
CETPROJH22187,On-hold (assumed),2021.0,2021,Blue_CCS,1,Europe (EU-27),1,Industry (other),1,1,1,0,12.237576157539047,0,0,0,1,0
CETPROJH22186,On-hold (assumed),2022.0,2022,Green,0,Africa,0,Power & heat,0,0,0,0,0.0,0,0,0,1,0
CETPROJH22185,Announced (early stage),2024.0,2024,Green,0,Latin America,0,Unknown,0,0,0,0,0.0,0,0,0,0,0
CETPROJH22184,Announced (advanced),2024.0,2024,Waste,0,Europe (non EU-27),0,Industry (chemical feedstock),1,1,0,0,8.922791623969637,0,0,0,0,0
CETPROJH22183,Design,2024.0,2024,Green,0,Europe (EU-27),1,Power & heat,0,1,0,0,1.9459101490553132,0,0,0,0,0
CETPROJH22182,Announced (advanced),2024.0,2024,Green,0,Latin America,0,Unknown,0,0,0,0,7.05617528410041,0,0,0,0,0
CETPROJH22181,Fully commissioned,2024.0,2024,Green,0,Middle East,0,Unknown,0,0,0,0,0.0,0,0,0,0,1
CETPROJH22180,Feasibility,2023.0,2023,Green,0,Europe (EU-27),1,Unknown,0,1,0,0,11.518131887997598,0,0,0,0,0
CETPROJH2218,Design,2020.0,2020,Green,0,Latin America,0,Industry (other),0,0,0,0,6.981934677156389,0,0,0,0,0
CETPROJH22179,Feasibility,2024.0,2024,Green,0,Asia-Pacific,0,Industry (other),1,1,0,0,6.419994928147142,0,0,0,0,0
CETPROJH22178,Feasibility,2024.0,2024,Green,0,Africa,0,Unknown,0,0,0,0,11.695255355062795,0,0,0,0,0
CETPROJH22177,Feasibility,2024.0,2024,Green,0,Africa,0,Unknown,0,0,0,0,11.695255355062795,0,0,0,0,0
CETPROJH22176,Feasibility,2024.0,2024,Green,0,Africa,0,Unknown,0,0,0,0,11.695255355062795,0,0,0,0,0
CETPROJH22175,Design,2024.0,2024,Green,0,Asia-Pacific,0,Industry (chemical feedstock),1,1,0,0,0.0,0,0,0,0,0
CETPROJH22174,Feasibility,2024.0,2024,Waste,0,Asia-Pacific,0,Power & heat,0,0,0,0,0.0,0,0,0,0,0
CETPROJH22173,Feasibility,2024.0,2024,Green,0,Asia-Pacific,0,Industry (other),0,0,0,0,0.0,0,0,0,0,0
CETPROJH22172,Feasibility,2024.0,2024,Waste,0,Asia-Pacific,0,Transport (shipping),0,0,0,0,0.0,0,0,0,0,0
CETPROJH22171,Feasibility,2024.0,2024,Waste,0,Asia-Pacific,0,Transport (shipping),0,0,0,0,0.0,0,0,0,0,0
CETPROJH22170,Feasibility,2024.0,2024,Green,0,North America,0,Unknown,0,0,0,0,8.097426298597213,0,0,0,0,0
CETPROJH2217,On-hold (assumed),2021.0,2021,Green,0,Latin America,0,Unknown,0,0,0,0,0.0,0,0,0,1,0
CETPROJH22169,Design,2021.0,2021,Green,0,North America,0,Power & heat,0,0,0,0,8.9445502459405,0,0,0,0,0
CETPROJH22168,Announced (early stage),2024.0,2024,Green,0,Asia-Pacific,0,Gas grid,0,0,0,0,0.0,0,0,0,0,0
CETPROJH22167,Announced (early stage),2024.0,2024,Green,0,North America,0,Gas grid,0,0,0,0,0.0,0,0,0,0,0
CETPROJH22166,On-hold (assumed),2023.0,2023,Green,0,Europe (non EU-27),0,Transport (aviation),0,0,0,0,10.525595125616142,0,0,0,1,0
CETPROJH22165,Announced (early stage),2024.0,2024,Green,0,Asia-Pacific,0,Unknown,0,0,0,0,0.0,0,0,0,0,0
CETPROJH22164,Under construction,2022.0,2022,Green,0,North America,0,Transport (road),0,0,0,0,6.030685260261263,0,0,0,0,0
CETPROJH22163,Feasibility,2024.0,2024,Blue_CCS,1,North America,0,Industry (chemical feedstock),1,1,0,0,11.931642378754141,0,0,0,0,0
CETPROJH22162,Announced (advanced),2024.0,2024,Green,0,Africa,0,Unknown,0,1,0,1,13.081543466215237,0,0,0,0,0
CETPROJH22161,Announced (advanced),2024.0,2024,Green,0,Africa,0,Unknown,0,1,0,1,11.695255355062795,0,0,0,0,0
CETPROJH22160,Announced (advanced),2024.0,2024,Green,0,Europe (EU-27),1,Industry (refinery feedstock),1,1,1,0,7.919719760924575,0,0,0,0,0
CETPROJH2216,On-hold (assumed),2021.0,2021,Green,0,Latin America,0,Industry (chemical feedstock),1,1,0,0,11.002116507732017,0,0,0,1,0
CETPROJH22159,Announced (advanced),2024.0,2024,Green,0,Asia-Pacific,0,Industry (chemical feedstock),1,1,0,0,2.302585092994046,0,0,0,0,0
CETPROJH22158,Announced (early stage),2024.0,2024,Blue_CCS,1,North America,0,Unknown,0,0,0,0,0.0,0,0,0,0,0
CETPROJH22157,Design,2023.0,2023,Waste,0,Asia-Pacific,0,Transport (aviation),0,0,0,0,10.085850775128717,0,0,0,0,0
CETPROJH22156,On-hold (confirmed),2023.0,2023,Green,0,Europe (non EU-27),0,Unknown,0,0,0,0,9.173987542510384,0,0,1,1,0
CETPROJH22155,Announced (advanced),2024.0,2024,Green,0,Asia-Pacific,0,Industry (chemical feedstock),1,1,0,0,12.576832430749242,0,0,0,0,0
CETPROJH22154,On-hold (assumed),2023.0,2023,Green,0,Asia-Pacific,0,Industry (chemical feedstock),1,1,0,0,10.967404871407352,0,0,0,1,0
CETPROJH22153,Feasibility,2024.0,2024,Green,0,Europe (EU-27),1,Industry (chemical feedstock),1,1,1,0,0.0,0,0,0,0,0
CETPROJH22152,Announced (advanced),2024.0,2024,Green,0,Latin America,0,Unknown,0,0,0,0,4.330733340286331,0,0,0,0,0
CETPROJH22151,Announced (advanced),2024.0,2024,Green,0,Europe (EU-27),1,Transport (road),0,1,0,0,5.8998973535824915,0,0,0,0,0
CETPROJH22150,Feasibility,2024.0,2024,Green,0,Asia-Pacific,0,Industry (other),0,1,0,1,11.736077016252437,0,0,0,0,0
CETPROJH2215,On-hold (assumed),2021.0,2021,Green,0,Latin America,0,Unknown,0,0,0,0,11.88034943062464,0,0,0,1,0
CETPROJH22149,Design,2024.0,2024,Green,0,Africa,0,Industry (chemical feedstock),1,1,0,0,10.079329830732325,0,0,0,0,0
CETPROJH22148,Design,2022.0,2022,Green,0,Asia-Pacific,0,Unknown,0,0,0,0,8.35983738064003,0,0,0,0,0
CETPROJH22147,Fully commissioned,2022.0,2022,Green,0,Asia-Pacific,0,Unknown,0,0,0,0,5.796057750765372,0,0,0,0,1
CETPROJH22146,Design,2023.0,2023,Green,0,Europe (EU-27),1,Industry (refinery feedstock),1,1,1,0,7.188412736496954,0,0,0,0,0
CETPROJH22145,Announced (advanced),2024.0,2024,Green,0,Europe (non EU-27),0,Industry (refinery feedstock),1,1,0,0,10.05113139444869,0,0,0,0,0
CETPROJH22144,Design,2024.0,2024,Green,0,Europe (non EU-27),0,Industry (refinery feedstock),1,1,0,0,9.309189736018352,0,0,0,0,0
CETPROJH22143,Under construction,2024.0,2024,Green,0,Europe (EU-27),1,Other,0,1,0,0,4.727387818712341,0,0,0,0,0
CETPROJH22142,Announced (early stage),2024.0,2024,Green,0,North America,0,Unknown,0,0,0,0,0.0,0,0,0,0,0
CETPROJH22141,Feasibility,2024.0,2024,Green,0,Latin America,0,Unknown,0,0,0,0,9.90353755128617,0,0,0,0,0
CETPROJH22140,Feasibility,2023.0,2023,Green,0,Latin America,0,Unknown,0,0,0,0,11.269273037024478,0,0,0,0,0
CETPROJH2214,On-hold (assumed),2021.0,2021,Green,0,Latin America,0,Unknown,0,0,0,0,10.308985993422082,0,0,0,1,0
CETPROJH22139,Permitted,2023.0,2023,Green,0,Latin America,0,Unknown,0,0,0,0,9.901034546375062,0,0,0,0,0
CETPROJH22138,Feasibility,2023.0,2023,Green,0,Latin America,0,Unknown,0,0,0,0,9.564582358673212,0,0,0,0,0
CETPROJH22137,Permitted,2023.0,2023,Green,0,Latin America,0,Unknown,0,0,0,0,9.564582358673212,0,0,0,0,0
CETPROJH22136,Announced (advanced),2024.0,2024,Green,0,Asia-Pacific,0,Industry (chemical feedstock),1,1,0,0,0.0,0,0,0,0,0
CETPROJH22135,Under construction,2021.0,2021,Green,0,Europe (EU-27),1,Industry (refinery feedstock),1,1,1,0,6.55250788703459,0,0,0,0,0
CETPROJH22134,Fully commissioned,2024.0,2024,Green,0,Asia-Pacific,0,Industry (other),0,0,0,0,3.8918202981106265,0,0,0,0,1
CETPROJH22133,Under construction,2023.0,2023,Green,0,Europe (EU-27),1,Transport (road),0,1,0,0,4.330733340286331,0,0,0,0,0
CETPROJH22132,Feasibility,2024.0,2024,Green,0,Europe (EU-27),1,Industry (refinery feedstock),1,1,1,0,9.897016661405816,0,0,0,0,0
CETPROJH22131,On-hold (confirmed),2024.0,2024,Green,0,Europe (EU-27),1,Unknown,0,1,0,0,8.154212694914229,0,0,1,1,0
CETPROJH22130,Feasibility,2024.0,2024,Green,0,Europe (non EU-27),0,Industry (chemical feedstock),1,1,0,0,10.184673571244208,0,0,0,0,0
CETPROJH2213,Fully commissioned,2016.0,2016,Green,0,Latin America,0,Power & heat,0,0,0,0,1.0986122886681098,0,0,0,0,1
CETPROJH22129,Design,2024.0,2024,Green,0,Europe (non EU-27),0,Industry (other),0,0,0,0,6.736966958001855,0,0,0,0,0
CETPROJH22128,Feasibility,2024.0,2024,Green,0,Africa,0,Unknown,0,0,0,0,9.382274835883651,0,0,0,0,0
CETPROJH22127,Feasibility,2024.0,2024,Green,0,Europe (EU-27),1,Industry (other),0,1,0,0,7.335633981927201,0,0,0,0,0
CETPROJH22126,Feasibility,2024.0,2024,Green,0,Middle East,0,Industry (other),0,0,0,0,11.695255355062795,0,0,0,0,0
CETPROJH22125,Feasibility,2024.0,2024,Green,0,Middle East,0,Industry (chemical feedstock),1,1,0,0,12.422682901270855,0,0,0,0,0
CETPROJH22124,Fully commissioned,2013.0,2013,Blue_CCS,1,Europe (EU-27),1,Industry (other),0,1,0,0,10.35780631486168,0,0,0,0,1
CETPROJH22123,Fully commissioned,2024.0,2024,Green,0,Asia-Pacific,0,Unknown,0,0,0,0,3.332204510175204,0,0,0,0,1
CETPROJH22122,Permitted,2024.0,2024,Blue_CCS,1,Latin America,0,Industry (chemical feedstock),1,1,0,0,12.100717685412471,0,0,0,0,0
CETPROJH22121,Permitted,2024.0,2024,Green,0,Latin America,0,Industry (chemical feedstock),1,1,0,0,9.482350275033667,0,0,0,0,0
CETPROJH22120,Under construction,2023.0,2023,Green,0,Asia-Pacific,0,Industry (chemical feedstock),1,1,0,0,9.218407743053941,0,0,0,0,0
CETPROJH2212,On-hold (assumed),2021.0,2021,Green,0,Latin America,0,Unknown,0,0,0,0,11.58989576532275,0,0,0,1,0
CETPROJH22119,Fully commissioned,2024.0,2024,Green,0,Asia-Pacific,0,Power & heat,0,0,0,0,0.6931471805599453,0,0,0,0,1
CETPROJH22118,Announced (advanced),2024.0,2024,Green,0,Asia-Pacific,0,Unknown,0,0,0,0,9.495594499353297,0,0,0,0,0
CETPROJH22117,Design,2024.0,2024,Green,0,Europe (non EU-27),0,Unknown,0,0,0,0,10.682835364853922,0,0,0,0,0
CETPROJH22116,Under construction,2024.0,2024,Green,0,Asia-Pacific,0,Industry (chemical feedstock),1,1,0,0,9.210440366976517,0,0,0,0,0
CETPROJH22115,Feasibility,2023.0,2023,Green,0,Asia-Pacific,0,Industry (chemical feedstock),1,1,0,0,8.18060094759445,0,0,0,0,0
CETPROJH22114,Feasibility,2023.0,2023,Green,0,Asia-Pacific,0,Industry (chemical feedstock),1,1,0,0,8.691314551644853,0,0,0,0,0
CETPROJH22113,Feasibility,2023.0,2023,Green,0,Asia-Pacific,0,Unknown,0,0,0,0,10.665250866959651,0,0,0,0,0
CETPROJH22112,Feasibility,2023.0,2023,Green,0,Asia-Pacific,0,Unknown,0,0,0,0,10.637080656910605,0,0,0,0,0
CETPROJH22111,Design,2022.0,2022,Green,0,Asia-Pacific,0,Unknown,0,0,0,0,0.0,0,0,0,0,0
CETPROJH22110,Fully commissioned,2023.0,2023,Green,0,Asia-Pacific,0,Gas grid,0,0,0,0,3.784189633918261,0,0,0,0,1
CETPROJH2211,Feasibility,2020.0,2020,Green,0,Latin America,0,Transport (road),0,0,0,0,0.0,0,0,0,0,0
CETPROJH22109,On-hold (assumed),2022.0,2022,Green,0,Asia-Pacific,0,Industry (refinery feedstock),1,1,0,0,7.467942332285852,0,0,0,1,0
CETPROJH22108,On-hold (assumed),2022.0,2022,Green,0,Asia-Pacific,0,Industry (refinery feedstock),1,1,0,0,6.957497370876951,0,0,0,1,0
CETPROJH22107,On-hold (assumed),2022.0,2022,Green,0,Asia-Pacific,0,Industry (refinery feedstock),1,1,0,0,5.860786223465865,0,0,0,1,0
CETPROJH22106,Feasibility,2022.0,2022,Green,0,Asia-Pacific,0,Power & heat,0,0,0,0,0.0,0,0,0,0,0
CETPROJH22105,Fully commissioned,2022.0,2022,Green,0,Asia-Pacific,0,Power & heat,0,0,0,0,0.0,0,0,0,0,1
CETPROJH22104,Design,2024.0,2024,Green,0,Asia-Pacific,0,Industry (other),1,1,0,0,4.859812404361672,0,0,0,0,0
CETPROJH22103,Fully commissioned,2022.0,2022,Green,0,Latin America,0,Unknown,0,0,0,0,3.6888794541139363,0,0,0,0,1
CETPROJH22102,Permitted,2024.0,2024,Green,0,Latin America,0,Industry (other),0,0,0,0,7.2196420401307355,0,0,0,0,0
CETPROJH22101,Fully commissioned,2024.0,2024,Green,0,Latin America,0,Industry (other),0,0,0,0,6.2422232654551655,0,0,0,0,1
CETPROJH22100,Feasibility,2024.0,2024,Green,0,Asia-Pacific,0,Industry (other),0,0,0,0,3.6635616461296463,0,0,0,0,0
CETPROJH2210,Permitted,2020.0,2020,Green,0,Latin America,0,Transport (road),0,0,0,0,10.225897085506967,0,0,0,0,0
CETPROJH221,On-hold (assumed),2021.0,2021,Green,0,Middle East,0,Gas grid,0,0,0,0,2.8903717578961645,0,0,0,1,0
CETPROJH22099,Fully commissioned,2023.0,2023,Green,0,Middle East,0,Industry (other),1,1,0,0,4.762173934797756,0,0,0,0,1
CETPROJH22098,Design,2023.0,2023,Green,0,Europe (non EU-27),0,Transport (shipping),0,0,0,0,9.417435838868785,0,0,0,0,0
CETPROJH22097,Announced (advanced),2024.0,2024,Green,0,Asia-Pacific,0,Unknown,0,0,0,0,10.308985993422082,0,0,0,0,0
CETPROJH22096,Announced (early stage),2024.0,2024,Waste,0,Latin America,0,Unknown,0,0,0,0,0.0,0,0,0,0,0
CETPROJH22095,Design,2024.0,2024,Green,0,Europe (EU-27),1,Transport (road),0,1,0,1,5.5053315359323625,0,0,0,0,0
CETPROJH22094,Under construction,2023.0,2023,Green,0,Asia-Pacific,0,Industry (other),0,1,0,1,11.091361462272316,0,0,0,0,0
CETPROJH22093,Design,2024.0,2024,Green,0,Asia-Pacific,0,Industry (chemical feedstock),1,1,0,0,10.357774570341576,0,0,0,0,0
CETPROJH22092,Announced (early stage),2024.0,2024,Green,0,Europe (EU-27),1,Industry (refinery feedstock),1,1,1,0,0.0,0,0,0,0,0
CETPROJH22091,Design,2022.0,2022,Green,0,Europe (EU-27),1,Industry (refinery feedstock),1,1,1,0,5.929589143389895,0,0,0,0,0
CETPROJH2209,Fully commissioned,2020.0,2020,Green,0,Latin America,0,Transport (road),0,1,0,1,4.795790545596741,0,0,0,0,1
CETPROJH22089,Design,2024.0,2024,Green,0,Europe (EU-27),1,Industry (other),0,1,0,0,6.042632833682381,0,0,0,0,0
CETPROJH22088,Design,2024.0,2024,Green,0,Europe (non EU-27),0,Industry (other),0,0,0,0,7.972121128921655,0,0,0,0,0
CETPROJH22087,Fully commissioned,2024.0,2024,Green,0,Latin America,0,Industry (other),0,0,0,0,7.362645270417825,0,0,0,0,1
CETPROJH22086,Feasibility,2024.0,2024,Green,0,Europe (EU-27),1,Industry (chemical feedstock),1,1,1,0,8.664923303440572,0,0,0,0,0
CETPROJH22085,Feasibility,2024.0,2024,Green,0,North America,0,Unknown,0,0,0,0,6.957497370876951,0,0,0,0,0
CETPROJH22084,Under construction,2024.0,2024,Green,0,Europe (EU-27),1,Transport (road),0,1,0,0,5.916202062607435,0,0,0,0,0
CETPROJH22083,On-hold (assumed),2024.0,2024,Green,0,Middle East,0,Industry (other),0,0,0,0,10.813257067420018,0,0,0,1,0
CETPROJH22082,Permitted,2024.0,2024,Green,0,Europe (EU-27),1,Industry (other),0,1,0,0,8.376781037699493,0,0,0,0,0
CETPROJH22081,On-hold (assumed),2024.0,2024,Green,0,Africa,0,Industry (other),1,1,1,1,11.407576060361786,0,0,0,1,0
CETPROJH22080,Financed,2024.0,2024,Green,0,Asia-Pacific,0,Industry (other),0,0,0,0,8.881975184248867,0,0,0,0,0
CETPROJH2208,On-hold (assumed),2022.0,2022,Green,0,Latin America,0,Industry (refinery feedstock),1,1,0,0,11.861827276238836,0,0,0,1,0
CETPROJH22079,Fully commissioned,2024.0,2024,Green,0,Asia-Pacific,0,Transport (road),0,0,0,0,6.320768294250582,0,0,0,0,1
CETPROJH22078,Fully commissioned,2024.0,2024,Green,0,Asia-Pacific,0,Transport (road),0,0,0,0,6.803505257608338,0,0,0,0,1
CETPROJH22077,Under construction,2024.0,2024,Green,0,Asia-Pacific,0,Unknown,0,0,0,0,7.443663683115591,0,0,0,0,0
CETPROJH22076,Feasibility,2024.0,2024,Green,0,Asia-Pacific,0,Unknown,0,0,0,0,10.491301994830229,0,0,0,0,0
CETPROJH22075,Fully commissioned,2023.0,2023,Green,0,Asia-Pacific,0,Industry (other),0,0,0,0,3.784189633918261,0,0,0,0,1
CETPROJH22074,Announced (advanced),2023.0,2023,Blue_CCS,1,North America,0,Unknown,0,0,0,0,12.113962839063479,0,0,0,0,0
CETPROJH22073,Feasibility,2024.0,2024,Green,0,Europe (EU-27),1,Transport (aviation),0,1,0,0,0.0,0,0,0,0,0
CETPROJH22072,Design,2023.0,2023,Green,0,Europe (EU-27),1,Transport (aviation),0,1,0,0,0.0,0,0,0,0,0
CETPROJH22071,Fully commissioned,2024.0,2024,Green,0,Asia-Pacific,0,Transport (road),0,0,0,0,6.313548046277095,0,0,0,0,1
CETPROJH22070,Design,2021.0,2021,Green,0,Europe (EU-27),1,Transport (aviation),0,1,0,0,0.0,0,0,0,0,0
CETPROJH2207,On-hold (assumed),2021.0,2021,Green,0,Latin America,0,Power & heat,0,0,0,0,7.27931883541462,0,0,0,1,0
CETPROJH22069,On-hold (assumed),2023.0,2023,Green,0,Europe (EU-27),1,Transport (aviation),0,1,0,0,0.0,0,0,0,1,0
CETPROJH22068,Announced (early stage),2024.0,2024,Green,0,Europe (EU-27),1,Transport (road),0,1,0,0,0.0,0,0,0,0,0
CETPROJH22067,Fully commissioned,2024.0,2024,Green,0,Asia-Pacific,0,Industry (other),1,1,0,0,3.367295829986474,0,0,0,0,1
CETPROJH22066,Design,2022.0,2022,Green,0,Europe (EU-27),1,Transport (aviation),0,1,0,0,0.0,0,0,0,0,0
CETPROJH22065,Design,2021.0,2021,Green,0,Europe (EU-27),1,Transport (aviation),0,1,0,0,0.0,0,0,0,0,0
CETPROJH22064,On-hold (assumed),2021.0,2021,Green,0,Europe (EU-27),1,Transport (aviation),0,1,0,0,0.0,0,0,0,1,0
CETPROJH22063,On-hold (assumed),2019.0,2019,Green,0,Europe (EU-27),1,Transport (aviation),0,1,0,0,0.0,0,0,0,1,0
CETPROJH22062,Under construction,2023.0,2023,Other,0,Europe (EU-27),1,Transport (aviation),0,1,0,0,0.0,0,0,0,0,0
CETPROJH22061,Feasibility,2023.0,2023,Green,0,Europe (EU-27),1,Transport (aviation),0,1,0,0,8.25608813381491,0,0,0,0,0
CETPROJH22060,On-hold (confirmed),2023.0,2023,Green,0,Europe (EU-27),1,Transport (aviation),0,1,0,0,11.01619996558302,0,0,1,1,0
CETPROJH2206,On-hold (assumed),2022.0,2022,Green,0,Latin America,0,Industry (chemical feedstock),1,1,0,0,8.261784679514752,0,0,0,1,0
CETPROJH22059,On-hold (confirmed),2023.0,2023,Green,0,Europe (EU-27),1,Transport (aviation),0,1,0,0,9.070388411548738,0,0,1,1,0
CETPROJH22058,On-hold (confirmed),2023.0,2023,Green,0,Europe (EU-27),1,Transport (aviation),0,1,0,0,8.559677803022392,0,0,1,1,0
CETPROJH22057,Feasibility,2023.0,2023,Green,0,Europe (EU-27),1,Transport (aviation),0,1,0,0,9.929204031040765,0,0,0,0,0
CETPROJH22056,Feasibility,2023.0,2023,Green,0,Europe (EU-27),1,Transport (aviation),0,1,0,0,0.0,0,0,0,0,0
CETPROJH22055,Feasibility,2023.0,2023,Green,0,Europe (EU-27),1,Transport (aviation),0,1,0,0,0.0,0,0,0,0,0
CETPROJH22054,Plans cancelled,2023.0,2023,Green,0,Europe (EU-27),1,Transport (aviation),0,1,0,0,0.0,1,1,1,1,0
CETPROJH22053,Feasibility,2024.0,2024,Green,0,Europe (EU-27),1,Transport (aviation),0,1,0,0,9.770013301136158,0,0,0,0,0
CETPROJH22052,Feasibility,2024.0,2024,Green,0,Europe (EU-27),1,Transport (aviation),0,1,0,0,10.843514342086866,0,0,0,0,0
CETPROJH22051,Feasibility,2023.0,2023,Green,0,Europe (EU-27),1,Transport (aviation),0,1,0,0,9.581145019820722,0,0,0,0,0
CETPROJH22050,On-hold (assumed),2021.0,2021,Blue_CCS,1,Europe (EU-27),1,Unknown,0,1,0,0,4.770684624465665,0,0,0,1,0
CETPROJH2205,On-hold (assumed),2021.0,2021,Green,0,Latin America,0,Unknown,0,0,0,0,0.0,0,0,0,1,0
CETPROJH22049,Announced (advanced),2024.0,2024,Green,0,Europe (non EU-27),0,Transport (aviation),0,0,0,0,6.259581464064923,0,0,0,0,0
CETPROJH22048,Design,2024.0,2024,Green,0,Europe (non EU-27),0,Unknown,0,0,0,0,8.510772623613315,0,0,0,0,0
CETPROJH22047,Design,2024.0,2024,Green,0,Europe (non EU-27),0,Industry (refinery feedstock),1,1,0,0,8.815073088844464,0,0,0,0,0
CETPROJH22046,On-hold (assumed),2022.0,2022,Green,0,Europe (EU-27),1,Transport (shipping),0,1,0,0,8.748463629942055,0,0,0,1,0
CETPROJH22045,Design,2021.0,2021,Green,0,Europe (EU-27),1,Transport (shipping),0,1,0,0,8.476579508530941,0,0,0,0,0
CETPROJH22044,Feasibility,2024.0,2024,Green,0,Europe (non EU-27),0,Industry (other),0,0,0,0,9.358070484000518,0,0,0,0,0
CETPROJH22043,Permitted,2024.0,2024,Green,0,Europe (non EU-27),0,Industry (other),1,1,0,0,6.930494765951626,0,0,0,0,0
CETPROJH22042,Fully commissioned,2024.0,2024,Green,0,Asia-Pacific,0,Transport (road),0,0,0,0,1.3862943611198906,0,0,0,0,1
CETPROJH22041,Feasibility,2024.0,2024,Green,0,North America,0,Unknown,0,0,0,0,6.930494765951626,0,0,0,0,0
CETPROJH22040,Plans cancelled,2022.0,2022,Green,0,North America,0,Transport (aviation),0,0,0,0,0.0,1,1,1,1,0
CETPROJH2204,Financed,2022.0,2022,Green,0,Latin America,0,Industry (chemical feedstock),1,1,0,0,9.760828918798548,0,0,0,0,0
CETPROJH22039,Feasibility,2024.0,2024,Green,0,Europe (EU-27),1,Industry (other),0,1,0,0,6.957497370876951,0,0,0,0,0
CETPROJH22038,Fully commissioned,2022.0,2022,Green,0,Asia-Pacific,0,Unknown,0,0,0,0,5.3706380281276624,0,0,0,0,1
CETPROJH22037,On-hold (confirmed),2023.0,2023,Blue_CCS,1,North America,0,Power & heat,0,0,0,0,12.026951960476097,0,0,1,1,0
CETPROJH22036,Design,2022.0,2022,Blue_CCS,1,North America,0,Industry (chemical feedstock),1,1,0,0,10.950824090522445,0,0,0,0,0
CETPROJH22035,Fully commissioned,2022.0,2022,Blue_CCS,1,North America,0,Industry (chemical feedstock),1,1,0,0,12.462267920852137,0,0,0,0,1
CETPROJH22034,Announced (advanced),2023.0,2023,Blue_CCS,1,North America,0,Power & heat,0,0,0,0,11.931642378754141,0,0,0,0,0
CETPROJH22033,Announced (advanced),2024.0,2024,Green,0,Europe (EU-27),1,Industry (chemical feedstock),1,1,1,0,10.229945527689226,0,0,0,0,0
CETPROJH22032,Feasibility,2024.0,2024,Green,0,Europe (EU-27),1,Unknown,0,1,0,0,8.664923303440572,0,0,0,0,0
CETPROJH22031,Announced (advanced),2024.0,2024,Green,0,Africa,0,Industry (chemical feedstock),1,1,0,0,8.984818995876008,0,0,0,0,0
CETPROJH22030,Feasibility,2024.0,2024,Green,0,Europe (EU-27),1,Unknown,0,1,0,0,5.476463551931511,0,0,0,0,0
CETPROJH2203,On-hold (assumed),2022.0,2022,Green,0,Latin America,0,Transport (other),0,0,0,0,4.07753744390572,0,0,0,1,0
CETPROJH22029,Design,2024.0,2024,Green,0,Europe (EU-27),1,Transport (road),0,1,0,0,3.5553480614894135,0,0,0,0,0
CETPROJH22028,Financed,2024.0,2024,Green,0,Europe (EU-27),1,Unknown,0,1,0,0,0.6931471805599453,0,0,0,0,0
CETPROJH22027,Feasibility,2024.0,2024,Blue_CCS,1,Asia-Pacific,0,Industry (other),1,1,0,0,0.0,0,0,0,0,0
CETPROJH22026,Announced (advanced),2024.0,2024,Green,0,North America,0,Unknown,0,0,0,0,4.174387269895637,0,0,0,0,0
CETPROJH22025,Announced (advanced),2024.0,2024,Green,0,Middle East,0,Unknown,0,0,0,0,13.102162710901053,0,0,0,0,0
CETPROJH22024,Feasibility,2024.0,2024,Green,0,Europe (non EU-27),0,Industry (other),0,0,0,0,7.023758954738443,0,0,0,0,0
CETPROJH22023,Fully commissioned,2024.0,2024,Green,0,North America,0,Transport (road),0,0,0,0,7.153833801578843,0,0,0,0,1
CETPROJH22022,On-hold (assumed),2021.0,2021,Green,0,Europe (EU-27),1,Transport (other),0,1,0,0,0.0,0,0,0,1,0
CETPROJH22021,Design,2024.0,2024,Green,0,Europe (non EU-27),0,Transport (shipping),0,0,0,0,0.0,0,0,0,0,0
CETPROJH22020,Fully commissioned,2024.0,2024,Green,0,Asia-Pacific,0,Unknown,0,0,0,0,1.9459101490553132,0,0,0,0,1
CETPROJH22019,Design,2024.0,2024,Green,0,Asia-Pacific,0,Industry (other),0,0,0,0,6.16541785423142,0,0,0,0,0
CETPROJH22018,Announced (advanced),2024.0,2024,Green,0,Asia-Pacific,0,Industry (other),1,1,0,0,8.041091003708633,0,0,0,0,0
CETPROJH22017,Announced (advanced),2024.0,2024,Green,0,Asia-Pacific,0,Unknown,0,1,0,1,10.5947830197326,0,0,0,0,0
CETPROJH22016,Announced (advanced),2024.0,2024,Green,0,Asia-Pacific,0,Unknown,0,1,0,1,10.594156665220533,0,0,0,0,0
CETPROJH22015,Feasibility,2024.0,2024,Blue_CCS,1,North America,0,Unknown,0,0,0,0,8.385032287813898,0,0,0,0,0
CETPROJH22014,Announced (advanced),2024.0,2024,Blue_CCS,1,Asia-Pacific,0,Unknown,0,0,0,0,11.72157244693173,0,0,0,0,0
CETPROJH22013,Financed,2024.0,2024,Blue_CCS,1,North America,0,Industry (chemical feedstock),1,1,0,0,12.273362066969572,0,0,0,0,0
CETPROJH22012,Design,2024.0,2024,Green,0,Europe (EU-27),1,Unknown,0,1,0,0,11.630717389475995,0,0,0,0,0
CETPROJH22011,Feasibility,2024.0,2024,Green,0,Asia-Pacific,0,Unknown,0,0,0,0,0.0,0,0,0,0,0
CETPROJH22010,Design,2024.0,2024,Green,0,Asia-Pacific,0,Unknown,0,0,0,0,6.395261598115449,0,0,0,0,0
CETPROJH2201,On-hold (assumed),2022.0,2022,Green,0,Latin America,0,Unknown,0,0,0,0,10.047631185616188,0,0,0,1,0
CETPROJH22009,Feasibility,2024.0,2024,Green,0,Europe (EU-27),1,Industry (other),0,1,0,1,10.596659732783579,0,0,0,0,0
CETPROJH22008,Design,2022.0,2022,Green,0,Asia-Pacific,0,Transport (aviation),0,0,0,0,9.581145019820722,0,0,0,0,0
CETPROJH22007,On-hold (assumed),2021.0,2021,Green,0,Europe (EU-27),1,Transport (road),0,1,0,0,8.748463629942055,0,0,0,1,0
CETPROJH22006,Feasibility,2023.0,2023,Green,0,Asia-Pacific,0,Industry (refinery feedstock),1,1,0,0,11.156264806643742,0,0,0,0,0
CETPROJH22005,Feasibility,2023.0,2023,Green,0,Africa,0,Unknown,0,0,0,0,0.0,0,0,0,0,0
CETPROJH22004,Announced (advanced),2023.0,2023,Green,0,Europe (EU-27),1,Gas grid,0,1,0,0,8.412054873292933,0,0,0,0,0
CETPROJH22003,Announced (advanced),2023.0,2023,Green,0,Europe (EU-27),1,Gas grid,0,1,0,0,7.313886831633462,0,0,0,0,0
CETPROJH22002,Announced (advanced),2023.0,2023,Green,0,Europe (EU-27),1,Industry (other),0,1,0,0,10.274292200380668,0,0,0,0,0
CETPROJH22001,Announced (advanced),2023.0,2023,Green,0,Europe (EU-27),1,Industry (other),0,1,0,0,10.274292200380668,0,0,0,0,0
CETPROJH22000,Announced (advanced),2023.0,2023,Green,0,Africa,0,Unknown,0,0,0,0,11.338583982516495,0,0,0,0,0
CETPROJH2200,On-hold (assumed),2021.0,2021,Green,0,Latin America,0,Unknown,0,0,0,0,8.630700432209832,0,0,0,1,0
CETPROJH220,On-hold (assumed),2022.0,2022,Blue_CCS,1,Middle East,0,Unknown,0,0,0,0,0.0,0,0,0,1,0
CETPROJH21999,Feasibility,2023.0,2023,Green,0,Africa,0,Transport (shipping),0,0,0,0,11.002116507732017,0,0,0,0,0
CETPROJH21998,Design,2023.0,2023,Green,0,Europe (EU-27),1,Industry (other),1,1,1,0,3.9318256327243257,0,0,0,0,0
CETPROJH21997,Under construction,2023.0,2023,Other,0,North America,0,Power & heat,0,0,0,0,0.0,0,0,0,0,0
CETPROJH21996,Announced (advanced),2023.0,2023,Green,0,Africa,0,Unknown,0,0,0,0,11.506394182504042,0,0,0,0,0
CETPROJH21995,Announced (early stage),2023.0,2023,Green,0,Europe (EU-27),1,Unknown,0,1,0,0,0.0,0,0,0,0,0
CETPROJH21994,Design,2023.0,2023,Green,0,Asia-Pacific,0,Unknown,0,0,0,0,9.105090961257085,0,0,0,0,0
CETPROJH21993,Announced (early stage),2023.0,2023,Green,0,Africa,0,Unknown,0,0,0,0,0.0,0,0,0,0,0
CETPROJH21992,Announced (advanced),2023.0,2023,Green,0,Middle East,0,Unknown,0,0,0,0,12.07254696717504,0,0,0,0,0
CETPROJH21991,Announced (advanced),2023.0,2023,Green,0,Europe (EU-27),1,Transport (other),0,1,0,0,4.61512051684126,0,0,0,0,0
CETPROJH21990,On-hold (assumed),2022.0,2022,Green,0,Asia-Pacific,0,Unknown,0,0,0,0,5.6240175061873385,0,0,0,1,0
CETPROJH2199,On-hold (assumed),2020.0,2020,Green,0,Latin America,0,Transport (road),0,0,0,0,4.30406509320417,0,0,0,1,0
CETPROJH21989,On-hold (assumed),2022.0,2022,Green,0,Asia-Pacific,0,Transport (road),0,0,0,0,7.313886831633462,0,0,0,1,0
CETPROJH21988,Design,2023.0,2023,Green,0,Europe (EU-27),1,Power & heat,0,1,0,0,4.61512051684126,0,0,0,0,0
CETPROJH21987,Under construction,2023.0,2023,Green,0,Asia-Pacific,0,Industry (chemical feedstock),1,1,0,0,7.244941546337007,0,0,0,0,0
CETPROJH21986,Fully commissioned,2023.0,2023,Green,0,Asia-Pacific,0,Industry (chemical feedstock),1,1,0,0,7.824445930877619,0,0,0,0,1
CETPROJH21985,Feasibility,2023.0,2023,Green,0,Asia-Pacific,0,Industry (chemical feedstock),1,1,0,0,10.945582398369066,0,0,0,0,0
CETPROJH21984,Fully commissioned,2023.0,2023,Green,0,Asia-Pacific,0,Industry (chemical feedstock),1,1,0,0,5.170483995038151,0,0,0,0,1
CETPROJH21983,Fully commissioned,2023.0,2023,Green,0,Asia-Pacific,0,Transport (road),0,0,0,0,4.795790545596741,0,0,0,0,1
CETPROJH21982,Under construction,2023.0,2023,Green,0,Asia-Pacific,0,Transport (shipping),0,0,0,0,9.218407743053941,0,0,0,0,0
CETPROJH21981,Announced (advanced),2023.0,2023,Green,0,Asia-Pacific,0,Transport (aviation),0,0,0,0,11.091346218718432,0,0,0,0,0
CETPROJH21980,Fully commissioned,2023.0,2023,Green,0,Asia-Pacific,0,Industry (chemical feedstock),1,1,0,0,8.258422462458876,0,0,0,0,1
CETPROJH2198,On-hold (assumed),2022.0,2022,Green,0,Latin America,0,Industry (chemical feedstock),1,1,0,0,9.105090961257085,0,0,0,1,0
CETPROJH21979,Announced (advanced),2023.0,2023,Green,0,North America,0,Unknown,0,0,0,0,8.251403065380556,0,0,0,0,0
CETPROJH21978,On-hold (assumed),2023.0,2023,Green,0,Asia-Pacific,0,Power & heat,0,0,0,0,7.307202314764738,0,0,0,1,0
CETPROJH21977,Announced (early stage),2023.0,2023,Green,0,Middle East,0,Unknown,0,0,0,0,0.0,0,0,0,0,0
CETPROJH21976,Under construction,2023.0,2023,Other,0,Europe (non EU-27),0,Other,0,0,0,0,0.0,0,0,0,0,0
CETPROJH21975,Announced (early stage),2023.0,2023,Green,0,Latin America,0,Transport (other),0,0,0,0,0.0,0,0,0,0,0
CETPROJH21974,Fully commissioned,2023.0,2023,Green,0,Asia-Pacific,0,Gas grid,0,0,0,0,0.0,0,0,0,0,1
CETPROJH21973,Design,2023.0,2023,Green,0,North America,0,Unknown,0,0,0,0,0.0,0,0,0,0,0
CETPROJH21972,Feasibility,2023.0,2023,Green,0,Europe (EU-27),1,Transport (shipping),0,1,0,0,9.292841593487926,0,0,0,0,0
CETPROJH21971,Feasibility,2025.0,2025,Green,0,Africa,0,Unknown,0,0,0,0,10.813257067420018,0,0,0,0,0
CETPROJH21970,Design,2023.0,2023,Green,0,Europe (EU-27),1,Unknown,0,1,0,0,10.649203463768854,0,0,0,0,0
CETPROJH2197,On-hold (assumed),2021.0,2021,Green,0,Latin America,0,Transport (other),0,0,0,0,3.58351893845611,0,0,0,1,0
CETPROJH21969,Feasibility,2023.0,2023,Green,0,Latin America,0,Industry (other),0,0,0,0,14.2017038178881,0,0,0,0,0
CETPROJH21968,On-hold (confirmed),2023.0,2023,Green,0,Latin America,0,Industry (chemical feedstock),1,1,0,0,12.834683971615659,0,0,1,1,0
CETPROJH21967,Plans cancelled,2023.0,2023,Green,0,Asia-Pacific,0,Unknown,0,0,0,0,7.018401799069201,1,1,1,1,0
CETPROJH21966,Plans cancelled,2023.0,2023,Green,0,Asia-Pacific,0,Unknown,0,0,0,0,7.428927194802272,1,1,1,1,0
CETPROJH21965,Fully commissioned,2023.0,2023,Green,0,Europe (EU-27),1,Gas grid,0,1,0,0,6.423246963533519,0,0,0,0,1
CETPROJH21964,Fully commissioned,2023.0,2023,Green,0,Europe (EU-27),1,Transport (shipping),0,1,0,0,3.970291913552122,0,0,0,0,1
CETPROJH21963,Announced (advanced),2023.0,2023,Green,0,Latin America,0,Unknown,0,0,0,0,10.225607282932941,0,0,0,0,0
CETPROJH21962,Announced (early stage),2023.0,2023,Green,0,North America,0,Unknown,0,0,0,0,0.0,0,0,0,0,0
CETPROJH21961,Fully commissioned,2023.0,2023,Green,0,North America,0,Transport (road),0,0,0,0,5.616771097666572,0,0,0,0,1
CETPROJH21960,Feasibility,2023.0,2023,Green,0,Asia-Pacific,0,Transport (shipping),0,0,0,0,13.102162710901053,0,0,0,0,0
CETPROJH2196,Under construction,2021.0,2021,Green,0,Latin America,0,Power & heat,0,0,0,0,5.017279836814924,0,0,0,0,0
CETPROJH21959,Feasibility,2023.0,2023,Green,0,Europe (EU-27),1,Unknown,0,1,0,0,0.0,0,0,0,0,0
CETPROJH21958,Design,2023.0,2023,Green,0,Europe (EU-27),1,Transport (shipping),0,1,0,0,6.364750756851911,0,0,0,0,0
CETPROJH21957,Design,2023.0,2023,Green,0,Europe (EU-27),1,Gas grid,0,1,0,0,6.54534966033442,0,0,0,0,0
CETPROJH21956,Feasibility,2023.0,2023,Green,0,Europe (EU-27),1,Unknown,0,1,0,0,9.070388411548738,0,0,0,0,0
CETPROJH21955,Fully commissioned,2023.0,2023,Green,0,Europe (EU-27),1,Industry (other),0,1,0,0,5.375278407684165,0,0,0,0,1
CETPROJH21954,Plans cancelled,2023.0,2023,Green,0,Europe (EU-27),1,Unknown,0,1,0,0,8.664923303440572,1,1,1,1,0
CETPROJH21953,Announced (advanced),2023.0,2023,Green,0,Asia-Pacific,0,Unknown,0,0,0,0,7.937731775260109,0,0,0,0,0
CETPROJH21952,Announced (early stage),2023.0,2023,Green,0,Europe (EU-27),1,Industry (other),0,1,0,0,0.0,0,0,0,0,0
CETPROJH21951,Feasibility,2023.0,2023,Green,0,Europe (non EU-27),0,Unknown,0,0,0,0,9.798182590890704,0,0,0,0,0
CETPROJH21950,Announced (advanced),2023.0,2023,Green,0,Europe (EU-27),1,Unknown,0,1,0,0,10.369577282460726,0,0,0,0,0
CETPROJH2195,On-hold (assumed),2021.0,2021,Green,0,Latin America,0,Industry (other),0,0,0,0,3.8066624897703196,0,0,0,1,0
CETPROJH21949,Under construction,2023.0,2023,Green,0,Europe (EU-27),1,Transport (road),0,1,0,0,6.238324625039508,0,0,0,0,0
CETPROJH21948,On-hold (assumed),2023.0,2023,Blue_CCS,1,Europe (non EU-27),0,Gas grid,0,0,0,0,4.6913478822291435,0,0,0,1,0
CETPROJH21947,Announced (advanced),2023.0,2023,Green,0,North America,0,Industry (other),0,0,0,0,10.645448706505872,0,0,0,0,0
CETPROJH21946,Announced (advanced),2023.0,2023,Green,0,Africa,0,Industry (chemical feedstock),1,1,0,0,8.693161274238017,0,0,0,0,0
CETPROJH21945,Announced (early stage),2023.0,2023,Green,0,Europe (EU-27),1,Unknown,0,1,0,0,0.0,0,0,0,0,0
CETPROJH21944,Design,2023.0,2023,Green,0,North America,0,Unknown,0,0,0,0,8.82585367025321,0,0,0,0,0
CETPROJH21943,Under construction,2023.0,2023,Green,0,North America,0,Gas grid,0,0,0,0,4.394449154672439,0,0,0,0,0
CETPROJH21942,Fully commissioned,2023.0,2023,Green,0,Asia-Pacific,0,Power & heat,0,0,0,0,0.0,0,0,0,0,1
CETPROJH21941,Feasibility,2023.0,2023,Green,0,Europe (non EU-27),0,Unknown,0,0,0,0,9.070388411548738,0,0,0,0,0
CETPROJH21940,Announced (early stage),2023.0,2023,Green,0,North America,0,Gas grid,0,0,0,0,0.0,0,0,0,0,0
CETPROJH21939,Announced (early stage),2023.0,2023,Green,0,Asia-Pacific,0,Transport (road),0,0,0,0,0.0,0,0,0,0,0
CETPROJH21938,Announced (advanced),2023.0,2023,Green,0,Africa,0,Unknown,0,0,0,0,11.561725152903833,0,0,0,0,0
CETPROJH21937,On-hold (assumed),2022.0,2022,Green,0,Africa,0,Unknown,0,0,0,0,0.0,0,0,0,1,0
CETPROJH21936,Feasibility,2023.0,2023,Green,0,North America,0,Unknown,0,0,0,0,0.0,0,0,0,0,0
CETPROJH21935,Feasibility,2023.0,2023,Blue_CCS,1,North America,0,Industry (other),1,1,0,0,0.0,0,0,0,0,0
CETPROJH21934,Feasibility,2023.0,2023,Green,0,North America,0,Industry (other),1,1,0,0,0.0,0,0,0,0,0
CETPROJH21933,Feasibility,2023.0,2023,Blue_CCS,1,North America,0,Industry (chemical feedstock),1,1,0,0,0.0,0,0,0,0,0
CETPROJH21932,Feasibility,2023.0,2023,Green,0,North America,0,Industry (chemical feedstock),1,1,0,0,0.0,0,0,0,0,0
CETPROJH21931,Feasibility,2023.0,2023,Blue_CCS,1,North America,0,Unknown,0,0,0,0,14.043124900381603,0,0,0,0,0
CETPROJH21930,Feasibility,2023.0,2023,Green,0,North America,0,Unknown,0,0,0,0,11.757838335823964,0,0,0,0,0
CETPROJH2193,Fully commissioned,2021.0,2021,Green,0,Latin America,0,Gas grid,0,0,0,0,0.0,0,0,0,0,1
CETPROJH21929,Feasibility,2023.0,2023,Green,0,North America,0,Transport (road),0,0,0,0,11.920927352730363,0,0,0,0,0
CETPROJH21928,Design,2023.0,2023,Blue_CCS,1,North America,0,Unknown,0,0,0,0,0.0,0,0,0,0,0
CETPROJH21927,Feasibility,2023.0,2023,Green,0,North America,0,Industry (other),0,0,0,0,10.91055091235213,0,0,0,0,0
CETPROJH21926,Announced (advanced),2023.0,2023,Blue_CCS,1,Middle East,0,Power & heat,0,0,0,0,7.469083884921234,0,0,0,0,0
CETPROJH21925,On-hold (assumed),2022.0,2022,Green,0,Africa,0,Transport (aviation),0,0,0,0,9.897016661405816,0,0,0,1,0
CETPROJH21924,Fully commissioned,2023.0,2023,Green,0,Asia-Pacific,0,Industry (other),0,0,0,0,4.2626798770413155,0,0,0,0,1
CETPROJH21923,Fully commissioned,2023.0,2023,Green,0,Europe (EU-27),1,Transport (road),0,1,0,0,3.6635616461296463,0,0,0,0,1
CETPROJH21922,Under construction,2023.0,2023,Green,0,Europe (EU-27),1,Transport (road),0,1,0,0,4.356708826689592,0,0,0,0,0
CETPROJH21921,Under construction,2023.0,2023,Green,0,Europe (EU-27),1,Transport (shipping),0,1,0,0,6.776506992372183,0,0,0,0,0
CETPROJH21920,Fully commissioned,2023.0,2023,Green,0,Europe (EU-27),1,Transport (rail),0,1,0,0,2.772588722239781,0,0,0,0,1
CETPROJH2192,Fully commissioned,2021.0,2021,Green,0,Latin America,0,Industry (refinery feedstock),1,1,0,0,1.0986122886681098,0,0,0,0,1
CETPROJH21919,Fully commissioned,2023.0,2023,Other,0,Europe (EU-27),1,Industry (chemical feedstock),1,1,1,0,0.0,0,0,0,0,1
CETPROJH21918,On-hold (assumed),2021.0,2021,Green,0,Africa,0,Transport (road),0,0,0,0,6.198478716492308,0,0,0,1,0
CETPROJH21917,Fully commissioned,2023.0,2023,Green,0,Asia-Pacific,0,Power & heat,0,0,0,0,5.799092654460526,0,0,0,0,1
CETPROJH21916,Fully commissioned,2023.0,2023,Green,0,Europe (EU-27),1,Other,0,1,0,0,0.0,0,0,0,0,1
CETPROJH21915,Feasibility,2024.0,2024,Green,0,Europe (EU-27),1,Unknown,0,1,0,0,5.4510384535657,0,0,0,0,0
CETPROJH21914,Feasibility,2024.0,2024,Green,0,Europe (EU-27),1,Unknown,0,1,0,0,11.283260696665753,0,0,0,0,0
CETPROJH21913,Financed,2023.0,2023,Green,0,Europe (non EU-27),0,Industry (refinery feedstock),1,1,0,0,6.48768401848461,0,0,0,0,0
CETPROJH21912,Fully commissioned,2023.0,2023,Green,0,Asia-Pacific,0,Transport (road),0,0,0,0,3.6109179126442243,0,0,0,0,1
CETPROJH21911,Fully commissioned,2023.0,2023,Green,0,Europe (EU-27),1,Transport (other),0,1,0,0,5.442417710521793,0,0,0,0,1
CETPROJH21910,On-hold (assumed),2023.0,2023,Green,0,Africa,0,Unknown,0,0,0,0,13.585830691407924,0,0,0,1,0
CETPROJH2191,On-hold (assumed),2022.0,2022,Waste,0,Latin America,0,Transport (other),0,0,0,0,5.746203190540153,0,0,0,1,0
CETPROJH21909,On-hold (assumed),2023.0,2023,Green,0,Asia-Pacific,0,Unknown,0,0,0,0,0.0,0,0,0,1,0
CETPROJH21908,On-hold (assumed),2023.0,2023,Green,0,Asia-Pacific,0,Unknown,0,0,0,0,0.0,0,0,0,1,0
CETPROJH21907,Under construction,2023.0,2023,Green,0,Europe (EU-27),1,Industry (refinery feedstock),1,1,1,0,9.105090961257085,0,0,0,0,0
CETPROJH21906,Design,2023.0,2023,Green,0,Asia-Pacific,0,Industry (chemical feedstock),1,1,0,0,10.627430633893226,0,0,0,0,0
CETPROJH21905,Announced (early stage),2023.0,2023,Green,0,Europe (EU-27),1,Unknown,0,1,0,0,0.0,0,0,0,0,0
CETPROJH21904,Under construction,2023.0,2023,Green,0,Europe (EU-27),1,Industry (other),1,1,1,0,8.055475141757274,0,0,0,0,0
CETPROJH21903,Fully commissioned,2023.0,2023,Green,0,Asia-Pacific,0,Transport (road),0,0,0,0,2.0794415416798357,0,0,0,0,1
CETPROJH21902,Announced (advanced),2023.0,2023,Green,0,Asia-Pacific,0,Unknown,0,0,0,0,12.429220196836383,0,0,0,0,0
CETPROJH21901,Design,2023.0,2023,Green,0,Europe (EU-27),1,Industry (refinery feedstock),1,1,1,0,7.824445930877619,0,0,0,0,0
CETPROJH21900,On-hold (assumed),2023.0,2023,Green,0,Europe (non EU-27),0,Transport (other),0,0,0,0,4.07753744390572,0,0,0,1,0
CETPROJH2190,On-hold (assumed),2022.0,2022,Waste,0,Latin America,0,Transport (other),0,0,0,0,3.58351893845611,0,0,0,1,0
CETPROJH219,On-hold (assumed),2022.0,2022,Green,0,Europe (non EU-27),0,Power & heat,0,0,0,0,6.720220155135295,0,0,0,1,0
CETPROJH21899,Announced (advanced),2023.0,2023,Blue_CCS,1,Asia-Pacific,0,Unknown,0,0,0,0,11.420821140914589,0,0,0,0,0
CETPROJH21898,On-hold (assumed),2022.0,2022,Green,0,Asia-Pacific,0,Power & heat,0,1,0,1,12.765691290604371,0,0,0,1,0
CETPROJH21897,Announced (early stage),2023.0,2023,Green,0,Europe (non EU-27),0,Unknown,0,0,0,0,0.0,0,0,0,0,0
CETPROJH21896,Announced (advanced),2023.0,2023,Green,0,North America,0,Transport (shipping),0,0,0,0,8.632662441222351,0,0,0,0,0
CETPROJH21895,Under construction,2023.0,2023,Green,0,North America,0,Transport (shipping),0,0,0,0,8.632662441222351,0,0,0,0,0
CETPROJH21894,Announced (advanced),2023.0,2023,Green,0,Asia-Pacific,0,Unknown,0,0,0,0,10.803669227477098,0,0,0,0,0
CETPROJH21893,Announced (early stage),2023.0,2023,Green,0,Asia-Pacific,0,Industry (other),1,1,0,0,0.0,0,0,0,0,0
CETPROJH21892,Announced (advanced),2023.0,2023,Green,0,Europe (EU-27),1,Transport (road),0,1,0,0,6.042632833682381,0,0,0,0,0
CETPROJH21891,Announced (early stage),2023.0,2023,Green,0,Europe (EU-27),1,Industry (refinery feedstock),1,1,1,0,10.725489582719506,0,0,0,0,0
CETPROJH21890,Announced (early stage),2023.0,2023,Green,0,Europe (EU-27),1,Industry (refinery feedstock),1,1,1,0,7.873217054862741,0,0,0,0,0
CETPROJH2189,On-hold (assumed),2022.0,2022,Green,0,Latin America,0,Unknown,0,0,0,0,0.0,0,0,0,1,0
CETPROJH21889,Announced (advanced),2023.0,2023,Green,0,Europe (EU-27),1,Industry (refinery feedstock),1,1,1,0,8.971575439759016,0,0,0,0,0
CETPROJH21888,Feasibility,2023.0,2023,Green,0,Asia-Pacific,0,Unknown,0,1,0,1,9.440181444738114,0,0,0,0,0
CETPROJH21887,Design,2023.0,2023,Green,0,Latin America,0,Power & heat,0,0,0,0,0.0,0,0,0,0,0
CETPROJH21886,Announced (advanced),2023.0,2023,Green,0,North America,0,Industry (other),0,0,0,0,9.637632201310455,0,0,0,0,0
CETPROJH21885,Announced (advanced),2023.0,2023,Green,0,North America,0,Industry (other),1,1,0,0,7.846198815497425,0,0,0,0,0
CETPROJH21884,Design,2023.0,2023,Green,0,North America,0,Industry (other),1,1,0,0,7.153833801578843,0,0,0,0,0
CETPROJH21883,Announced (early stage),2023.0,2023,Green,0,North America,0,Industry (chemical feedstock),1,1,0,0,0.0,0,0,0,0,0
CETPROJH21882,Fully commissioned,2023.0,2023,Green,0,Europe (non EU-27),0,Industry (other),0,0,0,0,6.842683282238422,0,0,0,0,1
CETPROJH21881,Design,2022.0,2022,Green,0,Europe (EU-27),1,Industry (chemical feedstock),1,1,1,0,8.410498452745275,0,0,0,0,0
CETPROJH21880,On-hold (assumed),2022.0,2022,Green,0,Europe (EU-27),1,Transport (road),0,1,0,0,9.305741456739435,0,0,0,1,0
CETPROJH2188,On-hold (assumed),2022.0,2022,Green,0,Latin America,0,Unknown,0,0,0,0,0.0,0,0,0,1,0
CETPROJH21879,On-hold (confirmed),2022.0,2022,Green,0,Europe (EU-27),1,Industry (other),0,1,0,0,10.804887971915088,0,0,1,1,0
CETPROJH21878,On-hold (confirmed),2022.0,2022,Green,0,Europe (EU-27),1,Industry (other),0,1,0,0,9.070388411548738,0,0,1,1,0
CETPROJH21877,Permitted,2023.0,2023,Green,0,Europe (non EU-27),0,Other,0,0,0,0,3.6888794541139363,0,0,0,0,0
CETPROJH21876,Announced (advanced),2023.0,2023,Blue_CCS,1,North America,0,Industry (other),1,1,0,0,11.891368749982085,0,0,0,0,0
CETPROJH21875,Announced (advanced),2023.0,2023,Blue_CCS,1,North America,0,Industry (other),1,1,0,0,11.891368749982085,0,0,0,0,0
CETPROJH21874,Announced (advanced),2023.0,2023,Blue_CCS,1,North America,0,Industry (other),1,1,0,0,11.891368749982085,0,0,0,0,0
CETPROJH21873,Feasibility,2023.0,2023,Blue_CCS,1,North America,0,Industry (other),1,1,0,0,11.891368749982085,0,0,0,0,0
CETPROJH21872,Design,2023.0,2023,Green,0,Asia-Pacific,0,Unknown,0,0,0,0,5.673323267171493,0,0,0,0,0
CETPROJH21871,Design,2023.0,2023,Waste,0,North America,0,Power & heat,0,0,0,0,9.729193687429403,0,0,0,0,0
CETPROJH21870,Fully commissioned,2023.0,2023,Green,0,Latin America,0,Transport (road),0,0,0,0,3.4657359027997265,0,0,0,0,1
CETPROJH2187,Announced (advanced),2022.0,2022,Green,0,Latin America,0,Industry (chemical feedstock),1,1,0,0,9.259225769705994,0,0,0,0,0
CETPROJH21869,Announced (advanced),2023.0,2023,Waste,0,Middle East,0,Transport (aviation),0,0,0,0,11.695255355062795,0,0,0,0,0
CETPROJH21868,Announced (advanced),2023.0,2023,Green,0,Africa,0,Unknown,0,1,0,1,11.467792106529332,0,0,0,0,0
CETPROJH21867,Announced (advanced),2023.0,2023,Green,0,Europe (EU-27),1,Industry (other),0,1,0,0,3.5263605246161616,0,0,0,0,0
CETPROJH21866,Announced (advanced),2023.0,2023,Waste,0,North America,0,Power & heat,0,0,0,0,8.385032287813898,0,0,0,0,0
CETPROJH21865,Feasibility,2023.0,2023,Green,0,Latin America,0,Unknown,0,0,0,0,10.528998084380262,0,0,0,0,0
CETPROJH21864,Feasibility,2023.0,2023,Green,0,Latin America,0,Unknown,0,0,0,0,10.456596502556854,0,0,0,0,0
CETPROJH21863,On-hold (confirmed),2022.0,2022,Blue_CCS,1,North America,0,Power & heat,0,0,0,0,12.037423198043125,0,0,1,1,0
CETPROJH21862,Announced (advanced),2023.0,2023,Green,0,Latin America,0,Gas grid,0,0,0,0,13.808973236163904,0,0,0,0,0
CETPROJH21861,Announced (advanced),2023.0,2023,Green,0,Latin America,0,Gas grid,0,0,0,0,13.115828068719406,0,0,0,0,0
CETPROJH21860,Announced (advanced),2023.0,2023,Green,0,Latin America,0,Gas grid,0,0,0,0,13.115828068719406,0,0,0,0,0
CETPROJH2186,Under construction,2020.0,2020,Green,0,Latin America,0,Industry (chemical feedstock),1,1,0,0,8.160803920954665,0,0,0,0,0
CETPROJH21859,Announced (advanced),2023.0,2023,Green,0,Latin America,0,Gas grid,0,0,0,0,13.115828068719406,0,0,0,0,0
CETPROJH21858,Design,2023.0,2023,Green,0,Europe (EU-27),1,Unknown,0,1,0,0,5.1298987149230735,0,0,0,0,0
CETPROJH21857,Plans cancelled,2022.0,2022,Green,0,Europe (EU-27),1,Industry (refinery feedstock),1,1,1,0,9.20391980417326,1,1,1,1,0
CETPROJH21856,On-hold (assumed),2023.0,2023,Green,0,Asia-Pacific,0,Unknown,0,0,0,0,9.581145019820722,0,0,0,1,0
CETPROJH21855,On-hold (assumed),2023.0,2023,Green,0,Asia-Pacific,0,Unknown,0,0,0,0,4.762173934797756,0,0,0,1,0
CETPROJH21854,Announced (advanced),2024.0,2024,Green,0,Asia-Pacific,0,Unknown,0,1,0,1,8.802522498284421,0,0,0,0,0
CETPROJH21853,On-hold (assumed),2023.0,2023,Green,0,Asia-Pacific,0,Unknown,0,0,0,0,5.641907070938114,0,0,0,1,0
CETPROJH21852,On-hold (assumed),2023.0,2023,Green,0,Asia-Pacific,0,Unknown,0,0,0,0,6.395261598115449,0,0,0,1,0
CETPROJH21851,Announced (advanced),2023.0,2023,Green,0,Asia-Pacific,0,Transport (other),0,0,0,0,4.859812404361672,0,0,0,0,0
CETPROJH21850,Feasibility,2023.0,2023,Green,0,Europe (EU-27),1,Gas grid,0,1,0,0,10.456596502556854,0,0,0,0,0
CETPROJH2185,On-hold (assumed),2021.0,2021,Green,0,Latin America,0,Unknown,0,0,0,0,0.0,0,0,0,1,0
CETPROJH21849,Announced (advanced),2023.0,2023,Green,0,Africa,0,Unknown,0,0,0,0,12.807655372286902,0,0,0,0,0
CETPROJH21848,Under construction,2023.0,2023,Green,0,Asia-Pacific,0,Transport (road),0,0,0,0,1.6094379124341003,0,0,0,0,0
CETPROJH21847,Fully commissioned,2023.0,2023,Green,0,Asia-Pacific,0,Industry (refinery feedstock),1,1,0,0,6.26530121273771,0,0,0,0,1
CETPROJH21846,Design,2023.0,2023,Waste,0,Europe (non EU-27),0,Transport (road),0,0,0,0,0.0,0,0,0,0,0
CETPROJH21845,On-hold (assumed),2023.0,2023,Green,0,Europe (EU-27),1,Power & heat,0,1,0,0,6.364750756851911,0,0,0,1,0
CETPROJH21844,Feasibility,2023.0,2023,Green,0,Europe (EU-27),1,Industry (other),0,1,0,0,4.663439094112067,0,0,0,0,0
CETPROJH21843,Plans cancelled,2023.0,2023,Green,0,North America,0,Transport (road),0,0,0,0,8.790421306897867,1,1,1,1,0
CETPROJH21842,Fully commissioned,2023.0,2023,Green,0,Europe (EU-27),1,Power & heat,0,1,0,0,0.0,0,0,0,0,1
CETPROJH21841,On-hold (assumed),2022.0,2022,Blue_CCS,1,Europe (EU-27),1,Industry (other),0,1,0,0,11.744957397329843,0,0,0,1,0
CETPROJH21840,Design,2021.0,2021,Blue_CCS,1,Europe (EU-27),1,Industry (refinery feedstock),1,1,1,0,11.184435286790631,0,0,0,0,0
CETPROJH2184,Plans cancelled,2022.0,2022,Green,0,Latin America,0,Unknown,0,0,0,0,6.364750756851911,1,1,1,1,0
CETPROJH21839,Design,2023.0,2023,Green,0,Europe (EU-27),1,Industry (chemical feedstock),1,1,1,0,7.780303087908373,0,0,0,0,0
CETPROJH21838,Announced (advanced),2023.0,2023,Green,0,Europe (non EU-27),0,Industry (other),0,0,0,0,6.398594934535208,0,0,0,0,0
CETPROJH21837,Design,2023.0,2023,Blue_CCS,1,Europe (EU-27),1,Industry (chemical feedstock),1,1,1,0,10.709985739582528,0,0,0,0,0
CETPROJH21836,Announced (early stage),2023.0,2023,Green,0,Asia-Pacific,0,Industry (chemical feedstock),1,1,0,0,0.0,0,0,0,0,0
CETPROJH21835,Under construction,2023.0,2023,Green,0,Asia-Pacific,0,Industry (chemical feedstock),1,1,0,0,10.407922801280105,0,0,0,0,0
CETPROJH21834,Fully commissioned,2022.0,2022,Green,0,Asia-Pacific,0,Industry (chemical feedstock),1,1,0,0,10.203629181337648,0,0,0,0,1
CETPROJH21833,Fully commissioned,2023.0,2023,Green,0,Asia-Pacific,0,Unknown,0,0,0,0,6.1779441140506,0,0,0,0,1
CETPROJH21832,Fully commissioned,2023.0,2023,Green,0,Asia-Pacific,0,Unknown,0,0,0,0,8.637462023807181,0,0,0,0,1
CETPROJH21831,On-hold (confirmed),2023.0,2023,Green,0,Asia-Pacific,0,Industry (chemical feedstock),1,1,0,0,9.135293497653272,0,0,1,1,0
CETPROJH21830,Announced (advanced),2023.0,2023,Green,0,Europe (EU-27),1,Gas grid,0,1,0,0,8.251403065380556,0,0,0,0,0
CETPROJH2183,On-hold (assumed),2022.0,2022,Green,0,Latin America,0,Industry (chemical feedstock),1,1,0,0,11.264476926102367,0,0,0,1,0
CETPROJH21829,Announced (advanced),2023.0,2023,Green,0,Africa,0,Industry (chemical feedstock),1,1,0,0,12.337105293891872,0,0,0,0,0
CETPROJH21828,Feasibility,2023.0,2023,Green,0,Africa,0,Industry (chemical feedstock),1,1,0,0,11.538602958260002,0,0,0,0,0
CETPROJH21827,Design,2023.0,2023,Green,0,Africa,0,Industry (chemical feedstock),1,1,0,0,9.34145634983372,0,0,0,0,0
CETPROJH21826,Announced (advanced),2023.0,2023,Green,0,North America,0,Unknown,0,0,0,0,10.536645846657073,0,0,0,0,0
CETPROJH21825,Announced (advanced),2023.0,2023,Green,0,North America,0,Unknown,0,0,0,0,9.917636975640548,0,0,0,0,0
CETPROJH21824,Announced (advanced),2023.0,2023,Green,0,Europe (non EU-27),0,Power & heat,0,0,0,0,6.364750756851911,0,0,0,0,0
CETPROJH21823,Design,2023.0,2023,Waste,0,North America,0,Transport (road),0,0,0,0,9.078065332666364,0,0,0,0,0
CETPROJH21822,Fully commissioned,2023.0,2023,Green,0,Europe (EU-27),1,Power & heat,0,1,0,0,0.0,0,0,0,0,1
CETPROJH21821,Design,2023.0,2023,Green,0,Europe (EU-27),1,Transport (road),0,1,0,0,5.545177444479562,0,0,0,0,0
CETPROJH21820,Announced (early stage),2023.0,2023,Green,0,Europe (EU-27),1,Transport (road),0,1,0,0,0.0,0,0,0,0,0
CETPROJH2182,Fully commissioned,2019.0,2019,Green,0,Latin America,0,Power & heat,0,0,0,0,6.208590026096629,0,0,0,0,1
CETPROJH21819,On-hold (assumed),2023.0,2023,Green,0,Asia-Pacific,0,Industry (refinery feedstock),1,1,0,0,5.170483995038151,0,0,0,1,0
CETPROJH21818,On-hold (assumed),2023.0,2023,Green,0,Africa,0,Unknown,0,0,0,0,4.762173934797756,0,0,0,1,0
CETPROJH21817,Plans cancelled,2023.0,2023,Blue_CCS,1,North America,0,Unknown,0,0,0,0,12.113962839063479,1,1,1,1,0
CETPROJH21816,Design,2023.0,2023,Green,0,Europe (EU-27),1,Transport (other),0,1,0,0,6.238324625039508,0,0,0,0,0
CETPROJH21815,Feasibility,2023.0,2023,Green,0,Asia-Pacific,0,Industry (other),0,0,0,0,0.0,0,0,0,0,0
CETPROJH21814,Announced (early stage),2023.0,2023,Waste,0,Asia-Pacific,0,Transport (road),0,0,0,0,0.0,0,0,0,0,0
CETPROJH21813,Feasibility,2023.0,2023,Green,0,Europe (EU-27),1,Transport (road),0,1,0,0,7.05617528410041,0,0,0,0,0
CETPROJH21812,Announced (advanced),2023.0,2023,Green,0,Europe (non EU-27),0,Unknown,0,0,0,0,10.967404871407352,0,0,0,0,0
CETPROJH21811,On-hold (assumed),2022.0,2022,Green,0,Asia-Pacific,0,Unknown,0,0,0,0,0.0,0,0,0,1,0
CETPROJH21810,On-hold (assumed),2022.0,2022,Green,0,Asia-Pacific,0,Unknown,0,0,0,0,0.0,0,0,0,1,0
CETPROJH2181,On-hold (assumed),2021.0,2021,Green,0,Latin America,0,Unknown,0,0,0,0,8.888066854754783,0,0,0,1,0
CETPROJH21809,Fully commissioned,2022.0,2022,Green,0,Asia-Pacific,0,Industry (chemical feedstock),1,1,0,0,7.4318919168078,0,0,0,0,1
CETPROJH21808,On-hold (assumed),2022.0,2022,Green,0,Asia-Pacific,0,Industry (chemical feedstock),1,1,0,0,8.699681400989514,0,0,0,1,0
CETPROJH21807,On-hold (assumed),2022.0,2022,Green,0,Asia-Pacific,0,Unknown,0,0,0,0,7.244941546337007,0,0,0,1,0
CETPROJH21806,Plans cancelled,2023.0,2023,Green,0,Middle East,0,Unknown,0,0,0,0,11.790564777297387,1,1,1,1,0
CETPROJH21805,On-hold (assumed),2023.0,2023,Green,0,Europe (EU-27),1,Gas grid,0,1,0,0,6.028278520230698,0,0,0,1,0
CETPROJH21804,Announced (early stage),2023.0,2023,Waste,0,Europe (non EU-27),0,Industry (other),0,0,0,0,0.0,0,0,0,0,0
CETPROJH21803,Announced (early stage),2023.0,2023,Green,0,Europe (EU-27),1,Industry (refinery feedstock),1,1,1,0,0.0,0,0,0,0,0
CETPROJH21802,Under construction,2022.0,2022,Green,0,Asia-Pacific,0,Industry (chemical feedstock),1,1,0,0,8.325063693631197,0,0,0,0,0
CETPROJH21801,On-hold (assumed),2022.0,2022,Green,0,Asia-Pacific,0,Unknown,0,0,0,0,3.6888794541139363,0,0,0,1,0
CETPROJH21800,Fully commissioned,2022.0,2022,Green,0,Asia-Pacific,0,Unknown,0,0,0,0,6.161207321695077,0,0,0,0,1
CETPROJH2180,On-hold (assumed),2021.0,2021,Green,0,Latin America,0,Unknown,0,0,0,0,12.017221819373322,0,0,0,1,0
CETPROJH21799,On-hold (assumed),2022.0,2022,Green,0,Asia-Pacific,0,Unknown,0,0,0,0,8.278682162970906,0,0,0,1,0
CETPROJH21798,On-hold (assumed),2022.0,2022,Green,0,Asia-Pacific,0,Unknown,0,0,0,0,9.194718991073225,0,0,0,1,0
CETPROJH21797,On-hold (assumed),2022.0,2022,Green,0,Asia-Pacific,0,Unknown,0,0,0,0,8.278682162970906,0,0,0,1,0
CETPROJH21796,On-hold (assumed),2022.0,2022,Green,0,Asia-Pacific,0,Unknown,0,0,0,0,9.559305672844863,0,0,0,1,0
CETPROJH21795,Fully commissioned,2022.0,2022,Green,0,Asia-Pacific,0,Industry (chemical feedstock),1,1,0,0,8.408493774492896,0,0,0,0,1
CETPROJH21794,Permitted,2023.0,2023,Green,0,Asia-Pacific,0,Transport (road),0,0,0,0,5.739792912179234,0,0,0,0,0
CETPROJH21793,Announced (advanced),2023.0,2023,Green,0,Asia-Pacific,0,Transport (road),0,0,0,0,2.0794415416798357,0,0,0,0,0
CETPROJH21792,On-hold (confirmed),2023.0,2023,Green,0,Europe (EU-27),1,Power & heat,0,1,0,0,9.309189736018352,0,0,1,1,0
CETPROJH21791,Partially commissioned,2023.0,2023,Green,0,North America,0,Transport (road),0,0,0,0,6.238324625039508,0,0,0,0,1
CETPROJH21790,Announced (advanced),2023.0,2023,Green,0,Europe (non EU-27),0,Industry (other),0,0,0,0,9.462576597493666,0,0,0,0,0
CETPROJH2179,On-hold (assumed),2021.0,2021,Green,0,Latin America,0,Unknown,0,0,0,0,12.07254696717504,0,0,0,1,0
CETPROJH21789,Permitted,2023.0,2023,Green,0,Europe (non EU-27),0,Industry (other),0,1,0,1,7.05617528410041,0,0,0,0,0
CETPROJH21788,Design,2023.0,2023,Green,0,Asia-Pacific,0,Industry (chemical feedstock),1,1,0,0,11.050905878263567,0,0,0,0,0
CETPROJH21787,On-hold (assumed),2021.0,2021,Green,0,Latin America,0,Unknown,0,0,0,0,8.426611813185,0,0,0,1,0
CETPROJH21786,On-hold (assumed),2023.0,2023,Green,0,Latin America,0,Power & heat,0,0,0,0,0.0,0,0,0,1,0
CETPROJH21785,On-hold (assumed),2022.0,2022,Green,0,Latin America,0,Industry (chemical feedstock),1,1,0,0,8.61104776688786,0,0,0,1,0
CETPROJH21784,On-hold (assumed),2022.0,2022,Green,0,Latin America,0,Industry (chemical feedstock),1,1,0,0,8.61104776688786,0,0,0,1,0
CETPROJH21783,Announced (advanced),2023.0,2023,Green,0,Europe (EU-27),1,Transport (road),0,1,0,0,4.836281906951478,0,0,0,0,0
CETPROJH21782,Design,2023.0,2023,Green,0,Europe (EU-27),1,Industry (chemical feedstock),1,1,1,0,8.030409562130485,0,0,0,0,0
CETPROJH21781,Design,2023.0,2023,Green,0,Europe (EU-27),1,Unknown,0,1,0,0,7.972121128921655,0,0,0,0,0
CETPROJH21780,Announced (advanced),2023.0,2023,Green,0,North America,0,Industry (chemical feedstock),1,1,0,0,11.506394182504042,0,0,0,0,0
CETPROJH2178,On-hold (assumed),2021.0,2021,Green,0,Latin America,0,Unknown,0,0,0,0,11.904974309480183,0,0,0,1,0
CETPROJH21779,Announced (advanced),2023.0,2023,Green,0,Asia-Pacific,0,Transport (road),0,0,0,0,9.235130540783402,0,0,0,0,0
CETPROJH21778,Design,2023.0,2023,Green,0,Latin America,0,Industry (refinery feedstock),1,1,0,0,8.154212694914229,0,0,0,0,0
CETPROJH21777,Under construction,2023.0,2023,Green,0,Latin America,0,Industry (refinery feedstock),1,1,0,0,5.303304908059076,0,0,0,0,0
CETPROJH21776,Plans cancelled,2023.0,2023,Green,0,Europe (EU-27),1,Transport (road),0,1,0,0,5.6240175061873385,1,1,1,1,0
CETPROJH21775,Feasibility,2023.0,2023,Green,0,Latin America,0,Industry (chemical feedstock),1,1,0,0,11.002116507732017,0,0,0,0,0
CETPROJH21774,Plans cancelled,2023.0,2023,Green,0,Middle East,0,Unknown,0,0,0,0,10.868587496017359,1,1,1,1,0
CETPROJH21773,On-hold (assumed),2023.0,2023,Green,0,Middle East,0,Industry (other),1,1,0,0,11.156264806643742,0,0,0,1,0
CETPROJH21772,Under construction,2023.0,2023,Green,0,Asia-Pacific,0,Other,0,0,0,0,6.364750756851911,0,0,0,0,0
CETPROJH21771,Feasibility,2023.0,2023,Green,0,Europe (non EU-27),0,Industry (chemical feedstock),1,1,0,0,8.453401058328458,0,0,0,0,0
CETPROJH21770,Permitted,2023.0,2023,Green,0,Asia-Pacific,0,Industry (other),1,1,0,0,7.362645270417825,0,0,0,0,0
CETPROJH2177,On-hold (assumed),2021.0,2021,Green,0,Latin America,0,Industry (other),0,0,0,0,9.76347807952779,0,0,0,1,0
CETPROJH21769,Announced (early stage),2023.0,2023,Green,0,North America,0,Transport (aviation),0,0,0,0,0.0,0,0,0,0,0
CETPROJH21768,Under construction,2023.0,2023,Green,0,Europe (EU-27),1,Industry (chemical feedstock),1,1,1,0,5.247024072160486,0,0,0,0,0
CETPROJH21767,Under construction,2023.0,2023,Blue_CCS,1,North America,0,Transport (road),0,0,0,0,0.0,0,0,0,0,0
CETPROJH21766,Design,2023.0,2023,Blue_CCS,1,Europe (non EU-27),0,Unknown,0,0,0,0,0.0,0,0,0,0,0
CETPROJH21765,Plans cancelled,2023.0,2023,Green,0,Europe (EU-27),1,Industry (other),0,1,0,0,7.0909098220799835,1,1,1,1,0
CETPROJH21764,Feasibility,2023.0,2023,Green,0,Europe (EU-27),1,Industry (other),1,1,1,0,8.71948076085107,0,0,0,0,0
CETPROJH21763,Feasibility,2023.0,2023,Green,0,Europe (EU-27),1,Industry (other),0,1,0,0,7.855932199718614,0,0,0,0,0
CETPROJH21762,On-hold (assumed),2021.0,2021,Green,0,North America,0,Transport (other),0,0,0,0,6.734591659972948,0,0,0,1,0
CETPROJH21761,On-hold (assumed),2022.0,2022,Green,0,Africa,0,Unknown,0,0,0,0,9.865318286418624,0,0,0,1,0
CETPROJH21760,On-hold (assumed),2022.0,2022,Green,0,Africa,0,Unknown,0,0,0,0,9.770013301136158,0,0,0,1,0
CETPROJH2176,On-hold (assumed),2021.0,2021,Green,0,Latin America,0,Unknown,0,0,0,0,12.130545975192225,0,0,0,1,0
CETPROJH21759,On-hold (assumed),2020.0,2020,Green,0,Europe (EU-27),1,Industry (chemical feedstock),1,1,1,0,10.120130017507979,0,0,0,1,0
CETPROJH21758,On-hold (assumed),2022.0,2022,Green,0,Africa,0,Unknown,0,0,0,0,10.645448706505872,0,0,0,1,0
CETPROJH21757,Financed,2023.0,2023,Green,0,Europe (non EU-27),0,Transport (shipping),0,0,0,0,7.741099090035366,0,0,0,0,0
CETPROJH21756,Announced (early stage),2023.0,2023,Blue_CCS,1,North America,0,Industry (refinery feedstock),1,1,0,0,0.0,0,0,0,0,0
CETPROJH21755,Under construction,2023.0,2023,Green,0,Europe (EU-27),1,Transport (shipping),0,1,0,0,3.8066624897703196,0,0,0,0,0
CETPROJH21754,Feasibility,2023.0,2023,Green,0,Europe (EU-27),1,Transport (road),0,1,0,0,0.0,0,0,0,0,0
CETPROJH21753,Under construction,2023.0,2023,Green,0,Europe (EU-27),1,Power & heat,0,1,0,0,5.1298987149230735,0,0,0,0,0
CETPROJH21752,Announced (advanced),2023.0,2023,Green,0,Latin America,0,Unknown,0,0,0,0,13.017005083966255,0,0,0,0,0
CETPROJH21751,Plans cancelled,2023.0,2023,Green,0,Latin America,0,Unknown,0,0,0,0,10.551898839254681,1,1,1,1,0
CETPROJH21750,Plans cancelled,2023.0,2023,Green,0,Latin America,0,Unknown,0,0,0,0,9.540363284917488,1,1,1,1,0
CETPROJH2175,On-hold (assumed),2021.0,2021,Green,0,Latin America,0,Industry (other),0,0,0,0,0.0,0,0,0,1,0
CETPROJH21749,Design,2023.0,2023,Green,0,North America,0,Unknown,0,1,0,1,11.58989576532275,0,0,0,0,0
CETPROJH21748,Announced (early stage),2023.0,2023,Green,0,North America,0,Unknown,0,1,0,1,0.0,0,0,0,0,0
CETPROJH21747,Announced (advanced),2023.0,2023,Green,0,North America,0,Unknown,0,0,0,0,9.722684841711443,0,0,0,0,0
CETPROJH21746,Announced (advanced),2023.0,2023,Green,0,Europe (EU-27),1,Transport (other),0,1,0,1,9.455323689894849,0,0,0,0,0
CETPROJH21745,Announced (advanced),2023.0,2023,Green,0,Europe (EU-27),1,Industry (other),0,1,0,1,10.935140614744478,0,0,0,0,0
CETPROJH21744,Announced (advanced),2023.0,2023,Green,0,Europe (EU-27),1,Industry (other),1,1,1,0,10.935140614744478,0,0,0,0,0
CETPROJH21743,Design,2023.0,2023,Blue_CCS,1,North America,0,Unknown,0,0,0,0,11.904974309480183,0,0,0,0,0
CETPROJH21742,Announced (advanced),2023.0,2023,Green,0,North America,0,Transport (other),0,0,0,0,9.445254378889308,0,0,0,0,0
CETPROJH21741,Announced (advanced),2023.0,2023,Green,0,North America,0,Transport (other),0,0,0,0,8.34687925374656,0,0,0,0,0
CETPROJH21740,Permitted,2023.0,2023,Green,0,Europe (EU-27),1,Unknown,0,1,0,0,0.0,0,0,0,0,0
CETPROJH2174,Permitted,2021.0,2021,Green,0,Latin America,0,Unknown,0,0,0,0,10.995578624213973,0,0,0,0,0
CETPROJH21739,Fully commissioned,2023.0,2023,Green,0,Asia-Pacific,0,Industry (other),1,1,0,0,7.193685818395112,0,0,0,0,1
CETPROJH21738,Announced (advanced),2023.0,2023,Green,0,Europe (non EU-27),0,Transport (aviation),0,0,0,0,4.74493212836325,0,0,0,0,0
CETPROJH21737,Announced (advanced),2023.0,2023,Green,0,Europe (EU-27),1,Industry (other),0,1,0,0,4.174387269895637,0,0,0,0,0
CETPROJH21736,Announced (early stage),2021.0,2021,Green,0,Europe (EU-27),1,Industry (other),0,1,0,0,0.0,0,0,0,0,0
CETPROJH21735,Announced (advanced),2023.0,2023,Green,0,Middle East,0,Unknown,0,0,0,0,7.05617528410041,0,0,0,0,0
CETPROJH21734,Announced (advanced),2023.0,2023,Green,0,Asia-Pacific,0,Unknown,0,0,0,0,13.452298579813341,0,0,0,0,0
CETPROJH21733,Under construction,2023.0,2023,Green,0,Europe (EU-27),1,Transport (aviation),0,1,0,0,6.957497370876951,0,0,0,0,0
CETPROJH21732,Announced (advanced),2023.0,2023,Green,0,Europe (non EU-27),0,Industry (other),0,0,0,0,5.594711379601839,0,0,0,0,0
CETPROJH21731,Fully commissioned,2023.0,2023,Green,0,Europe (EU-27),1,Industry (other),0,1,0,0,6.2878585601617845,0,0,0,0,1
CETPROJH21730,Announced (early stage),2023.0,2023,Green,0,Middle East,0,Unknown,0,0,0,0,0.0,0,0,0,0,0
CETPROJH2173,Under construction,2021.0,2021,Green,0,Latin America,0,Other,0,0,0,0,5.1298987149230735,0,0,0,0,0
CETPROJH21729,Under construction,2023.0,2023,Green,0,North America,0,Transport (road),0,0,0,0,3.713572066704308,0,0,0,0,0
CETPROJH21728,Partially commissioned,2023.0,2023,Blue_CCS,1,Europe (non EU-27),0,Power & heat,0,0,0,0,0.0,0,0,0,0,1
CETPROJH21727,Feasibility,2023.0,2023,Green,0,Europe (EU-27),1,Industry (refinery feedstock),1,1,1,0,0.0,0,0,0,0,0
CETPROJH21726,Announced (advanced),2023.0,2023,Green,0,Asia-Pacific,0,Industry (chemical feedstock),1,1,0,0,10.753659849198824,0,0,0,0,0
CETPROJH21725,Announced (early stage),2023.0,2023,Green,0,Europe (non EU-27),0,Transport (road),0,0,0,0,0.0,0,0,0,0,0
CETPROJH21724,Design,2023.0,2023,Blue_CCS,1,Africa,0,Industry (other),0,0,0,0,3.58351893845611,0,0,0,0,0
CETPROJH21723,Announced (advanced),2023.0,2023,Green,0,Europe (non EU-27),0,Industry (chemical feedstock),1,1,1,1,10.31171550713322,0,0,0,0,0
CETPROJH21722,Announced (early stage),2023.0,2023,Green,0,Asia-Pacific,0,Power & heat,0,0,0,0,0.0,0,0,0,0,0
CETPROJH21721,Announced (early stage),2023.0,2023,Green,0,Europe (non EU-27),0,Transport (other),0,0,0,0,0.0,0,0,0,0,0
CETPROJH21720,Feasibility,2021.0,2021,Green,0,Europe (EU-27),1,Industry (other),0,1,0,0,3.9318256327243257,0,0,0,0,0
CETPROJH21719,Announced (advanced),2023.0,2023,Waste,0,North America,0,Transport (road),0,0,0,0,5.942799375126701,0,0,0,0,0
CETPROJH21718,Announced (advanced),2023.0,2023,Green,0,Europe (EU-27),1,Industry (other),0,1,0,0,6.775366090936392,0,0,0,0,0
CETPROJH21717,Announced (advanced),2023.0,2023,Blue_CCS,1,Asia-Pacific,0,Unknown,0,0,0,0,11.06665398721974,0,0,0,0,0
CETPROJH21716,On-hold (assumed),2023.0,2023,Green,0,Africa,0,Unknown,0,0,0,0,0.0,0,0,0,1,0
CETPROJH21715,On-hold (assumed),2022.0,2022,Green,0,Africa,0,Industry (chemical feedstock),1,1,0,0,13.304686600863562,0,0,0,1,0
CETPROJH21714,On-hold (assumed),2023.0,2023,Green,0,Latin America,0,Industry (chemical feedstock),1,1,0,0,10.010142230404668,0,0,0,1,0
CETPROJH21713,Design,2021.0,2021,Waste,0,North America,0,Unknown,0,0,0,0,8.630700432209832,0,0,0,0,0
CETPROJH21712,On-hold (assumed),2023.0,2023,Green,0,Latin America,0,Unknown,0,0,0,0,10.034559673629849,0,0,0,1,0
CETPROJH21711,On-hold (assumed),2023.0,2023,Green,0,Latin America,0,Power & heat,0,0,0,0,1.0986122886681098,0,0,0,1,0
CETPROJH21710,Under construction,2023.0,2023,Green,0,Asia-Pacific,0,Transport (road),0,0,0,0,4.859812404361672,0,0,0,0,0
CETPROJH2171,On-hold (assumed),2022.0,2022,Green,0,Latin America,0,Unknown,0,0,0,0,8.991064332188461,0,0,0,1,0
CETPROJH21709,On-hold (assumed),2023.0,2023,Green,0,North America,0,Industry (chemical feedstock),1,1,0,0,8.664923303440572,0,0,0,1,0
CETPROJH21708,On-hold (assumed),2023.0,2023,Green,0,Asia-Pacific,0,Unknown,0,0,0,0,0.0,0,0,0,1,0
CETPROJH21707,Financed,2021.0,2021,Green,0,Europe (EU-27),1,Industry (refinery feedstock),1,1,1,0,8.136810863675537,0,0,0,0,0
CETPROJH21706,Under construction,2023.0,2023,Green,0,Asia-Pacific,0,Industry (chemical feedstock),1,1,0,0,8.478660241699453,0,0,0,0,0
CETPROJH21705,On-hold (assumed),2023.0,2023,Green,0,Africa,0,Unknown,0,1,0,1,12.165255859329688,0,0,0,1,0
CETPROJH21704,Design,2023.0,2023,Green,0,Asia-Pacific,0,Industry (chemical feedstock),1,1,0,0,6.289715570908998,0,0,0,0,0
CETPROJH21703,On-hold (assumed),2023.0,2023,Green,0,Europe (EU-27),1,Industry (other),1,1,1,0,0.0,0,0,0,1,0
CETPROJH21702,Fully commissioned,2023.0,2023,Green,0,Europe (EU-27),1,Unknown,0,1,0,0,3.713572066704308,0,0,0,0,1
CETPROJH21701,Design,2022.0,2022,Green,0,Europe (EU-27),1,Transport (road),0,1,0,0,6.331501849893691,0,0,0,0,0
CETPROJH21700,On-hold (assumed),2023.0,2023,Green,0,Europe (EU-27),1,Industry (other),0,1,0,0,8.630700432209832,0,0,0,1,0
CETPROJH2170,On-hold (assumed),2021.0,2021,Green,0,Latin America,0,Unknown,0,0,0,0,11.767575435251748,0,0,0,1,0
CETPROJH21699,Design,2023.0,2023,Blue_CCS,1,North America,0,Unknown,0,0,0,0,12.093491680610596,0,0,0,0,0
CETPROJH21698,Design,2023.0,2023,Green,0,Europe (EU-27),1,Gas grid,0,1,0,0,11.006622929931822,0,0,0,0,0
CETPROJH21697,On-hold (assumed),2023.0,2023,Blue_CCS,1,Asia-Pacific,0,Unknown,0,0,0,0,12.716903269283664,0,0,0,1,0
CETPROJH21696,Design,2023.0,2023,Green,0,Europe (EU-27),1,Industry (other),0,1,0,0,6.1092475827643655,0,0,0,0,0
CETPROJH21695,On-hold (assumed),2023.0,2023,Green,0,Asia-Pacific,0,Transport (road),0,0,0,0,3.5263605246161616,0,0,0,1,0
CETPROJH21694,Permitted,2023.0,2023,Green,0,North America,0,Unknown,0,0,0,0,11.898194668458823,0,0,0,0,0
CETPROJH21693,On-hold (assumed),2023.0,2023,Green,0,Europe (non EU-27),0,Transport (other),0,0,0,0,0.0,0,0,0,1,0
CETPROJH21692,On-hold (assumed),2023.0,2023,Green,0,Asia-Pacific,0,Industry (chemical feedstock),1,1,0,0,12.353690604957844,0,0,0,1,0
CETPROJH21691,Design,2025.0,2025,Green,0,Asia-Pacific,0,Industry (chemical feedstock),1,1,0,0,11.050905878263567,0,0,0,0,0
CETPROJH21690,Design,2023.0,2023,Green,0,Europe (non EU-27),0,Unknown,0,0,0,0,0.0,0,0,0,0,0
CETPROJH2169,On-hold (assumed),2021.0,2021,Green,0,Latin America,0,Unknown,0,0,0,0,9.952325334619427,0,0,0,1,0
CETPROJH21689,Permitted,2021.0,2021,Green,0,Europe (non EU-27),0,Industry (other),0,0,0,0,7.275172319452771,0,0,0,0,0
CETPROJH21688,Design,2021.0,2021,Green,0,Europe (non EU-27),0,Industry (other),0,0,0,0,6.9975959829819265,0,0,0,0,0
CETPROJH21687,Design,2021.0,2021,Green,0,Europe (non EU-27),0,Industry (other),0,0,0,0,6.679599185844383,0,0,0,0,0
CETPROJH21686,Permitted,2022.0,2022,Green,0,Europe (non EU-27),0,Transport (road),0,0,0,0,7.37650812632622,0,0,0,0,0
CETPROJH21685,Announced (advanced),2023.0,2023,Blue_CCS,1,Asia-Pacific,0,Power & heat,0,0,0,0,10.968215530759236,0,0,0,0,0
CETPROJH21684,Under construction,2023.0,2023,Green,0,Europe (EU-27),1,Transport (other),0,1,0,0,6.22455842927536,0,0,0,0,0
CETPROJH21683,Design,2023.0,2023,Green,0,Asia-Pacific,0,Industry (chemical feedstock),1,1,0,0,12.163300834686265,0,0,0,0,0
CETPROJH21682,Announced (advanced),2023.0,2023,Green,0,Asia-Pacific,0,Industry (chemical feedstock),1,1,0,0,11.104972264124868,0,0,0,0,0
CETPROJH21681,On-hold (assumed),2023.0,2023,Green,0,Asia-Pacific,0,Power & heat,0,0,0,0,8.802522498284421,0,0,0,1,0
CETPROJH21680,On-hold (assumed),2023.0,2023,Green,0,Asia-Pacific,0,Unknown,0,0,0,0,10.502598741169479,0,0,0,1,0
CETPROJH21679,On-hold (assumed),2022.0,2022,Waste,0,Asia-Pacific,0,Unknown,0,0,0,0,0.0,0,0,0,1,0
CETPROJH21678,On-hold (assumed),2022.0,2022,Green,0,Asia-Pacific,0,Unknown,0,0,0,0,0.0,0,0,0,1,0
CETPROJH21677,On-hold (assumed),2022.0,2022,Green,0,Asia-Pacific,0,Unknown,0,0,0,0,11.156264806643742,0,0,0,1,0
CETPROJH21676,On-hold (assumed),2022.0,2022,Green,0,Asia-Pacific,0,Industry (chemical feedstock),1,1,0,0,6.7464121285733745,0,0,0,1,0
CETPROJH21675,On-hold (assumed),2023.0,2023,Green,0,Asia-Pacific,0,Unknown,0,0,0,0,0.0,0,0,0,1,0
CETPROJH21674,On-hold (assumed),2022.0,2022,Waste,0,Asia-Pacific,0,Unknown,0,0,0,0,5.680172609017068,0,0,0,1,0
CETPROJH21673,On-hold (assumed),2021.0,2021,Green,0,Asia-Pacific,0,Industry (refinery feedstock),1,1,0,0,4.875197323201151,0,0,0,1,0
CETPROJH21672,Permitted,2023.0,2023,Green,0,Asia-Pacific,0,Industry (refinery feedstock),1,1,0,0,6.825460036255307,0,0,0,0,0
CETPROJH21671,On-hold (assumed),2022.0,2022,Green,0,Asia-Pacific,0,Unknown,0,0,0,0,12.072575538032195,0,0,0,1,0
CETPROJH21670,On-hold (assumed),2022.0,2022,Green,0,Asia-Pacific,0,Unknown,0,0,0,0,0.0,0,0,0,1,0
CETPROJH21669,Feasibility,2023.0,2023,Green,0,North America,0,Unknown,0,0,0,0,10.274292200380668,0,0,0,0,0
CETPROJH21668,On-hold (assumed),2023.0,2023,Blue_CCS,1,North America,0,Industry (chemical feedstock),1,1,0,0,12.961257566630872,0,0,0,1,0
CETPROJH21667,Announced (advanced),2023.0,2023,Green,0,Middle East,0,Unknown,0,0,0,0,9.358070484000518,0,0,0,0,0
CETPROJH21666,Permitted,2023.0,2023,Green,0,Europe (EU-27),1,Transport (other),0,1,0,0,4.442651256490317,0,0,0,0,0
CETPROJH21665,Under construction,2023.0,2023,Green,0,Europe (EU-27),1,Transport (road),0,1,0,0,4.6443908991413725,0,0,0,0,0
CETPROJH21664,Design,2023.0,2023,Green,0,Europe (non EU-27),0,Transport (road),0,0,0,0,4.219507705176107,0,0,0,0,0
CETPROJH21663,Financed,2023.0,2023,Green,0,Europe (non EU-27),0,Industry (other),0,0,0,0,6.238324625039508,0,0,0,0,0
CETPROJH21662,Plans cancelled,2023.0,2023,Green,0,Europe (non EU-27),0,Transport (other),0,0,0,0,6.3080984415095305,1,1,1,1,0
CETPROJH21661,Design,2023.0,2023,Green,0,Europe (non EU-27),0,Industry (other),0,0,0,0,0.0,0,0,0,0,0
CETPROJH21660,Design,2023.0,2023,Green,0,Europe (non EU-27),0,Industry (other),0,0,0,0,0.0,0,0,0,0,0
CETPROJH2166,On-hold (assumed),2022.0,2022,Blue_CCS,1,North America,0,Unknown,0,0,0,0,0.0,0,0,0,1,0
CETPROJH21659,Design,2023.0,2023,Green,0,Europe (non EU-27),0,Unknown,0,0,0,0,0.0,0,0,0,0,0
CETPROJH21658,On-hold (assumed),2023.0,2023,Green,0,Europe (non EU-27),0,Unknown,0,0,0,0,11.080741567962146,0,0,0,1,0
CETPROJH21657,Announced (advanced),2023.0,2023,Green,0,Europe (non EU-27),0,Power & heat,0,0,0,0,12.0660114083708,0,0,0,0,0
CETPROJH21656,Permitted,2023.0,2023,Green,0,Europe (non EU-27),0,Power & heat,0,0,0,0,10.456596502556854,0,0,0,0,0
CETPROJH21655,Design,2023.0,2023,Green,0,Asia-Pacific,0,Unknown,0,0,0,0,3.7376696182833684,0,0,0,0,0
CETPROJH21654,Under construction,2023.0,2023,Green,0,Asia-Pacific,0,Industry (chemical feedstock),1,1,0,0,9.575052927597383,0,0,0,0,0
CETPROJH21653,Design,2023.0,2023,Green,0,Europe (non EU-27),0,Transport (road),0,0,0,0,5.805134968916488,0,0,0,0,0
CETPROJH21652,On-hold (assumed),2023.0,2023,Green,0,Asia-Pacific,0,Industry (chemical feedstock),1,1,0,0,11.561725152903833,0,0,0,1,0
CETPROJH21651,Under construction,2023.0,2023,Green,0,Europe (EU-27),1,Power & heat,0,1,0,0,2.302585092994046,0,0,0,0,0
CETPROJH21650,Fully commissioned,2022.0,2022,Green,0,Europe (EU-27),1,Transport (road),0,1,0,0,6.419994928147142,0,0,0,0,1
CETPROJH2165,Fully commissioned,2020.0,2020,Green,0,North America,0,Other,0,0,0,0,4.04305126783455,0,0,0,0,1
CETPROJH21649,Announced (early stage),2023.0,2023,Green,0,Latin America,0,Transport (road),0,0,0,0,0.0,0,0,0,0,0
CETPROJH21648,Fully commissioned,2023.0,2023,Green,0,Latin America,0,Transport (road),0,0,0,0,2.1972245773362196,0,0,0,0,1
CETPROJH21647,Fully commissioned,2023.0,2023,Green,0,Asia-Pacific,0,Power & heat,0,0,0,0,2.70805020110221,0,0,0,0,1
CETPROJH21646,On-hold (assumed),2023.0,2023,Green,0,Africa,0,Gas grid,0,0,0,0,0.0,0,0,0,1,0
CETPROJH21645,On-hold (assumed),2023.0,2023,Green,0,Europe (EU-27),1,Unknown,0,1,0,0,3.9512437185814275,0,0,0,1,0
CETPROJH21644,On-hold (assumed),2023.0,2023,Green,0,Europe (EU-27),1,Gas grid,0,1,0,0,10.468431975189615,0,0,0,1,0
CETPROJH21643,On-hold (assumed),2023.0,2023,Green,0,Europe (EU-27),1,Unknown,0,1,0,0,8.377241230988792,0,0,0,1,0
CETPROJH21642,On-hold (assumed),2023.0,2023,Green,0,Europe (non EU-27),0,Unknown,0,0,0,0,0.0,0,0,0,1,0
CETPROJH21641,On-hold (assumed),2023.0,2023,Green,0,Europe (non EU-27),0,Power & heat,0,0,0,0,0.0,0,0,0,1,0
CETPROJH21640,Design,2023.0,2023,Green,0,Europe (EU-27),1,Industry (chemical feedstock),1,1,1,0,9.662243674190131,0,0,0,0,0
CETPROJH2164,Fully commissioned,2018.0,2018,Green,0,North America,0,Transport (road),0,0,0,0,4.04305126783455,0,0,0,0,1
CETPROJH21639,On-hold (confirmed),2023.0,2023,Green,0,Asia-Pacific,0,Unknown,0,0,0,0,11.104972264124868,0,0,1,1,0
CETPROJH21638,Announced (early stage),2023.0,2023,Green,0,Asia-Pacific,0,Unknown,0,0,0,0,0.0,0,0,0,0,0
CETPROJH21637,On-hold (assumed),2023.0,2023,Green,0,Europe (non EU-27),0,Gas grid,0,0,0,0,1.9459101490553132,0,0,0,1,0
CETPROJH21636,Under construction,2023.0,2023,Blue_CCS,1,Europe (EU-27),1,Industry (refinery feedstock),1,1,1,0,11.313290899206928,0,0,0,0,0
CETPROJH21635,Feasibility,2020.0,2020,Green,0,Asia-Pacific,0,Industry (chemical feedstock),1,1,0,0,10.813257067420018,0,0,0,0,0
CETPROJH21634,On-hold (assumed),2023.0,2023,Green,0,Europe (EU-27),1,Industry (other),0,1,0,0,4.23410650459726,0,0,0,1,0
CETPROJH21633,On-hold (assumed),2023.0,2023,Green,0,Europe (non EU-27),0,Power & heat,0,0,0,0,0.0,0,0,0,1,0
CETPROJH21632,On-hold (assumed),2023.0,2023,Waste,0,Europe (EU-27),1,Gas grid,0,1,0,0,0.0,0,0,0,1,0
CETPROJH21631,On-hold (assumed),2023.0,2023,Waste,0,Europe (EU-27),1,Gas grid,0,1,0,0,0.0,0,0,0,1,0
CETPROJH21630,On-hold (assumed),2023.0,2023,Green,0,Asia-Pacific,0,Unknown,0,0,0,0,11.104972264124868,0,0,0,1,0
CETPROJH2163,On-hold (assumed),2021.0,2021,Green,0,North America,0,Industry (other),0,0,0,0,6.957497370876951,0,0,0,1,0
CETPROJH21629,On-hold (assumed),2021.0,2021,Green,0,Europe (EU-27),1,Industry (other),0,1,0,0,9.527775402577312,0,0,0,1,0
CETPROJH21628,On-hold (assumed),2021.0,2021,Green,0,Europe (EU-27),1,Transport (road),0,1,0,0,7.05617528410041,0,0,0,1,0
CETPROJH21627,On-hold (assumed),2022.0,2022,Green,0,Europe (EU-27),1,Transport (aviation),0,1,0,0,7.305860032684009,0,0,0,1,0
CETPROJH21626,Announced (advanced),2022.0,2022,Green,0,Europe (EU-27),1,Industry (chemical feedstock),1,1,1,0,10.05113139444869,0,0,0,0,0
CETPROJH21625,Announced (advanced),2023.0,2023,Green,0,Africa,0,Unknown,0,1,0,1,13.229156466438736,0,0,0,0,0
CETPROJH21624,Feasibility,2023.0,2023,Green,0,Africa,0,Unknown,0,1,0,1,10.05113139444869,0,0,0,0,0
CETPROJH21623,Permitted,2021.0,2021,Green,0,Europe (EU-27),1,Industry (other),0,1,0,1,10.010142230404668,0,0,0,0,0
CETPROJH21622,Feasibility,2021.0,2021,Green,0,Europe (EU-27),1,Transport (other),0,1,0,0,6.331501849893691,0,0,0,0,0
CETPROJH21621,Fully commissioned,2017.0,2017,Green,0,Europe (EU-27),1,Unknown,0,1,0,0,0.0,0,0,0,0,1
CETPROJH21620,Fully commissioned,2016.0,2016,Green,0,Europe (EU-27),1,Industry (other),0,1,0,0,0.0,0,0,0,0,1
CETPROJH2162,On-hold (assumed),2021.0,2021,Green,0,North America,0,Unknown,0,0,0,0,7.542213463193403,0,0,0,1,0
CETPROJH21619,Fully commissioned,2013.0,2013,Green,0,Europe (EU-27),1,Unknown,0,1,0,0,0.0,0,0,0,0,1
CETPROJH21618,Fully commissioned,2021.0,2021,Green,0,North America,0,Power & heat,0,0,0,0,2.3978952727983707,0,0,0,0,1
CETPROJH21615,Fully commissioned,2010.0,2010,Green,0,North America,0,Transport (road),0,0,0,0,2.0794415416798357,0,0,0,0,1
CETPROJH21614,Fully commissioned,2014.0,2014,Green,0,North America,0,Transport (road),0,0,0,0,1.6094379124341003,0,0,0,0,1
CETPROJH21612,Fully commissioned,2015.0,2015,Green,0,North America,0,Unknown,0,0,0,0,1.0986122886681098,0,0,0,0,1
CETPROJH21611,Fully commissioned,2011.0,2011,Green,0,North America,0,Unknown,0,0,0,0,0.6931471805599453,0,0,0,0,1
CETPROJH21610,On-hold (confirmed),2022.0,2022,Green,0,North America,0,Industry (refinery feedstock),1,1,0,0,9.546884034617925,0,0,1,1,0
CETPROJH21609,On-hold (assumed),2018.0,2018,Blue_CCS,1,Asia-Pacific,0,Unknown,0,0,0,0,11.931642378754141,0,0,0,1,0
CETPROJH21608,Announced (advanced),2023.0,2023,Green,0,Europe (EU-27),1,Unknown,0,1,0,0,7.293697720601438,0,0,0,0,0
CETPROJH21607,Design,2023.0,2023,Green,0,Europe (EU-27),1,Industry (chemical feedstock),1,1,1,0,7.467942332285852,0,0,0,0,0
CETPROJH21606,Announced (advanced),2021.0,2021,Green,0,Europe (EU-27),1,Industry (other),0,1,0,0,7.789868559054706,0,0,0,0,0
CETPROJH21605,Announced (advanced),2023.0,2023,Green,0,Europe (EU-27),1,Industry (other),0,1,0,0,7.650168700845001,0,0,0,0,0
CETPROJH21604,Permitted,2023.0,2023,Green,0,Europe (EU-27),1,Industry (other),0,1,0,0,6.55250788703459,0,0,0,0,0
CETPROJH21603,Announced (advanced),2023.0,2023,Green,0,Asia-Pacific,0,Industry (other),1,1,0,0,10.521129631565318,0,0,0,0,0
CETPROJH21602,Under construction,2023.0,2023,Green,0,Asia-Pacific,0,Industry (chemical feedstock),1,1,0,0,4.04305126783455,0,0,0,0,0
CETPROJH21601,On-hold (assumed),2021.0,2021,Green,0,Europe (non EU-27),0,Unknown,0,0,0,0,3.6109179126442243,0,0,0,1,0
CETPROJH21600,On-hold (assumed),2021.0,2021,Green,0,Europe (EU-27),1,Unknown,0,1,0,0,8.000014093678072,0,0,0,1,0
CETPROJH2160,Fully commissioned,2022.0,2022,Green,0,North America,0,Unknown,0,0,0,0,7.558516743045645,0,0,0,0,1
CETPROJH21599,Design,2023.0,2023,Green,0,North America,0,Industry (refinery feedstock),1,1,0,0,7.157735484249907,0,0,0,0,0
CETPROJH21598,Announced (advanced),2021.0,2021,Green,0,Europe (EU-27),1,Industry (refinery feedstock),1,1,1,0,11.55518961907826,0,0,0,0,0
CETPROJH21597,On-hold (assumed),2021.0,2021,Green,0,Europe (EU-27),1,Industry (chemical feedstock),1,1,1,0,9.25272913846797,0,0,0,1,0
CETPROJH21596,On-hold (assumed),2022.0,2022,Green,0,Europe (non EU-27),0,Transport (other),0,0,0,0,6.45833828334479,0,0,0,1,0
CETPROJH21595,On-hold (assumed),2022.0,2022,Green,0,Europe (EU-27),1,Industry (other),0,1,0,0,3.367295829986474,0,0,0,1,0
CETPROJH21594,Announced (advanced),2020.0,2020,Green,0,Europe (EU-27),1,Unknown,0,1,0,0,7.7437032581737535,0,0,0,0,0
CETPROJH21593,On-hold (assumed),2021.0,2021,Green,0,Europe (EU-27),1,Industry (chemical feedstock),1,1,1,0,4.23410650459726,0,0,0,1,0
CETPROJH21592,Design,2021.0,2021,Green,0,Europe (EU-27),1,Transport (road),0,1,0,0,4.394449154672439,0,0,0,0,0
CETPROJH21591,Fully commissioned,2018.0,2018,Green,0,Europe (EU-27),1,Industry (other),1,1,1,0,0.0,0,0,0,0,1
CETPROJH21590,On-hold (assumed),2021.0,2021,Green,0,Europe (EU-27),1,Industry (chemical feedstock),1,1,1,0,9.182557990963732,0,0,0,1,0
CETPROJH2159,Design,2022.0,2022,Green,0,North America,0,Transport (road),0,0,0,0,8.010359588919783,0,0,0,0,0
CETPROJH21589,Announced (advanced),2021.0,2021,Green,0,Europe (EU-27),1,Industry (chemical feedstock),1,1,1,0,10.274292200380668,0,0,0,0,0
CETPROJH21588,On-hold (assumed),2021.0,2021,Green,0,Europe (EU-27),1,Industry (chemical feedstock),1,1,1,0,7.972121128921655,0,0,0,1,0
CETPROJH21587,On-hold (assumed),2022.0,2022,Green,0,Europe (EU-27),1,Industry (other),0,1,0,0,8.497194544909547,0,0,0,1,0
CETPROJH21586,On-hold (assumed),2022.0,2022,Green,0,Europe (EU-27),1,Industry (other),0,1,0,0,8.497194544909547,0,0,0,1,0
CETPROJH21585,On-hold (assumed),2022.0,2022,Green,0,Europe (EU-27),1,Industry (other),0,1,0,0,8.497194544909547,0,0,0,1,0
CETPROJH21584,On-hold (assumed),2022.0,2022,Green,0,Europe (EU-27),1,Industry (other),0,1,0,0,8.497194544909547,0,0,0,1,0
CETPROJH21583,On-hold (assumed),2022.0,2022,Green,0,Europe (EU-27),1,Industry (other),0,1,0,0,8.497194544909547,0,0,0,1,0
CETPROJH21582,On-hold (assumed),2022.0,2022,Green,0,Europe (EU-27),1,Industry (other),0,1,0,0,8.497194544909547,0,0,0,1,0
CETPROJH21581,Under construction,2022.0,2022,Green,0,Europe (EU-27),1,Gas grid,0,1,0,0,4.948759890378168,0,0,0,0,0
CETPROJH21580,On-hold (assumed),2021.0,2021,Green,0,Europe (EU-27),1,Gas grid,0,1,0,0,3.4965075614664802,0,0,0,1,0
CETPROJH21579,On-hold (confirmed),2020.0,2020,Green,0,Asia-Pacific,0,Unknown,0,0,0,0,12.181882406728956,0,0,1,1,0
CETPROJH21578,On-hold (confirmed),2020.0,2020,Green,0,Asia-Pacific,0,Transport (road),0,0,0,0,6.621405651764134,0,0,1,1,0
CETPROJH21577,On-hold (confirmed),2021.0,2021,Green,0,Asia-Pacific,0,Unknown,0,0,0,0,5.805134968916488,0,0,1,1,0
CETPROJH21576,On-hold (confirmed),2021.0,2021,Green,0,Asia-Pacific,0,Unknown,0,0,0,0,9.694493424326337,0,0,1,1,0
CETPROJH21575,On-hold (confirmed),2022.0,2022,Green,0,Asia-Pacific,0,Gas grid,0,0,0,0,12.461904078987729,0,0,1,1,0
CETPROJH21574,On-hold (assumed),2021.0,2021,Green,0,Middle East,0,Unknown,0,0,0,0,6.90875477931522,0,0,0,1,0
CETPROJH21573,On-hold (assumed),2021.0,2021,Green,0,Middle East,0,Unknown,0,0,0,0,13.805461232211272,0,0,0,1,0
CETPROJH21572,Under construction,2023.0,2023,Waste,0,Asia-Pacific,0,Industry (other),0,0,0,0,5.680172609017068,0,0,0,0,0
CETPROJH21571,Fully commissioned,2023.0,2023,Green,0,North America,0,Industry (other),0,0,0,0,6.22455842927536,0,0,0,0,1
CETPROJH21570,Fully commissioned,2017.0,2017,Green,0,Europe (EU-27),1,Gas grid,0,1,0,0,3.871201010907891,0,0,0,0,1
CETPROJH21569,Plans cancelled,2023.0,2023,Green,0,North America,0,Transport (other),0,0,0,0,0.0,1,1,1,1,0
CETPROJH21568,Design,2023.0,2023,Green,0,Europe (EU-27),1,Industry (other),1,1,1,0,7.753194269884341,0,0,0,0,0
CETPROJH21567,Announced (advanced),2023.0,2023,Green,0,Europe (EU-27),1,Unknown,0,1,0,0,8.847216104357543,0,0,0,0,0
CETPROJH21566,Fully commissioned,2023.0,2023,Green,0,Europe (EU-27),1,Unknown,0,1,0,0,5.303304908059076,0,0,0,0,1
CETPROJH21565,Fully commissioned,2023.0,2023,Green,0,Asia-Pacific,0,Power & heat,0,0,0,0,2.1972245773362196,0,0,0,0,1
CETPROJH21564,Fully commissioned,2023.0,2023,Green,0,Europe (EU-27),1,Transport (road),0,1,0,0,5.545177444479562,0,0,0,0,1
CETPROJH21563,On-hold (assumed),2023.0,2023,Green,0,Europe (EU-27),1,Power & heat,0,1,0,0,12.199541363063988,0,0,0,1,0
CETPROJH21562,Fully commissioned,2023.0,2023,Green,0,Europe (non EU-27),0,Transport (shipping),0,0,0,0,3.9318256327243257,0,0,0,0,1
CETPROJH21561,Design,2023.0,2023,Waste,0,Asia-Pacific,0,Unknown,0,0,0,0,2.1972245773362196,0,0,0,0,0
CETPROJH21560,On-hold (assumed),2023.0,2023,Green,0,North America,0,Transport (shipping),0,0,0,0,0.0,0,0,0,1,0
CETPROJH21559,Design,2023.0,2023,Green,0,Europe (non EU-27),0,Transport (road),0,0,0,0,6.059123195581797,0,0,0,0,0
CETPROJH21558,Fully commissioned,2017.0,2017,Green,0,Europe (EU-27),1,Transport (road),0,1,0,0,3.2188758248682006,0,0,0,0,1
CETPROJH21557,On-hold (assumed),2021.0,2021,Green,0,Europe (EU-27),1,Industry (chemical feedstock),1,1,1,0,8.27614021955846,0,0,0,1,0
CETPROJH21556,On-hold (assumed),2022.0,2022,Green,0,Asia-Pacific,0,Other,0,0,0,0,10.808393725543645,0,0,0,1,0
CETPROJH21555,Fully commissioned,2022.0,2022,Green,0,Asia-Pacific,0,Other,0,0,0,0,4.795790545596741,0,0,0,0,1
CETPROJH21554,On-hold (assumed),2022.0,2022,Green,0,Asia-Pacific,0,Other,0,0,0,0,6.023447592961033,0,0,0,1,0
CETPROJH21553,Announced (early stage),2023.0,2023,Green,0,North America,0,Power & heat,0,0,0,0,0.0,0,0,0,0,0
CETPROJH21552,On-hold (assumed),2023.0,2023,Green,0,North America,0,Transport (road),0,0,0,0,0.0,0,0,0,1,0
CETPROJH21551,On-hold (assumed),2023.0,2023,Green,0,Europe (EU-27),1,Unknown,0,1,0,0,12.422682901270855,0,0,0,1,0
CETPROJH21550,On-hold (assumed),2023.0,2023,Green,0,Asia-Pacific,0,Unknown,0,0,0,0,9.03264808356589,0,0,0,1,0
CETPROJH2155,Feasibility,2020.0,2020,Green,0,North America,0,Transport (aviation),0,0,0,0,10.822394858193437,0,0,0,0,0
CETPROJH21549,On-hold (assumed),2023.0,2023,Green,0,Africa,0,Unknown,0,0,0,0,9.34145634983372,0,0,0,1,0
CETPROJH21548,Feasibility,2022.0,2022,Green,0,Africa,0,Industry (chemical feedstock),1,1,0,0,10.626945679590664,0,0,0,0,0
CETPROJH21547,Feasibility,2022.0,2022,Green,0,Africa,0,Industry (chemical feedstock),1,1,0,0,5.860786223465865,0,0,0,0,0
CETPROJH21546,Permitted,2023.0,2023,Green,0,Europe (EU-27),1,Transport (aviation),0,1,0,0,7.650168700845001,0,0,0,0,0
CETPROJH21545,Financed,2023.0,2023,Green,0,Europe (EU-27),1,Power & heat,0,1,0,0,9.328212292571072,0,0,0,0,0
CETPROJH21544,Permitted,2023.0,2023,Green,0,Asia-Pacific,0,Power & heat,0,0,0,0,7.189922170745808,0,0,0,0,0
CETPROJH21543,Design,2022.0,2022,Green,0,Asia-Pacific,0,Unknown,0,0,0,0,4.477336814478207,0,0,0,0,0
CETPROJH21542,Permitted,2023.0,2023,Green,0,Europe (EU-27),1,Industry (chemical feedstock),1,1,1,0,7.492760300922379,0,0,0,0,0
CETPROJH21541,Design,2023.0,2023,Green,0,Europe (EU-27),1,Unknown,0,1,0,0,4.110873864173311,0,0,0,0,0
CETPROJH21540,Fully commissioned,2022.0,2022,Green,0,Europe (non EU-27),0,Transport (road),0,0,0,0,5.5053315359323625,0,0,0,0,1
CETPROJH2154,Design,2020.0,2020,Green,0,North America,0,Transport (aviation),0,0,0,0,8.965079015408355,0,0,0,0,0
CETPROJH21539,Announced (advanced),2023.0,2023,Green,0,Europe (EU-27),1,Industry (chemical feedstock),1,1,1,0,9.846970109700957,0,0,0,0,0
CETPROJH21538,Design,2023.0,2023,Green,0,Europe (EU-27),1,Industry (chemical feedstock),1,1,1,0,7.650168700845001,0,0,0,0,0
CETPROJH21537,Permitted,2023.0,2023,Green,0,Asia-Pacific,0,Industry (chemical feedstock),1,1,0,0,7.157735484249907,0,0,0,0,0
CETPROJH21536,Permitted,2023.0,2023,Green,0,North America,0,Transport (road),0,0,0,0,8.612685172875459,0,0,0,0,0
CETPROJH21535,Fully commissioned,2023.0,2023,Green,0,Europe (EU-27),1,Transport (road),0,1,0,0,5.198497031265826,0,0,0,0,1
CETPROJH21534,Under construction,2023.0,2023,Green,0,Asia-Pacific,0,Industry (chemical feedstock),1,1,0,0,10.896757843893464,0,0,0,0,0
CETPROJH21533,Announced (advanced),2023.0,2023,Green,0,Latin America,0,Industry (chemical feedstock),1,1,0,0,9.952325334619427,0,0,0,0,0
CETPROJH21532,Feasibility,2023.0,2023,Waste,0,Asia-Pacific,0,Unknown,0,0,0,0,7.8713112033234065,0,0,0,0,0
CETPROJH21531,On-hold (assumed),2023.0,2023,Waste,0,Asia-Pacific,0,Gas grid,0,0,0,0,9.082620630373812,0,0,0,1,0
CETPROJH21530,Decommissioned,2022.0,2022,Green,0,North America,0,Transport (road),0,0,0,0,5.680172609017068,0,1,1,0,0
CETPROJH2153,On-hold (assumed),2022.0,2022,Green,0,North America,0,Transport (road),0,0,0,0,7.153833801578843,0,0,0,1,0
CETPROJH21529,Fully commissioned,2022.0,2022,Green,0,Asia-Pacific,0,Power & heat,0,0,0,0,1.3862943611198906,0,0,0,0,1
CETPROJH21528,On-hold (assumed),2021.0,2021,Blue_CCS,1,Asia-Pacific,0,Transport (other),0,0,0,0,0.0,0,0,0,1,0
CETPROJH21527,On-hold (assumed),2022.0,2022,Green,0,Asia-Pacific,0,Unknown,0,0,0,0,0.0,0,0,0,1,0
CETPROJH21526,On-hold (assumed),2022.0,2022,Green,0,Asia-Pacific,0,Unknown,0,0,0,0,0.0,0,0,0,1,0
CETPROJH21525,On-hold (assumed),2022.0,2022,Green,0,Asia-Pacific,0,Unknown,0,0,0,0,0.0,0,0,0,1,0
CETPROJH21524,On-hold (assumed),2021.0,2021,Green,0,Asia-Pacific,0,Unknown,0,0,0,0,0.0,0,0,0,1,0
CETPROJH21523,On-hold (assumed),2022.0,2022,Green,0,Asia-Pacific,0,Power & heat,0,0,0,0,0.0,0,0,0,1,0
CETPROJH21522,Fully commissioned,2021.0,2021,Green,0,Asia-Pacific,0,Transport (road),0,0,0,0,4.77912349311153,0,0,0,0,1
CETPROJH21521,On-hold (assumed),2021.0,2021,Green,0,Asia-Pacific,0,Unknown,0,0,0,0,0.0,0,0,0,1,0
CETPROJH21520,On-hold (assumed),2021.0,2021,Green,0,Asia-Pacific,0,Industry (chemical feedstock),1,1,0,0,1.0986122886681098,0,0,0,1,0
CETPROJH2152,On-hold (assumed),2022.0,2022,Green,0,North America,0,Power & heat,0,0,0,0,12.031725210748633,0,0,0,1,0
CETPROJH21519,On-hold (assumed),2021.0,2021,Green,0,Asia-Pacific,0,Transport (road),0,0,0,0,2.6390573296152584,0,0,0,1,0
CETPROJH21518,Fully commissioned,2020.0,2020,Green,0,Asia-Pacific,0,Industry (other),0,0,0,0,5.6240175061873385,0,0,0,0,1
CETPROJH21517,Fully commissioned,2021.0,2021,Green,0,Asia-Pacific,0,Unknown,0,0,0,0,4.948759890378168,0,0,0,0,1
CETPROJH21516,Fully commissioned,2022.0,2022,Green,0,Asia-Pacific,0,Power & heat,0,0,0,0,4.5217885770490405,0,0,0,0,1
CETPROJH21515,On-hold (assumed),2022.0,2022,Green,0,Asia-Pacific,0,Industry (other),0,0,0,0,6.933423025730715,0,0,0,1,0
CETPROJH21514,On-hold (assumed),2022.0,2022,Green,0,Asia-Pacific,0,Unknown,0,0,0,0,5.288267030694535,0,0,0,1,0
CETPROJH21513,On-hold (assumed),2022.0,2022,Green,0,Asia-Pacific,0,Industry (other),0,0,0,0,4.663439094112067,0,0,0,1,0
CETPROJH21512,On-hold (assumed),2022.0,2022,Green,0,Europe (EU-27),1,Unknown,0,1,0,0,0.0,0,0,0,1,0
CETPROJH21511,Permitted,2022.0,2022,Green,0,Europe (EU-27),1,Transport (road),0,1,0,0,3.970291913552122,0,0,0,0,0
CETPROJH21510,On-hold (assumed),2022.0,2022,Green,0,Middle East,0,Unknown,0,0,0,0,0.0,0,0,0,1,0
CETPROJH2151,On-hold (assumed),2022.0,2022,Green,0,North America,0,Unknown,0,0,0,0,13.808973236163904,0,0,0,1,0
CETPROJH21509,On-hold (assumed),2022.0,2022,Blue_CCS,1,Asia-Pacific,0,Power & heat,0,0,0,0,12.206077645517674,0,0,0,1,0
CETPROJH21508,Permitted,2022.0,2022,Green,0,Europe (non EU-27),0,Power & heat,0,0,0,0,7.583247524303362,0,0,0,0,0
CETPROJH21507,On-hold (assumed),2022.0,2022,Green,0,Europe (EU-27),1,Industry (other),0,1,0,0,6.161207321695077,0,0,0,1,0
CETPROJH21506,On-hold (assumed),2021.0,2021,Green,0,Asia-Pacific,0,Unknown,0,0,0,0,5.6240175061873385,0,0,0,1,0
CETPROJH21505,Fully commissioned,2021.0,2021,Green,0,Asia-Pacific,0,Transport (road),0,0,0,0,6.480044561926653,0,0,0,0,1
CETPROJH21504,On-hold (assumed),2020.0,2020,Green,0,Asia-Pacific,0,Unknown,0,0,0,0,7.362645270417825,0,0,0,1,0
CETPROJH21503,Fully commissioned,2022.0,2022,Green,0,Asia-Pacific,0,Transport (road),0,0,0,0,7.074963197966044,0,0,0,0,1
CETPROJH21502,On-hold (assumed),2022.0,2022,Green,0,Asia-Pacific,0,Unknown,0,0,0,0,9.070388411548738,0,0,0,1,0
CETPROJH21501,On-hold (assumed),2021.0,2021,Green,0,Asia-Pacific,0,Industry (other),0,0,0,0,6.670766320845874,0,0,0,1,0
CETPROJH21500,On-hold (assumed),2022.0,2022,Green,0,Asia-Pacific,0,Unknown,0,0,0,0,7.698936199813447,0,0,0,1,0
CETPROJH2150,Fully commissioned,2013.0,2013,Green,0,North America,0,Gas grid,0,0,0,0,1.791759469228055,0,0,0,0,1
CETPROJH21499,On-hold (assumed),2022.0,2022,Green,0,Asia-Pacific,0,Industry (chemical feedstock),1,1,0,0,7.75190533307861,0,0,0,1,0
CETPROJH21498,Fully commissioned,2020.0,2020,Green,0,Asia-Pacific,0,Transport (road),0,0,0,0,5.53338948872752,0,0,0,0,1
CETPROJH21497,On-hold (assumed),2022.0,2022,Green,0,Asia-Pacific,0,Unknown,0,0,0,0,0.0,0,0,0,1,0
CETPROJH21496,Under construction,2022.0,2022,Green,0,Asia-Pacific,0,Unknown,0,0,0,0,6.974478911025045,0,0,0,0,0
CETPROJH21495,On-hold (assumed),2022.0,2022,Blue_CCS,1,Asia-Pacific,0,Transport (road),0,0,0,0,8.525359754082631,0,0,0,1,0
CETPROJH21494,On-hold (assumed),2022.0,2022,Blue_CCS,1,Asia-Pacific,0,Industry (chemical feedstock),1,1,0,0,8.881975184248867,0,0,0,1,0
CETPROJH21493,On-hold (assumed),2021.0,2021,Green,0,Asia-Pacific,0,Transport (road),0,0,0,0,7.824445930877619,0,0,0,1,0
CETPROJH21492,Fully commissioned,2021.0,2021,Green,0,Asia-Pacific,0,Industry (chemical feedstock),1,1,0,0,9.862717639992917,0,0,0,0,1
CETPROJH21491,On-hold (assumed),2020.0,2020,Blue_CCS,1,Asia-Pacific,0,Industry (chemical feedstock),1,1,0,0,9.158099260130491,0,0,0,1,0
CETPROJH21490,On-hold (assumed),2022.0,2022,Green,0,Asia-Pacific,0,Unknown,0,0,0,0,9.153875834995056,0,0,0,1,0
CETPROJH2149,Plans cancelled,2021.0,2021,Green,0,North America,0,Transport (road),0,0,0,0,8.9445502459405,1,1,1,1,0
CETPROJH21489,On-hold (assumed),2022.0,2022,Green,0,Asia-Pacific,0,Unknown,0,0,0,0,0.0,0,0,0,1,0
CETPROJH21488,On-hold (assumed),2021.0,2021,Green,0,Asia-Pacific,0,Transport (other),0,0,0,0,0.0,0,0,0,1,0
CETPROJH21487,On-hold (assumed),2022.0,2022,Green,0,Asia-Pacific,0,Transport (road),0,0,0,0,8.853808274977197,0,0,0,1,0
CETPROJH21486,On-hold (assumed),2021.0,2021,Green,0,Asia-Pacific,0,Unknown,0,0,0,0,6.161207321695077,0,0,0,1,0
CETPROJH21485,On-hold (assumed),2022.0,2022,Other,0,Asia-Pacific,0,Unknown,0,0,0,0,10.463131911491967,0,0,0,1,0
CETPROJH21484,On-hold (assumed),2022.0,2022,Blue_CCS,1,Asia-Pacific,0,Unknown,0,0,0,0,11.050937623287538,0,0,0,1,0
CETPROJH21483,On-hold (assumed),2022.0,2022,Blue_CCS,1,Asia-Pacific,0,Unknown,0,0,0,0,11.050937623287538,0,0,0,1,0
CETPROJH21482,On-hold (assumed),2021.0,2021,Green,0,Asia-Pacific,0,Unknown,0,0,0,0,10.121859738971446,0,0,0,1,0
CETPROJH21481,On-hold (assumed),2021.0,2021,Green,0,Asia-Pacific,0,Unknown,0,0,0,0,0.0,0,0,0,1,0
CETPROJH21480,On-hold (assumed),2021.0,2021,Green,0,Asia-Pacific,0,Unknown,0,0,0,0,7.257707677160043,0,0,0,1,0
CETPROJH2148,Fully commissioned,2022.0,2022,Green,0,North America,0,Transport (aviation),0,0,0,0,0.0,0,0,0,0,1
CETPROJH21479,On-hold (assumed),2021.0,2021,Green,0,Asia-Pacific,0,Unknown,0,0,0,0,4.30406509320417,0,0,0,1,0
CETPROJH21478,On-hold (assumed),2022.0,2022,Green,0,Asia-Pacific,0,Unknown,0,0,0,0,5.0689042022202315,0,0,0,1,0
CETPROJH21477,On-hold (assumed),2022.0,2022,Green,0,North America,0,Unknown,0,0,0,0,8.656955133791396,0,0,0,1,0
CETPROJH21476,On-hold (assumed),2022.0,2022,Green,0,Asia-Pacific,0,Unknown,0,0,0,0,7.9909154630913255,0,0,0,1,0
CETPROJH21475,On-hold (assumed),2021.0,2021,Green,0,Asia-Pacific,0,Unknown,0,0,0,0,6.852242569051878,0,0,0,1,0
CETPROJH21474,Under construction,2022.0,2022,Green,0,Asia-Pacific,0,Unknown,0,0,0,0,9.153875834995056,0,0,0,0,0
CETPROJH21473,On-hold (assumed),2021.0,2021,Green,0,Asia-Pacific,0,Unknown,0,0,0,0,7.585788821732034,0,0,0,1,0
CETPROJH21472,Fully commissioned,2022.0,2022,Green,0,Asia-Pacific,0,Industry (chemical feedstock),1,1,0,0,7.305860032684009,0,0,0,0,1
CETPROJH21471,On-hold (assumed),2022.0,2022,Green,0,Asia-Pacific,0,Industry (chemical feedstock),1,1,0,0,10.440010162389305,0,0,0,1,0
CETPROJH21470,On-hold (assumed),2022.0,2022,Green,0,Asia-Pacific,0,Power & heat,0,0,0,0,11.042937835596494,0,0,0,1,0
CETPROJH2147,On-hold (assumed),2021.0,2021,Green,0,North America,0,Unknown,0,0,0,0,0.0,0,0,0,1,0
CETPROJH21469,Fully commissioned,2022.0,2022,Green,0,North America,0,Power & heat,0,0,0,0,6.894670039433482,0,0,0,0,1
CETPROJH21468,On-hold (assumed),2022.0,2022,Green,0,Latin America,0,Industry (refinery feedstock),1,1,1,1,11.771984272428993,0,0,0,1,0
CETPROJH21467,Fully commissioned,2020.0,2020,Green,0,Asia-Pacific,0,Transport (road),0,0,0,0,6.601230118728877,0,0,0,0,1
CETPROJH21466,On-hold (assumed),2022.0,2022,Green,0,Europe (EU-27),1,Transport (road),0,1,0,0,5.25227342804663,0,0,0,1,0
CETPROJH21465,On-hold (assumed),2022.0,2022,Green,0,Africa,0,Unknown,0,0,0,0,11.264476926102367,0,0,0,1,0
CETPROJH21464,On-hold (assumed),2022.0,2022,Green,0,Africa,0,Unknown,0,0,0,0,11.264476926102367,0,0,0,1,0
CETPROJH21463,On-hold (assumed),2022.0,2022,Green,0,Africa,0,Unknown,0,0,0,0,8.27410200229233,0,0,0,1,0
CETPROJH21462,Design,2022.0,2022,Blue_CCS,1,North America,0,Unknown,0,0,0,0,9.851193757814993,0,0,0,0,0
CETPROJH21461,Feasibility,2022.0,2022,Green,0,Africa,0,Industry (chemical feedstock),1,1,1,1,11.09593924297492,0,0,0,0,0
CETPROJH21460,On-hold (confirmed),2022.0,2022,Green,0,North America,0,Transport (road),0,0,0,0,10.687411927154141,0,0,1,1,0
CETPROJH2146,On-hold (assumed),2021.0,2021,Green,0,North America,0,Industry (chemical feedstock),1,1,0,0,0.0,0,0,0,1,0
CETPROJH21459,On-hold (assumed),2022.0,2022,Green,0,Asia-Pacific,0,Power & heat,0,0,0,0,0.0,0,0,0,1,0
CETPROJH21458,Permitted,2020.0,2020,Waste,0,Europe (EU-27),1,Transport (aviation),0,1,0,0,9.680406499268875,0,0,0,0,0
CETPROJH21457,On-hold (assumed),2022.0,2022,Green,0,Asia-Pacific,0,Transport (road),0,0,0,0,10.274292200380668,0,0,0,1,0
CETPROJH21456,On-hold (assumed),2022.0,2022,Green,0,Asia-Pacific,0,Transport (road),0,0,0,0,9.917636975640548,0,0,0,1,0
CETPROJH21455,On-hold (assumed),2022.0,2022,Green,0,Asia-Pacific,0,Transport (road),0,0,0,0,9.070388411548738,0,0,0,1,0
CETPROJH21454,On-hold (assumed),2022.0,2022,Green,0,Asia-Pacific,0,Transport (road),0,0,0,0,5.594711379601839,0,0,0,1,0
CETPROJH21453,Under construction,2022.0,2022,Waste,0,Europe (EU-27),1,Unknown,0,1,0,0,3.4965075614664802,0,0,0,0,0
CETPROJH21452,On-hold (assumed),2022.0,2022,Green,0,Europe (EU-27),1,Unknown,0,1,0,0,10.630939536788064,0,0,0,1,0
CETPROJH21451,On-hold (assumed),2022.0,2022,Green,0,Europe (EU-27),1,Unknown,0,1,0,0,10.630939536788064,0,0,0,1,0
CETPROJH21450,On-hold (assumed),2022.0,2022,Green,0,Europe (EU-27),1,Unknown,0,1,0,0,12.553710881135554,0,0,0,1,0
CETPROJH2145,Under construction,2021.0,2021,Green,0,North America,0,Power & heat,0,0,0,0,8.27614021955846,0,0,0,0,0
CETPROJH21449,On-hold (assumed),2022.0,2022,Green,0,Europe (EU-27),1,Unknown,0,1,0,0,9.609317813948794,0,0,0,1,0
CETPROJH21448,On-hold (assumed),2022.0,2022,Green,0,Europe (EU-27),1,Power & heat,0,1,0,0,11.506394182504042,0,0,0,1,0
CETPROJH21447,On-hold (assumed),2022.0,2022,Green,0,North America,0,Transport (road),0,0,0,0,7.615298339825815,0,0,0,1,0
CETPROJH21446,On-hold (assumed),2022.0,2022,Green,0,Asia-Pacific,0,Unknown,0,0,0,0,11.274046255019954,0,0,0,1,0
CETPROJH21445,On-hold (assumed),2022.0,2022,Green,0,North America,0,Transport (road),0,0,0,0,7.75190533307861,0,0,0,1,0
CETPROJH21444,On-hold (assumed),2022.0,2022,Green,0,Africa,0,Transport (other),0,0,0,0,10.457401400981889,0,0,0,1,0
CETPROJH21443,On-hold (assumed),2022.0,2022,Green,0,Africa,0,Transport (other),0,0,0,0,9.488047863280759,0,0,0,1,0
CETPROJH21442,Permitted,2022.0,2022,Green,0,Europe (EU-27),1,Industry (other),1,1,1,0,3.258096538021482,0,0,0,0,0
CETPROJH21441,On-hold (assumed),2022.0,2022,Green,0,Middle East,0,Unknown,0,0,0,0,0.0,0,0,0,1,0
CETPROJH21440,On-hold (assumed),2022.0,2022,Green,0,Europe (EU-27),1,Unknown,0,1,0,0,9.858803944909488,0,0,0,1,0
CETPROJH2144,Fully commissioned,2021.0,2021,Green,0,North America,0,Transport (road),0,0,0,0,8.53915035876828,0,0,0,0,1
CETPROJH21439,On-hold (assumed),2022.0,2022,Green,0,Africa,0,Industry (chemical feedstock),1,1,0,0,9.20391980417326,0,0,0,1,0
CETPROJH21438,On-hold (assumed),2022.0,2022,Green,0,Latin America,0,Unknown,0,0,0,0,9.770013301136158,0,0,0,1,0
CETPROJH21437,On-hold (assumed),2022.0,2022,Green,0,Africa,0,Power & heat,0,0,0,0,0.0,0,0,0,1,0
CETPROJH21436,Fully commissioned,2022.0,2022,Green,0,Europe (EU-27),1,Transport (road),0,1,0,0,5.117993812416755,0,0,0,0,1
CETPROJH21435,On-hold (assumed),2022.0,2022,Waste,0,Asia-Pacific,0,Transport (aviation),0,0,0,0,9.064042114358884,0,0,0,1,0
CETPROJH21434,On-hold (assumed),2022.0,2022,Waste,0,Asia-Pacific,0,Transport (aviation),0,0,0,0,4.812184355372417,0,0,0,1,0
CETPROJH21433,On-hold (assumed),2022.0,2022,Green,0,Asia-Pacific,0,Unknown,0,0,0,0,6.023447592961033,0,0,0,1,0
CETPROJH21432,On-hold (assumed),2022.0,2022,Green,0,Asia-Pacific,0,Transport (road),0,0,0,0,8.9445502459405,0,0,0,1,0
CETPROJH21431,On-hold (assumed),2022.0,2022,Green,0,Africa,0,Unknown,0,0,0,0,10.274292200380668,0,0,0,1,0
CETPROJH21430,On-hold (assumed),2022.0,2022,Green,0,Africa,0,Unknown,0,0,0,0,10.274292200380668,0,0,0,1,0
CETPROJH2143,Fully commissioned,2020.0,2020,Green,0,North America,0,Industry (other),0,0,0,0,0.0,0,0,0,0,1
CETPROJH21429,On-hold (assumed),2022.0,2022,Green,0,North America,0,Power & heat,0,0,0,0,8.815073088844464,0,0,0,1,0
CETPROJH21428,On-hold (assumed),2022.0,2022,Green,0,Asia-Pacific,0,Unknown,0,0,0,0,0.0,0,0,0,1,0
CETPROJH21427,On-hold (assumed),2022.0,2022,Green,0,Asia-Pacific,0,Unknown,0,0,0,0,10.373522431293592,0,0,0,1,0
CETPROJH21426,On-hold (assumed),2022.0,2022,Green,0,North America,0,Power & heat,0,0,0,0,0.0,0,0,0,1,0
CETPROJH21425,On-hold (assumed),2022.0,2022,Green,0,North America,0,Unknown,0,0,0,0,0.0,0,0,0,1,0
CETPROJH21424,Fully commissioned,2022.0,2022,Blue_CCS,1,Asia-Pacific,0,Power & heat,0,0,0,0,6.329720905522696,0,0,0,0,1
CETPROJH21423,On-hold (assumed),2022.0,2022,Green,0,Asia-Pacific,0,Transport (road),0,0,0,0,8.517393171418904,0,0,0,1,0
CETPROJH21422,On-hold (assumed),2022.0,2022,Green,0,Asia-Pacific,0,Transport (road),0,0,0,0,7.919719760924575,0,0,0,1,0
CETPROJH21421,Fully commissioned,2020.0,2020,Green,0,Africa,0,Industry (chemical feedstock),1,1,0,0,5.641907070938114,0,0,0,0,1
CETPROJH21420,On-hold (assumed),2022.0,2022,Green,0,Africa,0,Industry (chemical feedstock),1,1,0,0,10.456596502556854,0,0,0,1,0
CETPROJH2142,On-hold (assumed),2021.0,2021,Green,0,North America,0,Unknown,0,0,0,0,0.0,0,0,0,1,0
CETPROJH21419,On-hold (assumed),2022.0,2022,Green,0,Africa,0,Unknown,0,0,0,0,6.8001700683022,0,0,0,1,0
CETPROJH21418,On-hold (assumed),2022.0,2022,Green,0,North America,0,Industry (other),0,0,0,0,3.295836866004329,0,0,0,1,0
CETPROJH21417,On-hold (assumed),2022.0,2022,Green,0,Africa,0,Unknown,0,0,0,0,10.813257067420018,0,0,0,1,0
CETPROJH21416,On-hold (assumed),2022.0,2022,Green,0,Asia-Pacific,0,Gas grid,0,0,0,0,6.364750756851911,0,0,0,1,0
CETPROJH21415,Plans cancelled,2021.0,2021,Green,0,Asia-Pacific,0,Industry (other),0,0,0,0,7.846198815497425,1,1,1,1,0
CETPROJH21413,On-hold (assumed),2022.0,2022,Green,0,Africa,0,Industry (other),0,0,0,0,4.04305126783455,0,0,0,1,0
CETPROJH21412,On-hold (assumed),2022.0,2022,Green,0,Asia-Pacific,0,Industry (other),0,0,0,0,11.156264806643742,0,0,0,1,0
CETPROJH21411,On-hold (assumed),2022.0,2022,Green,0,Asia-Pacific,0,Industry (other),1,1,0,0,7.467942332285852,0,0,0,1,0
CETPROJH21410,Design,2022.0,2022,Green,0,Asia-Pacific,0,Industry (chemical feedstock),1,1,0,0,9.34145634983372,0,0,0,0,0
CETPROJH2141,On-hold (assumed),2021.0,2021,Green,0,North America,0,Unknown,0,0,0,0,0.0,0,0,0,1,0
CETPROJH21409,Design,2022.0,2022,Green,0,Asia-Pacific,0,Industry (chemical feedstock),1,1,0,0,7.444833273892193,0,0,0,0,0
CETPROJH21408,Feasibility,2022.0,2022,Green,0,Europe (EU-27),1,Industry (other),0,1,0,0,7.428927194802272,0,0,0,0,0
CETPROJH21407,Permitted,2022.0,2022,Green,0,Europe (EU-27),1,Industry (other),0,1,0,0,7.023758954738443,0,0,0,0,0
CETPROJH21406,Feasibility,2025.0,2025,Green,0,Middle East,0,Industry (chemical feedstock),1,1,0,0,9.784197131344804,0,0,0,0,0
CETPROJH21405,On-hold (assumed),2021.0,2021,Green,0,Europe (EU-27),1,Industry (refinery feedstock),1,1,1,0,7.59488438721652,0,0,0,1,0
CETPROJH21404,On-hold (assumed),2022.0,2022,Green,0,Europe (non EU-27),0,Gas grid,0,0,0,0,11.324074638813377,0,0,0,1,0
CETPROJH21403,On-hold (assumed),2022.0,2022,Blue_CCS,1,Europe (non EU-27),0,Gas grid,0,0,0,0,12.067367894131653,0,0,0,1,0
CETPROJH21402,On-hold (assumed),2022.0,2022,Green,0,Europe (EU-27),1,Power & heat,0,1,0,0,0.0,0,0,0,1,0
CETPROJH21401,On-hold (assumed),2022.0,2022,Green,0,Europe (EU-27),1,Industry (other),0,1,0,0,3.9318256327243257,0,0,0,1,0
CETPROJH21400,Design,2020.0,2020,Green,0,Europe (EU-27),1,Unknown,0,1,0,0,5.1298987149230735,0,0,0,0,0
CETPROJH2140,On-hold (assumed),2021.0,2021,Green,0,North America,0,Unknown,0,0,0,0,0.0,0,0,0,1,0
CETPROJH21399,On-hold (assumed),2022.0,2022,Waste,0,Middle East,0,Unknown,0,0,0,0,10.889323003601277,0,0,0,1,0
CETPROJH21398,On-hold (assumed),2022.0,2022,Green,0,Middle East,0,Unknown,0,0,0,0,8.556798446008598,0,0,0,1,0
CETPROJH21397,Design,2022.0,2022,Green,0,Asia-Pacific,0,Industry (chemical feedstock),1,1,0,0,11.072993127979817,0,0,0,0,0
CETPROJH21396,On-hold (assumed),2022.0,2022,Green,0,Africa,0,Industry (chemical feedstock),1,1,0,0,0.0,0,0,0,1,0
CETPROJH21395,Fully commissioned,2020.0,2020,Green,0,Asia-Pacific,0,Power & heat,0,0,0,0,0.6931471805599453,0,0,0,0,1
CETPROJH21394,On-hold (assumed),2022.0,2022,Blue_CCS,1,North America,0,Unknown,0,0,0,0,0.0,0,0,0,1,0
CETPROJH21393,On-hold (assumed),2022.0,2022,Green,0,North America,0,Transport (rail),0,0,0,0,0.0,0,0,0,1,0
CETPROJH21392,Plans cancelled,2022.0,2022,Blue_CCS,1,North America,0,Industry (chemical feedstock),1,1,0,0,12.624786269856633,1,1,1,1,0
CETPROJH21391,On-hold (assumed),2022.0,2022,Green,0,North America,0,Unknown,0,0,0,0,0.0,0,0,0,1,0
CETPROJH21390,On-hold (assumed),2022.0,2022,Green,0,North America,0,Gas grid,0,0,0,0,0.0,0,0,0,1,0
CETPROJH2139,On-hold (assumed),2021.0,2021,Green,0,North America,0,Transport (other),0,0,0,0,8.385032287813898,0,0,0,1,0
CETPROJH21389,Design,2022.0,2022,Green,0,North America,0,Power & heat,0,0,0,0,0.0,0,0,0,0,0
CETPROJH21388,On-hold (assumed),2022.0,2022,Green,0,North America,0,Industry (chemical feedstock),1,1,0,0,6.525029657843462,0,0,0,1,0
CETPROJH21387,On-hold (assumed),2022.0,2022,Waste,0,North America,0,Unknown,0,0,0,0,0.0,0,0,0,1,0
CETPROJH21386,On-hold (assumed),2022.0,2022,Green,0,Asia-Pacific,0,Unknown,0,0,0,0,10.463131911491967,0,0,0,1,0
CETPROJH21385,On-hold (assumed),2022.0,2022,Green,0,Asia-Pacific,0,Transport (road),0,0,0,0,7.919719760924575,0,0,0,1,0
CETPROJH21384,On-hold (assumed),2022.0,2022,Green,0,Africa,0,Unknown,0,0,0,0,10.799595985047786,0,0,0,1,0
CETPROJH21383,On-hold (assumed),2022.0,2022,Green,0,Europe (EU-27),1,Power & heat,0,1,0,0,0.0,0,0,0,1,0
CETPROJH21382,On-hold (assumed),2022.0,2022,Green,0,Europe (non EU-27),0,Unknown,0,0,0,0,0.0,0,0,0,1,0
CETPROJH21381,On-hold (assumed),2022.0,2022,Green,0,Europe (non EU-27),0,Industry (chemical feedstock),1,1,0,0,12.571101101530825,0,0,0,1,0
CETPROJH21380,Design,2022.0,2022,Green,0,Europe (non EU-27),0,Industry (chemical feedstock),1,1,0,0,8.412054873292933,0,0,0,0,0
CETPROJH2138,On-hold (assumed),2021.0,2021,Green,0,North America,0,Unknown,0,0,0,0,0.0,0,0,0,1,0
CETPROJH21379,On-hold (assumed),2022.0,2022,Green,0,Europe (EU-27),1,Unknown,0,1,0,0,8.640825751861513,0,0,0,1,0
CETPROJH21378,Fully commissioned,2020.0,2020,Green,0,Europe (EU-27),1,Industry (refinery feedstock),1,1,1,0,6.329720905522696,0,0,0,0,1
CETPROJH21377,On-hold (assumed),2022.0,2022,Blue_CCS,1,North America,0,Unknown,0,0,0,0,0.0,0,0,0,1,0
CETPROJH21376,On-hold (assumed),2020.0,2020,Green,0,North America,0,Industry (refinery feedstock),1,1,0,0,0.0,0,0,0,1,0
CETPROJH21375,Permitted,2022.0,2022,Green,0,North America,0,Industry (chemical feedstock),1,1,0,0,11.561725152903833,0,0,0,0,0
CETPROJH21374,Plans cancelled,2022.0,2022,Green,0,North America,0,Industry (other),0,0,0,0,9.09862638234618,1,1,1,1,0
CETPROJH21373,On-hold (assumed),2022.0,2022,Blue_CCS,1,North America,0,Industry (chemical feedstock),1,1,0,0,10.085850775128717,0,0,0,1,0
CETPROJH21372,On-hold (assumed),2022.0,2022,Green,0,North America,0,Power & heat,0,0,0,0,0.0,0,0,0,1,0
CETPROJH21371,On-hold (assumed),2022.0,2022,Green,0,North America,0,Industry (other),0,0,0,0,0.0,0,0,0,1,0
CETPROJH21370,On-hold (assumed),2022.0,2022,Green,0,North America,0,Industry (other),0,0,0,0,0.0,0,0,0,1,0
CETPROJH2137,Under construction,2021.0,2021,Green,0,North America,0,Power & heat,0,0,0,0,9.994287576862567,0,0,0,0,0
CETPROJH21369,On-hold (assumed),2022.0,2022,Green,0,North America,0,Unknown,0,0,0,0,0.0,0,0,0,1,0
CETPROJH21368,On-hold (assumed),2022.0,2022,Blue_CCS,1,North America,0,Unknown,0,0,0,0,0.0,0,0,0,1,0
CETPROJH21367,Under construction,2022.0,2022,Blue_CCS,1,North America,0,Unknown,0,0,0,0,12.026951960476097,0,0,0,0,0
CETPROJH21366,Feasibility,2022.0,2022,Blue_CCS,1,North America,0,Transport (road),0,0,0,0,13.905717739592696,0,0,0,0,0
CETPROJH21365,Under construction,2022.0,2022,Green,0,Europe (non EU-27),0,Transport (road),0,0,0,0,5.351858133476067,0,0,0,0,0
CETPROJH21364,Fully commissioned,2022.0,2022,Green,0,Europe (non EU-27),0,Industry (other),0,0,0,0,4.418840607796598,0,0,0,0,1
CETPROJH21363,On-hold (assumed),2022.0,2022,Waste,0,Europe (non EU-27),0,Industry (other),0,0,0,0,5.081404364984463,0,0,0,1,0
CETPROJH21362,Announced (advanced),2022.0,2022,Green,0,Europe (EU-27),1,Industry (refinery feedstock),1,1,1,0,9.695971257107617,0,0,0,0,0
CETPROJH21361,On-hold (assumed),2022.0,2022,Green,0,Europe (EU-27),1,Power & heat,0,1,0,0,5.648974238161206,0,0,0,1,0
CETPROJH21360,Fully commissioned,2020.0,2020,Green,0,Europe (EU-27),1,Unknown,0,1,0,0,0.0,0,0,0,0,1
CETPROJH2136,On-hold (assumed),2021.0,2021,Green,0,North America,0,Industry (other),0,0,0,0,8.594339400592892,0,0,0,1,0
CETPROJH21359,On-hold (assumed),2022.0,2022,Green,0,Europe (EU-27),1,Industry (other),0,1,0,0,0.0,0,0,0,1,0
CETPROJH21358,Fully commissioned,2022.0,2022,Green,0,Europe (EU-27),1,Transport (road),0,1,0,0,6.776506992372183,0,0,0,0,1
CETPROJH21357,On-hold (assumed),2022.0,2022,Green,0,Europe (EU-27),1,Other,0,1,0,0,1.0986122886681098,0,0,0,1,0
CETPROJH21356,Fully commissioned,2022.0,2022,Green,0,Europe (EU-27),1,Transport (road),0,1,0,0,4.709530201312334,0,0,0,0,1
CETPROJH21355,On-hold (assumed),2022.0,2022,Green,0,Europe (EU-27),1,Transport (shipping),0,1,0,0,4.77912349311153,0,0,0,1,0
CETPROJH21354,Feasibility,2022.0,2022,Green,0,Europe (EU-27),1,Transport (road),0,1,0,0,9.846970109700957,0,0,0,0,0
CETPROJH21353,Design,2022.0,2022,Green,0,Europe (EU-27),1,Transport (road),0,1,0,0,8.006700845440367,0,0,0,0,0
CETPROJH21352,Fully commissioned,2022.0,2022,Green,0,Europe (EU-27),1,Transport (road),0,1,0,0,5.6240175061873385,0,0,0,0,1
CETPROJH21351,On-hold (assumed),2022.0,2022,Green,0,Europe (EU-27),1,Transport (other),0,1,0,0,8.84779106484485,0,0,0,1,0
CETPROJH21350,On-hold (assumed),2022.0,2022,Green,0,Europe (EU-27),1,Unknown,0,1,0,0,0.0,0,0,0,1,0
CETPROJH2135,On-hold (assumed),2021.0,2021,Green,0,North America,0,Industry (other),1,1,0,0,11.407576060361786,0,0,0,1,0
CETPROJH21349,Fully commissioned,2022.0,2022,Green,0,Europe (EU-27),1,Transport (road),0,1,0,0,4.736198448394496,0,0,0,0,1
CETPROJH21348,On-hold (assumed),2021.0,2021,Green,0,Europe (EU-27),1,Industry (other),0,1,0,0,8.693161274238017,0,0,0,1,0
CETPROJH21347,On-hold (assumed),2020.0,2020,Green,0,Europe (EU-27),1,Gas grid,0,1,0,0,9.232199706329077,0,0,0,1,0
CETPROJH21346,On-hold (assumed),2021.0,2021,Green,0,Africa,0,Unknown,0,0,0,0,11.849404844423074,0,0,0,1,0
CETPROJH21345,On-hold (assumed),2021.0,2021,Green,0,Africa,0,Unknown,0,0,0,0,0.0,0,0,0,1,0
CETPROJH21344,Fully commissioned,2015.0,2015,Green,0,Asia-Pacific,0,Industry (other),0,0,0,0,1.9459101490553132,0,0,0,0,1
CETPROJH21343,On-hold (assumed),2021.0,2021,Green,0,Asia-Pacific,0,Unknown,0,0,0,0,0.0,0,0,0,1,0
CETPROJH21342,On-hold (assumed),2021.0,2021,Green,0,Asia-Pacific,0,Unknown,0,0,0,0,0.0,0,0,0,1,0
CETPROJH21341,Permitted,2022.0,2022,Green,0,Latin America,0,Power & heat,0,0,0,0,0.0,0,0,0,0,0
CETPROJH21340,On-hold (assumed),2020.0,2020,Green,0,Latin America,0,Industry (other),0,0,0,0,9.161255164285691,0,0,0,1,0
CETPROJH2134,Under construction,2021.0,2021,Green,0,North America,0,Industry (chemical feedstock),1,1,0,0,7.087573705557973,0,0,0,0,0
CETPROJH21339,On-hold (assumed),2021.0,2021,Green,0,Asia-Pacific,0,Transport (other),0,0,0,0,0.0,0,0,0,1,0
CETPROJH21338,On-hold (confirmed),2021.0,2021,Green,0,Asia-Pacific,0,Transport (road),0,0,0,0,10.456596502556854,0,0,1,1,0
CETPROJH21337,On-hold (assumed),2020.0,2020,Green,0,Asia-Pacific,0,Power & heat,0,0,0,0,0.0,0,0,0,1,0
CETPROJH21336,Fully commissioned,2019.0,2019,Green,0,Asia-Pacific,0,Transport (road),0,0,0,0,4.976733742420574,0,0,0,0,1
CETPROJH21334,On-hold (assumed),2022.0,2022,Green,0,North America,0,Transport (other),0,0,0,0,11.48865326399451,0,0,0,1,0
CETPROJH21333,On-hold (assumed),2021.0,2021,Blue_CCS,1,North America,0,Transport (other),0,0,0,0,0.0,0,0,0,1,0
CETPROJH21332,On-hold (assumed),2021.0,2021,Waste,0,North America,0,Transport (other),0,0,0,0,0.0,0,0,0,1,0
CETPROJH21331,On-hold (assumed),2019.0,2019,Green,0,Europe (EU-27),1,Industry (other),0,1,0,0,0.0,0,0,0,1,0
CETPROJH21330,On-hold (assumed),2021.0,2021,Green,0,Europe (EU-27),1,Industry (other),0,1,0,0,6.985641817639208,0,0,0,1,0
CETPROJH2133,Design,2021.0,2021,Green,0,North America,0,Transport (aviation),0,0,0,0,10.823112718999155,0,0,0,0,0
CETPROJH21329,On-hold (assumed),2021.0,2021,Green,0,Europe (EU-27),1,Transport (other),0,1,0,0,5.043425116919247,0,0,0,1,0
CETPROJH21328,On-hold (assumed),2021.0,2021,Green,0,Europe (EU-27),1,Unknown,0,1,0,0,0.0,0,0,0,1,0
CETPROJH21326,On-hold (assumed),2021.0,2021,Green,0,Europe (EU-27),1,Other,0,1,0,0,0.0,0,0,0,1,0
CETPROJH21325,Fully commissioned,2020.0,2020,Green,0,Europe (EU-27),1,Unknown,0,1,0,0,4.709530201312334,0,0,0,0,1
CETPROJH21324,On-hold (assumed),2022.0,2022,Green,0,Europe (EU-27),1,Industry (other),0,1,0,0,0.0,0,0,0,1,0
CETPROJH21323,On-hold (assumed),2021.0,2021,Green,0,Europe (EU-27),1,Unknown,0,1,0,0,8.823058934301647,0,0,0,1,0
CETPROJH21322,On-hold (assumed),2022.0,2022,Green,0,Europe (EU-27),1,Transport (road),0,1,0,0,4.955827057601261,0,0,0,1,0
CETPROJH21321,Plans cancelled,2021.0,2021,Green,0,Europe (EU-27),1,Unknown,0,1,0,0,6.028278520230698,1,1,1,1,0
CETPROJH21320,On-hold (assumed),2022.0,2022,Green,0,Europe (EU-27),1,Industry (other),1,1,1,0,0.0,0,0,0,1,0
CETPROJH2132,Permitted,2020.0,2020,Waste,0,North America,0,Transport (other),0,0,0,0,7.560601162768557,0,0,0,0,0
CETPROJH21319,Permitted,2022.0,2022,Green,0,Europe (EU-27),1,Transport (other),0,1,0,0,8.405591014834934,0,0,0,0,0
CETPROJH21318,Permitted,2018.0,2018,Green,0,Europe (EU-27),1,Transport (road),0,1,0,0,3.295836866004329,0,0,0,0,0
CETPROJH21317,On-hold (confirmed),2022.0,2022,Green,0,Europe (EU-27),1,Industry (chemical feedstock),1,1,1,0,8.130059039992796,0,0,1,1,0
CETPROJH21316,Under construction,2022.0,2022,Green,0,Europe (EU-27),1,Power & heat,0,1,0,0,4.7535901911063645,0,0,0,0,0
CETPROJH21315,Fully commissioned,2021.0,2021,Green,0,Europe (EU-27),1,Transport (road),0,1,0,0,2.302585092994046,0,0,0,0,1
CETPROJH21314,Under construction,2019.0,2019,Green,0,Asia-Pacific,0,Industry (chemical feedstock),1,1,0,0,5.680172609017068,0,0,0,0,0
CETPROJH21313,Plans cancelled,2022.0,2022,Green,0,Europe (EU-27),1,Unknown,0,1,0,0,9.455323689894849,1,1,1,1,0
CETPROJH21312,On-hold (assumed),2019.0,2019,Green,0,Europe (EU-27),1,Power & heat,0,1,0,0,10.629948612126007,0,0,0,1,0
CETPROJH21311,Fully commissioned,2019.0,2019,Green,0,Europe (EU-27),1,Power & heat,0,1,0,0,3.7376696182833684,0,0,0,0,1
CETPROJH21310,On-hold (assumed),2022.0,2022,Green,0,Europe (EU-27),1,Industry (other),1,1,1,0,0.0,0,0,0,1,0
CETPROJH2131,On-hold (assumed),2021.0,2021,Waste,0,North America,0,Unknown,0,0,0,0,6.963189985870238,0,0,0,1,0
CETPROJH21309,On-hold (assumed),2022.0,2022,Green,0,Europe (EU-27),1,Industry (other),1,1,1,0,0.0,0,0,0,1,0
CETPROJH21308,On-hold (assumed),2022.0,2022,Green,0,Europe (EU-27),1,Industry (other),1,1,1,0,0.0,0,0,0,1,0
CETPROJH21307,On-hold (assumed),2022.0,2022,Green,0,Europe (EU-27),1,Unknown,0,1,0,0,11.299893122656712,0,0,0,1,0
CETPROJH21306,Design,2020.0,2020,Green,0,Europe (EU-27),1,Gas grid,0,1,0,0,5.278114659230517,0,0,0,0,0
CETPROJH21305,On-hold (assumed),2022.0,2022,Green,0,Europe (EU-27),1,Unknown,0,1,0,0,7.2868764117507,0,0,0,1,0
CETPROJH21304,On-hold (assumed),2022.0,2022,Green,0,Europe (EU-27),1,Gas grid,0,1,0,0,4.060443010546419,0,0,0,1,0
CETPROJH21303,On-hold (assumed),2022.0,2022,Green,0,Europe (EU-27),1,Unknown,0,1,0,0,10.714439990727769,0,0,0,1,0
CETPROJH21302,Permitted,2022.0,2022,Green,0,Europe (EU-27),1,Transport (road),0,1,0,0,5.2574953720277815,0,0,0,0,0
CETPROJH21300,Design,2020.0,2020,Green,0,Europe (EU-27),1,Industry (other),0,1,0,0,3.044522437723423,0,0,0,0,0
CETPROJH2130,On-hold (assumed),2021.0,2021,Waste,0,North America,0,Unknown,0,0,0,0,8.16194579946869,0,0,0,1,0
CETPROJH21299,On-hold (assumed),2022.0,2022,Green,0,Europe (EU-27),1,Transport (road),0,1,0,0,0.0,0,0,0,1,0
CETPROJH21298,On-hold (assumed),2022.0,2022,Green,0,Europe (EU-27),1,Gas grid,0,1,0,0,0.0,0,0,0,1,0
CETPROJH21297,Design,2022.0,2022,Green,0,Europe (EU-27),1,Industry (chemical feedstock),1,1,1,0,10.328787967145063,0,0,0,0,0
CETPROJH21296,On-hold (assumed),2022.0,2022,Green,0,Europe (EU-27),1,Industry (other),0,1,0,0,7.7488913372555315,0,0,0,1,0
CETPROJH21293,On-hold (assumed),2021.0,2021,Green,0,Europe (EU-27),1,Gas grid,0,1,0,0,8.590815331286851,0,0,0,1,0
CETPROJH21292,On-hold (assumed),2021.0,2021,Green,0,Europe (EU-27),1,Industry (other),1,1,1,0,10.967404871407352,0,0,0,1,0
CETPROJH21291,On-hold (assumed),2021.0,2021,Green,0,Europe (EU-27),1,Unknown,0,1,0,0,5.6131281063880705,0,0,0,1,0
CETPROJH21290,Fully commissioned,2021.0,2021,Green,0,Europe (EU-27),1,Gas grid,0,1,0,0,1.791759469228055,0,0,0,0,1
CETPROJH2129,On-hold (assumed),2021.0,2021,Waste,0,North America,0,Transport (other),0,0,0,0,8.294299608857235,0,0,0,1,0
CETPROJH21289,On-hold (assumed),2021.0,2021,Green,0,Europe (EU-27),1,Transport (other),0,1,0,0,7.73718007783463,0,0,0,1,0
CETPROJH21288,Design,2021.0,2021,Green,0,Europe (EU-27),1,Gas grid,0,1,0,0,4.653960350157523,0,0,0,0,0
CETPROJH21287,On-hold (assumed),2021.0,2021,Waste,0,Europe (EU-27),1,Industry (other),0,1,0,0,6.499787040655854,0,0,0,1,0
CETPROJH21286,On-hold (assumed),2021.0,2021,Green,0,Europe (EU-27),1,Unknown,0,1,0,0,6.311734809152915,0,0,0,1,0
CETPROJH21285,Fully commissioned,2019.0,2019,Green,0,Europe (EU-27),1,Power & heat,0,1,0,0,1.6094379124341003,0,0,0,0,1
CETPROJH21284,Design,2021.0,2021,Waste,0,Europe (EU-27),1,Power & heat,0,1,0,0,0.0,0,0,0,0,0
CETPROJH21283,On-hold (assumed),2021.0,2021,Green,0,Europe (EU-27),1,Unknown,0,1,0,0,0.0,0,0,0,1,0
CETPROJH21282,On-hold (assumed),2021.0,2021,Green,0,Europe (EU-27),1,Industry (other),0,1,0,0,5.929589143389895,0,0,0,1,0
CETPROJH21281,On-hold (assumed),2021.0,2021,Green,0,Europe (EU-27),1,Industry (other),0,1,0,0,0.0,0,0,0,1,0
CETPROJH21280,On-hold (assumed),2021.0,2021,Green,0,Europe (EU-27),1,Gas grid,0,1,0,0,11.37940550085183,0,0,0,1,0
CETPROJH2128,On-hold (assumed),2021.0,2021,Waste,0,North America,0,Industry (other),1,1,0,0,0.0,0,0,0,1,0
CETPROJH21279,Design,2021.0,2021,Green,0,Europe (EU-27),1,Gas grid,0,1,0,0,1.0986122886681098,0,0,0,0,0
CETPROJH21278,Design,2021.0,2021,Green,0,Europe (EU-27),1,Industry (other),0,1,0,0,8.105609402299896,0,0,0,0,0
CETPROJH21277,Design,2021.0,2021,Green,0,Europe (EU-27),1,Industry (other),0,1,0,0,8.105609402299896,0,0,0,0,0
CETPROJH21276,Design,2021.0,2021,Green,0,Europe (EU-27),1,Industry (other),0,1,0,0,7.818027938530729,0,0,0,0,0
CETPROJH21275,On-hold (assumed),2021.0,2021,Green,0,Europe (non EU-27),0,Unknown,0,0,0,0,0.0,0,0,0,1,0
CETPROJH21274,On-hold (assumed),2021.0,2021,Blue_CCS,1,Europe (EU-27),1,Unknown,0,1,0,0,0.0,0,0,0,1,0
CETPROJH21273,On-hold (assumed),2021.0,2021,Green,0,Europe (EU-27),1,Industry (refinery feedstock),1,1,1,0,7.05617528410041,0,0,0,1,0
CETPROJH21272,On-hold (assumed),2021.0,2021,Waste,0,Europe (EU-27),1,Industry (chemical feedstock),1,1,1,0,5.993961427306569,0,0,0,1,0
CETPROJH21271,On-hold (assumed),2021.0,2021,Green,0,Europe (EU-27),1,Industry (other),1,1,1,0,7.05617528410041,0,0,0,1,0
CETPROJH21270,On-hold (assumed),2020.0,2020,Green,0,Europe (EU-27),1,Industry (refinery feedstock),1,1,1,0,7.023758954738443,0,0,0,1,0
CETPROJH2127,On-hold (assumed),2021.0,2021,Green,0,North America,0,Gas grid,0,0,0,0,8.028455164114252,0,0,0,1,0
CETPROJH21269,On-hold (assumed),2020.0,2020,Green,0,Europe (EU-27),1,Industry (refinery feedstock),1,1,1,0,6.331501849893691,0,0,0,1,0
CETPROJH21268,Fully commissioned,2018.0,2018,Green,0,Europe (EU-27),1,Power & heat,0,1,0,0,1.3862943611198906,0,0,0,0,1
CETPROJH21267,On-hold (assumed),2020.0,2020,Green,0,Europe (EU-27),1,Unknown,0,1,0,0,0.0,0,0,0,1,0
CETPROJH21266,On-hold (assumed),2020.0,2020,Green,0,Europe (EU-27),1,Gas grid,0,1,0,0,8.227375506834035,0,0,0,1,0
CETPROJH21265,Fully commissioned,2016.0,2016,Green,0,Europe (EU-27),1,Transport (road),0,1,0,0,4.736198448394496,0,0,0,0,1
CETPROJH21264,Fully commissioned,2016.0,2016,Green,0,Europe (EU-27),1,Power & heat,0,1,0,0,2.1972245773362196,0,0,0,0,1
CETPROJH21263,Fully commissioned,2021.0,2021,Green,0,Europe (EU-27),1,Gas grid,0,1,0,0,1.3862943611198906,0,0,0,0,1
CETPROJH21261,Fully commissioned,2014.0,2014,Green,0,Europe (EU-27),1,Gas grid,0,1,0,0,4.736198448394496,0,0,0,0,1
CETPROJH2126,On-hold (assumed),2021.0,2021,Green,0,North America,0,Gas grid,0,0,0,0,8.028455164114252,0,0,0,1,0
CETPROJH21254,On-hold (assumed),2020.0,2020,Green,0,Europe (EU-27),1,Industry (other),0,1,0,0,10.274292200380668,0,0,0,1,0
CETPROJH21253,Permitted,2022.0,2022,Green,0,Europe (EU-27),1,Industry (chemical feedstock),1,1,1,0,9.121181235656364,0,0,0,0,0
CETPROJH21252,On-hold (assumed),2022.0,2022,Green,0,Europe (EU-27),1,Transport (aviation),0,1,0,0,7.05617528410041,0,0,0,1,0
CETPROJH21251,Fully commissioned,2021.0,2021,Green,0,Europe (EU-27),1,Industry (other),1,1,1,0,7.087573705557973,0,0,0,0,1
CETPROJH21250,Fully commissioned,2018.0,2018,Green,0,Europe (EU-27),1,Transport (road),0,1,0,0,2.3978952727983707,0,0,0,0,1
CETPROJH2125,Fully commissioned,2020.0,2020,Green,0,North America,0,Power & heat,0,0,0,0,0.0,0,0,0,0,1
CETPROJH21249,On-hold (assumed),2022.0,2022,Green,0,Europe (EU-27),1,Power & heat,0,1,0,0,8.664923303440572,0,0,0,1,0
CETPROJH21248,On-hold (assumed),2022.0,2022,Green,0,Europe (EU-27),1,Power & heat,0,1,0,0,7.05617528410041,0,0,0,1,0
CETPROJH21247,On-hold (assumed),2022.0,2022,Green,0,Europe (EU-27),1,Transport (aviation),0,1,0,0,9.358070484000518,0,0,0,1,0
CETPROJH21246,On-hold (assumed),2022.0,2022,Green,0,Europe (EU-27),1,Industry (chemical feedstock),1,1,1,0,0.0,0,0,0,1,0
CETPROJH21245,Design,2022.0,2022,Green,0,Europe (EU-27),1,Transport (road),0,1,0,0,0.0,0,0,0,0,0
CETPROJH21244,On-hold (assumed),2022.0,2022,Green,0,Europe (EU-27),1,Transport (aviation),0,1,0,0,10.687411927154141,0,0,0,1,0
CETPROJH21243,On-hold (assumed),2021.0,2021,Green,0,Europe (EU-27),1,Power & heat,0,1,0,0,0.0,0,0,0,1,0
CETPROJH21242,Design,2021.0,2021,Green,0,Europe (EU-27),1,Transport (other),0,1,0,0,5.545177444479562,0,0,0,0,0
CETPROJH21241,On-hold (assumed),2021.0,2021,Green,0,Europe (EU-27),1,Industry (refinery feedstock),1,1,1,0,7.972121128921655,0,0,0,1,0
CETPROJH21240,Fully commissioned,2020.0,2020,Green,0,Europe (EU-27),1,Industry (other),0,1,0,0,6.171700597410915,0,0,0,0,1
CETPROJH2124,Plans cancelled,2021.0,2021,Green,0,North America,0,Industry (other),0,0,0,0,8.251403065380556,1,1,1,1,0
CETPROJH21239,Fully commissioned,2017.0,2017,Green,0,Europe (EU-27),1,Transport (road),0,1,0,0,0.0,0,0,0,0,1
CETPROJH21238,Plans cancelled,2022.0,2022,Green,0,Europe (EU-27),1,Industry (chemical feedstock),1,1,1,0,8.4096079807363,1,1,1,1,0
CETPROJH21237,Under construction,2021.0,2021,Green,0,Europe (EU-27),1,Industry (other),1,1,1,0,11.002116507732017,0,0,0,0,0
CETPROJH21236,On-hold (assumed),2022.0,2022,Green,0,Europe (EU-27),1,Unknown,0,1,0,0,0.0,0,0,0,1,0
CETPROJH21235,On-hold (assumed),2022.0,2022,Green,0,Europe (EU-27),1,Industry (other),0,1,0,0,0.0,0,0,0,1,0
CETPROJH21234,On-hold (assumed),2022.0,2022,Green,0,Europe (EU-27),1,Unknown,0,1,0,0,0.0,0,0,0,1,0
CETPROJH21233,On-hold (assumed),2021.0,2021,Green,0,Europe (EU-27),1,Transport (road),0,1,0,0,7.496097345175956,0,0,0,1,0
CETPROJH21232,On-hold (assumed),2021.0,2021,Green,0,Europe (EU-27),1,Unknown,0,1,0,0,0.0,0,0,0,1,0
CETPROJH21231,On-hold (assumed),2021.0,2021,Green,0,Europe (EU-27),1,Power & heat,0,1,0,0,0.0,0,0,0,1,0
CETPROJH21230,On-hold (assumed),2021.0,2021,Green,0,Europe (EU-27),1,Unknown,0,1,0,0,7.979681302387741,0,0,0,1,0
CETPROJH2123,On-hold (confirmed),2021.0,2021,Green,0,North America,0,Transport (road),0,0,0,0,9.847340391913127,0,0,1,1,0
CETPROJH21229,On-hold (assumed),2021.0,2021,Green,0,Europe (EU-27),1,Unknown,0,1,0,0,11.960651531792902,0,0,0,1,0
CETPROJH21228,On-hold (assumed),2021.0,2021,Green,0,Europe (non EU-27),0,Transport (shipping),0,0,0,0,8.287780027088433,0,0,0,1,0
CETPROJH21227,On-hold (assumed),2021.0,2021,Green,0,Europe (non EU-27),0,Transport (shipping),0,0,0,0,9.287394001418473,0,0,0,1,0
CETPROJH21226,On-hold (assumed),2021.0,2021,Green,0,Europe (non EU-27),0,Transport (shipping),0,0,0,0,8.38958706681109,0,0,0,1,0
CETPROJH21223,Design,2022.0,2022,Green,0,Europe (EU-27),1,Transport (shipping),0,1,0,1,9.61587214452889,0,0,0,0,0
CETPROJH21222,Under construction,2022.0,2022,Green,0,Europe (EU-27),1,Industry (other),0,1,0,0,0.0,0,0,0,0,0
CETPROJH21221,Fully commissioned,2018.0,2018,Green,0,Europe (EU-27),1,Other,0,1,0,0,0.6931471805599453,0,0,0,0,1
CETPROJH21220,Plans cancelled,2021.0,2021,Green,0,Europe (EU-27),1,Industry (refinery feedstock),1,1,1,0,8.878497403738631,1,1,1,1,0
CETPROJH2122,Fully commissioned,2019.0,2019,Green,0,North America,0,Gas grid,0,0,0,0,1.9459101490553132,0,0,0,0,1
CETPROJH21219,On-hold (assumed),2021.0,2021,Blue_CCS,1,Europe (EU-27),1,Industry (refinery feedstock),1,1,1,0,10.884348055059583,0,0,0,1,0
CETPROJH21218,On-hold (assumed),2020.0,2020,Green,0,Europe (EU-27),1,Transport (shipping),0,1,0,0,5.855071922202427,0,0,0,1,0
CETPROJH21217,On-hold (assumed),2021.0,2021,Green,0,Europe (EU-27),1,Power & heat,0,1,0,0,6.4967749901858625,0,0,0,1,0
CETPROJH21216,Fully commissioned,2021.0,2021,Green,0,Europe (EU-27),1,Industry (other),0,1,0,0,7.29505641646263,0,0,0,0,1
CETPROJH21215,On-hold (assumed),2021.0,2021,Green,0,Europe (EU-27),1,Transport (road),0,1,0,0,8.055475141757274,0,0,0,1,0
CETPROJH21214,On-hold (assumed),2022.0,2022,Green,0,Europe (EU-27),1,Transport (shipping),0,1,0,0,0.0,0,0,0,1,0
CETPROJH21213,Fully commissioned,2016.0,2016,Green,0,Europe (EU-27),1,Transport (road),0,1,0,0,4.634728988229636,0,0,0,0,1
CETPROJH21212,Fully commissioned,2020.0,2020,Green,0,Europe (non EU-27),0,Industry (other),1,1,0,0,5.808142489980444,0,0,0,0,1
CETPROJH21211,Fully commissioned,2020.0,2020,Green,0,Europe (non EU-27),0,Transport (road),0,0,0,0,3.912023005428146,0,0,0,0,1
CETPROJH21210,Fully commissioned,2022.0,2022,Green,0,Europe (non EU-27),0,Other,0,0,0,0,4.174387269895637,0,0,0,0,1
CETPROJH2121,On-hold (assumed),2021.0,2021,Green,0,North America,0,Industry (refinery feedstock),1,1,0,0,0.0,0,0,0,1,0
CETPROJH21209,Feasibility,2019.0,2019,Blue_CCS,1,Europe (non EU-27),0,Unknown,0,0,0,0,0.0,0,0,0,0,0
CETPROJH21208,On-hold (assumed),2019.0,2019,Green,0,Europe (non EU-27),0,Transport (shipping),0,0,0,0,0.0,0,0,0,1,0
CETPROJH21207,Permitted,2022.0,2022,Green,0,Europe (non EU-27),0,Transport (shipping),0,0,0,0,8.251403065380556,0,0,0,0,0
CETPROJH21206,On-hold (assumed),2022.0,2022,Green,0,Europe (non EU-27),0,Unknown,0,0,0,0,6.364750756851911,0,0,0,1,0
CETPROJH21205,Feasibility,2022.0,2022,Green,0,Europe (non EU-27),0,Transport (shipping),0,0,0,0,7.7488913372555315,0,0,0,0,0
CETPROJH21204,Under construction,2022.0,2022,Green,0,Europe (non EU-27),0,Transport (shipping),0,0,0,0,6.930494765951626,0,0,0,0,0
CETPROJH21203,Announced (advanced),2020.0,2020,Green,0,Europe (non EU-27),0,Transport (aviation),0,0,0,0,7.244941546337007,0,0,0,0,0
CETPROJH21202,Design,2022.0,2022,Green,0,Europe (non EU-27),0,Unknown,0,0,0,0,3.9318256327243257,0,0,0,0,0
CETPROJH21200,On-hold (assumed),2021.0,2021,Green,0,Europe (non EU-27),0,Transport (other),0,0,0,0,7.05617528410041,0,0,0,1,0
CETPROJH2120,On-hold (assumed),2020.0,2020,Waste,0,North America,0,Transport (road),0,0,0,0,11.711382803673587,0,0,0,1,0
CETPROJH21198,Under construction,2020.0,2020,Green,0,Europe (non EU-27),0,Transport (aviation),0,0,0,0,7.244941546337007,0,0,0,0,0
CETPROJH21196,On-hold (assumed),2020.0,2020,Green,0,Europe (non EU-27),0,Transport (other),0,0,0,0,5.1298987149230735,0,0,0,1,0
CETPROJH21195,On-hold (assumed),2021.0,2021,Green,0,Europe (non EU-27),0,Power & heat,0,0,0,0,7.558516743045645,0,0,0,1,0
CETPROJH21194,On-hold (assumed),2021.0,2021,Green,0,Europe (non EU-27),0,Power & heat,0,0,0,0,10.239995502805316,0,0,0,1,0
CETPROJH21193,On-hold (assumed),2021.0,2021,Green,0,Europe (non EU-27),0,Transport (other),0,0,0,0,7.153833801578843,0,0,0,1,0
CETPROJH21192,Fully commissioned,2020.0,2020,Green,0,Europe (non EU-27),0,Unknown,0,0,0,0,4.07753744390572,0,0,0,0,1
CETPROJH21191,Plans cancelled,2022.0,2022,Green,0,Europe (non EU-27),0,Transport (shipping),0,0,0,0,10.351245572834545,1,1,1,1,0
CETPROJH21190,On-hold (confirmed),2020.0,2020,Green,0,Europe (non EU-27),0,Industry (other),1,1,0,0,7.898039690764619,0,0,1,1,0
CETPROJH2119,On-hold (assumed),2020.0,2020,Green,0,North America,0,Industry (refinery feedstock),1,1,0,0,0.0,0,0,0,1,0
CETPROJH21189,Design,2019.0,2019,Blue_CCS,1,Europe (non EU-27),0,Industry (chemical feedstock),1,1,0,0,12.073689165230697,0,0,0,0,0
CETPROJH21188,Fully commissioned,2021.0,2021,Green,0,Europe (non EU-27),0,Industry (chemical feedstock),1,1,0,0,7.153833801578843,0,0,0,0,1
CETPROJH21187,Plans cancelled,2021.0,2021,Green,0,Europe (non EU-27),0,Unknown,0,0,0,0,10.645448706505872,1,1,1,1,0
CETPROJH21186,Fully commissioned,2019.0,2019,Green,0,Europe (non EU-27),0,Power & heat,0,0,0,0,5.081404364984463,0,0,0,0,1
CETPROJH21184,On-hold (assumed),2020.0,2020,Green,0,Europe (non EU-27),0,Industry (other),0,0,0,0,6.930494765951626,0,0,0,1,0
CETPROJH21183,On-hold (confirmed),2021.0,2021,Green,0,Europe (non EU-27),0,Unknown,0,0,0,0,0.0,0,0,1,1,0
CETPROJH21182,On-hold (assumed),2020.0,2020,Green,0,Europe (non EU-27),0,Industry (chemical feedstock),1,1,0,0,8.847216104357543,0,0,0,1,0
CETPROJH21181,On-hold (assumed),2021.0,2021,Green,0,Europe (non EU-27),0,Industry (other),0,0,0,0,8.798454696065095,0,0,0,1,0
CETPROJH21180,Plans cancelled,2021.0,2021,Blue_CCS,1,Europe (non EU-27),0,Industry (other),0,0,0,0,12.76683349192158,1,1,1,1,0
CETPROJH2118,On-hold (assumed),2020.0,2020,Green,0,North America,0,Transport (other),0,0,0,0,5.808142489980444,0,0,0,1,0
CETPROJH21179,Fully commissioned,2015.0,2015,Green,0,Europe (non EU-27),0,Transport (road),0,0,0,0,3.367295829986474,0,0,0,0,1
CETPROJH21178,Fully commissioned,2012.0,2012,Green,0,Europe (non EU-27),0,Transport (road),0,0,0,0,1.791759469228055,0,0,0,0,1
CETPROJH21177,Fully commissioned,2022.0,2022,Green,0,Europe (EU-27),1,Unknown,0,1,0,0,6.933423025730715,0,0,0,0,1
CETPROJH21176,On-hold (assumed),2021.0,2021,Green,0,Europe (EU-27),1,Industry (chemical feedstock),1,1,1,1,11.338583982516495,0,0,0,1,0
CETPROJH21175,On-hold (assumed),2022.0,2022,Green,0,Europe (EU-27),1,Unknown,0,1,0,0,0.0,0,0,0,1,0
CETPROJH21174,On-hold (assumed),2022.0,2022,Green,0,Europe (EU-27),1,Industry (other),0,1,0,0,8.664923303440572,0,0,0,1,0
CETPROJH21173,On-hold (confirmed),2020.0,2020,Green,0,Europe (EU-27),1,Transport (aviation),0,1,0,0,5.860786223465865,0,0,1,1,0
CETPROJH21172,Announced (advanced),2021.0,2021,Green,0,Europe (EU-27),1,Industry (other),0,1,0,0,11.261022291984593,0,0,0,0,0
CETPROJH21171,On-hold (assumed),2022.0,2022,Green,0,Europe (EU-27),1,Unknown,0,1,0,0,13.122365377402328,0,0,0,1,0
CETPROJH2117,On-hold (assumed),2020.0,2020,Green,0,North America,0,Power & heat,0,0,0,0,4.762173934797756,0,0,0,1,0
CETPROJH21168,Decommissioned,2013.0,2013,Green,0,Europe (EU-27),1,Transport (other),0,1,0,0,0.0,0,1,1,0,0
CETPROJH21167,Fully commissioned,2018.0,2018,Green,0,Europe (EU-27),1,Other,0,1,0,0,0.0,0,0,0,0,1
CETPROJH21164,Decommissioned,2014.0,2014,Green,0,Europe (EU-27),1,Unknown,0,1,0,0,4.23410650459726,0,1,1,0,0
CETPROJH21163,Fully commissioned,2017.0,2017,Green,0,Europe (EU-27),1,Gas grid,0,1,0,0,0.0,0,0,0,0,1
CETPROJH21160,Fully commissioned,2016.0,2016,Green,0,Europe (EU-27),1,Transport (other),0,1,0,0,4.30406509320417,0,0,0,0,1
CETPROJH2116,Under construction,2020.0,2020,Green,0,North America,0,Transport (road),0,0,0,0,6.238324625039508,0,0,0,0,0
CETPROJH21159,Decommissioned,2015.0,2015,Green,0,Europe (EU-27),1,Unknown,0,1,0,0,1.3862943611198906,0,1,1,0,0
CETPROJH21158,Decommissioned,2010.0,2010,Green,0,Europe (EU-27),1,Unknown,0,1,0,0,1.3862943611198906,0,1,1,0,0
CETPROJH21157,Plans cancelled,2021.0,2021,Green,0,Europe (EU-27),1,Transport (road),0,1,0,0,5.209486152841421,1,1,1,1,0
CETPROJH21155,Announced (advanced),2021.0,2021,Green,0,Europe (EU-27),1,Industry (chemical feedstock),1,1,1,0,7.115582126184454,0,0,0,0,0
CETPROJH21154,Design,2021.0,2021,Green,0,Europe (EU-27),1,Industry (chemical feedstock),1,1,1,0,7.115582126184454,0,0,0,0,0
CETPROJH21153,Feasibility,2021.0,2021,Green,0,Europe (EU-27),1,Industry (other),0,1,0,0,8.6921543938039,0,0,0,0,0
CETPROJH21152,Fully commissioned,2021.0,2021,Green,0,Europe (EU-27),1,Industry (other),0,1,0,0,6.423246963533519,0,0,0,0,1
CETPROJH21151,On-hold (assumed),2020.0,2020,Green,0,Europe (EU-27),1,Power & heat,0,1,0,0,11.075613589222716,0,0,0,1,0
CETPROJH21150,On-hold (assumed),2020.0,2020,Green,0,Europe (EU-27),1,Power & heat,0,1,0,0,10.456596502556854,0,0,0,1,0
CETPROJH2115,On-hold (assumed),2020.0,2020,Green,0,North America,0,Power & heat,0,0,0,0,6.720220155135295,0,0,0,1,0
CETPROJH21149,Fully commissioned,2022.0,2022,Green,0,Europe (EU-27),1,Industry (refinery feedstock),1,1,1,0,7.451241684987676,0,0,0,0,1
CETPROJH21148,Feasibility,2021.0,2021,Green,0,Europe (EU-27),1,Industry (refinery feedstock),1,1,1,0,10.344737992447081,0,0,0,0,0
CETPROJH21146,On-hold (assumed),2020.0,2020,Green,0,Europe (EU-27),1,Transport (road),0,1,0,0,11.404114559112049,0,0,0,1,0
CETPROJH21145,On-hold (assumed),2020.0,2020,Green,0,Europe (EU-27),1,Transport (road),0,1,0,0,9.928228944424575,0,0,0,1,0
CETPROJH21144,On-hold (assumed),2020.0,2020,Green,0,Europe (EU-27),1,Transport (road),0,1,0,0,6.75110146893676,0,0,0,1,0
CETPROJH21143,Fully commissioned,2019.0,2019,Green,0,Europe (EU-27),1,Transport (road),0,1,0,0,3.367295829986474,0,0,0,0,1
CETPROJH21142,On-hold (assumed),2022.0,2022,Green,0,Europe (EU-27),1,Gas grid,0,1,0,0,6.364750756851911,0,0,0,1,0
CETPROJH21141,Fully commissioned,2022.0,2022,Green,0,Europe (EU-27),1,Industry (chemical feedstock),1,1,1,0,7.60339933974067,0,0,0,0,1
CETPROJH21140,Fully commissioned,2012.0,2012,Green,0,Europe (EU-27),1,Transport (road),0,1,0,0,0.0,0,0,0,0,1
CETPROJH2114,Fully commissioned,2019.0,2019,Green,0,North America,0,Industry (other),0,0,0,0,5.081404364984463,0,0,0,0,1
CETPROJH21139,Fully commissioned,2012.0,2012,Green,0,Europe (EU-27),1,Transport (road),0,1,0,0,0.0,0,0,0,0,1
CETPROJH21138,Fully commissioned,2012.0,2012,Green,0,Europe (EU-27),1,Transport (road),0,1,0,0,0.0,0,0,0,0,1
CETPROJH21137,Fully commissioned,2012.0,2012,Green,0,Europe (EU-27),1,Transport (road),0,1,0,0,0.0,0,0,0,0,1
CETPROJH21135,Fully commissioned,2011.0,2011,Green,0,Europe (EU-27),1,Transport (road),0,1,0,0,0.6931471805599453,0,0,0,0,1
CETPROJH21134,On-hold (assumed),2021.0,2021,Green,0,Europe (non EU-27),0,Unknown,0,0,0,0,0.0,0,0,0,1,0
CETPROJH21133,On-hold (assumed),2021.0,2021,Green,0,Europe (non EU-27),0,Unknown,0,0,0,0,8.847216104357543,0,0,0,1,0
CETPROJH21132,Fully commissioned,2016.0,2016,Green,0,Europe (non EU-27),0,Other,0,0,0,0,0.6931471805599453,0,0,0,0,1
CETPROJH21131,On-hold (assumed),2022.0,2022,Green,0,Europe (non EU-27),0,Industry (other),0,0,0,0,7.392647520721623,0,0,0,1,0
CETPROJH21130,Design,2022.0,2022,Green,0,Europe (non EU-27),0,Industry (other),0,0,0,0,6.255750041753367,0,0,0,0,0
CETPROJH2113,Financed,2020.0,2020,Waste,0,North America,0,Transport (road),0,0,0,0,8.019941687677365,0,0,0,0,0
CETPROJH21129,On-hold (confirmed),2022.0,2022,Green,0,Europe (non EU-27),0,Industry (other),0,0,0,0,7.307202314764738,0,0,1,1,0
CETPROJH21128,Feasibility,2024.0,2024,Green,0,Europe (non EU-27),0,Industry (refinery feedstock),1,1,0,0,8.760296220470051,0,0,0,0,0
CETPROJH21127,Announced (advanced),2022.0,2022,Green,0,Europe (non EU-27),0,Industry (other),0,0,0,0,9.25272913846797,0,0,0,0,0
CETPROJH21126,On-hold (assumed),2022.0,2022,Green,0,Europe (non EU-27),0,Industry (other),0,0,0,0,7.971085753505607,0,0,0,1,0
CETPROJH21125,On-hold (assumed),2022.0,2022,Green,0,Europe (non EU-27),0,Unknown,0,0,0,0,0.0,0,0,0,1,0
CETPROJH21124,Fully commissioned,2022.0,2022,Waste,0,Europe (non EU-27),0,Other,0,0,0,0,0.0,0,0,0,0,1
CETPROJH21123,On-hold (assumed),2022.0,2022,Waste,0,Europe (non EU-27),0,Other,0,0,0,0,0.0,0,0,0,1,0
CETPROJH21122,On-hold (assumed),2022.0,2022,Green,0,Europe (non EU-27),0,Power & heat,0,0,0,0,0.0,0,0,0,1,0
CETPROJH21121,Permitted,2022.0,2022,Green,0,Europe (non EU-27),0,Industry (other),0,0,0,0,6.331501849893691,0,0,0,0,0
CETPROJH21120,On-hold (assumed),2022.0,2022,Green,0,Europe (non EU-27),0,Industry (other),0,0,0,0,6.364750756851911,0,0,0,1,0
CETPROJH2112,On-hold (assumed),2021.0,2021,Green,0,North America,0,Transport (other),0,0,0,0,7.915348169263078,0,0,0,1,0
CETPROJH21119,Permitted,2022.0,2022,Green,0,Europe (non EU-27),0,Industry (other),0,0,0,0,7.650168700845001,0,0,0,0,0
CETPROJH21118,On-hold (assumed),2022.0,2022,Green,0,Europe (non EU-27),0,Transport (other),0,0,0,0,9.76347807952779,0,0,0,1,0
CETPROJH21117,On-hold (assumed),2022.0,2022,Green,0,Europe (non EU-27),0,Power & heat,0,0,0,0,0.0,0,0,0,1,0
CETPROJH21116,Design,2022.0,2022,Green,0,Europe (non EU-27),0,Transport (road),0,0,0,0,0.0,0,0,0,0,0
CETPROJH21115,On-hold (assumed),2021.0,2021,Green,0,Europe (non EU-27),0,Transport (road),0,0,0,0,9.455323689894849,0,0,0,1,0
CETPROJH21114,On-hold (assumed),2022.0,2022,Green,0,Europe (non EU-27),0,Gas grid,0,0,0,0,0.0,0,0,0,1,0
CETPROJH21113,On-hold (assumed),2020.0,2020,Blue_CCS,1,Europe (non EU-27),0,Transport (other),0,0,0,0,12.43005984087666,0,0,0,1,0
CETPROJH21112,Under construction,2021.0,2021,Waste,0,Europe (non EU-27),0,Transport (road),0,0,0,0,5.680172609017068,0,0,0,0,0
CETPROJH21111,On-hold (assumed),2022.0,2022,Waste,0,Europe (non EU-27),0,Other,0,0,0,0,0.0,0,0,0,1,0
CETPROJH21110,On-hold (assumed),2022.0,2022,Green,0,Europe (non EU-27),0,Transport (road),0,0,0,0,8.53915035876828,0,0,0,1,0
CETPROJH2111,Plans cancelled,2020.0,2020,Green,0,North America,0,Transport (road),0,0,0,0,6.930494765951626,1,1,1,1,0
CETPROJH21109,On-hold (assumed),2022.0,2022,Blue_CCS,1,Europe (non EU-27),0,Power & heat,0,0,0,0,12.438330534788479,0,0,0,1,0
CETPROJH21108,On-hold (assumed),2021.0,2021,Green,0,Europe (non EU-27),0,Power & heat,0,0,0,0,0.0,0,0,0,1,0
CETPROJH21107,Under construction,2021.0,2021,Green,0,Europe (non EU-27),0,Other,0,0,0,0,0.0,0,0,0,0,0
CETPROJH21106,On-hold (assumed),2022.0,2022,Green,0,Europe (non EU-27),0,Unknown,0,0,0,0,3.4011973816621555,0,0,0,1,0
CETPROJH21105,On-hold (assumed),2022.0,2022,Waste,0,Europe (non EU-27),0,Power & heat,0,0,0,0,1.3862943611198906,0,0,0,1,0
CETPROJH21104,On-hold (assumed),2022.0,2022,Blue_CCS,1,Europe (non EU-27),0,Gas grid,0,0,0,0,11.115115977672941,0,0,0,1,0
CETPROJH21103,On-hold (assumed),2022.0,2022,Green,0,Europe (non EU-27),0,Unknown,0,0,0,0,4.07753744390572,0,0,0,1,0
CETPROJH21102,On-hold (assumed),2022.0,2022,Green,0,Europe (non EU-27),0,Transport (other),0,0,0,0,5.883322388488279,0,0,0,1,0
CETPROJH21101,On-hold (assumed),2021.0,2021,Waste,0,Europe (non EU-27),0,Transport (other),0,0,0,0,4.990432586778736,0,0,0,1,0
CETPROJH21100,On-hold (assumed),2022.0,2022,Green,0,Europe (non EU-27),0,Power & heat,0,0,0,0,5.808142489980444,0,0,0,1,0
CETPROJH2110,Plans cancelled,2020.0,2020,Green,0,North America,0,Transport (road),0,0,0,0,6.930494765951626,1,1,1,1,0
CETPROJH21099,On-hold (assumed),2022.0,2022,Green,0,Europe (non EU-27),0,Power & heat,0,0,0,0,4.634728988229636,0,0,0,1,0
CETPROJH21098,Permitted,2022.0,2022,Green,0,Europe (non EU-27),0,Power & heat,0,0,0,0,4.51085950651685,0,0,0,0,0
CETPROJH21097,On-hold (assumed),2022.0,2022,Green,0,Europe (non EU-27),0,Power & heat,0,0,0,0,11.659334829414934,0,0,0,1,0
CETPROJH21096,On-hold (assumed),2022.0,2022,Green,0,Europe (non EU-27),0,Power & heat,0,0,0,0,5.459585514144159,0,0,0,1,0
CETPROJH21095,On-hold (assumed),2021.0,2021,Green,0,Europe (non EU-27),0,Transport (other),0,0,0,0,3.6635616461296463,0,0,0,1,0
CETPROJH21094,Design,2022.0,2022,Green,0,Europe (non EU-27),0,Transport (road),0,0,0,0,5.497168225293202,0,0,0,0,0
CETPROJH21093,Fully commissioned,2016.0,2016,Green,0,Europe (non EU-27),0,Transport (road),0,0,0,0,4.2626798770413155,0,0,0,0,1
CETPROJH21092,On-hold (assumed),2022.0,2022,Green,0,Europe (non EU-27),0,Unknown,0,0,0,0,9.455323689894849,0,0,0,1,0
CETPROJH21091,On-hold (assumed),2021.0,2021,Blue_CCS,1,Europe (non EU-27),0,Industry (other),0,0,0,0,12.370467813790674,0,0,0,1,0
CETPROJH21090,Plans cancelled,2021.0,2021,Blue_CCS,1,Europe (non EU-27),0,Power & heat,0,0,0,0,12.815623520192283,1,1,1,1,0
CETPROJH2109,Plans cancelled,2020.0,2020,Green,0,North America,0,Transport (road),0,0,0,0,6.930494765951626,1,1,1,1,0
CETPROJH21089,Plans cancelled,2020.0,2020,Green,0,Europe (non EU-27),0,Transport (other),0,0,0,0,7.404887575616125,1,1,1,1,0
CETPROJH21088,Plans cancelled,2021.0,2021,Green,0,Europe (non EU-27),0,Power & heat,0,0,0,0,10.099917450331914,1,1,1,1,0
CETPROJH21087,Announced (advanced),2022.0,2022,Blue_CCS,1,Europe (non EU-27),0,Industry (other),0,0,0,0,11.813785327687714,0,0,0,0,0
CETPROJH21086,Permitted,2019.0,2019,Blue_CCS,1,Europe (non EU-27),0,Power & heat,0,0,0,0,11.227108319127959,0,0,0,0,0
CETPROJH21085,Design,2022.0,2022,Blue_CCS,1,Europe (non EU-27),0,Power & heat,0,0,0,0,11.927508874722921,0,0,0,0,0
CETPROJH21084,On-hold (assumed),2022.0,2022,Green,0,Europe (non EU-27),0,Transport (road),0,0,0,0,7.7488913372555315,0,0,0,1,0
CETPROJH21083,On-hold (assumed),2022.0,2022,Green,0,Europe (non EU-27),0,Transport (road),0,0,0,0,7.7488913372555315,0,0,0,1,0
CETPROJH21082,On-hold (assumed),2022.0,2022,Green,0,Europe (non EU-27),0,Transport (road),0,0,0,0,7.7488913372555315,0,0,0,1,0
CETPROJH21081,On-hold (assumed),2022.0,2022,Green,0,Europe (non EU-27),0,Transport (road),0,0,0,0,7.7488913372555315,0,0,0,1,0
CETPROJH21080,Plans cancelled,2021.0,2021,Blue_CCS,1,Europe (non EU-27),0,Industry (other),0,0,0,0,11.562867346610785,1,1,1,1,0
CETPROJH2108,Plans cancelled,2020.0,2020,Green,0,North America,0,Transport (road),0,0,0,0,6.930494765951626,1,1,1,1,0
CETPROJH21079,On-hold (confirmed),2021.0,2021,Green,0,Europe (non EU-27),0,Transport (road),0,0,0,0,5.902633333401366,0,0,1,1,0
CETPROJH21078,Plans cancelled,2021.0,2021,Waste,0,Europe (non EU-27),0,Industry (other),0,0,0,0,0.0,1,1,1,1,0
CETPROJH21077,Fully commissioned,2020.0,2020,Green,0,Europe (non EU-27),0,Transport (road),0,0,0,0,0.6931471805599453,0,0,0,0,1
CETPROJH21076,Fully commissioned,2020.0,2020,Green,0,Europe (non EU-27),0,Transport (road),0,0,0,0,5.1298987149230735,0,0,0,0,1
CETPROJH21075,Permitted,2021.0,2021,Green,0,Europe (non EU-27),0,Industry (other),0,0,0,0,6.775366090936392,0,0,0,0,0
CETPROJH21073,Fully commissioned,2017.0,2017,Green,0,Europe (non EU-27),0,Power & heat,0,0,0,0,0.6931471805599453,0,0,0,0,1
CETPROJH21072,Fully commissioned,2015.0,2015,Green,0,Europe (non EU-27),0,Power & heat,0,0,0,0,3.8066624897703196,0,0,0,0,1
CETPROJH21071,On-hold (assumed),2021.0,2021,Green,0,Europe (non EU-27),0,Industry (other),1,1,0,0,0.0,0,0,0,1,0
CETPROJH21070,On-hold (assumed),2021.0,2021,Blue_CCS,1,Europe (non EU-27),0,Unknown,0,0,0,0,0.0,0,0,0,1,0
CETPROJH2107,Plans cancelled,2020.0,2020,Green,0,North America,0,Transport (road),0,0,0,0,6.930494765951626,1,1,1,1,0
CETPROJH21069,On-hold (assumed),2021.0,2021,Green,0,Europe (non EU-27),0,Unknown,0,0,0,0,0.0,0,0,0,1,0
CETPROJH21068,On-hold (assumed),2021.0,2021,Green,0,Europe (non EU-27),0,Transport (road),0,0,0,0,7.05617528410041,0,0,0,1,0
CETPROJH21067,On-hold (assumed),2021.0,2021,Green,0,Europe (non EU-27),0,Power & heat,0,0,0,0,10.203629181337648,0,0,0,1,0
CETPROJH21066,On-hold (assumed),2021.0,2021,Green,0,Europe (non EU-27),0,Unknown,0,0,0,0,0.0,0,0,0,1,0
CETPROJH21065,On-hold (assumed),2021.0,2021,Green,0,Europe (non EU-27),0,Transport (other),0,0,0,0,6.957497370876951,0,0,0,1,0
CETPROJH21064,Fully commissioned,2021.0,2021,Green,0,Europe (non EU-27),0,Other,0,0,0,0,1.0986122886681098,0,0,0,0,1
CETPROJH21063,On-hold (assumed),2021.0,2021,Green,0,Europe (non EU-27),0,Unknown,0,0,0,0,6.364750756851911,0,0,0,1,0
CETPROJH21062,Fully commissioned,2019.0,2019,Other,0,Europe (non EU-27),0,Transport (road),0,0,0,0,0.0,0,0,0,0,1
CETPROJH21061,On-hold (assumed),2021.0,2021,Green,0,Europe (non EU-27),0,Transport (other),0,0,0,0,0.0,0,0,0,1,0
CETPROJH21060,Fully commissioned,2021.0,2021,Other,0,Europe (non EU-27),0,Transport (road),0,0,0,0,8.160803920954665,0,0,0,0,1
CETPROJH2106,On-hold (assumed),2020.0,2020,Green,0,North America,0,Power & heat,0,0,0,0,0.0,0,0,0,1,0
CETPROJH21059,On-hold (assumed),2022.0,2022,Green,0,Europe (non EU-27),0,Unknown,0,0,0,0,0.0,0,0,0,1,0
CETPROJH21056,On-hold (assumed),2021.0,2021,Green,0,Europe (non EU-27),0,Industry (other),0,0,0,0,6.873163834212518,0,0,0,1,0
CETPROJH21055,On-hold (assumed),2021.0,2021,Green,0,Europe (non EU-27),0,Power & heat,0,0,0,0,0.0,0,0,0,1,0
CETPROJH21054,On-hold (assumed),2021.0,2021,Green,0,Europe (non EU-27),0,Transport (other),0,0,0,0,7.023758954738443,0,0,0,1,0
CETPROJH21053,Permitted,2021.0,2021,Green,0,Europe (non EU-27),0,Industry (other),0,0,0,0,8.721439305625983,0,0,0,0,0
CETPROJH21052,Fully commissioned,2021.0,2021,Green,0,Europe (non EU-27),0,Transport (shipping),0,0,0,0,1.3862943611198906,0,0,0,0,1
CETPROJH21051,On-hold (assumed),2021.0,2021,Green,0,Europe (non EU-27),0,Transport (other),0,0,0,0,6.723832440821209,0,0,0,1,0
CETPROJH21050,On-hold (assumed),2020.0,2020,Green,0,Europe (non EU-27),0,Transport (other),0,0,0,0,4.07753744390572,0,0,0,1,0
CETPROJH2105,On-hold (assumed),2021.0,2021,Waste,0,North America,0,Transport (other),0,0,0,0,0.0,0,0,0,1,0
CETPROJH21049,On-hold (assumed),2021.0,2021,Green,0,Europe (non EU-27),0,Power & heat,0,0,0,0,6.922643891475888,0,0,0,1,0
CETPROJH21048,Fully commissioned,2020.0,2020,Green,0,Europe (non EU-27),0,Power & heat,0,0,0,0,1.0986122886681098,0,0,0,0,1
CETPROJH21047,Fully commissioned,2021.0,2021,Blue_CCS,1,Europe (non EU-27),0,Other,0,0,0,0,5.755742213586912,0,0,0,0,1
CETPROJH21046,On-hold (assumed),2021.0,2021,Blue_CCS,1,Europe (non EU-27),0,Industry (other),0,0,0,0,12.370467813790674,0,0,0,1,0
CETPROJH21045,On-hold (assumed),2021.0,2021,Blue_CCS,1,Europe (non EU-27),0,Industry (other),0,0,0,0,12.089055566454139,0,0,0,1,0
CETPROJH21044,Permitted,2021.0,2021,Blue_CCS,1,Europe (non EU-27),0,Industry (refinery feedstock),1,1,0,0,11.03925110683503,0,0,0,0,0
CETPROJH21043,Plans cancelled,2021.0,2021,Green,0,Europe (non EU-27),0,Power & heat,0,0,0,0,8.441822884391462,1,1,1,1,0
CETPROJH21042,On-hold (assumed),2022.0,2022,Green,0,Europe (non EU-27),0,Transport (other),0,0,0,0,0.0,0,0,0,1,0
CETPROJH21041,Fully commissioned,2013.0,2013,Green,0,Europe (non EU-27),0,Transport (road),0,0,0,0,1.3862943611198906,0,0,0,0,1
CETPROJH21040,Decommissioned,2020.0,2020,Green,0,Europe (non EU-27),0,Unknown,0,0,0,0,0.0,0,1,1,0,0
CETPROJH21039,Decommissioned,2017.0,2017,Green,0,Europe (non EU-27),0,Unknown,0,0,0,0,3.367295829986474,0,1,1,0,0
CETPROJH21038,On-hold (assumed),2020.0,2020,Green,0,Europe (non EU-27),0,Transport (road),0,0,0,0,6.175867270105761,0,0,0,1,0
CETPROJH21037,On-hold (assumed),2021.0,2021,Blue_CCS,1,Europe (non EU-27),0,Power & heat,0,0,0,0,12.032867408532494,0,0,0,1,0
CETPROJH21036,On-hold (assumed),2021.0,2021,Green,0,Europe (non EU-27),0,Power & heat,0,0,0,0,8.488382109562117,0,0,0,1,0
CETPROJH21035,On-hold (assumed),2021.0,2021,Green,0,Europe (non EU-27),0,Transport (other),0,0,0,0,7.404279118037268,0,0,0,1,0
CETPROJH21033,Plans cancelled,2021.0,2021,Blue_CCS,1,Europe (non EU-27),0,Industry (other),0,0,0,0,11.759793355371237,1,1,1,1,0
CETPROJH21032,On-hold (assumed),2021.0,2021,Blue_CCS,1,Europe (non EU-27),0,Industry (refinery feedstock),1,1,0,0,11.931642378754141,0,0,0,1,0
CETPROJH21031,Plans cancelled,2021.0,2021,Waste,0,Europe (non EU-27),0,Transport (road),0,0,0,0,0.0,1,1,1,1,0
CETPROJH21030,On-hold (confirmed),2020.0,2020,Green,0,Europe (non EU-27),0,Transport (road),0,0,0,0,6.594413459749778,0,0,1,1,0
CETPROJH2103,Fully commissioned,2016.0,2016,Green,0,North America,0,Transport (road),0,0,0,0,3.9512437185814275,0,0,0,0,1
CETPROJH21029,On-hold (confirmed),2021.0,2021,Green,0,Europe (non EU-27),0,Industry (refinery feedstock),1,1,0,0,8.893298144217916,0,0,1,1,0
CETPROJH21028,On-hold (assumed),2020.0,2020,Green,0,Europe (non EU-27),0,Unknown,0,0,0,0,5.953243334287785,0,0,0,1,0
CETPROJH21027,On-hold (assumed),2021.0,2021,Green,0,Europe (non EU-27),0,Gas grid,0,0,0,0,0.0,0,0,0,1,0
CETPROJH21026,Fully commissioned,2014.0,2014,Green,0,Europe (non EU-27),0,Power & heat,0,0,0,0,1.791759469228055,0,0,0,0,1
CETPROJH21025,Fully commissioned,2014.0,2014,Green,0,Europe (non EU-27),0,Power & heat,0,0,0,0,1.791759469228055,0,0,0,0,1
CETPROJH21024,Fully commissioned,2014.0,2014,Green,0,Europe (non EU-27),0,Power & heat,0,0,0,0,3.1354942159291497,0,0,0,0,1
CETPROJH21023,Fully commissioned,2019.0,2019,Green,0,Europe (non EU-27),0,Transport (shipping),0,0,0,0,2.0794415416798357,0,0,0,0,1
CETPROJH21022,Plans cancelled,2021.0,2021,Green,0,Europe (non EU-27),0,Transport (road),0,0,0,0,0.0,1,1,1,1,0
CETPROJH21021,Fully commissioned,2021.0,2021,Green,0,Europe (non EU-27),0,Industry (other),0,0,0,0,3.4339872044851463,0,0,0,0,1
CETPROJH21020,Plans cancelled,2020.0,2020,Green,0,Europe (non EU-27),0,Power & heat,0,0,0,0,6.720220155135295,1,1,1,1,0
CETPROJH2102,Under construction,2021.0,2021,Waste,0,North America,0,Transport (road),0,0,0,0,4.574710978503383,0,0,0,0,0
CETPROJH21019,Plans cancelled,2020.0,2020,Green,0,Europe (non EU-27),0,Power & heat,0,0,0,0,4.727387818712341,1,1,1,1,0
CETPROJH21018,Plans cancelled,2021.0,2021,Blue_CCS,1,Europe (non EU-27),0,Gas grid,0,0,0,0,12.676079399771027,1,1,1,1,0
CETPROJH21017,Permitted,2021.0,2021,Green,0,Europe (non EU-27),0,Industry (other),0,0,0,0,6.723832440821209,0,0,0,0,0
CETPROJH21016,On-hold (assumed),2018.0,2018,Green,0,Europe (non EU-27),0,Power & heat,0,0,0,0,9.021598247379305,0,0,0,1,0
CETPROJH21015,Plans cancelled,2021.0,2021,Blue_CCS,1,Europe (non EU-27),0,Power & heat,0,0,0,0,11.899336865271989,1,1,1,1,0
CETPROJH21014,On-hold (assumed),2021.0,2021,Green,0,Europe (non EU-27),0,Power & heat,0,0,0,0,0.0,0,0,0,1,0
CETPROJH21012,Permitted,2021.0,2021,Green,0,Europe (non EU-27),0,Transport (shipping),0,0,0,0,0.0,0,0,0,0,0
CETPROJH21011,On-hold (assumed),2021.0,2021,Green,0,Europe (non EU-27),0,Power & heat,0,0,0,0,4.060443010546419,0,0,0,1,0
CETPROJH21010,Permitted,2022.0,2022,Green,0,Europe (non EU-27),0,Industry (other),0,0,0,0,6.934397209928558,0,0,0,0,0
CETPROJH2101,Fully commissioned,2015.0,2015,Green,0,North America,0,Transport (road),0,0,0,0,5.393627546352362,0,0,0,0,1
CETPROJH21009,Announced (advanced),2021.0,2021,Green,0,Europe (non EU-27),0,Transport (road),0,0,0,0,5.308267697401205,0,0,0,0,0
CETPROJH21008,Financed,2021.0,2021,Green,0,Europe (non EU-27),0,Transport (road),0,0,0,0,4.30406509320417,0,0,0,0,0
CETPROJH21007,Under construction,2022.0,2022,Green,0,Europe (non EU-27),0,Power & heat,0,0,0,0,5.948034989180646,0,0,0,0,0
CETPROJH21006,Permitted,2020.0,2020,Blue_CCS,1,Europe (non EU-27),0,Power & heat,0,0,0,0,11.759793355371237,0,0,0,0,0
CETPROJH21005,Decommissioned,2010.0,2010,Green,0,Europe (non EU-27),0,Transport (other),0,0,0,0,0.0,0,1,1,0,0
CETPROJH21004,Design,2022.0,2022,Blue_CCS,1,Europe (non EU-27),0,Gas grid,0,0,0,0,10.646590883905475,0,0,0,0,0
CETPROJH21003,Decommissioned,2013.0,2013,Green,0,Europe (non EU-27),0,Transport (road),0,0,0,0,4.110873864173311,0,1,1,0,0
CETPROJH21002,On-hold (assumed),2022.0,2022,Waste,0,Europe (EU-27),1,Power & heat,0,1,0,0,11.58989576532275,0,0,0,1,0
CETPROJH21001,On-hold (assumed),2021.0,2021,Green,0,Europe (EU-27),1,Unknown,0,1,0,0,0.0,0,0,0,1,0
CETPROJH21000,On-hold (assumed),2021.0,2021,Green,0,Europe (EU-27),1,Unknown,0,1,0,0,8.202756381655638,0,0,0,1,0
CETPROJH2100,On-hold (assumed),2021.0,2021,Green,0,North America,0,Unknown,0,0,0,0,2.3978952727983707,0,0,0,1,0
