project_id,year_calendar,is_blue_ccs,event_any_yr,p_M1,loss_M1,p_M2,loss_M2,p_M3,loss_M3
0,2022,0,0,1e-10,1.000000082790371e-10,1e-10,1.000000082790371e-10,1e-10,1.000000082790371e-10
0,2023,0,0,1e-10,1.000000082790371e-10,1e-10,1.000000082790371e-10,1e-10,1.000000082790371e-10
0,2024,0,0,1e-10,1.000000082790371e-10,1e-10,1.000000082790371e-10,1e-10,1.000000082790371e-10
0,2025,0,0,1e-10,1.000000082790371e-10,1e-10,1.000000082790371e-10,1e-10,1.000000082790371e-10
0,2026,0,0,1e-10,1.000000082790371e-10,1e-10,1.000000082790371e-10,1e-10,1.000000082790371e-10
1,2022,0,0,1e-10,1.000000082790371e-10,1e-10,1.000000082790371e-10,1e-10,1.000000082790371e-10
1,2023,0,0,1e-10,1.000000082790371e-10,1e-10,1.000000082790371e-10,1e-10,1.000000082790371e-10
1,2024,0,0,1e-10,1.000000082790371e-10,1e-10,1.000000082790371e-10,1e-10,1.000000082790371e-10
1,2025,0,0,1e-10,1.000000082790371e-10,1e-10,1.000000082790371e-10,1e-10,1.000000082790371e-10
1,2026,0,0,1e-10,1.000000082790371e-10,1e-10,1.000000082790371e-10,1e-10,1.000000082790371e-10
2,2022,0,0,1e-10,1.000000082790371e-10,1e-10,1.000000082790371e-10,1e-10,1.000000082790371e-10
2,2023,0,0,1e-10,1.000000082790371e-10,1e-10,1.000000082790371e-10,1e-10,1.000000082790371e-10
2,2024,0,0,1e-10,1.000000082790371e-10,1e-10,1.000000082790371e-10,1e-10,1.000000082790371e-10
2,2025,0,0,1e-10,1.000000082790371e-10,1e-10,1.000000082790371e-10,1e-10,1.000000082790371e-10
2,2026,0,0,1e-10,1.000000082790371e-10,1e-10,1.000000082790371e-10,1e-10,1.000000082790371e-10
3,2022,0,0,1e-10,1.000000082790371e-10,1e-10,1.000000082790371e-10,1e-10,1.000000082790371e-10
3,2023,0,0,1e-10,1.000000082790371e-10,1e-10,1.000000082790371e-10,1e-10,1.000000082790371e-10
3,2024,0,0,1e-10,1.000000082790371e-10,1e-10,1.000000082790371e-10,1e-10,1.000000082790371e-10
3,2025,0,0,1e-10,1.000000082790371e-10,1e-10,1.000000082790371e-10,1e-10,1.000000082790371e-10
3,2026,0,0,1e-10,1.000000082790371e-10,1e-10,1.000000082790371e-10,1e-10,1.000000082790371e-10
4,2022,0,0,1e-10,1.000000082790371e-10,1e-10,1.000000082790371e-10,1e-10,1.000000082790371e-10
4,2023,0,0,1e-10,1.000000082790371e-10,1e-10,1.000000082790371e-10,1e-10,1.000000082790371e-10
4,2024,0,0,1e-10,1.000000082790371e-10,1e-10,1.000000082790371e-10,1e-10,1.000000082790371e-10
4,2025,0,0,1e-10,1.000000082790371e-10,1e-10,1.000000082790371e-10,1e-10,1.000000082790371e-10
4,2026,0,0,1e-10,1.000000082790371e-10,1e-10,1.000000082790371e-10,1e-10,1.000000082790371e-10
5,2022,0,0,1e-10,1.000000082790371e-10,1e-10,1.000000082790371e-10,1e-10,1.000000082790371e-10
5,2023,0,0,1e-10,1.000000082790371e-10,1e-10,1.000000082790371e-10,1e-10,1.000000082790371e-10
5,2024,0,0,1e-10,1.000000082790371e-10,1e-10,1.000000082790371e-10,1e-10,1.000000082790371e-10
5,2025,0,0,1e-10,1.000000082790371e-10,1e-10,1.000000082790371e-10,1e-10,1.000000082790371e-10
5,2026,0,0,1e-10,1.000000082790371e-10,1e-10,1.000000082790371e-10,1e-10,1.000000082790371e-10
6,2022,0,0,1e-10,1.000000082790371e-10,1e-10,1.000000082790371e-10,1e-10,1.000000082790371e-10
6,2023,0,0,1e-10,1.000000082790371e-10,1e-10,1.000000082790371e-10,1e-10,1.000000082790371e-10
6,2024,0,0,1e-10,1.000000082790371e-10,3.7234112839115806e-10,3.723411579752833e-10,1e-10,1.000000082790371e-10
6,2025,0,0,1e-10,1.000000082790371e-10,2.7855247945468297e-08,2.7855248385045812e-08,1e-10,1.000000082790371e-10
6,2026,0,0,1e-10,1.000000082790371e-10,5.014345543228976e-07,5.014346800414029e-07,1e-10,1.000000082790371e-10
7,2022,0,0,1e-10,1.000000082790371e-10,1e-10,1.000000082790371e-10,1e-10,1.000000082790371e-10
7,2023,0,0,1e-10,1.000000082790371e-10,1e-10,1.000000082790371e-10,1e-10,1.000000082790371e-10
7,2024,0,0,1e-10,1.000000082790371e-10,1e-10,1.000000082790371e-10,1e-10,1.000000082790371e-10
7,2025,0,0,1e-10,1.000000082790371e-10,1e-10,1.000000082790371e-10,1e-10,1.000000082790371e-10
7,2026,0,0,1e-10,1.000000082790371e-10,1e-10,1.000000082790371e-10,1e-10,1.000000082790371e-10
8,2022,0,0,1e-10,1.000000082790371e-10,1e-10,1.000000082790371e-10,1e-10,1.000000082790371e-10
8,2023,0,0,1e-10,1.000000082790371e-10,1e-10,1.000000082790371e-10,1e-10,1.000000082790371e-10
8,2024,0,0,1e-10,1.000000082790371e-10,1e-10,1.000000082790371e-10,1e-10,1.000000082790371e-10
8,2025,0,0,1e-10,1.000000082790371e-10,1e-10,1.000000082790371e-10,1e-10,1.000000082790371e-10
8,2026,0,0,1e-10,1.000000082790371e-10,1e-10,1.000000082790371e-10,1e-10,1.000000082790371e-10
9,2022,0,0,1e-10,1.000000082790371e-10,1e-10,1.000000082790371e-10,1e-10,1.000000082790371e-10
9,2023,0,0,1e-10,1.000000082790371e-10,1e-10,1.000000082790371e-10,1e-10,1.000000082790371e-10
9,2024,0,0,1e-10,1.000000082790371e-10,1e-10,1.000000082790371e-10,1e-10,1.000000082790371e-10
9,2025,0,0,1e-10,1.000000082790371e-10,1e-10,1.000000082790371e-10,1e-10,1.000000082790371e-10
9,2026,0,0,1e-10,1.000000082790371e-10,1e-10,1.000000082790371e-10,1e-10,1.000000082790371e-10
10,2022,0,0,1e-10,1.000000082790371e-10,1e-10,1.000000082790371e-10,1e-10,1.000000082790371e-10
10,2023,0,0,1e-10,1.000000082790371e-10,1e-10,1.000000082790371e-10,1e-10,1.000000082790371e-10
10,2024,0,0,1e-10,1.000000082790371e-10,1e-10,1.000000082790371e-10,1e-10,1.000000082790371e-10
10,2025,0,0,1e-10,1.000000082790371e-10,1e-10,1.000000082790371e-10,1e-10,1.000000082790371e-10
10,2026,0,0,1e-10,1.000000082790371e-10,1e-10,1.000000082790371e-10,1e-10,1.000000082790371e-10
11,2022,0,0,1e-10,1.000000082790371e-10,1e-10,1.000000082790371e-10,1e-10,1.000000082790371e-10
11,2023,0,0,1e-10,1.000000082790371e-10,1e-10,1.000000082790371e-10,1e-10,1.000000082790371e-10
11,2024,0,0,1e-10,1.000000082790371e-10,1e-10,1.000000082790371e-10,1e-10,1.000000082790371e-10
11,2025,0,0,1e-10,1.000000082790371e-10,1e-10,1.000000082790371e-10,1e-10,1.000000082790371e-10
11,2026,0,0,1e-10,1.000000082790371e-10,1e-10,1.000000082790371e-10,1e-10,1.000000082790371e-10
12,2022,0,0,1e-10,1.000000082790371e-10,1e-10,1.000000082790371e-10,1e-10,1.000000082790371e-10
12,2023,0,0,1e-10,1.000000082790371e-10,1e-10,1.000000082790371e-10,1e-10,1.000000082790371e-10
12,2024,0,0,1e-10,1.000000082790371e-10,1e-10,1.000000082790371e-10,1e-10,1.000000082790371e-10
12,2025,0,0,1e-10,1.000000082790371e-10,1e-10,1.000000082790371e-10,1e-10,1.000000082790371e-10
12,2026,0,0,1e-10,1.000000082790371e-10,1e-10,1.000000082790371e-10,1e-10,1.000000082790371e-10
13,2022,0,0,1e-10,1.000000082790371e-10,1e-10,1.000000082790371e-10,1e-10,1.000000082790371e-10
13,2023,0,0,1e-10,1.000000082790371e-10,1e-10,1.000000082790371e-10,1e-10,1.000000082790371e-10
13,2024,0,0,1e-10,1.000000082790371e-10,1e-10,1.000000082790371e-10,1e-10,1.000000082790371e-10
13,2025,0,0,1e-10,1.000000082790371e-10,1e-10,1.000000082790371e-10,1e-10,1.000000082790371e-10
13,2026,0,0,1e-10,1.000000082790371e-10,1e-10,1.000000082790371e-10,1e-10,1.000000082790371e-10
14,2022,1,0,1e-10,1.000000082790371e-10,1e-10,1.000000082790371e-10,1e-10,1.000000082790371e-10
14,2023,1,0,1e-10,1.000000082790371e-10,1e-10,1.000000082790371e-10,1e-10,1.000000082790371e-10
14,2024,1,0,1e-10,1.000000082790371e-10,1e-10,1.000000082790371e-10,1e-10,1.000000082790371e-10
14,2025,1,0,1e-10,1.000000082790371e-10,1.262324972615207e-09,1.2623250230854673e-09,1e-10,1.000000082790371e-10
14,2026,1,0,1e-10,1.000000082790371e-10,9.443590865732483e-08,9.443591310761981e-08,1e-10,1.000000082790371e-10
15,2022,0,0,1e-10,1.000000082790371e-10,1e-10,1.000000082790371e-10,1e-10,1.000000082790371e-10
15,2023,0,0,1e-10,1.000000082790371e-10,1e-10,1.000000082790371e-10,1e-10,1.000000082790371e-10
15,2024,0,0,1e-10,1.000000082790371e-10,1e-10,1.000000082790371e-10,1e-10,1.000000082790371e-10
15,2025,0,0,1e-10,1.000000082790371e-10,1e-10,1.000000082790371e-10,1e-10,1.000000082790371e-10
15,2026,0,0,1e-10,1.000000082790371e-10,1e-10,1.000000082790371e-10,1e-10,1.000000082790371e-10
16,2022,0,0,1e-10,1.000000082790371e-10,1e-10,1.000000082790371e-10,1e-10,1.000000082790371e-10
16,2023,0,0,1e-10,1.000000082790371e-10,1e-10,1.000000082790371e-10,1e-10,1.000000082790371e-10
16,2024,0,0,1e-10,1.000000082790371e-10,1e-10,1.000000082790371e-10,1e-10,1.000000082790371e-10
16,2025,0,0,1e-10,1.000000082790371e-10,8.903489585980034e-10,8.90348906109628e-10,1e-10,1.000000082790371e-10
16,2026,0,0,1e-10,1.000000082790371e-10,1.6027570057635922e-08,1.6027570177368022e-08,1e-10,1.000000082790371e-10
17,2022,0,0,1e-10,1.000000082790371e-10,1e-10,1.000000082790371e-10,1e-10,1.000000082790371e-10
17,2023,0,0,1e-10,1.000000082790371e-10,1e-10,1.000000082790371e-10,1e-10,1.000000082790371e-10
17,2024,0,0,1e-10,1.000000082790371e-10,1e-10,1.000000082790371e-10,1e-10,1.000000082790371e-10
17,2025,0,0,1e-10,1.000000082790371e-10,1e-10,1.000000082790371e-10,1e-10,1.000000082790371e-10
17,2026,0,0,1e-10,1.000000082790371e-10,1e-10,1.000000082790371e-10,1e-10,1.000000082790371e-10
18,2022,0,0,1e-10,1.000000082790371e-10,1e-10,1.000000082790371e-10,1e-10,1.000000082790371e-10
18,2023,0,0,1e-10,1.000000082790371e-10,1e-10,1.000000082790371e-10,1e-10,1.000000082790371e-10
18,2024,0,0,1e-10,1.000000082790371e-10,1e-10,1.000000082790371e-10,1e-10,1.000000082790371e-10
18,2025,0,0,1e-10,1.000000082790371e-10,1e-10,1.000000082790371e-10,1e-10,1.000000082790371e-10
18,2026,0,0,1e-10,1.000000082790371e-10,1e-10,1.000000082790371e-10,1e-10,1.000000082790371e-10
19,2022,0,0,1e-10,1.000000082790371e-10,1e-10,1.000000082790371e-10,1e-10,1.000000082790371e-10
19,2023,0,0,1e-10,1.000000082790371e-10,1e-10,1.000000082790371e-10,1e-10,1.000000082790371e-10
19,2024,0,0,1e-10,1.000000082790371e-10,1e-10,1.000000082790371e-10,1e-10,1.000000082790371e-10
19,2025,0,0,1e-10,1.000000082790371e-10,1e-10,1.000000082790371e-10,1e-10,1.000000082790371e-10
19,2026,0,0,1e-10,1.000000082790371e-10,1e-10,1.000000082790371e-10,1e-10,1.000000082790371e-10
20,2022,0,0,1e-10,1.000000082790371e-10,1e-10,1.000000082790371e-10,1e-10,1.000000082790371e-10
20,2023,0,0,1e-10,1.000000082790371e-10,3.2220882663704643e-10,3.222088152363197e-10,1e-10,1.000000082790371e-10
20,2024,0,0,1e-10,1.000000082790371e-10,1.3956813453977752e-09,1.3956813492446907e-09,1e-10,1.000000082790371e-10
20,2025,0,0,1e-10,1.000000082790371e-10,1.4547103209254712e-09,1.4547103532359038e-09,1e-10,1.000000082790371e-10
20,2026,0,0,1e-10,1.000000082790371e-10,3.648448097279276e-10,3.648448210879487e-10,1e-10,1.000000082790371e-10
21,2022,0,0,1e-10,1.000000082790371e-10,1e-10,1.000000082790371e-10,1e-10,1.000000082790371e-10
21,2023,0,0,1e-10,1.000000082790371e-10,1e-10,1.000000082790371e-10,1e-10,1.000000082790371e-10
21,2024,0,0,1e-10,1.000000082790371e-10,1e-10,1.000000082790371e-10,1e-10,1.000000082790371e-10
21,2025,0,0,1e-10,1.000000082790371e-10,1e-10,1.000000082790371e-10,1e-10,1.000000082790371e-10
21,2026,0,0,1e-10,1.000000082790371e-10,1e-10,1.000000082790371e-10,1e-10,1.000000082790371e-10
22,2022,0,0,1e-10,1.000000082790371e-10,1e-10,1.000000082790371e-10,1e-10,1.000000082790371e-10
22,2023,0,0,1e-10,1.000000082790371e-10,1e-10,1.000000082790371e-10,1e-10,1.000000082790371e-10
22,2024,0,0,1e-10,1.000000082790371e-10,1e-10,1.000000082790371e-10,1e-10,1.000000082790371e-10
22,2025,0,0,1e-10,1.000000082790371e-10,1e-10,1.000000082790371e-10,1e-10,1.000000082790371e-10
22,2026,0,0,1e-10,1.000000082790371e-10,1e-10,1.000000082790371e-10,1e-10,1.000000082790371e-10
23,2022,0,0,1e-10,1.000000082790371e-10,1e-10,1.000000082790371e-10,1e-10,1.000000082790371e-10
23,2023,0,0,1e-10,1.000000082790371e-10,1e-10,1.000000082790371e-10,1e-10,1.000000082790371e-10
23,2024,0,0,1e-10,1.000000082790371e-10,1e-10,1.000000082790371e-10,1e-10,1.000000082790371e-10
23,2025,0,0,1e-10,1.000000082790371e-10,1e-10,1.000000082790371e-10,1e-10,1.000000082790371e-10
23,2026,0,0,1e-10,1.000000082790371e-10,1e-10,1.000000082790371e-10,1e-10,1.000000082790371e-10
24,2022,0,0,1e-10,1.000000082790371e-10,1e-10,1.000000082790371e-10,1e-10,1.000000082790371e-10
24,2023,0,0,1e-10,1.000000082790371e-10,1e-10,1.000000082790371e-10,1e-10,1.000000082790371e-10
24,2024,0,0,1e-10,1.000000082790371e-10,1e-10,1.000000082790371e-10,1e-10,1.000000082790371e-10
24,2025,0,0,1e-10,1.000000082790371e-10,1e-10,1.000000082790371e-10,1e-10,1.000000082790371e-10
24,2026,0,0,1e-10,1.000000082790371e-10,1e-10,1.000000082790371e-10,1e-10,1.000000082790371e-10
25,2022,0,0,1e-10,1.000000082790371e-10,1e-10,1.000000082790371e-10,1e-10,1.000000082790371e-10
25,2023,0,0,1e-10,1.000000082790371e-10,1e-10,1.000000082790371e-10,1e-10,1.000000082790371e-10
25,2024,0,0,1e-10,1.000000082790371e-10,1e-10,1.000000082790371e-10,1e-10,1.000000082790371e-10
25,2025,0,0,1e-10,1.000000082790371e-10,1e-10,1.000000082790371e-10,1e-10,1.000000082790371e-10
25,2026,0,0,1e-10,1.000000082790371e-10,1e-10,1.000000082790371e-10,1e-10,1.000000082790371e-10
26,2022,1,0,1e-10,1.000000082790371e-10,1e-10,1.000000082790371e-10,1e-10,1.000000082790371e-10
26,2023,1,1,1e-10,23.025850929940457,1e-10,23.025850929940457,1e-10,23.025850929940457
27,2022,1,0,1e-10,1.000000082790371e-10,1e-10,1.000000082790371e-10,1e-10,1.000000082790371e-10
27,2023,1,0,1e-10,1.000000082790371e-10,1e-10,1.000000082790371e-10,1e-10,1.000000082790371e-10
27,2024,1,0,1e-10,1.000000082790371e-10,1e-10,1.000000082790371e-10,1e-10,1.000000082790371e-10
27,2025,1,0,2.552679089239866e-10,2.552679179472175e-10,1.9265692250119852e-08,1.926569244932032e-08,1e-10,1.000000082790371e-10
27,2026,1,0,1.4819284045998991e-08,1.4819284131943981e-08,1.441285544811561e-06,1.4412865834539497e-06,1e-10,1.000000082790371e-10
28,2022,1,0,1e-10,1.000000082790371e-10,1e-10,1.000000082790371e-10,1e-10,1.000000082790371e-10
28,2023,1,0,1e-10,1.000000082790371e-10,1e-10,1.000000082790371e-10,1e-10,1.000000082790371e-10
28,2024,1,0,1e-10,1.000000082790371e-10,1e-10,1.000000082790371e-10,1e-10,1.000000082790371e-10
28,2025,1,0,2.552679089239866e-10,2.552679179472175e-10,1.9265692250119852e-08,1.926569244932032e-08,1e-10,1.000000082790371e-10
28,2026,1,0,1.4819284045998991e-08,1.4819284131943981e-08,1.441285544811561e-06,1.4412865834539497e-06,1e-10,1.000000082790371e-10
29,2022,0,0,1e-10,1.000000082790371e-10,1e-10,1.000000082790371e-10,1e-10,1.000000082790371e-10
29,2023,0,0,1e-10,1.000000082790371e-10,1e-10,1.000000082790371e-10,1e-10,1.000000082790371e-10
29,2024,0,0,1e-10,1.000000082790371e-10,1e-10,1.000000082790371e-10,1e-10,1.000000082790371e-10
29,2025,0,0,1e-10,1.000000082790371e-10,1e-10,1.000000082790371e-10,1e-10,1.000000082790371e-10
29,2026,0,0,1e-10,1.000000082790371e-10,1e-10,1.000000082790371e-10,1e-10,1.000000082790371e-10
30,2022,0,0,1e-10,1.000000082790371e-10,1e-10,1.000000082790371e-10,1e-10,1.000000082790371e-10
30,2023,0,0,1e-10,1.000000082790371e-10,1e-10,1.000000082790371e-10,1e-10,1.000000082790371e-10
30,2024,0,0,1e-10,1.000000082790371e-10,1e-10,1.000000082790371e-10,1e-10,1.000000082790371e-10
30,2025,0,0,1e-10,1.000000082790371e-10,1e-10,1.000000082790371e-10,1e-10,1.000000082790371e-10
30,2026,0,0,1e-10,1.000000082790371e-10,1e-10,1.000000082790371e-10,1e-10,1.000000082790371e-10
31,2022,0,1,1e-10,23.025850929940457,1e-10,23.025850929940457,1e-10,23.025850929940457
32,2022,0,0,1e-10,1.000000082790371e-10,1e-10,1.000000082790371e-10,1e-10,1.000000082790371e-10
32,2023,0,0,1e-10,1.000000082790371e-10,1e-10,1.000000082790371e-10,1e-10,1.000000082790371e-10
32,2024,0,0,1e-10,1.000000082790371e-10,1e-10,1.000000082790371e-10,1e-10,1.000000082790371e-10
32,2025,0,0,1e-10,1.000000082790371e-10,1e-10,1.000000082790371e-10,1e-10,1.000000082790371e-10
32,2026,0,0,1e-10,1.000000082790371e-10,1e-10,1.000000082790371e-10,1e-10,1.000000082790371e-10
33,2022,0,0,1e-10,1.000000082790371e-10,1e-10,1.000000082790371e-10,1e-10,1.000000082790371e-10
33,2023,0,0,1e-10,1.000000082790371e-10,1e-10,1.000000082790371e-10,1e-10,1.000000082790371e-10
33,2024,0,0,1e-10,1.000000082790371e-10,1e-10,1.000000082790371e-10,1e-10,1.000000082790371e-10
33,2025,0,0,1e-10,1.000000082790371e-10,1e-10,1.000000082790371e-10,1e-10,1.000000082790371e-10
33,2026,0,0,1e-10,1.000000082790371e-10,1e-10,1.000000082790371e-10,1e-10,1.000000082790371e-10
34,2022,0,0,1e-10,1.000000082790371e-10,1e-10,1.000000082790371e-10,1e-10,1.000000082790371e-10
34,2023,0,0,1e-10,1.000000082790371e-10,1e-10,1.000000082790371e-10,1e-10,1.000000082790371e-10
34,2024,0,0,1e-10,1.000000082790371e-10,1e-10,1.000000082790371e-10,1e-10,1.000000082790371e-10
34,2025,0,0,1e-10,1.000000082790371e-10,1e-10,1.000000082790371e-10,1e-10,1.000000082790371e-10
34,2026,0,0,1e-10,1.000000082790371e-10,1e-10,1.000000082790371e-10,1e-10,1.000000082790371e-10
35,2022,0,0,1e-10,1.000000082790371e-10,1e-10,1.000000082790371e-10,1e-10,1.000000082790371e-10
35,2023,0,0,1e-10,1.000000082790371e-10,1e-10,1.000000082790371e-10,1e-10,1.000000082790371e-10
35,2024,0,0,1e-10,1.000000082790371e-10,1e-10,1.000000082790371e-10,1e-10,1.000000082790371e-10
35,2025,0,0,1e-10,1.000000082790371e-10,1e-10,1.000000082790371e-10,1e-10,1.000000082790371e-10
35,2026,0,0,1e-10,1.000000082790371e-10,1e-10,1.000000082790371e-10,1e-10,1.000000082790371e-10
36,2022,0,0,1e-10,1.000000082790371e-10,1e-10,1.000000082790371e-10,1e-10,1.000000082790371e-10
36,2023,0,0,1e-10,1.000000082790371e-10,1e-10,1.000000082790371e-10,1e-10,1.000000082790371e-10
36,2024,0,0,1e-10,1.000000082790371e-10,1e-10,1.000000082790371e-10,1e-10,1.000000082790371e-10
36,2025,0,0,1e-10,1.000000082790371e-10,1e-10,1.000000082790371e-10,1e-10,1.000000082790371e-10
36,2026,0,0,1e-10,1.000000082790371e-10,1e-10,1.000000082790371e-10,1e-10,1.000000082790371e-10
37,2022,0,0,1e-10,1.000000082790371e-10,1e-10,1.000000082790371e-10,1e-10,1.000000082790371e-10
37,2023,0,0,1e-10,1.000000082790371e-10,1e-10,1.000000082790371e-10,1e-10,1.000000082790371e-10
37,2024,0,0,1e-10,1.000000082790371e-10,1e-10,1.000000082790371e-10,1e-10,1.000000082790371e-10
37,2025,0,0,1e-10,1.000000082790371e-10,1e-10,1.000000082790371e-10,1e-10,1.000000082790371e-10
37,2026,0,0,1e-10,1.000000082790371e-10,1e-10,1.000000082790371e-10,1e-10,1.000000082790371e-10
38,2022,0,0,1e-10,1.000000082790371e-10,1e-10,1.000000082790371e-10,1e-10,1.000000082790371e-10
38,2023,0,0,1e-10,1.000000082790371e-10,1e-10,1.000000082790371e-10,1e-10,1.000000082790371e-10
38,2024,0,0,1e-10,1.000000082790371e-10,1e-10,1.000000082790371e-10,1e-10,1.000000082790371e-10
38,2025,0,0,1e-10,1.000000082790371e-10,1e-10,1.000000082790371e-10,1e-10,1.000000082790371e-10
38,2026,0,0,1e-10,1.000000082790371e-10,1e-10,1.000000082790371e-10,1e-10,1.000000082790371e-10
39,2022,0,0,1e-10,1.000000082790371e-10,1e-10,1.000000082790371e-10,1e-10,1.000000082790371e-10
39,2023,0,0,1e-10,1.000000082790371e-10,1e-10,1.000000082790371e-10,1e-10,1.000000082790371e-10
39,2024,0,0,1e-10,1.000000082790371e-10,1e-10,1.000000082790371e-10,1e-10,1.000000082790371e-10
39,2025,0,0,1e-10,1.000000082790371e-10,1e-10,1.000000082790371e-10,1e-10,1.000000082790371e-10
39,2026,0,0,1e-10,1.000000082790371e-10,1e-10,1.000000082790371e-10,1e-10,1.000000082790371e-10
40,2022,0,0,1e-10,1.000000082790371e-10,1e-10,1.000000082790371e-10,1e-10,1.000000082790371e-10
40,2023,0,0,1e-10,1.000000082790371e-10,1e-10,1.000000082790371e-10,1e-10,1.000000082790371e-10
40,2024,0,0,1e-10,1.000000082790371e-10,1e-10,1.000000082790371e-10,1e-10,1.000000082790371e-10
40,2025,0,0,1e-10,1.000000082790371e-10,1e-10,1.000000082790371e-10,1e-10,1.000000082790371e-10
40,2026,0,0,1e-10,1.000000082790371e-10,1e-10,1.000000082790371e-10,1e-10,1.000000082790371e-10
41,2022,0,0,1e-10,1.000000082790371e-10,1e-10,1.000000082790371e-10,1e-10,1.000000082790371e-10
41,2023,0,0,1e-10,1.000000082790371e-10,1e-10,1.000000082790371e-10,1e-10,1.000000082790371e-10
41,2024,0,0,1e-10,1.000000082790371e-10,1e-10,1.000000082790371e-10,1e-10,1.000000082790371e-10
41,2025,0,0,1e-10,1.000000082790371e-10,1e-10,1.000000082790371e-10,1e-10,1.000000082790371e-10
41,2026,0,0,1e-10,1.000000082790371e-10,1e-10,1.000000082790371e-10,1e-10,1.000000082790371e-10
42,2022,0,0,1e-10,1.000000082790371e-10,1e-10,1.000000082790371e-10,1e-10,1.000000082790371e-10
42,2023,0,0,1e-10,1.000000082790371e-10,1e-10,1.000000082790371e-10,1e-10,1.000000082790371e-10
42,2024,0,0,1e-10,1.000000082790371e-10,1e-10,1.000000082790371e-10,1e-10,1.000000082790371e-10
42,2025,0,0,1e-10,1.000000082790371e-10,1e-10,1.000000082790371e-10,1e-10,1.000000082790371e-10
42,2026,0,0,1e-10,1.000000082790371e-10,1e-10,1.000000082790371e-10,1e-10,1.000000082790371e-10
43,2022,0,0,1e-10,1.000000082790371e-10,1e-10,1.000000082790371e-10,1e-10,1.000000082790371e-10
43,2023,0,0,1e-10,1.000000082790371e-10,1e-10,1.000000082790371e-10,1e-10,1.000000082790371e-10
43,2024,0,0,1e-10,1.000000082790371e-10,1e-10,1.000000082790371e-10,1e-10,1.000000082790371e-10
43,2025,0,0,1e-10,1.000000082790371e-10,1e-10,1.000000082790371e-10,1e-10,1.000000082790371e-10
43,2026,0,0,1e-10,1.000000082790371e-10,1e-10,1.000000082790371e-10,1e-10,1.000000082790371e-10
44,2022,0,0,1e-10,1.000000082790371e-10,1e-10,1.000000082790371e-10,1e-10,1.000000082790371e-10
44,2023,0,0,1e-10,1.000000082790371e-10,1e-10,1.000000082790371e-10,1e-10,1.000000082790371e-10
44,2024,0,0,1e-10,1.000000082790371e-10,1e-10,1.000000082790371e-10,1e-10,1.000000082790371e-10
44,2025,0,0,1e-10,1.000000082790371e-10,1e-10,1.000000082790371e-10,1e-10,1.000000082790371e-10
44,2026,0,0,1e-10,1.000000082790371e-10,1e-10,1.000000082790371e-10,1e-10,1.000000082790371e-10
45,2022,0,0,1e-10,1.000000082790371e-10,1e-10,1.000000082790371e-10,1e-10,1.000000082790371e-10
45,2023,0,0,1e-10,1.000000082790371e-10,1e-10,1.000000082790371e-10,1e-10,1.000000082790371e-10
45,2024,0,0,1e-10,1.000000082790371e-10,1e-10,1.000000082790371e-10,1e-10,1.000000082790371e-10
45,2025,0,0,1e-10,1.000000082790371e-10,1e-10,1.000000082790371e-10,1e-10,1.000000082790371e-10
45,2026,0,0,1e-10,1.000000082790371e-10,1e-10,1.000000082790371e-10,1e-10,1.000000082790371e-10
46,2022,0,0,1e-10,1.000000082790371e-10,1e-10,1.000000082790371e-10,1e-10,1.000000082790371e-10
46,2023,0,0,1e-10,1.000000082790371e-10,1e-10,1.000000082790371e-10,1e-10,1.000000082790371e-10
46,2024,0,0,1e-10,1.000000082790371e-10,1e-10,1.000000082790371e-10,1e-10,1.000000082790371e-10
46,2025,0,0,1e-10,1.000000082790371e-10,1e-10,1.000000082790371e-10,1e-10,1.000000082790371e-10
46,2026,0,0,1e-10,1.000000082790371e-10,1e-10,1.000000082790371e-10,1e-10,1.000000082790371e-10
47,2022,1,0,1e-10,1.000000082790371e-10,1e-10,1.000000082790371e-10,1e-10,1.000000082790371e-10
47,2023,1,0,1.2836529602175484e-10,1.2836531838302897e-10,1e-10,1.000000082790371e-10,1e-10,1.000000082790371e-10
47,2024,1,0,1.1555459595716234e-07,1.1555460267941974e-07,3.683448182124879e-08,3.6834482476421045e-08,6.085895488836264e-08,6.085895672752626e-08
47,2025,1,0,2.6415639473385977e-05,2.6415988372513675e-05,1.1451812577460377e-05,1.14518781499517e-05,1.5763374049885437e-05,1.5763498293135003e-05
47,2026,1,0,0.001531221780594614,0.0015323952987626704,0.0008559991239071411,0.0008563657003648481,0.0009168100717145443,0.0009172305991171309
48,2022,0,0,1e-10,1.000000082790371e-10,1e-10,1.000000082790371e-10,1e-10,1.000000082790371e-10
48,2023,0,0,1e-10,1.000000082790371e-10,1e-10,1.000000082790371e-10,1e-10,1.000000082790371e-10
48,2024,0,0,1e-10,1.000000082790371e-10,1e-10,1.000000082790371e-10,1e-10,1.000000082790371e-10
48,2025,0,0,1e-10,1.000000082790371e-10,1e-10,1.000000082790371e-10,1e-10,1.000000082790371e-10
48,2026,0,0,1e-10,1.000000082790371e-10,1e-10,1.000000082790371e-10,1e-10,1.000000082790371e-10
49,2022,0,0,1e-10,1.000000082790371e-10,1e-10,1.000000082790371e-10,1e-10,1.000000082790371e-10
49,2023,0,0,1e-10,1.000000082790371e-10,1e-10,1.000000082790371e-10,1e-10,1.000000082790371e-10
49,2024,0,0,1e-10,1.000000082790371e-10,1e-10,1.000000082790371e-10,1e-10,1.000000082790371e-10
49,2025,0,0,1e-10,1.000000082790371e-10,1e-10,1.000000082790371e-10,1e-10,1.000000082790371e-10
49,2026,0,0,1e-10,1.000000082790371e-10,1e-10,1.000000082790371e-10,1e-10,1.000000082790371e-10
50,2022,0,0,1e-10,1.000000082790371e-10,1e-10,1.000000082790371e-10,1e-10,1.000000082790371e-10
50,2023,0,0,1e-10,1.000000082790371e-10,1e-10,1.000000082790371e-10,1e-10,1.000000082790371e-10
50,2024,0,0,1e-10,1.000000082790371e-10,1e-10,1.000000082790371e-10,1e-10,1.000000082790371e-10
50,2025,0,0,1e-10,1.000000082790371e-10,1e-10,1.000000082790371e-10,1e-10,1.000000082790371e-10
50,2026,0,0,1e-10,1.000000082790371e-10,1e-10,1.000000082790371e-10,1e-10,1.000000082790371e-10
51,2022,0,0,1e-10,1.000000082790371e-10,1e-10,1.000000082790371e-10,1e-10,1.000000082790371e-10
51,2023,0,0,1e-10,1.000000082790371e-10,1e-10,1.000000082790371e-10,1e-10,1.000000082790371e-10
51,2024,0,0,1e-10,1.000000082790371e-10,1e-10,1.000000082790371e-10,1e-10,1.000000082790371e-10
51,2025,0,0,1e-10,1.000000082790371e-10,1e-10,1.000000082790371e-10,1e-10,1.000000082790371e-10
51,2026,0,0,1e-10,1.000000082790371e-10,1e-10,1.000000082790371e-10,1e-10,1.000000082790371e-10
52,2022,0,0,1e-10,1.000000082790371e-10,1e-10,1.000000082790371e-10,1e-10,1.000000082790371e-10
52,2023,0,0,1e-10,1.000000082790371e-10,1e-10,1.000000082790371e-10,1e-10,1.000000082790371e-10
52,2024,0,0,1e-10,1.000000082790371e-10,1e-10,1.000000082790371e-10,1e-10,1.000000082790371e-10
52,2025,0,0,1e-10,1.000000082790371e-10,1e-10,1.000000082790371e-10,1e-10,1.000000082790371e-10
52,2026,0,0,1e-10,1.000000082790371e-10,1e-10,1.000000082790371e-10,1e-10,1.000000082790371e-10
53,2022,0,0,1e-10,1.000000082790371e-10,1e-10,1.000000082790371e-10,1e-10,1.000000082790371e-10
53,2023,0,0,1e-10,1.000000082790371e-10,1e-10,1.000000082790371e-10,1e-10,1.000000082790371e-10
53,2024,0,0,1e-10,1.000000082790371e-10,1e-10,1.000000082790371e-10,1e-10,1.000000082790371e-10
53,2025,0,0,1e-10,1.000000082790371e-10,1e-10,1.000000082790371e-10,1e-10,1.000000082790371e-10
53,2026,0,0,1e-10,1.000000082790371e-10,1e-10,1.000000082790371e-10,1e-10,1.000000082790371e-10
54,2022,0,0,1e-10,1.000000082790371e-10,1e-10,1.000000082790371e-10,1e-10,1.000000082790371e-10
54,2023,0,0,1e-10,1.000000082790371e-10,1e-10,1.000000082790371e-10,1e-10,1.000000082790371e-10
54,2024,0,0,1e-10,1.000000082790371e-10,1e-10,1.000000082790371e-10,1e-10,1.000000082790371e-10
54,2025,0,0,1e-10,1.000000082790371e-10,1e-10,1.000000082790371e-10,1e-10,1.000000082790371e-10
54,2026,0,0,1e-10,1.000000082790371e-10,1e-10,1.000000082790371e-10,1e-10,1.000000082790371e-10
55,2022,0,0,1e-10,1.000000082790371e-10,1e-10,1.000000082790371e-10,1e-10,1.000000082790371e-10
55,2023,0,0,1e-10,1.000000082790371e-10,1e-10,1.000000082790371e-10,1e-10,1.000000082790371e-10
55,2024,0,0,1e-10,1.000000082790371e-10,1e-10,1.000000082790371e-10,1e-10,1.000000082790371e-10
55,2025,0,0,1e-10,1.000000082790371e-10,1e-10,1.000000082790371e-10,1e-10,1.000000082790371e-10
55,2026,0,0,1e-10,1.000000082790371e-10,1e-10,1.000000082790371e-10,1e-10,1.000000082790371e-10
56,2022,0,0,1e-10,1.000000082790371e-10,1e-10,1.000000082790371e-10,1e-10,1.000000082790371e-10
56,2023,0,0,1e-10,1.000000082790371e-10,1e-10,1.000000082790371e-10,1e-10,1.000000082790371e-10
56,2024,0,0,1e-10,1.000000082790371e-10,1e-10,1.000000082790371e-10,1e-10,1.000000082790371e-10
56,2025,0,0,1e-10,1.000000082790371e-10,1e-10,1.000000082790371e-10,1e-10,1.000000082790371e-10
56,2026,0,0,1e-10,1.000000082790371e-10,1e-10,1.000000082790371e-10,1e-10,1.000000082790371e-10
57,2022,1,0,1e-10,1.000000082790371e-10,1e-10,1.000000082790371e-10,1e-10,1.000000082790371e-10
57,2023,1,0,1e-10,1.000000082790371e-10,1e-10,1.000000082790371e-10,1e-10,1.000000082790371e-10
57,2024,1,1,1.2836529602175484e-10,22.776141041409367,1e-10,23.025850929940457,1e-10,23.025850929940457
58,2022,0,0,1e-10,1.000000082790371e-10,1e-10,1.000000082790371e-10,1e-10,1.000000082790371e-10
58,2023,0,0,1e-10,1.000000082790371e-10,1e-10,1.000000082790371e-10,1e-10,1.000000082790371e-10
58,2024,0,0,1e-10,1.000000082790371e-10,1e-10,1.000000082790371e-10,1e-10,1.000000082790371e-10
58,2025,0,0,1e-10,1.000000082790371e-10,1e-10,1.000000082790371e-10,1e-10,1.000000082790371e-10
58,2026,0,0,1e-10,1.000000082790371e-10,1e-10,1.000000082790371e-10,1e-10,1.000000082790371e-10
59,2022,0,0,1e-10,1.000000082790371e-10,1e-10,1.000000082790371e-10,1e-10,1.000000082790371e-10
59,2023,0,0,1e-10,1.000000082790371e-10,1e-10,1.000000082790371e-10,1e-10,1.000000082790371e-10
59,2024,0,0,1e-10,1.000000082790371e-10,1e-10,1.000000082790371e-10,1e-10,1.000000082790371e-10
59,2025,0,0,1e-10,1.000000082790371e-10,1e-10,1.000000082790371e-10,1e-10,1.000000082790371e-10
59,2026,0,0,1e-10,1.000000082790371e-10,1e-10,1.000000082790371e-10,1e-10,1.000000082790371e-10
60,2022,0,0,1e-10,1.000000082790371e-10,1e-10,1.000000082790371e-10,1e-10,1.000000082790371e-10
60,2023,0,0,1e-10,1.000000082790371e-10,1e-10,1.000000082790371e-10,1e-10,1.000000082790371e-10
60,2024,0,0,1e-10,1.000000082790371e-10,1e-10,1.000000082790371e-10,1e-10,1.000000082790371e-10
60,2025,0,0,1e-10,1.000000082790371e-10,1e-10,1.000000082790371e-10,1e-10,1.000000082790371e-10
60,2026,0,0,1e-10,1.000000082790371e-10,1e-10,1.000000082790371e-10,1e-10,1.000000082790371e-10
61,2022,0,0,1e-10,1.000000082790371e-10,1e-10,1.000000082790371e-10,1e-10,1.000000082790371e-10
61,2023,0,0,1e-10,1.000000082790371e-10,1e-10,1.000000082790371e-10,1e-10,1.000000082790371e-10
61,2024,0,0,1e-10,1.000000082790371e-10,1e-10,1.000000082790371e-10,1e-10,1.000000082790371e-10
61,2025,0,0,1e-10,1.000000082790371e-10,1e-10,1.000000082790371e-10,1e-10,1.000000082790371e-10
61,2026,0,0,1e-10,1.000000082790371e-10,1e-10,1.000000082790371e-10,1e-10,1.000000082790371e-10
62,2022,0,0,1e-10,1.000000082790371e-10,1e-10,1.000000082790371e-10,1e-10,1.000000082790371e-10
62,2023,0,0,1e-10,1.000000082790371e-10,1e-10,1.000000082790371e-10,1e-10,1.000000082790371e-10
62,2024,0,0,1e-10,1.000000082790371e-10,1e-10,1.000000082790371e-10,1e-10,1.000000082790371e-10
62,2025,0,0,1e-10,1.000000082790371e-10,1e-10,1.000000082790371e-10,1e-10,1.000000082790371e-10
62,2026,0,0,1e-10,1.000000082790371e-10,1e-10,1.000000082790371e-10,1e-10,1.000000082790371e-10
63,2022,0,0,1e-10,1.000000082790371e-10,1e-10,1.000000082790371e-10,1e-10,1.000000082790371e-10
63,2023,0,0,1e-10,1.000000082790371e-10,1e-10,1.000000082790371e-10,1e-10,1.000000082790371e-10
63,2024,0,0,1e-10,1.000000082790371e-10,1e-10,1.000000082790371e-10,1e-10,1.000000082790371e-10
63,2025,0,0,1e-10,1.000000082790371e-10,1e-10,1.000000082790371e-10,1e-10,1.000000082790371e-10
63,2026,0,0,1e-10,1.000000082790371e-10,1e-10,1.000000082790371e-10,1e-10,1.000000082790371e-10
64,2022,0,0,1e-10,1.000000082790371e-10,1e-10,1.000000082790371e-10,1e-10,1.000000082790371e-10
64,2023,0,0,1e-10,1.000000082790371e-10,1e-10,1.000000082790371e-10,1e-10,1.000000082790371e-10
64,2024,0,0,1e-10,1.000000082790371e-10,1e-10,1.000000082790371e-10,1e-10,1.000000082790371e-10
64,2025,0,0,1e-10,1.000000082790371e-10,1e-10,1.000000082790371e-10,1e-10,1.000000082790371e-10
64,2026,0,0,1e-10,1.000000082790371e-10,1e-10,1.000000082790371e-10,1e-10,1.000000082790371e-10
65,2022,0,0,1e-10,1.000000082790371e-10,1e-10,1.000000082790371e-10,1e-10,1.000000082790371e-10
65,2023,0,0,1e-10,1.000000082790371e-10,1e-10,1.000000082790371e-10,1e-10,1.000000082790371e-10
65,2024,0,0,1e-10,1.000000082790371e-10,1e-10,1.000000082790371e-10,1e-10,1.000000082790371e-10
65,2025,0,0,1e-10,1.000000082790371e-10,1e-10,1.000000082790371e-10,1e-10,1.000000082790371e-10
65,2026,0,0,1e-10,1.000000082790371e-10,1e-10,1.000000082790371e-10,1e-10,1.000000082790371e-10
66,2022,0,0,1e-10,1.000000082790371e-10,1e-10,1.000000082790371e-10,1e-10,1.000000082790371e-10
66,2023,0,0,1e-10,1.000000082790371e-10,1e-10,1.000000082790371e-10,1e-10,1.000000082790371e-10
66,2024,0,0,1e-10,1.000000082790371e-10,1e-10,1.000000082790371e-10,1e-10,1.000000082790371e-10
66,2025,0,0,1e-10,1.000000082790371e-10,1e-10,1.000000082790371e-10,1e-10,1.000000082790371e-10
66,2026,0,0,1e-10,1.000000082790371e-10,1e-10,1.000000082790371e-10,1e-10,1.000000082790371e-10
67,2022,0,0,1e-10,1.000000082790371e-10,1e-10,1.000000082790371e-10,1e-10,1.000000082790371e-10
67,2023,0,0,1e-10,1.000000082790371e-10,1e-10,1.000000082790371e-10,1e-10,1.000000082790371e-10
67,2024,0,0,1e-10,1.000000082790371e-10,1e-10,1.000000082790371e-10,1e-10,1.000000082790371e-10
67,2025,0,0,1e-10,1.000000082790371e-10,1e-10,1.000000082790371e-10,1e-10,1.000000082790371e-10
67,2026,0,0,1e-10,1.000000082790371e-10,1e-10,1.000000082790371e-10,1e-10,1.000000082790371e-10
68,2022,0,0,1e-10,1.000000082790371e-10,1e-10,1.000000082790371e-10,1e-10,1.000000082790371e-10
68,2023,0,0,1e-10,1.000000082790371e-10,1e-10,1.000000082790371e-10,1e-10,1.000000082790371e-10
68,2024,0,0,1e-10,1.000000082790371e-10,1e-10,1.000000082790371e-10,1e-10,1.000000082790371e-10
68,2025,0,0,1e-10,1.000000082790371e-10,1e-10,1.000000082790371e-10,1e-10,1.000000082790371e-10
68,2026,0,0,1e-10,1.000000082790371e-10,1e-10,1.000000082790371e-10,1e-10,1.000000082790371e-10
69,2022,1,0,1e-10,1.000000082790371e-10,1e-10,1.000000082790371e-10,1e-10,1.000000082790371e-10
69,2023,1,0,1.2836529602175484e-10,1.2836531838302897e-10,1e-10,1.000000082790371e-10,1e-10,1.000000082790371e-10
69,2024,1,0,1.1555459595716234e-07,1.1555460267941974e-07,3.683448182124879e-08,3.6834482476421045e-08,6.085895488836264e-08,6.085895672752626e-08
69,2025,1,0,2.6415639473385977e-05,2.6415988372513675e-05,1.1451812577460377e-05,1.14518781499517e-05,1.5763374049885437e-05,1.5763498293135003e-05
69,2026,1,0,0.001531221780594614,0.0015323952987626704,0.0008559991239071411,0.0008563657003648481,0.0009168100717145443,0.0009172305991171309
70,2022,0,0,1e-10,1.000000082790371e-10,1e-10,1.000000082790371e-10,1e-10,1.000000082790371e-10
70,2023,0,0,1e-10,1.000000082790371e-10,1e-10,1.000000082790371e-10,1e-10,1.000000082790371e-10
70,2024,0,0,1e-10,1.000000082790371e-10,1e-10,1.000000082790371e-10,1e-10,1.000000082790371e-10
70,2025,0,0,1e-10,1.000000082790371e-10,1e-10,1.000000082790371e-10,1e-10,1.000000082790371e-10
70,2026,0,0,1e-10,1.000000082790371e-10,1e-10,1.000000082790371e-10,1e-10,1.000000082790371e-10
71,2022,1,0,1e-10,1.000000082790371e-10,1e-10,1.000000082790371e-10,1e-10,1.000000082790371e-10
71,2023,1,0,1.2836529602175484e-10,1.2836531838302897e-10,1e-10,1.000000082790371e-10,1e-10,1.000000082790371e-10
71,2024,1,0,1.1555459595716234e-07,1.1555460267941974e-07,3.683448182124879e-08,3.6834482476421045e-08,6.085895488836264e-08,6.085895672752626e-08
71,2025,1,0,2.6415639473385977e-05,2.6415988372513675e-05,1.1451812577460377e-05,1.14518781499517e-05,1.5763374049885437e-05,1.5763498293135003e-05
71,2026,1,0,0.001531221780594614,0.0015323952987626704,0.0008559991239071411,0.0008563657003648481,0.0009168100717145443,0.0009172305991171309
72,2022,0,0,1e-10,1.000000082790371e-10,1e-10,1.000000082790371e-10,1e-10,1.000000082790371e-10
72,2023,0,0,1e-10,1.000000082790371e-10,1e-10,1.000000082790371e-10,1e-10,1.000000082790371e-10
72,2024,0,0,1e-10,1.000000082790371e-10,1e-10,1.000000082790371e-10,1e-10,1.000000082790371e-10
72,2025,0,0,1e-10,1.000000082790371e-10,1e-10,1.000000082790371e-10,1e-10,1.000000082790371e-10
72,2026,0,0,1e-10,1.000000082790371e-10,1e-10,1.000000082790371e-10,1e-10,1.000000082790371e-10
73,2022,0,0,1e-10,1.000000082790371e-10,1e-10,1.000000082790371e-10,1e-10,1.000000082790371e-10
73,2023,0,0,1e-10,1.000000082790371e-10,1e-10,1.000000082790371e-10,1e-10,1.000000082790371e-10
73,2024,0,0,1e-10,1.000000082790371e-10,1e-10,1.000000082790371e-10,1e-10,1.000000082790371e-10
73,2025,0,0,1e-10,1.000000082790371e-10,1e-10,1.000000082790371e-10,1e-10,1.000000082790371e-10
73,2026,0,0,1e-10,1.000000082790371e-10,1e-10,1.000000082790371e-10,1e-10,1.000000082790371e-10
74,2022,1,0,1e-10,1.000000082790371e-10,1e-10,1.000000082790371e-10,1e-10,1.000000082790371e-10
74,2023,1,0,1.2836529602175484e-10,1.2836531838302897e-10,1e-10,1.000000082790371e-10,1e-10,1.000000082790371e-10
74,2024,1,0,1.1555459595716234e-07,1.1555460267941974e-07,3.683448182124879e-08,3.6834482476421045e-08,6.085895488836264e-08,6.085895672752626e-08
74,2025,1,0,2.6415639473385977e-05,2.6415988372513675e-05,1.1451812577460377e-05,1.14518781499517e-05,1.5763374049885437e-05,1.5763498293135003e-05
74,2026,1,0,0.001531221780594614,0.0015323952987626704,0.0008559991239071411,0.0008563657003648481,0.0009168100717145443,0.0009172305991171309
75,2022,0,0,1e-10,1.000000082790371e-10,1e-10,1.000000082790371e-10,1e-10,1.000000082790371e-10
75,2023,0,0,1e-10,1.000000082790371e-10,1e-10,1.000000082790371e-10,1e-10,1.000000082790371e-10
75,2024,0,0,1e-10,1.000000082790371e-10,1e-10,1.000000082790371e-10,1e-10,1.000000082790371e-10
75,2025,0,0,1e-10,1.000000082790371e-10,1e-10,1.000000082790371e-10,1e-10,1.000000082790371e-10
75,2026,0,0,1e-10,1.000000082790371e-10,1e-10,1.000000082790371e-10,1e-10,1.000000082790371e-10
76,2022,0,0,1e-10,1.000000082790371e-10,1e-10,1.000000082790371e-10,1e-10,1.000000082790371e-10
76,2023,0,0,1e-10,1.000000082790371e-10,1e-10,1.000000082790371e-10,1e-10,1.000000082790371e-10
76,2024,0,0,1e-10,1.000000082790371e-10,1e-10,1.000000082790371e-10,1e-10,1.000000082790371e-10
76,2025,0,0,1e-10,1.000000082790371e-10,1e-10,1.000000082790371e-10,1e-10,1.000000082790371e-10
76,2026,0,0,1e-10,1.000000082790371e-10,1e-10,1.000000082790371e-10,1e-10,1.000000082790371e-10
77,2022,1,0,1e-10,1.000000082790371e-10,1e-10,1.000000082790371e-10,1e-10,1.000000082790371e-10
77,2023,1,0,1e-10,1.000000082790371e-10,1e-10,1.000000082790371e-10,1e-10,1.000000082790371e-10
77,2024,1,0,1e-10,1.000000082790371e-10,1.262324972615207e-09,1.2623250230854673e-09,1e-10,1.000000082790371e-10
77,2025,1,0,1e-10,1.000000082790371e-10,9.443590865732483e-08,9.443591310761981e-08,1e-10,1.000000082790371e-10
77,2026,1,0,9.612936278895355e-10,9.612936007387895e-10,1.6999803505574685e-06,1.6999817955683836e-06,1e-10,1.000000082790371e-10
78,2022,0,0,1e-10,1.000000082790371e-10,1e-10,1.000000082790371e-10,1e-10,1.000000082790371e-10
78,2023,0,0,1e-10,1.000000082790371e-10,1.1846528435915344e-10,1.184652376266197e-10,1e-10,1.000000082790371e-10
78,2024,0,0,1e-10,1.000000082790371e-10,3.683118650650007e-08,3.6831187223340285e-08,1e-10,1.000000082790371e-10
78,2025,0,0,1e-10,1.000000082790371e-10,2.7553740190512372e-06,2.7553778151088636e-06,1e-10,1.000000082790371e-10
78,2026,0,0,1e-10,1.000000082790371e-10,4.959839811385232e-05,4.959962815502368e-05,1e-10,1.000000082790371e-10
79,2022,1,0,1e-10,1.000000082790371e-10,1e-10,1.000000082790371e-10,1e-10,1.000000082790371e-10
79,2023,1,0,1e-10,1.000000082790371e-10,1e-10,1.000000082790371e-10,1e-10,1.000000082790371e-10
79,2024,1,0,1.943632262145154e-08,1.9436322851321435e-08,6.41675173577186e-09,6.416751706143572e-09,4.594779475967735e-09,4.5947794563661035e-09
79,2025,1,0,1.7496297550724453e-05,1.7496450612766877e-05,8.290769821454203e-06,8.290804190072794e-06,5.198741137718221e-06,5.198754651192354e-06
79,2026,1,0,0.00398387269815989,0.003991829458508406,0.0025710176991383185,0.0025743284410111155,0.0013202393166729188,0.0013211116004329595
80,2022,1,0,1.2836529602175484e-10,1.2836531838302897e-10,1e-10,1.000000082790371e-10,1e-10,1.000000082790371e-10
80,2023,1,0,1.1555459595716234e-07,1.1555460267941974e-07,3.683448182124879e-08,3.6834482476421045e-08,7.115046260281542e-08,7.115046516392401e-08
80,2024,1,0,2.6415639473385977e-05,2.6415988372513675e-05,1.1451812577460377e-05,1.14518781499517e-05,1.8771832268149648e-05,1.877200846122014e-05
80,2025,1,0,0.001531221780594614,0.0015323952987626704,0.0008559991239071411,0.0008563657003648481,0.0011118825367842872,0.0011125011367549436
80,2026,1,0,0.022109081978754688,0.022357150933493643,0.015188186458127447,0.015304708304606352,0.014617209333508307,0.014725093337247587
81,2022,0,0,1e-10,1.000000082790371e-10,1e-10,1.000000082790371e-10,1e-10,1.000000082790371e-10
81,2023,0,0,1e-10,1.000000082790371e-10,1e-10,1.000000082790371e-10,1e-10,1.000000082790371e-10
81,2024,0,0,1e-10,1.000000082790371e-10,1e-10,1.000000082790371e-10,1e-10,1.000000082790371e-10
81,2025,0,0,1e-10,1.000000082790371e-10,1e-10,1.000000082790371e-10,1e-10,1.000000082790371e-10
81,2026,0,0,1e-10,1.000000082790371e-10,1.662120538731383e-10,1.6621204414195772e-10,1e-10,1.000000082790371e-10
82,2022,0,0,1e-10,1.000000082790371e-10,1e-10,1.000000082790371e-10,1e-10,1.000000082790371e-10
82,2023,0,0,1e-10,1.000000082790371e-10,1e-10,1.000000082790371e-10,1e-10,1.000000082790371e-10
82,2024,0,0,1e-10,1.000000082790371e-10,1e-10,1.000000082790371e-10,1e-10,1.000000082790371e-10
82,2025,0,0,1e-10,1.000000082790371e-10,1e-10,1.000000082790371e-10,1e-10,1.000000082790371e-10
82,2026,0,0,1e-10,1.000000082790371e-10,1e-10,1.000000082790371e-10,1e-10,1.000000082790371e-10
83,2022,1,0,1e-10,1.000000082790371e-10,1e-10,1.000000082790371e-10,1e-10,1.000000082790371e-10
83,2023,1,0,1.2836529602175484e-10,1.2836531838302897e-10,1e-10,1.000000082790371e-10,1e-10,1.000000082790371e-10
83,2024,1,0,1.1555459595716234e-07,1.1555460267941974e-07,3.683448182124879e-08,3.6834482476421045e-08,6.085895488836264e-08,6.085895672752626e-08
83,2025,1,0,2.6415639473385977e-05,2.6415988372513675e-05,1.1451812577460377e-05,1.14518781499517e-05,1.5763374049885437e-05,1.5763498293135003e-05
83,2026,1,0,0.001531221780594614,0.0015323952987626704,0.0008559991239071411,0.0008563657003648481,0.0009168100717145443,0.0009172305991171309
84,2022,1,0,1e-10,1.000000082790371e-10,1e-10,1.000000082790371e-10,1e-10,1.000000082790371e-10
84,2023,1,0,1.2836529602175484e-10,1.2836531838302897e-10,1e-10,1.000000082790371e-10,1e-10,1.000000082790371e-10
84,2024,1,0,1.1555459595716234e-07,1.1555460267941974e-07,3.683448182124879e-08,3.6834482476421045e-08,6.085895488836264e-08,6.085895672752626e-08
84,2025,1,0,2.6415639473385977e-05,2.6415988372513675e-05,1.1451812577460377e-05,1.14518781499517e-05,1.5763374049885437e-05,1.5763498293135003e-05
84,2026,1,0,0.001531221780594614,0.0015323952987626704,0.0008559991239071411,0.0008563657003648481,0.0009168100717145443,0.0009172305991171309
85,2022,0,0,1e-10,1.000000082790371e-10,1e-10,1.000000082790371e-10,1e-10,1.000000082790371e-10
85,2023,0,0,1e-10,1.000000082790371e-10,1e-10,1.000000082790371e-10,1e-10,1.000000082790371e-10
85,2024,0,0,1e-10,1.000000082790371e-10,1e-10,1.000000082790371e-10,1e-10,1.000000082790371e-10
85,2025,0,0,1e-10,1.000000082790371e-10,1e-10,1.000000082790371e-10,1e-10,1.000000082790371e-10
85,2026,0,0,1e-10,1.000000082790371e-10,1e-10,1.000000082790371e-10,1e-10,1.000000082790371e-10
86,2023,1,0,1e-10,1.000000082790371e-10,1e-10,1.000000082790371e-10,1e-10,1.000000082790371e-10
86,2024,1,0,1e-10,1.000000082790371e-10,1e-10,1.000000082790371e-10,1e-10,1.000000082790371e-10
86,2025,1,0,1.943632262145154e-08,1.9436322851321435e-08,6.41675173577186e-09,6.416751706143572e-09,3.858387858541837e-09,3.858387838900445e-09
86,2026,1,0,1.7496297550724453e-05,1.7496450612766877e-05,8.290769821454203e-06,8.290804190072794e-06,4.28582319541644e-06,4.285832379615485e-06
87,2022,1,0,1e-10,1.000000082790371e-10,1e-10,1.000000082790371e-10,1e-10,1.000000082790371e-10
87,2023,1,0,1e-10,1.000000082790371e-10,1e-10,1.000000082790371e-10,1e-10,1.000000082790371e-10
87,2024,1,0,1.943632262145154e-08,1.9436322851321435e-08,6.41675173577186e-09,6.416751706143572e-09,4.594779475967735e-09,4.5947794563661035e-09
87,2025,1,0,1.7496297550724453e-05,1.7496450612766877e-05,8.290769821454203e-06,8.290804190072794e-06,5.198741137718221e-06,5.198754651192354e-06
87,2026,1,0,0.00398387269815989,0.003991829458508406,0.0025710176991383185,0.0025743284410111155,0.0013202393166729188,0.0013211116004329595
88,2022,1,0,1e-10,1.000000082790371e-10,1e-10,1.000000082790371e-10,1e-10,1.000000082790371e-10
88,2023,1,0,1e-10,1.000000082790371e-10,1e-10,1.000000082790371e-10,1e-10,1.000000082790371e-10
88,2024,1,0,1.2836529602175484e-10,1.2836531838302897e-10,1e-10,1.000000082790371e-10,1e-10,1.000000082790371e-10
88,2025,1,0,1.1555459595716234e-07,1.1555460267941974e-07,3.683448182124879e-08,3.6834482476421045e-08,5.1105271965803084e-08,5.110527332011466e-08
88,2026,1,0,2.6415639473385977e-05,2.6415988372513675e-05,1.1451812577460377e-05,1.14518781499517e-05,1.2995292069164354e-05,1.2995376508757318e-05
89,2022,0,0,1e-10,1.000000082790371e-10,1e-10,1.000000082790371e-10,1e-10,1.000000082790371e-10
89,2023,0,0,1e-10,1.000000082790371e-10,1e-10,1.000000082790371e-10,1e-10,1.000000082790371e-10
89,2024,0,0,1e-10,1.000000082790371e-10,1e-10,1.000000082790371e-10,1e-10,1.000000082790371e-10
89,2025,0,0,1e-10,1.000000082790371e-10,1e-10,1.000000082790371e-10,1e-10,1.000000082790371e-10
89,2026,0,0,1e-10,1.000000082790371e-10,1e-10,1.000000082790371e-10,1e-10,1.000000082790371e-10
90,2022,1,0,1e-10,1.000000082790371e-10,1e-10,1.000000082790371e-10,1e-10,1.000000082790371e-10
90,2023,1,0,1.943632262145154e-08,1.9436322851321435e-08,6.41675173577186e-09,6.416751706143572e-09,5.37177624859329e-09,5.3717762604716705e-09
90,2024,1,0,1.7496297550724453e-05,1.7496450612766877e-05,8.290769821454203e-06,8.290804190072794e-06,6.190939395668468e-06,6.190958559633773e-06
90,2025,1,0,0.00398387269815989,0.003991829458508406,0.0025710176991383185,0.0025743284410111155,0.0016010130929199314,0.0016022960839549385
90,2026,1,0,0.1884462074222428,0.20880460638985812,0.16166209917252222,0.17633403682809465,0.0853794591435377,0.08924600916884941
91,2022,1,0,1e-10,1.000000082790371e-10,1e-10,1.000000082790371e-10,1e-10,1.000000082790371e-10
91,2023,1,0,1.2836529602175484e-10,1.2836531838302897e-10,1e-10,1.000000082790371e-10,1e-10,1.000000082790371e-10
91,2024,1,0,1.1555459595716234e-07,1.1555460267941974e-07,3.683448182124879e-08,3.6834482476421045e-08,6.085895488836264e-08,6.085895672752626e-08
91,2025,1,0,2.6415639473385977e-05,2.6415988372513675e-05,1.1451812577460377e-05,1.14518781499517e-05,1.5763374049885437e-05,1.5763498293135003e-05
91,2026,1,0,0.001531221780594614,0.0015323952987626704,0.0008559991239071411,0.0008563657003648481,0.0009168100717145443,0.0009172305991171309
92,2022,0,0,1e-10,1.000000082790371e-10,1e-10,1.000000082790371e-10,1e-10,1.000000082790371e-10
92,2023,0,0,1e-10,1.000000082790371e-10,1e-10,1.000000082790371e-10,1e-10,1.000000082790371e-10
92,2024,0,0,1e-10,1.000000082790371e-10,2.6956298942072705e-10,2.695630385937398e-10,1e-10,1.000000082790371e-10
92,2025,0,0,1e-10,1.000000082790371e-10,8.380787947636104e-08,8.380788303699124e-08,1e-10,1.000000082790371e-10
92,2026,0,0,1e-10,1.000000082790371e-10,6.269720715234454e-06,6.269740370049512e-06,1e-10,1.000000082790371e-10
93,2022,0,0,1e-10,1.000000082790371e-10,1e-10,1.000000082790371e-10,1e-10,1.000000082790371e-10
93,2023,0,0,1e-10,1.000000082790371e-10,1e-10,1.000000082790371e-10,1e-10,1.000000082790371e-10
93,2024,0,0,1e-10,1.000000082790371e-10,1.0829550971767627e-09,1.0829550595483388e-09,1e-10,1.000000082790371e-10
93,2025,0,0,1e-10,1.000000082790371e-10,8.101705361900062e-08,8.101705690328333e-08,1e-10,1.000000082790371e-10
93,2026,0,0,1e-10,1.000000082790371e-10,1.4584222526328127e-06,1.4584233161302535e-06,1e-10,1.000000082790371e-10
94,2022,0,0,1e-10,1.000000082790371e-10,1e-10,1.000000082790371e-10,1e-10,1.000000082790371e-10
94,2023,0,0,1e-10,1.000000082790371e-10,1e-10,1.000000082790371e-10,1e-10,1.000000082790371e-10
94,2024,0,0,1e-10,1.000000082790371e-10,2.115455084775918e-10,2.1154555887043434e-10,1e-10,1.000000082790371e-10
94,2025,0,0,1e-10,1.000000082790371e-10,6.577008525955693e-08,6.577008742972182e-08,1e-10,1.000000082790371e-10
94,2026,0,0,1e-10,1.000000082790371e-10,4.920308419449354e-06,4.920320524233172e-06,1e-10,1.000000082790371e-10
95,2022,0,0,1e-10,1.000000082790371e-10,1e-10,1.000000082790371e-10,1e-10,1.000000082790371e-10
95,2023,0,0,1e-10,1.000000082790371e-10,1e-10,1.000000082790371e-10,1e-10,1.000000082790371e-10
95,2024,0,0,1e-10,1.000000082790371e-10,1e-10,1.000000082790371e-10,1e-10,1.000000082790371e-10
95,2025,0,0,1e-10,1.000000082790371e-10,1e-10,1.000000082790371e-10,1e-10,1.000000082790371e-10
95,2026,0,0,1e-10,1.000000082790371e-10,1e-10,1.000000082790371e-10,1e-10,1.000000082790371e-10
96,2022,0,0,1e-10,1.000000082790371e-10,1e-10,1.000000082790371e-10,1e-10,1.000000082790371e-10
96,2023,0,0,1e-10,1.000000082790371e-10,1e-10,1.000000082790371e-10,1e-10,1.000000082790371e-10
96,2024,0,0,1e-10,1.000000082790371e-10,1e-10,1.000000082790371e-10,1e-10,1.000000082790371e-10
96,2025,0,0,1e-10,1.000000082790371e-10,1e-10,1.000000082790371e-10,1e-10,1.000000082790371e-10
96,2026,0,0,1e-10,1.000000082790371e-10,7.577193953270882e-10,7.577194430325664e-10,1e-10,1.000000082790371e-10
97,2022,0,0,1e-10,1.000000082790371e-10,1e-10,1.000000082790371e-10,1e-10,1.000000082790371e-10
97,2023,0,0,1e-10,1.000000082790371e-10,1e-10,1.000000082790371e-10,1e-10,1.000000082790371e-10
97,2024,0,0,1e-10,1.000000082790371e-10,2.678786503778461e-09,2.6787865295216225e-09,1e-10,1.000000082790371e-10
97,2025,0,0,1e-10,1.000000082790371e-10,2.0040292050205414e-07,2.004029405611815e-07,1e-10,1.000000082790371e-10
97,2026,0,0,1e-10,1.000000082790371e-10,3.607530420633738e-06,3.607536927766421e-06,1e-10,1.000000082790371e-10
98,2022,0,0,1e-10,1.000000082790371e-10,1e-10,1.000000082790371e-10,1e-10,1.000000082790371e-10
98,2023,0,0,1e-10,1.000000082790371e-10,1.4922490053786176e-09,1.492248992155237e-09,1e-10,1.000000082790371e-10
98,2024,0,0,1e-10,1.000000082790371e-10,1.1163677454814883e-07,1.1163678083373796e-07,1e-10,1.000000082790371e-10
98,2025,0,0,1e-10,1.000000082790371e-10,2.0096197551392518e-06,2.009621774449604e-06,1e-10,1.000000082790371e-10
98,2026,0,0,1e-10,1.000000082790371e-10,8.70482058860206e-06,8.704858475738193e-06,1e-10,1.000000082790371e-10
99,2022,0,0,1e-10,1.000000082790371e-10,6.577008525955693e-08,6.577008742972182e-08,1e-10,1.000000082790371e-10
99,2023,0,0,1e-10,1.000000082790371e-10,4.920308419449354e-06,4.920320524233172e-06,1e-10,1.000000082790371e-10
99,2024,0,0,1e-10,1.000000082790371e-10,8.856526646886447e-05,8.856918860362256e-05,1e-10,1.000000082790371e-10
99,2025,0,0,1e-10,1.000000082790371e-10,0.00038351658410128603,0.00038359014539502117,1e-10,1.000000082790371e-10
99,2026,0,0,1e-10,1.000000082790371e-10,0.00039973055860790944,0.00039981047216424825,1e-10,1.000000082790371e-10
100,2022,0,0,1e-10,1.000000082790371e-10,1e-10,1.000000082790371e-10,1e-10,1.000000082790371e-10
100,2023,0,0,1e-10,1.000000082790371e-10,1e-10,1.000000082790371e-10,1e-10,1.000000082790371e-10
100,2024,0,0,1e-10,1.000000082790371e-10,1e-10,1.000000082790371e-10,1e-10,1.000000082790371e-10
100,2025,0,0,1e-10,1.000000082790371e-10,1e-10,1.000000082790371e-10,1e-10,1.000000082790371e-10
100,2026,0,0,1e-10,1.000000082790371e-10,1e-10,1.000000082790371e-10,1e-10,1.000000082790371e-10
101,2022,0,0,1e-10,1.000000082790371e-10,1e-10,1.000000082790371e-10,1e-10,1.000000082790371e-10
101,2023,0,1,1e-10,23.025850929940457,1e-10,23.025850929940457,1e-10,23.025850929940457
102,2022,1,0,1.8549870904654184e-05,1.855004295564351e-05,1.6846693204613284e-05,1.6846835111693856e-05,7.889055183894279e-06,7.889086302655667e-06
102,2023,1,0,7.334992727490701e-08,7.334992993327751e-08,5.3476967820206285e-08,5.347696928385348e-08,1.5993256169463157e-08,1.5993256291751948e-08
102,2024,1,0,1e-10,1.000000082790371e-10,1e-10,1.000000082790371e-10,1e-10,1.000000082790371e-10
102,2025,1,0,1e-10,1.000000082790371e-10,1e-10,1.000000082790371e-10,1e-10,1.000000082790371e-10
102,2026,1,0,1e-10,1.000000082790371e-10,1e-10,1.000000082790371e-10,1e-10,1.000000082790371e-10
103,2022,0,0,1e-10,1.000000082790371e-10,1e-10,1.000000082790371e-10,1e-10,1.000000082790371e-10
103,2023,0,0,1e-10,1.000000082790371e-10,1e-10,1.000000082790371e-10,1e-10,1.000000082790371e-10
103,2024,0,0,1e-10,1.000000082790371e-10,1e-10,1.000000082790371e-10,1e-10,1.000000082790371e-10
103,2025,0,0,1e-10,1.000000082790371e-10,1e-10,1.000000082790371e-10,1e-10,1.000000082790371e-10
103,2026,0,0,1e-10,1.000000082790371e-10,6.4055635663940425e-09,6.4055635445634855e-09,1e-10,1.000000082790371e-10
104,2022,0,0,1e-10,1.000000082790371e-10,1e-10,1.000000082790371e-10,1e-10,1.000000082790371e-10
104,2023,0,0,1e-10,1.000000082790371e-10,1e-10,1.000000082790371e-10,1e-10,1.000000082790371e-10
104,2024,0,0,1e-10,1.000000082790371e-10,1e-10,1.000000082790371e-10,1e-10,1.000000082790371e-10
104,2025,0,0,1e-10,1.000000082790371e-10,1e-10,1.000000082790371e-10,1e-10,1.000000082790371e-10
104,2026,0,0,1e-10,1.000000082790371e-10,1e-10,1.000000082790371e-10,1e-10,1.000000082790371e-10
105,2022,1,0,1e-10,1.000000082790371e-10,1e-10,1.000000082790371e-10,1e-10,1.000000082790371e-10
105,2023,1,0,1.943632262145154e-08,1.9436322851321435e-08,6.41675173577186e-09,6.416751706143572e-09,5.37177624859329e-09,5.3717762604716705e-09
105,2024,1,0,1.7496297550724453e-05,1.7496450612766877e-05,8.290769821454203e-06,8.290804190072794e-06,6.190939395668468e-06,6.190958559633773e-06
105,2025,1,0,0.00398387269815989,0.003991829458508406,0.0025710176991383185,0.0025743284410111155,0.0016010130929199314,0.0016022960839549385
105,2026,1,0,0.1884462074222428,0.20880460638985812,0.16166209917252222,0.17633403682809465,0.0853794591435377,0.08924600916884941
106,2022,1,0,1.943632262145154e-08,1.9436322851321435e-08,7.063603131722641e-09,7.06360317178687e-09,6.165461764062814e-09,6.165461826767579e-09
106,2023,1,0,1.7496297550724453e-05,1.7496450612766877e-05,8.290769821454203e-06,8.290804190072794e-06,7.237846034921641e-06,7.237872228291586e-06
106,2024,1,0,0.00398387269815989,0.003991829458508406,0.0025710176991383185,0.0025743284410111155,0.0019059916377441057,0.0019078103511414328
106,2025,1,0,0.1884462074222428,0.20880460638985812,0.16166209917252222,0.17633403682809465,0.10171624789217668,0.1072692782891328
106,2026,1,0,0.7739251780489911,1.486889263921937,0.7763531558108375,1.4976870596917116,0.6014375824344448,0.9198911617360732
107,2022,0,0,1e-10,1.000000082790371e-10,2.069454479856404e-06,2.0694566212154732e-06,1e-10,1.000000082790371e-10
107,2023,0,0,1e-10,1.000000082790371e-10,3.725186613025915e-05,3.725255999823607e-05,1e-10,1.000000082790371e-10
107,2024,0,0,1e-10,1.000000082790371e-10,0.00016134034384500124,0.00016135336059834213,1e-10,1.000000082790371e-10
107,2025,0,0,1e-10,1.000000082790371e-10,0.00016816292817712272,0.00016817706914767143,1e-10,1.000000082790371e-10
107,2026,0,0,1e-10,1.000000082790371e-10,4.21809767223314e-05,4.218186636478846e-05,1e-10,1.000000082790371e-10
108,2022,0,0,1e-10,1.000000082790371e-10,1e-10,1.000000082790371e-10,1e-10,1.000000082790371e-10
108,2023,0,1,1e-10,23.025850929940457,1e-10,23.025850929940457,1e-10,23.025850929940457
109,2022,0,0,1e-10,1.000000082790371e-10,1e-10,1.000000082790371e-10,1e-10,1.000000082790371e-10
109,2023,0,0,1e-10,1.000000082790371e-10,1.1183122670441473e-08,1.1183122712669106e-08,1e-10,1.000000082790371e-10
109,2024,0,0,1e-10,1.000000082790371e-10,8.366209974327518e-07,8.36621347447262e-07,1e-10,1.000000082790371e-10
109,2025,0,0,1e-10,1.000000082790371e-10,1.5060174999598452e-05,1.5060288405211193e-05,1e-10,1.000000082790371e-10
109,2026,0,0,1e-10,1.000000082790371e-10,6.523145554691951e-05,6.52335832108564e-05,1e-10,1.000000082790371e-10
110,2022,0,0,1e-10,1.000000082790371e-10,1e-10,1.000000082790371e-10,1e-10,1.000000082790371e-10
110,2023,0,1,1e-10,23.025850929940457,1e-10,23.025850929940457,1e-10,23.025850929940457
111,2022,0,0,1e-10,1.000000082790371e-10,1e-10,1.000000082790371e-10,1e-10,1.000000082790371e-10
111,2023,0,0,1e-10,1.000000082790371e-10,1e-10,1.000000082790371e-10,1e-10,1.000000082790371e-10
111,2024,0,0,1e-10,1.000000082790371e-10,1e-10,1.000000082790371e-10,1e-10,1.000000082790371e-10
111,2025,0,0,1e-10,1.000000082790371e-10,2.678786503778461e-09,2.6787865295216225e-09,1e-10,1.000000082790371e-10
111,2026,0,0,1e-10,1.000000082790371e-10,2.0040292050205414e-07,2.004029405611815e-07,1e-10,1.000000082790371e-10
112,2022,1,0,1.8549870904654184e-05,1.855004295564351e-05,1.6846693204613284e-05,1.6846835111693856e-05,7.889055183894279e-06,7.889086302655667e-06
112,2023,1,0,7.334992727490701e-08,7.334992993327751e-08,5.3476967820206285e-08,5.347696928385348e-08,1.5993256169463157e-08,1.5993256291751948e-08
112,2024,1,0,1e-10,1.000000082790371e-10,1e-10,1.000000082790371e-10,1e-10,1.000000082790371e-10
112,2025,1,0,1e-10,1.000000082790371e-10,1e-10,1.000000082790371e-10,1e-10,1.000000082790371e-10
112,2026,1,0,1e-10,1.000000082790371e-10,1e-10,1.000000082790371e-10,1e-10,1.000000082790371e-10
113,2022,1,0,1.943632262145154e-08,1.9436322851321435e-08,7.063603131722641e-09,7.06360317178687e-09,6.165461764062814e-09,6.165461826767579e-09
113,2023,1,0,1.7496297550724453e-05,1.7496450612766877e-05,8.290769821454203e-06,8.290804190072794e-06,7.237846034921641e-06,7.237872228291586e-06
113,2024,1,0,0.00398387269815989,0.003991829458508406,0.0025710176991383185,0.0025743284410111155,0.0019059916377441057,0.0019078103511414328
113,2025,1,0,0.1884462074222428,0.20880460638985812,0.16166209917252222,0.17633403682809465,0.10171624789217668,0.1072692782891328
113,2026,1,0,0.7739251780489911,1.486889263921937,0.7763531558108375,1.4976870596917116,0.6014375824344448,0.9198911617360732
114,2022,0,0,1e-10,1.000000082790371e-10,2.0096197551392518e-06,2.009621774449604e-06,1e-10,1.000000082790371e-10
114,2023,0,0,1e-10,1.000000082790371e-10,8.70482058860206e-06,8.704858475738193e-06,1e-10,1.000000082790371e-10
114,2024,0,0,1e-10,1.000000082790371e-10,9.07297910982201e-06,9.073020269516025e-06,1e-10,1.000000082790371e-10
114,2025,0,0,1e-10,1.000000082790371e-10,2.2755402137798862e-06,2.2755428028597136e-06,1e-10,1.000000082790371e-10
114,2026,0,0,1e-10,1.000000082790371e-10,1.3732781203002137e-07,1.3732782144038821e-07,1e-10,1.000000082790371e-10
115,2022,0,0,1e-10,1.000000082790371e-10,1e-10,1.000000082790371e-10,1e-10,1.000000082790371e-10
115,2023,0,0,1e-10,1.000000082790371e-10,2.6588924369365353e-08,2.6588924749039616e-08,1e-10,1.000000082790371e-10
115,2024,0,0,1e-10,1.000000082790371e-10,1.9891427275818695e-06,1.9891447058790525e-06,1e-10,1.000000082790371e-10
115,2025,0,0,1e-10,1.000000082790371e-10,3.5806238067108286e-05,3.580687912573806e-05,1e-10,1.000000082790371e-10
115,2026,0,0,1e-10,1.000000082790371e-10,0.00015507997804788356,0.00015509200419102173,1e-10,1.000000082790371e-10
116,2022,0,0,1e-10,1.000000082790371e-10,1.7031152584678831e-06,1.7031167087914238e-06,1e-10,1.000000082790371e-10
116,2023,0,0,1e-10,1.000000082790371e-10,3.065765271400064e-05,3.065812266947912e-05,1e-10,1.000000082790371e-10
116,2024,0,0,1e-10,1.000000082790371e-10,0.0001327832777326582,0.0001327920942125808,1e-10,1.000000082790371e-10
116,2025,0,0,1e-10,1.000000082790371e-10,0.00013839843918310145,0.00013840801713077252,1e-10,1.000000082790371e-10
116,2026,0,0,1e-10,1.000000082790371e-10,3.471425724953879e-05,3.471485980331928e-05,1e-10,1.000000082790371e-10
117,2022,0,0,1e-10,1.000000082790371e-10,1.4922490053786176e-09,1.492248992155237e-09,1e-10,1.000000082790371e-10
117,2023,0,0,1e-10,1.000000082790371e-10,1.1163677454814883e-07,1.1163678083373796e-07,1e-10,1.000000082790371e-10
117,2024,0,0,1e-10,1.000000082790371e-10,2.0096197551392518e-06,2.009621774449604e-06,1e-10,1.000000082790371e-10
117,2025,0,0,1e-10,1.000000082790371e-10,8.70482058860206e-06,8.704858475738193e-06,1e-10,1.000000082790371e-10
117,2026,0,0,1e-10,1.000000082790371e-10,9.07297910982201e-06,9.073020269516025e-06,1e-10,1.000000082790371e-10
118,2022,1,0,1.8549870904654184e-05,1.855004295564351e-05,1.6846693204613284e-05,1.6846835111693856e-05,7.889055183894279e-06,7.889086302655667e-06
118,2023,1,0,7.334992727490701e-08,7.334992993327751e-08,5.3476967820206285e-08,5.347696928385348e-08,1.5993256169463157e-08,1.5993256291751948e-08
118,2024,1,0,1e-10,1.000000082790371e-10,1e-10,1.000000082790371e-10,1e-10,1.000000082790371e-10
118,2025,1,0,1e-10,1.000000082790371e-10,1e-10,1.000000082790371e-10,1e-10,1.000000082790371e-10
118,2026,1,0,1e-10,1.000000082790371e-10,1e-10,1.000000082790371e-10,1e-10,1.000000082790371e-10
119,2022,0,0,1e-10,1.000000082790371e-10,1e-10,1.000000082790371e-10,1e-10,1.000000082790371e-10
119,2023,0,0,1e-10,1.000000082790371e-10,1e-10,1.000000082790371e-10,1e-10,1.000000082790371e-10
119,2024,0,0,1e-10,1.000000082790371e-10,1e-10,1.000000082790371e-10,1e-10,1.000000082790371e-10
119,2025,0,0,1e-10,1.000000082790371e-10,1e-10,1.000000082790371e-10,1e-10,1.000000082790371e-10
119,2026,0,0,1e-10,1.000000082790371e-10,1e-10,1.000000082790371e-10,1e-10,1.000000082790371e-10
120,2022,1,0,1e-10,1.000000082790371e-10,1e-10,1.000000082790371e-10,1e-10,1.000000082790371e-10
120,2023,1,0,1e-10,1.000000082790371e-10,1e-10,1.000000082790371e-10,1e-10,1.000000082790371e-10
120,2024,1,0,1.2160260541340925e-08,1.2160260650202038e-08,4.630057417560736e-09,4.6300574592701e-09,2.3148578317783135e-09,2.3148578636314854e-09
120,2025,1,0,1.0946562930872393e-05,1.094662284493749e-05,5.982283628416604e-06,5.982301522399602e-06,2.6191415099460347e-06,2.6191449398535078e-06
120,2026,1,0,0.002496217426725994,0.0024993381719008384,0.0018564669394390847,0.00185819230991388,0.0006655748637071262,0.000665796456986774
121,2022,0,0,1e-10,1.000000082790371e-10,1e-10,1.000000082790371e-10,1e-10,1.000000082790371e-10
121,2023,0,0,1e-10,1.000000082790371e-10,1e-10,1.000000082790371e-10,1e-10,1.000000082790371e-10
121,2024,0,0,1e-10,1.000000082790371e-10,1e-10,1.000000082790371e-10,1e-10,1.000000082790371e-10
121,2025,0,0,1e-10,1.000000082790371e-10,1e-10,1.000000082790371e-10,1e-10,1.000000082790371e-10
121,2026,0,0,1e-10,1.000000082790371e-10,1e-10,1.000000082790371e-10,1e-10,1.000000082790371e-10
122,2022,0,0,1e-10,1.000000082790371e-10,1e-10,1.000000082790371e-10,1e-10,1.000000082790371e-10
122,2023,0,0,1e-10,1.000000082790371e-10,1e-10,1.000000082790371e-10,1e-10,1.000000082790371e-10
122,2024,0,0,1e-10,1.000000082790371e-10,1e-10,1.000000082790371e-10,1e-10,1.000000082790371e-10
122,2025,0,0,1e-10,1.000000082790371e-10,1e-10,1.000000082790371e-10,1e-10,1.000000082790371e-10
122,2026,0,0,1e-10,1.000000082790371e-10,1e-10,1.000000082790371e-10,1e-10,1.000000082790371e-10
123,2022,0,0,1e-10,1.000000082790371e-10,1e-10,1.000000082790371e-10,1e-10,1.000000082790371e-10
123,2023,0,0,1e-10,1.000000082790371e-10,1e-10,1.000000082790371e-10,1e-10,1.000000082790371e-10
123,2024,0,0,1e-10,1.000000082790371e-10,1e-10,1.000000082790371e-10,1e-10,1.000000082790371e-10
123,2025,0,0,1e-10,1.000000082790371e-10,1e-10,1.000000082790371e-10,1e-10,1.000000082790371e-10
123,2026,0,0,1e-10,1.000000082790371e-10,1e-10,1.000000082790371e-10,1e-10,1.000000082790371e-10
124,2022,0,0,1e-10,1.000000082790371e-10,1e-10,1.000000082790371e-10,1e-10,1.000000082790371e-10
124,2023,0,0,1e-10,1.000000082790371e-10,1e-10,1.000000082790371e-10,1e-10,1.000000082790371e-10
124,2024,0,0,1e-10,1.000000082790371e-10,1e-10,1.000000082790371e-10,1e-10,1.000000082790371e-10
124,2025,0,0,1e-10,1.000000082790371e-10,1e-10,1.000000082790371e-10,1e-10,1.000000082790371e-10
124,2026,0,0,1e-10,1.000000082790371e-10,1e-10,1.000000082790371e-10,1e-10,1.000000082790371e-10
125,2022,0,0,1e-10,1.000000082790371e-10,1e-10,1.000000082790371e-10,1e-10,1.000000082790371e-10
125,2023,0,0,1e-10,1.000000082790371e-10,1e-10,1.000000082790371e-10,1e-10,1.000000082790371e-10
125,2024,0,0,1e-10,1.000000082790371e-10,1e-10,1.000000082790371e-10,1e-10,1.000000082790371e-10
125,2025,0,0,1e-10,1.000000082790371e-10,1e-10,1.000000082790371e-10,1e-10,1.000000082790371e-10
125,2026,0,0,1e-10,1.000000082790371e-10,1e-10,1.000000082790371e-10,1e-10,1.000000082790371e-10
126,2022,0,0,1e-10,1.000000082790371e-10,1e-10,1.000000082790371e-10,1e-10,1.000000082790371e-10
126,2023,0,0,1e-10,1.000000082790371e-10,1e-10,1.000000082790371e-10,1e-10,1.000000082790371e-10
126,2024,0,0,1e-10,1.000000082790371e-10,1e-10,1.000000082790371e-10,1e-10,1.000000082790371e-10
126,2025,0,0,1e-10,1.000000082790371e-10,1e-10,1.000000082790371e-10,1e-10,1.000000082790371e-10
126,2026,0,0,1e-10,1.000000082790371e-10,1e-10,1.000000082790371e-10,1e-10,1.000000082790371e-10
127,2022,0,0,1e-10,1.000000082790371e-10,1e-10,1.000000082790371e-10,1e-10,1.000000082790371e-10
127,2023,0,0,1e-10,1.000000082790371e-10,1e-10,1.000000082790371e-10,1e-10,1.000000082790371e-10
127,2024,0,0,1e-10,1.000000082790371e-10,1e-10,1.000000082790371e-10,1e-10,1.000000082790371e-10
127,2025,0,0,1e-10,1.000000082790371e-10,1e-10,1.000000082790371e-10,1e-10,1.000000082790371e-10
127,2026,0,0,1e-10,1.000000082790371e-10,1e-10,1.000000082790371e-10,1e-10,1.000000082790371e-10
128,2022,0,0,1e-10,1.000000082790371e-10,1e-10,1.000000082790371e-10,1e-10,1.000000082790371e-10
128,2023,0,0,1e-10,1.000000082790371e-10,1e-10,1.000000082790371e-10,1e-10,1.000000082790371e-10
128,2024,0,0,1e-10,1.000000082790371e-10,1e-10,1.000000082790371e-10,1e-10,1.000000082790371e-10
128,2025,0,0,1e-10,1.000000082790371e-10,1e-10,1.000000082790371e-10,1e-10,1.000000082790371e-10
128,2026,0,0,1e-10,1.000000082790371e-10,1e-10,1.000000082790371e-10,1e-10,1.000000082790371e-10
129,2022,0,0,1e-10,1.000000082790371e-10,1e-10,1.000000082790371e-10,1e-10,1.000000082790371e-10
129,2023,0,0,1e-10,1.000000082790371e-10,1e-10,1.000000082790371e-10,1e-10,1.000000082790371e-10
129,2024,0,0,1e-10,1.000000082790371e-10,1e-10,1.000000082790371e-10,1e-10,1.000000082790371e-10
129,2025,0,0,1e-10,1.000000082790371e-10,1e-10,1.000000082790371e-10,1e-10,1.000000082790371e-10
129,2026,0,0,1e-10,1.000000082790371e-10,1e-10,1.000000082790371e-10,1e-10,1.000000082790371e-10
130,2022,0,0,1e-10,1.000000082790371e-10,1e-10,1.000000082790371e-10,1e-10,1.000000082790371e-10
130,2023,0,0,1e-10,1.000000082790371e-10,1e-10,1.000000082790371e-10,1e-10,1.000000082790371e-10
130,2024,0,0,1e-10,1.000000082790371e-10,1e-10,1.000000082790371e-10,1e-10,1.000000082790371e-10
130,2025,0,0,1e-10,1.000000082790371e-10,1e-10,1.000000082790371e-10,1e-10,1.000000082790371e-10
130,2026,0,0,1e-10,1.000000082790371e-10,1e-10,1.000000082790371e-10,1e-10,1.000000082790371e-10
131,2022,0,0,1e-10,1.000000082790371e-10,1e-10,1.000000082790371e-10,1e-10,1.000000082790371e-10
131,2023,0,0,1e-10,1.000000082790371e-10,1e-10,1.000000082790371e-10,1e-10,1.000000082790371e-10
131,2024,0,0,1e-10,1.000000082790371e-10,1e-10,1.000000082790371e-10,1e-10,1.000000082790371e-10
131,2025,0,0,1e-10,1.000000082790371e-10,1e-10,1.000000082790371e-10,1e-10,1.000000082790371e-10
131,2026,0,0,1e-10,1.000000082790371e-10,1e-10,1.000000082790371e-10,1e-10,1.000000082790371e-10
132,2022,0,0,1e-10,1.000000082790371e-10,1e-10,1.000000082790371e-10,1e-10,1.000000082790371e-10
132,2023,0,0,1e-10,1.000000082790371e-10,1e-10,1.000000082790371e-10,1e-10,1.000000082790371e-10
132,2024,0,0,1e-10,1.000000082790371e-10,1e-10,1.000000082790371e-10,1e-10,1.000000082790371e-10
132,2025,0,0,1e-10,1.000000082790371e-10,1e-10,1.000000082790371e-10,1e-10,1.000000082790371e-10
132,2026,0,0,1e-10,1.000000082790371e-10,1e-10,1.000000082790371e-10,1e-10,1.000000082790371e-10
133,2022,0,0,1e-10,1.000000082790371e-10,1e-10,1.000000082790371e-10,1e-10,1.000000082790371e-10
133,2023,0,0,1e-10,1.000000082790371e-10,1e-10,1.000000082790371e-10,1e-10,1.000000082790371e-10
133,2024,0,0,1e-10,1.000000082790371e-10,1e-10,1.000000082790371e-10,1e-10,1.000000082790371e-10
133,2025,0,0,1e-10,1.000000082790371e-10,1e-10,1.000000082790371e-10,1e-10,1.000000082790371e-10
133,2026,0,0,1e-10,1.000000082790371e-10,1e-10,1.000000082790371e-10,1e-10,1.000000082790371e-10
134,2022,1,0,1e-10,1.000000082790371e-10,1e-10,1.000000082790371e-10,1e-10,1.000000082790371e-10
134,2023,1,0,1e-10,1.000000082790371e-10,1.262324972615207e-09,1.2623250230854673e-09,1e-10,1.000000082790371e-10
134,2024,1,0,1e-10,1.000000082790371e-10,9.443590865732483e-08,9.443591310761981e-08,1e-10,1.000000082790371e-10
134,2025,1,0,9.612936278895355e-10,9.612936007387895e-10,1.6999803505574685e-06,1.6999817955683836e-06,1e-10,1.000000082790371e-10
134,2026,1,0,3.598971697703175e-09,3.598971682709319e-09,7.363601588512751e-06,7.363628699930972e-06,1e-10,1.000000082790371e-10
135,2022,1,1,1e-10,23.025850929940457,1.3895757544649602e-09,20.394267349005798,1e-10,23.025850929940457
136,2022,1,0,1e-10,1.000000082790371e-10,1e-10,1.000000082790371e-10,1e-10,1.000000082790371e-10
136,2023,1,0,1e-10,1.000000082790371e-10,1e-10,1.000000082790371e-10,1e-10,1.000000082790371e-10
136,2024,1,0,1e-10,1.000000082790371e-10,1e-10,1.000000082790371e-10,1e-10,1.000000082790371e-10
136,2025,1,0,1e-10,1.000000082790371e-10,1.262324972615207e-09,1.2623250230854673e-09,1e-10,1.000000082790371e-10
136,2026,1,0,1e-10,1.000000082790371e-10,9.443590865732483e-08,9.443591310761981e-08,1e-10,1.000000082790371e-10
137,2022,1,0,1e-10,1.000000082790371e-10,1e-10,1.000000082790371e-10,1e-10,1.000000082790371e-10
137,2023,1,0,1e-10,1.000000082790371e-10,1e-10,1.000000082790371e-10,1e-10,1.000000082790371e-10
137,2024,1,0,1e-10,1.000000082790371e-10,1e-10,1.000000082790371e-10,1e-10,1.000000082790371e-10
137,2025,1,0,1e-10,1.000000082790371e-10,1e-10,1.000000082790371e-10,1e-10,1.000000082790371e-10
137,2026,1,0,1e-10,1.000000082790371e-10,1e-10,1.000000082790371e-10,1e-10,1.000000082790371e-10
138,2022,0,0,1e-10,1.000000082790371e-10,1e-10,1.000000082790371e-10,1e-10,1.000000082790371e-10
138,2023,0,0,1e-10,1.000000082790371e-10,1e-10,1.000000082790371e-10,1e-10,1.000000082790371e-10
138,2024,0,0,1e-10,1.000000082790371e-10,1e-10,1.000000082790371e-10,1e-10,1.000000082790371e-10
138,2025,0,0,1e-10,1.000000082790371e-10,1e-10,1.000000082790371e-10,1e-10,1.000000082790371e-10
138,2026,0,0,1e-10,1.000000082790371e-10,1e-10,1.000000082790371e-10,1e-10,1.000000082790371e-10
139,2022,1,0,1e-10,1.000000082790371e-10,1e-10,1.000000082790371e-10,1e-10,1.000000082790371e-10
139,2023,1,1,1e-10,23.025850929940457,1e-10,23.025850929940457,1e-10,23.025850929940457
140,2022,1,0,1e-10,1.000000082790371e-10,1e-10,1.000000082790371e-10,1e-10,1.000000082790371e-10
140,2023,1,0,1e-10,1.000000082790371e-10,1e-10,1.000000082790371e-10,1e-10,1.000000082790371e-10
140,2024,1,0,1e-10,1.000000082790371e-10,1e-10,1.000000082790371e-10,1e-10,1.000000082790371e-10
140,2025,1,0,1e-10,1.000000082790371e-10,1e-10,1.000000082790371e-10,1e-10,1.000000082790371e-10
140,2026,1,0,1e-10,1.000000082790371e-10,1e-10,1.000000082790371e-10,1e-10,1.000000082790371e-10
141,2022,0,0,1e-10,1.000000082790371e-10,1e-10,1.000000082790371e-10,1e-10,1.000000082790371e-10
141,2023,0,0,1e-10,1.000000082790371e-10,1e-10,1.000000082790371e-10,1e-10,1.000000082790371e-10
141,2024,0,0,1e-10,1.000000082790371e-10,1e-10,1.000000082790371e-10,1e-10,1.000000082790371e-10
141,2025,0,0,1e-10,1.000000082790371e-10,1e-10,1.000000082790371e-10,1e-10,1.000000082790371e-10
141,2026,0,0,1e-10,1.000000082790371e-10,1e-10,1.000000082790371e-10,1e-10,1.000000082790371e-10
142,2022,0,0,1e-10,1.000000082790371e-10,1e-10,1.000000082790371e-10,1e-10,1.000000082790371e-10
142,2023,0,0,1e-10,1.000000082790371e-10,1e-10,1.000000082790371e-10,1e-10,1.000000082790371e-10
142,2024,0,0,1e-10,1.000000082790371e-10,1e-10,1.000000082790371e-10,1e-10,1.000000082790371e-10
142,2025,0,0,1e-10,1.000000082790371e-10,1e-10,1.000000082790371e-10,1e-10,1.000000082790371e-10
142,2026,0,0,1e-10,1.000000082790371e-10,1e-10,1.000000082790371e-10,1e-10,1.000000082790371e-10
143,2022,0,0,1e-10,1.000000082790371e-10,1e-10,1.000000082790371e-10,1e-10,1.000000082790371e-10
143,2023,0,0,1e-10,1.000000082790371e-10,1e-10,1.000000082790371e-10,1e-10,1.000000082790371e-10
143,2024,0,0,1e-10,1.000000082790371e-10,1e-10,1.000000082790371e-10,1e-10,1.000000082790371e-10
143,2025,0,0,1e-10,1.000000082790371e-10,1e-10,1.000000082790371e-10,1e-10,1.000000082790371e-10
143,2026,0,0,1e-10,1.000000082790371e-10,1e-10,1.000000082790371e-10,1e-10,1.000000082790371e-10
144,2022,0,0,1e-10,1.000000082790371e-10,1e-10,1.000000082790371e-10,1e-10,1.000000082790371e-10
144,2023,0,0,1e-10,1.000000082790371e-10,1e-10,1.000000082790371e-10,1e-10,1.000000082790371e-10
144,2024,0,0,1e-10,1.000000082790371e-10,1e-10,1.000000082790371e-10,1e-10,1.000000082790371e-10
144,2025,0,0,1e-10,1.000000082790371e-10,1e-10,1.000000082790371e-10,1e-10,1.000000082790371e-10
144,2026,0,0,1e-10,1.000000082790371e-10,1e-10,1.000000082790371e-10,1e-10,1.000000082790371e-10
145,2022,0,0,1e-10,1.000000082790371e-10,1e-10,1.000000082790371e-10,1e-10,1.000000082790371e-10
145,2023,0,0,1e-10,1.000000082790371e-10,1e-10,1.000000082790371e-10,1e-10,1.000000082790371e-10
145,2024,0,0,1e-10,1.000000082790371e-10,1e-10,1.000000082790371e-10,1e-10,1.000000082790371e-10
145,2025,0,0,1e-10,1.000000082790371e-10,1e-10,1.000000082790371e-10,1e-10,1.000000082790371e-10
145,2026,0,0,1e-10,1.000000082790371e-10,1e-10,1.000000082790371e-10,1e-10,1.000000082790371e-10
146,2022,0,0,1e-10,1.000000082790371e-10,1e-10,1.000000082790371e-10,1e-10,1.000000082790371e-10
146,2023,0,0,1e-10,1.000000082790371e-10,1e-10,1.000000082790371e-10,1e-10,1.000000082790371e-10
146,2024,0,0,1e-10,1.000000082790371e-10,1e-10,1.000000082790371e-10,1e-10,1.000000082790371e-10
146,2025,0,0,1e-10,1.000000082790371e-10,1e-10,1.000000082790371e-10,1e-10,1.000000082790371e-10
146,2026,0,0,1e-10,1.000000082790371e-10,1e-10,1.000000082790371e-10,1e-10,1.000000082790371e-10
147,2022,0,0,1e-10,1.000000082790371e-10,1e-10,1.000000082790371e-10,1e-10,1.000000082790371e-10
147,2023,0,0,1e-10,1.000000082790371e-10,1e-10,1.000000082790371e-10,1e-10,1.000000082790371e-10
147,2024,0,0,1e-10,1.000000082790371e-10,1e-10,1.000000082790371e-10,1e-10,1.000000082790371e-10
147,2025,0,0,1e-10,1.000000082790371e-10,1e-10,1.000000082790371e-10,1e-10,1.000000082790371e-10
147,2026,0,0,1e-10,1.000000082790371e-10,1e-10,1.000000082790371e-10,1e-10,1.000000082790371e-10
148,2022,0,0,1e-10,1.000000082790371e-10,1e-10,1.000000082790371e-10,1e-10,1.000000082790371e-10
148,2023,0,0,1e-10,1.000000082790371e-10,1e-10,1.000000082790371e-10,1e-10,1.000000082790371e-10
148,2024,0,0,1e-10,1.000000082790371e-10,1e-10,1.000000082790371e-10,1e-10,1.000000082790371e-10
148,2025,0,0,1e-10,1.000000082790371e-10,1e-10,1.000000082790371e-10,1e-10,1.000000082790371e-10
148,2026,0,0,1e-10,1.000000082790371e-10,1e-10,1.000000082790371e-10,1e-10,1.000000082790371e-10
149,2022,0,0,1e-10,1.000000082790371e-10,1e-10,1.000000082790371e-10,1e-10,1.000000082790371e-10
149,2023,0,0,1e-10,1.000000082790371e-10,1e-10,1.000000082790371e-10,1e-10,1.000000082790371e-10
149,2024,0,0,1e-10,1.000000082790371e-10,1e-10,1.000000082790371e-10,1e-10,1.000000082790371e-10
149,2025,0,0,1e-10,1.000000082790371e-10,1e-10,1.000000082790371e-10,1e-10,1.000000082790371e-10
149,2026,0,0,1e-10,1.000000082790371e-10,1e-10,1.000000082790371e-10,1e-10,1.000000082790371e-10
150,2022,0,0,1e-10,1.000000082790371e-10,1e-10,1.000000082790371e-10,1e-10,1.000000082790371e-10
150,2023,0,0,1e-10,1.000000082790371e-10,1e-10,1.000000082790371e-10,1e-10,1.000000082790371e-10
150,2024,0,0,1e-10,1.000000082790371e-10,1e-10,1.000000082790371e-10,1e-10,1.000000082790371e-10
150,2025,0,0,1e-10,1.000000082790371e-10,1e-10,1.000000082790371e-10,1e-10,1.000000082790371e-10
150,2026,0,0,1e-10,1.000000082790371e-10,1e-10,1.000000082790371e-10,1e-10,1.000000082790371e-10
151,2022,0,0,1e-10,1.000000082790371e-10,1e-10,1.000000082790371e-10,1e-10,1.000000082790371e-10
151,2023,0,0,1e-10,1.000000082790371e-10,1e-10,1.000000082790371e-10,1e-10,1.000000082790371e-10
151,2024,0,0,1e-10,1.000000082790371e-10,1e-10,1.000000082790371e-10,1e-10,1.000000082790371e-10
151,2025,0,0,1e-10,1.000000082790371e-10,1e-10,1.000000082790371e-10,1e-10,1.000000082790371e-10
151,2026,0,0,1e-10,1.000000082790371e-10,1e-10,1.000000082790371e-10,1e-10,1.000000082790371e-10
152,2022,0,0,1e-10,1.000000082790371e-10,1e-10,1.000000082790371e-10,1e-10,1.000000082790371e-10
152,2023,0,0,1e-10,1.000000082790371e-10,1e-10,1.000000082790371e-10,1e-10,1.000000082790371e-10
152,2024,0,0,1e-10,1.000000082790371e-10,1e-10,1.000000082790371e-10,1e-10,1.000000082790371e-10
152,2025,0,0,1e-10,1.000000082790371e-10,1e-10,1.000000082790371e-10,1e-10,1.000000082790371e-10
152,2026,0,0,1e-10,1.000000082790371e-10,1e-10,1.000000082790371e-10,1e-10,1.000000082790371e-10
153,2022,0,0,1e-10,1.000000082790371e-10,1e-10,1.000000082790371e-10,1e-10,1.000000082790371e-10
153,2023,0,0,1e-10,1.000000082790371e-10,1e-10,1.000000082790371e-10,1e-10,1.000000082790371e-10
153,2024,0,0,1e-10,1.000000082790371e-10,1e-10,1.000000082790371e-10,1e-10,1.000000082790371e-10
153,2025,0,0,1e-10,1.000000082790371e-10,1e-10,1.000000082790371e-10,1e-10,1.000000082790371e-10
153,2026,0,0,1e-10,1.000000082790371e-10,1e-10,1.000000082790371e-10,1e-10,1.000000082790371e-10
154,2022,0,0,1e-10,1.000000082790371e-10,1e-10,1.000000082790371e-10,1e-10,1.000000082790371e-10
154,2023,0,0,1e-10,1.000000082790371e-10,1e-10,1.000000082790371e-10,1e-10,1.000000082790371e-10
154,2024,0,0,1e-10,1.000000082790371e-10,1e-10,1.000000082790371e-10,1e-10,1.000000082790371e-10
154,2025,0,0,1e-10,1.000000082790371e-10,1e-10,1.000000082790371e-10,1e-10,1.000000082790371e-10
154,2026,0,0,1e-10,1.000000082790371e-10,1e-10,1.000000082790371e-10,1e-10,1.000000082790371e-10
155,2022,0,0,1e-10,1.000000082790371e-10,1e-10,1.000000082790371e-10,1e-10,1.000000082790371e-10
155,2023,0,0,1e-10,1.000000082790371e-10,1e-10,1.000000082790371e-10,1e-10,1.000000082790371e-10
155,2024,0,0,1e-10,1.000000082790371e-10,1e-10,1.000000082790371e-10,1e-10,1.000000082790371e-10
155,2025,0,0,1e-10,1.000000082790371e-10,1e-10,1.000000082790371e-10,1e-10,1.000000082790371e-10
155,2026,0,0,1e-10,1.000000082790371e-10,1e-10,1.000000082790371e-10,1e-10,1.000000082790371e-10
156,2022,0,0,1e-10,1.000000082790371e-10,1e-10,1.000000082790371e-10,1e-10,1.000000082790371e-10
156,2023,0,0,1e-10,1.000000082790371e-10,1e-10,1.000000082790371e-10,1e-10,1.000000082790371e-10
156,2024,0,0,1e-10,1.000000082790371e-10,1e-10,1.000000082790371e-10,1e-10,1.000000082790371e-10
156,2025,0,0,1e-10,1.000000082790371e-10,1e-10,1.000000082790371e-10,1e-10,1.000000082790371e-10
156,2026,0,0,1e-10,1.000000082790371e-10,8.168585805188797e-10,8.168585811102538e-10,1e-10,1.000000082790371e-10
157,2022,1,0,1e-10,1.000000082790371e-10,1e-10,1.000000082790371e-10,1e-10,1.000000082790371e-10
157,2023,1,0,1e-10,1.000000082790371e-10,1e-10,1.000000082790371e-10,1e-10,1.000000082790371e-10
157,2024,1,0,1e-10,1.000000082790371e-10,1e-10,1.000000082790371e-10,1e-10,1.000000082790371e-10
157,2025,1,0,1e-10,1.000000082790371e-10,1.0801757304694216e-09,1.0801757272254862e-09,1e-10,1.000000082790371e-10
157,2026,1,0,1.8624690915366784e-08,1.8624691074076678e-08,3.358295398250506e-07,3.35829596234432e-07,1e-10,1.000000082790371e-10
158,2022,0,0,1e-10,1.000000082790371e-10,1e-10,1.000000082790371e-10,1e-10,1.000000082790371e-10
158,2023,0,0,1e-10,1.000000082790371e-10,1e-10,1.000000082790371e-10,1e-10,1.000000082790371e-10
158,2024,0,0,1e-10,1.000000082790371e-10,1e-10,1.000000082790371e-10,1e-10,1.000000082790371e-10
158,2025,0,0,1e-10,1.000000082790371e-10,1e-10,1.000000082790371e-10,1e-10,1.000000082790371e-10
158,2026,0,0,1e-10,1.000000082790371e-10,1e-10,1.000000082790371e-10,1e-10,1.000000082790371e-10
159,2022,0,0,1e-10,1.000000082790371e-10,1e-10,1.000000082790371e-10,1e-10,1.000000082790371e-10
159,2023,0,0,1e-10,1.000000082790371e-10,1e-10,1.000000082790371e-10,1e-10,1.000000082790371e-10
159,2024,0,0,1e-10,1.000000082790371e-10,1e-10,1.000000082790371e-10,1e-10,1.000000082790371e-10
159,2025,0,0,1e-10,1.000000082790371e-10,1e-10,1.000000082790371e-10,1e-10,1.000000082790371e-10
159,2026,0,0,1e-10,1.000000082790371e-10,1e-10,1.000000082790371e-10,1e-10,1.000000082790371e-10
160,2022,0,0,1e-10,1.000000082790371e-10,1e-10,1.000000082790371e-10,1e-10,1.000000082790371e-10
160,2023,0,0,1e-10,1.000000082790371e-10,1e-10,1.000000082790371e-10,1e-10,1.000000082790371e-10
160,2024,0,0,1e-10,1.000000082790371e-10,1e-10,1.000000082790371e-10,1e-10,1.000000082790371e-10
160,2025,0,0,1e-10,1.000000082790371e-10,1e-10,1.000000082790371e-10,1e-10,1.000000082790371e-10
160,2026,0,0,1e-10,1.000000082790371e-10,1e-10,1.000000082790371e-10,1e-10,1.000000082790371e-10
161,2022,1,0,1e-10,1.000000082790371e-10,1e-10,1.000000082790371e-10,1e-10,1.000000082790371e-10
161,2023,1,0,1e-10,1.000000082790371e-10,1e-10,1.000000082790371e-10,1e-10,1.000000082790371e-10
161,2024,1,0,1e-10,1.000000082790371e-10,1e-10,1.000000082790371e-10,1e-10,1.000000082790371e-10
161,2025,1,0,1e-10,1.000000082790371e-10,1.0801757304694216e-09,1.0801757272254862e-09,1e-10,1.000000082790371e-10
161,2026,1,0,1.8624690915366784e-08,1.8624691074076678e-08,3.358295398250506e-07,3.35829596234432e-07,1e-10,1.000000082790371e-10
162,2022,0,0,1e-10,1.000000082790371e-10,1e-10,1.000000082790371e-10,1e-10,1.000000082790371e-10
162,2023,0,0,1e-10,1.000000082790371e-10,1e-10,1.000000082790371e-10,1e-10,1.000000082790371e-10
162,2024,0,0,1e-10,1.000000082790371e-10,1e-10,1.000000082790371e-10,1e-10,1.000000082790371e-10
162,2025,0,0,1e-10,1.000000082790371e-10,1e-10,1.000000082790371e-10,1e-10,1.000000082790371e-10
162,2026,0,0,1e-10,1.000000082790371e-10,1e-10,1.000000082790371e-10,1e-10,1.000000082790371e-10
163,2022,0,0,1e-10,1.000000082790371e-10,1.153978854632552e-08,1.1539788635742631e-08,1e-10,1.000000082790371e-10
163,2023,0,0,1e-10,1.000000082790371e-10,4.9985803213785764e-08,4.998580441257857e-08,1e-10,1.000000082790371e-10
163,2024,0,0,1e-10,1.000000082790371e-10,5.209990369591523e-08,5.209990508176733e-08,1e-10,1.000000082790371e-10
163,2025,0,0,1e-10,1.000000082790371e-10,1.3066780305735713e-08,1.3066780409792586e-08,1e-10,1.000000082790371e-10
163,2026,0,0,1e-10,1.000000082790371e-10,7.885725437641306e-10,7.885725409107534e-10,1e-10,1.000000082790371e-10
164,2022,0,0,1e-10,1.000000082790371e-10,1e-10,1.000000082790371e-10,1e-10,1.000000082790371e-10
164,2023,0,0,1e-10,1.000000082790371e-10,1e-10,1.000000082790371e-10,1e-10,1.000000082790371e-10
164,2024,0,0,1e-10,1.000000082790371e-10,1e-10,1.000000082790371e-10,1e-10,1.000000082790371e-10
164,2025,0,0,1e-10,1.000000082790371e-10,1e-10,1.000000082790371e-10,1e-10,1.000000082790371e-10
164,2026,0,0,1e-10,1.000000082790371e-10,1e-10,1.000000082790371e-10,1e-10,1.000000082790371e-10
165,2022,0,0,1e-10,1.000000082790371e-10,7.403312564771584e-10,7.403312410301654e-10,1e-10,1.000000082790371e-10
165,2023,0,0,1e-10,1.000000082790371e-10,1.3327034298993791e-08,1.332703434274536e-08,1e-10,1.000000082790371e-10
165,2024,0,0,1e-10,1.000000082790371e-10,5.772744511322952e-08,5.772744682364737e-08,1e-10,1.000000082790371e-10
165,2025,0,0,1e-10,1.000000082790371e-10,6.016897072079564e-08,6.016897250487098e-08,1e-10,1.000000082790371e-10
165,2026,0,0,1e-10,1.000000082790371e-10,1.5090521682585122e-08,1.5090521834968067e-08,1e-10,1.000000082790371e-10
166,2022,1,0,1e-10,1.000000082790371e-10,1e-10,1.000000082790371e-10,1e-10,1.000000082790371e-10
166,2023,1,0,1e-10,1.000000082790371e-10,1e-10,1.000000082790371e-10,1e-10,1.000000082790371e-10
166,2024,1,0,1e-10,1.000000082790371e-10,1e-10,1.000000082790371e-10,1e-10,1.000000082790371e-10
166,2025,1,0,2.552679089239866e-10,2.552679179472175e-10,1.9265692250119852e-08,1.926569244932032e-08,1e-10,1.000000082790371e-10
166,2026,1,0,1.4819284045998991e-08,1.4819284131943981e-08,1.441285544811561e-06,1.4412865834539497e-06,1e-10,1.000000082790371e-10
167,2022,0,0,1e-10,1.000000082790371e-10,1.3995491790630272e-08,1.399549186344297e-08,1e-10,1.000000082790371e-10
167,2023,0,0,1e-10,1.000000082790371e-10,6.062293862618684e-08,6.062294050661197e-08,1e-10,1.000000082790371e-10
167,2024,0,0,1e-10,1.000000082790371e-10,6.318692628101428e-08,6.318692824314376e-08,1e-10,1.000000082790371e-10
167,2025,0,0,1e-10,1.000000082790371e-10,1.5847432186935458e-08,1.584743226990415e-08,1e-10,1.000000082790371e-10
167,2026,0,0,1e-10,1.000000082790371e-10,9.563832598415999e-10,9.563833063407693e-10,1e-10,1.000000082790371e-10
168,2022,1,0,1e-10,1.000000082790371e-10,1e-10,1.000000082790371e-10,1e-10,1.000000082790371e-10
168,2023,1,0,1e-10,1.000000082790371e-10,1e-10,1.000000082790371e-10,1e-10,1.000000082790371e-10
168,2024,1,0,1e-10,1.000000082790371e-10,1.0801757304694216e-09,1.0801757272254862e-09,1e-10,1.000000082790371e-10
168,2025,1,0,1.8624690915366784e-08,1.8624691074076678e-08,3.358295398250506e-07,3.35829596234432e-07,1e-10,1.000000082790371e-10
168,2026,1,0,1.0812338176072077e-06,1.0812344021239935e-06,2.5123153922821503e-05,2.5123469514496492e-05,1.8228871775350136e-10,1.8228873967514613e-10
169,2022,1,0,1e-10,1.000000082790371e-10,1e-10,1.000000082790371e-10,1e-10,1.000000082790371e-10
169,2023,1,0,2.552679089239866e-10,2.552679179472175e-10,1.9265692250119852e-08,1.926569244932032e-08,1e-10,1.000000082790371e-10
169,2024,1,0,1.4819284045998991e-08,1.4819284131943981e-08,1.441285544811561e-06,1.4412865834539497e-06,1e-10,1.000000082790371e-10
169,2025,1,0,2.1847604352849117e-07,2.1847606734458236e-07,2.5944590752287418e-05,2.594492731905196e-05,1e-10,1.000000082790371e-10
169,2026,1,0,8.179484448749732e-07,8.17948779384503e-07,0.00011237200449444654,0.00011237831870116027,1e-10,1.000000082790371e-10
170,2022,1,0,1e-10,1.000000082790371e-10,1e-10,1.000000082790371e-10,1e-10,1.000000082790371e-10
170,2023,1,0,1e-10,1.000000082790371e-10,1e-10,1.000000082790371e-10,1e-10,1.000000082790371e-10
170,2024,1,0,1e-10,1.000000082790371e-10,1e-10,1.000000082790371e-10,1e-10,1.000000082790371e-10
170,2025,1,0,1e-10,1.000000082790371e-10,1.0801757304694216e-09,1.0801757272254862e-09,1e-10,1.000000082790371e-10
170,2026,1,0,1.8624690915366784e-08,1.8624691074076678e-08,3.358295398250506e-07,3.35829596234432e-07,1e-10,1.000000082790371e-10
171,2022,1,0,1e-10,1.000000082790371e-10,1e-10,1.000000082790371e-10,1e-10,1.000000082790371e-10
171,2023,1,0,1e-10,1.000000082790371e-10,1e-10,1.000000082790371e-10,1e-10,1.000000082790371e-10
171,2024,1,0,1e-10,1.000000082790371e-10,1e-10,1.000000082790371e-10,1e-10,1.000000082790371e-10
171,2025,1,0,1e-10,1.000000082790371e-10,1.0801757304694216e-09,1.0801757272254862e-09,1e-10,1.000000082790371e-10
171,2026,1,0,1.8624690915366784e-08,1.8624691074076678e-08,3.358295398250506e-07,3.35829596234432e-07,1e-10,1.000000082790371e-10
172,2022,0,0,1e-10,1.000000082790371e-10,1e-10,1.000000082790371e-10,1e-10,1.000000082790371e-10
172,2023,0,0,1e-10,1.000000082790371e-10,1e-10,1.000000082790371e-10,1e-10,1.000000082790371e-10
172,2024,0,0,1e-10,1.000000082790371e-10,1e-10,1.000000082790371e-10,1e-10,1.000000082790371e-10
172,2025,0,0,1e-10,1.000000082790371e-10,1e-10,1.000000082790371e-10,1e-10,1.000000082790371e-10
172,2026,0,0,1e-10,1.000000082790371e-10,1e-10,1.000000082790371e-10,1e-10,1.000000082790371e-10
173,2022,1,0,1e-10,1.000000082790371e-10,1e-10,1.000000082790371e-10,1e-10,1.000000082790371e-10
173,2023,1,0,1e-10,1.000000082790371e-10,1e-10,1.000000082790371e-10,1e-10,1.000000082790371e-10
173,2024,1,0,1e-10,1.000000082790371e-10,1.0801757304694216e-09,1.0801757272254862e-09,1e-10,1.000000082790371e-10
173,2025,1,0,1.8624690915366784e-08,1.8624691074076678e-08,3.358295398250506e-07,3.35829596234432e-07,1e-10,1.000000082790371e-10
173,2026,1,0,1.0812338176072077e-06,1.0812344021239935e-06,2.5123153922821503e-05,2.5123469514496492e-05,1.8228871775350136e-10,1.8228873967514613e-10
174,2022,0,0,1e-10,1.000000082790371e-10,1e-10,1.000000082790371e-10,1e-10,1.000000082790371e-10
174,2023,0,0,1e-10,1.000000082790371e-10,1e-10,1.000000082790371e-10,1e-10,1.000000082790371e-10
174,2024,0,0,1e-10,1.000000082790371e-10,1e-10,1.000000082790371e-10,1e-10,1.000000082790371e-10
174,2025,0,0,1e-10,1.000000082790371e-10,1e-10,1.000000082790371e-10,1e-10,1.000000082790371e-10
174,2026,0,0,1e-10,1.000000082790371e-10,1e-10,1.000000082790371e-10,1e-10,1.000000082790371e-10
175,2022,1,0,1e-10,1.000000082790371e-10,1e-10,1.000000082790371e-10,1e-10,1.000000082790371e-10
175,2023,1,0,1e-10,1.000000082790371e-10,1e-10,1.000000082790371e-10,1e-10,1.000000082790371e-10
175,2024,1,0,1e-10,1.000000082790371e-10,1.0801757304694216e-09,1.0801757272254862e-09,1e-10,1.000000082790371e-10
175,2025,1,0,1.8624690915366784e-08,1.8624691074076678e-08,3.358295398250506e-07,3.35829596234432e-07,1e-10,1.000000082790371e-10
175,2026,1,0,1.0812338176072077e-06,1.0812344021239935e-06,2.5123153922821503e-05,2.5123469514496492e-05,1.8228871775350136e-10,1.8228873967514613e-10
176,2022,1,0,1e-10,1.000000082790371e-10,1e-10,1.000000082790371e-10,1e-10,1.000000082790371e-10
176,2023,1,0,1e-10,1.000000082790371e-10,1e-10,1.000000082790371e-10,1e-10,1.000000082790371e-10
176,2024,1,0,1e-10,1.000000082790371e-10,1.0801757304694216e-09,1.0801757272254862e-09,1e-10,1.000000082790371e-10
176,2025,1,0,1.8624690915366784e-08,1.8624691074076678e-08,3.358295398250506e-07,3.35829596234432e-07,1e-10,1.000000082790371e-10
176,2026,1,0,1.0812338176072077e-06,1.0812344021239935e-06,2.5123153922821503e-05,2.5123469514496492e-05,1.8228871775350136e-10,1.8228873967514613e-10
177,2022,1,0,1e-10,1.000000082790371e-10,1e-10,1.000000082790371e-10,1e-10,1.000000082790371e-10
177,2023,1,0,1e-10,1.000000082790371e-10,1e-10,1.000000082790371e-10,1e-10,1.000000082790371e-10
177,2024,1,0,1e-10,1.000000082790371e-10,1.0801757304694216e-09,1.0801757272254862e-09,1e-10,1.000000082790371e-10
177,2025,1,0,1.8624690915366784e-08,1.8624691074076678e-08,3.358295398250506e-07,3.35829596234432e-07,1e-10,1.000000082790371e-10
177,2026,1,0,1.0812338176072077e-06,1.0812344021239935e-06,2.5123153922821503e-05,2.5123469514496492e-05,1.8228871775350136e-10,1.8228873967514613e-10
178,2022,1,0,1e-10,1.000000082790371e-10,1e-10,1.000000082790371e-10,1e-10,1.000000082790371e-10
178,2023,1,0,1e-10,1.000000082790371e-10,1e-10,1.000000082790371e-10,1e-10,1.000000082790371e-10
178,2024,1,0,1e-10,1.000000082790371e-10,1.0801757304694216e-09,1.0801757272254862e-09,1e-10,1.000000082790371e-10
178,2025,1,0,1.8624690915366784e-08,1.8624691074076678e-08,3.358295398250506e-07,3.35829596234432e-07,1e-10,1.000000082790371e-10
178,2026,1,0,1.0812338176072077e-06,1.0812344021239935e-06,2.5123153922821503e-05,2.5123469514496492e-05,1.8228871775350136e-10,1.8228873967514613e-10
179,2022,1,0,1e-10,1.000000082790371e-10,1e-10,1.000000082790371e-10,1e-10,1.000000082790371e-10
179,2023,1,0,1e-10,1.000000082790371e-10,1e-10,1.000000082790371e-10,1e-10,1.000000082790371e-10
179,2024,1,0,1e-10,1.000000082790371e-10,1e-10,1.000000082790371e-10,1e-10,1.000000082790371e-10
179,2025,1,0,1e-10,1.000000082790371e-10,1e-10,1.000000082790371e-10,1e-10,1.000000082790371e-10
179,2026,1,0,2.552679089239866e-10,2.552679179472175e-10,1.9265692250119852e-08,1.926569244932032e-08,1e-10,1.000000082790371e-10
180,2022,1,0,1e-10,1.000000082790371e-10,1e-10,1.000000082790371e-10,1e-10,1.000000082790371e-10
180,2023,1,0,1e-10,1.000000082790371e-10,1e-10,1.000000082790371e-10,1e-10,1.000000082790371e-10
180,2024,1,0,2.552679089239866e-10,2.552679179472175e-10,1.9265692250119852e-08,1.926569244932032e-08,1e-10,1.000000082790371e-10
180,2025,1,0,1.4819284045998991e-08,1.4819284131943981e-08,1.441285544811561e-06,1.4412865834539497e-06,1e-10,1.000000082790371e-10
180,2026,1,0,2.1847604352849117e-07,2.1847606734458236e-07,2.5944590752287418e-05,2.594492731905196e-05,1e-10,1.000000082790371e-10
181,2022,0,0,1e-10,1.000000082790371e-10,1e-10,1.000000082790371e-10,1e-10,1.000000082790371e-10
181,2023,0,0,1e-10,1.000000082790371e-10,1e-10,1.000000082790371e-10,1e-10,1.000000082790371e-10
181,2024,0,0,1e-10,1.000000082790371e-10,1e-10,1.000000082790371e-10,1e-10,1.000000082790371e-10
181,2025,0,0,1e-10,1.000000082790371e-10,1e-10,1.000000082790371e-10,1e-10,1.000000082790371e-10
181,2026,0,0,1e-10,1.000000082790371e-10,1e-10,1.000000082790371e-10,1e-10,1.000000082790371e-10
182,2022,0,0,1e-10,1.000000082790371e-10,1e-10,1.000000082790371e-10,1e-10,1.000000082790371e-10
182,2023,0,0,1e-10,1.000000082790371e-10,1e-10,1.000000082790371e-10,1e-10,1.000000082790371e-10
182,2024,0,0,1e-10,1.000000082790371e-10,1e-10,1.000000082790371e-10,1e-10,1.000000082790371e-10
182,2025,0,0,1e-10,1.000000082790371e-10,1e-10,1.000000082790371e-10,1e-10,1.000000082790371e-10
182,2026,0,0,1e-10,1.000000082790371e-10,1e-10,1.000000082790371e-10,1e-10,1.000000082790371e-10
183,2022,0,0,1e-10,1.000000082790371e-10,1e-10,1.000000082790371e-10,1e-10,1.000000082790371e-10
183,2023,0,0,1e-10,1.000000082790371e-10,1e-10,1.000000082790371e-10,1e-10,1.000000082790371e-10
183,2024,0,0,1e-10,1.000000082790371e-10,1e-10,1.000000082790371e-10,1e-10,1.000000082790371e-10
183,2025,0,0,1e-10,1.000000082790371e-10,1e-10,1.000000082790371e-10,1e-10,1.000000082790371e-10
183,2026,0,0,1e-10,1.000000082790371e-10,1e-10,1.000000082790371e-10,1e-10,1.000000082790371e-10
184,2022,0,0,1e-10,1.000000082790371e-10,1e-10,1.000000082790371e-10,1e-10,1.000000082790371e-10
184,2023,0,0,1e-10,1.000000082790371e-10,1e-10,1.000000082790371e-10,1e-10,1.000000082790371e-10
184,2024,0,0,1e-10,1.000000082790371e-10,1e-10,1.000000082790371e-10,1e-10,1.000000082790371e-10
184,2025,0,0,1e-10,1.000000082790371e-10,1e-10,1.000000082790371e-10,1e-10,1.000000082790371e-10
184,2026,0,0,1e-10,1.000000082790371e-10,1e-10,1.000000082790371e-10,1e-10,1.000000082790371e-10
185,2022,0,0,1e-10,1.000000082790371e-10,1e-10,1.000000082790371e-10,1e-10,1.000000082790371e-10
185,2023,0,0,1e-10,1.000000082790371e-10,1e-10,1.000000082790371e-10,1e-10,1.000000082790371e-10
185,2024,0,0,1e-10,1.000000082790371e-10,1e-10,1.000000082790371e-10,1e-10,1.000000082790371e-10
185,2025,0,0,1e-10,1.000000082790371e-10,1e-10,1.000000082790371e-10,1e-10,1.000000082790371e-10
185,2026,0,0,1e-10,1.000000082790371e-10,1e-10,1.000000082790371e-10,1e-10,1.000000082790371e-10
186,2022,1,0,1e-10,1.000000082790371e-10,1e-10,1.000000082790371e-10,1e-10,1.000000082790371e-10
186,2023,1,0,1e-10,1.000000082790371e-10,1e-10,1.000000082790371e-10,1e-10,1.000000082790371e-10
186,2024,1,0,1e-10,1.000000082790371e-10,1e-10,1.000000082790371e-10,1e-10,1.000000082790371e-10
186,2025,1,0,2.552679089239866e-10,2.552679179472175e-10,1.9265692250119852e-08,1.926569244932032e-08,1e-10,1.000000082790371e-10
186,2026,1,0,1.4819284045998991e-08,1.4819284131943981e-08,1.441285544811561e-06,1.4412865834539497e-06,1e-10,1.000000082790371e-10
187,2022,0,0,1e-10,1.000000082790371e-10,1e-10,1.000000082790371e-10,1e-10,1.000000082790371e-10
187,2023,0,0,1e-10,1.000000082790371e-10,1e-10,1.000000082790371e-10,1e-10,1.000000082790371e-10
187,2024,0,0,1e-10,1.000000082790371e-10,1e-10,1.000000082790371e-10,1e-10,1.000000082790371e-10
187,2025,0,0,1e-10,1.000000082790371e-10,1e-10,1.000000082790371e-10,1e-10,1.000000082790371e-10
187,2026,0,0,1e-10,1.000000082790371e-10,1e-10,1.000000082790371e-10,1e-10,1.000000082790371e-10
188,2022,0,0,1e-10,1.000000082790371e-10,1e-10,1.000000082790371e-10,1e-10,1.000000082790371e-10
188,2023,0,0,1e-10,1.000000082790371e-10,1e-10,1.000000082790371e-10,1e-10,1.000000082790371e-10
188,2024,0,0,1e-10,1.000000082790371e-10,1e-10,1.000000082790371e-10,1e-10,1.000000082790371e-10
188,2025,0,0,1e-10,1.000000082790371e-10,1e-10,1.000000082790371e-10,1e-10,1.000000082790371e-10
188,2026,0,0,1e-10,1.000000082790371e-10,1e-10,1.000000082790371e-10,1e-10,1.000000082790371e-10
189,2022,0,0,1e-10,1.000000082790371e-10,1e-10,1.000000082790371e-10,1e-10,1.000000082790371e-10
189,2023,0,0,1e-10,1.000000082790371e-10,1e-10,1.000000082790371e-10,1e-10,1.000000082790371e-10
189,2024,0,0,1e-10,1.000000082790371e-10,1e-10,1.000000082790371e-10,1e-10,1.000000082790371e-10
189,2025,0,0,1e-10,1.000000082790371e-10,1e-10,1.000000082790371e-10,1e-10,1.000000082790371e-10
189,2026,0,0,1e-10,1.000000082790371e-10,1e-10,1.000000082790371e-10,1e-10,1.000000082790371e-10
190,2022,0,0,1e-10,1.000000082790371e-10,1e-10,1.000000082790371e-10,1e-10,1.000000082790371e-10
190,2023,0,0,1e-10,1.000000082790371e-10,1e-10,1.000000082790371e-10,1e-10,1.000000082790371e-10
190,2024,0,0,1e-10,1.000000082790371e-10,1e-10,1.000000082790371e-10,1e-10,1.000000082790371e-10
190,2025,0,0,1e-10,1.000000082790371e-10,1e-10,1.000000082790371e-10,1e-10,1.000000082790371e-10
190,2026,0,0,1e-10,1.000000082790371e-10,1e-10,1.000000082790371e-10,1e-10,1.000000082790371e-10
191,2022,1,0,1e-10,1.000000082790371e-10,1e-10,1.000000082790371e-10,1e-10,1.000000082790371e-10
191,2023,1,0,1.2160260541340925e-08,1.2160260650202038e-08,4.630057417560736e-09,4.6300574592701e-09,2.7063101481692156e-09,2.706310179621516e-09
191,2024,1,0,1.0946562930872393e-05,1.094662284493749e-05,5.982283628416604e-06,5.982301522399602e-06,3.1190155290082133e-06,3.1190203931019255e-06
191,2025,1,0,0.002496217426725994,0.0024993381719008384,0.0018564669394390847,0.00185819230991388,0.0008072344412717516,0.0008075604304382472
191,2026,1,0,0.12684929974945763,0.13564711461465137,0.12214681356700767,0.13027591295862728,0.0449172441579674,0.04595728692379187
192,2022,0,0,1e-10,1.000000082790371e-10,1e-10,1.000000082790371e-10,1e-10,1.000000082790371e-10
192,2023,0,0,1e-10,1.000000082790371e-10,1e-10,1.000000082790371e-10,1e-10,1.000000082790371e-10
192,2024,0,0,1e-10,1.000000082790371e-10,1e-10,1.000000082790371e-10,1e-10,1.000000082790371e-10
192,2025,0,0,1e-10,1.000000082790371e-10,1e-10,1.000000082790371e-10,1e-10,1.000000082790371e-10
192,2026,0,0,1e-10,1.000000082790371e-10,1e-10,1.000000082790371e-10,1e-10,1.000000082790371e-10
193,2022,0,0,1e-10,1.000000082790371e-10,1e-10,1.000000082790371e-10,1e-10,1.000000082790371e-10
193,2023,0,0,1e-10,1.000000082790371e-10,1e-10,1.000000082790371e-10,1e-10,1.000000082790371e-10
193,2024,0,0,1e-10,1.000000082790371e-10,1e-10,1.000000082790371e-10,1e-10,1.000000082790371e-10
193,2025,0,0,1e-10,1.000000082790371e-10,1e-10,1.000000082790371e-10,1e-10,1.000000082790371e-10
193,2026,0,0,1e-10,1.000000082790371e-10,1e-10,1.000000082790371e-10,1e-10,1.000000082790371e-10
194,2022,1,0,1e-10,1.000000082790371e-10,1e-10,1.000000082790371e-10,1e-10,1.000000082790371e-10
194,2023,1,0,1e-10,1.000000082790371e-10,1e-10,1.000000082790371e-10,1e-10,1.000000082790371e-10
194,2024,1,0,1.2160260541340925e-08,1.2160260650202038e-08,4.630057417560736e-09,4.6300574592701e-09,2.3148578317783135e-09,2.3148578636314854e-09
194,2025,1,0,1.0946562930872393e-05,1.094662284493749e-05,5.982283628416604e-06,5.982301522399602e-06,2.6191415099460347e-06,2.6191449398535078e-06
194,2026,1,0,0.002496217426725994,0.0024993381719008384,0.0018564669394390847,0.00185819230991388,0.0006655748637071262,0.000665796456986774
195,2022,0,0,1e-10,1.000000082790371e-10,1e-10,1.000000082790371e-10,1e-10,1.000000082790371e-10
195,2023,0,0,1e-10,1.000000082790371e-10,1e-10,1.000000082790371e-10,1e-10,1.000000082790371e-10
195,2024,0,0,1e-10,1.000000082790371e-10,1e-10,1.000000082790371e-10,1e-10,1.000000082790371e-10
195,2025,0,0,1e-10,1.000000082790371e-10,1e-10,1.000000082790371e-10,1e-10,1.000000082790371e-10
195,2026,0,0,1e-10,1.000000082790371e-10,1e-10,1.000000082790371e-10,1e-10,1.000000082790371e-10
196,2022,1,0,1e-10,1.000000082790371e-10,1e-10,1.000000082790371e-10,1e-10,1.000000082790371e-10
196,2023,1,1,1e-10,23.025850929940457,1e-10,23.025850929940457,1e-10,23.025850929940457
197,2022,1,0,1.0812338176072077e-06,1.0812344021239935e-06,2.7655665470540983e-05,2.7656047895549984e-05,3.5333271944370183e-10,3.5333269649687164e-10
197,2023,1,0,1.5940056480797988e-05,1.5940183524806947e-05,0.00045206005545706917,0.00045216226540844786,4.976430337986402e-09,4.976430391271493e-09
197,2024,1,0,5.967511028559607e-05,5.967689091582893e-05,0.0019552008720973763,0.0019571147724357567,1.5752235122252262e-08,1.5752235195952847e-08
197,2025,1,0,5.6736501947421846e-05,5.673811152358228e-05,0.002037725671842858,0.0020398046595509443,1.120615525245052e-08,1.1206155288773517e-08
197,2026,1,0,1.3699192795228494e-05,1.3699286630056482e-05,0.0005118478636315505,0.0005119789024658563,1.7916834112762552e-09,1.7916833588379629e-09
198,2026,0,0,1e-10,1.000000082790371e-10,1e-10,1.000000082790371e-10,1e-10,1.000000082790371e-10
198,2027,0,0,1e-10,1.000000082790371e-10,1e-10,1.000000082790371e-10,1e-10,1.000000082790371e-10
199,2025,0,0,1e-10,1.000000082790371e-10,1e-10,1.000000082790371e-10,1e-10,1.000000082790371e-10
199,2026,0,0,1e-10,1.000000082790371e-10,1e-10,1.000000082790371e-10,1e-10,1.000000082790371e-10
200,2026,0,0,1e-10,1.000000082790371e-10,1e-10,1.000000082790371e-10,1e-10,1.000000082790371e-10
200,2027,0,0,1e-10,1.000000082790371e-10,1e-10,1.000000082790371e-10,1e-10,1.000000082790371e-10
201,2024,0,0,1e-10,1.000000082790371e-10,1e-10,1.000000082790371e-10,1e-10,1.000000082790371e-10
201,2025,0,0,1e-10,1.000000082790371e-10,1e-10,1.000000082790371e-10,1e-10,1.000000082790371e-10
201,2026,0,0,1e-10,1.000000082790371e-10,1e-10,1.000000082790371e-10,1e-10,1.000000082790371e-10
203,2023,1,0,1e-10,1.000000082790371e-10,1e-10,1.000000082790371e-10,1e-10,1.000000082790371e-10
203,2024,1,1,1e-10,23.025850929940457,1e-10,23.025850929940457,1e-10,23.025850929940457
204,2023,1,0,1e-10,1.000000082790371e-10,1e-10,1.000000082790371e-10,1e-10,1.000000082790371e-10
204,2024,1,1,1e-10,23.025850929940457,1e-10,23.025850929940457,1e-10,23.025850929940457
205,2022,1,0,1e-10,1.000000082790371e-10,1e-10,1.000000082790371e-10,1e-10,1.000000082790371e-10
205,2023,1,1,1.2160260541340925e-08,18.22509253454081,4.630057417560736e-09,19.19069656772414,2.7063101481692156e-09,19.727679698773294
206,2022,1,0,1e-10,1.000000082790371e-10,1e-10,1.000000082790371e-10,1e-10,1.000000082790371e-10
206,2023,1,0,1e-10,1.000000082790371e-10,1e-10,1.000000082790371e-10,1e-10,1.000000082790371e-10
206,2024,1,0,1e-10,1.000000082790371e-10,1.0801757304694216e-09,1.0801757272254862e-09,1e-10,1.000000082790371e-10
206,2025,1,0,1.8624690915366784e-08,1.8624691074076678e-08,3.358295398250506e-07,3.35829596234432e-07,1e-10,1.000000082790371e-10
206,2026,1,0,1.0812338176072077e-06,1.0812344021239935e-06,2.5123153922821503e-05,2.5123469514496492e-05,1.8228871775350136e-10,1.8228873967514613e-10
207,2023,1,0,1e-10,1.000000082790371e-10,1e-10,1.000000082790371e-10,1e-10,1.000000082790371e-10
207,2024,1,1,1e-10,23.025850929940457,1e-10,23.025850929940457,1e-10,23.025850929940457
208,2022,1,0,1e-10,1.000000082790371e-10,1e-10,1.000000082790371e-10,1e-10,1.000000082790371e-10
208,2023,1,0,1e-10,1.000000082790371e-10,1e-10,1.000000082790371e-10,1e-10,1.000000082790371e-10
208,2024,1,0,1e-10,1.000000082790371e-10,1.0801757304694216e-09,1.0801757272254862e-09,1e-10,1.000000082790371e-10
208,2025,1,0,1.8624690915366784e-08,1.8624691074076678e-08,3.358295398250506e-07,3.35829596234432e-07,1e-10,1.000000082790371e-10
208,2026,1,0,1.0812338176072077e-06,1.0812344021239935e-06,2.5123153922821503e-05,2.5123469514496492e-05,1.8228871775350136e-10,1.8228873967514613e-10
210,2026,0,0,1e-10,1.000000082790371e-10,1e-10,1.000000082790371e-10,1e-10,1.000000082790371e-10
210,2027,0,0,1e-10,1.000000082790371e-10,1e-10,1.000000082790371e-10,1e-10,1.000000082790371e-10
211,2026,0,0,1e-10,1.000000082790371e-10,1e-10,1.000000082790371e-10,1e-10,1.000000082790371e-10
211,2027,0,0,1e-10,1.000000082790371e-10,1e-10,1.000000082790371e-10,1e-10,1.000000082790371e-10
212,2022,0,0,1e-10,1.000000082790371e-10,1e-10,1.000000082790371e-10,1e-10,1.000000082790371e-10
212,2023,0,0,1e-10,1.000000082790371e-10,1e-10,1.000000082790371e-10,1e-10,1.000000082790371e-10
212,2024,0,0,1e-10,1.000000082790371e-10,1e-10,1.000000082790371e-10,1e-10,1.000000082790371e-10
212,2025,0,0,1e-10,1.000000082790371e-10,1e-10,1.000000082790371e-10,1e-10,1.000000082790371e-10
212,2026,0,0,1e-10,1.000000082790371e-10,1e-10,1.000000082790371e-10,1e-10,1.000000082790371e-10
213,2022,1,0,1e-10,1.000000082790371e-10,1e-10,1.000000082790371e-10,1e-10,1.000000082790371e-10
213,2023,1,0,1e-10,1.000000082790371e-10,1e-10,1.000000082790371e-10,1e-10,1.000000082790371e-10
213,2024,1,0,1.2836529602175484e-10,1.2836531838302897e-10,1e-10,1.000000082790371e-10,1e-10,1.000000082790371e-10
213,2025,1,0,1.1555459595716234e-07,1.1555460267941974e-07,3.683448182124879e-08,3.6834482476421045e-08,5.1105271965803084e-08,5.110527332011466e-08
213,2026,1,0,2.6415639473385977e-05,2.6415988372513675e-05,1.1451812577460377e-05,1.14518781499517e-05,1.2995292069164354e-05,1.2995376508757318e-05
214,2022,0,0,1e-10,1.000000082790371e-10,1e-10,1.000000082790371e-10,1e-10,1.000000082790371e-10
214,2023,0,0,1e-10,1.000000082790371e-10,1e-10,1.000000082790371e-10,1e-10,1.000000082790371e-10
214,2024,0,0,1e-10,1.000000082790371e-10,1e-10,1.000000082790371e-10,1e-10,1.000000082790371e-10
214,2025,0,0,1e-10,1.000000082790371e-10,1e-10,1.000000082790371e-10,1e-10,1.000000082790371e-10
214,2026,0,0,1e-10,1.000000082790371e-10,1e-10,1.000000082790371e-10,1e-10,1.000000082790371e-10
215,2025,1,0,1e-10,1.000000082790371e-10,1e-10,1.000000082790371e-10,1e-10,1.000000082790371e-10
215,2026,1,0,1e-10,1.000000082790371e-10,1e-10,1.000000082790371e-10,1e-10,1.000000082790371e-10
216,2022,0,0,1e-10,1.000000082790371e-10,1e-10,1.000000082790371e-10,1e-10,1.000000082790371e-10
216,2023,0,0,1e-10,1.000000082790371e-10,1e-10,1.000000082790371e-10,1e-10,1.000000082790371e-10
216,2024,0,0,1e-10,1.000000082790371e-10,1e-10,1.000000082790371e-10,1e-10,1.000000082790371e-10
216,2025,0,0,1e-10,1.000000082790371e-10,1e-10,1.000000082790371e-10,1e-10,1.000000082790371e-10
216,2026,0,0,1e-10,1.000000082790371e-10,1e-10,1.000000082790371e-10,1e-10,1.000000082790371e-10
217,2024,1,0,1e-10,1.000000082790371e-10,1e-10,1.000000082790371e-10,1e-10,1.000000082790371e-10
217,2025,1,0,1e-10,1.000000082790371e-10,1e-10,1.000000082790371e-10,1e-10,1.000000082790371e-10
217,2026,1,0,1.2836529602175484e-10,1.2836531838302897e-10,1e-10,1.000000082790371e-10,1e-10,1.000000082790371e-10
218,2022,1,0,0.019060171938842217,0.019244158646449093,0.01886101225195287,0.019041149790771518,0.01718210344219874,0.017331428735136212
218,2023,1,0,0.0011899446546279656,0.001190653200911515,0.001052783350176798,0.0010533379158271382,0.0006758132213771922,0.0006760416860710864
218,2024,1,0,1.8549870904654184e-05,1.855004295564351e-05,1.5303976249662083e-05,1.5304093356753576e-05,5.879290639599224e-06,5.879307922651345e-06
218,2025,1,0,7.334992727490701e-08,7.334992993327751e-08,5.3476967820206285e-08,5.347696928385348e-08,1.1487482492149631e-08,1.1487482586758932e-08
218,2026,1,0,1e-10,1.000000082790371e-10,1e-10,1.000000082790371e-10,1e-10,1.000000082790371e-10
219,2026,0,0,1e-10,1.000000082790371e-10,1e-10,1.000000082790371e-10,1e-10,1.000000082790371e-10
219,2027,0,0,1e-10,1.000000082790371e-10,1e-10,1.000000082790371e-10,1e-10,1.000000082790371e-10
220,2026,0,0,1e-10,1.000000082790371e-10,1e-10,1.000000082790371e-10,1e-10,1.000000082790371e-10
220,2027,0,0,1e-10,1.000000082790371e-10,1e-10,1.000000082790371e-10,1e-10,1.000000082790371e-10
221,2025,0,0,1e-10,1.000000082790371e-10,1e-10,1.000000082790371e-10,1e-10,1.000000082790371e-10
221,2026,0,0,1e-10,1.000000082790371e-10,1e-10,1.000000082790371e-10,1e-10,1.000000082790371e-10
222,2022,0,0,1e-10,1.000000082790371e-10,1e-10,1.000000082790371e-10,1e-10,1.000000082790371e-10
222,2023,0,0,1e-10,1.000000082790371e-10,1e-10,1.000000082790371e-10,1e-10,1.000000082790371e-10
222,2024,0,0,1e-10,1.000000082790371e-10,1e-10,1.000000082790371e-10,1e-10,1.000000082790371e-10
222,2025,0,0,1e-10,1.000000082790371e-10,1e-10,1.000000082790371e-10,1e-10,1.000000082790371e-10
222,2026,0,0,1e-10,1.000000082790371e-10,1e-10,1.000000082790371e-10,1e-10,1.000000082790371e-10
223,2024,0,0,1e-10,1.000000082790371e-10,1e-10,1.000000082790371e-10,1e-10,1.000000082790371e-10
223,2025,0,0,1e-10,1.000000082790371e-10,1e-10,1.000000082790371e-10,1e-10,1.000000082790371e-10
223,2026,0,0,1e-10,1.000000082790371e-10,1e-10,1.000000082790371e-10,1e-10,1.000000082790371e-10
224,2026,0,0,1e-10,1.000000082790371e-10,1e-10,1.000000082790371e-10,1e-10,1.000000082790371e-10
224,2027,0,0,1e-10,1.000000082790371e-10,1e-10,1.000000082790371e-10,1e-10,1.000000082790371e-10
225,2025,0,0,1e-10,1.000000082790371e-10,1e-10,1.000000082790371e-10,1e-10,1.000000082790371e-10
225,2026,0,0,1e-10,1.000000082790371e-10,1e-10,1.000000082790371e-10,1e-10,1.000000082790371e-10
226,2024,0,0,1e-10,1.000000082790371e-10,1e-10,1.000000082790371e-10,1e-10,1.000000082790371e-10
226,2025,0,0,1e-10,1.000000082790371e-10,1e-10,1.000000082790371e-10,1e-10,1.000000082790371e-10
226,2026,0,0,1e-10,1.000000082790371e-10,1e-10,1.000000082790371e-10,1e-10,1.000000082790371e-10
227,2025,0,0,1e-10,1.000000082790371e-10,1e-10,1.000000082790371e-10,1e-10,1.000000082790371e-10
227,2026,0,0,1e-10,1.000000082790371e-10,1e-10,1.000000082790371e-10,1e-10,1.000000082790371e-10
228,2025,0,0,1e-10,1.000000082790371e-10,1e-10,1.000000082790371e-10,1e-10,1.000000082790371e-10
228,2026,0,0,1e-10,1.000000082790371e-10,1e-10,1.000000082790371e-10,1e-10,1.000000082790371e-10
229,2024,0,0,1e-10,1.000000082790371e-10,1e-10,1.000000082790371e-10,1e-10,1.000000082790371e-10
229,2025,0,0,1e-10,1.000000082790371e-10,1e-10,1.000000082790371e-10,1e-10,1.000000082790371e-10
229,2026,0,0,1e-10,1.000000082790371e-10,1e-10,1.000000082790371e-10,1e-10,1.000000082790371e-10
230,2025,0,0,1e-10,1.000000082790371e-10,1e-10,1.000000082790371e-10,1e-10,1.000000082790371e-10
230,2026,0,0,1e-10,1.000000082790371e-10,1e-10,1.000000082790371e-10,1e-10,1.000000082790371e-10
231,2025,0,0,1e-10,1.000000082790371e-10,1e-10,1.000000082790371e-10,1e-10,1.000000082790371e-10
231,2026,0,0,1e-10,1.000000082790371e-10,1e-10,1.000000082790371e-10,1e-10,1.000000082790371e-10
232,2025,0,0,1e-10,1.000000082790371e-10,1e-10,1.000000082790371e-10,1e-10,1.000000082790371e-10
232,2026,0,0,1e-10,1.000000082790371e-10,1e-10,1.000000082790371e-10,1e-10,1.000000082790371e-10
233,2025,0,0,1e-10,1.000000082790371e-10,1e-10,1.000000082790371e-10,1e-10,1.000000082790371e-10
233,2026,0,0,1e-10,1.000000082790371e-10,1e-10,1.000000082790371e-10,1e-10,1.000000082790371e-10
234,2022,0,0,1e-10,1.000000082790371e-10,1e-10,1.000000082790371e-10,1e-10,1.000000082790371e-10
234,2023,0,0,1e-10,1.000000082790371e-10,1e-10,1.000000082790371e-10,1e-10,1.000000082790371e-10
234,2024,0,0,1e-10,1.000000082790371e-10,1e-10,1.000000082790371e-10,1e-10,1.000000082790371e-10
234,2025,0,0,1e-10,1.000000082790371e-10,1e-10,1.000000082790371e-10,1e-10,1.000000082790371e-10
234,2026,0,0,1e-10,1.000000082790371e-10,1e-10,1.000000082790371e-10,1e-10,1.000000082790371e-10
235,2022,1,0,1e-10,1.000000082790371e-10,1e-10,1.000000082790371e-10,1e-10,1.000000082790371e-10
235,2023,1,0,1e-10,1.000000082790371e-10,1e-10,1.000000082790371e-10,1e-10,1.000000082790371e-10
235,2024,1,0,1e-10,1.000000082790371e-10,1e-10,1.000000082790371e-10,1e-10,1.000000082790371e-10
235,2025,1,0,1e-10,1.000000082790371e-10,1.0801757304694216e-09,1.0801757272254862e-09,1e-10,1.000000082790371e-10
235,2026,1,0,1.8624690915366784e-08,1.8624691074076678e-08,3.358295398250506e-07,3.35829596234432e-07,1e-10,1.000000082790371e-10
236,2023,1,0,1e-10,1.000000082790371e-10,1e-10,1.000000082790371e-10,1e-10,1.000000082790371e-10
236,2024,1,0,1e-10,1.000000082790371e-10,1e-10,1.000000082790371e-10,1e-10,1.000000082790371e-10
236,2025,1,0,1e-10,1.000000082790371e-10,1e-10,1.000000082790371e-10,1e-10,1.000000082790371e-10
236,2026,1,0,1e-10,1.000000082790371e-10,1.0801757304694216e-09,1.0801757272254862e-09,1e-10,1.000000082790371e-10
237,2022,0,0,1e-10,1.000000082790371e-10,1e-10,1.000000082790371e-10,1e-10,1.000000082790371e-10
237,2023,0,0,1e-10,1.000000082790371e-10,1e-10,1.000000082790371e-10,1e-10,1.000000082790371e-10
237,2024,0,0,1e-10,1.000000082790371e-10,1e-10,1.000000082790371e-10,1e-10,1.000000082790371e-10
237,2025,0,0,1e-10,1.000000082790371e-10,1e-10,1.000000082790371e-10,1e-10,1.000000082790371e-10
237,2026,0,0,1e-10,1.000000082790371e-10,1e-10,1.000000082790371e-10,1e-10,1.000000082790371e-10
238,2022,1,0,1e-10,1.000000082790371e-10,1e-10,1.000000082790371e-10,1e-10,1.000000082790371e-10
238,2023,1,0,1e-10,1.000000082790371e-10,1e-10,1.000000082790371e-10,1e-10,1.000000082790371e-10
238,2024,1,0,1.2160260541340925e-08,1.2160260650202038e-08,4.630057417560736e-09,4.6300574592701e-09,2.3148578317783135e-09,2.3148578636314854e-09
238,2025,1,0,1.0946562930872393e-05,1.094662284493749e-05,5.982283628416604e-06,5.982301522399602e-06,2.6191415099460347e-06,2.6191449398535078e-06
238,2026,1,0,0.002496217426725994,0.0024993381719008384,0.0018564669394390847,0.00185819230991388,0.0006655748637071262,0.000665796456986774
239,2025,1,0,1e-10,1.000000082790371e-10,1e-10,1.000000082790371e-10,1e-10,1.000000082790371e-10
239,2026,1,0,1e-10,1.000000082790371e-10,1e-10,1.000000082790371e-10,1e-10,1.000000082790371e-10
240,2025,0,0,1e-10,1.000000082790371e-10,1e-10,1.000000082790371e-10,1e-10,1.000000082790371e-10
240,2026,0,0,1e-10,1.000000082790371e-10,1e-10,1.000000082790371e-10,1e-10,1.000000082790371e-10
241,2025,0,0,1e-10,1.000000082790371e-10,1e-10,1.000000082790371e-10,1e-10,1.000000082790371e-10
241,2026,0,0,1e-10,1.000000082790371e-10,1e-10,1.000000082790371e-10,1e-10,1.000000082790371e-10
242,2025,0,0,1e-10,1.000000082790371e-10,1e-10,1.000000082790371e-10,1e-10,1.000000082790371e-10
242,2026,0,0,1e-10,1.000000082790371e-10,1e-10,1.000000082790371e-10,1e-10,1.000000082790371e-10
243,2025,0,0,1e-10,1.000000082790371e-10,1e-10,1.000000082790371e-10,1e-10,1.000000082790371e-10
243,2026,0,0,1e-10,1.000000082790371e-10,1e-10,1.000000082790371e-10,1e-10,1.000000082790371e-10
244,2024,0,0,1e-10,1.000000082790371e-10,1e-10,1.000000082790371e-10,1e-10,1.000000082790371e-10
244,2025,0,0,1e-10,1.000000082790371e-10,1e-10,1.000000082790371e-10,1e-10,1.000000082790371e-10
244,2026,0,0,1e-10,1.000000082790371e-10,1e-10,1.000000082790371e-10,1e-10,1.000000082790371e-10
245,2025,1,0,1e-10,1.000000082790371e-10,1e-10,1.000000082790371e-10,1e-10,1.000000082790371e-10
245,2026,1,0,1e-10,1.000000082790371e-10,1e-10,1.000000082790371e-10,1e-10,1.000000082790371e-10
246,2022,1,0,1e-10,1.000000082790371e-10,1e-10,1.000000082790371e-10,1e-10,1.000000082790371e-10
246,2023,1,0,1e-10,1.000000082790371e-10,1e-10,1.000000082790371e-10,1e-10,1.000000082790371e-10
246,2024,1,0,1.2836529602175484e-10,1.2836531838302897e-10,1e-10,1.000000082790371e-10,1e-10,1.000000082790371e-10
246,2025,1,0,1.1555459595716234e-07,1.1555460267941974e-07,3.683448182124879e-08,3.6834482476421045e-08,5.1105271965803084e-08,5.110527332011466e-08
246,2026,1,0,2.6415639473385977e-05,2.6415988372513675e-05,1.1451812577460377e-05,1.14518781499517e-05,1.2995292069164354e-05,1.2995376508757318e-05
247,2025,0,0,1e-10,1.000000082790371e-10,1e-10,1.000000082790371e-10,1e-10,1.000000082790371e-10
247,2026,0,0,1e-10,1.000000082790371e-10,1e-10,1.000000082790371e-10,1e-10,1.000000082790371e-10
248,2022,1,0,1e-10,1.000000082790371e-10,1e-10,1.000000082790371e-10,1e-10,1.000000082790371e-10
248,2023,1,0,1e-10,1.000000082790371e-10,1e-10,1.000000082790371e-10,1e-10,1.000000082790371e-10
248,2024,1,0,1.2836529602175484e-10,1.2836531838302897e-10,1e-10,1.000000082790371e-10,1e-10,1.000000082790371e-10
248,2025,1,0,1.1555459595716234e-07,1.1555460267941974e-07,3.683448182124879e-08,3.6834482476421045e-08,5.1105271965803084e-08,5.110527332011466e-08
248,2026,1,0,2.6415639473385977e-05,2.6415988372513675e-05,1.1451812577460377e-05,1.14518781499517e-05,1.2995292069164354e-05,1.2995376508757318e-05
249,2023,0,0,1e-10,1.000000082790371e-10,1e-10,1.000000082790371e-10,1e-10,1.000000082790371e-10
249,2024,0,0,1e-10,1.000000082790371e-10,1e-10,1.000000082790371e-10,1e-10,1.000000082790371e-10
249,2025,0,0,1e-10,1.000000082790371e-10,1e-10,1.000000082790371e-10,1e-10,1.000000082790371e-10
249,2026,0,0,1e-10,1.000000082790371e-10,1e-10,1.000000082790371e-10,1e-10,1.000000082790371e-10
250,2025,0,0,1e-10,1.000000082790371e-10,1e-10,1.000000082790371e-10,1e-10,1.000000082790371e-10
250,2026,0,0,1e-10,1.000000082790371e-10,1e-10,1.000000082790371e-10,1e-10,1.000000082790371e-10
251,2025,0,0,1e-10,1.000000082790371e-10,1e-10,1.000000082790371e-10,1e-10,1.000000082790371e-10
251,2026,0,0,1e-10,1.000000082790371e-10,1e-10,1.000000082790371e-10,1e-10,1.000000082790371e-10
252,2025,0,0,1e-10,1.000000082790371e-10,1e-10,1.000000082790371e-10,1e-10,1.000000082790371e-10
252,2026,0,0,1e-10,1.000000082790371e-10,1e-10,1.000000082790371e-10,1e-10,1.000000082790371e-10
253,2022,1,0,1e-10,1.000000082790371e-10,1e-10,1.000000082790371e-10,1e-10,1.000000082790371e-10
253,2023,1,0,1e-10,1.000000082790371e-10,1e-10,1.000000082790371e-10,1e-10,1.000000082790371e-10
253,2024,1,0,1.2836529602175484e-10,1.2836531838302897e-10,1e-10,1.000000082790371e-10,1e-10,1.000000082790371e-10
253,2025,1,0,1.1555459595716234e-07,1.1555460267941974e-07,3.683448182124879e-08,3.6834482476421045e-08,5.1105271965803084e-08,5.110527332011466e-08
253,2026,1,0,2.6415639473385977e-05,2.6415988372513675e-05,1.1451812577460377e-05,1.14518781499517e-05,1.2995292069164354e-05,1.2995376508757318e-05
254,2025,1,0,1e-10,1.000000082790371e-10,1e-10,1.000000082790371e-10,1e-10,1.000000082790371e-10
254,2026,1,0,1e-10,1.000000082790371e-10,1e-10,1.000000082790371e-10,1e-10,1.000000082790371e-10
255,2025,1,0,1e-10,1.000000082790371e-10,1e-10,1.000000082790371e-10,1e-10,1.000000082790371e-10
255,2026,1,0,1e-10,1.000000082790371e-10,1e-10,1.000000082790371e-10,1e-10,1.000000082790371e-10
256,2025,0,0,1e-10,1.000000082790371e-10,1e-10,1.000000082790371e-10,1e-10,1.000000082790371e-10
256,2026,0,0,1e-10,1.000000082790371e-10,1e-10,1.000000082790371e-10,1e-10,1.000000082790371e-10
257,2022,1,0,1e-10,1.000000082790371e-10,1e-10,1.000000082790371e-10,1e-10,1.000000082790371e-10
257,2023,1,0,1e-10,1.000000082790371e-10,1e-10,1.000000082790371e-10,1e-10,1.000000082790371e-10
257,2024,1,0,1.2836529602175484e-10,1.2836531838302897e-10,1e-10,1.000000082790371e-10,1e-10,1.000000082790371e-10
257,2025,1,0,1.1555459595716234e-07,1.1555460267941974e-07,3.683448182124879e-08,3.6834482476421045e-08,5.1105271965803084e-08,5.110527332011466e-08
257,2026,1,0,2.6415639473385977e-05,2.6415988372513675e-05,1.1451812577460377e-05,1.14518781499517e-05,1.2995292069164354e-05,1.2995376508757318e-05
258,2025,0,0,1e-10,1.000000082790371e-10,1e-10,1.000000082790371e-10,1e-10,1.000000082790371e-10
258,2026,0,0,1e-10,1.000000082790371e-10,1e-10,1.000000082790371e-10,1e-10,1.000000082790371e-10
259,2025,0,0,1e-10,1.000000082790371e-10,1e-10,1.000000082790371e-10,1e-10,1.000000082790371e-10
259,2026,0,0,1e-10,1.000000082790371e-10,1e-10,1.000000082790371e-10,1e-10,1.000000082790371e-10
260,2025,0,0,1e-10,1.000000082790371e-10,1e-10,1.000000082790371e-10,1e-10,1.000000082790371e-10
260,2026,0,0,1e-10,1.000000082790371e-10,1e-10,1.000000082790371e-10,1e-10,1.000000082790371e-10
261,2022,0,0,1e-10,1.000000082790371e-10,1e-10,1.000000082790371e-10,1e-10,1.000000082790371e-10
261,2023,0,0,1e-10,1.000000082790371e-10,1e-10,1.000000082790371e-10,1e-10,1.000000082790371e-10
261,2024,0,0,1e-10,1.000000082790371e-10,1e-10,1.000000082790371e-10,1e-10,1.000000082790371e-10
261,2025,0,0,1e-10,1.000000082790371e-10,1e-10,1.000000082790371e-10,1e-10,1.000000082790371e-10
261,2026,0,0,1e-10,1.000000082790371e-10,1e-10,1.000000082790371e-10,1e-10,1.000000082790371e-10
262,2022,1,0,1e-10,1.000000082790371e-10,1e-10,1.000000082790371e-10,1e-10,1.000000082790371e-10
262,2023,1,0,1e-10,1.000000082790371e-10,1e-10,1.000000082790371e-10,1e-10,1.000000082790371e-10
262,2024,1,0,1e-10,1.000000082790371e-10,1e-10,1.000000082790371e-10,1e-10,1.000000082790371e-10
262,2025,1,0,4.903728938130535e-10,4.903728535546837e-10,2.7089955388027688e-08,2.708995575695786e-08,1e-10,1.000000082790371e-10
262,2026,1,0,2.8468032409673084e-08,2.8468032781097908e-08,2.0266252597986204e-06,2.0266273134399617e-06,1e-10,1.000000082790371e-10
263,2023,1,0,1e-10,1.000000082790371e-10,1e-10,1.000000082790371e-10,1e-10,1.000000082790371e-10
263,2024,1,0,1e-10,1.000000082790371e-10,1e-10,1.000000082790371e-10,1e-10,1.000000082790371e-10
263,2025,1,0,1e-10,1.000000082790371e-10,1e-10,1.000000082790371e-10,1e-10,1.000000082790371e-10
263,2026,1,0,1e-10,1.000000082790371e-10,1e-10,1.000000082790371e-10,1e-10,1.000000082790371e-10
264,2025,0,0,1e-10,1.000000082790371e-10,1e-10,1.000000082790371e-10,1e-10,1.000000082790371e-10
264,2026,0,0,1e-10,1.000000082790371e-10,1e-10,1.000000082790371e-10,1e-10,1.000000082790371e-10
265,2024,0,0,1e-10,1.000000082790371e-10,1e-10,1.000000082790371e-10,1e-10,1.000000082790371e-10
265,2025,0,0,1e-10,1.000000082790371e-10,1e-10,1.000000082790371e-10,1e-10,1.000000082790371e-10
265,2026,0,0,1e-10,1.000000082790371e-10,1e-10,1.000000082790371e-10,1e-10,1.000000082790371e-10
266,2025,0,0,1e-10,1.000000082790371e-10,1e-10,1.000000082790371e-10,1e-10,1.000000082790371e-10
266,2026,0,0,1e-10,1.000000082790371e-10,1e-10,1.000000082790371e-10,1e-10,1.000000082790371e-10
267,2023,0,0,1e-10,1.000000082790371e-10,1e-10,1.000000082790371e-10,1e-10,1.000000082790371e-10
267,2024,0,0,1e-10,1.000000082790371e-10,1e-10,1.000000082790371e-10,1e-10,1.000000082790371e-10
267,2025,0,0,1e-10,1.000000082790371e-10,1e-10,1.000000082790371e-10,1e-10,1.000000082790371e-10
267,2026,0,0,1e-10,1.000000082790371e-10,1e-10,1.000000082790371e-10,1e-10,1.000000082790371e-10
268,2023,1,0,1e-10,1.000000082790371e-10,1e-10,1.000000082790371e-10,1e-10,1.000000082790371e-10
268,2024,1,0,1e-10,1.000000082790371e-10,1e-10,1.000000082790371e-10,1e-10,1.000000082790371e-10
268,2025,1,0,1.2836529602175484e-10,1.2836531838302897e-10,1e-10,1.000000082790371e-10,1e-10,1.000000082790371e-10
268,2026,1,0,1.1555459595716234e-07,1.1555460267941974e-07,3.683448182124879e-08,3.6834482476421045e-08,4.213096136294034e-08,4.2130962273786456e-08
269,2024,1,0,1e-10,1.000000082790371e-10,1e-10,1.000000082790371e-10,1e-10,1.000000082790371e-10
269,2025,1,0,1e-10,1.000000082790371e-10,1e-10,1.000000082790371e-10,1e-10,1.000000082790371e-10
269,2026,1,0,1e-10,1.000000082790371e-10,1e-10,1.000000082790371e-10,1e-10,1.000000082790371e-10
270,2024,1,0,1e-10,1.000000082790371e-10,1e-10,1.000000082790371e-10,1e-10,1.000000082790371e-10
270,2025,1,0,1e-10,1.000000082790371e-10,1e-10,1.000000082790371e-10,1e-10,1.000000082790371e-10
270,2026,1,0,1e-10,1.000000082790371e-10,1e-10,1.000000082790371e-10,1e-10,1.000000082790371e-10
271,2024,1,0,1e-10,1.000000082790371e-10,1e-10,1.000000082790371e-10,1e-10,1.000000082790371e-10
271,2025,1,0,1e-10,1.000000082790371e-10,1e-10,1.000000082790371e-10,1e-10,1.000000082790371e-10
271,2026,1,0,1e-10,1.000000082790371e-10,1e-10,1.000000082790371e-10,1e-10,1.000000082790371e-10
272,2024,1,0,1e-10,1.000000082790371e-10,1e-10,1.000000082790371e-10,1e-10,1.000000082790371e-10
272,2025,1,0,1e-10,1.000000082790371e-10,1e-10,1.000000082790371e-10,1e-10,1.000000082790371e-10
272,2026,1,0,1e-10,1.000000082790371e-10,1e-10,1.000000082790371e-10,1e-10,1.000000082790371e-10
273,2024,1,0,1e-10,1.000000082790371e-10,1e-10,1.000000082790371e-10,1e-10,1.000000082790371e-10
273,2025,1,0,1e-10,1.000000082790371e-10,1e-10,1.000000082790371e-10,1e-10,1.000000082790371e-10
273,2026,1,0,1e-10,1.000000082790371e-10,1e-10,1.000000082790371e-10,1e-10,1.000000082790371e-10
274,2023,1,0,1e-10,1.000000082790371e-10,1e-10,1.000000082790371e-10,1e-10,1.000000082790371e-10
274,2024,1,0,1e-10,1.000000082790371e-10,1e-10,1.000000082790371e-10,1e-10,1.000000082790371e-10
274,2025,1,0,1.2836529602175484e-10,1.2836531838302897e-10,1e-10,1.000000082790371e-10,1e-10,1.000000082790371e-10
274,2026,1,0,1.1555459595716234e-07,1.1555460267941974e-07,3.683448182124879e-08,3.6834482476421045e-08,4.213096136294034e-08,4.2130962273786456e-08
275,2022,0,0,1e-10,1.000000082790371e-10,1e-10,1.000000082790371e-10,1e-10,1.000000082790371e-10
275,2023,0,0,1e-10,1.000000082790371e-10,1e-10,1.000000082790371e-10,1e-10,1.000000082790371e-10
275,2024,0,0,1e-10,1.000000082790371e-10,1e-10,1.000000082790371e-10,1e-10,1.000000082790371e-10
275,2025,0,0,1e-10,1.000000082790371e-10,1e-10,1.000000082790371e-10,1e-10,1.000000082790371e-10
275,2026,0,0,1e-10,1.000000082790371e-10,1e-10,1.000000082790371e-10,1e-10,1.000000082790371e-10
276,2022,1,0,1e-10,1.000000082790371e-10,1e-10,1.000000082790371e-10,1e-10,1.000000082790371e-10
276,2023,1,0,1.2836529602175484e-10,1.2836531838302897e-10,1e-10,1.000000082790371e-10,1e-10,1.000000082790371e-10
276,2024,1,0,1.1555459595716234e-07,1.1555460267941974e-07,3.683448182124879e-08,3.6834482476421045e-08,6.085895488836264e-08,6.085895672752626e-08
276,2025,1,0,2.6415639473385977e-05,2.6415988372513675e-05,1.1451812577460377e-05,1.14518781499517e-05,1.5763374049885437e-05,1.5763498293135003e-05
276,2026,1,0,0.001531221780594614,0.0015323952987626704,0.0008559991239071411,0.0008563657003648481,0.0009168100717145443,0.0009172305991171309
277,2023,0,0,1e-10,1.000000082790371e-10,1e-10,1.000000082790371e-10,1e-10,1.000000082790371e-10
277,2024,0,0,1e-10,1.000000082790371e-10,1e-10,1.000000082790371e-10,1e-10,1.000000082790371e-10
277,2025,0,0,1e-10,1.000000082790371e-10,1e-10,1.000000082790371e-10,1e-10,1.000000082790371e-10
277,2026,0,0,1e-10,1.000000082790371e-10,1e-10,1.000000082790371e-10,1e-10,1.000000082790371e-10
278,2022,1,0,1e-10,1.000000082790371e-10,1e-10,1.000000082790371e-10,1e-10,1.000000082790371e-10
278,2023,1,0,1e-10,1.000000082790371e-10,1e-10,1.000000082790371e-10,1e-10,1.000000082790371e-10
278,2024,1,0,1e-10,1.000000082790371e-10,1e-10,1.000000082790371e-10,1e-10,1.000000082790371e-10
278,2025,1,0,1e-10,1.000000082790371e-10,1e-10,1.000000082790371e-10,1e-10,1.000000082790371e-10
278,2026,1,0,1e-10,1.000000082790371e-10,1.262324972615207e-09,1.2623250230854673e-09,1e-10,1.000000082790371e-10
279,2022,0,0,1e-10,1.000000082790371e-10,1e-10,1.000000082790371e-10,1e-10,1.000000082790371e-10
279,2023,0,0,1e-10,1.000000082790371e-10,1e-10,1.000000082790371e-10,1e-10,1.000000082790371e-10
279,2024,0,0,1e-10,1.000000082790371e-10,1e-10,1.000000082790371e-10,1e-10,1.000000082790371e-10
279,2025,0,0,1e-10,1.000000082790371e-10,1e-10,1.000000082790371e-10,1e-10,1.000000082790371e-10
279,2026,0,0,1e-10,1.000000082790371e-10,1e-10,1.000000082790371e-10,1e-10,1.000000082790371e-10
280,2022,0,0,1e-10,1.000000082790371e-10,2.6030127787393063e-07,2.6030131174407674e-07,1e-10,1.000000082790371e-10
280,2023,0,0,1e-10,1.000000082790371e-10,1.570903342074917e-08,1.5709033530805226e-08,1e-10,1.000000082790371e-10
280,2024,0,0,1e-10,1.000000082790371e-10,2.2812029950962596e-10,2.281203004533119e-10,1e-10,1.000000082790371e-10
280,2025,0,0,1e-10,1.000000082790371e-10,1e-10,1.000000082790371e-10,1e-10,1.000000082790371e-10
280,2026,0,0,1e-10,1.000000082790371e-10,1e-10,1.000000082790371e-10,1e-10,1.000000082790371e-10
281,2024,0,0,1e-10,1.000000082790371e-10,1e-10,1.000000082790371e-10,1e-10,1.000000082790371e-10
281,2025,0,0,1e-10,1.000000082790371e-10,1e-10,1.000000082790371e-10,1e-10,1.000000082790371e-10
281,2026,0,0,1e-10,1.000000082790371e-10,1e-10,1.000000082790371e-10,1e-10,1.000000082790371e-10
282,2022,0,0,1e-10,1.000000082790371e-10,1e-10,1.000000082790371e-10,1e-10,1.000000082790371e-10
282,2023,0,0,1e-10,1.000000082790371e-10,1e-10,1.000000082790371e-10,1e-10,1.000000082790371e-10
282,2024,0,0,1e-10,1.000000082790371e-10,1e-10,1.000000082790371e-10,1e-10,1.000000082790371e-10
282,2025,0,0,1e-10,1.000000082790371e-10,1e-10,1.000000082790371e-10,1e-10,1.000000082790371e-10
282,2026,0,0,1e-10,1.000000082790371e-10,1e-10,1.000000082790371e-10,1e-10,1.000000082790371e-10
283,2025,0,0,1e-10,1.000000082790371e-10,1e-10,1.000000082790371e-10,1e-10,1.000000082790371e-10
283,2026,0,0,1e-10,1.000000082790371e-10,1e-10,1.000000082790371e-10,1e-10,1.000000082790371e-10
284,2025,0,0,1e-10,1.000000082790371e-10,1e-10,1.000000082790371e-10,1e-10,1.000000082790371e-10
284,2026,0,0,1e-10,1.000000082790371e-10,1e-10,1.000000082790371e-10,1e-10,1.000000082790371e-10
285,2025,1,0,1e-10,1.000000082790371e-10,1e-10,1.000000082790371e-10,1e-10,1.000000082790371e-10
285,2026,1,0,1e-10,1.000000082790371e-10,1e-10,1.000000082790371e-10,1e-10,1.000000082790371e-10
286,2022,1,0,1.8624690915366784e-08,1.8624691074076678e-08,3.6968338625856185e-07,3.6968345456947216e-07,1e-10,1.000000082790371e-10
286,2023,1,0,1.0812338176072077e-06,1.0812344021239935e-06,2.5123153922821503e-05,2.5123469514496492e-05,3.078478760182469e-10,3.078478583636643e-10
286,2024,1,0,1.5940056480797988e-05,1.5940183524806947e-05,0.00045206005545706917,0.00045216226540844786,4.256618094479153e-09,4.256618067088859e-09
286,2025,1,0,5.967511028559607e-05,5.967689091582893e-05,0.0019552008720973763,0.0019571147724357567,1.3227671353362495e-08,1.322767149014588e-08
286,2026,1,0,5.6736501947421846e-05,5.673811152358228e-05,0.002037725671842858,0.0020398046595509443,9.238305022152947e-09,9.238305052546355e-09
287,2022,1,0,1e-10,1.000000082790371e-10,1e-10,1.000000082790371e-10,1e-10,1.000000082790371e-10
287,2023,1,0,1e-10,1.000000082790371e-10,1.0801757304694216e-09,1.0801757272254862e-09,1e-10,1.000000082790371e-10
287,2024,1,0,1.8624690915366784e-08,1.8624691074076678e-08,3.358295398250506e-07,3.35829596234432e-07,1e-10,1.000000082790371e-10
287,2025,1,0,1.0812338176072077e-06,1.0812344021239935e-06,2.5123153922821503e-05,2.5123469514496492e-05,2.21118015800298e-10,2.2111801281312575e-10
287,2026,1,0,1.5940056480797988e-05,1.5940183524806947e-05,0.00045206005545706917,0.00045216226540844786,2.946738235656121e-09,2.9467381911347736e-09
288,2022,1,0,1e-10,1.000000082790371e-10,1e-10,1.000000082790371e-10,1e-10,1.000000082790371e-10
288,2023,1,0,1.2836529602175484e-10,1.2836531838302897e-10,1e-10,1.000000082790371e-10,1e-10,1.000000082790371e-10
288,2024,1,0,1.1555459595716234e-07,1.1555460267941974e-07,3.683448182124879e-08,3.6834482476421045e-08,6.085895488836264e-08,6.085895672752626e-08
288,2025,1,0,2.6415639473385977e-05,2.6415988372513675e-05,1.1451812577460377e-05,1.14518781499517e-05,1.5763374049885437e-05,1.5763498293135003e-05
288,2026,1,0,0.001531221780594614,0.0015323952987626704,0.0008559991239071411,0.0008563657003648481,0.0009168100717145443,0.0009172305991171309
289,2022,1,0,5.967511028559607e-05,5.967689091582893e-05,0.0021518740405052366,0.002154192648280051,2.113698894197675e-08,2.113698916029567e-08
289,2023,1,0,5.6736501947421846e-05,5.673811152358228e-05,0.002037725671842858,0.0020398046595509443,1.560158300737093e-08,1.560158314719767e-08
289,2024,1,0,1.3699192795228494e-05,1.3699286630056482e-05,0.0005118478636315505,0.0005119789024658563,2.5881199557022423e-09,2.588119943932238e-09
289,2025,1,0,8.399626462654917e-07,8.39962998984041e-07,3.090458242870814e-05,3.0905059985161325e-05,1e-10,1.000000082790371e-10
289,2026,1,0,1.3078725458188236e-08,1.3078725521515288e-08,4.487976453204891e-07,4.487977459790876e-07,1e-10,1.000000082790371e-10
290,2022,1,0,1e-10,1.000000082790371e-10,1.189064653089843e-09,1.1890646252474296e-09,1e-10,1.000000082790371e-10
290,2023,1,0,1.8624690915366784e-08,1.8624691074076678e-08,3.358295398250506e-07,3.35829596234432e-07,1e-10,1.000000082790371e-10
290,2024,1,0,1.0812338176072077e-06,1.0812344021239935e-06,2.5123153922821503e-05,2.5123469514496492e-05,2.633194377340723e-10,2.633194773684918e-10
290,2025,1,0,1.5940056480797988e-05,1.5940183524806947e-05,0.00045206005545706917,0.00045216226540844786,3.5744225939893795e-09,3.5744226531453623e-09
290,2026,1,0,5.967511028559607e-05,5.967689091582893e-05,0.0019552008720973763,0.0019571147724357567,1.0904833993961915e-08,1.0904834095220847e-08
291,2022,1,0,5.967511028559607e-05,5.967689091582893e-05,0.0021518740405052366,0.002154192648280051,2.113698894197675e-08,2.113698916029567e-08
291,2023,1,0,5.6736501947421846e-05,5.673811152358228e-05,0.002037725671842858,0.0020398046595509443,1.560158300737093e-08,1.560158314719767e-08
291,2024,1,0,1.3699192795228494e-05,1.3699286630056482e-05,0.0005118478636315505,0.0005119789024658563,2.5881199557022423e-09,2.588119943932238e-09
291,2025,1,0,8.399626462654917e-07,8.39962998984041e-07,3.090458242870814e-05,3.0905059985161325e-05,1e-10,1.000000082790371e-10
291,2026,1,0,1.3078725458188236e-08,1.3078725521515288e-08,4.487976453204891e-07,4.487977459790876e-07,1e-10,1.000000082790371e-10
292,2022,1,0,1e-10,1.000000082790371e-10,1e-10,1.000000082790371e-10,1e-10,1.000000082790371e-10
292,2023,1,0,1e-10,1.000000082790371e-10,1.0801757304694216e-09,1.0801757272254862e-09,1e-10,1.000000082790371e-10
292,2024,1,0,1.8624690915366784e-08,1.8624691074076678e-08,3.358295398250506e-07,3.35829596234432e-07,1e-10,1.000000082790371e-10
292,2025,1,0,1.0812338176072077e-06,1.0812344021239935e-06,2.5123153922821503e-05,2.5123469514496492e-05,2.21118015800298e-10,2.2111801281312575e-10
292,2026,1,0,1.5940056480797988e-05,1.5940183524806947e-05,0.00045206005545706917,0.00045216226540844786,2.946738235656121e-09,2.9467381911347736e-09
293,2022,1,0,1e-10,1.000000082790371e-10,1e-10,1.000000082790371e-10,1e-10,1.000000082790371e-10
293,2023,1,0,1e-10,1.000000082790371e-10,1e-10,1.000000082790371e-10,1e-10,1.000000082790371e-10
293,2024,1,0,1e-10,1.000000082790371e-10,1.0801757304694216e-09,1.0801757272254862e-09,1e-10,1.000000082790371e-10
293,2025,1,0,1.8624690915366784e-08,1.8624691074076678e-08,3.358295398250506e-07,3.35829596234432e-07,1e-10,1.000000082790371e-10
293,2026,1,0,1.0812338176072077e-06,1.0812344021239935e-06,2.5123153922821503e-05,2.5123469514496492e-05,1.8228871775350136e-10,1.8228873967514613e-10
294,2025,1,0,1e-10,1.000000082790371e-10,1e-10,1.000000082790371e-10,1e-10,1.000000082790371e-10
294,2026,1,0,1e-10,1.000000082790371e-10,1e-10,1.000000082790371e-10,1e-10,1.000000082790371e-10
295,2023,1,0,1e-10,1.000000082790371e-10,1e-10,1.000000082790371e-10,1e-10,1.000000082790371e-10
295,2024,1,1,1e-10,23.025850929940457,1e-10,23.025850929940457,1e-10,23.025850929940457
298,2023,1,0,1e-10,1.000000082790371e-10,1e-10,1.000000082790371e-10,1e-10,1.000000082790371e-10
298,2024,1,0,1e-10,1.000000082790371e-10,1e-10,1.000000082790371e-10,1e-10,1.000000082790371e-10
298,2025,1,0,1.2836529602175484e-10,1.2836531838302897e-10,1e-10,1.000000082790371e-10,1e-10,1.000000082790371e-10
298,2026,1,0,1.1555459595716234e-07,1.1555460267941974e-07,3.683448182124879e-08,3.6834482476421045e-08,4.213096136294034e-08,4.2130962273786456e-08
299,2022,1,0,1e-10,1.000000082790371e-10,1e-10,1.000000082790371e-10,1e-10,1.000000082790371e-10
299,2023,1,0,1.2836529602175484e-10,1.2836531838302897e-10,1e-10,1.000000082790371e-10,1e-10,1.000000082790371e-10
299,2024,1,0,1.1555459595716234e-07,1.1555460267941974e-07,3.683448182124879e-08,3.6834482476421045e-08,6.085895488836264e-08,6.085895672752626e-08
299,2025,1,0,2.6415639473385977e-05,2.6415988372513675e-05,1.1451812577460377e-05,1.14518781499517e-05,1.5763374049885437e-05,1.5763498293135003e-05
299,2026,1,0,0.001531221780594614,0.0015323952987626704,0.0008559991239071411,0.0008563657003648481,0.0009168100717145443,0.0009172305991171309
300,2023,1,0,1e-10,1.000000082790371e-10,1e-10,1.000000082790371e-10,1e-10,1.000000082790371e-10
300,2024,1,0,1e-10,1.000000082790371e-10,1e-10,1.000000082790371e-10,1e-10,1.000000082790371e-10
300,2025,1,0,1.2836529602175484e-10,1.2836531838302897e-10,1e-10,1.000000082790371e-10,1e-10,1.000000082790371e-10
300,2026,1,0,1.1555459595716234e-07,1.1555460267941974e-07,3.683448182124879e-08,3.6834482476421045e-08,4.213096136294034e-08,4.2130962273786456e-08
301,2024,1,0,1e-10,1.000000082790371e-10,1e-10,1.000000082790371e-10,1e-10,1.000000082790371e-10
301,2025,1,0,1e-10,1.000000082790371e-10,1e-10,1.000000082790371e-10,1e-10,1.000000082790371e-10
301,2026,1,0,1.2836529602175484e-10,1.2836531838302897e-10,1e-10,1.000000082790371e-10,1e-10,1.000000082790371e-10
302,2024,1,0,1e-10,1.000000082790371e-10,1e-10,1.000000082790371e-10,1e-10,1.000000082790371e-10
302,2025,1,0,1e-10,1.000000082790371e-10,1e-10,1.000000082790371e-10,1e-10,1.000000082790371e-10
302,2026,1,0,1e-10,1.000000082790371e-10,1e-10,1.000000082790371e-10,1e-10,1.000000082790371e-10
303,2024,1,0,1e-10,1.000000082790371e-10,1e-10,1.000000082790371e-10,1e-10,1.000000082790371e-10
303,2025,1,1,1e-10,23.025850929940457,1e-10,23.025850929940457,1e-10,23.025850929940457
304,2023,1,0,1e-10,1.000000082790371e-10,1e-10,1.000000082790371e-10,1e-10,1.000000082790371e-10
304,2024,1,0,1e-10,1.000000082790371e-10,1e-10,1.000000082790371e-10,1e-10,1.000000082790371e-10
304,2025,1,0,1e-10,1.000000082790371e-10,1e-10,1.000000082790371e-10,1e-10,1.000000082790371e-10
304,2026,1,0,1e-10,1.000000082790371e-10,1.0801757304694216e-09,1.0801757272254862e-09,1e-10,1.000000082790371e-10
305,2022,1,0,1e-10,1.000000082790371e-10,1e-10,1.000000082790371e-10,1e-10,1.000000082790371e-10
305,2023,1,0,1e-10,1.000000082790371e-10,1e-10,1.000000082790371e-10,1e-10,1.000000082790371e-10
305,2024,1,0,1.2836529602175484e-10,1.2836531838302897e-10,1e-10,1.000000082790371e-10,1e-10,1.000000082790371e-10
305,2025,1,0,1.1555459595716234e-07,1.1555460267941974e-07,3.683448182124879e-08,3.6834482476421045e-08,5.1105271965803084e-08,5.110527332011466e-08
305,2026,1,0,2.6415639473385977e-05,2.6415988372513675e-05,1.1451812577460377e-05,1.14518781499517e-05,1.2995292069164354e-05,1.2995376508757318e-05
306,2022,1,0,1e-10,1.000000082790371e-10,1e-10,1.000000082790371e-10,1e-10,1.000000082790371e-10
306,2023,1,0,1.2836529602175484e-10,1.2836531838302897e-10,1e-10,1.000000082790371e-10,1e-10,1.000000082790371e-10
306,2024,1,0,1.1555459595716234e-07,1.1555460267941974e-07,3.683448182124879e-08,3.6834482476421045e-08,6.085895488836264e-08,6.085895672752626e-08
306,2025,1,0,2.6415639473385977e-05,2.6415988372513675e-05,1.1451812577460377e-05,1.14518781499517e-05,1.5763374049885437e-05,1.5763498293135003e-05
306,2026,1,0,0.001531221780594614,0.0015323952987626704,0.0008559991239071411,0.0008563657003648481,0.0009168100717145443,0.0009172305991171309
307,2022,1,0,1e-10,1.000000082790371e-10,1e-10,1.000000082790371e-10,1e-10,1.000000082790371e-10
307,2023,1,0,1e-10,1.000000082790371e-10,1e-10,1.000000082790371e-10,1e-10,1.000000082790371e-10
307,2024,1,0,1.2836529602175484e-10,1.2836531838302897e-10,1e-10,1.000000082790371e-10,1e-10,1.000000082790371e-10
307,2025,1,0,1.1555459595716234e-07,1.1555460267941974e-07,3.683448182124879e-08,3.6834482476421045e-08,5.1105271965803084e-08,5.110527332011466e-08
307,2026,1,0,2.6415639473385977e-05,2.6415988372513675e-05,1.1451812577460377e-05,1.14518781499517e-05,1.2995292069164354e-05,1.2995376508757318e-05
308,2022,0,0,1e-10,1.000000082790371e-10,1e-10,1.000000082790371e-10,1e-10,1.000000082790371e-10
308,2023,0,0,1e-10,1.000000082790371e-10,1e-10,1.000000082790371e-10,1e-10,1.000000082790371e-10
308,2024,0,0,1e-10,1.000000082790371e-10,1e-10,1.000000082790371e-10,1e-10,1.000000082790371e-10
308,2025,0,0,1e-10,1.000000082790371e-10,1e-10,1.000000082790371e-10,1e-10,1.000000082790371e-10
308,2026,0,0,1e-10,1.000000082790371e-10,1e-10,1.000000082790371e-10,1e-10,1.000000082790371e-10
309,2022,1,0,1e-10,1.000000082790371e-10,1e-10,1.000000082790371e-10,1e-10,1.000000082790371e-10
309,2023,1,0,1e-10,1.000000082790371e-10,1e-10,1.000000082790371e-10,1e-10,1.000000082790371e-10
309,2024,1,0,1e-10,1.000000082790371e-10,1e-10,1.000000082790371e-10,1e-10,1.000000082790371e-10
309,2025,1,0,2.552679089239866e-10,2.552679179472175e-10,1.9265692250119852e-08,1.926569244932032e-08,1e-10,1.000000082790371e-10
309,2026,1,0,1.4819284045998991e-08,1.4819284131943981e-08,1.441285544811561e-06,1.4412865834539497e-06,1e-10,1.000000082790371e-10
310,2022,1,0,4.903728938130535e-10,4.903728535546837e-10,2.9820803608712955e-08,2.9820804048892604e-08,1e-10,1.000000082790371e-10
310,2023,1,0,2.8468032409673084e-08,2.8468032781097908e-08,2.0266252597986204e-06,2.0266273134399617e-06,1e-10,1.000000082790371e-10
310,2024,1,0,4.19695168942768e-07,4.1969525702372574e-07,3.648093184940531e-05,3.648159729475923e-05,1e-10,1.000000082790371e-10
310,2025,1,0,1.5712881635754304e-06,1.571289398056636e-06,0.00015800178126494687,0.00015801426486131723,1e-10,1.000000082790371e-10
310,2026,1,0,1.4939082380300799e-06,1.4939093538859058e-06,0.00016468321136056395,0.00016469677312954187,1e-10,1.000000082790371e-10
311,2022,1,0,1e-10,1.000000082790371e-10,1e-10,1.000000082790371e-10,1e-10,1.000000082790371e-10
311,2023,1,0,1e-10,1.000000082790371e-10,1e-10,1.000000082790371e-10,1e-10,1.000000082790371e-10
311,2024,1,0,1.2160260541340925e-08,1.2160260650202038e-08,4.630057417560736e-09,4.6300574592701e-09,2.3148578317783135e-09,2.3148578636314854e-09
311,2025,1,0,1.0946562930872393e-05,1.094662284493749e-05,5.982283628416604e-06,5.982301522399602e-06,2.6191415099460347e-06,2.6191449398535078e-06
311,2026,1,0,0.002496217426725994,0.0024993381719008384,0.0018564669394390847,0.00185819230991388,0.0006655748637071262,0.000665796456986774
312,2022,1,0,1e-10,1.000000082790371e-10,1e-10,1.000000082790371e-10,1e-10,1.000000082790371e-10
312,2023,1,0,1e-10,1.000000082790371e-10,1e-10,1.000000082790371e-10,1e-10,1.000000082790371e-10
312,2024,1,0,1e-10,1.000000082790371e-10,1e-10,1.000000082790371e-10,1e-10,1.000000082790371e-10
312,2025,1,0,1e-10,1.000000082790371e-10,1.0801757304694216e-09,1.0801757272254862e-09,1e-10,1.000000082790371e-10
312,2026,1,0,1.8624690915366784e-08,1.8624691074076678e-08,3.358295398250506e-07,3.35829596234432e-07,1e-10,1.000000082790371e-10
313,2022,1,0,1e-10,1.000000082790371e-10,1e-10,1.000000082790371e-10,1e-10,1.000000082790371e-10
313,2023,1,0,1e-10,1.000000082790371e-10,1e-10,1.000000082790371e-10,1e-10,1.000000082790371e-10
313,2024,1,0,2.552679089239866e-10,2.552679179472175e-10,1.9265692250119852e-08,1.926569244932032e-08,1e-10,1.000000082790371e-10
313,2025,1,0,1.4819284045998991e-08,1.4819284131943981e-08,1.441285544811561e-06,1.4412865834539497e-06,1e-10,1.000000082790371e-10
313,2026,1,0,2.1847604352849117e-07,2.1847606734458236e-07,2.5944590752287418e-05,2.594492731905196e-05,1e-10,1.000000082790371e-10
314,2022,1,0,1e-10,1.000000082790371e-10,1e-10,1.000000082790371e-10,1e-10,1.000000082790371e-10
314,2023,1,0,1e-10,1.000000082790371e-10,1e-10,1.000000082790371e-10,1e-10,1.000000082790371e-10
314,2024,1,0,1e-10,1.000000082790371e-10,1.0801757304694216e-09,1.0801757272254862e-09,1e-10,1.000000082790371e-10
314,2025,1,0,1.8624690915366784e-08,1.8624691074076678e-08,3.358295398250506e-07,3.35829596234432e-07,1e-10,1.000000082790371e-10
314,2026,1,0,1.0812338176072077e-06,1.0812344021239935e-06,2.5123153922821503e-05,2.5123469514496492e-05,1.8228871775350136e-10,1.8228873967514613e-10
315,2022,1,0,1e-10,1.000000082790371e-10,1e-10,1.000000082790371e-10,1e-10,1.000000082790371e-10
315,2023,1,0,1e-10,1.000000082790371e-10,1e-10,1.000000082790371e-10,1e-10,1.000000082790371e-10
315,2024,1,0,1e-10,1.000000082790371e-10,1.262324972615207e-09,1.2623250230854673e-09,1e-10,1.000000082790371e-10
315,2025,1,0,1e-10,1.000000082790371e-10,9.443590865732483e-08,9.443591310761981e-08,1e-10,1.000000082790371e-10
315,2026,1,0,9.612936278895355e-10,9.612936007387895e-10,1.6999803505574685e-06,1.6999817955683836e-06,1e-10,1.000000082790371e-10
316,2022,1,0,1e-10,1.000000082790371e-10,1e-10,1.000000082790371e-10,1e-10,1.000000082790371e-10
316,2023,1,0,1e-10,1.000000082790371e-10,1e-10,1.000000082790371e-10,1e-10,1.000000082790371e-10
316,2024,1,0,1e-10,1.000000082790371e-10,1e-10,1.000000082790371e-10,1e-10,1.000000082790371e-10
316,2025,1,0,2.552679089239866e-10,2.552679179472175e-10,1.9265692250119852e-08,1.926569244932032e-08,1e-10,1.000000082790371e-10
316,2026,1,0,1.4819284045998991e-08,1.4819284131943981e-08,1.441285544811561e-06,1.4412865834539497e-06,1e-10,1.000000082790371e-10
317,2022,1,0,1e-10,1.000000082790371e-10,1e-10,1.000000082790371e-10,1e-10,1.000000082790371e-10
317,2023,1,0,1e-10,1.000000082790371e-10,1e-10,1.000000082790371e-10,1e-10,1.000000082790371e-10
317,2024,1,0,2.552679089239866e-10,2.552679179472175e-10,1.9265692250119852e-08,1.926569244932032e-08,1e-10,1.000000082790371e-10
317,2025,1,0,1.4819284045998991e-08,1.4819284131943981e-08,1.441285544811561e-06,1.4412865834539497e-06,1e-10,1.000000082790371e-10
317,2026,1,0,2.1847604352849117e-07,2.1847606734458236e-07,2.5944590752287418e-05,2.594492731905196e-05,1e-10,1.000000082790371e-10
318,2022,1,0,1e-10,1.000000082790371e-10,1e-10,1.000000082790371e-10,1e-10,1.000000082790371e-10
318,2023,1,0,1.2836529602175484e-10,1.2836531838302897e-10,1e-10,1.000000082790371e-10,1e-10,1.000000082790371e-10
318,2024,1,0,1.1555459595716234e-07,1.1555460267941974e-07,3.683448182124879e-08,3.6834482476421045e-08,6.085895488836264e-08,6.085895672752626e-08
318,2025,1,0,2.6415639473385977e-05,2.6415988372513675e-05,1.1451812577460377e-05,1.14518781499517e-05,1.5763374049885437e-05,1.5763498293135003e-05
318,2026,1,0,0.001531221780594614,0.0015323952987626704,0.0008559991239071411,0.0008563657003648481,0.0009168100717145443,0.0009172305991171309
319,2022,1,0,1e-10,1.000000082790371e-10,1e-10,1.000000082790371e-10,1e-10,1.000000082790371e-10
319,2023,1,0,1.2836529602175484e-10,1.2836531838302897e-10,1e-10,1.000000082790371e-10,1e-10,1.000000082790371e-10
319,2024,1,0,1.1555459595716234e-07,1.1555460267941974e-07,3.683448182124879e-08,3.6834482476421045e-08,6.085895488836264e-08,6.085895672752626e-08
319,2025,1,0,2.6415639473385977e-05,2.6415988372513675e-05,1.1451812577460377e-05,1.14518781499517e-05,1.5763374049885437e-05,1.5763498293135003e-05
319,2026,1,0,0.001531221780594614,0.0015323952987626704,0.0008559991239071411,0.0008563657003648481,0.0009168100717145443,0.0009172305991171309
320,2022,1,0,1e-10,1.000000082790371e-10,1e-10,1.000000082790371e-10,1e-10,1.000000082790371e-10
320,2023,1,0,1e-10,1.000000082790371e-10,1e-10,1.000000082790371e-10,1e-10,1.000000082790371e-10
320,2024,1,1,1e-10,23.025850929940457,1e-10,23.025850929940457,1e-10,23.025850929940457
321,2022,1,0,0.00398387269815989,0.003991829458508406,0.002829460114817035,0.002833470603886679,0.0025558717481527155,0.002559143564433464
321,2023,1,0,0.1884462074222428,0.20880460638985812,0.16166209917252222,0.17633403682809465,0.13617966017010824,0.14639047181230247
321,2024,1,0,0.7739251780489911,1.486889263921937,0.7763531558108375,1.4976870596917116,0.6855151592189789,1.1568194050175893
321,2025,1,0,0.9276227243372187,2.625862900919643,0.9376420692463663,2.7748644176132506,0.8713637352312746,2.050766510285812
321,2026,1,0,0.9241581204874383,2.579104638740111,0.9400206495360323,2.8137549349301847,0.8255077326524266,1.7458748515159357
323,2022,1,0,1e-10,1.000000082790371e-10,1e-10,1.000000082790371e-10,1e-10,1.000000082790371e-10
323,2023,1,0,1e-10,1.000000082790371e-10,1e-10,1.000000082790371e-10,1e-10,1.000000082790371e-10
323,2024,1,0,1.2836529602175484e-10,1.2836531838302897e-10,1e-10,1.000000082790371e-10,1e-10,1.000000082790371e-10
323,2025,1,0,1.1555459595716234e-07,1.1555460267941974e-07,3.683448182124879e-08,3.6834482476421045e-08,5.1105271965803084e-08,5.110527332011466e-08
323,2026,1,0,2.6415639473385977e-05,2.6415988372513675e-05,1.1451812577460377e-05,1.14518781499517e-05,1.2995292069164354e-05,1.2995376508757318e-05
324,2022,1,0,1e-10,1.000000082790371e-10,1e-10,1.000000082790371e-10,1e-10,1.000000082790371e-10
324,2023,1,0,1e-10,1.000000082790371e-10,1e-10,1.000000082790371e-10,1e-10,1.000000082790371e-10
324,2024,1,0,1.2836529602175484e-10,1.2836531838302897e-10,1e-10,1.000000082790371e-10,1e-10,1.000000082790371e-10
324,2025,1,0,1.1555459595716234e-07,1.1555460267941974e-07,3.683448182124879e-08,3.6834482476421045e-08,5.1105271965803084e-08,5.110527332011466e-08
324,2026,1,0,2.6415639473385977e-05,2.6415988372513675e-05,1.1451812577460377e-05,1.14518781499517e-05,1.2995292069164354e-05,1.2995376508757318e-05
325,2025,0,0,1e-10,1.000000082790371e-10,1e-10,1.000000082790371e-10,1e-10,1.000000082790371e-10
325,2026,0,0,1e-10,1.000000082790371e-10,1e-10,1.000000082790371e-10,1e-10,1.000000082790371e-10
326,2025,0,0,1e-10,1.000000082790371e-10,1e-10,1.000000082790371e-10,1e-10,1.000000082790371e-10
326,2026,0,0,1e-10,1.000000082790371e-10,1e-10,1.000000082790371e-10,1e-10,1.000000082790371e-10
327,2024,0,0,1e-10,1.000000082790371e-10,1e-10,1.000000082790371e-10,1e-10,1.000000082790371e-10
327,2025,0,0,1e-10,1.000000082790371e-10,1e-10,1.000000082790371e-10,1e-10,1.000000082790371e-10
327,2026,0,0,1e-10,1.000000082790371e-10,1e-10,1.000000082790371e-10,1e-10,1.000000082790371e-10
328,2023,1,0,1e-10,1.000000082790371e-10,1e-10,1.000000082790371e-10,1e-10,1.000000082790371e-10
328,2024,1,0,1e-10,1.000000082790371e-10,1e-10,1.000000082790371e-10,1e-10,1.000000082790371e-10
328,2025,1,0,1.2836529602175484e-10,1.2836531838302897e-10,1e-10,1.000000082790371e-10,1e-10,1.000000082790371e-10
328,2026,1,0,1.1555459595716234e-07,1.1555460267941974e-07,3.683448182124879e-08,3.6834482476421045e-08,4.213096136294034e-08,4.2130962273786456e-08
329,2023,1,0,1e-10,1.000000082790371e-10,1e-10,1.000000082790371e-10,1e-10,1.000000082790371e-10
329,2024,1,0,1e-10,1.000000082790371e-10,1e-10,1.000000082790371e-10,1e-10,1.000000082790371e-10
329,2025,1,0,1.2836529602175484e-10,1.2836531838302897e-10,1e-10,1.000000082790371e-10,1e-10,1.000000082790371e-10
329,2026,1,0,1.1555459595716234e-07,1.1555460267941974e-07,3.683448182124879e-08,3.6834482476421045e-08,4.213096136294034e-08,4.2130962273786456e-08
330,2025,1,0,1e-10,1.000000082790371e-10,1e-10,1.000000082790371e-10,1e-10,1.000000082790371e-10
330,2026,1,0,1e-10,1.000000082790371e-10,1e-10,1.000000082790371e-10,1e-10,1.000000082790371e-10
331,2025,1,0,1e-10,1.000000082790371e-10,1e-10,1.000000082790371e-10,1e-10,1.000000082790371e-10
331,2026,1,0,1e-10,1.000000082790371e-10,1e-10,1.000000082790371e-10,1e-10,1.000000082790371e-10
332,2022,0,0,1e-10,1.000000082790371e-10,1e-10,1.000000082790371e-10,1e-10,1.000000082790371e-10
332,2023,0,0,1e-10,1.000000082790371e-10,1e-10,1.000000082790371e-10,1e-10,1.000000082790371e-10
332,2024,0,0,1e-10,1.000000082790371e-10,1e-10,1.000000082790371e-10,1e-10,1.000000082790371e-10
332,2025,0,0,1e-10,1.000000082790371e-10,1e-10,1.000000082790371e-10,1e-10,1.000000082790371e-10
332,2026,0,0,1e-10,1.000000082790371e-10,1e-10,1.000000082790371e-10,1e-10,1.000000082790371e-10
333,2025,0,0,1e-10,1.000000082790371e-10,1e-10,1.000000082790371e-10,1e-10,1.000000082790371e-10
333,2026,0,0,1e-10,1.000000082790371e-10,1e-10,1.000000082790371e-10,1e-10,1.000000082790371e-10
334,2025,1,0,1e-10,1.000000082790371e-10,1e-10,1.000000082790371e-10,1e-10,1.000000082790371e-10
334,2026,1,0,1e-10,1.000000082790371e-10,1e-10,1.000000082790371e-10,1e-10,1.000000082790371e-10
335,2025,1,0,1e-10,1.000000082790371e-10,1e-10,1.000000082790371e-10,1e-10,1.000000082790371e-10
335,2026,1,0,1e-10,1.000000082790371e-10,1e-10,1.000000082790371e-10,1e-10,1.000000082790371e-10
336,2022,1,0,1e-10,1.000000082790371e-10,1e-10,1.000000082790371e-10,1e-10,1.000000082790371e-10
336,2023,1,0,1e-10,1.000000082790371e-10,1e-10,1.000000082790371e-10,1e-10,1.000000082790371e-10
336,2024,1,0,1e-10,1.000000082790371e-10,1e-10,1.000000082790371e-10,1e-10,1.000000082790371e-10
336,2025,1,0,1e-10,1.000000082790371e-10,1e-10,1.000000082790371e-10,1e-10,1.000000082790371e-10
336,2026,1,0,1e-10,1.000000082790371e-10,1e-10,1.000000082790371e-10,1e-10,1.000000082790371e-10
337,2025,0,0,1e-10,1.000000082790371e-10,1e-10,1.000000082790371e-10,1e-10,1.000000082790371e-10
337,2026,0,0,1e-10,1.000000082790371e-10,1e-10,1.000000082790371e-10,1e-10,1.000000082790371e-10
338,2025,0,0,1e-10,1.000000082790371e-10,1e-10,1.000000082790371e-10,1e-10,1.000000082790371e-10
338,2026,0,0,1e-10,1.000000082790371e-10,1e-10,1.000000082790371e-10,1e-10,1.000000082790371e-10
339,2025,0,0,1e-10,1.000000082790371e-10,1e-10,1.000000082790371e-10,1e-10,1.000000082790371e-10
339,2026,0,1,1e-10,23.025850929940457,1e-10,23.025850929940457,1e-10,23.025850929940457
340,2022,0,0,1e-10,1.000000082790371e-10,1e-10,1.000000082790371e-10,1e-10,1.000000082790371e-10
340,2023,0,0,1e-10,1.000000082790371e-10,1e-10,1.000000082790371e-10,1e-10,1.000000082790371e-10
340,2024,0,0,1e-10,1.000000082790371e-10,1e-10,1.000000082790371e-10,1e-10,1.000000082790371e-10
340,2025,0,0,1e-10,1.000000082790371e-10,1e-10,1.000000082790371e-10,1e-10,1.000000082790371e-10
340,2026,0,0,1e-10,1.000000082790371e-10,1e-10,1.000000082790371e-10,1e-10,1.000000082790371e-10
341,2025,1,0,1e-10,1.000000082790371e-10,1e-10,1.000000082790371e-10,1e-10,1.000000082790371e-10
341,2026,1,0,1e-10,1.000000082790371e-10,1e-10,1.000000082790371e-10,1e-10,1.000000082790371e-10
342,2025,0,0,1e-10,1.000000082790371e-10,1e-10,1.000000082790371e-10,1e-10,1.000000082790371e-10
342,2026,0,0,1e-10,1.000000082790371e-10,1e-10,1.000000082790371e-10,1e-10,1.000000082790371e-10
343,2025,0,0,1e-10,1.000000082790371e-10,1e-10,1.000000082790371e-10,1e-10,1.000000082790371e-10
343,2026,0,0,1e-10,1.000000082790371e-10,1e-10,1.000000082790371e-10,1e-10,1.000000082790371e-10
344,2023,0,0,1e-10,1.000000082790371e-10,1e-10,1.000000082790371e-10,1e-10,1.000000082790371e-10
344,2024,0,0,1e-10,1.000000082790371e-10,1e-10,1.000000082790371e-10,1e-10,1.000000082790371e-10
344,2025,0,0,1e-10,1.000000082790371e-10,1e-10,1.000000082790371e-10,1e-10,1.000000082790371e-10
344,2026,0,0,1e-10,1.000000082790371e-10,1e-10,1.000000082790371e-10,1e-10,1.000000082790371e-10
345,2022,1,0,2.6415639473385977e-05,2.6415988372513675e-05,1.2606217162080206e-05,1.2606296621060046e-05,2.518864554894358e-05,2.5188962788160957e-05
345,2023,1,0,0.001531221780594614,0.0015323952987626704,0.0008559991239071411,0.0008563657003648481,0.001547325134373306,0.0015485234782202386
345,2024,1,0,0.022109081978754688,0.022357150933493643,0.015188186458127447,0.015304708304606352,0.020978519841889406,0.021201695774949555
345,2025,1,0,0.0780395833095557,0.08125298835317392,0.06262055837444823,0.06466712500610565,0.062431577326595815,0.0644655396158227
345,2026,1,0,0.07448267547740318,0.07740242804859657,0.06509662676134857,0.06731209916360709,0.04443942765202545,0.045457123958937966
346,2022,0,0,1e-10,1.000000082790371e-10,9.944709544684058e-10,9.94470950527619e-10,1e-10,1.000000082790371e-10
346,2023,0,0,1e-10,1.000000082790371e-10,4.307655290108835e-09,4.307655352816333e-09,1e-10,1.000000082790371e-10
346,2024,0,0,1e-10,1.000000082790371e-10,4.489843350992712e-09,4.489843396047931e-09,1e-10,1.000000082790371e-10
346,2025,0,0,1e-10,1.000000082790371e-10,1.126063397820597e-09,1.1260633543076102e-09,1e-10,1.000000082790371e-10
346,2026,0,0,1e-10,1.000000082790371e-10,1e-10,1.000000082790371e-10,1e-10,1.000000082790371e-10
347,2025,0,0,1e-10,1.000000082790371e-10,1e-10,1.000000082790371e-10,1e-10,1.000000082790371e-10
347,2026,0,0,1e-10,1.000000082790371e-10,1e-10,1.000000082790371e-10,1e-10,1.000000082790371e-10
348,2025,0,0,1e-10,1.000000082790371e-10,1e-10,1.000000082790371e-10,1e-10,1.000000082790371e-10
348,2026,0,0,1e-10,1.000000082790371e-10,1e-10,1.000000082790371e-10,1e-10,1.000000082790371e-10
349,2022,1,0,0.0011899446546279656,0.001190653200911515,0.0011587879588047286,0.0011594598726921246,0.0007755878827159801,0.0007758888066032824
349,2023,1,0,1.8549870904654184e-05,1.855004295564351e-05,1.5303976249662083e-05,1.5304093356753576e-05,6.8734968906912685e-06,6.873520513246081e-06
349,2024,1,0,7.334992727490701e-08,7.334992993327751e-08,5.3476967820206285e-08,5.347696928385348e-08,1.367992297398571e-08,1.3679923065757488e-08
349,2025,1,0,1e-10,1.000000082790371e-10,1e-10,1.000000082790371e-10,1e-10,1.000000082790371e-10
349,2026,1,0,1e-10,1.000000082790371e-10,1e-10,1.000000082790371e-10,1e-10,1.000000082790371e-10
350,2025,0,0,1e-10,1.000000082790371e-10,1e-10,1.000000082790371e-10,1e-10,1.000000082790371e-10
350,2026,0,0,1e-10,1.000000082790371e-10,1e-10,1.000000082790371e-10,1e-10,1.000000082790371e-10
351,2023,0,0,1e-10,1.000000082790371e-10,1e-10,1.000000082790371e-10,1e-10,1.000000082790371e-10
351,2024,0,0,1e-10,1.000000082790371e-10,1e-10,1.000000082790371e-10,1e-10,1.000000082790371e-10
351,2025,0,0,1e-10,1.000000082790371e-10,1e-10,1.000000082790371e-10,1e-10,1.000000082790371e-10
351,2026,0,0,1e-10,1.000000082790371e-10,1e-10,1.000000082790371e-10,1e-10,1.000000082790371e-10
352,2025,0,0,1e-10,1.000000082790371e-10,1e-10,1.000000082790371e-10,1e-10,1.000000082790371e-10
352,2026,0,0,1e-10,1.000000082790371e-10,1e-10,1.000000082790371e-10,1e-10,1.000000082790371e-10
353,2025,0,0,1e-10,1.000000082790371e-10,1e-10,1.000000082790371e-10,1e-10,1.000000082790371e-10
353,2026,0,0,1e-10,1.000000082790371e-10,1e-10,1.000000082790371e-10,1e-10,1.000000082790371e-10
354,2025,0,0,1e-10,1.000000082790371e-10,1e-10,1.000000082790371e-10,1e-10,1.000000082790371e-10
354,2026,0,0,1e-10,1.000000082790371e-10,1e-10,1.000000082790371e-10,1e-10,1.000000082790371e-10
355,2024,0,0,1e-10,1.000000082790371e-10,1e-10,1.000000082790371e-10,1e-10,1.000000082790371e-10
355,2025,0,0,1e-10,1.000000082790371e-10,1e-10,1.000000082790371e-10,1e-10,1.000000082790371e-10
355,2026,0,0,1e-10,1.000000082790371e-10,1e-10,1.000000082790371e-10,1e-10,1.000000082790371e-10
356,2024,0,0,1e-10,1.000000082790371e-10,1e-10,1.000000082790371e-10,1e-10,1.000000082790371e-10
356,2025,0,0,1e-10,1.000000082790371e-10,1e-10,1.000000082790371e-10,1e-10,1.000000082790371e-10
356,2026,0,0,1e-10,1.000000082790371e-10,1e-10,1.000000082790371e-10,1e-10,1.000000082790371e-10
357,2023,0,0,1e-10,1.000000082790371e-10,1e-10,1.000000082790371e-10,1e-10,1.000000082790371e-10
357,2024,0,0,1e-10,1.000000082790371e-10,1e-10,1.000000082790371e-10,1e-10,1.000000082790371e-10
357,2025,0,0,1e-10,1.000000082790371e-10,1e-10,1.000000082790371e-10,1e-10,1.000000082790371e-10
357,2026,0,0,1e-10,1.000000082790371e-10,1e-10,1.000000082790371e-10,1e-10,1.000000082790371e-10
358,2024,0,0,1e-10,1.000000082790371e-10,1e-10,1.000000082790371e-10,1e-10,1.000000082790371e-10
358,2025,0,0,1e-10,1.000000082790371e-10,1e-10,1.000000082790371e-10,1e-10,1.000000082790371e-10
358,2026,0,0,1e-10,1.000000082790371e-10,1e-10,1.000000082790371e-10,1e-10,1.000000082790371e-10
359,2023,0,0,1e-10,1.000000082790371e-10,1e-10,1.000000082790371e-10,1e-10,1.000000082790371e-10
359,2024,0,0,1e-10,1.000000082790371e-10,1e-10,1.000000082790371e-10,1e-10,1.000000082790371e-10
359,2025,0,0,1e-10,1.000000082790371e-10,1e-10,1.000000082790371e-10,1e-10,1.000000082790371e-10
359,2026,0,0,1e-10,1.000000082790371e-10,1e-10,1.000000082790371e-10,1e-10,1.000000082790371e-10
360,2022,0,0,1e-10,1.000000082790371e-10,1e-10,1.000000082790371e-10,1e-10,1.000000082790371e-10
360,2023,0,0,1e-10,1.000000082790371e-10,1e-10,1.000000082790371e-10,1e-10,1.000000082790371e-10
360,2024,0,0,1e-10,1.000000082790371e-10,1e-10,1.000000082790371e-10,1e-10,1.000000082790371e-10
360,2025,0,0,1e-10,1.000000082790371e-10,1e-10,1.000000082790371e-10,1e-10,1.000000082790371e-10
360,2026,0,0,1e-10,1.000000082790371e-10,1e-10,1.000000082790371e-10,1e-10,1.000000082790371e-10
361,2022,0,0,1e-10,1.000000082790371e-10,1e-10,1.000000082790371e-10,1e-10,1.000000082790371e-10
361,2023,0,0,1e-10,1.000000082790371e-10,1e-10,1.000000082790371e-10,1e-10,1.000000082790371e-10
361,2024,0,0,1e-10,1.000000082790371e-10,1e-10,1.000000082790371e-10,1e-10,1.000000082790371e-10
361,2025,0,0,1e-10,1.000000082790371e-10,1e-10,1.000000082790371e-10,1e-10,1.000000082790371e-10
361,2026,0,0,1e-10,1.000000082790371e-10,1e-10,1.000000082790371e-10,1e-10,1.000000082790371e-10
362,2022,0,0,1e-10,1.000000082790371e-10,1e-10,1.000000082790371e-10,1e-10,1.000000082790371e-10
362,2023,0,0,1e-10,1.000000082790371e-10,1e-10,1.000000082790371e-10,1e-10,1.000000082790371e-10
362,2024,0,0,1e-10,1.000000082790371e-10,1e-10,1.000000082790371e-10,1e-10,1.000000082790371e-10
362,2025,0,0,1e-10,1.000000082790371e-10,1e-10,1.000000082790371e-10,1e-10,1.000000082790371e-10
362,2026,0,0,1e-10,1.000000082790371e-10,1e-10,1.000000082790371e-10,1e-10,1.000000082790371e-10
363,2025,1,0,1e-10,1.000000082790371e-10,1e-10,1.000000082790371e-10,1e-10,1.000000082790371e-10
363,2026,1,0,1e-10,1.000000082790371e-10,1e-10,1.000000082790371e-10,1e-10,1.000000082790371e-10
364,2025,1,0,1e-10,1.000000082790371e-10,1e-10,1.000000082790371e-10,1e-10,1.000000082790371e-10
364,2026,1,0,1e-10,1.000000082790371e-10,1e-10,1.000000082790371e-10,1e-10,1.000000082790371e-10
365,2025,0,0,1e-10,1.000000082790371e-10,1e-10,1.000000082790371e-10,1e-10,1.000000082790371e-10
365,2026,0,0,1e-10,1.000000082790371e-10,1e-10,1.000000082790371e-10,1e-10,1.000000082790371e-10
366,2025,0,0,1e-10,1.000000082790371e-10,1e-10,1.000000082790371e-10,1e-10,1.000000082790371e-10
366,2026,0,0,1e-10,1.000000082790371e-10,1e-10,1.000000082790371e-10,1e-10,1.000000082790371e-10
367,2025,0,0,1e-10,1.000000082790371e-10,1e-10,1.000000082790371e-10,1e-10,1.000000082790371e-10
367,2026,0,0,1e-10,1.000000082790371e-10,1e-10,1.000000082790371e-10,1e-10,1.000000082790371e-10
368,2025,0,0,1e-10,1.000000082790371e-10,1e-10,1.000000082790371e-10,1e-10,1.000000082790371e-10
368,2026,0,0,1e-10,1.000000082790371e-10,1e-10,1.000000082790371e-10,1e-10,1.000000082790371e-10
369,2022,0,0,1e-10,1.000000082790371e-10,1e-10,1.000000082790371e-10,1e-10,1.000000082790371e-10
369,2023,0,0,1e-10,1.000000082790371e-10,1e-10,1.000000082790371e-10,1e-10,1.000000082790371e-10
369,2024,0,0,1e-10,1.000000082790371e-10,1e-10,1.000000082790371e-10,1e-10,1.000000082790371e-10
369,2025,0,0,1e-10,1.000000082790371e-10,1e-10,1.000000082790371e-10,1e-10,1.000000082790371e-10
369,2026,0,0,1e-10,1.000000082790371e-10,1e-10,1.000000082790371e-10,1e-10,1.000000082790371e-10
370,2025,0,0,1e-10,1.000000082790371e-10,1e-10,1.000000082790371e-10,1e-10,1.000000082790371e-10
370,2026,0,0,1e-10,1.000000082790371e-10,1e-10,1.000000082790371e-10,1e-10,1.000000082790371e-10
371,2022,0,0,1e-10,1.000000082790371e-10,1e-10,1.000000082790371e-10,1e-10,1.000000082790371e-10
371,2023,0,0,1e-10,1.000000082790371e-10,1e-10,1.000000082790371e-10,1e-10,1.000000082790371e-10
371,2024,0,0,1e-10,1.000000082790371e-10,1e-10,1.000000082790371e-10,1e-10,1.000000082790371e-10
371,2025,0,0,1e-10,1.000000082790371e-10,1e-10,1.000000082790371e-10,1e-10,1.000000082790371e-10
371,2026,0,0,1e-10,1.000000082790371e-10,1e-10,1.000000082790371e-10,1e-10,1.000000082790371e-10
372,2024,1,0,1e-10,1.000000082790371e-10,1e-10,1.000000082790371e-10,1e-10,1.000000082790371e-10
372,2025,1,0,1e-10,1.000000082790371e-10,1e-10,1.000000082790371e-10,1e-10,1.000000082790371e-10
372,2026,1,0,1.2836529602175484e-10,1.2836531838302897e-10,1e-10,1.000000082790371e-10,1e-10,1.000000082790371e-10
373,2023,0,0,1e-10,1.000000082790371e-10,1e-10,1.000000082790371e-10,1e-10,1.000000082790371e-10
373,2024,0,0,1e-10,1.000000082790371e-10,1e-10,1.000000082790371e-10,1e-10,1.000000082790371e-10
373,2025,0,0,1e-10,1.000000082790371e-10,1e-10,1.000000082790371e-10,1e-10,1.000000082790371e-10
373,2026,0,0,1e-10,1.000000082790371e-10,1e-10,1.000000082790371e-10,1e-10,1.000000082790371e-10
374,2023,1,0,1e-10,1.000000082790371e-10,1e-10,1.000000082790371e-10,1e-10,1.000000082790371e-10
374,2024,1,0,1e-10,1.000000082790371e-10,1e-10,1.000000082790371e-10,1e-10,1.000000082790371e-10
374,2025,1,0,1.2836529602175484e-10,1.2836531838302897e-10,1e-10,1.000000082790371e-10,1e-10,1.000000082790371e-10
374,2026,1,0,1.1555459595716234e-07,1.1555460267941974e-07,3.683448182124879e-08,3.6834482476421045e-08,4.213096136294034e-08,4.2130962273786456e-08
375,2025,0,0,1e-10,1.000000082790371e-10,1e-10,1.000000082790371e-10,1e-10,1.000000082790371e-10
375,2026,0,0,1e-10,1.000000082790371e-10,1e-10,1.000000082790371e-10,1e-10,1.000000082790371e-10
376,2025,0,0,1e-10,1.000000082790371e-10,1e-10,1.000000082790371e-10,1e-10,1.000000082790371e-10
376,2026,0,0,1e-10,1.000000082790371e-10,1e-10,1.000000082790371e-10,1e-10,1.000000082790371e-10
377,2025,0,0,1e-10,1.000000082790371e-10,1e-10,1.000000082790371e-10,1e-10,1.000000082790371e-10
377,2026,0,0,1e-10,1.000000082790371e-10,1e-10,1.000000082790371e-10,1e-10,1.000000082790371e-10
378,2025,0,0,1e-10,1.000000082790371e-10,1e-10,1.000000082790371e-10,1e-10,1.000000082790371e-10
378,2026,0,0,1e-10,1.000000082790371e-10,1e-10,1.000000082790371e-10,1e-10,1.000000082790371e-10
379,2022,0,0,1e-10,1.000000082790371e-10,1e-10,1.000000082790371e-10,1e-10,1.000000082790371e-10
379,2023,0,0,1e-10,1.000000082790371e-10,1e-10,1.000000082790371e-10,1e-10,1.000000082790371e-10
379,2024,0,0,1e-10,1.000000082790371e-10,1e-10,1.000000082790371e-10,1e-10,1.000000082790371e-10
379,2025,0,0,1e-10,1.000000082790371e-10,1e-10,1.000000082790371e-10,1e-10,1.000000082790371e-10
379,2026,0,0,1e-10,1.000000082790371e-10,1e-10,1.000000082790371e-10,1e-10,1.000000082790371e-10
380,2025,0,0,1e-10,1.000000082790371e-10,1e-10,1.000000082790371e-10,1e-10,1.000000082790371e-10
380,2026,0,0,1e-10,1.000000082790371e-10,1e-10,1.000000082790371e-10,1e-10,1.000000082790371e-10
381,2025,0,0,1e-10,1.000000082790371e-10,1e-10,1.000000082790371e-10,1e-10,1.000000082790371e-10
381,2026,0,0,1e-10,1.000000082790371e-10,1e-10,1.000000082790371e-10,1e-10,1.000000082790371e-10
382,2024,0,0,1e-10,1.000000082790371e-10,1e-10,1.000000082790371e-10,1e-10,1.000000082790371e-10
382,2025,0,0,1e-10,1.000000082790371e-10,1e-10,1.000000082790371e-10,1e-10,1.000000082790371e-10
382,2026,0,0,1e-10,1.000000082790371e-10,1e-10,1.000000082790371e-10,1e-10,1.000000082790371e-10
383,2022,0,0,1e-10,1.000000082790371e-10,1e-10,1.000000082790371e-10,1e-10,1.000000082790371e-10
383,2023,0,0,1e-10,1.000000082790371e-10,1e-10,1.000000082790371e-10,1e-10,1.000000082790371e-10
383,2024,0,0,1e-10,1.000000082790371e-10,1e-10,1.000000082790371e-10,1e-10,1.000000082790371e-10
383,2025,0,0,1e-10,1.000000082790371e-10,1e-10,1.000000082790371e-10,1e-10,1.000000082790371e-10
383,2026,0,0,1e-10,1.000000082790371e-10,4.700104627238594e-10,4.700104750948607e-10,1e-10,1.000000082790371e-10
384,2024,1,0,1e-10,1.000000082790371e-10,1e-10,1.000000082790371e-10,1e-10,1.000000082790371e-10
384,2025,1,0,1e-10,1.000000082790371e-10,1e-10,1.000000082790371e-10,1e-10,1.000000082790371e-10
384,2026,1,0,1e-10,1.000000082790371e-10,1e-10,1.000000082790371e-10,1e-10,1.000000082790371e-10
385,2024,0,0,1e-10,1.000000082790371e-10,1e-10,1.000000082790371e-10,1e-10,1.000000082790371e-10
385,2025,0,0,1e-10,1.000000082790371e-10,1e-10,1.000000082790371e-10,1e-10,1.000000082790371e-10
385,2026,0,0,1e-10,1.000000082790371e-10,1e-10,1.000000082790371e-10,1e-10,1.000000082790371e-10
386,2024,1,0,1e-10,1.000000082790371e-10,1e-10,1.000000082790371e-10,1e-10,1.000000082790371e-10
386,2025,1,0,1e-10,1.000000082790371e-10,1e-10,1.000000082790371e-10,1e-10,1.000000082790371e-10
386,2026,1,0,1.2160260541340925e-08,1.2160260650202038e-08,4.630057417560736e-09,4.6300574592701e-09,1.6025116483389616e-09,1.6025116801949225e-09
387,2024,0,0,1e-10,1.000000082790371e-10,1e-10,1.000000082790371e-10,1e-10,1.000000082790371e-10
387,2025,0,0,1e-10,1.000000082790371e-10,1e-10,1.000000082790371e-10,1e-10,1.000000082790371e-10
387,2026,0,0,1e-10,1.000000082790371e-10,1e-10,1.000000082790371e-10,1e-10,1.000000082790371e-10
388,2024,1,0,1e-10,1.000000082790371e-10,1e-10,1.000000082790371e-10,1e-10,1.000000082790371e-10
388,2025,1,0,1e-10,1.000000082790371e-10,1e-10,1.000000082790371e-10,1e-10,1.000000082790371e-10
388,2026,1,0,1e-10,1.000000082790371e-10,1e-10,1.000000082790371e-10,1e-10,1.000000082790371e-10
389,2024,0,0,1e-10,1.000000082790371e-10,1e-10,1.000000082790371e-10,1e-10,1.000000082790371e-10
389,2025,0,0,1e-10,1.000000082790371e-10,1e-10,1.000000082790371e-10,1e-10,1.000000082790371e-10
389,2026,0,0,1e-10,1.000000082790371e-10,1e-10,1.000000082790371e-10,1e-10,1.000000082790371e-10
390,2024,0,0,1e-10,1.000000082790371e-10,1e-10,1.000000082790371e-10,1e-10,1.000000082790371e-10
390,2025,0,0,1e-10,1.000000082790371e-10,1e-10,1.000000082790371e-10,1e-10,1.000000082790371e-10
390,2026,0,0,1e-10,1.000000082790371e-10,1e-10,1.000000082790371e-10,1e-10,1.000000082790371e-10
391,2024,0,0,1e-10,1.000000082790371e-10,1e-10,1.000000082790371e-10,1e-10,1.000000082790371e-10
391,2025,0,0,1e-10,1.000000082790371e-10,1e-10,1.000000082790371e-10,1e-10,1.000000082790371e-10
391,2026,0,0,1e-10,1.000000082790371e-10,1e-10,1.000000082790371e-10,1e-10,1.000000082790371e-10
392,2024,0,0,1e-10,1.000000082790371e-10,1e-10,1.000000082790371e-10,1e-10,1.000000082790371e-10
392,2025,0,0,1e-10,1.000000082790371e-10,1e-10,1.000000082790371e-10,1e-10,1.000000082790371e-10
392,2026,0,0,1e-10,1.000000082790371e-10,1e-10,1.000000082790371e-10,1e-10,1.000000082790371e-10
393,2022,1,0,1e-10,1.000000082790371e-10,1e-10,1.000000082790371e-10,1e-10,1.000000082790371e-10
393,2023,1,0,1e-10,1.000000082790371e-10,1e-10,1.000000082790371e-10,1e-10,1.000000082790371e-10
393,2024,1,0,1.2836529602175484e-10,1.2836531838302897e-10,1e-10,1.000000082790371e-10,1e-10,1.000000082790371e-10
393,2025,1,0,1.1555459595716234e-07,1.1555460267941974e-07,3.683448182124879e-08,3.6834482476421045e-08,5.1105271965803084e-08,5.110527332011466e-08
393,2026,1,0,2.6415639473385977e-05,2.6415988372513675e-05,1.1451812577460377e-05,1.14518781499517e-05,1.2995292069164354e-05,1.2995376508757318e-05
394,2022,0,0,1e-10,1.000000082790371e-10,1e-10,1.000000082790371e-10,1e-10,1.000000082790371e-10
394,2023,0,0,1e-10,1.000000082790371e-10,1e-10,1.000000082790371e-10,1e-10,1.000000082790371e-10
394,2024,0,0,1e-10,1.000000082790371e-10,1e-10,1.000000082790371e-10,1e-10,1.000000082790371e-10
394,2025,0,0,1e-10,1.000000082790371e-10,1e-10,1.000000082790371e-10,1e-10,1.000000082790371e-10
394,2026,0,0,1e-10,1.000000082790371e-10,1e-10,1.000000082790371e-10,1e-10,1.000000082790371e-10
395,2024,0,0,1e-10,1.000000082790371e-10,1e-10,1.000000082790371e-10,1e-10,1.000000082790371e-10
395,2025,0,0,1e-10,1.000000082790371e-10,1e-10,1.000000082790371e-10,1e-10,1.000000082790371e-10
395,2026,0,0,1e-10,1.000000082790371e-10,1e-10,1.000000082790371e-10,1e-10,1.000000082790371e-10
396,2022,1,0,1e-10,1.000000082790371e-10,1e-10,1.000000082790371e-10,1e-10,1.000000082790371e-10
396,2023,1,0,1e-10,1.000000082790371e-10,1e-10,1.000000082790371e-10,1e-10,1.000000082790371e-10
396,2024,1,0,1.2836529602175484e-10,1.2836531838302897e-10,1e-10,1.000000082790371e-10,1e-10,1.000000082790371e-10
396,2025,1,0,1.1555459595716234e-07,1.1555460267941974e-07,3.683448182124879e-08,3.6834482476421045e-08,5.1105271965803084e-08,5.110527332011466e-08
396,2026,1,0,2.6415639473385977e-05,2.6415988372513675e-05,1.1451812577460377e-05,1.14518781499517e-05,1.2995292069164354e-05,1.2995376508757318e-05
397,2024,0,0,1e-10,1.000000082790371e-10,1e-10,1.000000082790371e-10,1e-10,1.000000082790371e-10
397,2025,0,0,1e-10,1.000000082790371e-10,1e-10,1.000000082790371e-10,1e-10,1.000000082790371e-10
397,2026,0,0,1e-10,1.000000082790371e-10,1e-10,1.000000082790371e-10,1e-10,1.000000082790371e-10
398,2024,0,0,1e-10,1.000000082790371e-10,1e-10,1.000000082790371e-10,1e-10,1.000000082790371e-10
398,2025,0,0,1e-10,1.000000082790371e-10,1e-10,1.000000082790371e-10,1e-10,1.000000082790371e-10
398,2026,0,0,1e-10,1.000000082790371e-10,1e-10,1.000000082790371e-10,1e-10,1.000000082790371e-10
399,2024,0,0,1e-10,1.000000082790371e-10,1e-10,1.000000082790371e-10,1e-10,1.000000082790371e-10
399,2025,0,0,1e-10,1.000000082790371e-10,1e-10,1.000000082790371e-10,1e-10,1.000000082790371e-10
399,2026,0,0,1e-10,1.000000082790371e-10,1e-10,1.000000082790371e-10,1e-10,1.000000082790371e-10
400,2024,0,0,1e-10,1.000000082790371e-10,1e-10,1.000000082790371e-10,1e-10,1.000000082790371e-10
400,2025,0,0,1e-10,1.000000082790371e-10,1e-10,1.000000082790371e-10,1e-10,1.000000082790371e-10
400,2026,0,0,1e-10,1.000000082790371e-10,1e-10,1.000000082790371e-10,1e-10,1.000000082790371e-10
401,2022,0,0,1e-10,1.000000082790371e-10,1e-10,1.000000082790371e-10,1e-10,1.000000082790371e-10
401,2023,0,0,1e-10,1.000000082790371e-10,1e-10,1.000000082790371e-10,1e-10,1.000000082790371e-10
401,2024,0,0,1e-10,1.000000082790371e-10,1e-10,1.000000082790371e-10,1e-10,1.000000082790371e-10
401,2025,0,0,1e-10,1.000000082790371e-10,1e-10,1.000000082790371e-10,1e-10,1.000000082790371e-10
401,2026,0,0,1e-10,1.000000082790371e-10,1e-10,1.000000082790371e-10,1e-10,1.000000082790371e-10
402,2024,1,0,1e-10,1.000000082790371e-10,1e-10,1.000000082790371e-10,1e-10,1.000000082790371e-10
402,2025,1,0,1e-10,1.000000082790371e-10,1e-10,1.000000082790371e-10,1e-10,1.000000082790371e-10
402,2026,1,0,1.2836529602175484e-10,1.2836531838302897e-10,1e-10,1.000000082790371e-10,1e-10,1.000000082790371e-10
403,2024,0,0,1e-10,1.000000082790371e-10,1e-10,1.000000082790371e-10,1e-10,1.000000082790371e-10
403,2025,0,0,1e-10,1.000000082790371e-10,1e-10,1.000000082790371e-10,1e-10,1.000000082790371e-10
403,2026,0,0,1e-10,1.000000082790371e-10,1e-10,1.000000082790371e-10,1e-10,1.000000082790371e-10
404,2024,0,0,1e-10,1.000000082790371e-10,1e-10,1.000000082790371e-10,1e-10,1.000000082790371e-10
404,2025,0,0,1e-10,1.000000082790371e-10,1e-10,1.000000082790371e-10,1e-10,1.000000082790371e-10
404,2026,0,0,1e-10,1.000000082790371e-10,1e-10,1.000000082790371e-10,1e-10,1.000000082790371e-10
405,2024,1,0,1e-10,1.000000082790371e-10,1e-10,1.000000082790371e-10,1e-10,1.000000082790371e-10
405,2025,1,0,1e-10,1.000000082790371e-10,1e-10,1.000000082790371e-10,1e-10,1.000000082790371e-10
405,2026,1,0,1.2836529602175484e-10,1.2836531838302897e-10,1e-10,1.000000082790371e-10,1e-10,1.000000082790371e-10
406,2024,1,0,1e-10,1.000000082790371e-10,1e-10,1.000000082790371e-10,1e-10,1.000000082790371e-10
406,2025,1,0,1e-10,1.000000082790371e-10,1e-10,1.000000082790371e-10,1e-10,1.000000082790371e-10
406,2026,1,0,1.2836529602175484e-10,1.2836531838302897e-10,1e-10,1.000000082790371e-10,1e-10,1.000000082790371e-10
407,2022,1,0,1e-10,1.000000082790371e-10,1e-10,1.000000082790371e-10,1e-10,1.000000082790371e-10
407,2023,1,0,1e-10,1.000000082790371e-10,1.0801757304694216e-09,1.0801757272254862e-09,1e-10,1.000000082790371e-10
407,2024,1,0,1.8624690915366784e-08,1.8624691074076678e-08,3.358295398250506e-07,3.35829596234432e-07,1e-10,1.000000082790371e-10
407,2025,1,0,1.0812338176072077e-06,1.0812344021239935e-06,2.5123153922821503e-05,2.5123469514496492e-05,2.21118015800298e-10,2.2111801281312575e-10
407,2026,1,0,1.5940056480797988e-05,1.5940183524806947e-05,0.00045206005545706917,0.00045216226540844786,2.946738235656121e-09,2.9467381911347736e-09
408,2024,1,0,1e-10,1.000000082790371e-10,1e-10,1.000000082790371e-10,1e-10,1.000000082790371e-10
408,2025,1,0,1e-10,1.000000082790371e-10,1e-10,1.000000082790371e-10,1e-10,1.000000082790371e-10
408,2026,1,0,1e-10,1.000000082790371e-10,1e-10,1.000000082790371e-10,1e-10,1.000000082790371e-10
409,2023,1,0,1e-10,1.000000082790371e-10,1e-10,1.000000082790371e-10,1e-10,1.000000082790371e-10
409,2024,1,0,1e-10,1.000000082790371e-10,1e-10,1.000000082790371e-10,1e-10,1.000000082790371e-10
409,2025,1,0,1e-10,1.000000082790371e-10,1e-10,1.000000082790371e-10,1e-10,1.000000082790371e-10
409,2026,1,0,1e-10,1.000000082790371e-10,1e-10,1.000000082790371e-10,1e-10,1.000000082790371e-10
410,2024,0,0,1e-10,1.000000082790371e-10,1e-10,1.000000082790371e-10,1e-10,1.000000082790371e-10
410,2025,0,0,1e-10,1.000000082790371e-10,1e-10,1.000000082790371e-10,1e-10,1.000000082790371e-10
410,2026,0,0,1e-10,1.000000082790371e-10,1e-10,1.000000082790371e-10,1e-10,1.000000082790371e-10
411,2024,1,0,1e-10,1.000000082790371e-10,1e-10,1.000000082790371e-10,1e-10,1.000000082790371e-10
411,2025,1,0,1e-10,1.000000082790371e-10,1e-10,1.000000082790371e-10,1e-10,1.000000082790371e-10
411,2026,1,0,1.2836529602175484e-10,1.2836531838302897e-10,1e-10,1.000000082790371e-10,1e-10,1.000000082790371e-10
412,2024,1,0,1e-10,1.000000082790371e-10,1e-10,1.000000082790371e-10,1e-10,1.000000082790371e-10
412,2025,1,0,1e-10,1.000000082790371e-10,1e-10,1.000000082790371e-10,1e-10,1.000000082790371e-10
412,2026,1,0,1.2836529602175484e-10,1.2836531838302897e-10,1e-10,1.000000082790371e-10,1e-10,1.000000082790371e-10
413,2022,0,0,1e-10,1.000000082790371e-10,1e-10,1.000000082790371e-10,1e-10,1.000000082790371e-10
413,2023,0,0,1e-10,1.000000082790371e-10,1e-10,1.000000082790371e-10,1e-10,1.000000082790371e-10
413,2024,0,0,1e-10,1.000000082790371e-10,1e-10,1.000000082790371e-10,1e-10,1.000000082790371e-10
413,2025,0,0,1e-10,1.000000082790371e-10,1e-10,1.000000082790371e-10,1e-10,1.000000082790371e-10
413,2026,0,0,1e-10,1.000000082790371e-10,1e-10,1.000000082790371e-10,1e-10,1.000000082790371e-10
414,2023,1,0,1e-10,1.000000082790371e-10,1e-10,1.000000082790371e-10,1e-10,1.000000082790371e-10
414,2024,1,0,1e-10,1.000000082790371e-10,1e-10,1.000000082790371e-10,1e-10,1.000000082790371e-10
414,2025,1,0,1.2160260541340925e-08,1.2160260650202038e-08,4.630057417560736e-09,4.6300574592701e-09,1.943862463005192e-09,1.943862517285989e-09
414,2026,1,0,1.0946562930872393e-05,1.094662284493749e-05,5.982283628416604e-06,5.982301522399602e-06,2.1592097111891672e-06,2.159212042235565e-06
415,2024,0,0,1e-10,1.000000082790371e-10,1e-10,1.000000082790371e-10,1e-10,1.000000082790371e-10
415,2025,0,0,1e-10,1.000000082790371e-10,1e-10,1.000000082790371e-10,1e-10,1.000000082790371e-10
415,2026,0,0,1e-10,1.000000082790371e-10,1e-10,1.000000082790371e-10,1e-10,1.000000082790371e-10
416,2024,0,0,1e-10,1.000000082790371e-10,1e-10,1.000000082790371e-10,1e-10,1.000000082790371e-10
416,2025,0,0,1e-10,1.000000082790371e-10,1e-10,1.000000082790371e-10,1e-10,1.000000082790371e-10
416,2026,0,0,1e-10,1.000000082790371e-10,1e-10,1.000000082790371e-10,1e-10,1.000000082790371e-10
417,2022,0,0,1e-10,1.000000082790371e-10,1e-10,1.000000082790371e-10,1e-10,1.000000082790371e-10
417,2023,0,0,1e-10,1.000000082790371e-10,1e-10,1.000000082790371e-10,1e-10,1.000000082790371e-10
417,2024,0,0,1e-10,1.000000082790371e-10,1e-10,1.000000082790371e-10,1e-10,1.000000082790371e-10
417,2025,0,0,1e-10,1.000000082790371e-10,1e-10,1.000000082790371e-10,1e-10,1.000000082790371e-10
417,2026,0,0,1e-10,1.000000082790371e-10,2.5792144162164275e-10,2.57921461999055e-10,1e-10,1.000000082790371e-10
418,2024,0,0,1e-10,1.000000082790371e-10,1e-10,1.000000082790371e-10,1e-10,1.000000082790371e-10
418,2025,0,0,1e-10,1.000000082790371e-10,1e-10,1.000000082790371e-10,1e-10,1.000000082790371e-10
418,2026,0,0,1e-10,1.000000082790371e-10,1e-10,1.000000082790371e-10,1e-10,1.000000082790371e-10
419,2024,0,0,1e-10,1.000000082790371e-10,1e-10,1.000000082790371e-10,1e-10,1.000000082790371e-10
419,2025,0,0,1e-10,1.000000082790371e-10,1e-10,1.000000082790371e-10,1e-10,1.000000082790371e-10
419,2026,0,0,1e-10,1.000000082790371e-10,1e-10,1.000000082790371e-10,1e-10,1.000000082790371e-10
420,2023,1,0,1e-10,1.000000082790371e-10,1e-10,1.000000082790371e-10,1e-10,1.000000082790371e-10
420,2024,1,0,1e-10,1.000000082790371e-10,1e-10,1.000000082790371e-10,1e-10,1.000000082790371e-10
420,2025,1,0,1.2836529602175484e-10,1.2836531838302897e-10,1e-10,1.000000082790371e-10,1e-10,1.000000082790371e-10
420,2026,1,0,1.1555459595716234e-07,1.1555460267941974e-07,3.683448182124879e-08,3.6834482476421045e-08,4.213096136294034e-08,4.2130962273786456e-08
421,2024,1,0,1e-10,1.000000082790371e-10,1e-10,1.000000082790371e-10,1e-10,1.000000082790371e-10
421,2025,1,0,1e-10,1.000000082790371e-10,1e-10,1.000000082790371e-10,1e-10,1.000000082790371e-10
421,2026,1,0,1.2160260541340925e-08,1.2160260650202038e-08,4.630057417560736e-09,4.6300574592701e-09,1.6025116483389616e-09,1.6025116801949225e-09
422,2024,0,0,1e-10,1.000000082790371e-10,1e-10,1.000000082790371e-10,1e-10,1.000000082790371e-10
422,2025,0,0,1e-10,1.000000082790371e-10,1e-10,1.000000082790371e-10,1e-10,1.000000082790371e-10
422,2026,0,0,1e-10,1.000000082790371e-10,1e-10,1.000000082790371e-10,1e-10,1.000000082790371e-10
423,2024,0,0,1e-10,1.000000082790371e-10,1e-10,1.000000082790371e-10,1e-10,1.000000082790371e-10
423,2025,0,0,1e-10,1.000000082790371e-10,1e-10,1.000000082790371e-10,1e-10,1.000000082790371e-10
423,2026,0,0,1e-10,1.000000082790371e-10,1e-10,1.000000082790371e-10,1e-10,1.000000082790371e-10
424,2024,1,0,1e-10,1.000000082790371e-10,1e-10,1.000000082790371e-10,1e-10,1.000000082790371e-10
424,2025,1,0,1e-10,1.000000082790371e-10,1e-10,1.000000082790371e-10,1e-10,1.000000082790371e-10
424,2026,1,0,1.2836529602175484e-10,1.2836531838302897e-10,1e-10,1.000000082790371e-10,1e-10,1.000000082790371e-10
425,2022,0,0,1e-10,1.000000082790371e-10,1e-10,1.000000082790371e-10,1e-10,1.000000082790371e-10
425,2023,0,0,1e-10,1.000000082790371e-10,1e-10,1.000000082790371e-10,1e-10,1.000000082790371e-10
425,2024,0,0,1e-10,1.000000082790371e-10,1e-10,1.000000082790371e-10,1e-10,1.000000082790371e-10
425,2025,0,0,1e-10,1.000000082790371e-10,1e-10,1.000000082790371e-10,1e-10,1.000000082790371e-10
425,2026,0,0,1e-10,1.000000082790371e-10,8.028857618331448e-10,8.028857582002153e-10,1e-10,1.000000082790371e-10
426,2022,1,0,2.2115547839891406e-08,2.2115548082035547e-08,2.744324263291154e-06,2.7443280289465815e-06,1e-10,1.000000082790371e-10
426,2023,1,0,3.443521530010664e-10,3.4435210244754596e-10,3.620262070746682e-08,3.620262133436378e-08,1e-10,1.000000082790371e-10
426,2024,1,0,1e-10,1.000000082790371e-10,1.2650156376190767e-10,1.2650158699135322e-10,1e-10,1.000000082790371e-10
426,2025,1,0,1e-10,1.000000082790371e-10,1e-10,1.000000082790371e-10,1e-10,1.000000082790371e-10
426,2026,1,0,1e-10,1.000000082790371e-10,1e-10,1.000000082790371e-10,1e-10,1.000000082790371e-10
427,2024,1,0,1e-10,1.000000082790371e-10,1e-10,1.000000082790371e-10,1e-10,1.000000082790371e-10
427,2025,1,0,1e-10,1.000000082790371e-10,1e-10,1.000000082790371e-10,1e-10,1.000000082790371e-10
427,2026,1,0,1.2836529602175484e-10,1.2836531838302897e-10,1e-10,1.000000082790371e-10,1e-10,1.000000082790371e-10
428,2022,1,0,1e-10,1.000000082790371e-10,1e-10,1.000000082790371e-10,1e-10,1.000000082790371e-10
428,2023,1,0,1e-10,1.000000082790371e-10,1e-10,1.000000082790371e-10,1e-10,1.000000082790371e-10
428,2024,1,0,1e-10,1.000000082790371e-10,1e-10,1.000000082790371e-10,1e-10,1.000000082790371e-10
428,2025,1,0,1e-10,1.000000082790371e-10,1e-10,1.000000082790371e-10,1e-10,1.000000082790371e-10
428,2026,1,0,1e-10,1.000000082790371e-10,1.262324972615207e-09,1.2623250230854673e-09,1e-10,1.000000082790371e-10
429,2022,1,0,1e-10,1.000000082790371e-10,1e-10,1.000000082790371e-10,1e-10,1.000000082790371e-10
429,2023,1,0,1e-10,1.000000082790371e-10,1e-10,1.000000082790371e-10,1e-10,1.000000082790371e-10
429,2024,1,0,1e-10,1.000000082790371e-10,1e-10,1.000000082790371e-10,1e-10,1.000000082790371e-10
429,2025,1,0,1e-10,1.000000082790371e-10,1.262324972615207e-09,1.2623250230854673e-09,1e-10,1.000000082790371e-10
429,2026,1,0,1e-10,1.000000082790371e-10,9.443590865732483e-08,9.443591310761981e-08,1e-10,1.000000082790371e-10
430,2024,0,0,1e-10,1.000000082790371e-10,1e-10,1.000000082790371e-10,1e-10,1.000000082790371e-10
430,2025,0,0,1e-10,1.000000082790371e-10,1e-10,1.000000082790371e-10,1e-10,1.000000082790371e-10
430,2026,0,0,1e-10,1.000000082790371e-10,1e-10,1.000000082790371e-10,1e-10,1.000000082790371e-10
431,2024,1,0,1e-10,1.000000082790371e-10,1e-10,1.000000082790371e-10,1e-10,1.000000082790371e-10
431,2025,1,0,1e-10,1.000000082790371e-10,1e-10,1.000000082790371e-10,1e-10,1.000000082790371e-10
431,2026,1,0,1.2836529602175484e-10,1.2836531838302897e-10,1e-10,1.000000082790371e-10,1e-10,1.000000082790371e-10
432,2024,0,0,1e-10,1.000000082790371e-10,1e-10,1.000000082790371e-10,1e-10,1.000000082790371e-10
432,2025,0,0,1e-10,1.000000082790371e-10,1e-10,1.000000082790371e-10,1e-10,1.000000082790371e-10
432,2026,0,0,1e-10,1.000000082790371e-10,1e-10,1.000000082790371e-10,1e-10,1.000000082790371e-10
433,2024,0,0,1e-10,1.000000082790371e-10,1e-10,1.000000082790371e-10,1e-10,1.000000082790371e-10
433,2025,0,0,1e-10,1.000000082790371e-10,1e-10,1.000000082790371e-10,1e-10,1.000000082790371e-10
433,2026,0,0,1e-10,1.000000082790371e-10,1e-10,1.000000082790371e-10,1e-10,1.000000082790371e-10
434,2022,0,0,1e-10,1.000000082790371e-10,1e-10,1.000000082790371e-10,1e-10,1.000000082790371e-10
434,2023,0,0,1e-10,1.000000082790371e-10,1e-10,1.000000082790371e-10,1e-10,1.000000082790371e-10
434,2024,0,0,1e-10,1.000000082790371e-10,1e-10,1.000000082790371e-10,1e-10,1.000000082790371e-10
434,2025,0,0,1e-10,1.000000082790371e-10,1e-10,1.000000082790371e-10,1e-10,1.000000082790371e-10
434,2026,0,0,1e-10,1.000000082790371e-10,1e-10,1.000000082790371e-10,1e-10,1.000000082790371e-10
435,2023,0,0,1e-10,1.000000082790371e-10,1e-10,1.000000082790371e-10,1e-10,1.000000082790371e-10
435,2024,0,0,1e-10,1.000000082790371e-10,1e-10,1.000000082790371e-10,1e-10,1.000000082790371e-10
435,2025,0,0,1e-10,1.000000082790371e-10,1e-10,1.000000082790371e-10,1e-10,1.000000082790371e-10
435,2026,0,0,1e-10,1.000000082790371e-10,1e-10,1.000000082790371e-10,1e-10,1.000000082790371e-10
436,2024,0,0,1e-10,1.000000082790371e-10,1e-10,1.000000082790371e-10,1e-10,1.000000082790371e-10
436,2025,0,0,1e-10,1.000000082790371e-10,1e-10,1.000000082790371e-10,1e-10,1.000000082790371e-10
436,2026,0,0,1e-10,1.000000082790371e-10,1e-10,1.000000082790371e-10,1e-10,1.000000082790371e-10
437,2022,1,0,8.261524825026855e-10,8.26152480101631e-10,2.1189734372263345e-06,2.118975682298018e-06,1e-10,1.000000082790371e-10
437,2023,1,0,1e-10,1.000000082790371e-10,1.1616850107685376e-07,1.1616850778846387e-07,1e-10,1.000000082790371e-10
437,2024,1,0,1e-10,1.000000082790371e-10,1.6869526706709623e-09,1.6869526900738381e-09,1e-10,1.000000082790371e-10
437,2025,1,0,1e-10,1.000000082790371e-10,1e-10,1.000000082790371e-10,1e-10,1.000000082790371e-10
437,2026,1,0,1e-10,1.000000082790371e-10,1e-10,1.000000082790371e-10,1e-10,1.000000082790371e-10
438,2024,1,0,1e-10,1.000000082790371e-10,1e-10,1.000000082790371e-10,1e-10,1.000000082790371e-10
438,2025,1,0,1e-10,1.000000082790371e-10,1e-10,1.000000082790371e-10,1e-10,1.000000082790371e-10
438,2026,1,0,1.2836529602175484e-10,1.2836531838302897e-10,1e-10,1.000000082790371e-10,1e-10,1.000000082790371e-10
439,2022,0,0,1e-10,1.000000082790371e-10,1e-10,1.000000082790371e-10,1e-10,1.000000082790371e-10
439,2023,0,0,1e-10,1.000000082790371e-10,1e-10,1.000000082790371e-10,1e-10,1.000000082790371e-10
439,2024,0,0,1e-10,1.000000082790371e-10,1e-10,1.000000082790371e-10,1e-10,1.000000082790371e-10
439,2025,0,0,1e-10,1.000000082790371e-10,1e-10,1.000000082790371e-10,1e-10,1.000000082790371e-10
439,2026,0,0,1e-10,1.000000082790371e-10,8.435676128804899e-10,8.435676605250453e-10,1e-10,1.000000082790371e-10
440,2024,0,0,1e-10,1.000000082790371e-10,1e-10,1.000000082790371e-10,1e-10,1.000000082790371e-10
440,2025,0,0,1e-10,1.000000082790371e-10,1e-10,1.000000082790371e-10,1e-10,1.000000082790371e-10
440,2026,0,0,1e-10,1.000000082790371e-10,1e-10,1.000000082790371e-10,1e-10,1.000000082790371e-10
441,2022,0,0,1e-10,1.000000082790371e-10,1e-10,1.000000082790371e-10,1e-10,1.000000082790371e-10
441,2023,0,0,1e-10,1.000000082790371e-10,1e-10,1.000000082790371e-10,1e-10,1.000000082790371e-10
441,2024,0,0,1e-10,1.000000082790371e-10,1e-10,1.000000082790371e-10,1e-10,1.000000082790371e-10
441,2025,0,0,1e-10,1.000000082790371e-10,1e-10,1.000000082790371e-10,1e-10,1.000000082790371e-10
441,2026,0,0,1e-10,1.000000082790371e-10,1e-10,1.000000082790371e-10,1e-10,1.000000082790371e-10
442,2022,0,0,1e-10,1.000000082790371e-10,1e-10,1.000000082790371e-10,1e-10,1.000000082790371e-10
442,2023,0,0,1e-10,1.000000082790371e-10,1e-10,1.000000082790371e-10,1e-10,1.000000082790371e-10
442,2024,0,0,1e-10,1.000000082790371e-10,1e-10,1.000000082790371e-10,1e-10,1.000000082790371e-10
442,2025,0,0,1e-10,1.000000082790371e-10,1e-10,1.000000082790371e-10,1e-10,1.000000082790371e-10
442,2026,0,0,1e-10,1.000000082790371e-10,1e-10,1.000000082790371e-10,1e-10,1.000000082790371e-10
443,2023,0,0,1e-10,1.000000082790371e-10,1e-10,1.000000082790371e-10,1e-10,1.000000082790371e-10
443,2024,0,0,1e-10,1.000000082790371e-10,1e-10,1.000000082790371e-10,1e-10,1.000000082790371e-10
443,2025,0,0,1e-10,1.000000082790371e-10,1e-10,1.000000082790371e-10,1e-10,1.000000082790371e-10
443,2026,0,0,1e-10,1.000000082790371e-10,1e-10,1.000000082790371e-10,1e-10,1.000000082790371e-10
444,2022,0,0,1e-10,1.000000082790371e-10,1e-10,1.000000082790371e-10,1e-10,1.000000082790371e-10
444,2023,0,0,1e-10,1.000000082790371e-10,1e-10,1.000000082790371e-10,1e-10,1.000000082790371e-10
444,2024,0,0,1e-10,1.000000082790371e-10,1e-10,1.000000082790371e-10,1e-10,1.000000082790371e-10
444,2025,0,0,1e-10,1.000000082790371e-10,1e-10,1.000000082790371e-10,1e-10,1.000000082790371e-10
444,2026,0,0,1e-10,1.000000082790371e-10,1e-10,1.000000082790371e-10,1e-10,1.000000082790371e-10
445,2024,0,0,1e-10,1.000000082790371e-10,1e-10,1.000000082790371e-10,1e-10,1.000000082790371e-10
445,2025,0,0,1e-10,1.000000082790371e-10,1e-10,1.000000082790371e-10,1e-10,1.000000082790371e-10
445,2026,0,0,1e-10,1.000000082790371e-10,1e-10,1.000000082790371e-10,1e-10,1.000000082790371e-10
446,2024,0,0,1e-10,1.000000082790371e-10,1e-10,1.000000082790371e-10,1e-10,1.000000082790371e-10
446,2025,0,0,1e-10,1.000000082790371e-10,1e-10,1.000000082790371e-10,1e-10,1.000000082790371e-10
446,2026,0,0,1e-10,1.000000082790371e-10,1e-10,1.000000082790371e-10,1e-10,1.000000082790371e-10
447,2023,1,0,1e-10,1.000000082790371e-10,1e-10,1.000000082790371e-10,1e-10,1.000000082790371e-10
447,2024,1,0,1e-10,1.000000082790371e-10,1e-10,1.000000082790371e-10,1e-10,1.000000082790371e-10
447,2025,1,0,1.2836529602175484e-10,1.2836531838302897e-10,1e-10,1.000000082790371e-10,1e-10,1.000000082790371e-10
447,2026,1,0,1.1555459595716234e-07,1.1555460267941974e-07,3.683448182124879e-08,3.6834482476421045e-08,4.213096136294034e-08,4.2130962273786456e-08
448,2024,0,0,1e-10,1.000000082790371e-10,1e-10,1.000000082790371e-10,1e-10,1.000000082790371e-10
448,2025,0,0,1e-10,1.000000082790371e-10,1e-10,1.000000082790371e-10,1e-10,1.000000082790371e-10
448,2026,0,0,1e-10,1.000000082790371e-10,1e-10,1.000000082790371e-10,1e-10,1.000000082790371e-10
449,2022,0,0,1e-10,1.000000082790371e-10,1e-10,1.000000082790371e-10,1e-10,1.000000082790371e-10
449,2023,0,0,1e-10,1.000000082790371e-10,1e-10,1.000000082790371e-10,1e-10,1.000000082790371e-10
449,2024,0,0,1e-10,1.000000082790371e-10,1e-10,1.000000082790371e-10,1e-10,1.000000082790371e-10
449,2025,0,0,1e-10,1.000000082790371e-10,1e-10,1.000000082790371e-10,1e-10,1.000000082790371e-10
449,2026,0,0,1e-10,1.000000082790371e-10,1e-10,1.000000082790371e-10,1e-10,1.000000082790371e-10
450,2024,0,0,1e-10,1.000000082790371e-10,1e-10,1.000000082790371e-10,1e-10,1.000000082790371e-10
450,2025,0,0,1e-10,1.000000082790371e-10,1e-10,1.000000082790371e-10,1e-10,1.000000082790371e-10
450,2026,0,0,1e-10,1.000000082790371e-10,1e-10,1.000000082790371e-10,1e-10,1.000000082790371e-10
451,2023,1,0,1e-10,1.000000082790371e-10,1e-10,1.000000082790371e-10,1e-10,1.000000082790371e-10
451,2024,1,1,1e-10,23.025850929940457,1e-10,23.025850929940457,1e-10,23.025850929940457
452,2022,1,0,1e-10,1.000000082790371e-10,1e-10,1.000000082790371e-10,1e-10,1.000000082790371e-10
452,2023,1,0,1e-10,1.000000082790371e-10,1e-10,1.000000082790371e-10,1e-10,1.000000082790371e-10
452,2024,1,0,1.2836529602175484e-10,1.2836531838302897e-10,1e-10,1.000000082790371e-10,1e-10,1.000000082790371e-10
452,2025,1,0,1.1555459595716234e-07,1.1555460267941974e-07,3.683448182124879e-08,3.6834482476421045e-08,5.1105271965803084e-08,5.110527332011466e-08
452,2026,1,0,2.6415639473385977e-05,2.6415988372513675e-05,1.1451812577460377e-05,1.14518781499517e-05,1.2995292069164354e-05,1.2995376508757318e-05
453,2022,1,0,1e-10,1.000000082790371e-10,1e-10,1.000000082790371e-10,1e-10,1.000000082790371e-10
453,2023,1,0,1e-10,1.000000082790371e-10,1e-10,1.000000082790371e-10,1e-10,1.000000082790371e-10
453,2024,1,0,1.2836529602175484e-10,1.2836531838302897e-10,1e-10,1.000000082790371e-10,1e-10,1.000000082790371e-10
453,2025,1,0,1.1555459595716234e-07,1.1555460267941974e-07,3.683448182124879e-08,3.6834482476421045e-08,5.1105271965803084e-08,5.110527332011466e-08
453,2026,1,0,2.6415639473385977e-05,2.6415988372513675e-05,1.1451812577460377e-05,1.14518781499517e-05,1.2995292069164354e-05,1.2995376508757318e-05
454,2023,1,0,1e-10,1.000000082790371e-10,1e-10,1.000000082790371e-10,1e-10,1.000000082790371e-10
454,2024,1,0,1e-10,1.000000082790371e-10,1e-10,1.000000082790371e-10,1e-10,1.000000082790371e-10
454,2025,1,0,1.2836529602175484e-10,1.2836531838302897e-10,1e-10,1.000000082790371e-10,1e-10,1.000000082790371e-10
454,2026,1,0,1.1555459595716234e-07,1.1555460267941974e-07,3.683448182124879e-08,3.6834482476421045e-08,4.213096136294034e-08,4.2130962273786456e-08
455,2024,0,0,1e-10,1.000000082790371e-10,1e-10,1.000000082790371e-10,1e-10,1.000000082790371e-10
455,2025,0,0,1e-10,1.000000082790371e-10,1e-10,1.000000082790371e-10,1e-10,1.000000082790371e-10
455,2026,0,0,1e-10,1.000000082790371e-10,1e-10,1.000000082790371e-10,1e-10,1.000000082790371e-10
456,2024,1,0,1e-10,1.000000082790371e-10,1e-10,1.000000082790371e-10,1e-10,1.000000082790371e-10
456,2025,1,0,1e-10,1.000000082790371e-10,1e-10,1.000000082790371e-10,1e-10,1.000000082790371e-10
456,2026,1,0,1e-10,1.000000082790371e-10,1e-10,1.000000082790371e-10,1e-10,1.000000082790371e-10
457,2024,0,0,1e-10,1.000000082790371e-10,1e-10,1.000000082790371e-10,1e-10,1.000000082790371e-10
457,2025,0,0,1e-10,1.000000082790371e-10,1e-10,1.000000082790371e-10,1e-10,1.000000082790371e-10
457,2026,0,0,1e-10,1.000000082790371e-10,1e-10,1.000000082790371e-10,1e-10,1.000000082790371e-10
458,2024,0,0,1e-10,1.000000082790371e-10,1e-10,1.000000082790371e-10,1e-10,1.000000082790371e-10
458,2025,0,0,1e-10,1.000000082790371e-10,1e-10,1.000000082790371e-10,1e-10,1.000000082790371e-10
458,2026,0,0,1e-10,1.000000082790371e-10,1e-10,1.000000082790371e-10,1e-10,1.000000082790371e-10
459,2024,0,0,1e-10,1.000000082790371e-10,1e-10,1.000000082790371e-10,1e-10,1.000000082790371e-10
459,2025,0,0,1e-10,1.000000082790371e-10,1e-10,1.000000082790371e-10,1e-10,1.000000082790371e-10
459,2026,0,0,1e-10,1.000000082790371e-10,1e-10,1.000000082790371e-10,1e-10,1.000000082790371e-10
460,2024,1,0,1e-10,1.000000082790371e-10,1e-10,1.000000082790371e-10,1e-10,1.000000082790371e-10
460,2025,1,0,1e-10,1.000000082790371e-10,1e-10,1.000000082790371e-10,1e-10,1.000000082790371e-10
460,2026,1,0,1.2836529602175484e-10,1.2836531838302897e-10,1e-10,1.000000082790371e-10,1e-10,1.000000082790371e-10
461,2024,1,0,1e-10,1.000000082790371e-10,1e-10,1.000000082790371e-10,1e-10,1.000000082790371e-10
461,2025,1,0,1e-10,1.000000082790371e-10,1e-10,1.000000082790371e-10,1e-10,1.000000082790371e-10
461,2026,1,0,1e-10,1.000000082790371e-10,1e-10,1.000000082790371e-10,1e-10,1.000000082790371e-10
462,2024,1,0,1e-10,1.000000082790371e-10,1e-10,1.000000082790371e-10,1e-10,1.000000082790371e-10
462,2025,1,0,1e-10,1.000000082790371e-10,1e-10,1.000000082790371e-10,1e-10,1.000000082790371e-10
462,2026,1,0,1.2836529602175484e-10,1.2836531838302897e-10,1e-10,1.000000082790371e-10,1e-10,1.000000082790371e-10
463,2022,1,0,1e-10,1.000000082790371e-10,1e-10,1.000000082790371e-10,1e-10,1.000000082790371e-10
463,2023,1,0,1e-10,1.000000082790371e-10,1e-10,1.000000082790371e-10,1e-10,1.000000082790371e-10
463,2024,1,0,1.2160260541340925e-08,1.2160260650202038e-08,4.630057417560736e-09,4.6300574592701e-09,2.3148578317783135e-09,2.3148578636314854e-09
463,2025,1,0,1.0946562930872393e-05,1.094662284493749e-05,5.982283628416604e-06,5.982301522399602e-06,2.6191415099460347e-06,2.6191449398535078e-06
463,2026,1,0,0.002496217426725994,0.0024993381719008384,0.0018564669394390847,0.00185819230991388,0.0006655748637071262,0.000665796456986774
464,2022,0,0,1e-10,1.000000082790371e-10,1e-10,1.000000082790371e-10,1e-10,1.000000082790371e-10
464,2023,0,0,1e-10,1.000000082790371e-10,1e-10,1.000000082790371e-10,1e-10,1.000000082790371e-10
464,2024,0,0,1e-10,1.000000082790371e-10,1e-10,1.000000082790371e-10,1e-10,1.000000082790371e-10
464,2025,0,0,1e-10,1.000000082790371e-10,1e-10,1.000000082790371e-10,1e-10,1.000000082790371e-10
464,2026,0,0,1e-10,1.000000082790371e-10,1e-10,1.000000082790371e-10,1e-10,1.000000082790371e-10
465,2023,0,0,1e-10,1.000000082790371e-10,1e-10,1.000000082790371e-10,1e-10,1.000000082790371e-10
465,2024,0,0,1e-10,1.000000082790371e-10,1e-10,1.000000082790371e-10,1e-10,1.000000082790371e-10
465,2025,0,0,1e-10,1.000000082790371e-10,1e-10,1.000000082790371e-10,1e-10,1.000000082790371e-10
465,2026,0,0,1e-10,1.000000082790371e-10,1e-10,1.000000082790371e-10,1e-10,1.000000082790371e-10
466,2023,0,0,1e-10,1.000000082790371e-10,1e-10,1.000000082790371e-10,1e-10,1.000000082790371e-10
466,2024,0,1,1e-10,23.025850929940457,1e-10,23.025850929940457,1e-10,23.025850929940457
467,2023,0,0,1e-10,1.000000082790371e-10,1e-10,1.000000082790371e-10,1e-10,1.000000082790371e-10
467,2024,0,1,1e-10,23.025850929940457,1e-10,23.025850929940457,1e-10,23.025850929940457
468,2023,0,0,1e-10,1.000000082790371e-10,1e-10,1.000000082790371e-10,1e-10,1.000000082790371e-10
468,2024,0,0,1e-10,1.000000082790371e-10,1e-10,1.000000082790371e-10,1e-10,1.000000082790371e-10
468,2025,0,0,1e-10,1.000000082790371e-10,1e-10,1.000000082790371e-10,1e-10,1.000000082790371e-10
468,2026,0,0,1e-10,1.000000082790371e-10,1e-10,1.000000082790371e-10,1e-10,1.000000082790371e-10
469,2023,0,0,1e-10,1.000000082790371e-10,1e-10,1.000000082790371e-10,1e-10,1.000000082790371e-10
469,2024,0,0,1e-10,1.000000082790371e-10,1e-10,1.000000082790371e-10,1e-10,1.000000082790371e-10
469,2025,0,0,1e-10,1.000000082790371e-10,1e-10,1.000000082790371e-10,1e-10,1.000000082790371e-10
469,2026,0,0,1e-10,1.000000082790371e-10,1e-10,1.000000082790371e-10,1e-10,1.000000082790371e-10
470,2023,1,0,1e-10,1.000000082790371e-10,1e-10,1.000000082790371e-10,1e-10,1.000000082790371e-10
470,2024,1,0,1e-10,1.000000082790371e-10,1e-10,1.000000082790371e-10,1e-10,1.000000082790371e-10
470,2025,1,0,1e-10,1.000000082790371e-10,1e-10,1.000000082790371e-10,1e-10,1.000000082790371e-10
470,2026,1,0,1e-10,1.000000082790371e-10,1e-10,1.000000082790371e-10,1e-10,1.000000082790371e-10
471,2023,0,0,1e-10,1.000000082790371e-10,1e-10,1.000000082790371e-10,1e-10,1.000000082790371e-10
471,2024,0,0,1e-10,1.000000082790371e-10,1e-10,1.000000082790371e-10,1e-10,1.000000082790371e-10
471,2025,0,0,1e-10,1.000000082790371e-10,1e-10,1.000000082790371e-10,1e-10,1.000000082790371e-10
471,2026,0,0,1e-10,1.000000082790371e-10,1e-10,1.000000082790371e-10,1e-10,1.000000082790371e-10
472,2023,1,0,1e-10,1.000000082790371e-10,1e-10,1.000000082790371e-10,1e-10,1.000000082790371e-10
472,2024,1,0,1e-10,1.000000082790371e-10,1e-10,1.000000082790371e-10,1e-10,1.000000082790371e-10
472,2025,1,0,1.2836529602175484e-10,1.2836531838302897e-10,1e-10,1.000000082790371e-10,1e-10,1.000000082790371e-10
472,2026,1,0,1.1555459595716234e-07,1.1555460267941974e-07,3.683448182124879e-08,3.6834482476421045e-08,4.213096136294034e-08,4.2130962273786456e-08
473,2023,1,0,1e-10,1.000000082790371e-10,1e-10,1.000000082790371e-10,1e-10,1.000000082790371e-10
473,2024,1,0,1e-10,1.000000082790371e-10,1e-10,1.000000082790371e-10,1e-10,1.000000082790371e-10
473,2025,1,0,1.2836529602175484e-10,1.2836531838302897e-10,1e-10,1.000000082790371e-10,1e-10,1.000000082790371e-10
473,2026,1,0,1.1555459595716234e-07,1.1555460267941974e-07,3.683448182124879e-08,3.6834482476421045e-08,4.213096136294034e-08,4.2130962273786456e-08
474,2023,1,0,1e-10,1.000000082790371e-10,1e-10,1.000000082790371e-10,1e-10,1.000000082790371e-10
474,2024,1,0,1e-10,1.000000082790371e-10,1e-10,1.000000082790371e-10,1e-10,1.000000082790371e-10
474,2025,1,0,1.2836529602175484e-10,1.2836531838302897e-10,1e-10,1.000000082790371e-10,1e-10,1.000000082790371e-10
474,2026,1,0,1.1555459595716234e-07,1.1555460267941974e-07,3.683448182124879e-08,3.6834482476421045e-08,4.213096136294034e-08,4.2130962273786456e-08
475,2023,0,0,1e-10,1.000000082790371e-10,1e-10,1.000000082790371e-10,1e-10,1.000000082790371e-10
475,2024,0,0,1e-10,1.000000082790371e-10,1e-10,1.000000082790371e-10,1e-10,1.000000082790371e-10
475,2025,0,0,1e-10,1.000000082790371e-10,1e-10,1.000000082790371e-10,1e-10,1.000000082790371e-10
475,2026,0,0,1e-10,1.000000082790371e-10,1e-10,1.000000082790371e-10,1e-10,1.000000082790371e-10
476,2023,1,0,1e-10,1.000000082790371e-10,1e-10,1.000000082790371e-10,1e-10,1.000000082790371e-10
476,2024,1,0,1e-10,1.000000082790371e-10,1e-10,1.000000082790371e-10,1e-10,1.000000082790371e-10
476,2025,1,0,1.2836529602175484e-10,1.2836531838302897e-10,1e-10,1.000000082790371e-10,1e-10,1.000000082790371e-10
476,2026,1,0,1.1555459595716234e-07,1.1555460267941974e-07,3.683448182124879e-08,3.6834482476421045e-08,4.213096136294034e-08,4.2130962273786456e-08
477,2023,1,0,1e-10,1.000000082790371e-10,1e-10,1.000000082790371e-10,1e-10,1.000000082790371e-10
477,2024,1,0,1e-10,1.000000082790371e-10,1e-10,1.000000082790371e-10,1e-10,1.000000082790371e-10
477,2025,1,0,1.2160260541340925e-08,1.2160260650202038e-08,4.630057417560736e-09,4.6300574592701e-09,1.943862463005192e-09,1.943862517285989e-09
477,2026,1,0,1.0946562930872393e-05,1.094662284493749e-05,5.982283628416604e-06,5.982301522399602e-06,2.1592097111891672e-06,2.159212042235565e-06
478,2023,0,0,1e-10,1.000000082790371e-10,1e-10,1.000000082790371e-10,1e-10,1.000000082790371e-10
478,2024,0,0,1e-10,1.000000082790371e-10,1e-10,1.000000082790371e-10,1e-10,1.000000082790371e-10
478,2025,0,0,1e-10,1.000000082790371e-10,1e-10,1.000000082790371e-10,1e-10,1.000000082790371e-10
478,2026,0,0,1e-10,1.000000082790371e-10,1e-10,1.000000082790371e-10,1e-10,1.000000082790371e-10
479,2022,0,0,1e-10,1.000000082790371e-10,1e-10,1.000000082790371e-10,1e-10,1.000000082790371e-10
479,2023,0,0,1e-10,1.000000082790371e-10,1e-10,1.000000082790371e-10,1e-10,1.000000082790371e-10
479,2024,0,0,1e-10,1.000000082790371e-10,1e-10,1.000000082790371e-10,1e-10,1.000000082790371e-10
479,2025,0,0,1e-10,1.000000082790371e-10,1e-10,1.000000082790371e-10,1e-10,1.000000082790371e-10
479,2026,0,0,1e-10,1.000000082790371e-10,1e-10,1.000000082790371e-10,1e-10,1.000000082790371e-10
480,2023,0,0,1e-10,1.000000082790371e-10,1e-10,1.000000082790371e-10,1e-10,1.000000082790371e-10
480,2024,0,0,1e-10,1.000000082790371e-10,1e-10,1.000000082790371e-10,1e-10,1.000000082790371e-10
480,2025,0,0,1e-10,1.000000082790371e-10,1e-10,1.000000082790371e-10,1e-10,1.000000082790371e-10
480,2026,0,0,1e-10,1.000000082790371e-10,1e-10,1.000000082790371e-10,1e-10,1.000000082790371e-10
481,2023,0,0,1e-10,1.000000082790371e-10,1e-10,1.000000082790371e-10,1e-10,1.000000082790371e-10
481,2024,0,0,1e-10,1.000000082790371e-10,1e-10,1.000000082790371e-10,1e-10,1.000000082790371e-10
481,2025,0,0,1e-10,1.000000082790371e-10,1e-10,1.000000082790371e-10,1e-10,1.000000082790371e-10
481,2026,0,0,1e-10,1.000000082790371e-10,1e-10,1.000000082790371e-10,1e-10,1.000000082790371e-10
482,2023,0,0,1e-10,1.000000082790371e-10,1e-10,1.000000082790371e-10,1e-10,1.000000082790371e-10
482,2024,0,0,1e-10,1.000000082790371e-10,1e-10,1.000000082790371e-10,1e-10,1.000000082790371e-10
482,2025,0,0,1e-10,1.000000082790371e-10,1e-10,1.000000082790371e-10,1e-10,1.000000082790371e-10
482,2026,0,0,1e-10,1.000000082790371e-10,1e-10,1.000000082790371e-10,1e-10,1.000000082790371e-10
483,2023,0,0,1e-10,1.000000082790371e-10,1e-10,1.000000082790371e-10,1e-10,1.000000082790371e-10
483,2024,0,0,1e-10,1.000000082790371e-10,1e-10,1.000000082790371e-10,1e-10,1.000000082790371e-10
483,2025,0,0,1e-10,1.000000082790371e-10,1e-10,1.000000082790371e-10,1e-10,1.000000082790371e-10
483,2026,0,0,1e-10,1.000000082790371e-10,1e-10,1.000000082790371e-10,1e-10,1.000000082790371e-10
484,2023,0,0,1e-10,1.000000082790371e-10,1e-10,1.000000082790371e-10,1e-10,1.000000082790371e-10
484,2024,0,0,1e-10,1.000000082790371e-10,1e-10,1.000000082790371e-10,1e-10,1.000000082790371e-10
484,2025,0,0,1e-10,1.000000082790371e-10,1e-10,1.000000082790371e-10,1e-10,1.000000082790371e-10
484,2026,0,0,1e-10,1.000000082790371e-10,1e-10,1.000000082790371e-10,1e-10,1.000000082790371e-10
485,2023,0,0,1e-10,1.000000082790371e-10,1e-10,1.000000082790371e-10,1e-10,1.000000082790371e-10
485,2024,0,0,1e-10,1.000000082790371e-10,1e-10,1.000000082790371e-10,1e-10,1.000000082790371e-10
485,2025,0,0,1e-10,1.000000082790371e-10,1e-10,1.000000082790371e-10,1e-10,1.000000082790371e-10
485,2026,0,0,1e-10,1.000000082790371e-10,1e-10,1.000000082790371e-10,1e-10,1.000000082790371e-10
486,2023,1,0,1e-10,1.000000082790371e-10,1e-10,1.000000082790371e-10,1e-10,1.000000082790371e-10
486,2024,1,0,1e-10,1.000000082790371e-10,1e-10,1.000000082790371e-10,1e-10,1.000000082790371e-10
486,2025,1,0,1e-10,1.000000082790371e-10,1e-10,1.000000082790371e-10,1e-10,1.000000082790371e-10
486,2026,1,0,1e-10,1.000000082790371e-10,1e-10,1.000000082790371e-10,1e-10,1.000000082790371e-10
487,2023,0,0,1e-10,1.000000082790371e-10,1e-10,1.000000082790371e-10,1e-10,1.000000082790371e-10
487,2024,0,0,1e-10,1.000000082790371e-10,1e-10,1.000000082790371e-10,1e-10,1.000000082790371e-10
487,2025,0,0,1e-10,1.000000082790371e-10,1e-10,1.000000082790371e-10,1e-10,1.000000082790371e-10
487,2026,0,0,1e-10,1.000000082790371e-10,1e-10,1.000000082790371e-10,1e-10,1.000000082790371e-10
488,2023,0,0,1e-10,1.000000082790371e-10,1e-10,1.000000082790371e-10,1e-10,1.000000082790371e-10
488,2024,0,0,1e-10,1.000000082790371e-10,1e-10,1.000000082790371e-10,1e-10,1.000000082790371e-10
488,2025,0,0,1e-10,1.000000082790371e-10,1e-10,1.000000082790371e-10,1e-10,1.000000082790371e-10
488,2026,0,0,1e-10,1.000000082790371e-10,1e-10,1.000000082790371e-10,1e-10,1.000000082790371e-10
489,2023,0,0,1e-10,1.000000082790371e-10,1e-10,1.000000082790371e-10,1e-10,1.000000082790371e-10
489,2024,0,0,1e-10,1.000000082790371e-10,1e-10,1.000000082790371e-10,1e-10,1.000000082790371e-10
489,2025,0,0,1e-10,1.000000082790371e-10,1e-10,1.000000082790371e-10,1e-10,1.000000082790371e-10
489,2026,0,0,1e-10,1.000000082790371e-10,1e-10,1.000000082790371e-10,1e-10,1.000000082790371e-10
490,2023,0,0,1e-10,1.000000082790371e-10,1e-10,1.000000082790371e-10,1e-10,1.000000082790371e-10
490,2024,0,0,1e-10,1.000000082790371e-10,1e-10,1.000000082790371e-10,1e-10,1.000000082790371e-10
490,2025,0,0,1e-10,1.000000082790371e-10,1e-10,1.000000082790371e-10,1e-10,1.000000082790371e-10
490,2026,0,0,1e-10,1.000000082790371e-10,1e-10,1.000000082790371e-10,1e-10,1.000000082790371e-10
491,2023,1,0,1e-10,1.000000082790371e-10,1e-10,1.000000082790371e-10,1e-10,1.000000082790371e-10
491,2024,1,0,1e-10,1.000000082790371e-10,1e-10,1.000000082790371e-10,1e-10,1.000000082790371e-10
491,2025,1,0,1.2836529602175484e-10,1.2836531838302897e-10,1e-10,1.000000082790371e-10,1e-10,1.000000082790371e-10
491,2026,1,0,1.1555459595716234e-07,1.1555460267941974e-07,3.683448182124879e-08,3.6834482476421045e-08,4.213096136294034e-08,4.2130962273786456e-08
492,2023,1,0,1e-10,1.000000082790371e-10,1e-10,1.000000082790371e-10,1e-10,1.000000082790371e-10
492,2024,1,0,1e-10,1.000000082790371e-10,1e-10,1.000000082790371e-10,1e-10,1.000000082790371e-10
492,2025,1,0,1.2836529602175484e-10,1.2836531838302897e-10,1e-10,1.000000082790371e-10,1e-10,1.000000082790371e-10
492,2026,1,0,1.1555459595716234e-07,1.1555460267941974e-07,3.683448182124879e-08,3.6834482476421045e-08,4.213096136294034e-08,4.2130962273786456e-08
493,2023,1,0,1e-10,1.000000082790371e-10,1e-10,1.000000082790371e-10,1e-10,1.000000082790371e-10
493,2024,1,0,1e-10,1.000000082790371e-10,1e-10,1.000000082790371e-10,1e-10,1.000000082790371e-10
493,2025,1,0,1.2836529602175484e-10,1.2836531838302897e-10,1e-10,1.000000082790371e-10,1e-10,1.000000082790371e-10
493,2026,1,0,1.1555459595716234e-07,1.1555460267941974e-07,3.683448182124879e-08,3.6834482476421045e-08,4.213096136294034e-08,4.2130962273786456e-08
494,2023,1,0,1e-10,1.000000082790371e-10,1e-10,1.000000082790371e-10,1e-10,1.000000082790371e-10
494,2024,1,0,1e-10,1.000000082790371e-10,1e-10,1.000000082790371e-10,1e-10,1.000000082790371e-10
494,2025,1,0,1.2836529602175484e-10,1.2836531838302897e-10,1e-10,1.000000082790371e-10,1e-10,1.000000082790371e-10
494,2026,1,0,1.1555459595716234e-07,1.1555460267941974e-07,3.683448182124879e-08,3.6834482476421045e-08,4.213096136294034e-08,4.2130962273786456e-08
495,2022,1,0,1e-10,1.000000082790371e-10,1e-10,1.000000082790371e-10,1e-10,1.000000082790371e-10
495,2023,1,0,1e-10,1.000000082790371e-10,1e-10,1.000000082790371e-10,1e-10,1.000000082790371e-10
495,2024,1,1,1.2836529602175484e-10,22.776141041409367,1e-10,23.025850929940457,1e-10,23.025850929940457
496,2023,0,0,1e-10,1.000000082790371e-10,1e-10,1.000000082790371e-10,1e-10,1.000000082790371e-10
496,2024,0,0,1e-10,1.000000082790371e-10,1e-10,1.000000082790371e-10,1e-10,1.000000082790371e-10
496,2025,0,0,1e-10,1.000000082790371e-10,1e-10,1.000000082790371e-10,1e-10,1.000000082790371e-10
496,2026,0,0,1e-10,1.000000082790371e-10,1e-10,1.000000082790371e-10,1e-10,1.000000082790371e-10
497,2023,0,0,1e-10,1.000000082790371e-10,1e-10,1.000000082790371e-10,1e-10,1.000000082790371e-10
497,2024,0,0,1e-10,1.000000082790371e-10,1e-10,1.000000082790371e-10,1e-10,1.000000082790371e-10
497,2025,0,0,1e-10,1.000000082790371e-10,1e-10,1.000000082790371e-10,1e-10,1.000000082790371e-10
497,2026,0,0,1e-10,1.000000082790371e-10,1e-10,1.000000082790371e-10,1e-10,1.000000082790371e-10
498,2023,0,0,1e-10,1.000000082790371e-10,1e-10,1.000000082790371e-10,1e-10,1.000000082790371e-10
498,2024,0,0,1e-10,1.000000082790371e-10,1e-10,1.000000082790371e-10,1e-10,1.000000082790371e-10
498,2025,0,0,1e-10,1.000000082790371e-10,1e-10,1.000000082790371e-10,1e-10,1.000000082790371e-10
498,2026,0,0,1e-10,1.000000082790371e-10,1e-10,1.000000082790371e-10,1e-10,1.000000082790371e-10
499,2022,0,0,1e-10,1.000000082790371e-10,1e-10,1.000000082790371e-10,1e-10,1.000000082790371e-10
499,2023,0,0,1e-10,1.000000082790371e-10,1e-10,1.000000082790371e-10,1e-10,1.000000082790371e-10
499,2024,0,0,1e-10,1.000000082790371e-10,1e-10,1.000000082790371e-10,1e-10,1.000000082790371e-10
499,2025,0,0,1e-10,1.000000082790371e-10,1e-10,1.000000082790371e-10,1e-10,1.000000082790371e-10
499,2026,0,0,1e-10,1.000000082790371e-10,1e-10,1.000000082790371e-10,1e-10,1.000000082790371e-10
500,2022,1,0,1e-10,1.000000082790371e-10,1e-10,1.000000082790371e-10,1e-10,1.000000082790371e-10
500,2023,1,0,1e-10,1.000000082790371e-10,1e-10,1.000000082790371e-10,1e-10,1.000000082790371e-10
500,2024,1,0,1e-10,1.000000082790371e-10,1e-10,1.000000082790371e-10,1e-10,1.000000082790371e-10
500,2025,1,0,1e-10,1.000000082790371e-10,1e-10,1.000000082790371e-10,1e-10,1.000000082790371e-10
500,2026,1,0,1e-10,1.000000082790371e-10,1.262324972615207e-09,1.2623250230854673e-09,1e-10,1.000000082790371e-10
501,2022,1,0,1e-10,1.000000082790371e-10,1e-10,1.000000082790371e-10,1e-10,1.000000082790371e-10
501,2023,1,0,1e-10,1.000000082790371e-10,1e-10,1.000000082790371e-10,1e-10,1.000000082790371e-10
501,2024,1,0,1e-10,1.000000082790371e-10,1e-10,1.000000082790371e-10,1e-10,1.000000082790371e-10
501,2025,1,0,1e-10,1.000000082790371e-10,1.262324972615207e-09,1.2623250230854673e-09,1e-10,1.000000082790371e-10
501,2026,1,0,1e-10,1.000000082790371e-10,9.443590865732483e-08,9.443591310761981e-08,1e-10,1.000000082790371e-10
502,2023,1,0,1e-10,1.000000082790371e-10,1e-10,1.000000082790371e-10,1e-10,1.000000082790371e-10
502,2024,1,0,1e-10,1.000000082790371e-10,1e-10,1.000000082790371e-10,1e-10,1.000000082790371e-10
502,2025,1,0,1e-10,1.000000082790371e-10,1e-10,1.000000082790371e-10,1e-10,1.000000082790371e-10
502,2026,1,0,1e-10,1.000000082790371e-10,1e-10,1.000000082790371e-10,1e-10,1.000000082790371e-10
503,2023,0,0,1e-10,1.000000082790371e-10,1e-10,1.000000082790371e-10,1e-10,1.000000082790371e-10
503,2024,0,0,1e-10,1.000000082790371e-10,1e-10,1.000000082790371e-10,1e-10,1.000000082790371e-10
503,2025,0,0,1e-10,1.000000082790371e-10,1e-10,1.000000082790371e-10,1e-10,1.000000082790371e-10
503,2026,0,0,1e-10,1.000000082790371e-10,1e-10,1.000000082790371e-10,1e-10,1.000000082790371e-10
504,2023,0,0,1e-10,1.000000082790371e-10,1e-10,1.000000082790371e-10,1e-10,1.000000082790371e-10
504,2024,0,0,1e-10,1.000000082790371e-10,1e-10,1.000000082790371e-10,1e-10,1.000000082790371e-10
504,2025,0,0,1e-10,1.000000082790371e-10,1e-10,1.000000082790371e-10,1e-10,1.000000082790371e-10
504,2026,0,0,1e-10,1.000000082790371e-10,1e-10,1.000000082790371e-10,1e-10,1.000000082790371e-10
505,2023,0,0,1e-10,1.000000082790371e-10,1e-10,1.000000082790371e-10,1e-10,1.000000082790371e-10
505,2024,0,0,1e-10,1.000000082790371e-10,1e-10,1.000000082790371e-10,1e-10,1.000000082790371e-10
505,2025,0,0,1e-10,1.000000082790371e-10,1e-10,1.000000082790371e-10,1e-10,1.000000082790371e-10
505,2026,0,0,1e-10,1.000000082790371e-10,1e-10,1.000000082790371e-10,1e-10,1.000000082790371e-10
506,2023,0,0,1e-10,1.000000082790371e-10,1e-10,1.000000082790371e-10,1e-10,1.000000082790371e-10
506,2024,0,0,1e-10,1.000000082790371e-10,1e-10,1.000000082790371e-10,1e-10,1.000000082790371e-10
506,2025,0,0,1e-10,1.000000082790371e-10,1e-10,1.000000082790371e-10,1e-10,1.000000082790371e-10
506,2026,0,0,1e-10,1.000000082790371e-10,1e-10,1.000000082790371e-10,1e-10,1.000000082790371e-10
507,2023,1,0,1e-10,1.000000082790371e-10,1e-10,1.000000082790371e-10,1e-10,1.000000082790371e-10
507,2024,1,1,1e-10,23.025850929940457,1e-10,23.025850929940457,1e-10,23.025850929940457
508,2023,0,0,1e-10,1.000000082790371e-10,1e-10,1.000000082790371e-10,1e-10,1.000000082790371e-10
508,2024,0,0,1e-10,1.000000082790371e-10,1e-10,1.000000082790371e-10,1e-10,1.000000082790371e-10
508,2025,0,0,1e-10,1.000000082790371e-10,1e-10,1.000000082790371e-10,1e-10,1.000000082790371e-10
508,2026,0,0,1e-10,1.000000082790371e-10,1e-10,1.000000082790371e-10,1e-10,1.000000082790371e-10
509,2022,0,0,1e-10,1.000000082790371e-10,1e-10,1.000000082790371e-10,1e-10,1.000000082790371e-10
509,2023,0,0,1e-10,1.000000082790371e-10,1e-10,1.000000082790371e-10,1e-10,1.000000082790371e-10
509,2024,0,0,1e-10,1.000000082790371e-10,1e-10,1.000000082790371e-10,1e-10,1.000000082790371e-10
509,2025,0,0,1e-10,1.000000082790371e-10,1e-10,1.000000082790371e-10,1e-10,1.000000082790371e-10
509,2026,0,0,1e-10,1.000000082790371e-10,1e-10,1.000000082790371e-10,1e-10,1.000000082790371e-10
510,2023,0,0,1e-10,1.000000082790371e-10,1e-10,1.000000082790371e-10,1e-10,1.000000082790371e-10
510,2024,0,0,1e-10,1.000000082790371e-10,1e-10,1.000000082790371e-10,1e-10,1.000000082790371e-10
510,2025,0,0,1e-10,1.000000082790371e-10,1e-10,1.000000082790371e-10,1e-10,1.000000082790371e-10
510,2026,0,0,1e-10,1.000000082790371e-10,1e-10,1.000000082790371e-10,1e-10,1.000000082790371e-10
511,2022,0,0,1e-10,1.000000082790371e-10,1e-10,1.000000082790371e-10,1e-10,1.000000082790371e-10
511,2023,0,0,1e-10,1.000000082790371e-10,1e-10,1.000000082790371e-10,1e-10,1.000000082790371e-10
511,2024,0,0,1e-10,1.000000082790371e-10,1e-10,1.000000082790371e-10,1e-10,1.000000082790371e-10
511,2025,0,0,1e-10,1.000000082790371e-10,1e-10,1.000000082790371e-10,1e-10,1.000000082790371e-10
511,2026,0,0,1e-10,1.000000082790371e-10,1e-10,1.000000082790371e-10,1e-10,1.000000082790371e-10
512,2022,0,0,1e-10,1.000000082790371e-10,1e-10,1.000000082790371e-10,1e-10,1.000000082790371e-10
512,2023,0,0,1e-10,1.000000082790371e-10,1e-10,1.000000082790371e-10,1e-10,1.000000082790371e-10
512,2024,0,0,1e-10,1.000000082790371e-10,1e-10,1.000000082790371e-10,1e-10,1.000000082790371e-10
512,2025,0,0,1e-10,1.000000082790371e-10,1e-10,1.000000082790371e-10,1e-10,1.000000082790371e-10
512,2026,0,0,1e-10,1.000000082790371e-10,1e-10,1.000000082790371e-10,1e-10,1.000000082790371e-10
513,2023,0,0,1e-10,1.000000082790371e-10,1e-10,1.000000082790371e-10,1e-10,1.000000082790371e-10
513,2024,0,0,1e-10,1.000000082790371e-10,1e-10,1.000000082790371e-10,1e-10,1.000000082790371e-10
513,2025,0,0,1e-10,1.000000082790371e-10,1e-10,1.000000082790371e-10,1e-10,1.000000082790371e-10
513,2026,0,0,1e-10,1.000000082790371e-10,1e-10,1.000000082790371e-10,1e-10,1.000000082790371e-10
514,2023,0,0,1e-10,1.000000082790371e-10,1e-10,1.000000082790371e-10,1e-10,1.000000082790371e-10
514,2024,0,1,1e-10,23.025850929940457,1e-10,23.025850929940457,1e-10,23.025850929940457
515,2023,1,0,1e-10,1.000000082790371e-10,1e-10,1.000000082790371e-10,1e-10,1.000000082790371e-10
515,2024,1,0,1e-10,1.000000082790371e-10,1e-10,1.000000082790371e-10,1e-10,1.000000082790371e-10
515,2025,1,0,1.2836529602175484e-10,1.2836531838302897e-10,1e-10,1.000000082790371e-10,1e-10,1.000000082790371e-10
515,2026,1,0,1.1555459595716234e-07,1.1555460267941974e-07,3.683448182124879e-08,3.6834482476421045e-08,4.213096136294034e-08,4.2130962273786456e-08
516,2023,1,0,1e-10,1.000000082790371e-10,1e-10,1.000000082790371e-10,1e-10,1.000000082790371e-10
516,2024,1,0,1e-10,1.000000082790371e-10,1e-10,1.000000082790371e-10,1e-10,1.000000082790371e-10
516,2025,1,0,1e-10,1.000000082790371e-10,1e-10,1.000000082790371e-10,1e-10,1.000000082790371e-10
516,2026,1,0,1e-10,1.000000082790371e-10,1e-10,1.000000082790371e-10,1e-10,1.000000082790371e-10
517,2022,0,0,1e-10,1.000000082790371e-10,1e-10,1.000000082790371e-10,1e-10,1.000000082790371e-10
517,2023,0,0,1e-10,1.000000082790371e-10,1e-10,1.000000082790371e-10,1e-10,1.000000082790371e-10
517,2024,0,0,1e-10,1.000000082790371e-10,1e-10,1.000000082790371e-10,1e-10,1.000000082790371e-10
517,2025,0,0,1e-10,1.000000082790371e-10,1e-10,1.000000082790371e-10,1e-10,1.000000082790371e-10
517,2026,0,0,1e-10,1.000000082790371e-10,1e-10,1.000000082790371e-10,1e-10,1.000000082790371e-10
518,2023,1,0,1e-10,1.000000082790371e-10,1e-10,1.000000082790371e-10,1e-10,1.000000082790371e-10
518,2024,1,0,1e-10,1.000000082790371e-10,1e-10,1.000000082790371e-10,1e-10,1.000000082790371e-10
518,2025,1,0,1.2836529602175484e-10,1.2836531838302897e-10,1e-10,1.000000082790371e-10,1e-10,1.000000082790371e-10
518,2026,1,0,1.1555459595716234e-07,1.1555460267941974e-07,3.683448182124879e-08,3.6834482476421045e-08,4.213096136294034e-08,4.2130962273786456e-08
519,2023,0,0,1e-10,1.000000082790371e-10,1e-10,1.000000082790371e-10,1e-10,1.000000082790371e-10
519,2024,0,0,1e-10,1.000000082790371e-10,1e-10,1.000000082790371e-10,1e-10,1.000000082790371e-10
519,2025,0,0,1e-10,1.000000082790371e-10,1e-10,1.000000082790371e-10,1e-10,1.000000082790371e-10
519,2026,0,0,1e-10,1.000000082790371e-10,1e-10,1.000000082790371e-10,1e-10,1.000000082790371e-10
520,2023,0,0,1e-10,1.000000082790371e-10,1e-10,1.000000082790371e-10,1e-10,1.000000082790371e-10
520,2024,0,0,1e-10,1.000000082790371e-10,1e-10,1.000000082790371e-10,1e-10,1.000000082790371e-10
520,2025,0,0,1e-10,1.000000082790371e-10,1e-10,1.000000082790371e-10,1e-10,1.000000082790371e-10
520,2026,0,0,1e-10,1.000000082790371e-10,1e-10,1.000000082790371e-10,1e-10,1.000000082790371e-10
521,2023,0,0,1e-10,1.000000082790371e-10,1e-10,1.000000082790371e-10,1e-10,1.000000082790371e-10
521,2024,0,0,1e-10,1.000000082790371e-10,1e-10,1.000000082790371e-10,1e-10,1.000000082790371e-10
521,2025,0,0,1e-10,1.000000082790371e-10,1e-10,1.000000082790371e-10,1e-10,1.000000082790371e-10
521,2026,0,0,1e-10,1.000000082790371e-10,1e-10,1.000000082790371e-10,1e-10,1.000000082790371e-10
522,2023,0,0,1e-10,1.000000082790371e-10,1e-10,1.000000082790371e-10,1e-10,1.000000082790371e-10
522,2024,0,0,1e-10,1.000000082790371e-10,1e-10,1.000000082790371e-10,1e-10,1.000000082790371e-10
522,2025,0,0,1e-10,1.000000082790371e-10,1e-10,1.000000082790371e-10,1e-10,1.000000082790371e-10
522,2026,0,0,1e-10,1.000000082790371e-10,1e-10,1.000000082790371e-10,1e-10,1.000000082790371e-10
523,2023,0,0,1e-10,1.000000082790371e-10,1e-10,1.000000082790371e-10,1e-10,1.000000082790371e-10
523,2024,0,0,1e-10,1.000000082790371e-10,1e-10,1.000000082790371e-10,1e-10,1.000000082790371e-10
523,2025,0,0,1e-10,1.000000082790371e-10,1e-10,1.000000082790371e-10,1e-10,1.000000082790371e-10
523,2026,0,0,1e-10,1.000000082790371e-10,1e-10,1.000000082790371e-10,1e-10,1.000000082790371e-10
524,2023,1,0,1e-10,1.000000082790371e-10,1e-10,1.000000082790371e-10,1e-10,1.000000082790371e-10
524,2024,1,0,1e-10,1.000000082790371e-10,1e-10,1.000000082790371e-10,1e-10,1.000000082790371e-10
524,2025,1,0,1.2836529602175484e-10,1.2836531838302897e-10,1e-10,1.000000082790371e-10,1e-10,1.000000082790371e-10
524,2026,1,0,1.1555459595716234e-07,1.1555460267941974e-07,3.683448182124879e-08,3.6834482476421045e-08,4.213096136294034e-08,4.2130962273786456e-08
525,2023,0,0,1e-10,1.000000082790371e-10,1e-10,1.000000082790371e-10,1e-10,1.000000082790371e-10
525,2024,0,0,1e-10,1.000000082790371e-10,1e-10,1.000000082790371e-10,1e-10,1.000000082790371e-10
525,2025,0,0,1e-10,1.000000082790371e-10,1e-10,1.000000082790371e-10,1e-10,1.000000082790371e-10
525,2026,0,0,1e-10,1.000000082790371e-10,1e-10,1.000000082790371e-10,1e-10,1.000000082790371e-10
526,2023,0,0,1e-10,1.000000082790371e-10,1e-10,1.000000082790371e-10,1e-10,1.000000082790371e-10
526,2024,0,0,1e-10,1.000000082790371e-10,1e-10,1.000000082790371e-10,1e-10,1.000000082790371e-10
526,2025,0,0,1e-10,1.000000082790371e-10,1e-10,1.000000082790371e-10,1e-10,1.000000082790371e-10
526,2026,0,0,1e-10,1.000000082790371e-10,1e-10,1.000000082790371e-10,1e-10,1.000000082790371e-10
527,2022,0,0,1e-10,1.000000082790371e-10,1e-10,1.000000082790371e-10,1e-10,1.000000082790371e-10
527,2023,0,0,1e-10,1.000000082790371e-10,1e-10,1.000000082790371e-10,1e-10,1.000000082790371e-10
527,2024,0,0,1e-10,1.000000082790371e-10,1e-10,1.000000082790371e-10,1e-10,1.000000082790371e-10
527,2025,0,0,1e-10,1.000000082790371e-10,1e-10,1.000000082790371e-10,1e-10,1.000000082790371e-10
527,2026,0,0,1e-10,1.000000082790371e-10,1e-10,1.000000082790371e-10,1e-10,1.000000082790371e-10
528,2023,0,0,1e-10,1.000000082790371e-10,1e-10,1.000000082790371e-10,1e-10,1.000000082790371e-10
528,2024,0,0,1e-10,1.000000082790371e-10,1e-10,1.000000082790371e-10,1e-10,1.000000082790371e-10
528,2025,0,0,1e-10,1.000000082790371e-10,1e-10,1.000000082790371e-10,1e-10,1.000000082790371e-10
528,2026,0,0,1e-10,1.000000082790371e-10,1e-10,1.000000082790371e-10,1e-10,1.000000082790371e-10
529,2023,1,0,1e-10,1.000000082790371e-10,1e-10,1.000000082790371e-10,1e-10,1.000000082790371e-10
529,2024,1,0,1e-10,1.000000082790371e-10,1e-10,1.000000082790371e-10,1e-10,1.000000082790371e-10
529,2025,1,0,1e-10,1.000000082790371e-10,1e-10,1.000000082790371e-10,1e-10,1.000000082790371e-10
529,2026,1,0,1e-10,1.000000082790371e-10,1e-10,1.000000082790371e-10,1e-10,1.000000082790371e-10
530,2022,0,0,1e-10,1.000000082790371e-10,1e-10,1.000000082790371e-10,1e-10,1.000000082790371e-10
530,2023,0,0,1e-10,1.000000082790371e-10,1e-10,1.000000082790371e-10,1e-10,1.000000082790371e-10
530,2024,0,0,1e-10,1.000000082790371e-10,1e-10,1.000000082790371e-10,1e-10,1.000000082790371e-10
530,2025,0,0,1e-10,1.000000082790371e-10,1e-10,1.000000082790371e-10,1e-10,1.000000082790371e-10
530,2026,0,0,1e-10,1.000000082790371e-10,1e-10,1.000000082790371e-10,1e-10,1.000000082790371e-10
531,2023,1,0,1e-10,1.000000082790371e-10,1e-10,1.000000082790371e-10,1e-10,1.000000082790371e-10
531,2024,1,0,1e-10,1.000000082790371e-10,1e-10,1.000000082790371e-10,1e-10,1.000000082790371e-10
531,2025,1,0,1e-10,1.000000082790371e-10,1e-10,1.000000082790371e-10,1e-10,1.000000082790371e-10
531,2026,1,0,1e-10,1.000000082790371e-10,1.0801757304694216e-09,1.0801757272254862e-09,1e-10,1.000000082790371e-10
532,2023,0,0,1e-10,1.000000082790371e-10,1e-10,1.000000082790371e-10,1e-10,1.000000082790371e-10
532,2024,0,0,1e-10,1.000000082790371e-10,1e-10,1.000000082790371e-10,1e-10,1.000000082790371e-10
532,2025,0,0,1e-10,1.000000082790371e-10,1e-10,1.000000082790371e-10,1e-10,1.000000082790371e-10
532,2026,0,0,1e-10,1.000000082790371e-10,1e-10,1.000000082790371e-10,1e-10,1.000000082790371e-10
533,2023,0,0,1e-10,1.000000082790371e-10,1e-10,1.000000082790371e-10,1e-10,1.000000082790371e-10
533,2024,0,0,1e-10,1.000000082790371e-10,1e-10,1.000000082790371e-10,1e-10,1.000000082790371e-10
533,2025,0,0,1e-10,1.000000082790371e-10,1e-10,1.000000082790371e-10,1e-10,1.000000082790371e-10
533,2026,0,0,1e-10,1.000000082790371e-10,1e-10,1.000000082790371e-10,1e-10,1.000000082790371e-10
534,2023,0,0,1e-10,1.000000082790371e-10,1e-10,1.000000082790371e-10,1e-10,1.000000082790371e-10
534,2024,0,0,1e-10,1.000000082790371e-10,1e-10,1.000000082790371e-10,1e-10,1.000000082790371e-10
534,2025,0,0,1e-10,1.000000082790371e-10,1e-10,1.000000082790371e-10,1e-10,1.000000082790371e-10
534,2026,0,0,1e-10,1.000000082790371e-10,1e-10,1.000000082790371e-10,1e-10,1.000000082790371e-10
535,2022,0,0,1e-10,1.000000082790371e-10,1e-10,1.000000082790371e-10,1e-10,1.000000082790371e-10
535,2023,0,0,1e-10,1.000000082790371e-10,1e-10,1.000000082790371e-10,1e-10,1.000000082790371e-10
535,2024,0,0,1e-10,1.000000082790371e-10,1e-10,1.000000082790371e-10,1e-10,1.000000082790371e-10
535,2025,0,0,1e-10,1.000000082790371e-10,1e-10,1.000000082790371e-10,1e-10,1.000000082790371e-10
535,2026,0,0,1e-10,1.000000082790371e-10,1e-10,1.000000082790371e-10,1e-10,1.000000082790371e-10
536,2023,1,0,1e-10,1.000000082790371e-10,1e-10,1.000000082790371e-10,1e-10,1.000000082790371e-10
536,2024,1,0,1e-10,1.000000082790371e-10,1e-10,1.000000082790371e-10,1e-10,1.000000082790371e-10
536,2025,1,0,1.2836529602175484e-10,1.2836531838302897e-10,1e-10,1.000000082790371e-10,1e-10,1.000000082790371e-10
536,2026,1,0,1.1555459595716234e-07,1.1555460267941974e-07,3.683448182124879e-08,3.6834482476421045e-08,4.213096136294034e-08,4.2130962273786456e-08
537,2023,1,0,1e-10,1.000000082790371e-10,1e-10,1.000000082790371e-10,1e-10,1.000000082790371e-10
537,2024,1,0,1e-10,1.000000082790371e-10,1e-10,1.000000082790371e-10,1e-10,1.000000082790371e-10
537,2025,1,0,1.943632262145154e-08,1.9436322851321435e-08,6.41675173577186e-09,6.416751706143572e-09,3.858387858541837e-09,3.858387838900445e-09
537,2026,1,0,1.7496297550724453e-05,1.7496450612766877e-05,8.290769821454203e-06,8.290804190072794e-06,4.28582319541644e-06,4.285832379615485e-06
538,2023,0,0,1e-10,1.000000082790371e-10,1e-10,1.000000082790371e-10,1e-10,1.000000082790371e-10
538,2024,0,0,1e-10,1.000000082790371e-10,1e-10,1.000000082790371e-10,1e-10,1.000000082790371e-10
538,2025,0,0,1e-10,1.000000082790371e-10,1e-10,1.000000082790371e-10,1e-10,1.000000082790371e-10
538,2026,0,0,1e-10,1.000000082790371e-10,1e-10,1.000000082790371e-10,1e-10,1.000000082790371e-10
539,2022,0,0,1e-10,1.000000082790371e-10,1e-10,1.000000082790371e-10,1e-10,1.000000082790371e-10
539,2023,0,0,1e-10,1.000000082790371e-10,1e-10,1.000000082790371e-10,1e-10,1.000000082790371e-10
539,2024,0,0,1e-10,1.000000082790371e-10,1e-10,1.000000082790371e-10,1e-10,1.000000082790371e-10
539,2025,0,0,1e-10,1.000000082790371e-10,1e-10,1.000000082790371e-10,1e-10,1.000000082790371e-10
539,2026,0,0,1e-10,1.000000082790371e-10,1e-10,1.000000082790371e-10,1e-10,1.000000082790371e-10
540,2023,0,0,1e-10,1.000000082790371e-10,1e-10,1.000000082790371e-10,1e-10,1.000000082790371e-10
540,2024,0,0,1e-10,1.000000082790371e-10,1e-10,1.000000082790371e-10,1e-10,1.000000082790371e-10
540,2025,0,0,1e-10,1.000000082790371e-10,1e-10,1.000000082790371e-10,1e-10,1.000000082790371e-10
540,2026,0,0,1e-10,1.000000082790371e-10,1e-10,1.000000082790371e-10,1e-10,1.000000082790371e-10
541,2023,1,0,1e-10,1.000000082790371e-10,1e-10,1.000000082790371e-10,1e-10,1.000000082790371e-10
541,2024,1,0,1e-10,1.000000082790371e-10,1e-10,1.000000082790371e-10,1e-10,1.000000082790371e-10
541,2025,1,0,1.2836529602175484e-10,1.2836531838302897e-10,1e-10,1.000000082790371e-10,1e-10,1.000000082790371e-10
541,2026,1,0,1.1555459595716234e-07,1.1555460267941974e-07,3.683448182124879e-08,3.6834482476421045e-08,4.213096136294034e-08,4.2130962273786456e-08
542,2022,1,0,1e-10,1.000000082790371e-10,1e-10,1.000000082790371e-10,1e-10,1.000000082790371e-10
542,2023,1,0,1e-10,1.000000082790371e-10,1e-10,1.000000082790371e-10,1e-10,1.000000082790371e-10
542,2024,1,0,1.2836529602175484e-10,1.2836531838302897e-10,1e-10,1.000000082790371e-10,1e-10,1.000000082790371e-10
542,2025,1,0,1.1555459595716234e-07,1.1555460267941974e-07,3.683448182124879e-08,3.6834482476421045e-08,5.1105271965803084e-08,5.110527332011466e-08
542,2026,1,0,2.6415639473385977e-05,2.6415988372513675e-05,1.1451812577460377e-05,1.14518781499517e-05,1.2995292069164354e-05,1.2995376508757318e-05
543,2023,0,0,1e-10,1.000000082790371e-10,1e-10,1.000000082790371e-10,1e-10,1.000000082790371e-10
543,2024,0,0,1e-10,1.000000082790371e-10,1e-10,1.000000082790371e-10,1e-10,1.000000082790371e-10
543,2025,0,0,1e-10,1.000000082790371e-10,1e-10,1.000000082790371e-10,1e-10,1.000000082790371e-10
543,2026,0,0,1e-10,1.000000082790371e-10,1e-10,1.000000082790371e-10,1e-10,1.000000082790371e-10
544,2022,0,0,1e-10,1.000000082790371e-10,1e-10,1.000000082790371e-10,1e-10,1.000000082790371e-10
544,2023,0,0,1e-10,1.000000082790371e-10,1e-10,1.000000082790371e-10,1e-10,1.000000082790371e-10
544,2024,0,0,1e-10,1.000000082790371e-10,1e-10,1.000000082790371e-10,1e-10,1.000000082790371e-10
544,2025,0,0,1e-10,1.000000082790371e-10,8.903489585980034e-10,8.90348906109628e-10,1e-10,1.000000082790371e-10
544,2026,0,0,1e-10,1.000000082790371e-10,1.6027570057635922e-08,1.6027570177368022e-08,1e-10,1.000000082790371e-10
545,2023,0,0,1e-10,1.000000082790371e-10,1e-10,1.000000082790371e-10,1e-10,1.000000082790371e-10
545,2024,0,0,1e-10,1.000000082790371e-10,1e-10,1.000000082790371e-10,1e-10,1.000000082790371e-10
545,2025,0,0,1e-10,1.000000082790371e-10,1e-10,1.000000082790371e-10,1e-10,1.000000082790371e-10
545,2026,0,0,1e-10,1.000000082790371e-10,1e-10,1.000000082790371e-10,1e-10,1.000000082790371e-10
546,2023,0,0,1e-10,1.000000082790371e-10,1e-10,1.000000082790371e-10,1e-10,1.000000082790371e-10
546,2024,0,0,1e-10,1.000000082790371e-10,1e-10,1.000000082790371e-10,1e-10,1.000000082790371e-10
546,2025,0,0,1e-10,1.000000082790371e-10,1e-10,1.000000082790371e-10,1e-10,1.000000082790371e-10
546,2026,0,0,1e-10,1.000000082790371e-10,1e-10,1.000000082790371e-10,1e-10,1.000000082790371e-10
547,2023,0,0,1e-10,1.000000082790371e-10,1e-10,1.000000082790371e-10,1e-10,1.000000082790371e-10
547,2024,0,0,1e-10,1.000000082790371e-10,1e-10,1.000000082790371e-10,1e-10,1.000000082790371e-10
547,2025,0,0,1e-10,1.000000082790371e-10,1e-10,1.000000082790371e-10,1e-10,1.000000082790371e-10
547,2026,0,0,1e-10,1.000000082790371e-10,1e-10,1.000000082790371e-10,1e-10,1.000000082790371e-10
548,2023,0,0,1e-10,1.000000082790371e-10,1e-10,1.000000082790371e-10,1e-10,1.000000082790371e-10
548,2024,0,0,1e-10,1.000000082790371e-10,1e-10,1.000000082790371e-10,1e-10,1.000000082790371e-10
548,2025,0,0,1e-10,1.000000082790371e-10,1e-10,1.000000082790371e-10,1e-10,1.000000082790371e-10
548,2026,0,0,1e-10,1.000000082790371e-10,1e-10,1.000000082790371e-10,1e-10,1.000000082790371e-10
549,2022,0,0,1e-10,1.000000082790371e-10,1e-10,1.000000082790371e-10,1e-10,1.000000082790371e-10
549,2023,0,0,1e-10,1.000000082790371e-10,8.903489585980034e-10,8.90348906109628e-10,1e-10,1.000000082790371e-10
549,2024,0,0,1e-10,1.000000082790371e-10,1.6027570057635922e-08,1.6027570177368022e-08,1e-10,1.000000082790371e-10
549,2025,0,0,1e-10,1.000000082790371e-10,6.942509801644807e-08,6.942510041370583e-08,1e-10,1.000000082790371e-10
549,2026,0,0,1e-10,1.000000082790371e-10,7.236136433164396e-08,7.236136696304753e-08,1e-10,1.000000082790371e-10
550,2023,1,0,1e-10,1.000000082790371e-10,1e-10,1.000000082790371e-10,1e-10,1.000000082790371e-10
550,2024,1,0,1e-10,1.000000082790371e-10,1e-10,1.000000082790371e-10,1e-10,1.000000082790371e-10
550,2025,1,0,1e-10,1.000000082790371e-10,1e-10,1.000000082790371e-10,1e-10,1.000000082790371e-10
550,2026,1,0,1e-10,1.000000082790371e-10,1e-10,1.000000082790371e-10,1e-10,1.000000082790371e-10
551,2022,0,0,1e-10,1.000000082790371e-10,1e-10,1.000000082790371e-10,1e-10,1.000000082790371e-10
551,2023,0,0,1e-10,1.000000082790371e-10,1e-10,1.000000082790371e-10,1e-10,1.000000082790371e-10
551,2024,0,0,1e-10,1.000000082790371e-10,1e-10,1.000000082790371e-10,1e-10,1.000000082790371e-10
551,2025,0,0,1e-10,1.000000082790371e-10,1e-10,1.000000082790371e-10,1e-10,1.000000082790371e-10
551,2026,0,0,1e-10,1.000000082790371e-10,1e-10,1.000000082790371e-10,1e-10,1.000000082790371e-10
552,2022,0,0,1e-10,1.000000082790371e-10,1e-10,1.000000082790371e-10,1e-10,1.000000082790371e-10
552,2023,0,0,1e-10,1.000000082790371e-10,1e-10,1.000000082790371e-10,1e-10,1.000000082790371e-10
552,2024,0,0,1e-10,1.000000082790371e-10,1e-10,1.000000082790371e-10,1e-10,1.000000082790371e-10
552,2025,0,0,1e-10,1.000000082790371e-10,1e-10,1.000000082790371e-10,1e-10,1.000000082790371e-10
552,2026,0,0,1e-10,1.000000082790371e-10,1e-10,1.000000082790371e-10,1e-10,1.000000082790371e-10
553,2022,0,0,1e-10,1.000000082790371e-10,1e-10,1.000000082790371e-10,1e-10,1.000000082790371e-10
553,2023,0,0,1e-10,1.000000082790371e-10,1e-10,1.000000082790371e-10,1e-10,1.000000082790371e-10
553,2024,0,0,1e-10,1.000000082790371e-10,1e-10,1.000000082790371e-10,1e-10,1.000000082790371e-10
553,2025,0,0,1e-10,1.000000082790371e-10,1e-10,1.000000082790371e-10,1e-10,1.000000082790371e-10
553,2026,0,0,1e-10,1.000000082790371e-10,1e-10,1.000000082790371e-10,1e-10,1.000000082790371e-10
554,2022,0,0,1e-10,1.000000082790371e-10,1e-10,1.000000082790371e-10,1e-10,1.000000082790371e-10
554,2023,0,0,1e-10,1.000000082790371e-10,1e-10,1.000000082790371e-10,1e-10,1.000000082790371e-10
554,2024,0,0,1e-10,1.000000082790371e-10,1e-10,1.000000082790371e-10,1e-10,1.000000082790371e-10
554,2025,0,0,1e-10,1.000000082790371e-10,1.0924020563269167e-10,1.0924017246935407e-10,1e-10,1.000000082790371e-10
554,2026,0,0,1e-10,1.000000082790371e-10,8.172379682452218e-09,8.172379695279893e-09,1e-10,1.000000082790371e-10
555,2022,0,0,1e-10,1.000000082790371e-10,1e-10,1.000000082790371e-10,1e-10,1.000000082790371e-10
555,2023,0,0,1e-10,1.000000082790371e-10,1e-10,1.000000082790371e-10,1e-10,1.000000082790371e-10
555,2024,0,0,1e-10,1.000000082790371e-10,1e-10,1.000000082790371e-10,1e-10,1.000000082790371e-10
555,2025,0,0,1e-10,1.000000082790371e-10,1e-10,1.000000082790371e-10,1e-10,1.000000082790371e-10
555,2026,0,0,1e-10,1.000000082790371e-10,1e-10,1.000000082790371e-10,1e-10,1.000000082790371e-10
556,2022,0,0,1e-10,1.000000082790371e-10,1e-10,1.000000082790371e-10,1e-10,1.000000082790371e-10
556,2023,0,0,1e-10,1.000000082790371e-10,1e-10,1.000000082790371e-10,1e-10,1.000000082790371e-10
556,2024,0,0,1e-10,1.000000082790371e-10,1e-10,1.000000082790371e-10,1e-10,1.000000082790371e-10
556,2025,0,0,1e-10,1.000000082790371e-10,1e-10,1.000000082790371e-10,1e-10,1.000000082790371e-10
556,2026,0,0,1e-10,1.000000082790371e-10,1e-10,1.000000082790371e-10,1e-10,1.000000082790371e-10
557,2022,0,0,1e-10,1.000000082790371e-10,1e-10,1.000000082790371e-10,1e-10,1.000000082790371e-10
557,2023,0,0,1e-10,1.000000082790371e-10,1e-10,1.000000082790371e-10,1e-10,1.000000082790371e-10
557,2024,0,0,1e-10,1.000000082790371e-10,1e-10,1.000000082790371e-10,1e-10,1.000000082790371e-10
557,2025,0,0,1e-10,1.000000082790371e-10,1e-10,1.000000082790371e-10,1e-10,1.000000082790371e-10
557,2026,0,0,1e-10,1.000000082790371e-10,1e-10,1.000000082790371e-10,1e-10,1.000000082790371e-10
558,2022,0,0,1e-10,1.000000082790371e-10,1.6949137349958451e-06,1.6949151713965213e-06,1e-10,1.000000082790371e-10
558,2023,0,0,1e-10,1.000000082790371e-10,4.250889368260261e-07,4.2508902717879375e-07,1e-10,1.000000082790371e-10
558,2024,0,0,1e-10,1.000000082790371e-10,2.5653878474714537e-08,2.565387879504174e-08,1e-10,1.000000082790371e-10
558,2025,0,0,1e-10,1.000000082790371e-10,3.72535364961374e-10,3.725353359823626e-10,1e-10,1.000000082790371e-10
558,2026,0,0,1e-10,1.000000082790371e-10,1e-10,1.000000082790371e-10,1e-10,1.000000082790371e-10
559,2022,1,0,0.00398387269815989,0.003991829458508406,0.002829460114817035,0.002833470603886679,0.0025558717481527155,0.002559143564433464
559,2023,1,0,0.1884462074222428,0.20880460638985812,0.16166209917252222,0.17633403682809465,0.13617966017010824,0.14639047181230247
559,2024,1,0,0.7739251780489911,1.486889263921937,0.7763531558108375,1.4976870596917116,0.6855151592189789,1.1568194050175893
559,2025,1,0,0.9276227243372187,2.625862900919643,0.9376420692463663,2.7748644176132506,0.8713637352312746,2.050766510285812
559,2026,1,0,0.9241581204874383,2.579104638740111,0.9400206495360323,2.8137549349301847,0.8255077326524266,1.7458748515159357
560,2022,0,0,1e-10,1.000000082790371e-10,1e-10,1.000000082790371e-10,1e-10,1.000000082790371e-10
560,2023,0,0,1e-10,1.000000082790371e-10,1e-10,1.000000082790371e-10,1e-10,1.000000082790371e-10
560,2024,0,0,1e-10,1.000000082790371e-10,1e-10,1.000000082790371e-10,1e-10,1.000000082790371e-10
560,2025,0,0,1e-10,1.000000082790371e-10,1e-10,1.000000082790371e-10,1e-10,1.000000082790371e-10
560,2026,0,0,1e-10,1.000000082790371e-10,1e-10,1.000000082790371e-10,1e-10,1.000000082790371e-10
561,2023,0,0,1e-10,1.000000082790371e-10,1e-10,1.000000082790371e-10,1e-10,1.000000082790371e-10
561,2024,0,0,1e-10,1.000000082790371e-10,1e-10,1.000000082790371e-10,1e-10,1.000000082790371e-10
561,2025,0,0,1e-10,1.000000082790371e-10,1e-10,1.000000082790371e-10,1e-10,1.000000082790371e-10
561,2026,0,0,1e-10,1.000000082790371e-10,1e-10,1.000000082790371e-10,1e-10,1.000000082790371e-10
562,2022,0,0,1e-10,1.000000082790371e-10,1e-10,1.000000082790371e-10,1e-10,1.000000082790371e-10
562,2023,0,0,1e-10,1.000000082790371e-10,1e-10,1.000000082790371e-10,1e-10,1.000000082790371e-10
562,2024,0,0,1e-10,1.000000082790371e-10,1e-10,1.000000082790371e-10,1e-10,1.000000082790371e-10
562,2025,0,0,1e-10,1.000000082790371e-10,1e-10,1.000000082790371e-10,1e-10,1.000000082790371e-10
562,2026,0,0,1e-10,1.000000082790371e-10,1e-10,1.000000082790371e-10,1e-10,1.000000082790371e-10
563,2022,0,0,1e-10,1.000000082790371e-10,1e-10,1.000000082790371e-10,1e-10,1.000000082790371e-10
563,2023,0,1,1e-10,23.025850929940457,1e-10,23.025850929940457,1e-10,23.025850929940457
564,2022,0,0,1e-10,1.000000082790371e-10,1e-10,1.000000082790371e-10,1e-10,1.000000082790371e-10
564,2023,0,0,1e-10,1.000000082790371e-10,1e-10,1.000000082790371e-10,1e-10,1.000000082790371e-10
564,2024,0,0,1e-10,1.000000082790371e-10,1e-10,1.000000082790371e-10,1e-10,1.000000082790371e-10
564,2025,0,0,1e-10,1.000000082790371e-10,1e-10,1.000000082790371e-10,1e-10,1.000000082790371e-10
564,2026,0,0,1e-10,1.000000082790371e-10,1e-10,1.000000082790371e-10,1e-10,1.000000082790371e-10
565,2023,0,0,1e-10,1.000000082790371e-10,1e-10,1.000000082790371e-10,1e-10,1.000000082790371e-10
565,2024,0,0,1e-10,1.000000082790371e-10,1e-10,1.000000082790371e-10,1e-10,1.000000082790371e-10
565,2025,0,0,1e-10,1.000000082790371e-10,1e-10,1.000000082790371e-10,1e-10,1.000000082790371e-10
565,2026,0,0,1e-10,1.000000082790371e-10,1e-10,1.000000082790371e-10,1e-10,1.000000082790371e-10
566,2023,0,0,1e-10,1.000000082790371e-10,1e-10,1.000000082790371e-10,1e-10,1.000000082790371e-10
566,2024,0,0,1e-10,1.000000082790371e-10,1e-10,1.000000082790371e-10,1e-10,1.000000082790371e-10
566,2025,0,0,1e-10,1.000000082790371e-10,1e-10,1.000000082790371e-10,1e-10,1.000000082790371e-10
566,2026,0,0,1e-10,1.000000082790371e-10,1.3463182036950537e-10,1.3463186122404726e-10,1e-10,1.000000082790371e-10
567,2023,0,0,1e-10,1.000000082790371e-10,1e-10,1.000000082790371e-10,1e-10,1.000000082790371e-10
567,2024,0,0,1e-10,1.000000082790371e-10,1e-10,1.000000082790371e-10,1e-10,1.000000082790371e-10
567,2025,0,0,1e-10,1.000000082790371e-10,1e-10,1.000000082790371e-10,1e-10,1.000000082790371e-10
567,2026,0,0,1e-10,1.000000082790371e-10,1e-10,1.000000082790371e-10,1e-10,1.000000082790371e-10
568,2022,0,0,1e-10,1.000000082790371e-10,1e-10,1.000000082790371e-10,1e-10,1.000000082790371e-10
568,2023,0,0,1e-10,1.000000082790371e-10,1e-10,1.000000082790371e-10,1e-10,1.000000082790371e-10
568,2024,0,0,1e-10,1.000000082790371e-10,1e-10,1.000000082790371e-10,1e-10,1.000000082790371e-10
568,2025,0,0,1e-10,1.000000082790371e-10,1e-10,1.000000082790371e-10,1e-10,1.000000082790371e-10
568,2026,0,0,1e-10,1.000000082790371e-10,1e-10,1.000000082790371e-10,1e-10,1.000000082790371e-10
569,2022,0,0,1e-10,1.000000082790371e-10,1e-10,1.000000082790371e-10,1e-10,1.000000082790371e-10
569,2023,0,0,1e-10,1.000000082790371e-10,1e-10,1.000000082790371e-10,1e-10,1.000000082790371e-10
569,2024,0,0,1e-10,1.000000082790371e-10,1e-10,1.000000082790371e-10,1e-10,1.000000082790371e-10
569,2025,0,0,1e-10,1.000000082790371e-10,1e-10,1.000000082790371e-10,1e-10,1.000000082790371e-10
569,2026,0,0,1e-10,1.000000082790371e-10,1e-10,1.000000082790371e-10,1e-10,1.000000082790371e-10
570,2022,0,0,1e-10,1.000000082790371e-10,1e-10,1.000000082790371e-10,1e-10,1.000000082790371e-10
570,2023,0,0,1e-10,1.000000082790371e-10,1e-10,1.000000082790371e-10,1e-10,1.000000082790371e-10
570,2024,0,0,1e-10,1.000000082790371e-10,1e-10,1.000000082790371e-10,1e-10,1.000000082790371e-10
570,2025,0,0,1e-10,1.000000082790371e-10,1e-10,1.000000082790371e-10,1e-10,1.000000082790371e-10
570,2026,0,0,1e-10,1.000000082790371e-10,1e-10,1.000000082790371e-10,1e-10,1.000000082790371e-10
571,2023,0,0,1e-10,1.000000082790371e-10,1e-10,1.000000082790371e-10,1e-10,1.000000082790371e-10
571,2024,0,0,1e-10,1.000000082790371e-10,1e-10,1.000000082790371e-10,1e-10,1.000000082790371e-10
571,2025,0,0,1e-10,1.000000082790371e-10,1e-10,1.000000082790371e-10,1e-10,1.000000082790371e-10
571,2026,0,0,1e-10,1.000000082790371e-10,1e-10,1.000000082790371e-10,1e-10,1.000000082790371e-10
572,2023,0,0,1e-10,1.000000082790371e-10,1e-10,1.000000082790371e-10,1e-10,1.000000082790371e-10
572,2024,0,0,1e-10,1.000000082790371e-10,1e-10,1.000000082790371e-10,1e-10,1.000000082790371e-10
572,2025,0,0,1e-10,1.000000082790371e-10,1e-10,1.000000082790371e-10,1e-10,1.000000082790371e-10
572,2026,0,0,1e-10,1.000000082790371e-10,1e-10,1.000000082790371e-10,1e-10,1.000000082790371e-10
573,2022,0,0,1e-10,1.000000082790371e-10,1e-10,1.000000082790371e-10,1e-10,1.000000082790371e-10
573,2023,0,0,1e-10,1.000000082790371e-10,1e-10,1.000000082790371e-10,1e-10,1.000000082790371e-10
573,2024,0,0,1e-10,1.000000082790371e-10,1e-10,1.000000082790371e-10,1e-10,1.000000082790371e-10
573,2025,0,0,1e-10,1.000000082790371e-10,1e-10,1.000000082790371e-10,1e-10,1.000000082790371e-10
573,2026,0,0,1e-10,1.000000082790371e-10,1e-10,1.000000082790371e-10,1e-10,1.000000082790371e-10
574,2022,1,0,1e-10,1.000000082790371e-10,1e-10,1.000000082790371e-10,1e-10,1.000000082790371e-10
574,2023,1,0,1e-10,1.000000082790371e-10,1e-10,1.000000082790371e-10,1e-10,1.000000082790371e-10
574,2024,1,0,1e-10,1.000000082790371e-10,1.0801757304694216e-09,1.0801757272254862e-09,1e-10,1.000000082790371e-10
574,2025,1,0,1.8624690915366784e-08,1.8624691074076678e-08,3.358295398250506e-07,3.35829596234432e-07,1e-10,1.000000082790371e-10
574,2026,1,0,1.0812338176072077e-06,1.0812344021239935e-06,2.5123153922821503e-05,2.5123469514496492e-05,1.8228871775350136e-10,1.8228873967514613e-10
575,2022,0,0,1e-10,1.000000082790371e-10,1e-10,1.000000082790371e-10,1e-10,1.000000082790371e-10
575,2023,0,0,1e-10,1.000000082790371e-10,1e-10,1.000000082790371e-10,1e-10,1.000000082790371e-10
575,2024,0,0,1e-10,1.000000082790371e-10,1e-10,1.000000082790371e-10,1e-10,1.000000082790371e-10
575,2025,0,0,1e-10,1.000000082790371e-10,1e-10,1.000000082790371e-10,1e-10,1.000000082790371e-10
575,2026,0,0,1e-10,1.000000082790371e-10,1e-10,1.000000082790371e-10,1e-10,1.000000082790371e-10
576,2022,0,0,1e-10,1.000000082790371e-10,1e-10,1.000000082790371e-10,1e-10,1.000000082790371e-10
576,2023,0,0,1e-10,1.000000082790371e-10,1e-10,1.000000082790371e-10,1e-10,1.000000082790371e-10
576,2024,0,0,1e-10,1.000000082790371e-10,1e-10,1.000000082790371e-10,1e-10,1.000000082790371e-10
576,2025,0,0,1e-10,1.000000082790371e-10,1e-10,1.000000082790371e-10,1e-10,1.000000082790371e-10
576,2026,0,0,1e-10,1.000000082790371e-10,1e-10,1.000000082790371e-10,1e-10,1.000000082790371e-10
577,2022,0,0,1e-10,1.000000082790371e-10,1e-10,1.000000082790371e-10,1e-10,1.000000082790371e-10
577,2023,0,0,1e-10,1.000000082790371e-10,1e-10,1.000000082790371e-10,1e-10,1.000000082790371e-10
577,2024,0,0,1e-10,1.000000082790371e-10,1e-10,1.000000082790371e-10,1e-10,1.000000082790371e-10
577,2025,0,0,1e-10,1.000000082790371e-10,1e-10,1.000000082790371e-10,1e-10,1.000000082790371e-10
577,2026,0,0,1e-10,1.000000082790371e-10,1e-10,1.000000082790371e-10,1e-10,1.000000082790371e-10
578,2022,1,0,1e-10,1.000000082790371e-10,1e-10,1.000000082790371e-10,1e-10,1.000000082790371e-10
578,2023,1,0,1e-10,1.000000082790371e-10,1e-10,1.000000082790371e-10,1e-10,1.000000082790371e-10
578,2024,1,0,1e-10,1.000000082790371e-10,1e-10,1.000000082790371e-10,1e-10,1.000000082790371e-10
578,2025,1,0,1e-10,1.000000082790371e-10,1.0801757304694216e-09,1.0801757272254862e-09,1e-10,1.000000082790371e-10
578,2026,1,0,1.8624690915366784e-08,1.8624691074076678e-08,3.358295398250506e-07,3.35829596234432e-07,1e-10,1.000000082790371e-10
579,2022,0,0,1e-10,1.000000082790371e-10,1e-10,1.000000082790371e-10,1e-10,1.000000082790371e-10
579,2023,0,0,1e-10,1.000000082790371e-10,1e-10,1.000000082790371e-10,1e-10,1.000000082790371e-10
579,2024,0,0,1e-10,1.000000082790371e-10,1e-10,1.000000082790371e-10,1e-10,1.000000082790371e-10
579,2025,0,0,1e-10,1.000000082790371e-10,1e-10,1.000000082790371e-10,1e-10,1.000000082790371e-10
579,2026,0,0,1e-10,1.000000082790371e-10,1e-10,1.000000082790371e-10,1e-10,1.000000082790371e-10
580,2022,0,0,1e-10,1.000000082790371e-10,1e-10,1.000000082790371e-10,1e-10,1.000000082790371e-10
580,2023,0,0,1e-10,1.000000082790371e-10,1e-10,1.000000082790371e-10,1e-10,1.000000082790371e-10
580,2024,0,0,1e-10,1.000000082790371e-10,1e-10,1.000000082790371e-10,1e-10,1.000000082790371e-10
580,2025,0,0,1e-10,1.000000082790371e-10,1e-10,1.000000082790371e-10,1e-10,1.000000082790371e-10
580,2026,0,0,1e-10,1.000000082790371e-10,1e-10,1.000000082790371e-10,1e-10,1.000000082790371e-10
581,2022,0,0,1e-10,1.000000082790371e-10,4.455829520072663e-07,4.455830512521633e-07,1e-10,1.000000082790371e-10
581,2023,0,0,1e-10,1.000000082790371e-10,2.6890681292901134e-08,2.689068170986712e-08,1e-10,1.000000082790371e-10
581,2024,0,0,1e-10,1.000000082790371e-10,3.904957214011448e-10,3.904957469254833e-10,1e-10,1.000000082790371e-10
581,2025,0,0,1e-10,1.000000082790371e-10,1e-10,1.000000082790371e-10,1e-10,1.000000082790371e-10
581,2026,0,0,1e-10,1.000000082790371e-10,1e-10,1.000000082790371e-10,1e-10,1.000000082790371e-10
582,2022,1,0,1e-10,1.000000082790371e-10,1e-10,1.000000082790371e-10,1e-10,1.000000082790371e-10
582,2023,1,0,1e-10,1.000000082790371e-10,1e-10,1.000000082790371e-10,1e-10,1.000000082790371e-10
582,2024,1,0,1e-10,1.000000082790371e-10,1e-10,1.000000082790371e-10,1e-10,1.000000082790371e-10
582,2025,1,0,1e-10,1.000000082790371e-10,1.0801757304694216e-09,1.0801757272254862e-09,1e-10,1.000000082790371e-10
582,2026,1,0,1.8624690915366784e-08,1.8624691074076678e-08,3.358295398250506e-07,3.35829596234432e-07,1e-10,1.000000082790371e-10
583,2022,1,0,1e-10,1.000000082790371e-10,1e-10,1.000000082790371e-10,1e-10,1.000000082790371e-10
583,2023,1,0,1e-10,1.000000082790371e-10,1e-10,1.000000082790371e-10,1e-10,1.000000082790371e-10
583,2024,1,0,1e-10,1.000000082790371e-10,1e-10,1.000000082790371e-10,1e-10,1.000000082790371e-10
583,2025,1,0,1e-10,1.000000082790371e-10,1.0801757304694216e-09,1.0801757272254862e-09,1e-10,1.000000082790371e-10
583,2026,1,0,1.8624690915366784e-08,1.8624691074076678e-08,3.358295398250506e-07,3.35829596234432e-07,1e-10,1.000000082790371e-10
584,2022,1,0,1e-10,1.000000082790371e-10,1e-10,1.000000082790371e-10,1e-10,1.000000082790371e-10
584,2023,1,0,1e-10,1.000000082790371e-10,1.0801757304694216e-09,1.0801757272254862e-09,1e-10,1.000000082790371e-10
584,2024,1,0,1.8624690915366784e-08,1.8624691074076678e-08,3.358295398250506e-07,3.35829596234432e-07,1e-10,1.000000082790371e-10
584,2025,1,0,1.0812338176072077e-06,1.0812344021239935e-06,2.5123153922821503e-05,2.5123469514496492e-05,2.21118015800298e-10,2.2111801281312575e-10
584,2026,1,0,1.5940056480797988e-05,1.5940183524806947e-05,0.00045206005545706917,0.00045216226540844786,2.946738235656121e-09,2.9467381911347736e-09
585,2022,1,0,1e-10,1.000000082790371e-10,1e-10,1.000000082790371e-10,1e-10,1.000000082790371e-10
585,2023,1,0,1e-10,1.000000082790371e-10,1e-10,1.000000082790371e-10,1e-10,1.000000082790371e-10
585,2024,1,0,1e-10,1.000000082790371e-10,1e-10,1.000000082790371e-10,1e-10,1.000000082790371e-10
585,2025,1,0,1e-10,1.000000082790371e-10,1.0801757304694216e-09,1.0801757272254862e-09,1e-10,1.000000082790371e-10
585,2026,1,0,1.8624690915366784e-08,1.8624691074076678e-08,3.358295398250506e-07,3.35829596234432e-07,1e-10,1.000000082790371e-10
586,2022,1,0,1e-10,1.000000082790371e-10,1e-10,1.000000082790371e-10,1e-10,1.000000082790371e-10
586,2023,1,0,1e-10,1.000000082790371e-10,1e-10,1.000000082790371e-10,1e-10,1.000000082790371e-10
586,2024,1,0,1e-10,1.000000082790371e-10,1e-10,1.000000082790371e-10,1e-10,1.000000082790371e-10
586,2025,1,0,1e-10,1.000000082790371e-10,1.0801757304694216e-09,1.0801757272254862e-09,1e-10,1.000000082790371e-10
586,2026,1,0,1.8624690915366784e-08,1.8624691074076678e-08,3.358295398250506e-07,3.35829596234432e-07,1e-10,1.000000082790371e-10
587,2022,0,0,1e-10,1.000000082790371e-10,1e-10,1.000000082790371e-10,1e-10,1.000000082790371e-10
587,2023,0,0,1e-10,1.000000082790371e-10,1e-10,1.000000082790371e-10,1e-10,1.000000082790371e-10
587,2024,0,0,1e-10,1.000000082790371e-10,1e-10,1.000000082790371e-10,1e-10,1.000000082790371e-10
587,2025,0,0,1e-10,1.000000082790371e-10,1e-10,1.000000082790371e-10,1e-10,1.000000082790371e-10
587,2026,0,0,1e-10,1.000000082790371e-10,1e-10,1.000000082790371e-10,1e-10,1.000000082790371e-10
588,2022,0,0,1e-10,1.000000082790371e-10,1e-10,1.000000082790371e-10,1e-10,1.000000082790371e-10
588,2023,0,0,1e-10,1.000000082790371e-10,1e-10,1.000000082790371e-10,1e-10,1.000000082790371e-10
588,2024,0,0,1e-10,1.000000082790371e-10,1e-10,1.000000082790371e-10,1e-10,1.000000082790371e-10
588,2025,0,0,1e-10,1.000000082790371e-10,1e-10,1.000000082790371e-10,1e-10,1.000000082790371e-10
588,2026,0,0,1e-10,1.000000082790371e-10,1e-10,1.000000082790371e-10,1e-10,1.000000082790371e-10
589,2022,1,0,1e-10,1.000000082790371e-10,1e-10,1.000000082790371e-10,1e-10,1.000000082790371e-10
589,2023,1,0,1e-10,1.000000082790371e-10,1e-10,1.000000082790371e-10,1e-10,1.000000082790371e-10
589,2024,1,0,1.2836529602175484e-10,1.2836531838302897e-10,1e-10,1.000000082790371e-10,1e-10,1.000000082790371e-10
589,2025,1,0,1.1555459595716234e-07,1.1555460267941974e-07,3.683448182124879e-08,3.6834482476421045e-08,5.1105271965803084e-08,5.110527332011466e-08
589,2026,1,0,2.6415639473385977e-05,2.6415988372513675e-05,1.1451812577460377e-05,1.14518781499517e-05,1.2995292069164354e-05,1.2995376508757318e-05
590,2022,0,0,1e-10,1.000000082790371e-10,1e-10,1.000000082790371e-10,1e-10,1.000000082790371e-10
590,2023,0,0,1e-10,1.000000082790371e-10,1e-10,1.000000082790371e-10,1e-10,1.000000082790371e-10
590,2024,0,0,1e-10,1.000000082790371e-10,1e-10,1.000000082790371e-10,1e-10,1.000000082790371e-10
590,2025,0,0,1e-10,1.000000082790371e-10,1e-10,1.000000082790371e-10,1e-10,1.000000082790371e-10
590,2026,0,0,1e-10,1.000000082790371e-10,1e-10,1.000000082790371e-10,1e-10,1.000000082790371e-10
591,2022,0,0,1e-10,1.000000082790371e-10,1e-10,1.000000082790371e-10,1e-10,1.000000082790371e-10
591,2023,0,0,1e-10,1.000000082790371e-10,1e-10,1.000000082790371e-10,1e-10,1.000000082790371e-10
591,2024,0,0,1e-10,1.000000082790371e-10,1e-10,1.000000082790371e-10,1e-10,1.000000082790371e-10
591,2025,0,0,1e-10,1.000000082790371e-10,1e-10,1.000000082790371e-10,1e-10,1.000000082790371e-10
591,2026,0,0,1e-10,1.000000082790371e-10,1e-10,1.000000082790371e-10,1e-10,1.000000082790371e-10
592,2022,0,0,1e-10,1.000000082790371e-10,1e-10,1.000000082790371e-10,1e-10,1.000000082790371e-10
592,2023,0,0,1e-10,1.000000082790371e-10,1e-10,1.000000082790371e-10,1e-10,1.000000082790371e-10
592,2024,0,0,1e-10,1.000000082790371e-10,1e-10,1.000000082790371e-10,1e-10,1.000000082790371e-10
592,2025,0,0,1e-10,1.000000082790371e-10,1e-10,1.000000082790371e-10,1e-10,1.000000082790371e-10
592,2026,0,0,1e-10,1.000000082790371e-10,1e-10,1.000000082790371e-10,1e-10,1.000000082790371e-10
593,2022,0,0,1e-10,1.000000082790371e-10,1e-10,1.000000082790371e-10,1e-10,1.000000082790371e-10
593,2023,0,0,1e-10,1.000000082790371e-10,1e-10,1.000000082790371e-10,1e-10,1.000000082790371e-10
593,2024,0,0,1e-10,1.000000082790371e-10,1e-10,1.000000082790371e-10,1e-10,1.000000082790371e-10
593,2025,0,0,1e-10,1.000000082790371e-10,1e-10,1.000000082790371e-10,1e-10,1.000000082790371e-10
593,2026,0,0,1e-10,1.000000082790371e-10,1e-10,1.000000082790371e-10,1e-10,1.000000082790371e-10
594,2022,0,0,1e-10,1.000000082790371e-10,1e-10,1.000000082790371e-10,1e-10,1.000000082790371e-10
594,2023,0,0,1e-10,1.000000082790371e-10,1e-10,1.000000082790371e-10,1e-10,1.000000082790371e-10
594,2024,0,0,1e-10,1.000000082790371e-10,1e-10,1.000000082790371e-10,1e-10,1.000000082790371e-10
594,2025,0,0,1e-10,1.000000082790371e-10,1e-10,1.000000082790371e-10,1e-10,1.000000082790371e-10
594,2026,0,0,1e-10,1.000000082790371e-10,1e-10,1.000000082790371e-10,1e-10,1.000000082790371e-10
595,2022,0,0,1e-10,1.000000082790371e-10,1e-10,1.000000082790371e-10,1e-10,1.000000082790371e-10
595,2023,0,0,1e-10,1.000000082790371e-10,1e-10,1.000000082790371e-10,1e-10,1.000000082790371e-10
595,2024,0,0,1e-10,1.000000082790371e-10,1e-10,1.000000082790371e-10,1e-10,1.000000082790371e-10
595,2025,0,0,1e-10,1.000000082790371e-10,1e-10,1.000000082790371e-10,1e-10,1.000000082790371e-10
595,2026,0,0,1e-10,1.000000082790371e-10,1e-10,1.000000082790371e-10,1e-10,1.000000082790371e-10
596,2022,1,0,1e-10,1.000000082790371e-10,1e-10,1.000000082790371e-10,1e-10,1.000000082790371e-10
596,2023,1,0,1e-10,1.000000082790371e-10,1e-10,1.000000082790371e-10,1e-10,1.000000082790371e-10
596,2024,1,0,1e-10,1.000000082790371e-10,1e-10,1.000000082790371e-10,1e-10,1.000000082790371e-10
596,2025,1,0,1e-10,1.000000082790371e-10,1.0801757304694216e-09,1.0801757272254862e-09,1e-10,1.000000082790371e-10
596,2026,1,0,1.8624690915366784e-08,1.8624691074076678e-08,3.358295398250506e-07,3.35829596234432e-07,1e-10,1.000000082790371e-10
597,2022,0,0,1e-10,1.000000082790371e-10,1e-10,1.000000082790371e-10,1e-10,1.000000082790371e-10
597,2023,0,0,1e-10,1.000000082790371e-10,1e-10,1.000000082790371e-10,1e-10,1.000000082790371e-10
597,2024,0,0,1e-10,1.000000082790371e-10,1e-10,1.000000082790371e-10,1e-10,1.000000082790371e-10
597,2025,0,0,1e-10,1.000000082790371e-10,6.167464979674131e-10,6.167465429155542e-10,1e-10,1.000000082790371e-10
597,2026,0,0,1e-10,1.000000082790371e-10,1.1102329771375203e-08,1.1102329783865435e-08,1e-10,1.000000082790371e-10
598,2022,0,0,1e-10,1.000000082790371e-10,1e-10,1.000000082790371e-10,1e-10,1.000000082790371e-10
598,2023,0,0,1e-10,1.000000082790371e-10,1e-10,1.000000082790371e-10,1e-10,1.000000082790371e-10
598,2024,0,0,1e-10,1.000000082790371e-10,1e-10,1.000000082790371e-10,1e-10,1.000000082790371e-10
598,2025,0,0,1e-10,1.000000082790371e-10,1e-10,1.000000082790371e-10,1e-10,1.000000082790371e-10
598,2026,0,0,1e-10,1.000000082790371e-10,1.9328993577589397e-09,1.9328993979634723e-09,1e-10,1.000000082790371e-10
599,2022,0,0,1e-10,1.000000082790371e-10,1e-10,1.000000082790371e-10,1e-10,1.000000082790371e-10
599,2023,0,0,1e-10,1.000000082790371e-10,1e-10,1.000000082790371e-10,1e-10,1.000000082790371e-10
599,2024,0,0,1e-10,1.000000082790371e-10,1e-10,1.000000082790371e-10,1e-10,1.000000082790371e-10
599,2025,0,0,1e-10,1.000000082790371e-10,1e-10,1.000000082790371e-10,1e-10,1.000000082790371e-10
599,2026,0,0,1e-10,1.000000082790371e-10,1e-10,1.000000082790371e-10,1e-10,1.000000082790371e-10
600,2022,0,0,1e-10,1.000000082790371e-10,1e-10,1.000000082790371e-10,1e-10,1.000000082790371e-10
600,2023,0,0,1e-10,1.000000082790371e-10,1e-10,1.000000082790371e-10,1e-10,1.000000082790371e-10
600,2024,0,0,1e-10,1.000000082790371e-10,1e-10,1.000000082790371e-10,1e-10,1.000000082790371e-10
600,2025,0,0,1e-10,1.000000082790371e-10,1e-10,1.000000082790371e-10,1e-10,1.000000082790371e-10
600,2026,0,0,1e-10,1.000000082790371e-10,1e-10,1.000000082790371e-10,1e-10,1.000000082790371e-10
601,2022,1,0,1e-10,1.000000082790371e-10,1e-10,1.000000082790371e-10,1e-10,1.000000082790371e-10
601,2023,1,0,1e-10,1.000000082790371e-10,1e-10,1.000000082790371e-10,1e-10,1.000000082790371e-10
601,2024,1,0,1e-10,1.000000082790371e-10,1e-10,1.000000082790371e-10,1e-10,1.000000082790371e-10
601,2025,1,0,1e-10,1.000000082790371e-10,1e-10,1.000000082790371e-10,1e-10,1.000000082790371e-10
601,2026,1,0,4.903728938130535e-10,4.903728535546837e-10,2.7089955388027688e-08,2.708995575695786e-08,1e-10,1.000000082790371e-10
602,2022,0,0,1e-10,1.000000082790371e-10,1e-10,1.000000082790371e-10,1e-10,1.000000082790371e-10
602,2023,0,0,1e-10,1.000000082790371e-10,1e-10,1.000000082790371e-10,1e-10,1.000000082790371e-10
602,2024,0,0,1e-10,1.000000082790371e-10,1e-10,1.000000082790371e-10,1e-10,1.000000082790371e-10
602,2025,0,0,1e-10,1.000000082790371e-10,1e-10,1.000000082790371e-10,1e-10,1.000000082790371e-10
602,2026,0,0,1e-10,1.000000082790371e-10,1e-10,1.000000082790371e-10,1e-10,1.000000082790371e-10
603,2022,0,0,1e-10,1.000000082790371e-10,1e-10,1.000000082790371e-10,1e-10,1.000000082790371e-10
603,2023,0,0,1e-10,1.000000082790371e-10,1e-10,1.000000082790371e-10,1e-10,1.000000082790371e-10
603,2024,0,0,1e-10,1.000000082790371e-10,1e-10,1.000000082790371e-10,1e-10,1.000000082790371e-10
603,2025,0,0,1e-10,1.000000082790371e-10,1e-10,1.000000082790371e-10,1e-10,1.000000082790371e-10
603,2026,0,0,1e-10,1.000000082790371e-10,1e-10,1.000000082790371e-10,1e-10,1.000000082790371e-10
604,2022,1,0,1e-10,1.000000082790371e-10,1e-10,1.000000082790371e-10,1e-10,1.000000082790371e-10
604,2023,1,0,1e-10,1.000000082790371e-10,1e-10,1.000000082790371e-10,1e-10,1.000000082790371e-10
604,2024,1,0,1.2836529602175484e-10,1.2836531838302897e-10,1e-10,1.000000082790371e-10,1e-10,1.000000082790371e-10
604,2025,1,0,1.1555459595716234e-07,1.1555460267941974e-07,3.683448182124879e-08,3.6834482476421045e-08,5.1105271965803084e-08,5.110527332011466e-08
604,2026,1,0,2.6415639473385977e-05,2.6415988372513675e-05,1.1451812577460377e-05,1.14518781499517e-05,1.2995292069164354e-05,1.2995376508757318e-05
605,2022,1,0,1e-10,1.000000082790371e-10,1e-10,1.000000082790371e-10,1e-10,1.000000082790371e-10
605,2023,1,0,1e-10,1.000000082790371e-10,1e-10,1.000000082790371e-10,1e-10,1.000000082790371e-10
605,2024,1,1,1.2836529602175484e-10,22.776141041409367,1e-10,23.025850929940457,1e-10,23.025850929940457
606,2022,0,0,1e-10,1.000000082790371e-10,1e-10,1.000000082790371e-10,1e-10,1.000000082790371e-10
606,2023,0,0,1e-10,1.000000082790371e-10,1e-10,1.000000082790371e-10,1e-10,1.000000082790371e-10
606,2024,0,0,1e-10,1.000000082790371e-10,1e-10,1.000000082790371e-10,1e-10,1.000000082790371e-10
606,2025,0,0,1e-10,1.000000082790371e-10,1e-10,1.000000082790371e-10,1e-10,1.000000082790371e-10
606,2026,0,0,1e-10,1.000000082790371e-10,1e-10,1.000000082790371e-10,1e-10,1.000000082790371e-10
607,2022,0,0,1e-10,1.000000082790371e-10,1e-10,1.000000082790371e-10,1e-10,1.000000082790371e-10
607,2023,0,0,1e-10,1.000000082790371e-10,1e-10,1.000000082790371e-10,1e-10,1.000000082790371e-10
607,2024,0,0,1e-10,1.000000082790371e-10,1e-10,1.000000082790371e-10,1e-10,1.000000082790371e-10
607,2025,0,0,1e-10,1.000000082790371e-10,1e-10,1.000000082790371e-10,1e-10,1.000000082790371e-10
607,2026,0,0,1e-10,1.000000082790371e-10,3.7234112839115806e-10,3.723411579752833e-10,1e-10,1.000000082790371e-10
608,2022,0,0,1e-10,1.000000082790371e-10,1e-10,1.000000082790371e-10,1e-10,1.000000082790371e-10
608,2023,0,0,1e-10,1.000000082790371e-10,1e-10,1.000000082790371e-10,1e-10,1.000000082790371e-10
608,2024,0,0,1e-10,1.000000082790371e-10,1e-10,1.000000082790371e-10,1e-10,1.000000082790371e-10
608,2025,0,0,1e-10,1.000000082790371e-10,1e-10,1.000000082790371e-10,1e-10,1.000000082790371e-10
608,2026,0,0,1e-10,1.000000082790371e-10,1e-10,1.000000082790371e-10,1e-10,1.000000082790371e-10
609,2022,1,0,1e-10,1.000000082790371e-10,1e-10,1.000000082790371e-10,1e-10,1.000000082790371e-10
609,2023,1,0,1e-10,1.000000082790371e-10,1e-10,1.000000082790371e-10,1e-10,1.000000082790371e-10
609,2024,1,0,1.2836529602175484e-10,1.2836531838302897e-10,1e-10,1.000000082790371e-10,1e-10,1.000000082790371e-10
609,2025,1,0,1.1555459595716234e-07,1.1555460267941974e-07,3.683448182124879e-08,3.6834482476421045e-08,5.1105271965803084e-08,5.110527332011466e-08
609,2026,1,0,2.6415639473385977e-05,2.6415988372513675e-05,1.1451812577460377e-05,1.14518781499517e-05,1.2995292069164354e-05,1.2995376508757318e-05
610,2022,0,0,1e-10,1.000000082790371e-10,1e-10,1.000000082790371e-10,1e-10,1.000000082790371e-10
610,2023,0,0,1e-10,1.000000082790371e-10,1e-10,1.000000082790371e-10,1e-10,1.000000082790371e-10
610,2024,0,0,1e-10,1.000000082790371e-10,1e-10,1.000000082790371e-10,1e-10,1.000000082790371e-10
610,2025,0,0,1e-10,1.000000082790371e-10,1e-10,1.000000082790371e-10,1e-10,1.000000082790371e-10
610,2026,0,0,1e-10,1.000000082790371e-10,1e-10,1.000000082790371e-10,1e-10,1.000000082790371e-10
611,2022,1,0,1e-10,1.000000082790371e-10,1e-10,1.000000082790371e-10,1e-10,1.000000082790371e-10
611,2023,1,0,1e-10,1.000000082790371e-10,1e-10,1.000000082790371e-10,1e-10,1.000000082790371e-10
611,2024,1,0,1.2836529602175484e-10,1.2836531838302897e-10,1e-10,1.000000082790371e-10,1e-10,1.000000082790371e-10
611,2025,1,0,1.1555459595716234e-07,1.1555460267941974e-07,3.683448182124879e-08,3.6834482476421045e-08,5.1105271965803084e-08,5.110527332011466e-08
611,2026,1,0,2.6415639473385977e-05,2.6415988372513675e-05,1.1451812577460377e-05,1.14518781499517e-05,1.2995292069164354e-05,1.2995376508757318e-05
612,2022,1,0,1e-10,1.000000082790371e-10,1e-10,1.000000082790371e-10,1e-10,1.000000082790371e-10
612,2023,1,0,1e-10,1.000000082790371e-10,1e-10,1.000000082790371e-10,1e-10,1.000000082790371e-10
612,2024,1,0,1.2836529602175484e-10,1.2836531838302897e-10,1e-10,1.000000082790371e-10,1e-10,1.000000082790371e-10
612,2025,1,0,1.1555459595716234e-07,1.1555460267941974e-07,3.683448182124879e-08,3.6834482476421045e-08,5.1105271965803084e-08,5.110527332011466e-08
612,2026,1,0,2.6415639473385977e-05,2.6415988372513675e-05,1.1451812577460377e-05,1.14518781499517e-05,1.2995292069164354e-05,1.2995376508757318e-05
613,2022,1,0,1e-10,1.000000082790371e-10,1e-10,1.000000082790371e-10,1e-10,1.000000082790371e-10
613,2023,1,0,1e-10,1.000000082790371e-10,1e-10,1.000000082790371e-10,1e-10,1.000000082790371e-10
613,2024,1,0,1.2836529602175484e-10,1.2836531838302897e-10,1e-10,1.000000082790371e-10,1e-10,1.000000082790371e-10
613,2025,1,0,1.1555459595716234e-07,1.1555460267941974e-07,3.683448182124879e-08,3.6834482476421045e-08,5.1105271965803084e-08,5.110527332011466e-08
613,2026,1,0,2.6415639473385977e-05,2.6415988372513675e-05,1.1451812577460377e-05,1.14518781499517e-05,1.2995292069164354e-05,1.2995376508757318e-05
614,2022,1,0,1e-10,1.000000082790371e-10,1e-10,1.000000082790371e-10,1e-10,1.000000082790371e-10
614,2023,1,0,1e-10,1.000000082790371e-10,1e-10,1.000000082790371e-10,1e-10,1.000000082790371e-10
614,2024,1,0,1.2836529602175484e-10,1.2836531838302897e-10,1e-10,1.000000082790371e-10,1e-10,1.000000082790371e-10
614,2025,1,0,1.1555459595716234e-07,1.1555460267941974e-07,3.683448182124879e-08,3.6834482476421045e-08,5.1105271965803084e-08,5.110527332011466e-08
614,2026,1,0,2.6415639473385977e-05,2.6415988372513675e-05,1.1451812577460377e-05,1.14518781499517e-05,1.2995292069164354e-05,1.2995376508757318e-05
615,2022,0,0,1e-10,1.000000082790371e-10,1e-10,1.000000082790371e-10,1e-10,1.000000082790371e-10
615,2023,0,0,1e-10,1.000000082790371e-10,1e-10,1.000000082790371e-10,1e-10,1.000000082790371e-10
615,2024,0,0,1e-10,1.000000082790371e-10,1e-10,1.000000082790371e-10,1e-10,1.000000082790371e-10
615,2025,0,0,1e-10,1.000000082790371e-10,1e-10,1.000000082790371e-10,1e-10,1.000000082790371e-10
615,2026,0,0,1e-10,1.000000082790371e-10,1e-10,1.000000082790371e-10,1e-10,1.000000082790371e-10
616,2022,0,0,1e-10,1.000000082790371e-10,1e-10,1.000000082790371e-10,1e-10,1.000000082790371e-10
616,2023,0,0,1e-10,1.000000082790371e-10,1e-10,1.000000082790371e-10,1e-10,1.000000082790371e-10
616,2024,0,0,1e-10,1.000000082790371e-10,1e-10,1.000000082790371e-10,1e-10,1.000000082790371e-10
616,2025,0,0,1e-10,1.000000082790371e-10,1e-10,1.000000082790371e-10,1e-10,1.000000082790371e-10
616,2026,0,0,1e-10,1.000000082790371e-10,1e-10,1.000000082790371e-10,1e-10,1.000000082790371e-10
617,2022,0,0,1e-10,1.000000082790371e-10,1e-10,1.000000082790371e-10,1e-10,1.000000082790371e-10
617,2023,0,0,1e-10,1.000000082790371e-10,1e-10,1.000000082790371e-10,1e-10,1.000000082790371e-10
617,2024,0,0,1e-10,1.000000082790371e-10,1e-10,1.000000082790371e-10,1e-10,1.000000082790371e-10
617,2025,0,0,1e-10,1.000000082790371e-10,1e-10,1.000000082790371e-10,1e-10,1.000000082790371e-10
617,2026,0,0,1e-10,1.000000082790371e-10,1e-10,1.000000082790371e-10,1e-10,1.000000082790371e-10
618,2022,0,0,1e-10,1.000000082790371e-10,1e-10,1.000000082790371e-10,1e-10,1.000000082790371e-10
618,2023,0,0,1e-10,1.000000082790371e-10,1e-10,1.000000082790371e-10,1e-10,1.000000082790371e-10
618,2024,0,0,1e-10,1.000000082790371e-10,1e-10,1.000000082790371e-10,1e-10,1.000000082790371e-10
618,2025,0,0,1e-10,1.000000082790371e-10,1e-10,1.000000082790371e-10,1e-10,1.000000082790371e-10
618,2026,0,0,1e-10,1.000000082790371e-10,1e-10,1.000000082790371e-10,1e-10,1.000000082790371e-10
619,2022,0,0,1e-10,1.000000082790371e-10,1e-10,1.000000082790371e-10,1e-10,1.000000082790371e-10
619,2023,0,0,1e-10,1.000000082790371e-10,1e-10,1.000000082790371e-10,1e-10,1.000000082790371e-10
619,2024,0,0,1e-10,1.000000082790371e-10,1e-10,1.000000082790371e-10,1e-10,1.000000082790371e-10
619,2025,0,0,1e-10,1.000000082790371e-10,1e-10,1.000000082790371e-10,1e-10,1.000000082790371e-10
619,2026,0,0,1e-10,1.000000082790371e-10,1e-10,1.000000082790371e-10,1e-10,1.000000082790371e-10
620,2022,0,0,1e-10,1.000000082790371e-10,1e-10,1.000000082790371e-10,1e-10,1.000000082790371e-10
620,2023,0,0,1e-10,1.000000082790371e-10,1e-10,1.000000082790371e-10,1e-10,1.000000082790371e-10
620,2024,0,0,1e-10,1.000000082790371e-10,1e-10,1.000000082790371e-10,1e-10,1.000000082790371e-10
620,2025,0,0,1e-10,1.000000082790371e-10,1e-10,1.000000082790371e-10,1e-10,1.000000082790371e-10
620,2026,0,0,1e-10,1.000000082790371e-10,1e-10,1.000000082790371e-10,1e-10,1.000000082790371e-10
621,2022,0,0,1e-10,1.000000082790371e-10,1e-10,1.000000082790371e-10,1e-10,1.000000082790371e-10
621,2023,0,0,1e-10,1.000000082790371e-10,1e-10,1.000000082790371e-10,1e-10,1.000000082790371e-10
621,2024,0,0,1e-10,1.000000082790371e-10,1e-10,1.000000082790371e-10,1e-10,1.000000082790371e-10
621,2025,0,0,1e-10,1.000000082790371e-10,1e-10,1.000000082790371e-10,1e-10,1.000000082790371e-10
621,2026,0,0,1e-10,1.000000082790371e-10,1e-10,1.000000082790371e-10,1e-10,1.000000082790371e-10
622,2022,0,0,1e-10,1.000000082790371e-10,1e-10,1.000000082790371e-10,1e-10,1.000000082790371e-10
622,2023,0,0,1e-10,1.000000082790371e-10,1e-10,1.000000082790371e-10,1e-10,1.000000082790371e-10
622,2024,0,0,1e-10,1.000000082790371e-10,1e-10,1.000000082790371e-10,1e-10,1.000000082790371e-10
622,2025,0,0,1e-10,1.000000082790371e-10,1e-10,1.000000082790371e-10,1e-10,1.000000082790371e-10
622,2026,0,0,1e-10,1.000000082790371e-10,1e-10,1.000000082790371e-10,1e-10,1.000000082790371e-10
623,2022,0,0,1e-10,1.000000082790371e-10,1e-10,1.000000082790371e-10,1e-10,1.000000082790371e-10
623,2023,0,0,1e-10,1.000000082790371e-10,1.4922490053786176e-09,1.492248992155237e-09,1e-10,1.000000082790371e-10
623,2024,0,0,1e-10,1.000000082790371e-10,1.1163677454814883e-07,1.1163678083373796e-07,1e-10,1.000000082790371e-10
623,2025,0,0,1e-10,1.000000082790371e-10,2.0096197551392518e-06,2.009621774449604e-06,1e-10,1.000000082790371e-10
623,2026,0,0,1e-10,1.000000082790371e-10,8.70482058860206e-06,8.704858475738193e-06,1e-10,1.000000082790371e-10
624,2022,1,0,1e-10,1.000000082790371e-10,1e-10,1.000000082790371e-10,1e-10,1.000000082790371e-10
624,2023,1,0,1.2836529602175484e-10,1.2836531838302897e-10,1e-10,1.000000082790371e-10,1e-10,1.000000082790371e-10
624,2024,1,0,1.1555459595716234e-07,1.1555460267941974e-07,3.683448182124879e-08,3.6834482476421045e-08,6.085895488836264e-08,6.085895672752626e-08
624,2025,1,0,2.6415639473385977e-05,2.6415988372513675e-05,1.1451812577460377e-05,1.14518781499517e-05,1.5763374049885437e-05,1.5763498293135003e-05
624,2026,1,0,0.001531221780594614,0.0015323952987626704,0.0008559991239071411,0.0008563657003648481,0.0009168100717145443,0.0009172305991171309
625,2022,0,0,1e-10,1.000000082790371e-10,1e-10,1.000000082790371e-10,1e-10,1.000000082790371e-10
625,2023,0,0,1e-10,1.000000082790371e-10,1e-10,1.000000082790371e-10,1e-10,1.000000082790371e-10
625,2024,0,0,1e-10,1.000000082790371e-10,1e-10,1.000000082790371e-10,1e-10,1.000000082790371e-10
625,2025,0,0,1e-10,1.000000082790371e-10,1e-10,1.000000082790371e-10,1e-10,1.000000082790371e-10
625,2026,0,0,1e-10,1.000000082790371e-10,1e-10,1.000000082790371e-10,1e-10,1.000000082790371e-10
626,2022,0,0,1e-10,1.000000082790371e-10,1e-10,1.000000082790371e-10,1e-10,1.000000082790371e-10
626,2023,0,0,1e-10,1.000000082790371e-10,1e-10,1.000000082790371e-10,1e-10,1.000000082790371e-10
626,2024,0,0,1e-10,1.000000082790371e-10,1e-10,1.000000082790371e-10,1e-10,1.000000082790371e-10
626,2025,0,0,1e-10,1.000000082790371e-10,1e-10,1.000000082790371e-10,1e-10,1.000000082790371e-10
626,2026,0,0,1e-10,1.000000082790371e-10,1e-10,1.000000082790371e-10,1e-10,1.000000082790371e-10
627,2022,0,0,1e-10,1.000000082790371e-10,1e-10,1.000000082790371e-10,1e-10,1.000000082790371e-10
627,2023,0,0,1e-10,1.000000082790371e-10,1e-10,1.000000082790371e-10,1e-10,1.000000082790371e-10
627,2024,0,0,1e-10,1.000000082790371e-10,1e-10,1.000000082790371e-10,1e-10,1.000000082790371e-10
627,2025,0,0,1e-10,1.000000082790371e-10,1e-10,1.000000082790371e-10,1e-10,1.000000082790371e-10
627,2026,0,0,1e-10,1.000000082790371e-10,1e-10,1.000000082790371e-10,1e-10,1.000000082790371e-10
628,2022,0,0,1e-10,1.000000082790371e-10,1e-10,1.000000082790371e-10,1e-10,1.000000082790371e-10
628,2023,0,0,1e-10,1.000000082790371e-10,1e-10,1.000000082790371e-10,1e-10,1.000000082790371e-10
628,2024,0,0,1e-10,1.000000082790371e-10,1e-10,1.000000082790371e-10,1e-10,1.000000082790371e-10
628,2025,0,0,1e-10,1.000000082790371e-10,1e-10,1.000000082790371e-10,1e-10,1.000000082790371e-10
628,2026,0,0,1e-10,1.000000082790371e-10,1e-10,1.000000082790371e-10,1e-10,1.000000082790371e-10
629,2022,0,0,1e-10,1.000000082790371e-10,1e-10,1.000000082790371e-10,1e-10,1.000000082790371e-10
629,2023,0,0,1e-10,1.000000082790371e-10,1e-10,1.000000082790371e-10,1e-10,1.000000082790371e-10
629,2024,0,0,1e-10,1.000000082790371e-10,1e-10,1.000000082790371e-10,1e-10,1.000000082790371e-10
629,2025,0,0,1e-10,1.000000082790371e-10,1e-10,1.000000082790371e-10,1e-10,1.000000082790371e-10
629,2026,0,0,1e-10,1.000000082790371e-10,1e-10,1.000000082790371e-10,1e-10,1.000000082790371e-10
630,2022,0,0,1e-10,1.000000082790371e-10,1e-10,1.000000082790371e-10,1e-10,1.000000082790371e-10
630,2023,0,0,1e-10,1.000000082790371e-10,1e-10,1.000000082790371e-10,1e-10,1.000000082790371e-10
630,2024,0,0,1e-10,1.000000082790371e-10,1e-10,1.000000082790371e-10,1e-10,1.000000082790371e-10
630,2025,0,0,1e-10,1.000000082790371e-10,1e-10,1.000000082790371e-10,1e-10,1.000000082790371e-10
630,2026,0,0,1e-10,1.000000082790371e-10,1e-10,1.000000082790371e-10,1e-10,1.000000082790371e-10
631,2022,0,0,1e-10,1.000000082790371e-10,1e-10,1.000000082790371e-10,1e-10,1.000000082790371e-10
631,2023,0,0,1e-10,1.000000082790371e-10,1e-10,1.000000082790371e-10,1e-10,1.000000082790371e-10
631,2024,0,0,1e-10,1.000000082790371e-10,1e-10,1.000000082790371e-10,1e-10,1.000000082790371e-10
631,2025,0,0,1e-10,1.000000082790371e-10,1e-10,1.000000082790371e-10,1e-10,1.000000082790371e-10
631,2026,0,0,1e-10,1.000000082790371e-10,1e-10,1.000000082790371e-10,1e-10,1.000000082790371e-10
632,2022,0,0,1e-10,1.000000082790371e-10,1e-10,1.000000082790371e-10,1e-10,1.000000082790371e-10
632,2023,0,0,1e-10,1.000000082790371e-10,1e-10,1.000000082790371e-10,1e-10,1.000000082790371e-10
632,2024,0,0,1e-10,1.000000082790371e-10,1e-10,1.000000082790371e-10,1e-10,1.000000082790371e-10
632,2025,0,0,1e-10,1.000000082790371e-10,1e-10,1.000000082790371e-10,1e-10,1.000000082790371e-10
632,2026,0,0,1e-10,1.000000082790371e-10,1e-10,1.000000082790371e-10,1e-10,1.000000082790371e-10
633,2022,0,0,1e-10,1.000000082790371e-10,1e-10,1.000000082790371e-10,1e-10,1.000000082790371e-10
633,2023,0,0,1e-10,1.000000082790371e-10,1e-10,1.000000082790371e-10,1e-10,1.000000082790371e-10
633,2024,0,0,1e-10,1.000000082790371e-10,1e-10,1.000000082790371e-10,1e-10,1.000000082790371e-10
633,2025,0,0,1e-10,1.000000082790371e-10,1e-10,1.000000082790371e-10,1e-10,1.000000082790371e-10
633,2026,0,0,1e-10,1.000000082790371e-10,1e-10,1.000000082790371e-10,1e-10,1.000000082790371e-10
634,2022,0,0,1e-10,1.000000082790371e-10,1e-10,1.000000082790371e-10,1e-10,1.000000082790371e-10
634,2023,0,0,1e-10,1.000000082790371e-10,1e-10,1.000000082790371e-10,1e-10,1.000000082790371e-10
634,2024,0,0,1e-10,1.000000082790371e-10,1e-10,1.000000082790371e-10,1e-10,1.000000082790371e-10
634,2025,0,0,1e-10,1.000000082790371e-10,1e-10,1.000000082790371e-10,1e-10,1.000000082790371e-10
634,2026,0,0,1e-10,1.000000082790371e-10,1e-10,1.000000082790371e-10,1e-10,1.000000082790371e-10
635,2022,0,0,1e-10,1.000000082790371e-10,1e-10,1.000000082790371e-10,1e-10,1.000000082790371e-10
635,2023,0,0,1e-10,1.000000082790371e-10,1e-10,1.000000082790371e-10,1e-10,1.000000082790371e-10
635,2024,0,0,1e-10,1.000000082790371e-10,1e-10,1.000000082790371e-10,1e-10,1.000000082790371e-10
635,2025,0,0,1e-10,1.000000082790371e-10,1e-10,1.000000082790371e-10,1e-10,1.000000082790371e-10
635,2026,0,0,1e-10,1.000000082790371e-10,1e-10,1.000000082790371e-10,1e-10,1.000000082790371e-10
636,2022,0,0,1e-10,1.000000082790371e-10,1e-10,1.000000082790371e-10,1e-10,1.000000082790371e-10
636,2023,0,0,1e-10,1.000000082790371e-10,1e-10,1.000000082790371e-10,1e-10,1.000000082790371e-10
636,2024,0,0,1e-10,1.000000082790371e-10,1e-10,1.000000082790371e-10,1e-10,1.000000082790371e-10
636,2025,0,0,1e-10,1.000000082790371e-10,1e-10,1.000000082790371e-10,1e-10,1.000000082790371e-10
636,2026,0,0,1e-10,1.000000082790371e-10,1.4912135251538918e-10,1.491213819204859e-10,1e-10,1.000000082790371e-10
637,2022,1,0,1e-10,1.000000082790371e-10,1e-10,1.000000082790371e-10,1e-10,1.000000082790371e-10
637,2023,1,0,1e-10,1.000000082790371e-10,1e-10,1.000000082790371e-10,1e-10,1.000000082790371e-10
637,2024,1,0,1e-10,1.000000082790371e-10,1e-10,1.000000082790371e-10,1e-10,1.000000082790371e-10
637,2025,1,0,2.552679089239866e-10,2.552679179472175e-10,1.9265692250119852e-08,1.926569244932032e-08,1e-10,1.000000082790371e-10
637,2026,1,0,1.4819284045998991e-08,1.4819284131943981e-08,1.441285544811561e-06,1.4412865834539497e-06,1e-10,1.000000082790371e-10
638,2022,0,0,1e-10,1.000000082790371e-10,1e-10,1.000000082790371e-10,1e-10,1.000000082790371e-10
638,2023,0,0,1e-10,1.000000082790371e-10,1e-10,1.000000082790371e-10,1e-10,1.000000082790371e-10
638,2024,0,0,1e-10,1.000000082790371e-10,1e-10,1.000000082790371e-10,1e-10,1.000000082790371e-10
638,2025,0,0,1e-10,1.000000082790371e-10,1e-10,1.000000082790371e-10,1e-10,1.000000082790371e-10
638,2026,0,0,1e-10,1.000000082790371e-10,1e-10,1.000000082790371e-10,1e-10,1.000000082790371e-10
639,2022,0,0,1e-10,1.000000082790371e-10,1e-10,1.000000082790371e-10,1e-10,1.000000082790371e-10
639,2023,0,0,1e-10,1.000000082790371e-10,1e-10,1.000000082790371e-10,1e-10,1.000000082790371e-10
639,2024,0,0,1e-10,1.000000082790371e-10,1e-10,1.000000082790371e-10,1e-10,1.000000082790371e-10
639,2025,0,0,1e-10,1.000000082790371e-10,1e-10,1.000000082790371e-10,1e-10,1.000000082790371e-10
639,2026,0,0,1e-10,1.000000082790371e-10,1e-10,1.000000082790371e-10,1e-10,1.000000082790371e-10
640,2022,0,0,1e-10,1.000000082790371e-10,1e-10,1.000000082790371e-10,1e-10,1.000000082790371e-10
640,2023,0,0,1e-10,1.000000082790371e-10,1e-10,1.000000082790371e-10,1e-10,1.000000082790371e-10
640,2024,0,0,1e-10,1.000000082790371e-10,1e-10,1.000000082790371e-10,1e-10,1.000000082790371e-10
640,2025,0,0,1e-10,1.000000082790371e-10,1e-10,1.000000082790371e-10,1e-10,1.000000082790371e-10
640,2026,0,0,1e-10,1.000000082790371e-10,1e-10,1.000000082790371e-10,1e-10,1.000000082790371e-10
641,2022,0,0,1e-10,1.000000082790371e-10,1e-10,1.000000082790371e-10,1e-10,1.000000082790371e-10
641,2023,0,0,1e-10,1.000000082790371e-10,1e-10,1.000000082790371e-10,1e-10,1.000000082790371e-10
641,2024,0,0,1e-10,1.000000082790371e-10,1e-10,1.000000082790371e-10,1e-10,1.000000082790371e-10
641,2025,0,0,1e-10,1.000000082790371e-10,1e-10,1.000000082790371e-10,1e-10,1.000000082790371e-10
641,2026,0,0,1e-10,1.000000082790371e-10,1e-10,1.000000082790371e-10,1e-10,1.000000082790371e-10
642,2022,0,0,1e-10,1.000000082790371e-10,1e-10,1.000000082790371e-10,1e-10,1.000000082790371e-10
642,2023,0,1,1e-10,23.025850929940457,1e-10,23.025850929940457,1e-10,23.025850929940457
643,2022,0,0,1e-10,1.000000082790371e-10,1e-10,1.000000082790371e-10,1e-10,1.000000082790371e-10
643,2023,0,0,1e-10,1.000000082790371e-10,1e-10,1.000000082790371e-10,1e-10,1.000000082790371e-10
643,2024,0,0,1e-10,1.000000082790371e-10,2.394171662594922e-10,2.3941715279842114e-10,1e-10,1.000000082790371e-10
643,2025,0,0,1e-10,1.000000082790371e-10,2.495430808256471e-10,2.495430529192929e-10,1e-10,1.000000082790371e-10
643,2026,0,0,1e-10,1.000000082790371e-10,1e-10,1.000000082790371e-10,1e-10,1.000000082790371e-10
644,2022,0,0,1e-10,1.000000082790371e-10,1e-10,1.000000082790371e-10,1e-10,1.000000082790371e-10
644,2023,0,0,1e-10,1.000000082790371e-10,1e-10,1.000000082790371e-10,1e-10,1.000000082790371e-10
644,2024,0,1,1e-10,23.025850929940457,1e-10,23.025850929940457,1e-10,23.025850929940457
645,2022,0,0,1e-10,1.000000082790371e-10,1e-10,1.000000082790371e-10,1e-10,1.000000082790371e-10
645,2023,0,1,1e-10,23.025850929940457,1e-10,23.025850929940457,1e-10,23.025850929940457
646,2022,0,0,1e-10,1.000000082790371e-10,1e-10,1.000000082790371e-10,1e-10,1.000000082790371e-10
646,2023,0,0,1e-10,1.000000082790371e-10,1e-10,1.000000082790371e-10,1e-10,1.000000082790371e-10
646,2024,0,0,1e-10,1.000000082790371e-10,1e-10,1.000000082790371e-10,1e-10,1.000000082790371e-10
646,2025,0,0,1e-10,1.000000082790371e-10,2.1698739015131796e-10,2.1698742804910302e-10,1e-10,1.000000082790371e-10
646,2026,0,0,1e-10,1.000000082790371e-10,2.261646593045043e-10,2.261646425949905e-10,1e-10,1.000000082790371e-10
647,2022,1,0,1e-10,1.000000082790371e-10,1e-10,1.000000082790371e-10,1e-10,1.000000082790371e-10
647,2023,1,0,1e-10,1.000000082790371e-10,1e-10,1.000000082790371e-10,1e-10,1.000000082790371e-10
647,2024,1,0,1e-10,1.000000082790371e-10,1e-10,1.000000082790371e-10,1e-10,1.000000082790371e-10
647,2025,1,0,1e-10,1.000000082790371e-10,1.262324972615207e-09,1.2623250230854673e-09,1e-10,1.000000082790371e-10
647,2026,1,0,1e-10,1.000000082790371e-10,9.443590865732483e-08,9.443591310761981e-08,1e-10,1.000000082790371e-10
648,2022,0,0,1e-10,1.000000082790371e-10,1e-10,1.000000082790371e-10,1e-10,1.000000082790371e-10
648,2023,0,0,1e-10,1.000000082790371e-10,1.1393631879587829e-10,1.1393630484174005e-10,1e-10,1.000000082790371e-10
648,2024,0,0,1e-10,1.000000082790371e-10,1.1875514381283506e-10,1.187551168583837e-10,1e-10,1.000000082790371e-10
648,2025,0,0,1e-10,1.000000082790371e-10,1e-10,1.000000082790371e-10,1e-10,1.000000082790371e-10
648,2026,0,0,1e-10,1.000000082790371e-10,1e-10,1.000000082790371e-10,1e-10,1.000000082790371e-10
649,2022,0,0,1e-10,1.000000082790371e-10,1e-10,1.000000082790371e-10,1e-10,1.000000082790371e-10
649,2023,0,0,1e-10,1.000000082790371e-10,1e-10,1.000000082790371e-10,1e-10,1.000000082790371e-10
649,2024,0,0,1e-10,1.000000082790371e-10,1e-10,1.000000082790371e-10,1e-10,1.000000082790371e-10
649,2025,0,0,1e-10,1.000000082790371e-10,1e-10,1.000000082790371e-10,1e-10,1.000000082790371e-10
649,2026,0,0,1e-10,1.000000082790371e-10,1e-10,1.000000082790371e-10,1e-10,1.000000082790371e-10
650,2022,0,0,1e-10,1.000000082790371e-10,1e-10,1.000000082790371e-10,1e-10,1.000000082790371e-10
650,2023,0,0,1e-10,1.000000082790371e-10,1e-10,1.000000082790371e-10,1e-10,1.000000082790371e-10
650,2024,0,0,1e-10,1.000000082790371e-10,1e-10,1.000000082790371e-10,1e-10,1.000000082790371e-10
650,2025,0,0,1e-10,1.000000082790371e-10,1e-10,1.000000082790371e-10,1e-10,1.000000082790371e-10
650,2026,0,0,1e-10,1.000000082790371e-10,1e-10,1.000000082790371e-10,1e-10,1.000000082790371e-10
651,2022,1,0,1e-10,1.000000082790371e-10,1e-10,1.000000082790371e-10,1e-10,1.000000082790371e-10
651,2023,1,0,4.903728938130535e-10,4.903728535546837e-10,2.7089955388027688e-08,2.708995575695786e-08,1e-10,1.000000082790371e-10
651,2024,1,0,2.8468032409673084e-08,2.8468032781097908e-08,2.0266252597986204e-06,2.0266273134399617e-06,1e-10,1.000000082790371e-10
651,2025,1,0,4.19695168942768e-07,4.1969525702372574e-07,3.648093184940531e-05,3.648159729475923e-05,1e-10,1.000000082790371e-10
651,2026,1,0,1.5712881635754304e-06,1.571289398056636e-06,0.00015800178126494687,0.00015801426486131723,1e-10,1.000000082790371e-10
652,2022,0,0,1e-10,1.000000082790371e-10,1e-10,1.000000082790371e-10,1e-10,1.000000082790371e-10
652,2023,0,0,1e-10,1.000000082790371e-10,1e-10,1.000000082790371e-10,1e-10,1.000000082790371e-10
652,2024,0,0,1e-10,1.000000082790371e-10,1e-10,1.000000082790371e-10,1e-10,1.000000082790371e-10
652,2025,0,0,1e-10,1.000000082790371e-10,1e-10,1.000000082790371e-10,1e-10,1.000000082790371e-10
652,2026,0,0,1e-10,1.000000082790371e-10,1e-10,1.000000082790371e-10,1e-10,1.000000082790371e-10
653,2022,0,0,1e-10,1.000000082790371e-10,1e-10,1.000000082790371e-10,1e-10,1.000000082790371e-10
653,2023,0,0,1e-10,1.000000082790371e-10,1e-10,1.000000082790371e-10,1e-10,1.000000082790371e-10
653,2024,0,0,1e-10,1.000000082790371e-10,1e-10,1.000000082790371e-10,1e-10,1.000000082790371e-10
653,2025,0,0,1e-10,1.000000082790371e-10,1e-10,1.000000082790371e-10,1e-10,1.000000082790371e-10
653,2026,0,0,1e-10,1.000000082790371e-10,1e-10,1.000000082790371e-10,1e-10,1.000000082790371e-10
654,2022,1,0,1e-10,1.000000082790371e-10,1e-10,1.000000082790371e-10,1e-10,1.000000082790371e-10
654,2023,1,0,4.903728938130535e-10,4.903728535546837e-10,2.7089955388027688e-08,2.708995575695786e-08,1e-10,1.000000082790371e-10
654,2024,1,0,2.8468032409673084e-08,2.8468032781097908e-08,2.0266252597986204e-06,2.0266273134399617e-06,1e-10,1.000000082790371e-10
654,2025,1,0,4.19695168942768e-07,4.1969525702372574e-07,3.648093184940531e-05,3.648159729475923e-05,1e-10,1.000000082790371e-10
654,2026,1,0,1.5712881635754304e-06,1.571289398056636e-06,0.00015800178126494687,0.00015801426486131723,1e-10,1.000000082790371e-10
655,2022,0,0,1e-10,1.000000082790371e-10,1e-10,1.000000082790371e-10,1e-10,1.000000082790371e-10
655,2023,0,0,1e-10,1.000000082790371e-10,1e-10,1.000000082790371e-10,1e-10,1.000000082790371e-10
655,2024,0,0,1e-10,1.000000082790371e-10,1e-10,1.000000082790371e-10,1e-10,1.000000082790371e-10
655,2025,0,0,1e-10,1.000000082790371e-10,1e-10,1.000000082790371e-10,1e-10,1.000000082790371e-10
655,2026,0,0,1e-10,1.000000082790371e-10,1e-10,1.000000082790371e-10,1e-10,1.000000082790371e-10
656,2022,0,0,1e-10,1.000000082790371e-10,1e-10,1.000000082790371e-10,1e-10,1.000000082790371e-10
656,2023,0,0,1e-10,1.000000082790371e-10,1e-10,1.000000082790371e-10,1e-10,1.000000082790371e-10
656,2024,0,0,1e-10,1.000000082790371e-10,1e-10,1.000000082790371e-10,1e-10,1.000000082790371e-10
656,2025,0,0,1e-10,1.000000082790371e-10,1e-10,1.000000082790371e-10,1e-10,1.000000082790371e-10
656,2026,0,0,1e-10,1.000000082790371e-10,1e-10,1.000000082790371e-10,1e-10,1.000000082790371e-10
657,2022,1,0,1e-10,1.000000082790371e-10,1e-10,1.000000082790371e-10,1e-10,1.000000082790371e-10
657,2023,1,1,1e-10,23.025850929940457,1e-10,23.025850929940457,1e-10,23.025850929940457
658,2022,0,0,1e-10,1.000000082790371e-10,1e-10,1.000000082790371e-10,1e-10,1.000000082790371e-10
658,2023,0,0,1e-10,1.000000082790371e-10,1e-10,1.000000082790371e-10,1e-10,1.000000082790371e-10
658,2024,0,0,1e-10,1.000000082790371e-10,1e-10,1.000000082790371e-10,1e-10,1.000000082790371e-10
658,2025,0,0,1e-10,1.000000082790371e-10,1e-10,1.000000082790371e-10,1e-10,1.000000082790371e-10
658,2026,0,0,1e-10,1.000000082790371e-10,1e-10,1.000000082790371e-10,1e-10,1.000000082790371e-10
659,2022,0,0,1e-10,1.000000082790371e-10,1e-10,1.000000082790371e-10,1e-10,1.000000082790371e-10
659,2023,0,0,1e-10,1.000000082790371e-10,1e-10,1.000000082790371e-10,1e-10,1.000000082790371e-10
659,2024,0,0,1e-10,1.000000082790371e-10,1e-10,1.000000082790371e-10,1e-10,1.000000082790371e-10
659,2025,0,0,1e-10,1.000000082790371e-10,1e-10,1.000000082790371e-10,1e-10,1.000000082790371e-10
659,2026,0,0,1e-10,1.000000082790371e-10,1e-10,1.000000082790371e-10,1e-10,1.000000082790371e-10
660,2022,0,0,1e-10,1.000000082790371e-10,1e-10,1.000000082790371e-10,1e-10,1.000000082790371e-10
660,2023,0,0,1e-10,1.000000082790371e-10,1e-10,1.000000082790371e-10,1e-10,1.000000082790371e-10
660,2024,0,0,1e-10,1.000000082790371e-10,1e-10,1.000000082790371e-10,1e-10,1.000000082790371e-10
660,2025,0,0,1e-10,1.000000082790371e-10,1e-10,1.000000082790371e-10,1e-10,1.000000082790371e-10
660,2026,0,0,1e-10,1.000000082790371e-10,1e-10,1.000000082790371e-10,1e-10,1.000000082790371e-10
661,2022,0,0,1e-10,1.000000082790371e-10,1e-10,1.000000082790371e-10,1e-10,1.000000082790371e-10
661,2023,0,0,1e-10,1.000000082790371e-10,1e-10,1.000000082790371e-10,1e-10,1.000000082790371e-10
661,2024,0,0,1e-10,1.000000082790371e-10,1e-10,1.000000082790371e-10,1e-10,1.000000082790371e-10
661,2025,0,0,1e-10,1.000000082790371e-10,1e-10,1.000000082790371e-10,1e-10,1.000000082790371e-10
661,2026,0,0,1e-10,1.000000082790371e-10,1e-10,1.000000082790371e-10,1e-10,1.000000082790371e-10
662,2022,0,0,1e-10,1.000000082790371e-10,1e-10,1.000000082790371e-10,1e-10,1.000000082790371e-10
662,2023,0,0,1e-10,1.000000082790371e-10,1e-10,1.000000082790371e-10,1e-10,1.000000082790371e-10
662,2024,0,0,1e-10,1.000000082790371e-10,4.959791849709668e-10,4.959791467648982e-10,1e-10,1.000000082790371e-10
662,2025,0,0,1e-10,1.000000082790371e-10,8.928343331886454e-09,8.928343326775707e-09,1e-10,1.000000082790371e-10
662,2026,0,0,1e-10,1.000000082790371e-10,3.8674054979782244e-08,3.8674055706339796e-08,1e-10,1.000000082790371e-10
663,2022,0,0,1e-10,1.000000082790371e-10,1.075035441378928e-09,1.0750353946159325e-09,1e-10,1.000000082790371e-10
663,2023,0,0,1e-10,1.000000082790371e-10,4.6566288176238315e-09,4.656628871131043e-09,1e-10,1.000000082790371e-10
663,2024,0,0,1e-10,1.000000082790371e-10,4.853576371941449e-09,4.8535763304094164e-09,1e-10,1.000000082790371e-10
663,2025,0,0,1e-10,1.000000082790371e-10,1.2172885054555657e-09,1.2172884929688037e-09,1e-10,1.000000082790371e-10
663,2026,0,0,1e-10,1.000000082790371e-10,1e-10,1.000000082790371e-10,1e-10,1.000000082790371e-10
664,2022,0,0,1e-10,1.000000082790371e-10,1e-10,1.000000082790371e-10,1e-10,1.000000082790371e-10
664,2023,0,0,1e-10,1.000000082790371e-10,1e-10,1.000000082790371e-10,1e-10,1.000000082790371e-10
664,2024,0,0,1e-10,1.000000082790371e-10,1e-10,1.000000082790371e-10,1e-10,1.000000082790371e-10
664,2025,0,0,1e-10,1.000000082790371e-10,1e-10,1.000000082790371e-10,1e-10,1.000000082790371e-10
664,2026,0,0,1e-10,1.000000082790371e-10,1e-10,1.000000082790371e-10,1e-10,1.000000082790371e-10
665,2022,0,0,1e-10,1.000000082790371e-10,1e-10,1.000000082790371e-10,1e-10,1.000000082790371e-10
665,2023,0,0,1e-10,1.000000082790371e-10,1e-10,1.000000082790371e-10,1e-10,1.000000082790371e-10
665,2024,0,0,1e-10,1.000000082790371e-10,1e-10,1.000000082790371e-10,1e-10,1.000000082790371e-10
665,2025,0,0,1e-10,1.000000082790371e-10,1e-10,1.000000082790371e-10,1e-10,1.000000082790371e-10
665,2026,0,0,1e-10,1.000000082790371e-10,1e-10,1.000000082790371e-10,1e-10,1.000000082790371e-10
666,2022,0,0,1e-10,1.000000082790371e-10,1e-10,1.000000082790371e-10,1e-10,1.000000082790371e-10
666,2023,0,0,1e-10,1.000000082790371e-10,1e-10,1.000000082790371e-10,1e-10,1.000000082790371e-10
666,2024,0,0,1e-10,1.000000082790371e-10,1e-10,1.000000082790371e-10,1e-10,1.000000082790371e-10
666,2025,0,0,1e-10,1.000000082790371e-10,1e-10,1.000000082790371e-10,1e-10,1.000000082790371e-10
666,2026,0,0,1e-10,1.000000082790371e-10,1e-10,1.000000082790371e-10,1e-10,1.000000082790371e-10
667,2022,0,0,1e-10,1.000000082790371e-10,1e-10,1.000000082790371e-10,1e-10,1.000000082790371e-10
667,2023,0,0,1e-10,1.000000082790371e-10,1e-10,1.000000082790371e-10,1e-10,1.000000082790371e-10
667,2024,0,0,1e-10,1.000000082790371e-10,1e-10,1.000000082790371e-10,1e-10,1.000000082790371e-10
667,2025,0,0,1e-10,1.000000082790371e-10,1e-10,1.000000082790371e-10,1e-10,1.000000082790371e-10
667,2026,0,0,1e-10,1.000000082790371e-10,1e-10,1.000000082790371e-10,1e-10,1.000000082790371e-10
668,2022,1,0,1e-10,1.000000082790371e-10,1e-10,1.000000082790371e-10,1e-10,1.000000082790371e-10
668,2023,1,0,1e-10,1.000000082790371e-10,1e-10,1.000000082790371e-10,1e-10,1.000000082790371e-10
668,2024,1,0,4.903728938130535e-10,4.903728535546837e-10,2.7089955388027688e-08,2.708995575695786e-08,1e-10,1.000000082790371e-10
668,2025,1,0,2.8468032409673084e-08,2.8468032781097908e-08,2.0266252597986204e-06,2.0266273134399617e-06,1e-10,1.000000082790371e-10
668,2026,1,0,4.19695168942768e-07,4.1969525702372574e-07,3.648093184940531e-05,3.648159729475923e-05,1e-10,1.000000082790371e-10
669,2022,1,0,1e-10,1.000000082790371e-10,1e-10,1.000000082790371e-10,1e-10,1.000000082790371e-10
669,2023,1,0,1e-10,1.000000082790371e-10,1e-10,1.000000082790371e-10,1e-10,1.000000082790371e-10
669,2024,1,0,1e-10,1.000000082790371e-10,1e-10,1.000000082790371e-10,1e-10,1.000000082790371e-10
669,2025,1,0,1e-10,1.000000082790371e-10,1e-10,1.000000082790371e-10,1e-10,1.000000082790371e-10
669,2026,1,0,4.903728938130535e-10,4.903728535546837e-10,2.7089955388027688e-08,2.708995575695786e-08,1e-10,1.000000082790371e-10
670,2022,0,0,1e-10,1.000000082790371e-10,1e-10,1.000000082790371e-10,1e-10,1.000000082790371e-10
670,2023,0,0,1e-10,1.000000082790371e-10,1e-10,1.000000082790371e-10,1e-10,1.000000082790371e-10
670,2024,0,0,1e-10,1.000000082790371e-10,1e-10,1.000000082790371e-10,1e-10,1.000000082790371e-10
670,2025,0,0,1e-10,1.000000082790371e-10,1e-10,1.000000082790371e-10,1e-10,1.000000082790371e-10
670,2026,0,0,1e-10,1.000000082790371e-10,1e-10,1.000000082790371e-10,1e-10,1.000000082790371e-10
671,2022,1,0,1e-10,1.000000082790371e-10,1e-10,1.000000082790371e-10,1e-10,1.000000082790371e-10
671,2023,1,0,1e-10,1.000000082790371e-10,1e-10,1.000000082790371e-10,1e-10,1.000000082790371e-10
671,2024,1,0,1e-10,1.000000082790371e-10,1e-10,1.000000082790371e-10,1e-10,1.000000082790371e-10
671,2025,1,0,1e-10,1.000000082790371e-10,1e-10,1.000000082790371e-10,1e-10,1.000000082790371e-10
671,2026,1,0,4.903728938130535e-10,4.903728535546837e-10,2.7089955388027688e-08,2.708995575695786e-08,1e-10,1.000000082790371e-10
672,2022,0,0,1e-10,1.000000082790371e-10,1e-10,1.000000082790371e-10,1e-10,1.000000082790371e-10
672,2023,0,0,1e-10,1.000000082790371e-10,1e-10,1.000000082790371e-10,1e-10,1.000000082790371e-10
672,2024,0,0,1e-10,1.000000082790371e-10,1e-10,1.000000082790371e-10,1e-10,1.000000082790371e-10
672,2025,0,0,1e-10,1.000000082790371e-10,1e-10,1.000000082790371e-10,1e-10,1.000000082790371e-10
672,2026,0,0,1e-10,1.000000082790371e-10,1e-10,1.000000082790371e-10,1e-10,1.000000082790371e-10
673,2022,0,0,1e-10,1.000000082790371e-10,1e-10,1.000000082790371e-10,1e-10,1.000000082790371e-10
673,2023,0,0,1e-10,1.000000082790371e-10,1e-10,1.000000082790371e-10,1e-10,1.000000082790371e-10
673,2024,0,0,1e-10,1.000000082790371e-10,1e-10,1.000000082790371e-10,1e-10,1.000000082790371e-10
673,2025,0,0,1e-10,1.000000082790371e-10,1e-10,1.000000082790371e-10,1e-10,1.000000082790371e-10
673,2026,0,0,1e-10,1.000000082790371e-10,1e-10,1.000000082790371e-10,1e-10,1.000000082790371e-10
674,2022,1,0,1e-10,1.000000082790371e-10,1e-10,1.000000082790371e-10,1e-10,1.000000082790371e-10
674,2023,1,0,1e-10,1.000000082790371e-10,1e-10,1.000000082790371e-10,1e-10,1.000000082790371e-10
674,2024,1,0,1e-10,1.000000082790371e-10,1e-10,1.000000082790371e-10,1e-10,1.000000082790371e-10
674,2025,1,0,4.903728938130535e-10,4.903728535546837e-10,2.7089955388027688e-08,2.708995575695786e-08,1e-10,1.000000082790371e-10
674,2026,1,0,2.8468032409673084e-08,2.8468032781097908e-08,2.0266252597986204e-06,2.0266273134399617e-06,1e-10,1.000000082790371e-10
675,2022,1,0,1e-10,1.000000082790371e-10,1e-10,1.000000082790371e-10,1e-10,1.000000082790371e-10
675,2023,1,1,1e-10,23.025850929940457,1e-10,23.025850929940457,1e-10,23.025850929940457
676,2022,1,0,1e-10,1.000000082790371e-10,1e-10,1.000000082790371e-10,1e-10,1.000000082790371e-10
676,2023,1,0,1e-10,1.000000082790371e-10,1e-10,1.000000082790371e-10,1e-10,1.000000082790371e-10
676,2024,1,0,1e-10,1.000000082790371e-10,1e-10,1.000000082790371e-10,1e-10,1.000000082790371e-10
676,2025,1,0,1e-10,1.000000082790371e-10,1e-10,1.000000082790371e-10,1e-10,1.000000082790371e-10
676,2026,1,0,4.903728938130535e-10,4.903728535546837e-10,2.7089955388027688e-08,2.708995575695786e-08,1e-10,1.000000082790371e-10
677,2022,1,0,1e-10,1.000000082790371e-10,1e-10,1.000000082790371e-10,1e-10,1.000000082790371e-10
677,2023,1,0,4.903728938130535e-10,4.903728535546837e-10,2.7089955388027688e-08,2.708995575695786e-08,1e-10,1.000000082790371e-10
677,2024,1,0,2.8468032409673084e-08,2.8468032781097908e-08,2.0266252597986204e-06,2.0266273134399617e-06,1e-10,1.000000082790371e-10
677,2025,1,0,4.19695168942768e-07,4.1969525702372574e-07,3.648093184940531e-05,3.648159729475923e-05,1e-10,1.000000082790371e-10
677,2026,1,0,1.5712881635754304e-06,1.571289398056636e-06,0.00015800178126494687,0.00015801426486131723,1e-10,1.000000082790371e-10
678,2022,1,0,1e-10,1.000000082790371e-10,1e-10,1.000000082790371e-10,1e-10,1.000000082790371e-10
678,2023,1,0,1e-10,1.000000082790371e-10,1e-10,1.000000082790371e-10,1e-10,1.000000082790371e-10
678,2024,1,0,1e-10,1.000000082790371e-10,1e-10,1.000000082790371e-10,1e-10,1.000000082790371e-10
678,2025,1,0,1e-10,1.000000082790371e-10,1e-10,1.000000082790371e-10,1e-10,1.000000082790371e-10
678,2026,1,0,4.903728938130535e-10,4.903728535546837e-10,2.7089955388027688e-08,2.708995575695786e-08,1e-10,1.000000082790371e-10
679,2022,1,0,1e-10,1.000000082790371e-10,1e-10,1.000000082790371e-10,1e-10,1.000000082790371e-10
679,2023,1,1,1e-10,23.025850929940457,1e-10,23.025850929940457,1e-10,23.025850929940457
680,2022,0,0,1e-10,1.000000082790371e-10,1e-10,1.000000082790371e-10,1e-10,1.000000082790371e-10
680,2023,0,1,1e-10,23.025850929940457,1e-10,23.025850929940457,1e-10,23.025850929940457
681,2022,0,0,1e-10,1.000000082790371e-10,1e-10,1.000000082790371e-10,1e-10,1.000000082790371e-10
681,2023,0,0,1e-10,1.000000082790371e-10,1e-10,1.000000082790371e-10,1e-10,1.000000082790371e-10
681,2024,0,0,1e-10,1.000000082790371e-10,1e-10,1.000000082790371e-10,1e-10,1.000000082790371e-10
681,2025,0,0,1e-10,1.000000082790371e-10,1e-10,1.000000082790371e-10,1e-10,1.000000082790371e-10
681,2026,0,0,1e-10,1.000000082790371e-10,1e-10,1.000000082790371e-10,1e-10,1.000000082790371e-10
682,2022,0,0,1e-10,1.000000082790371e-10,1e-10,1.000000082790371e-10,1e-10,1.000000082790371e-10
682,2023,0,0,1e-10,1.000000082790371e-10,1e-10,1.000000082790371e-10,1e-10,1.000000082790371e-10
682,2024,0,0,1e-10,1.000000082790371e-10,1e-10,1.000000082790371e-10,1e-10,1.000000082790371e-10
682,2025,0,0,1e-10,1.000000082790371e-10,1e-10,1.000000082790371e-10,1e-10,1.000000082790371e-10
682,2026,0,0,1e-10,1.000000082790371e-10,1e-10,1.000000082790371e-10,1e-10,1.000000082790371e-10
683,2022,0,0,1e-10,1.000000082790371e-10,1e-10,1.000000082790371e-10,1e-10,1.000000082790371e-10
683,2023,0,0,1e-10,1.000000082790371e-10,1.075035441378928e-09,1.0750353946159325e-09,1e-10,1.000000082790371e-10
683,2024,0,0,1e-10,1.000000082790371e-10,4.6566288176238315e-09,4.656628871131043e-09,1e-10,1.000000082790371e-10
683,2025,0,0,1e-10,1.000000082790371e-10,4.853576371941449e-09,4.8535763304094164e-09,1e-10,1.000000082790371e-10
683,2026,0,0,1e-10,1.000000082790371e-10,1.2172885054555657e-09,1.2172884929688037e-09,1e-10,1.000000082790371e-10
684,2022,0,0,1e-10,1.000000082790371e-10,4.6566288176238315e-09,4.656628871131043e-09,1e-10,1.000000082790371e-10
684,2023,0,0,1e-10,1.000000082790371e-10,4.853576371941449e-09,4.8535763304094164e-09,1e-10,1.000000082790371e-10
684,2024,0,0,1e-10,1.000000082790371e-10,1.2172885054555657e-09,1.2172884929688037e-09,1e-10,1.000000082790371e-10
684,2025,0,0,1e-10,1.000000082790371e-10,1e-10,1.000000082790371e-10,1e-10,1.000000082790371e-10
684,2026,0,0,1e-10,1.000000082790371e-10,1e-10,1.000000082790371e-10,1e-10,1.000000082790371e-10
685,2022,1,0,1e-10,1.000000082790371e-10,1e-10,1.000000082790371e-10,1e-10,1.000000082790371e-10
685,2023,1,0,1e-10,1.000000082790371e-10,1e-10,1.000000082790371e-10,1e-10,1.000000082790371e-10
685,2024,1,0,1e-10,1.000000082790371e-10,1e-10,1.000000082790371e-10,1e-10,1.000000082790371e-10
685,2025,1,0,4.903728938130535e-10,4.903728535546837e-10,2.7089955388027688e-08,2.708995575695786e-08,1e-10,1.000000082790371e-10
685,2026,1,0,2.8468032409673084e-08,2.8468032781097908e-08,2.0266252597986204e-06,2.0266273134399617e-06,1e-10,1.000000082790371e-10
686,2022,0,0,1e-10,1.000000082790371e-10,1e-10,1.000000082790371e-10,1e-10,1.000000082790371e-10
686,2023,0,0,1e-10,1.000000082790371e-10,1e-10,1.000000082790371e-10,1e-10,1.000000082790371e-10
686,2024,0,0,1e-10,1.000000082790371e-10,1e-10,1.000000082790371e-10,1e-10,1.000000082790371e-10
686,2025,0,0,1e-10,1.000000082790371e-10,1e-10,1.000000082790371e-10,1e-10,1.000000082790371e-10
686,2026,0,0,1e-10,1.000000082790371e-10,1e-10,1.000000082790371e-10,1e-10,1.000000082790371e-10
687,2022,0,0,1e-10,1.000000082790371e-10,1e-10,1.000000082790371e-10,1e-10,1.000000082790371e-10
687,2023,0,0,1e-10,1.000000082790371e-10,1e-10,1.000000082790371e-10,1e-10,1.000000082790371e-10
687,2024,0,0,1e-10,1.000000082790371e-10,1e-10,1.000000082790371e-10,1e-10,1.000000082790371e-10
687,2025,0,0,1e-10,1.000000082790371e-10,1e-10,1.000000082790371e-10,1e-10,1.000000082790371e-10
687,2026,0,0,1e-10,1.000000082790371e-10,1e-10,1.000000082790371e-10,1e-10,1.000000082790371e-10
688,2022,0,0,1e-10,1.000000082790371e-10,1e-10,1.000000082790371e-10,1e-10,1.000000082790371e-10
688,2023,0,0,1e-10,1.000000082790371e-10,1e-10,1.000000082790371e-10,1e-10,1.000000082790371e-10
688,2024,0,0,1e-10,1.000000082790371e-10,1e-10,1.000000082790371e-10,1e-10,1.000000082790371e-10
688,2025,0,0,1e-10,1.000000082790371e-10,1e-10,1.000000082790371e-10,1e-10,1.000000082790371e-10
688,2026,0,0,1e-10,1.000000082790371e-10,1e-10,1.000000082790371e-10,1e-10,1.000000082790371e-10
689,2022,0,0,1e-10,1.000000082790371e-10,1e-10,1.000000082790371e-10,1e-10,1.000000082790371e-10
689,2023,0,0,1e-10,1.000000082790371e-10,1e-10,1.000000082790371e-10,1e-10,1.000000082790371e-10
689,2024,0,0,1e-10,1.000000082790371e-10,1e-10,1.000000082790371e-10,1e-10,1.000000082790371e-10
689,2025,0,0,1e-10,1.000000082790371e-10,1e-10,1.000000082790371e-10,1e-10,1.000000082790371e-10
689,2026,0,0,1e-10,1.000000082790371e-10,9.761837520954108e-10,9.761838009371845e-10,1e-10,1.000000082790371e-10
690,2022,1,0,1e-10,1.000000082790371e-10,1e-10,1.000000082790371e-10,1e-10,1.000000082790371e-10
690,2023,1,0,1e-10,1.000000082790371e-10,1e-10,1.000000082790371e-10,1e-10,1.000000082790371e-10
690,2024,1,0,1e-10,1.000000082790371e-10,1e-10,1.000000082790371e-10,1e-10,1.000000082790371e-10
690,2025,1,0,4.903728938130535e-10,4.903728535546837e-10,2.7089955388027688e-08,2.708995575695786e-08,1e-10,1.000000082790371e-10
690,2026,1,0,2.8468032409673084e-08,2.8468032781097908e-08,2.0266252597986204e-06,2.0266273134399617e-06,1e-10,1.000000082790371e-10
691,2022,1,0,1e-10,1.000000082790371e-10,1e-10,1.000000082790371e-10,1e-10,1.000000082790371e-10
691,2023,1,0,1e-10,1.000000082790371e-10,1e-10,1.000000082790371e-10,1e-10,1.000000082790371e-10
691,2024,1,0,1e-10,1.000000082790371e-10,1e-10,1.000000082790371e-10,1e-10,1.000000082790371e-10
691,2025,1,0,4.903728938130535e-10,4.903728535546837e-10,2.7089955388027688e-08,2.708995575695786e-08,1e-10,1.000000082790371e-10
691,2026,1,0,2.8468032409673084e-08,2.8468032781097908e-08,2.0266252597986204e-06,2.0266273134399617e-06,1e-10,1.000000082790371e-10
692,2022,1,0,1e-10,1.000000082790371e-10,1e-10,1.000000082790371e-10,1e-10,1.000000082790371e-10
692,2023,1,0,1e-10,1.000000082790371e-10,1e-10,1.000000082790371e-10,1e-10,1.000000082790371e-10
692,2024,1,0,1e-10,1.000000082790371e-10,1e-10,1.000000082790371e-10,1e-10,1.000000082790371e-10
692,2025,1,0,4.903728938130535e-10,4.903728535546837e-10,2.7089955388027688e-08,2.708995575695786e-08,1e-10,1.000000082790371e-10
692,2026,1,0,2.8468032409673084e-08,2.8468032781097908e-08,2.0266252597986204e-06,2.0266273134399617e-06,1e-10,1.000000082790371e-10
693,2022,1,0,1e-10,1.000000082790371e-10,1e-10,1.000000082790371e-10,1e-10,1.000000082790371e-10
693,2023,1,0,1e-10,1.000000082790371e-10,1e-10,1.000000082790371e-10,1e-10,1.000000082790371e-10
693,2024,1,0,1e-10,1.000000082790371e-10,1e-10,1.000000082790371e-10,1e-10,1.000000082790371e-10
693,2025,1,0,4.903728938130535e-10,4.903728535546837e-10,2.7089955388027688e-08,2.708995575695786e-08,1e-10,1.000000082790371e-10
693,2026,1,0,2.8468032409673084e-08,2.8468032781097908e-08,2.0266252597986204e-06,2.0266273134399617e-06,1e-10,1.000000082790371e-10
694,2022,0,0,1e-10,1.000000082790371e-10,1.1053563584188125e-09,1.1053563626076185e-09,1e-10,1.000000082790371e-10
694,2023,0,0,1e-10,1.000000082790371e-10,1e-10,1.000000082790371e-10,1e-10,1.000000082790371e-10
694,2024,0,0,1e-10,1.000000082790371e-10,1e-10,1.000000082790371e-10,1e-10,1.000000082790371e-10
694,2025,0,0,1e-10,1.000000082790371e-10,1e-10,1.000000082790371e-10,1e-10,1.000000082790371e-10
694,2026,0,0,1e-10,1.000000082790371e-10,1e-10,1.000000082790371e-10,1e-10,1.000000082790371e-10
695,2022,0,0,1e-10,1.000000082790371e-10,1e-10,1.000000082790371e-10,1e-10,1.000000082790371e-10
695,2023,0,0,1e-10,1.000000082790371e-10,1e-10,1.000000082790371e-10,1e-10,1.000000082790371e-10
695,2024,0,0,1e-10,1.000000082790371e-10,1e-10,1.000000082790371e-10,1e-10,1.000000082790371e-10
695,2025,0,0,1e-10,1.000000082790371e-10,1e-10,1.000000082790371e-10,1e-10,1.000000082790371e-10
695,2026,0,0,1e-10,1.000000082790371e-10,1e-10,1.000000082790371e-10,1e-10,1.000000082790371e-10
696,2022,1,0,1e-10,1.000000082790371e-10,1e-10,1.000000082790371e-10,1e-10,1.000000082790371e-10
696,2023,1,0,1e-10,1.000000082790371e-10,1e-10,1.000000082790371e-10,1e-10,1.000000082790371e-10
696,2024,1,0,1e-10,1.000000082790371e-10,1e-10,1.000000082790371e-10,1e-10,1.000000082790371e-10
696,2025,1,0,4.903728938130535e-10,4.903728535546837e-10,2.7089955388027688e-08,2.708995575695786e-08,1e-10,1.000000082790371e-10
696,2026,1,0,2.8468032409673084e-08,2.8468032781097908e-08,2.0266252597986204e-06,2.0266273134399617e-06,1e-10,1.000000082790371e-10
697,2022,1,0,1e-10,1.000000082790371e-10,1e-10,1.000000082790371e-10,1e-10,1.000000082790371e-10
697,2023,1,1,1e-10,23.025850929940457,1e-10,23.025850929940457,1e-10,23.025850929940457
698,2022,1,0,1e-10,1.000000082790371e-10,1e-10,1.000000082790371e-10,1e-10,1.000000082790371e-10
698,2023,1,0,1e-10,1.000000082790371e-10,1e-10,1.000000082790371e-10,1e-10,1.000000082790371e-10
698,2024,1,0,1e-10,1.000000082790371e-10,1e-10,1.000000082790371e-10,1e-10,1.000000082790371e-10
698,2025,1,0,4.903728938130535e-10,4.903728535546837e-10,2.7089955388027688e-08,2.708995575695786e-08,1e-10,1.000000082790371e-10
698,2026,1,0,2.8468032409673084e-08,2.8468032781097908e-08,2.0266252597986204e-06,2.0266273134399617e-06,1e-10,1.000000082790371e-10
699,2022,0,0,1e-10,1.000000082790371e-10,1e-10,1.000000082790371e-10,1e-10,1.000000082790371e-10
699,2023,0,1,1e-10,23.025850929940457,1e-10,23.025850929940457,1e-10,23.025850929940457
700,2022,0,0,1e-10,1.000000082790371e-10,5.290217731140896e-09,5.2902177223356836e-09,1e-10,1.000000082790371e-10
700,2023,0,0,1e-10,1.000000082790371e-10,2.2915132882303485e-08,2.291513316486417e-08,1e-10,1.000000082790371e-10
700,2024,0,0,1e-10,1.000000082790371e-10,2.388430596199263e-08,2.3884306262669664e-08,1e-10,1.000000082790371e-10
700,2025,0,0,1e-10,1.000000082790371e-10,5.990240864638882e-09,5.9902408768411465e-09,1e-10,1.000000082790371e-10
700,2026,0,0,1e-10,1.000000082790371e-10,3.615075278264422e-10,3.6150749067471345e-10,1e-10,1.000000082790371e-10
701,2022,0,0,1e-10,1.000000082790371e-10,1e-10,1.000000082790371e-10,1e-10,1.000000082790371e-10
701,2023,0,1,1e-10,23.025850929940457,1e-10,23.025850929940457,1e-10,23.025850929940457
702,2022,0,0,1e-10,1.000000082790371e-10,1e-10,1.000000082790371e-10,1e-10,1.000000082790371e-10
702,2023,0,0,1e-10,1.000000082790371e-10,1e-10,1.000000082790371e-10,1e-10,1.000000082790371e-10
702,2024,0,0,1e-10,1.000000082790371e-10,1e-10,1.000000082790371e-10,1e-10,1.000000082790371e-10
702,2025,0,0,1e-10,1.000000082790371e-10,1e-10,1.000000082790371e-10,1e-10,1.000000082790371e-10
702,2026,0,0,1e-10,1.000000082790371e-10,1e-10,1.000000082790371e-10,1e-10,1.000000082790371e-10
703,2022,0,0,1e-10,1.000000082790371e-10,4.2026788335217895e-09,4.202678880410024e-09,1e-10,1.000000082790371e-10
703,2023,0,0,1e-10,1.000000082790371e-10,1.0540418531884253e-09,1.0540418543540395e-09,1e-10,1.000000082790371e-10
703,2024,0,0,1e-10,1.000000082790371e-10,1e-10,1.000000082790371e-10,1e-10,1.000000082790371e-10
703,2025,0,0,1e-10,1.000000082790371e-10,1e-10,1.000000082790371e-10,1e-10,1.000000082790371e-10
703,2026,0,0,1e-10,1.000000082790371e-10,1e-10,1.000000082790371e-10,1e-10,1.000000082790371e-10
704,2022,0,0,1e-10,1.000000082790371e-10,4.009381940775844e-09,4.009381945601743e-09,1e-10,1.000000082790371e-10
704,2023,0,0,1e-10,1.000000082790371e-10,1.0055625323246959e-09,1.005562522643926e-09,1e-10,1.000000082790371e-10
704,2024,0,0,1e-10,1.000000082790371e-10,1e-10,1.000000082790371e-10,1e-10,1.000000082790371e-10
704,2025,0,0,1e-10,1.000000082790371e-10,1e-10,1.000000082790371e-10,1e-10,1.000000082790371e-10
704,2026,0,0,1e-10,1.000000082790371e-10,1e-10,1.000000082790371e-10,1e-10,1.000000082790371e-10
705,2022,0,0,1e-10,1.000000082790371e-10,1e-10,1.000000082790371e-10,1e-10,1.000000082790371e-10
705,2023,0,1,1e-10,23.025850929940457,1e-10,23.025850929940457,1e-10,23.025850929940457
706,2022,1,0,1e-10,1.000000082790371e-10,1e-10,1.000000082790371e-10,1e-10,1.000000082790371e-10
706,2023,1,1,1e-10,23.025850929940457,1e-10,23.025850929940457,1e-10,23.025850929940457
707,2022,1,0,1e-10,1.000000082790371e-10,1e-10,1.000000082790371e-10,1e-10,1.000000082790371e-10
707,2023,1,1,1e-10,23.025850929940457,1e-10,23.025850929940457,1e-10,23.025850929940457
708,2022,0,0,1e-10,1.000000082790371e-10,1e-10,1.000000082790371e-10,1e-10,1.000000082790371e-10
708,2023,0,0,1e-10,1.000000082790371e-10,1e-10,1.000000082790371e-10,1e-10,1.000000082790371e-10
708,2024,0,0,1e-10,1.000000082790371e-10,1e-10,1.000000082790371e-10,1e-10,1.000000082790371e-10
708,2025,0,0,1e-10,1.000000082790371e-10,1e-10,1.000000082790371e-10,1e-10,1.000000082790371e-10
708,2026,0,0,1e-10,1.000000082790371e-10,1e-10,1.000000082790371e-10,1e-10,1.000000082790371e-10
709,2022,0,0,1e-10,1.000000082790371e-10,4.307655290108835e-09,4.307655352816333e-09,1e-10,1.000000082790371e-10
709,2023,0,0,1e-10,1.000000082790371e-10,4.489843350992712e-09,4.489843396047931e-09,1e-10,1.000000082790371e-10
709,2024,0,0,1e-10,1.000000082790371e-10,1.126063397820597e-09,1.1260633543076102e-09,1e-10,1.000000082790371e-10
709,2025,0,0,1e-10,1.000000082790371e-10,1e-10,1.000000082790371e-10,1e-10,1.000000082790371e-10
709,2026,0,0,1e-10,1.000000082790371e-10,1e-10,1.000000082790371e-10,1e-10,1.000000082790371e-10
710,2022,0,0,1e-10,1.000000082790371e-10,1e-10,1.000000082790371e-10,1e-10,1.000000082790371e-10
710,2023,0,0,1e-10,1.000000082790371e-10,1e-10,1.000000082790371e-10,1e-10,1.000000082790371e-10
710,2024,0,0,1e-10,1.000000082790371e-10,1e-10,1.000000082790371e-10,1e-10,1.000000082790371e-10
710,2025,0,0,1e-10,1.000000082790371e-10,1e-10,1.000000082790371e-10,1e-10,1.000000082790371e-10
710,2026,0,0,1e-10,1.000000082790371e-10,1e-10,1.000000082790371e-10,1e-10,1.000000082790371e-10
711,2022,1,0,1e-10,1.000000082790371e-10,1e-10,1.000000082790371e-10,1e-10,1.000000082790371e-10
711,2023,1,0,1e-10,1.000000082790371e-10,1e-10,1.000000082790371e-10,1e-10,1.000000082790371e-10
711,2024,1,0,4.903728938130535e-10,4.903728535546837e-10,2.7089955388027688e-08,2.708995575695786e-08,1e-10,1.000000082790371e-10
711,2025,1,0,2.8468032409673084e-08,2.8468032781097908e-08,2.0266252597986204e-06,2.0266273134399617e-06,1e-10,1.000000082790371e-10
711,2026,1,0,4.19695168942768e-07,4.1969525702372574e-07,3.648093184940531e-05,3.648159729475923e-05,1e-10,1.000000082790371e-10
712,2022,1,0,1e-10,1.000000082790371e-10,1e-10,1.000000082790371e-10,1e-10,1.000000082790371e-10
712,2023,1,0,1e-10,1.000000082790371e-10,1e-10,1.000000082790371e-10,1e-10,1.000000082790371e-10
712,2024,1,0,1e-10,1.000000082790371e-10,1e-10,1.000000082790371e-10,1e-10,1.000000082790371e-10
712,2025,1,0,1e-10,1.000000082790371e-10,1e-10,1.000000082790371e-10,1e-10,1.000000082790371e-10
712,2026,1,0,4.903728938130535e-10,4.903728535546837e-10,2.7089955388027688e-08,2.708995575695786e-08,1e-10,1.000000082790371e-10
713,2022,0,0,1e-10,1.000000082790371e-10,1e-10,1.000000082790371e-10,1e-10,1.000000082790371e-10
713,2023,0,0,1e-10,1.000000082790371e-10,1e-10,1.000000082790371e-10,1e-10,1.000000082790371e-10
713,2024,0,0,1e-10,1.000000082790371e-10,1e-10,1.000000082790371e-10,1e-10,1.000000082790371e-10
713,2025,0,0,1e-10,1.000000082790371e-10,1.5052663650386096e-10,1.5052659120296448e-10,1e-10,1.000000082790371e-10
713,2026,0,0,1e-10,1.000000082790371e-10,1.1261062856468048e-08,1.1261062923385401e-08,1e-10,1.000000082790371e-10
