log_capacity,is_mega,is_blue,sp_oil_major,sp_industrial_gas,sect_chemical,sect_power_heat,sect_transport,sect_industry,sect_gas_grid,announce_year,failure,treat_45Q,cate,Geography,Primary owner,policy,treat_UK_Track,treat_China_FYP,treat_EU_IF_eligible
2.3978952727983707,0,0,0,0,0,1,0,0,0,2014.0,0,0.0,-0.12860931773797407,United States,,US 45Q,,,
0.0,0,0,0,0,0,1,0,0,0,2020.0,1,0.0,-0.11208548862637147,United States,,US 45Q,,,
4.07753744390572,0,0,0,0,0,1,0,0,0,2013.0,1,0.0,-0.13079602690527087,United States,,US 45Q,,,
11.441171642706838,0,1,0,1,0,0,0,1,0,2021.0,1,0.0,-0.0004009739598277301,France,L'Air Liquide S.A.,US 45Q,,,
5.081404364984463,0,0,0,0,0,0,0,0,1,2020.0,0,0.0,-0.1643088598785839,United States,,US 45Q,,,
0.6931471805599453,0,0,0,0,0,1,0,0,0,2008.0,0,0.0,-0.12502343943356165,United States,,US 45Q,,,
1.791759469228055,0,0,0,0,0,0,1,0,0,2006.0,0,0.0,-0.14305190244573818,United States,,US 45Q,,,
0.0,0,0,0,0,0,1,0,0,0,2005.0,1,0.0,-0.12193159644515983,United States,,US 45Q,,,
2.0794415416798357,0,0,0,0,0,1,0,0,0,2005.0,1,0.0,-0.13423238142435723,United States,,US 45Q,,,
0.6931471805599453,0,0,0,0,0,0,0,0,0,2007.0,0,0.0,-0.13860216396748234,United States,,US 45Q,,,
0.6931471805599453,0,0,0,0,0,1,0,0,0,2002.0,1,0.0,-0.12502343943356165,United States,,US 45Q,,,
2.8903717578961645,0,0,0,0,0,1,0,0,0,2002.0,1,0.0,-0.13354826942511913,United States,,US 45Q,,,
12.170155270343374,1,1,0,0,0,1,0,0,0,2021.0,0,0.0,0.06535204595338927,United States,"Tallgrass Energy, LP",US 45Q,,,
13.74182526569959,1,1,1,0,0,0,0,1,0,2022.0,1,0.0,0.12377928332639818,United States,Exxon Mobil Corporation,US 45Q,,,
5.902633333401366,0,1,0,0,0,0,0,0,0,2021.0,1,0.0,-0.07001212160903299,United States,Ekona Power Inc.,US 45Q,,,
5.707110264748875,0,1,0,0,0,0,1,0,0,2021.0,1,0.0,-0.0714334201371877,United States,,US 45Q,,,
5.902633333401366,0,1,0,0,0,0,1,0,0,2021.0,1,0.0,-0.06829690914956656,United States,"BayoTech, Inc.",US 45Q,,,
0.0,0,1,0,0,0,0,0,0,0,2020.0,1,0.0,-0.10176958080289397,Germany,Gazprom Energoholding LLC ,US 45Q,,,
9.301186055275759,0,1,0,1,0,0,1,0,0,2020.0,0,0.0,-0.059121860348093996,United States,L'Air Liquide S.A.,US 45Q,,,
12.716900269294165,1,1,0,0,0,1,0,0,0,2021.0,1,0.0,0.06923040211308246,United States,"Tallgrass Energy, LP",US 45Q,,,
11.717016667458962,1,1,0,0,1,0,0,0,0,2021.0,0,0.0,-0.0008552492844535776,United States,Wabash Valley Resources LLC,US 45Q,,,
13.122365377402328,1,1,0,0,1,0,0,0,0,2022.0,0,0.0,0.12437317223254184,United States,"Lake Charles Methanol, LLC",US 45Q,,,
13.454369943459026,1,1,0,1,0,0,0,0,1,2021.0,0,0.0,0.06345791047446193,United States,"Air Products and Chemicals, Inc.",US 45Q,,,
0.0,0,1,0,0,0,0,0,0,1,2021.0,1,0.0,-0.06436669995881952,United States,Southern California Gas Company,US 45Q,,,
11.32293860465852,0,1,0,0,1,0,0,0,0,2011.0,0,0.0,-0.07238855937540692,United States,"Coffeyville Resources Nitrogen   Fertilizers, LLC",US 45Q,,,
11.002116507732017,0,1,0,0,1,0,0,0,0,2020.0,0,0.0,-0.05364955660632545,United States,"Monolith Materials, Inc.",US 45Q,,,
8.517393171418904,0,1,0,0,1,0,0,0,0,2010.0,0,0.0,-0.07040874766883728,United States,"Monolith Materials, Inc.",US 45Q,,,
11.48108385911407,0,1,0,0,1,0,0,0,0,2011.0,0,0.0,-0.07308917521731995,United States,Valero Energy Corporation,US 45Q,,,
11.43107529148072,0,1,0,0,1,0,0,0,0,2011.0,0,0.0,-0.07098231252210191,United States,Valero Energy Corporation,US 45Q,,,
12.206077645517674,1,1,0,0,0,0,0,0,0,2019.0,1,0.0,0.03270377894683648,Netherlands,Port of Den Helder Authority,US 45Q,,,
12.367345048436391,1,1,1,0,0,0,0,1,0,2018.0,1,0.0,0.036788260375854843,Netherlands,Equinor ASA,US 45Q,,,
11.954767502920442,1,1,0,0,0,0,0,1,0,2021.0,1,0.0,0.025568929441067645,Netherlands,Dow Chemical Company,US 45Q,,,
12.611541086966115,1,1,0,0,1,0,0,0,0,2019.0,0,0.0,0.03933830751517992,Netherlands,Port of Rotterdam Authority,US 45Q,,,
6.811244378601294,0,1,0,0,1,0,0,0,0,2020.0,1,0.0,-0.08113980192032978,Belgium,Port of Antwerp,US 45Q,,,
12.367345048436391,1,1,0,0,0,0,0,1,0,2021.0,0,0.0,0.06345791047446193,Belgium,Engie SA,US 45Q,,,
9.301186055275759,0,0,1,0,0,0,0,0,0,2026.0,0,0.0,0.0977515336877662,United States,Chevron Corporation,US 45Q,,,
6.6895992691789665,0,0,1,0,0,0,0,0,0,2024.0,0,0.0,0.06556884853019798,United States,Chevron Corporation,US 45Q,,,
0.0,0,1,0,0,0,0,0,0,0,2014.0,1,0.0,-0.109646651943993,United States,"Lake Charles Methanol, LLC",US 45Q,,,
0.0,0,1,0,0,0,0,0,0,0,2024.0,1,0.0,0.02352551620677975,Germany,Graforce Gmbh,US 45Q,,,
0.0,0,1,0,0,0,0,0,0,0,2023.0,1,1.0,0.024645980159556727,United States,,US 45Q,,,
0.0,0,1,0,0,0,0,0,0,0,2022.0,0,0.0,0.007732988270993913,United States,Woodside Energy Group Ltd,US 45Q,,,
0.0,0,1,0,0,1,0,0,0,0,2013.0,0,0.0,-0.10234360456978249,United States,Nutrien Ltd.,US 45Q,,,
7.601402334583733,0,1,0,0,0,0,0,0,0,2025.0,0,1.0,0.06524860205365411,United States,,US 45Q,,,
0.0,0,1,0,0,0,0,1,0,0,2025.0,0,1.0,0.024838834618657303,United States,,US 45Q,,,
0.0,0,1,0,0,0,0,1,0,0,2025.0,0,0.0,0.024838834618657303,Finland,,US 45Q,,,
10.675630739322571,0,0,0,0,0,0,1,0,0,2025.0,0,0.0,0.12137698991228685,United States,Synergen Green Energy,US 45Q,,,
0.0,0,0,0,0,0,0,1,0,0,2025.0,0,0.0,0.029034777418771134,United States,,US 45Q,,,
0.0,0,1,0,0,0,0,0,0,0,2025.0,0,1.0,0.02352551620677975,United States,Sandpiper Chemicals LLC,US 45Q,,,
11.603688960617083,1,1,0,1,1,0,0,0,0,2023.0,0,0.0,0.11357705214243054,Netherlands,"Air Products and Chemicals, Inc.",US 45Q,,,
13.76421831620775,1,1,0,0,0,0,0,0,0,2023.0,0,1.0,0.13120742213332598,United States,RWE AG,US 45Q,,,
11.80061253740951,1,1,0,0,1,0,0,0,0,2022.0,1,0.0,0.1106510542027471,Netherlands,Yara International,US 45Q,,,
12.103491596905931,1,1,0,0,1,0,0,0,0,2025.0,0,1.0,0.12042768126418325,United States,Cronus Chemicals,US 45Q,,,
0.0,0,1,0,0,0,0,0,0,0,2025.0,0,0.0,0.02352551620677975,Poland,Jastrzebska Spolka Weglowa SA,US 45Q,,,
11.68126641357639,1,1,0,0,0,0,0,0,0,2010.0,1,0.0,-0.0742079980393957,United States,,US 45Q,,,
12.02375908870422,1,1,0,1,0,0,0,0,0,2010.0,1,0.0,-0.026349490708076122,United States,"Praxair, Inc",US 45Q,,,
8.60813018640834,0,1,0,0,0,0,0,0,0,2023.0,1,1.0,0.08388516023335013,United States,Black Hills Energy,US 45Q,,,
10.853773831668242,0,1,0,0,1,0,0,0,0,2021.0,1,0.0,0.026232915644456935,United States,Howard Midstream Energy Partners LLC,US 45Q,,,
9.210440366976517,0,1,0,0,1,0,0,0,0,2023.0,0,1.0,0.09427826323268376,United States,Grannus LLC,US 45Q,,,
11.613232231925368,1,1,0,0,0,0,0,0,0,2024.0,0,1.0,0.11211503318172972,United States,Bia Energy LLC,US 45Q,,,
0.0,0,1,0,0,0,0,0,0,0,2024.0,1,1.0,0.02352551620677975,United States,Marathon Petroleum Corporation,US 45Q,,,
0.0,0,1,0,1,0,0,0,0,0,2019.0,1,0.0,-0.109646651943993,United States,Linde-BASF,US 45Q,,,
12.022396171249941,1,1,0,0,1,0,0,0,0,2022.0,1,0.0,0.11572046520401914,United States,Northern Plains Nitrogen LLP,US 45Q,,,
10.363061986291324,0,1,0,0,1,0,0,0,0,2021.0,1,0.0,0.03252038803962903,United States,Phillips 66,US 45Q,,,
0.0,0,1,0,0,0,0,0,0,0,2022.0,1,0.0,0.007732988270993913,United States,"North Shore Energy, LLC",US 45Q,,,
0.0,0,1,1,0,0,1,0,0,0,2018.0,1,0.0,-0.098671108413701,United Kingdom,Equinor ASA,US 45Q,,,
11.330611908144274,0,1,0,0,1,0,0,0,0,2020.0,1,0.0,-0.06636862734057301,Sweden,Preem AB,US 45Q,,,
12.154784614286667,1,1,0,0,0,0,0,0,0,2021.0,1,0.0,0.05764121002871866,United States,"Mitsubishi Gas Chemical Company, Inc.",US 45Q,,,
11.567470466822025,1,1,0,0,0,0,0,0,0,2011.0,1,0.0,-0.0836383331329274,United States,SCS Energy LLC,US 45Q,,,
12.759960632315702,1,1,0,0,0,0,0,1,0,2022.0,1,0.0,0.12377928332639818,United States,"Bakken Energy, LLC",US 45Q,,,
11.23850177707664,0,1,0,0,0,0,0,1,0,2022.0,0,0.0,0.11145900181000842,United States,Dakota Gasification Company Inc.,US 45Q,,,
14.543542623236126,1,1,0,0,1,0,0,0,0,2023.0,0,1.0,0.13135651081460403,United States,,US 45Q,,,
12.896719202134523,1,1,0,0,1,0,0,0,0,2023.0,0,1.0,0.13135651081460403,United States,"TransGas Development Systems, LLC",US 45Q,,,
9.90353755128617,0,1,0,0,0,1,0,0,0,2025.0,0,0.0,0.09631134803261616,United Kingdom,EnergyPathways plc,US 45Q,,,
12.531776395271262,1,1,1,0,0,0,0,0,0,2025.0,0,1.0,0.13001199168472702,United States,Chevron,US 45Q,,,
9.682404377188837,0,0,0,0,0,0,1,0,0,2025.0,0,0.0,0.10181108114854877,United States,"Infinium Holdings, Inc.",US 45Q,,,
9.105090961257085,0,0,0,0,0,0,0,0,0,2025.0,0,0.0,0.09938983119376404,United States,"Verdagy, Inc.",US 45Q,,,
12.154784614286667,1,1,0,0,0,1,0,0,0,2023.0,1,1.0,0.1285959424301014,United States,Yara International,US 45Q,,,
0.0,0,1,0,0,0,0,0,0,0,2025.0,0,1.0,0.02352551620677975,United States,Graphitic Energy,US 45Q,,,
5.41610040220442,0,0,0,0,1,0,0,0,0,2025.0,0,0.0,0.047512946112328466,United States,,US 45Q,,,
10.439044812521303,0,0,0,0,0,0,1,0,0,2024.0,0,0.0,0.12084185737937032,United States,ETFuels,US 45Q,,,
0.0,0,1,0,0,0,0,0,0,0,2024.0,0,0.0,0.02352551620677975,Finland,Oulun Energia,US 45Q,,,
9.392745258631441,0,1,0,0,0,0,0,0,0,2022.0,1,0.0,0.08556860188747625,Sweden,,US 45Q,,,
6.594413459749778,0,0,0,0,0,0,1,0,0,2024.0,0,0.0,0.06582114332225585,United States,,US 45Q,,,
12.95681397831564,1,1,0,0,0,0,1,0,0,2022.0,0,0.0,0.12566921784580118,United States,"Clean Hydrogen Works LA-1, L.L.C.",US 45Q,,,
12.114510931441727,1,1,0,0,0,0,1,0,0,2022.0,1,0.0,0.11718841997999493,United States,Newpoint Gas LLC,US 45Q,,,
10.780995875187799,0,0,0,0,0,1,0,0,0,2024.0,0,0.0,0.12514873837614007,United States,,US 45Q,,,
10.375551557748782,0,0,0,0,0,1,0,0,0,2024.0,0,0.0,0.12348382760650166,United States,,US 45Q,,,
7.509883061154913,0,1,0,0,0,0,0,0,0,2024.0,0,1.0,0.06267751610713838,United States,"Babcock & Wilcox Enterprises, Inc.",US 45Q,,,
10.281958234245314,0,0,0,0,0,0,0,1,0,2024.0,0,0.0,0.11765469406857283,United States,,US 45Q,,,
9.301186055275759,0,0,0,0,0,0,0,1,0,2024.0,0,0.0,0.0977515336877662,United States,,US 45Q,,,
13.63318980117,1,1,0,0,0,0,0,0,0,2024.0,0,0.0,0.13001199168472702,United Kingdom,Associated British Ports,US 45Q,,,
10.596659732783579,0,1,0,0,0,0,0,0,0,2023.0,0,0.0,0.11092618785988566,United Kingdom,BOC,US 45Q,,,
12.09921656763201,1,1,0,0,0,1,0,0,0,2024.0,0,1.0,0.12106822487742964,United States,Ten08 Energy LLC,US 45Q,,,
11.592669666556795,1,1,0,0,1,0,0,0,0,2024.0,0,1.0,0.11119010160311246,United States,"CF Industries Holdings, Inc.",US 45Q,,,
12.316634112761312,1,1,0,0,0,0,0,0,0,2023.0,0,1.0,0.13120742213332598,United States,Copenhagen Infrastructure Partners P/S,US 45Q,,,
12.026951960476097,1,1,0,0,0,1,0,0,0,2024.0,0,1.0,0.1226424292261656,United States,8 Rivers Capital LLC,US 45Q,,,
12.345838935721968,1,1,0,0,0,0,0,1,0,2022.0,1,0.0,0.12377928332639818,Germany,VNG AG,US 45Q,,,
12.460718739865236,1,1,1,0,0,0,0,1,0,2021.0,1,0.0,0.06345791047446193,Netherlands,Equinor ASA,US 45Q,,,
12.154784614286667,1,1,0,0,1,0,0,0,0,2024.0,0,1.0,0.1268149314631256,United States,INEOS Nitriles USA,US 45Q,,,
0.0,0,1,0,0,0,0,0,0,0,2024.0,0,1.0,0.02352551620677975,United States,NW Natural,US 45Q,,,
10.580937168488774,0,1,0,1,0,0,0,1,0,2013.0,0,0.0,-0.0715215604344905,France,L'Air Liquide S.A.,US 45Q,,,
12.337105293891872,1,1,0,0,0,0,0,0,0,2023.0,0,1.0,0.13120742213332598,United States,"Idemitsu Kosan Co.,Ltd.",US 45Q,,,
4.990432586778736,0,1,0,0,0,0,0,0,0,2021.0,1,0.0,-0.06553702096679014,Germany,HiiROC Limited,US 45Q,,,
12.250094315624496,1,1,0,0,0,1,0,0,0,2023.0,1,1.0,0.1321695857054266,United States,Inpex Corp,US 45Q,,,
11.173964133120124,0,1,0,0,1,0,0,0,0,2022.0,0,0.0,0.10911699427934576,United States,Lapis Energy,US 45Q,,,
12.685410698175234,1,1,0,0,1,0,0,0,0,2022.0,0,0.0,0.12437317223254184,United States,"CF Industries Holdings, Inc.",US 45Q,,,
12.154784614286667,1,1,0,0,0,1,0,0,0,2023.0,0,1.0,0.1285959424301014,United States,"CF Industries Holdings, Inc.",US 45Q,,,
8.202756381655638,0,0,0,0,0,0,1,0,0,2024.0,0,0.0,0.08381635832802457,United States,Plug Power Inc.,US 45Q,,,
8.60813018640834,0,1,0,0,0,0,0,0,0,2024.0,0,1.0,0.08266867247120419,United States,,US 45Q,,,
12.496504683358769,1,1,0,0,1,0,0,0,0,2024.0,0,1.0,0.1301738319463617,United States,"CF Industries Blue Point, LLC",US 45Q,,,
6.999422467507961,0,0,0,0,0,0,1,0,0,2023.0,0,0.0,0.06876692424978686,United States,,US 45Q,,,
9.875602349046593,0,0,0,0,0,0,0,0,0,2023.0,0,0.0,0.10067670102204666,United States,First Ammonia LLC,US 45Q,,,
5.7745515455444085,0,0,0,0,0,0,0,0,1,2023.0,0,0.0,0.05054473280644261,United States,,US 45Q,,,
0.0,0,1,1,0,0,0,0,1,0,2023.0,0,1.0,0.024645980159556727,United States,BP p.l.c.,US 45Q,,,
0.0,0,1,0,0,1,0,0,0,0,2023.0,0,1.0,0.025515611523677564,United States,,US 45Q,,,
14.26626829240953,1,1,0,0,0,0,0,0,0,2023.0,0,1.0,0.13120742213332598,United States,U.S. Department of Energy,US 45Q,,,
12.450981602512561,1,0,0,0,0,0,0,0,0,2023.0,0,0.0,0.14588382147480744,United States,,US 45Q,,,
0.0,0,1,0,0,0,0,0,0,0,2023.0,0,1.0,0.024645980159556727,United States,Battelle Memorial Institute,US 45Q,,,
9.682404377188837,0,0,0,0,0,0,1,0,0,2023.0,0,0.0,0.10333669468943053,United States,,US 45Q,,,
9.682404377188837,0,0,0,0,0,0,1,0,0,2023.0,0,0.0,0.10333669468943053,United States,New Fortress Energy Inc.,US 45Q,,,
12.114510931441727,1,1,0,0,0,0,0,1,0,2023.0,0,1.0,0.12423154085663278,United States,,US 45Q,,,
12.114510931441727,1,1,0,0,0,0,0,1,0,2023.0,0,1.0,0.12423154085663278,United States,,US 45Q,,,
12.114510931441727,1,1,0,0,0,0,0,1,0,2023.0,0,1.0,0.12423154085663278,United States,,US 45Q,,,
12.114510931441727,1,1,0,0,0,0,0,1,0,2023.0,0,1.0,0.12423154085663278,United States,"Fidelis New Energy, LLC",US 45Q,,,
12.260565565651518,1,1,0,0,0,1,0,0,0,2022.0,1,0.0,0.12393952325592539,United States,PCS Nitrogen Fertilizer LP,US 45Q,,,
9.301186055275759,0,0,0,0,0,0,1,0,0,2023.0,1,0.0,0.10084359606260036,United States,,US 45Q,,,
11.968100948644052,1,1,1,0,0,0,0,1,0,2022.0,1,0.0,0.12039897388579568,Germany,Wintershall Dea AG,US 45Q,,,
11.407576060361786,0,1,1,0,1,0,0,0,0,2021.0,0,0.0,-0.0009317497465349579,Netherlands,TotalEnergies SE,US 45Q,,,
10.933124826700707,0,1,0,0,1,0,0,0,0,2023.0,0,0.0,0.11335935667459894,Greece,Motor Oil Holdings SA,US 45Q,,,
12.337105293891872,1,1,0,0,0,0,0,0,0,2023.0,1,1.0,0.13120742213332598,United States,BASF SE,US 45Q,,,
7.2868764117507,0,0,0,0,0,0,1,0,0,2023.0,0,0.0,0.06875180860251484,United States,Avina Clean Hydrogen Inc.,US 45Q,,,
0.0,0,1,0,0,0,0,1,0,0,2023.0,0,1.0,0.025966160797852644,United States,LowCarbon Hydrogen Corporation,US 45Q,,,
0.0,0,1,0,0,0,0,0,0,0,2023.0,0,0.0,0.024645980159556727,United Kingdom,,US 45Q,,,
0.0,0,1,0,0,1,0,0,0,0,2023.0,0,1.0,0.025515611523677564,United States,Southern Rock Energy Partners LLC,US 45Q,,,
5.081404364984463,0,0,0,0,0,0,1,0,0,2023.0,0,0.0,0.050231547619612946,United States,,US 45Q,,,
0.0,0,1,0,0,0,1,0,0,0,2023.0,0,0.0,0.027494579986785363,United Kingdom,,US 45Q,,,
12.316634112761312,1,1,0,0,0,0,0,0,0,2023.0,0,1.0,0.13120742213332598,United States,Copenhagen Infrastructure Partners P/S,US 45Q,,,
13.184400648021263,1,1,0,0,1,0,0,0,0,2023.0,0,1.0,0.13135651081460403,United States,,US 45Q,,,
0.0,0,1,0,0,0,0,0,0,0,2022.0,1,0.0,0.007732988270993913,United States,Alaska Gasline Development Corporation,US 45Q,,,
5.081404364984463,0,0,0,0,0,0,0,0,0,2020.0,0,0.0,-0.1643088598785839,United States,,US 45Q,,,
5.081404364984463,0,0,0,0,0,0,1,0,0,2018.0,0,0.0,-0.17420473381426207,United States,,US 45Q,,,
11.53643689243115,1,1,0,1,1,0,0,0,0,2023.0,0,0.0,0.11060087958766154,Netherlands,L'Air Liquide S.A.,US 45Q,,,
3.713572066704308,0,0,0,0,0,1,0,0,0,2021.0,0,0.0,-0.05987945164938491,United States,,US 45Q,,,
3.2188758248682006,0,0,0,0,0,0,1,0,0,2008.0,0,0.0,-0.15322729567535728,United States,,US 45Q,,,
2.995732273553991,0,0,0,0,0,0,1,0,0,2005.0,0,0.0,-0.1454078790468004,United States,,US 45Q,,,
2.995732273553991,0,0,0,0,0,0,1,0,0,2010.0,0,0.0,-0.1454078790468004,United States,,US 45Q,,,
2.3978952727983707,0,0,0,0,0,0,1,0,0,2014.0,0,0.0,-0.14375257199004055,United States,,US 45Q,,,
2.772588722239781,0,0,0,0,0,1,0,0,0,2006.0,0,0.0,-0.13354826942511913,United States,,US 45Q,,,
2.0794415416798357,0,0,0,0,0,0,0,0,0,2015.0,0,0.0,-0.14853077678510412,United States,,US 45Q,,,
1.6094379124341003,0,0,0,0,0,0,0,0,0,2011.0,0,0.0,-0.14280986098010875,United States,,US 45Q,,,
8.60813018640834,0,0,0,0,0,0,0,0,0,2022.0,0,0.0,0.08537668072418245,United States,Plug Power Inc.,US 45Q,,,
8.073091199693154,0,0,0,0,1,0,0,0,0,2023.0,0,0.0,0.08247415727467305,United States,"Gevo, Inc.",US 45Q,,,
5.902633333401366,0,0,0,0,0,0,1,0,0,2022.0,1,0.0,0.03251518133438488,United States,,US 45Q,,,
8.202756381655638,0,0,0,0,0,0,1,0,0,2022.0,1,0.0,0.07849464130581311,United States,,US 45Q,,,
2.1972245773362196,0,0,0,0,0,0,0,0,1,2013.0,0,0.0,-0.14853077678510412,United States,,US 45Q,,,
9.994287576862567,0,0,0,0,0,0,1,0,0,2021.0,1,0.0,0.023590362540410144,United States,,US 45Q,,,
8.279697133877628,0,0,0,0,0,1,0,0,0,2022.0,0,0.0,0.08495019414326256,United States,Florida Power & Light Company,US 45Q,,,
10.074326772221049,0,1,0,0,0,0,0,0,0,2022.0,0,0.0,0.10263471818023491,United States,Lone Cypress Energy Services,US 45Q,,,
8.632662441222351,0,0,0,1,0,1,0,0,0,2021.0,0,0.0,0.015856288930526097,United States,Linde plc,US 45Q,,,
9.137877200242468,0,0,0,0,0,0,1,0,0,2022.0,1,0.0,0.09824917881855888,United States,,US 45Q,,,
9.588845298501564,0,0,0,0,0,0,1,0,0,2021.0,0,0.0,0.028779265973372672,United States,Plug Power Inc.,US 45Q,,,
0.0,0,0,0,0,0,0,0,1,0,2020.0,0,0.0,-0.1254570946731486,United States,,US 45Q,,,
9.864746724219698,0,0,0,0,0,1,0,0,0,2022.0,1,0.0,0.0992185874718704,United States,,US 45Q,,,
12.290510296660331,1,1,1,0,0,0,0,0,1,2022.0,1,0.0,0.12268652078519614,United Kingdom,Equinor ASA,US 45Q,,,
0.0,0,1,0,0,0,0,0,0,0,2022.0,1,0.0,0.007732988270993913,United States,,US 45Q,,,
12.847929163278053,1,1,0,0,1,0,0,0,0,2022.0,1,0.0,0.12437317223254184,United States,JERA Co. Inc.,US 45Q,,,
9.301186055275759,0,0,0,0,0,0,1,0,0,2021.0,1,0.0,0.019139026521754206,United States,,US 45Q,,,
0.0,0,0,0,0,0,1,0,0,0,2022.0,0,0.0,0.014334758359511982,United States,,US 45Q,,,
7.57353126274595,0,0,0,0,1,0,0,0,0,2022.0,1,0.0,0.06281610305955837,United States,,US 45Q,,,
0.0,0,1,0,0,0,0,0,0,0,2022.0,1,0.0,0.007732988270993913,United States,8 Rivers Capital LLC,US 45Q,,,
12.611541086966115,1,0,0,0,1,0,0,0,0,2022.0,0,0.0,0.14171778644983088,United States,HIF Global,US 45Q,,,
10.308985993422082,0,1,0,0,1,0,0,0,0,2022.0,1,0.0,0.10865944207038171,United States,KeyState Energy,US 45Q,,,
10.505094936455558,0,0,1,0,0,1,0,0,0,2021.0,0,0.0,0.03585573167879166,United States,Chevron Corporation,US 45Q,,,
0.0,0,1,1,0,0,0,0,0,0,2022.0,1,0.0,0.007732988270993913,United States,Shell plc,US 45Q,,,
12.250094315624496,1,1,0,0,0,0,0,0,0,2022.0,0,0.0,0.12256521806025072,United States,Woodside Energy Group Ltd,US 45Q,,,
14.128861108158517,1,1,0,0,0,0,1,0,0,2022.0,0,0.0,0.12566921784580118,United States,"Clean Hydrogen Works LA-1, L.L.C.",US 45Q,,,
9.105090961257085,0,0,0,0,0,0,0,1,0,2021.0,1,0.0,0.01039351494211549,United States,,US 45Q,,,
11.918397239722838,1,0,0,0,0,0,0,1,0,2021.0,1,0.0,0.042633874337815736,United States,,US 45Q,,,
8.136810863675537,0,0,0,0,1,0,0,0,0,2021.0,0,0.0,-0.01014534297133853,United States,"CF Industries Holdings, Inc.",US 45Q,,,
0.0,0,1,0,0,0,0,1,0,0,2021.0,1,0.0,-0.06499864582292204,United States,MMEX Resources Corporation,US 45Q,,,
11.872925873417536,1,0,0,0,0,0,1,0,0,2021.0,0,0.0,0.04680154700081293,United States,"DGFuels, LLC.",US 45Q,,,
0.0,0,1,0,0,0,0,0,0,0,2021.0,1,0.0,-0.06436669995881952,Greece,Energean,US 45Q,,,
8.60813018640834,0,0,0,0,0,0,0,1,0,2021.0,1,0.0,-0.004589686671983513,United States,,US 45Q,,,
10.203999469426009,0,0,0,0,0,0,1,0,0,2021.0,1,0.0,0.028427202341782067,United States,,US 45Q,,,
11.107480356662066,0,1,0,0,1,0,0,0,0,2021.0,1,0.0,0.01438739935603768,Finland,Neste Oyj,US 45Q,,,
6.856461984594587,0,0,0,0,0,0,1,0,0,2020.0,1,0.0,-0.12996161474313747,United States,,US 45Q,,,
6.594413459749778,0,0,0,0,0,0,1,0,0,2020.0,0,0.0,-0.1358630707771899,United States,,US 45Q,,,
5.303304908059076,0,0,0,0,0,0,0,1,0,2019.0,0,0.0,-0.18563147572192334,United States,,US 45Q,,,
9.301186055275759,0,0,0,0,0,0,1,0,0,2021.0,1,0.0,0.019139026521754206,United States,,US 45Q,,,
12.65320419151592,1,1,1,0,0,0,1,0,0,2020.0,1,0.0,0.03854475888407648,United Kingdom,Exxon Mobil Corporation,US 45Q,,,
7.979681302387741,0,0,0,0,0,0,1,0,0,2020.0,1,0.0,-0.12043134416478375,United States,,US 45Q,,,
12.661473293360718,1,1,1,0,0,1,0,0,0,2022.0,1,0.0,0.12575781857243537,United Kingdom,Equinor ASA,US 45Q,,,
11.338250597584787,0,1,0,0,0,0,0,0,1,2022.0,1,0.0,0.10747359699170837,United Kingdom,"McDermott International, Inc.",US 45Q,,,
7.979681302387741,0,0,0,0,0,0,1,0,0,2020.0,1,0.0,-0.12043134416478375,United States,,US 45Q,,,
12.593611365104882,1,1,0,0,0,0,0,1,0,2021.0,1,0.0,0.06345791047446193,United Kingdom,,US 45Q,,,
13.038766527911386,1,1,0,0,0,1,0,0,0,2021.0,1,0.0,0.06923040211308246,United Kingdom,ARUP,US 45Q,,,
7.979681302387741,0,0,0,0,0,0,1,0,0,2020.0,1,0.0,-0.12043134416478375,United States,,US 45Q,,,
12.036925918271573,1,1,0,0,0,0,0,1,0,2022.0,0,0.0,0.1121038225914834,United Kingdom,Kellas Midstream Limited,US 45Q,,,
11.45025187044217,0,1,0,0,0,1,0,0,0,2019.0,0,0.0,-0.06476672675731909,United Kingdom,Kellas Midstream Limited,US 45Q,,,
12.150649783571922,1,1,1,0,0,1,0,0,0,2022.0,0,0.0,0.12280478001878889,United Kingdom,Uniper SE,US 45Q,,,
11.786008995353765,1,1,1,0,0,0,0,1,0,2021.0,1,0.0,0.01102855860429738,United Kingdom,BP p.l.c.,US 45Q,,,
7.979681302387741,0,0,0,0,0,0,1,0,0,2020.0,1,0.0,-0.12043134416478375,United States,,US 45Q,,,
0.0,0,1,0,0,0,0,0,0,0,2021.0,1,0.0,-0.06436669995881952,United Kingdom,RWE AG,US 45Q,,,
7.979681302387741,0,0,0,0,0,0,1,0,0,2020.0,1,0.0,-0.12043134416478375,United States,,US 45Q,,,
5.978885764901122,0,1,0,0,0,0,0,0,0,2021.0,0,0.0,-0.061505803817219346,United Kingdom,Cranfield University,US 45Q,,,
12.593611365104882,1,1,0,0,0,0,0,1,0,2021.0,1,0.0,0.06345791047446193,United Kingdom,,US 45Q,,,
12.312196869488563,1,1,0,0,0,0,0,1,0,2021.0,1,0.0,0.06359269647968413,United Kingdom,Essar Oil (UK) Limited,US 45Q,,,
11.262385022799068,0,1,0,0,0,0,0,1,0,2021.0,0,0.0,0.007609572303553205,United Kingdom,Essar Oil (UK) Ltd,US 45Q,,,
12.256009770735869,1,1,0,0,0,1,0,0,0,2021.0,1,0.0,0.0682011782866519,United Kingdom,,US 45Q,,,
11.982935344196433,1,1,1,0,0,0,0,1,0,2021.0,1,0.0,0.02446893758166347,United Kingdom,BP p.l.c.,US 45Q,,,
12.154784614286667,1,1,1,0,1,0,0,0,0,2021.0,1,0.0,0.06022980268704471,United Kingdom,Storegga Geotechnologies Limited,US 45Q,,,
4.990432586778736,0,0,0,0,0,0,1,0,0,2016.0,0,0.0,-0.1691003479075821,United States,,US 45Q,,,
12.899222326086994,1,1,1,0,0,0,0,0,1,2021.0,1,0.0,0.06345791047446193,United Kingdom,Neptune Energy Group Ltd,US 45Q,,,
12.122479057603426,1,1,1,0,0,1,0,0,0,2021.0,1,0.0,0.05240529149144387,United Kingdom,Uniper SE,US 45Q,,,
5.902633333401366,0,0,0,0,0,0,1,0,0,2015.0,0,0.0,-0.1886886977145724,United States,,US 45Q,,,
11.982935344196433,1,1,1,0,0,1,0,0,0,2020.0,0,0.0,-0.010829659001949692,United Kingdom,Equinor ASA,US 45Q,,,
10.869729678852693,0,1,1,0,0,0,0,0,1,2022.0,0,0.0,0.11216784036890919,United Kingdom,Storegga Norge AS,US 45Q,,,
3.4011973816621555,0,0,0,0,0,0,0,0,0,2021.0,1,0.0,-0.07813236599856292,United States,,US 45Q,,,
8.202756381655638,0,0,0,0,0,0,0,0,0,2020.0,1,,-0.3382759000765231,Spain,,UK Track-1/HAR1,0.0,,
10.089510583746897,0,0,0,0,1,0,0,0,0,2021.0,0,,-0.22152497515473432,Spain,Repsol S.A.,UK Track-1/HAR1,0.0,,
5.707110264748875,0,0,0,0,0,0,1,0,0,2020.0,0,,-0.45473398234075996,Spain,,UK Track-1/HAR1,0.0,,
6.90875477931522,0,0,0,0,0,0,1,0,0,2021.0,1,,-0.28177477837297216,Spain,,UK Track-1/HAR1,0.0,,
8.989319566042951,0,0,0,0,0,0,0,1,0,2022.0,0,,-0.16992518609485643,Spain,,UK Track-1/HAR1,0.0,,
10.101108146619252,0,0,0,0,0,0,0,1,0,2021.0,0,,-0.23068463819853505,Spain,"Endesa, S.A.",UK Track-1/HAR1,0.0,,
9.707898368741269,0,0,0,0,0,0,0,1,0,2021.0,0,,-0.22581161006819914,Spain,SMARTENERGY Group AG,UK Track-1/HAR1,0.0,,
2.833213344056216,0,0,0,0,0,0,0,0,0,2009.0,0,,1.1946884438670324,Spain,,UK Track-1/HAR1,0.0,,
1.9459101490553132,0,0,0,0,0,0,0,0,1,2015.0,1,,0.2924459793497959,Spain,,UK Track-1/HAR1,0.0,,
2.0794415416798357,0,0,0,0,0,0,0,0,0,2005.0,1,,1.1544727392634886,Spain,,UK Track-1/HAR1,0.0,,
2.8903717578961645,0,0,0,0,0,0,0,0,0,2005.0,0,,1.3197706501455926,Spain,,UK Track-1/HAR1,0.0,,
2.8903717578961645,0,0,0,0,0,0,1,0,0,2009.0,0,,0.9591705147536597,Spain,,UK Track-1/HAR1,0.0,,
4.02535169073515,0,0,0,0,0,0,0,0,0,2005.0,1,,0.8475705664097755,Spain,,UK Track-1/HAR1,0.0,,
0.0,0,0,0,0,0,0,0,0,0,2001.0,1,,0.2537875169872316,Spain,,UK Track-1/HAR1,0.0,,
0.0,0,0,0,0,0,1,0,0,0,1997.0,1,,0.18053404483595184,Spain,,UK Track-1/HAR1,0.0,,
1.0986122886681098,0,0,0,0,0,0,0,0,1,2011.0,1,,0.28183165682299177,Spain,,UK Track-1/HAR1,0.0,,
3.5553480614894135,0,0,0,0,0,0,0,0,0,2007.0,1,,1.244770195649942,Spain,,UK Track-1/HAR1,0.0,,
5.860786223465865,0,0,0,0,1,0,0,0,0,2021.0,0,,-0.1570848128854469,Spain,Repsol S.A.,UK Track-1/HAR1,0.0,,
9.61587214452889,0,0,0,0,1,0,0,0,0,2021.0,0,,-0.21292818114009968,Spain,Repsol S.A.,UK Track-1/HAR1,0.0,,
10.949331775665582,0,0,0,0,0,0,0,1,0,2020.0,0,,-0.1822789312750956,Spain,,UK Track-1/HAR1,0.0,,
10.596659732783579,0,0,0,0,1,0,0,0,0,2021.0,1,,-0.2194087245416866,Spain,,UK Track-1/HAR1,0.0,,
8.006700845440367,0,0,0,0,1,0,0,0,0,2020.0,0,,-0.48855492847745174,Spain,"Iberdrola, S.A.",UK Track-1/HAR1,0.0,,
10.043292972227004,0,0,0,0,1,0,0,0,0,2020.0,0,,-0.23347216384525643,Spain,unknown,UK Track-1/HAR1,0.0,,
11.55418256481843,1,0,0,0,0,0,0,1,0,2022.0,1,,-0.20380620349380685,France,,UK Track-1/HAR1,0.0,,
3.332204510175204,0,0,0,0,0,0,1,0,0,2019.0,0,,-0.25233467956057803,France,,UK Track-1/HAR1,0.0,,
4.990432586778736,0,0,0,0,0,0,1,0,0,2022.0,0,,-0.12779408369704143,France,,UK Track-1/HAR1,0.0,,
5.680172609017068,0,0,0,0,0,0,1,0,0,2022.0,1,,-0.023512346129800653,France,,UK Track-1/HAR1,0.0,,
4.990432586778736,0,0,0,0,0,0,1,0,0,2019.0,0,,-0.6302131100364943,France,,UK Track-1/HAR1,0.0,,
5.680172609017068,0,0,0,0,0,0,1,0,0,2020.0,0,,-0.4435022903783619,France,,UK Track-1/HAR1,0.0,,
8.006700845440367,0,0,0,0,0,0,1,0,0,2021.0,0,,-0.2875692490461955,France,Qair SAS,UK Track-1/HAR1,0.0,,
4.990432586778736,0,0,0,0,0,0,0,0,0,2021.0,0,,-0.28652357164692677,France,,UK Track-1/HAR1,0.0,,
4.709530201312334,0,0,0,0,0,0,1,0,0,2019.0,0,,-0.5103035051411248,France,,UK Track-1/HAR1,0.0,,
11.441171642706838,0,1,0,1,0,0,0,1,0,2021.0,1,,-0.22399265350107392,France,L'Air Liquide S.A.,UK Track-1/HAR1,0.0,,
3.5553480614894135,0,0,0,0,0,0,0,0,1,2017.0,0,,-0.12040113147236245,France,,UK Track-1/HAR1,0.0,,
2.9444389791664403,0,0,0,0,0,0,0,0,1,2018.0,0,,-0.12180376361561812,France,,UK Track-1/HAR1,0.0,,
3.6635616461296463,0,0,0,0,0,0,1,0,0,2017.0,0,,-0.25149968155050484,France,,UK Track-1/HAR1,0.0,,
0.0,0,0,0,0,0,0,1,0,0,2016.0,1,,-0.16598559377579955,France,,UK Track-1/HAR1,0.0,,
2.1972245773362196,0,0,0,0,0,0,1,0,0,2016.0,1,,0.1363148443094148,France,,UK Track-1/HAR1,0.0,,
6.2422232654551655,0,0,0,0,0,0,1,0,0,2021.0,1,,-0.19071617506637925,France,,UK Track-1/HAR1,0.0,,
4.990432586778736,0,0,0,0,0,0,1,0,0,2019.0,0,,-0.6302131100364943,France,,UK Track-1/HAR1,0.0,,
10.239995502805316,0,0,0,1,1,0,0,0,0,2017.0,0,,-0.1993539826461764,France,L'Air Liquide S.A.,UK Track-1/HAR1,0.0,,
3.6635616461296463,0,0,0,0,0,0,0,1,0,2016.0,0,,0.06529112084915388,France,,UK Track-1/HAR1,0.0,,
2.772588722239781,0,0,0,0,0,0,1,0,0,2015.0,0,,0.25808719067868424,France,,UK Track-1/HAR1,0.0,,
0.0,0,0,0,0,0,0,0,0,1,2011.0,1,,0.1245925251001032,France,,UK Track-1/HAR1,0.0,,
0.0,0,0,0,0,0,0,0,0,1,2011.0,1,,0.1245925251001032,France,,UK Track-1/HAR1,0.0,,
3.912023005428146,0,0,0,0,0,0,1,0,0,2016.0,0,,-0.09191328136003254,France,,UK Track-1/HAR1,0.0,,
0.0,0,0,0,0,0,1,0,0,0,2007.0,1,,0.18053404483595184,France,,UK Track-1/HAR1,0.0,,
3.713572066704308,0,0,0,0,0,0,0,0,0,2010.0,0,,0.9693559787804604,France,,UK Track-1/HAR1,0.0,,
3.9512437185814275,0,0,0,0,0,0,0,0,0,2007.0,0,,0.8873113549148681,France,,UK Track-1/HAR1,0.0,,
2.70805020110221,0,0,0,0,0,0,1,0,0,2007.0,1,,0.9994658491141966,France,,UK Track-1/HAR1,0.0,,
0.6931471805599453,0,0,0,0,0,0,0,0,0,1998.0,1,,0.34337014428480456,France,,UK Track-1/HAR1,0.0,,
5.902633333401366,0,0,0,0,0,0,1,0,0,2020.0,0,,-0.4311510440739485,Poland,,UK Track-1/HAR1,0.0,,
5.8377304471659395,0,0,0,0,0,0,0,0,1,2015.0,1,,-0.32723417819404205,Germany,,UK Track-1/HAR1,0.0,,
4.6443908991413725,0,0,0,0,0,0,0,0,0,2019.0,1,,-0.3995870492392975,Germany,,UK Track-1/HAR1,0.0,,
6.0844994130751715,0,0,0,0,0,0,0,1,0,2022.0,1,,-0.14170705686619456,Germany,,UK Track-1/HAR1,0.0,,
6.688354713946762,0,0,0,0,0,0,0,1,0,2021.0,0,,-0.28853826318963804,Germany,,UK Track-1/HAR1,0.0,,
7.443663683115591,0,0,0,0,0,1,0,0,0,2021.0,0,,-0.2802149681214417,Germany,,UK Track-1/HAR1,0.0,,
9.012011377036412,0,0,0,0,0,0,0,1,0,2019.0,1,,-0.2512323415535494,Germany,,UK Track-1/HAR1,0.0,,
8.073091199693154,0,0,0,0,1,0,0,0,0,2021.0,1,,-0.3113905800839847,Germany,,UK Track-1/HAR1,0.0,,
7.335633981927201,0,0,0,0,0,0,0,1,0,2020.0,0,,-0.46264506590206855,Germany,ArcelorMittal S.A.,UK Track-1/HAR1,0.0,,
7.972810784121404,0,0,0,1,0,0,1,0,0,2021.0,0,,-0.2765057680722877,Germany,L'Air Liquide S.A.,UK Track-1/HAR1,0.0,,
9.577064651767916,0,0,0,0,0,0,1,0,0,2019.0,0,,-0.2933925144296467,Germany,,UK Track-1/HAR1,0.0,,
7.2868764117507,0,0,0,0,0,0,1,0,0,2019.0,0,,-0.6077338553837204,Germany,unknown,UK Track-1/HAR1,0.0,,
8.987321812850125,0,0,0,0,1,0,0,0,0,2021.0,0,,-0.2519499869975183,Germany,BASF SE,UK Track-1/HAR1,0.0,,
9.210440366976517,0,0,0,0,0,1,0,0,0,2020.0,0,,-0.20542967410624235,Germany,Luxcara GmbH,UK Track-1/HAR1,0.0,,
10.165890277802454,0,0,0,0,0,0,0,1,0,2021.0,0,,-0.22757735402132767,Germany,EWE Aktiengesellschaft,UK Track-1/HAR1,0.0,,
11.225256725762893,0,0,0,0,0,0,0,1,0,2020.0,1,,-0.17692500151658194,Germany,,UK Track-1/HAR1,0.0,,
7.208600337960199,0,0,0,0,0,0,1,0,0,2020.0,0,,-0.5487786578466888,Germany,,UK Track-1/HAR1,0.0,,
8.294299608857235,0,0,0,0,1,0,0,0,0,2019.0,0,,-0.4532731888140624,Germany,VNG AG,UK Track-1/HAR1,0.0,,
9.745956164549392,0,0,0,0,1,0,0,0,0,2021.0,0,,-0.2176420070593627,Germany,RWE Aktiengesellschaft,UK Track-1/HAR1,0.0,,
9.608646582885868,0,0,0,0,0,0,0,1,0,2020.0,1,,-0.23092593725837388,Germany,,UK Track-1/HAR1,0.0,,
5.707110264748875,0,0,0,0,0,1,0,0,0,2018.0,0,,-0.2627216899759169,Germany,,UK Track-1/HAR1,0.0,,
4.6443908991413725,0,0,0,0,0,0,0,0,0,2010.0,0,,0.14820674800091446,Germany,,UK Track-1/HAR1,0.0,,
1.6094379124341003,0,0,0,0,0,1,0,0,0,2009.0,1,,0.4407153752423072,Germany,,UK Track-1/HAR1,0.0,,
1.6094379124341003,0,0,0,0,0,0,0,0,0,2008.0,1,,0.7080371976121801,Germany,,UK Track-1/HAR1,0.0,,
10.375551557748782,0,0,1,0,0,0,0,1,0,2020.0,1,,-0.21040680987369031,Germany,Uniper SE,UK Track-1/HAR1,0.0,,
9.305741456739435,0,0,1,0,1,0,0,0,0,2020.0,0,,-0.3327556321399192,Germany,BP p.l.c.,UK Track-1/HAR1,0.0,,
4.61512051684126,0,0,0,0,0,0,0,0,0,2020.0,0,,-0.413325991844883,Germany,,UK Track-1/HAR1,0.0,,
11.132191993081248,0,0,0,0,1,0,0,0,0,2021.0,1,,-0.2053047043863992,Germany,,UK Track-1/HAR1,0.0,,
10.739153740836397,0,0,0,0,1,0,0,0,0,2021.0,1,,-0.21105075605012663,Germany,,UK Track-1/HAR1,0.0,,
8.542080906924017,0,0,0,0,0,0,0,0,1,2020.0,1,,-0.3006372262265909,Germany,,UK Track-1/HAR1,0.0,,
9.588845298501564,0,0,0,0,1,0,0,0,0,2021.0,1,,-0.21658482212852292,Germany,,UK Track-1/HAR1,0.0,,
8.385032287813898,0,0,0,0,1,0,0,0,0,2021.0,1,,-0.2539637801670855,Germany,,UK Track-1/HAR1,0.0,,
9.745956164549392,0,0,0,0,1,0,0,0,0,2021.0,0,,-0.2176420070593627,Germany,RWE Aktiengesellschaft,UK Track-1/HAR1,0.0,,
9.682404377188837,0,0,0,0,1,0,0,0,0,2021.0,0,,-0.2207817890438705,Germany,RWE Aktiengesellschaft,UK Track-1/HAR1,0.0,,
9.682404377188837,0,0,0,0,1,0,0,0,0,2022.0,0,,-0.18537617429619999,Germany,RWE Aktiengesellschaft,UK Track-1/HAR1,0.0,,
4.74493212836325,0,0,0,0,0,0,0,0,1,2011.0,0,,-0.04117953443628412,Germany,,UK Track-1/HAR1,0.0,,
8.255568653283746,0,0,0,1,1,0,0,0,0,2021.0,0,,-0.2790479516515455,Germany,Linde plc,UK Track-1/HAR1,0.0,,
4.727387818712341,0,0,0,0,0,0,0,1,0,2018.0,0,,-0.4337637799702549,Germany,,UK Track-1/HAR1,0.0,,
9.684149252062896,0,0,1,0,1,0,0,0,0,2021.0,0,,-0.2207817890438705,Germany,Shell plc,UK Track-1/HAR1,0.0,,
7.170888478512505,0,0,0,0,1,0,0,0,0,2018.0,0,,-0.6238209404577497,Germany,,UK Track-1/HAR1,0.0,,
1.6094379124341003,0,0,0,0,0,1,0,0,0,2012.0,1,,0.28362965847710747,Germany,,UK Track-1/HAR1,0.0,,
4.990432586778736,0,0,0,0,0,0,1,0,0,2017.0,0,,-0.6278117637719838,Germany,,UK Track-1/HAR1,0.0,,
3.8066624897703196,0,0,0,0,0,0,1,0,0,2017.0,0,,-0.27464032226041546,Germany,,UK Track-1/HAR1,0.0,,
3.4011973816621555,0,0,0,0,0,0,0,0,0,2011.0,1,,0.8193856254981284,Germany,,UK Track-1/HAR1,0.0,,
4.976733742420574,0,0,0,0,0,0,0,0,1,2017.0,0,,-0.4512469334624792,Germany,,UK Track-1/HAR1,0.0,,
5.081404364984463,0,0,0,0,0,0,0,0,0,2015.0,0,,-0.3594171362493839,Germany,,UK Track-1/HAR1,0.0,,
2.0794415416798357,0,0,0,0,0,1,0,0,0,2015.0,1,,0.2814700325857469,Germany,,UK Track-1/HAR1,0.0,,
5.147494476813453,0,0,0,0,0,0,1,0,0,2017.0,0,,-0.5899929246622091,Germany,,UK Track-1/HAR1,0.0,,
5.081404364984463,0,0,0,0,0,0,0,1,0,2015.0,0,,-0.31652007825918904,Germany,,UK Track-1/HAR1,0.0,,
5.272999558563747,0,0,0,0,0,0,0,0,1,2014.0,0,,-0.2496202583369408,Germany,,UK Track-1/HAR1,0.0,,
2.5649493574615367,0,0,0,0,0,1,0,0,0,2011.0,1,,0.5658857913310085,Germany,,UK Track-1/HAR1,0.0,,
3.4011973816621555,0,0,0,0,0,0,0,0,1,2014.0,1,,0.38153356562382984,Germany,,UK Track-1/HAR1,0.0,,
5.081404364984463,0,0,0,0,0,1,0,0,0,2011.0,0,,-0.10581722041074695,Germany,,UK Track-1/HAR1,0.0,,
0.0,0,0,0,0,0,1,0,0,0,2011.0,1,,0.09312437657255598,Germany,,UK Track-1/HAR1,0.0,,
5.081404364984463,0,0,0,0,0,1,0,0,0,2013.0,0,,-0.15183170385463296,Germany,,UK Track-1/HAR1,0.0,,
3.4657359027997265,0,0,0,0,0,0,1,0,0,2013.0,0,,0.36886464038092687,Germany,,UK Track-1/HAR1,0.0,,
4.61512051684126,0,0,0,0,0,0,1,0,0,2016.0,0,,-0.3532864014359251,Germany,,UK Track-1/HAR1,0.0,,
5.081404364984463,0,0,0,0,0,0,1,0,0,2013.0,0,,-0.5980124917078995,Germany,,UK Track-1/HAR1,0.0,,
5.081404364984463,0,0,0,0,0,1,0,0,0,2011.0,0,,-0.10581722041074695,Germany,,UK Track-1/HAR1,0.0,,
4.5217885770490405,0,0,0,0,0,0,1,0,0,2012.0,0,,-0.13875403220680488,Germany,,UK Track-1/HAR1,0.0,,
5.081404364984463,0,0,0,0,1,0,0,0,0,2015.0,0,,-0.3421675304663484,Germany,,UK Track-1/HAR1,0.0,,
5.081404364984463,0,0,0,0,0,0,1,0,0,2010.0,0,,-0.4324742000589401,Germany,,UK Track-1/HAR1,0.0,,
5.081404364984463,0,0,0,0,1,0,0,0,0,2011.0,0,,-0.2854360413358703,Germany,,UK Track-1/HAR1,0.0,,
3.4011973816621555,0,0,0,0,0,0,0,0,1,2011.0,1,,0.7301187541897025,Germany,,UK Track-1/HAR1,0.0,,
5.225746673713202,0,0,0,0,0,0,0,0,1,2012.0,0,,-0.2546524198849884,Germany,,UK Track-1/HAR1,0.0,,
5.262690188904886,0,0,0,0,0,0,0,0,1,2011.0,0,,-0.22503894783032985,Germany,,UK Track-1/HAR1,0.0,,
4.07753744390572,0,0,0,0,0,1,0,0,0,2011.0,1,,0.29177295218596644,Germany,,UK Track-1/HAR1,0.0,,
3.9512437185814275,0,0,0,0,0,0,0,0,1,2011.0,1,,0.5348611499409595,Germany,,UK Track-1/HAR1,0.0,,
5.327876168789581,0,0,0,0,0,0,0,0,1,2011.0,0,,-0.18628747753141897,Germany,,UK Track-1/HAR1,0.0,,
5.327876168789581,0,0,0,0,1,0,0,0,0,2016.0,0,,-0.26654887103323216,Germany,,UK Track-1/HAR1,0.0,,
5.303304908059076,0,0,0,0,0,0,0,0,1,2013.0,0,,-0.2499053367688977,Germany,,UK Track-1/HAR1,0.0,,
5.3706380281276624,0,0,0,0,0,0,0,0,1,2011.0,0,,-0.21098676853517795,Germany,,UK Track-1/HAR1,0.0,,
6.90875477931522,0,0,0,0,0,0,1,0,0,2011.0,0,,-0.6092719538408548,Germany,,UK Track-1/HAR1,0.0,,
0.0,0,0,0,0,0,0,0,0,0,2007.0,1,,0.2537875169872316,Germany,,UK Track-1/HAR1,0.0,,
0.0,0,0,0,0,0,0,0,0,0,2007.0,1,,0.2537875169872316,Germany,,UK Track-1/HAR1,0.0,,
3.4011973816621555,0,0,0,0,1,0,0,0,0,2012.0,1,,0.5298022296977071,Germany,,UK Track-1/HAR1,0.0,,
5.7745515455444085,0,0,0,0,0,0,1,0,0,2007.0,0,,-0.19271822045574488,Germany,,UK Track-1/HAR1,0.0,,
5.8377304471659395,0,0,0,0,0,1,0,0,0,2010.0,0,,-0.04700894542839501,Germany,,UK Track-1/HAR1,0.0,,
3.784189633918261,0,0,0,0,0,0,0,0,1,2010.0,1,,0.8421332687377191,Germany,,UK Track-1/HAR1,0.0,,
3.9889840465642745,0,0,0,0,0,1,0,0,0,2007.0,1,,0.45564703167476245,Germany,,UK Track-1/HAR1,0.0,,
5.8377304471659395,0,0,0,0,0,1,0,0,0,2010.0,0,,-0.04700894542839501,Germany,,UK Track-1/HAR1,0.0,,
5.8377304471659395,0,0,0,0,0,1,0,0,0,2007.0,0,,0.03646391200318464,Germany,,UK Track-1/HAR1,0.0,,
0.0,0,0,0,0,0,0,0,0,1,2007.0,1,,0.23255975398204196,Germany,,UK Track-1/HAR1,0.0,,
0.6931471805599453,0,0,0,0,0,0,0,0,1,2007.0,1,,0.31648973787957446,Germany,,UK Track-1/HAR1,0.0,,
3.9512437185814275,0,0,0,0,0,0,1,0,0,2007.0,1,,0.5587221744434893,Germany,,UK Track-1/HAR1,0.0,,
4.6443908991413725,0,0,0,0,0,0,1,0,0,2007.0,1,,0.08309164697585322,Germany,,UK Track-1/HAR1,0.0,,
0.0,0,0,0,0,0,0,0,0,0,2007.0,1,,0.2537875169872316,Germany,,UK Track-1/HAR1,0.0,,
5.8377304471659395,0,0,0,0,0,1,0,0,0,2007.0,0,,0.03646391200318464,Germany,,UK Track-1/HAR1,0.0,,
5.8377304471659395,0,0,0,0,0,0,1,0,0,2007.0,0,,-0.2423530978291104,Germany,,UK Track-1/HAR1,0.0,,
5.955837369464831,0,0,0,0,0,0,1,0,0,2018.0,0,,-0.5412223707327685,Germany,,UK Track-1/HAR1,0.0,,
5.996452088619021,0,0,0,0,0,0,1,0,0,2020.0,0,,-0.4641122322721219,Germany,,UK Track-1/HAR1,0.0,,
6.059123195581797,0,0,0,0,0,0,0,0,0,2002.0,0,,-0.10067616607034693,Germany,,UK Track-1/HAR1,0.0,,
3.8066624897703196,0,0,0,0,0,0,1,0,0,2020.0,0,,-0.37875303744055566,Germany,,UK Track-1/HAR1,0.0,,
3.8066624897703196,0,0,0,0,0,0,1,0,0,2018.0,0,,-0.30233211175984415,Germany,,UK Track-1/HAR1,0.0,,
0.0,0,1,0,0,0,0,0,0,0,2020.0,1,,-0.3476757679063809,Germany,Gazprom Energoholding LLC ,UK Track-1/HAR1,0.0,,
2.1972245773362196,0,0,0,0,0,0,0,1,0,2021.0,1,,-0.2381008221414433,Netherlands,,UK Track-1/HAR1,0.0,,
9.994287576862567,0,0,1,0,1,0,0,0,0,2022.0,0,,-0.1937804159825529,Netherlands,Shell plc,UK Track-1/HAR1,0.0,,
6.035481432524756,0,0,0,0,0,0,1,0,0,2019.0,0,,-0.6114123684292663,Netherlands,,UK Track-1/HAR1,0.0,,
7.38025578842646,0,0,0,0,0,1,0,0,0,2021.0,1,,-0.2863602566329822,Netherlands,,UK Track-1/HAR1,0.0,,
8.296297112642508,0,0,0,0,0,1,0,0,0,2021.0,1,,-0.21256003917987643,Netherlands,,UK Track-1/HAR1,0.0,,
6.1779441140506,0,0,0,0,0,1,0,0,0,2019.0,0,,-0.3961798595408996,Netherlands,,UK Track-1/HAR1,0.0,,
9.811975152030021,0,0,1,0,1,0,0,0,0,2020.0,0,,-0.26798997341662223,Netherlands,Uniper SE,UK Track-1/HAR1,0.0,,
5.480638923341991,0,0,0,0,0,0,1,0,0,2020.0,0,,-0.48335011222480134,Netherlands,,UK Track-1/HAR1,0.0,,
6.267200548541362,0,0,0,0,1,0,0,0,0,2020.0,0,,-0.513102331510018,Netherlands,,UK Track-1/HAR1,0.0,,
8.006700845440367,0,0,0,0,1,0,0,0,0,2019.0,0,,-0.5563890392278121,Netherlands,"Hycc B.V., Power2x B.V.",UK Track-1/HAR1,0.0,,
1.0986122886681098,0,0,0,0,0,1,0,0,0,2018.0,0,,-0.1717545721265703,Netherlands,,UK Track-1/HAR1,0.0,,
5.081404364984463,0,0,0,0,0,0,0,0,1,2017.0,0,,-0.43518873206668834,Netherlands,,UK Track-1/HAR1,0.0,,
4.990432586778736,0,0,0,0,0,0,0,0,1,2019.0,0,,-0.4769744513278138,Netherlands,,UK Track-1/HAR1,0.0,,
10.152415802824065,0,0,0,1,1,0,0,0,0,2021.0,0,,-0.22245466908574366,Netherlands,L'Air Liquide S.A.,UK Track-1/HAR1,0.0,,
9.577064651767916,0,0,0,0,0,0,0,1,0,2021.0,0,,-0.2136652296603008,Netherlands,,UK Track-1/HAR1,0.0,,
7.38025578842646,0,0,0,1,0,0,0,1,0,2021.0,0,,-0.3140487105069746,Netherlands,L'Air Liquide S.A.,UK Track-1/HAR1,0.0,,
5.978885764901122,0,0,0,0,0,0,1,0,0,2020.0,0,,-0.44356966287281324,Netherlands,,UK Track-1/HAR1,0.0,,
6.688354713946762,0,0,0,0,0,0,1,0,0,2018.0,0,,-0.6661963485938406,Netherlands,,UK Track-1/HAR1,0.0,,
9.61587214452889,0,0,0,0,0,0,0,1,0,2019.0,1,,-0.22474592676224114,Netherlands,,UK Track-1/HAR1,0.0,,
0.6931471805599453,0,0,0,0,0,0,0,0,1,2011.0,1,,0.18722572410774943,Netherlands,,UK Track-1/HAR1,0.0,,
6.582025138892826,0,0,0,0,0,0,0,0,1,2009.0,0,,-0.42651208403419855,Netherlands,,UK Track-1/HAR1,0.0,,
0.6931471805599453,0,0,0,0,0,0,0,0,1,2006.0,1,,0.31648973787957446,Netherlands,,UK Track-1/HAR1,0.0,,
12.206077645517674,1,1,0,0,0,0,0,0,0,2019.0,1,,-0.16494985875413898,Netherlands,Port of Den Helder Authority,UK Track-1/HAR1,0.0,,
12.367345048436391,1,1,1,0,0,0,0,1,0,2018.0,1,,-0.17145654368227783,Netherlands,Equinor ASA,UK Track-1/HAR1,0.0,,
11.954767502920442,1,1,0,0,0,0,0,1,0,2021.0,1,,-0.22399265350107392,Netherlands,Dow Chemical Company,UK Track-1/HAR1,0.0,,
12.611541086966115,1,1,0,0,1,0,0,0,0,2019.0,0,,-0.18091433785136415,Netherlands,Port of Rotterdam Authority,UK Track-1/HAR1,0.0,,
6.688354713946762,0,0,0,0,0,0,1,0,0,2019.0,0,,-0.6801854162621038,Belgium,,UK Track-1/HAR1,0.0,,
0.0,0,0,0,0,0,0,0,1,0,2021.0,1,,-0.3116098540338198,Belgium,,UK Track-1/HAR1,0.0,,
9.745956164549392,0,0,0,0,1,0,0,0,0,2020.0,1,,-0.2620028055759068,Belgium,,UK Track-1/HAR1,0.0,,
6.811244378601294,0,1,0,0,1,0,0,0,0,2020.0,1,,-0.4896122574992732,Belgium,Port of Antwerp,UK Track-1/HAR1,0.0,,
1.791759469228055,0,0,0,0,0,1,0,0,0,2003.0,1,,0.6328239655845023,Belgium,,UK Track-1/HAR1,0.0,,
3.871201010907891,0,0,0,0,0,0,1,0,0,2013.0,1,,0.3026053204958183,Belgium,,UK Track-1/HAR1,0.0,,
3.2188758248682006,0,0,0,0,0,1,0,0,0,2010.0,1,,0.5710368876483997,Belgium,,UK Track-1/HAR1,0.0,,
9.458293602198967,0,0,0,0,0,0,0,1,0,2021.0,0,,-0.20471627874778414,Belgium,,UK Track-1/HAR1,0.0,,
8.35983738064003,0,0,0,0,0,0,0,1,0,2021.0,0,,-0.2224579800984994,Belgium,Virya Energy NV,UK Track-1/HAR1,0.0,,
12.367345048436391,1,1,0,0,0,0,0,1,0,2021.0,0,,-0.22399265350107392,Belgium,Engie SA,UK Track-1/HAR1,0.0,,
5.707110264748875,0,0,0,0,0,0,0,1,0,2021.0,0,,-0.20104659334994493,Austria,,UK Track-1/HAR1,0.0,,
6.688354713946762,0,0,0,0,0,0,1,0,0,2016.0,0,,-0.5942165191768797,Austria,,UK Track-1/HAR1,0.0,,
4.2626798770413155,0,0,0,0,0,0,1,0,0,2016.0,0,,-0.22834488215242751,Austria,,UK Track-1/HAR1,0.0,,
5.680172609017068,0,0,0,0,0,0,0,1,0,2021.0,0,,-0.1993685058006821,Austria,,UK Track-1/HAR1,0.0,,
7.313886831633462,0,0,0,0,1,0,0,0,0,2021.0,0,,-0.32689239867649245,Austria,OMV Aktiengesellschaft,UK Track-1/HAR1,0.0,,
7.496097345175956,0,0,0,0,0,0,0,1,0,2020.0,0,,-0.41521517194217195,Austria,unknown,UK Track-1/HAR1,0.0,,
5.7745515455444085,0,0,0,0,0,0,0,0,1,2021.0,0,,-0.1837565103230458,Austria,,UK Track-1/HAR1,0.0,,
6.933423025730715,0,0,0,0,0,0,0,0,0,2019.0,0,,-0.6208136305478273,Austria,,UK Track-1/HAR1,0.0,,
6.870053411798126,0,0,0,0,0,0,0,1,0,2017.0,0,,-0.5531942586706153,Austria,,UK Track-1/HAR1,0.0,,
0.0,0,0,0,0,0,0,0,0,1,2011.0,1,,0.1245925251001032,Austria,,UK Track-1/HAR1,0.0,,
2.833213344056216,0,0,0,0,0,0,0,0,1,2012.0,1,,0.6492204627340348,Austria,,UK Track-1/HAR1,0.0,,
6.870053411798126,0,0,0,0,0,1,0,0,0,2010.0,0,,-0.301613379193712,Austria,,UK Track-1/HAR1,0.0,,
6.918695219020472,0,0,0,0,0,0,1,0,0,2004.0,0,,-0.502250831791625,Austria,,UK Track-1/HAR1,0.0,,
7.247080584585756,0,0,0,0,0,0,1,0,0,2004.0,0,,-0.48595892562936144,Austria,,UK Track-1/HAR1,0.0,,
6.2166061010848646,0,0,0,0,0,0,0,1,0,2026.0,0,,-0.119722583195564,Austria,,UK Track-1/HAR1,0.0,,
0.0,0,1,0,0,0,0,0,0,0,2024.0,1,,-0.29663470940103687,Germany,Graforce Gmbh,UK Track-1/HAR1,0.0,,
5.902633333401366,0,0,0,0,0,0,1,0,0,2026.0,0,,0.06799325513247811,Germany,Stadtwerke Düsseldorf AG,UK Track-1/HAR1,0.0,,
5.272999558563747,0,0,0,0,0,0,0,0,0,2026.0,0,,-0.1487478527578124,Netherlands,,UK Track-1/HAR1,0.0,,
5.081404364984463,0,0,0,0,0,0,1,0,0,2026.0,0,,-0.0666602852099386,Germany,,UK Track-1/HAR1,0.0,,
6.688354713946762,0,0,0,0,0,0,1,0,0,2026.0,0,,0.062432400529826335,Spain,Diverxia Infraestructuras SL,UK Track-1/HAR1,0.0,,
9.928228944424575,0,0,0,0,1,0,0,0,0,2026.0,0,,-0.23992351308052953,Spain,"Iberdrola, S.A.",UK Track-1/HAR1,0.0,,
5.081404364984463,0,0,0,0,0,0,0,1,0,2025.0,0,,-0.20459361469065798,Germany,,UK Track-1/HAR1,0.0,,
7.38025578842646,0,0,0,0,0,0,1,0,0,2024.0,0,,-0.02822617856006951,Germany,SWU Energie GmbH,UK Track-1/HAR1,0.0,,
7.38025578842646,0,0,0,0,0,0,1,0,0,2025.0,0,,-0.027438965732172332,Germany,,UK Track-1/HAR1,0.0,,
7.38025578842646,0,0,0,0,0,0,0,0,0,2025.0,0,,-0.1509692502125854,Germany,,UK Track-1/HAR1,0.0,,
6.90875477931522,0,0,0,0,0,0,1,0,0,2024.0,0,,0.02505031090738046,Germany,Stadtwerke Stuttgart GmbH,UK Track-1/HAR1,0.0,,
6.516193076042964,0,0,0,0,0,0,1,0,0,2025.0,0,,0.07209070660919596,Germany,Sauerstoffwerk Friedrichshafen GmbH,UK Track-1/HAR1,0.0,,
4.454347296253507,0,0,0,0,0,0,0,1,0,2025.0,0,,-0.2547571473836996,Spain,,UK Track-1/HAR1,0.0,,
7.453561871643373,0,0,0,0,0,0,0,0,1,2025.0,0,,-0.15036345473898702,Germany,Deutsche ReGas GmbH & Co. KGaA,UK Track-1/HAR1,0.0,,
5.081404364984463,0,0,0,0,0,0,1,0,0,2025.0,0,,-0.0666602852099386,Italy,Jmg Cranes Spa ,UK Track-1/HAR1,0.0,,
10.057923905840546,0,0,0,0,0,0,1,0,0,2025.0,0,,-0.18789221191973682,United Kingdom,Carbon Neutral Fuels Ltd,UK Track-1/HAR1,1.0,,
6.311734809152915,0,0,0,0,0,0,1,0,0,2020.0,0,,-0.542913663232943,France,Hy2gen AG,UK Track-1/HAR1,0.0,,
11.599295803205079,1,0,0,0,0,0,0,0,1,2025.0,0,,-0.18344833423435042,Germany,Stablegrid Projects GmbH,UK Track-1/HAR1,0.0,,
8.478660241699453,0,0,0,0,0,0,0,0,1,2025.0,0,,-0.14443689212934513,Germany,Stablegrid Projects GmbH,UK Track-1/HAR1,0.0,,
3.784189633918261,0,0,0,0,0,0,0,0,0,2025.0,0,,-0.2320591422092788,Sweden,,UK Track-1/HAR1,0.0,,
6.447305862541213,0,0,0,0,0,0,0,1,0,2024.0,0,,-0.11654733919424741,Austria,,UK Track-1/HAR1,0.0,,
8.434028950155469,0,0,0,0,0,0,1,0,0,2025.0,0,,-0.054327080752366856,France,EDF Renouvelables,UK Track-1/HAR1,0.0,,
0.0,0,1,0,0,0,0,1,0,0,2025.0,0,,-0.21991004788754834,Finland,,UK Track-1/HAR1,0.0,,
0.0,0,0,0,0,0,0,0,0,0,2025.0,0,,-0.27780252989792764,Spain,,UK Track-1/HAR1,0.0,,
9.682404377188837,0,0,0,0,0,0,0,0,0,2025.0,0,,-0.21080829631094125,Greece,ALTUS renewables GmbH,UK Track-1/HAR1,0.0,,
6.61472560020376,0,0,0,0,0,0,1,0,0,2025.0,0,,0.05063824181248538,Poland,,UK Track-1/HAR1,0.0,,
5.147494476813453,0,0,0,0,0,0,0,0,0,2024.0,0,,-0.15944357860775402,Finland,,UK Track-1/HAR1,0.0,,
5.081404364984463,0,0,0,0,0,1,0,0,0,2025.0,0,,-0.16312461966351116,Slovakia,,UK Track-1/HAR1,0.0,,
8.136810863675537,0,0,0,0,0,0,0,0,0,2025.0,0,,-0.1357680276296524,Finland,,UK Track-1/HAR1,0.0,,
4.430816798843313,0,0,0,0,0,0,0,1,0,2025.0,0,,-0.2547571473836996,Belgium,,UK Track-1/HAR1,0.0,,
7.496097345175956,0,0,0,0,0,0,1,0,0,2025.0,0,,-0.032700679734376986,Germany,VoltH2 Holdings AG,UK Track-1/HAR1,0.0,,
5.081404364984463,0,0,0,0,0,0,0,1,0,2025.0,0,,-0.20459361469065798,Italy,,UK Track-1/HAR1,0.0,,
5.209486152841421,0,0,0,0,0,0,0,0,0,2025.0,0,,-0.15782332640490668,Italy,,UK Track-1/HAR1,0.0,,
11.603688960617083,1,1,0,1,1,0,0,0,0,2023.0,0,,-0.1920163682409634,Netherlands,"Air Products and Chemicals, Inc.",UK Track-1/HAR1,0.0,,
7.156176637480615,0,0,0,0,0,0,0,0,0,2025.0,0,,-0.13285368469884185,Romania,,UK Track-1/HAR1,0.0,,
5.198497031265826,0,0,0,0,0,0,1,0,0,2025.0,0,,-0.020183186580367055,Germany,,UK Track-1/HAR1,0.0,,
0.0,0,0,0,0,0,0,0,0,0,2023.0,0,,-0.2251854025853059,United Kingdom,,UK Track-1/HAR1,1.0,,
11.80061253740951,1,1,0,0,1,0,0,0,0,2022.0,1,,-0.19496508620336395,Netherlands,Yara International,UK Track-1/HAR1,0.0,,
9.852246888342531,0,0,0,0,0,0,1,0,0,2024.0,0,,-0.1797874137100029,Estonia,,UK Track-1/HAR1,0.0,,
8.29529885950246,0,0,0,0,0,0,1,0,0,2024.0,0,,-0.04961235376704837,Estonia,,UK Track-1/HAR1,0.0,,
6.111467339502679,0,0,0,0,0,0,0,1,0,2025.0,0,,-0.10583332941438292,Germany,,UK Track-1/HAR1,0.0,,
0.0,0,1,0,0,0,0,0,0,0,2025.0,0,,-0.29915703393115944,Poland,Jastrzebska Spolka Weglowa SA,UK Track-1/HAR1,0.0,,
0.0,0,1,1,0,0,1,0,0,0,2018.0,1,,-0.24184524759269316,United Kingdom,Equinor ASA,UK Track-1/HAR1,0.0,,
11.330611908144274,0,1,0,0,1,0,0,0,0,2020.0,1,,-0.19393988158754413,Sweden,Preem AB,UK Track-1/HAR1,0.0,,
0.0,0,0,0,0,0,1,0,0,0,2025.0,0,,-0.25273599819059145,Spain,,UK Track-1/HAR1,0.0,,
0.0,0,0,0,0,0,1,0,0,0,2025.0,0,,-0.25273599819059145,Spain,,UK Track-1/HAR1,0.0,,
4.990432586778736,0,0,0,0,0,0,1,0,0,2025.0,0,,-0.10169477680748697,Finland,,UK Track-1/HAR1,0.0,,
7.972810784121404,0,0,0,0,0,0,0,1,0,2025.0,0,,-0.14547033671156911,Luxembourg,,UK Track-1/HAR1,0.0,,
9.90353755128617,0,1,0,0,0,1,0,0,0,2025.0,0,,-0.21779663982161115,United Kingdom,EnergyPathways plc,UK Track-1/HAR1,1.0,,
9.977016785824244,0,0,0,0,1,0,0,0,0,2025.0,1,,-0.23909077057334077,Spain,,UK Track-1/HAR1,0.0,,
10.53436031361157,0,0,0,0,0,0,1,0,0,2025.0,0,,-0.17376730577295413,Spain,RIC Sun España S.L.,UK Track-1/HAR1,0.0,,
5.755742213586912,0,0,0,0,0,0,0,1,0,2025.0,0,,-0.11899818233126383,Italy,,UK Track-1/HAR1,0.0,,
10.423471114086885,0,0,0,0,0,0,0,1,0,2025.0,0,,-0.21976471674229178,Spain,"Avalon Renovables, S.L.",UK Track-1/HAR1,0.0,,
9.682404377188837,0,0,0,0,0,1,0,0,0,2023.0,0,,-0.16366521583607263,Spain,Moeve,UK Track-1/HAR1,0.0,,
6.688354713946762,0,0,0,0,0,0,1,0,0,2025.0,0,,0.062432400529826335,Germany,,UK Track-1/HAR1,0.0,,
10.043292972227004,0,0,0,0,1,0,0,0,0,2025.0,0,,-0.22950100940582446,Austria,OMV Aktiengesellschaft,UK Track-1/HAR1,0.0,,
5.7745515455444085,0,0,0,0,0,0,1,0,0,2025.0,0,,0.05672048234135748,Slovakia,,UK Track-1/HAR1,0.0,,
5.8377304471659395,0,0,0,0,0,0,1,0,0,2025.0,0,,0.0509288673164395,Slovakia,,UK Track-1/HAR1,0.0,,
5.796057750765372,0,0,0,0,0,0,1,0,0,2025.0,0,,0.057455658995802524,Germany,,UK Track-1/HAR1,0.0,,
6.492239835020471,0,0,0,0,0,0,0,0,0,2025.0,0,,-0.11329871477679118,Spain,,UK Track-1/HAR1,0.0,,
8.420021279663963,0,0,0,0,0,0,0,1,0,2025.0,0,,-0.16012234423035868,Spain,,UK Track-1/HAR1,0.0,,
6.55250788703459,0,0,0,0,0,0,0,1,0,2025.0,0,,-0.12086582339471327,Italy,,UK Track-1/HAR1,0.0,,
6.6895992691789665,0,0,0,0,0,0,1,0,0,2025.0,0,,0.06961379721837266,Germany,,UK Track-1/HAR1,0.0,,
10.308985993422082,0,0,0,0,1,0,0,0,0,2021.0,1,,-0.23790493046187358,Netherlands,,UK Track-1/HAR1,0.0,,
7.382124365737512,0,0,0,0,0,0,1,0,0,2025.0,0,,-0.029551944488015895,Sweden,Lhyfe SA,UK Track-1/HAR1,0.0,,
10.915106645867503,0,0,0,0,0,0,1,0,0,2024.0,0,,-0.1607079890440813,Portugal,SwitcH2 Offshore,UK Track-1/HAR1,0.0,,
7.849323818040561,0,0,0,0,0,0,1,0,0,2025.0,0,,-0.02983009382197793,Belgium,,UK Track-1/HAR1,0.0,,
11.502885230075814,0,0,0,0,1,0,0,0,0,2024.0,0,,-0.1918184308400696,Portugal,,UK Track-1/HAR1,0.0,,
7.38025578842646,0,0,0,0,0,1,0,0,0,2024.0,0,,-0.13636988004969544,Germany,,UK Track-1/HAR1,0.0,,
0.0,0,1,0,0,0,0,0,0,0,2024.0,0,,-0.29663470940103687,Finland,Oulun Energia,UK Track-1/HAR1,0.0,,
9.392745258631441,0,1,0,0,0,0,0,0,0,2022.0,1,,-0.17916760077883234,Sweden,,UK Track-1/HAR1,0.0,,
6.688354713946762,0,0,0,0,0,0,0,1,0,2024.0,0,,-0.12323698355062458,Denmark,,UK Track-1/HAR1,0.0,,
6.464588303689961,0,0,0,0,1,0,0,0,0,2024.0,0,,-0.11172257781806551,Italy,,UK Track-1/HAR1,0.0,,
5.10594547390058,0,0,0,0,0,0,1,0,0,2024.0,0,,-0.0473870214065386,Spain,,UK Track-1/HAR1,0.0,,
10.819798284210286,0,0,0,0,0,0,0,0,0,2024.0,0,,-0.19048181524944383,Germany,,UK Track-1/HAR1,0.0,,
10.308985993422082,0,0,0,0,0,0,0,0,1,2024.0,0,,-0.21266718667732828,Germany,Deutsche ReGas GmbH & Co. KGaA,UK Track-1/HAR1,0.0,,
13.63318980117,1,1,0,0,0,0,0,0,0,2024.0,0,,-0.19968820166629309,United Kingdom,Associated British Ports,UK Track-1/HAR1,1.0,,
10.596659732783579,0,1,0,0,0,0,0,0,0,2023.0,0,,-0.19441650226266763,United Kingdom,BOC,UK Track-1/HAR1,1.0,,
8.922791623969637,0,0,0,0,1,0,0,0,0,2023.0,0,,-0.11928764902334543,Greece,Motor Oil (Hellas) Corinth Refineries S.A.,UK Track-1/HAR1,0.0,,
5.517452896464707,0,0,0,0,0,0,0,0,1,2023.0,0,,-0.07503265291903272,Italy,,UK Track-1/HAR1,0.0,,
6.803505257608338,0,0,0,0,0,0,0,1,0,2024.0,0,,-0.12804484399959337,Germany,Enertrag Service GmbH,UK Track-1/HAR1,0.0,,
5.117993812416755,0,0,0,0,0,0,0,1,0,2024.0,0,,-0.18524741920995957,Italy,,UK Track-1/HAR1,0.0,,
5.796057750765372,0,0,0,0,0,0,1,0,0,2024.0,0,,0.054940910292460864,United Kingdom,,UK Track-1/HAR1,1.0,,
2.772588722239781,0,0,0,0,0,0,0,0,0,2022.0,0,,-0.18046263061657225,United Kingdom,,UK Track-1/HAR1,1.0,,
9.820160289946374,0,0,0,1,0,0,0,0,1,2024.0,0,,-0.20894618011193636,Germany,L'Air Liquide S.A.,UK Track-1/HAR1,0.0,,
7.363913501405819,0,0,0,0,0,0,1,0,0,2024.0,0,,-0.022656215592792926,Germany,HyDN GmbH,UK Track-1/HAR1,0.0,,
10.282403325410757,0,0,0,0,1,0,0,0,0,2024.0,1,,-0.22073232355741781,Lithuania,,UK Track-1/HAR1,0.0,,
7.3783837129967145,0,0,0,0,1,0,0,0,0,2023.0,0,,-0.08760860900832926,Spain,Repsol S.A.,UK Track-1/HAR1,0.0,,
5.272999558563747,0,0,0,0,0,0,0,0,0,2024.0,0,,-0.14781622510489367,Denmark,,UK Track-1/HAR1,0.0,,
7.2868764117507,0,0,0,0,0,0,1,0,0,2024.0,0,,-0.0035737077852465975,Sweden,Lhyfe SA,UK Track-1/HAR1,0.0,,
4.48863636973214,0,0,0,0,0,0,0,1,0,2024.0,0,,-0.2502041756823939,Spain,,UK Track-1/HAR1,0.0,,
4.418840607796598,0,0,0,0,0,0,0,0,0,2024.0,0,,-0.23687813959320525,Germany,,UK Track-1/HAR1,0.0,,
12.345838935721968,1,1,0,0,0,0,0,1,0,2022.0,1,,-0.21325071097775755,Germany,VNG AG,UK Track-1/HAR1,0.0,,
12.460718739865236,1,1,1,0,0,0,0,1,0,2021.0,1,,-0.22399265350107392,Netherlands,Equinor ASA,UK Track-1/HAR1,0.0,,
2.833213344056216,0,0,0,0,0,1,0,0,0,2024.0,0,,-0.2054961621797196,Portugal,,UK Track-1/HAR1,0.0,,
6.7650389767805414,0,0,0,0,0,0,1,0,0,2024.0,0,,0.0680590096242864,Netherlands,,UK Track-1/HAR1,0.0,,
5.7745515455444085,0,0,0,0,0,0,0,0,0,2024.0,0,,-0.11098882381317843,Finland,,UK Track-1/HAR1,0.0,,
7.937731775260109,0,0,1,0,1,0,0,0,0,2021.0,0,,-0.32422280249675006,Spain,BP p.l.c.,UK Track-1/HAR1,0.0,,
5.707110264748875,0,0,0,0,0,0,1,0,0,2023.0,0,,0.06117161976676,Netherlands,,UK Track-1/HAR1,0.0,,
7.785720896534624,0,0,1,0,0,0,0,1,0,2024.0,0,,-0.16181095616744243,United Kingdom,Grenian Hydrogen Limited,UK Track-1/HAR1,1.0,,
10.580937168488774,0,1,0,1,0,0,0,1,0,2013.0,0,,-0.1696131292367629,France,L'Air Liquide S.A.,UK Track-1/HAR1,0.0,,
7.313886831633462,0,0,0,0,1,0,0,0,0,2022.0,0,,-0.14427893372461537,Croatia,,UK Track-1/HAR1,0.0,,
6.202535517187923,0,0,0,0,0,0,1,0,0,2024.0,0,,0.07284729482195622,Finland,,UK Track-1/HAR1,0.0,,
4.990432586778736,0,1,0,0,0,0,0,0,0,2021.0,1,,-0.3009973651329332,Germany,HiiROC Limited,UK Track-1/HAR1,0.0,,
9.864746724219698,0,0,1,0,1,0,0,0,0,2024.0,0,,-0.22717558820895123,United Kingdom,Uniper SE,UK Track-1/HAR1,1.0,,
4.919980925828125,0,0,0,0,0,0,1,0,0,2024.0,0,,-0.12273791275275683,Spain,,UK Track-1/HAR1,0.0,,
8.073091199693154,0,0,0,0,0,0,0,1,0,2024.0,0,,-0.15120317194076993,United Kingdom,,UK Track-1/HAR1,1.0,,
9.798182590890704,0,0,0,0,0,0,1,0,0,2021.0,1,,-0.21961189529375733,Finland,,UK Track-1/HAR1,0.0,,
8.922791623969637,0,0,0,0,0,0,0,0,1,2023.0,0,,-0.11797505845887128,Germany,,UK Track-1/HAR1,0.0,,
7.824445930877619,0,0,0,0,0,0,0,0,1,2023.0,0,,-0.096309634163677,Germany,,UK Track-1/HAR1,0.0,,
4.976733742420574,0,0,0,0,0,0,0,1,0,2023.0,0,,-0.1914996387048723,Germany,,UK Track-1/HAR1,0.0,,
6.933423025730715,0,0,0,0,0,0,0,0,1,2023.0,0,,-0.07520885346202875,Denmark,,UK Track-1/HAR1,0.0,,
5.017279836814924,0,0,0,0,0,0,1,0,0,2023.0,0,,-0.06784844032144732,Germany,,UK Track-1/HAR1,0.0,,
6.2422232654551655,0,0,0,0,0,0,0,1,0,2023.0,0,,-0.09250353204093184,Denmark,,UK Track-1/HAR1,0.0,,
2.8903717578961645,0,0,0,0,0,1,0,0,0,2007.0,1,,0.7267878532795996,Greenland,,UK Track-1/HAR1,0.0,,
5.393627546352362,0,0,0,0,0,0,1,0,0,2023.0,0,,0.02637124132603705,Sweden,Metacon AB (publ),UK Track-1/HAR1,0.0,,
7.2868764117507,0,0,0,0,0,0,1,0,0,2023.0,0,,0.03806475878589631,Germany,Lhyfe SA,UK Track-1/HAR1,0.0,,
0.0,0,0,0,0,1,0,0,0,0,2023.0,0,,-0.2290119852114926,Belgium,,UK Track-1/HAR1,0.0,,
0.0,0,0,0,0,0,0,0,0,0,2023.0,0,,-0.2251854025853059,Germany,,UK Track-1/HAR1,0.0,,
7.53689712956617,0,0,0,0,1,0,0,0,0,2023.0,0,,-0.10856081951145291,United Kingdom,Trafigura Group Pte. Ltd.,UK Track-1/HAR1,1.0,,
6.3561076606958915,0,0,0,0,0,0,1,0,0,2023.0,0,,0.07952376219368876,France,,UK Track-1/HAR1,0.0,,
9.61587214452889,0,0,0,0,1,0,0,0,0,2023.0,0,,-0.17308963398333382,Portugal,"Galp Energia, SGPS, S.A.",UK Track-1/HAR1,0.0,,
9.105090961257085,0,0,0,0,0,0,0,1,0,2023.0,0,,-0.15105073860861729,Germany,Salzgitter Flachstahl GmbH,UK Track-1/HAR1,0.0,,
8.517393171418904,0,0,0,1,1,0,0,0,0,2023.0,0,,-0.11513281517786067,France,L'Air Liquide S.A.,UK Track-1/HAR1,0.0,,
5.117993812416755,0,0,0,0,0,0,1,0,0,2023.0,0,,-0.017420671221939327,United Kingdom,,UK Track-1/HAR1,1.0,,
10.021315031649332,0,0,0,0,1,0,0,0,0,2023.0,0,,-0.20583499802511382,Germany,PCK Raffinerie GmbH,UK Track-1/HAR1,0.0,,
9.277812087091196,0,0,0,0,1,0,0,0,0,2022.0,0,,-0.15309937356479478,Spain,Forestal del Atlántico S.A.,UK Track-1/HAR1,0.0,,
4.709530201312334,0,0,0,0,0,0,0,0,0,2023.0,0,,-0.17622568252150528,United Kingdom,,UK Track-1/HAR1,1.0,,
6.1779441140506,0,0,0,0,0,0,0,0,0,2023.0,0,,-0.06603179763608216,Spain,,UK Track-1/HAR1,0.0,,
11.968100948644052,1,1,1,0,0,0,0,1,0,2022.0,1,,-0.21325071097775755,Germany,Wintershall Dea AG,UK Track-1/HAR1,0.0,,
11.407576060361786,0,1,1,0,1,0,0,0,0,2021.0,0,,-0.2201581817773836,Netherlands,TotalEnergies SE,UK Track-1/HAR1,0.0,,
8.829665432675236,0,0,0,0,1,0,0,0,0,2023.0,0,,-0.11792550763621176,Portugal,Bondalti Chemicals S.A.,UK Track-1/HAR1,0.0,,
10.933124826700707,0,1,0,0,1,0,0,0,0,2023.0,0,,-0.18978278979689361,Greece,Motor Oil Holdings SA,UK Track-1/HAR1,0.0,,
9.301186055275759,0,0,0,0,0,0,0,0,1,2023.0,0,,-0.14090985270293868,Germany,,UK Track-1/HAR1,0.0,,
0.0,0,0,0,0,0,1,0,0,0,2023.0,0,,-0.20600472308606682,Spain,,UK Track-1/HAR1,0.0,,
6.594413459749778,0,0,0,0,0,0,1,0,0,2023.0,0,,0.06175755707465116,France,,UK Track-1/HAR1,0.0,,
0.0,0,0,0,0,0,0,1,0,0,2023.0,0,,-0.15552282402311934,France,,UK Track-1/HAR1,0.0,,
7.2868764117507,0,0,0,0,0,0,1,0,0,2023.0,0,,0.03806475878589631,Belgium,Lhyfe SA,UK Track-1/HAR1,0.0,,
6.2166061010848646,0,0,0,0,0,0,1,0,0,2023.0,0,,0.0798360568911784,Greece,,UK Track-1/HAR1,0.0,,
6.670766320845874,0,0,0,0,0,0,1,0,0,2023.0,1,,0.08456147368248382,Poland,,UK Track-1/HAR1,0.0,,
0.0,0,1,0,0,0,0,0,0,0,2023.0,0,,-0.24760318679584423,United Kingdom,,UK Track-1/HAR1,1.0,,
4.852030263919617,0,0,0,0,0,0,1,0,0,2023.0,0,,-0.08691706908178852,Lithuania,,UK Track-1/HAR1,0.0,,
6.1779441140506,0,0,0,0,0,1,0,0,0,2023.0,0,,-0.05243138240296277,Lithuania,,UK Track-1/HAR1,0.0,,
10.505094936455558,0,0,0,0,0,0,1,0,0,2023.0,0,,-0.15544229764414574,Finland,,UK Track-1/HAR1,0.0,,
11.984958284017063,1,0,0,0,0,0,0,1,0,2023.0,0,,-0.19351765643645122,Finland,,UK Track-1/HAR1,0.0,,
11.984958284017063,1,0,0,0,0,0,0,1,0,2023.0,0,,-0.19351765643645122,Finland,,UK Track-1/HAR1,0.0,,
6.643789733147672,0,0,0,0,0,0,0,1,0,2023.0,0,,-0.09343060413927802,Sweden,,UK Track-1/HAR1,0.0,,
0.0,0,1,0,0,0,1,0,0,0,2023.0,0,,-0.2259233151595312,United Kingdom,,UK Track-1/HAR1,1.0,,
5.081404364984463,0,0,0,0,0,0,0,1,0,2021.0,0,,-0.277571079527691,Austria,,UK Track-1/HAR1,0.0,,
8.829665432675236,0,0,0,1,1,0,0,0,0,2021.0,0,,-0.2567806587557811,Netherlands,L'Air Liquide S.A.,UK Track-1/HAR1,0.0,,
5.081404364984463,0,0,0,0,0,0,0,0,0,2023.0,0,,-0.13953581590118247,Hungary,Matrai Eromu ZRt.,UK Track-1/HAR1,0.0,,
7.38025578842646,0,0,0,0,0,0,1,0,0,2022.0,0,,-0.10670201639432537,Germany,Rolls-Royce plc,UK Track-1/HAR1,0.0,,
7.157735484249907,0,0,0,0,0,0,0,1,0,2023.0,0,,-0.11011512860951554,Germany,,UK Track-1/HAR1,0.0,,
7.785720896534624,0,0,0,0,0,0,0,1,0,2021.0,0,,-0.29628708445270313,United Kingdom,Hyro Energy Limited,UK Track-1/HAR1,0.0,,
6.580639137284949,0,0,0,0,0,0,1,0,0,2023.0,0,,0.06466568491894974,Germany,,UK Track-1/HAR1,0.0,,
6.81783057145415,0,0,0,0,0,0,1,0,0,2023.0,1,,0.08151377084317835,United Kingdom,,UK Track-1/HAR1,1.0,,
3.58351893845611,0,0,0,0,0,1,0,0,0,2023.0,0,,-0.16130323653160755,Portugal,,UK Track-1/HAR1,0.0,,
7.469083884921234,0,0,0,0,0,0,1,0,0,2022.0,0,,-0.10790514504187274,Germany,RWE Aktiengesellschaft,UK Track-1/HAR1,0.0,,
10.712014884136147,0,0,0,0,1,0,0,0,0,2023.0,0,,-0.18228285529090243,Denmark,Arcadia eFuels ApS,UK Track-1/HAR1,0.0,,
11.53643689243115,1,1,0,1,1,0,0,0,0,2023.0,0,,-0.1920163682409634,Netherlands,L'Air Liquide S.A.,UK Track-1/HAR1,0.0,,
5.272999558563747,0,0,0,0,0,0,0,1,0,2023.0,0,,-0.12144280618272768,Germany,,UK Track-1/HAR1,0.0,,
11.407576060361786,0,0,0,0,0,0,0,1,0,2021.0,0,,-0.21460708142440024,Denmark,Trafigura Group Pte. Ltd.,UK Track-1/HAR1,0.0,,
7.38025578842646,0,0,0,0,0,0,1,0,0,2021.0,0,,-0.31087994033981853,Germany,,UK Track-1/HAR1,0.0,,
0.0,0,0,0,0,0,0,0,0,0,2017.0,0,,-0.2447499786116235,Germany,,UK Track-1/HAR1,0.0,,
0.0,0,0,0,0,0,0,0,0,0,2013.0,0,,0.06352494883305493,Germany,,UK Track-1/HAR1,0.0,,
4.962844630259907,0,0,0,0,0,0,0,0,0,2021.0,1,,-0.305784772636088,United Kingdom,,UK Track-1/HAR1,0.0,,
5.272999558563747,0,0,0,0,1,0,0,0,0,2021.0,1,,-0.1999986079594184,Germany,,UK Track-1/HAR1,0.0,,
0.0,0,0,0,0,0,0,0,1,0,2018.0,0,,-0.2642125060876212,Germany,,UK Track-1/HAR1,0.0,,
9.875602349046593,0,0,0,0,1,0,0,0,0,2021.0,1,,-0.23248716809629144,Germany,,UK Track-1/HAR1,0.0,,
5.996452088619021,0,0,0,0,0,0,0,0,1,2022.0,0,,-0.11764189765941153,Hungary,,UK Track-1/HAR1,0.0,,
4.382026634673881,0,0,0,0,0,0,0,0,1,2017.0,0,,-0.2925951270298203,France,,UK Track-1/HAR1,0.0,,
5.996452088619021,0,0,0,0,0,0,0,0,0,2023.0,0,,-0.0645647244095891,Netherlands,,UK Track-1/HAR1,0.0,,
6.594413459749778,0,0,0,0,0,0,1,0,0,2023.0,0,,0.06175755707465116,France,,UK Track-1/HAR1,0.0,,
7.443663683115591,0,0,0,0,0,0,1,0,0,2023.0,0,,0.0012958446564060337,United Kingdom,Hygen Energy Ltd.,UK Track-1/HAR1,1.0,,
4.59511985013459,0,0,0,0,0,0,1,0,0,2017.0,0,,-0.4549808153829102,France,,UK Track-1/HAR1,0.0,,
9.325809621782296,0,0,0,0,1,0,0,0,0,2021.0,1,,-0.22913979949693883,Spain,,UK Track-1/HAR1,0.0,,
8.699681400989514,0,0,0,0,0,0,1,0,0,2023.0,0,,-0.03842538651965651,Netherlands,"Hycc B.V., Power2x B.V.",UK Track-1/HAR1,0.0,,
10.714439990727769,0,0,0,0,0,1,0,0,0,2023.0,0,,-0.17285584290832556,Spain,Moeve,UK Track-1/HAR1,0.0,,
8.542080906924017,0,0,0,0,1,0,0,0,0,2023.0,0,,-0.11804383455129515,Sweden,Perstorp Holding AB,UK Track-1/HAR1,0.0,,
5.147494476813453,0,0,0,0,0,0,0,0,0,2023.0,0,,-0.11560787763796658,Spain,,UK Track-1/HAR1,0.0,,
10.896757843893464,0,0,0,0,1,0,0,0,0,2023.0,0,,-0.180653069725721,Germany,,UK Track-1/HAR1,0.0,,
8.699681400989514,0,0,0,0,1,0,0,0,0,2023.0,0,,-0.11972396777552313,Germany,unknown,UK Track-1/HAR1,0.0,,
6.111467339502679,0,0,0,0,0,0,1,0,0,2023.0,0,,0.097837668940612,Germany,,UK Track-1/HAR1,0.0,,
5.017279836814924,0,0,0,0,0,0,1,0,0,2022.0,0,,-0.12411154797674177,Cyprus,,UK Track-1/HAR1,0.0,,
8.632662441222351,0,0,1,0,0,1,0,0,0,2022.0,0,,-0.13246867617767055,United Kingdom,"SSE plc, Equinor ASA",UK Track-1/HAR1,1.0,,
7.20934025660291,0,0,0,0,0,0,0,1,0,2022.0,1,,-0.18176340350297088,Germany,,UK Track-1/HAR1,0.0,,
4.61512051684126,0,0,0,0,0,0,0,1,0,2022.0,0,,-0.22389936495078705,Italy,,UK Track-1/HAR1,0.0,,
6.16541785423142,0,0,0,0,0,0,1,0,0,2022.0,0,,-0.02935589536644897,Austria,,UK Track-1/HAR1,0.0,,
8.478660241699453,0,0,0,0,0,0,0,1,0,2022.0,0,,-0.16302379313714202,Spain,,UK Track-1/HAR1,0.0,,
8.073091199693154,0,0,0,0,0,0,0,1,0,2022.0,0,,-0.18008300367000224,Spain,"Endesa, S.A.",UK Track-1/HAR1,0.0,,
12.290510296660331,1,1,1,0,0,0,0,0,1,2022.0,1,,-0.19257006643995844,United Kingdom,Equinor ASA,UK Track-1/HAR1,1.0,,
0.0,0,0,0,0,0,1,0,0,0,2022.0,1,,-0.20701531186938876,Spain,,UK Track-1/HAR1,0.0,,
6.1779441140506,0,0,0,0,0,0,0,0,0,2020.0,0,,-0.5171414757750082,Spain,,UK Track-1/HAR1,0.0,,
7.3783837129967145,0,0,0,0,1,0,0,0,0,2020.0,0,,-0.5324288504494613,Hungary,MOL Magyar Olaj- és Gázipari Nyilvánosan Muködo Részvénytársaság,UK Track-1/HAR1,0.0,,
10.745744155683914,0,0,0,0,1,0,0,0,0,2022.0,0,,-0.18052470145583166,Netherlands,,UK Track-1/HAR1,0.0,,
7.2868764117507,0,0,0,0,0,0,1,0,0,2022.0,0,,-0.08377871365394067,Germany,Lhyfe SA,UK Track-1/HAR1,0.0,,
6.089044875446846,0,0,0,0,0,0,1,0,0,2022.0,0,,-0.018576754949358613,Germany,,UK Track-1/HAR1,0.0,,
10.896757843893464,0,0,0,0,0,0,1,0,0,2022.0,0,,-0.17756315225505911,Germany,,UK Track-1/HAR1,0.0,,
8.699681400989514,0,0,0,0,0,0,1,0,0,2022.0,0,,-0.10110197991315535,Germany,H2apex Energy Gmbh,UK Track-1/HAR1,0.0,,
6.670766320845874,0,0,0,0,0,0,1,0,0,2022.0,0,,-0.04428906811361292,Germany,,UK Track-1/HAR1,0.0,,
10.281958234245314,0,0,0,0,0,0,0,0,1,2020.0,1,,-0.19345882358107463,Spain,,UK Track-1/HAR1,0.0,,
6.089044875446846,0,0,0,0,0,0,1,0,0,2021.0,1,,-0.14899504449511128,Germany,,UK Track-1/HAR1,0.0,,
4.564348191467836,0,0,0,0,0,0,1,0,0,2007.0,1,,0.11723543868445097,Germany,,UK Track-1/HAR1,0.0,,
0.0,0,0,0,0,0,0,0,0,0,2021.0,1,,-0.31565652041092884,Germany,,UK Track-1/HAR1,0.0,,
4.990432586778736,0,0,0,0,0,0,0,0,0,2020.0,0,,-0.4696277641192002,France,,UK Track-1/HAR1,0.0,,
6.003887067106539,0,0,0,0,0,0,1,0,0,2022.0,1,,-0.021971100683948974,France,,UK Track-1/HAR1,0.0,,
9.455323689894849,0,0,0,0,0,0,1,0,0,2022.0,1,,-0.1482039022986837,Belgium,,UK Track-1/HAR1,0.0,,
4.30406509320417,0,0,0,0,0,0,1,0,0,2018.0,0,,-0.40722260929743836,Belgium,,UK Track-1/HAR1,0.0,,
5.799092654460526,0,0,0,0,0,1,0,0,0,2022.0,0,,-0.09120608845333371,Austria,,UK Track-1/HAR1,0.0,,
3.6375861597263857,0,0,0,0,0,0,1,0,0,2021.0,0,,-0.2615962970684957,Austria,,UK Track-1/HAR1,0.0,,
6.639875833826536,0,0,0,0,0,0,1,0,0,2022.0,0,,-0.053703284445955804,Portugal,,UK Track-1/HAR1,0.0,,
4.143134726391533,0,0,0,0,0,0,1,0,0,2007.0,1,,0.47495189782744723,Portugal,,UK Track-1/HAR1,0.0,,
4.394449154672439,0,0,0,0,0,0,0,1,0,2020.0,0,,-0.3963115939399657,Portugal,,UK Track-1/HAR1,0.0,,
10.839600519357369,0,0,0,0,1,0,0,0,0,2022.0,0,,-0.1849876899530196,Portugal,Madoqua Renewables Holding B.v.,UK Track-1/HAR1,0.0,,
4.3694478524670215,0,0,0,0,0,0,1,0,0,2009.0,1,,0.2314821929093554,Italy,,UK Track-1/HAR1,0.0,,
4.962844630259907,0,0,0,0,0,0,1,0,0,2009.0,1,,-0.21720710863822973,Italy,,UK Track-1/HAR1,0.0,,
6.52795791762255,0,0,0,0,0,0,0,0,0,2021.0,1,,-0.2784196622257546,Italy,,UK Track-1/HAR1,0.0,,
9.123038043573386,0,0,0,0,0,0,1,0,0,2021.0,1,,-0.227223189928889,Portugal,,UK Track-1/HAR1,0.0,,
6.037870919922137,0,0,0,0,0,0,0,0,1,2021.0,0,,-0.2106318271532816,Portugal,,UK Track-1/HAR1,0.0,,
2.772588722239781,0,0,0,0,0,1,0,0,0,2019.0,0,,-0.0966400563689787,Portugal,,UK Track-1/HAR1,0.0,,
1.791759469228055,0,0,0,0,0,0,0,0,1,2021.0,0,,-0.23320078237761646,Italy,,UK Track-1/HAR1,0.0,,
0.0,0,1,0,0,0,0,0,0,0,2021.0,1,,-0.32881308799463926,Greece,Energean,UK Track-1/HAR1,0.0,,
8.073091199693154,0,0,0,0,1,0,0,0,0,2020.0,1,,-0.4601996054418915,Italy,,UK Track-1/HAR1,0.0,,
7.38025578842646,0,0,0,0,1,0,0,0,0,2020.0,1,,-0.5256243915277318,Italy,,UK Track-1/HAR1,0.0,,
9.613536240640304,0,0,0,0,0,0,0,0,1,2020.0,1,,-0.20512074209219894,Portugal,,UK Track-1/HAR1,0.0,,
5.247024072160486,0,0,0,0,0,0,1,0,0,2016.0,0,,-0.4879002044513804,Italy,,UK Track-1/HAR1,0.0,,
2.6390573296152584,0,0,0,0,0,1,0,0,0,2016.0,0,,0.1426059558819374,Italy,,UK Track-1/HAR1,0.0,,
2.3978952727983707,0,0,0,0,0,0,0,0,1,2021.0,0,,-0.2211622872465033,Portugal,,UK Track-1/HAR1,0.0,,
0.0,0,0,0,0,0,1,0,0,0,2009.0,1,,0.1505650825955731,Italy,,UK Track-1/HAR1,0.0,,
5.247024072160486,0,0,0,0,0,0,0,0,1,2014.0,0,,-0.25239509123925424,Italy,,UK Track-1/HAR1,0.0,,
1.6094379124341003,0,0,0,0,0,1,0,0,0,2002.0,1,,0.48283666589336605,Greece,,UK Track-1/HAR1,0.0,,
0.6931471805599453,0,0,0,0,0,1,0,0,0,2002.0,0,,0.24212835557471882,Greece,,UK Track-1/HAR1,0.0,,
0.6931471805599453,0,0,0,0,0,1,0,0,0,2002.0,0,,0.24212835557471882,Italy,,UK Track-1/HAR1,0.0,,
0.0,0,0,0,0,0,1,0,0,0,2002.0,0,,0.18053404483595184,Greece,,UK Track-1/HAR1,0.0,,
0.6931471805599453,0,0,0,0,0,1,0,0,0,2002.0,1,,0.24212835557471882,Italy,,UK Track-1/HAR1,0.0,,
8.136810863675537,0,0,0,0,0,0,0,1,0,2021.0,0,,-0.2580364183593072,Sweden,Nippon Steel Corporation,UK Track-1/HAR1,0.0,,
3.713572066704308,0,0,0,0,0,0,1,0,0,2018.0,0,,-0.28439041335175197,Sweden,,UK Track-1/HAR1,0.0,,
6.52795791762255,0,0,0,0,0,0,0,1,0,2020.0,0,,-0.4813408379351106,Sweden,,UK Track-1/HAR1,0.0,,
0.0,0,0,0,0,0,0,1,0,0,2017.0,0,,-0.29821341822484926,Sweden,,UK Track-1/HAR1,0.0,,
9.325809621782296,0,0,0,0,1,0,0,0,0,2022.0,1,,-0.15744569329604524,Sweden,,UK Track-1/HAR1,0.0,,
11.51293546492023,1,0,0,0,0,0,0,1,0,2021.0,0,,-0.2109820917684454,Sweden,Stegra AB,UK Track-1/HAR1,0.0,,
10.12667110305036,0,0,0,0,0,0,1,0,0,2022.0,0,,-0.1977667720164502,Finland,Prime Capital AG,UK Track-1/HAR1,0.0,,
0.0,0,0,0,0,0,0,0,1,0,2022.0,0,,-0.23847565945911028,Finland,,UK Track-1/HAR1,0.0,,
1.3862943611198906,0,0,0,0,0,0,0,0,0,2018.0,0,,-0.19460991549303816,Finland,,UK Track-1/HAR1,0.0,,
9.928228944424575,0,0,0,0,1,0,0,0,0,2021.0,1,,-0.24259127149014842,Finland,,UK Track-1/HAR1,0.0,,
11.107480356662066,0,1,0,0,1,0,0,0,0,2021.0,1,,-0.22151720825497725,Finland,Neste Oyj,UK Track-1/HAR1,0.0,,
8.16194579946869,0,0,0,0,0,0,0,1,0,2021.0,0,,-0.25891350471558267,Finland,P2X Solutions Oy,UK Track-1/HAR1,0.0,,
9.105090961257085,0,0,0,0,0,0,1,0,0,2021.0,1,,-0.22250832263566825,Estonia,,UK Track-1/HAR1,0.0,,
4.990432586778736,0,0,0,0,0,0,1,0,0,2016.0,0,,-0.5607803729231086,Estonia,,UK Track-1/HAR1,0.0,,
7.443663683115591,0,0,0,0,0,0,0,0,0,2022.0,0,,-0.16802250538106736,Denmark,Skovgaard Energy A/S,UK Track-1/HAR1,0.0,,
11.691799418938693,1,0,0,0,0,0,0,1,0,2021.0,0,,-0.2109820917684454,Denmark,Everfuel A/S,UK Track-1/HAR1,0.0,,
0.0,0,0,0,0,0,0,0,0,0,2006.0,1,,0.2537875169872316,Denmark,,UK Track-1/HAR1,0.0,,
2.772588722239781,0,0,0,0,0,1,0,0,0,2006.0,1,,0.7114697088591155,Denmark,,UK Track-1/HAR1,0.0,,
0.0,0,0,0,0,0,0,1,0,0,2013.0,1,,-0.010661307732734986,Denmark,,UK Track-1/HAR1,0.0,,
0.0,0,0,0,0,0,0,0,0,0,2018.0,0,,-0.27374417844288773,Denmark,,UK Track-1/HAR1,0.0,,
0.0,0,0,0,0,0,0,0,0,0,2008.0,1,,0.25180490800285305,Denmark,,UK Track-1/HAR1,0.0,,
0.6931471805599453,0,0,0,0,0,1,0,0,0,2008.0,1,,0.2406230337113532,Denmark,,UK Track-1/HAR1,0.0,,
5.147494476813453,0,0,0,0,0,0,0,0,0,2014.0,1,,-0.2723430913012188,Denmark,,UK Track-1/HAR1,0.0,,
0.6931471805599453,0,0,0,0,0,0,0,0,1,2017.0,0,,-0.212452267320075,Denmark,,UK Track-1/HAR1,0.0,,
0.0,0,0,0,0,0,0,0,0,0,2006.0,1,,0.2537875169872316,Denmark,,UK Track-1/HAR1,0.0,,
5.214935757608986,0,0,0,0,0,0,1,0,0,2016.0,0,,-0.506736561249889,Denmark,Eurowind Energy A/S,UK Track-1/HAR1,0.0,,
2.3978952727983707,0,0,0,0,0,0,0,0,0,2015.0,1,,0.3934698095952167,Denmark,,UK Track-1/HAR1,0.0,,
2.1972245773362196,0,0,0,0,0,0,0,0,0,2010.0,1,,1.0222355834480108,Denmark,,UK Track-1/HAR1,0.0,,
5.902633333401366,0,0,0,0,0,0,1,0,0,2021.0,1,,-0.09648161018746679,Denmark,,UK Track-1/HAR1,0.0,,
2.1972245773362196,0,0,0,0,0,0,0,0,0,2009.0,1,,1.1022794239356393,Denmark,,UK Track-1/HAR1,0.0,,
7.62608275807238,0,0,0,0,1,0,0,0,0,2021.0,0,,-0.33914686135949473,Denmark,,UK Track-1/HAR1,0.0,,
7.62608275807238,0,0,0,0,1,0,0,0,0,2021.0,0,,-0.33914686135949473,Denmark,Norlys Holding A/S,UK Track-1/HAR1,0.0,,
9.202912856147385,0,0,0,0,0,0,0,1,0,2021.0,0,,-0.2095663961732712,Denmark,,UK Track-1/HAR1,0.0,,
6.933423025730715,0,0,0,0,0,0,0,1,0,2021.0,0,,-0.30146471580166456,Denmark,,UK Track-1/HAR1,0.0,,
7.88193748927207,0,0,0,0,1,0,0,0,0,2022.0,0,,-0.1385115892170226,Denmark,Everfuel A/S,UK Track-1/HAR1,0.0,,
10.775512868112267,0,0,0,0,1,0,0,0,0,2021.0,0,,-0.2060010803272994,Denmark,Everfuel A/S,UK Track-1/HAR1,0.0,,
3.713572066704308,0,0,0,0,0,0,0,0,1,2009.0,1,,0.938000922171485,Denmark,,UK Track-1/HAR1,0.0,,
12.097261739671994,1,0,0,0,0,0,1,0,0,2020.0,1,,-0.1859800901420856,Denmark,,UK Track-1/HAR1,0.0,,
10.62137612498452,0,0,0,0,0,0,1,0,0,2020.0,1,,-0.21727551726839328,Denmark,,UK Track-1/HAR1,0.0,,
7.443663683115591,0,0,0,0,0,0,1,0,0,2020.0,1,,-0.5087666507263827,Denmark,,UK Track-1/HAR1,0.0,,
4.2626798770413155,0,0,0,0,0,0,1,0,0,2019.0,0,,-0.40731835882804185,Denmark,,UK Track-1/HAR1,0.0,,
8.989319566042951,0,0,0,0,1,0,0,0,0,2022.0,0,,-0.13795144799042405,Denmark,European Energy A/S,UK Track-1/HAR1,0.0,,
0.6931471805599453,0,0,0,0,0,0,1,0,0,2012.0,0,,0.08045384731807273,Denmark,,UK Track-1/HAR1,0.0,,
0.6931471805599453,0,0,0,0,0,0,1,0,0,2012.0,0,,0.08045384731807273,Denmark,,UK Track-1/HAR1,0.0,,
0.6931471805599453,0,0,0,0,0,0,1,0,0,2012.0,0,,0.08045384731807273,Denmark,,UK Track-1/HAR1,0.0,,
0.6931471805599453,0,0,0,0,0,0,1,0,0,2012.0,0,,0.08045384731807273,Denmark,,UK Track-1/HAR1,0.0,,
1.0986122886681098,0,0,0,0,0,0,1,0,0,2009.0,0,,0.3568718144695479,Denmark,,UK Track-1/HAR1,0.0,,
1.0986122886681098,0,0,0,0,0,0,1,0,0,2011.0,0,,0.2470967527059752,Denmark,,UK Track-1/HAR1,0.0,,
1.0986122886681098,0,0,0,0,0,0,0,0,0,2016.0,0,,-0.02972796724534614,United Kingdom,,UK Track-1/HAR1,0.0,,
9.020873347021357,0,0,0,0,0,0,0,1,0,2022.0,1,,-0.16408461404765182,United Kingdom,,UK Track-1/HAR1,1.0,,
7.38025578842646,0,0,0,0,0,0,0,1,0,2022.0,0,,-0.18881987124790278,United Kingdom,Carlton Power Limited,UK Track-1/HAR1,1.0,,
8.160803920954665,0,0,0,0,0,0,0,1,0,2022.0,0,,-0.18003566448050579,United Kingdom,Carlton Power Limited,UK Track-1/HAR1,1.0,,
12.65320419151592,1,1,1,0,0,0,1,0,0,2020.0,1,,-0.20061423581893378,United Kingdom,Exxon Mobil Corporation,UK Track-1/HAR1,0.0,,
12.661473293360718,1,1,1,0,0,1,0,0,0,2022.0,1,,-0.1913625712636062,United Kingdom,Equinor ASA,UK Track-1/HAR1,1.0,,
0.0,0,0,0,0,0,0,0,0,0,2021.0,0,,-0.31565652041092884,United Kingdom,,UK Track-1/HAR1,0.0,,
11.338250597584787,0,1,0,0,0,0,0,0,1,2022.0,1,,-0.18987534867788067,United Kingdom,"McDermott International, Inc.",UK Track-1/HAR1,1.0,,
11.882480108335692,1,0,0,0,0,1,0,0,0,2022.0,1,,-0.18212102668820476,United Kingdom,,UK Track-1/HAR1,1.0,,
5.680172609017068,0,0,0,0,0,1,0,0,0,2022.0,1,,-0.08414447362365408,United Kingdom,,UK Track-1/HAR1,1.0,,
5.303304908059076,0,0,0,0,0,0,1,0,0,2016.0,0,,-0.44623937163697136,United Kingdom,,UK Track-1/HAR1,0.0,,
12.593611365104882,1,1,0,0,0,0,0,1,0,2021.0,1,,-0.22399265350107392,United Kingdom,,UK Track-1/HAR1,0.0,,
13.038766527911386,1,1,0,0,0,1,0,0,0,2021.0,1,,-0.20887736694274564,United Kingdom,ARUP,UK Track-1/HAR1,0.0,,
7.915348169263078,0,0,0,0,0,0,1,0,0,2020.0,1,,-0.46038346007781433,United Kingdom,,UK Track-1/HAR1,0.0,,
12.036925918271573,1,1,0,0,0,0,0,1,0,2022.0,0,,-0.21325071097775755,United Kingdom,Kellas Midstream Limited,UK Track-1/HAR1,1.0,,
11.45025187044217,0,1,0,0,0,1,0,0,0,2019.0,0,,-0.14333881916370297,United Kingdom,Kellas Midstream Limited,UK Track-1/HAR1,0.0,,
12.150649783571922,1,1,1,0,0,1,0,0,0,2022.0,0,,-0.1913625712636062,United Kingdom,Uniper SE,UK Track-1/HAR1,1.0,,
11.786008995353765,1,1,1,0,0,0,0,1,0,2021.0,1,,-0.22399265350107392,United Kingdom,BP p.l.c.,UK Track-1/HAR1,0.0,,
6.816735880594968,0,0,0,0,0,0,1,0,0,2021.0,1,,-0.25396778780803764,United Kingdom,,UK Track-1/HAR1,0.0,,
6.1779441140506,0,0,0,0,0,0,1,0,0,2020.0,0,,-0.5268655916177027,United Kingdom,,UK Track-1/HAR1,0.0,,
8.160803920954665,0,0,0,0,0,0,0,1,0,2021.0,0,,-0.26006069863657083,United Kingdom,Carlton Power Limited,UK Track-1/HAR1,0.0,,
1.6094379124341003,0,0,0,0,0,1,0,0,0,2007.0,1,,0.48283666589336605,United Kingdom,,UK Track-1/HAR1,0.0,,
1.3862943611198906,0,0,0,0,0,1,0,0,0,2017.0,0,,-0.11572729350205702,United Kingdom,,UK Track-1/HAR1,0.0,,
4.30406509320417,0,0,0,0,0,1,0,0,0,2015.0,0,,0.051877429921715734,United Kingdom,,UK Track-1/HAR1,0.0,,
0.0,0,1,0,0,0,0,0,0,0,2021.0,1,,-0.32881308799463926,United Kingdom,RWE AG,UK Track-1/HAR1,0.0,,
1.9459101490553132,0,0,0,0,0,0,0,0,0,2021.0,0,,-0.24413330324459528,United Kingdom,,UK Track-1/HAR1,0.0,,
0.6931471805599453,0,0,0,0,0,1,0,0,0,2009.0,1,,0.20859783428649065,United Kingdom,,UK Track-1/HAR1,0.0,,
1.791759469228055,0,0,0,0,0,1,0,0,0,2003.0,0,,0.6328239655845023,United Kingdom,,UK Track-1/HAR1,0.0,,
7.922623574217286,0,0,0,0,0,0,0,1,0,2021.0,1,,-0.271296252857931,United Kingdom,,UK Track-1/HAR1,0.0,,
8.073091199693154,0,0,0,0,0,0,1,0,0,2021.0,1,,-0.2727523254651857,United Kingdom,,UK Track-1/HAR1,0.0,,
1.791759469228055,0,0,0,0,0,0,1,0,0,2021.0,0,,-0.21051169317377963,United Kingdom,,UK Track-1/HAR1,0.0,,
1.9459101490553132,0,0,0,0,0,1,0,0,0,2020.0,0,,-0.17620799927281391,United Kingdom,,UK Track-1/HAR1,0.0,,
5.978885764901122,0,1,0,0,0,0,0,0,0,2021.0,0,,-0.2348223447332883,United Kingdom,Cranfield University,UK Track-1/HAR1,0.0,,
12.593611365104882,1,1,0,0,0,0,0,1,0,2021.0,1,,-0.22399265350107392,United Kingdom,,UK Track-1/HAR1,0.0,,
12.312196869488563,1,1,0,0,0,0,0,1,0,2021.0,1,,-0.22399265350107392,United Kingdom,Essar Oil (UK) Limited,UK Track-1/HAR1,0.0,,
11.262385022799068,0,1,0,0,0,0,0,1,0,2021.0,0,,-0.22336680702530698,United Kingdom,Essar Oil (UK) Ltd,UK Track-1/HAR1,0.0,,
1.9459101490553132,0,0,0,0,0,0,1,0,0,2013.0,0,,0.4011888718742104,United Kingdom,,UK Track-1/HAR1,0.0,,
4.394449154672439,0,0,0,0,0,0,0,0,0,2017.0,1,,-0.31966787352858805,United Kingdom,,UK Track-1/HAR1,0.0,,
6.68586094706836,0,0,0,0,0,0,1,0,0,2020.0,1,,-0.567904322629489,United Kingdom,,UK Track-1/HAR1,0.0,,
12.256009770735869,1,1,0,0,0,1,0,0,0,2021.0,1,,-0.20887736694274564,United Kingdom,,UK Track-1/HAR1,0.0,,
2.1972245773362196,0,0,0,0,0,1,0,0,0,2002.0,0,,0.7406524258040046,United Kingdom,,UK Track-1/HAR1,0.0,,
11.982935344196433,1,1,1,0,0,0,0,1,0,2021.0,1,,-0.22399265350107392,United Kingdom,BP p.l.c.,UK Track-1/HAR1,0.0,,
12.154784614286667,1,1,1,0,1,0,0,0,0,2021.0,1,,-0.21626556627512575,United Kingdom,Storegga Geotechnologies Limited,UK Track-1/HAR1,0.0,,
7.979681302387741,0,0,0,0,0,0,1,0,0,2020.0,1,,-0.46042853678587875,United Kingdom,,UK Track-1/HAR1,0.0,,
9.586376669393536,0,0,0,0,1,0,0,0,0,2021.0,1,,-0.22372021464140612,United Kingdom,,UK Track-1/HAR1,0.0,,
6.643789733147672,0,0,0,0,0,0,0,0,0,2020.0,1,,-0.5782989767272162,United Kingdom,,UK Track-1/HAR1,0.0,,
2.302585092994046,0,0,0,0,0,1,0,0,0,2014.0,0,,0.3480936379399344,United Kingdom,,UK Track-1/HAR1,0.0,,
2.302585092994046,0,0,0,0,0,1,0,0,0,2014.0,0,,0.3480936379399344,United Kingdom,,UK Track-1/HAR1,0.0,,
3.6375861597263857,0,0,0,0,0,1,0,0,0,2014.0,0,,0.26768067464432,United Kingdom,,UK Track-1/HAR1,0.0,,
4.795790545596741,0,0,0,0,0,0,0,1,0,2021.0,0,,-0.31176376314058546,United Kingdom,,UK Track-1/HAR1,0.0,,
5.7745515455444085,0,0,0,0,0,1,0,0,0,2020.0,1,,-0.2924244984085994,United Kingdom,,UK Track-1/HAR1,0.0,,
12.899222326086994,1,1,1,0,0,0,0,0,1,2021.0,1,,-0.21256591861877056,United Kingdom,Neptune Energy Group Ltd,UK Track-1/HAR1,0.0,,
12.122479057603426,1,1,1,0,0,1,0,0,0,2021.0,1,,-0.20887736694274564,United Kingdom,Uniper SE,UK Track-1/HAR1,0.0,,
2.3978952727983707,0,0,0,0,0,0,0,0,0,2006.0,0,,1.1991328053828285,United Kingdom,,UK Track-1/HAR1,0.0,,
4.962844630259907,0,0,0,0,0,1,0,0,0,2021.0,1,,-0.2637246897633504,United Kingdom,,UK Track-1/HAR1,0.0,,
7.157735484249907,0,0,0,0,0,0,0,1,0,2022.0,0,,-0.17524229547317965,United Kingdom,,UK Track-1/HAR1,1.0,,
5.680172609017068,0,0,0,0,0,0,1,0,0,2021.0,0,,-0.11578030111808413,United Kingdom,,UK Track-1/HAR1,0.0,,
6.639875833826536,0,0,0,0,0,1,0,0,0,2022.0,0,,-0.12916115692514593,United Kingdom,,UK Track-1/HAR1,1.0,,
11.982935344196433,1,1,1,0,0,1,0,0,0,2020.0,0,,-0.17171058418126955,United Kingdom,Equinor ASA,UK Track-1/HAR1,0.0,,
10.869729678852693,0,1,1,0,0,0,0,0,1,2022.0,0,,-0.19316704944355145,United Kingdom,Storegga Norge AS,UK Track-1/HAR1,1.0,,
5.147494476813453,0,0,0,0,0,0,1,0,0,2013.0,1,,-0.5672516877790833,United Kingdom,,UK Track-1/HAR1,0.0,,
8.202756381655638,0,0,0,0,0,0,0,0,0,2020.0,1,,0.35623183646093626,Spain,,China 14th FYP,,0.0,
10.089510583746897,0,0,0,0,1,0,0,0,0,2021.0,0,,0.1928984316368839,Spain,Repsol S.A.,China 14th FYP,,0.0,
5.707110264748875,0,0,0,0,0,0,1,0,0,2020.0,0,,0.17061419942241468,Spain,,China 14th FYP,,0.0,
6.90875477931522,0,0,0,0,0,0,1,0,0,2021.0,1,,0.23738994437034386,Spain,,China 14th FYP,,0.0,
8.989319566042951,0,0,0,0,0,0,0,1,0,2022.0,0,,0.2237662178900228,Spain,,China 14th FYP,,0.0,
10.101108146619252,0,0,0,0,0,0,0,1,0,2021.0,0,,0.2200880425655937,Spain,"Endesa, S.A.",China 14th FYP,,0.0,
9.707898368741269,0,0,0,0,0,0,0,1,0,2021.0,0,,0.21483785097361094,Spain,SMARTENERGY Group AG,China 14th FYP,,0.0,
2.833213344056216,0,0,0,0,0,0,0,0,0,2009.0,0,,0.5799644570796991,Spain,,China 14th FYP,,0.0,
1.9459101490553132,0,0,0,0,0,0,0,0,1,2015.0,1,,0.17943228902084596,Spain,,China 14th FYP,,0.0,
2.0794415416798357,0,0,0,0,0,0,0,0,0,2005.0,1,,0.1407607506498273,Spain,,China 14th FYP,,0.0,
2.8903717578961645,0,0,0,0,0,0,0,0,0,2005.0,0,,0.6138477780838792,Spain,,China 14th FYP,,0.0,
2.8903717578961645,0,0,0,0,0,0,1,0,0,2009.0,0,,0.46657769414639505,Spain,,China 14th FYP,,0.0,
4.02535169073515,0,0,0,0,0,0,0,0,0,2005.0,1,,0.7187137635793185,Spain,,China 14th FYP,,0.0,
0.0,0,0,0,0,0,0,0,0,0,2001.0,1,,-0.143605827794743,Spain,,China 14th FYP,,0.0,
0.0,0,0,0,0,0,1,0,0,0,1997.0,1,,-0.1503323748705321,Spain,,China 14th FYP,,0.0,
1.0986122886681098,0,0,0,0,0,0,0,0,1,2011.0,1,,0.08935182277151967,Spain,,China 14th FYP,,0.0,
3.5553480614894135,0,0,0,0,0,0,0,0,0,2007.0,1,,0.7310337437495933,Spain,,China 14th FYP,,0.0,
5.860786223465865,0,0,0,0,1,0,0,0,0,2021.0,0,,0.07982285341526531,Spain,Repsol S.A.,China 14th FYP,,0.0,
9.61587214452889,0,0,0,0,1,0,0,0,0,2021.0,0,,0.2179173550997701,Spain,Repsol S.A.,China 14th FYP,,0.0,
10.949331775665582,0,0,0,0,0,0,0,1,0,2020.0,0,,0.13257341947163004,Spain,,China 14th FYP,,0.0,
10.596659732783579,0,0,0,0,1,0,0,0,0,2021.0,1,,0.16436484379254424,Spain,,China 14th FYP,,0.0,
8.006700845440367,0,0,0,0,1,0,0,0,0,2020.0,0,,0.3225559899957262,Spain,"Iberdrola, S.A.",China 14th FYP,,0.0,
10.043292972227004,0,0,0,0,1,0,0,0,0,2020.0,0,,0.21886685295038508,Spain,unknown,China 14th FYP,,0.0,
11.55418256481843,1,0,0,0,0,0,0,1,0,2022.0,1,,0.08612985718238714,France,,China 14th FYP,,0.0,
3.332204510175204,0,0,0,0,0,0,1,0,0,2019.0,0,,0.10843537263491977,France,,China 14th FYP,,0.0,
4.990432586778736,0,0,0,0,0,0,1,0,0,2022.0,0,,-0.038939612069667486,France,,China 14th FYP,,0.0,
5.680172609017068,0,0,0,0,0,0,1,0,0,2022.0,1,,-0.01764626018106221,France,,China 14th FYP,,0.0,
4.990432586778736,0,0,0,0,0,0,1,0,0,2019.0,0,,0.16876366151477998,France,,China 14th FYP,,0.0,
5.680172609017068,0,0,0,0,0,0,1,0,0,2020.0,0,,0.16656004548196457,France,,China 14th FYP,,0.0,
8.006700845440367,0,0,0,0,0,0,1,0,0,2021.0,0,,0.3322581374388568,France,Qair SAS,China 14th FYP,,0.0,
4.990432586778736,0,0,0,0,0,0,0,0,0,2021.0,0,,0.038660521363625334,France,,China 14th FYP,,0.0,
4.709530201312334,0,0,0,0,0,0,1,0,0,2019.0,0,,0.17986104258466648,France,,China 14th FYP,,0.0,
3.5553480614894135,0,0,0,0,0,0,0,0,1,2017.0,0,,0.2506734928524222,France,,China 14th FYP,,0.0,
2.9444389791664403,0,0,0,0,0,0,0,0,1,2018.0,0,,0.17651893676591182,France,,China 14th FYP,,0.0,
3.6635616461296463,0,0,0,0,0,0,1,0,0,2017.0,0,,0.19299560045661363,France,,China 14th FYP,,0.0,
0.0,0,0,0,0,0,0,1,0,0,2016.0,1,,-0.04347023645203543,France,,China 14th FYP,,0.0,
2.1972245773362196,0,0,0,0,0,0,1,0,0,2016.0,1,,0.08345589690036671,France,,China 14th FYP,,0.0,
6.2422232654551655,0,0,0,0,0,0,1,0,0,2021.0,1,,0.18857483790958332,France,,China 14th FYP,,0.0,
4.990432586778736,0,0,0,0,0,0,1,0,0,2019.0,0,,0.16876366151477998,France,,China 14th FYP,,0.0,
10.239995502805316,0,0,0,1,1,0,0,0,0,2017.0,0,,0.2243659207718342,France,L'Air Liquide S.A.,China 14th FYP,,0.0,
3.6635616461296463,0,0,0,0,0,0,0,1,0,2016.0,0,,0.345841443369811,France,,China 14th FYP,,0.0,
2.772588722239781,0,0,0,0,0,0,1,0,0,2015.0,0,,0.266775320707968,France,,China 14th FYP,,0.0,
0.0,0,0,0,0,0,0,0,0,1,2011.0,1,,0.05196814991101993,France,,China 14th FYP,,0.0,
0.0,0,0,0,0,0,0,0,0,1,2011.0,1,,0.05196814991101993,France,,China 14th FYP,,0.0,
3.912023005428146,0,0,0,0,0,0,1,0,0,2016.0,0,,0.2715841791668874,France,,China 14th FYP,,0.0,
0.0,0,0,0,0,0,1,0,0,0,2007.0,1,,-0.1503323748705321,France,,China 14th FYP,,0.0,
3.713572066704308,0,0,0,0,0,0,0,0,0,2010.0,0,,0.6573573918203984,France,,China 14th FYP,,0.0,
3.9512437185814275,0,0,0,0,0,0,0,0,0,2007.0,0,,0.7156917764906514,France,,China 14th FYP,,0.0,
2.70805020110221,0,0,0,0,0,0,1,0,0,2007.0,1,,0.33398557826560976,France,,China 14th FYP,,0.0,
0.6931471805599453,0,0,0,0,0,0,0,0,0,1998.0,1,,-0.140282339192639,France,,China 14th FYP,,0.0,
5.902633333401366,0,0,0,0,0,0,1,0,0,2020.0,0,,0.175611921341159,Poland,,China 14th FYP,,0.0,
5.8377304471659395,0,0,0,0,0,0,0,0,1,2015.0,1,,0.3504001931840887,Germany,,China 14th FYP,,0.0,
4.6443908991413725,0,0,0,0,0,0,0,0,0,2019.0,1,,0.21110436647394815,Germany,,China 14th FYP,,0.0,
6.0844994130751715,0,0,0,0,0,0,0,1,0,2022.0,1,,0.040856462741213885,Germany,,China 14th FYP,,0.0,
6.688354713946762,0,0,0,0,0,0,0,1,0,2021.0,0,,0.1664610827732743,Germany,,China 14th FYP,,0.0,
7.443663683115591,0,0,0,0,0,1,0,0,0,2021.0,0,,0.2827768806286579,Germany,,China 14th FYP,,0.0,
9.012011377036412,0,0,0,0,0,0,0,1,0,2019.0,1,,0.31402611457389273,Germany,,China 14th FYP,,0.0,
8.073091199693154,0,0,0,0,1,0,0,0,0,2021.0,1,,0.2898520581969111,Germany,,China 14th FYP,,0.0,
7.335633981927201,0,0,0,0,0,0,0,1,0,2020.0,0,,0.2581936377978701,Germany,ArcelorMittal S.A.,China 14th FYP,,0.0,
7.972810784121404,0,0,0,1,0,0,1,0,0,2021.0,0,,0.32872476146910706,Germany,L'Air Liquide S.A.,China 14th FYP,,0.0,
9.577064651767916,0,0,0,0,0,0,1,0,0,2019.0,0,,0.28579318147383115,Germany,,China 14th FYP,,0.0,
7.2868764117507,0,0,0,0,0,0,1,0,0,2019.0,0,,0.32591941146686554,Germany,unknown,China 14th FYP,,0.0,
8.987321812850125,0,0,0,0,1,0,0,0,0,2021.0,0,,0.2927628415144908,Germany,BASF SE,China 14th FYP,,0.0,
9.210440366976517,0,0,0,0,0,1,0,0,0,2020.0,0,,0.32600259687119515,Germany,Luxcara GmbH,China 14th FYP,,0.0,
10.165890277802454,0,0,0,0,0,0,0,1,0,2021.0,0,,0.21844804540740392,Germany,EWE Aktiengesellschaft,China 14th FYP,,0.0,
11.225256725762893,0,0,0,0,0,0,0,1,0,2020.0,1,,0.13257341947163004,Germany,,China 14th FYP,,0.0,
7.208600337960199,0,0,0,0,0,0,1,0,0,2020.0,0,,0.30439752896663647,Germany,,China 14th FYP,,0.0,
8.294299608857235,0,0,0,0,1,0,0,0,0,2019.0,0,,0.3331857518426207,Germany,VNG AG,China 14th FYP,,0.0,
9.745956164549392,0,0,0,0,1,0,0,0,0,2021.0,0,,0.19052541009377613,Germany,RWE Aktiengesellschaft,China 14th FYP,,0.0,
9.608646582885868,0,0,0,0,0,0,0,1,0,2020.0,1,,0.2511287092972739,Germany,,China 14th FYP,,0.0,
5.707110264748875,0,0,0,0,0,1,0,0,0,2018.0,0,,0.23233429681526901,Germany,,China 14th FYP,,0.0,
4.6443908991413725,0,0,0,0,0,0,0,0,0,2010.0,0,,0.5721888667105449,Germany,,China 14th FYP,,0.0,
1.6094379124341003,0,0,0,0,0,1,0,0,0,2009.0,1,,0.04662714746055555,Germany,,China 14th FYP,,0.0,
1.6094379124341003,0,0,0,0,0,0,0,0,0,2008.0,1,,0.05421974934881469,Germany,,China 14th FYP,,0.0,
10.375551557748782,0,0,1,0,0,0,0,1,0,2020.0,1,,0.2265715095891011,Germany,Uniper SE,China 14th FYP,,0.0,
9.305741456739435,0,0,1,0,1,0,0,0,0,2020.0,0,,0.29306893560105507,Germany,BP p.l.c.,China 14th FYP,,0.0,
4.61512051684126,0,0,0,0,0,0,0,0,0,2020.0,0,,0.16551053019521203,Germany,,China 14th FYP,,0.0,
11.132191993081248,0,0,0,0,1,0,0,0,0,2021.0,1,,0.10707205661559169,Germany,,China 14th FYP,,0.0,
10.739153740836397,0,0,0,0,1,0,0,0,0,2021.0,1,,0.12540162966454396,Germany,,China 14th FYP,,0.0,
8.542080906924017,0,0,0,0,0,0,0,0,1,2020.0,1,,0.36242538893139753,Germany,,China 14th FYP,,0.0,
9.588845298501564,0,0,0,0,1,0,0,0,0,2021.0,1,,0.22892268499767035,Germany,,China 14th FYP,,0.0,
8.385032287813898,0,0,0,0,1,0,0,0,0,2021.0,1,,0.29704752100838155,Germany,,China 14th FYP,,0.0,
9.745956164549392,0,0,0,0,1,0,0,0,0,2021.0,0,,0.19052541009377613,Germany,RWE Aktiengesellschaft,China 14th FYP,,0.0,
9.682404377188837,0,0,0,0,1,0,0,0,0,2021.0,0,,0.19859137062481919,Germany,RWE Aktiengesellschaft,China 14th FYP,,0.0,
9.682404377188837,0,0,0,0,1,0,0,0,0,2022.0,0,,0.039553727946481244,Germany,RWE Aktiengesellschaft,China 14th FYP,,0.0,
4.74493212836325,0,0,0,0,0,0,0,0,1,2011.0,0,,0.5438325250153024,Germany,,China 14th FYP,,0.0,
8.255568653283746,0,0,0,1,1,0,0,0,0,2021.0,0,,0.2933980318372538,Germany,Linde plc,China 14th FYP,,0.0,
4.727387818712341,0,0,0,0,0,0,0,1,0,2018.0,0,,0.2534912330438274,Germany,,China 14th FYP,,0.0,
9.684149252062896,0,0,1,0,1,0,0,0,0,2021.0,0,,0.19859137062481919,Germany,Shell plc,China 14th FYP,,0.0,
7.170888478512505,0,0,0,0,1,0,0,0,0,2018.0,0,,0.2726204208925445,Germany,,China 14th FYP,,0.0,
1.6094379124341003,0,0,0,0,0,1,0,0,0,2012.0,1,,0.20500831997967134,Germany,,China 14th FYP,,0.0,
4.990432586778736,0,0,0,0,0,0,1,0,0,2017.0,0,,0.20415913575067052,Germany,,China 14th FYP,,0.0,
3.8066624897703196,0,0,0,0,0,0,1,0,0,2017.0,0,,0.1988241264331471,Germany,,China 14th FYP,,0.0,
3.4011973816621555,0,0,0,0,0,0,0,0,0,2011.0,1,,0.6388020451374045,Germany,,China 14th FYP,,0.0,
4.976733742420574,0,0,0,0,0,0,0,0,1,2017.0,0,,0.2595994852250602,Germany,,China 14th FYP,,0.0,
5.081404364984463,0,0,0,0,0,0,0,0,0,2015.0,0,,0.4044621685478181,Germany,,China 14th FYP,,0.0,
2.0794415416798357,0,0,0,0,0,1,0,0,0,2015.0,1,,0.1809631447719211,Germany,,China 14th FYP,,0.0,
5.147494476813453,0,0,0,0,0,0,1,0,0,2017.0,0,,0.2207267667473084,Germany,,China 14th FYP,,0.0,
5.081404364984463,0,0,0,0,0,0,0,1,0,2015.0,0,,0.3820392735104213,Germany,,China 14th FYP,,0.0,
5.272999558563747,0,0,0,0,0,0,0,0,1,2014.0,0,,0.38572484636172966,Germany,,China 14th FYP,,0.0,
2.5649493574615367,0,0,0,0,0,1,0,0,0,2011.0,1,,0.3675116868556907,Germany,,China 14th FYP,,0.0,
3.4011973816621555,0,0,0,0,0,0,0,0,1,2014.0,1,,0.4749011696680155,Germany,,China 14th FYP,,0.0,
5.081404364984463,0,0,0,0,0,1,0,0,0,2011.0,0,,0.45053424939729786,Germany,,China 14th FYP,,0.0,
0.0,0,0,0,0,0,1,0,0,0,2011.0,1,,0.04108203520238338,Germany,,China 14th FYP,,0.0,
5.081404364984463,0,0,0,0,0,1,0,0,0,2013.0,0,,0.3916074284408478,Germany,,China 14th FYP,,0.0,
3.4657359027997265,0,0,0,0,0,0,1,0,0,2013.0,0,,0.3650443919857924,Germany,,China 14th FYP,,0.0,
4.61512051684126,0,0,0,0,0,0,1,0,0,2016.0,0,,0.2957922105965344,Germany,,China 14th FYP,,0.0,
5.081404364984463,0,0,0,0,0,0,1,0,0,2013.0,0,,0.3301630491499763,Germany,,China 14th FYP,,0.0,
5.081404364984463,0,0,0,0,0,1,0,0,0,2011.0,0,,0.45053424939729786,Germany,,China 14th FYP,,0.0,
4.5217885770490405,0,0,0,0,0,0,1,0,0,2012.0,0,,0.4469778426491695,Germany,,China 14th FYP,,0.0,
5.081404364984463,0,0,0,0,1,0,0,0,0,2015.0,0,,0.3631879361637065,Germany,,China 14th FYP,,0.0,
5.081404364984463,0,0,0,0,0,0,1,0,0,2010.0,0,,0.3607495172402252,Germany,,China 14th FYP,,0.0,
5.081404364984463,0,0,0,0,1,0,0,0,0,2011.0,0,,0.38785309149905156,Germany,,China 14th FYP,,0.0,
3.4011973816621555,0,0,0,0,0,0,0,0,1,2011.0,1,,0.64345101765945,Germany,,China 14th FYP,,0.0,
5.225746673713202,0,0,0,0,0,0,0,0,1,2012.0,0,,0.4175079350709896,Germany,,China 14th FYP,,0.0,
5.262690188904886,0,0,0,0,0,0,0,0,1,2011.0,0,,0.41937388213813853,Germany,,China 14th FYP,,0.0,
4.07753744390572,0,0,0,0,0,1,0,0,0,2011.0,1,,0.6298439534000905,Germany,,China 14th FYP,,0.0,
3.9512437185814275,0,0,0,0,0,0,0,0,1,2011.0,1,,0.6622931205344164,Germany,,China 14th FYP,,0.0,
5.327876168789581,0,0,0,0,0,0,0,0,1,2011.0,0,,0.4019329853833148,Germany,,China 14th FYP,,0.0,
5.327876168789581,0,0,0,0,1,0,0,0,0,2016.0,0,,0.2769652159161757,Germany,,China 14th FYP,,0.0,
5.303304908059076,0,0,0,0,0,0,0,0,1,2013.0,0,,0.36728622119914694,Germany,,China 14th FYP,,0.0,
5.3706380281276624,0,0,0,0,0,0,0,0,1,2011.0,0,,0.3878284388831628,Germany,,China 14th FYP,,0.0,
6.90875477931522,0,0,0,0,0,0,1,0,0,2011.0,0,,0.34235176678637463,Germany,,China 14th FYP,,0.0,
0.0,0,0,0,0,0,0,0,0,0,2007.0,1,,-0.143605827794743,Germany,,China 14th FYP,,0.0,
0.0,0,0,0,0,0,0,0,0,0,2007.0,1,,-0.143605827794743,Germany,,China 14th FYP,,0.0,
3.4011973816621555,0,0,0,0,1,0,0,0,0,2012.0,1,,0.4619576921788818,Germany,,China 14th FYP,,0.0,
5.7745515455444085,0,0,0,0,0,0,1,0,0,2007.0,0,,0.28950764755964326,Germany,,China 14th FYP,,0.0,
5.8377304471659395,0,0,0,0,0,1,0,0,0,2010.0,0,,0.3110931934476654,Germany,,China 14th FYP,,0.0,
3.784189633918261,0,0,0,0,0,0,0,0,1,2010.0,1,,0.6620913835269069,Germany,,China 14th FYP,,0.0,
3.9889840465642745,0,0,0,0,0,1,0,0,0,2007.0,1,,0.6721602476655503,Germany,,China 14th FYP,,0.0,
5.8377304471659395,0,0,0,0,0,1,0,0,0,2010.0,0,,0.3110931934476654,Germany,,China 14th FYP,,0.0,
5.8377304471659395,0,0,0,0,0,1,0,0,0,2007.0,0,,0.30817837117526187,Germany,,China 14th FYP,,0.0,
0.0,0,0,0,0,0,0,0,0,1,2007.0,1,,-0.1390551311807487,Germany,,China 14th FYP,,0.0,
0.6931471805599453,0,0,0,0,0,0,0,0,1,2007.0,1,,-0.1354806677425834,Germany,,China 14th FYP,,0.0,
3.9512437185814275,0,0,0,0,0,0,1,0,0,2007.0,1,,0.5312344648861828,Germany,,China 14th FYP,,0.0,
4.6443908991413725,0,0,0,0,0,0,1,0,0,2007.0,1,,0.4547759785510574,Germany,,China 14th FYP,,0.0,
0.0,0,0,0,0,0,0,0,0,0,2007.0,1,,-0.143605827794743,Germany,,China 14th FYP,,0.0,
5.8377304471659395,0,0,0,0,0,1,0,0,0,2007.0,0,,0.30817837117526187,Germany,,China 14th FYP,,0.0,
5.8377304471659395,0,0,0,0,0,0,1,0,0,2007.0,0,,0.27527449159662665,Germany,,China 14th FYP,,0.0,
5.955837369464831,0,0,0,0,0,0,1,0,0,2018.0,0,,0.21163496713837648,Germany,,China 14th FYP,,0.0,
5.996452088619021,0,0,0,0,0,0,1,0,0,2020.0,0,,0.17812143812133888,Germany,,China 14th FYP,,0.0,
6.059123195581797,0,0,0,0,0,0,0,0,0,2002.0,0,,0.29334426785329487,Germany,,China 14th FYP,,0.0,
3.8066624897703196,0,0,0,0,0,0,1,0,0,2020.0,0,,0.11459075206812155,Germany,,China 14th FYP,,0.0,
3.8066624897703196,0,0,0,0,0,0,1,0,0,2018.0,0,,0.1619466474955601,Germany,,China 14th FYP,,0.0,
2.1972245773362196,0,0,0,0,0,0,0,1,0,2021.0,1,,-0.13018812104433147,Netherlands,,China 14th FYP,,0.0,
9.994287576862567,0,0,1,0,1,0,0,0,0,2022.0,0,,0.047356715070758545,Netherlands,Shell plc,China 14th FYP,,0.0,
6.035481432524756,0,0,0,0,0,0,1,0,0,2019.0,0,,0.21539727811366527,Netherlands,,China 14th FYP,,0.0,
7.38025578842646,0,0,0,0,0,1,0,0,0,2021.0,1,,0.24892295286701485,Netherlands,,China 14th FYP,,0.0,
8.296297112642508,0,0,0,0,0,1,0,0,0,2021.0,1,,0.3087701788148587,Netherlands,,China 14th FYP,,0.0,
6.1779441140506,0,0,0,0,0,1,0,0,0,2019.0,0,,0.23524762610449262,Netherlands,,China 14th FYP,,0.0,
9.811975152030021,0,0,1,0,1,0,0,0,0,2020.0,0,,0.22246961334064577,Netherlands,Uniper SE,China 14th FYP,,0.0,
5.480638923341991,0,0,0,0,0,0,1,0,0,2020.0,0,,0.15996354528338905,Netherlands,,China 14th FYP,,0.0,
6.267200548541362,0,0,0,0,1,0,0,0,0,2020.0,0,,0.200517554521782,Netherlands,,China 14th FYP,,0.0,
8.006700845440367,0,0,0,0,1,0,0,0,0,2019.0,0,,0.32781062769303937,Netherlands,"Hycc B.V., Power2x B.V.",China 14th FYP,,0.0,
1.0986122886681098,0,0,0,0,0,1,0,0,0,2018.0,0,,-0.05874194754662017,Netherlands,,China 14th FYP,,0.0,
5.081404364984463,0,0,0,0,0,0,0,0,1,2017.0,0,,0.269706459530623,Netherlands,,China 14th FYP,,0.0,
4.990432586778736,0,0,0,0,0,0,0,0,1,2019.0,0,,0.20984172143536328,Netherlands,,China 14th FYP,,0.0,
10.152415802824065,0,0,0,1,1,0,0,0,0,2021.0,0,,0.19276241706271763,Netherlands,L'Air Liquide S.A.,China 14th FYP,,0.0,
9.577064651767916,0,0,0,0,0,0,0,1,0,2021.0,0,,0.24157095017594363,Netherlands,,China 14th FYP,,0.0,
7.38025578842646,0,0,0,1,0,0,0,1,0,2021.0,0,,0.23354297992398787,Netherlands,L'Air Liquide S.A.,China 14th FYP,,0.0,
5.978885764901122,0,0,0,0,0,0,1,0,0,2020.0,0,,0.17899513634204905,Netherlands,,China 14th FYP,,0.0,
6.688354713946762,0,0,0,0,0,0,1,0,0,2018.0,0,,0.3037724810770549,Netherlands,,China 14th FYP,,0.0,
9.61587214452889,0,0,0,0,0,0,0,1,0,2019.0,1,,0.25757524339429483,Netherlands,,China 14th FYP,,0.0,
0.6931471805599453,0,0,0,0,0,0,0,0,1,2011.0,1,,0.05992218860230639,Netherlands,,China 14th FYP,,0.0,
6.582025138892826,0,0,0,0,0,0,0,0,1,2009.0,0,,0.2970381095385555,Netherlands,,China 14th FYP,,0.0,
0.6931471805599453,0,0,0,0,0,0,0,0,1,2006.0,1,,-0.1354806677425834,Netherlands,,China 14th FYP,,0.0,
6.688354713946762,0,0,0,0,0,0,1,0,0,2019.0,0,,0.3030446650703057,Belgium,,China 14th FYP,,0.0,
0.0,0,0,0,0,0,0,0,1,0,2021.0,1,,-0.21026064188870333,Belgium,,China 14th FYP,,0.0,
9.745956164549392,0,0,0,0,1,0,0,0,0,2020.0,1,,0.21775424429372325,Belgium,,China 14th FYP,,0.0,
1.791759469228055,0,0,0,0,0,1,0,0,0,2003.0,1,,0.08908348281175996,Belgium,,China 14th FYP,,0.0,
3.871201010907891,0,0,0,0,0,0,1,0,0,2013.0,1,,0.40877342684761114,Belgium,,China 14th FYP,,0.0,
3.2188758248682006,0,0,0,0,0,1,0,0,0,2010.0,1,,0.6138905340222752,Belgium,,China 14th FYP,,0.0,
9.458293602198967,0,0,0,0,0,0,0,1,0,2021.0,0,,0.24777915501938633,Belgium,,China 14th FYP,,0.0,
8.35983738064003,0,0,0,0,0,0,0,1,0,2021.0,0,,0.29606180995743653,Belgium,Virya Energy NV,China 14th FYP,,0.0,
5.707110264748875,0,0,0,0,0,0,0,1,0,2021.0,0,,0.06680949341375507,Austria,,China 14th FYP,,0.0,
6.688354713946762,0,0,0,0,0,0,1,0,0,2016.0,0,,0.324283717622266,Austria,,China 14th FYP,,0.0,
4.2626798770413155,0,0,0,0,0,0,1,0,0,2016.0,0,,0.26305074267087386,Austria,,China 14th FYP,,0.0,
5.680172609017068,0,0,0,0,0,0,0,1,0,2021.0,0,,0.06187466663743024,Austria,,China 14th FYP,,0.0,
7.313886831633462,0,0,0,0,1,0,0,0,0,2021.0,0,,0.2018278575677424,Austria,OMV Aktiengesellschaft,China 14th FYP,,0.0,
7.496097345175956,0,0,0,0,0,0,0,1,0,2020.0,0,,0.3064925337542275,Austria,unknown,China 14th FYP,,0.0,
5.7745515455444085,0,0,0,0,0,0,0,0,1,2021.0,0,,0.0863897459828499,Austria,,China 14th FYP,,0.0,
6.933423025730715,0,0,0,0,0,0,0,0,0,2019.0,0,,0.28324698278148835,Austria,,China 14th FYP,,0.0,
6.870053411798126,0,0,0,0,0,0,0,1,0,2017.0,0,,0.2904832578289245,Austria,,China 14th FYP,,0.0,
0.0,0,0,0,0,0,0,0,0,1,2011.0,1,,0.05196814991101993,Austria,,China 14th FYP,,0.0,
2.833213344056216,0,0,0,0,0,0,0,0,1,2012.0,1,,0.4946729761006181,Austria,,China 14th FYP,,0.0,
6.870053411798126,0,0,0,0,0,1,0,0,0,2010.0,0,,0.30801094747756125,Austria,,China 14th FYP,,0.0,
6.918695219020472,0,0,0,0,0,0,1,0,0,2004.0,0,,0.3272703871052129,Austria,,China 14th FYP,,0.0,
7.247080584585756,0,0,0,0,0,0,1,0,0,2004.0,0,,0.3399936655954507,Austria,,China 14th FYP,,0.0,
0.0,0,0,0,0,0,0,0,0,0,2026.0,0,,-0.2162285550688624,China,"Regenerative Green Hydrogen Energy (Inner Mongolia) Co., Ltd.",China 14th FYP,,1.0,
0.0,0,1,0,0,1,0,0,0,0,2017.0,0,,-0.013866821349281654,China,SINOPEC Qilu Company Limited,China 14th FYP,,0.0,
10.308985993422082,0,0,0,0,0,0,0,0,0,2026.0,0,,0.020751742770366656,China,"Junrui Green Hydrogen Energy (Group) Co.,   Ltd.",China 14th FYP,,1.0,
9.575052927597383,0,0,0,0,0,0,0,0,0,2026.0,0,,0.008824049989321145,China,"Junrui Green Hydrogen Energy (Group) Co.,   Ltd.",China 14th FYP,,1.0,
7.768110378525988,0,0,0,0,0,0,0,1,0,2025.0,0,,0.10140232719813298,China,"China Iron & Steel Research Institute Group Co., Ltd.",China 14th FYP,,1.0,
10.580937168488774,0,0,0,0,0,0,0,1,0,2025.0,0,,0.057438527084951826,China,"China Iron & Steel Research Institute Group Co., Ltd.",China 14th FYP,,1.0,
10.578699860459706,0,0,0,0,0,0,0,0,0,2026.0,0,,0.04361230363230496,China,"CGN (Inner Mongolia) New Energy   Investment Co., Ltd.",China 14th FYP,,1.0,
9.153875834995056,0,0,0,0,0,0,0,0,0,2026.0,0,,0.07921515056426465,China,"Inner Mongolia Hydrogen-Electric   Technology Co., Ltd.",China 14th FYP,,1.0,
6.2166061010848646,0,0,0,0,0,0,0,1,0,2026.0,0,,0.05326889976555291,Austria,,China 14th FYP,,0.0,
5.902633333401366,0,0,0,0,0,0,1,0,0,2026.0,0,,-0.025843375495857038,Germany,Stadtwerke Düsseldorf AG,China 14th FYP,,0.0,
5.272999558563747,0,0,0,0,0,0,0,0,0,2026.0,0,,-0.020393866398464276,Netherlands,,China 14th FYP,,0.0,
2.1972245773362196,0,0,0,0,0,0,0,0,0,2026.0,0,,-0.1418120473307269,China,"Gansu Kaishuo New Energy Technology Co., Ltd.",China 14th FYP,,1.0,
9.664659134301736,0,0,0,0,0,0,0,0,0,2026.0,0,,-0.010299846279137482,China,"Gansu Kaishuo New Energy Technology Co., Ltd.",China 14th FYP,,1.0,
4.6443908991413725,0,0,0,0,0,0,0,0,0,2026.0,0,,-0.04462616710512117,China,China Huadian Corporation Ltd.,China 14th FYP,,1.0,
11.149096419938578,0,0,0,0,0,0,0,0,0,2021.0,1,,0.12407257119209085,China,"Inner Mongolia Gemeng Clean Hydrogen Energy Technology Co., Ltd.",China 14th FYP,,0.0,
10.978370514505,0,0,0,0,0,0,0,0,0,2026.0,0,,0.027225931853349268,China,"Bayannur Chiyu New Energy Co., Ltd.",China 14th FYP,,1.0,
10.635422660303334,0,0,0,0,0,0,0,0,0,2026.0,0,,0.028483381492227462,China,"Bayannur Chiyu New Energy Co., Ltd.",China 14th FYP,,1.0,
5.081404364984463,0,0,0,0,0,0,1,0,0,2026.0,0,,-0.01843584053698095,Germany,,China 14th FYP,,0.0,
6.688354713946762,0,0,0,0,0,0,1,0,0,2026.0,0,,0.06954081529583873,Spain,Diverxia Infraestructuras SL,China 14th FYP,,0.0,
9.928228944424575,0,0,0,0,1,0,0,0,0,2026.0,0,,-0.07083456182516798,Spain,"Iberdrola, S.A.",China 14th FYP,,0.0,
5.081404364984463,0,0,0,0,0,0,0,1,0,2025.0,0,,0.012669628634445483,Germany,,China 14th FYP,,0.0,
7.38025578842646,0,0,0,0,0,0,1,0,0,2024.0,0,,0.11053806067337749,Germany,SWU Energie GmbH,China 14th FYP,,0.0,
7.38025578842646,0,0,0,0,0,0,1,0,0,2025.0,0,,0.10697799320690063,Germany,,China 14th FYP,,0.0,
7.38025578842646,0,0,0,0,0,0,0,0,0,2025.0,0,,0.0522004342060643,Germany,,China 14th FYP,,0.0,
6.90875477931522,0,0,0,0,0,0,1,0,0,2024.0,0,,0.08115668069354484,Germany,Stadtwerke Stuttgart GmbH,China 14th FYP,,0.0,
6.516193076042964,0,0,0,0,0,0,1,0,0,2025.0,0,,0.052108282011811356,Germany,Sauerstoffwerk Friedrichshafen GmbH,China 14th FYP,,0.0,
4.454347296253507,0,0,0,0,0,0,0,1,0,2025.0,0,,-0.017956342086182298,Spain,,China 14th FYP,,0.0,
7.453561871643373,0,0,0,0,0,0,0,0,1,2025.0,0,,0.09309274500271027,Germany,Deutsche ReGas GmbH & Co. KGaA,China 14th FYP,,0.0,
5.081404364984463,0,0,0,0,0,0,1,0,0,2025.0,0,,-0.01843584053698095,Italy,Jmg Cranes Spa ,China 14th FYP,,0.0,
6.311734809152915,0,0,0,0,0,0,1,0,0,2020.0,0,,0.23903273500049324,France,Hy2gen AG,China 14th FYP,,0.0,
11.146243474284297,0,0,0,0,0,1,0,0,0,2025.0,0,,0.03015951988569955,China,China Huadian Corporation Ltd.,China 14th FYP,,1.0,
10.819798284210286,0,1,0,0,0,0,0,0,0,2022.0,0,,0.08740554730662851,China,Shaanxi Yanchang Zhongmei Yulin Energy and Chemical Company,China 14th FYP,,1.0,
8.745125259462244,0,1,0,0,0,1,0,0,0,2023.0,0,,0.16195088265597374,China,China Petroleum & Chemical Corporation,China 14th FYP,,1.0,
6.933423025730715,0,0,0,0,1,0,0,0,0,2020.0,0,,0.24744313383439004,China,,China 14th FYP,,0.0,
11.313290899206928,0,0,0,0,1,0,0,0,0,2023.0,0,,-0.00034877677889273706,China,China Tianying Inc.,China 14th FYP,,1.0,
10.757924157061597,0,0,0,0,0,0,0,0,0,2025.0,0,,0.025264042752124488,China,China Huadian Corporation Ltd.,China 14th FYP,,1.0,
11.599295803205079,1,0,0,0,0,0,0,0,1,2025.0,0,,0.0287687748240329,Germany,Stablegrid Projects GmbH,China 14th FYP,,0.0,
8.478660241699453,0,0,0,0,0,0,0,0,1,2025.0,0,,0.09832144229290617,Germany,Stablegrid Projects GmbH,China 14th FYP,,0.0,
3.784189633918261,0,0,0,0,0,0,0,0,0,2025.0,0,,-0.060952253158158214,Sweden,,China 14th FYP,,0.0,
6.447305862541213,0,0,0,0,0,0,0,1,0,2024.0,0,,0.054183730888605966,Austria,,China 14th FYP,,0.0,
8.434028950155469,0,0,0,0,0,0,1,0,0,2025.0,0,,0.11646738570919782,France,EDF Renouvelables,China 14th FYP,,0.0,
6.1779441140506,0,0,0,0,0,0,0,0,0,2024.0,0,,0.007753044906270143,China,China National Nuclear Corporation,China 14th FYP,,1.0,
9.575052927597383,0,0,0,0,0,0,0,1,0,2025.0,0,,0.017367622462071002,China,"Junrui Green Hydrogen Energy (Group) Co.,   Ltd.",China 14th FYP,,1.0,
0.0,0,0,0,0,0,0,0,0,0,2025.0,0,,-0.2162285550688624,Spain,,China 14th FYP,,0.0,
9.682404377188837,0,0,0,0,0,0,0,0,0,2025.0,0,,-0.007945281502002629,Greece,ALTUS renewables GmbH,China 14th FYP,,0.0,
6.61472560020376,0,0,0,0,0,0,1,0,0,2025.0,0,,0.05639051147140301,Poland,,China 14th FYP,,0.0,
5.147494476813453,0,0,0,0,0,0,0,0,0,2024.0,0,,-0.025366789919493454,Finland,,China 14th FYP,,0.0,
5.081404364984463,0,0,0,0,0,1,0,0,0,2025.0,0,,-0.030844080232735195,Slovakia,,China 14th FYP,,0.0,
8.136810863675537,0,0,0,0,0,0,0,0,0,2025.0,0,,0.06296804352696034,Finland,,China 14th FYP,,0.0,
9.194718991073225,0,0,0,0,0,0,0,1,0,2023.0,0,,0.11728957589264698,China,"Xingguo Precision Machinery Co., Ltd.",China 14th FYP,,1.0,
4.430816798843313,0,0,0,0,0,0,0,1,0,2025.0,0,,-0.019433518559700824,Belgium,,China 14th FYP,,0.0,
7.496097345175956,0,0,0,0,0,0,1,0,0,2025.0,0,,0.11920701663388722,Germany,VoltH2 Holdings AG,China 14th FYP,,0.0,
5.081404364984463,0,0,0,0,0,0,0,1,0,2025.0,0,,0.012669628634445483,Italy,,China 14th FYP,,0.0,
5.209486152841421,0,0,0,0,0,0,0,0,0,2025.0,0,,-0.02906121112577022,Italy,,China 14th FYP,,0.0,
8.278682162970906,0,0,0,0,0,0,0,0,0,2025.0,0,,0.07867843534470051,China,,China 14th FYP,,1.0,
8.866299565855018,0,0,0,0,0,0,0,0,0,2024.0,0,,0.12442111984771935,China,"Tangshan Gufeng New Energy Technology   Co., Ltd.",China 14th FYP,,1.0,
8.055475141757274,0,0,0,0,0,0,0,0,0,2024.0,0,,0.07450267046509836,China,State Power Investment Corporation Limited,China 14th FYP,,1.0,
10.001158579709575,0,0,0,0,0,0,1,0,0,2024.0,0,,0.0378315092021673,China,State Power Investment Corporation Limited,China 14th FYP,,1.0,
6.478509642208569,0,0,0,0,0,0,0,1,0,2025.0,0,,0.05118892264778178,China,China Huadian Corporation Ltd.,China 14th FYP,,1.0,
7.156176637480615,0,0,0,0,0,0,0,0,0,2025.0,0,,0.03668399313246718,Romania,,China 14th FYP,,0.0,
5.198497031265826,0,0,0,0,0,0,1,0,0,2025.0,0,,-0.021730942924931593,Germany,,China 14th FYP,,0.0,
4.382026634673881,0,0,0,0,0,0,0,0,0,2023.0,0,,-0.0420462184963313,China,"Shaanxi Hydrogen Energy Industry   Development Co., Ltd.",China 14th FYP,,1.0,
5.978885764901122,0,0,0,0,0,0,0,0,0,2023.0,0,,0.002986822679181405,China,"Shaanxi Hydrogen Energy Industry   Development Co., Ltd.",China 14th FYP,,1.0,
7.768110378525988,0,0,0,0,0,0,0,0,0,2023.0,0,,0.1381814089159828,China,"Shaanxi Hydrogen Energy Industry   Development Co., Ltd.",China 14th FYP,,1.0,
9.852246888342531,0,0,0,0,0,0,1,0,0,2024.0,0,,0.022826765906177524,Estonia,,China 14th FYP,,0.0,
8.29529885950246,0,0,0,0,0,0,1,0,0,2024.0,0,,0.1257346155421453,Estonia,,China 14th FYP,,0.0,
7.768110378525988,0,0,0,0,1,0,0,0,0,2024.0,0,,0.0485491766798763,China,China Huadian Corporation Ltd.,China 14th FYP,,1.0,
5.198497031265826,0,0,0,0,0,0,1,0,0,2022.0,0,,-0.019725900620984838,China,China Petroleum & Chemical Corporation,China 14th FYP,,1.0,
4.382026634673881,0,0,0,0,0,0,0,1,0,2025.0,0,,-0.016649976727937936,China,,China 14th FYP,,1.0,
7.362645270417825,0,0,0,0,0,0,0,1,0,2025.0,0,,0.07603661114908343,China,,China 14th FYP,,1.0,
6.111467339502679,0,0,0,0,0,0,0,1,0,2025.0,0,,0.04397161954799468,Germany,,China 14th FYP,,0.0,
6.90875477931522,0,1,0,0,0,0,0,0,0,2018.0,0,,0.29175107928423905,China,SINOPEC-Northwest Branch (SINOPEC-Xibei),China 14th FYP,,0.0,
8.622813673279921,0,1,0,0,0,0,0,0,0,2020.0,0,,0.3580930781707802,China,Sinopec Tahe Refining & Chemical Co   Ltd ,China 14th FYP,,0.0,
8.309676895987726,0,1,0,0,0,0,0,0,0,2015.0,0,,0.3849401178924276,China,PetroChina Changqing,China 14th FYP,,0.0,
8.309676895987726,0,1,0,0,0,0,0,0,0,2019.0,0,,0.35598142779138137,China,China Energy Investment Corp Ltd,China 14th FYP,,0.0,
9.721245992542345,0,1,0,0,0,0,0,0,0,2015.0,0,,0.28194213128396556,China,Xinjiang Dunhua Petroleum Technology Co Ltd,China 14th FYP,,0.0,
10.320024474611342,0,1,0,0,0,0,0,0,0,2020.0,0,,0.24355330911593945,China,Xinjiang Dunhua Petroleum Technology Co Ltd,China 14th FYP,,0.0,
10.611966597093055,0,1,0,0,0,0,0,0,0,2021.0,0,,0.1861237756497265,China,Sinopec Qilu Petrochemical Corp,China 14th FYP,,0.0,
0.0,0,0,0,0,0,1,0,0,0,2025.0,0,,-0.21433068384545234,Spain,,China 14th FYP,,0.0,
0.0,0,0,0,0,0,1,0,0,0,2025.0,0,,-0.21433068384545234,Spain,,China 14th FYP,,0.0,
11.112462823634855,0,0,0,0,1,0,0,0,0,2025.0,0,,-0.02668664760162287,China,"LONGi Green Energy Technology Co., Ltd.",China 14th FYP,,1.0,
0.0,0,0,0,0,1,0,0,0,0,2025.0,0,,-0.23546782041035724,China,,China 14th FYP,,1.0,
7.362645270417825,0,0,0,0,0,0,0,0,0,2025.0,0,,0.04048658149579429,China,,China 14th FYP,,1.0,
8.866299565855018,0,0,0,0,0,0,0,0,0,2025.0,0,,0.12013225879429798,China,"Gemeng Yihe New Energy Co., Ltd.",China 14th FYP,,1.0,
0.0,0,0,0,0,0,0,0,1,0,2025.0,0,,-0.17140127506784839,China,,China 14th FYP,,1.0,
6.852242569051878,0,0,0,0,0,0,0,1,0,2024.0,0,,0.07285558285161518,China,Power Construction Corporation Of China,China 14th FYP,,1.0,
4.990432586778736,0,0,0,0,0,0,1,0,0,2025.0,0,,-0.029747172446740938,Finland,,China 14th FYP,,0.0,
7.972810784121404,0,0,0,0,0,0,0,1,0,2025.0,0,,0.1019033990018795,Luxembourg,,China 14th FYP,,0.0,
7.4127640174265625,0,0,0,0,0,0,0,1,0,2025.0,0,,0.10665275177805805,China,,China 14th FYP,,1.0,
9.977016785824244,0,0,0,0,1,0,0,0,0,2025.0,1,,-0.06722742602747245,Spain,,China 14th FYP,,0.0,
0.0,0,0,0,0,0,0,1,0,0,2025.0,0,,-0.2173959117343917,China,,China 14th FYP,,1.0,
5.0689042022202315,0,0,0,0,0,0,0,0,0,2025.0,0,,-0.02345643468002371,China,,China 14th FYP,,1.0,
6.670766320845874,0,0,0,0,0,0,0,0,0,2025.0,0,,0.028117025918796452,China,,China 14th FYP,,1.0,
6.670766320845874,0,0,0,0,0,0,0,0,0,2025.0,0,,0.028117025918796452,China,,China 14th FYP,,1.0,
4.584967478670572,0,0,0,0,0,0,1,0,0,2025.0,0,,-0.04271750555126478,China,,China 14th FYP,,1.0,
8.81744592104187,0,0,0,0,0,0,0,0,0,2024.0,0,,0.12180268794399046,China,,China 14th FYP,,1.0,
10.53436031361157,0,0,0,0,0,0,1,0,0,2025.0,0,,0.048311134507521614,Spain,RIC Sun España S.L.,China 14th FYP,,0.0,
5.755742213586912,0,0,0,0,0,0,0,1,0,2025.0,0,,0.019886060992458026,Italy,,China 14th FYP,,0.0,
10.423471114086885,0,0,0,0,0,0,0,1,0,2025.0,0,,0.05499068078012903,Spain,"Avalon Renovables, S.L.",China 14th FYP,,0.0,
9.682404377188837,0,0,0,0,0,1,0,0,0,2023.0,0,,0.0640540811310809,Spain,Moeve,China 14th FYP,,0.0,
8.055475141757274,0,0,0,0,0,0,0,0,0,2025.0,0,,0.06796367271862208,China,,China 14th FYP,,1.0,
5.0689042022202315,0,0,0,0,0,0,1,0,0,2025.0,0,,-0.014752346189067705,China,,China 14th FYP,,1.0,
5.0689042022202315,0,0,0,0,0,0,0,0,0,2025.0,0,,-0.02345643468002371,China,,China 14th FYP,,1.0,
0.0,0,0,0,0,0,0,0,0,0,2024.0,0,,-0.21382371333233327,China,Shanghai Municipal People's Government,China 14th FYP,,1.0,
7.362645270417825,0,0,0,0,0,0,0,0,0,2024.0,0,,0.041443721641873814,China,,China 14th FYP,,1.0,
5.0689042022202315,0,0,0,0,0,0,1,0,0,2023.0,0,,-0.005412072991014094,China,,China 14th FYP,,1.0,
7.496097345175956,0,0,0,0,0,0,1,0,0,2024.0,0,,0.12291782637343662,China,Daye Municipal Government,China 14th FYP,,1.0,
7.650168700845001,0,0,0,0,1,0,0,0,0,2023.0,0,,0.08038375613365603,China,PetroChina Company Limited,China 14th FYP,,1.0,
0.0,0,0,0,0,1,0,0,0,0,2022.0,0,,-0.2865021513279483,China,"Seraphim Energy Group Co., Ltd.",China 14th FYP,,1.0,
0.0,0,0,0,0,1,0,0,0,0,2022.0,0,,-0.2865021513279483,China,Envision Group,China 14th FYP,,1.0,
6.1779441140506,0,0,0,0,1,0,0,0,0,2022.0,0,,0.00557220077744712,China,,China 14th FYP,,1.0,
6.688354713946762,0,0,0,0,0,0,1,0,0,2025.0,0,,0.06954081529583873,Germany,,China 14th FYP,,0.0,
10.043292972227004,0,0,0,0,1,0,0,0,0,2025.0,0,,-0.06155330720942512,Austria,OMV Aktiengesellschaft,China 14th FYP,,0.0,
5.7745515455444085,0,0,0,0,0,0,1,0,0,2025.0,0,,-0.027192150384064695,Slovakia,,China 14th FYP,,0.0,
5.8377304471659395,0,0,0,0,0,0,1,0,0,2025.0,0,,-0.028150096177828342,Slovakia,,China 14th FYP,,0.0,
7.352441100243583,0,0,0,0,0,0,1,0,0,2021.0,0,,0.2762801228944697,China,"Guohua Energy Investment Co., Ltd.",China 14th FYP,,0.0,
5.796057750765372,0,0,0,0,0,0,1,0,0,2025.0,0,,-0.03069758100050405,Germany,,China 14th FYP,,0.0,
6.492239835020471,0,0,0,0,0,0,0,0,0,2025.0,0,,0.019836983818432043,Spain,,China 14th FYP,,0.0,
8.420021279663963,0,0,0,0,0,0,0,1,0,2025.0,0,,0.1131365756200242,Spain,,China 14th FYP,,0.0,
6.016157159698354,0,0,0,0,0,0,1,0,0,2021.0,1,,0.11911447529516407,China,,China 14th FYP,,0.0,
5.993961427306569,0,0,0,0,0,0,1,0,0,2020.0,0,,0.17812143812133888,China,,China 14th FYP,,0.0,
6.55250788703459,0,0,0,0,0,0,0,1,0,2025.0,0,,0.05581288165218155,Italy,,China 14th FYP,,0.0,
6.6895992691789665,0,0,0,0,0,0,1,0,0,2025.0,0,,0.06954081529583873,Germany,,China 14th FYP,,0.0,
10.463131911491967,0,0,0,0,0,0,0,0,0,2025.0,0,,0.02969575466647713,China,,China 14th FYP,,1.0,
10.056251557087757,0,0,0,0,0,0,0,0,0,2025.0,0,,0.00337233154498523,China,,China 14th FYP,,1.0,
10.827805976097512,0,0,0,0,1,0,0,0,0,2025.0,0,,-0.028028464602579586,China,,China 14th FYP,,1.0,
7.074963197966044,0,0,0,0,0,0,0,0,0,2025.0,0,,0.04175764955683253,China,,China 14th FYP,,1.0,
10.757924157061597,0,0,0,0,0,0,0,0,0,2025.0,0,,0.025264042752124488,China,,China 14th FYP,,1.0,
10.187839084891452,0,0,0,0,0,0,0,0,0,2025.0,0,,0.008414637675482162,China,China Shipbuilding Industry Corporation,China 14th FYP,,1.0,
7.362645270417825,0,0,0,0,0,0,0,0,0,2025.0,0,,0.04048658149579429,China,China Resources Power Holdings Company Limited,China 14th FYP,,1.0,
9.239996256883693,0,0,0,0,1,0,0,0,0,2025.0,0,,0.014018765725215002,China,China General Nuclear Power Corporation,China 14th FYP,,1.0,
10.827805976097512,0,0,0,0,0,0,0,0,0,2025.0,0,,0.025805241789847305,China,,China 14th FYP,,1.0,
5.117993812416755,0,0,0,0,0,0,0,0,0,2025.0,0,,-0.02182300586287517,China,,China 14th FYP,,1.0,
7.601402334583733,0,0,0,0,0,0,1,0,0,2025.0,0,,0.11845261348561441,China,,China 14th FYP,,1.0,
6.999422467507961,0,0,0,0,0,0,1,0,0,2025.0,0,,0.08562909212596498,China,,China 14th FYP,,1.0,
10.819798284210286,0,0,0,0,0,0,0,0,0,2025.0,0,,0.03070787830613378,China,,China 14th FYP,,1.0,
6.670766320845874,0,0,0,0,0,0,1,0,0,2025.0,0,,0.07462822677137596,China,,China 14th FYP,,1.0,
11.744076867685967,1,0,0,0,0,0,0,0,0,2025.0,0,,0.027225931853349268,China,,China 14th FYP,,1.0,
8.055475141757274,0,0,0,0,0,0,0,0,0,2025.0,0,,0.06796367271862208,China,,China 14th FYP,,1.0,
10.308985993422082,0,0,0,0,1,0,0,0,0,2021.0,1,,0.17733414980091508,Netherlands,,China 14th FYP,,0.0,
7.382124365737512,0,0,0,0,0,0,1,0,0,2025.0,0,,0.10774404361136873,Sweden,Lhyfe SA,China 14th FYP,,0.0,
8.131824785007195,0,0,0,0,0,0,0,0,0,2025.0,0,,0.06296804352696034,China,,China 14th FYP,,1.0,
9.852246888342531,0,0,0,0,0,0,0,0,0,2025.0,0,,-0.008533966126573644,China,,China 14th FYP,,1.0,
6.670766320845874,0,0,0,0,0,0,1,0,0,2018.0,0,,0.296822267163564,China,"Dalian Institute of Chemical Physics,   Chinese Academy of Sciences ",China 14th FYP,,0.0,
9.153875834995056,0,0,0,0,1,0,0,0,0,2023.0,0,,0.043176987764242246,China,,China 14th FYP,,1.0,
10.915106645867503,0,0,0,0,0,0,1,0,0,2024.0,0,,0.03191709995579333,Portugal,SwitcH2 Offshore,China 14th FYP,,0.0,
10.694260411880514,0,0,0,0,0,0,0,0,0,2024.0,0,,0.021363953157720814,China,China National Nuclear Corporation,China 14th FYP,,1.0,
11.082157933374816,0,0,0,0,0,0,0,0,0,2024.0,0,,0.03219569554413738,China,China Tianying Inc.,China 14th FYP,,1.0,
5.081404364984463,0,0,1,0,0,0,1,0,0,2020.0,0,,0.15429554360033693,China,"Zhangjiakou City Transport and Shell New   Energy Co., Limited, Beijing Organizing Committee for the   Olympic Games (BOCOG)",China 14th FYP,,0.0,
3.367295829986474,0,0,0,0,0,0,0,0,0,2024.0,0,,-0.057890266592860846,China,Shanghai Municipal People's Government,China 14th FYP,,1.0,
7.849323818040561,0,0,0,0,0,0,1,0,0,2025.0,0,,0.11575315413275741,Belgium,,China 14th FYP,,0.0,
10.195298589071585,0,0,0,0,0,0,0,0,0,2024.0,0,,0.012465377025823884,China,,China 14th FYP,,1.0,
9.153875834995056,0,0,0,0,0,0,0,1,0,2023.0,0,,0.1222553205548233,China,,China 14th FYP,,1.0,
10.819798284210286,0,0,0,0,0,0,0,0,0,2024.0,0,,0.03568249677359908,China,,China 14th FYP,,1.0,
12.206077645517674,1,0,0,0,0,0,0,0,0,2024.0,0,,0.03219569554413738,China,,China 14th FYP,,1.0,
7.768110378525988,0,0,0,0,0,0,0,1,0,2024.0,0,,0.10514977027191538,China,Power Construction Corporation Of China,China 14th FYP,,1.0,
6.52795791762255,0,0,0,0,0,0,0,0,1,2015.0,0,,0.33253623582932457,China,"Hebei Construction & Investment Group   Co.,Ltd",China 14th FYP,,0.0,
10.819798284210286,0,0,0,0,0,0,0,0,0,2024.0,0,,0.03568249677359908,China,China Tianying Inc.,China 14th FYP,,1.0,
10.463131911491967,0,0,0,0,0,0,0,0,0,2024.0,0,,0.03298298167494488,China,,China 14th FYP,,1.0,
6.670766320845874,0,0,0,0,0,0,0,0,0,2024.0,0,,0.029529478365246626,China,,China 14th FYP,,1.0,
11.143715137521236,0,0,0,0,0,0,0,0,0,2024.0,0,,0.03219569554413738,China,"China Energy Engineering Group Co., Ltd.",China 14th FYP,,1.0,
10.134678635429639,0,0,0,0,0,0,1,0,0,2024.0,0,,0.031106108341711198,China,,China 14th FYP,,1.0,
7.768110378525988,0,0,0,0,0,0,0,0,0,2024.0,0,,0.08103561418440969,China,,China 14th FYP,,1.0,
10.043292972227004,0,0,0,0,0,0,0,0,0,2024.0,0,,0.0053626997940973385,China,"China Energy Engineering Group Co., Ltd.",China 14th FYP,,1.0,
9.90353755128617,0,0,0,0,0,0,0,0,0,2024.0,0,,-0.0021615261361733057,China,,China 14th FYP,,1.0,
10.073272520325904,0,0,0,0,1,0,0,0,0,2020.0,0,,0.2212827741514648,China,"Ningxia Baofeng Energy Group Co., Ltd.",China 14th FYP,,0.0,
8.748463629942055,0,0,0,0,0,0,0,0,0,2024.0,0,,0.12316095441156888,China,,China 14th FYP,,1.0,
8.517393171418904,0,0,0,0,0,0,0,0,0,2024.0,0,,0.10401825101856708,China,,China 14th FYP,,1.0,
5.337538079701318,0,0,0,0,0,0,0,0,0,2024.0,0,,-0.01754659453933625,China,,China 14th FYP,,1.0,
8.055475141757274,0,0,0,0,0,0,0,0,0,2024.0,0,,0.07450267046509836,China,,China 14th FYP,,1.0,
10.118921460780285,0,0,0,0,0,0,0,1,0,2024.0,0,,0.025060266848425244,China,"Shaanxi Coal and Chemical Industry Group   Co.,Ltd.",China 14th FYP,,1.0,
8.971575439759016,0,0,0,0,0,0,0,0,0,2024.0,0,,0.12345256345723928,China,,China 14th FYP,,1.0,
7.362645270417825,0,0,0,0,0,0,1,0,0,2024.0,0,,0.1004597704809177,China,"Beijing Jingneng Power Co., Ltd.",China 14th FYP,,1.0,
8.696175846944678,0,0,0,0,0,0,0,0,0,2024.0,0,,0.1182230350202438,China,China Huadian Corporation Ltd.,China 14th FYP,,1.0,
6.52795791762255,0,0,0,0,1,0,0,0,0,2020.0,0,,0.21042037626577695,China,,China 14th FYP,,0.0,
11.502885230075814,0,0,0,0,1,0,0,0,0,2024.0,0,,-0.023323579021811355,Portugal,,China 14th FYP,,0.0,
7.38025578842646,0,0,0,0,0,1,0,0,0,2024.0,0,,0.058177901972676214,Germany,,China 14th FYP,,0.0,
7.313886831633462,0,0,0,0,0,0,0,0,0,2024.0,0,,0.043087378831402325,China,,China 14th FYP,,1.0,
12.103325379027153,1,0,0,0,1,0,0,0,0,2022.0,0,,0.023428987444155627,China,,China 14th FYP,,1.0,
11.355335544395457,0,0,0,0,1,0,0,0,0,2022.0,0,,0.023428987444155627,China,Envision Energy Limited,China 14th FYP,,1.0,
8.136810863675537,0,0,0,0,0,0,1,0,0,2020.0,0,,0.3698113161253498,China,Zhangjiakou City Transport Construction Investment Holding Group Co. Ltd.,China 14th FYP,,0.0,
9.90353755128617,0,0,0,0,1,0,0,0,0,2021.0,0,,0.20083349196899572,China,China Petroleum & Chemical Corporation,China 14th FYP,,0.0,
9.852246888342531,0,0,0,0,1,0,0,0,0,2024.0,0,,-0.08299877395484331,China,China Huadian Corporation Ltd.,China 14th FYP,,1.0,
9.952325334619427,0,0,0,0,1,0,0,0,0,2024.0,0,,-0.07109976181234423,China,China Coal Energy Company Limited,China 14th FYP,,1.0,
7.8636512654486515,0,0,0,0,0,0,0,0,0,2024.0,0,,0.08489707579640093,China,"China Energy Engineering Group Co., Ltd.",China 14th FYP,,1.0,
4.795790545596741,0,0,0,0,0,0,1,0,0,2024.0,0,,-0.03448824776197094,China,,China 14th FYP,,1.0,
11.525851561856362,1,0,0,0,0,0,0,0,0,2024.0,0,,0.03219569554413738,China,China Coal Energy Company Limited,China 14th FYP,,1.0,
10.99964683504317,0,0,0,0,0,0,0,0,0,2024.0,0,,0.03219569554413738,China,China Shipbuilding Industry Corporation,China 14th FYP,,1.0,
6.688354713946762,0,0,0,0,0,0,0,1,0,2024.0,0,,0.059376902299007585,Denmark,,China 14th FYP,,0.0,
6.464588303689961,0,0,0,0,1,0,0,0,0,2024.0,0,,-0.0029742466268376164,Italy,,China 14th FYP,,0.0,
9.90353755128617,0,0,0,0,1,0,0,0,0,2021.0,0,,0.20083349196899572,China,,China 14th FYP,,0.0,
10.596659732783579,0,0,0,0,0,0,1,0,0,2024.0,0,,0.05708549099577009,China,,China 14th FYP,,1.0,
9.210440366976517,0,0,0,0,1,0,0,0,0,2021.0,0,,0.27985949886398376,China,China Petroleum & Chemical Corporation,China 14th FYP,,0.0,
7.38025578842646,0,0,0,0,0,0,1,0,0,2016.0,0,,0.35510379869236025,China,"Sino-Synergy Hydrogen Energy Technology   (Jiaxing) Co., Ltd.",China 14th FYP,,0.0,
5.10594547390058,0,0,0,0,0,0,1,0,0,2024.0,0,,-0.014198679287079723,Spain,,China 14th FYP,,0.0,
10.819798284210286,0,0,0,0,0,0,0,0,0,2024.0,0,,0.03568249677359908,Germany,,China 14th FYP,,0.0,
10.308985993422082,0,0,0,0,0,0,0,0,1,2024.0,0,,0.02608019501365589,Germany,Deutsche ReGas GmbH & Co. KGaA,China 14th FYP,,0.0,
6.1779441140506,0,0,0,0,0,0,1,0,0,2015.0,0,,0.31497928648972623,China,"Sino-Synergy Hydrogen Energy Technology   (Jiaxing) Co., Ltd.",China 14th FYP,,0.0,
10.807098231252908,0,1,0,0,1,0,0,0,0,2020.0,0,,0.1358108462330372,China,SINOPEC-East China Branch (SINOPEC-Huadong),China 14th FYP,,0.0,
10.896757843893464,0,0,0,0,1,0,0,0,0,2024.0,0,,-0.023323579021811355,China,"LONGi Green Energy Technology Co., Ltd.",China 14th FYP,,1.0,
8.922791623969637,0,0,0,0,1,0,0,0,0,2023.0,0,,0.08432232205303128,Greece,Motor Oil (Hellas) Corinth Refineries S.A.,China 14th FYP,,0.0,
9.90353755128617,0,0,0,0,1,0,0,0,0,2023.0,0,,-0.027755371471974287,China,Shenzhen Energy Group,China 14th FYP,,1.0,
7.979681302387741,0,0,0,0,0,0,1,0,0,2024.0,0,,0.11525559560439334,China,"Xinjiang Qinglian Century Co., Ltd.",China 14th FYP,,1.0,
11.51293546492023,1,0,0,0,1,0,0,0,0,2024.0,0,,-0.023323579021811355,China,China Petroleum & Chemical Corporation,China 14th FYP,,1.0,
9.153875834995056,0,0,0,0,0,0,1,0,0,2024.0,0,,0.10191090969192788,China,"Inner Mongolia Shengyuan Energy Group Co., Ltd.",China 14th FYP,,1.0,
5.517452896464707,0,0,0,0,0,0,0,0,1,2023.0,0,,-0.006061303576568316,Italy,,China 14th FYP,,0.0,
10.606609816118151,0,0,0,0,1,0,0,0,0,2023.0,0,,0.010153391849726884,China,,China 14th FYP,,1.0,
9.33617975681533,0,0,0,0,1,0,0,0,0,2023.0,0,,0.007073327477918223,China,China Coal Energy Company Limited,China 14th FYP,,1.0,
10.819798284210286,0,0,0,0,0,0,1,0,0,2023.0,0,,0.06917874461565962,China,,China 14th FYP,,1.0,
7.768110378525988,0,0,0,0,0,0,0,0,0,2023.0,0,,0.1381814089159828,China,China Huadian Corporation Ltd.,China 14th FYP,,1.0,
10.196194479235656,0,0,0,0,0,0,1,0,0,2024.0,0,,0.03230283240854241,China,,China 14th FYP,,1.0,
10.134678635429639,0,0,0,0,1,0,0,0,0,2024.0,0,,-0.05464519211323515,China,China Power Engineering Consulting Group   Co.Ltd  ,China 14th FYP,,1.0,
6.803505257608338,0,0,0,0,0,0,0,1,0,2024.0,0,,0.07309262137861804,Germany,Enertrag Service GmbH,China 14th FYP,,0.0,
10.694260411880514,0,0,0,0,1,0,0,0,0,2024.0,0,,-0.04631782633185222,China,,China 14th FYP,,1.0,
11.51293546492023,1,0,0,0,0,0,0,0,0,2024.0,0,,0.03219569554413738,China,China Tianying Inc.,China 14th FYP,,1.0,
6.670766320845874,0,0,0,0,0,0,0,0,0,2022.0,0,,0.10118368259234052,China,,China 14th FYP,,1.0,
5.117993812416755,0,0,0,0,0,0,0,1,0,2024.0,0,,0.010868972370580099,Italy,,China 14th FYP,,0.0,
9.233959237574817,0,0,0,0,0,0,1,0,0,2023.0,0,,0.132961856265662,China,,China 14th FYP,,1.0,
2.995732273553991,0,0,0,0,0,0,0,0,0,2024.0,0,,-0.06805209587938463,China,,China 14th FYP,,1.0,
9.90353755128617,0,0,0,0,1,0,0,0,0,2024.0,0,,-0.06856706459523607,China,,China 14th FYP,,1.0,
9.575052927597383,0,0,0,0,0,0,0,0,0,2024.0,0,,0.010646322280184682,China,,China 14th FYP,,1.0,
9.575052927597383,0,0,0,0,0,0,0,0,0,2024.0,0,,0.010646322280184682,China,,China 14th FYP,,1.0,
9.575052927597383,0,0,0,0,0,0,0,0,0,2024.0,0,,0.010646322280184682,China,,China 14th FYP,,1.0,
9.575052927597383,0,0,0,0,0,0,0,0,0,2024.0,0,,0.010646322280184682,China,,China 14th FYP,,1.0,
9.575052927597383,0,0,0,0,0,0,0,0,0,2024.0,0,,0.010646322280184682,China,,China 14th FYP,,1.0,
9.575052927597383,0,0,0,0,0,0,0,0,0,2024.0,0,,0.010646322280184682,China,,China 14th FYP,,1.0,
9.820160289946374,0,0,0,1,0,0,0,0,1,2024.0,0,,0.004607139241345318,Germany,L'Air Liquide S.A.,China 14th FYP,,0.0,
7.363913501405819,0,0,0,0,0,0,1,0,0,2024.0,0,,0.09979208011914634,Germany,HyDN GmbH,China 14th FYP,,0.0,
10.282403325410757,0,0,0,0,1,0,0,0,0,2024.0,1,,-0.045676943474830166,Lithuania,,China 14th FYP,,0.0,
7.3783837129967145,0,0,0,0,1,0,0,0,0,2023.0,0,,0.05939315338908771,Spain,Repsol S.A.,China 14th FYP,,0.0,
5.272999558563747,0,0,0,0,0,0,0,0,0,2024.0,0,,-0.0213122962245642,Denmark,,China 14th FYP,,0.0,
7.2868764117507,0,0,0,0,0,0,1,0,0,2024.0,0,,0.09270392712132558,Sweden,Lhyfe SA,China 14th FYP,,0.0,
4.48863636973214,0,0,0,0,0,0,0,1,0,2024.0,0,,-0.02015031215222476,Spain,,China 14th FYP,,0.0,
4.418840607796598,0,0,0,0,0,0,0,0,0,2024.0,0,,-0.062360354866541214,Germany,,China 14th FYP,,0.0,
2.833213344056216,0,0,0,0,0,1,0,0,0,2024.0,0,,-0.08281055964855177,Portugal,,China 14th FYP,,0.0,
6.7650389767805414,0,0,0,0,0,0,1,0,0,2024.0,0,,0.07384756142921388,Netherlands,,China 14th FYP,,0.0,
5.7745515455444085,0,0,0,0,0,0,0,0,0,2024.0,0,,-0.022975636837823585,Finland,,China 14th FYP,,0.0,
7.937731775260109,0,0,1,0,1,0,0,0,0,2021.0,0,,0.27284863293384115,Spain,BP p.l.c.,China 14th FYP,,0.0,
5.707110264748875,0,0,0,0,0,0,1,0,0,2023.0,0,,-0.013520276461964768,Netherlands,,China 14th FYP,,0.0,
10.12667110305036,0,0,0,0,1,0,0,0,0,2024.0,0,,-0.05717839513670194,China,,China 14th FYP,,1.0,
7.313886831633462,0,0,0,0,1,0,0,0,0,2022.0,0,,0.08290824858774241,Croatia,,China 14th FYP,,0.0,
7.38025578842646,0,0,0,0,1,0,0,0,0,2023.0,0,,0.06036862392604691,China,"China Energy Engineering Group Co., Ltd.",China 14th FYP,,1.0,
6.202535517187923,0,0,0,0,0,0,1,0,0,2024.0,0,,0.04089342522236546,Finland,,China 14th FYP,,0.0,
9.575052927597383,0,0,0,0,0,0,0,1,0,2024.0,0,,0.01645328553927633,China,,China 14th FYP,,1.0,
7.01301578963963,0,0,0,0,0,0,1,0,0,2024.0,0,,0.08587704499899534,China,,China 14th FYP,,1.0,
7.496097345175956,0,0,0,0,0,0,1,0,0,2024.0,0,,0.12291782637343662,China,"Hubei Optics Valley East State-owned   Capital Investment Operation Group Co., Ltd",China 14th FYP,,1.0,
8.829665432675236,0,0,0,0,0,0,0,0,0,2024.0,0,,0.1258838908346088,China,,China 14th FYP,,1.0,
4.820281565605037,0,0,0,0,0,0,0,1,0,2023.0,0,,0.014025589748870686,China,China Petroleum & Chemical Corporation,China 14th FYP,,1.0,
7.362645270417825,0,0,0,0,0,0,1,0,0,2024.0,0,,0.1004597704809177,China,,China 14th FYP,,1.0,
6.75110146893676,0,0,0,0,0,0,0,0,0,2022.0,0,,0.10804775375291549,China,,China 14th FYP,,1.0,
4.919980925828125,0,0,0,0,0,0,1,0,0,2024.0,0,,-0.030395371822659466,Spain,,China 14th FYP,,0.0,
9.798182590890704,0,0,0,0,0,0,1,0,0,2021.0,1,,0.24976243926743086,Finland,,China 14th FYP,,0.0,
8.922791623969637,0,0,0,0,0,0,0,0,1,2023.0,0,,0.1732623714915301,Germany,,China 14th FYP,,0.0,
7.824445930877619,0,0,0,0,0,0,0,0,1,2023.0,0,,0.13989925689033625,Germany,,China 14th FYP,,0.0,
4.976733742420574,0,0,0,0,0,0,0,1,0,2023.0,0,,0.011142206597662232,Germany,,China 14th FYP,,0.0,
6.670766320845874,0,0,0,0,0,0,0,0,0,2022.0,1,,0.10118368259234052,China,,China 14th FYP,,1.0,
8.160803920954665,0,0,0,0,1,0,0,0,0,2023.0,0,,0.06731486575896764,China,,China 14th FYP,,1.0,
9.210440366976517,0,0,0,0,1,0,0,0,0,2023.0,0,,0.04086473746053594,China,China Three Gorges Corporation,China 14th FYP,,1.0,
11.456397440628356,0,0,0,0,1,0,0,0,0,2023.0,0,,-0.00034877677889273706,China,,China 14th FYP,,1.0,
6.2166061010848646,0,0,0,0,1,0,0,0,0,2023.0,0,,0.004196501642705797,China,"China Energy Engineering Group Co., Ltd.",China 14th FYP,,1.0,
6.1779441140506,0,0,0,0,0,0,1,0,0,2023.0,0,,0.05098234403190989,China,,China 14th FYP,,1.0,
10.738589920723442,0,0,0,0,0,0,1,0,0,2023.0,0,,0.08163172898698036,China,,China 14th FYP,,1.0,
9.30801139914963,0,0,0,0,1,0,0,0,0,2023.0,0,,0.010380974179091094,China,,China 14th FYP,,1.0,
6.933423025730715,0,0,0,0,0,0,0,0,1,2023.0,0,,0.08952244852447523,Denmark,,China 14th FYP,,0.0,
5.017279836814924,0,0,0,0,0,0,1,0,0,2023.0,0,,-0.023998522594485934,Germany,,China 14th FYP,,0.0,
6.2422232654551655,0,0,0,0,0,0,0,1,0,2023.0,0,,0.06551865973839041,Denmark,,China 14th FYP,,0.0,
2.8903717578961645,0,0,0,0,0,1,0,0,0,2007.0,1,,0.5723231435534059,Greenland,,China 14th FYP,,0.0,
5.393627546352362,0,0,0,0,0,0,1,0,0,2023.0,0,,-0.002204150453947314,Sweden,Metacon AB (publ),China 14th FYP,,0.0,
7.2868764117507,0,0,0,0,0,0,1,0,0,2023.0,0,,0.1412849676361939,Germany,Lhyfe SA,China 14th FYP,,0.0,
0.0,0,0,0,0,1,0,0,0,0,2023.0,0,,-0.23150949807754861,Belgium,,China 14th FYP,,0.0,
0.0,0,0,0,0,0,0,0,0,0,2023.0,0,,-0.20484329067836124,Germany,,China 14th FYP,,0.0,
6.3561076606958915,0,0,0,0,0,0,1,0,0,2023.0,0,,0.0711188270102618,France,,China 14th FYP,,0.0,
9.61587214452889,0,0,0,0,1,0,0,0,0,2023.0,0,,-0.05126841196392206,Portugal,"Galp Energia, SGPS, S.A.",China 14th FYP,,0.0,
9.105090961257085,0,0,0,0,0,0,0,1,0,2023.0,0,,0.1279821316515754,Germany,Salzgitter Flachstahl GmbH,China 14th FYP,,0.0,
8.517393171418904,0,0,0,1,1,0,0,0,0,2023.0,0,,0.06192792029576975,France,L'Air Liquide S.A.,China 14th FYP,,0.0,
10.021315031649332,0,0,0,0,1,0,0,0,0,2023.0,0,,-0.011717151964415341,Germany,PCK Raffinerie GmbH,China 14th FYP,,0.0,
9.277812087091196,0,0,0,0,1,0,0,0,0,2022.0,0,,0.11314078905480791,Spain,Forestal del Atlántico S.A.,China 14th FYP,,0.0,
6.1779441140506,0,0,0,0,0,0,0,0,0,2023.0,0,,0.031564050723249006,Spain,,China 14th FYP,,0.0,
7.650168700845001,0,0,0,0,1,0,0,0,0,2023.0,0,,0.08038375613365603,China,PetroChina Company Limited,China 14th FYP,,1.0,
8.829665432675236,0,0,0,0,1,0,0,0,0,2023.0,0,,0.08154956567022278,Portugal,Bondalti Chemicals S.A.,China 14th FYP,,0.0,
10.918736348043124,0,0,0,0,1,0,0,0,0,2023.0,0,,-0.00034877677889273706,China,"China Energy Engineering Group Co., Ltd.",China 14th FYP,,1.0,
10.714439990727769,0,0,0,0,1,0,0,0,0,2022.0,0,,0.031902151006440484,China,"China Energy Engineering Group Co., Ltd.",China 14th FYP,,1.0,
6.688354713946762,0,0,0,0,0,0,0,0,0,2023.0,0,,0.05937889777629213,China,China Huadian Corporation Ltd.,China 14th FYP,,1.0,
9.148145768383065,0,0,0,0,0,0,0,0,0,2023.0,0,,0.13158199766632409,China,China Huadian Corporation Ltd.,China 14th FYP,,1.0,
9.301186055275759,0,0,0,0,0,0,0,0,1,2023.0,0,,0.12330751310126739,Germany,,China 14th FYP,,0.0,
0.0,0,0,0,0,0,1,0,0,0,2023.0,0,,-0.20322712875168875,Spain,,China 14th FYP,,0.0,
6.594413459749778,0,0,0,0,0,0,1,0,0,2023.0,0,,0.07757135418884377,France,,China 14th FYP,,0.0,
0.0,0,0,0,0,0,0,1,0,0,2023.0,0,,-0.21295108937011795,France,,China 14th FYP,,0.0,
7.2868764117507,0,0,0,0,0,0,1,0,0,2023.0,0,,0.1412849676361939,Belgium,Lhyfe SA,China 14th FYP,,0.0,
8.81744592104187,0,0,0,0,1,0,0,0,0,2022.0,0,,0.16687798897340134,China,"Shenzhen Energy Group Co., Ltd.",China 14th FYP,,1.0,
9.711176264112805,0,0,0,0,1,0,0,0,0,2022.0,0,,0.026325238511876972,China,"Seraphim Energy Group Co., Ltd.",China 14th FYP,,1.0,
5.0689042022202315,0,0,0,0,0,0,0,0,0,2022.0,1,,-0.04255476810548316,China,,China 14th FYP,,1.0,
7.544861068658458,0,0,0,0,0,0,0,0,0,2022.0,0,,0.22015608761656902,China,China General Nuclear Power Corporation,China 14th FYP,,1.0,
9.79473239269909,0,0,0,0,1,0,0,0,0,2022.0,0,,0.017653105679144278,China,"China Energy Engineering Group Co., Ltd.",China 14th FYP,,1.0,
6.2166061010848646,0,0,0,0,0,0,1,0,0,2023.0,0,,0.06360816129474063,Greece,,China 14th FYP,,0.0,
6.670766320845874,0,0,0,0,0,0,1,0,0,2023.0,1,,0.10564860000700507,Poland,,China 14th FYP,,0.0,
4.852030263919617,0,0,0,0,0,0,1,0,0,2023.0,0,,-0.024811786364307507,Lithuania,,China 14th FYP,,0.0,
6.1779441140506,0,0,0,0,0,1,0,0,0,2023.0,0,,0.03371029192832005,Lithuania,,China 14th FYP,,0.0,
10.505094936455558,0,0,0,0,0,0,1,0,0,2023.0,0,,0.10124640832479673,Finland,,China 14th FYP,,0.0,
11.984958284017063,1,0,0,0,0,0,0,1,0,2023.0,0,,0.07411994846076563,Finland,,China 14th FYP,,0.0,
11.984958284017063,1,0,0,0,0,0,0,1,0,2023.0,0,,0.07411994846076563,Finland,,China 14th FYP,,0.0,
6.643789733147672,0,0,0,0,0,0,0,1,0,2023.0,0,,0.08847875194442266,Sweden,,China 14th FYP,,0.0,
5.081404364984463,0,0,0,0,0,0,0,1,0,2021.0,0,,0.04283977408599918,Austria,,China 14th FYP,,0.0,
8.829665432675236,0,0,0,1,1,0,0,0,0,2021.0,0,,0.3016955402381943,Netherlands,L'Air Liquide S.A.,China 14th FYP,,0.0,
8.989319566042951,0,0,0,0,1,0,0,0,0,2023.0,0,,0.07664571601409177,China,"Jilin Electric Power Co.,Ltd.",China 14th FYP,,1.0,
5.081404364984463,0,0,0,0,0,0,0,0,0,2023.0,0,,-0.014030767491512,Hungary,Matrai Eromu ZRt.,China 14th FYP,,0.0,
7.38025578842646,0,0,0,0,0,0,1,0,0,2022.0,0,,0.2199477308287717,Germany,Rolls-Royce plc,China 14th FYP,,0.0,
7.157735484249907,0,0,0,0,0,0,0,1,0,2023.0,0,,0.11412904605568171,Germany,,China 14th FYP,,0.0,
6.580639137284949,0,0,0,0,0,0,1,0,0,2023.0,0,,0.07674170611607134,Germany,,China 14th FYP,,0.0,
3.58351893845611,0,0,0,0,0,1,0,0,0,2023.0,0,,-0.05364807882403668,Portugal,,China 14th FYP,,0.0,
7.469083884921234,0,0,0,0,0,0,1,0,0,2022.0,0,,0.2439205774036384,Germany,RWE Aktiengesellschaft,China 14th FYP,,0.0,
10.712014884136147,0,0,0,0,1,0,0,0,0,2023.0,0,,-0.004330243888356844,Denmark,Arcadia eFuels ApS,China 14th FYP,,0.0,
5.272999558563747,0,0,0,0,0,0,0,1,0,2023.0,0,,0.023904174604168937,Germany,,China 14th FYP,,0.0,
11.407576060361786,0,0,0,0,0,0,0,1,0,2021.0,0,,0.11542791917504289,Denmark,Trafigura Group Pte. Ltd.,China 14th FYP,,0.0,
7.38025578842646,0,0,0,0,0,0,1,0,0,2021.0,0,,0.29821756906825886,Germany,,China 14th FYP,,0.0,
0.0,0,0,0,0,0,0,0,0,0,2017.0,0,,-0.05119053371019873,Germany,,China 14th FYP,,0.0,
0.0,0,0,0,0,0,0,0,0,0,2013.0,0,,0.07458000198288703,Germany,,China 14th FYP,,0.0,
5.272999558563747,0,0,0,0,1,0,0,0,0,2021.0,1,,0.07345528322072206,Germany,,China 14th FYP,,0.0,
0.0,0,0,0,0,0,0,0,1,0,2018.0,0,,-0.04310756805966669,Germany,,China 14th FYP,,0.0,
9.875602349046593,0,0,0,0,1,0,0,0,0,2021.0,1,,0.19513333408597028,Germany,,China 14th FYP,,0.0,
5.996452088619021,0,0,0,0,0,0,0,0,1,2022.0,0,,0.003925233187359611,Hungary,,China 14th FYP,,0.0,
4.382026634673881,0,0,0,0,0,0,0,0,1,2017.0,0,,0.27054342933584424,France,,China 14th FYP,,0.0,
5.996452088619021,0,0,0,0,0,0,0,0,0,2023.0,0,,0.00811405383630651,Netherlands,,China 14th FYP,,0.0,
6.594413459749778,0,0,0,0,0,0,1,0,0,2023.0,0,,0.07757135418884377,France,,China 14th FYP,,0.0,
4.59511985013459,0,0,0,0,0,0,1,0,0,2017.0,0,,0.22465930719516236,France,,China 14th FYP,,0.0,
9.325809621782296,0,0,0,0,1,0,0,0,0,2021.0,1,,0.2582884313451035,Spain,,China 14th FYP,,0.0,
8.699681400989514,0,0,0,0,0,0,1,0,0,2023.0,0,,0.1604048255297888,Netherlands,"Hycc B.V., Power2x B.V.",China 14th FYP,,0.0,
10.714439990727769,0,0,0,0,0,1,0,0,0,2023.0,0,,0.08272727771723293,Spain,Moeve,China 14th FYP,,0.0,
8.542080906924017,0,0,0,0,1,0,0,0,0,2023.0,0,,0.06486042562872682,Sweden,Perstorp Holding AB,China 14th FYP,,0.0,
5.147494476813453,0,0,0,0,0,0,0,0,0,2023.0,0,,-0.012251457014964658,Spain,,China 14th FYP,,0.0,
10.896757843893464,0,0,0,0,1,0,0,0,0,2023.0,0,,-0.00034877677889273706,Germany,,China 14th FYP,,0.0,
8.699681400989514,0,0,0,0,1,0,0,0,0,2023.0,0,,0.07832463884979662,Germany,unknown,China 14th FYP,,0.0,
6.111467339502679,0,0,0,0,0,0,1,0,0,2023.0,0,,0.04469665902452343,Germany,,China 14th FYP,,0.0,
11.407576060361786,0,0,0,0,1,0,0,0,0,2023.0,0,,-0.00034877677889273706,China,Jizhong Energy,China 14th FYP,,1.0,
2.0794415416798357,0,0,0,0,0,1,0,0,0,2022.0,0,,-0.20893223676293365,China,,China 14th FYP,,1.0,
0.0,0,1,0,0,0,0,1,0,0,2021.0,1,,-0.20547331865585275,China,Baotailong New Materials Co Ltd,China 14th FYP,,0.0,
6.161207321695077,0,0,0,0,0,0,1,0,0,2021.0,0,,0.16612227984482025,China,,China 14th FYP,,0.0,
6.670766320845874,0,0,0,0,0,0,0,1,0,2020.0,0,,0.2329786473946052,China,,China 14th FYP,,0.0,
5.996452088619021,0,0,0,0,0,0,0,0,0,2021.0,0,,0.09820347425275075,China,,China 14th FYP,,0.0,
5.902633333401366,0,0,0,0,0,1,0,0,0,2022.0,0,,-0.022961194591879036,China,,China 14th FYP,,1.0,
7.443663683115591,0,0,0,0,0,0,0,1,0,2022.0,1,,0.22747101189893015,China,,China 14th FYP,,1.0,
6.670766320845874,0,0,0,0,0,0,0,0,0,2022.0,1,,0.10118368259234052,China,,China 14th FYP,,1.0,
5.017279836814924,0,0,0,0,0,0,1,0,0,2022.0,0,,-0.04038706046268892,Cyprus,,China 14th FYP,,0.0,
7.20934025660291,0,0,0,0,0,0,0,1,0,2022.0,1,,0.12986657827351877,Germany,,China 14th FYP,,0.0,
7.528869256642251,0,0,0,0,0,0,1,0,0,2021.0,0,,0.32510005415154375,China,China Huaneng Group Co. Ltd.,China 14th FYP,,0.0,
8.460834457746854,0,0,0,0,0,0,1,0,0,2022.0,0,,0.2537780764515237,China,"Inner Mongolia Shengyuan Energy Group Co., Ltd.",China 14th FYP,,1.0,
6.447305862541213,0,0,0,0,0,0,1,0,0,2020.0,0,,0.244850220086767,China,"Hebei Construction & Investment Group   Co.,Ltd",China 14th FYP,,0.0,
8.35983738064003,0,0,0,0,0,0,0,0,0,2022.0,0,,0.2301170157736398,China,,China 14th FYP,,1.0,
8.748463629942055,0,1,0,0,0,0,1,0,0,2022.0,1,,0.25095099507221724,China,,China 14th FYP,,1.0,
9.105090961257085,0,1,0,0,1,0,0,0,0,2022.0,1,,0.14822569951416933,China,Ningxia Kaitian Gas Development Co Ltd,China 14th FYP,,1.0,
10.373522431293592,0,0,0,0,1,0,0,0,0,2021.0,0,,0.1760582269195868,China,State Power Investment Corporation Limited,China 14th FYP,,0.0,
9.851193757814993,0,1,0,1,1,0,0,0,0,2020.0,1,,0.2231881558240853,China,"Air Products and Chemicals, Inc.",China 14th FYP,,0.0,
11.27407165120037,0,1,0,0,0,0,0,0,0,2022.0,1,,0.08505278688454354,China,,China 14th FYP,,1.0,
11.27407165120037,0,1,0,0,0,0,0,0,0,2022.0,1,,0.08505278688454354,China,"Huizhou HuaDaTong Gas Manufacturing Co., Ltd.",China 14th FYP,,1.0,
11.038126355768453,0,0,0,0,0,0,0,0,0,2021.0,1,,0.12407257119209085,China,"Inner Mongolia Gemeng Clean Hydrogen Energy Technology Co., Ltd.",China 14th FYP,,0.0,
7.362645270417825,0,0,0,0,0,0,0,0,0,2021.0,1,,0.23259908086808717,China,,China 14th FYP,,0.0,
9.664659134301736,0,0,0,0,0,0,0,0,0,2022.0,0,,0.1401885208112725,China,Hebei Hongmeng New Energy Co. Ltd.,China 14th FYP,,1.0,
8.355614995760183,0,0,0,0,1,0,0,0,0,2022.0,0,,0.16130462869226103,China,Envision Energy Limited,China 14th FYP,,1.0,
4.61512051684126,0,0,0,0,0,0,0,1,0,2022.0,0,,-0.050162875546506905,Italy,,China 14th FYP,,0.0,
6.16541785423142,0,0,0,0,0,0,1,0,0,2022.0,0,,0.07689369538748382,Austria,,China 14th FYP,,0.0,
8.478660241699453,0,0,0,0,0,0,0,1,0,2022.0,0,,0.23036639149171861,Spain,,China 14th FYP,,0.0,
8.073091199693154,0,0,0,0,0,0,0,1,0,2022.0,0,,0.2151804995386644,Spain,"Endesa, S.A.",China 14th FYP,,0.0,
0.0,0,0,0,0,0,1,0,0,0,2022.0,1,,-0.2676126504676849,Spain,,China 14th FYP,,0.0,
6.1779441140506,0,0,0,0,0,0,0,0,0,2020.0,0,,0.2182653985136435,Spain,,China 14th FYP,,0.0,
7.3783837129967145,0,0,0,0,1,0,0,0,0,2020.0,0,,0.2757961827921972,Hungary,MOL Magyar Olaj- és Gázipari Nyilvánosan Muködo Részvénytársaság,China 14th FYP,,0.0,
10.745744155683914,0,0,0,0,1,0,0,0,0,2022.0,0,,0.03538192696430489,Netherlands,,China 14th FYP,,0.0,
7.2868764117507,0,0,0,0,0,0,1,0,0,2022.0,0,,0.18532499441658284,Germany,Lhyfe SA,China 14th FYP,,0.0,
6.089044875446846,0,0,0,0,0,0,1,0,0,2022.0,0,,0.06288776006493715,Germany,,China 14th FYP,,0.0,
10.896757843893464,0,0,0,0,0,0,1,0,0,2022.0,0,,0.08691466014203014,Germany,,China 14th FYP,,0.0,
8.699681400989514,0,0,0,0,0,0,1,0,0,2022.0,0,,0.25231623448631724,Germany,H2apex Energy Gmbh,China 14th FYP,,0.0,
6.670766320845874,0,0,0,0,0,0,1,0,0,2022.0,0,,0.14339425129742853,Germany,,China 14th FYP,,0.0,
10.281958234245314,0,0,0,0,0,0,0,0,1,2020.0,1,,0.24658633688606058,Spain,,China 14th FYP,,0.0,
2.9444389791664403,0,0,0,0,0,0,0,1,0,2015.0,0,,0.39706905832467565,China,,China 14th FYP,,0.0,
6.089044875446846,0,0,0,0,0,0,1,0,0,2021.0,1,,0.1606211010349441,Germany,,China 14th FYP,,0.0,
4.564348191467836,0,0,0,0,0,0,1,0,0,2007.0,1,,0.48020292851237906,Germany,,China 14th FYP,,0.0,
0.0,0,0,0,0,0,0,0,0,0,2021.0,1,,-0.226537169874192,Germany,,China 14th FYP,,0.0,
4.990432586778736,0,0,0,0,0,0,0,0,0,2020.0,0,,0.16645026790979758,France,,China 14th FYP,,0.0,
6.003887067106539,0,0,0,0,0,0,1,0,0,2022.0,1,,0.011826849986553948,France,,China 14th FYP,,0.0,
9.455323689894849,0,0,0,0,0,0,1,0,0,2022.0,1,,0.1852689477553178,Belgium,,China 14th FYP,,0.0,
4.30406509320417,0,0,0,0,0,0,1,0,0,2018.0,0,,0.1660985442333094,Belgium,,China 14th FYP,,0.0,
5.799092654460526,0,0,0,0,0,1,0,0,0,2022.0,0,,-0.0224999778458018,Austria,,China 14th FYP,,0.0,
3.6375861597263857,0,0,0,0,0,0,1,0,0,2021.0,0,,-0.01257447377993027,Austria,,China 14th FYP,,0.0,
6.639875833826536,0,0,0,0,0,0,1,0,0,2022.0,0,,0.13692991798357373,Portugal,,China 14th FYP,,0.0,
4.143134726391533,0,0,0,0,0,0,1,0,0,2007.0,1,,0.5335652575073229,Portugal,,China 14th FYP,,0.0,
4.394449154672439,0,0,0,0,0,0,0,1,0,2020.0,0,,0.14455958774912736,Portugal,,China 14th FYP,,0.0,
10.839600519357369,0,0,0,0,1,0,0,0,0,2022.0,0,,0.02387067396735261,Portugal,Madoqua Renewables Holding B.v.,China 14th FYP,,0.0,
4.3694478524670215,0,0,0,0,0,0,1,0,0,2009.0,1,,0.48614556977407664,Italy,,China 14th FYP,,0.0,
4.962844630259907,0,0,0,0,0,0,1,0,0,2009.0,1,,0.4167092481712263,Italy,,China 14th FYP,,0.0,
6.52795791762255,0,0,0,0,0,0,0,0,0,2021.0,1,,0.16291316853310037,Italy,,China 14th FYP,,0.0,
9.123038043573386,0,0,0,0,0,0,1,0,0,2021.0,1,,0.32022826371427054,Portugal,,China 14th FYP,,0.0,
6.037870919922137,0,0,0,0,0,0,0,0,1,2021.0,0,,0.11092552417239702,Portugal,,China 14th FYP,,0.0,
2.772588722239781,0,0,0,0,0,1,0,0,0,2019.0,0,,0.0958473251246858,Portugal,,China 14th FYP,,0.0,
1.791759469228055,0,0,0,0,0,0,0,0,1,2021.0,0,,-0.16119343791225835,Italy,,China 14th FYP,,0.0,
8.073091199693154,0,0,0,0,1,0,0,0,0,2020.0,1,,0.332123351536694,Italy,,China 14th FYP,,0.0,
7.38025578842646,0,0,0,0,1,0,0,0,0,2020.0,1,,0.2818405544274845,Italy,,China 14th FYP,,0.0,
9.613536240640304,0,0,0,0,0,0,0,0,1,2020.0,1,,0.2866137394899951,Portugal,,China 14th FYP,,0.0,
5.247024072160486,0,0,0,0,0,0,1,0,0,2016.0,0,,0.25531267530248336,Italy,,China 14th FYP,,0.0,
2.6390573296152584,0,0,0,0,0,1,0,0,0,2016.0,0,,0.2206797265183865,Italy,,China 14th FYP,,0.0,
2.3978952727983707,0,0,0,0,0,0,0,0,1,2021.0,0,,-0.12364232040971823,Portugal,,China 14th FYP,,0.0,
0.0,0,0,0,0,0,1,0,0,0,2009.0,1,,-0.1459807399415854,Italy,,China 14th FYP,,0.0,
5.247024072160486,0,0,0,0,0,0,0,0,1,2014.0,0,,0.389021240787714,Italy,,China 14th FYP,,0.0,
1.6094379124341003,0,0,0,0,0,1,0,0,0,2002.0,1,,0.042313021514749125,Greece,,China 14th FYP,,0.0,
0.6931471805599453,0,0,0,0,0,1,0,0,0,2002.0,0,,-0.14724048534446119,Greece,,China 14th FYP,,0.0,
0.6931471805599453,0,0,0,0,0,1,0,0,0,2002.0,0,,-0.14724048534446119,Italy,,China 14th FYP,,0.0,
0.0,0,0,0,0,0,1,0,0,0,2002.0,0,,-0.1503323748705321,Greece,,China 14th FYP,,0.0,
0.6931471805599453,0,0,0,0,0,1,0,0,0,2002.0,1,,-0.14724048534446119,Italy,,China 14th FYP,,0.0,
8.136810863675537,0,0,0,0,0,0,0,1,0,2021.0,0,,0.2867635402752138,Sweden,Nippon Steel Corporation,China 14th FYP,,0.0,
3.713572066704308,0,0,0,0,0,0,1,0,0,2018.0,0,,0.16032276113890429,Sweden,,China 14th FYP,,0.0,
6.52795791762255,0,0,0,0,0,0,0,1,0,2020.0,0,,0.21393263676070204,Sweden,,China 14th FYP,,0.0,
0.0,0,0,0,0,0,0,1,0,0,2017.0,0,,-0.09439219709137127,Sweden,,China 14th FYP,,0.0,
9.325809621782296,0,0,0,0,1,0,0,0,0,2022.0,1,,0.10238055942854479,Sweden,,China 14th FYP,,0.0,
11.51293546492023,1,0,0,0,0,0,0,1,0,2021.0,0,,0.11542791917504289,Sweden,Stegra AB,China 14th FYP,,0.0,
10.12667110305036,0,0,0,0,0,0,1,0,0,2022.0,0,,0.1495994824042742,Finland,Prime Capital AG,China 14th FYP,,0.0,
0.0,0,0,0,0,0,0,0,1,0,2022.0,0,,-0.2337922205177028,Finland,,China 14th FYP,,0.0,
1.3862943611198906,0,0,0,0,0,0,0,0,0,2018.0,0,,-0.00720712319189892,Finland,,China 14th FYP,,0.0,
9.928228944424575,0,0,0,0,1,0,0,0,0,2021.0,1,,0.20657348737291603,Finland,,China 14th FYP,,0.0,
8.16194579946869,0,0,0,0,0,0,0,1,0,2021.0,0,,0.2872067305693479,Finland,P2X Solutions Oy,China 14th FYP,,0.0,
9.105090961257085,0,0,0,0,0,0,1,0,0,2021.0,1,,0.3208851176300474,Estonia,,China 14th FYP,,0.0,
4.990432586778736,0,0,0,0,0,0,1,0,0,2016.0,0,,0.25953547797855964,Estonia,,China 14th FYP,,0.0,
7.443663683115591,0,0,0,0,0,0,0,0,0,2022.0,0,,0.2278078912166412,Denmark,Skovgaard Energy A/S,China 14th FYP,,0.0,
11.691799418938693,1,0,0,0,0,0,0,1,0,2021.0,0,,0.11542791917504289,Denmark,Everfuel A/S,China 14th FYP,,0.0,
0.0,0,0,0,0,0,0,0,0,0,2006.0,1,,-0.143605827794743,Denmark,,China 14th FYP,,0.0,
2.772588722239781,0,0,0,0,0,1,0,0,0,2006.0,1,,0.4754918891774395,Denmark,,China 14th FYP,,0.0,
0.0,0,0,0,0,0,0,1,0,0,2013.0,1,,0.021242460175737644,Denmark,,China 14th FYP,,0.0,
0.0,0,0,0,0,0,0,0,0,0,2018.0,0,,-0.07147759337841726,Denmark,,China 14th FYP,,0.0,
0.0,0,0,0,0,0,0,0,0,0,2008.0,1,,-0.143605827794743,Denmark,,China 14th FYP,,0.0,
0.6931471805599453,0,0,0,0,0,1,0,0,0,2008.0,1,,-0.14724048534446119,Denmark,,China 14th FYP,,0.0,
5.147494476813453,0,0,0,0,0,0,0,0,0,2014.0,1,,0.3960057849275734,Denmark,,China 14th FYP,,0.0,
0.6931471805599453,0,0,0,0,0,0,0,0,1,2017.0,0,,-0.0448717632465717,Denmark,,China 14th FYP,,0.0,
0.0,0,0,0,0,0,0,0,0,0,2006.0,1,,-0.143605827794743,Denmark,,China 14th FYP,,0.0,
5.214935757608986,0,0,0,0,0,0,1,0,0,2016.0,0,,0.2556660654688319,Denmark,Eurowind Energy A/S,China 14th FYP,,0.0,
2.3978952727983707,0,0,0,0,0,0,0,0,0,2015.0,1,,0.2647913358955085,Denmark,,China 14th FYP,,0.0,
2.1972245773362196,0,0,0,0,0,0,0,0,0,2010.0,1,,0.21956587200249122,Denmark,,China 14th FYP,,0.0,
5.902633333401366,0,0,0,0,0,0,1,0,0,2021.0,1,,0.10465712562987889,Denmark,,China 14th FYP,,0.0,
2.1972245773362196,0,0,0,0,0,0,0,0,0,2009.0,1,,0.21402057583024692,Denmark,,China 14th FYP,,0.0,
7.62608275807238,0,0,0,0,1,0,0,0,0,2021.0,0,,0.2783146973627487,Denmark,,China 14th FYP,,0.0,
7.62608275807238,0,0,0,0,1,0,0,0,0,2021.0,0,,0.2783146973627487,Denmark,Norlys Holding A/S,China 14th FYP,,0.0,
9.202912856147385,0,0,0,0,0,0,0,1,0,2021.0,0,,0.272777390988047,Denmark,,China 14th FYP,,0.0,
6.933423025730715,0,0,0,0,0,0,0,1,0,2021.0,0,,0.17786563607642647,Denmark,,China 14th FYP,,0.0,
7.88193748927207,0,0,0,0,1,0,0,0,0,2022.0,0,,0.158673145859933,Denmark,Everfuel A/S,China 14th FYP,,0.0,
10.775512868112267,0,0,0,0,1,0,0,0,0,2021.0,0,,0.10659267318208376,Denmark,Everfuel A/S,China 14th FYP,,0.0,
3.713572066704308,0,0,0,0,0,0,0,0,1,2009.0,1,,0.7333898609403043,Denmark,,China 14th FYP,,0.0,
12.097261739671994,1,0,0,0,0,0,1,0,0,2020.0,1,,0.14037832366205874,Denmark,,China 14th FYP,,0.0,
10.62137612498452,0,0,0,0,0,0,1,0,0,2020.0,1,,0.19069981899065766,Denmark,,China 14th FYP,,0.0,
7.443663683115591,0,0,0,0,0,0,1,0,0,2020.0,1,,0.3517179929712697,Denmark,,China 14th FYP,,0.0,
4.2626798770413155,0,0,0,0,0,0,1,0,0,2019.0,0,,0.1444163702059662,Denmark,,China 14th FYP,,0.0,
8.989319566042951,0,0,0,0,1,0,0,0,0,2022.0,0,,0.1599354025350463,Denmark,European Energy A/S,China 14th FYP,,0.0,
0.6931471805599453,0,0,0,0,0,0,1,0,0,2012.0,0,,0.04025898181985864,Denmark,,China 14th FYP,,0.0,
0.6931471805599453,0,0,0,0,0,0,1,0,0,2012.0,0,,0.04025898181985864,Denmark,,China 14th FYP,,0.0,
0.6931471805599453,0,0,0,0,0,0,1,0,0,2012.0,0,,0.04025898181985864,Denmark,,China 14th FYP,,0.0,
0.6931471805599453,0,0,0,0,0,0,1,0,0,2012.0,0,,0.04025898181985864,Denmark,,China 14th FYP,,0.0,
1.0986122886681098,0,0,0,0,0,0,1,0,0,2009.0,0,,-0.13565509333850173,Denmark,,China 14th FYP,,0.0,
1.0986122886681098,0,0,0,0,0,0,1,0,0,2011.0,0,,0.020322578826757462,Denmark,,China 14th FYP,,0.0,
8.202756381655638,0,0,0,0,0,0,0,0,0,2020.0,1,,0.1480357842644709,Spain,,EU IF eligible,,,1.0
10.089510583746897,0,0,0,0,1,0,0,0,0,2021.0,0,,0.08916257425421989,Spain,Repsol S.A.,EU IF eligible,,,1.0
5.707110264748875,0,0,0,0,0,0,1,0,0,2020.0,0,,0.17264780738878724,Spain,,EU IF eligible,,,1.0
6.90875477931522,0,0,0,0,0,0,1,0,0,2021.0,1,,0.20004629288672093,Spain,,EU IF eligible,,,1.0
8.989319566042951,0,0,0,0,0,0,0,1,0,2022.0,0,,-0.16499472647801688,Spain,,EU IF eligible,,,1.0
10.101108146619252,0,0,0,0,0,0,0,1,0,2021.0,0,,-0.029805819151479174,Spain,"Endesa, S.A.",EU IF eligible,,,1.0
9.707898368741269,0,0,0,0,0,0,0,1,0,2021.0,0,,-0.11969604228888842,Spain,SMARTENERGY Group AG,EU IF eligible,,,1.0
2.833213344056216,0,0,0,0,0,0,0,0,0,2009.0,0,,0.26232522004501563,Spain,,EU IF eligible,,,0.0
1.9459101490553132,0,0,0,0,0,0,0,0,1,2015.0,1,,0.11441213896187233,Spain,,EU IF eligible,,,0.0
2.0794415416798357,0,0,0,0,0,0,0,0,0,2005.0,1,,0.18046144842454837,Spain,,EU IF eligible,,,0.0
2.8903717578961645,0,0,0,0,0,0,0,0,0,2005.0,0,,0.2608910361052422,Spain,,EU IF eligible,,,0.0
2.8903717578961645,0,0,0,0,0,0,1,0,0,2009.0,0,,0.2667679676960867,Spain,,EU IF eligible,,,0.0
4.02535169073515,0,0,0,0,0,0,0,0,0,2005.0,1,,0.5517767753114022,Spain,,EU IF eligible,,,0.0
0.0,0,0,0,0,0,0,0,0,0,2001.0,1,,0.346498942578481,Spain,,EU IF eligible,,,0.0
0.0,0,0,0,0,0,1,0,0,0,1997.0,1,,0.29595328189323367,Spain,,EU IF eligible,,,0.0
1.0986122886681098,0,0,0,0,0,0,0,0,1,2011.0,1,,0.23077231038663204,Spain,,EU IF eligible,,,0.0
3.5553480614894135,0,0,0,0,0,0,0,0,0,2007.0,1,,0.39790404266694296,Spain,,EU IF eligible,,,0.0
5.860786223465865,0,0,0,0,1,0,0,0,0,2021.0,0,,0.17769871400363596,Spain,Repsol S.A.,EU IF eligible,,,1.0
9.61587214452889,0,0,0,0,1,0,0,0,0,2021.0,0,,-0.023659766810989774,Spain,Repsol S.A.,EU IF eligible,,,1.0
10.949331775665582,0,0,0,0,0,0,0,1,0,2020.0,0,,0.04792251965648701,Spain,,EU IF eligible,,,1.0
10.596659732783579,0,0,0,0,1,0,0,0,0,2021.0,1,,0.0911985427226234,Spain,,EU IF eligible,,,1.0
8.006700845440367,0,0,0,0,1,0,0,0,0,2020.0,0,,0.2022355206036974,Spain,"Iberdrola, S.A.",EU IF eligible,,,1.0
10.043292972227004,0,0,0,0,1,0,0,0,0,2020.0,0,,0.156278839805084,Spain,unknown,EU IF eligible,,,1.0
11.55418256481843,1,0,0,0,0,0,0,1,0,2022.0,1,,-0.0021494619324165,France,,EU IF eligible,,,1.0
3.332204510175204,0,0,0,0,0,0,1,0,0,2019.0,0,,0.11993044967997109,France,,EU IF eligible,,,0.0
4.990432586778736,0,0,0,0,0,0,1,0,0,2022.0,0,,0.012345423893500919,France,,EU IF eligible,,,1.0
5.680172609017068,0,0,0,0,0,0,1,0,0,2022.0,1,,0.027667099948328184,France,,EU IF eligible,,,1.0
4.990432586778736,0,0,0,0,0,0,1,0,0,2019.0,0,,0.20881338989293513,France,,EU IF eligible,,,0.0
5.680172609017068,0,0,0,0,0,0,1,0,0,2020.0,0,,0.17015756269119134,France,,EU IF eligible,,,1.0
8.006700845440367,0,0,0,0,0,0,1,0,0,2021.0,0,,0.10830888094695847,France,Qair SAS,EU IF eligible,,,1.0
4.990432586778736,0,0,0,0,0,0,0,0,0,2021.0,0,,0.10359644961931509,France,,EU IF eligible,,,1.0
4.709530201312334,0,0,0,0,0,0,1,0,0,2019.0,0,,0.13878775720142772,France,,EU IF eligible,,,0.0
11.441171642706838,0,1,0,1,0,0,0,1,0,2021.0,1,,0.0756835056466316,France,L'Air Liquide S.A.,EU IF eligible,,,1.0
3.5553480614894135,0,0,0,0,0,0,0,0,1,2017.0,0,,0.10135328587742393,France,,EU IF eligible,,,0.0
2.9444389791664403,0,0,0,0,0,0,0,0,1,2018.0,0,,0.09308661766098211,France,,EU IF eligible,,,0.0
3.6635616461296463,0,0,0,0,0,0,1,0,0,2017.0,0,,0.132448980286297,France,,EU IF eligible,,,0.0
0.0,0,0,0,0,0,0,1,0,0,2016.0,1,,0.27032904097948596,France,,EU IF eligible,,,0.0
2.1972245773362196,0,0,0,0,0,0,1,0,0,2016.0,1,,0.12675960402575676,France,,EU IF eligible,,,0.0
6.2422232654551655,0,0,0,0,0,0,1,0,0,2021.0,1,,0.19085155596978748,France,,EU IF eligible,,,1.0
4.990432586778736,0,0,0,0,0,0,1,0,0,2019.0,0,,0.20881338989293513,France,,EU IF eligible,,,0.0
10.239995502805316,0,0,0,1,1,0,0,0,0,2017.0,0,,0.30248250636545093,France,L'Air Liquide S.A.,EU IF eligible,,,0.0
3.6635616461296463,0,0,0,0,0,0,0,1,0,2016.0,0,,0.09396251208409417,France,,EU IF eligible,,,0.0
2.772588722239781,0,0,0,0,0,0,1,0,0,2015.0,0,,0.11341097638480538,France,,EU IF eligible,,,0.0
0.0,0,0,0,0,0,0,0,0,1,2011.0,1,,0.2632370731280356,France,,EU IF eligible,,,0.0
0.0,0,0,0,0,0,0,0,0,1,2011.0,1,,0.2632370731280356,France,,EU IF eligible,,,0.0
3.912023005428146,0,0,0,0,0,0,1,0,0,2016.0,0,,0.14689285433923352,France,,EU IF eligible,,,0.0
0.0,0,0,0,0,0,1,0,0,0,2007.0,1,,0.29595328189323367,France,,EU IF eligible,,,0.0
3.713572066704308,0,0,0,0,0,0,0,0,0,2010.0,0,,0.45932652029834425,France,,EU IF eligible,,,0.0
3.9512437185814275,0,0,0,0,0,0,0,0,0,2007.0,0,,0.5356564372737844,France,,EU IF eligible,,,0.0
2.70805020110221,0,0,0,0,0,0,1,0,0,2007.0,1,,0.2339403206509094,France,,EU IF eligible,,,0.0
0.6931471805599453,0,0,0,0,0,0,0,0,0,1998.0,1,,0.34405071605809867,France,,EU IF eligible,,,0.0
5.902633333401366,0,0,0,0,0,0,1,0,0,2020.0,0,,0.19619173275812893,Poland,,EU IF eligible,,,1.0
5.8377304471659395,0,0,0,0,0,0,0,0,1,2015.0,1,,0.32524266542249075,Germany,,EU IF eligible,,,0.0
4.6443908991413725,0,0,0,0,0,0,0,0,0,2019.0,1,,0.13219233435657385,Germany,,EU IF eligible,,,0.0
6.0844994130751715,0,0,0,0,0,0,0,1,0,2022.0,1,,0.0821052969622996,Germany,,EU IF eligible,,,1.0
6.688354713946762,0,0,0,0,0,0,0,1,0,2021.0,0,,0.08760834186339568,Germany,,EU IF eligible,,,1.0
7.443663683115591,0,0,0,0,0,1,0,0,0,2021.0,0,,0.1876137169119228,Germany,,EU IF eligible,,,1.0
9.012011377036412,0,0,0,0,0,0,0,1,0,2019.0,1,,0.05882512862738213,Germany,,EU IF eligible,,,0.0
8.073091199693154,0,0,0,0,1,0,0,0,0,2021.0,1,,0.1400524611382964,Germany,,EU IF eligible,,,1.0
7.335633981927201,0,0,0,0,0,0,0,1,0,2020.0,0,,0.13189105263072987,Germany,ArcelorMittal S.A.,EU IF eligible,,,1.0
7.972810784121404,0,0,0,1,0,0,1,0,0,2021.0,0,,0.12216740136049009,Germany,L'Air Liquide S.A.,EU IF eligible,,,1.0
9.577064651767916,0,0,0,0,0,0,1,0,0,2019.0,0,,0.19468327576955527,Germany,,EU IF eligible,,,0.0
7.2868764117507,0,0,0,0,0,0,1,0,0,2019.0,0,,0.3089283139370658,Germany,unknown,EU IF eligible,,,0.0
8.987321812850125,0,0,0,0,1,0,0,0,0,2021.0,0,,-0.014864606106755707,Germany,BASF SE,EU IF eligible,,,1.0
9.210440366976517,0,0,0,0,0,1,0,0,0,2020.0,0,,0.05023183423433003,Germany,Luxcara GmbH,EU IF eligible,,,1.0
10.165890277802454,0,0,0,0,0,0,0,1,0,2021.0,0,,-0.030915332223868906,Germany,EWE Aktiengesellschaft,EU IF eligible,,,1.0
11.225256725762893,0,0,0,0,0,0,0,1,0,2020.0,1,,0.041629511876278065,Germany,,EU IF eligible,,,1.0
7.208600337960199,0,0,0,0,0,0,1,0,0,2020.0,0,,0.22693650453842348,Germany,,EU IF eligible,,,1.0
8.294299608857235,0,0,0,0,1,0,0,0,0,2019.0,0,,0.26696607144147605,Germany,VNG AG,EU IF eligible,,,0.0
9.745956164549392,0,0,0,0,1,0,0,0,0,2021.0,0,,-0.009538420665330456,Germany,RWE Aktiengesellschaft,EU IF eligible,,,1.0
9.608646582885868,0,0,0,0,0,0,0,1,0,2020.0,1,,-0.03135042123364296,Germany,,EU IF eligible,,,1.0
5.707110264748875,0,0,0,0,0,1,0,0,0,2018.0,0,,0.22304700763301383,Germany,,EU IF eligible,,,0.0
4.6443908991413725,0,0,0,0,0,0,0,0,0,2010.0,0,,0.5734586257693547,Germany,,EU IF eligible,,,0.0
1.6094379124341003,0,0,0,0,0,1,0,0,0,2009.0,1,,0.1911114816160865,Germany,,EU IF eligible,,,0.0
1.6094379124341003,0,0,0,0,0,0,0,0,0,2008.0,1,,0.25544840829782567,Germany,,EU IF eligible,,,0.0
10.375551557748782,0,0,1,0,0,0,0,1,0,2020.0,1,,0.06129430668851983,Germany,Uniper SE,EU IF eligible,,,1.0
9.305741456739435,0,0,1,0,1,0,0,0,0,2020.0,0,,0.07429358846373302,Germany,BP p.l.c.,EU IF eligible,,,1.0
4.61512051684126,0,0,0,0,0,0,0,0,0,2020.0,0,,0.05720070478401266,Germany,,EU IF eligible,,,1.0
11.132191993081248,0,0,0,0,1,0,0,0,0,2021.0,1,,0.0719886798880096,Germany,,EU IF eligible,,,1.0
10.739153740836397,0,0,0,0,1,0,0,0,0,2021.0,1,,0.09040381518376471,Germany,,EU IF eligible,,,1.0
8.542080906924017,0,0,0,0,0,0,0,0,1,2020.0,1,,0.08575457451989445,Germany,,EU IF eligible,,,1.0
9.588845298501564,0,0,0,0,1,0,0,0,0,2021.0,1,,-0.030174760953126614,Germany,,EU IF eligible,,,1.0
8.385032287813898,0,0,0,0,1,0,0,0,0,2021.0,1,,0.10647637940558594,Germany,,EU IF eligible,,,1.0
9.745956164549392,0,0,0,0,1,0,0,0,0,2021.0,0,,-0.009538420665330456,Germany,RWE Aktiengesellschaft,EU IF eligible,,,1.0
9.682404377188837,0,0,0,0,1,0,0,0,0,2021.0,0,,-0.007017644430912663,Germany,RWE Aktiengesellschaft,EU IF eligible,,,1.0
9.682404377188837,0,0,0,0,1,0,0,0,0,2022.0,0,,-0.028079080180039708,Germany,RWE Aktiengesellschaft,EU IF eligible,,,1.0
4.74493212836325,0,0,0,0,0,0,0,0,1,2011.0,0,,0.4711362027926243,Germany,,EU IF eligible,,,0.0
8.255568653283746,0,0,0,1,1,0,0,0,0,2021.0,0,,0.11740851795398091,Germany,Linde plc,EU IF eligible,,,1.0
4.727387818712341,0,0,0,0,0,0,0,1,0,2018.0,0,,0.11239303741603943,Germany,,EU IF eligible,,,0.0
9.684149252062896,0,0,1,0,1,0,0,0,0,2021.0,0,,-0.010769767950472759,Germany,Shell plc,EU IF eligible,,,1.0
7.170888478512505,0,0,0,0,1,0,0,0,0,2018.0,0,,0.3196955270017823,Germany,,EU IF eligible,,,0.0
1.6094379124341003,0,0,0,0,0,1,0,0,0,2012.0,1,,0.15792541963361437,Germany,,EU IF eligible,,,0.0
4.990432586778736,0,0,0,0,0,0,1,0,0,2017.0,0,,0.2871398007661032,Germany,,EU IF eligible,,,0.0
3.8066624897703196,0,0,0,0,0,0,1,0,0,2017.0,0,,0.13489303162549468,Germany,,EU IF eligible,,,0.0
3.4011973816621555,0,0,0,0,0,0,0,0,0,2011.0,1,,0.3509863012926778,Germany,,EU IF eligible,,,0.0
4.976733742420574,0,0,0,0,0,0,0,0,1,2017.0,0,,0.2257533391808852,Germany,,EU IF eligible,,,0.0
5.081404364984463,0,0,0,0,0,0,0,0,0,2015.0,0,,0.3558970285623562,Germany,,EU IF eligible,,,0.0
2.0794415416798357,0,0,0,0,0,1,0,0,0,2015.0,1,,0.11042344822144613,Germany,,EU IF eligible,,,0.0
5.147494476813453,0,0,0,0,0,0,1,0,0,2017.0,0,,0.3191183074620898,Germany,,EU IF eligible,,,0.0
5.081404364984463,0,0,0,0,0,0,0,1,0,2015.0,0,,0.2521994241014577,Germany,,EU IF eligible,,,0.0
5.272999558563747,0,0,0,0,0,0,0,0,1,2014.0,0,,0.3367681770905999,Germany,,EU IF eligible,,,0.0
2.5649493574615367,0,0,0,0,0,1,0,0,0,2011.0,1,,0.14941206315442365,Germany,,EU IF eligible,,,0.0
3.4011973816621555,0,0,0,0,0,0,0,0,1,2014.0,1,,0.11359426508116317,Germany,,EU IF eligible,,,0.0
5.081404364984463,0,0,0,0,0,1,0,0,0,2011.0,0,,0.5958032585855327,Germany,,EU IF eligible,,,0.0
0.0,0,0,0,0,0,1,0,0,0,2011.0,1,,0.30379833149555635,Germany,,EU IF eligible,,,0.0
5.081404364984463,0,0,0,0,0,1,0,0,0,2013.0,0,,0.49892504858129894,Germany,,EU IF eligible,,,0.0
3.4657359027997265,0,0,0,0,0,0,1,0,0,2013.0,0,,0.2562404392942163,Germany,,EU IF eligible,,,0.0
4.61512051684126,0,0,0,0,0,0,1,0,0,2016.0,0,,0.21113671284457822,Germany,,EU IF eligible,,,0.0
5.081404364984463,0,0,0,0,0,0,1,0,0,2013.0,0,,0.603936062132815,Germany,,EU IF eligible,,,0.0
5.081404364984463,0,0,0,0,0,1,0,0,0,2011.0,0,,0.5958032585855327,Germany,,EU IF eligible,,,0.0
4.5217885770490405,0,0,0,0,0,0,1,0,0,2012.0,0,,0.48394379267448834,Germany,,EU IF eligible,,,0.0
5.081404364984463,0,0,0,0,1,0,0,0,0,2015.0,0,,0.3567253478914049,Germany,,EU IF eligible,,,0.0
5.081404364984463,0,0,0,0,0,0,1,0,0,2010.0,0,,0.7481769595027452,Germany,,EU IF eligible,,,0.0
5.081404364984463,0,0,0,0,1,0,0,0,0,2011.0,0,,0.5986656973419495,Germany,,EU IF eligible,,,0.0
3.4011973816621555,0,0,0,0,0,0,0,0,1,2011.0,1,,0.23246033094113341,Germany,,EU IF eligible,,,0.0
5.225746673713202,0,0,0,0,0,0,0,0,1,2012.0,0,,0.4741622682359164,Germany,,EU IF eligible,,,0.0
5.262690188904886,0,0,0,0,0,0,0,0,1,2011.0,0,,0.5364845069616375,Germany,,EU IF eligible,,,0.0
4.07753744390572,0,0,0,0,0,1,0,0,0,2011.0,1,,0.40571982365344184,Germany,,EU IF eligible,,,0.0
3.9512437185814275,0,0,0,0,0,0,0,0,1,2011.0,1,,0.359943285477231,Germany,,EU IF eligible,,,0.0
5.327876168789581,0,0,0,0,0,0,0,0,1,2011.0,0,,0.5398296191054693,Germany,,EU IF eligible,,,0.0
5.327876168789581,0,0,0,0,1,0,0,0,0,2016.0,0,,0.3077262562320129,Germany,,EU IF eligible,,,0.0
5.303304908059076,0,0,0,0,0,0,0,0,1,2013.0,0,,0.43715099126112433,Germany,,EU IF eligible,,,0.0
5.3706380281276624,0,0,0,0,0,0,0,0,1,2011.0,0,,0.5398296191054693,Germany,,EU IF eligible,,,0.0
6.90875477931522,0,0,0,0,0,0,1,0,0,2011.0,0,,0.5705577838429988,Germany,,EU IF eligible,,,0.0
0.0,0,0,0,0,0,0,0,0,0,2007.0,1,,0.346498942578481,Germany,,EU IF eligible,,,0.0
0.0,0,0,0,0,0,0,0,0,0,2007.0,1,,0.346498942578481,Germany,,EU IF eligible,,,0.0
3.4011973816621555,0,0,0,0,1,0,0,0,0,2012.0,1,,0.2619038824358756,Germany,,EU IF eligible,,,0.0
5.7745515455444085,0,0,0,0,0,0,1,0,0,2007.0,0,,0.6934256044343625,Germany,,EU IF eligible,,,0.0
5.8377304471659395,0,0,0,0,0,1,0,0,0,2010.0,0,,0.5725274459668326,Germany,,EU IF eligible,,,0.0
3.784189633918261,0,0,0,0,0,0,0,0,1,2010.0,1,,0.3232028611204503,Germany,,EU IF eligible,,,0.0
3.9889840465642745,0,0,0,0,0,1,0,0,0,2007.0,1,,0.42027995181206135,Germany,,EU IF eligible,,,0.0
5.8377304471659395,0,0,0,0,0,1,0,0,0,2010.0,0,,0.5725274459668326,Germany,,EU IF eligible,,,0.0
5.8377304471659395,0,0,0,0,0,1,0,0,0,2007.0,0,,0.5649043501746532,Germany,,EU IF eligible,,,0.0
0.0,0,0,0,0,0,0,0,0,1,2007.0,1,,0.24916977120213815,Germany,,EU IF eligible,,,0.0
0.6931471805599453,0,0,0,0,0,0,0,0,1,2007.0,1,,0.24341306898074053,Germany,,EU IF eligible,,,0.0
3.9512437185814275,0,0,0,0,0,0,1,0,0,2007.0,1,,0.5375184845363614,Germany,,EU IF eligible,,,0.0
4.6443908991413725,0,0,0,0,0,0,1,0,0,2007.0,1,,0.614658724882423,Germany,,EU IF eligible,,,0.0
0.0,0,0,0,0,0,0,0,0,0,2007.0,1,,0.346498942578481,Germany,,EU IF eligible,,,0.0
5.8377304471659395,0,0,0,0,0,1,0,0,0,2007.0,0,,0.5649043501746532,Germany,,EU IF eligible,,,0.0
5.8377304471659395,0,0,0,0,0,0,1,0,0,2007.0,0,,0.6975652086103681,Germany,,EU IF eligible,,,0.0
5.955837369464831,0,0,0,0,0,0,1,0,0,2018.0,0,,0.30945069980587797,Germany,,EU IF eligible,,,0.0
5.996452088619021,0,0,0,0,0,0,1,0,0,2020.0,0,,0.21018722022041125,Germany,,EU IF eligible,,,1.0
6.059123195581797,0,0,0,0,0,0,0,0,0,2002.0,0,,0.6640067244176935,Germany,,EU IF eligible,,,0.0
3.8066624897703196,0,0,0,0,0,0,1,0,0,2020.0,0,,0.04575277663698645,Germany,,EU IF eligible,,,1.0
3.8066624897703196,0,0,0,0,0,0,1,0,0,2018.0,0,,0.08781536596643721,Germany,,EU IF eligible,,,0.0
0.0,0,1,0,0,0,0,0,0,0,2020.0,1,,0.32398450350000035,Germany,Gazprom Energoholding LLC ,EU IF eligible,,,1.0
2.1972245773362196,0,0,0,0,0,0,0,1,0,2021.0,1,,0.16946615178620583,Netherlands,,EU IF eligible,,,1.0
9.994287576862567,0,0,1,0,1,0,0,0,0,2022.0,0,,0.020188221893056447,Netherlands,Shell plc,EU IF eligible,,,1.0
6.035481432524756,0,0,0,0,0,0,1,0,0,2019.0,0,,0.31049007864257266,Netherlands,,EU IF eligible,,,0.0
7.38025578842646,0,0,0,0,0,1,0,0,0,2021.0,1,,0.18656620861811946,Netherlands,,EU IF eligible,,,1.0
8.296297112642508,0,0,0,0,0,1,0,0,0,2021.0,1,,0.08236485351576955,Netherlands,,EU IF eligible,,,1.0
6.1779441140506,0,0,0,0,0,1,0,0,0,2019.0,0,,0.27089325819372545,Netherlands,,EU IF eligible,,,0.0
9.811975152030021,0,0,1,0,1,0,0,0,0,2020.0,0,,0.11601211287570104,Netherlands,Uniper SE,EU IF eligible,,,1.0
5.480638923341991,0,0,0,0,0,0,1,0,0,2020.0,0,,0.1624371844619566,Netherlands,,EU IF eligible,,,1.0
6.267200548541362,0,0,0,0,1,0,0,0,0,2020.0,0,,0.23799235078921052,Netherlands,,EU IF eligible,,,1.0
8.006700845440367,0,0,0,0,1,0,0,0,0,2019.0,0,,0.28855839188142807,Netherlands,"Hycc B.V., Power2x B.V.",EU IF eligible,,,0.0
1.0986122886681098,0,0,0,0,0,1,0,0,0,2018.0,0,,0.23863321279304006,Netherlands,,EU IF eligible,,,0.0
5.081404364984463,0,0,0,0,0,0,0,0,1,2017.0,0,,0.23502589621614364,Netherlands,,EU IF eligible,,,0.0
4.990432586778736,0,0,0,0,0,0,0,0,1,2019.0,0,,0.1646516932398514,Netherlands,,EU IF eligible,,,0.0
10.152415802824065,0,0,0,1,1,0,0,0,0,2021.0,0,,0.09031823626477274,Netherlands,L'Air Liquide S.A.,EU IF eligible,,,1.0
9.577064651767916,0,0,0,0,0,0,0,1,0,2021.0,0,,-0.1324560676345911,Netherlands,,EU IF eligible,,,1.0
7.38025578842646,0,0,0,1,0,0,0,1,0,2021.0,0,,0.08680747191604554,Netherlands,L'Air Liquide S.A.,EU IF eligible,,,1.0
5.978885764901122,0,0,0,0,0,0,1,0,0,2020.0,0,,0.20749261266226487,Netherlands,,EU IF eligible,,,1.0
6.688354713946762,0,0,0,0,0,0,1,0,0,2018.0,0,,0.32359255569454043,Netherlands,,EU IF eligible,,,0.0
9.61587214452889,0,0,0,0,0,0,0,1,0,2019.0,1,,0.07649713722121682,Netherlands,,EU IF eligible,,,0.0
0.6931471805599453,0,0,0,0,0,0,0,0,1,2011.0,1,,0.25847344151687085,Netherlands,,EU IF eligible,,,0.0
6.582025138892826,0,0,0,0,0,0,0,0,1,2009.0,0,,0.5088818478600511,Netherlands,,EU IF eligible,,,0.0
0.6931471805599453,0,0,0,0,0,0,0,0,1,2006.0,1,,0.24341306898074053,Netherlands,,EU IF eligible,,,0.0
12.206077645517674,1,1,0,0,0,0,0,0,0,2019.0,1,,0.2228031208493528,Netherlands,Port of Den Helder Authority,EU IF eligible,,,0.0
12.367345048436391,1,1,1,0,0,0,0,1,0,2018.0,1,,0.17888004489745965,Netherlands,Equinor ASA,EU IF eligible,,,0.0
11.954767502920442,1,1,0,0,0,0,0,1,0,2021.0,1,,0.0756835056466316,Netherlands,Dow Chemical Company,EU IF eligible,,,1.0
12.611541086966115,1,1,0,0,1,0,0,0,0,2019.0,0,,0.2585944468673676,Netherlands,Port of Rotterdam Authority,EU IF eligible,,,0.0
6.688354713946762,0,0,0,0,0,0,1,0,0,2019.0,0,,0.3064838759001496,Belgium,,EU IF eligible,,,0.0
0.0,0,0,0,0,0,0,0,1,0,2021.0,1,,0.2874573329413443,Belgium,,EU IF eligible,,,1.0
9.745956164549392,0,0,0,0,1,0,0,0,0,2020.0,1,,0.10453787043187805,Belgium,,EU IF eligible,,,1.0
6.811244378601294,0,1,0,0,1,0,0,0,0,2020.0,1,,0.2950562042938661,Belgium,Port of Antwerp,EU IF eligible,,,1.0
1.791759469228055,0,0,0,0,0,1,0,0,0,2003.0,1,,0.15615256664937935,Belgium,,EU IF eligible,,,0.0
3.871201010907891,0,0,0,0,0,0,1,0,0,2013.0,1,,0.3447117252520038,Belgium,,EU IF eligible,,,0.0
3.2188758248682006,0,0,0,0,0,1,0,0,0,2010.0,1,,0.27738991014397085,Belgium,,EU IF eligible,,,0.0
9.458293602198967,0,0,0,0,0,0,0,1,0,2021.0,0,,-0.13700492059340322,Belgium,,EU IF eligible,,,1.0
8.35983738064003,0,0,0,0,0,0,0,1,0,2021.0,0,,-0.02943770122378777,Belgium,Virya Energy NV,EU IF eligible,,,1.0
12.367345048436391,1,1,0,0,0,0,0,1,0,2021.0,0,,0.0756835056466316,Belgium,Engie SA,EU IF eligible,,,1.0
5.707110264748875,0,0,0,0,0,0,0,1,0,2021.0,0,,0.11132593405315967,Austria,,EU IF eligible,,,1.0
6.688354713946762,0,0,0,0,0,0,1,0,0,2016.0,0,,0.3849928870162354,Austria,,EU IF eligible,,,0.0
4.2626798770413155,0,0,0,0,0,0,1,0,0,2016.0,0,,0.1750131804213751,Austria,,EU IF eligible,,,0.0
5.680172609017068,0,0,0,0,0,0,0,1,0,2021.0,0,,0.10846226133333702,Austria,,EU IF eligible,,,1.0
7.313886831633462,0,0,0,0,1,0,0,0,0,2021.0,0,,0.21807389852145512,Austria,OMV Aktiengesellschaft,EU IF eligible,,,1.0
7.496097345175956,0,0,0,0,0,0,0,1,0,2020.0,0,,0.12304437466213085,Austria,unknown,EU IF eligible,,,1.0
5.7745515455444085,0,0,0,0,0,0,0,0,1,2021.0,0,,0.06808585977770493,Austria,,EU IF eligible,,,1.0
6.933423025730715,0,0,0,0,0,0,0,0,0,2019.0,0,,0.29570531084461393,Austria,,EU IF eligible,,,0.0
6.870053411798126,0,0,0,0,0,0,0,1,0,2017.0,0,,0.22896491147299913,Austria,,EU IF eligible,,,0.0
0.0,0,0,0,0,0,0,0,0,1,2011.0,1,,0.2632370731280356,Austria,,EU IF eligible,,,0.0
2.833213344056216,0,0,0,0,0,0,0,0,1,2012.0,1,,0.12167608158717058,Austria,,EU IF eligible,,,0.0
6.870053411798126,0,0,0,0,0,1,0,0,0,2010.0,0,,0.5187891117671821,Austria,,EU IF eligible,,,0.0
6.918695219020472,0,0,0,0,0,0,1,0,0,2004.0,0,,0.5884507026189723,Austria,,EU IF eligible,,,0.0
7.247080584585756,0,0,0,0,0,0,1,0,0,2004.0,0,,0.5889826787968572,Austria,,EU IF eligible,,,0.0
6.2166061010848646,0,0,0,0,0,0,0,1,0,2026.0,0,,0.023426684425281646,Austria,,EU IF eligible,,,1.0
0.0,0,1,0,0,0,0,0,0,0,2024.0,1,,0.2556185033204696,Germany,Graforce Gmbh,EU IF eligible,,,1.0
5.902633333401366,0,0,0,0,0,0,1,0,0,2026.0,0,,-0.021997932758651615,Germany,Stadtwerke Düsseldorf AG,EU IF eligible,,,1.0
5.272999558563747,0,0,0,0,0,0,0,0,0,2026.0,0,,-0.021841383167951846,Netherlands,,EU IF eligible,,,1.0
5.081404364984463,0,0,0,0,0,0,1,0,0,2026.0,0,,-0.002485705913430527,Germany,,EU IF eligible,,,1.0
6.688354713946762,0,0,0,0,0,0,1,0,0,2026.0,0,,-0.03506477404811646,Spain,Diverxia Infraestructuras SL,EU IF eligible,,,1.0
9.928228944424575,0,0,0,0,1,0,0,0,0,2026.0,0,,0.036324335945919425,Spain,"Iberdrola, S.A.",EU IF eligible,,,1.0
5.081404364984463,0,0,0,0,0,0,0,1,0,2025.0,0,,0.04271336226040551,Germany,,EU IF eligible,,,1.0
7.38025578842646,0,0,0,0,0,0,1,0,0,2024.0,0,,-0.004587857512730241,Germany,SWU Energie GmbH,EU IF eligible,,,1.0
7.38025578842646,0,0,0,0,0,0,1,0,0,2025.0,0,,-0.009132013014773517,Germany,,EU IF eligible,,,1.0
7.38025578842646,0,0,0,0,0,0,0,0,0,2025.0,0,,0.036584972168564316,Germany,,EU IF eligible,,,1.0
6.90875477931522,0,0,0,0,0,0,1,0,0,2024.0,0,,0.0039479721420555,Germany,Stadtwerke Stuttgart GmbH,EU IF eligible,,,1.0
6.516193076042964,0,0,0,0,0,0,1,0,0,2025.0,0,,-0.02352826415516013,Germany,Sauerstoffwerk Friedrichshafen GmbH,EU IF eligible,,,1.0
4.454347296253507,0,0,0,0,0,0,0,1,0,2025.0,0,,0.022437431458251215,Spain,,EU IF eligible,,,1.0
7.453561871643373,0,0,0,0,0,0,0,0,1,2025.0,0,,-0.041968349972336144,Germany,Deutsche ReGas GmbH & Co. KGaA,EU IF eligible,,,1.0
5.081404364984463,0,0,0,0,0,0,1,0,0,2025.0,0,,-0.002485705913430527,Italy,Jmg Cranes Spa ,EU IF eligible,,,1.0
10.057923905840546,0,0,0,0,0,0,1,0,0,2025.0,0,,-0.0013717637479944908,United Kingdom,Carbon Neutral Fuels Ltd,EU IF eligible,,,0.0
6.311734809152915,0,0,0,0,0,0,1,0,0,2020.0,0,,0.22236703844341568,France,Hy2gen AG,EU IF eligible,,,1.0
11.599295803205079,1,0,0,0,0,0,0,0,1,2025.0,0,,-0.04769068521670122,Germany,Stablegrid Projects GmbH,EU IF eligible,,,1.0
8.478660241699453,0,0,0,0,0,0,0,0,1,2025.0,0,,-0.12608260092180582,Germany,Stablegrid Projects GmbH,EU IF eligible,,,1.0
3.784189633918261,0,0,0,0,0,0,0,0,0,2025.0,0,,0.014194211167455228,Sweden,,EU IF eligible,,,1.0
6.447305862541213,0,0,0,0,0,0,0,1,0,2024.0,0,,0.04426901712255002,Austria,,EU IF eligible,,,1.0
8.434028950155469,0,0,0,0,0,0,1,0,0,2025.0,0,,-0.10652240463474816,France,EDF Renouvelables,EU IF eligible,,,1.0
0.0,0,1,0,0,0,0,1,0,0,2025.0,0,,0.23635703320597537,Finland,,EU IF eligible,,,1.0
0.0,0,0,0,0,0,0,0,0,0,2025.0,0,,0.21429662411524752,Spain,,EU IF eligible,,,1.0
9.682404377188837,0,0,0,0,0,0,0,0,0,2025.0,0,,-0.09738175741184082,Greece,ALTUS renewables GmbH,EU IF eligible,,,1.0
6.61472560020376,0,0,0,0,0,0,1,0,0,2025.0,0,,-0.02794550016894762,Poland,,EU IF eligible,,,1.0
5.147494476813453,0,0,0,0,0,0,0,0,0,2024.0,0,,-0.0021492575242763323,Finland,,EU IF eligible,,,1.0
5.081404364984463,0,0,0,0,0,1,0,0,0,2025.0,0,,-0.0028607865351195864,Slovakia,,EU IF eligible,,,1.0
8.136810863675537,0,0,0,0,0,0,0,0,0,2025.0,0,,-0.04545209042021171,Finland,,EU IF eligible,,,1.0
4.430816798843313,0,0,0,0,0,0,0,1,0,2025.0,0,,0.021068385590344445,Belgium,,EU IF eligible,,,1.0
7.496097345175956,0,0,0,0,0,0,1,0,0,2025.0,0,,-0.017218418256397555,Germany,VoltH2 Holdings AG,EU IF eligible,,,1.0
5.081404364984463,0,0,0,0,0,0,0,1,0,2025.0,0,,0.04271336226040551,Italy,,EU IF eligible,,,1.0
5.209486152841421,0,0,0,0,0,0,0,0,0,2025.0,0,,-0.007631665029643627,Italy,,EU IF eligible,,,1.0
11.603688960617083,1,1,0,1,1,0,0,0,0,2023.0,0,,0.1803536331840321,Netherlands,"Air Products and Chemicals, Inc.",EU IF eligible,,,1.0
7.156176637480615,0,0,0,0,0,0,0,0,0,2025.0,0,,0.019405163070098607,Romania,,EU IF eligible,,,1.0
5.198497031265826,0,0,0,0,0,0,1,0,0,2025.0,0,,0.0042583094215696594,Germany,,EU IF eligible,,,1.0
0.0,0,0,0,0,0,0,0,0,0,2023.0,0,,0.2146521175788338,United Kingdom,,EU IF eligible,,,0.0
11.80061253740951,1,1,0,0,1,0,0,0,0,2022.0,1,,0.16692347668221927,Netherlands,Yara International,EU IF eligible,,,1.0
9.852246888342531,0,0,0,0,0,0,1,0,0,2024.0,0,,-0.058788252541572286,Estonia,,EU IF eligible,,,1.0
8.29529885950246,0,0,0,0,0,0,1,0,0,2024.0,0,,-0.0966444198766643,Estonia,,EU IF eligible,,,1.0
6.111467339502679,0,0,0,0,0,0,0,1,0,2025.0,0,,0.01845000057901842,Germany,,EU IF eligible,,,1.0
0.0,0,1,0,0,0,0,0,0,0,2025.0,0,,0.2530882260352042,Poland,Jastrzebska Spolka Weglowa SA,EU IF eligible,,,1.0
0.0,0,1,1,0,0,1,0,0,0,2018.0,1,,0.3231949680318108,United Kingdom,Equinor ASA,EU IF eligible,,,0.0
11.330611908144274,0,1,0,0,1,0,0,0,0,2020.0,1,,0.2215237630723618,Sweden,Preem AB,EU IF eligible,,,1.0
0.0,0,0,0,0,0,1,0,0,0,2025.0,0,,0.20426795232923564,Spain,,EU IF eligible,,,1.0
0.0,0,0,0,0,0,1,0,0,0,2025.0,0,,0.20426795232923564,Spain,,EU IF eligible,,,1.0
4.990432586778736,0,0,0,0,0,0,1,0,0,2025.0,0,,-0.016985530086580734,Finland,,EU IF eligible,,,1.0
7.972810784121404,0,0,0,0,0,0,0,1,0,2025.0,0,,-0.026644919664580366,Luxembourg,,EU IF eligible,,,1.0
9.90353755128617,0,1,0,0,0,1,0,0,0,2025.0,0,,0.1309219090678584,United Kingdom,EnergyPathways plc,EU IF eligible,,,0.0
9.977016785824244,0,0,0,0,1,0,0,0,0,2025.0,1,,0.04310260202228383,Spain,,EU IF eligible,,,1.0
10.53436031361157,0,0,0,0,0,0,1,0,0,2025.0,0,,0.05353915069110123,Spain,RIC Sun España S.L.,EU IF eligible,,,1.0
5.755742213586912,0,0,0,0,0,0,0,1,0,2025.0,0,,0.01674919632039388,Italy,,EU IF eligible,,,1.0
10.423471114086885,0,0,0,0,0,0,0,1,0,2025.0,0,,0.03982290964508225,Spain,"Avalon Renovables, S.L.",EU IF eligible,,,1.0
9.682404377188837,0,0,0,0,0,1,0,0,0,2023.0,0,,-0.07673271267000925,Spain,Moeve,EU IF eligible,,,1.0
6.688354713946762,0,0,0,0,0,0,1,0,0,2025.0,0,,-0.03506477404811646,Germany,,EU IF eligible,,,1.0
10.043292972227004,0,0,0,0,1,0,0,0,0,2025.0,0,,0.08031733976245489,Austria,OMV Aktiengesellschaft,EU IF eligible,,,1.0
5.7745515455444085,0,0,0,0,0,0,1,0,0,2025.0,0,,-0.024649367979873577,Slovakia,,EU IF eligible,,,1.0
5.8377304471659395,0,0,0,0,0,0,1,0,0,2025.0,0,,-0.016604313103259633,Slovakia,,EU IF eligible,,,1.0
5.796057750765372,0,0,0,0,0,0,1,0,0,2025.0,0,,-0.013438216341588234,Germany,,EU IF eligible,,,1.0
6.492239835020471,0,0,0,0,0,0,0,0,0,2025.0,0,,0.008823644921342246,Spain,,EU IF eligible,,,1.0
8.420021279663963,0,0,0,0,0,0,0,1,0,2025.0,0,,-0.08358239134531995,Spain,,EU IF eligible,,,1.0
6.55250788703459,0,0,0,0,0,0,0,1,0,2025.0,0,,0.03451772256855755,Italy,,EU IF eligible,,,1.0
6.6895992691789665,0,0,0,0,0,0,1,0,0,2025.0,0,,-0.037578536789516837,Germany,,EU IF eligible,,,1.0
10.308985993422082,0,0,0,0,1,0,0,0,0,2021.0,1,,0.08929155794290654,Netherlands,,EU IF eligible,,,1.0
7.382124365737512,0,0,0,0,0,0,1,0,0,2025.0,0,,-0.004302040504268148,Sweden,Lhyfe SA,EU IF eligible,,,1.0
10.915106645867503,0,0,0,0,0,0,1,0,0,2024.0,0,,0.024717171342990767,Portugal,SwitcH2 Offshore,EU IF eligible,,,1.0
7.849323818040561,0,0,0,0,0,0,1,0,0,2025.0,0,,-0.039847441537985334,Belgium,,EU IF eligible,,,1.0
11.502885230075814,0,0,0,0,1,0,0,0,0,2024.0,0,,0.0816380947094455,Portugal,,EU IF eligible,,,1.0
7.38025578842646,0,0,0,0,0,1,0,0,0,2024.0,0,,0.06196253528378756,Germany,,EU IF eligible,,,1.0
0.0,0,1,0,0,0,0,0,0,0,2024.0,0,,0.2556185033204696,Finland,Oulun Energia,EU IF eligible,,,1.0
9.392745258631441,0,1,0,0,0,0,0,0,0,2022.0,1,,0.05762243777908079,Sweden,,EU IF eligible,,,1.0
6.688354713946762,0,0,0,0,0,0,0,1,0,2024.0,0,,0.022176062716173513,Denmark,,EU IF eligible,,,1.0
6.464588303689961,0,0,0,0,1,0,0,0,0,2024.0,0,,0.0752650462063499,Italy,,EU IF eligible,,,1.0
5.10594547390058,0,0,0,0,0,0,1,0,0,2024.0,0,,0.007069345930241101,Spain,,EU IF eligible,,,1.0
10.819798284210286,0,0,0,0,0,0,0,0,0,2024.0,0,,0.024663156363683016,Germany,,EU IF eligible,,,1.0
10.308985993422082,0,0,0,0,0,0,0,0,1,2024.0,0,,-0.04531794062739756,Germany,Deutsche ReGas GmbH & Co. KGaA,EU IF eligible,,,1.0
13.63318980117,1,1,0,0,0,0,0,0,0,2024.0,0,,0.14117309800472644,United Kingdom,Associated British Ports,EU IF eligible,,,0.0
10.596659732783579,0,1,0,0,0,0,0,0,0,2023.0,0,,0.15975982040019016,United Kingdom,BOC,EU IF eligible,,,0.0
8.922791623969637,0,0,0,0,1,0,0,0,0,2023.0,0,,-0.08867215635150016,Greece,Motor Oil (Hellas) Corinth Refineries S.A.,EU IF eligible,,,1.0
5.517452896464707,0,0,0,0,0,0,0,0,1,2023.0,0,,-0.11773379561613573,Italy,,EU IF eligible,,,1.0
6.803505257608338,0,0,0,0,0,0,0,1,0,2024.0,0,,0.015794898741686318,Germany,Enertrag Service GmbH,EU IF eligible,,,1.0
5.117993812416755,0,0,0,0,0,0,0,1,0,2024.0,0,,0.04583195676487795,Italy,,EU IF eligible,,,1.0
5.796057750765372,0,0,0,0,0,0,1,0,0,2024.0,0,,-0.008196902995447782,United Kingdom,,EU IF eligible,,,0.0
2.772588722239781,0,0,0,0,0,0,0,0,0,2022.0,0,,0.10051650385959572,United Kingdom,,EU IF eligible,,,0.0
9.820160289946374,0,0,0,1,0,0,0,0,1,2024.0,0,,-0.12797910291890355,Germany,L'Air Liquide S.A.,EU IF eligible,,,1.0
7.363913501405819,0,0,0,0,0,0,1,0,0,2024.0,0,,-0.001430490877296249,Germany,HyDN GmbH,EU IF eligible,,,1.0
10.282403325410757,0,0,0,0,1,0,0,0,0,2024.0,1,,0.10740205126440683,Lithuania,,EU IF eligible,,,1.0
7.3783837129967145,0,0,0,0,1,0,0,0,0,2023.0,0,,0.0604255788591042,Spain,Repsol S.A.,EU IF eligible,,,1.0
5.272999558563747,0,0,0,0,0,0,0,0,0,2024.0,0,,-0.017598496012839634,Denmark,,EU IF eligible,,,1.0
7.2868764117507,0,0,0,0,0,0,1,0,0,2024.0,0,,-0.007416161199146606,Sweden,Lhyfe SA,EU IF eligible,,,1.0
4.48863636973214,0,0,0,0,0,0,0,1,0,2024.0,0,,0.025861170548031963,Spain,,EU IF eligible,,,1.0
4.418840607796598,0,0,0,0,0,0,0,0,0,2024.0,0,,-0.020839357101729235,Germany,,EU IF eligible,,,1.0
12.345838935721968,1,1,0,0,0,0,0,1,0,2022.0,1,,0.11876645785554493,Germany,VNG AG,EU IF eligible,,,1.0
12.460718739865236,1,1,1,0,0,0,0,1,0,2021.0,1,,0.0756835056466316,Netherlands,Equinor ASA,EU IF eligible,,,1.0
2.833213344056216,0,0,0,0,0,1,0,0,0,2024.0,0,,0.060709584489428904,Portugal,,EU IF eligible,,,1.0
6.7650389767805414,0,0,0,0,0,0,1,0,0,2024.0,0,,-0.0322529427217069,Netherlands,,EU IF eligible,,,1.0
5.7745515455444085,0,0,0,0,0,0,0,0,0,2024.0,0,,-0.029699814051646747,Finland,,EU IF eligible,,,1.0
7.937731775260109,0,0,1,0,1,0,0,0,0,2021.0,0,,0.17483200020285602,Spain,BP p.l.c.,EU IF eligible,,,1.0
5.707110264748875,0,0,0,0,0,0,1,0,0,2023.0,0,,-0.041987022645763004,Netherlands,,EU IF eligible,,,1.0
7.785720896534624,0,0,1,0,0,0,0,1,0,2024.0,0,,-0.004070195966962856,United Kingdom,Grenian Hydrogen Limited,EU IF eligible,,,0.0
10.580937168488774,0,1,0,1,0,0,0,1,0,2013.0,0,,0.3234491368712016,France,L'Air Liquide S.A.,EU IF eligible,,,0.0
7.313886831633462,0,0,0,0,1,0,0,0,0,2022.0,0,,0.14077145892867265,Croatia,,EU IF eligible,,,1.0
6.202535517187923,0,0,0,0,0,0,1,0,0,2024.0,0,,-0.023508770705270396,Finland,,EU IF eligible,,,1.0
4.990432586778736,0,1,0,0,0,0,0,0,0,2021.0,1,,0.1798531454756207,Germany,HiiROC Limited,EU IF eligible,,,1.0
9.864746724219698,0,0,1,0,1,0,0,0,0,2024.0,0,,0.02721838240872341,United Kingdom,Uniper SE,EU IF eligible,,,0.0
4.919980925828125,0,0,0,0,0,0,1,0,0,2024.0,0,,-0.03909199717098069,Spain,,EU IF eligible,,,1.0
8.073091199693154,0,0,0,0,0,0,0,1,0,2024.0,0,,-0.02534163022526393,United Kingdom,,EU IF eligible,,,0.0
9.798182590890704,0,0,0,0,0,0,1,0,0,2021.0,1,,-0.016676321835409486,Finland,,EU IF eligible,,,1.0
8.922791623969637,0,0,0,0,0,0,0,0,1,2023.0,0,,-0.20339496018784825,Germany,,EU IF eligible,,,1.0
7.824445930877619,0,0,0,0,0,0,0,0,1,2023.0,0,,-0.08840500180037511,Germany,,EU IF eligible,,,1.0
4.976733742420574,0,0,0,0,0,0,0,1,0,2023.0,0,,0.035517251491650276,Germany,,EU IF eligible,,,1.0
6.933423025730715,0,0,0,0,0,0,0,0,1,2023.0,0,,-0.0636247667555744,Denmark,,EU IF eligible,,,1.0
5.017279836814924,0,0,0,0,0,0,1,0,0,2023.0,0,,-0.02354108946814638,Germany,,EU IF eligible,,,1.0
6.2422232654551655,0,0,0,0,0,0,0,1,0,2023.0,0,,0.025893474085200735,Denmark,,EU IF eligible,,,1.0
2.8903717578961645,0,0,0,0,0,1,0,0,0,2007.0,1,,0.170128046081999,Greenland,,EU IF eligible,,,0.0
5.393627546352362,0,0,0,0,0,0,1,0,0,2023.0,0,,-0.03239254801887281,Sweden,Metacon AB (publ),EU IF eligible,,,1.0
7.2868764117507,0,0,0,0,0,0,1,0,0,2023.0,0,,-0.03763884219000867,Germany,Lhyfe SA,EU IF eligible,,,1.0
0.0,0,0,0,0,1,0,0,0,0,2023.0,0,,0.21973884879783628,Belgium,,EU IF eligible,,,1.0
0.0,0,0,0,0,0,0,0,0,0,2023.0,0,,0.2146521175788338,Germany,,EU IF eligible,,,1.0
7.53689712956617,0,0,0,0,1,0,0,0,0,2023.0,0,,0.047585654166292936,United Kingdom,Trafigura Group Pte. Ltd.,EU IF eligible,,,0.0
6.3561076606958915,0,0,0,0,0,0,1,0,0,2023.0,0,,-0.03926605986796332,France,,EU IF eligible,,,1.0
9.61587214452889,0,0,0,0,1,0,0,0,0,2023.0,0,,-0.06324657349275456,Portugal,"Galp Energia, SGPS, S.A.",EU IF eligible,,,1.0
9.105090961257085,0,0,0,0,0,0,0,1,0,2023.0,0,,-0.18799818285724015,Germany,Salzgitter Flachstahl GmbH,EU IF eligible,,,1.0
8.517393171418904,0,0,0,1,1,0,0,0,0,2023.0,0,,-0.014717511628990789,France,L'Air Liquide S.A.,EU IF eligible,,,1.0
5.117993812416755,0,0,0,0,0,0,1,0,0,2023.0,0,,-0.007741321124154644,United Kingdom,,EU IF eligible,,,0.0
10.021315031649332,0,0,0,0,1,0,0,0,0,2023.0,0,,0.05498455520780795,Germany,PCK Raffinerie GmbH,EU IF eligible,,,1.0
9.277812087091196,0,0,0,0,1,0,0,0,0,2022.0,0,,-0.1110733791506598,Spain,Forestal del Atlántico S.A.,EU IF eligible,,,1.0
4.709530201312334,0,0,0,0,0,0,0,0,0,2023.0,0,,-0.03819543831146101,United Kingdom,,EU IF eligible,,,0.0
6.1779441140506,0,0,0,0,0,0,0,0,0,2023.0,0,,-0.03515590630049919,Spain,,EU IF eligible,,,1.0
11.968100948644052,1,1,1,0,0,0,0,1,0,2022.0,1,,0.11876645785554493,Germany,Wintershall Dea AG,EU IF eligible,,,1.0
11.407576060361786,0,1,1,0,1,0,0,0,0,2021.0,0,,0.16217448898636264,Netherlands,TotalEnergies SE,EU IF eligible,,,1.0
8.829665432675236,0,0,0,0,1,0,0,0,0,2023.0,0,,-0.07001672781521025,Portugal,Bondalti Chemicals S.A.,EU IF eligible,,,1.0
10.933124826700707,0,1,0,0,1,0,0,0,0,2023.0,0,,0.18767908143265352,Greece,Motor Oil Holdings SA,EU IF eligible,,,1.0
9.301186055275759,0,0,0,0,0,0,0,0,1,2023.0,0,,-0.23496078727576,Germany,,EU IF eligible,,,1.0
0.0,0,0,0,0,0,1,0,0,0,2023.0,0,,0.20404316827663735,Spain,,EU IF eligible,,,1.0
6.594413459749778,0,0,0,0,0,0,1,0,0,2023.0,0,,-0.04605350560576475,France,,EU IF eligible,,,1.0
0.0,0,0,0,0,0,0,1,0,0,2023.0,0,,0.19171022345277655,France,,EU IF eligible,,,1.0
7.2868764117507,0,0,0,0,0,0,1,0,0,2023.0,0,,-0.03763884219000867,Belgium,Lhyfe SA,EU IF eligible,,,1.0
6.2166061010848646,0,0,0,0,0,0,1,0,0,2023.0,0,,-0.051381453270441926,Greece,,EU IF eligible,,,1.0
6.670766320845874,0,0,0,0,0,0,1,0,0,2023.0,1,,-0.04700941598495958,Poland,,EU IF eligible,,,1.0
0.0,0,1,0,0,0,0,0,0,0,2023.0,0,,0.25738682175005617,United Kingdom,,EU IF eligible,,,0.0
4.852030263919617,0,0,0,0,0,0,1,0,0,2023.0,0,,-0.0549225396590963,Lithuania,,EU IF eligible,,,1.0
6.1779441140506,0,0,0,0,0,1,0,0,0,2023.0,0,,-0.02135148959457046,Lithuania,,EU IF eligible,,,1.0
10.505094936455558,0,0,0,0,0,0,1,0,0,2023.0,0,,0.03141375898140558,Finland,,EU IF eligible,,,1.0
11.984958284017063,1,0,0,0,0,0,0,1,0,2023.0,0,,0.011270313920454696,Finland,,EU IF eligible,,,1.0
11.984958284017063,1,0,0,0,0,0,0,1,0,2023.0,0,,0.011270313920454696,Finland,,EU IF eligible,,,1.0
6.643789733147672,0,0,0,0,0,0,0,1,0,2023.0,0,,0.025326092938735927,Sweden,,EU IF eligible,,,1.0
0.0,0,1,0,0,0,1,0,0,0,2023.0,0,,0.2493306123512069,United Kingdom,,EU IF eligible,,,0.0
5.081404364984463,0,0,0,0,0,0,0,1,0,2021.0,0,,0.11090877242300057,Austria,,EU IF eligible,,,1.0
8.829665432675236,0,0,0,1,1,0,0,0,0,2021.0,0,,0.026168859239375376,Netherlands,L'Air Liquide S.A.,EU IF eligible,,,1.0
5.081404364984463,0,0,0,0,0,0,0,0,0,2023.0,0,,-0.011783147667469279,Hungary,Matrai Eromu ZRt.,EU IF eligible,,,1.0
7.38025578842646,0,0,0,0,0,0,1,0,0,2022.0,0,,0.05753095109929872,Germany,Rolls-Royce plc,EU IF eligible,,,1.0
7.157735484249907,0,0,0,0,0,0,0,1,0,2023.0,0,,0.0161174965010527,Germany,,EU IF eligible,,,1.0
7.785720896534624,0,0,0,0,0,0,0,1,0,2021.0,0,,0.05320627204979579,United Kingdom,Hyro Energy Limited,EU IF eligible,,,0.0
6.580639137284949,0,0,0,0,0,0,1,0,0,2023.0,0,,-0.04605350560576475,Germany,,EU IF eligible,,,1.0
6.81783057145415,0,0,0,0,0,0,1,0,0,2023.0,1,,-0.06744473446654524,United Kingdom,,EU IF eligible,,,0.0
3.58351893845611,0,0,0,0,0,1,0,0,0,2023.0,0,,0.020414969351617927,Portugal,,EU IF eligible,,,1.0
7.469083884921234,0,0,0,0,0,0,1,0,0,2022.0,0,,0.03371003999150249,Germany,RWE Aktiengesellschaft,EU IF eligible,,,1.0
10.712014884136147,0,0,0,0,1,0,0,0,0,2023.0,0,,0.08894408493487709,Denmark,Arcadia eFuels ApS,EU IF eligible,,,1.0
11.53643689243115,1,1,0,1,1,0,0,0,0,2023.0,0,,0.1803536331840321,Netherlands,L'Air Liquide S.A.,EU IF eligible,,,1.0
5.272999558563747,0,0,0,0,0,0,0,1,0,2023.0,0,,0.019474262410132552,Germany,,EU IF eligible,,,1.0
11.407576060361786,0,0,0,0,0,0,0,1,0,2021.0,0,,-0.03686260666079281,Denmark,Trafigura Group Pte. Ltd.,EU IF eligible,,,1.0
7.38025578842646,0,0,0,0,0,0,1,0,0,2021.0,0,,0.1794901881528861,Germany,,EU IF eligible,,,1.0
0.0,0,0,0,0,0,0,0,0,0,2017.0,0,,0.2909249601462028,Germany,,EU IF eligible,,,0.0
0.0,0,0,0,0,0,0,0,0,0,2013.0,0,,0.27951650431944813,Germany,,EU IF eligible,,,0.0
4.962844630259907,0,0,0,0,0,0,0,0,0,2021.0,1,,0.07323074862542005,United Kingdom,,EU IF eligible,,,0.0
5.272999558563747,0,0,0,0,1,0,0,0,0,2021.0,1,,0.1587874621915897,Germany,,EU IF eligible,,,1.0
0.0,0,0,0,0,0,0,0,1,0,2018.0,0,,0.2535531489680322,Germany,,EU IF eligible,,,0.0
9.875602349046593,0,0,0,0,1,0,0,0,0,2021.0,1,,0.016605337429330354,Germany,,EU IF eligible,,,1.0
5.996452088619021,0,0,0,0,0,0,0,0,1,2022.0,0,,-0.04179311231819053,Hungary,,EU IF eligible,,,1.0
4.382026634673881,0,0,0,0,0,0,0,0,1,2017.0,0,,0.1436947665254366,France,,EU IF eligible,,,0.0
5.996452088619021,0,0,0,0,0,0,0,0,0,2023.0,0,,-0.044440921973325324,Netherlands,,EU IF eligible,,,1.0
6.594413459749778,0,0,0,0,0,0,1,0,0,2023.0,0,,-0.04605350560576475,France,,EU IF eligible,,,1.0
7.443663683115591,0,0,0,0,0,0,1,0,0,2023.0,0,,-0.0415474419318664,United Kingdom,Hygen Energy Ltd.,EU IF eligible,,,0.0
4.59511985013459,0,0,0,0,0,0,1,0,0,2017.0,0,,0.20261257594135973,France,,EU IF eligible,,,0.0
9.325809621782296,0,0,0,0,1,0,0,0,0,2021.0,1,,-0.0409796521647488,Spain,,EU IF eligible,,,1.0
8.699681400989514,0,0,0,0,0,0,1,0,0,2023.0,0,,-0.15664220788065764,Netherlands,"Hycc B.V., Power2x B.V.",EU IF eligible,,,1.0
10.714439990727769,0,0,0,0,0,1,0,0,0,2023.0,0,,0.023495076669969472,Spain,Moeve,EU IF eligible,,,1.0
8.542080906924017,0,0,0,0,1,0,0,0,0,2023.0,0,,-0.02737085216785509,Sweden,Perstorp Holding AB,EU IF eligible,,,1.0
5.147494476813453,0,0,0,0,0,0,0,0,0,2023.0,0,,-0.018077338439960372,Spain,,EU IF eligible,,,1.0
10.896757843893464,0,0,0,0,1,0,0,0,0,2023.0,0,,0.07084360095385232,Germany,,EU IF eligible,,,1.0
8.699681400989514,0,0,0,0,1,0,0,0,0,2023.0,0,,-0.05009743708182326,Germany,unknown,EU IF eligible,,,1.0
6.111467339502679,0,0,0,0,0,0,1,0,0,2023.0,0,,-0.04799360634330835,Germany,,EU IF eligible,,,1.0
5.017279836814924,0,0,0,0,0,0,1,0,0,2022.0,0,,0.015149122770641697,Cyprus,,EU IF eligible,,,1.0
8.632662441222351,0,0,1,0,0,1,0,0,0,2022.0,0,,-0.0388757417990552,United Kingdom,"SSE plc, Equinor ASA",EU IF eligible,,,0.0
7.20934025660291,0,0,0,0,0,0,0,1,0,2022.0,1,,0.08575461473850587,Germany,,EU IF eligible,,,1.0
4.61512051684126,0,0,0,0,0,0,0,1,0,2022.0,0,,0.039620489208212185,Italy,,EU IF eligible,,,1.0
6.16541785423142,0,0,0,0,0,0,1,0,0,2022.0,0,,0.05046402761537149,Austria,,EU IF eligible,,,1.0
8.478660241699453,0,0,0,0,0,0,0,1,0,2022.0,0,,-0.07850346806623665,Spain,,EU IF eligible,,,1.0
8.073091199693154,0,0,0,0,0,0,0,1,0,2022.0,0,,-0.02570369564303407,Spain,"Endesa, S.A.",EU IF eligible,,,1.0
12.290510296660331,1,1,1,0,0,0,0,0,1,2022.0,1,,0.07368033633491175,United Kingdom,Equinor ASA,EU IF eligible,,,0.0
0.0,0,0,0,0,0,1,0,0,0,2022.0,1,,0.23399359924640134,Spain,,EU IF eligible,,,1.0
6.1779441140506,0,0,0,0,0,0,0,0,0,2020.0,0,,0.20514619418132177,Spain,,EU IF eligible,,,1.0
7.3783837129967145,0,0,0,0,1,0,0,0,0,2020.0,0,,0.2518141937256098,Hungary,MOL Magyar Olaj- és Gázipari Nyilvánosan Muködo Részvénytársaság,EU IF eligible,,,1.0
10.745744155683914,0,0,0,0,1,0,0,0,0,2022.0,0,,0.0619387364211291,Netherlands,,EU IF eligible,,,1.0
7.2868764117507,0,0,0,0,0,0,1,0,0,2022.0,0,,0.0797091343562399,Germany,Lhyfe SA,EU IF eligible,,,1.0
6.089044875446846,0,0,0,0,0,0,1,0,0,2022.0,0,,0.05187504897046383,Germany,,EU IF eligible,,,1.0
10.896757843893464,0,0,0,0,0,0,1,0,0,2022.0,0,,0.0033529842185940004,Germany,,EU IF eligible,,,1.0
8.699681400989514,0,0,0,0,0,0,1,0,0,2022.0,0,,-0.11936758891238924,Germany,H2apex Energy Gmbh,EU IF eligible,,,1.0
6.670766320845874,0,0,0,0,0,0,1,0,0,2022.0,0,,0.06800311593060393,Germany,,EU IF eligible,,,1.0
10.281958234245314,0,0,0,0,0,0,0,0,1,2020.0,1,,0.08620790097290307,Spain,,EU IF eligible,,,1.0
6.089044875446846,0,0,0,0,0,0,1,0,0,2021.0,1,,0.19118178549354506,Germany,,EU IF eligible,,,1.0
4.564348191467836,0,0,0,0,0,0,1,0,0,2007.0,1,,0.6184993881755672,Germany,,EU IF eligible,,,0.0
0.0,0,0,0,0,0,0,0,0,0,2021.0,1,,0.28570260704980943,Germany,,EU IF eligible,,,1.0
4.990432586778736,0,0,0,0,0,0,0,0,0,2020.0,0,,0.12261240065904508,France,,EU IF eligible,,,1.0
6.003887067106539,0,0,0,0,0,0,1,0,0,2022.0,1,,0.04804149173754058,France,,EU IF eligible,,,1.0
9.455323689894849,0,0,0,0,0,0,1,0,0,2022.0,1,,-0.14229437991666452,Belgium,,EU IF eligible,,,1.0
4.30406509320417,0,0,0,0,0,0,1,0,0,2018.0,0,,0.10583755378645673,Belgium,,EU IF eligible,,,0.0
5.799092654460526,0,0,0,0,0,1,0,0,0,2022.0,0,,0.03586447530564321,Austria,,EU IF eligible,,,1.0
3.6375861597263857,0,0,0,0,0,0,1,0,0,2021.0,0,,0.08033267858237328,Austria,,EU IF eligible,,,1.0
6.639875833826536,0,0,0,0,0,0,1,0,0,2022.0,0,,0.06535240989131402,Portugal,,EU IF eligible,,,1.0
4.143134726391533,0,0,0,0,0,0,1,0,0,2007.0,1,,0.5600529069391295,Portugal,,EU IF eligible,,,0.0
4.394449154672439,0,0,0,0,0,0,0,1,0,2020.0,0,,0.049082250636598684,Portugal,,EU IF eligible,,,1.0
10.839600519357369,0,0,0,0,1,0,0,0,0,2022.0,0,,0.06360074318338463,Portugal,Madoqua Renewables Holding B.v.,EU IF eligible,,,1.0
4.3694478524670215,0,0,0,0,0,0,1,0,0,2009.0,1,,0.5843772951063757,Italy,,EU IF eligible,,,0.0
4.962844630259907,0,0,0,0,0,0,1,0,0,2009.0,1,,0.6305267654763517,Italy,,EU IF eligible,,,0.0
6.52795791762255,0,0,0,0,0,0,0,0,0,2021.0,1,,0.1667665086931749,Italy,,EU IF eligible,,,1.0
9.123038043573386,0,0,0,0,0,0,1,0,0,2021.0,1,,-0.06482804710223375,Portugal,,EU IF eligible,,,1.0
6.037870919922137,0,0,0,0,0,0,0,0,1,2021.0,0,,0.09762343960016451,Portugal,,EU IF eligible,,,1.0
2.772588722239781,0,0,0,0,0,1,0,0,0,2019.0,0,,0.14246739563061062,Portugal,,EU IF eligible,,,0.0
1.791759469228055,0,0,0,0,0,0,0,0,1,2021.0,0,,0.1550667044435831,Italy,,EU IF eligible,,,1.0
0.0,0,1,0,0,0,0,0,0,0,2021.0,1,,0.33028120159049623,Greece,Energean,EU IF eligible,,,1.0
8.073091199693154,0,0,0,0,1,0,0,0,0,2020.0,1,,0.19690632775960792,Italy,,EU IF eligible,,,1.0
7.38025578842646,0,0,0,0,1,0,0,0,0,2020.0,1,,0.24307461784709267,Italy,,EU IF eligible,,,1.0
9.613536240640304,0,0,0,0,0,0,0,0,1,2020.0,1,,0.027677911530674372,Portugal,,EU IF eligible,,,1.0
5.247024072160486,0,0,0,0,0,0,1,0,0,2016.0,0,,0.34039281558011275,Italy,,EU IF eligible,,,0.0
2.6390573296152584,0,0,0,0,0,1,0,0,0,2016.0,0,,0.10016766068057827,Italy,,EU IF eligible,,,0.0
2.3978952727983707,0,0,0,0,0,0,0,0,1,2021.0,0,,0.09710305267248859,Portugal,,EU IF eligible,,,1.0
0.0,0,0,0,0,0,1,0,0,0,2009.0,1,,0.3009659357093798,Italy,,EU IF eligible,,,0.0
5.247024072160486,0,0,0,0,0,0,0,0,1,2014.0,0,,0.3390554535461694,Italy,,EU IF eligible,,,0.0
1.6094379124341003,0,0,0,0,0,1,0,0,0,2002.0,1,,0.18095622904418993,Greece,,EU IF eligible,,,0.0
0.6931471805599453,0,0,0,0,0,1,0,0,0,2002.0,0,,0.2904560131972242,Greece,,EU IF eligible,,,0.0
0.6931471805599453,0,0,0,0,0,1,0,0,0,2002.0,0,,0.2904560131972242,Italy,,EU IF eligible,,,0.0
0.0,0,0,0,0,0,1,0,0,0,2002.0,0,,0.29595328189323367,Greece,,EU IF eligible,,,0.0
0.6931471805599453,0,0,0,0,0,1,0,0,0,2002.0,1,,0.2904560131972242,Italy,,EU IF eligible,,,0.0
8.136810863675537,0,0,0,0,0,0,0,1,0,2021.0,0,,-0.0002940037303133,Sweden,Nippon Steel Corporation,EU IF eligible,,,1.0
3.713572066704308,0,0,0,0,0,0,1,0,0,2018.0,0,,0.09180119547500415,Sweden,,EU IF eligible,,,0.0
6.52795791762255,0,0,0,0,0,0,0,1,0,2020.0,0,,0.11717924420347957,Sweden,,EU IF eligible,,,1.0
0.0,0,0,0,0,0,0,1,0,0,2017.0,0,,0.28444908403628905,Sweden,,EU IF eligible,,,0.0
9.325809621782296,0,0,0,0,1,0,0,0,0,2022.0,1,,-0.10219798496084959,Sweden,,EU IF eligible,,,1.0
11.51293546492023,1,0,0,0,0,0,0,1,0,2021.0,0,,-0.03686260666079281,Sweden,Stegra AB,EU IF eligible,,,1.0
10.12667110305036,0,0,0,0,0,0,1,0,0,2022.0,0,,0.010362277496177559,Finland,Prime Capital AG,EU IF eligible,,,1.0
0.0,0,0,0,0,0,0,0,1,0,2022.0,0,,0.2535289491246026,Finland,,EU IF eligible,,,1.0
1.3862943611198906,0,0,0,0,0,0,0,0,0,2018.0,0,,0.2190164375379522,Finland,,EU IF eligible,,,0.0
9.928228944424575,0,0,0,0,1,0,0,0,0,2021.0,1,,0.027481670625685954,Finland,,EU IF eligible,,,1.0
11.107480356662066,0,1,0,0,1,0,0,0,0,2021.0,1,,0.17202456547434725,Finland,Neste Oyj,EU IF eligible,,,1.0
8.16194579946869,0,0,0,0,0,0,0,1,0,2021.0,0,,0.0024825629204563646,Finland,P2X Solutions Oy,EU IF eligible,,,1.0
9.105090961257085,0,0,0,0,0,0,1,0,0,2021.0,1,,-0.0642989241527286,Estonia,,EU IF eligible,,,1.0
4.990432586778736,0,0,0,0,0,0,1,0,0,2016.0,0,,0.31102241544601117,Estonia,,EU IF eligible,,,0.0
7.443663683115591,0,0,0,0,0,0,0,0,0,2022.0,0,,0.0794040352894519,Denmark,Skovgaard Energy A/S,EU IF eligible,,,1.0
11.691799418938693,1,0,0,0,0,0,0,1,0,2021.0,0,,-0.03686260666079281,Denmark,Everfuel A/S,EU IF eligible,,,1.0
0.0,0,0,0,0,0,0,0,0,0,2006.0,1,,0.346498942578481,Denmark,,EU IF eligible,,,0.0
2.772588722239781,0,0,0,0,0,1,0,0,0,2006.0,1,,0.1432391800976897,Denmark,,EU IF eligible,,,0.0
0.0,0,0,0,0,0,0,1,0,0,2013.0,1,,0.2745729930796194,Denmark,,EU IF eligible,,,0.0
0.0,0,0,0,0,0,0,0,0,0,2018.0,0,,0.27075744673481916,Denmark,,EU IF eligible,,,0.0
0.0,0,0,0,0,0,0,0,0,0,2008.0,1,,0.35353098283302986,Denmark,,EU IF eligible,,,0.0
0.6931471805599453,0,0,0,0,0,1,0,0,0,2008.0,1,,0.29751225317021507,Denmark,,EU IF eligible,,,0.0
5.147494476813453,0,0,0,0,0,0,0,0,0,2014.0,1,,0.41371887575581917,Denmark,,EU IF eligible,,,0.0
0.6931471805599453,0,0,0,0,0,0,0,0,1,2017.0,0,,0.23622197801959086,Denmark,,EU IF eligible,,,0.0
0.0,0,0,0,0,0,0,0,0,0,2006.0,1,,0.346498942578481,Denmark,,EU IF eligible,,,0.0
5.214935757608986,0,0,0,0,0,0,1,0,0,2016.0,0,,0.3415826241752664,Denmark,Eurowind Energy A/S,EU IF eligible,,,0.0
2.3978952727983707,0,0,0,0,0,0,0,0,0,2015.0,1,,0.09806092255619847,Denmark,,EU IF eligible,,,0.0
2.1972245773362196,0,0,0,0,0,0,0,0,0,2010.0,1,,0.1921637744883783,Denmark,,EU IF eligible,,,0.0
5.902633333401366,0,0,0,0,0,0,1,0,0,2021.0,1,,0.17199387120119183,Denmark,,EU IF eligible,,,1.0
2.1972245773362196,0,0,0,0,0,0,0,0,0,2009.0,1,,0.1797168293988421,Denmark,,EU IF eligible,,,0.0
7.62608275807238,0,0,0,0,1,0,0,0,0,2021.0,0,,0.20522259866833265,Denmark,,EU IF eligible,,,1.0
7.62608275807238,0,0,0,0,1,0,0,0,0,2021.0,0,,0.20522259866833265,Denmark,Norlys Holding A/S,EU IF eligible,,,1.0
9.202912856147385,0,0,0,0,0,0,0,1,0,2021.0,0,,-0.15884968746294129,Denmark,,EU IF eligible,,,1.0
6.933423025730715,0,0,0,0,0,0,0,1,0,2021.0,0,,0.11309001726357627,Denmark,,EU IF eligible,,,1.0
7.88193748927207,0,0,0,0,1,0,0,0,0,2022.0,0,,0.08996734379445437,Denmark,Everfuel A/S,EU IF eligible,,,1.0
10.775512868112267,0,0,0,0,1,0,0,0,0,2021.0,0,,0.07981789008876307,Denmark,Everfuel A/S,EU IF eligible,,,1.0
3.713572066704308,0,0,0,0,0,0,0,0,1,2009.0,1,,0.30305075668458065,Denmark,,EU IF eligible,,,0.0
12.097261739671994,1,0,0,0,0,0,1,0,0,2020.0,1,,0.12013783749495707,Denmark,,EU IF eligible,,,1.0
10.62137612498452,0,0,0,0,0,0,1,0,0,2020.0,1,,0.1554635633946359,Denmark,,EU IF eligible,,,1.0
7.443663683115591,0,0,0,0,0,0,1,0,0,2020.0,1,,0.21319748266586538,Denmark,,EU IF eligible,,,1.0
4.2626798770413155,0,0,0,0,0,0,1,0,0,2019.0,0,,0.10499014396176765,Denmark,,EU IF eligible,,,0.0
8.989319566042951,0,0,0,0,1,0,0,0,0,2022.0,0,,-0.07906685513830769,Denmark,European Energy A/S,EU IF eligible,,,1.0
0.6931471805599453,0,0,0,0,0,0,1,0,0,2012.0,0,,0.2866291065561265,Denmark,,EU IF eligible,,,0.0
0.6931471805599453,0,0,0,0,0,0,1,0,0,2012.0,0,,0.2866291065561265,Denmark,,EU IF eligible,,,0.0
0.6931471805599453,0,0,0,0,0,0,1,0,0,2012.0,0,,0.2866291065561265,Denmark,,EU IF eligible,,,0.0
0.6931471805599453,0,0,0,0,0,0,1,0,0,2012.0,0,,0.2866291065561265,Denmark,,EU IF eligible,,,0.0
1.0986122886681098,0,0,0,0,0,0,1,0,0,2009.0,0,,0.3265771626812134,Denmark,,EU IF eligible,,,0.0
1.0986122886681098,0,0,0,0,0,0,1,0,0,2011.0,0,,0.31332160480448856,Denmark,,EU IF eligible,,,0.0
1.0986122886681098,0,0,0,0,0,0,0,0,0,2016.0,0,,0.2509877603775259,United Kingdom,,EU IF eligible,,,0.0
9.020873347021357,0,0,0,0,0,0,0,1,0,2022.0,1,,-0.18757174920753836,United Kingdom,,EU IF eligible,,,0.0
7.38025578842646,0,0,0,0,0,0,0,1,0,2022.0,0,,0.06549918127446713,United Kingdom,Carlton Power Limited,EU IF eligible,,,0.0
8.160803920954665,0,0,0,0,0,0,0,1,0,2022.0,0,,-0.030679890444193655,United Kingdom,Carlton Power Limited,EU IF eligible,,,0.0
12.65320419151592,1,1,1,0,0,0,1,0,0,2020.0,1,,0.20317128167428564,United Kingdom,Exxon Mobil Corporation,EU IF eligible,,,0.0
12.661473293360718,1,1,1,0,0,1,0,0,0,2022.0,1,,0.1393448239231098,United Kingdom,Equinor ASA,EU IF eligible,,,0.0
0.0,0,0,0,0,0,0,0,0,0,2021.0,0,,0.28570260704980943,United Kingdom,,EU IF eligible,,,0.0
11.338250597584787,0,1,0,0,0,0,0,0,1,2022.0,1,,0.07339085550241042,United Kingdom,"McDermott International, Inc.",EU IF eligible,,,0.0
11.882480108335692,1,0,0,0,0,1,0,0,0,2022.0,1,,0.014530619842964485,United Kingdom,,EU IF eligible,,,0.0
5.680172609017068,0,0,0,0,0,1,0,0,0,2022.0,1,,0.022005010533547968,United Kingdom,,EU IF eligible,,,0.0
5.303304908059076,0,0,0,0,0,0,1,0,0,2016.0,0,,0.3337728605721274,United Kingdom,,EU IF eligible,,,0.0
12.593611365104882,1,1,0,0,0,0,0,1,0,2021.0,1,,0.0756835056466316,United Kingdom,,EU IF eligible,,,0.0
13.038766527911386,1,1,0,0,0,1,0,0,0,2021.0,1,,0.1413242297690098,United Kingdom,ARUP,EU IF eligible,,,0.0
7.915348169263078,0,0,0,0,0,0,1,0,0,2020.0,1,,0.18854588402638697,United Kingdom,,EU IF eligible,,,0.0
12.036925918271573,1,1,0,0,0,0,0,1,0,2022.0,0,,0.11876645785554493,United Kingdom,Kellas Midstream Limited,EU IF eligible,,,0.0
11.45025187044217,0,1,0,0,0,1,0,0,0,2019.0,0,,0.23036882711492518,United Kingdom,Kellas Midstream Limited,EU IF eligible,,,0.0
12.150649783571922,1,1,1,0,0,1,0,0,0,2022.0,0,,0.1393448239231098,United Kingdom,Uniper SE,EU IF eligible,,,0.0
11.786008995353765,1,1,1,0,0,0,0,1,0,2021.0,1,,0.0756835056466316,United Kingdom,BP p.l.c.,EU IF eligible,,,0.0
6.816735880594968,0,0,0,0,0,0,1,0,0,2021.0,1,,0.17128070848619334,United Kingdom,,EU IF eligible,,,0.0
6.1779441140506,0,0,0,0,0,0,1,0,0,2020.0,0,,0.22386040867955787,United Kingdom,,EU IF eligible,,,0.0
8.160803920954665,0,0,0,0,0,0,0,1,0,2021.0,0,,0.004336603902972179,United Kingdom,Carlton Power Limited,EU IF eligible,,,0.0
1.6094379124341003,0,0,0,0,0,1,0,0,0,2007.0,1,,0.18095622904418993,United Kingdom,,EU IF eligible,,,0.0
1.3862943611198906,0,0,0,0,0,1,0,0,0,2017.0,0,,0.23092584685423176,United Kingdom,,EU IF eligible,,,0.0
4.30406509320417,0,0,0,0,0,1,0,0,0,2015.0,0,,0.18455527701885907,United Kingdom,,EU IF eligible,,,0.0
0.0,0,1,0,0,0,0,0,0,0,2021.0,1,,0.33028120159049623,United Kingdom,RWE AG,EU IF eligible,,,0.0
1.9459101490553132,0,0,0,0,0,0,0,0,0,2021.0,0,,0.19996395437141642,United Kingdom,,EU IF eligible,,,0.0
0.6931471805599453,0,0,0,0,0,1,0,0,0,2009.0,1,,0.29588663777090685,United Kingdom,,EU IF eligible,,,0.0
1.791759469228055,0,0,0,0,0,1,0,0,0,2003.0,0,,0.15615256664937935,United Kingdom,,EU IF eligible,,,0.0
7.922623574217286,0,0,0,0,0,0,0,1,0,2021.0,1,,0.040534086143837536,United Kingdom,,EU IF eligible,,,0.0
8.073091199693154,0,0,0,0,0,0,1,0,0,2021.0,1,,0.09429265802214966,United Kingdom,,EU IF eligible,,,0.0
1.791759469228055,0,0,0,0,0,0,1,0,0,2021.0,0,,0.18654116048882,United Kingdom,,EU IF eligible,,,0.0
1.9459101490553132,0,0,0,0,0,1,0,0,0,2020.0,0,,0.18560411138635552,United Kingdom,,EU IF eligible,,,0.0
5.978885764901122,0,1,0,0,0,0,0,0,0,2021.0,0,,0.2544636007720379,United Kingdom,Cranfield University,EU IF eligible,,,0.0
12.593611365104882,1,1,0,0,0,0,0,1,0,2021.0,1,,0.0756835056466316,United Kingdom,,EU IF eligible,,,0.0
12.312196869488563,1,1,0,0,0,0,0,1,0,2021.0,1,,0.0756835056466316,United Kingdom,Essar Oil (UK) Limited,EU IF eligible,,,0.0
11.262385022799068,0,1,0,0,0,0,0,1,0,2021.0,0,,0.07936557677315646,United Kingdom,Essar Oil (UK) Ltd,EU IF eligible,,,0.0
1.9459101490553132,0,0,0,0,0,0,1,0,0,2013.0,0,,0.14116106757300578,United Kingdom,,EU IF eligible,,,0.0
4.394449154672439,0,0,0,0,0,0,0,0,0,2017.0,1,,0.17787599870812795,United Kingdom,,EU IF eligible,,,0.0
6.68586094706836,0,0,0,0,0,0,1,0,0,2020.0,1,,0.206034936648835,United Kingdom,,EU IF eligible,,,0.0
12.256009770735869,1,1,0,0,0,1,0,0,0,2021.0,1,,0.1413242297690098,United Kingdom,,EU IF eligible,,,0.0
2.1972245773362196,0,0,0,0,0,1,0,0,0,2002.0,0,,0.0999706285839245,United Kingdom,,EU IF eligible,,,0.0
11.982935344196433,1,1,1,0,0,0,0,1,0,2021.0,1,,0.0756835056466316,United Kingdom,BP p.l.c.,EU IF eligible,,,0.0
12.154784614286667,1,1,1,0,1,0,0,0,0,2021.0,1,,0.16217448898636264,United Kingdom,Storegga Geotechnologies Limited,EU IF eligible,,,0.0
7.979681302387741,0,0,0,0,0,0,1,0,0,2020.0,1,,0.181243964599594,United Kingdom,,EU IF eligible,,,0.0
9.586376669393536,0,0,0,0,1,0,0,0,0,2021.0,1,,-0.0314328577976616,United Kingdom,,EU IF eligible,,,0.0
6.643789733147672,0,0,0,0,0,0,0,0,0,2020.0,1,,0.19888479718778296,United Kingdom,,EU IF eligible,,,0.0
2.302585092994046,0,0,0,0,0,1,0,0,0,2014.0,0,,0.10177363245982354,United Kingdom,,EU IF eligible,,,0.0
2.302585092994046,0,0,0,0,0,1,0,0,0,2014.0,0,,0.10177363245982354,United Kingdom,,EU IF eligible,,,0.0
3.6375861597263857,0,0,0,0,0,1,0,0,0,2014.0,0,,0.14170577849451665,United Kingdom,,EU IF eligible,,,0.0
4.795790545596741,0,0,0,0,0,0,0,1,0,2021.0,0,,0.08762113968954142,United Kingdom,,EU IF eligible,,,0.0
5.7745515455444085,0,0,0,0,0,1,0,0,0,2020.0,1,,0.15795739991352914,United Kingdom,,EU IF eligible,,,0.0
12.899222326086994,1,1,1,0,0,0,0,0,1,2021.0,1,,0.08589898834183425,United Kingdom,Neptune Energy Group Ltd,EU IF eligible,,,0.0
12.122479057603426,1,1,1,0,0,1,0,0,0,2021.0,1,,0.1413242297690098,United Kingdom,Uniper SE,EU IF eligible,,,0.0
2.3978952727983707,0,0,0,0,0,0,0,0,0,2006.0,0,,0.17119637642643434,United Kingdom,,EU IF eligible,,,0.0
4.962844630259907,0,0,0,0,0,1,0,0,0,2021.0,1,,0.06869143155752275,United Kingdom,,EU IF eligible,,,0.0
7.157735484249907,0,0,0,0,0,0,0,1,0,2022.0,0,,0.0749318044899159,United Kingdom,,EU IF eligible,,,0.0
5.680172609017068,0,0,0,0,0,0,1,0,0,2021.0,0,,0.1475958531623524,United Kingdom,,EU IF eligible,,,0.0
6.639875833826536,0,0,0,0,0,1,0,0,0,2022.0,0,,0.10107334147555322,United Kingdom,,EU IF eligible,,,0.0
11.982935344196433,1,1,1,0,0,1,0,0,0,2020.0,0,,0.20103149113696048,United Kingdom,Equinor ASA,EU IF eligible,,,0.0
10.869729678852693,0,1,1,0,0,0,0,0,1,2022.0,0,,0.07725891998566362,United Kingdom,Storegga Norge AS,EU IF eligible,,,0.0
5.147494476813453,0,0,0,0,0,0,1,0,0,2013.0,1,,0.5990246258214773,United Kingdom,,EU IF eligible,,,0.0
