date,eua_phase3,eua_phase4,de_nets,eua,plug,bldp,be_bloom,nel,itm,enph,fslr,vws,rwe,engi,ibe,orsted,ttf_gas,henry_hub_gas,brent,wti,gold,sp500,stoxx50,msci_world,icln,hjen,hdro,DCOILBRENTEU,DCOILWTICO,DPROPANEMBTX,DGS10,DGS2,T10Y3M,T10Y2Y,BAMLH0A0HYM2,BAMLC0A0CM,DEXUSEU,DEXJPUS,DEXCHUS,DTWEXBGS,VIXCLS,USEPUINDXD,ppi_hydrogen_m2w,ppi_indgas_m2w,ez_10y_yield_m2w,industrial_production_m2w,n_announcements_m2w,h2_capacity_announced_m2w,PNGASJPUSDM_m2w,PCOPPUSDM_m2w,PALUMUSDM_m2w,PNICKUSDM_m2w,PURANUSDM_m2w,WPU0571_m2w,WPU0561_m2w,STLFSI4_m2w,GEPUCURRENT_m2w,INDPRO_m2w,IPGMFN_m2w,PAYEMS_m2w,CPILFENS_m2w,PCEPILFE_m2w,NAEXKP01EZQ652S_m2w
2009-06-03,,,,,10.100000381469728,1.8799999952316284,,60.321739196777344,15.935999870300291,,178.50999450683594,66.9541244506836,31.28383445739746,8.978129386901855,2.702303171157837,,,3.7660000324249263,65.87999725341797,66.12000274658203,964.5,931.760009765625,2483.389892578125,,16.66515350341797,,,66.15,66.14,0.82,3.56,0.91,3.42,2.65,,,1.4194,95.72,6.829,95.0751,31.02,76.74,100.0,100.0,4.32495409356537,,1.0,1.0,6.97,5015.431818181818,1579.627272727273,14944.36363636364,51.5,206.8,189.2,,116.62711109185172,84.7459,86.377,131008.0,219.283,88.392,
2009-06-10,,,,,9.300000190734863,1.8899999856948853,,62.28541564941406,14.9399995803833,,186.75,70.5345458984375,30.87213706970215,8.809782981872559,2.6823017597198486,,,3.7079999446868896,70.80000305175781,71.33000183105469,954.0,939.1500244140624,2500.93994140625,,17.433130264282227,,,70.52,71.38,0.878,3.98,1.38,3.8,2.6,,,1.3983,98.13,6.833,96.1277,28.46,98.31,,,,,,,,,,,,,,1.219,,,,,,,
2009-06-17,,,,,9.399999618530272,1.7000000476837158,,80.38807678222656,14.690999984741213,,168.30999755859375,66.05900573730469,29.927343368530273,8.495963096618652,2.4667394161224365,,,4.252999782562256,70.8499984741211,71.02999877929688,935.4000244140624,910.7100219726562,2383.7099609375,,15.960002899169922,,,68.95,71.07,0.867,3.68,1.19,3.51,2.49,,,1.385,95.65,6.8364,96.64,31.54,59.24,,,,,,,,,,,,,,1.0194,,,,,,,
2009-06-24,,,,,8.399999618530273,1.6200000047683716,,79.40623474121094,13.944000244140623,,171.19000244140625,68.9233627319336,29.832338333129883,8.706809997558594,2.5578536987304688,,,3.760999917984009,68.33000183105469,68.66999816894531,934.0999755859376,900.9400024414062,2418.4599609375,,15.854228973388672,,,68.47,68.14,0.816,3.72,1.19,3.53,2.53,,,1.4015,95.38,6.8307,96.2369,29.05,93.11,,,,,,,,,,,,,,1.5967,,,,,,,
2009-07-01,,,,,8.100000381469727,1.7300000190734863,,85.41999816894531,12.699000358581545,,155.2899932861328,68.56529998779297,30.17541885375977,8.914387702941895,2.593754291534424,,,3.7950000762939458,68.79000091552734,69.30999755859375,941.0,923.3300170898438,2449.72998046875,,16.1981258392334,,,68.52,69.32,0.814,3.55,1.05,3.38,2.5,,,1.4186,96.41,6.8331,95.6581,26.22,121.17,98.6,98.6,4.08867726431956,,11.0,178.0,8.05,5228.413043478261,1670.55652173913,16017.39130434783,49.7,188.1,160.6,,106.25893991265356,85.7027,84.5348,130662.0,219.35,88.468,2162361150518.4
2009-07-08,,,,,7.599999904632568,1.6299999952316284,,79.16077423095703,13.944000244140623,,149.5800018310547,64.44781494140625,28.01663398742676,8.09878921508789,2.4101266860961914,,,3.3529999256134033,60.43000030517578,60.13999938964844,909.0,879.5599975585938,2291.330078125,,14.443565368652344,,,59.71,60.15,0.652,3.33,0.91,3.15,2.42,,,1.3852,92.9,6.8323,97.0204,31.3,95.39,,,,,,,,,,,,,,1.2134,,,,,,,
2009-07-15,,,,,7.300000190734863,1.809999942779541,,72.3492660522461,14.192999839782717,,148.61000061035156,68.2072525024414,29.46286392211914,8.286750793457031,2.5799827575683594,,,3.2829999923706055,63.09000015258789,61.540000915527344,939.0999755859376,932.6799926757812,2451.02001953125,,15.271717071533203,,,61.25,61.49,0.74,3.63,1.03,3.45,2.6,,,1.4116,94.09,6.8315,95.8004,25.89,109.66,,,,,,,,,,,,,,1.4719,,,,,,,
2009-07-22,,,,,7.400000095367432,1.940000057220459,,75.78570556640625,12.947999954223633,,151.36000061035156,66.77509307861328,30.74018669128418,8.54336166381836,2.598345994949341,,,3.7929999828338623,67.20999908447266,65.4000015258789,953.0,954.0700073242188,2528.85009765625,,15.826154708862305,,,65.36,64.58,0.763,3.58,0.98,3.39,2.6,,,1.422,93.77,6.8305,94.8659,23.47,108.88,,,,,,,,,,,,,,1.0129,,,,,,,
2009-07-29,,,,,7.5,1.840000033378601,,71.55152130126953,13.446000099182127,,167.99000549316406,61.583465576171875,30.814075469970703,8.786901473999023,2.7039318084716797,,,3.378999948501587,66.52999877929688,63.349998474121094,927.2000122070312,975.1500244140624,2600.31005859375,,16.12793731689453,,,65.79,63.42,0.758,3.69,1.17,3.5,2.52,,,1.4033,95.13,6.8314,95.1678,25.61,79.19,,,,,,,,,,,,,,0.7829,,,,,,,
2009-08-05,,,,,7.900000095367432,1.830000042915344,,70.32422637939453,19.67099952697754,,149.5399932861328,64.44781494140625,30.771852493286133,8.662679672241211,2.736067771911621,,,4.041999816894531,75.51000213623047,71.97000122070312,964.2000122070312,1002.719970703125,2643.1298828125,,16.633258819580078,,,74.39,71.97,0.864,3.8,1.23,3.62,2.57,,,1.4391,94.98,6.8307,93.7848,24.9,81.17,96.8,96.8,3.89149233614812,,,,8.48,6176.875,1927.6375,19375.925,47.1875,209.6,188.6,,103.04966252756878,86.6426,88.174,130472.0,219.596,88.599,
2009-08-12,,,,,7.699999809265137,1.7599999904632568,,66.51959991455078,28.38599967956543,,144.99000549316406,68.9233627319336,31.41051483154297,9.195515632629396,2.7796790599823,,,3.4790000915527344,72.88999938964844,70.16000366210938,950.7000122070312,1005.8099975585938,2688.2099609375,,16.141977310180664,,,74.03,70.08,0.894,3.72,1.18,3.55,2.54,,,1.4215,96.16,6.8349,94.5394,25.45,90.7,,,,,,,,,,,,,,0.1691,,,,,,,
2009-08-19,,,,,7.300000190734863,1.7599999904632568,,63.51271438598633,32.61909866333008,,131.42999267578125,66.5960693359375,31.55303382873535,9.133403778076172,2.736067771911621,,,3.11899995803833,74.58999633789062,72.41999816894531,943.2999877929688,996.4600219726562,2622.8798828125,,15.187496185302734,,,72.81,72.54,0.935,3.45,1.01,3.28,2.44,,,1.4262,93.87,6.834,94.4084,26.26,62.03,,,,,,,,,,,,,,0.7969,,,,,,,
2009-08-26,,,,,7.199999809265137,1.7300000190734863,,61.11948013305664,31.374099731445312,,126.75,68.83384704589844,34.01793670654297,9.561636924743652,2.876084566116333,,,2.9100000858306885,71.6500015258789,71.43000030517578,944.2999877929688,1028.1199951171875,2788.89990234375,,15.047131538391112,,,70.74,71.38,0.93,3.44,1.06,3.29,2.38,,,1.423,94.25,6.8309,94.8662,24.95,179.18,,,,,,,,,,,,,,0.9681,,,,,,,
2009-09-02,,,,,6.699999809265137,1.7699999809265137,,59.52399444580078,27.141000747680664,,118.31999969482422,67.04362487792969,32.98869705200195,9.564905166625977,2.9105143547058105,,,2.7149999141693115,67.66000366210938,68.05000305175781,976.5999755859376,994.75,2703.760009765625,,14.352323532104492,,,67.6,68.03,0.929,3.29,0.89,3.15,2.4,,,1.4246,92.43,6.8303,95.1575,28.9,68.77,96.2,96.2,3.86698059992542,,,,8.55,6195.75,1835.597727272727,17404.63636363636,44.2777777777778,198.0,188.3,,105.98612316655009,87.4063,88.8417,130246.0,220.137,88.755,
2009-09-09,,,,,7.099999904632568,1.7699999809265137,,75.17205047607422,25.64699935913086,,136.61000061035156,71.4296646118164,33.16814422607422,9.976791381835938,2.9724888801574707,,,2.8289999961853027,69.83000183105469,71.30999755859375,995.2999877929688,1033.3699951171875,2820.580078125,,15.903363227844238,,,69.76,71.27,0.97,3.48,0.93,3.34,2.55,,,1.4573,91.85,6.8286,93.6915,24.32,178.84,,,,,,,,,,,,,,0.7085,,,,,,,
2009-09-16,,,,,7.900000095367432,1.9700000286102295,,75.35614776611328,26.892000198364254,,146.99000549316406,69.28138732910156,33.06258773803711,10.153314590454102,3.0413496494293213,,,3.759999990463257,71.66999816894531,72.51000213623047,1018.9000244140624,1068.760009765625,2882.280029296875,,16.906970977783203,,,68.51,72.5,0.977,3.48,1.01,3.38,2.47,,,1.4698,91.0,6.8247,92.9072,23.69,55.92,,,,,,,,,,,,,,0.3623,,,,,,,
2009-09-23,,,,,8.0,1.9700000286102295,,68.54463958740234,25.895999908447266,,152.7100067138672,66.05900573730469,33.11537170410156,9.878724098205566,3.087256908416748,,,3.859999895095825,67.98999786376953,68.97000122070312,1013.0,1060.8699951171875,2887.239990234375,,16.84380531311035,,,67.43,68.74,0.954,3.44,0.96,3.33,2.48,,,1.4752,91.45,6.8254,92.979,23.49,62.44,,,,,,,,,,,,,,0.0384,,,,,,,
2009-09-30,,,,,8.800000190734863,2.630000114440918,,59.892181396484375,25.895999908447266,,152.86000061035156,65.87996673583984,33.500675201416016,9.919584274291992,3.0780763626098633,,,4.841000080108643,69.06999969482422,70.61000061035156,1008.0,1057.0799560546875,2872.6298828125,,16.317434310913086,,,65.82,70.46,0.945,3.31,0.95,3.17,2.36,,,1.463,89.49,6.8262,93.1907,25.61,96.76,,,,,,,,,,,,,,0.176,,,,,,,
2009-10-07,,,,,9.199999809265137,2.490000009536743,,52.46702575683594,23.655000686645508,,154.83999633789062,63.0156364440918,33.37398910522461,9.855841636657717,3.0390546321868896,,,4.9039998054504395,67.19999694824219,69.56999969482422,1043.300048828125,1057.5799560546875,2852.169921875,,16.064775466918945,,,67.65,69.6,0.92,3.21,0.87,3.12,2.34,,,1.4675,88.76,6.826,92.794,24.68,55.03,,,,,,,,,,,,,,0.4225,,,,,,,
2009-10-14,,,,,11.800000190734863,3.049999952316284,,55.28981018066406,23.655000686645508,,154.32000732421875,59.25617980957031,32.840904235839844,9.783924102783203,2.9242870807647705,,,4.435999870300293,73.0999984741211,75.18000030517578,1063.9000244140625,1092.02001953125,2950.820068359375,,16.415691375732422,,,72.16,75.2,0.969,3.45,0.96,3.38,2.49,,,1.4899,89.44,6.8261,91.5047,22.86,44.56,,,,,,,,,,,,,,0.287,,,,,,,
2009-10-21,,,,,10.399999618530272,2.8299999237060547,,59.892181396484375,22.40999984741211,,153.94000244140625,60.86737823486328,32.86201858520508,9.860743522644045,2.908219337463379,,,5.099999904632568,79.69000244140625,81.37000274658203,1063.699951171875,1081.4000244140625,2936.830078125,,15.98757266998291,,,77.74,81.03,1.11,3.42,1.0,3.35,2.42,,,1.5009,91.04,6.8272,91.3805,22.22,82.95,,,,,,,,,,,,,,0.1406,,,,,,,
2009-10-28,,,,,8.399999618530273,2.25,,55.65800094604492,21.663000106811523,,151.5800018310547,62.29955291748047,32.37642288208008,9.512600898742676,2.8462443351745605,,,4.289000034332275,75.86000061035156,77.45999908447266,1029.9000244140625,1042.6300048828125,2778.4599609375,,14.429525375366213,,,75.11,77.39,1.065,3.44,0.95,3.37,2.49,,,1.4763,91.07,6.827,92.8152,27.91,83.75,,,,,,,,,,,,,,0.1973,,,,,,,
2009-11-04,,,,,8.600000381469727,2.200000047683716,,66.15140533447266,19.920000076293945,,121.58999633789062,65.34291076660156,31.29966926574707,9.435784339904783,2.818699359893799,,,4.724999904632568,78.88999938964844,80.4000015258789,1086.699951171875,1046.5,2763.2900390625,,14.464616775512695,,,78.21,80.3,1.08,3.57,0.91,3.52,2.66,,,1.4836,90.96,6.8265,92.3725,27.72,413.44,93.8,93.8,3.83497230184097,,,,8.56,6682.440476190476,1956.547619047619,16911.33333333333,44.75,208.5,213.8,,104.98010791148248,88.0221,88.8819,130057.0,220.384,89.16,
2009-11-11,,,,,8.899999618530273,2.390000104904175,,60.68992614746094,20.916000366210938,,119.8499984741211,68.56529998779297,32.4080924987793,9.68912410736084,2.9380593299865723,,,4.502999782562256,77.94999694824219,79.27999877929688,1114.0,1098.510009765625,2881.010009765625,,14.983966827392578,,,76.99,79.16,1.063,3.5,0.85,3.43,2.65,,,1.496,89.82,6.8255,91.6659,23.04,119.73,,,,,,,,,,,,,,0.3929,,,,,,,
2009-11-18,,,,,8.899999618530273,2.3299999237060547,,62.714969635009766,19.67099952697754,,124.66999816894533,66.77509307861328,33.268436431884766,9.695661544799805,2.9931466579437256,,,4.254000186920166,79.47000122070312,79.58000183105469,1140.699951171875,1109.800048828125,2908.530029296875,,15.412084579467772,,,78.64,79.55,1.085,3.36,0.77,3.32,2.59,,,1.499,89.36,6.8269,91.249,21.63,64.94,,,,,,,,,,,,,,0.0342,,,,,,,
2009-11-25,,,,,8.0,2.2899999618530273,,62.101322174072266,19.67099952697754,,120.97000122070312,64.26879119873047,33.27899169921875,9.58615016937256,2.9701943397521973,,,5.163000106811523,78.44000244140625,77.95999908447266,1186.9000244140625,1110.6300048828125,2896.89990234375,,15.250662803649902,,,76.57,77.25,1.108,3.28,0.73,3.23,2.55,,,1.5085,87.65,6.8272,90.9669,20.48,111.36,,,,,,,,,,,,,,0.1576,,,,,,,
2009-12-02,,,,,7.699999809265137,2.369999885559082,,59.585357666015625,17.180999755859375,,121.70999908447266,63.10515594482422,33.257877349853516,9.355694770812988,2.9541261196136475,,,4.53000020980835,77.87999725341797,76.5999984741211,1212.0,1109.239990234375,2877.93994140625,,15.426118850708008,,,76.96,76.62,1.161,3.32,0.72,3.27,2.6,,,1.5059,87.13,6.826,90.8906,21.12,67.7,92.9,92.9,3.87162289880302,,,,9.16,6976.97619047619,2181.257142857143,17121.61904761905,44.4375,203.3,195.4,,102.3738053721924,88.3793,87.432,129808.0,220.025,89.236,
2009-12-09,,,,,7.300000190734863,2.2300000190734863,,56.148921966552734,16.93199920654297,,135.36000061035156,59.34569549560547,33.37928009033203,9.479913711547852,2.9219911098480225,,,4.8979997634887695,72.38999938964844,70.66999816894531,1120.4000244140625,1095.949951171875,2818.10009765625,,15.517356872558594,,,73.63,70.67,1.14,3.45,0.76,3.42,2.69,,,1.4725,87.83,6.8275,92.014,22.66,140.01,,,,,,,,,,,,,,0.0627,,,,,,,
2009-12-16,,,,,7.0,1.899999976158142,,57.376220703125,16.184999465942383,,136.74000549316406,58.003028869628906,34.8360595703125,9.78419303894043,3.022987365722656,,,5.461999893188477,73.55000305175781,72.66000366210938,1135.5,1109.1800537109375,2926.52001953125,,15.685792922973633,,,73.34,72.64,1.129,3.61,0.85,3.57,2.76,,,1.4577,89.52,6.8279,92.1496,20.54,95.05,,,,,,,,,,,,,,0.0013,,,,,,,
2009-12-23,,,,,6.900000095367432,2.109999895095825,,55.167083740234375,16.184999465942383,,132.5800018310547,54.33308792114258,35.812530517578125,9.901753425598145,3.098734140396118,,,5.821000099182129,75.44999694824219,76.66999816894531,1093.300048828125,1120.5899658203125,2957.47998046875,,15.58980941772461,,,73.87,76.03,1.255,3.77,0.96,3.7,2.81,,,1.4341,91.52,6.8282,92.9295,19.71,113.78,,,,,,,,,,,,,,-0.1488,,,,,,,
2009-12-30,,,,,7.0,1.919999957084656,,55.780731201171875,16.683000564575195,,136.7899932861328,56.92890167236328,35.870582580566406,10.091523170471191,3.127488851547241,,,5.709000110626221,78.02999877929688,79.27999877929688,1091.5,1126.4200439453125,2966.239990234375,,15.71712875366211,,,77.62,79.35,1.31,3.8,1.08,3.75,2.72,,,1.4316,92.66,6.8244,93.0872,19.96,101.95,,,,,,,,,,,,,,-0.2403,,,,,,,
2010-01-06,12.67,,,12.67,6.699999809265137,1.940000057220459,,57.1921272277832,21.413999557495117,,140.02000427246094,56.9109992980957,36.09755325317383,10.227557182312012,3.1551530361175537,,,6.008999824523926,81.88999938964844,83.18000030517578,1135.9000244140625,1137.1400146484375,3009.659912109375,,16.693265914916992,,,80.14,83.12,1.445,3.85,1.01,3.79,2.84,,,1.4404,92.53,6.8272,92.0941,19.16,95.95,95.8,94.0,4.10167002022155,85.3,,,9.34,7367.375,2230.1125,18405.55,43.825,223.4,217.6,-0.2166,117.67233394351534,89.3426,87.8004,129802.0,220.086,89.368,2181119814615.6
2010-01-13,12.71,,,12.71,6.599999904632568,2.2899999618530273,,59.40126419067383,20.916000366210938,,132.1199951171875,58.54009246826172,35.86530685424805,10.015951156616213,3.1303024291992188,,,5.732999801635742,78.30999755859375,79.6500015258789,1136.4000244140625,1145.6800537109375,2978.409912109375,,16.587158203125,,,77.57,79.66,1.235,3.8,0.97,3.74,2.83,,,1.4492,91.38,6.8295,91.7272,17.85,69.67,,,,,,,,,,,,,,-0.3997,,,,,,,
2010-01-20,13.43,,,13.43,6.400000095367432,2.509999990463257,,64.49455261230469,20.417999267578125,,119.5,55.22819900512695,35.480003356933594,9.64984130859375,3.0477774143218994,,,5.495999813079834,76.31999969482422,77.62000274658203,1112.300048828125,1138.0400390625,2914.60009765625,,14.995644569396973,,,75.09,77.42,1.27,3.68,0.92,3.63,2.76,,,1.4094,91.23,6.8258,92.6766,18.68,171.42,,,,,,,,,,,,,,-0.3601,,,,,,,
2010-01-27,13.27,,,13.27,5.800000190734863,2.259999990463257,,60.81265640258789,19.920000076293945,,114.13999938964844,50.12607192993164,34.65132522583008,9.387857437133787,2.93665075302124,,,5.27400016784668,72.23999786376953,73.66999816894531,1084.4000244140625,1097.5,2787.39990234375,,14.061951637268066,,,72.75,73.64,1.331,3.66,0.9,3.58,2.76,,,1.4053,89.41,6.8268,93.2835,23.14,211.21,,,,,,,,,,,,,,-0.0844,,,,,,,
2010-02-03,12.46,,,12.46,5.599999904632568,2.2100000381469727,,62.46950912475586,18.923999786376953,,119.06999969482422,51.46873474121094,34.1973991394043,9.377779960632324,2.904296875,,,5.419000148773193,75.91999816894531,76.9800033569336,1111.4000244140625,1097.280029296875,2804.610107421875,,14.146835327148438,,,75.77,76.96,1.39,3.73,0.88,3.63,2.85,,,1.3907,91.11,6.826,93.6268,21.6,147.41,93.8,92.5,4.10599440438843,86.3,,,9.01,6867.675,2053.27,19060.55,42.1,205.0,204.8,,114.12997789513584,89.6779,88.777,129706.0,220.602,89.446,
2010-02-10,13.47,,,13.47,5.199999809265137,2.1500000953674316,,62.83769989013672,17.43000030517578,,109.33000183105467,48.067325592041016,33.82264709472656,8.90082836151123,2.760348081588745,,,5.291999816894531,72.54000091552734,74.5199966430664,1075.800048828125,1068.1300048828125,2700.169921875,,13.107040405273438,,,70.4,74.48,1.295,3.72,0.91,3.61,2.81,,,1.3722,89.88,6.828,94.6218,25.4,146.72,,,,,,,,,,,,,,-0.0572,,,,,,,
2010-02-17,13.0,,,13.0,5.400000095367432,2.4000000953674316,,55.53527069091797,19.17300033569336,,124.22000122070312,50.86006546020508,34.07600021362305,9.07884407043457,2.7964534759521484,,,5.386000156402588,76.2699966430664,77.33000183105469,1119.5,1099.510009765625,2762.25,,13.531447410583496,,,74.89,77.27,1.214,3.74,0.87,3.64,2.87,,,1.3623,90.79,6.8326,93.7171,21.72,107.08,,,,,,,,,,,,,,0.1098,,,,,,,
2010-02-24,12.62,,,12.62,5.099999904632568,2.2200000286102295,,52.71248626708984,17.43000030517578,,105.12999725341795,50.69894790649414,33.416229248046875,9.226629257202148,2.766444206237793,,,4.815999984741211,78.08999633789062,80.0,1096.5,1105.239990234375,2734.949951171875,,12.668489456176758,,,77.0,79.75,1.267,3.7,0.87,3.58,2.83,,,1.3576,90.06,6.8269,93.9775,20.27,121.37,,,,,,,,,,,,,,-0.2186,,,,,,,
2010-03-03,13.08,,,13.08,5.300000190734863,2.2799999713897705,,53.326133728027344,17.92799949645996,,107.63999938964844,50.01865768432617,33.41094970703125,9.209837913513184,2.832556962966919,,,4.756999969482422,79.25,80.87000274658203,1142.699951171875,1118.7900390625,2822.590087890625,,13.099964141845703,,,78.66,80.91,1.195,3.63,0.82,3.49,2.81,,,1.3731,88.43,6.8258,92.9861,18.83,61.82,92.1,91.8,3.98666537388462,96.7,4.0,57.0,9.17,7466.934782608696,2210.530434782609,22467.17391304348,40.91111111111111,225.4,223.3,,114.16618394477352,90.2928,91.7006,129866.0,221.059,89.579,
2010-03-10,12.94,,,12.94,5.699999809265137,2.3299999237060547,,57.8057746887207,20.916000366210938,,110.9499969482422,49.893348693847656,34.04433059692383,9.434879302978516,2.9272727966308594,,,4.559000015258789,80.4800033569336,82.08999633789062,1107.800048828125,1145.6099853515625,2909.39990234375,,13.262652397155762,,,80.29,82.07,1.153,3.73,0.92,3.58,2.81,,,1.3658,90.62,6.8259,93.0426,18.57,125.13,,,,,,,,,,,,,,-0.2727,,,,,,,
2010-03-17,12.88,,,12.88,6.099999904632568,2.5299999713897705,,57.5603141784668,20.66699981689453,,114.52999877929688,48.78341293334961,34.05488586425781,9.428159713745115,2.9577512741088867,,,4.302999973297119,81.95999908447266,82.93000030517578,1124.0,1166.2099609375,2931.31005859375,,13.460713386535645,,,80.28,82.93,1.127,3.65,0.95,3.5,2.7,,,1.3739,90.42,6.8259,92.4446,16.91,107.05,,,,,,,,,,,,,,-0.5661,,,,,,,
2010-03-24,12.9,,,12.9,7.099999904632568,2.9100000858306885,,64.24909210205078,20.417999267578125,,109.4499969482422,52.489158630371094,33.87542724609375,9.317320823669434,2.912736177444458,,,4.105000019073486,79.62000274658203,80.61000061035156,1088.5999755859375,1167.719970703125,2903.93994140625,,12.986793518066406,,,78.03,80.29,1.115,3.84,1.08,3.7,2.76,,,1.3347,91.89,6.8266,93.6468,17.55,123.36,,,,,,,,,,,,,,-0.4371,,,,,,,
2010-03-31,12.49,,,12.49,6.900000095367432,2.6700000762939453,,72.16516876220703,19.920000076293945,,122.6500015258789,53.617000579833984,34.624935150146484,9.606175422668455,2.9422779083251953,,,3.86899995803833,82.69999694824219,83.76000213623047,1113.300048828125,1169.4300537109375,2931.159912109375,,13.326316833496094,,,80.37,83.45,1.113,3.84,1.02,3.68,2.82,,,1.3526,93.4,6.8258,92.8987,17.59,89.89,,,,,,,,,,,,,,-0.4016,,,,,,,
2010-04-07,12.98,,,12.98,7.199999809265137,2.569999933242798,,67.74689483642578,21.165000915527344,,126.5999984741211,59.04134750366211,35.04718780517578,9.67335319519043,2.982133626937866,,,4.019000053405762,85.58999633789062,85.87999725341797,1152.300048828125,1182.449951171875,2974.6201171875,,13.736573219299316,,,84.49,85.64,1.158,3.89,1.06,3.72,2.83,,,1.3364,93.59,6.8254,92.7452,16.62,127.98,,,,,,,,,,,,,,-0.3589,,,,,,,
2010-04-14,13.39,,,13.39,6.599999904632568,2.549999952316284,,72.9629135131836,34.61109924316406,,132.60000610351562,59.43520736694336,35.675289154052734,9.606175422668455,3.036054849624634,,,4.198999881744385,86.1500015258789,85.83999633789062,1159.0,1210.6500244140625,3008.030029296875,,14.090243339538574,,,85.81,85.62,1.139,3.88,1.07,3.72,2.81,,,1.3666,93.01,6.8258,91.9297,15.59,69.27,,,,,,,,,,,,,,-0.4737,,,,,,,
2010-04-21,14.59,,,14.59,6.199999809265137,2.319999933242798,,72.5947265625,28.88400077819824,,130.49000549316406,61.24332809448242,35.094696044921875,9.324037551879885,2.9919793605804443,,,3.9549999237060542,85.69999694824219,83.68000030517578,1148.199951171875,1205.93994140625,2947.639892578125,,13.460713386535645,,,84.55,82.78,1.126,3.77,1.03,3.62,2.74,,,1.3383,93.24,6.8275,92.4482,16.32,47.05,,,,,,,,,,,,,,-0.4565,,,,,,,
2010-04-28,15.3,,,15.3,6.800000190734863,2.4800000190734863,,69.77194213867188,23.90399932861328,,128.1300048828125,59.972267150878906,33.94580078125,8.843729019165039,2.7434682846069336,,,4.270999908447266,86.16000366210938,83.22000122070312,1171.300048828125,1191.3599853515625,2788.5400390625,,12.852396965026855,,,84.59,83.22,1.134,3.8,1.03,3.64,2.77,,,1.313,94.07,6.8245,93.4856,21.08,108.28,,,,,,,,,,,,,,-0.4234,,,,,,,
2010-05-05,15.91,,,15.91,6.0,2.259999990463257,,62.03995513916016,24.899999618530273,,133.9499969482422,56.08749771118164,34.15758514404297,9.015381813049316,2.570448160171509,,,3.990999937057495,82.61000061035156,79.97000122070312,1174.5999755859375,1165.8699951171875,2679.300048828125,,12.137983322143556,,,82.31,80.0,1.121,3.58,0.88,3.43,2.7,,,1.289,94.3,6.8263,94.3968,24.91,108.75,91.6,92.1,3.68417374441406,92.5,4.0,198.0,10.04,6843.157894736842,2044.710526315789,21930.0,41.3,230.2,205.1,,147.35271747551585,91.823,93.3451,130642.0,221.193,89.724,
2010-05-12,14.98,,,14.98,5.400000095367432,2.2799999713897705,,59.585357666015625,25.895999908447266,,128.6199951171875,56.14119720458984,34.13529968261719,8.982661247253418,2.7068943977355957,,,4.283999919891357,81.19999694824219,75.6500015258789,1242.699951171875,1171.6700439453125,2764.31005859375,,11.996511459350586,,,78.7,75.65,1.13,3.56,0.89,3.4,2.67,,,1.2642,92.93,6.827,94.5515,25.52,153.66,,,,,,,,,,,,,,0.4124,,,,,,,
2010-05-19,15.07,,,15.07,4.800000190734863,2.059999942779541,,56.148921966552734,26.393999099731445,,110.0,53.43798065185547,32.9928092956543,8.650290489196777,2.496833324432373,,,4.1579999923706055,73.69000244140625,69.87000274658203,1192.5999755859375,1115.050048828125,2619.47998046875,,10.836474418640137,,,71.86,69.91,1.067,3.36,0.8,3.19,2.56,,,1.2317,91.16,6.8269,96.5083,35.32,66.07,,,,,,,,,,,,,,0.3486,,,,,,,
2010-05-26,14.72,,,14.72,3.5999999046325684,2.0,,51.91474151611328,26.64299964904785,,110.3499984741211,52.13112258911133,31.65526008605957,8.474631309509277,2.421811103820801,,,4.15500020980835,71.73999786376953,71.51000213623047,1213.300048828125,1067.949951171875,2530.340087890625,,10.228157997131348,,,70.59,71.52,1.02,3.21,0.82,3.04,2.39,,,1.2224,90.28,6.8292,97.1879,35.02,83.54,,,,,,,,,,,,,,0.977,,,,,,,
2010-06-02,14.74,,,14.74,4.199999809265137,1.9299999475479128,,49.27604675292969,25.39800071716309,,110.9800033569336,50.09027099609375,32.64169692993164,8.758784294128418,2.5123069286346436,,,4.423999786376953,73.75,72.86000061035156,1220.5999755859375,1098.3800048828125,2601.97998046875,,10.581829071044922,,,72.78,72.88,1.099,3.35,0.82,3.19,2.53,,,1.2206,92.21,6.8296,96.615,30.17,78.16,91.9,93.1,3.68982904070938,95.3,4.0,212.0,9.28,6501.5,1929.409090909091,19411.29545454545,40.77777777777778,219.7,206.5,,138.05363589359015,91.9928,95.1562,130510.0,221.265,89.767,
2010-06-09,15.12,,,15.12,3.5999999046325684,1.7300000190734863,,47.06690979003906,28.38599967956543,,103.06999969482422,49.17726135253906,31.4601993560791,8.45396614074707,2.360386371612549,,,4.677000045776367,72.08999633789062,74.37999725341797,1228.5,1055.68994140625,2556.679931640625,,10.008885383605955,,,73.68,74.38,1.06,3.2,0.74,3.1,2.46,,,1.2045,91.54,6.8285,96.8938,33.73,145.25,,,,,,,,,,,,,,0.8165,,,,,,,
2010-06-16,15.81,,,15.81,4.300000190734863,1.7699999809265137,,51.48518753051758,35.109100341796875,,118.7699966430664,53.241058349609375,31.88932991027832,8.936163902282715,2.5445668697357178,,,4.978000164031982,78.13999938964844,77.66999816894531,1229.300048828125,1114.6099853515625,2718.72998046875,,11.324538230895996,,,76.12,77.67,1.038,3.27,0.75,3.17,2.52,,,1.2323,91.39,6.8323,95.5668,25.92,99.02,,,,,,,,,,,,,,0.969,,,,,,,
2010-06-23,15.48,,,15.48,5.699999809265137,1.7400000095367432,,51.91474151611328,34.61109924316406,,120.75,51.36132049560547,31.4100399017334,8.81905746459961,2.588304042816162,,,4.803999900817871,76.2699966430664,76.3499984741211,1234.0999755859375,1092.0400390625,2704.800048828125,,11.319097518920898,,,75.22,75.9,0.985,3.13,0.66,3.0,2.47,,,1.231,89.82,6.8124,95.4853,26.91,109.74,,,,,,,,,,,,,,0.501,,,,,,,
2010-06-30,15.18,,,15.18,4.599999904632568,1.5700000524520874,,47.06690979003906,31.62310028076172,,113.83000183105467,45.70424270629883,29.93874168395996,8.094039916992188,2.25103759765625,,,4.616000175476074,75.01000213623047,75.62999725341797,1245.5,1030.7099609375,2573.320068359375,,10.426426887512209,,,74.94,75.59,0.99,2.97,0.61,2.79,2.36,,,1.2291,88.49,6.7815,95.9934,34.54,190.92,,,,,,,,,,,,,,0.583,,,,,,,
2010-07-07,15.2,,,15.2,4.5,1.6100000143051147,,48.47830581665039,31.872100830078125,,128.47999572753906,47.4765510559082,30.54063606262207,8.469464302062988,2.4687535762786865,,,4.565000057220459,73.51000213623047,74.06999969482422,1198.5999755859375,1060.27001953125,2634.389892578125,,11.48335075378418,,,72.97,74.05,0.98,3.0,0.63,2.84,2.37,,,1.2594,87.16,6.777,95.1795,26.84,101.05,,,,,,,,,,,,,,0.938,,,,,,,
2010-07-14,13.85,,,13.85,4.800000190734863,1.7799999713897705,,53.326133728027344,30.128999710083008,,133.2100067138672,47.51235580444336,30.685543060302734,8.810449600219727,2.5455386638641357,,,4.306000232696533,76.7699966430664,77.04000091552734,1206.800048828125,1095.1700439453125,2738.9599609375,,11.683310508728027,,,76.63,77.02,1.005,3.07,0.62,2.92,2.45,,,1.2755,88.59,6.7714,94.3247,24.89,147.54,,,,,,,,,,,,,,0.5596,,,,,,,
2010-07-21,14.3,,,14.3,4.400000095367432,1.8200000524520872,,51.11699676513672,27.88800048828125,,135.10000610351562,50.09027099609375,29.336849212646484,8.374748229980469,2.502772092819214,,,4.513000011444092,75.37000274658203,76.55999755859375,1191.5999755859375,1069.5899658203125,2639.52001953125,,11.676167488098145,,,75.75,76.27,0.994,2.9,0.58,2.74,2.32,,,1.2818,87.3,6.7769,94.4496,25.64,177.21,,,,,,,,,,,,,,0.3524,,,,,,,
2010-07-28,13.34,,,13.34,5.0,1.809999942779541,,51.73064422607422,31.125099182128903,,137.0399932861328,50.62733459472656,30.462615966796875,8.827668190002441,2.634958028793335,,,4.77400016784668,76.05999755859375,76.98999786376953,1160.4000244140625,1106.1300048828125,2766.110107421875,,12.04037857055664,,,76.66,77.06,1.069,3.03,0.61,2.88,2.42,,,1.2998,87.62,6.778,93.7506,24.25,155.18,,,,,,,,,,,,,,0.5,,,,,,,
2010-08-04,14.26,,,14.26,4.5,1.7000000476837158,,51.11699676513672,29.8799991607666,,131.4499969482422,51.91629409790039,31.30414772033691,9.106654167175291,2.7331244945526123,,,4.736999988555908,82.19999694824219,82.47000122070312,1193.699951171875,1127.239990234375,2825.080078125,,12.004669189453123,,,83.76,82.49,1.104,2.98,0.56,2.82,2.42,,,1.3158,86.26,6.772,92.731,22.21,145.53,96.4,96.7,3.43788182751189,76.5,,,8.85,7302.666666666667,2110.440476190476,21448.78571428571,46.0625,224.5,211.8,,123.34952702944828,92.6805,94.872,130415.0,221.551,89.855,
2010-08-11,14.32,,,14.32,4.5,1.7200000286102295,,47.61919403076172,30.876100540161133,,125.44000244140624,51.54034423828125,30.2006778717041,8.825946807861328,2.659256935119629,,,4.326000213623047,77.63999938964844,78.0199966430664,1197.5,1089.469970703125,2724.159912109375,,11.476207733154297,,,77.83,78.09,1.07,2.72,0.54,2.57,2.18,,,1.2899,85.36,6.7745,93.7778,25.39,125.01,,,,,,,,,,,,,,0.1965,,,,,,,
2010-08-18,14.3,,,14.3,4.400000095367432,2.0,,46.63735580444336,31.374099731445312,,125.08000183105467,43.32324981689453,30.26197624206543,8.925832748413086,2.6786961555480957,,,4.238999843597412,76.47000122070312,75.41999816894531,1229.699951171875,1094.1600341796875,2728.659912109375,,11.519054412841797,,,75.1,75.39,1.049,2.64,0.51,2.48,2.13,,,1.2872,85.31,6.7911,93.3719,24.59,111.88,,,,,,,,,,,,,,0.4124,,,,,,,
2010-08-25,14.66,,,14.66,4.0,1.7699999809265137,,32.03249740600586,29.381999969482425,,124.9800033569336,40.81694412231445,29.12506675720215,8.369583129882812,2.5669209957122803,,,3.871000051498413,73.4800033569336,72.5199966430664,1239.5,1055.3299560546875,2587.39990234375,,10.912042617797852,,,70.74,72.07,1.053,2.54,0.53,2.38,2.01,,,1.2652,84.56,6.7995,94.7372,26.7,202.98,,,,,,,,,,,,,,0.4354,,,,,,,
2010-09-01,15.26,,,15.26,4.0,1.7899999618530271,,27.184669494628903,28.635000228881836,,130.1699981689453,40.279876708984375,29.141786575317383,8.76050853729248,2.7613115310668945,,,3.76200008392334,76.3499984741211,73.91000366210938,1246.300048828125,1080.2900390625,2715.27001953125,,11.44764518737793,,,75.53,73.97,1.08,2.58,0.5,2.45,2.08,,,1.2813,84.48,6.8102,94.1148,23.89,296.8,95.9,97.5,3.49211667165418,97.1,,,8.98,7729.590909090909,2171.243181818182,22690.13636363636,46.66666666666667,219.1,207.1,,133.2687605714103,92.9537,94.9607,130341.0,221.907,89.906,
2010-09-08,15.53,,,15.53,3.900000095367432,1.7799999713897705,,30.007455825805664,27.88800048828125,,137.25,39.02672576904297,30.228540420532227,9.180707931518556,2.769573450088501,,,3.813999891281128,78.16999816894531,74.66999816894531,1255.5999755859375,1098.8699951171875,2752.889892578125,,11.576189041137695,,,77.48,74.65,1.1,2.66,0.52,2.52,2.14,,,1.2727,83.85,6.794,93.7785,23.25,233.09,,,,,,,,,,,,,,0.2741,,,,,,,
2010-09-15,15.04,,,15.04,3.900000095367432,1.75,,24.11642265319824,30.627099990844727,,140.25999450683594,39.47428131103515,29.230955123901367,8.975773811340332,2.785611152648926,,,3.994999885559082,78.91000366210938,76.0199966430664,1266.699951171875,1125.0699462890625,2794.360107421875,,11.826138496398926,,,78.46,75.92,1.148,2.74,0.5,2.59,2.24,,,1.3008,85.63,6.738,92.9313,22.1,200.01,,,,,,,,,,,,,,0.0558,,,,,,,
2010-09-22,14.77,,,14.77,3.900000095367432,1.7200000286102295,,28.411968231201172,34.362098693847656,,143.5500030517578,37.809383392333984,28.24451446533203,8.843168258666992,2.7253494262695312,,,3.9660000801086426,77.94999694824219,74.70999908447266,1290.199951171875,1134.280029296875,2752.77001953125,,11.83327579498291,,,77.29,72.98,1.149,2.56,0.44,2.4,2.12,,,1.3385,84.37,6.7035,92.0647,22.51,278.65,,,,,,,,,,,,,,0.0034,,,,,,,
2010-09-29,15.21,,,15.21,3.799999952316284,1.690000057220459,,26.939208984375,34.11309814453125,,149.27000427246094,36.03706741333008,27.76802444458008,9.065321922302246,2.7311813831329346,,,3.961999893188477,80.7699966430664,77.86000061035156,1308.5,1144.72998046875,2752.7099609375,,12.17606258392334,,,78.79,77.85,1.183,2.52,0.44,2.36,2.08,,,1.3638,83.61,6.6869,91.1632,23.25,204.22,,,,,,,,,,,,,,0.0829,,,,,,,
2010-10-06,15.27,,,15.27,3.799999952316284,1.7100000381469729,,21.109540939331055,38.346099853515625,,138.63999938964844,38.1495246887207,27.383460998535156,9.04982566833496,2.7535364627838135,,,3.865000009536743,85.05999755859375,83.2300033569336,1346.4000244140625,1159.969970703125,2780.0,,12.390308380126951,,,85.01,83.21,1.273,2.41,0.38,2.28,2.03,,,1.3924,82.8,6.6893,90.1411,21.49,146.65,97.5,98.9,3.32932440414292,99.2,2.0,94668.0,9.52,8289.761904761905,2342.178571428571,23793.67857142857,48.83333333333333,229.6,224.0,0.1053,126.83336865932203,92.6903,95.1248,130620.0,222.079,90.043,2224008271924.1
2010-10-13,15.61,,,15.61,4.5,1.7400000095367432,,19.69814682006836,40.587100982666016,,136.92999267578125,36.592037200927734,27.07137680053711,9.50963306427002,2.822058916091919,,,3.696000099182129,84.63999938964844,83.01000213623047,1369.5,1178.0999755859375,2840.550048828125,,12.683103561401367,,,84.01,83.03,1.251,2.46,0.37,2.33,2.09,,,1.3964,81.81,6.6634,89.7779,19.07,157.99,,,,,,,,,,,,,,0.0027,,,,,,,
2010-10-20,15.24,,,15.24,4.199999809265137,1.7000000476837158,,19.391321182250977,41.33409881591797,,143.38999938964844,35.46419906616211,27.94914436340332,9.540634155273438,2.8453853130340576,,,3.5390000343322754,83.5999984741211,81.7699966430664,1343.300048828125,1178.1700439453125,2851.52001953125,,12.38316535949707,,,81.68,81.93,1.19,2.51,0.35,2.37,2.16,,,1.3949,81.14,6.6518,90.1446,19.79,206.51,,,,,,,,,,,,,,-0.2017,,,,,,,
2010-10-27,15.01,,,15.01,5.099999904632568,1.7599999904632568,,29.08698272705078,42.82809829711914,,150.3000030517578,31.579418182373047,28.283527374267575,9.576799392700195,2.9056458473205566,,,3.2920000553131104,83.2300033569336,81.94000244140625,1322.199951171875,1182.449951171875,2829.419921875,,12.261761665344238,,,81.27,81.9,1.22,2.75,0.4,2.61,2.35,,,1.3788,81.55,6.6805,90.8038,20.71,163.49,,,,,,,,,,,,,,-0.0737,,,,,,,
2010-11-03,14.62,,,14.62,5.199999809265137,1.75,,16.323074340820312,53.78409957885742,,137.63999938964844,31.13187026977539,28.478588104248047,9.676682472229004,2.91099214553833,,,3.8359999656677246,86.37999725341797,84.69000244140625,1337.0999755859375,1197.9599609375,2830.429931640625,,12.354598999023438,,,85.33,84.45,1.275,2.67,0.34,2.54,2.33,,,1.4014,81.41,6.6758,89.7079,19.56,317.26,94.6,96.9,3.7182547054332,99.2,1.0,240.0,10.0,8458.420454545456,2324.045454545455,22836.22727272727,57.1625,232.8,237.1,,131.48753550780663,92.7709,93.5221,130749.0,222.077,90.16,
2010-11-10,14.15,,,14.15,5.099999904632568,1.7200000286102295,,17.97992706298828,52.78810119628906,,140.11000061035156,31.06026077270508,28.422855377197266,9.81949520111084,2.8599653244018555,,,4.046000003814697,88.95999908447266,87.80999755859375,1399.0999755859375,1218.7099609375,2845.929931640625,,12.311750411987305,,,87.92,87.77,1.283,2.65,0.44,2.52,2.21,,,1.3728,82.53,6.6335,89.9056,18.47,96.41,,,,,,,,,,,,,,-0.1402,,,,,,,
2010-11-17,14.89,,,14.89,4.5,1.5499999523162842,,17.97992706298828,54.78010177612305,,122.83000183105467,31.346696853637695,27.600826263427734,9.580124855041504,2.823030948638916,,,4.03000020980835,83.27999877929688,80.44000244140625,1336.800048828125,1178.5899658203125,2802.699951171875,,11.190555572509766,,,83.36,80.43,1.173,2.89,0.5,2.75,2.39,,,1.3555,83.15,6.6415,90.9282,21.76,204.46,,,,,,,,,,,,,,-0.2443,,,,,,,
2010-11-24,14.83,,,14.83,4.5,1.5199999809265137,,22.15274429321289,51.79209899902344,,126.38999938964844,29.735504150390625,27.191198348999023,9.58189868927002,2.6767518520355225,,,4.267000198364258,85.83999633789062,83.86000061035156,1372.9000244140625,1198.3499755859375,2758.02001953125,,11.133420944213867,,,84.53,83.21,1.26,2.93,0.53,2.77,2.4,,,1.335,83.38,6.6529,91.2179,19.56,115.72,,,,,,,,,,,,,,0.0096,,,,,,,
2010-12-01,14.66,,,14.66,4.099999904632568,1.3799999952316284,,24.361881256103516,47.808101654052734,,126.73999786376952,28.607662200927734,27.12989616394043,9.096068382263184,2.6534247398376465,,,4.269000053405762,88.87000274658203,86.75,1387.300048828125,1206.0699462890625,2721.8701171875,,10.81205940246582,,,88.56,86.75,1.253,2.97,0.53,2.81,2.44,,,1.3149,84.0,6.663,91.6799,21.36,138.88,98.4,99.6,4.05349931507171,91.0,1.0,133334.0,9.95,9152.857142857143,2356.669047619048,24099.57142857143,60.625,241.0,243.9,,134.76192624958907,93.6787,92.6866,130830.0,221.795,90.179,
2010-12-08,,,,,3.700000047683716,1.409999966621399,,23.80959701538086,48.804100036621094,,133.5,28.607662200927734,27.015636444091797,9.567713737487791,2.751153469085694,,,4.605999946594238,90.7699966430664,88.27999877929688,1382.5,1228.280029296875,2818.949951171875,,11.219120979309082,,,89.74,88.3,1.259,3.26,0.63,3.11,2.63,,,1.3242,84.16,6.6616,91.3376,17.74,164.32,,,,,,,,,,,,,,-0.0169,,,,,,,
2010-12-15,,,,,3.799999952316284,1.4199999570846558,,23.80959701538086,51.29410171508789,,135.14999389648438,32.456634521484375,27.570173263549805,9.750344276428224,2.7162022590637207,,,4.2220001220703125,92.1999969482422,88.62000274658203,1385.5,1235.22998046875,2841.989990234375,,11.283391952514648,,,91.33,88.66,1.309,3.53,0.68,3.39,2.85,,,1.3306,84.04,6.6541,91.094,17.94,153.08,,,,,,,,,,,,,,-0.2879,,,,,,,
2010-12-22,,,,,3.900000095367432,1.5399999618530271,,24.6687068939209,50.79610061645508,,131.66000366210938,31.99117660522461,27.75408363342285,9.986166000366213,2.965852975845337,,,4.1519999504089355,93.6500015258789,90.4800033569336,1386.800048828125,1258.8399658203125,2869.6298828125,,11.404918670654297,,,93.55,89.83,1.328,3.36,0.65,3.22,2.71,,,1.3089,83.56,6.645,91.429,15.45,129.36,,,,,,,,,,,,,,-0.2008,,,,,,,
2010-12-29,,,,,3.900000095367432,1.590000033378601,,27.12330436706543,49.80009841918945,,129.82000732421875,31.722637176513672,27.94914436340332,9.798219680786133,2.9139254093170166,,,4.2870001792907715,94.13999938964844,91.12000274658205,1413.0999755859375,1259.780029296875,2841.22998046875,,11.37428379058838,,,93.52,91.13,1.338,3.35,0.64,3.22,2.71,,,1.3183,81.9,6.62,90.7669,17.28,112.22,,,,,,,,,,,,,,-0.2493,,,,,,,
2011-01-05,13.97,,,13.97,4.599999904632568,1.6699999570846558,,25.220991134643555,51.79209899902344,,131.60000610351562,32.0806884765625,28.684789657592773,9.778715133666992,2.831042528152466,,,4.4730000495910645,95.5,90.3000030517578,1373.4000244140625,1276.56005859375,2833.739990234375,,11.511238098144531,,,95.07,90.3,1.324,3.5,0.71,3.36,2.79,,,1.3171,83.22,6.585,90.5715,17.02,117.62,98.3,99.4,3.932629943683911,90.6,14.0,327.0,10.81,9533.2,2439.7,25621.225,63.875,253.0,251.9,,114.31861704313935,93.4814,92.4258,130837.0,222.177,90.372,2244261645880.3
2011-01-12,13.95,,,13.95,5.199999809265137,1.6399999856948853,,23.564136505126953,55.278099060058594,,139.8300018310547,32.402923583984375,28.907712936401367,9.82481575012207,2.8994462490081787,,,4.531000137329102,98.12000274658205,91.86000061035156,1385.699951171875,1285.9599609375,2879.110107421875,,11.893260955810549,,,97.86,91.85,1.37,3.4,0.61,3.25,2.79,,,1.3066,83.29,6.6037,90.4111,16.24,143.29,,,,,,,,,,,,,,-0.3288,,,,,,,
2011-01-19,14.34,,,14.34,8.100000381469727,1.6399999856948853,,23.257312774658203,67.72820281982422,,143.67999267578125,33.62027359008789,29.721389770507812,10.360296249389648,3.0806925296783447,,,4.560999870300293,98.16000366210938,90.86000061035156,1370.199951171875,1281.9200439453125,2923.760009765625,,12.102294921875,,,98.42,90.85,1.361,3.37,0.6,3.21,2.77,,,1.3495,82.03,6.5823,89.6948,17.31,169.89,,,,,,,,,,,,,,-0.3123,,,,,,,
2011-01-26,14.29,,,14.29,7.400000095367432,1.649999976158142,,22.15274429321289,68.2261962890625,,151.86000061035156,33.530765533447266,29.54305076599121,10.411713600158691,3.1021623611450195,,,4.491000175476074,97.91000366210938,87.33000183105469,1333.0,1296.6300048828125,2967.780029296875,,12.0230073928833,,,96.04,86.15,1.358,3.45,0.62,3.29,2.83,,,1.3688,82.27,6.5814,89.5091,16.64,110.03,,,,,,,,,,,,,,-0.3259,,,,,,,
2011-02-02,,,,,8.0,2.140000104904175,,23.011852264404297,72.70819854736328,,164.39999389648438,33.17272186279297,29.91644859313965,10.40639591217041,3.1875429153442383,,,4.428999900817871,102.33999633789062,90.86000061035156,1331.5,1304.030029296875,3012.699951171875,,12.462695121765137,,,101.3,89.78,1.331,3.52,0.67,3.36,2.85,,,1.3779,81.82,6.556,89.0737,17.3,81.51,94.7,95.9,4.474787617347671,93.4,2.0,67.0,11.89,9880.9375,2515.26,28412.175,65.0,259.0,241.5,,96.57907686329663,93.1102,93.4367,131057.0,223.011,90.53,
2011-02-09,14.22,,,14.22,8.300000190734863,2.0299999713897705,,22.45956802368164,76.69219970703125,,155.27999877929688,32.67145538330078,29.648941040039062,10.445405006408691,3.1835479736328125,,,4.044000148773193,101.81999969482422,86.70999908447266,1364.800048828125,1320.8800048828125,3031.6201171875,,12.253662109375,,,100.16,85.59,1.345,3.65,0.81,3.51,2.84,,,1.3688,82.47,6.5914,89.4166,15.87,80.97,,,,,,,,,,,,,,-0.3871,,,,,,,
2011-02-16,14.47,,,14.47,7.800000190734863,2.0999999046325684,,21.048175811767575,76.44319915771484,,169.0,30.845434188842773,29.008028030395508,10.541154861450195,3.2189996242523193,,,3.9210000038146977,103.77999877929688,84.98999786376953,1374.699951171875,1336.3199462890625,3061.919921875,,12.671724319458008,,,102.78,83.8,1.383,3.62,0.86,3.5,2.76,,,1.3547,83.73,6.5884,89.7059,16.72,106.72,,,,,,,,,,,,,,-0.4615,,,,,,,
2011-02-23,14.98,,,14.98,7.5,1.9800000190734863,,20.250429153442383,66.981201171875,,163.02000427246094,30.809629440307617,29.030323028564453,10.051773071289062,3.086683511734009,,,3.900000095367432,111.25,98.0999984741211,1413.4000244140625,1307.4000244140625,2954.919921875,,12.325743675231934,,,109.77,96.04,1.439,3.49,0.74,3.37,2.75,,,1.3758,82.39,6.5741,89.4186,22.13,104.96,,,,,,,,,,,,,,-0.3141,,,,,,,
2011-03-02,15.11,,,15.11,7.099999904632568,2.2300000190734863,,19.391321182250977,69.47119903564453,,145.63999938964844,32.42082595825195,26.745349884033203,10.003897666931152,3.060720205307007,,,3.818000078201294,116.3499984741211,102.2300033569336,1437.199951171875,1308.43994140625,2958.800048828125,,12.253662109375,,,116.89,102.27,1.438,3.46,0.69,3.33,2.77,,,1.3869,81.62,6.5723,88.7317,20.7,202.3,94.8,96.3,4.487934587834,102.7,,,12.18,9503.358695652174,2555.5,26710.34782608696,63.5,296.2,283.7,,130.36071276295712,94.0788,96.0726,131283.0,223.69,90.667,
2011-03-09,15.44,,,15.44,6.900000095367432,2.130000114440918,,19.391321182250977,65.73619842529297,,142.6999969482422,32.7609748840332,26.47784423828125,9.727294921875,2.9843273162841797,,,3.930000066757202,115.94000244140624,104.37999725341795,1429.300048828125,1320.02001953125,2935.110107421875,,12.188791275024414,,,115.19,104.39,1.348,3.48,0.7,3.38,2.78,,,1.3906,82.78,6.558,88.5328,20.22,110.3,,,,,,,,,,,,,,-0.2395,,,,,,,
2011-03-16,15.99,,,15.99,5.900000095367432,2.0,,18.593576431274418,57.02109909057617,,155.0800018310547,34.64069366455078,23.883556365966797,9.12443733215332,2.8829681873321533,,,3.937999963760376,110.62000274658205,97.9800033569336,1396.0,1256.8800048828125,2721.239990234375,,12.48432159423828,,,110.96,97.99,1.37,3.22,0.58,3.12,2.64,,,1.3922,80.17,6.5713,88.9785,29.4,133.15,,,,,,,,,,,,,,-0.2433,,,,,,,
2011-03-23,16.28,,,16.28,6.5,2.200000047683716,,19.14586067199707,56.27410125732422,,149.85000610351562,36.66364288330078,24.471519470214844,9.739706039428713,3.0307629108428955,,,4.335000038146973,115.5500030517578,105.75,1437.9000244140625,1297.5400390625,2866.22998046875,,12.859138488769531,,,115.65,105.21,1.429,3.36,0.69,3.27,2.67,,,1.4124,80.94,6.5591,88.3328,19.17,106.04,,,,,,,,,,,,,,0.0772,,,,,,,
2011-03-30,16.8,,,16.8,7.5,2.3499999046325684,,21.907283782958984,55.776100158691406,,155.38999938964844,40.31568908691406,25.209957122802734,10.213129997253418,3.083188772201538,,,4.355000019073486,115.12999725341795,104.2699966430664,1423.800048828125,1328.260009765625,2936.43994140625,,13.558320999145508,,,115.35,103.8,1.34,3.47,0.8,3.37,2.67,,,1.4095,82.98,6.5558,88.2298,17.71,150.03,,,,,,,,,,,,,,-0.3335,,,,,,,
2011-04-06,16.84,,,16.84,6.900000095367432,2.3499999046325684,,21.048175811767575,56.27410125732422,,150.60000610351562,37.41553497314453,25.979049682617188,9.798219680786133,3.130122423171997,,,4.145999908447266,122.3000030517578,108.83000183105467,1457.699951171875,1335.5400390625,2971.47998046875,,13.414155006408691,,,123.01,108.38,1.395,3.56,0.85,3.5,2.71,,,1.4333,85.26,6.544,87.4913,16.9,88.4,97.3,98.3,4.66041137228633,94.2,,,14.41,9482.75,2667.416666666667,26332.16666666667,57.82142857142857,321.9,311.0,-0.3505,118.82751569774082,93.7749,94.5132,131597.0,224.118,90.875,2244196853038.0
2011-04-13,16.33,,,16.33,6.099999904632568,2.0999999046325684,,21.048175811767575,56.27410125732422,,144.72999572753906,35.80433654785156,26.27999496459961,9.709562301635742,3.1201374530792236,,,4.140999794006348,122.87999725341795,107.11000061035156,1454.9000244140625,1314.4100341796875,2949.97998046875,,13.0753812789917,,,122.7,106.6,1.421,3.49,0.75,3.43,2.74,,,1.4477,83.59,6.5333,87.2093,16.92,84.78,,,,,,,,,,,,,,-0.4252,,,,,,,
2011-04-20,16.2,,,16.2,4.800000190734863,2.0899999141693115,,21.048175811767575,59.01309967041016,,138.47000122070312,31.919567108154297,25.77005386352539,9.656370162963867,3.031261444091797,,,4.309999942779541,121.33000183105467,111.4499969482422,1498.300048828125,1330.3599853515625,2921.429931640625,,12.650106430053713,,,124.26,110.84,1.486,3.43,0.69,3.37,2.74,,,1.4513,82.58,6.5254,86.5642,15.07,105.92,,,,,,,,,,,,,,-0.3876,,,,,,,
2011-04-27,16.42,,,16.42,6.099999904632568,2.069999933242798,,21.048175811767575,53.535099029541016,,138.58999633789062,31.543624877929688,26.038366317749023,9.745025634765623,3.0906784534454346,,,4.376999855041504,125.12999725341795,112.76000213623048,1516.699951171875,1355.6600341796875,2977.590087890625,,12.873557090759276,,,124.94,112.31,1.55,3.39,0.65,3.33,2.74,,,1.4659,82.6,6.5112,86.2519,15.35,83.58,,,,,,,,,,,,,,-0.4094,,,,,,,
2011-05-04,16.92,,,16.92,5.400000095367432,1.8799999952316284,,18.286752700805664,53.78409957885742,,126.30999755859376,29.27004623413086,26.26146125793457,9.696670532226562,3.119637250900269,,,4.577000141143799,121.19000244140624,109.23999786376952,1514.9000244140625,1347.3199462890625,2952.02001953125,,12.650106430053713,,,121.55,108.79,1.583,3.25,0.6,3.22,2.65,,,1.4859,80.69,6.4925,85.8917,17.08,100.29,98.8,99.9,4.36747925922629,96.3,2.0,84884.0,15.75,8931.675,2587.2125,24164.55,56.0625,343.8,290.1,,93.95926547927444,93.888,95.0272,131703.0,224.534,91.091,
2011-05-11,16.71,,,16.71,5.300000190734863,1.7699999809265137,,19.69814682006836,44.820098876953125,,124.3000030517578,28.32123374938965,26.427270889282227,9.53315544128418,3.1121485233306885,,,4.181000232696533,112.56999969482422,98.20999908447266,1501.0999755859375,1342.0799560546875,2942.429931640625,,12.455490112304688,,,115.66,97.88,1.496,3.19,0.56,3.16,2.63,,,1.4269,80.78,6.4915,86.7195,16.95,71.52,,,,,,,,,,,,,,-0.342,,,,,,,
2011-05-18,16.51,,,16.51,4.5,1.649999976158142,,18.83903694152832,42.952598571777344,,129.24000549316406,28.697181701660156,25.284683227539062,9.514985084533691,3.0357537269592285,,,4.197999954223633,112.3000030517578,100.0999984741211,1495.5999755859375,1340.6800537109375,2867.300048828125,,12.268078804016112,,,112.54,99.52,1.524,3.18,0.58,3.13,2.6,,,1.427,81.37,6.5029,87.295,16.23,75.09,,,,,,,,,,,,,,-0.3595,,,,,,,
2011-05-25,16.06,,,16.06,2.4000000953674316,1.649999976158142,,19.14586067199707,36.85210037231445,,120.62000274658205,27.6767520904541,25.013357162475582,9.320579528808594,3.0107903480529785,,,4.379000186920166,114.93000030517578,101.31999969482422,1526.5999755859375,1320.469970703125,2816.840087890625,,11.677020072937012,,,114.47,100.78,1.491,3.13,0.54,3.07,2.59,,,1.4102,81.96,6.493,87.6136,17.07,115.3,,,,,,,,,,,,,,-0.3217,,,,,,,
2011-06-01,16.9,,,16.9,2.3399999141693115,1.7100000381469729,,16.87535858154297,36.85210037231445,,119.70999908447266,27.44402503967285,24.184295654296875,9.144339561462402,3.0457403659820557,,,4.629000186920166,114.52999877929688,100.29000091552734,1542.4000244140625,1314.550048828125,2827.659912109375,,11.821178436279297,,,116.15,100.3,1.509,2.96,0.44,2.91,2.52,,,1.4431,80.82,6.478,86.5964,18.3,97.43,100.7,101.7,4.374383777534431,97.7,1.0,1.0,16.29,9066.852272727274,2557.761363636364,22420.93181818182,55.4,313.3,277.7,,124.52442225987642,94.172,97.1372,131931.0,224.891,91.191,
2011-06-08,16.42,,,16.42,2.0,1.6799999475479126,,16.789447784423828,34.61109924316406,,114.38999938964844,25.940242767333984,23.29193115234375,8.877259254455566,3.031760931015014,,,4.8470001220703125,117.8499984741211,100.73999786376952,1538.0999755859375,1279.56005859375,2752.06005859375,,11.56169319152832,,,118.43,100.77,1.538,2.98,0.39,2.94,2.59,,,1.4587,79.87,6.4754,86.5714,18.79,93.84,,,,,,,,,,,,,,-0.2118,,,,,,,
2011-06-15,16.26,,,16.26,2.2200000286102295,1.5700000524520874,,14.93622589111328,33.86410140991211,,116.76000213623048,26.065561294555664,22.857807159423828,8.706472396850586,2.9813313484191895,,,4.577000141143799,117.0999984741211,94.80999755859376,1525.5999755859375,1265.4200439453125,2731.5,,11.37428379058838,,,114.67,94.83,1.525,2.98,0.38,2.93,2.6,,,1.4221,80.71,6.482,87.3342,21.32,76.72,,,,,,,,,,,,,,-0.145,,,,,,,
2011-06-22,14.92,,,14.92,2.2899999618530273,1.559999942779541,,14.212120056152344,33.86410140991211,,122.9499969482422,22.037572860717773,23.09296226501465,8.922682762145996,3.0602221488952637,,,4.316999912261963,114.20999908447266,95.41000366210938,1552.9000244140625,1287.1400146484375,2795.070068359375,,11.494300842285156,,,113.59,94.96,1.543,3.01,0.39,2.99,2.62,,,1.4403,80.06,6.4628,86.8067,18.52,68.93,,,,,,,,,,,,,,-0.1365,,,,,,,
2011-06-29,12.89,,,12.89,2.2699999809265137,1.590000033378601,,13.684382438659668,25.895999908447266,,129.4199981689453,21.1961669921875,22.752296447753903,9.00444221496582,3.0207760334014893,,,4.315000057220459,112.4000015258789,94.7699966430664,1509.9000244140625,1307.4100341796875,2802.550048828125,,11.64736270904541,,,111.49,94.85,1.475,3.14,0.47,3.12,2.67,,,1.4428,80.8,6.4633,86.8014,17.27,132.5,,,,,,,,,,,,,,-0.1218,,,,,,,
2011-07-06,13.33,,,13.33,2.259999990463257,1.590000033378601,,17.482872009277344,39.59109878540039,,131.52999877929688,22.82526397705078,23.077892303466797,8.94448471069336,3.0157840251922607,,,4.2170000076293945,113.62000274658205,96.6500015258789,1528.699951171875,1339.219970703125,2832.6298828125,,11.567187309265137,,,113.55,96.67,1.495,3.12,0.43,3.11,2.69,,,1.4329,80.9,6.467,86.6825,16.34,134.79,101.6,102.7,4.596683374523329,98.0,3.0,151210.0,16.29,9650.464285714286,2525.428571428571,23847.95238095238,52.78888888888889,313.1,284.2,-0.3972,153.82885984326128,94.636,93.9789,131992.0,225.164,91.326,2247447298203.6
2011-07-13,11.54,,,11.54,2.2200000286102295,1.5399999618530271,,14.598718643188477,36.976600646972656,,125.18000030517578,23.27281951904297,21.624778747558594,8.548406600952148,2.787795066833496,,,4.4029998779296875,117.75,98.0500030517578,1585.199951171875,1317.719970703125,2715.050048828125,,10.940356254577637,,,118.46,98.04,1.531,2.92,0.37,2.91,2.55,,,1.4167,78.99,6.4675,86.5697,19.91,129.06,,,,,,,,,,,,,,-0.3638,,,,,,,
2011-07-20,12.22,,,12.22,2.440000057220459,1.6200000047683716,,14.18757438659668,45.31809997558594,,123.36000061035156,22.037572860717773,22.09206771850586,8.424860000610352,2.8595728874206543,,,4.5,118.1500015258789,98.13999938964844,1596.699951171875,1325.8399658203125,2705.75,,11.027820587158203,,,118.52,98.11,1.541,2.96,0.4,2.94,2.56,,,1.4188,78.76,6.4581,86.2794,19.09,116.97,,,,,,,,,,,,,,-0.0203,,,,,,,
2011-07-27,12.87,,,12.87,2.2200000286102295,1.5099999904632568,,14.684630393981934,43.45059967041016,,116.5999984741211,21.08875846862793,22.40559959411621,8.457561492919922,2.8620829582214355,,,4.369999885559082,117.43000030517578,97.4000015258789,1615.0,1304.8900146484375,2693.7099609375,,10.758138656616213,,,117.99,97.4,1.536,3.01,0.44,2.93,2.57,,,1.4373,77.99,6.4428,85.7126,22.98,261.74,,,,,,,,,,,,,,-0.2953,,,,,,,
2011-08-03,11.55,,,11.55,2.1700000762939453,1.5299999713897705,,14.267349243164062,39.59109878540039,,115.25,18.83308219909668,20.819841384887695,7.961554527282715,2.731577157974243,,,4.090000152587891,113.2300033569336,91.93000030517578,1663.4000244140625,1260.3399658203125,2497.830078125,,10.211487770080566,,,113.74,91.87,1.566,2.64,0.33,2.62,2.31,,,1.432,76.87,6.434,86.0706,23.38,356.2,98.5,99.7,4.20449278450583,80.5,1.0,66157.0,17.7,8997.988636363636,2380.975,21864.68181818182,50.68333333333333,297.6,245.2,,216.75711838429405,95.2749,97.091,132125.0,225.874,91.508,
2011-08-10,10.55,,,10.55,1.399999976158142,1.350000023841858,,12.21776008605957,34.362098693847656,,100.36000061035156,17.311399459838867,15.643522262573242,6.967723846435547,2.3972830772399902,,,4.002999782562256,106.68000030517578,82.88999938964844,1781.300048828125,1120.760009765625,2153.77001953125,,8.804762840270996,,,103.84,83.05,1.498,2.17,0.19,2.15,1.98,,,1.4193,76.41,6.4172,87.3792,42.99,305.99,,,,,,,,,,,,,,0.3375,,,,,,,
2011-08-17,12.14,,,12.14,1.7999999523162842,1.399999976158142,,13.856203079223633,36.85210037231445,,99.45999908447266,19.71028709411621,16.65949249267578,7.525504112243652,2.6075968742370605,,,3.933000087738037,110.5999984741211,87.58000183105469,1791.199951171875,1193.8900146484375,2331.1201171875,,9.562789916992188,,,111.37,87.58,1.549,2.17,0.19,2.16,1.98,,,1.4436,76.46,6.3839,86.5518,31.58,146.26,,,,,,,,,,,,,,1.317,,,,,,,
2011-08-24,12.55,,,12.55,1.75,1.3200000524520874,,13.770293235778809,36.85210037231445,,95.79000091552734,18.689861297607425,15.908817291259766,7.745345115661621,2.53531813621521,,,3.921999931335449,110.1500015258789,85.16000366210938,1754.0999755859375,1177.5999755859375,2238.699951171875,,9.227509498596191,,,111.91,84.99,1.533,2.29,0.23,2.27,2.06,,,1.4402,76.78,6.388,87.1316,35.9,194.72,,,,,,,,,,,,,,0.5274,,,,,,,
2011-08-31,12.92,,,12.92,1.8200000524520872,1.3899999856948853,,14.54349136352539,34.86009979248047,,99.9800033569336,19.513362884521484,15.76712703704834,7.9833550453186035,2.5769777297973633,,,4.053999900817871,114.8499984741211,88.80999755859375,1828.5,1218.8900146484375,2302.080078125,,9.635676383972168,,,116.48,88.81,1.561,2.23,0.2,2.21,2.03,,,1.4406,76.5,6.3778,86.7739,31.62,152.92,,,,,,,,,,,,,,0.8682,,,,,,,
2011-09-07,12.33,,,12.33,1.7300000190734863,1.4199999570846558,,15.513056755065918,31.872100830078125,,90.1500015258789,17.83951187133789,14.130119323730469,7.3565354347229,2.399792194366455,,,3.940000057220459,115.8000030517578,89.33999633789062,1814.199951171875,1198.6199951171875,2151.159912109375,,8.884941101074219,,,117.5,89.34,1.585,2.05,0.21,2.03,1.84,,,1.4058,77.39,6.394,87.9699,33.38,185.2,,,,,,,,,,,,,,0.5111,,,,,,,
2011-09-14,11.74,,,11.74,1.7699999809265137,1.5199999809265137,,13.604606628417969,29.8799991607666,,91.5,17.01601219177246,14.226590156555176,7.394689559936523,2.395275831222534,,,4.039000034332275,112.4000015258789,88.91000366210938,1823.5,1188.6800537109375,2083.3798828125,,8.331001281738281,,,113.1,88.91,1.609,2.03,0.19,2.02,1.84,,,1.371,76.71,6.391,89.419,34.6,271.84,,,,,,,,,,,,,,0.9056,,,,,,,
2011-09-21,11.61,,,11.61,1.940000057220459,1.3899999856948853,,12.886636734008787,37.22560119628906,,73.5199966430664,16.138803482055664,14.84762954711914,7.619981288909912,2.4796013832092285,,,3.7300000190734863,110.36000061035156,85.91999816894531,1805.5,1166.760009765625,2098.489990234375,,7.22311544418335,,,114.26,85.77,1.54,1.88,0.21,1.87,1.67,,,1.3724,76.38,6.3811,90.3453,37.32,189.98,,,,,,,,,,,,,,0.7713,,,,,,,
2011-09-28,10.8,,,10.8,1.75,1.2200000286102295,,11.469106674194336,33.86410140991211,,64.75,16.84593963623047,16.632360458374023,8.172311782836914,2.550877809524536,,,3.759000062942505,103.80999755859376,81.20999908447266,1616.300048828125,1151.06005859375,2176.639892578125,,6.975296497344971,,,108.52,80.94,1.52,2.03,0.27,2.01,1.76,,,1.3628,76.51,6.3933,91.0227,41.08,148.13,,,,,,,,,,,,,,1.1021,,,,,,,
2011-10-05,9.92,,,9.92,1.7799999713897705,1.2200000286102295,,10.530223846435549,37.599098205566406,,60.869998931884766,15.45852279663086,17.14788246154785,8.310393333435059,2.565434455871582,,,3.569999933242798,99.79000091552734,79.68000030517578,1640.300048828125,1144.030029296875,2179.419921875,,6.742058753967285,,,103.77,79.41,1.455,1.92,0.25,1.92,1.67,,,1.3328,76.86,6.3745,92.3008,37.81,143.93,98.3,100.4,4.07775911407011,99.7,,,17.6,7394.190476190476,2180.647619047619,19039.04761904762,52.3375,290.0,265.2,,166.33759690386063,95.8568,97.9941,132553.0,226.743,91.614,2238040990920.6
2011-10-12,10.49,,,10.49,1.8899999856948853,1.3600000143051147,,10.94136905670166,34.362098693847656,,57.08000183105469,17.123422622680664,18.890405654907227,8.404870986938477,2.6833906173706055,,,3.489000082015991,111.36000061035156,85.56999969482422,1681.300048828125,1207.25,2372.14990234375,,7.055474758148193,,,112.44,85.3,1.471,2.24,0.29,2.22,1.95,,,1.3805,77.3,6.358,90.3378,31.26,95.29,,,,,,,,,,,,,,1.3787,,,,,,,
2011-10-19,10.0,,,10.0,1.919999957084656,1.2999999523162842,,10.720455169677734,32.61909866333008,,51.06999969482422,16.058242797851562,18.275390625,7.928849220275879,2.625667095184326,,,3.5859999656677246,108.38999938964844,86.11000061035156,1646.0,1209.8800048828125,2330.080078125,,6.873256206512451,,,111.76,86.11,1.445,2.18,0.28,2.15,1.9,,,1.3775,76.79,6.3769,90.3317,34.44,104.7,,,,,,,,,,,,,,0.4718,,,,,,,
2011-10-26,10.44,,,10.44,2.0299999713897705,1.3700000047683716,,11.77593231201172,31.872100830078125,,46.11000061035156,19.083711624145508,18.537677764892575,7.596363067626953,2.604586124420166,,,3.5899999141693115,108.91000366210938,90.1999969482422,1722.699951171875,1242.0,2335.06005859375,,7.106494426727295,,,110.43,90.2,1.465,2.23,0.28,2.21,1.95,,,1.3838,76.05,6.3534,90.0836,29.86,128.2,,,,,,,,,,,,,,0.6668,,,,,,,
2011-11-02,9.9,,,9.9,2.2100000381469727,1.4600000381469729,,14.825770378112791,37.599098205566406,,47.22999954223633,14.64397430419922,17.458396911621094,7.320198059082031,2.495663642883301,,,3.749000072479248,109.33999633789062,92.51000213623048,1728.699951171875,1237.9000244140625,2291.889892578125,,6.975296497344971,,,110.82,92.51,1.448,2.03,0.23,2.02,1.8,,,1.3803,78.04,6.355,90.244,32.74,82.6,97.4,99.9,4.391747269186951,99.1,2.0,1.0,17.89,7581.022727272727,2079.981818181818,17873.0,53.19444444444444,281.7,302.6,,191.7761114204524,95.8485,96.2055,132690.0,226.859,91.808,
2011-11-09,9.95,,,9.95,2.2300000190734863,1.2799999713897705,,17.45832633972168,40.71160125732422,,44.97999954223633,14.259078979492188,16.918758392333984,7.294761180877685,2.4123411178588867,,,3.651999950408935,112.30999755859376,95.73999786376952,1790.9000244140625,1229.0999755859375,2249.389892578125,,6.734768867492676,,,115.29,95.74,1.46,2.0,0.24,1.99,1.76,,,1.3596,77.77,6.3401,90.6991,36.16,98.42,,,,,,,,,,,,,,0.8571,,,,,,,
2011-11-16,9.93,,,9.93,2.4600000381469727,1.3200000524520874,,22.165016174316406,48.55509948730469,,44.060001373291016,13.829424858093262,17.527738571166992,7.4842848777771,2.38071870803833,,,3.3440001010894775,111.87999725341795,102.58999633789062,1773.800048828125,1236.9100341796875,2267.9599609375,,6.640017032623291,,,111.91,102.59,1.479,2.01,0.26,2.0,1.75,,,1.3505,77.02,6.3445,91.1237,33.51,161.74,,,,,,,,,,,,,,0.7834,,,,,,,
2011-11-23,8.97,,,8.97,1.9800000190734863,1.25,,16.59921646118164,37.84809875488281,,41.58000183105469,12.209280014038086,16.707725524902344,6.892971515655518,2.2908713817596436,,,3.4600000381469727,107.0199966430664,96.16999816894533,1695.699951171875,1161.7900390625,2096.7900390625,,6.261004447937012,,,106.83,96.16,1.453,1.89,0.26,1.87,1.63,,,1.3347,77.41,6.3576,92.7463,33.98,176.33,,,,,,,,,,,,,,1.0264,,,,,,,
2011-11-30,8.05,,,8.05,2.2200000286102295,1.3200000524520874,,19.894514083862305,41.583099365234375,,47.86000061035156,13.319212913513184,18.525619506835938,7.87849235534668,2.48813533782959,,,3.549999952316284,110.81999969482422,100.36000061035156,1745.5,1246.9599609375,2330.429931640625,,6.800368309020996,,,111.22,100.36,1.448,2.08,0.25,2.07,1.83,,,1.3453,77.58,6.3765,91.4728,27.8,90.16,,,,,,,,,,,,,,1.2361,,,,,,,
2011-12-07,,,,,2.3399999141693115,1.2400000095367432,,20.9438533782959,42.330101013183594,,47.9900016784668,13.041730880737305,16.792137145996094,7.916397094726563,2.5222673416137695,,,3.4210000038146973,109.52999877929688,100.48999786376952,1740.9000244140625,1261.010009765625,2344.919921875,,6.734768867492676,,,110.07,100.45,1.444,2.02,0.24,2.0,1.78,,,1.3386,77.69,6.3642,91.2331,28.67,168.73,,,,,,,,,,,,,,0.6815,,,,,,,
2011-12-14,7.13,,,7.13,2.059999942779541,1.2000000476837158,,18.814491271972656,40.33810043334961,,33.45000076293945,11.457389831542969,15.75308322906494,7.438798904418945,2.3626489639282227,,,3.135999917984009,105.0199966430664,94.9499969482422,1584.300048828125,1211.8199462890625,2205.909912109375,,6.158962249755859,,,105.72,94.92,1.364,1.92,0.25,1.91,1.67,,,1.2972,78.08,6.371,93.2176,26.04,167.64,,,,,,,,,,,,,,0.6285,,,,,,,
2011-12-21,,,,,2.0199999809265137,1.159999966621399,,16.985815048217773,39.8400993347168,,31.799999237060547,10.812910079956056,15.877102851867676,7.471015930175781,2.381723403930664,,,3.1549999713897705,107.70999908447266,98.66999816894533,1611.9000244140625,1243.719970703125,2244.35009765625,,6.2764973640441895,,,108.0,98.54,1.35,1.98,0.28,1.97,1.7,,,1.304,78.0,6.3386,92.5262,21.43,180.75,,,,,,,,,,,,,,0.8956,,,,,,,
2011-12-28,,,,,2.0,1.2200000286102295,,16.316938400268555,42.7036018371582,,32.119998931884766,10.562277793884276,16.03136444091797,7.654854774475098,2.3762011528015137,,,3.0840001106262207,107.55999755859376,99.36000061035156,1562.9000244140625,1249.6400146484375,2255.030029296875,,6.321436405181885,,,107.54,99.44,1.402,1.93,0.28,1.92,1.65,,,1.2926,77.98,6.3211,92.8374,23.52,133.43,,,,,,,,,,,,,,0.6476,,,,,,,
2012-01-04,6.31,,,6.31,2.0199999809265137,1.090000033378601,,17.096271514892578,41.956600189208984,,34.70000076293945,10.069969177246094,17.183813095092773,8.066122055053711,2.4414994716644287,,,3.0959999561309814,113.6999969482422,103.22000122070312,1611.9000244140625,1277.300048828125,2349.889892578125,,6.553622722625732,,,113.37,103.22,1.376,2.0,0.25,1.98,1.75,,,1.293,76.68,6.2941,92.0345,22.22,159.76,101.2,104.6,3.90433805608164,89.2,1.0,6.0,17.46,8061.916666666667,2151.333333333333,19908.61904761905,52.3125,281.8,291.7,,154.60602395879906,96.9318,95.9211,133246.0,227.237,92.235,2232920939640.6
2012-01-11,6.83,,,6.83,1.9800000190734863,1.1200000047683716,,18.70403480529785,39.8400993347168,,41.79999923706055,11.269413948059082,16.98719596862793,8.054750442504883,2.42391586303711,,,2.7739999294281006,112.23999786376952,100.87000274658205,1639.199951171875,1292.47998046875,2339.510009765625,,6.8906636238098145,,,111.66,100.89,1.226,1.93,0.24,1.91,1.69,,,1.2686,76.9,6.3149,92.554,21.05,168.32,,,,,,,,,,,,,,0.5356,,,,,,,
2012-01-18,6.68,,,6.68,1.9299999475479128,1.090000033378601,,17.844924926757812,39.8400993347168,,42.9900016784668,10.902421951293944,17.099117279052734,7.971359729766846,2.3623743057250977,,,2.4719998836517334,110.66000366210938,100.58999633789062,1659.5,1308.0400390625,2390.639892578125,38.475284576416016,7.025480270385742,,,109.81,100.61,1.294,1.92,0.24,1.89,1.68,,,1.2825,76.81,6.3109,91.6943,20.89,103.11,,,,,,,,,,,,,,0.5625,,,,,,,
2012-01-25,6.9,,,6.9,1.9700000286102295,1.1200000047683716,,17.17604637145996,38.346099853515625,,38.61000061035156,11.358927726745604,16.376192092895508,7.78562593460083,2.308072805404663,,,2.7290000915527344,109.80999755859376,99.4000015258789,1699.800048828125,1326.06005859375,2421.1201171875,39.507911682128906,6.97305154800415,,,108.48,99.23,1.273,2.01,0.22,1.97,1.79,,,1.2978,78.13,6.333,91.277,18.31,284.94,,,,,,,,,,,,,,0.4263,,,,,,,
2012-02-01,7.66,,,7.66,1.9900000095367432,1.2000000476837158,,17.2865047454834,42.82809829711914,,42.68000030517578,11.636409759521484,18.560087203979492,8.035798072814941,2.379957437515259,,,2.381999969482422,111.55999755859376,97.61000061035156,1747.0999755859375,1324.0899658203125,2470.7900390625,40.509952545166016,7.077909469604492,,,111.96,97.63,1.275,1.87,0.23,1.81,1.64,,,1.3179,76.11,6.3076,90.0963,18.55,123.13,101.4,105.2,3.74408726271292,91.9,,,16.71,8441.488095238095,2207.916666666667,20393.66666666667,52.05555555555556,296.6,295.3,,141.12412244454077,97.2435,97.4739,133509.0,227.865,92.364,
2012-02-08,8.42,,,8.42,2.2799999713897705,1.3799999952316284,,17.37241554260254,44.820098876953125,,45.810001373291016,10.293746948242188,19.673208236694336,8.081281661987305,2.431673765182495,,,2.447999954223633,117.1999969482422,98.70999908447266,1729.300048828125,1349.9599609375,2512.919921875,40.9765625,7.467384815216064,,,117.18,98.8,1.236,2.01,0.27,1.92,1.74,,,1.3253,76.9,6.2938,89.6555,18.16,106.66,,,,,,,,,,,,,,0.286,,,,,,,
2012-02-15,7.6,,,7.6,2.319999933242798,1.409999966621399,,14.90554428100586,46.81209945678711,,39.11000061035156,9.452345848083496,19.56734275817871,7.362988948822021,2.4084014892578125,,,2.424999952316284,118.93000030517578,101.8000030517578,1726.300048828125,1343.22998046875,2493.9599609375,40.9765625,7.384995460510254,,,120.25,101.82,1.178,1.93,0.29,1.82,1.64,,,1.3087,78.22,6.2998,90.1932,21.14,65.95,,,,,,,,,,,,,,0.0907,,,,,,,
2012-02-22,8.58,,,8.58,2.549999952316284,1.7200000286102295,,15.65419578552246,44.820098876953125,,40.45000076293945,10.356404304504396,19.85772132873535,7.438798904418945,2.412538528442383,,,2.6429998874664307,122.9000015258789,106.27999877929688,1770.0,1357.6600341796875,2519.0,42.07038879394531,7.542281150817871,,,123.07,105.99,1.209,2.01,0.29,1.92,1.72,,,1.3251,80.3,6.296,90.2472,18.19,119.14,,,,,,,,,,,,,,0.1961,,,,,,,
2012-02-29,9.17,,,9.17,2.2200000286102295,1.5099999904632568,,15.212368965148926,47.31010055541992,,32.29999923706055,10.27584457397461,20.689537048339844,7.380046844482422,2.2972123622894287,,,2.615999937057495,122.66000366210938,107.06999969482422,1709.9000244140625,1365.6800537109375,2512.110107421875,42.07038879394531,7.152810096740723,,,122.23,107.08,1.226,1.98,0.3,1.9,1.68,,,1.3359,81.1,6.2935,89.7487,18.43,51.9,,,,,,,,,,,,,,0.0611,,,,,,,
2012-03-07,8.44,,,8.44,2.0999999046325684,1.409999966621399,,14.850316047668455,52.539100646972656,,25.799999237060547,9.577659606933594,20.75305557250977,7.380046844482422,2.2418770790100098,,,2.302000045776367,124.12000274658205,106.16000366210938,1683.300048828125,1352.6300048828125,2460.77001953125,41.672637939453125,6.883174896240234,,,125.37,106.16,1.256,1.98,0.3,1.9,1.68,,,1.3149,81.06,6.3097,90.6837,19.07,90.74,,,,,,,,,,,,,,0.0408,,,,,,,
2012-03-14,7.65,,,7.65,1.7799999713897705,1.4900000095367432,,13.825521469116213,57.27009963989258,,27.100000381469727,10.365355491638184,21.869205474853516,7.580942153930664,2.274974822998047,,,2.2839999198913574,124.97000122070312,105.43000030517578,1642.5,1394.280029296875,2574.7900390625,41.87150955200195,7.017991542816162,,,126.98,105.49,1.254,2.29,0.4,2.2,1.89,,,1.3025,83.78,6.3315,90.9325,15.31,101.42,,,,,,,,,,,,,,0.1637,,,,,,,
2012-03-21,7.25,,,7.25,1.6100000143051147,1.5299999713897705,,13.187326431274414,63.24620056152344,,26.329999923706055,10.526474952697754,22.020437240600582,7.541141033172607,2.343756675720215,,,2.359999895095825,124.1999969482422,107.2699966430664,1650.0,1402.8900146484375,2567.580078125,41.87150955200195,6.988032817840576,,,123.89,106.87,1.268,2.31,0.39,2.22,1.92,,,1.319,83.62,6.3226,90.6761,15.13,66.71,,,,,,,,,,,,,,-0.2055,,,,,,,
2012-03-28,6.9,,,6.9,1.2799999713897705,1.3899999856948853,,10.554770469665527,70.21820068359375,,25.06999969482422,10.419062614440918,21.845006942749023,7.370571136474609,2.187575101852417,,,2.190999984741211,124.16000366210938,105.41000366210938,1657.9000244140625,1405.5400390625,2496.679931640625,42.13923645019531,6.883174896240234,,,124.41,105.4,1.265,2.21,0.34,2.12,1.87,,,1.33,82.74,6.3044,90.603,15.47,80.81,,,,,,,,,,,,,,-0.0819,,,,,,,
2012-04-04,6.0,,,6.0,1.2400000095367432,1.3899999856948853,,11.192964553833008,68.2261962890625,7.449999809265137,21.729999542236328,9.398638725280762,21.137205123901367,7.050276279449463,2.084660768508911,,,2.1410000324249268,122.33999633789062,101.47000122070312,1612.300048828125,1398.9599609375,2398.4599609375,42.05509567260742,6.628520965576172,,,123.04,101.53,1.194,2.25,0.35,2.17,1.9,,,1.3126,82.62,6.2975,90.8284,16.44,78.88,101.4,105.8,3.38187729759281,91.9,1.0,7.0,19.57,8285.526315789473,2048.505263157895,17892.81578947368,51.3,327.2,297.8,,129.83842375850958,97.4359,98.2522,133825.0,229.303,92.661,2227090706555.0
2012-04-11,6.54,,,6.54,1.3300000429153442,1.3700000047683716,,10.972050666809082,66.981201171875,7.130000114440918,22.5,9.067447662353516,20.834726333618164,6.985838413238525,2.047942876815796,,,1.9839999675750732,120.18000030517578,102.6999969482422,1659.0,1368.7099609375,2341.360107421875,40.892425537109375,6.643501281738281,,,120.41,102.66,1.205,2.05,0.3,1.96,1.75,,,1.3104,80.88,6.3076,91.1768,20.02,167.23,,,,,,,,,,,,,,0.0623,,,,,,,
2012-04-18,6.97,,,6.97,1.2200000286102295,1.2999999523162842,,6.786962032318115,65.48719787597656,7.289999961853027,21.36000061035156,9.24647045135498,21.527400970458984,7.133665084838867,1.858662724494934,,,1.950999975204468,117.97000122070312,102.66999816894533,1638.800048828125,1385.1400146484375,2327.840087890625,41.74147033691406,6.5835795402526855,,,115.18,102.65,1.199,2.0,0.27,1.93,1.73,,,1.3122,81.29,6.3026,90.9326,18.64,90.56,,,,,,,,,,,,,,0.2767,,,,,,,
2012-04-25,7.06,,,7.06,1.2599999904632568,1.2799999713897705,,6.928101062774658,70.71620178222656,6.880000114440918,18.299999237060547,9.300177574157717,20.94260025024414,6.9922990798950195,1.8550429344177248,,,2.068000078201294,119.12000274658205,104.12000274658205,1641.4000244140625,1390.68994140625,2322.909912109375,41.74147033691406,6.4038238525390625,,,117.45,103.72,1.18,2.01,0.26,1.92,1.75,,,1.321,81.33,6.3039,90.756,16.82,87.5,,,,,,,,,,,,,,0.0321,,,,,,,
2012-05-02,,,,,1.2999999523162842,1.3300000429153442,,6.510819911956787,64.74019622802734,8.0,18.209999084472656,8.619895935058594,20.61577033996582,6.817197322845459,1.7650578022003174,,,2.253000020980835,118.1999969482422,105.22000122070312,1653.4000244140625,1402.31005859375,2290.31005859375,41.948001861572266,6.366374969482422,,,117.57,105.25,1.089,1.96,0.27,1.88,1.69,,,1.3154,80.19,6.307,90.6144,16.88,125.35,98.8,103.2,3.52554472292503,94.0,3.0,66.0,18.33,7896.909090909091,2002.522727272727,16968.31818181818,51.88888888888889,312.6,273.0,,159.69718380001015,97.6609,98.5097,133932.0,229.602,92.755,
2012-05-09,6.5,,,6.5,1.2400000095367432,1.2999999523162842,,7.4251580238342285,60.88059997558594,8.649999618530273,16.920000076293945,7.687191963195801,20.60615921020508,6.630289077758789,1.7660925388336182,,,2.4649999141693115,113.1999969482422,96.80999755859376,1593.699951171875,1354.5799560546875,2225.6298828125,40.31108474731445,6.0218424797058105,,,111.89,96.8,1.003,1.87,0.27,1.78,1.6,,,1.2954,79.64,6.3096,91.7632,20.08,159.06,,,,,,,,,,,,,,-0.0674,,,,,,,
2012-05-16,6.49,,,6.49,1.2200000286102295,1.2400000095367432,,7.922214031219482,58.515098571777344,8.319999694824219,13.979999542236328,6.981846332550049,19.555185317993164,6.360750675201416,1.7081706523895264,,,2.618000030517578,111.70999908447266,92.80999755859376,1536.199951171875,1324.800048828125,2175.340087890625,39.74503707885742,5.564960956573486,,,109.8,92.78,0.943,1.76,0.3,1.66,1.46,,,1.273,80.32,6.3227,92.903,22.27,117.36,,,,,,,,,,,,,,0.1009,,,,,,,
2012-05-23,6.65,,,6.65,1.190000057220459,1.1399999856948853,,7.5662970542907715,58.515098571777344,7.900000095367432,14.260000228881836,6.750908374786377,18.80219841003418,6.323367595672607,1.7195475101470947,,,2.736999988555908,105.55999755859376,89.9000015258789,1548.0999755859375,1318.8599853515625,2134.050048828125,38.36819076538086,5.355245113372803,,,106.88,89.4,0.833,1.73,0.28,1.64,1.45,,,1.2569,79.33,6.3343,93.8855,22.33,93.86,,,,,,,,,,,,,,0.4464,,,,,,,
2012-05-30,6.55,,,6.55,1.149999976158142,1.1399999856948853,,7.09378719329834,56.02510070800781,7.010000228881836,13.399999618530272,7.20383358001709,18.89512062072754,6.2997589111328125,1.580432415008545,,,2.4179999828338623,103.47000122070312,87.81999969482422,1563.4000244140625,1313.3199462890625,2116.179931640625,38.79655075073242,5.332775115966797,,,103.85,87.79,0.83,1.63,0.27,1.56,1.36,,,1.2405,78.93,6.3574,94.302,24.14,75.26,,,,,,,,,,,,,,0.3581,,,,,,,
2012-06-06,6.27,,,6.27,1.2000000476837158,1.190000057220459,,6.5660481452941895,49.0531005859375,6.690000057220459,13.3100004196167,5.6463446617126465,18.417695999145508,6.44534969329834,1.694724202156067,,,2.4210000038146973,100.63999938964844,85.0199966430664,1632.800048828125,1315.1300048828125,2137.72998046875,38.52117919921875,5.287835121154785,,,101.14,85.05,0.785,1.66,0.26,1.57,1.4,,,1.2535,79.11,6.3634,94.0362,22.16,148.17,100.2,104.4,3.40599415231851,96.1,4.0,0.0,19.38,7428.289473684211,1885.513157894737,16603.68421052632,50.83333333333333,296.8,241.4,0.4503,183.18487261203407,97.6663,100.8381,134013.0,229.879,92.85,
2012-06-13,6.54,,,6.54,1.1799999475479126,1.1100000143051147,,7.400611877441406,49.67559814453125,7.019999980926514,13.84000015258789,5.3384270668029785,18.58111000061035,6.539787292480469,1.744370937347412,,,2.184999942779541,97.12999725341795,82.62000274658203,1618.0999755859375,1314.8800048828125,2143.5,38.52117919921875,5.302815914154053,,,97.29,82.56,0.762,1.61,0.3,1.51,1.31,,,1.2596,79.35,6.3685,93.8309,24.27,142.39,,,,,,,,,,,,,,0.4259,,,,,,,
2012-06-20,7.39,,,7.39,1.1399999856948853,1.1699999570846558,,7.701300144195557,53.28609848022461,6.800000190734863,14.93000030517578,5.513867378234863,19.987754821777344,6.805391311645508,1.810050129890442,,,2.5169999599456787,92.69000244140624,81.80000305175781,1614.800048828125,1355.68994140625,2207.489990234375,40.165748596191406,5.544336318969727,,,93.5,81.06,0.83,1.65,0.32,1.56,1.33,,,1.2703,79.54,6.3597,93.1602,17.24,162.54,,,,,,,,,,,,,,0.2113,,,,,,,
2012-06-27,8.0,,,8.0,1.100000023841858,1.100000023841858,,7.36992883682251,53.28609848022461,5.849999904632568,15.350000381469728,5.182677745819092,20.25049591064453,7.157566070556641,1.8033266067504885,,,2.7739999294281006,93.5,80.20999908447266,1577.5,1331.8499755859375,2165.610107421875,39.46748733520508,5.391388416290283,,,92.06,80.27,0.798,1.65,0.31,1.56,1.34,,,1.2457,79.83,6.3561,93.8728,19.45,190.31,,,,,,,,,,,,,,0.0478,,,,,,,
2012-07-04,8.11,,,8.11,1.159999966621399,1.1299999952316284,,7.590843200683594,56.64759826660156,6.190000057220459,15.670000076293944,5.3026227951049805,21.349533081054688,7.356274604797363,1.9398564100265503,,,2.8989999294281006,100.68000030517578,87.66000366210938,1621.300048828125,1374.02001953125,2320.429931640625,39.46748733520508,5.628457546234131,,,99.89,87.74,0.819,1.65,0.3,1.56,1.35,,,1.262,79.77,6.3519,92.6508,16.66,104.67,100.3,103.8,3.24899459783906,95.7,9.0,129066.0,19.1,7584.261363636364,1876.25,16128.40909090909,50.35555555555556,288.6,247.6,,152.0852124452586,97.8713,96.7375,134157.0,229.893,92.946,2225070871164.4004
2012-07-11,7.87,,,7.87,1.100000023841858,1.1100000143051147,,7.09378719329834,55.15359878540039,5.739999771118164,14.649999618530272,4.525668144226074,21.564212799072266,7.072964191436768,1.8194668292999268,,,2.8529999256134033,100.2300033569336,85.80999755859375,1575.199951171875,1341.449951171875,2246.22998046875,39.80110549926758,5.3225626945495605,,,99.23,85.88,0.839,1.54,0.27,1.44,1.27,,,1.2244,79.7,6.3682,93.5981,17.95,268.08,,,,,,,,,,,,,,0.0278,,,,,,,
2012-07-18,7.68,,,7.68,1.1699999570846558,1.100000023841858,,8.480634689331055,49.80009841918945,5.96999979019165,14.470000267028809,4.683207035064697,21.884632110595703,7.130021095275879,1.7105170488357544,,,2.9730000495910645,105.16000366210938,89.87000274658203,1570.4000244140625,1372.780029296875,2284.699951171875,40.28988265991211,5.139026165008545,,,105.92,89.88,0.933,1.52,0.22,1.43,1.3,,,1.2261,78.79,6.369,93.0973,16.16,213.86,,,,,,,,,,,,,,0.1256,,,,,,,
2012-07-25,7.13,,,7.13,1.1299999952316284,1.0399999618530271,,8.94700813293457,48.30609893798828,5.760000228881836,14.18000030517578,4.477331638336182,19.22515296936035,6.590941429138184,1.4457676410675049,,,3.069999933242798,104.37999725341795,88.97000122070312,1608.0,1337.8900146484375,2159.090087890625,40.28988265991211,4.718421459197998,,,102.35,88.8,0.902,1.43,0.22,1.33,1.21,,,1.2132,78.21,6.3879,94.0564,19.34,134.93,,,,,,,,,,,,,,-0.0324,,,,,,,
2012-08-01,6.64,,,6.64,1.2200000286102295,1.0499999523162842,,8.701547622680664,48.057098388671875,5.639999866485596,14.800000190734863,4.770927906036377,20.4940128326416,7.196913719177246,1.5874030590057373,,,3.1710000038146973,105.95999908447266,88.91000366210938,1603.699951171875,1375.3199462890625,2325.719970703125,40.77866744995117,4.817836761474609,,,106.78,88.99,0.874,1.56,0.24,1.46,1.32,,,1.2299,78.19,6.368,92.8905,18.96,138.78,98.7,102.2,3.00803600641141,79.8,1.0,111.0,18.39,7510.431818181818,1843.327272727273,15703.98863636364,49.25,312.0,271.3,,116.96839694186473,97.4525,99.5811,134339.0,230.196,93.005,
2012-08-08,7.21,,,7.21,1.2000000476837158,1.100000023841858,,8.59109115600586,50.298099517822266,5.070000171661377,21.40999984741211,5.01618766784668,21.307872772216797,7.751733779907227,1.7165091037750244,,,2.933000087738037,112.13999938964844,93.3499984741211,1612.9000244140625,1402.219970703125,2432.280029296875,41.438133239746094,5.215499401092529,,,113.42,93.39,0.938,1.68,0.29,1.57,1.39,,,1.2364,78.44,6.361,92.5407,15.32,86.84,,,,,,,,,,,,,,-0.1373,,,,,,,
2012-08-15,7.51,,,7.51,1.0199999809265137,1.0499999523162842,,7.977441787719727,49.42660140991211,5.039999961853027,21.100000381469727,5.231013774871826,21.09319496154785,7.761570930480957,1.662034273147583,,,2.747999906539917,116.25,94.33000183105467,1603.699951171875,1405.530029296875,2430.389892578125,41.438133239746094,5.123730659484863,,,115.51,94.35,0.948,1.8,0.27,1.71,1.53,,,1.2288,78.89,6.3619,92.6838,14.63,135.19,,,,,,,,,,,,,,-0.177,,,,,,,
2012-08-22,7.6,,,7.6,1.0800000429153442,1.0,,7.756527900695801,47.31010055541992,5.0,23.93000030517578,5.687519073486328,21.234176635742188,7.806821346282959,1.7453806400299072,,,2.825999975204468,114.91000366210938,97.26000213623048,1637.4000244140625,1413.489990234375,2452.72998046875,41.81829452514648,5.3684468269348145,,,115.77,96.89,0.902,1.71,0.26,1.6,1.45,,,1.2472,79.19,6.3515,92.4362,15.11,104.4,,,,,,,,,,,,,,-0.1088,,,,,,,
2012-08-29,8.25,,,8.25,1.0299999713897705,0.9800000190734864,,7.204244136810303,45.81610107421875,5.110000133514404,24.200000762939453,6.835048675537109,21.176498413085938,7.673035144805908,1.7045246362686155,,,2.634000062942505,112.54000091552734,95.48999786376952,1659.800048828125,1410.489990234375,2434.22998046875,41.88814163208008,5.238441467285156,,,112.53,95.5,0.883,1.66,0.27,1.54,1.39,,,1.2538,78.72,6.3513,92.3823,17.06,110.02,,,,,,,,,,,,,,-0.1641,,,,,,,
2012-09-05,8.24,,,8.24,0.949999988079071,0.9700000286102296,,7.922214031219482,45.81610107421875,5.28000020980835,18.649999618530273,7.966464519500732,21.59625244140625,7.64548921585083,1.782423973083496,,,2.7950000762939453,113.08999633789062,95.36000061035156,1690.800048828125,1403.43994140625,2441.81005859375,41.60883331298828,5.070199012756348,,,113.32,95.37,0.989,1.6,0.25,1.49,1.35,,,1.2603,78.34,6.3489,92.1262,17.74,140.89,98.9,102.5,2.41867343345105,96.4,,,18.76,8087.7425,2064.12,17287.9625,47.725,332.1,282.3,,153.5869384600671,97.381,99.705,134517.0,230.78,93.119,
2012-09-12,7.72,,,7.72,0.8199999928474426,0.9700000286102296,,8.198355674743652,44.44660186767578,4.840000152587891,22.479999542236328,7.142965316772461,23.01891326904297,7.820594310760498,1.9850709438323977,,,3.062999963760376,115.95999908447266,97.01000213623048,1730.5999755859375,1436.56005859375,2564.800048828125,43.12173843383789,5.131378173828125,,,114.86,97.02,0.92,1.77,0.25,1.67,1.52,,,1.2894,77.86,6.3261,91.0477,15.8,121.8,,,,,,,,,,,,,,-0.203,,,,,,,
2012-09-19,7.25,,,7.25,0.8100000023841858,0.8500000238418579,,8.173810005187988,42.330101013183594,5.110000133514404,23.479999542236328,7.071357250213623,22.541488647460938,7.732059001922607,2.0422699451446533,,,2.76200008392334,108.19000244140624,91.9800033569336,1769.0,1461.050048828125,2567.669921875,43.92086410522461,5.406683444976807,,,108.49,91.97,0.875,1.79,0.27,1.68,1.52,,,1.3065,78.4,6.3091,90.4646,13.88,174.22,,,,,,,,,,,,,,-0.4787,,,,,,,
2012-09-26,7.21,,,7.21,0.8299999833106995,0.7099999785423279,,6.9526472091674805,35.85609817504883,4.75,20.899999618530273,7.832199096679688,22.51585578918457,7.3489460945129395,1.999234318733215,,,3.0230000019073486,110.04000091552734,89.9800033569336,1750.5999755859375,1433.3199462890625,2498.52001953125,43.09846496582031,5.177262306213379,,,108.99,89.92,0.88,1.64,0.26,1.53,1.38,,,1.2852,77.78,6.3015,91.0028,16.81,105.56,,,,,,,,,,,,,,-0.53,,,,,,,
2012-10-03,7.79,,,7.79,0.8399999737739563,0.800000011920929,,7.118332862854004,34.86009979248047,3.940000057220459,22.0,6.784921646118164,22.56391716003418,7.326340198516846,2.0324645042419434,,,3.3949999809265137,108.16999816894533,88.13999938964844,1777.300048828125,1450.989990234375,2492.47998046875,43.26914978027344,5.2307939529418945,,,109.32,88.19,0.943,1.64,0.23,1.55,1.41,,,1.2909,78.57,6.284,90.8726,15.43,152.28,99.9,103.3,2.3057818010952,96.5,,,17.27,8062.032608695652,1974.304347826087,17168.73913043478,44.61111111111111,318.7,268.4,,151.12166580863942,97.7193,99.0096,134669.0,231.276,93.345,2214950369832.6997
2012-10-10,7.85,,,7.85,0.8600000143051147,0.75,,6.928101062774658,31.872100830078125,3.1500000953674316,21.040000915527344,6.306934356689453,22.09931373596191,7.151658535003662,2.0232033729553223,,,3.4749999046325684,114.33000183105467,91.25,1763.199951171875,1432.56005859375,2456.5400390625,42.749324798583984,5.093142032623291,,,116.11,91.24,0.946,1.72,0.27,1.62,1.45,,,1.2888,78.26,6.2831,90.883,16.29,129.14,,,,,,,,,,,,,,-0.4375,,,,,,,
2012-10-17,7.76,,,7.76,0.8100000023841858,0.75,,6.9526472091674805,31.872100830078125,3.759999990463257,25.170000076293945,6.176248073577881,22.92919921875,7.3797712326049805,2.217135190963745,,,3.4700000286102295,115.06999969482422,92.12000274658205,1751.5,1460.9100341796875,2569.830078125,43.03639221191406,5.345503807067871,,,113.49,92.04,0.954,1.83,0.3,1.72,1.53,,,1.3133,78.74,6.254,90.2309,15.07,196.86,,,,,,,,,,,,,,-0.4703,,,,,,,
2012-10-24,7.85,,,7.85,0.7599999904632568,0.7400000095367432,,6.65195894241333,31.62310028076172,3.490000009536743,23.36000061035156,5.773449420928955,22.378076553344727,7.256468296051025,2.14631724357605,,,3.450000047683716,107.8499984741211,85.7300033569336,1700.5,1408.75,2490.580078125,43.58724212646485,5.016667366027832,,,107.66,85.39,0.965,1.8,0.29,1.69,1.51,,,1.2946,79.82,6.2478,91.1275,18.33,118.63,,,,,,,,,,,,,,-0.607,,,,,,,
2012-10-31,7.01,,,7.01,0.7400000095367432,0.7200000286102295,,4.847829818725586,30.627099990844727,3.6700000762939458,24.299999237060547,5.966792106628418,22.592756271362305,7.277019023895264,2.1735546588897705,,,3.691999912261963,108.6999969482422,86.23999786376953,1717.5,1412.1600341796875,2503.639892578125,42.51656723022461,4.978431224822998,,,109.89,86.23,0.99,1.72,0.3,1.61,1.42,,,1.2958,79.94,6.2372,91.1609,18.6,141.64,,,,,,,,,,,,,,-0.3513,,,,,,,
2012-11-07,8.24,,,8.24,0.800000011920929,0.699999988079071,,4.571688175201416,32.37009811401367,3.2799999713897705,23.670000076293945,4.770927906036377,21.897445678710938,7.016023635864258,2.100013732910156,,,3.578000068664551,106.81999969482422,84.44000244140625,1713.199951171875,1394.530029296875,2479.10009765625,42.788124084472656,4.9707841873168945,,,108.21,84.5,0.956,1.68,0.27,1.58,1.41,,,1.2759,79.85,6.2435,91.4514,19.08,358.0,,,,,,,,,,,,,,-0.3387,,,,,,,
2012-11-14,8.49,,,8.49,0.7400000095367432,0.6800000071525574,,3.8230350017547607,34.48659896850586,2.109999895095825,23.450000762939453,4.402143955230713,21.109214782714844,6.818737030029297,2.119624614715576,,,3.759999990463257,109.61000061035156,86.31999969482422,1729.5,1355.489990234375,2472.840087890625,41.12003707885742,4.749009609222412,,,109.66,86.32,0.888,1.59,0.25,1.49,1.34,,,1.274,80.2,6.225,91.7942,17.92,213.51,,,,,,,,,,,,,,-0.3141,,,,,,,
2012-11-21,6.47,,,6.47,0.5899999737739563,0.6499999761581421,,3.3812079429626465,30.378000259399418,2.7300000190734863,24.469999313354492,4.37170934677124,20.52285385131836,6.942041397094727,2.179002523422241,,,3.9030001163482666,110.86000061035156,87.37999725341797,1727.9000244140625,1391.030029296875,2519.679931640625,41.94244766235352,4.909604072570801,,,110.81,87.08,0.855,1.69,0.27,1.59,1.42,,,1.2816,82.36,6.23,91.6645,15.31,159.8,,,,,,,,,,,,,,-0.2011,,,,,,,
2012-11-28,6.7,,,6.7,0.6000000238418579,0.6800000071525574,,3.184839963912964,28.012500762939453,2.5799999237060547,27.209999084472656,4.8138933181762695,20.170391082763672,6.954370498657227,2.108184576034546,,,3.696000099182129,109.51000213623048,86.48999786376953,1716.5,1409.9300537109375,2546.840087890625,42.788124084472656,5.0319623947143555,,,108.26,86.1,0.838,1.63,0.27,1.53,1.36,,,1.2923,81.84,6.2273,91.33,15.51,152.15,,,,,,,,,,,,,,-0.5377,,,,,,,
2012-12-05,5.82,,,5.82,0.6499999761581421,0.6600000262260437,,3.1296119689941406,24.402000427246097,2.799999952316284,29.940000534057617,5.4923858642578125,20.654224395751953,7.085896015167236,2.080946922302246,,,3.700000047683716,108.80999755859376,87.87999725341797,1692.4000244140625,1409.280029296875,2592.090087890625,43.34673309326172,5.123730659484863,,,108.96,87.36,0.764,1.6,0.25,1.5,1.35,,,1.3077,82.4,6.2251,90.9423,16.46,182.4,102.2,105.2,2.09906736204692,87.1,,,17.52,7966.486842105263,2086.763157894737,17448.5,43.66666666666667,271.1,252.4,,170.16380835460885,98.3101,97.6644,135074.0,231.033,93.514,
2012-12-12,6.91,,,6.91,0.6000000238418579,0.6000000238418579,,3.1050660610198975,27.38999938964844,3.0299999713897705,32.0,5.411825656890869,20.429927825927734,6.33990478515625,2.139235496520996,,,3.381999969482422,109.5,86.7699966430664,1716.5999755859375,1428.47998046875,2630.340087890625,43.284664154052734,5.330210208892822,,,110.17,86.35,0.732,1.72,0.25,1.65,1.47,,,1.3038,83.1,6.2502,90.7708,15.95,161.39,,,,,,,,,,,,,,-0.5268,,,,,,,
2012-12-19,6.45,,,6.45,0.6000000238418579,0.6000000238418579,,2.798240900039673,28.012500762939453,3.180000066757202,33.029998779296875,6.086737632751465,20.327396392822266,6.348125457763672,2.225305557250977,,,3.319999933242798,110.36000061035156,89.51000213623047,1666.5,1435.81005859375,2654.68994140625,43.92858123779297,5.644084453582764,,,109.95,89.09,0.803,1.82,0.28,1.77,1.54,,,1.326,84.32,6.2293,90.4896,17.36,77.04,,,,,,,,,,,,,,-0.5846,,,,,,,
2012-12-26,,,,,0.5799999833106995,0.6000000238418579,,2.6325559616088867,29.8799991607666,3.0299999713897705,30.6299991607666,6.387494087219238,20.019790649414062,6.346070289611816,2.27705717086792,,,3.3919999599456787,111.06999969482422,90.9800033569336,1659.800048828125,1419.8299560546875,2651.090087890625,44.266788482666016,5.729249477386475,,,110.72,90.71,0.852,1.77,0.26,1.68,1.51,,,1.3228,85.62,6.2351,91.0606,19.48,231.81,,,,,,,,,,,,,,-0.568,,,,,,,
2013-01-02,,,,,0.5,0.6100000143051147,,3.1050660610198975,29.8799991607666,3.7899999618530273,31.989999771118164,6.086737632751465,20.260107040405273,6.500201225280762,2.337524890899658,,,3.2330000400543213,112.47000122070312,93.12000274658205,1687.9000244140625,1462.4200439453125,2626.85009765625,44.24319076538086,5.758040428161621,,,112.98,93.14,0.869,1.86,0.27,1.78,1.59,,,1.3195,87.1,6.2301,90.6941,14.68,329.02,102.6,106.0,2.39421805797137,87.2,1.0,60.0,17.79,8053.738636363636,2037.606818181818,17494.06818181818,42.75,275.1,270.0,,167.12465300401243,98.3342,96.9195,135257.0,231.612,93.703,2207455127114.5
2013-01-09,6.35,,,6.35,0.5899999737739563,0.7099999785423279,,3.215522050857544,28.510499954223633,3.75,31.90999984741211,6.570096492767334,20.05824279785156,6.502255439758301,2.3211822509765625,,,3.11299991607666,111.76000213623048,93.0999984741211,1654.800048828125,1461.02001953125,2706.389892578125,44.33758544921875,5.874756336212158,,,113.07,93.08,0.825,1.88,0.24,1.82,1.64,,,1.3078,87.9,6.226,91.0088,13.81,101.68,,,,,,,,,,,,,,-0.6336,,,,,,,
2013-01-16,5.77,,,5.77,0.4799999892711639,0.6700000166893005,,3.184839963912964,29.132999420166016,3.849999904632568,30.719999313354492,6.858321666717529,18.533042907714844,6.253592014312744,2.2918782234191895,,,3.434999942779541,110.61000061035156,94.23999786376952,1682.699951171875,1472.6300048828125,2702.5400390625,45.24998092651367,5.843632221221924,,,110.97,94.28,0.804,1.84,0.26,1.76,1.58,,,1.3305,88.64,6.216,90.596,13.42,188.22,,,,,,,,,,,,,,-0.6214,,,,,,,
2013-01-23,4.88,,,4.88,0.4699999988079071,0.6800000071525574,,2.963926076889038,26.02050018310547,3.7200000286102295,31.149999618530273,7.0122809410095215,18.026784896850582,6.224820613861084,2.2608840465545654,,,3.553999900817871,112.8000030517578,95.2300033569336,1686.300048828125,1494.81005859375,2708.280029296875,46.30394744873047,5.898100852966309,,,113.68,95.06,0.86,1.86,0.26,1.78,1.6,,,1.3308,88.44,6.2178,90.8376,12.46,168.82,,,,,,,,,,,,,,-0.6386,,,,,,,
2013-01-30,3.88,,,3.88,0.4600000083446502,0.6499999761581421,,3.074383020401001,24.899999618530273,3.7899999618530273,27.90999984741211,6.491325378417969,18.05562400817871,6.267976760864258,2.2907516956329346,,,3.3350000381469727,114.9000015258789,97.94000244140624,1679.9000244140625,1501.9599609375,2732.1201171875,46.272491455078125,5.7658209800720215,,,115.42,97.98,0.859,2.03,0.27,1.96,1.76,,,1.3564,91.05,6.2204,90.8836,14.32,154.76,,,,,,,,,,,,,,-0.6703,,,,,,,
2013-02-06,4.1,,,4.1,0.3700000047683716,0.7099999785423279,,3.1050660610198975,32.61909866333008,4.110000133514404,31.1299991607666,6.570096492767334,17.296226501464844,6.072745323181152,2.1030960083007812,,,3.4179999828338623,116.7300033569336,96.62000274658205,1677.699951171875,1512.1199951171875,2617.35009765625,46.689361572265625,5.656885147094727,,,116.61,96.44,0.854,2.0,0.27,1.93,1.73,,,1.3528,93.56,6.2315,91.0176,13.41,112.99,101.0,104.2,2.8579232751292,89.2,1.0,80.0,17.72,8060.925,2053.595,17690.1,43.40625,301.9,275.0,-0.572,122.75716917827998,98.7941,98.4932,135546.0,232.432,93.805,
2013-02-13,4.44,,,4.44,0.25,0.6899999976158142,,3.1602940559387207,37.84809875488281,4.329999923706055,32.45000076293945,7.264699935913086,17.921045303344727,6.134397983551025,2.1588854789733887,,,3.305999994277954,118.72000122070312,97.01000213623048,1644.199951171875,1520.3299560546875,2656.860107421875,46.6500244140625,5.719134330749512,,,118.43,97.03,0.859,2.05,0.29,1.95,1.76,,,1.3448,93.39,6.2323,91.2709,12.98,112.16,,,,,,,,,,,,,,-0.5351,,,,,,,
2013-02-20,4.31,,,4.31,0.1400000005960464,0.699999988079071,,2.743011951446533,45.69160079956055,4.989999771118164,35.130001068115234,7.518909454345703,17.840944290161133,5.945332050323486,2.081681728363037,,,3.2790000438690186,115.5999984741211,94.45999908447266,1577.5999755859375,1511.949951171875,2640.35009765625,46.917457580566406,5.82806921005249,,,116.23,94.92,0.875,2.02,0.27,1.9,1.75,,,1.335,93.53,6.2371,91.6689,14.68,95.67,,,,,,,,,,,,,,-0.6712,,,,,,,
2013-02-27,4.29,,,4.29,0.1299999952316284,0.6899999976158142,,3.049837112426758,40.587100982666016,4.630000114440918,27.040000915527344,7.250378608703613,17.6999568939209,5.922724723815918,2.079427719116211,,,3.434000015258789,111.87000274658205,92.76000213623048,1595.199951171875,1515.989990234375,2611.889892578125,46.36686706542969,5.711352825164795,,,112.24,92.84,0.864,1.91,0.27,1.8,1.64,,,1.3104,91.88,6.2271,92.234,14.73,186.2,,,,,,,,,,,,,,-0.6276,,,,,,,
2013-03-06,4.34,,,4.34,0.1800000071525573,1.309999942779541,,2.9946091175079346,40.587100982666016,4.920000076293945,25.899999618530273,7.325567722320557,18.23505973815918,6.009037971496582,2.18255352973938,,,3.4700000286102295,111.05999755859376,90.43000030517578,1574.5999755859375,1541.4599609375,2679.889892578125,46.775875091552734,5.7424774169921875,,,110.27,90.47,0.843,1.95,0.25,1.85,1.7,,,1.299,93.64,6.2173,92.4965,13.53,172.55,102.8,105.6,3.02680705530431,99.3,2.0,39.0,18.31,7652.375,1911.2825,16731.7,42.28125,303.8,271.6,-0.5162,145.56859862171578,99.1921,99.8073,135689.0,233.052,93.891,
2013-03-13,3.66,,,3.66,0.1599999964237213,1.2100000381469729,,2.2152740955352783,44.197601318359375,5.5,26.899999618530273,8.342411994934082,18.09086799621582,5.945332050323486,2.2400338649749756,,,3.680000066757202,108.5199966430664,92.5199966430664,1588.300048828125,1554.52001953125,2704.72998046875,47.05902862548828,5.594635963439941,,,107.51,92.47,0.872,2.04,0.27,1.95,1.77,,,1.2949,96.0,6.2137,92.4709,11.83,122.09,,,,,,,,,,,,,,-0.754,,,,,,,
2013-03-20,3.67,,,3.67,0.2000000029802322,1.3600000143051147,,2.2705020904541016,43.69960021972656,6.019999980926514,29.489999771118164,8.3961181640625,18.52022933959961,6.146728992462158,2.2744085788726807,,,3.9600000381469727,108.72000122070312,92.95999908447266,1607.5,1558.7099609375,2708.89990234375,47.169151306152344,5.688009262084961,,,108.27,93.21,0.916,1.96,0.26,1.89,1.7,,,1.295,95.51,6.2117,92.4141,12.67,144.81,,,,,,,,,,,,,,-0.7896,,,,,,,
2013-03-27,4.72,,,4.72,0.2300000041723251,1.0,,2.411642074584961,47.31010055541992,6.420000076293945,27.43000030517578,8.324508666992188,18.404882431030273,6.165223121643066,2.0568864345550537,,,4.067999839782715,109.69000244140624,96.58000183105467,1606.199951171875,1562.8499755859375,2612.4599609375,47.4837646484375,5.7346954345703125,,,108.51,96.53,0.96,1.87,0.25,1.78,1.62,,,1.2782,94.38,6.2138,92.446,13.15,177.06,,,,,,,,,,,,,,-0.5794,,,,,,,
2013-04-03,4.4,,,4.4,0.1800000071525573,0.9300000071525574,,2.2705020904541016,49.0531005859375,5.679999828338623,26.100000381469727,7.894854545593262,18.629173278808594,6.261812210083008,2.048433542251587,,,3.900000095367432,107.11000061035156,94.4499969482422,1552.800048828125,1553.68994140625,2639.010009765625,47.06689453125,5.617979526519775,,,107.82,95.02,0.908,1.83,0.24,1.77,1.59,,,1.2847,92.96,6.1962,92.104,14.21,85.68,101.5,104.4,2.85573496129224,91.2,1.0,20.0,17.71,7221.161904761905,1861.02380952381,15629.30952380952,41.4125,297.2,276.5,,136.20573390160476,99.1065,99.4749,135873.0,233.236,93.937,2218961181861.7
2013-04-10,4.9,,,4.9,0.1700000017881393,0.949999988079071,,1.7182179689407349,44.57109832763672,6.099999904632568,36.31999969482422,8.464144706726074,19.452651977539062,6.559798240661621,2.2084758281707764,,,4.085000038146973,105.79000091552734,94.63999938964844,1558.300048828125,1587.72998046875,2661.6201171875,48.459083557128906,6.03816032409668,,,104.8,94.59,0.936,1.84,0.24,1.77,1.6,,,1.306,99.61,6.1938,91.9598,12.36,145.88,,,,,,,,,,,,,,-0.5588,,,,,,,
2013-04-17,4.67,,,4.67,0.1599999964237213,0.7799999713897705,,1.7427639961242676,39.59109878540039,5.570000171661377,37.33000183105469,7.814297199249268,18.734909057617188,6.358401298522949,2.1030960083007812,,,4.214000225067139,100.36000061035156,86.68000030517578,1382.199951171875,1552.010009765625,2553.489990234375,47.0118293762207,6.186003684997559,,,96.84,86.65,0.943,1.73,0.24,1.67,1.49,,,1.3049,97.74,6.172,92.1372,16.51,86.66,,,,,,,,,,,,,,-0.7287,,,,,,,
2013-04-24,2.99,,,2.99,0.1599999964237213,0.9300000071525574,,1.6629890203475952,40.33810043334961,6.199999809265137,45.11000061035156,8.372844696044922,18.44260025024414,6.820793628692627,2.277226686477661,,,4.165999889373779,101.7300033569336,91.43000030517578,1423.4000244140625,1578.7900390625,2702.050048828125,48.16019058227539,6.411654472351074,,,100.71,91.07,0.948,1.73,0.23,1.67,1.5,,,1.2997,99.39,6.1782,92.4581,13.61,126.26,,,,,,,,,,,,,,-0.4951,,,,,,,
2013-05-01,3.23,,,3.23,0.1599999964237213,0.9200000166893004,,1.687535047531128,46.687599182128906,6.949999809265137,45.779998779296875,8.908119201660156,18.83888053894043,6.981407642364502,2.304840326309204,,,4.326000213623047,99.9499969482422,91.02999877929688,1446.300048828125,1582.699951171875,2712.0,48.28604888916016,6.629526615142822,,,98.34,90.74,0.925,1.66,0.2,1.6,1.46,,,1.3192,97.28,6.1647,91.4331,14.49,74.13,102.4,105.3,2.68456147468706,92.2,,,16.94,7248.714285714286,1832.571428571429,14948.22619047619,40.605,305.0,276.8,,107.75691938636902,99.1839,99.5804,136096.0,233.462,94.047,
2013-05-08,3.68,,,3.68,0.2399999946355819,1.0,,1.6629890203475952,45.06909942626953,7.440000057220459,45.209999084472656,10.714448928833008,19.097326278686523,7.146306037902832,2.3950047492980957,,,3.9779999256134033,104.33999633789062,96.62000274658205,1473.9000244140625,1632.68994140625,2784.6201171875,50.370384216308594,6.862962245941162,,,103.79,96.24,0.968,1.81,0.22,1.77,1.59,,,1.3177,98.9,6.141,91.1848,12.66,60.31,,,,,,,,,,,,,,-0.67,,,,,,,
2013-05-15,3.23,,,3.23,0.2300000041723251,1.159999966621399,,1.5525330305099487,40.71160125732422,9.399999618530272,50.06999969482422,12.6210298538208,18.88712501525879,7.049936771392822,2.3950047492980957,,,4.070000171661377,103.68000030517578,94.3000030517578,1396.5,1658.780029296875,2809.580078125,50.126556396484375,7.073052406311035,,,101.57,93.95,0.936,1.94,0.26,1.9,1.68,,,1.2857,102.44,6.1454,92.7691,12.81,60.66,,,,,,,,,,,,,,-0.7698,,,,,,,
2013-05-22,3.49,,,3.49,0.270000010728836,1.159999966621399,,1.5525330305099487,39.8400993347168,8.430000305175781,52.400001525878906,13.122289657592772,19.166242599487305,7.067070007324219,2.369082450866699,,,4.185999870300293,102.5999984741211,94.27999877929688,1367.5999755859375,1655.3499755859375,2835.010009765625,50.59061813354492,7.003020286560059,,,102.14,93.98,0.915,2.03,0.26,1.99,1.77,,,1.2864,103.52,6.1309,93.3104,13.82,78.07,,,,,,,,,,,,,,-0.6158,,,,,,,
2013-05-29,3.5,,,3.5,0.4300000071525574,2.0199999809265137,,1.9698139429092407,37.350101470947266,7.900000095367432,51.7599983215332,15.019922256469728,18.511520385742188,6.88075590133667,2.39725923538208,,,4.1479997634887695,102.43000030517578,93.12999725341795,1391.300048828125,1648.3599853515625,2786.5400390625,49.39506912231445,7.1197381019592285,,,102.14,93.13,0.903,2.13,0.3,2.08,1.83,,,1.2944,100.91,6.1264,93.531,14.83,69.87,,,,,,,,,,,,,,-0.5352,,,,,,,
2013-06-05,3.9,,,3.9,0.3499999940395355,1.5499999523162842,,2.2459559440612793,36.85210037231445,6.940000057220459,51.029998779296875,13.829424858093262,18.015304565429688,6.544534683227539,2.347104787826538,,,4.000999927520752,103.04000091552734,93.73999786376952,1398.4000244140625,1608.9000244140625,2709.330078125,48.954612731933594,6.8551788330078125,,,103.51,93.66,0.903,2.1,0.3,2.05,1.8,,,1.3088,99.16,6.1276,93.275,17.5,63.07,101.2,103.8,3.06963806120241,95.5,2.0,9.0,17.69,7000.2375,1814.5375,14280.275,39.9375,302.5,276.6,,127.51606137664947,99.3897,101.8807,136279.0,233.64,94.209,
2013-06-12,3.97,,,3.97,0.5,1.9900000095367432,,2.2459559440612793,45.06909942626953,6.170000076293945,46.65999984741211,12.898513793945312,18.001522064208984,6.531686305999756,2.325127124786377,,,3.776999950408935,103.48999786376952,95.87999725341795,1391.800048828125,1612.52001953125,2666.52001953125,50.35465621948242,6.808493137359619,,,103.11,95.98,0.865,2.25,0.34,2.2,1.91,,,1.3354,95.36,6.1333,92.4775,18.59,81.19,,,,,,,,,,,,,,-0.0907,,,,,,,
2013-06-19,4.63,,,4.63,0.449999988079071,1.6799999475479126,,2.1354990005493164,45.81610107421875,6.639999866485596,44.540000915527344,13.381872177124023,17.853343963623047,6.707291126251221,2.378098487854004,,,3.963000059127808,106.12000274658205,98.23999786376952,1373.5999755859375,1628.9300537109375,2683.97998046875,50.732200622558594,6.964115142822266,,,105.56,98.24,0.82,2.33,0.31,2.28,2.02,,,1.3404,95.22,6.1264,92.4755,16.64,117.49,,,,,,,,,,,,,,-0.1508,,,,,,,
2013-06-26,4.04,,,4.04,0.3899999856948852,1.8799999952316284,,1.9943599700927737,43.94860076904297,6.940000057220459,45.119998931884766,13.668306350708008,16.960851669311523,6.41818380355835,2.284552574157715,,,3.7070000171661377,101.66000366210938,95.5,1229.5999755859375,1603.260009765625,2602.81005859375,48.92314529418945,6.74661922454834,,,100.62,95.47,0.848,2.55,0.39,2.49,2.16,,,1.3006,97.43,6.1468,94.3807,17.21,74.89,,,,,,,,,,,,,,-0.1217,,,,,,,
2013-07-03,4.23,,,4.23,0.2800000011920929,1.850000023841858,,2.1600449085235596,32.868099212646484,7.429999828338623,45.54999923706055,14.55446434020996,15.296467781066896,6.403192520141602,2.2565665245056152,,,3.690000057220459,105.76000213623048,101.23999786376952,1252.0999755859375,1615.4100341796875,2570.760009765625,48.45489501953125,6.833214282989502,,,106.12,101.92,0.879,2.52,0.36,2.47,2.16,,,1.3005,99.82,6.1301,94.4767,16.2,74.91,102.1,105.0,3.10141380534218,93.7,3.0,72.0,16.98,6906.641304347826,1769.608695652174,13750.3152173913,38.02222222222222,298.4,303.0,,107.95890058768816,99.0814,97.1514,136391.0,233.792,94.329,2225825641334.4004
2013-07-10,4.2,,,4.2,0.3799999952316284,1.7599999904632568,,2.080271005630493,37.599098205566406,7.980000019073486,44.650001525878906,16.076147079467773,15.392956733703612,6.52097749710083,2.3305134773254395,,,3.680000066757202,108.51000213623048,106.5199966430664,1247.4000244140625,1652.6199951171875,2659.7099609375,49.04021453857422,7.006406307220459,,,108.43,106.41,0.926,2.7,0.38,2.66,2.32,,,1.2846,100.1,6.1336,94.7595,14.21,64.98,,,,,,,,,,,,,,-0.1537,,,,,,,
2013-07-17,4.11,,,4.11,0.3799999952316284,2.0399999618530273,,2.2705020904541016,40.46260070800781,7.949999809265137,49.060001373291016,16.819087982177734,15.51356029510498,6.617347717285156,2.2401325702667236,,,3.628999948501587,109.36000061035156,106.4800033569336,1277.9000244140625,1680.9100341796875,2681.8798828125,51.01763153076172,7.337046146392822,,,109.67,106.39,0.95,2.52,0.32,2.49,2.2,,,1.3094,99.7,6.1351,93.5498,13.78,70.45,,,,,,,,,,,,,,-0.3108,,,,,,,
2013-07-24,4.26,,,4.26,0.3700000047683716,2.0399999618530273,,2.049588918685913,39.59109878540039,6.400000095367432,46.7599983215332,19.54916763305664,16.223426818847656,6.872189044952393,2.3440122604370117,,,3.697999954223633,107.19000244140624,105.38999938964844,1319.699951171875,1685.93994140625,2752.25,50.503509521484375,7.455132484436035,,,108.23,105.41,0.928,2.61,0.34,2.58,2.27,,,1.3228,100.21,6.1358,93.3124,13.18,107.63,,,,,,,,,,,,,,-0.5181,,,,,,,
2013-07-31,4.33,,,4.33,0.4399999976158142,1.9600000381469729,,1.221161961555481,35.85609817504883,6.349999904632568,49.220001220703125,20.336864471435547,15.58592700958252,6.754404544830322,2.43556547164917,,,3.446000099182129,107.6999969482422,105.02999877929688,1312.4000244140625,1685.72998046875,2768.14990234375,50.64588165283203,7.337046146392822,,,107.89,105.1,0.943,2.6,0.31,2.56,2.29,,,1.3282,98.35,6.1284,93.5703,13.45,77.62,,,,,,,,,,,,,,-0.4937,,,,,,,
2013-08-07,4.39,,,4.39,0.4799999892711639,1.8899999856948853,,1.5218499898910522,36.976600646972656,6.0,40.470001220703125,19.692386627197266,14.5418119430542,7.330477237701416,2.462562561035156,,,3.246999979019165,107.44000244140624,104.37000274658205,1286.0999755859375,1690.9100341796875,2794.43994140625,51.37357711791992,7.352791786193848,,,108.39,104.41,0.998,2.61,0.32,2.56,2.29,,,1.3329,96.72,6.119,93.2652,12.98,100.46,,,,,,,,,,,,,,-0.3668,,,,,,,
2013-08-14,4.28,,,4.28,0.4000000059604645,1.9299999475479128,,1.3868470191955566,36.22959899902344,7.110000133514404,38.84000015258789,20.30105972290039,14.71755313873291,7.30906343460083,2.488384246826172,,,3.3420000076293945,110.1999969482422,106.8499984741211,1334.0,1685.3900146484375,2852.080078125,52.520477294921875,7.502365589141846,,,110.26,106.89,1.046,2.71,0.34,2.66,2.37,,,1.3256,98.15,6.1191,93.382,13.04,65.28,,,,,,,,,,,,,,-0.4133,,,,,,,
2013-08-21,4.28,,,4.28,0.4099999964237213,1.6699999570846558,,1.102728009223938,35.35810089111328,6.360000133514404,38.54999923706055,19.513362884521484,14.403969764709473,7.07563591003418,2.437325954437256,,,3.4600000381469727,109.80999755859376,103.8499984741211,1370.5999755859375,1642.800048828125,2774.580078125,49.831180572509766,7.108747482299805,,,110.82,103.93,1.111,2.87,0.38,2.83,2.49,,,1.3368,97.66,6.1229,94.0362,15.94,96.17,,,,,,,,,,,,,,-0.3751,,,,,,,
2013-08-28,4.44,,,4.44,0.5699999928474426,1.5299999713897705,,0.9750880002975464,34.98460006713867,6.510000228881836,36.91999816894531,18.779375076293945,14.703768730163574,7.109900951385498,2.4390869140625,,,3.565999984741211,116.61000061035156,110.0999984741211,1419.0,1634.9599609375,2742.610107421875,50.289947509765625,6.982789993286133,,,116.27,110.17,1.163,2.78,0.4,2.75,2.38,,,1.3326,97.65,6.1202,94.4127,16.49,64.04,,,,,,,,,,,,,,-0.1962,,,,,,,
2013-09-04,4.38,,,4.38,0.5699999928474426,1.6200000047683716,,0.87260901927948,36.85210037231445,6.980000019073486,36.470001220703125,19.47756004333496,14.528027534484863,7.086343288421631,2.3727688789367676,,,3.683000087738037,114.91000366210938,107.2300033569336,1389.9000244140625,1653.0799560546875,2758.2900390625,49.79164505004883,7.155982971191406,,,115.65,107.29,1.182,2.9,0.46,2.88,2.44,,,1.3212,99.61,6.1199,94.5739,15.88,133.57,103.6,106.5,3.40709261090981,96.3,1.0,64.0,17.01,7159.269047619048,1761.304761904762,13801.39285714286,34.45328674948238,299.4,304.8,,138.6233897021561,100.161,101.0058,136821.0,234.782,94.543,
2013-09-11,5.13,,,5.13,0.5400000214576721,1.600000023841858,,0.6928099989891052,38.09709930419922,8.0,39.599998474121094,21.840646743774418,17.26753807067871,7.649567604064941,2.484863758087158,,,3.566999912261963,111.5,107.55999755859376,1363.9000244140625,1689.1300048828125,2863.43994140625,50.60633087158203,7.557473182678223,,,112.37,107.65,1.113,2.93,0.47,2.91,2.46,,,1.3301,100.08,6.1183,93.7112,13.82,96.02,,,,,,,,,,,,,,-0.2531,,,,,,,
2013-09-18,5.44,,,5.44,0.5899999737739563,1.5299999713897705,,0.7811750173568726,39.46659851074219,8.25,39.5,22.324003219604492,17.543214797973633,7.795192718505859,2.509512424468994,,,3.713000059127808,110.5999984741211,108.06999969482422,1307.800048828125,1725.52001953125,2908.919921875,52.95551681518555,7.746411323547363,,,109.09,108.23,1.137,2.69,0.34,2.68,2.35,,,1.3351,99.04,6.121,93.2569,13.59,84.39,,,,,,,,,,,,,,-0.3313,,,,,,,
2013-09-25,5.47,,,5.47,0.6299999952316284,1.649999976158142,,1.0112940073013306,41.83209991455078,7.989999771118164,40.38999938964844,22.091278076171875,17.26409149169922,8.005062103271484,2.5265324115753174,,,3.493000030517578,108.31999969482422,102.66000366210938,1335.9000244140625,1692.77001953125,2927.35009765625,52.8289680480957,7.714918613433838,,,109.46,102.68,1.028,2.63,0.36,2.61,2.27,,,1.3536,98.62,6.119,92.7675,14.01,134.2,,,,,,,,,,,,,,-0.4548,,,,,,,
2013-10-02,5.05,,,5.05,0.699999988079071,1.6399999856948853,,1.1469099521636963,41.70759963989258,8.359999656677246,42.97999954223633,26.04765892028809,17.22963523864746,8.114280700683594,2.5458996295928955,,,3.5420000553131104,109.19000244140624,104.0999984741211,1320.5999755859375,1693.8699951171875,2918.31005859375,51.729515075683594,8.234495162963867,,,109.09,104.15,1.084,2.63,0.31,2.61,2.32,,,1.3592,97.36,6.12,92.772,16.6,205.03,102.1,104.5,3.1629836999224,97.0,1.0,0.0,16.49,7203.021739130435,1814.582608695652,14117.65217391304,34.8484955891619,285.0,285.9,,168.48061820680076,100.082,100.9502,137041.0,235.162,94.703,2232357522786.6
2013-10-09,4.88,,,4.88,0.5699999928474426,1.340000033378601,,0.8314939737319946,39.8400993347168,7.619999885559082,41.599998474121094,25.438982009887695,18.763072967529297,8.204224586486816,2.5429654121398926,,,3.678999900817871,109.05999755859376,101.61000061035156,1306.9000244140625,1656.4000244140625,2904.72998046875,51.294471740722656,8.21875286102295,,,109.02,101.63,1.103,2.68,0.37,2.63,2.31,,,1.3513,97.23,6.1209,93.0829,19.6,164.69,,,,,,,,,,,,,,-0.2636,,,,,,,
2013-10-16,5.07,,,5.07,0.5799999833106995,1.3899999856948853,,0.9781569838523864,39.8400993347168,8.59000015258789,45.7599983215332,27.461929321289062,18.89057159423828,8.277037620544434,2.6820569038391113,,,3.7690000534057617,110.86000061035156,102.29000091552734,1282.0,1721.5400390625,3015.39990234375,53.13744354248047,8.525774955749512,,,110.79,102.34,1.165,2.69,0.34,2.59,2.35,,,1.349,98.9,6.0996,92.6819,14.71,302.38,,,,,,,,,,,,,,-0.3972,,,,,,,
2013-10-23,4.64,,,4.64,0.5699999928474426,1.350000023841858,,1.0665220022201538,39.8400993347168,8.739999771118164,53.08000183105469,27.10388565063477,18.31854820251465,7.799474239349365,2.6292366981506348,,,3.61899995803833,107.8000030517578,96.86000061035156,1333.9000244140625,1746.3800048828125,3017.159912109375,53.46173477172851,8.620241165161133,,,107.74,96.9,1.145,2.51,0.31,2.47,2.2,,,1.3786,97.28,6.0833,92.0947,13.42,172.74,,,,,,,,,,,,,,-0.5625,,,,,,,
2013-10-30,4.78,,,4.78,0.6100000143051147,1.409999966621399,,0.8284260034561157,44.820098876953125,7.670000076293945,51.400001525878906,25.886537551879883,18.94915199279785,7.8251729011535645,2.6984894275665283,,,3.619999885559082,109.86000061035156,96.7699966430664,1349.0,1763.31005859375,3040.68994140625,54.02333068847656,8.360455513000488,,,108.41,96.81,1.176,2.55,0.33,2.51,2.22,,,1.3771,98.14,6.0936,92.3057,13.65,178.66,,,,,,,,,,,,,,-0.584,,,,,,,
2013-11-06,4.7,,,4.7,0.4799999892711639,1.3300000429153442,,0.8314939737319946,44.820098876953125,8.0,61.150001525878906,29.93242835998535,19.11800193786621,8.05645751953125,2.749547958374023,,,3.497999906539917,105.23999786376952,94.8000030517578,1317.699951171875,1770.489990234375,3056.39990234375,53.58039093017578,8.565136909484863,,,105.46,94.74,1.193,2.67,0.3,2.62,2.37,,,1.353,98.6,6.0925,93.0943,12.67,57.22,101.8,105.0,3.17118187200529,97.9,2.0,31501.0,16.71,7070.654761904762,1747.964285714286,13684.0119047619,35.59200310559005,269.6,260.1,-0.5336,103.8391664619896,100.3158,99.4418,137317.0,235.243,94.86,
2013-11-13,4.57,,,4.57,0.550000011920929,1.3799999952316284,,0.7811750173568726,42.08110046386719,7.949999809265137,64.19999694824219,27.640949249267575,18.707937240600582,7.977222919464111,2.746612548828125,,,3.565999984741211,107.12000274658205,93.87999725341795,1268.300048828125,1782.0,3021.169921875,53.80184173583984,8.407689094543457,,,106.9,93.91,1.194,2.75,0.32,2.67,2.43,,,1.3456,99.31,6.0926,93.4848,12.52,55.9,,,,,,,,,,,,,,-0.515,,,,,,,
2013-11-20,4.44,,,4.44,0.6399999856948853,1.2699999809265137,,0.7345380187034607,46.81209945678711,6.800000190734863,60.880001068115234,27.2112979888916,19.007732391357425,7.743626117706299,2.7565906047821045,,,3.674000024795532,108.05999755859376,93.33000183105467,1257.9000244140625,1781.3699951171875,3047.320068359375,53.81767654418945,8.313217163085938,,,108.27,93.34,1.197,2.8,0.28,2.72,2.52,,,1.3451,100.02,6.0925,93.2501,13.4,94.99,,,,,,,,,,,,,,-0.57,,,,,,,
2013-11-27,4.41,,,4.41,0.7099999785423279,1.3200000524520874,,0.8314939737319946,45.81610107421875,7.239999771118164,60.529998779296875,27.89158058166504,19.338539123535156,7.676370620727539,2.7683279514312744,,,3.8949999809265137,111.30999755859376,92.3000030517578,1237.800048828125,1807.22998046875,3082.64990234375,54.426727294921875,8.313217163085938,,,111.32,92.05,1.167,2.74,0.28,2.67,2.46,,,1.3563,102.18,6.0922,93.6864,12.98,41.47,,,,,,,,,,,,,,-0.6492,,,,,,,
2013-12-04,4.47,,,4.47,1.2699999809265137,1.4900000095367432,,0.7204239964485168,43.824100494384766,6.409999847412109,60.79999923706055,25.259960174560547,18.742395401000977,7.434241771697998,2.635692358016968,,,3.9600000381469727,111.87999725341795,97.1999969482422,1248.199951171875,1792.81005859375,2991.760009765625,53.83348846435547,8.147902488708496,,,113.27,96.97,1.265,2.84,0.3,2.78,2.54,,,1.3555,102.48,6.0913,93.8997,14.7,98.29,102.8,105.5,3.31291665153656,88.5,1.0,5.0,17.72,7214.9,1739.81,13924.55,34.59329710144926,268.8,270.2,,122.64177002804904,100.5175,97.9094,137372.0,235.0,94.961,
2013-12-11,4.8,,,4.8,1.7699999809265137,1.5399999618530271,,0.6093530058860779,41.33409881591797,5.170000076293945,54.20000076293945,26.31618881225586,18.37712860107422,7.402853012084961,2.600480318069458,,,4.336999893188477,109.6999969482422,97.44000244140624,1258.5,1782.219970703125,2947.31005859375,53.532928466796875,7.943219184875488,,,109.47,97.25,1.311,2.86,0.31,2.79,2.55,,,1.3798,102.38,6.0712,93.0842,15.42,101.72,,,,,,,,,,,,,,-0.4583,,,,,,,
2013-12-18,4.7,,,4.7,1.8200000524520872,1.5299999713897705,,0.526511013507843,40.0890998840332,5.800000190734863,55.41999816894531,27.390317916870117,17.81888771057129,7.490286827087402,2.6368658542633057,,,4.250999927520752,110.41000366210938,97.8000030517578,1236.0999755859375,1810.6500244140625,2975.090087890625,54.355735778808594,8.024238586425781,,,109.56,97.59,1.29,2.89,0.32,2.82,2.57,,,1.3766,103.18,6.0713,93.4207,13.8,97.71,,,,,,,,,,,,,,-0.5079,,,,,,,
2013-12-25,,,,,1.75,1.4800000190734863,,0.5682389736175537,39.21760177612305,5.829999923706055,55.290000915527344,28.10640335083008,18.20138359069824,7.638255119323731,2.6996634006500244,,,4.415999889373779,111.9000015258789,99.22000122070312,1205.0999755859375,1833.3199462890625,3070.909912109375,54.51481246948242,8.032208442687988,,,111.57,98.87,1.26,2.99,0.38,2.92,2.61,,,1.3676,104.26,6.0712,93.6734,12.48,29.66,,,,,,,,,,,,,,-0.5711,,,,,,,
2014-01-01,,,,,1.5499999523162842,1.5199999809265137,,0.6093530058860779,39.342098236083984,6.340000152587891,54.63999938964844,28.679277420043945,18.335771560668945,7.665157794952393,2.7202038764953613,,,4.230000019073486,110.8000030517578,98.41999816894533,1201.9000244140625,1848.3599853515625,3100.929931640625,55.89897918701172,8.319070816040039,,,109.95,98.17,1.265,3.04,0.38,2.97,2.66,,,1.3779,105.25,6.0537,93.5576,13.72,130.03,104.0,106.2,3.21173436338516,88.9,2.0,6.0,17.76,7291.465909090909,1727.411363636364,14101.25,35.21498897290482,271.1,261.1,,115.25755875656073,100.1599,96.5077,137561.0,235.367,95.064,2241282087269.1
2014-01-08,4.69,,,4.69,4.550000190734863,2.2699999809265137,,0.6148759722709656,38.346099853515625,7.25,51.68000030517578,34.64069366455078,17.312335968017578,7.555304050445557,2.7671546936035156,,,4.216000080108643,107.1500015258789,92.33000183105467,1225.300048828125,1837.489990234375,3110.659912109375,55.40578079223633,8.54218578338623,,,107.42,91.9,1.279,3.01,0.43,2.96,2.58,,,1.3586,104.87,6.051,94.2181,12.87,106.42,,,,,,,,,,,,,,-0.5646,,,,,,,
2014-01-15,4.73,,,4.73,3.799999952316284,2.359999895095825,,0.7756519913673401,36.47859954833984,8.260000228881836,51.9900016784668,35.28517532348633,19.018070220947266,7.689821720123291,2.817742109298706,,,4.324999809265137,107.12999725341795,94.16999816894533,1238.0999755859375,1848.3800048828125,3168.760009765625,55.700096130371094,8.61390209197998,,,108.09,93.78,1.285,2.9,0.41,2.86,2.49,,,1.3604,104.42,6.0459,94.341,12.28,67.7,,,,,,,,,,,,,,-0.6438,,,,,,,
2014-01-22,4.93,,,4.93,3.3399999141693115,2.190000057220459,,0.5958529710769653,38.84410095214844,8.079999923706055,52.040000915527344,34.31845474243164,19.02840805053711,7.622562408447266,2.786393165588379,,,4.689000129699707,108.2699966430664,96.7300033569336,1239.0,1844.8599853515625,3151.27001953125,55.85124588012695,8.693588256835938,,,109.69,96.35,1.506,2.87,0.44,2.83,2.43,,,1.3546,104.36,6.0508,94.8479,12.84,141.56,,,,,,,,,,,,,,-0.649,,,,,,,
2014-01-29,5.47,,,5.47,2.9700000286102295,1.9900000095367432,,0.6510819792747498,40.587100982666016,7.320000171661377,49.70000076293945,31.27508544921875,18.51841163635254,7.288514137268066,2.7381651401519775,,,5.557000160217285,107.8499984741211,97.36000061035156,1262.199951171875,1774.199951171875,3011.449951171875,53.71934509277344,8.215478897094727,,,108.83,97.34,1.645,2.69,0.36,2.65,2.33,,,1.3663,102.2,6.0554,94.8621,17.35,178.46,,,,,,,,,,,,,,-0.5329,,,,,,,
2014-02-05,5.97,,,5.97,3.069999933242798,2.0199999809265137,,0.6510819792747498,30.378000259399418,6.599999904632568,47.72999954223633,32.546142578125,18.632125854492188,7.409578800201416,2.6971709728240967,,,5.03000020980835,106.25,97.37999725341795,1257.300048828125,1751.6400146484375,2962.510009765625,52.717018127441406,8.032208442687988,,,106.81,97.4,1.58,2.7,0.32,2.63,2.38,,,1.3519,101.38,6.06,95.0285,19.95,103.64,105.4,108.2,3.08875773068556,91.1,,,17.96,7149.2125,1695.165,14203.55,35.54673913043474,276.9,284.4,,101.14727336265942,100.9168,98.7627,137712.0,236.075,95.109,
2014-02-12,6.3,,,6.3,3.740000009536743,2.369999885559082,,0.6369680166244507,31.125099182128903,6.860000133514404,51.58000183105469,35.446292877197266,19.186922073364254,7.649465084075928,2.7538394927978516,,,4.822000026702881,108.79000091552734,100.37000274658205,1295.300048828125,1819.260009765625,3094.889892578125,55.19100570678711,8.510313987731934,,,108.62,100.38,1.36,2.8,0.35,2.75,2.45,,,1.3592,102.48,6.0614,94.6209,14.3,50.56,,,,,,,,,,,,,,-0.3664,,,,,,,
2014-02-19,6.74,,,6.74,3.5899999141693115,2.380000114440918,,0.6369680166244507,30.627099990844727,8.069999694824219,55.970001220703125,35.410491943359375,20.351646423339844,7.9521260261535645,2.8231682777404785,,,6.14900016784668,110.47000122070312,103.30999755859376,1320.5999755859375,1828.75,3120.800048828125,55.65237045288086,8.558124542236328,,,110.37,103.46,1.568,2.73,0.33,2.67,2.4,,,1.3762,102.3,6.0762,94.38,15.5,64.88,,,,,,,,,,,,,,-0.7006,,,,,,,
2014-02-26,6.85,,,6.85,4.409999847412109,3.3499999046325684,,1.190479040145874,31.000600814819336,8.210000038146973,52.7400016784668,34.69440460205078,20.031169891357425,7.871415615081787,2.901539087295532,,,4.855000019073486,109.5199966430664,102.58999633789062,1328.199951171875,1845.1600341796875,3148.18994140625,55.84330749511719,8.773273468017578,,,109.39,102.93,1.168,2.67,0.33,2.62,2.34,,,1.3668,102.36,6.1243,94.7754,14.35,87.53,,,,,,,,,,,,,,-0.5848,,,,,,,
2014-03-05,6.89,,,6.89,6.75,5.360000133514404,,1.375527024269104,32.37009811401367,8.640000343322754,58.150001525878906,35.26727294921875,20.075973510742188,8.465527534484863,2.912389755249023,,,4.5229997634887695,107.76000213623048,101.4499969482422,1340.199951171875,1873.81005859375,3135.969970703125,56.5910530090332,9.147788047790527,,,108.15,101.75,1.069,2.7,0.33,2.64,2.37,,,1.3734,102.32,6.128,94.4679,13.89,54.92,106.9,109.2,2.88610575008792,99.8,5.0,117.0,17.81,6650.035714285714,1705.366666666667,15678.09523809524,34.7028554175293,290.1,282.4,,114.65237885062528,101.8942,101.3866,137985.0,236.913,95.25,
2014-03-12,6.81,,,6.81,6.800000190734863,5.360000133514404,,1.3569389581680298,33.6151008605957,8.510000228881836,53.70000076293945,35.94755172729492,19.683134078979492,8.62470531463623,2.912389755249023,,,4.489999771118164,108.0199966430664,97.98999786376952,1370.300048828125,1868.199951171875,3065.4599609375,56.05011367797851,9.084044456481934,,,107.88,98.29,1.09,2.73,0.37,2.68,2.36,,,1.3904,102.74,6.1448,94.462,14.47,24.21,,,,,,,,,,,,,,-0.636,,,,,,,
2014-03-19,6.0,,,6.0,6.210000038146973,4.659999847412109,,1.1896450519561768,31.374099731445312,8.510000228881836,69.4000015258789,35.088253021240234,19.94502639770508,8.837686538696289,2.9570016860961914,,,4.484000205993652,105.8499984741211,100.37000274658205,1341.4000244140625,1860.77001953125,3076.360107421875,56.18534469604492,9.0282621383667,,,105.95,100.71,1.044,2.78,0.47,2.72,2.31,,,1.391,101.54,6.1934,94.3752,15.12,48.95,,,,,,,,,,,,,,-0.5704,,,,,,,
2014-03-26,5.8,,,5.8,6.449999809265137,4.170000076293945,,1.2082329988479614,29.631000518798828,7.78000020980835,68.48999786376953,35.89384841918945,19.796850204467773,8.835445404052734,2.981116533279419,,,4.4019999504089355,107.02999877929688,100.26000213623048,1303.4000244140625,1852.56005859375,3130.169921875,56.35240936279297,8.709522247314453,,,105.9,100.61,1.041,2.71,0.45,2.66,2.26,,,1.3786,102.3,6.2084,94.5281,14.93,63.13,,,,,,,,,,,,,,-0.6178,,,,,,,
2014-04-02,4.9,,,4.9,7.480000019073486,4.869999885559082,,1.0688220262527466,29.132999420166016,8.399999618530273,71.93000030517578,41.53303146362305,20.324077606201172,8.848898887634277,3.058281898498535,,,4.363999843597412,104.79000091552734,99.62000274658205,1290.5,1890.9000244140625,3187.449951171875,56.837650299072266,9.036231994628906,,,103.37,99.6,1.061,2.82,0.47,2.8,2.35,,,1.3761,103.82,6.2054,94.3103,13.09,48.76,106.4,108.6,2.61002012827356,93.2,1.0,117.0,17.67,6673.5625,1810.675,17373.6,32.7445652173913,305.6,289.9,,110.45015023216152,101.9928,100.4688,138298.0,237.509,95.413,2245757039164.8003
2014-04-09,5.03,,,5.03,7.150000095367432,4.199999809265137,,0.9572929739952089,32.868099212646484,7.980000019073486,73.33999633789062,41.64044189453125,19.796850204467773,8.936335563659668,3.0154783725738525,,,4.585999965667725,107.9800033569336,103.5999984741211,1305.5,1872.1800537109375,3182.7900390625,55.9705696105957,8.876861572265625,,,107.39,103.55,1.108,2.71,0.37,2.67,2.34,,,1.3816,101.85,6.2003,93.6716,13.82,48.04,,,,,,,,,,,,,,-0.6292,,,,,,,
2014-04-16,5.23,,,5.23,7.079999923706055,3.660000085830689,,0.7528219819068909,32.868099212646484,7.230000019073486,67.58999633789062,39.54589080810547,19.800296783447266,8.954266548156738,2.917816638946533,,,4.53000020980835,108.8000030517578,103.76000213623048,1303.0999755859375,1862.31005859375,3139.260009765625,56.18534469604492,8.589997291564941,,,109.71,103.71,1.128,2.65,0.39,2.61,2.26,,,1.382,102.3,6.2204,93.9461,14.18,44.05,,,,,,,,,,,,,,-0.5308,,,,,,,
2014-04-23,5.62,,,5.62,6.409999847412109,3.950000047683716,,0.7156460285186768,30.128999710083008,7.940000057220459,70.04000091552734,41.71205139160156,19.70747184753418,8.772672653198242,2.9847326278686523,,,4.730000019073486,109.11000061035156,101.44000244140624,1284.199951171875,1875.3900146484375,3175.969970703125,56.71833419799805,8.805145263671875,,,108.48,101.47,1.117,2.7,0.43,2.68,2.27,,,1.3814,102.26,6.2374,94.149,13.27,58.66,,,,,,,,,,,,,,-0.6221,,,,,,,
2014-04-30,5.39,,,5.39,4.650000095367432,3.660000085830689,,0.6970580220222473,31.24959945678711,7.550000190734863,67.48999786376953,42.7503776550293,19.6253604888916,8.447945594787598,3.0353729724884033,,,4.815000057220459,108.06999969482422,99.73999786376952,1295.5999755859375,1883.949951171875,3198.389892578125,56.28081130981445,8.526250839233398,,,108.63,100.07,1.086,2.67,0.42,2.64,2.25,,,1.387,102.14,6.2591,93.8896,13.41,35.13,,,,,,,,,,,,,,-0.7286,,,,,,,
2014-05-07,5.25,,,5.25,3.950000047683716,3.0,,0.6784690022468567,30.004499435424805,7.800000190734863,63.56999969482422,42.98310852050781,19.318323135375977,8.724508285522461,3.0787785053253174,,,4.739999771118164,108.12999725341795,100.7699966430664,1288.5999755859375,1878.2099609375,3159.669921875,56.52741622924805,8.446566581726074,,,108.17,101.06,1.049,2.62,0.41,2.59,2.21,,,1.3917,101.72,6.2349,93.4337,13.4,52.67,,,,,,,,,,,,,,-0.669,,,,,,,
2014-05-14,5.34,,,5.34,3.819999933242798,3.0199999809265137,,0.7714099884033203,29.75550079345703,8.210000038146973,61.88999938964844,47.53025817871094,19.29333114624023,9.06846809387207,3.132432460784912,,,4.367000102996826,110.19000244140624,102.37000274658205,1305.699951171875,1888.530029296875,3210.419921875,57.42631530761719,8.621871948242188,,,109.87,102.63,1.017,2.54,0.39,2.51,2.15,,,1.3718,101.75,6.2282,93.5968,12.17,89.46,,,,,,,,,,,,,,-0.6735,,,,,,,
2014-05-21,4.59,,,4.59,4.429999828338623,3.2899999618530273,,0.8364689946174622,28.88400077819824,8.539999961853027,60.38999938964844,49.66061782836914,20.31083297729492,9.29157829284668,3.1270058155059814,,,4.4730000495910645,110.5500030517578,104.06999969482422,1288.0,1888.030029296875,3187.080078125,57.23540496826172,8.558124542236328,,,111.32,104.31,1.04,2.54,0.37,2.5,2.17,,,1.3657,101.44,6.2335,93.7629,11.91,64.03,,,,,,,,,,,,,,-0.7068,,,,,,,
2014-05-28,5.05,,,5.05,4.360000133514404,3.880000114440918,,0.8271750211715698,28.38599967956543,8.420000076293945,61.869998931884766,52.41755676269531,20.907058715820312,9.47750186920166,3.154737949371338,,,4.61899995803833,109.80999755859376,102.72000122070312,1259.300048828125,1909.780029296875,3246.239990234375,57.87178039550781,8.82108211517334,,,109.09,103.37,1.051,2.44,0.37,2.4,2.07,,,1.3596,101.78,6.2535,93.8793,11.68,123.09,,,,,,,,,,,,,,-0.7129,,,,,,,
2014-06-04,5.19,,,5.19,4.349999904632568,3.640000104904175,,0.8085870146751404,28.635000228881836,8.59000015258789,65.38999938964844,52.39965057373047,21.07842445373535,9.54025173187256,3.1842780113220215,,,4.639999866485596,108.4000015258789,102.63999938964844,1244.0,1927.8800048828125,3237.929931640625,58.29339218139648,8.82905101776123,,,109.07,103.27,1.009,2.61,0.41,2.57,2.2,,,1.3619,102.69,6.2494,94.1239,12.08,46.18,107.1,109.1,2.2750932766175,95.7,2.0,4.0,17.51,6821.142857142857,1838.952380952381,18628.80952380952,28.22545721187024,306.1,292.6,,91.1482114082586,102.735,103.3023,138849.0,238.157,95.682,
2014-06-11,5.45,,,5.45,4.079999923706055,3.380000114440918,,0.8364689946174622,28.261499404907227,8.4399995803833,63.540000915527344,51.59405517578125,21.057004928588867,9.665751457214355,3.2638542652130127,,,4.507999897003174,109.9499969482422,104.4000015258789,1260.800048828125,1943.8900146484375,3289.090087890625,58.53998565673828,9.012325286865234,,,109.83,105.04,1.009,2.65,0.44,2.61,2.21,,,1.3532,101.94,6.2277,93.9744,11.6,125.44,,,,,,,,,,,,,,-0.7849,,,,,,,
2014-06-18,5.55,,,5.55,5.050000190734863,4.150000095367432,,0.9758809804916382,27.88800048828125,8.800000190734863,69.75,49.76803207397461,21.674646377563477,9.675048828125,3.3150975704193115,,,4.658999919891357,114.26000213623048,105.97000122070312,1272.4000244140625,1956.97998046875,3279.199951171875,58.635459899902344,9.498403549194336,,,114.25,106.64,1.066,2.61,0.48,2.58,2.13,,,1.3567,102.16,6.2309,94.0525,10.61,59.16,,,,,,,,,,,,,,-0.8068,,,,,,,
2014-06-25,5.84,,,5.84,4.53000020980835,4.050000190734863,,0.9108219742774964,26.767499923706055,8.510000228881836,70.18000030517578,47.76298904418945,22.331562042236328,9.44728946685791,3.3337864875793457,,,4.552999973297119,114.0,106.5,1322.199951171875,1959.530029296875,3252.31005859375,58.597938537597656,9.393003463745115,,,112.84,107.04,1.084,2.57,0.48,2.54,2.09,,,1.3638,101.75,6.2343,93.5851,11.59,54.36,,,,,,,,,,,,,,-0.8172,,,,,,,
2014-07-02,5.8,,,5.8,4.550000190734863,4.130000114440918,,0.9108219742774964,27.01650047302246,9.06999969482422,69.8499984741211,49.01613998413086,22.956344604492188,9.358976364135742,3.374779224395752,,,4.35699987411499,111.23999786376952,104.4800033569336,1330.699951171875,1974.6199951171875,3252.25,59.5412483215332,9.497456550598145,,,110.18,105.18,1.044,2.64,0.49,2.62,2.15,,,1.3656,101.76,6.2101,93.2478,10.82,85.01,105.5,107.9,2.15695472557199,95.8,,,17.43,7113.380434782609,1948.304347826087,19117.65217391304,28.4002047889099,299.7,280.4,,94.17998564529094,102.9632,99.1226,139072.0,238.138,95.848,2256672869126.3003
2014-07-09,5.6,,,5.6,4.329999923706055,3.880000114440918,,0.9201160073280334,26.892000198364254,9.260000228881836,64.41999816894531,45.829559326171875,22.295862197875977,9.233476638793944,3.316615581512451,,,4.170000076293945,108.27999877929688,102.29000091552734,1323.800048828125,1972.8299560546875,3203.10009765625,59.0494384765625,9.22426700592041,,,106.84,102.93,1.031,2.57,0.51,2.54,2.06,,,1.363,101.7,6.1994,93.228,11.65,49.91,,,,,,,,,,,,,,-0.778,,,,,,,
2014-07-16,5.88,,,5.88,4.769999980926514,3.880000114440918,,0.9201160073280334,29.506500244140625,9.40999984741211,63.459999084472656,46.796268463134766,22.449378967285156,9.277632713317873,3.3487918376922607,,,4.11899995803833,105.8499984741211,101.1999969482422,1299.5999755859375,1981.5699462890625,3202.93994140625,59.42032241821289,9.143917083740234,,,105.41,101.88,1.039,2.55,0.5,2.53,2.05,,,1.353,101.69,6.2035,93.5991,11.0,131.66,,,,,,,,,,,,,,-0.7282,,,,,,,
2014-07-23,6.1,,,6.1,5.630000114440918,4.25,,0.8736460208892822,28.75950050354004,11.34000015258789,62.810001373291016,45.99067687988281,22.356555938720703,9.382217407226562,3.398912191390991,,,3.76200008392334,108.02999877929688,103.12000274658205,1304.5,1987.010009765625,3193.1298828125,59.53318786621094,9.248374938964844,,,106.85,103.81,1.045,2.48,0.5,2.45,1.98,,,1.3462,101.5,6.1982,93.5951,11.52,49.67,,,,,,,,,,,,,,-0.6717,,,,,,,
2014-07-30,6.1,,,6.1,5.699999809265137,4.159999847412109,,0.8550570011138916,27.141000747680664,10.489999771118164,65.58000183105469,45.97277069091797,21.93527030944824,9.098681449890137,3.4886343479156494,,,3.78600001335144,106.51000213623048,100.2699966430664,1294.9000244140625,1970.0699462890625,3169.22998046875,58.904300689697266,9.256409645080566,,,106.47,104.29,1.024,2.57,0.56,2.53,2.01,,,1.3378,102.9,6.1712,94.3473,13.33,117.01,,,,,,,,,,,,,,-0.6984,,,,,,,
2014-08-06,6.17,,,6.17,5.320000171661377,3.930000066757202,,0.8550570011138916,28.136999130249023,11.0600004196167,65.5999984741211,43.77080535888672,20.517906188964844,8.759367942810059,3.366116523742676,,,3.933000087738037,104.58999633789062,96.91999816894533,1306.699951171875,1920.239990234375,3050.3701171875,57.04188919067383,9.05553150177002,,,104.17,96.93,1.003,2.49,0.48,2.46,2.01,,,1.3355,102.34,6.1625,94.6092,16.37,32.5,106.8,109.6,1.99076393707155,78.3,,,16.23,7001.8375,2030.4925,18600.2,30.82932194616977,295.4,269.2,-0.5708,96.85071970344435,102.7688,102.3543,139269.0,238.296,95.885,
2014-08-13,6.07,,,6.07,5.860000133514404,4.0,,0.8550570011138916,27.638999938964844,11.550000190734863,69.5,46.58143997192383,20.92847442626953,8.782608985900879,3.3413665294647217,,,3.8310000896453857,104.27999877929688,97.58999633789062,1312.800048828125,1946.719970703125,3056.169921875,57.62238693237305,9.344794273376465,,,102.27,97.57,1.034,2.43,0.43,2.39,2.0,,,1.3367,102.48,6.1531,94.4681,12.9,18.04,,,,,,,,,,,,,,-0.402,,,,,,,
2014-08-20,6.28,,,6.28,5.869999885559082,3.869999885559082,,0.8457630276679993,27.51449966430664,13.470000267028809,70.83000183105469,48.47907638549805,21.278356552124023,8.65943431854248,3.3753979206085205,,,3.822999954223633,102.27999877929688,96.06999969482422,1293.4000244140625,1986.510009765625,3083.5,58.7269287109375,9.545671463012695,,,99.92,96.4,1.023,2.43,0.49,2.39,1.94,,,1.3284,103.36,6.1395,94.5937,11.78,23.74,,,,,,,,,,,,,,-0.6754,,,,,,,
2014-08-27,6.26,,,6.26,5.760000228881836,3.859999895095825,,0.8178809881210327,27.38999938964844,14.470000267028809,70.0,43.68129348754883,21.346189498901367,8.6826753616333,3.4564573764801025,,,3.9570000171661377,102.72000122070312,93.87999725341795,1281.9000244140625,2000.1199951171875,3194.449951171875,59.388065338134766,9.55370807647705,,,100.4,95.82,1.017,2.37,0.51,2.33,1.86,,,1.3192,103.98,6.143,94.6863,11.78,40.32,,,,,,,,,,,,,,-0.7332,,,,,,,
2014-09-03,5.7,,,5.7,5.239999771118164,3.7300000190734863,,0.7992929816246033,26.892000198364254,14.59000015258789,71.66000366210938,43.57387924194336,21.96383476257324,8.808175086975098,3.49296498298645,,,3.8469998836517334,102.7699966430664,95.54000091552734,1268.9000244140625,2000.719970703125,3218.840087890625,59.476749420166016,9.545671463012695,,,100.88,95.5,1.034,2.41,0.52,2.38,1.89,,,1.3136,104.88,6.1408,94.8709,12.36,38.15,103.2,106.2,1.84926476787436,96.9,1.0,113.0,15.7,6872.215909090909,1990.431818181818,18034.79545454545,34.37182971014491,285.3,257.2,,121.73330987420928,103.0641,102.2912,139563.0,238.841,96.013,
2014-09-10,6.23,,,6.23,5.059999942779541,3.4100000858306885,,0.9572929739952089,25.64699935913086,16.290000915527344,70.97000122070312,42.92939758300781,22.445810317993164,9.02663516998291,3.453982353210449,,,3.9539999961853023,98.04000091552734,91.66999816894533,1243.5,1995.68994140625,3244.159912109375,58.99299621582031,9.401041030883787,,,96.26,91.71,1.071,2.54,0.58,2.52,1.96,,,1.2908,106.76,6.1284,95.8641,12.88,66.45,,,,,,,,,,,,,,-0.6162,,,,,,,
2014-09-17,5.81,,,5.81,4.619999885559082,3.2300000190734863,,0.8550570011138916,24.152999877929688,17.389999389648438,71.69000244140625,40.065059661865234,21.910280227661133,9.073116302490234,3.4298510551452637,,,4.013000011444092,98.97000122070312,94.41999816894533,1234.4000244140625,2001.5699462890625,3237.43994140625,58.501190185546875,9.176057815551758,,,97.7,94.33,1.088,2.62,0.59,2.6,2.03,,,1.2958,107.58,6.1385,95.9106,12.65,40.9,,,,,,,,,,,,,,-0.5208,,,,,,,
2014-09-24,5.9,,,5.9,4.460000038146973,3.1600000858306885,,0.8550570011138916,21.91200065612793,14.739999771118164,68.43000030517578,41.96268844604492,22.57076644897461,9.031283378601074,3.465120315551758,,,3.91100001335144,96.9499969482422,92.8000030517578,1218.5999755859375,1998.300048828125,3244.010009765625,58.46894073486328,9.03946304321289,,,94.53,93.6,1.059,2.57,0.59,2.55,1.98,,,1.2788,108.92,6.1346,96.6574,13.27,46.11,,,,,,,,,,,,,,-0.5278,,,,,,,
2014-10-01,5.5,,,5.5,4.409999847412109,3.0199999809265137,,0.9108219742774964,19.42200088500977,14.4399995803833,63.709999084472656,39.99345016479492,21.895998001098633,9.1637544631958,3.4966776371002197,,,4.0229997634887695,94.16000366210938,90.7300033569336,1214.5999755859375,1946.1600341796875,3195.080078125,57.11445236206055,8.509146690368652,,,94.57,90.74,1.033,2.42,0.53,2.4,1.89,,,1.2618,109.3,6.138,97.5387,16.71,58.82,106.7,109.9,1.6893827901523,98.0,,,15.23,6737.478260869565,1946.189130434783,15812.36956521739,35.75173282923754,257.0,225.7,,112.59083773760791,103.0764,101.9786,139798.0,239.413,96.096,2264507057598.6
2014-10-08,5.67,,,5.67,4.550000190734863,2.9700000286102295,,0.7435280084609985,21.663000106811523,11.93000030517578,62.189998626708984,34.40796661376953,20.653573989868164,8.831414222717285,3.38529896736145,,,3.8550000190734863,91.37999725341795,87.30999755859375,1205.300048828125,1968.8900146484375,3053.31005859375,57.30794906616211,8.33237361907959,,,90.25,87.29,1.033,2.35,0.46,2.34,1.89,,,1.2683,108.41,6.1385,97.4945,15.11,43.96,,,,,,,,,,,,,,-0.3169,,,,,,,
2014-10-15,6.01,,,6.01,4.369999885559082,2.7100000381469727,,0.6101700067520142,19.42200088500977,11.329999923706056,53.2400016784668,31.36460304260254,18.579288482666016,8.17138671875,3.301145553588867,,,3.799999952316284,83.77999877929688,81.77999877929688,1244.0999755859375,1862.489990234375,2892.550048828125,54.36515808105469,7.850269317626953,,,84.02,81.82,0.904,2.15,0.34,2.13,1.81,,,1.2778,106.06,6.1249,97.3532,26.25,68.64,,,,,,,,,,,,,,-0.2988,,,,,,,
2014-10-22,6.15,,,6.15,4.289999961853027,2.799999952316284,,0.6383320093154907,22.40999984741211,13.020000457763672,54.75,35.26727294921875,19.31474876403809,8.596555709838867,3.3679733276367188,,,3.6589999198913574,84.70999908447266,80.5199966430664,1244.800048828125,1927.1099853515625,3008.530029296875,56.06633377075195,8.107394218444824,,,86.38,80.52,0.843,2.25,0.41,2.23,1.84,,,1.2658,107.32,6.118,97.459,17.87,69.25,,,,,,,,,,,,,,0.1486,,,,,,,
2014-10-29,5.92,,,5.92,4.440000057220459,2.7799999713897705,,0.8730130195617676,22.78350067138672,13.9399995803833,56.15999984741211,34.1036262512207,19.711042404174805,9.014561653137209,3.4205689430236816,,,3.7279999256134033,87.12000274658203,82.19999694824219,1224.300048828125,1982.300048828125,3022.419921875,57.25957107543945,8.171673774719238,,,86.91,82.25,0.912,2.34,0.48,2.31,1.86,,,1.2762,108.1,6.1107,97.0145,15.15,57.53,,,,,,,,,,,,,,-0.4529,,,,,,,
2014-11-05,6.56,,,6.56,4.960000038146973,2.759999990463257,,0.9950469732284546,21.413999557495117,12.050000190734863,56.2599983215332,36.28770065307617,20.47506523132324,8.96917724609375,3.442845344543457,,,4.193999767303467,82.94999694824219,78.68000030517578,1145.4000244140625,2023.5699462890625,3091.5400390625,58.18675231933594,8.203811645507812,,,82.88,78.71,0.869,2.36,0.52,2.33,1.84,,,1.2488,114.62,6.1135,98.8086,14.17,72.12,108.9,111.9,1.61676565245274,97.6,1.0,0.0,16.41,6712.85,2055.555,15807.05,40.59737318840578,231.2,211.7,,119.36406517732428,103.7126,101.2521,140089.0,239.248,96.181,
2014-11-12,6.68,,,6.68,4.239999771118164,2.549999952316284,,1.0232089757919312,19.42200088500977,10.630000114440918,49.59000015258789,39.689109802246094,19.614643096923828,8.813919067382812,3.408194065093994,,,4.184999942779541,80.37999725341797,77.18000030517578,1158.9000244140625,2038.25,3047.300048828125,58.46894073486328,8.08328628540039,,,80.42,77.16,0.849,2.37,0.55,2.35,1.82,,,1.2456,115.42,6.1257,98.8897,13.02,49.99,,,,,,,,,,,,,,-0.4427,,,,,,,
2014-11-19,6.91,,,6.91,3.9600000381469727,2.390000104904175,,1.3423750400543213,19.42200088500977,10.699999809265137,48.81999969482422,41.47933197021485,19.16836929321289,8.957235336303711,3.4774956703186035,,,4.370999813079834,78.0999984741211,74.58000183105469,1193.5999755859375,2048.719970703125,3123.1201171875,58.45282745361328,8.155603408813477,,,77.21,74.55,0.714,2.36,0.54,2.35,1.82,,,1.2548,117.7,6.119,99.2424,13.96,48.87,,,,,,,,,,,,,,-0.4327,,,,,,,
2014-11-26,6.9,,,6.9,3.9600000381469727,2.380000114440918,,1.530120015144348,29.381999969482425,11.4399995803833,51.529998779296875,43.2695426940918,20.671424865722656,9.294025421142578,3.6272377967834473,,,4.355000019073486,77.75,73.69000244140625,1196.5999755859375,2072.830078125,3226.080078125,59.25099182128906,8.468971252441406,,,77.39,73.7,0.753,2.24,0.53,2.22,1.71,,,1.2503,117.6,6.1386,99.1893,12.07,27.16,,,,,,,,,,,,,,-0.3079,,,,,,,
2014-12-03,7.0,,,7.0,3.5,2.119999885559082,,1.5081169605255127,29.8799991607666,12.199999809265137,47.119998931884766,40.709529876708984,20.889204025268555,9.549605369567873,3.697619199752808,,,3.805000066757202,69.91999816894531,67.37999725341797,1208.5,2074.330078125,3247.719970703125,59.20262908935547,8.08328628540039,,,70.13,67.3,0.673,2.29,0.57,2.28,1.72,,,1.2304,119.82,6.1499,100.5696,12.47,76.65,109.1,112.5,1.44647590501225,89.5,,,16.58,6446.452380952381,1909.459523809524,15962.04761904762,36.94825141776934,194.3,168.9,,111.29673945685164,103.7044,99.6305,140364.0,238.775,96.249,
2014-12-10,6.6,,,6.6,3.190000057220459,1.9600000381469729,,1.335211992263794,30.378000259399418,12.75,43.06999969482422,41.47933197021485,20.33939743041992,9.329854011535645,3.570528984069824,,,3.7060000896453857,64.23999786376953,60.939998626708984,1228.9000244140625,2026.1400146484375,3150.949951171875,57.848140716552734,7.938657283782959,,,63.32,60.99,0.521,2.18,0.59,2.15,1.59,,,1.2425,118.5,6.1763,101.0212,18.53,39.55,,,,,,,,,,,,,,-0.2891,,,,,,,
2014-12-17,6.93,,,6.93,2.940000057220459,1.809999942779541,,1.2199419736862185,29.132999420166016,13.4399995803833,42.349998474121094,37.86309051513672,18.872045516967773,8.966789245605469,3.481377124786377,,,3.70199990272522,59.79999923706055,56.470001220703125,1194.300048828125,2012.8900146484375,3051.989990234375,56.83726119995117,7.697605133056641,,,59.84,56.43,0.553,2.14,0.62,2.11,1.52,,,1.2406,117.64,6.1957,101.5527,19.44,99.63,,,,,,,,,,,,,,-0.0123,,,,,,,
2014-12-24,,,,,3.049999952316284,1.7699999809265137,,1.2679710388183594,33.3661003112793,14.380000114440918,43.66999816894531,41.21079635620117,18.832775115966797,9.387182235717772,3.593291997909546,,,3.0299999713897705,60.2400016784668,55.84000015258789,1173.5,2081.8798828125,3192.469970703125,59.328643798828125,7.936263561248779,,,58.67,55.7,0.528,2.27,0.73,2.26,1.54,,,1.2188,120.45,6.2148,102.3028,14.37,26.5,,,,,,,,,,,,,,0.0822,,,,,,,
2014-12-31,,,,,3.0,1.9800000190734863,,1.2295479774475098,30.627099990844727,14.289999961853027,44.599998474121094,40.54841232299805,18.315093994140625,9.282082557678224,3.5389151573181152,,,2.888999938964844,57.33000183105469,53.27000045776367,1183.9000244140625,2058.89990234375,3135.949951171875,58.34348678588867,7.919899940490723,,,55.27,53.45,0.486,2.17,0.67,2.13,1.5,,,1.2101,119.85,6.2046,102.2843,19.2,127.2,,,,,,,,,,,,,,-0.4859,,,,,,,
2015-01-07,,,,,3.049999952316284,1.7300000190734863,,1.4312700033187866,33.3661003112793,11.399999618530272,41.75,42.26702117919922,17.211904525756836,8.663436889648438,3.456084966659546,,,2.871000051498413,51.150001525878906,48.650001525878906,1210.5999755859375,2025.9000244140625,3026.7900390625,56.7802619934082,7.862626075744629,,,49.06,48.69,0.451,1.96,0.62,1.93,1.34,,,1.182,119.52,6.2127,103.6316,19.31,57.14,,,,,,,,,,,,,,-0.1106,,,,,,,
2015-01-14,6.99,,,6.99,2.75,1.75,,1.2487590312957764,34.735599517822266,10.8100004196167,42.279998779296875,41.031768798828125,15.780255317687988,8.60372257232666,3.464937210083008,,,3.2330000400543213,48.689998626708984,48.47999954223633,1234.4000244140625,2011.27001953125,3089.669921875,56.943111419677734,7.928080558776856,,,45.82,48.49,0.469,1.86,0.51,1.82,1.35,,,1.1806,116.78,6.1957,103.0903,21.48,82.58,,,,,,,,,,,,,,0.1444,,,,,,,
2015-01-21,7.25,,,7.25,2.680000066757202,1.4600000381469729,,1.41205894947052,33.6151008605957,10.43000030517578,41.400001525878906,42.9114990234375,16.64781379699707,8.935736656188965,3.6483001708984375,,,2.9739999771118164,49.029998779296875,47.779998779296875,1293.699951171875,2032.1199951171875,3269.72998046875,57.49675369262695,7.94444465637207,,,46.5,47.85,0.511,1.87,0.53,1.84,1.34,,,1.1584,117.86,6.2112,103.7858,18.85,43.82,,,,,,,,,,,,,,0.1476,,,,,,,
2015-01-28,6.76,,,6.76,2.890000104904175,1.5399999618530271,,1.3448179960250854,29.8799991607666,12.09000015258789,42.70000076293945,45.686336517333984,17.322582244873047,9.442118644714355,3.880350351333618,,,2.865999937057495,48.470001220703125,44.45000076293945,1285.9000244140625,2002.1600341796875,3358.9599609375,57.57817459106445,8.157171249389648,,,47.07,44.08,0.473,1.73,0.5,1.71,1.23,,,1.1342,117.74,6.2475,104.4737,20.44,77.51,,,,,,,,,,,,,,-0.0196,,,,,,,
2015-02-04,7.06,,,7.06,2.869999885559082,1.6299999952316284,,1.258365035057068,25.14900016784668,13.300000190734863,46.97999954223633,48.962432861328125,16.833463668823242,9.365681648254396,3.8500003814697266,,,2.6619999408721924,54.15999984741211,48.45000076293945,1263.800048828125,2041.510009765625,3415.530029296875,57.98524475097656,8.541709899902344,,,55.07,48.45,0.517,1.81,0.52,1.8,1.29,,,1.1418,117.58,6.2472,104.785,18.33,67.26,107.9,111.8,1.20888002432769,92.9,,,14.69,5729.275,1817.82,14573.8375,38.1875,159.8,130.3,,115.6155952498228,102.2335,99.3754,140827.0,240.083,96.324,
2015-02-11,6.87,,,6.87,3.259999990463257,2.7100000381469727,,1.2487590312957764,30.128999710083008,14.789999961853027,48.77000045776367,46.92158126831055,16.712078094482422,8.96917724609375,3.652726888656616,,,2.796999931335449,54.65999984741211,48.84000015258789,1219.0,2068.530029296875,3374.139892578125,58.612152099609375,8.549891471862793,,,53.48,48.8,0.547,2.0,0.67,1.99,1.33,,,1.13,120.38,6.2422,105.7901,16.96,50.54,,,,,,,,,,,,,,-0.1738,,,,,,,
2015-02-18,7.62,,,7.62,3.069999933242798,2.5799999237060547,,1.1719119548797607,28.635000228881836,14.06999969482422,48.84000015258789,49.94705581665039,17.001262664794922,8.92379379272461,3.664739847183227,,,2.8310000896453857,60.529998779296875,52.13999938964844,1199.699951171875,2099.679931640625,3465.800048828125,60.216087341308594,8.705345153808594,,,60.72,52.13,0.599,2.07,0.62,2.05,1.45,,,1.1342,119.19,6.2546,105.2514,15.45,37.15,,,,,,,,,,,,,,-0.2619,,,,,,,
2015-02-25,7.35,,,7.35,3.119999885559082,2.740000009536743,,1.296787977218628,28.635000228881836,13.869999885559082,58.540000915527344,49.67851638793945,17.893814086914062,9.215203285217283,3.8240771293640137,,,2.8940000534057617,61.630001068115234,50.9900016784668,1201.0,2113.860107421875,3541.780029296875,60.89182662963867,8.901704788208008,,,59.77,50.25,0.603,1.96,0.61,1.94,1.35,,,1.1363,118.88,6.2591,105.0503,13.84,74.82,,,,,,,,,,,,,,-0.2463,,,,,,,
2015-03-04,6.82,,,6.82,2.930000066757202,2.2699999809265137,,1.2007299661636353,27.01650047302246,13.609999656677246,61.20000076293945,48.99823760986328,17.47610092163086,9.076663970947266,3.800050735473633,,,2.7690000534057617,60.54999923706055,51.529998779296875,1200.5999755859375,2098.530029296875,3583.43994140625,60.31378555297851,9.441699028015137,,,59.18,51.53,0.61,2.12,0.66,2.11,1.46,,,1.107,119.76,6.2701,106.1333,14.23,89.94,110.5,114.8,0.950588831402085,102.6,2.0,5.0,13.05,5939.670454545455,1773.863636363636,13755.5,39.31818181818182,179.9,127.5,,111.3781448434738,101.8914,101.3652,140923.0,241.067,96.47,
2015-03-11,6.48,,,6.48,2.799999952316284,2.2200000286102295,,1.1815179586410522,25.895999908447266,12.510000228881836,59.290000915527344,50.86006546020508,17.122650146484375,8.856913566589355,3.7855067253112793,,,2.8239998817443848,57.540000915527344,48.16999816894531,1150.699951171875,2040.239990234375,3649.5400390625,58.62029266357422,9.343517303466797,,,56.46,48.06,0.539,2.11,0.7,2.08,1.41,,,1.0576,121.5,6.2613,108.5235,16.87,44.39,,,,,,,,,,,,,,-0.2681,,,,,,,
2015-03-18,6.45,,,6.45,2.5899999141693115,2.109999895095825,,1.1142770051956177,28.635000228881836,12.670000076293944,61.43000030517578,51.57614517211914,17.51894187927246,9.005005836486816,3.806373357772827,,,2.9200000762939453,55.90999984741211,44.65999984741211,1151.4000244140625,2099.5,3668.52001953125,60.51731872558594,9.53987979888916,,,52.59,44.63,0.51,1.93,0.57,1.9,1.36,,,1.0643,120.92,6.2289,108.408,13.97,78.2,,,,,,,,,,,,,,-0.113,,,,,,,
2015-03-25,6.77,,,6.77,2.630000114440918,2.049999952316284,,1.1911239624023438,29.132999420166016,11.869999885559082,60.09000015258789,52.7039909362793,17.265459060668945,9.014561653137209,3.856955528259278,,,2.7230000495910645,56.47999954223633,49.209999084472656,1197.300048828125,2061.050048828125,3684.0400390625,60.41961669921875,9.605331420898438,,,54.18,48.75,0.533,1.93,0.59,1.89,1.34,,,1.0986,119.37,6.2116,106.2636,15.44,52.7,,,,,,,,,,,,,,-0.1395,,,,,,,
2015-04-01,6.79,,,6.79,2.5199999809265137,2.0199999809265137,,1.1142770051956177,33.6151008605957,13.06999969482422,60.83000183105469,53.78483963012695,17.208335876464844,8.856913566589355,3.815224885940552,,,2.6050000190734863,57.099998474121094,50.09000015258789,1208.0999755859375,2059.68994140625,3714.889892578125,59.57288360595703,9.842602729797363,,,55.73,50.12,0.531,1.87,0.55,1.84,1.32,,,1.0768,119.62,6.1976,107.06,15.11,85.27,108.0,112.5,0.849814081632761,94.0,2.0,7.0,11.02,6042.0875,1819.1875,12830.925,38.84090909090909,179.1,143.0,,100.9781420239994,101.3355,100.4339,141196.0,241.802,96.648,2289705403143.3
2015-04-08,7.08,,,7.08,2.490000009536743,2.2300000190734863,,1.133489012718201,33.3661003112793,12.90999984741211,60.650001525878906,56.52490234375,17.711732864379883,9.19370460510254,3.833560705184937,,,2.61899995803833,55.54999923706055,50.41999816894531,1203.0999755859375,2081.89990234375,3742.6298828125,60.51731872558594,10.128961563110352,,,56.42,50.44,0.519,1.92,0.54,1.89,1.38,,,1.0818,119.96,6.202,106.4231,13.98,55.11,,,,,,,,,,,,,,-0.1882,,,,,,,
2015-04-15,6.77,,,6.77,2.7799999713897705,2.4000000953674316,,1.1142770051956177,33.98860168457031,13.649999618530272,63.7400016784668,58.21247863769531,17.89023780822754,9.25102996826172,3.899951696395874,,,2.609999895095825,60.31999969482422,56.38999938964844,1201.5,2106.6298828125,3803.550048828125,60.93253326416016,10.431685447692873,,,59.32,56.25,0.563,1.91,0.51,1.89,1.4,,,1.0596,119.23,6.2037,107.1855,12.84,310.25,,,,,,,,,,,,,,-0.3638,,,,,,,
2015-04-22,6.75,,,6.75,2.6500000953674316,2.140000104904175,,1.1238830089569092,34.11309814453125,13.380000114440918,63.88999938964844,56.851524353027344,17.04767417907715,9.122047424316406,3.798785448074341,,,2.6059999465942383,62.72999954223633,56.15999984741211,1186.9000244140625,2107.9599609375,3724.489990234375,61.03839111328125,10.415322303771973,,,60.12,56.17,0.548,1.99,0.57,1.96,1.42,,,1.0729,119.9,6.1927,106.5815,12.71,36.96,,,,,,,,,,,,,,-0.3536,,,,,,,
2015-04-29,7.16,,,7.16,2.559999942779541,2.2899999618530273,,1.2391530275344849,31.62310028076172,12.850000381469728,61.939998626708984,54.90989303588867,16.79397964477539,8.950069427490234,3.8259739875793457,,,2.6059999465942383,65.83999633789062,58.58000183105469,1209.800048828125,2106.85009765625,3617.110107421875,61.168663024902344,10.325323104858398,,,63.97,58.55,0.554,2.06,0.56,2.05,1.5,,,1.1174,118.83,6.1989,104.5634,13.39,30.76,,,,,,,,,,,,,,-0.3997,,,,,,,
2015-05-06,7.25,,,7.25,2.4600000381469727,2.180000066757202,,1.354423999786377,30.128999710083008,10.619999885559082,55.65999984741211,59.13792037963867,16.652318954467773,8.827363967895508,3.693193197250366,,,2.7760000228881836,67.7699966430664,60.93000030517578,1190.300048828125,2080.14990234375,3558.030029296875,60.66387176513672,10.186233520507812,,,66.22,60.93,0.518,2.25,0.65,2.23,1.6,,,1.1345,119.42,6.2001,104.6935,15.15,42.19,110.1,114.7,1.33011274292874,95.4,,,9.04,6294.776315789474,1804.039473684211,13511.34210526316,35.69047619047619,210.2,165.4,-0.3795,104.46210434787858,100.8883,100.7866,141538.0,242.119,96.766,
2015-05-13,7.62,,,7.62,2.619999885559082,2.190000057220459,,1.2679710388183594,29.381999969482425,9.81999969482422,56.77000045776367,59.26494216918945,16.540483474731445,8.734107971191406,3.894892930984497,,,2.934999942779541,66.80999755859375,60.5,1218.4000244140625,2098.47998046875,3553.419921875,61.65715789794922,10.439866065979004,,,66.33,60.5,0.504,2.27,0.59,2.25,1.68,,,1.1372,119.09,6.2043,104.3608,13.76,86.1,,,,,,,,,,,,,,-0.3219,,,,,,,
2015-05-20,7.38,,,7.38,2.619999885559082,2.069999933242798,,1.315999984741211,27.88800048828125,10.09000015258789,54.91999816894531,61.27915573120117,16.6262264251709,9.148849487304688,4.071933746337891,,,2.9149999618530273,65.02999877929688,58.97999954223633,1208.9000244140625,2125.85009765625,3683.47998046875,62.36549758911133,10.12078094482422,,,63.52,58.96,0.441,2.26,0.6,2.24,1.66,,,1.1079,121.28,6.2036,105.5605,12.88,56.09,,,,,,,,,,,,,,-0.2947,,,,,,,
2015-05-27,7.28,,,7.28,2.7100000381469727,2.0899999141693115,,1.296787977218628,27.88800048828125,9.899999618530272,51.279998779296875,63.22077178955078,16.3839168548584,9.264193534851074,3.994795083999634,,,2.815000057220459,62.060001373291016,57.5099983215332,1185.9000244140625,2123.47998046875,3682.8701171875,61.9665412902832,10.096237182617188,,,61.35,57.51,0.385,2.14,0.64,2.13,1.5,,,1.0888,123.76,6.2011,106.908,13.27,49.51,,,,,,,,,,,,,,-0.2939,,,,,,,
2015-06-03,7.26,,,7.26,2.819999933242798,2.119999885559082,,1.769016981124878,28.88400077819824,9.890000343322754,50.83000183105469,61.00696563720703,16.01112937927246,8.888716697692871,3.9593873023986816,,,2.634000062942505,63.79999923706055,59.63999938964844,1184.699951171875,2114.070068359375,3583.820068359375,61.51874542236328,9.826237678527832,,,62.78,59.67,0.413,2.38,0.69,2.36,1.69,,,1.1285,124.06,6.1976,106.1443,13.66,31.97,103.8,107.6,1.65945473225937,98.7,1.0,3250.0,8.79,5833.011363636364,1687.727272727273,12825.22727272727,36.04545454545455,214.3,164.6,,119.21169438298864,100.571,102.1865,141709.0,242.354,96.882,
2015-06-10,7.48,,,7.48,2.700000047683716,2.3499999046325684,,1.709388017654419,29.25749969482422,8.789999961853027,50.290000915527344,59.75489044189453,15.183547973632812,8.60404109954834,3.881615161895752,,,2.8910000324249268,65.69999694824219,61.43000030517578,1186.0999755859375,2105.199951171875,3526.47998046875,61.42104721069336,9.588969230651855,,,64.68,61.36,0.399,2.5,0.75,2.48,1.75,,,1.1307,122.72,6.2055,105.8037,13.22,34.96,,,,,,,,,,,,,,-0.1931,,,,,,,
2015-06-17,7.48,,,7.48,2.5899999141693115,2.2699999809265137,,1.769016981124878,28.38599967956543,9.050000190734863,51.7599983215332,58.15803527832031,14.475255012512209,8.302189826965332,3.8051083087921143,,,2.8550000190734863,63.869998931884766,59.91999816894531,1176.4000244140625,2100.43994140625,3428.760009765625,61.07096099853515,9.53987979888916,,,60.75,59.89,0.35,2.32,0.67,2.31,1.65,,,1.1244,124.25,6.2086,106.058,14.5,50.73,,,,,,,,,,,,,,-0.207,,,,,,,
2015-06-24,7.45,,,7.45,2.5799999237060547,2.2200000286102295,,2.03735089302063,28.88400077819824,8.680000305175781,51.36000061035156,60.607757568359375,15.142539978027344,8.702204704284668,4.006807327270508,,,2.759000062942505,63.4900016784668,60.27000045776367,1172.5999755859375,2108.580078125,3610.949951171875,61.03025817871094,9.600707054138184,,,61.63,60.01,0.4,2.38,0.68,2.37,1.7,,,1.1178,124.24,6.2061,106.2522,13.26,27.52,,,,,,,,,,,,,,-0.1621,,,,,,,
2015-07-01,7.16,,,7.16,2.3499999046325684,1.7200000286102295,,2.3056859970092773,27.88800048828125,7.610000133514404,46.040000915527344,63.039329528808594,14.415608406066896,8.211387634277344,3.856323480606079,,,2.7829999923706055,62.0099983215332,56.959999084472656,1169.0,2077.419921875,3496.280029296875,59.97234344482422,9.20274829864502,,,61.65,56.94,0.418,2.43,0.69,2.42,1.74,,,1.1084,123.02,6.2008,107.0101,16.09,90.8,106.0,110.0,1.52966056724605,98.5,6.0,419.0,9.32,5456.75,1639.5,11413.09782608696,36.28260869565217,215.0,143.4,,123.09581595749547,101.2228,98.7278,141991.0,242.436,96.978,2299455571472.2
2015-07-08,7.35,,,7.35,2.3399999141693115,1.3600000143051147,,2.216240882873535,25.895999908447266,6.199999809265137,43.27000045776367,60.68033981323242,14.285133361816406,8.000335693359375,3.8088009357452393,,,2.684999942779541,57.04999923706055,51.650001525878906,1163.300048828125,2046.6800537109375,3327.5,57.9125862121582,8.348800659179688,,,55.7,51.61,0.378,2.22,0.55,2.2,1.67,,,1.1072,120.54,6.2087,107.4734,19.66,62.4,,,,,,,,,,,,,,0.0714,,,,,,,
2015-07-15,7.72,,,7.72,2.2899999618530273,1.5800000429153442,,2.4945130348205566,26.02050018310547,6.300000190734863,44.4900016784668,67.41252136230469,14.784667015075684,8.650670051574707,4.096904754638672,,,2.9179999828338623,57.04999923706055,51.40999984741211,1147.199951171875,2107.39990234375,3623.8701171875,60.73859024047851,8.92086410522461,,,57.34,51.4,0.42,2.36,0.64,2.34,1.72,,,1.0965,123.89,6.2082,108.0149,13.23,62.09,,,,,,,,,,,,,,-0.013,,,,,,,
2015-07-22,7.92,,,7.92,2.490000009536743,1.5399999618530271,,2.6634650230407715,25.771499633789062,5.880000114440918,42.5,70.13443756103516,14.318681716918944,8.579501152038574,4.173948287963867,,,2.8970000743865967,56.130001068115234,49.189998626708984,1091.4000244140625,2114.14990234375,3635.580078125,60.590274810791016,8.895992279052734,,,56.36,49.27,0.426,2.33,0.75,2.29,1.58,,,1.0884,124.08,6.2093,108.7817,12.12,43.42,,,,,,,,,,,,,,-0.3399,,,,,,,
2015-07-29,8.03,,,8.03,2.390000104904175,1.440000057220459,,2.3653149604797363,24.152999877929688,5.96999979019165,45.540000915527344,69.64448547363281,13.84524917602539,8.289917945861816,4.145461559295654,,,2.885999917984009,53.380001068115234,48.790000915527344,1092.699951171875,2108.570068359375,3575.530029296875,60.84569549560547,8.929157257080078,,,54.73,48.77,0.4,2.29,0.7,2.23,1.59,,,1.1026,123.86,6.2089,108.604,12.5,53.93,,,,,,,,,,,,,,-0.1839,,,,,,,
2015-08-05,7.94,,,7.94,2.7799999713897705,1.3300000429153442,,2.4150071144104004,24.650999069213867,6.980000019073486,51.91999816894531,70.27958679199219,14.408150672912598,8.746379852294922,4.185601234436035,,,2.7980000972747803,49.59000015258789,45.150001525878906,1085.699951171875,2099.840087890625,3676.75,61.03519058227539,8.821375846862793,,,49.04,45.13,0.373,2.28,0.73,2.2,1.55,,,1.0868,124.84,6.2096,109.842,12.51,43.76,111.1,115.3,1.38766695750168,81.2,1.0,40.0,10.16,5127.3,1548.125,10386.0,36.0952380952381,199.3,115.4,,119.81714603791028,101.0367,101.7877,142125.0,242.651,97.056,
2015-08-12,7.95,,,7.95,2.3499999046325684,1.309999942779541,,2.4150071144104004,25.14900016784668,5.570000171661377,51.880001068115234,66.01527404785156,13.621576309204102,8.486246109008789,4.075539588928223,,,2.930999994277954,49.65999984741211,43.29999923706055,1123.199951171875,2086.050048828125,3484.409912109375,60.104190826416016,8.539491653442383,,,48.29,43.22,0.374,2.14,0.67,2.04,1.47,,,1.1198,123.87,6.3845,109.4655,13.61,38.09,,,,,,,,,,,,,,-0.1413,,,,,,,
2015-08-19,8.17,,,8.17,2.190000057220459,1.3300000429153442,,2.126796007156372,27.38999938964844,4.96999979019165,49.939998626708984,70.13443756103516,11.40350341796875,8.309551239013672,4.078775882720947,,,2.7160000801086426,47.15999984741211,40.79999923706055,1128.0999755859375,2079.610107421875,3429.840087890625,59.65926361083984,8.39854907989502,,,45.75,40.75,0.37,2.12,0.67,2.07,1.45,,,1.1061,124.1,6.3956,110.4333,15.25,83.7,,,,,,,,,,,,,,-0.048,,,,,,,
2015-08-26,8.22,,,8.22,1.7200000286102295,1.1699999570846558,,1.8783390522003176,26.393999099731445,4.480000019073486,46.09000015258789,63.021183013916016,10.087570190429688,7.580685138702393,3.831460237503052,,,2.693000078201294,43.13999938964844,38.599998474121094,1124.5999755859375,1940.510009765625,3170.72998046875,56.0999870300293,7.693831920623779,,,41.76,38.5,0.341,2.18,0.67,2.12,1.51,,,1.139,119.07,6.4083,110.5807,30.32,87.48,,,,,,,,,,,,,,0.1768,,,,,,,
2015-09-02,7.98,,,7.98,1.7100000381469729,1.2999999523162842,,2.0075368881225586,24.899999618530273,4.420000076293945,47.959999084472656,64.50916290283203,9.61413288116455,7.634676933288574,3.842466354370117,,,2.6480000019073486,50.5,46.25,1132.5,1948.8599853515625,3198.860107421875,56.21532440185547,7.702123641967773,,,47.67,46.3,0.44,2.2,0.72,2.17,1.48,,,1.1242,120.0,6.3544,110.7979,26.09,93.82,106.3,110.2,1.47989808053635,99.7,2.0,94.0,10.01,5217.25,1589.602272727273,9937.545454545456,37.05681818181818,166.7,117.6,,153.68748113179885,100.7547,100.5945,142275.0,243.359,97.196,
2015-09-09,7.94,,,7.94,1.7000000476837158,1.4299999475479126,,2.087043046951294,24.402000427246097,4.440000057220459,47.72999954223633,65.01724243164062,9.718513488769531,7.715662479400635,3.851529598236084,,,2.6510000228881836,47.58000183105469,44.150001525878906,1102.199951171875,1942.0400390625,3269.97998046875,56.02582550048828,7.776740550994873,,,48.04,44.13,0.434,2.21,0.75,2.18,1.46,,,1.1165,120.94,6.3768,110.9225,26.23,46.57,,,,,,,,,,,,,,0.2884,,,,,,,
2015-09-16,8.17,,,8.17,1.7100000381469729,1.2999999523162842,,1.9578449726104736,27.38999938964844,4.630000114440918,47.7599983215332,63.783302307128906,8.100625038146973,7.534058570861816,3.868363380432129,,,2.6600000858306885,46.61000061035156,47.150001525878906,1119.199951171875,1995.31005859375,3251.7900390625,57.1133918762207,7.96742582321167,,,49.35,47.12,0.461,2.3,0.82,2.24,1.48,,,1.1304,120.62,6.3694,110.1021,21.35,67.49,,,,,,,,,,,,,,0.1816,,,,,,,
2015-09-23,8.04,,,8.04,2.049999952316284,1.1699999570846558,,1.9379680156707764,28.012500762939453,4.03000020980835,43.369998931884766,62.168312072753906,7.478073596954346,7.1340413093566895,3.766069650650024,,,2.569000005722046,47.75,44.47999954223633,1131.5999755859375,1938.760009765625,3079.989990234375,55.20192337036133,7.511433601379395,,,48.0,44.53,0.478,2.16,0.7,2.15,1.46,,,1.116,120.12,6.3836,111.6287,22.13,64.87,,,,,,,,,,,,,,0.1962,,,,,,,
2015-09-30,7.87,,,7.87,1.830000042915344,1.2000000476837158,,1.9379680156707764,27.141000747680664,3.700000047683716,42.75,62.8941535949707,7.56754207611084,7.087413311004639,3.850236177444458,,,2.5239999294281006,48.369998931884766,45.09000015258789,1115.5,1920.030029296875,3100.669921875,55.01240921020508,7.511433601379395,,,47.29,45.06,0.464,2.06,0.64,2.06,1.42,,,1.1162,119.81,6.3556,111.3311,24.5,77.75,,,,,,,,,,,,,,0.4243,,,,,,,
2015-10-07,7.97,,,7.97,2.1500000953674316,1.4800000190734863,,2.017474889755249,27.763500213623047,5.050000190734863,49.90999984741211,67.19477081298828,8.622525215148926,7.335276603698731,3.970008850097656,,,2.4739999771118164,51.33000183105469,47.810001373291016,1149.0,1995.8299560546875,3226.39990234375,57.44293975830078,8.274184226989746,,,51.66,47.86,0.497,2.08,0.65,2.08,1.43,,,1.1249,119.9,6.3559,109.8162,18.4,49.15,,,,,,,,,,,,,,0.6973,,,,,,,
2015-10-14,8.3,,,8.3,2.2100000381469727,1.5499999523162842,,1.9975980520248413,28.136999130249023,4.989999771118164,51.95000076293945,66.59593963623047,9.420286178588867,7.627149105072021,3.9836061000823975,,,2.5179998874664307,49.150001525878906,46.63999938964844,1180.0999755859375,1994.239990234375,3191.570068359375,57.30289459228515,8.3405122756958,,,48.25,46.63,0.444,1.99,0.57,1.99,1.42,,,1.1437,119.21,6.3462,109.1244,18.03,59.36,,,,,,,,,,,,,,0.0765,,,,,,,
2015-10-21,8.32,,,8.32,2.3499999046325684,1.4800000190734863,,1.8286470174789429,28.136999130249023,3.9800000190734863,49.939998626708984,69.2634048461914,9.13323974609375,7.847894668579102,4.094315052032471,,,2.4040000438690186,47.849998474121094,45.20000076293945,1167.5999755859375,2018.93994140625,3272.22998046875,57.681880950927734,8.30734920501709,,,46.72,45.22,0.42,2.04,0.64,2.03,1.4,,,1.1345,119.91,6.3487,109.7746,16.7,83.48,,,,,,,,,,,,,,0.1535,,,,,,,
2015-10-28,8.63,,,8.63,2.4000000953674316,1.5,,1.84852397441864,27.141000747680664,3.700000047683716,50.849998474121094,71.53166961669922,9.409099578857422,8.165058135986328,4.1817169189453125,,,2.0329999923706055,49.04999923706055,45.939998626708984,1177.0999755859375,2090.35009765625,3421.090087890625,58.95893859863281,8.191277503967285,,,47.6,45.93,0.435,2.1,0.73,2.06,1.37,,,1.1066,120.56,6.3581,110.2334,14.33,112.28,,,,,,,,,,,,,,0.0309,,,,,,,
2015-11-04,8.25,,,8.25,2.9200000762939453,1.7100000381469729,,1.8385850191116333,28.635000228881836,2.3299999237060547,58.65999984741211,71.42279052734375,10.124849319458008,8.195505142211914,4.227685451507568,,,2.26200008392334,48.58000183105469,46.31999969482422,1106.5,2102.31005859375,3439.159912109375,59.2802734375,8.224441528320312,,,46.96,46.32,0.463,2.25,0.84,2.2,1.41,,,1.0861,121.52,6.3357,110.7139,15.51,45.24,107.0,111.0,1.1537191796848,100.3,1.0,64.0,9.4,4799.904761904762,1467.892857142857,9244.333333333332,35.96428571428571,153.2,111.7,,105.3314587780463,99.5298,99.5932,142808.0,244.075,97.332,
2015-11-11,8.28,,,8.28,1.840000033378601,1.5099999904632568,,2.0671660900115967,27.38999938964844,1.8700000047683716,54.75,76.4673843383789,9.289810180664062,8.055953979492188,4.181070327758789,,,2.263000011444092,45.810001373291016,42.93000030517578,1084.699951171875,2075.0,3448.419921875,58.57169723510742,7.89280891418457,,,44.98,42.95,0.435,2.32,0.87,2.19,1.45,,,1.0686,123.22,6.3603,111.9919,16.06,44.92,,,,,,,,,,,,,,-0.0808,,,,,,,
2015-11-18,8.51,,,8.51,1.8799999952316284,1.340000033378601,,1.967782974243164,26.393999099731445,1.899999976158142,53.939998626708984,78.71749877929688,8.48459243774414,8.345207214355469,4.210851192474365,,,2.3469998836517334,44.13999938964844,40.75,1068.800048828125,2083.580078125,3431.919921875,58.92598342895508,7.776740550994873,,,41.45,40.75,0.411,2.27,0.9,2.15,1.37,,,1.0638,123.51,6.3834,112.3663,16.85,68.43,,,,,,,,,,,,,,0.1324,,,,,,,
2015-11-25,8.63,,,8.63,2.069999933242798,1.3899999856948853,,2.0969810485839844,25.64699935913086,1.75,56.400001525878906,79.98773193359375,8.130447387695312,8.208191871643066,4.245812892913818,,,2.2060000896453857,46.16999816894531,43.040000915527344,1070.5,2088.8701171875,3462.06005859375,59.066062927246094,7.834775447845459,,,43.56,41.22,0.428,2.23,0.93,2.04,1.3,,,1.0616,122.7,6.3877,111.8936,15.19,20.42,,,,,,,,,,,,,,0.104,,,,,,,
2015-12-02,8.52,,,8.52,2.109999895095825,1.2799999713897705,,2.3851919174194336,24.402000427246097,2.0199999809265137,59.66999816894531,83.78022003173828,9.29726505279541,8.345207214355469,4.280773162841797,,,2.1649999618530273,42.4900016784668,39.939998626708984,1054.199951171875,2079.510009765625,3468.659912109375,59.066062927246094,7.975715637207031,,,41.92,39.93,0.428,2.18,0.94,1.97,1.24,,,1.0573,123.52,6.3883,112.3715,15.91,47.61,107.2,111.2,1.19178912943303,91.1,2.0,196.0,10.15,4638.833333333333,1497.202380952381,8707.785714285714,35.16304347826087,138.6,93.3,,112.56950499373438,99.0417,97.8282,143077.0,243.779,97.396,
2015-12-09,8.33,,,8.33,1.9900000095367432,1.2300000190734863,,4.174086093902588,22.78350067138672,2.2200000286102295,58.849998474121094,83.1814193725586,8.208733558654785,7.997596263885498,4.258760929107666,,,2.062000036239624,40.11000061035156,37.15999984741211,1077.5999755859375,2047.6199951171875,3277.2099609375,58.02791976928711,7.859646797180176,,,39.04,37.16,0.401,2.22,0.93,1.96,1.29,,,1.0984,121.86,6.427,112.1918,19.61,57.21,,,,,,,,,,,,,,0.1279,,,,,,,
2015-12-16,8.05,,,8.05,2.240000009536743,1.2699999809265137,,3.677170991897583,20.916000366210938,3.3399999141693115,65.62000274658203,82.65518188476562,8.223644256591797,8.129536628723145,4.1817169189453125,,,1.7899999618530271,37.189998626708984,35.52000045776367,1078.0,2073.070068359375,3246.780029296875,58.3162956237793,8.315640449523926,,,36.96,35.55,0.35,2.3,1.02,2.03,1.28,,,1.0937,121.88,6.4723,112.9864,17.86,85.34,,,,,,,,,,,,,,0.4604,,,,,,,
2015-12-23,8.12,,,8.12,2.2699999809265137,1.3700000047683716,,4.899582862854004,22.90800094604492,3.680000066757202,66.16999816894531,86.91950988769531,8.935664176940918,8.375654220581055,4.1914286613464355,,,1.9830000400543213,37.36000061035156,37.5,1069.4000244140625,2064.2900390625,3286.679931640625,58.63890838623047,8.304841041564941,,,35.79,36.76,0.378,2.27,1.01,2.07,1.26,,,1.0875,120.94,6.4763,113.1847,15.57,75.23,,,,,,,,,,,,,,0.5405,,,,,,,
2015-12-30,,,,,2.1600000858306885,1.6299999952316284,,4.770384788513184,23.032499313354492,3.5,66.98999786376953,87.79051208496094,8.730632781982422,8.337594985961914,4.261998176574707,,,2.2139999866485596,36.459999084472656,36.599998474121094,1060.0999755859375,2063.360107421875,3287.97998046875,58.31406784057617,8.246355056762695,,,35.65,36.59,0.383,2.31,1.08,2.1,1.23,,,1.0912,120.6,6.4896,113.4707,17.29,90.42,,,,,,,,,,,,,,0.3805,,,,,,,
2016-01-06,,,,,2.0299999713897705,1.3899999856948853,,3.9753201007843018,21.165000915527344,3.1600000858306885,69.5199966430664,85.23192596435547,8.324296951293945,7.93923807144165,4.183011531829834,,,2.2669999599456787,34.22999954223633,33.970001220703125,1091.9000244140625,1990.260009765625,3139.320068359375,56.081783294677734,7.987352848052979,,,33.89,33.97,0.365,2.18,0.99,1.97,1.19,,,1.0762,118.54,6.5554,114.6177,20.59,30.4,107.7,111.7,1.11450059178444,94.1,1.0,72.0,8.46,4471.7875,1481.1,8507.2875,34.69047619047619,127.8,75.1,0.3182,144.52665766496807,99.5607,97.7209,143210.0,244.528,97.567,2322901832544.6
2016-01-13,7.04,,,7.04,1.75,1.25,,3.319391965866089,20.66699981689453,2.5,61.369998931884766,81.29423522949219,8.518144607543945,7.748939037322998,4.157166957855225,,,2.2690000534057617,30.309999465942383,30.479999542236328,1087.5,1890.280029296875,3073.02001953125,53.23312759399414,7.201985836029053,,,28.58,30.42,0.333,2.08,0.91,1.86,1.17,,,1.0862,118.06,6.57,115.1425,25.22,130.12,,,,,,,,,,,,,,0.7027,,,,,,,
2016-01-20,6.57,,,6.57,1.5700000524520874,1.2000000476837158,,3.1305649280548096,19.42200088500977,2.0399999618530273,61.27000045776367,76.68514251708984,8.283289909362793,6.985210418701172,4.072624206542969,,,2.118000030517578,27.8799991607666,26.549999237060547,1107.0999755859375,1859.3299560546875,2882.590087890625,52.05036926269531,6.750816345214844,,,26.01,26.68,0.301,2.01,0.85,1.75,1.16,,,1.0908,116.38,6.5781,116.3498,27.59,70.19,,,,,,,,,,,,,,0.8707,,,,,,,
2016-01-27,5.8,,,5.8,1.850000023841858,1.309999942779541,,3.3988990783691406,18.177000045776367,2.259999990463257,65.63999938964844,79.46148681640625,9.602950096130373,7.408940315246582,4.290587902069092,,,2.188999891281128,33.099998474121094,32.29999923706055,1116.0999755859375,1882.949951171875,3043.469970703125,53.141510009765625,7.001466274261475,,,31.83,32.32,0.316,2.02,0.84,1.7,1.18,,,1.0867,118.9,6.5773,115.5087,23.11,39.01,,,,,,,,,,,,,,0.9853,,,,,,,
2016-02-03,5.7,,,5.7,1.6799999475479126,1.3300000429153442,,3.1504409313201904,14.690999984741213,2.309999942779541,66.48999786376953,77.33839416503906,9.163063049316406,7.142523288726807,4.202741622924805,,,2.038000106811523,35.040000915527344,32.279998779296875,1141.300048828125,1912.530029296875,2896.6298828125,53.71623992919922,7.143500328063965,,,32.38,32.29,0.36,1.88,0.72,1.55,1.16,,,1.1051,117.92,6.5765,114.6144,21.65,73.51,114.5,118.8,1.04183095663421,93.3,2.0,102.0,7.99,4598.619047619048,1531.261904761905,8298.5,34.00714285714286,112.7,69.5,,147.48300213264932,99.0445,98.9442,143406.0,245.68,97.736,
2016-02-10,5.19,,,5.19,1.6200000047683716,1.2999999523162842,,2.8423540592193604,15.064499855041504,1.899999976158142,64.41000366210938,78.1731185913086,8.395126342773438,7.084165096282959,4.009215831756592,,,2.0460000038146973,30.84000015258789,27.450000762939453,1194.699951171875,1851.8599853515625,2789.050048828125,51.542274475097656,6.625490188598633,,,29.64,27.54,0.364,1.71,0.71,1.4,1.0,,,1.1222,114.03,6.571,114.2877,26.29,77.84,,,,,,,,,,,,,,0.716,,,,,,,
2016-02-17,4.8,,,4.8,1.830000042915344,1.3200000524520874,,3.090811967849731,15.064499855041504,2.240000009536743,63.470001220703125,80.2054672241211,7.705471992492676,7.155209541320801,3.9524130821228023,,,1.9420000314712524,34.5,30.65999984741211,1211.0999755859375,1926.8199462890625,2897.719970703125,53.7412223815918,6.926271438598633,,,33.21,30.68,0.375,1.81,0.74,1.51,1.07,,,1.114,114.14,6.527,113.8634,22.31,108.64,,,,,,,,,,,,,,1.2548,,,,,,,
2016-02-24,5.14,,,5.14,1.8600000143051147,1.3300000429153442,,2.961613893508911,13.69499969482422,1.9800000190734863,69.44999694824219,81.29423522949219,7.578726291656494,6.843120098114014,3.876456260681152,,,1.777999997138977,34.40999984741211,32.150001525878906,1238.699951171875,1929.800048828125,2820.239990234375,53.58296585083008,6.993110179901123,,,31.5,30.35,0.403,1.75,0.75,1.42,1.0,,,1.1021,111.36,6.529,114.1716,20.72,62.26,,,,,,,,,,,,,,0.5746,,,,,,,
2016-03-02,4.8,,,4.8,2.130000114440918,1.4800000190734863,,3.070935010910034,12.449999809265137,2.609999895095825,69.13999938964844,85.08674621582031,8.365303039550781,7.205955505371094,3.912783622741699,,,1.6779999732971191,36.93000030517578,34.65999984741211,1241.0999755859375,1986.449951171875,3022.139892578125,55.63200759887695,7.285534381866455,,,36.38,34.57,0.43,1.84,0.85,1.48,0.99,,,1.0845,113.81,6.5499,113.7965,17.09,41.64,98.4,102.1,0.930695301153468,102.1,,,8.01,4953.797619047619,1531.011904761905,8717.25,30.10652173913043,123.4,91.5,,159.28977291016236,98.3096,99.7689,143662.0,246.358,97.876,
2016-03-09,5.0,,,5.0,1.899999976158142,1.4700000286102295,,2.852292060852051,15.31350040435791,3.109999895095825,68.48999786376953,81.80232238769531,7.96269416809082,6.896404266357422,3.929295063018799,,,1.7519999742507937,41.06999969482422,38.290000915527344,1256.5999755859375,1989.260009765625,3016.179931640625,56.05680084228515,7.460987567901611,,,40.26,37.62,0.478,1.9,0.9,1.6,1.0,,,1.1022,113.06,6.5105,112.4268,18.34,46.99,,,,,,,,,,,,,,0.2369,,,,,,,
2016-03-16,4.94,,,4.94,2.009999990463257,1.399999976158142,,3.1206259727478027,14.192999839782717,2.559999942779541,72.05999755859375,82.99996948242188,7.9105048179626465,6.975059986114502,3.9827957153320312,,,1.868000030517578,40.33000183105469,38.459999084472656,1229.300048828125,2027.219970703125,3062.050048828125,57.206260681152344,7.661509037017822,,,38.38,38.43,0.461,1.94,0.87,1.63,1.07,,,1.1075,113.69,6.5189,112.7759,14.99,48.66,,,,,,,,,,,,,,0.2731,,,,,,,
2016-03-23,4.8,,,4.8,1.950000047683716,1.340000033378601,,2.991429090499878,12.325499534606934,2.259999990463257,68.2300033569336,84.46977996826172,8.033523559570312,6.967447280883789,3.953734397888184,,,1.7940000295639038,40.470001220703125,39.790000915527344,1223.699951171875,2036.7099609375,3042.419921875,56.94804763793945,7.569602966308594,,,38.84,38.28,0.45,1.88,0.87,1.58,1.01,,,1.1174,112.63,6.5035,111.5473,14.94,87.98,,,,,,,,,,,,,,0.1598,,,,,,,
2016-03-30,4.77,,,4.77,2.069999933242798,1.409999966621399,,2.911921977996826,11.827500343322754,2.2899999618530273,68.97000122070312,85.3226547241211,8.488322257995605,7.0207319259643555,3.9306178092956543,,,1.996000051498413,39.2599983215332,38.31999969482422,1226.9000244140625,2063.949951171875,3044.10009765625,58.1058464050293,7.811896800994873,,,36.75,36.91,0.435,1.83,0.76,1.63,1.07,,,1.133,112.6,6.4648,110.2301,13.56,124.96,,,,,,,,,,,,,,0.1627,,,,,,,
2016-04-06,5.26,,,5.26,2.0299999713897705,1.350000023841858,,3.051058053970337,10.956000328063965,2.5799999237060547,62.7599983215332,84.4425048828125,8.2124605178833,6.657897472381592,3.8163516521453857,,,1.9110000133514404,39.84000015258789,37.75,1222.5,2066.659912109375,2909.360107421875,57.54775619506836,7.56125020980835,,,37.77,37.74,0.43,1.76,0.73,1.53,1.03,,,1.143,109.63,6.478,110.5347,14.09,36.17,98.4,102.1,0.960151858445288,95.7,4.0,269.0,6.68,4872.738095238095,1571.22619047619,8878.857142857143,27.81666666666667,140.6,105.3,0.3805,142.29600124441353,98.6421,99.9996,143854.0,246.992,98.117,2327947577518.7
2016-04-13,5.42,,,5.42,2.049999952316284,1.399999976158142,,3.1206259727478027,11.578499794006348,2.559999942779541,61.650001525878906,82.85897827148438,8.89838695526123,7.005510330200195,3.912783622741699,,,2.0360000133514404,44.18000030517578,41.7599983215332,1246.800048828125,2082.419921875,3039.18994140625,58.697227478027344,7.836962699890137,,,42.81,41.7,0.454,1.77,0.75,1.54,1.02,,,1.1281,109.21,6.4768,110.1436,13.84,37.74,,,,,,,,,,,,,,0.3377,,,,,,,
2016-04-20,5.47,,,5.47,2.130000114440918,1.3700000047683716,,3.319391965866089,11.95199966430664,2.5399999618530273,61.720001220703125,80.3916244506836,9.34945583343506,7.299836158752441,4.0343146324157715,,,2.069000005722046,45.79999923706055,42.630001068115234,1253.199951171875,2102.39990234375,3142.52001953125,59.696739196777344,7.820251941680908,,,43.09,42.72,0.461,1.85,0.8,1.62,1.05,,,1.133,109.51,6.4675,109.3926,13.28,41.3,,,,,,,,,,,,,,0.0924,,,,,,,
2016-04-27,6.94,,,6.94,2.130000114440918,1.4600000381469729,,4.174086093902588,15.189000129699709,2.680000066757202,62.029998779296875,80.85194396972656,9.92579174041748,7.403866767883301,4.102346897125244,,,1.9950000047683716,47.18000030517578,45.33000183105469,1249.199951171875,2095.14990234375,3130.429931640625,59.363555908203125,7.845318794250488,,,44.17,45.29,0.495,1.87,0.83,1.63,1.04,,,1.1322,111.26,6.494,109.8483,13.77,42.37,,,,,,,,,,,,,,-0.022,,,,,,,
2016-05-04,5.88,,,5.88,2.009999990463257,1.4299999475479126,,3.5479729175567627,14.44200038909912,2.0999999046325684,51.779998779296875,80.52051544189453,8.72791576385498,7.008046627044678,4.005253314971924,,,2.1410000324249268,44.619998931884766,43.779998779296875,1273.300048828125,2051.1201171875,2938.75,57.689361572265625,7.369082927703857,,,43.08,43.77,0.488,1.79,0.75,1.6,1.04,,,1.1486,107.12,6.4945,109.9952,16.05,44.1,98.1,101.8,0.972331397375095,94.8,2.0,104.0,6.81,4694.5375,1550.625,8660.35,27.95454545454545,152.2,118.3,,125.81350028030027,98.4184,99.5452,143900.0,247.544,98.284,
2016-05-11,5.72,,,5.72,1.850000023841858,1.3899999856948853,,3.657294988632202,14.44200038909912,1.899999976158142,50.7400016784668,83.61390686035156,8.622442245483398,6.915903568267822,3.988741397857666,,,2.1730000972747803,47.599998474121094,46.22999954223633,1274.5999755859375,2064.4599609375,2956.7099609375,58.064178466796875,7.402503490447998,,,46.08,46.21,0.513,1.73,0.74,1.47,0.99,,,1.1444,108.48,6.491,110.2806,14.69,54.4,,,,,,,,,,,,,,0.2697,,,,,,,
2016-05-18,5.94,,,5.94,1.7599999904632568,1.3600000143051147,,3.567850112915039,14.192999839782717,1.850000023841858,48.709999084472656,81.3675308227539,8.814555168151855,7.065964221954346,4.0125203132629395,,,2.000999927520752,48.93000030517578,48.189998626708984,1273.699951171875,2047.6300048828125,2956.429931640625,57.76432037353515,7.1017255783081055,,,48.93,48.12,0.555,1.87,0.9,1.57,0.97,,,1.1276,109.65,6.537,111.4995,15.95,32.08,,,,,,,,,,,,,,0.1796,,,,,,,
2016-05-25,5.73,,,5.73,1.7799999713897705,1.350000023841858,,2.782723903656006,16.558500289916992,2.049999952316284,50.560001373291016,85.60252380371094,8.79195499420166,7.25551176071167,4.066019058227539,,,1.9919999837875368,49.7400016784668,49.560001373291016,1223.5,2090.5400390625,3061.60009765625,59.03872299194336,7.268825054168701,,,48.87,49.1,0.527,1.87,0.92,1.54,0.95,,,1.1154,110.22,6.5538,112.2001,13.9,51.51,,,,,,,,,,,,,,0.0767,,,,,,,
2016-06-01,6.0,,,6.0,1.8700000047683716,1.440000057220459,,2.5740199089050293,16.309499740600586,2.0899999141693115,50.06999969482422,87.35177612304688,8.603610038757324,7.1344122886657715,3.963641166687012,,,2.38100004196167,49.709999084472656,49.0099983215332,1211.9000244140625,2099.330078125,3038.77001953125,58.9637565612793,7.427569389343262,,,48.81,49.07,0.506,1.85,0.91,1.55,0.94,,,1.1165,109.55,6.5748,112.462,14.2,48.39,98.7,102.4,0.882978166585566,98.5,5.0,227.0,7.08,4641.965909090909,1593.506818181818,8928.352272727274,27.35227272727273,164.4,128.5,,231.05573344420372,98.8833,101.7493,144147.0,247.794,98.386,
2016-06-08,6.14,,,6.14,1.919999957084656,1.440000057220459,,2.3851919174194336,17.43000030517578,2.2300000190734863,50.93000030517578,85.76824951171875,10.001129150390623,7.534572124481201,3.9979872703552246,,,2.4679999351501465,52.5099983215332,51.22999954223633,1259.800048828125,2119.1201171875,3019.760009765625,59.99659729003906,7.619734287261963,,,50.73,51.23,0.514,1.71,0.78,1.47,0.93,,,1.14,106.68,6.56,110.1916,14.08,46.41,,,,,,,,,,,,,,0.1264,,,,,,,
2016-06-15,5.78,,,5.78,1.75,1.3799999952316284,,2.1168580055236816,17.803499221801758,2.069999933242798,48.20000076293945,79.6182861328125,9.112140655517578,7.287103652954102,3.776720762252808,235.84292602539065,,2.5950000286102295,48.970001220703125,48.0099983215332,1285.800048828125,2071.5,2830.300048828125,57.7809944152832,6.968045234680176,,,47.47,47.92,0.495,1.6,0.69,1.34,0.91,,,1.1239,105.87,6.5785,111.7671,20.14,79.47,,,,,,,,,,,,,,0.1537,,,,,,,
2016-06-22,5.55,,,5.55,1.7300000190734863,1.350000023841858,,1.9876600503921509,18.177000045776367,2.130000114440918,48.619998931884766,84.14789581298828,10.084002494812012,7.679364204406738,3.953073501586914,240.4946746826172,,2.677000045776367,49.880001068115234,49.130001068115234,1268.0,2085.449951171875,2978.31005859375,58.9536018371582,7.269049167633057,,,48.43,49.16,0.519,1.69,0.75,1.42,0.94,,,1.1286,104.56,6.575,110.7681,21.17,146.78,,,,,,,,,,,,,,0.568,,,,,,,
2016-06-29,4.8,,,4.8,1.8200000524520872,1.3300000429153442,,2.16654896736145,17.180999755859375,1.8899999856948853,48.09000015258789,81.919921875,10.00866413116455,7.389776229858398,3.9233522415161137,224.6787567138672,,2.86299991607666,50.61000061035156,49.880001068115234,1323.9000244140625,2070.77001953125,2832.179931640625,57.925392150878906,7.379701614379883,,,48.4,49.85,0.543,1.5,0.62,1.24,0.88,,,1.1117,102.68,6.635,111.8597,16.64,146.63,,,,,,,,,,,,,,0.2573,,,,,,,
2016-07-06,4.49,,,4.49,1.7000000476837158,1.2400000095367432,,1.9975980520248413,16.06049919128418,1.8899999856948853,49.130001068115234,79.91288757324219,10.539795875549316,7.4213666915893555,3.7834084033966064,222.81805419921875,,2.7860000133514404,48.79999923706055,47.43000030517578,1364.9000244140625,2099.72998046875,2761.3701171875,58.03495407104492,7.464818954467773,,,45.7,47.37,0.494,1.38,0.58,1.11,0.8,,,1.1077,101.12,6.69,112.5438,14.96,185.04,98.2,101.9,0.621088196069088,97.7,6.0,302.0,6.85,4864.904761904762,1629.047619047619,10262.85714285714,25.8452380952381,157.1,120.6,0.5828,204.9228587156837,98.9992,97.5813,144520.0,247.744,98.529,2339512923105.3003
2016-07-13,4.53,,,4.53,1.7400000095367432,1.350000023841858,,2.1466729640960693,17.554500579833984,1.9600000381469729,46.20000076293945,83.7243881225586,12.01265811920166,7.842587471008301,3.941383123397827,234.44740295410156,,2.736999988555908,46.2599983215332,44.75,1342.4000244140625,2152.429931640625,2926.139892578125,59.97338104248047,7.635053634643555,,,44.67,44.87,0.49,1.48,0.68,1.17,0.8,,,1.1112,104.1,6.6832,112.0266,13.04,58.42,,,,,,,,,,,,,,0.2068,,,,,,,
2016-07-20,4.65,,,4.65,1.7899999618530271,1.7100000381469729,,2.047290086746216,17.679000854492188,1.840000033378601,48.43000030517578,84.47933959960938,11.801711082458496,7.855751037597656,4.072142601013184,246.91404724121097,,2.6579999923706055,47.16999816894531,44.939998626708984,1318.800048828125,2173.02001953125,2966.949951171875,60.27678680419922,7.74570894241333,,,45.82,44.96,0.482,1.59,0.73,1.27,0.86,,,1.1007,106.65,6.676,112.6743,11.77,45.87,,,,,,,,,,,,,,-0.1,,,,,,,
2016-07-27,4.51,,,4.51,1.7899999618530271,2.0399999618530273,,2.0572280883789062,17.43000030517578,1.809999942779541,48.54999923706055,85.06856536865234,11.971221923828123,7.9057698249816895,4.086745738983154,252.217041015625,,2.671999931335449,43.470001220703125,41.91999816894531,1326.5999755859375,2166.580078125,2999.47998046875,60.234642028808594,7.839337348937988,,,42.78,41.9,0.435,1.52,0.73,1.21,0.79,,,1.0988,105.65,6.668,113.217,12.83,122.84,,,,,,,,,,,,,,0.0934,,,,,,,
2016-08-03,4.32,,,4.32,1.7200000286102295,2.0,,2.126796007156372,16.683000564575195,1.7899999618530271,49.2400016784668,85.47364044189453,11.443853378295898,7.526673316955566,3.955322504043579,262.2647399902344,,2.8389999866485596,43.099998474121094,40.83000183105469,1356.0999755859375,2163.7900390625,2911.06005859375,60.175655364990234,7.788266181945801,,,40.45,40.8,0.438,1.55,0.67,1.27,0.88,,,1.117,101.34,6.632,111.9419,12.86,38.55,103.1,107.0,0.611150867374379,81.6,2.0,91.0,7.42,4751.670454545455,1639.284090909091,10335.98863636364,25.90217391304348,149.0,115.3,,134.74163051003325,98.85,100.3066,144661.0,248.278,98.703,
2016-08-10,4.87,,,4.87,1.7000000476837158,1.7699999809265137,,2.3056859970092773,16.558500289916992,1.830000042915344,38.65999984741211,89.0457992553711,11.334613800048828,7.666201591491699,3.9885094165802,253.9846954345703,,2.561000108718872,44.04999923706055,41.709999084472656,1344.300048828125,2175.489990234375,3018.4599609375,61.0100212097168,7.7542195320129395,,,42.19,41.75,0.416,1.5,0.69,1.22,0.81,,,1.1171,101.27,6.6345,111.3238,12.05,81.76,,,,,,,,,,,,,,0.3574,,,,,,,
2016-08-17,4.65,,,4.65,1.6699999570846558,1.9700000286102295,,2.176487922668457,18.923999786376953,1.830000042915344,36.88999938964844,89.7454833984375,11.146269798278809,7.560897827148437,3.916160106658935,245.611572265625,,2.61899995803833,49.849998474121094,46.790000915527344,1342.699951171875,2182.219970703125,2980.5400390625,61.51569366455078,7.839337348937988,,,48.58,46.81,0.45,1.56,0.74,1.26,0.82,,,1.1263,100.24,6.6328,110.9459,12.19,83.6,,,,,,,,,,,,,,0.2126,,,,,,,
2016-08-24,4.71,,,4.71,1.659999966621399,1.9900000095367432,,2.2957470417022705,23.655000686645508,1.8700000047683716,37.31999969482422,102.46894073486328,11.055864334106444,7.526673316955566,3.911512851715088,257.14788818359375,,2.7960000038146973,49.04999923706055,46.77000045776367,1324.4000244140625,2175.43994140625,3008.590087890625,61.397705078125,7.898919105529785,,,47.56,46.29,0.465,1.56,0.76,1.25,0.8,,,1.1256,100.5,6.6562,111.2958,13.45,43.23,,,,,,,,,,,,,,0.1934,,,,,,,
2016-08-31,4.71,,,4.71,1.5499999523162842,2.0799999237060547,,2.514389991760254,22.40999984741211,1.8200000524520872,37.81999969482422,101.91654205322266,11.048330307006836,7.524040699005127,3.916160106658935,246.2628173828125,,2.88700008392334,47.040000915527344,44.70000076293945,1306.9000244140625,2170.949951171875,3023.1298828125,61.060569763183594,7.822313785552979,,,47.94,44.68,0.45,1.58,0.8,1.25,0.78,,,1.1146,103.38,6.6776,112.4036,13.42,45.98,,,,,,,,,,,,,,0.271,,,,,,,
2016-09-07,3.94,,,3.94,1.4199999570846558,2.0899999141693115,,2.673403024673462,22.160999298095703,1.8200000524520872,38.4900016784668,104.40231323242188,11.44762134552002,7.72412109375,4.0568766593933105,253.9846954345703,,2.6760001182556152,47.97999954223633,45.5,1344.300048828125,2186.159912109375,3091.659912109375,61.96237564086914,8.128737449645996,,,47.0,45.47,0.47,1.54,0.74,1.2,0.8,,,1.1238,101.72,6.66,110.9717,11.94,22.17,,,,,,,,,,,,,,0.2839,,,,,,,
2016-09-14,3.97,,,3.97,1.3700000047683716,1.919999957084656,,2.6535260677337646,21.91200065612793,1.7000000476837158,35.029998779296875,101.08795166015624,11.093531608581545,7.308165550231934,3.925451278686523,248.5886688232422,,2.888999938964844,45.849998474121094,43.58000183105469,1321.5,2125.77001953125,2964.89990234375,59.90597152709961,7.669102191925049,,,45.65,43.62,0.478,1.7,0.77,1.37,0.93,,,1.1271,102.33,6.6707,112.4678,18.14,28.87,,,,,,,,,,,,,,0.2952,,,,,,,
2016-09-21,4.3,,,4.3,1.6799999475479126,2.069999933242798,,2.375253915786743,21.413999557495117,1.4800000190734863,34.029998779296875,101.5482940673828,10.93155574798584,7.1344122886657715,3.93607234954834,249.3329315185547,,3.056999921798706,46.83000183105469,45.34000015258789,1326.9000244140625,2163.1201171875,2982.179931640625,61.10271835327149,7.907429218292236,,,45.99,45.33,0.524,1.66,0.79,1.44,0.87,,,1.1165,100.62,6.6695,112.9842,13.3,31.41,,,,,,,,,,,,,,0.5019,,,,,,,
2016-09-28,4.57,,,4.57,1.7000000476837158,2.180000066757202,,2.444822072982788,21.165000915527344,1.190000057220459,39.08000183105469,100.4435043334961,11.251742362976074,7.218656063079834,3.9991300106048584,248.68170166015625,,2.9519999027252197,48.689998626708984,47.04999923706055,1319.4000244140625,2171.3701171875,2991.110107421875,61.26285552978515,7.958502292633057,,,45.49,47.07,0.52,1.57,0.75,1.3,0.82,,,1.12,100.57,6.673,112.6283,12.39,38.39,,,,,,,,,,,,,,0.3323,,,,,,,
2016-10-05,5.17,,,5.17,1.7400000095367432,2.4100000858306885,,2.4547600746154785,21.165000915527344,1.190000057220459,39.7400016784668,101.82447814941406,11.082232475280762,7.039637088775635,3.953993797302246,258.3573303222656,,3.0409998893737793,51.86000061035156,49.83000183105469,1265.199951171875,2159.72998046875,3026.280029296875,61.153297424316406,7.881896018981934,,,49.57,49.75,0.554,1.72,0.85,1.4,0.87,,,1.1196,103.53,6.6685,112.7946,12.99,65.03,104.0,107.9,0.766417752375933,103.2,1.0,0.0,7.93,4731.261904761905,1665.904761904762,10259.7380952381,21.48809523809524,160.5,132.8,,126.4360770997193,98.7611,100.859,145065.0,249.218,98.961,2357334308228.1
2016-10-12,5.58,,,5.58,1.649999976158142,2.2200000286102295,,2.5740199089050293,21.413999557495117,1.090000033378601,38.2400016784668,97.2212142944336,10.23468017578125,7.072105884552002,3.8836355209350586,244.21603393554688,,3.2100000381469727,51.810001373291016,50.18000030517578,1251.0999755859375,2139.179931640625,3008.030029296875,60.175655364990234,7.6180315017700195,,,49.53,50.14,0.578,1.79,0.87,1.42,0.92,,,1.1014,104.48,6.718,113.7442,15.91,59.38,,,,,,,,,,,,,,0.0903,,,,,,,
2016-10-19,5.89,,,5.89,1.559999942779541,2.2100000381469727,,2.633650064468384,24.152999877929688,1.1200000047683716,41.91999816894531,100.07522583007812,10.720608711242676,7.28549861907959,4.055549144744873,251.1936798095703,,3.1700000762939453,52.66999816894531,51.599998474121094,1267.9000244140625,2144.2900390625,3055.93994140625,60.52119445800781,7.830826759338379,,,51.85,51.59,0.605,1.76,0.81,1.41,0.95,,,1.0966,103.3,6.737,113.0547,14.41,61.32,,,,,,,,,,,,,,0.2252,,,,,,,
2016-10-26,5.78,,,5.78,1.5800000429153442,2.2100000381469727,,2.474637031555176,23.90399932861328,1.059999942779541,41.11000061035156,99.33870697021484,10.77711296081543,7.269083976745605,4.133208274841309,249.6120452880859,,2.7309999465942383,49.97999954223633,49.18000030517578,1264.800048828125,2139.429931640625,3080.97998046875,60.251502990722656,7.635053634643555,,,48.98,48.75,0.583,1.79,0.86,1.46,0.93,,,1.0916,104.42,6.7706,113.8131,14.24,40.45,,,,,,,,,,,,,,0.1821,,,,,,,
2016-11-02,5.76,,,5.76,1.4800000190734863,2.0,,2.3454389572143555,23.4060001373291,1.1699999570846558,40.58000183105469,93.07826232910156,10.358985900878906,6.94899320602417,4.048911094665527,237.98272705078125,,2.7920000553131104,46.86000061035156,45.34000015258789,1306.800048828125,2097.93994140625,2980.169921875,59.26543045043945,7.277561187744141,,,44.26,45.32,0.558,1.81,0.81,1.44,1.0,,,1.1119,103.22,6.7606,113.9206,19.32,60.79,104.4,108.3,1.22588777156883,102.6,2.0,79.0,7.16,5450.931818181818,1737.113636363636,11128.90909090909,18.56818181818182,147.6,121.1,,228.7257194746165,98.3491,99.1506,145183.0,249.227,99.005,
2016-11-09,6.1,,,6.1,1.25,2.0799999237060547,,2.0969810485839844,22.40999984741211,1.1100000143051147,32.099998474121094,79.36048126220703,10.151805877685549,6.976350784301758,3.930099487304687,232.1215362548828,,2.690000057220459,46.36000061035156,45.27000045776367,1272.5999755859375,2163.260009765625,3056.2900390625,60.420066833496094,6.996671199798584,,,43.88,45.2,0.518,2.07,0.9,1.62,1.17,,,1.0952,104.84,6.7769,114.6956,14.38,246.03,,,,,,,,,,,,,,0.4953,,,,,,,
2016-11-16,5.55,,,5.55,1.4800000190734863,1.9299999475479128,,1.9975980520248413,23.2814998626709,1.1100000143051147,32.81999969482422,80.92561340332031,9.213847160339355,6.308809280395508,3.707077026367187,229.42355346679688,,2.763999938964844,46.630001068115234,45.56999969482422,1223.4000244140625,2176.93994140625,3026.360107421875,60.15879821777344,6.69875955581665,,,45.07,45.56,0.535,2.22,1.0,1.75,1.22,,,1.0699,109.16,6.877,116.8062,13.72,135.29,,,,,,,,,,,,,,-0.0106,,,,,,,
2016-11-23,5.46,,,5.46,1.399999976158142,1.940000057220459,,2.0075368881225586,23.156999588012695,1.1399999856948853,29.780000686645508,81.05449676513672,8.94262981414795,6.286923408508301,3.713050842285156,226.26036071777344,,3.0260000228881836,48.95000076293945,47.959999084472656,1189.0999755859375,2204.719970703125,3032.139892578125,60.74877166748047,6.800901412963867,,,46.54,46.72,0.541,2.36,1.12,1.85,1.24,,,1.056,112.58,6.9195,118.0356,12.43,84.27,,,,,,,,,,,,,,-0.0335,,,,,,,
2016-11-30,4.56,,,4.56,1.3700000047683716,1.899999976158142,,1.9876600503921509,23.655000686645508,1.1200000047683716,30.31999969482422,85.28951263427734,8.93509578704834,6.37446928024292,3.78128433227539,222.81805419921875,,3.3519999980926514,50.470001220703125,49.439998626708984,1170.800048828125,2198.81005859375,3051.610107421875,60.942588806152344,6.8434600830078125,,,47.95,49.41,0.573,2.37,1.11,1.89,1.26,,,1.0578,114.34,6.8837,117.7636,13.33,63.67,,,,,,,,,,,,,,-0.1158,,,,,,,
2016-12-07,4.15,,,4.15,1.559999942779541,1.8700000047683716,,2.087043046951294,23.2814998626709,1.3200000524520874,33.59000015258789,78.47665405273438,8.7429838180542,6.522204399108887,3.8026576042175297,226.5394592285156,,3.6029999256134033,53.0,49.77000045776367,1175.0,2241.35009765625,3142.239990234375,62.265777587890625,6.954113483428955,,,51.9,49.85,0.615,2.34,1.1,1.82,1.24,,,1.0758,113.5,6.878,116.672,12.22,162.0,,,,,,,,,,,,,,-0.0057,,,,,,,
2016-12-14,4.82,,,4.82,1.3700000047683716,1.7400000095367432,,2.0572280883789062,22.40999984741211,1.2000000476837158,32.540000915527344,76.24867248535156,8.581007957458496,6.58239221572876,3.942046403884888,224.77182006835935,,3.5399999618530273,53.900001525878906,51.040000915527344,1161.300048828125,2253.280029296875,3211.7099609375,62.39219665527344,6.732807636260986,,,53.15,51.01,0.621,2.54,1.27,1.99,1.27,,,1.0656,115.06,6.9025,116.7332,13.19,53.87,,,,,,,,,,,,,,-0.256,,,,,,,
2016-12-21,4.59,,,4.59,1.309999942779541,1.7400000095367432,,2.03735089302063,23.77949905395508,1.2100000381469729,33.20000076293945,80.88877868652344,8.72791576385498,6.708239555358887,4.0429368019104,242.82052612304688,,3.5420000553131104,54.459999084472656,52.4900016784668,1131.0999755859375,2265.179931640625,3270.75,62.59976577758789,6.74131965637207,,,53.01,51.44,0.638,2.55,1.21,2.03,1.34,,,1.0425,117.79,6.939,118.581,11.27,37.37,,,,,,,,,,,,,,-0.1534,,,,,,,
2016-12-28,,,,,1.2799999713897705,1.7200000286102295,,2.03735089302063,22.40999984741211,0.9800000190734864,32.79999923706055,82.38024139404297,8.795720100402832,6.626165390014648,4.107321739196777,247.2861785888672,,3.930000066757202,56.220001220703125,54.060001373291016,1139.4000244140625,2249.919921875,3278.719970703125,62.276309967041016,6.789005756378174,,,54.95,54.01,0.689,2.51,1.26,1.98,1.25,,,1.0389,117.66,6.9559,119.2305,12.95,161.59,,,,,,,,,,,,,,-0.0985,,,,,,,
2017-01-04,,,,,1.2999999523162842,1.75,,1.9876600503921509,21.413999557495117,1.149999976158142,34.16999816894531,85.49205780029297,8.931328773498535,6.672674179077148,4.080106735229492,242.63442993164065,,3.2669999599456787,56.459999084472656,53.2599983215332,1163.800048828125,2270.75,3317.52001953125,63.32331085205078,7.031782150268555,,,54.57,53.26,0.696,2.46,1.24,1.93,1.22,,,1.0476,117.38,6.9322,118.8803,11.85,101.99,105.2,109.1,1.30738702746158,93.9,2.0,288.0,9.17409090909091,5754.559523809524,1791.238095238095,9971.464285714286,22.17045454545455,166.4,138.4,,247.29754147936168,98.7611,97.4556,145628.0,250.083,99.385,2373054420191.3
2017-01-11,5.6,,,5.6,1.2599999904632568,1.8600000143051147,,2.0671660900115967,22.40999984741211,1.440000057220459,35.0,88.49339294433594,9.21008014678955,6.333433628082275,4.066534519195557,240.8667907714844,,3.2239999771118164,55.099998474121094,52.25,1195.5999755859375,2275.320068359375,3307.93994140625,63.48504638671875,7.153166770935059,,,53.61,52.19,0.725,2.38,1.2,1.86,1.18,,,1.0501,116.26,6.9365,119.0219,11.26,124.56,,,,,,,,,,,,,,-0.0974,,,,,,,
2017-01-18,4.8,,,4.8,1.2300000190734863,2.059999942779541,,2.017474889755249,18.674999237060547,1.8899999856948853,34.40999984741211,87.37020111083984,9.639507293701172,6.451072692871094,4.067891597747803,241.23892211914065,,3.302000045776367,53.91999816894531,51.08000183105469,1211.300048828125,2271.889892578125,3294.0,63.45099639892578,7.196521759033203,,,53.77,51.12,0.728,2.42,1.23,1.89,1.19,,,1.0682,113.4,6.836,117.7242,12.48,135.59,,,,,,,,,,,,,,-0.1086,,,,,,,
2017-01-25,5.23,,,5.23,1.1299999952316284,2.0,,2.0075368881225586,17.554500579833984,1.7100000381469729,32.900001525878906,86.63365936279297,9.53403377532959,6.286923408508301,4.031243801116943,238.26182556152344,,3.3320000171661377,55.08000183105469,52.75,1197.300048828125,2298.3701171875,3326.14990234375,64.41289520263672,7.274557113647461,,,54.34,52.14,0.784,2.53,1.23,2.03,1.3,,,1.0743,113.6,6.8812,116.9355,10.81,175.14,,,,,,,,,,,,,,-0.0867,,,,,,,
2017-02-01,5.2,,,5.2,1.0199999809265137,1.919999957084656,,1.9578449726104736,17.679000854492188,1.5099999904632568,31.790000915527344,91.5131378173828,9.104607582092283,5.955889701843262,3.928086996078491,242.44837951660156,,3.1679999828338623,55.65999984741211,53.880001068115234,1205.5999755859375,2279.550048828125,3258.919921875,64.04684448242188,7.248542785644531,,,55.79,53.9,0.915,2.48,1.22,1.97,1.26,,,1.0758,113.29,6.8768,116.3914,11.81,158.28,104.3,108.2,1.43714133420551,94.8,2.0,673.0,7.128,5940.9125,1860.75,10643.3,25.15,166.7,143.3,,186.2873276929412,98.3646,98.989,145846.0,251.143,99.561,
2017-02-08,5.08,,,5.08,0.8799999952316284,1.940000057220459,,2.0075368881225586,17.92799949645996,1.5399999618530271,31.549999237060547,92.43379974365234,9.454928398132324,6.150131702423096,4.074678897857666,240.4946746826172,,3.125999927520752,55.119998931884766,52.34000015258789,1237.5999755859375,2294.669921875,3238.0400390625,64.28520965576172,7.248542785644531,,,54.42,52.37,0.81,2.34,1.15,1.8,1.19,,,1.0708,111.74,6.87,116.1382,11.45,118.99,,,,,,,,,,,,,,-0.136,,,,,,,
2017-02-15,4.95,,,4.95,1.0800000429153442,1.9700000286102295,,2.106920003890991,16.93199920654297,1.600000023841858,34.72999954223633,95.56401824951172,9.92579174041748,6.117302417755127,4.1018242835998535,242.44837951660156,,2.924999952316284,55.75,53.11000061035156,1231.699951171875,2349.25,3323.7099609375,65.35774230957031,7.543339729309082,,,54.57,53.11,0.814,2.51,1.27,1.97,1.24,,,1.0597,114.17,6.8685,116.2162,11.97,130.16,,,,,,,,,,,,,,-0.1755,,,,,,,
2017-02-22,5.09,,,5.09,1.1699999570846558,2.0399999618530273,,2.8821070194244385,18.052499771118164,1.6100000143051147,33.56999969482422,96.85294342041016,10.099068641662598,6.182962417602539,4.128292083740234,237.79666137695312,,2.5920000076293945,55.84000015258789,53.59000015258789,1232.0,2362.820068359375,3339.27001953125,65.77487182617188,7.595364093780518,,,54.9,53.61,0.658,2.42,1.22,1.9,1.2,,,1.0555,113.46,6.8765,116.2136,11.74,226.71,,,,,,,,,,,,,,-0.2989,,,,,,,
2017-03-01,5.15,,,5.15,1.0700000524520874,2.0,,2.8821070194244385,17.92799949645996,1.6100000143051147,35.02000045776367,97.2212142944336,10.411723136901855,6.371734619140625,4.266740322113037,239.4712677001953,,2.799000024795532,55.599998474121094,53.83000183105469,1248.9000244140625,2395.9599609375,3390.199951171875,66.3111343383789,7.543339729309082,,,55.72,53.82,0.618,2.46,1.29,1.83,1.17,,,1.0564,113.66,6.8794,116.438,12.54,111.9,107.8,111.9,1.45313673040938,104.1,2.0,28.0,5.79478260869565,5824.630434782609,1901.467391304348,10204.66304347826,24.64130434782609,165.6,131.0,,236.02181683318673,99.0137,100.0476,145970.0,251.29,99.519,
2017-03-08,5.43,,,5.43,1.059999942779541,2.0399999618530273,,2.16654896736145,16.8075008392334,1.2200000286102295,32.65999984741211,97.2212142944336,10.487061500549316,6.891541004180908,4.336641311645508,237.5247039794922,,2.9010000228881836,53.11000061035156,50.279998779296875,1208.5,2362.97998046875,3389.6201171875,65.47692108154297,7.4479660987854,,,53.3,49.83,0.643,2.57,1.36,1.84,1.21,,,1.0547,114.58,6.9113,116.875,11.86,124.51,,,,,,,,,,,,,,-0.3941,,,,,,,
2017-03-15,5.16,,,5.16,1.0299999713897705,2.1600000858306885,,2.16654896736145,17.43000030517578,1.3700000047683716,33.0,96.76087188720705,10.950389862060549,6.8422956466674805,4.261988639831543,241.7662048339844,,2.9809999465942383,51.810001373291016,48.86000061035156,1200.0999755859375,2385.260009765625,3409.320068359375,66.39627838134766,7.5260009765625,,,50.63,48.34,0.633,2.51,1.33,1.78,1.18,,,1.063,114.66,6.9132,116.3584,11.63,159.48,,,,,,,,,,,,,,-0.4095,,,,,,,
2017-03-22,4.93,,,4.93,1.2000000476837158,2.200000047683716,,2.0671660900115967,18.052499771118164,1.2400000095367432,28.8700008392334,97.95773315429688,10.927788734436035,6.823144912719727,4.420116901397705,241.95474243164065,,3.010999917984009,50.63999938964844,48.040000915527344,1249.300048828125,2348.449951171875,3420.699951171875,66.07279205322266,7.352589130401611,,,49.56,47.29,0.594,2.4,1.27,1.63,1.13,,,1.08,111.06,6.8785,114.7937,12.81,65.8,,,,,,,,,,,,,,-0.3677,,,,,,,
2017-03-29,4.71,,,4.71,1.4800000190734863,2.2300000190734863,,2.15661096572876,18.052499771118164,1.2999999523162842,28.030000686645508,101.2720947265625,11.247977256774902,7.167858600616455,4.487303256988525,246.57330322265625,,3.174999952316284,52.41999816894531,49.5099983215332,1253.4000244140625,2361.1298828125,3475.27001953125,66.38774871826172,7.439295291900635,,,51.36,49.47,0.59,2.39,1.26,1.61,1.13,,,1.0756,111.05,6.8879,114.7167,11.42,66.64,,,,,,,,,,,,,,-0.2414,,,,,,,
2017-04-05,4.78,,,4.78,2.25,2.380000114440918,,2.0572280883789062,18.052499771118164,1.2899999618530271,26.579999923706055,104.49437713623048,11.72260570526123,7.271819591522217,4.5348100662231445,255.4333343505859,,3.2660000324249268,54.36000061035156,51.150001525878906,1245.4000244140625,2352.949951171875,3472.580078125,66.0472640991211,7.369931221008301,,,53.41,51.14,0.633,2.34,1.24,1.54,1.1,,,1.0661,111.2,6.892,114.9494,12.89,75.28,106.3,110.3,1.26257504822609,97.0,3.0,131.0,5.7095,5683.902777777778,1921.222222222222,9609.277777777776,23.25,176.2,139.6,,176.40003710496936,100.0224,99.4656,146175.0,251.642,99.723,2391911056082.8
2017-04-12,4.84,,,4.84,2.319999933242798,2.7899999618530273,,2.196363925933838,17.92799949645996,1.340000033378601,27.90999984741211,107.6019515991211,11.926017761230469,7.28549861907959,4.561278343200684,264.3876037597656,,3.187000036239624,55.86000061035156,53.11000061035156,1275.300048828125,2344.929931640625,3468.510009765625,66.0472640991211,7.39594316482544,,,54.75,53.12,0.686,2.28,1.24,1.47,1.04,,,1.0611,109.54,6.889,114.9162,15.77,79.49,,,,,,,,,,,,,,-0.3837,,,,,,,
2017-04-19,4.85,,,4.85,2.2200000286102295,2.7899999618530273,,2.15661096572876,19.920000076293945,1.190000057220459,26.540000915527344,108.1638412475586,11.568161010742188,7.00644588470459,4.458120822906494,259.29779052734375,,3.184999942779541,52.93000030517578,50.439998626708984,1281.4000244140625,2338.169921875,3420.989990234375,65.7067642211914,7.326578140258789,,,52.43,50.49,0.659,2.21,1.19,1.4,1.02,,,1.0707,109.06,6.886,114.7923,14.93,93.31,,,,,,,,,,,,,,-0.2564,,,,,,,
2017-04-26,4.49,,,4.49,2.3399999141693115,3.0,,2.126796007156372,20.04450035095215,1.2699999809265137,28.989999771118164,109.75587463378906,11.590764045715332,7.165122985839844,4.424867153167725,257.22418212890625,,3.1419999599456787,51.81999969482422,49.619998931884766,1262.0999755859375,2387.449951171875,3578.7099609375,67.46031188964844,7.387272834777832,,,49.99,49.22,0.635,2.32,1.28,1.49,1.04,,,1.0872,111.52,6.8918,114.9479,10.85,70.4,,,,,,,,,,,,,,-0.2546,,,,,,,
2017-05-03,4.48,,,4.48,2.2100000381469727,2.9800000190734863,,2.1864259243011475,21.663000106811523,1.159999966621399,33.90999984741211,109.47491455078124,11.440089225769045,7.290971279144287,4.563991546630859,253.54823303222656,,3.2279999256134033,50.790000915527344,47.81999969482422,1246.4000244140625,2388.1298828125,3586.25,67.57949829101562,7.473977088928223,,,48.82,47.79,0.618,2.33,1.3,1.48,1.03,,,1.092,112.34,6.8968,114.6637,10.68,86.79,105.9,109.9,1.17237157183444,98.0,1.0,24.0,5.7190625,5599.559523809524,1913.02380952381,9155.119047619048,21.64130434782609,163.5,128.9,,144.09811272073168,100.1408,100.2505,146380.0,251.835,99.803,
2017-05-10,4.49,,,4.49,2.1500000953674316,2.7899999618530273,,2.16654896736145,20.66699981689453,1.059999942779541,36.56999969482422,115.65570831298828,11.752740859985352,7.673986434936523,4.629823207855225,265.5186767578125,,3.2920000553131104,50.220001220703125,47.33000183105469,1217.300048828125,2399.6298828125,3645.739990234375,68.04766082763672,7.543339729309082,,,48.09,47.28,0.64,2.41,1.35,1.51,1.06,,,1.0873,114.02,6.9011,115.1145,10.21,67.32,,,,,,,,,,,,,,-0.5048,,,,,,,
2017-05-17,4.45,,,4.45,1.7599999904632568,2.609999895095825,,2.047290086746216,21.663000106811523,0.7099999785423279,34.97999954223633,110.59870147705078,12.13696575164795,7.650586605072021,4.626429557800293,260.1461486816406,,3.191999912261963,52.209999084472656,49.06999969482422,1257.5,2357.030029296875,3584.830078125,67.47732543945312,7.48264741897583,,,51.76,49.04,0.649,2.22,1.26,1.32,0.96,,,1.1134,111.46,6.8773,113.7506,15.59,62.79,,,,,,,,,,,,,,-0.6117,,,,,,,
2017-05-24,4.81,,,4.81,1.8700000047683716,2.7300000190734863,,2.1168580055236816,21.165000915527344,0.7300000190734863,38.900001525878906,112.19072723388672,13.184165954589844,7.548428535461426,4.720085144042969,266.55548095703125,,3.2090001106262207,53.959999084472656,51.36000061035156,1252.4000244140625,2404.389892578125,3586.6201171875,68.82229614257812,7.5260009765625,,,53.29,50.99,0.665,2.26,1.29,1.33,0.97,,,1.1175,112.02,6.8883,113.675,10.02,76.1,,,,,,,,,,,,,,-0.4755,,,,,,,
2017-05-31,5.1,,,5.1,1.8600000143051147,2.7699999809265137,,2.1168580055236816,24.27750015258789,0.7599999904632568,38.5099983215332,110.22411346435548,13.621124267578123,7.710180759429932,4.817132949829102,272.49359130859375,,3.071000099182129,50.310001373291016,48.31999969482422,1272.0,2411.800048828125,3554.590087890625,68.80525970458984,7.534671306610107,,,49.4,48.29,0.634,2.21,1.28,1.23,0.93,,,1.1236,110.71,6.8098,113.2956,10.41,168.16,,,,,,,,,,,,,,-0.6583,,,,,,,
2017-06-07,4.97,,,4.97,2.069999933242798,2.8299999237060547,,1.967782974243164,23.90399932861328,0.7699999809265137,36.939998626708984,113.03355407714844,14.724827766418455,7.792475700378418,4.880926132202148,281.0709228515625,,3.0199999809265137,48.060001373291016,45.720001220703125,1290.0999755859375,2433.139892578125,3548.840087890625,69.35004425048828,7.491317749023437,,,47.08,45.8,0.586,2.18,1.32,1.18,0.86,,,1.1236,109.54,6.7935,112.8191,10.39,46.07,,,,,,,,,,,,,,-0.6263,,,,,,,
2017-06-14,4.99,,,4.99,2.0799999237060547,3.009999990463257,,2.28580904006958,23.77949905395508,0.800000011920929,36.189998626708984,114.53192901611328,14.916936874389648,7.854905605316162,4.798130989074707,284.2756042480469,,2.933000087738037,47.0,44.72999954223633,1272.800048828125,2437.919921875,3547.14990234375,69.34153747558594,7.439295291900635,,,45.47,44.79,0.593,2.15,1.35,1.14,0.8,,,1.1277,109.16,6.7888,112.0734,10.64,48.72,,,,,,,,,,,,,,-0.7153,,,,,,,
2017-06-21,4.95,,,4.95,2.1500000953674316,2.7799999713897705,,2.1864259243011475,23.156999588012695,0.8299999833106995,37.22999954223633,111.5351791381836,14.834067344665527,7.84355354309082,4.886355400085449,289.6481628417969,,2.8929998874664307,44.81999969482422,42.529998779296875,1243.4000244140625,2435.610107421875,3554.35009765625,69.06430053710938,7.371400356292725,,,44.62,42.48,0.565,2.16,1.36,1.17,0.8,,,1.1143,111.58,6.8275,113.3327,10.75,90.96,,,,,,,,,,,,,,-0.7116,,,,,,,
2017-06-28,4.8,,,4.8,2.130000114440918,2.930000066757202,,2.15661096572876,22.534500122070312,0.8700000047683716,40.4900016784668,109.56857299804688,13.53448486328125,7.749907493591309,4.77777099609375,277.0179138183594,,3.066999912261963,47.310001373291016,44.7400016784668,1248.0,2440.68994140625,3535.699951171875,69.57169342041016,7.618288040161133,,,46.45,44.74,0.58,2.22,1.34,1.2,0.88,,,1.1364,112.18,6.7984,112.0747,10.03,95.31,,,,,,,,,,,,,,-0.4817,,,,,,,
2017-07-05,5.1,,,5.1,2.009999990463257,2.880000114440918,,2.2559940814971924,20.791500091552734,0.8199999928474426,39.040000915527344,116.03030395507812,13.067389488220217,7.539914608001709,4.697724342346191,272.9648742675781,,2.8399999141693115,47.790000915527344,45.130001068115234,1220.4000244140625,2432.5400390625,3478.409912109375,69.16748046875,7.512480735778809,,,47.58,45.11,0.603,2.33,1.41,1.28,0.92,,,1.1336,113.2,6.7995,112.6534,11.07,57.04,105.5,109.5,1.20647009752845,101.6,6.0,43324.0,5.63190476190476,5985.119047619048,1902.964285714286,9491.392857142857,20.36428571428571,160.0,124.7,,164.9591009516385,100.1068,98.2475,146772.0,251.936,100.01,2410874881003.1
2017-07-12,5.37,,,5.37,2.059999942779541,2.930000066757202,,2.534266948699951,22.40999984741211,0.8199999928474426,41.790000915527344,115.74934387207033,13.549556732177734,7.56261682510376,4.788266658782959,281.5422058105469,,2.984999895095825,47.7400016784668,45.4900016784668,1218.0999755859375,2443.25,3515.22998046875,69.62328338623047,7.653560638427734,,,46.73,45.48,0.635,2.33,1.35,1.28,0.98,,,1.1411,113.19,6.7865,111.5904,10.3,70.04,,,,,,,,,,,,,,-0.5938,,,,,,,
2017-07-19,5.39,,,5.39,2.130000114440918,2.990000009536743,,2.464698076248169,20.916000366210938,0.800000011920929,45.66999816894531,114.81288146972656,13.36874294281006,7.718692779541016,4.890648365020752,286.34918212890625,,3.065999984741211,49.70000076293945,47.119998931884766,1241.199951171875,2473.830078125,3500.280029296875,70.56924438476562,7.926899909973144,,,48.34,47.1,0.664,2.27,1.37,1.16,0.9,,,1.1518,111.77,6.7511,110.4339,9.79,51.42,,,,,,,,,,,,,,-0.5696,,,,,,,
2017-07-26,5.12,,,5.12,2.3299999237060547,2.890000104904175,,2.554142951965332,23.156999588012695,1.0099999904632568,45.439998626708984,117.43502807617188,13.44784927368164,7.775448322296143,4.664294242858887,285.31243896484375,,2.924000024795532,50.970001220703125,48.75,1249.0,2477.830078125,3491.18994140625,70.86163330078125,8.032708168029785,,,50.08,48.58,0.705,2.29,1.36,1.16,0.93,,,1.1632,112.1,6.753,110.3811,9.6,80.27,,,,,,,,,,,,,,-0.6906,,,,,,,
2017-08-02,5.29,,,5.29,2.240000009536743,2.859999895095825,,2.554142951965332,24.402000427246097,0.9399999976158142,48.630001068115234,113.12720489501952,13.485517501831056,7.74423360824585,4.708171367645264,286.82049560546875,,2.811000108718872,52.36000061035156,49.59000015258789,1271.800048828125,2477.570068359375,3459.320068359375,70.99923706054688,7.9445343017578125,,,52.09,49.6,0.754,2.27,1.36,1.19,0.91,,,1.1861,110.43,6.72,109.7503,10.28,57.38,105.5,109.4,1.04453174515063,85.4,4.0,59.0,6.13086956521739,6485.625,2030.011363636364,10889.97727272727,20.40652173913043,169.3,130.6,,140.6259306511348,99.6925,100.8011,146919.0,252.46,100.118,
2017-08-09,5.26,,,5.26,2.140000104904175,2.890000104904175,,2.782723903656006,27.26549911499023,0.9300000071525574,47.43000030517578,115.00017547607422,14.348135948181152,7.764098167419434,4.766674995422363,294.4552307128906,,2.882999897003174,52.70000076293945,49.560001373291016,1273.0,2474.02001953125,3468.449951171875,70.82723999023438,7.997439384460449,,,52.16,49.59,0.76,2.24,1.33,1.18,0.91,,,1.1748,110.04,6.672,110.3671,11.11,62.08,,,,,,,,,,,,,,-0.6252,,,,,,,
2017-08-16,5.62,,,5.62,2.0799999237060547,2.819999933242798,,2.59389591217041,27.88800048828125,0.8199999928474426,49.06999969482422,116.5921859741211,15.229591369628906,7.991118907928467,4.854431629180908,301.90142822265625,,2.890000104904175,50.27000045776367,46.779998779296875,1276.9000244140625,2468.110107421875,3484.570068359375,70.54344940185547,8.041525840759277,,,50.39,46.8,0.748,2.23,1.33,1.21,0.9,,,1.1703,110.8,6.69,110.4394,11.74,47.71,,,,,,,,,,,,,,-0.464,,,,,,,
2017-08-23,5.75,,,5.75,2.130000114440918,2.7899999618530273,,2.534266948699951,38.346099853515625,0.8600000143051147,46.47999954223633,106.1972198486328,15.689156532287598,8.124492645263672,4.834234237670898,308.97064208984375,,2.927999973297119,52.56999969482422,48.40999984741211,1288.9000244140625,2444.0400390625,3438.6298828125,70.13066101074219,7.953353404998779,,,52.31,48.45,0.769,2.17,1.32,1.17,0.85,,,1.1802,109.14,6.6569,109.8095,12.25,69.07,,,,,,,,,,,,,,-0.4419,,,,,,,
2017-08-30,6.02,,,6.02,2.130000114440918,2.880000114440918,,2.464698076248169,31.498600006103516,0.949999988079071,48.09000015258789,105.16709899902344,15.651485443115234,7.9258503913879395,4.770157814025879,310.1017150878906,,2.938999891281128,50.86000061035156,45.959999084472656,1308.0999755859375,2457.590087890625,3403.7099609375,70.25965118408203,8.032708168029785,,,51.91,45.96,0.795,2.15,1.33,1.12,0.82,,,1.1927,110.2,6.5918,109.4052,11.22,42.02,,,,,,,,,,,,,,-0.4648,,,,,,,
2017-09-06,6.04,,,6.04,2.140000104904175,3.2799999713897705,,2.444822072982788,42.20560073852539,1.1100000143051147,47.349998474121094,105.82263946533205,15.519644737243652,8.1784086227417,4.770853519439697,308.59356689453125,,3.0,54.20000076293945,49.15999984741211,1333.9000244140625,2465.5400390625,3433.800048828125,70.70685577392578,8.059162139892578,,,54.48,49.13,0.83,2.1,1.3,1.03,0.8,,,1.1943,108.75,6.5221,108.4897,11.63,198.18,105.8,109.8,1.11592108421413,104.5,1.0,9.0,7.08428571428571,6577.166666666667,2096.488095238095,11215.78571428571,20.42857142857143,187.2,134.9,-0.5128,157.6540748050436,99.7954,100.3878,147008.0,252.941,100.24,
2017-09-13,6.95,,,6.95,2.3499999046325684,4.71999979019165,,2.484575033187866,51.79209899902344,1.2899999618530271,46.83000183105469,104.7925033569336,15.553547859191896,8.291919708251953,4.78478479385376,312.7408447265625,,3.058000087738037,55.15999984741211,49.29999923706055,1323.4000244140625,2498.3701171875,3523.139892578125,71.69581604003906,8.050345420837402,,,55.52,49.3,0.876,2.2,1.35,1.16,0.85,,,1.1898,110.58,6.54,108.6628,10.5,71.31,,,,,,,,,,,,,,-0.4281,,,,,,,
2017-09-20,6.95,,,6.95,2.740000009536743,4.860000133514404,,2.464698076248169,55.776100158691406,1.5199999809265137,48.849998474121094,105.07344818115234,15.696690559387209,8.1954345703125,4.6754374504089355,322.6377258300781,,3.0940001010894775,56.290000915527344,50.40999984741211,1312.0,2508.239990234375,3525.550048828125,72.15159606933594,8.094433784484863,,,57.2,50.29,0.91,2.28,1.45,1.24,0.83,,,1.1998,111.5,6.57,108.4329,9.78,52.37,,,,,,,,,,,,,,-0.6743,,,,,,,
2017-09-27,6.71,,,6.71,2.6500000953674316,4.860000133514404,,2.83241605758667,45.31809997558594,1.4500000476837158,47.04999923706055,103.94966888427734,14.61558723449707,8.087602615356445,4.596736431121826,337.90716552734375,,2.9739999771118164,57.900001525878906,52.13999938964844,1283.4000244140625,2507.0400390625,3555.169921875,72.11720275878906,7.9445343017578125,,,58.74,52.14,0.963,2.31,1.47,1.24,0.84,,,1.1747,112.76,6.64,110.0722,9.87,63.54,,,,,,,,,,,,,,-0.7152,,,,,,,
2017-10-04,7.0,,,7.0,2.7699999809265137,4.739999771118164,,2.5891880989074707,44.57109832763672,1.5199999809265137,47.650001525878906,105.82263946533205,14.596753120422363,8.087602615356445,4.355058193206787,344.31658935546875,,2.940000057220459,55.79999923706055,49.97999954223633,1273.699951171875,2537.739990234375,3594.909912109375,72.7879638671875,8.023893356323242,,,56.0,50.0,0.914,2.33,1.47,1.25,0.86,,,1.176,112.84,6.6533,110.2425,9.63,48.06,105.2,109.1,1.14940415647413,107.2,1.0,117.0,8.79272727272727,6807.602272727273,2131.488636363636,11335.77272727273,20.23409090909091,175.4,142.4,,144.50923773473738,101.0247,101.938,147149.0,253.638,100.486,2430193419541.3
2017-10-11,7.4,,,7.4,2.7899999618530273,5.25,,2.708688974380493,44.57109832763672,1.399999976158142,47.20000076293945,107.69559478759766,15.433008193969728,8.396611213684082,4.693545818328857,365.712646484375,,2.888999938964844,56.939998626708984,51.29999923706055,1285.800048828125,2555.239990234375,3607.389892578125,73.35557556152344,8.085614204406738,,,56.13,51.3,0.96,2.35,1.51,1.25,0.84,,,1.1847,112.35,6.587,110.3037,9.85,60.44,,,,,,,,,,,,,,-0.7101,,,,,,,
2017-10-18,7.45,,,7.45,2.549999952316284,5.059999942779541,,2.8082730770111084,49.80009841918945,1.2599999904632568,46.939998626708984,102.17034912109376,16.02817726135254,8.2802734375,4.642703533172607,353.08233642578125,,2.8540000915527344,58.150001525878906,52.040000915527344,1279.9000244140625,2561.260009765625,3619.64990234375,73.5877456665039,8.14733600616455,,,58.05,52.05,0.914,2.34,1.59,1.25,0.75,,,1.1775,112.94,6.625,110.7214,10.07,100.11,,,,,,,,,,,,,,-0.6733,,,,,,,
2017-10-25,7.34,,,7.34,2.6700000762939453,4.760000228881836,,2.848107099533081,42.330101013183594,1.2699999809265137,47.38999938964844,101.2338638305664,15.534713745117188,8.283183097839355,4.5814127922058105,343.93951416015625,18.11000061035156,2.9189999103546143,58.439998626708984,52.18000030517578,1275.4000244140625,2557.14990234375,3591.4599609375,73.28675842285156,8.07679557800293,,,58.45,51.97,0.918,2.44,1.61,1.32,0.83,,,1.1802,113.7,6.635,111.3904,11.23,60.11,,,,,,,,,,,,,,-0.7413,,,,,,,
2017-11-01,7.11,,,7.11,2.819999933242798,5.070000171661377,,2.638979911804199,40.83610153198242,1.399999976158142,57.209999084472656,107.22735595703124,16.630882263183594,8.43733024597168,4.815429210662842,339.8865661621094,18.549999237060547,2.8929998874664307,61.290000915527344,54.29999923706055,1274.0999755859375,2579.360107421875,3697.39990234375,73.86294555664062,8.200240135192871,,,60.98,54.32,0.965,2.37,1.61,1.19,0.76,,,1.1618,114.04,6.6018,111.7942,10.2,66.7,104.7,108.6,0.948731630672955,108.4,1.0,2.0,9.57142857142857,6826.545454545455,2097.440909090909,11972.0,22.34545454545455,185.8,159.0,,159.90805790363834,101.2664,100.6758,147372.0,253.492,100.535,
2017-11-08,7.51,,,7.51,2.5799999237060547,5.25,,2.708688974380493,42.330101013183594,1.75,61.790000915527344,98.79900360107422,17.433231353759766,8.600201606750488,4.69842004776001,327.7275695800781,19.3799991607666,3.174999952316284,63.4900016784668,56.810001373291016,1281.5999755859375,2594.3798828125,3655.0400390625,74.3703384399414,8.182607650756836,,,63.96,56.82,0.95,2.32,1.65,1.09,0.67,,,1.1591,113.62,6.6249,111.6935,9.78,67.48,,,,,,,,,,,,,,-0.7078,,,,,,,
2017-11-15,7.26,,,7.26,2.25,4.610000133514404,,2.7286059856414795,40.33810043334961,2.609999895095825,60.599998474121094,78.0465316772461,15.561079978942873,8.428604125976562,4.552858352661133,319.62152099609375,19.01499938964844,3.0799999237060547,61.869998931884766,55.33000183105469,1276.5,2564.6201171875,3545.719970703125,73.32115173339844,7.918082237243652,,,61.25,55.28,0.989,2.33,1.68,1.08,0.65,,,1.1794,113.15,6.62,111.4809,13.13,58.1,,,,,,,,,,,,,,-0.6792,,,,,,,
2017-11-22,7.36,,,7.36,2.390000104904175,4.699999809265137,,2.778398036956787,37.599098205566406,2.809999942779541,60.5099983215332,72.24032592773438,14.94330596923828,8.387886047363281,4.4992289543151855,322.4491882324219,19.700000762939453,2.9679999351501465,63.31999969482422,58.02000045776367,1291.5999755859375,2597.080078125,3562.64990234375,74.37892150878906,7.9445343017578125,,,62.92,57.88,1.0,2.32,1.74,1.03,0.58,,,1.1789,111.62,6.6086,110.5632,9.88,52.93,,,,,,,,,,,,,,-0.6753,,,,,,,
2017-11-29,7.59,,,7.59,2.2899999618530273,4.75,,3.1269431114196777,34.11309814453125,2.869999885559082,60.02000045776367,73.40156555175781,14.788861274719238,8.608925819396973,4.648971080780029,335.26800537109375,20.350000381469727,3.178999900817871,63.11000061035156,57.29999923706055,1282.0999755859375,2626.070068359375,3589.909912109375,74.89488983154297,7.882812976837158,,,63.74,57.25,0.988,2.37,1.78,1.08,0.59,,,1.1858,111.75,6.6091,110.3265,10.7,103.98,,,,,,,,,,,,,,-0.8304,,,,,,,
2017-12-06,7.24,,,7.24,2.3399999141693115,4.690000057220459,,3.336069107055664,37.72359848022461,2.700000047683716,63.2400016784668,69.59945678710938,14.73989486694336,8.66127872467041,4.6733479499816895,328.858642578125,21.165000915527344,2.921999931335449,61.220001220703125,55.959999084472656,1262.800048828125,2629.27001953125,3561.570068359375,74.79170989990234,7.6711931228637695,,,62.25,55.79,0.977,2.33,1.78,1.03,0.55,,,1.1788,112.32,6.6136,110.8711,11.02,57.79,105.4,109.4,0.87902629874751,97.8,2.0,68.0,10.7090476190476,6833.894736842105,2080.473684210526,11495.10526315789,24.69047619047619,179.4,162.8,-0.7854,148.16699621114816,101.4644,99.4968,147523.0,253.558,100.683,
2017-12-13,7.37,,,7.37,2.390000104904175,4.659999847412109,,3.704530954360962,36.85210037231445,2.6600000858306885,68.4800033569336,74.2444076538086,13.613590240478516,8.55075740814209,4.616236209869385,324.8056640625,20.674999237060547,2.7149999141693115,62.439998626708984,56.599998474121094,1245.4000244140625,2662.85009765625,3581.75,75.677490234375,7.918082237243652,,,63.66,56.59,0.916,2.36,1.79,1.06,0.57,,,1.1762,113.19,6.6171,111.2759,10.18,52.01,,,,,,,,,,,,,,-0.7149,,,,,,,
2017-12-20,7.07,,,7.07,2.4100000858306885,4.730000019073486,,3.336069107055664,37.350101470947266,2.5199999809265137,68.69000244140625,81.56771850585938,12.79240608215332,8.431513786315918,4.582805633544922,324.8998718261719,20.295000076293945,2.63700008392334,64.55999755859375,58.09000015258789,1266.0999755859375,2679.25,3552.64990234375,76.10945892333984,8.032708168029785,,,64.43,58.09,0.96,2.49,1.87,1.11,0.62,,,1.1881,113.29,6.5771,110.8361,9.72,57.2,,,,,,,,,,,,,,-0.6518,,,,,,,
2017-12-27,,,,,2.4100000858306885,4.519999980926514,,3.3759028911590576,37.72359848022461,2.450000047683716,68.83999633789062,82.31690216064453,12.807475090026855,8.431513786315918,4.535446643829346,324.2400817871094,19.190000534057617,2.73799991607666,66.44000244140625,59.63999938964844,1287.0,2682.6201171875,3550.169921875,76.49139404296875,8.218812942504883,,,66.03,59.67,0.983,2.42,1.89,0.98,0.53,,,1.1902,113.28,6.556,110.8553,10.47,58.44,,,,,,,,,,,,,,-0.6131,,,,,,,
2018-01-03,,,,,2.4200000762939453,4.360000133514404,,3.3002190589904785,41.33409881591797,2.5799999237060547,69.80000305175781,81.21185302734375,13.154027938842772,8.31226634979248,4.486691951751709,314.6259765625,19.325000762939453,3.007999897003174,67.83999633789062,61.630001068115234,1316.199951171875,2713.06005859375,3509.8798828125,77.52436065673828,8.405807495117188,,,67.85,61.61,0.979,2.44,1.94,1.03,0.5,,,1.203,112.28,6.501,109.6751,9.15,52.45,105.0,108.9,1.03092972825132,97.6,5.0,2082.0,11.6695652173913,7065.852272727273,2209.727272727273,12864.875,23.3695652173913,184.6,179.1,,177.71403301677506,101.4625,98.2488,147660.0,254.638,101.007,2429889564813.1
2018-01-10,7.68,,,7.68,2.3399999141693115,4.210000038146973,,3.2066099643707275,38.29629898071289,2.259999990463257,69.63999938964844,79.3388900756836,13.334839820861816,8.521673202514648,4.549375057220459,326.12518310546875,19.325000762939453,2.9059998989105225,69.19999694824219,63.56999969482422,1317.4000244140625,2748.22998046875,3609.830078125,78.29690551757812,8.459235191345215,,,69.79,63.6,0.888,2.55,1.98,1.13,0.57,,,1.1958,111.48,6.5055,109.628,9.82,89.18,,,,,,,,,,,,,,-0.6306,,,,,,,
2018-01-17,7.99,,,7.99,2.309999942779541,4.019999980926514,,3.2384769916534424,34.86009979248047,2.0999999046325684,72.0,82.11087036132812,13.236897468566896,8.463504791259766,4.772858619689941,333.1943359375,18.440000534057617,3.2320001125335693,69.37999725341797,63.970001220703125,1338.0,2802.56005859375,3612.780029296875,79.89411163330078,8.619514465332031,,,69.19,63.92,0.936,2.57,2.05,1.13,0.52,,,1.2229,110.81,6.433,108.1526,11.91,61.83,,,,,,,,,,,,,,-0.7108,,,,,,,
2018-01-24,8.88,,,8.88,2.2100000381469727,3.7899999618530273,,3.2384769916534424,35.109100341796875,2.0199999809265137,68.9800033569336,79.35760498046875,12.83007526397705,8.245373725891113,4.807020664215088,330.2724304199219,17.790000915527344,3.509000062942505,70.52999877929688,65.61000061035156,1355.9000244140625,2837.5400390625,3643.219970703125,81.08331298828125,8.51266098022461,,,69.91,65.69,0.86,2.65,2.08,1.22,0.57,,,1.239,109.15,6.365,107.0802,11.47,93.27,,,,,,,,,,,,,,-0.6518,,,,,,,
2018-01-31,8.78,,,8.78,1.9299999475479128,3.7100000381469727,,3.039309024810791,36.70270156860352,2.200000047683716,67.16999816894531,76.60435485839844,12.144498825073242,8.131945610046387,4.667523384094238,343.09124755859375,17.8799991607666,2.994999885559082,69.05000305175781,64.7300033569336,1339.0,2823.81005859375,3609.2900390625,80.44964599609375,8.521563529968262,,,67.78,64.82,0.869,2.72,2.14,1.26,0.58,,,1.2428,109.31,6.2841,106.7696,13.54,71.84,,,,,,,,,,,,,,-0.6629,,,,,,,
2018-02-07,8.84,,,8.84,1.9800000190734863,3.240000009536743,,2.7943310737609863,33.56529998779297,2.5299999713897705,62.939998626708984,79.09539031982422,11.718838691711426,7.663689613342285,4.411299228668213,325.9366455078125,18.155000686645508,2.7019999027252197,65.51000213623047,61.790000915527344,1311.5999755859375,2681.659912109375,3454.52001953125,76.3004150390625,8.058533668518066,,,65.74,61.91,0.755,2.84,2.15,1.29,0.69,,,1.2281,109.53,6.2649,107.7175,27.73,58.29,,,,,,,,,,,,,,-0.5074,,,,,,,
2018-02-14,9.88,,,9.88,1.7799999713897705,3.4200000762939453,,2.917815923690796,31.921899795532227,2.6700000762939453,65.23999786376953,80.5375747680664,12.193469047546388,7.33794641494751,4.297422885894775,343.09124755859375,18.075000762939453,2.586999893188477,64.36000061035156,60.599998474121094,1355.5,2698.6298828125,3369.830078125,76.97750091552734,8.23662281036377,,,62.29,60.7,0.843,2.91,2.17,1.33,0.74,,,1.2396,107.0,6.3438,107.4691,19.26,107.01,,,,,,,,,,,,,,0.096,,,,,,,
2018-02-21,9.7,,,9.7,1.9900000095367432,3.430000066757202,,3.1966519355773926,36.35409927368164,2.630000114440918,66.69999694824219,83.00989532470703,12.129430770874023,7.38739013671875,4.197780609130859,353.4593811035156,19.780000686645508,2.6589999198913574,65.41999816894531,61.68000030517578,1330.0,2701.330078125,3430.159912109375,76.77783966064453,8.459235191345215,,,64.81,61.73,0.835,2.94,2.26,1.3,0.68,,,1.2314,107.64,6.3351,107.8679,20.02,95.81,,,,,,,,,,,,,,-0.2652,,,,,,,
2018-02-28,9.99,,,9.99,1.8600000143051147,3.740000009536743,,3.1169838905334473,34.362098693847656,3.319999933242798,62.849998474121094,83.0848159790039,12.3629789352417,7.489184379577637,4.324469089508057,359.02044677734375,17.350000381469727,2.6670000553131104,65.77999877929688,61.63999938964844,1315.5,2713.830078125,3438.9599609375,76.94278717041016,8.33457088470459,,,66.08,61.43,0.81,2.87,2.25,1.22,0.62,,,1.2211,106.62,6.328,108.3903,19.85,46.68,,,,,,,,,,,,,,-0.3445,,,,,,,
2018-03-07,10.28,,,10.28,1.830000042915344,2.9800000190734863,,2.997483015060425,31.62310028076172,3.9200000762939458,67.94999694824219,81.64262390136719,13.236897468566896,7.355396747589111,4.26183557510376,355.62725830078125,17.829999923706055,2.7769999504089355,64.33999633789062,61.150001525878906,1326.0,2726.800048828125,3377.360107421875,77.19450378417969,8.441422462463379,,,65.09,61.09,0.735,2.89,2.25,1.21,0.64,,,1.2397,105.94,6.3225,108.0911,17.76,87.33,,,,,,,,,,,,,,-0.0757,,,,,,,
2018-03-14,11.25,,,11.25,1.940000057220459,3.190000057220459,,3.1767349243164062,32.1708984375,4.25,69.5199966430664,82.39183044433594,15.00734519958496,7.742217063903809,4.273224830627441,368.7703552246094,18.614999771118164,2.7309999465942383,64.88999938964844,60.959999084472656,1324.4000244140625,2749.47998046875,3390.97998046875,77.77607727050781,8.539374351501465,,,63.61,60.89,0.796,2.81,2.26,1.05,0.55,,,1.2362,106.17,6.314,107.8623,17.23,79.61,,,,,,,,,,,,,,-0.1001,,,,,,,
2018-03-21,11.17,,,11.17,1.9600000381469729,3.450000047683716,,3.0612170696258545,30.378000259399418,4.710000038146973,73.87000274658203,83.34703063964844,14.988513946533203,7.890546321868896,4.199204921722412,368.5793762207031,19.38999938964844,2.638000011444092,69.47000122070312,65.16999816894531,1320.699951171875,2711.929931640625,3401.0400390625,76.89938354492188,8.628417015075684,,,68.15,65.1,0.818,2.89,2.31,1.15,0.58,,,1.2268,106.3,6.32,108.4953,17.86,55.83,,,,,,,,,,,,,,-0.029,,,,,,,
2018-03-28,14.05,,,14.05,1.909999966621399,3.5,,2.973582983016968,30.67690086364746,4.590000152587891,69.31999969482422,80.50011444091797,15.203225135803224,7.878913402557373,4.301694393157959,374.30859375,18.3700008392334,2.697999954223633,69.52999877929688,64.37999725341797,1324.199951171875,2605.0,3331.25,74.61644744873047,8.441422462463379,,,68.13,64.3,0.81,2.77,2.28,1.04,0.49,,,1.2351,106.3,6.2946,107.5733,22.87,26.48,,,,,,,,,,,,,,0.2511,,,,,,,
2018-04-04,12.9,,,12.9,1.830000042915344,3.3499999046325684,,2.778398036956787,29.8799991607666,4.420000076293945,70.19000244140625,80.793701171875,15.0525484085083,8.024334907531738,4.220555305480957,374.2130737304687,18.184999465942383,2.7179999351501465,68.0199966430664,63.369998931884766,1335.800048828125,2644.68994140625,3340.35009765625,75.31954956054688,8.628417015075684,,,66.04,63.35,0.768,2.79,2.28,1.08,0.51,,,1.2292,106.56,6.3045,107.6361,20.06,52.9,106.7,110.8,1.12553181283971,98.9,5.0,152569.0,7.47523809523809,6851.5125,2254.6875,13938.1,20.8452380952381,202.9,185.3,,165.0225491320811,103.3329,102.1783,148420.0,257.025,101.602,2443069273874.0
2018-04-11,13.55,,,13.55,1.8600000143051147,3.4800000190734863,,2.8321731090545654,32.3203010559082,3.9600000381469727,71.25,80.20073699951172,15.150487899780272,8.027243614196777,4.365748882293701,367.8154602050781,19.2549991607666,2.674999952316284,72.05999755859375,66.81999969482422,1356.5,2642.18994140625,3419.7099609375,75.92718505859375,8.708559036254883,,,72.74,66.81,0.795,2.79,2.32,1.06,0.47,,,1.2384,106.78,6.2655,107.1224,20.24,79.88,,,,,,,,,,,,,,0.332,,,,,,,
2018-04-18,13.82,,,13.82,1.950000047683716,3.680000066757202,,2.758481025695801,33.4656982421875,4.25,77.58000183105469,78.42190551757812,16.340831756591797,8.143580436706543,4.482471942901611,368.7703552246094,19.309999465942383,2.739000082015991,73.4800033569336,68.47000122070312,1351.199951171875,2708.639892578125,3490.889892578125,77.59381103515625,8.761985778808594,,,73.73,68.44,0.833,2.87,2.42,1.06,0.45,,,1.238,107.26,6.2722,107.1096,15.6,71.44,,,,,,,,,,,,,,0.132,,,,,,,
2018-04-25,13.09,,,13.09,1.840000033378601,3.3399999141693115,,2.660888910293579,33.66490173339844,4.389999866485596,73.58000183105469,77.8289566040039,15.911405563354492,8.248282432556152,4.493860244750977,372.3988342285156,19.8799991607666,2.7860000133514404,74.0,68.05000305175781,1321.199951171875,2639.39990234375,3485.830078125,75.82298278808594,8.557181358337402,,,73.79,68.0,0.875,3.03,2.49,1.18,0.54,,,1.2178,109.33,6.3236,109.3447,17.84,108.69,,,,,,,,,,,,,,-0.0698,,,,,,,
2018-05-02,13.35,,,13.35,1.8700000047683716,3.1700000762939453,,2.810265064239502,31.573299407958984,4.630000114440918,68.0199966430664,78.53666687011719,16.270475387573242,8.466413497924805,4.644745826721191,389.6819763183594,19.864999771118164,2.753999948501587,73.36000061035156,67.93000030517578,1302.5999755859375,2635.669921875,3553.7900390625,75.80565643310547,8.735271453857422,,,73.14,67.91,0.898,2.97,2.49,1.13,0.48,,,1.1968,109.89,6.361,110.1625,15.97,95.92,104.8,108.7,1.23621542510378,100.6,1.0,10.0,8.61260869565217,6825.27380952381,2299.666666666667,14366.4880952381,21.97826086956522,220.6,198.1,,171.49932503519423,102.4024,101.087,148742.0,257.469,101.78,
2018-05-09,13.92,,,13.92,2.0,3.059999942779541,,2.848107099533081,31.872100830078125,4.679999828338623,69.43000030517578,84.17921447753906,16.185394287109375,8.492588996887207,4.653288841247559,382.7114562988281,20.844999313354492,2.736999988555908,77.20999908447266,71.13999938964844,1311.300048828125,2697.7900390625,3569.739990234375,77.19450378417969,8.753080368041992,,,77.6,71.16,0.875,3.0,2.54,1.12,0.46,,,1.1852,109.68,6.3585,110.8818,13.42,62.2,,,,,,,,,,,,,,0.001,,,,,,,
2018-05-16,14.7,,,14.7,2.109999895095825,3.1500000953674316,,2.979557991027832,36.403900146484375,5.599999904632568,72.7699966430664,83.73929595947266,16.181344985961914,8.289000511169434,4.6319355964660645,388.631591796875,21.670000076293945,2.815000057220459,79.27999877929688,71.48999786376953,1290.199951171875,2722.4599609375,3562.85009765625,77.83686065673828,8.88664722442627,,,78.19,71.43,0.96,3.09,2.58,1.17,0.51,,,1.1788,110.22,6.3706,111.3068,13.42,50.06,,,,,,,,,,,,,,-0.2425,,,,,,,
2018-05-23,15.74,,,15.74,2.140000104904175,3.0799999237060547,,2.9217989444732666,35.30830001831055,5.650000095367432,68.41999816894531,84.58089447021484,16.080059051513672,8.510469436645508,4.616277694702148,391.78265380859375,22.71500015258789,2.9140000343322754,79.80000305175781,71.83999633789062,1289.300048828125,2733.2900390625,3541.820068359375,77.74136352539062,8.88664722442627,,,78.69,71.85,0.943,3.01,2.53,1.09,0.48,,,1.1693,110.05,6.3875,111.6933,12.58,171.23,,,,,,,,,,,,,,-0.3024,,,,,,,
2018-05-30,16.25,,,16.25,1.950000047683716,3.0299999713897705,,2.8839569091796875,34.61109924316406,6.230000019073486,69.04000091552734,78.70881652832031,16.043594360351562,8.176724433898926,4.394218444824219,365.8102722167969,22.98500061035156,2.884999990463257,77.5,68.20999908447266,1301.5,2724.010009765625,3441.18994140625,77.24661254882812,8.681845664978027,,,75.89,68.24,0.93,2.84,2.42,0.9,0.42,,,1.1664,109.04,6.4175,111.6731,14.94,135.21,,,,,,,,,,,,,,-0.2358,,,,,,,
2018-06-06,15.7,,,15.7,1.8600000143051147,2.950000047683716,,3.0671920776367188,34.21269989013672,5.300000190734863,55.529998779296875,79.64604949951172,15.512861251831056,8.039651870727539,4.5280232429504395,359.9855651855469,21.31999969482422,2.8959999084472656,75.36000061035156,64.7300033569336,1297.0999755859375,2772.35009765625,3460.820068359375,78.51392364501953,8.272237777709961,,,73.23,64.75,0.864,2.97,2.52,1.02,0.45,,,1.1778,110.0,6.385,111.7525,11.64,37.98,105.2,109.1,1.28733057157399,103.2,6.0,295500.0,10.437619047619,6965.857142857143,2237.619047619048,15105.65476190476,23.07142857142857,222.3,188.5,0.0566,164.91752705189032,103.198,103.5709,148960.0,257.697,101.872,
2018-06-13,15.08,,,15.08,2.009999990463257,3.130000114440918,,2.9954910278320312,32.71870040893555,5.980000019073486,52.689998626708984,78.65142059326172,15.743791580200195,8.084349632263184,4.62908935546875,350.8188171386719,22.3799991607666,2.9630000591278076,76.73999786376953,66.63999938964844,1296.9000244140625,2775.6298828125,3479.56005859375,78.51392364501953,8.201004028320312,,,75.07,66.63,0.883,2.98,2.59,1.04,0.39,,,1.1784,110.41,6.3944,112.2577,12.94,137.07,,,,,,,,,,,,,,-0.3954,,,,,,,
2018-06-20,14.21,,,14.21,2.009999990463257,2.9100000858306885,,2.9676079750061035,31.47369956970215,6.159999847412109,51.66999816894531,78.42190551757812,15.946364402770996,7.896618843078613,4.6860270500183105,360.3674926757813,21.5,2.9639999866485596,74.73999786376953,66.22000122070312,1271.199951171875,2767.320068359375,3439.60009765625,77.8189468383789,8.0704345703125,,,74.25,65.92,0.853,2.93,2.56,0.99,0.37,,,1.1592,110.14,6.4713,113.4784,12.79,222.05,,,,,,,,,,,,,,-0.3454,,,,,,,
2018-06-27,14.86,,,14.86,1.9700000286102295,2.6500000953674316,,2.8839569091796875,30.52739906311035,6.809999942779541,50.97999954223633,75.28502655029297,15.64655590057373,7.908538818359375,4.772858619689941,366.6696166992187,22.03499984741211,2.996000051498413,77.62000274658203,72.76000213623047,1252.800048828125,2699.6298828125,3397.1298828125,76.150146484375,7.81766939163208,,,76.09,77.41,0.9,2.83,2.52,0.9,0.31,,,1.1588,110.34,6.5992,113.8971,17.91,39.58,,,,,,,,,,,,,,-0.2783,,,,,,,
2018-07-04,15.35,,,15.35,2.009999990463257,2.8399999141693115,,3.0789570808410645,30.178800582885746,7.03000020980835,52.36000061035156,75.13199615478516,16.951114654541016,7.9860148429870605,4.8938517570495605,376.21832275390625,22.260000228881836,2.869999885559082,77.76000213623047,74.13999938964844,1251.5999755859375,2713.219970703125,3412.030029296875,76.3697280883789,7.916969299316406,,,76.99,74.19,0.95,2.83,2.53,0.85,0.3,,,1.1653,110.54,6.6368,113.3222,16.14,87.2,105.2,109.1,1.19588314685909,101.5,4.0,297.0,9.97227272727273,6250.75,2082.238636363636,13793.86363636364,23.41590909090909,219.6,204.0,,227.49118600017695,103.3646,100.1232,149020.0,257.867,102.006,2443758896828.4
2018-07-11,16.15,,,16.15,2.059999942779541,2.819999933242798,,3.3503360748291016,32.37009811401367,7.039999961853027,54.720001220703125,74.30953216552734,17.47779655456543,7.991973876953125,4.876007080078125,392.9285278320313,22.579999923706055,2.8289999961853027,73.4000015258789,70.37999725341797,1242.800048828125,2774.02001953125,3422.35009765625,77.63449096679688,7.998215198516846,,,75.35,70.47,0.943,2.85,2.58,0.88,0.27,,,1.1722,111.52,6.6764,112.8582,13.63,40.76,,,,,,,,,,,,,,-0.1951,,,,,,,
2018-07-18,16.01,,,16.01,1.9900000095367432,2.9600000381469727,,3.192697048187256,32.56930160522461,6.690000057220459,54.0,76.47091674804688,17.745189666748047,8.012833595275879,4.905256748199463,393.8833923339844,22.13999938964844,2.7209999561309814,72.9000015258789,68.76000213623047,1226.300048828125,2815.6201171875,3485.080078125,78.80266571044922,8.034323692321777,,,70.52,68.78,0.888,2.88,2.6,0.88,0.28,,,1.1645,112.82,6.7161,113.3348,12.1,75.12,,,,,,,,,,,,,,-0.4243,,,,,,,
2018-07-25,17.45,,,17.45,1.9600000381469729,3.049999952316284,25.0,3.302445888519287,31.274499893188477,6.480000019073486,54.040000915527344,78.70881652832031,17.801908493041992,8.048590660095215,4.7897186279296875,376.21832275390625,22.170000076293945,2.7750000953674316,73.93000030517578,69.30000305175781,1231.4000244140625,2846.070068359375,3468.449951171875,79.63707733154297,8.305144309997559,,,73.67,71.13,0.98,2.94,2.66,0.93,0.28,,,1.1677,111.02,6.7658,112.9221,12.29,57.92,,,,,,,,,,,,,,-0.4609,,,,,,,
2018-08-01,17.38,,,17.38,1.9600000381469729,3.049999952316284,23.5,3.192697048187256,31.224700927734375,5.590000152587891,53.380001068115234,78.03936004638672,17.639856338500977,8.069449424743652,4.814581871032715,370.4891052246094,21.93000030517578,2.757999897003174,74.25,67.66000366210938,1217.9000244140625,2813.360107421875,3525.489990234375,78.89928436279297,8.17876148223877,,,72.28,68.8,0.936,3.0,2.67,0.97,0.33,,,1.1666,111.72,6.8154,112.8899,13.15,57.71,104.1,108.0,1.36578839763528,85.9,1.0,225.0,10.5904347826087,6051.045454545455,2051.511363636364,13411.35227272727,26.04782608695652,217.1,189.3,,172.16646480818656,104.0327,103.1231,149277.0,258.012,102.016,
2018-08-08,17.47,,,17.47,2.0199999809265137,3.180000066757202,28.149999618530273,3.362308979034424,29.581199645996097,5.75,54.459999084472656,78.03936004638672,17.05644989013672,7.944295406341553,4.805806636810303,367.8154602050781,22.600000381469727,2.9489998817443848,72.27999877929688,66.94000244140625,1212.5999755859375,2857.699951171875,3493.60009765625,79.74246215820312,8.061407089233398,,,70.71,66.92,0.956,2.96,2.68,0.9,0.28,,,1.1598,110.96,6.8344,113.1411,10.85,56.98,,,,,,,,,,,,,,-0.4506,,,,,,,
2018-08-15,18.03,,,18.03,1.8600000143051147,3.009999990463257,22.90999984741211,3.274509906768799,28.98360061645508,4.889999866485596,50.70000076293945,77.88634490966797,17.153684616088867,7.762524604797363,4.737069129943848,383.9527893066406,23.520000457763672,2.940000057220459,70.76000213623047,65.01000213623047,1177.5,2818.3701171875,3359.080078125,77.87164306640625,7.564903736114502,,,68.38,65.07,0.929,2.86,2.61,0.79,0.25,,,1.1332,110.62,6.933,115.1526,14.64,20.08,,,,,,,,,,,,,,-0.5568,,,,,,,
2018-08-22,18.55,,,18.55,1.950000047683716,3.0799999237060547,27.0,3.4920120239257812,27.88800048828125,4.940000057220459,52.54999923706055,83.16546630859375,17.372459411621094,7.786364078521728,4.744381904602051,386.4354248046875,24.450000762939453,2.9560000896453857,74.77999877929688,67.86000061035156,1196.300048828125,2861.820068359375,3420.179931640625,79.50530242919922,7.871833324432373,,,72.96,67.85,0.984,2.82,2.6,0.73,0.22,,,1.1595,110.54,6.84,113.663,12.25,38.52,,,,,,,,,,,,,,-0.4504,,,,,,,
2018-08-29,20.9,,,20.9,1.9700000286102295,3.4100000858306885,29.149999618530273,3.5917840003967285,26.892000198364254,5.210000038146973,53.06999969482422,85.99632263183594,17.720882415771484,7.765505313873291,4.760468482971191,390.6368713378906,25.8700008392334,2.8949999809265137,77.13999938964844,69.51000213623047,1204.5,2914.0400390625,3456.1298828125,80.80522918701172,7.925995349884033,,,76.07,69.68,1.033,2.89,2.67,0.76,0.22,,,1.1699,111.8,6.819,113.6461,12.25,92.96,,,,,,,,,,,,,,-0.6335,,,,,,,
2018-09-05,20.5,,,20.5,1.909999966621399,3.859999895095825,28.209999084472656,3.637679100036621,28.336200714111328,4.610000133514404,51.2599983215332,81.69268035888672,17.024038314819336,7.357264041900635,4.637618064880371,377.07769775390625,27.020000457763672,2.7950000762939453,77.2699966430664,68.72000122070312,1194.9000244140625,2888.60009765625,3315.6201171875,79.32085418701172,7.709341526031494,,,76.68,68.69,1.055,2.9,2.66,0.76,0.24,,,1.162,111.47,6.827,114.7477,13.91,37.66,105.5,109.5,1.31916154308239,105.0,3.0,8279.0,11.0905,6050.7625,2026.4625,12510.35,27.1075,215.4,195.2,,193.32195627597463,104.1004,102.7594,149358.0,258.429,102.205,
2018-09-12,23.75,,,23.75,1.7699999809265137,3.509999990463257,31.90999984741211,3.472058057785034,28.734600067138672,4.409999847412109,48.900001525878906,81.11885070800781,17.461589813232422,7.419841289520264,4.579118251800537,387.6767578125,27.4950008392334,2.8289999961853027,79.73999786376953,70.37000274658203,1204.699951171875,2888.919921875,3326.60009765625,79.45263671875,7.709341526031494,,,80.02,70.37,1.073,2.97,2.74,0.81,0.23,,,1.1626,111.29,6.8574,114.2192,13.14,40.31,,,,,,,,,,,,,,-0.6041,,,,,,,
2018-09-19,20.75,,,20.75,1.8899999856948853,4.190000057220459,29.25,3.521944046020508,26.49360084533691,4.230000019073486,49.599998474121094,80.31551361083984,17.30763816833496,7.252969741821289,4.646393775939941,396.6524963378906,28.31999969482422,2.9079999923706055,79.4000015258789,71.12000274658203,1202.199951171875,2907.949951171875,3368.56005859375,80.4978256225586,7.781559467315674,,,79.43,71.08,1.058,3.08,2.81,0.92,0.27,,,1.1685,112.21,6.8466,113.6532,11.75,74.06,,,,,,,,,,,,,,-0.7182,,,,,,,
2018-09-26,20.4,,,20.4,1.919999957084656,3.9600000381469727,35.79999923706055,3.543894052505493,26.792400360107425,4.539999961853027,48.54999923706055,81.48226928710938,17.502105712890625,7.393023490905762,4.680030822753906,402.28619384765625,28.260000228881836,3.0209999084472656,81.33999633789062,71.56999969482422,1194.0,2905.969970703125,3433.14990234375,80.87547302246094,7.781559467315674,,,81.87,72.22,1.05,3.06,2.83,0.86,0.23,,,1.1758,112.92,6.8763,113.6739,12.89,37.16,,,,,,,,,,,,,,-0.8176,,,,,,,
2018-10-03,21.45,,,21.45,1.899999976158142,4.25,30.25,4.190414905548096,27.38999938964844,4.929999828338623,48.29999923706055,78.42190551757812,17.121273040771484,7.62545108795166,4.697581768035889,418.3280029296875,27.114999771118164,3.2300000190734863,86.29000091552734,76.41000366210938,1198.300048828125,2925.510009765625,3405.47998046875,80.70860290527344,7.772531986236572,,,85.45,76.4,1.063,3.15,2.85,0.92,0.3,,,1.1525,114.19,6.868,114.1569,11.61,107.49,106.2,110.2,1.55399426482612,107.8,3.0,5901.0,10.035652173913,6219.586956521739,2029.858695652174,12314.91304347826,27.50869565217391,222.2,204.1,,213.5853498685752,103.9856,102.4306,149527.0,259.063,102.366,2459309577206.6
2018-10-10,20.38,,,20.38,1.7400000095367432,3.650000095367432,27.540000915527344,4.413904190063477,26.29439926147461,4.329999923706055,46.36000061035156,75.49542999267578,13.859883308410645,7.471762657165527,4.650781154632568,399.0397033691406,26.219999313354492,3.2839999198913574,83.08999633789062,73.16999816894531,1189.300048828125,2785.679931640625,3266.89990234375,76.97575378417969,7.44754695892334,,,83.82,73.18,1.005,3.22,2.88,0.95,0.34,,,1.1541,112.71,6.9224,114.6072,22.96,58.99,,,,,,,,,,,,,,-0.7903,,,,,,,
2018-10-17,17.9,,,17.9,1.9299999475479128,3.690000057220459,27.31999969482422,4.529638767242432,23.754600524902344,4.920000076293945,47.220001220703125,80.7363052368164,14.22856330871582,7.210939884185791,4.516231060028076,391.30523681640625,25.940000534057617,3.319999933242798,80.05000305175781,69.75,1223.699951171875,2809.2099609375,3243.080078125,77.16020965576172,7.601012706756592,,,79.91,69.63,0.985,3.19,2.89,0.88,0.3,,,1.154,112.21,6.9263,114.1755,17.4,77.94,,,,,,,,,,,,,,-0.4464,,,,,,,
2018-10-24,19.1,,,19.1,1.8600000143051147,3.380000114440918,23.920000076293945,4.4198899269104,23.25659942626953,4.260000228881836,42.43000030517578,79.1296157836914,14.3055419921875,7.10968017578125,4.6186065673828125,399.0397033691406,25.260000228881836,3.1659998893737793,76.16999816894531,66.81999969482422,1227.800048828125,2656.10009765625,3130.330078125,73.14629364013672,7.239919185638428,,,77.34,66.56,0.854,3.1,2.84,0.76,0.26,,,1.1389,112.58,6.942,115.3755,25.23,73.6,,,,,,,,,,,,,,-0.5089,,,,,,,
2018-10-31,16.87,,,16.87,1.850000023841858,3.7200000286102295,23.75,4.310141086578369,25.39800071716309,4.539999961853027,41.79999923706055,79.01485443115234,13.9530668258667,7.226282596588135,4.57473087310791,399.6126403808594,24.334999084472656,3.260999917984009,75.47000122070312,65.30999755859375,1212.300048828125,2711.739990234375,3197.510009765625,74.87657928466797,7.321166515350342,,,74.84,65.31,0.853,3.15,2.87,0.81,0.28,,,1.1332,112.86,6.9737,116.5281,21.23,79.07,,,,,,,,,,,,,,-0.2143,,,,,,,
2018-11-07,18.25,,,18.25,1.9299999475479128,2.9200000762939453,18.010000228881836,4.541611194610596,30.67690086364746,5.639999866485596,44.16999816894531,88.29158020019531,14.917304039001465,7.637460231781006,4.732681751251221,422.4339599609375,24.420000076293945,3.555000066757202,72.06999969482422,61.66999816894531,1226.199951171875,2813.889892578125,3246.159912109375,77.41492462158203,7.935024261474609,,,70.1,61.69,0.77,3.22,2.96,0.85,0.26,,,1.1459,113.32,6.9174,115.2519,16.36,61.17,,,,,,,,,,,,,,-0.2278,,,,,,,
2018-11-14,19.76,,,19.76,1.7999999523162842,2.890000104904175,17.290000915527344,4.467780113220215,27.88800048828125,5.400000095367432,42.540000915527344,90.98853302001952,15.204952239990234,7.671214103698731,4.899406909942627,438.2848205566406,26.280000686645508,4.836999893188477,66.12000274658203,56.25,1207.9000244140625,2701.580078125,3205.360107421875,74.66578674316406,7.763506412506104,,,64.88,56.16,0.733,3.12,2.86,0.74,0.26,,,1.1312,113.7,6.95,116.498,21.25,53.94,,,,,,,,,,,,,,-0.4738,,,,,,,
2018-11-21,20.1,,,20.1,1.7999999523162842,2.8499999046325684,14.670000076293944,4.270232200622559,27.38999938964844,5.079999923706055,42.599998474121094,89.49659729003906,15.593892097473145,7.560746669769287,4.840907573699951,416.8002624511719,24.5,4.451000213623047,63.47999954223633,54.630001068115234,1225.800048828125,2649.929931640625,3153.909912109375,73.7347640991211,7.80864143371582,,,61.65,54.41,0.729,3.06,2.81,0.65,0.25,,,1.1393,113.06,6.9248,116.092,20.8,46.86,,,,,,,,,,,,,,-0.0274,,,,,,,
2018-11-28,19.77,,,19.77,1.7799999713897705,2.9700000286102295,15.449999809265137,4.529638767242432,25.895999908447266,5.570000171661377,45.400001525878906,94.18279266357422,15.597939491271973,7.711102962493896,4.896481513977051,418.9964294433594,24.299999237060547,4.715000152587891,58.7599983215332,50.290000915527344,1221.4000244140625,2743.7900390625,3168.2900390625,75.7988052368164,8.151680946350098,,,57.97,50.06,0.683,3.06,2.81,0.66,0.25,,,1.1286,113.96,6.9534,116.8343,18.49,100.92,,,,,,,,,,,,,,0.0517,,,,,,,
2018-12-05,20.21,,,20.21,1.690000057220459,2.9700000286102295,15.390000343322754,4.509684085845947,26.29439926147461,5.659999847412109,44.5,95.75122833251952,15.711380004882812,7.588364124298096,4.858457565307617,415.5589294433594,24.415000915527344,4.456999778747559,62.08000183105469,53.25,1241.0999755859375,2700.06005859375,3150.27001953125,74.38473510742188,8.097517013549805,,,61.4,52.64,0.743,2.91,2.8,0.49,0.11,,,1.1345,112.93,6.8343,116.0028,20.74,83.26,110.7,114.9,1.21055886842946,94.1,3.0,188649.0,8.95190476190476,6075.315789473684,1920.381578947368,10835.07894736842,28.76190476190476,156.7,136.7,,220.3905672413882,104.0936,100.3111,149809.0,259.083,102.735,
2018-12-12,20.77,,,20.77,1.4600000381469729,2.759999990463257,15.4399995803833,4.509684085845947,23.20680046081543,5.800000190734863,43.599998474121094,96.47806549072266,15.577688217163086,7.763267517089844,5.006171226501465,433.2239990234375,23.920000076293945,4.136000156402588,60.150001525878906,51.150001525878906,1244.4000244140625,2651.070068359375,3107.969970703125,73.37467193603516,7.998215198516846,,,59.94,51.04,0.699,2.91,2.77,0.48,0.14,,,1.1362,113.28,6.8778,116.2214,21.46,57.97,,,,,,,,,,,,,,0.2022,,,,,,,
2018-12-19,23.4,,,23.4,1.1799999475479126,2.619999885559082,11.149999618530272,4.655351161956787,23.90399932861328,5.190000057220459,42.25,96.28678894042967,15.654661178588867,7.852253437042236,5.156809329986572,436.1840515136719,24.209999084472656,3.7260000705718994,57.2400016784668,47.20000076293945,1252.0999755859375,2506.9599609375,3051.3798828125,70.07513427734375,7.585846424102783,,,55.6,47.96,0.643,2.77,2.63,0.37,0.14,,,1.1422,112.15,6.8918,116.0676,25.58,114.17,,,,,,,,,,,,,,0.261,,,,,,,
2018-12-26,,,,,1.309999942779541,2.559999942779541,10.779999732971191,4.6094560623168945,23.25659942626953,4.989999771118164,41.9900016784668,95.8277359008789,15.4723482131958,7.536199569702148,5.146572113037109,429.6910095214844,24.2450008392334,3.5429999828338623,54.470001220703125,46.220001220703125,1269.199951171875,2467.699951171875,3000.610107421875,68.66638946533203,7.540145397186279,,,51.93,46.04,0.65,2.81,2.61,0.37,0.2,,,1.1408,110.45,6.8847,116.1162,30.41,198.19,,,,,,,,,,,,,,0.5395,,,,,,,
2019-01-02,,,,,1.3300000429153442,2.7100000381469727,10.119999885559082,4.9287261962890625,25.895999908447266,4.920000076293945,42.560001373291016,95.9807586669922,15.638453483581545,7.695761203765869,5.117321968078613,408.7793273925781,22.475000381469727,2.9579999446868896,54.90999984741211,46.540000915527344,1281.0,2510.030029296875,2986.530029296875,69.94270324707031,7.604123592376709,,,54.06,46.31,0.641,2.66,2.5,0.24,0.16,,,1.1357,109.22,6.8597,115.7689,23.22,146.97,110.8,115.0,1.20242066426418,97.5,3.0,2184.0,8.28565217391304,5939.102272727273,1853.715909090909,11523.09090909091,28.71086956521739,145.7,141.5,,243.99054678658453,103.4021,98.8924,150060.0,260.122,102.87,2474798796105.1997
2019-01-09,,22.4,,22.4,1.5099999904632568,3.200000047683716,12.140000343322754,5.352756023406982,24.103200912475582,5.630000114440918,46.959999084472656,97.81697082519533,16.185394287109375,8.12228012084961,5.128559112548828,422.5294494628906,21.719999313354492,2.9839999675750732,61.439998626708984,52.36000061035156,1289.300048828125,2584.9599609375,3070.239990234375,72.3899917602539,7.987983703613281,,,59.46,52.19,0.658,2.74,2.56,0.29,0.18,,,1.1524,108.38,6.8117,114.1406,19.98,120.42,,,,,,,,,,,,,,0.3106,,,,,,,
2019-01-16,,22.81,,22.81,1.3899999856948853,3.1600000858306885,12.81999969482422,5.178154945373535,20.8164005279541,6.679999828338623,47.29999923706055,96.66934204101562,16.015233993530273,8.284910202026367,5.1689066886901855,424.0572509765625,22.0049991607666,3.384000062942505,61.31999969482422,52.310001373291016,1291.5999755859375,2616.10009765625,3077.219970703125,72.96635437011719,8.070241928100586,,,59.81,52.08,0.68,2.73,2.55,0.3,0.18,,,1.1408,108.84,6.7532,114.137,19.04,173.46,,,,,,,,,,,,,,-0.1814,,,,,,,
2019-01-23,,24.42,,24.42,1.3600000143051147,3.1600000858306885,12.0,5.41760778427124,20.8164005279541,6.510000228881836,46.540000915527344,98.31428527832033,16.732337951660156,8.472086906433105,5.282475471496582,439.2396545410156,22.190000534057617,2.9800000190734863,61.13999938964844,52.619998931884766,1283.0999755859375,2638.699951171875,3112.1298828125,73.4451675415039,8.179917335510254,,,61.05,52.44,0.675,2.76,2.58,0.35,0.18,,,1.139,109.44,6.7897,114.5759,19.52,88.26,,,,,,,,,,,,,,-0.1494,,,,,,,
2019-01-30,,22.91,,22.91,1.3899999856948853,3.450000047683716,9.210000038146973,5.916467189788818,20.74169921875,7.159999847412109,50.709999084472656,103.55516052246094,17.44538688659668,8.527320861816406,5.310867786407471,440.2900390625,20.18000030517578,2.8540000915527344,61.650001525878906,54.22999954223633,1309.9000244140625,2681.050048828125,3161.739990234375,74.82840728759766,8.51807975769043,,,61.89,54.18,0.68,2.7,2.52,0.28,0.18,,,1.1418,109.57,6.7115,114.0731,17.66,123.71,,,,,,,,,,,,,,-0.1266,,,,,,,
2019-02-06,,22.93,,22.93,1.3600000143051147,3.4000000953674316,10.15999984741211,5.693714141845703,20.66699981689453,7.320000171661377,48.88999938964844,101.60417938232422,17.429180145263672,8.570279121398926,5.412482738494873,461.4880981445313,18.915000915527344,2.6619999408721924,62.689998626708984,54.0099983215332,1309.5,2731.610107421875,3212.75,75.97224426269531,8.682595252990723,,,62.22,53.94,0.64,2.7,2.52,0.28,0.18,,,1.138,109.75,6.7426,114.2305,15.38,145.25,101.4,105.2,1.11999908018448,97.1,3.0,5969.0,6.501,6300.4875,1862.9875,12685.225,28.645,153.2,150.6,-0.147,173.79769550537634,102.8371,99.9732,150067.0,261.114,102.963,
2019-02-13,,20.01,,20.01,1.399999976158142,3.4000000953674316,11.0,5.434000015258789,19.920000076293945,7.679999828338623,50.63999938964844,105.92694854736328,17.915348052978516,8.561074256896973,5.402022361755371,456.9047546386719,18.020000457763672,2.575000047683716,63.61000061035156,53.900001525878906,1310.800048828125,2753.030029296875,3202.3701171875,76.24710845947266,8.728289604187012,,,63.27,53.84,0.65,2.71,2.53,0.27,0.18,,,1.1288,110.86,6.7598,114.9407,15.65,93.01,,,,,,,,,,,,,,-0.2928,,,,,,,
2019-02-20,,20.26,,20.26,1.7799999713897705,3.75,12.359999656677246,4.838657855987549,21.862199783325195,7.230000019073486,51.689998626708984,104.81757354736328,18.12602424621582,8.659265518188477,5.470761775970459,456.9047546386719,18.145000457763672,2.635999917984009,67.08000183105469,56.91999816894531,1343.300048828125,2784.699951171875,3259.489990234375,77.49736785888672,8.792267799377441,,,66.82,56.9,0.708,2.65,2.5,0.2,0.15,,,1.1328,110.68,6.756,114.57,14.02,65.36,,,,,,,,,,,,,,-0.3585,,,,,,,
2019-02-27,,20.31,,20.31,1.7899999618530271,3.5899999141693115,13.800000190734863,5.294155120849609,23.655000686645508,8.869999885559082,52.380001068115234,104.62628936767578,17.396770477294922,8.530387878417969,5.485705852508545,459.2919006347656,17.614999771118164,2.799000024795532,66.38999938964844,56.939998626708984,1317.699951171875,2792.3798828125,3282.77001953125,77.76338195800781,8.920221328735352,,,65.55,56.92,0.693,2.69,2.5,0.24,0.19,,,1.137,110.92,6.6822,114.0363,14.7,128.81,,,,,,,,,,,,,,-0.5247,,,,,,,
2019-03-06,,22.86,,22.86,1.809999942779541,3.309999942779541,14.119999885559082,5.513912200927734,22.509599685668945,8.380000114440918,51.369998931884766,102.02497863769533,17.267126083374023,8.048637390136719,5.511109352111816,467.3078002929687,16.850000381469727,2.8410000801086426,65.98999786376953,56.220001220703125,1284.9000244140625,2771.449951171875,3324.669921875,77.34664154052734,8.819686889648438,,,64.51,56.22,0.69,2.69,2.52,0.22,0.17,,,1.132,111.66,6.7099,114.9714,15.74,78.64,93.8,97.3,0.991972744387536,107.0,3.0,7653.0,5.2452380952381,6439.464285714286,1871.214285714286,13026.27380952381,27.20238095238095,177.6,158.9,-0.5851,240.87607356546937,102.8757,101.1341,150295.0,261.836,103.058,
2019-03-13,,21.98,,21.98,2.380000114440918,3.200000047683716,13.270000457763672,5.803592205047607,22.1112003326416,9.359999656677246,54.709999084472656,106.07997131347656,17.550722122192383,8.183650016784668,5.669508934020996,489.9007873535156,15.725000381469728,2.819999933242798,67.55000305175781,58.2599983215332,1307.5,2810.919921875,3323.449951171875,78.24219512939453,9.029895782470703,,,65.89,58.27,0.686,2.61,2.45,0.16,0.16,,,1.131,111.23,6.7064,114.7372,13.41,81.38,,,,,,,,,,,,,,-0.4673,,,,,,,
2019-03-20,,21.35,,21.35,2.619999885559082,3.2699999809265137,12.65999984741211,5.933448791503906,20.567399978637695,9.18000030517578,55.650001525878906,108.7577896118164,18.044994354248047,8.26956844329834,5.8039984703063965,494.1490173339844,15.21500015258789,2.819999933242798,68.5,59.83000183105469,1300.5,2824.22998046875,3372.3798828125,78.87175750732422,9.0938720703125,,,68.35,60.12,0.664,2.54,2.4,0.06,0.14,,,1.1352,111.41,6.6916,114.1509,13.91,75.89,,,,,,,,,,,,,,-0.5722,,,,,,,
2019-03-27,,21.45,,21.45,2.359999895095825,3.0199999809265137,12.270000457763672,5.678730010986328,20.268600463867188,8.800000190734863,51.189998626708984,105.35313415527344,19.40627098083496,8.159101486206055,5.890669822692871,486.4249572753906,14.994999885559082,2.7130000591278076,67.83000183105469,59.40999984741211,1309.9000244140625,2805.3701171875,3322.0400390625,78.13580322265625,8.7739896774292,,,67.35,59.39,0.638,2.39,2.22,-0.05,0.17,,,1.125,110.38,6.7262,115.1243,15.15,92.66,,,,,,,,,,,,,,-0.5832,,,,,,,
2019-04-03,,21.4,,21.4,2.450000047683716,3.0899999141693115,13.300000190734863,5.913471221923828,20.218799591064453,9.6899995803833,54.849998474121094,113.84564971923828,19.4467830657959,8.266499519348145,5.910097122192383,496.080078125,14.1899995803833,2.677000045776367,69.30999755859375,62.459999084472656,1289.9000244140625,2873.39990234375,3435.56005859375,79.98011016845703,9.048176765441896,,,69.21,62.46,0.618,2.52,2.33,0.08,0.19,,,1.1242,111.48,6.7098,114.7211,13.74,81.95,90.6,94.1,0.952038365123788,98.9,6.0,25607.0,5.0797619047619,6438.3625,1845.425,12772.7875,25.70454545454545,207.4,176.7,,191.28384853645807,102.274,99.4076,150591.0,262.332,103.265,2482450160132.9
2019-04-10,,26.21,,26.21,2.6700000762939453,3.4000000953674316,11.979999542236328,5.79360294342041,20.916000366210938,10.149999618530272,60.77000045776367,115.2480010986328,19.544017791748047,8.349349021911621,5.9384894371032715,492.4111022949219,15.729999542236328,2.700000047683716,71.7300033569336,64.61000061035156,1309.0999755859375,2888.2099609375,3424.64990234375,80.26386260986328,9.267525672912598,,,71.63,64.62,0.679,2.48,2.31,0.05,0.17,,,1.1266,110.92,6.7153,114.4269,13.3,71.78,,,,,,,,,,,,,,-0.6738,,,,,,,
2019-04-17,,26.8,,26.8,2.559999942779541,3.490000009536743,12.9399995803833,6.173183917999268,20.916000366210938,9.729999542236328,60.65999984741211,116.8750228881836,18.547367095947266,8.162171363830566,5.799515247344971,479.3767395019531,15.19499969482422,2.5169999599456787,71.62000274658203,63.7599983215332,1272.199951171875,2900.449951171875,3477.72998046875,80.7515640258789,9.25838565826416,,,71.14,63.74,0.625,2.59,2.4,0.15,0.19,,,1.1297,112.0,6.687,114.5141,12.6,63.24,,,,,,,,,,,,,,-0.657,,,,,,,
2019-04-24,,27.02,,27.02,2.5799999237060547,3.3299999237060547,12.93000030517578,6.043327808380127,21.513599395751953,9.829999923706056,61.81999969482422,118.30836486816406,18.44202995300293,7.993404388427734,5.836874008178711,483.1421813964844,14.265000343322754,2.461999893188477,74.56999969482422,65.88999938964844,1275.5,2927.25,3502.6298828125,81.02642059326172,9.267525672912598,,,73.59,65.96,0.655,2.53,2.32,0.09,0.21,,,1.1192,111.81,6.7207,115.4187,13.14,60.14,,,,,,,,,,,,,,-0.7751,,,,,,,
2019-05-01,,25.85,,25.85,2.509999990463257,3.2899999618530273,14.31999969482422,7.232015132904053,25.19879913330078,12.979999542236328,60.869998931884766,117.57231903076172,18.450138092041016,8.103870391845703,6.050563812255859,496.6593933105469,14.05500030517578,2.619999885559082,72.18000030517578,63.599998474121094,1281.4000244140625,2923.72998046875,3514.6201171875,80.96436309814453,9.249247550964355,,,72.01,63.55,0.618,2.52,2.31,0.09,0.21,,,1.1246,111.18,6.7319,115.0022,14.8,112.75,94.3,97.9,0.871484192056088,99.5,4.0,249585.0,5.03326086956522,6017.904761904762,1781.261904761905,12016.30952380952,24.68478260869565,212.9,171.0,,223.547913900888,102.392,99.3633,150618.0,262.59,103.371,
2019-05-08,,26.5,,26.5,2.4200000762939453,3.3299999237060547,13.34000015258789,8.45067024230957,27.489599227905273,13.93000030517578,60.33000183105469,113.23357391357422,18.446962356567383,8.060911178588867,5.913084983825684,491.831787109375,14.31999969482422,2.609999895095825,70.37000274658203,62.119998931884766,1279.4000244140625,2879.419921875,3417.260009765625,79.76732635498047,9.212688446044922,,,71.09,62.13,0.59,2.49,2.3,0.06,0.19,,,1.1206,110.12,6.7818,115.5171,19.4,101.81,,,,,,,,,,,,,,-0.6753,,,,,,,
2019-05-15,,25.03,,25.03,2.3299999237060547,3.839999914169311,13.350000381469728,8.21093463897705,27.141000747680664,14.579999923706056,59.86000061035156,106.76419067382812,19.50059700012207,8.3524169921875,6.1207990646362305,497.2386779785156,13.854999542236328,2.6010000705718994,71.7699966430664,62.02000045776367,1296.300048828125,2850.9599609375,3385.780029296875,79.13777160644531,9.075593948364258,,,73.09,62.03,0.6,2.37,2.16,-0.05,0.21,,,1.1208,109.58,6.8742,115.8565,16.44,132.3,,,,,,,,,,,,,,-0.3818,,,,,,,
2019-05-22,,25.65,,25.65,2.5299999713897705,4.159999847412109,12.0,8.770317077636719,30.47760009765625,15.220000267028809,59.060001373291016,110.2894287109375,19.517318725585938,8.328409194946289,6.201491832733154,517.514404296875,12.649999618530272,2.5429999828338623,70.98999786376953,61.41999816894531,1273.5999755859375,2856.27001953125,3386.719970703125,79.20868682861328,9.176130294799805,,,71.94,61.42,0.555,2.39,2.23,0.01,0.16,,,1.1156,110.28,6.9054,116.2412,14.75,69.8,,,,,,,,,,,,,,-0.3574,,,,,,,
2019-05-29,,25.3,,25.3,2.5899999141693115,3.930000066757202,11.119999885559082,8.52558708190918,31.872100830078125,16.290000915527344,57.86000061035156,106.14437103271484,18.689462661743164,8.133516311645508,6.306095123291016,514.4248046875,12.225000381469728,2.632999897003174,69.44999694824219,58.810001373291016,1280.5999755859375,2783.02001953125,3297.81005859375,77.45304107666016,9.10301399230957,,,70.64,58.84,0.54,2.25,2.09,-0.12,0.16,,,1.1136,109.24,6.9138,116.5535,17.9,55.62,,,,,,,,,,,,,,-0.478,,,,,,,
2019-06-05,,24.42,,24.42,2.5399999618530273,3.940000057220459,10.739999771118164,6.877407073974609,30.67690086364746,15.920000076293944,60.93000030517578,105.52454376220705,18.923603057861328,8.409612655639648,6.42863130569458,513.8455200195312,11.600000381469728,2.378000020980835,60.630001068115234,51.68000030517578,1328.300048828125,2826.14990234375,3339.949951171875,78.66781616210938,9.368061065673828,,,62.14,51.57,0.418,2.12,1.83,-0.23,0.29,,,1.1242,108.2,6.9084,116.03,16.09,217.51,89.3,92.7,0.573975698638794,101.1,7.0,4433.0,4.38925,5882.225,1755.95,11943.9375,24.475,195.6,153.4,,320.4310665201146,102.4375,101.6019,150838.0,263.177,103.56,
2019-06-12,,25.12,,25.12,2.5999999046325684,3.859999895095825,10.5,5.12434196472168,29.8799991607666,17.079999923706055,59.880001068115234,109.32095336914062,19.28317642211914,8.448593139648438,6.642321586608887,547.4453125,11.140000343322754,2.385999917984009,59.970001220703125,51.13999938964844,1331.9000244140625,2879.840087890625,3386.6298828125,80.12200927734375,9.496014595031738,,,61.66,51.13,0.403,2.13,1.88,-0.11,0.25,,,1.131,108.42,6.9161,115.438,15.91,116.03,,,,,,,,,,,,,,-0.2086,,,,,,,
2019-06-19,,24.98,,24.98,2.2899999618530273,3.5,12.170000076293944,5.54387903213501,30.47760009765625,18.6299991607666,62.779998779296875,110.98673248291016,19.149383544921875,8.770164489746094,6.65726375579834,542.0384521484375,10.484999656677246,2.2760000228881836,61.81999969482422,53.7599983215332,1344.5999755859375,2926.4599609375,3454.699951171875,81.26837921142578,9.668928146362305,,,62.85,53.74,0.428,2.03,1.74,-0.15,0.29,,,1.1214,108.36,6.8996,115.7889,14.33,77.89,,,,,,,,,,,,,,-0.4329,,,,,,,
2019-06-26,,25.64,,25.64,2.140000104904175,3.799999952316284,11.81999969482422,5.7686309814453125,31.62310028076172,16.790000915527344,62.56999969482422,114.0858383178711,18.095748901367188,8.607754707336426,6.5900187492370605,562.12109375,9.619999885559082,2.2909998893737793,66.48999786376953,59.380001068115234,1411.5999755859375,2913.780029296875,3442.949951171875,81.14253997802734,9.687345504760742,,,66.85,59.17,0.495,2.05,1.77,-0.1,0.28,,,1.139,107.64,6.8781,114.5608,16.21,142.51,,,,,,,,,,,,,,-0.3448,,,,,,,
2019-07-03,,26.33,,26.33,2.2799999713897705,4.0,12.40999984741211,7.491728782653809,37.94770050048828,18.969999313354492,66.19000244140625,114.66691589355467,18.94032859802246,9.026773452758787,6.726003646850586,583.5554809570312,10.295000076293944,2.2899999618530273,63.81999969482422,57.34000015258789,1417.699951171875,2995.820068359375,3540.6298828125,83.20977020263672,9.991226196289062,,,63.53,57.06,0.478,1.96,1.77,-0.25,0.19,,,1.1275,107.84,6.8806,114.8135,12.57,126.27,87.1,90.4,0.357586837911898,100.7,10.0,479525.0,4.41934782608696,5941.195652173913,1796.989130434783,13546.30434782609,25.22826086956522,198.9,162.3,,249.39605046668876,101.9408,97.2659,150937.0,263.566,103.678,2488296192378.5
2019-07-10,,26.68,,26.68,2.299999952316284,4.090000152587891,13.050000190734863,6.827462196350098,37.698699951171875,19.88999938964844,66.26000213623047,114.58943176269533,19.06576156616211,8.98454761505127,6.582345962524414,591.47265625,12.135000228881836,2.444000005722046,67.01000213623047,60.43000030517578,1410.0999755859375,2993.070068359375,3501.52001953125,82.91316223144531,9.991226196289062,,,66.41,60.28,0.505,2.07,1.82,-0.13,0.25,,,1.126,108.44,6.8705,115.0879,13.03,45.62,,,,,,,,,,,,,,-0.5278,,,,,,,
2019-07-17,,28.37,,28.37,2.3299999237060547,4.059999942779541,11.600000381469728,6.932345867156982,37.30030059814453,20.190000534057617,64.80999755859375,113.7371826171875,19.72637367248535,8.965058326721191,6.551778793334961,600.5484008789062,10.989999771118164,2.303999900817871,63.65999984741211,56.779998779296875,1421.300048828125,2984.419921875,3501.580078125,82.75138092041016,9.926767349243164,,,63.67,56.5,0.516,2.06,1.83,-0.08,0.23,,,1.1232,108.1,6.8731,114.8819,13.97,77.06,,,,,,,,,,,,,,-0.4532,,,,,,,
2019-07-24,,29.05,,29.05,2.2899999618530273,4.159999847412109,10.90999984741211,6.94233512878418,39.342098236083984,20.020000457763672,66.04000091552734,114.04708862304688,20.19465446472168,9.11772346496582,6.602212905883789,612.906982421875,10.074999809265137,2.2200000286102295,63.18000030517578,55.880001068115234,1422.800048828125,3019.56005859375,3532.89990234375,83.63219451904297,9.926767349243164,,,63.83,55.9,0.5,2.05,1.83,-0.05,0.22,,,1.1141,108.08,6.8717,115.2436,12.07,79.72,,,,,,,,,,,,,,-0.3647,,,,,,,
2019-07-31,,28.04,,28.04,2.2100000381469727,4.050000190734863,10.449999809265137,6.962313175201416,36.90190124511719,28.149999618530273,64.48999786376953,107.46148681640624,20.45388412475586,9.043014526367188,6.548722743988037,594.9485473632812,11.0,2.2330000400543213,65.16999816894531,58.58000183105469,1426.0999755859375,2980.3798828125,3466.85009765625,82.5626449584961,9.880722999572754,,,64.07,58.53,0.445,2.02,1.89,-0.06,0.13,,,1.113,108.58,6.8833,115.4946,16.12,103.01,,,,,,,,,,,,,,-0.4929,,,,,,,
2019-08-07,,28.48,,28.48,2.0999999046325684,4.449999809265137,9.140000343322754,6.572742938995361,37.698699951171875,30.790000915527344,63.869998931884766,106.57050323486328,21.139583587646484,8.656476974487305,6.715303897857666,620.244873046875,11.40999984741211,2.0829999446868896,56.22999954223633,51.09000015258789,1507.300048828125,2883.97998046875,3309.989990234375,80.05501556396484,9.935975074768066,,,55.03,51.14,0.388,1.71,1.59,-0.31,0.12,,,1.1236,105.62,7.0592,116.7987,19.49,92.22,,,,,,,,,,,,,,-0.2673,,,,,,,
2019-08-14,,27.15,,27.15,2.009999990463257,4.269999980926514,4.909999847412109,6.203151226043701,36.85210037231445,30.219999313354492,58.9900016784668,102.38670349121094,21.356998443603516,8.653229713439941,6.8207573890686035,624.8793334960938,11.18000030517578,2.1429998874664307,59.47999954223633,55.22999954223633,1515.9000244140625,2840.60009765625,3288.699951171875,78.55404663085938,9.834681510925291,,,57.86,55.16,0.385,1.59,1.58,-0.37,0.01,,,1.1144,105.79,7.0224,117.0913,22.1,133.71,,,,,,,,,,,,,,0.2426,,,,,,,
2019-08-21,,26.94,,26.94,2.200000047683716,4.480000019073486,5.300000190734863,6.582732200622559,36.50350189208984,34.83000183105469,63.869998931884766,103.2002182006836,21.348634719848633,8.802647590637207,7.135583877563477,646.89306640625,11.414999961853027,2.1700000762939453,60.29999923706055,55.68000030517578,1504.5999755859375,2924.429931640625,3394.889892578125,80.63024139404297,10.19381332397461,,,60.6,55.65,0.38,1.59,1.56,-0.38,0.03,,,1.1098,106.52,7.0623,117.1764,15.8,278.29,,,,,,,,,,,,,,0.1954,,,,,,,
2019-08-28,,26.0,,26.0,2.140000104904175,4.46999979019165,4.269999980926514,6.313029766082764,36.55329895019531,33.27000045776367,62.04999923706055,100.64346313476562,21.50752067565918,8.867610931396484,7.118773460388184,634.3413696289062,10.234999656677246,2.250999927520752,60.4900016784668,55.779998779296875,1537.800048828125,2887.93994140625,3365.3798828125,79.61461639404297,9.972808837890623,,,60.42,55.76,0.43,1.47,1.5,-0.52,-0.03,,,1.1084,105.86,7.1628,117.8767,19.35,132.75,,,,,,,,,,,,,,-0.0937,,,,,,,
2019-09-04,,24.82,,24.82,2.1500000953674316,4.630000114440918,4.489999771118164,7.157097816467285,37.051300048828125,27.86000061035156,62.459999084472656,96.7695770263672,22.669862747192383,9.000788688659668,7.257849216461182,645.7344360351562,11.960000038146973,2.444999933242798,60.70000076293945,56.2599983215332,1550.300048828125,2937.780029296875,3450.830078125,81.20545959472656,10.221439361572266,,,60.68,56.22,0.433,1.47,1.43,-0.5,0.04,,,1.1025,106.28,7.144,117.6729,17.33,92.02,86.5,89.7,0.04752293261004,104.2,4.0,2205.0,5.05452380952381,5759.25,1753.511904761905,17656.88095238095,25.41190476190476,180.0,156.2,,237.37555726286612,102.2917,99.5562,151365.0,264.522,103.873,
2019-09-11,,26.34,,26.34,2.5,4.929999828338623,4.889999866485596,7.242003917694092,48.40570068359375,24.719999313354492,63.310001373291016,106.91915130615234,21.94235038757324,8.831881523132324,7.025547027587891,627.582763671875,14.354999542236328,2.552000045776367,60.810001373291016,55.75,1494.4000244140625,3000.929931640625,3516.820068359375,82.76036834716797,10.175397872924805,,,63.02,55.66,0.433,1.75,1.68,-0.21,0.07,,,1.1001,107.73,7.1153,117.3125,14.61,58.52,,,,,,,,,,,,,,-0.0994,,,,,,,
2019-09-18,,26.75,,26.75,2.819999933242798,5.46999979019165,3.3399999141693115,8.230913162231445,48.704498291015625,25.200000762939453,65.75,107.65518951416016,22.46080780029297,9.198928833007812,7.121829509735107,605.955322265625,12.4350004196167,2.63700008392334,63.599998474121094,58.11000061035156,1507.5,3006.72998046875,3528.0400390625,83.28166961669922,10.313523292541504,,,64.29,58.19,0.443,1.8,1.77,-0.15,0.03,,,1.1061,108.17,7.0849,116.9766,13.95,72.64,,,,,,,,,,,,,,-0.349,,,,,,,
2019-09-25,,25.17,,25.17,2.700000047683716,5.409999847412109,3.4700000286102295,8.170978546142578,47.01129913330078,25.059999465942383,67.0999984741211,106.29933166503906,23.33883476257324,9.419806480407717,7.173791885375977,605.955322265625,11.949999809265137,2.502000093460083,62.38999938964844,56.4900016784668,1504.5999755859375,2984.8701171875,3513.030029296875,82.62555694580078,10.285900115966797,,,62.41,56.38,0.458,1.73,1.68,-0.16,0.05,,,1.0949,107.78,7.1313,117.6527,15.96,144.83,,,,,,,,,,,,,,-0.154,,,,,,,
2019-10-02,,24.4,,24.4,2.4100000858306885,4.78000020980835,3.0999999046325684,7.751441955566406,42.82809829711914,21.899999618530273,55.90999984741211,100.1011199951172,23.062883377075195,9.484769821166992,7.114189147949219,595.9140014648438,16.0049991607666,2.246999979019165,57.689998626708984,52.63999938964844,1501.0,2887.610107421875,3413.31005859375,80.01007843017578,9.834681510925291,,,57.92,52.67,0.426,1.6,1.48,-0.19,0.12,,,1.0951,107.21,7.1473,117.9671,20.56,92.82,84.5,87.7,0.131567819751726,107.3,6.0,295907.0,6.01739130434783,5757.297826086957,1725.95652173913,17046.21739130435,24.91739130434783,185.9,146.1,,202.25403568557496,101.4281,98.9834,151460.0,265.059,104.028,2487964958129.5
2019-10-09,,22.32,,22.32,2.6600000858306885,5.019999980926514,3.069999933242798,7.446777820587158,50.9739990234375,24.219999313354492,56.20000076293945,101.4182357788086,23.121417999267575,9.442544937133787,7.146284580230713,605.3760375976562,15.574999809265137,2.2339999675750732,58.31999969482422,52.59000015258789,1506.0999755859375,2919.39990234375,3462.110107421875,80.87291717529297,10.11093521118164,,,59.7,52.63,0.49,1.59,1.47,-0.1,0.12,,,1.0978,107.43,7.1316,117.6835,18.64,62.58,,,,,,,,,,,,,,0.3627,,,,,,,
2019-10-16,,24.48,,24.48,2.799999952316284,5.130000114440918,2.950000047683716,7.6665358543396,47.37580108642578,24.170000076293945,55.0099983215332,101.49571990966795,22.94581413269043,9.747876167297363,6.999567985534668,607.8863525390625,16.075000762939453,2.302999973297119,59.41999816894531,53.36000061035156,1488.0,2989.68994140625,3599.25,83.14685821533203,9.972808837890623,,,59.3,53.42,0.463,1.75,1.58,0.09,0.17,,,1.1075,108.71,7.092,116.6425,13.68,114.65,,,,,,,,,,,,,,0.1355,,,,,,,
2019-10-23,,25.09,,25.09,2.9700000286102295,5.769999980926514,2.7300000190734863,7.661540985107422,46.875999450683594,23.399999618530273,55.279998779296875,105.1371612548828,23.33883476257324,9.725138664245604,6.978170871734619,607.6932983398438,15.414999961853027,2.2820000648498535,61.16999816894531,55.970001220703125,1489.9000244140625,3004.52001953125,3606.889892578125,83.8029556274414,10.028059005737305,,,60.52,55.9,0.46,1.77,1.58,0.12,0.19,,,1.1118,108.64,7.0624,116.0586,14.01,80.02,,,,,,,,,,,,,,-0.137,,,,,,,
2019-10-30,,25.4,,25.4,2.640000104904175,5.800000190734863,2.9600000381469727,7.991177082061768,60.96889877319336,18.760000228881836,51.849998474121094,106.53175354003906,22.70330810546875,9.634188652038574,6.975114822387695,572.548583984375,13.779999732971191,2.690999984741211,60.61000061035156,55.060001373291016,1493.199951171875,3046.77001953125,3620.2900390625,84.98936462402344,9.816265106201172,,,60.22,54.85,0.503,1.78,1.61,0.16,0.17,,,1.1123,108.88,7.0541,116.1636,12.33,111.12,,,,,,,,,,,,,,-0.1342,,,,,,,
2019-11-06,,25.18,,25.18,2.8499999046325684,5.789999961853027,3.690000057220459,8.071088790893555,62.96780014038086,18.200000762939453,53.36000061035156,105.1371612548828,22.51097869873047,9.68291187286377,6.913981914520264,557.2935180664062,16.280000686645508,2.828000068664551,61.7400016784668,56.349998474121094,1490.199951171875,3076.780029296875,3688.739990234375,85.81624603271484,9.73338794708252,,,62.11,56.15,0.511,1.81,1.61,0.25,0.2,,,1.1076,108.86,6.9968,116.1004,12.62,48.77,87.0,90.3,0.301267643553345,104.2,5.0,7558.0,5.45642857142857,5859.952380952381,1774.785714285714,15171.80952380952,24.98809523809524,179.1,155.9,-0.07,242.6026066416673,101.9372,98.6612,151667.0,265.108,104.092,
2019-11-13,,24.95,,24.95,3.380000114440918,6.190000057220459,5.269999980926514,8.400725364685059,67.96530151367188,18.93000030517578,53.09000015258789,123.07323455810548,22.109594345092773,9.31911277770996,6.7519850730896,591.0864868164062,15.449999809265137,2.5999999046325684,62.369998931884766,57.119998931884766,1461.699951171875,3094.0400390625,3699.5,86.1038589477539,9.761013984680176,,,62.27,56.88,0.533,1.88,1.63,0.31,0.25,,,1.1004,108.83,7.0223,116.8397,13.0,106.88,,,,,,,,,,,,,,-0.1016,,,,,,,
2019-11-20,,23.34,,23.34,3.4800000190734863,6.769999980926514,6.480000019073486,7.821364879608154,74.96170043945312,18.1200008392334,54.31999969482422,124.0029754638672,22.05942153930664,9.205424308776855,6.799361705780029,593.7898559570312,15.59000015258789,2.559000015258789,62.400001525878906,57.11000061035156,1473.300048828125,3108.4599609375,3683.8798828125,86.2926025390625,9.75180435180664,,,63.8,56.71,0.548,1.73,1.56,0.16,0.17,,,1.1063,108.67,7.0344,116.828,12.78,46.27,,,,,,,,,,,,,,-0.1092,,,,,,,
2019-11-27,,24.29,,24.29,4.0,6.880000114440918,6.300000190734863,8.071088790893555,68.56500244140625,23.040000915527344,55.619998931884766,125.04891967773438,22.653135299682617,9.341849327087402,6.822286128997803,600.3553466796875,15.979999542236328,2.500999927520752,64.05999755859375,58.11000061035156,1453.4000244140625,3153.6298828125,3712.85009765625,87.4969711303711,10.11093521118164,,,65.03,58.12,0.55,1.77,1.63,0.15,0.14,,,1.1002,109.38,7.028,117.1273,11.75,37.18,,,,,,,,,,,,,,-0.0577,,,,,,,
2019-12-04,,24.1,,24.1,3.299999952316284,6.619999885559082,5.550000190734863,7.426799774169922,60.1693000793457,24.270000457763672,54.790000915527344,127.1408233642578,21.54096412658691,9.35484218597412,6.626665115356445,599.9691772460938,15.880000114440918,2.3989999294281006,63.0,58.43000030517578,1474.0,3112.760009765625,3660.02001953125,86.51729583740234,10.276690483093262,,,65.25,58.46,0.533,1.77,1.58,0.22,0.19,,,1.1076,108.87,7.0489,116.692,14.8,64.18,86.0,89.3,0.366036461077784,91.4,6.0,222652.0,5.57340909090909,6077.0625,1771.38,13829.425,25.625,174.5,162.8,,232.09853032302175,101.7003,97.7492,151794.0,264.935,104.322,
2019-12-11,,24.98,,24.98,3.2200000286102295,6.070000171661377,5.639999866485596,7.381849765777588,58.96989822387695,24.209999084472656,53.869998931884766,128.22549438476562,22.15140724182129,9.510756492614746,6.8375678062438965,631.8310546875,14.045000076293944,2.243000030517578,63.720001220703125,58.7599983215332,1469.4000244140625,3141.6298828125,3687.449951171875,87.31722259521484,10.359566688537598,,,65.37,58.74,0.52,1.79,1.61,0.22,0.18,,,1.1092,108.67,7.0384,116.1478,14.99,111.83,,,,,,,,,,,,,,-0.0979,,,,,,,
2019-12-18,,24.21,,24.21,2.9000000953674316,6.820000171661377,7.230000019073486,8.061100006103516,68.56500244140625,25.739999771118164,56.4900016784668,132.2543487548828,21.883813858032227,9.410062789916992,7.002623558044434,646.313720703125,14.949999809265137,2.2860000133514404,66.16999816894531,60.93000030517578,1472.5999755859375,3191.139892578125,3739.0,88.6466064453125,10.72229290008545,,,69.12,60.93,0.508,1.92,1.63,0.36,0.29,,,1.1113,109.58,7.0029,115.6618,12.58,89.87,,,,,,,,,,,,,,-0.2735,,,,,,,
2019-12-25,,,,,3.109999895095825,7.110000133514404,6.610000133514404,8.530582427978516,64.966796875,27.020000457763672,57.97999954223633,130.54983520507812,22.56114959716797,9.497764587402344,7.065285682678223,655.7758178710938,12.604999542236328,2.171999931335449,67.19999694824219,61.11000061035156,1499.0999755859375,3223.3798828125,3776.659912109375,89.39054107666016,10.889245986938477,,,69.26,61.17,0.468,1.9,1.62,0.32,0.28,,,1.1084,109.38,7.0064,115.8059,12.67,97.08,,,,,,,,,,,,,,-0.3721,,,,,,,
2020-01-01,,,,,3.1600000858306885,7.179999828338623,7.46999979019165,8.640460014343262,71.0636978149414,26.1299991607666,55.959999084472656,130.39486694335938,22.87055206298828,9.35484218597412,7.014852523803711,665.2377319335938,12.050000190734863,2.188999891281128,66.0,61.060001373291016,1519.5,3230.780029296875,3748.469970703125,89.61734771728516,10.898523330688477,,,67.77,61.14,0.413,1.92,1.58,0.37,0.34,,,1.1227,108.67,6.9618,114.669,13.78,105.75,86.5,89.7,0.315867468685361,96.2,15.0,139390.0,4.913695652,6031.209090909091,1773.090909090909,13506.86363636364,24.64130434782609,178.5,158.7,,191.721791492481,101.0338,97.0299,152031.0,266.004,104.507,2406342055101.1
2020-01-08,,24.06,,24.06,4.079999923706055,8.199999809265137,8.470000267028809,8.52558708190918,90.95359802246094,31.0,56.70000076293945,125.01017761230467,22.720035552978516,9.660174369812012,6.865079879760742,622.7553100585938,11.96500015258789,2.1410000324249268,65.44000244140625,59.61000061035156,1557.4000244140625,3253.050048828125,3772.56005859375,90.06189727783203,11.046927452087402,,,67.31,59.65,0.453,1.87,1.58,0.33,0.29,,,1.1117,109.03,6.9447,115.1328,13.45,91.15,,,,,,,,,,,,,,-0.2334,,,,,,,
2020-01-15,,24.08,,24.08,4.199999809265137,10.619999885559082,9.75,9.43458366394043,108.4446029663086,30.15999984741211,54.75,125.39756774902344,24.60152244567871,9.67966365814209,7.1718878746032715,660.9894409179688,11.18000030517578,2.119999885559082,64.0,57.810001373291016,1552.0999755859375,3289.2900390625,3768.9599609375,90.7423324584961,11.36228847503662,,,63.29,57.86,0.43,1.79,1.56,0.22,0.23,,,1.116,109.94,6.8899,114.9528,12.42,98.77,,,,,,,,,,,,,,-0.3595,,,,,,,
2020-01-22,,25.1,,25.1,4.050000190734863,10.0,9.279999732971191,9.93000030517578,101.4481964111328,31.6200008392334,50.560001373291016,129.19400024414062,26.073265075683594,9.936272621154783,7.363449573516846,691.6928100585938,10.454999923706056,1.9049999713897705,63.209999084472656,56.7400016784668,1555.300048828125,3321.75,3769.7900390625,91.45905303955078,11.492141723632812,,,62.11,56.76,0.403,1.77,1.53,0.22,0.24,,,1.1085,109.93,6.904,115.2273,12.91,77.19,,,,,,,,,,,,,,-0.5275,,,,,,,
2020-01-29,,24.04,,24.04,4.039999961853027,10.020000457763672,8.40999984741211,9.029999732971191,104.44670104980467,32.560001373291016,50.900001525878906,133.45526123046875,26.64189338684082,10.316312789916992,7.685834884643555,722.2030029296875,10.149999618530272,1.8769999742507937,59.810001373291016,53.33000183105469,1569.800048828125,3273.39990234375,3736.360107421875,90.0800552368164,11.538517951965332,,,59.46,53.29,0.425,1.6,1.42,0.04,0.18,,,1.1004,109.15,6.9161,115.7003,16.39,88.62,,,,,,,,,,,,,,-0.4159,,,,,,,
2020-02-05,,23.33,,23.33,4.130000114440918,10.630000114440918,9.4399995803833,9.875,118.4394989013672,36.90999984741211,53.099998474121094,139.80841064453125,26.382665634155273,10.092185974121094,7.942807197570801,690.3411254882812,9.3149995803833,1.8609999418258667,55.279998779296875,50.75,1557.800048828125,3334.68994140625,3777.840087890625,91.5770034790039,11.928082466125488,,,55.36,50.87,0.378,1.66,1.44,0.09,0.22,,,1.1006,109.74,6.972,116.009,15.15,84.94,84.6,87.7,0.132262730992167,96.0,11.0,355938.0,2.92025,5687.75,1688.095,12715.55,24.6875,167.0,136.0,,196.49325687323855,101.3735,99.1736,152293.0,267.268,104.711,
2020-02-12,,23.35,,23.35,4.480000019073486,11.350000381469728,10.460000038146973,11.5,140.4282989501953,41.5,56.119998931884766,135.8183135986328,27.13526153564453,10.355291366577148,8.121912002563477,700.1893310546875,8.720000267028809,1.843999981880188,55.790000915527344,51.16999816894531,1567.4000244140625,3379.449951171875,3854.429931640625,92.64755249023438,12.447503089904783,,,55.54,51.13,0.385,1.62,1.44,0.04,0.18,,,1.0893,110.0,6.9708,116.2794,13.74,79.26,,,,,,,,,,,,,,-0.4673,,,,,,,
2020-02-19,,24.8,,24.8,5.71999979019165,14.140000343322754,14.09000015258789,13.739999771118164,160.41810607910156,57.220001220703125,57.369998931884766,137.98768615722656,28.774248123168945,10.813289642333984,8.737088203430176,744.6028442382812,9.56999969482422,1.955000042915344,59.119998931884766,53.290000915527344,1607.5,3386.14990234375,3865.179931640625,92.56588745117188,13.115327835083008,,,59.72,53.31,0.436,1.56,1.42,-0.02,0.14,,,1.0794,111.17,6.9975,116.7829,14.38,56.47,,,,,,,,,,,,,,-0.5752,,,,,,,
2020-02-26,,23.85,,23.85,4.75,10.5,10.739999771118164,10.90999984741211,115.94080352783205,51.869998931884766,46.11000061035156,131.40208435058594,27.235607147216797,10.160398483276367,8.725409507751465,706.7547607421875,9.06999969482422,1.8209999799728391,53.43000030517578,48.72999954223633,1640.0,3116.389892578125,3577.679931640625,85.73436737060547,12.113590240478516,,,54.96,48.67,0.394,1.33,1.16,-0.2,0.17,,,1.0887,110.36,7.0214,117.405,27.56,97.49,,,,,,,,,,,,,,-0.4512,,,,,,,
2020-03-04,,23.26,,23.26,4.760000228881836,10.619999885559082,10.09000015258789,11.43000030517578,138.92909240722656,53.470001220703125,45.47999954223633,136.01202392578125,28.347780227661133,10.348795890808104,8.717619895935059,737.3480834960938,8.90999984741211,1.8270000219345093,51.130001068115234,46.779998779296875,1641.0999755859375,3130.1201171875,3420.56005859375,85.82508850097656,12.317648887634276,,,51.86,46.78,0.4,1.02,0.67,0.3,0.35,,,1.113,107.34,6.9244,116.7802,31.99,197.2,82.9,86.0,0.372634326290483,93.3,15.0,25083.0,3.278863636,5182.631818181818,1610.890909090909,11846.22727272727,24.66136363636364,133.3,89.8,,318.4648591140121,97.4078,95.64,150895.0,267.312,104.632,
2020-03-11,,23.59,,23.59,3.7799999713897705,8.970000267028809,7.650000095367432,9.460000038146973,127.43499755859376,41.72999954223633,37.22999954223633,117.2236785888672,23.20503807067871,8.269940376281738,7.38681173324585,615.85205078125,9.369999885559082,1.878000020980835,35.790000915527344,32.97999954223633,1641.4000244140625,2741.3798828125,2905.56005859375,74.611572265625,10.06374168395996,,,34.45,33.13,0.318,0.82,0.5,0.4,0.32,,,1.128,104.81,6.9595,118.2505,53.9,234.73,,,,,,,,,,,,,,1.3314,,,,,,,
2020-03-18,,20.64,,20.64,2.8299999237060547,7.329999923706055,3.069999933242798,8.774999618530273,96.95050048828124,23.989999771118164,30.200000762939453,95.45244598388672,18.630929946899418,6.691310882568359,6.78564977645874,575.3533935546875,8.265000343322754,1.6039999723434448,24.8799991607666,20.3700008392334,1477.300048828125,2398.10009765625,2385.820068359375,63.88796615600586,7.884036540985107,,,22.79,20.48,0.228,1.18,0.54,1.16,0.64,,,1.0833,108.45,7.0459,124.1623,76.45,455.45,,,,,,,,,,,,,,3.5033,,,,,,,
2020-03-25,,16.95,,16.95,3.839999914169311,8.289999961853027,5.329999923706055,10.609999656677246,124.93620300292967,36.810001373291016,34.790000915527344,108.93357849121094,19.65947914123535,6.876459121704102,7.1064772605896,653.0407104492188,7.744999885559082,1.659000039100647,27.38999938964844,24.489999771118164,1632.300048828125,2475.56005859375,2800.139892578125,67.8979721069336,9.0341796875,,,25.62,20.75,0.23,0.88,0.34,0.88,0.54,,,1.0835,111.43,7.1099,124.7916,63.95,449.86,,,,,,,,,,,,,,5.6638,,,,,,,
2020-04-01,,17.4,,17.4,3.309999942779541,7.260000228881836,4.460000038146973,10.020000457763672,110.5436019897461,29.770000457763672,33.439998626708984,105.25337982177734,18.89851951599121,5.831185817718506,6.829257965087891,631.6232299804688,6.824999809265137,1.587000012397766,24.739999771118164,20.309999465942383,1578.199951171875,2470.5,2680.300048828125,67.49880981445312,8.524035453796387,,,14.97,20.28,0.255,0.62,0.23,0.53,0.39,,,1.0934,107.05,7.0989,123.7933,57.06,474.81,85.7,88.9,0.553776148698786,70.7,15.0,39060.0,2.126363636,5057.972,1459.9345,11804.0095,29.96363636363636,62.6,46.0,,328.13263909267255,84.5619,79.4948,130426.0,266.089,104.293,2132129586268.7
2020-04-08,,20.74,,20.74,3.819999933242798,9.130000114440918,5.860000133514404,10.904999732971191,134.9311065673828,37.93000030517578,38.900001525878906,113.94171142578124,20.570955276489254,6.120925426483154,6.947619915008545,637.2695922851562,7.260000228881836,1.7829999923706057,32.84000015258789,25.09000015258789,1665.4000244140625,2749.97998046875,2851.27001953125,73.96743774414062,9.553596496582031,,,25.22,24.97,0.3,0.77,0.27,0.55,0.5,,,1.0864,108.7,7.0649,123.2216,43.35,524.13,,,,,,,,,,,,,,3.1612,,,,,,,
2020-04-15,,20.17,,20.17,4.179999828338623,9.460000038146973,6.550000190734863,12.024999618530272,122.9373016357422,39.61000061035156,40.93000030517578,113.15645599365234,20.77164649963379,6.063756942749023,6.930488586425781,661.9971313476562,6.650000095367432,1.5980000495910645,27.690000534057617,19.8700008392334,1727.199951171875,2783.360107421875,2808.199951171875,74.82931518554688,9.516496658325195,,,19.8,19.96,0.344,0.63,0.2,0.49,0.43,,,1.0909,107.42,7.0664,123.0752,40.84,455.68,,,,,,,,,,,,,,2.6161,,,,,,,
2020-04-22,,19.75,,19.75,4.329999923706055,10.260000228881836,7.949999809265137,12.720000267028809,152.52220153808594,38.2400016784668,40.22999954223633,111.90003204345705,20.395347595214844,5.935126781463623,7.003688812255859,681.4677124023438,6.224999904632568,1.9390000104904177,20.3700008392334,13.779999732971191,1728.699951171875,2799.31005859375,2834.89990234375,75.27386474609375,9.52577304840088,,,13.77,13.64,0.355,0.63,0.22,0.51,0.41,,,1.0829,107.81,7.0831,123.9256,41.98,511.42,,,,,,,,,,,,,,1.8811,,,,,,,
2020-04-29,,19.99,,19.99,4.420000076293945,10.479999542236328,7.980000019073486,12.600000381469728,156.5200958251953,48.9900016784668,45.54999923706055,116.7293930053711,22.076148986816406,6.489921569824219,7.279348850250244,686.530029296875,6.014999866485596,1.86899995803833,22.540000915527344,15.0600004196167,1703.4000244140625,2939.510009765625,2996.080078125,79.302001953125,10.258524894714355,,,17.86,15.04,0.341,0.63,0.2,0.53,0.43,,,1.0853,106.67,7.0755,122.7782,31.23,439.11,,,,,,,,,,,,,,2.4072,,,,,,,
2020-05-06,,17.75,,17.75,4.170000076293945,10.210000038146973,7.880000114440918,12.40999984741211,159.91839599609375,52.68000030517578,43.119998931884766,113.23497772216795,22.17649269104004,6.222269535064697,6.925817489624023,671.9271240234375,5.764999866485596,1.944000005722046,29.719999313354492,23.989999771118164,1684.199951171875,2848.419921875,2843.760009765625,76.38977813720703,9.8875093460083,,,24.2,23.88,0.375,0.72,0.17,0.6,0.55,,,1.0806,106.07,7.1031,123.609,34.12,498.71,88.9,92.2,0.479135742756966,80.2,22.0,415662.0,2.032142857,5239.826315789474,1466.371578947368,12179.60526315789,33.51190476190476,90.8,62.5,1.2454,415.7433513381408,85.9604,83.6816,133040.0,265.799,104.402,
2020-05-13,,18.72,,18.72,4.110000133514404,9.3100004196167,7.849999904632568,11.835000038146973,189.90310668945312,57.470001220703125,39.43000030517578,120.96981811523438,22.661497116088867,5.958515167236328,6.770076751708984,705.611083984375,5.119999885559082,1.616000056266785,29.190000534057617,25.290000915527344,1713.9000244140625,2820.0,2810.550048828125,76.29904174804688,9.99881362915039,,,27.89,25.37,0.403,0.64,0.16,0.51,0.48,,,1.0837,106.92,7.0911,123.5408,35.28,553.21,,,,,,,,,,,,,,0.9461,,,,,,,
2020-05-20,,20.11,,20.11,4.21999979019165,9.800000190734863,8.0,12.050000190734863,238.8780975341797,64.16999816894531,43.939998626708984,123.91455841064452,24.12488174438477,6.356096267700195,6.9912285804748535,721.96630859375,4.460000038146973,1.7710000276565552,35.75,33.4900016784668,1750.5999755859375,2971.610107421875,2942.389892578125,80.07318115234375,10.703740119934082,,,34.76,33.56,0.468,0.68,0.16,0.56,0.52,,,1.098,107.46,7.0928,122.1007,27.99,420.68,,,,,,,,,,,,,,0.919,,,,,,,
2020-05-27,,21.45,,21.45,4.329999923706055,10.550000190734863,8.34000015258789,14.630000114440918,259.8674011230469,57.86000061035156,46.61000061035156,128.39056396484375,24.54298973083496,6.850473880767822,7.478697776794434,731.3121948242188,3.694999933242798,1.722000002861023,34.7400016784668,32.810001373291016,1710.300048828125,3036.1298828125,3051.080078125,81.99652862548828,10.991275787353516,,,32.73,32.8,0.449,0.68,0.19,0.53,0.49,,,1.0969,107.79,7.1681,121.5677,27.62,355.1,,,,,,,,,,,,,,0.4326,,,,,,,
2020-06-03,,21.98,,21.98,4.170000076293945,11.470000267028809,7.769999980926514,15.899999618530272,358.31719970703125,53.31999969482422,49.5,138.16708374023438,26.47465133666992,7.542341709136963,7.876617908477783,766.1643676757812,5.329999923706055,1.8209999799728391,39.790000915527344,37.290000915527344,1697.800048828125,3122.8701171875,3269.590087890625,85.23538208007812,11.482868194580078,,,37.98,37.33,0.5,0.77,0.19,0.61,0.58,,,1.1246,108.88,7.1115,119.2556,25.66,287.17,87.3,90.6,0.351459291517374,90.2,14.0,134871.0,2.050454545,5754.595454545455,1568.570454545455,12727.15227272727,33.08863636363636,122.5,94.3,,309.5923035474373,91.5934,91.6154,137671.0,266.302,104.565,
2020-06-10,,22.3,,22.3,5.659999847412109,14.579999923706056,10.270000457763672,19.489999771118164,331.8306884765625,49.349998474121094,51.189998626708984,137.97076416015625,25.596622467041016,7.405917644500732,7.776165962219238,744.7468872070312,4.800000190734863,1.7799999713897705,41.72999954223633,39.599998474121094,1713.300048828125,3190.139892578125,3293.7099609375,86.7776870727539,11.74257755279541,,,41.18,39.54,0.501,0.75,0.17,0.58,0.58,,,1.1355,107.25,7.0599,118.5231,27.57,237.88,,,,,,,,,,,,,,-0.0884,,,,,,,
2020-06-17,,22.81,,22.81,5.289999961853027,13.649999618530272,8.8100004196167,19.899999618530273,296.8486022949219,39.040000915527344,49.900001525878906,133.612548828125,25.738780975341797,7.308471202850342,7.798746109008789,725.4710693359375,5.210000038146973,1.6380000114440918,40.709999084472656,37.959999084472656,1729.199951171875,3113.489990234375,3267.260009765625,85.0184555053711,11.35646152496338,,,40.47,37.91,0.503,0.74,0.19,0.57,0.55,,,1.1219,107.26,7.084,119.9105,33.47,348.4,,,,,,,,,,,,,,0.276,,,,,,,
2020-06-24,,24.85,,24.85,7.570000171661377,13.649999618530272,9.0,19.31999969482422,255.8695068359375,46.68000030517578,49.08000183105469,132.31687927246094,26.28232192993164,7.107081890106201,7.785508155822754,741.6314697265625,5.664999961853027,1.597000002861023,40.310001373291016,38.0099983215332,1765.800048828125,3050.330078125,3196.1201171875,83.38716125488281,11.505521774291992,,,40.4,37.91,0.49,0.69,0.19,0.54,0.5,,,1.1272,106.83,7.077,119.9744,33.84,224.4,,,,,,,,,,,,,,0.4811,,,,,,,
2020-07-01,,27.1,,27.1,8.869999885559082,16.110000610351562,10.479999542236328,18.540000915527344,273.86029052734375,49.060001373291016,49.09000015258789,137.2247772216797,26.238330841064453,7.097337245941162,8.067400932312012,745.7203369140625,5.864999771118164,1.6710000038146973,42.029998779296875,39.81999969482422,1773.199951171875,3115.860107421875,3228.449951171875,84.91765594482422,11.81295680999756,,,42.18,39.88,0.46,0.69,0.17,0.55,0.52,,,1.1259,107.5,7.0703,120.0808,28.62,329.62,86.0,89.2,0.220885310186352,94.7,23.0,350056.0,2.286956522,6372.460869565217,1643.812173913043,13402.30391304348,32.36086956521739,134.6,100.0,,313.1465900918374,95.0256,91.4179,139255.0,267.703,104.937,2390967172487.9
2020-07-08,,29.34,,29.34,9.5,20.059999465942383,12.529999732971191,22.100000381469727,313.340087890625,54.93000030517578,58.060001373291016,144.37066650390625,27.602582931518555,7.32796049118042,8.530387878417969,818.5399780273438,5.934999942779541,1.8240000009536743,43.290000915527344,40.900001525878906,1815.5,3169.93994140625,3286.090087890625,86.70471954345703,12.80979061126709,,,43.67,40.91,0.493,0.67,0.16,0.52,0.51,,,1.1329,107.39,7.0041,119.5525,28.08,319.33,,,,,,,,,,,,,,0.4193,,,,,,,
2020-07-15,,29.81,,29.81,9.039999961853027,20.68000030517578,17.649999618530273,22.299999237060547,309.8418884277344,57.95000076293945,60.97999954223633,153.7938232421875,27.73128890991211,7.259747982025147,8.75319766998291,858.2598266601562,5.224999904632568,1.777999997138977,43.790000915527344,41.20000076293945,1811.4000244140625,3226.56005859375,3378.2099609375,88.32679748535156,13.126543045043944,,,43.96,41.2,0.493,0.64,0.16,0.48,0.48,,,1.1406,106.92,6.9885,119.0331,27.76,352.74,,,,,,,,,,,,,,0.1189,,,,,,,
2020-07-22,,26.34,,26.34,8.949999809265137,18.100000381469727,18.709999084472656,20.559999465942383,268.86279296875,62.08000183105469,61.150001525878906,166.71141052246094,28.906776428222656,7.292230129241943,8.840728759765625,881.0403442382812,4.829999923706055,1.680999994277954,44.290000915527344,41.900001525878906,1864.0999755859375,3276.02001953125,3370.760009765625,89.49987030029297,13.65756607055664,,,43.98,41.88,0.515,0.6,0.14,0.47,0.46,,,1.1587,107.18,6.9988,118.1337,24.32,297.02,,,,,,,,,,,,,,0.0725,,,,,,,
2020-07-29,,25.96,,25.96,8.1899995803833,14.880000114440918,12.859999656677246,19.200000762939453,267.8633117675781,59.119998931884766,60.11000061035156,158.50540161132812,28.263259887695312,7.288982391357422,8.8287935256958,891.3597412109375,5.175000190734863,1.8539999723434448,43.75,41.27000045776367,1953.5,3258.43994140625,3300.159912109375,89.23410034179688,13.443293571472168,,,43.51,41.13,0.486,0.58,0.12,0.47,0.46,,,1.177,105.06,7.0014,117.2126,24.1,370.27,,,,,,,,,,,,,,-0.2195,,,,,,,
2020-08-05,,25.95,,25.95,9.329999923706056,15.15999984741211,14.010000228881836,18.524999618530273,251.37179565429688,74.98999786376953,65.7300033569336,165.37646484375,28.30616569519043,7.656029224395752,8.645770072937012,869.942138671875,7.320000171661377,2.190999984741211,45.16999816894531,42.189998626708984,2031.0999755859375,3327.77001953125,3268.3798828125,90.49878692626952,14.523974418640137,,,44.92,42.25,0.503,0.55,0.11,0.45,0.44,,,1.1898,105.44,6.9353,116.8736,22.99,253.99,88.4,91.7,0.160071953925014,79.1,13.0,12740.0,3.625714286,6508.392857142857,1738.555238095238,14575.78285714286,31.37619047619048,133.5,104.4,,289.35592920994884,95.9549,95.7698,140821.0,268.756,105.243,
2020-08-12,,25.55,,25.55,10.630000114440918,14.399999618530272,13.210000038146973,18.045000076293945,261.86639404296875,71.19000244140625,73.52999877929688,180.1786651611328,28.872461318969727,7.909389972686768,8.860624313354492,864.2957153320312,7.170000076293945,2.1519999504089355,45.43000030517578,42.66999816894531,1934.9000244140625,3380.35009765625,3363.179931640625,91.9559326171875,14.85935878753662,,,45.09,42.6,0.504,0.69,0.16,0.58,0.53,,,1.1796,106.85,6.9363,117.2559,22.28,202.2,,,,,,,,,,,,,,-0.1992,,,,,,,
2020-08-19,,26.05,,26.05,13.649999618530272,15.960000038146973,16.889999389648438,20.100000381469727,287.85308837890625,75.48999786376953,75.8499984741211,181.9455108642578,28.03159523010254,7.438398838043213,8.61394214630127,853.9763793945312,8.354999542236328,2.4260001182556152,45.369998931884766,42.93000030517578,1958.699951171875,3374.85009765625,3317.6201171875,91.92843627929688,15.287903785705566,,,45.21,42.91,0.51,0.68,0.14,0.57,0.54,,,1.1898,105.71,6.9192,116.567,22.54,216.18,,,,,,,,,,,,,,-0.2604,,,,,,,
2020-08-26,,28.42,,28.42,13.050000190734863,15.84000015258789,16.229999542236328,22.0,289.85211181640625,75.23999786376953,78.19000244140625,188.81658935546875,28.76949691772461,7.376681804656982,8.61394214630127,880.2615356445312,9.149999618530272,2.4609999656677246,45.63999938964844,43.38999938964844,1940.699951171875,3478.72998046875,3356.760009765625,94.24703979492188,15.716449737548828,,,45.79,43.21,0.513,0.69,0.16,0.58,0.53,,,1.1813,106.13,6.8855,116.6243,23.27,154.27,,,,,,,,,,,,,,-0.0612,,,,,,,
2020-09-02,,28.28,,28.28,13.140000343322754,15.5600004196167,16.479999542236328,22.5,282.35589599609375,77.0199966430664,77.44999694824219,191.7220458984375,28.906776428222656,7.633291244506836,8.514473915100098,877.7303466796875,11.109999656677246,2.486000061035156,44.43000030517578,41.5099983215332,1934.4000244140625,3580.840087890625,3337.77001953125,96.26321411132812,16.16362762451172,,,42.7,42.76,0.503,0.66,0.14,0.54,0.52,,,1.184,106.15,6.8375,116.0304,26.57,237.83,86.3,89.6,0.123463670294754,98.9,25.0,84951.0,4.609772727,6704.9,1743.774545454545,14857.48863636364,29.98181818181818,131.5,101.1,,309.3344640447869,95.9669,94.4404,141770.0,269.054,105.41,
2020-09-09,,26.02,,26.02,12.130000114440918,14.31999969482422,14.479999542236328,22.420000076293945,263.3656005859375,67.70999908447266,71.69999694824219,187.48162841796875,27.602582931518555,7.746978759765625,8.454793930053711,845.0199584960938,10.734999656677246,2.4059998989105225,40.790000915527344,38.04999923706055,1944.699951171875,3398.9599609375,3324.830078125,92.203369140625,15.436963081359863,,,39.98,38.05,0.458,0.71,0.14,0.59,0.57,,,1.181,106.23,6.8308,116.1291,28.81,209.54,,,,,,,,,,,,,,-0.1126,,,,,,,
2020-09-16,,29.99,,29.99,12.9399995803833,15.609999656677246,14.90999984741211,18.565000534057617,262.86590576171875,72.83000183105469,71.95999908447266,190.0337371826172,27.079191207885746,7.766468524932861,8.458773612976074,846.5775146484375,11.31999969482422,2.2669999599456787,42.220001220703125,40.15999984741211,1960.199951171875,3385.489990234375,3338.840087890625,92.5424575805664,15.893461227416992,,,41.23,40.17,0.513,0.69,0.14,0.57,0.55,,,1.1835,104.94,6.7529,115.3537,26.04,244.64,,,,,,,,,,,,,,0.0593,,,,,,,
2020-09-23,,27.31,,27.31,12.079999923706056,14.960000038146973,15.239999771118164,17.18000030517578,249.87249755859375,70.2699966430664,62.02000045776367,190.0337371826172,26.796043395996097,7.376681804656982,8.220047950744629,856.7022094726562,12.020000457763672,2.125,41.77000045776367,39.93000030517578,1859.9000244140625,3236.919921875,3180.110107421875,88.48260498046875,15.39038372039795,,,41.09,39.92,0.498,0.68,0.14,0.57,0.54,,,1.1677,105.34,6.8089,117.2526,28.58,161.46,,,,,,,,,,,,,,-0.126,,,,,,,
2020-09-30,,27.09,,27.09,13.40999984741211,15.100000381469728,17.969999313354492,16.959999084472656,260.3671875,82.58999633789062,66.19999694824219,202.205322265625,27.43956184387207,7.418910980224609,8.36328125,852.2240600585938,13.28499984741211,2.5269999504089355,40.95000076293945,40.220001220703125,1887.5,3363.0,3193.610107421875,91.2044448852539,17.22567367553711,,,40.3,40.05,0.504,0.69,0.13,0.59,0.56,,,1.1723,105.58,6.7896,116.946,26.37,207.77,,,,,,,,,,,,,,0.2582,,,,,,,
2020-10-07,,26.76,,26.76,18.229999542236328,18.36000061035156,21.6299991607666,18.905000686645508,312.84039306640625,107.81999969482422,78.70999908447266,215.4566345214844,28.52066993713379,7.837928295135498,8.617920875549316,959.1170654296876,13.710000038146973,2.6059999465942383,41.9900016784668,39.95000076293945,1883.5999755859375,3419.43994140625,3233.429931640625,92.89070129394533,19.64789390563965,,,40.62,39.82,0.514,0.81,0.16,0.71,0.65,,,1.1766,105.97,6.7896,116.3447,28.06,426.88,,,,,,,,,,,,,,-0.0699,,,,,,,
2020-10-14,,25.3,,25.3,17.299999237060547,18.86000061035156,20.729999542236328,20.079999923706055,291.3514099121094,108.97000122070312,83.72000122070312,227.333740234375,29.507394790649418,7.769717216491699,8.968048095703125,1023.1749267578124,13.869999885559082,2.635999917984009,43.31999969482422,41.040000915527344,1901.300048828125,3488.669921875,3273.280029296875,94.32952117919922,19.69447135925293,,,41.81,40.86,0.536,0.73,0.14,0.61,0.59,,,1.1755,105.08,6.7136,115.6872,26.4,341.81,,,,,,,,,,,,,,-0.2308,,,,,,,
2020-10-21,,23.96,,23.96,14.859999656677246,15.710000038146973,16.399999618530273,18.149999618530273,251.8715057373047,101.52999877929688,81.5999984741211,213.5916290283203,28.40912628173828,7.396173000335693,8.578132629394531,959.5064697265624,14.864999771118164,3.0230000019073486,41.72999954223633,40.029998779296875,1924.5999755859375,3435.56005859375,3180.699951171875,92.96403503417967,18.84669303894043,,,40.09,39.88,0.53,0.83,0.14,0.73,0.69,,,1.187,104.58,6.6503,114.9108,28.65,158.05,,,,,,,,,,,,,,-0.0849,,,,,,,
2020-10-28,,23.55,,23.55,14.800000190734863,14.4399995803833,14.600000381469728,16.514999389648438,227.0,102.80999755859376,93.30999755859376,199.8495330810547,27.46529769897461,6.792006015777588,8.224026679992676,919.0078125,14.484999656677246,2.996000051498413,39.119998931884766,37.38999938964844,1876.199951171875,3271.030029296875,2963.5400390625,88.61091613769531,18.02686882019043,,,37.86,37.27,0.531,0.79,0.16,0.69,0.63,,,1.1751,104.33,6.7279,115.8023,40.28,234.14,,,,,,,,,,,,,,0.0161,,,,,,,
2020-11-04,,23.83,,23.83,16.610000610351562,15.829999923706056,13.800000190734863,19.795000076293945,267.0,106.19000244140624,79.77999877929688,211.03955078125,29.061222076416016,7.191535472869873,8.498558044433594,1020.2544555664062,13.885000228881836,3.0460000038146973,41.22999954223633,39.150001525878906,1894.5999755859375,3443.43994140625,3161.070068359375,93.13813018798828,18.529945373535156,,,39.68,38.97,0.564,0.78,0.14,0.68,0.64,,,1.173,104.39,6.6504,115.1677,29.57,370.7,86.2,89.5,-0.0550423146444472,105.7,23.0,228809.0,6.822142857,7068.907142857143,1935.283333333333,15807.73333333333,29.48571428571429,126.2,106.8,,397.37945265644953,97.0816,95.8084,142733.0,269.473,105.605,
2020-11-11,,26.47,,26.47,23.0,16.15999984741211,17.100000381469727,19.315000534057617,289.0,120.43000030517578,84.19999694824219,231.16189575195312,29.318628311157227,7.967857837677002,9.035686492919922,1100.5703125,14.095000267028809,3.0309998989105225,43.79999923706055,41.45000076293945,1860.699951171875,3572.659912109375,3467.300048828125,97.57372283935548,20.35592460632324,,,42.5,41.23,0.556,0.98,0.19,0.88,0.79,,,1.181,105.36,6.6146,114.0757,23.45,252.06,,,,,,,,,,,,,,-0.0693,,,,,,,
2020-11-18,,27.42,,27.42,23.219999313354492,16.90999984741211,18.510000228881836,20.920000076293945,316.0,124.91999816894533,81.98999786376953,228.7079620361328,28.932519912719727,7.932126998901367,9.015793800354004,1051.89404296875,13.68000030517578,2.711999893188477,44.34000015258789,41.81999969482422,1873.5,3567.7900390625,3482.169921875,97.8028335571289,20.05780601501465,,,42.91,41.64,0.53,0.88,0.16,0.79,0.72,,,1.1869,103.72,6.5588,113.46,23.84,154.81,,,,,,,,,,,,,,-0.4761,,,,,,,
2020-11-25,,26.97,,26.97,26.15999984741211,20.270000457763672,27.459999084472656,22.13999938964844,359.0,139.07000732421875,92.4499969482422,234.30294799804688,29.541719436645508,8.20822525024414,8.991920471191406,1063.5762939453125,13.93000030517578,2.8959999084472656,48.61000061035156,45.709999084472656,1805.699951171875,3629.64990234375,3511.89990234375,99.95648193359376,21.62292861938477,,,47.3,45.58,0.545,0.88,0.17,0.79,0.71,,,1.1908,104.39,6.575,113.1823,21.25,276.82,,,,,,,,,,,,,,-0.1566,,,,,,,
2020-12-02,,28.9,,28.9,24.06999969482422,19.040000915527344,24.260000228881836,23.3799991607666,373.0,127.93000030517578,90.48999786376952,243.8242645263672,30.030786514282227,8.315415382385254,8.991920471191406,1035.830810546875,14.904999732971191,2.7799999713897705,48.25,45.279998779296875,1825.699951171875,3669.010009765625,3521.320068359375,101.01954650878906,21.52045249938965,,,47.8,45.23,0.583,0.95,0.16,0.86,0.79,,,1.2093,104.52,6.5622,112.6115,21.17,156.7,88.3,91.6,-0.0918818166552814,92.5,30.0,1460169.0,11.60891304,7772.238095238095,2014.671904761905,16823.03857142857,29.77391304347826,139.2,122.6,,302.48026692951555,98.363,95.4218,142548.0,269.226,105.896,
2020-12-09,,29.69,,29.69,26.739999771118164,19.68000030517578,25.010000228881836,25.229999542236328,394.0,127.26000213623048,86.22000122070312,244.1187438964844,28.92393684387207,8.169245719909668,8.944177627563477,1028.5294189453125,14.734999656677246,2.441999912261963,48.86000061035156,45.52000045776367,1834.5999755859375,3672.820068359375,3529.02001953125,101.43196105957033,21.56703186035156,,,48.81,45.48,0.583,0.95,0.16,0.87,0.79,,,1.208,104.28,6.541,112.0305,22.27,144.77,,,,,,,,,,,,,,-0.4398,,,,,,,
2020-12-16,,30.92,,30.92,28.459999084472656,19.63999938964844,25.8799991607666,24.61000061035156,397.0,163.30999755859375,91.7699966430664,253.5419006347656,29.00115966796875,8.185486793518066,8.960091590881348,1053.3543701171875,16.3799991607666,2.677000045776367,51.08000183105469,47.81999969482422,1856.0999755859375,3701.169921875,3543.0,102.57242584228516,23.3761043548584,,,50.83,47.86,0.63,0.92,0.13,0.83,0.79,,,1.2175,103.59,6.5323,111.7157,22.5,136.12,,,,,,,,,,,,,,-0.415,,,,,,,
2020-12-23,,,,,36.13999938964844,23.479999542236328,30.59000015258789,26.719999313354492,461.0,180.32000732421875,101.83000183105467,273.0753479003906,29.00115966796875,8.2439546585083,9.131176948547363,1158.00830078125,17.5049991607666,2.6080000400543213,51.20000076293945,48.119998931884766,1874.699951171875,3690.010009765625,3539.260009765625,102.58165740966795,25.894681930541992,,,51.05,47.94,0.704,0.96,0.13,0.87,0.83,,,1.2194,103.52,6.54,111.9807,23.31,291.07,,,,,,,,,,,,,,-0.3721,,,,,,,
2020-12-30,,,,,34.189998626708984,23.559999465942383,28.40999984741211,28.959999084472656,496.5,172.92999267578125,100.33999633789062,282.5966491699219,29.661842346191406,8.247203826904297,9.342049598693848,1210.5787353515625,19.0,2.421999931335449,51.34000015258789,48.400001525878906,1891.0,3732.0400390625,3571.590087890625,103.65243530273438,26.40243148803711,,,50.74,48.24,0.753,0.93,0.12,0.85,0.81,,,1.228,103.31,6.5208,111.3084,22.77,368.46,,,,,,,,,,,,,,-0.4131,,,,,,,
2021-01-06,,,,,35.0,24.309999465942383,30.420000076293945,29.780000686645508,555.0,203.3800048828125,99.69000244140624,296.4369201660156,31.369308471679688,8.526549339294434,9.731963157653809,1289.4342041015625,17.565000534057617,2.7160000801086426,54.29999923706055,50.630001068115234,1906.9000244140625,3748.139892578125,3611.080078125,104.46473693847656,29.30492401123047,,,53.8,50.45,0.803,1.04,0.14,0.95,0.9,,,1.229,103.25,6.4617,110.8502,25.07,139.81,86.1,89.4,-0.0637567597967504,97.4,28.0,618036.0,20.4152381,7972.1475,2003.9755,17863.176,29.85714285714286,157.5,138.3,-0.4705,271.75653651100254,98.8822,96.3818,142863.0,269.755,106.281,2387380479943.9
2021-01-13,,,,,69.5,36.58000183105469,38.709999084472656,33.63999938964844,663.0,203.69000244140625,104.18000030517578,286.4248046875,32.58769226074219,8.890348434448242,9.768717765808104,1176.991943359375,21.5,2.7269999980926514,56.060001373291016,52.90999984741211,1853.5999755859375,3809.840087890625,3616.510009765625,105.9231948852539,30.415523529052734,,,55.52,52.81,0.923,1.1,0.14,1.01,0.96,,,1.2159,103.91,6.4677,111.3622,22.21,223.57,,,,,,,,,,,,,,-0.4802,,,,,,,
2021-01-20,,,,,62.5,35.2599983215332,38.58000183105469,31.920000076293945,666.0,199.3999938964844,101.75,281.32061767578125,32.20158767700195,8.734434127807617,9.462185859680176,1192.0816650390625,20.260000228881836,2.5390000343322754,56.08000183105469,53.2400016784668,1865.9000244140625,3851.85009765625,3624.0400390625,106.91089630126952,29.19293212890625,,,55.66,53.16,0.85,1.1,0.13,1.02,0.97,,,1.2126,103.86,6.4777,111.4527,21.58,309.33,,,,,,,,,,,,,,-0.5236,,,,,,,
2021-01-27,,,,,64.41999816894531,34.369998931884766,39.349998474121094,31.059999465942383,645.0,179.02000427246094,102.80999755859376,260.4129333496094,30.22812843322754,8.269940376281738,9.163718223571776,1129.2891845703125,19.700000762939453,2.759999990463257,55.810001373291016,52.849998474121094,1844.9000244140625,3750.77001953125,3536.3798828125,104.02166748046876,28.128992080688477,,,55.07,52.81,0.91,1.04,0.12,0.96,0.92,,,1.2101,104.09,6.4822,112.0782,37.21,251.13,,,,,,,,,,,,,,-0.5108,,,,,,,
2021-02-03,,38.0,,38.0,67.37999725341797,37.06999969482422,40.959999084472656,32.290000915527344,651.0,196.33999633789065,98.94000244140624,270.130615234375,31.309246063232425,8.640236854553223,9.175819396972656,1141.9451904296875,17.854999542236328,2.7890000343322754,58.459999084472656,55.689998626708984,1832.199951171875,3830.169921875,3609.75,105.9231948852539,29.25826072692871,,,58.61,55.67,0.828,1.15,0.11,1.11,1.04,,,1.2025,105.05,6.4614,112.2567,22.91,145.65,85.9,89.1,0.0632093685662669,96.0,41.0,1163673.0,7.16875,8470.94,2078.5935,18584.38,28.6625,171.8,155.4,,195.1068145269577,95.6149,94.0011,143380.0,270.696,106.501,
2021-02-10,,37.7,,37.7,64.33000183105469,35.470001220703125,41.40999984741211,32.41999816894531,630.0,202.07000732421875,99.87999725341795,241.17401123046875,29.172765731811523,8.52330207824707,8.691819190979004,989.5884399414062,18.559999465942383,2.9110000133514404,61.470001220703125,58.68000030517578,1840.5999755859375,3909.8798828125,3648.3701171875,108.2862777709961,28.735626220703125,,,61.17,58.69,0.858,1.15,0.11,1.1,1.04,,,1.2132,104.67,6.4576,111.5834,21.99,113.01,,,,,,,,,,,,,,-0.5709,,,,,,,
2021-02-17,,38.42,,38.42,56.22999954223633,32.099998474121094,33.0,30.399999618530273,583.0,189.33999633789065,95.83999633789062,262.1798095703125,28.220359802246097,8.435598373413086,8.631321907043457,1003.7045288085938,16.540000915527344,3.2190001010894775,64.33999633789062,61.13999938964844,1771.0999755859375,3931.330078125,3699.85009765625,109.25550842285156,27.513031005859375,,,65.02,61.09,0.978,1.29,0.11,1.25,1.18,,,1.2042,105.83,6.4567,112.0204,21.5,84.88,,,,,,,,,,,,,,-0.7569,,,,,,,
2021-02-24,,38.42,,38.42,50.15999984741211,30.1299991607666,30.06999969482422,25.88999938964844,533.0,180.8699951171875,88.02999877929688,221.8369140625,27.04487037658691,8.214722633361816,8.38528823852539,962.427001953125,16.3799991607666,2.8540000915527344,67.04000091552734,63.220001220703125,1796.4000244140625,3925.429931640625,3705.989990234375,108.82167053222656,25.002511978149418,,,66.85,63.21,0.975,1.38,0.12,1.35,1.26,,,1.2143,105.91,6.4556,111.7212,21.34,186.94,,,,,,,,,,,,,,-0.647,,,,,,,
2021-03-03,,37.56,,37.56,43.810001373291016,25.56999969482422,26.61000061035156,24.209999084472656,509.0,161.1199951171875,78.87999725341797,213.98426818847656,25.877958297729492,7.493618488311768,8.074722290039062,901.7908935546876,15.524999618530272,2.815999984741211,64.06999969482422,61.279998779296875,1715.300048828125,3819.719970703125,3712.780029296875,105.9878158569336,22.650653839111328,,,64.7,61.33,0.968,1.47,0.14,1.42,1.33,,,1.2073,106.92,6.4675,112.7617,26.67,103.44,85.8,89.0,0.147856238199887,107.1,41.0,1779786.0,6.443478261,8988.247826086958,2190.482608695652,16406.66043478261,28.33478260869565,202.4,169.1,,212.04868951840004,98.3856,98.0734,144232.0,271.713,106.933,
2021-03-10,,41.0,,41.0,42.83000183105469,23.489999771118164,27.709999084472656,23.700000762939453,481.0,152.42999267578125,75.72000122070312,225.6650390625,27.73128890991211,7.7762131690979,8.651487350463867,936.47509765625,17.6299991607666,2.691999912261963,67.9000015258789,64.44000244140625,1721.5,3898.81005859375,3819.919921875,107.9262924194336,22.510663986206055,,26.993892669677734,67.53,64.45,0.935,1.53,0.16,1.49,1.37,,,1.19,108.58,6.505,113.5881,22.56,195.33,,,,,,,,,,,,,,-0.4003,,,,,,,
2021-03-17,,41.9,,41.9,39.33000183105469,25.81999969482422,28.489999771118164,21.549999237060547,430.5,163.82000732421875,80.13999938964844,216.536376953125,26.804622650146484,7.841176509857178,8.61518669128418,937.4548950195312,17.969999313354492,2.5280001163482666,68.0,64.5999984741211,1726.800048828125,3974.1201171875,3849.739990234375,110.04012298583984,22.445327758789062,,26.114757537841797,67.73,64.55,0.9,1.63,0.13,1.61,1.5,,,1.1905,109.22,6.503,113.1589,19.23,187.89,,,,,,,,,,,,,,-0.4929,,,,,,,
2021-03-24,,40.94,,40.94,33.20000076293945,22.09000015258789,24.459999084472656,21.790000915527344,403.5,147.97999572753906,80.72000122070312,222.3277130126953,27.920055389404297,7.772964954376221,8.812819480895996,963.3211669921876,18.59000015258789,2.5179998874664307,64.41000366210938,61.18000030517578,1732.9000244140625,3889.139892578125,3832.550048828125,107.40936279296876,20.905424118041992,,24.23613929748535,63.7,61.12,0.9,1.62,0.14,1.6,1.48,,,1.1831,108.81,6.523,113.6565,21.2,126.24,,,,,,,,,,,,,,-0.5392,,,,,,,
2021-03-31,,42.26,,42.26,35.84000015258789,24.34000015258789,27.049999237060547,25.190000534057617,473.5,162.16000366210938,87.30000305175781,255.60321044921875,28.675111770629883,7.863915920257568,8.86121940612793,1003.7861328125,18.9950008392334,2.6080000400543213,63.540000915527344,59.15999984741211,1713.800048828125,3972.889892578125,3919.2099609375,109.37550354003906,22.678653717041016,24.857131958007812,26.4865665435791,63.52,59.19,0.85,1.74,0.16,1.71,1.58,,,1.1743,110.61,6.5518,113.8234,19.4,136.03,,,,,,,,,,,,,,-0.6189,,,,,,,
2021-04-07,,43.63,,43.63,31.959999084472656,23.260000228881836,24.709999084472656,24.690000534057617,459.2000122070313,150.00999450683594,81.0,240.4868927001953,29.07838249206543,7.973704338073731,9.070953369140623,1001.336669921875,19.28499984741211,2.5199999809265137,63.15999984741211,59.77000045776367,1740.0999755859375,4079.949951171875,3956.77001953125,111.86781311035156,21.596050262451172,23.96177101135254,26.009183883666992,61.86,59.77,0.878,1.68,0.16,1.66,1.52,,,1.189,109.67,6.5415,113.2436,17.16,205.44,,,,,,,,,,,,,,-0.7112,,,,,,,
2021-04-14,,43.53,,43.53,28.38999938964844,22.1299991607666,24.059999465942383,25.059999465942383,481.3999938964844,151.91000366210938,78.56999969482422,234.9633026123047,29.164186477661133,7.960711002349853,9.18791961669922,991.5388793945312,19.68000030517578,2.618000030517578,66.58000183105469,63.150001525878906,1734.9000244140625,4124.66015625,3976.280029296875,113.25243377685548,21.829370498657227,23.3277530670166,25.344425201416016,66.11,63.15,0.775,1.64,0.16,1.62,1.48,,,1.1974,108.93,6.5292,112.7849,16.99,65.13,,,,,,,,,,,,,,-0.8106,,,,,,,
2021-04-21,,44.85,,44.85,27.13999938964844,20.06999969482422,23.739999771118164,23.5,454.0,155.0800018310547,83.6500015258789,238.16519165039065,27.94579315185547,7.851572036743164,9.220184326171877,900.8110961914062,21.11000061035156,2.691999912261963,65.31999969482422,61.349998474121094,1792.300048828125,4173.419921875,3976.409912109375,114.24935150146484,21.913366317749023,22.524354934692383,24.13819694519043,64.02,61.34,0.748,1.57,0.15,1.54,1.42,,,1.2033,108.09,6.4903,112.1771,17.5,100.71,,,,,,,,,,,,,,-0.7627,,,,,,,
2021-04-28,,48.0,,48.0,28.86000061035156,22.709999084472656,27.770000457763672,25.059999465942383,513.0,146.91000366210938,88.69999694824219,262.9699401855469,28.254682540893555,8.054261207580566,9.16775131225586,947.4486694335938,21.55500030517578,2.924999952316284,67.2699966430664,63.86000061035156,1773.199951171875,4183.18017578125,4015.030029296875,114.87705993652344,22.43600082397461,23.927888870239254,25.46634101867676,67.08,63.81,0.9,1.63,0.17,1.62,1.46,,,1.2098,108.81,6.4771,111.7909,17.28,102.3,,,,,,,,,,,,,,-0.7125,,,,,,,
2021-05-05,,48.62,,48.62,24.290000915527344,15.59000015258789,21.6299991607666,19.44499969482422,416.6000061035156,126.87999725341795,74.38999938964844,245.8734436035156,27.8231143951416,8.046463012695312,9.16775131225586,861.2279052734375,23.959999084472656,2.937999963760376,68.95999908447266,65.62999725341797,1784.0999755859375,4167.58984375,4002.7900390625,114.04629516601562,20.476118087768555,20.951425552368164,22.063983917236328,69.71,65.63,0.805,1.59,0.16,1.57,1.43,,,1.2003,109.27,6.4749,112.1514,19.15,176.89,84.0,87.1,0.377151027497333,98.2,61.0,3126412.0,10.0145,10166.285,2434.7765,17602.1025,30.25714285714286,218.5,177.0,,173.12515293203327,99.4333,98.1901,145065.0,275.893,108.099,
2021-05-12,,54.22,,54.22,22.239999771118164,14.390000343322754,19.309999465942383,16.31999969482422,332.6000061035156,117.16999816894533,69.7300033569336,223.8357696533203,27.021623611450195,7.955513954162598,8.982219696044922,830.8546752929688,26.420000076293945,2.9690001010894775,69.31999969482422,66.08000183105469,1822.5999755859375,4063.0400390625,3947.429931640625,111.54474639892578,19.32818603515625,19.775936126708984,19.85269546508789,69.62,65.96,0.806,1.69,0.16,1.67,1.53,,,1.2074,109.53,6.4566,111.5636,27.59,78.7,,,,,,,,,,,,,,-0.8009,,,,,,,
2021-05-19,,52.12,,52.12,27.469999313354492,15.380000114440918,20.88999938964844,16.420000076293945,333.6000061035156,130.6699981689453,74.23999786376953,223.9345703125,27.990453720092773,8.5246000289917,9.091118812561035,865.343017578125,22.665000915527344,2.9639999866485596,66.66000366210938,63.36000061035156,1881.300048828125,4115.68017578125,3936.739990234375,113.2247543334961,20.50411033630371,20.63683700561523,21.330148696899418,66.88,63.28,0.8,1.68,0.16,1.67,1.52,,,1.2216,108.76,6.4342,110.8807,22.18,147.69,,,,,,,,,,,,,,-0.7422,,,,,,,
2021-05-26,,54.07,,54.07,29.690000534057617,16.790000915527344,23.040000915527344,17.684999465942383,372.7999877929687,143.0399932861328,77.52999877929688,232.43341064453125,28.193025588989254,8.467137336730957,9.204052925109863,918.0552368164062,26.424999237060547,2.9839999675750732,68.87000274658203,66.20999908447266,1901.300048828125,4195.990234375,4031.669921875,115.60627746582033,21.306734085083008,21.572465896606445,22.993511199951172,68.93,66.41,0.853,1.58,0.14,1.56,1.44,,,1.2204,109.1,6.3905,110.8677,17.36,71.66,,,,,,,,,,,,,,-0.7084,,,,,,,
2021-06-02,,51.5,,51.5,30.690000534057617,17.209999084472656,24.65999984741211,16.860000610351562,387.3999938964844,139.1699981689453,76.95999908447266,223.44046020507812,27.030431747436523,8.352058410644531,8.691819190979004,855.1532592773438,25.725000381469727,3.075000047683716,71.3499984741211,68.83000183105469,1907.5,4208.1201171875,4088.5,116.2616729736328,20.998748779296875,22.151695251464844,23.63928604125977,70.6,68.79,0.914,1.59,0.13,1.57,1.46,,,1.2213,109.59,6.3805,110.5799,17.48,83.31,85.8,89.0,0.303973297148943,101.4,58.0,1898832.0,12.01727273,9631.5,2446.645454545455,17979.56590909091,32.14210526315789,224.1,194.0,,170.97337846011976,99.7987,99.5413,145820.0,278.218,108.603,
2021-06-09,,53.7,,53.7,32.43000030517578,18.11000061035156,25.36000061035156,17.325000762939453,396.2000122070313,136.97000122070312,76.80999755859375,215.23809814453125,27.197772979736328,8.320919036865234,8.603087425231934,840.2606201171875,28.299999237060547,3.128999948501587,72.22000122070312,69.95999908447266,1893.199951171875,4219.5498046875,4096.85009765625,116.84322357177734,20.877422332763672,22.572751998901367,23.69799041748047,71.31,69.9,0.935,1.5,0.16,1.47,1.34,,,1.2184,109.61,6.3865,110.5707,17.89,131.85,,,,,,,,,,,,,,-0.8435,,,,,,,
2021-06-16,,50.83,,50.83,29.649999618530273,17.200000762939453,24.229999542236328,17.875,384.0,152.02000427246094,77.4000015258789,232.82872009277344,27.787878036499023,8.288426399230957,8.83298397064209,887.2900390625,28.030000686645508,3.250999927520752,74.38999938964844,72.1500015258789,1859.5,4223.7001953125,4151.759765625,116.98929595947266,21.265954971313477,21.900026321411133,22.9244327545166,73.88,72.03,0.944,1.57,0.21,1.53,1.36,,,1.2119,109.88,6.3969,111.1165,18.15,104.83,,,,,,,,,,,,,,-0.79,,,,,,,
2021-06-23,,53.62,,53.62,33.81999969482422,18.40999984741211,27.850000381469727,17.94499969482422,373.3999938964844,170.24000549316406,80.19000244140625,225.21926879882812,26.44032287597656,7.832170486450195,8.4094877243042,840.4564819335938,31.545000076293945,3.3329999446868896,75.19000244140625,73.08000183105469,1782.300048828125,4241.83984375,4075.93994140625,116.69155883789062,21.42549705505371,22.35974884033203,23.25559425354004,75.22,73.11,1.013,1.5,0.26,1.45,1.24,,,1.195,110.86,6.4727,112.3819,16.32,60.28,,,,,,,,,,,,,,-0.7687,,,,,,,
2021-06-30,,55.57,,55.57,34.189998626708984,18.1200008392334,26.8700008392334,20.079999923706055,455.3999938964844,183.6300048828125,90.51000213623048,241.9204864501953,26.915931701660156,7.821338176727295,8.292519569396973,862.2077026367188,34.62200164794922,3.650000095367432,75.12999725341797,73.47000122070312,1770.800048828125,4297.5,4064.300048828125,117.7615203857422,22.016735076904297,22.67030143737793,23.814199447631836,76.94,73.52,1.043,1.45,0.25,1.4,1.2,,,1.1848,111.05,6.4566,112.5533,15.83,133.65,,,,,,,,,,,,,,-0.7991,,,,,,,
2021-07-07,,53.15,,53.15,30.170000076293945,16.6299991607666,23.520000457763672,19.350000381469727,441.7999877929687,181.8300018310547,91.2699966430664,250.0240478515625,28.166606903076172,7.906632900238037,8.61518669128418,939.806396484375,32.3380012512207,3.5959999561309814,73.43000030517578,72.19999694824219,1801.5,4358.1298828125,4078.530029296875,119.04548645019533,22.119972229003903,21.69012451171875,22.834190368652344,74.31,72.22,1.07,1.33,0.22,1.28,1.11,,,1.1803,110.62,6.4718,113.1048,16.2,57.23,,,,,,,,,,,,,,-0.8399,,,,,,,
2021-07-14,,52.0,,52.0,26.540000915527344,15.460000038146973,21.09000015258789,19.239999771118164,405.2000122070313,170.7899932861328,90.04000091552734,241.9204864501953,27.47080993652344,7.86060094833374,8.51107120513916,921.974365234375,34.775001525878906,3.660000085830689,74.76000213623047,73.12999725341797,1824.300048828125,4374.2998046875,4099.5,119.46416473388672,21.24718856811523,20.75419235229492,21.256378173828125,75.74,73.06,1.098,1.37,0.23,1.31,1.14,,,1.1826,110.03,6.4688,112.8801,16.33,98.68,,,,,,,,,,,,,,-0.7079,,,,,,,
2021-07-21,,51.7,,51.7,28.049999237060547,16.549999237060547,22.549999237060547,18.05500030517578,402.6000061035156,179.7899932861328,85.19000244140625,234.0146026611328,25.594797134399418,7.569517612457275,8.436701774597168,930.596435546875,35.94900131225586,3.9590001106262207,72.2300033569336,70.30000305175781,1802.9000244140625,4358.68994140625,4026.679931640625,118.89662170410156,21.453657150268555,20.94780540466309,21.442577362060547,72.54,70.26,1.065,1.3,0.22,1.25,1.08,,,1.1799,110.22,6.4664,113.3926,17.91,185.19,,,,,,,,,,,,,,-0.7974,,,,,,,
2021-07-28,,53.45,,53.45,27.829999923706055,16.420000076293945,22.100000381469727,17.03499984741211,407.6000061035156,181.4199981689453,83.4800033569336,229.0734100341797,26.44913101196289,7.824045658111572,8.51107120513916,937.65087890625,39.698001861572266,4.044000148773193,74.73999786376953,72.38999938964844,1799.5,4400.64013671875,4103.02978515625,120.06893157958984,21.42549705505371,20.86521339416504,21.07017707824707,75.09,72.37,1.088,1.26,0.2,1.21,1.06,,,1.1809,110.06,6.4905,113.1807,18.31,152.66,,,,,,,,,,,,,,-0.565,,,,,,,
2021-08-04,,55.0,,55.0,25.88999938964844,15.220000267028809,20.6200008392334,15.475000381469728,399.6000061035156,193.92999267578125,92.20999908447266,242.5134429931641,26.722166061401367,7.796968460083008,8.453228950500488,943.7255249023438,42.25299835205078,4.1579999923706055,70.37999725341797,68.1500015258789,1810.5,4402.66015625,4144.89990234375,120.45970153808594,21.697654724121097,20.187341690063477,20.204830169677734,70.99,68.19,1.12,1.19,0.17,1.14,1.02,,,1.1841,109.44,6.4655,112.8953,17.97,67.39,85.241,88.396,0.0594693793304723,83.8,42.0,325523.0,16.64386364,9370.138571428572,2602.991904761905,19141.29666666667,32.14772727272727,234.195,185.763,,201.28162501514728,100.0437,99.1579,147314.0,279.507,109.409,
2021-08-11,,56.69,,56.69,27.399999618530273,15.920000076293944,21.969999313354492,14.845000267028809,407.0,182.2899932861328,95.91000366210938,239.15342712402344,27.62053871154785,7.987864971160889,8.428438186645508,958.6182250976562,45.98600006103515,4.059000015258789,71.44000244140625,69.25,1750.4000244140625,4442.41015625,4206.330078125,121.59481811523438,21.68827247619629,20.675979614257812,20.82517433166504,71.99,69.3,1.128,1.35,0.23,1.3,1.12,,,1.1737,110.47,6.4783,113.282,16.06,96.07,,,,,,,,,,,,,,-0.6728,,,,,,,
2021-08-18,,57.7,,57.7,25.059999465942383,15.3100004196167,20.450000762939453,14.539999961853027,440.6000061035156,162.47000122070312,93.6500015258789,241.52520751953125,28.668636322021484,8.22343921661377,8.635019302368164,974.8825073242188,45.3849983215332,3.8519999980926514,68.2300033569336,65.45999908447266,1781.5999755859375,4400.27001953125,4189.419921875,120.25502014160156,20.94687271118164,20.108245849609375,19.972566604614254,68.61,65.36,1.145,1.27,0.23,1.2,1.04,,,1.1702,109.92,6.4841,113.6959,21.57,113.23,,,,,,,,,,,,,,-0.8574,,,,,,,
2021-08-25,,56.63,,56.63,26.40999984741211,16.260000228881836,21.280000686645508,15.095000267028809,493.6000061035156,172.91000366210938,93.62999725341795,253.4828643798828,29.13544273376465,8.266763687133789,8.70112419128418,1007.21533203125,45.28499984741211,3.8970000743865967,72.25,68.36000061035156,1788.199951171875,4496.18994140625,4181.1201171875,122.25538635253906,21.76335334777832,20.777482986450195,20.58997344970703,72.12,68.54,1.105,1.35,0.23,1.29,1.12,,,1.1758,110.03,6.4756,113.6322,16.79,74.18,,,,,,,,,,,,,,-0.616,,,,,,,
2021-09-01,,61.29,,61.29,26.93000030517578,16.639999389648438,21.899999618530273,14.75,500.0,176.42999267578125,94.05999755859376,253.58169555664065,29.505353927612305,8.296548843383789,8.74657154083252,975.8623046875,50.23199844360352,4.614999771118164,71.58999633789062,68.58999633789062,1813.0999755859375,4524.08984375,4227.27001953125,123.23233032226562,22.063663482666016,21.224292755126953,21.24167823791504,71.99,68.63,1.175,1.31,0.2,1.26,1.11,,,1.185,110.03,6.4586,112.8732,16.11,88.74,84.005,87.046,0.19708119822436,104.7,39.0,1268721.0,24.06295455,9324.709545454543,2834.556818181818,19376.875,45.078125,236.262,194.123,,211.94786926470647,98.8579,96.8877,147771.0,279.884,109.641,
2021-09-08,,61.93,,61.93,25.25,15.470000267028809,20.520000457763672,14.579999923706056,493.0,163.3800048828125,95.43000030517578,249.52992248535156,28.827173233032227,8.142207145690918,8.552388191223145,934.9075317382812,55.28799819946289,4.914000034332275,72.5999984741211,69.30000305175781,1790.699951171875,4514.06982421875,4177.14990234375,123.08344268798828,21.54750061035156,20.719648361206055,20.74677467346191,72.36,69.36,1.188,1.35,0.22,1.3,1.13,,,1.1818,110.32,6.4612,113.2319,17.96,118.66,,,,,,,,,,,,,,-0.7578,,,,,,,
2021-09-15,,60.0,,60.0,24.6299991607666,15.18000030517578,19.329999923706055,13.260000228881836,410.6000061035156,155.52999877929688,104.6999969482422,249.4310760498047,28.659832000732425,7.967557907104492,7.846712589263916,870.6337890625,70.70700073242188,5.460000038146973,75.45999908447266,72.61000061035156,1792.4000244140625,4480.7001953125,4145.93994140625,122.53451538085938,21.172107696533203,20.069425582885746,19.75696563720703,74.84,72.59,1.303,1.31,0.21,1.27,1.1,,,1.1811,109.4,6.432,112.9773,18.18,106.93,,,,,,,,,,,,,,-0.7085,,,,,,,
2021-09-22,,60.02,,60.02,26.920000076293945,15.550000190734863,19.280000686645508,13.28499984741211,409.0,158.2100067138672,95.70999908447266,253.3840484619141,28.087337493896484,7.872786045074463,7.646742343902588,892.3849487304688,71.69200134277344,4.804999828338623,76.19000244140625,72.2300033569336,1776.699951171875,4395.64013671875,4150.18994140625,120.3108367919922,21.10641098022461,20.170434951782227,19.678564071655273,75.5,72.37,1.333,1.32,0.25,1.29,1.07,,,1.1739,109.59,6.4611,113.6223,20.87,98.64,,,,,,,,,,,,,,-0.6758,,,,,,,
2021-09-29,,61.83,,61.83,25.190000534057617,13.770000457763672,18.549999237060547,13.729999542236328,427.0,148.39999389648438,94.06999969482422,263.1675720214844,27.67338180541992,7.864662170410156,7.382319450378418,854.1734619140625,86.60900115966797,5.4770002365112305,78.63999938964844,74.83000183105469,1721.5,4359.4599609375,4080.219970703125,118.6454086303711,20.37439727783203,19.72349548339844,19.212865829467773,77.86,75.06,1.433,1.55,0.3,1.51,1.25,,,1.1612,111.83,6.4702,114.7092,22.56,104.63,,,,,,,,,,,,,,-0.541,,,,,,,
2021-10-06,,61.36,25.0,61.36,24.600000381469727,13.079999923706056,18.700000762939453,12.06999969482422,371.6000061035156,153.5800018310547,95.18000030517578,230.6545867919922,28.008068084716797,7.89038610458374,7.269941806793213,837.713134765625,108.19100189208984,5.675000190734863,81.08000183105469,77.43000030517578,1760.5,4363.5498046875,4012.64990234375,118.41281127929688,19.98023796081543,18.703319549560547,17.762649536132812,81.39,77.66,1.498,1.53,0.3,1.49,1.23,,,1.1546,111.33,6.4434,114.7185,21.0,145.53,83.224,86.194,0.352497867398119,105.5,57.0,2231443.0,35.0652381,9829.219047619048,2934.39380952381,19362.39285714286,38.47619047619048,250.577,220.924,-0.6271,187.2398433784515,100.1861,99.1234,148572.0,281.617,110.188,2500240087261.1
2021-10-13,,58.75,25.0,58.75,33.59000015258789,16.1200008392334,22.079999923706055,13.920000076293944,451.3999938964844,173.2100067138672,106.0199966430664,244.1934509277344,27.233003616333008,7.871432781219482,7.835142612457275,866.32275390625,93.61599731445312,5.590000152587891,83.18000030517578,80.44000244140625,1793.699951171875,4363.7998046875,4083.280029296875,119.1106185913086,21.538116455078125,21.239194869995117,20.98197555541992,83.53,80.67,1.423,1.56,0.37,1.51,1.19,,,1.1568,113.49,6.4262,114.4705,18.64,111.12,,,,,,,,,,,,,,-0.6345,,,,,,,
2021-10-20,,56.0,25.0,56.0,32.91999816894531,16.600000381469727,20.90999984741211,13.8100004196167,442.6000061035156,180.10000610351562,103.2300033569336,263.5628967285156,28.95047950744629,8.12460708618164,8.126006126403809,896.8920288085938,93.45099639892578,5.170000076293945,85.81999969482422,83.87000274658203,1784.0999755859375,4536.18994140625,4172.169921875,123.29744720458984,22.2607421875,21.608409881591797,21.56998062133789,85.76,84.4,1.491,1.65,0.4,1.6,1.25,,,1.1643,114.24,6.3936,113.5083,15.49,59.85,,,,,,,,,,,,,,-0.728,,,,,,,
2021-10-27,,58.92,25.0,58.92,34.40999984741211,16.149999618530273,27.61000061035156,17.415000915527344,478.7999877929687,216.22000122070312,110.2300033569336,270.28289794921875,29.611047744750977,8.34664249420166,8.304491996765137,892.5808715820312,86.81900024414062,6.202000141143799,84.58000183105469,82.66000366210938,1797.9000244140625,4551.68017578125,4220.8798828125,123.39979553222656,22.955219268798828,22.644134521484375,22.3931884765625,84.12,82.66,1.365,1.54,0.5,1.48,1.04,,,1.16,113.75,6.3915,113.6218,16.98,63.73,,,,,,,,,,,,,,-0.9021,,,,,,,
2021-11-03,,59.78,25.0,59.78,40.040000915527344,18.329999923706055,31.969999313354492,17.80500030517578,474.7999877929687,236.5800018310547,116.83000183105467,215.43572998046875,28.968093872070312,8.43464469909668,8.378860473632812,860.0521240234375,76.54199981689453,5.670000076293945,81.98999786376953,80.86000061035156,1763.5999755859375,4660.56982421875,4309.60986328125,126.1816864013672,23.19922637939453,23.99854850769043,24.49040412902832,81.1,80.82,1.383,1.6,0.47,1.55,1.13,,,1.1584,114.06,6.4061,114.3593,15.1,188.57,83.163,86.128,0.31220618663745,106.0,47.0,1759990.0,31.96357143,9728.904545454545,2636.452272727273,19932.86318181818,31.09958403772727,253.043,223.073,,229.32187991367337,100.8654,98.5441,149230.0,282.754,110.77,
2021-11-10,,61.53,25.0,61.53,40.18000030517578,17.0,33.029998779296875,20.200000762939453,521.0,231.47999572753903,110.98999786376952,227.7886962890625,28.71267318725586,8.705419540405273,8.395386695861816,857.7007446289062,70.12300109863281,4.880000114440918,82.63999938964844,81.33999633789062,1847.5999755859375,4646.7099609375,4348.81982421875,125.3257293701172,22.74875259399414,24.178287506103516,24.577625274658203,82.91,81.23,1.383,1.56,0.51,1.51,1.05,,,1.1517,113.89,6.3882,114.1484,18.73,39.0,,,,,,,,,,,,,,-0.6802,,,,,,,
2021-11-17,,67.14,25.0,67.14,41.9900016784668,16.670000076293945,31.31999969482422,19.700000762939453,484.2000122070313,254.86000061035156,103.94000244140624,229.17222595214844,29.18828582763672,9.112935066223145,8.424308776855469,849.66650390625,95.00399780273438,4.815999984741211,80.27999877929688,78.36000061035156,1869.699951171875,4688.669921875,4400.81005859375,126.43292236328124,23.058452606201172,23.906240463256836,24.402202606201172,80.67,78.32,1.148,1.6,0.52,1.55,1.08,,,1.1322,114.33,6.3775,115.0263,17.11,114.88,,,,,,,,,,,,,,-0.7862,,,,,,,
2021-11-24,,69.51,25.0,69.51,42.90999984741211,15.90999984741211,28.34000015258789,16.969999313354492,426.6000061035156,255.1000061035156,108.27999877929688,211.18630981445312,28.827173233032227,8.843515396118164,8.333414077758789,814.3944091796875,93.98400115966795,5.067999839782715,82.25,78.38999938964844,1784.0999755859375,4701.4599609375,4276.25,125.63275909423828,22.439056396484375,22.944355010986328,22.549989700317383,82.37,78.32,1.118,1.64,0.64,1.58,1.0,,,1.1196,115.34,6.3917,116.2711,18.58,131.12,,,,,,,,,,,,,,-0.6858,,,,,,,
2021-12-01,,76.38,25.0,76.38,36.709999084472656,14.109999656677246,25.63999938964844,18.415000915527344,461.3999938964844,236.86000061035156,101.63999938964844,215.33689880371097,30.993837356567383,8.800190925598145,8.31275463104248,836.1455078125,95.6750030517578,4.257999897003174,68.87000274658203,65.56999969482422,1781.5999755859375,4513.0400390625,4179.14990234375,120.53414154052734,21.359804153442383,21.44322967529297,21.001575469970703,69.53,65.44,0.998,1.43,0.56,1.37,0.87,,,1.1323,112.82,6.3641,115.889,31.12,108.42,83.133,86.094,0.278432004803968,96.4,35.0,1360046.0,37.41978261,9551.18,2695.531428571429,20015.54857142857,36.12930302782609,231.624,197.098,,258.40928353024697,100.5726,97.1899,149816.0,283.908,111.418,
2021-12-08,,87.45,25.0,87.45,36.599998474121094,14.449999809265137,25.270000457763672,17.114999771118164,422.3999938964844,225.61000061035156,100.70999908447266,212.47103881835935,30.632720947265625,8.890900611877441,8.271439552307129,818.7053833007812,101.5019989013672,3.815000057220459,75.81999969482422,72.36000061035156,1783.4000244140625,4701.2099609375,4233.08984375,125.56763458251952,21.58504295349121,21.72499656677246,21.158376693725582,75.94,72.43,1.0,1.52,0.68,1.45,0.84,,,1.133,113.83,6.3435,115.4418,19.9,94.23,,,,,,,,,,,,,,-0.1679,,,,,,,
2021-12-15,,79.29,25.0,79.29,31.36000061035156,12.720000267028809,22.020000457763672,14.989999771118164,375.0,204.0399932861328,95.18000030517578,191.81686401367188,30.615110397338867,8.773113250732422,8.083038330078125,797.5421142578125,132.28399658203125,3.802000045776367,73.87999725341797,70.87000274658203,1762.5999755859375,4709.85009765625,4159.68017578125,125.00324249267578,20.432445526123047,20.488540649414062,19.11016082763672,73.71,70.89,1.035,1.47,0.69,1.42,0.78,,,1.1261,113.83,6.3673,116.4219,19.29,103.8,,,,,,,,,,,,,,-0.7042,,,,,,,
2021-12-22,,74.57,25.0,74.57,28.8799991607666,12.510000228881836,21.6200008392334,15.454999923706056,391.2000122070313,189.3300018310547,87.91999816894531,191.6686248779297,30.80006980895996,8.70677375793457,8.216901779174805,830.266845703125,172.875,3.9760000705718994,75.29000091552734,72.76000213623047,1801.5999755859375,4696.56005859375,4217.06005859375,125.11569213867188,20.0362491607666,20.226499557495117,18.816158294677734,74.69,72.82,1.025,1.46,0.68,1.38,0.78,,,1.1324,114.22,6.3695,115.7485,18.63,130.79,,,,,,,,,,,,,,-0.4972,,,,,,,
2021-12-29,,,,,27.959999084472656,11.979999542236328,21.15999984741211,14.895000457763672,377.3999938964844,185.47000122070312,87.18000030517578,193.2003936767578,31.187599182128903,8.90037727355957,8.498676300048828,815.9619750976562,96.47599792480467,4.02400016784668,79.2300033569336,76.55999755859375,1805.0999755859375,4793.06005859375,4284.830078125,127.35523223876952,19.743818283081055,19.592592239379883,18.198753356933594,78.63,76.58,1.118,1.55,0.75,1.5,0.8,,,1.1337,114.97,6.368,115.3678,16.95,84.18,,,,,,,,,,,,,,-0.579,,,,,,,
2022-01-05,,,,,26.270000457763672,12.010000228881836,20.209999084472656,15.649999618530272,387.2000122070313,157.1999969482422,83.51000213623047,194.53451538085935,30.438961029052734,8.98973274230957,8.523465156555176,787.9403076171875,91.52200317382812,3.881999969482422,80.80000305175781,77.8499984741211,1824.5999755859375,4700.580078125,4392.14990234375,125.42101287841795,18.90566635131836,19.660860061645508,18.061552047729492,80.6,77.83,1.125,1.71,0.83,1.62,0.88,,,1.1335,115.91,6.364,115.137,19.73,111.08,83.541,86.54,0.534543052161387,98.3,35.0,367311.0,26.82833333,9782.3375,3005.9805,22355.4,36.87292118666667,245.638,226.752,,221.70366663726656,100.1856,96.3777,150006.0,285.996,111.976,2518518588856.8
2022-01-12,,81.9,30.0,81.9,24.649999618530273,11.229999542236328,19.18000030517578,13.954999923706056,358.3999938964844,149.27999877929688,84.12000274658203,181.3909454345703,31.08191680908203,9.311955451965332,8.394062995910645,726.6058959960938,75.15299987792969,4.85699987411499,84.66999816894531,82.63999938964844,1827.199951171875,4726.35009765625,4316.39013671875,126.2085952758789,18.679136276245117,19.348783493041992,17.16974449157715,85.83,82.51,1.138,1.74,0.92,1.62,0.82,,,1.1431,114.74,6.358,114.355,17.62,91.97,,,,,,,,,,,,,,-0.6985,,,,,,,
2022-01-19,,80.7,30.0,80.7,20.989999771118164,10.449999809265137,16.829999923706055,12.765000343322754,312.6000061035156,134.5800018310547,81.37000274658203,180.45213317871097,31.504676818847656,9.141366004943848,8.3991060256958,719.1595458984375,75.60199737548828,4.031000137329102,88.44000244140625,86.95999908447266,1843.0999755859375,4532.759765625,4268.27978515625,121.576904296875,17.801342010498047,17.837156295776367,15.327622413635254,89.64,86.84,1.17,1.83,1.04,1.66,0.79,,,1.1346,114.28,6.3447,114.6109,23.85,71.25,,,,,,,,,,,,,,-0.6593,,,,,,,
2022-01-26,,84.48,30.0,84.48,19.469999313354492,9.489999771118164,14.489999771118164,12.0,268.0,121.75,76.37000274658203,173.63328552246094,31.83936309814453,9.053364753723145,8.4024658203125,690.7459716796875,91.83699798583984,4.2769999504089355,89.95999908447266,87.3499984741211,1829.9000244140625,4349.93017578125,4164.60009765625,116.6545639038086,16.8763484954834,16.60835838317871,13.690714836120604,91.22,88.33,1.2,1.85,1.13,1.66,0.72,,,1.1279,114.33,6.3206,115.0922,31.96,146.78,,,,,,,,,,,,,,-0.382,,,,,,,
2022-02-02,,91.61,30.0,91.61,21.84000015258789,10.0600004196167,14.899999618530272,12.609999656677246,278.6000061035156,139.50999450683594,76.37000274658203,172.0521240234375,32.78177261352539,9.381003379821776,8.524301528930664,703.6790771484375,77.35099792480469,5.500999927520752,89.47000122070312,88.26000213623047,1809.199951171875,4589.3798828125,4222.0498046875,122.30823516845705,17.593687057495117,17.128450393676758,14.58252239227295,91.43,88.16,1.32,1.78,1.16,1.59,0.62,,,1.1299,114.36,6.361,115.1538,22.09,101.01,83.842,86.869,0.944137981439139,99.2,41.0,2262859.0,27.82325,9943.175,3245.7855,24015.55,35.831914317,275.038,254.864,,175.82258801196468,100.8064,98.5378,150825.0,288.059,112.468,
2022-02-09,,96.53,30.0,96.53,23.0,9.859999656677246,16.030000686645508,13.21500015258789,278.79998779296875,161.88999938964844,74.16999816894531,166.5179901123047,32.69369888305664,9.685625076293944,8.031076431274414,676.441162109375,74.41699981689453,4.008999824523926,91.5500030517578,89.66000366210938,1835.199951171875,4587.18017578125,4204.08984375,122.77702331542967,17.867408752441406,17.447649002075195,14.876524925231934,94.95,89.57,1.238,1.94,1.36,1.68,0.58,,,1.1435,115.44,6.3619,114.8232,19.96,83.48,,,,,,,,,,,,,,-0.5118,,,,,,,
2022-02-16,,88.05,30.0,88.05,23.899999618530273,10.449999809265137,19.760000228881836,12.449999809265137,265.3999938964844,154.02999877929688,71.66999816894531,170.37210083007812,32.48231506347656,9.566483497619627,7.910079956054688,656.8455200195312,69.79499816894531,4.7170000076293945,94.80999755859376,93.66000366210938,1870.199951171875,4475.009765625,4137.22021484375,120.508056640625,17.688074111938477,17.76362419128418,14.768625259399414,97.44,93.83,1.288,2.03,1.52,1.65,0.51,,,1.1381,115.41,6.3366,114.6886,24.29,73.91,,,,,,,,,,,,,,-0.5839,,,,,,,
2022-02-23,,92.8,30.0,92.8,19.809999465942383,8.859999656677246,17.479999542236328,11.979999542236328,236.1999969482422,126.55999755859376,64.9000015258789,159.84738159179688,33.06361770629883,9.741134643554688,7.851263046264648,651.5546875,88.89099884033203,4.623000144958496,96.83999633789062,92.0999984741211,1909.199951171875,4225.5,3973.409912109375,114.21685791015624,16.583749771118164,16.288963317871094,13.171309471130373,99.29,92.14,1.273,1.99,1.58,1.65,0.41,,,1.1316,115.12,6.3134,114.6668,31.02,89.64,,,,,,,,,,,,,,-0.1636,,,,,,,
2022-03-02,,79.96,30.0,79.96,25.270000457763672,10.960000038146973,22.38999938964844,15.43000030517578,327.79998779296875,163.88999938964844,69.51000213623047,199.3274688720703,33.09003829956055,8.176054000854492,8.046201705932617,781.8656616210938,165.54299926757812,4.76200008392334,112.93000030517578,110.5999984741211,1920.9000244140625,4386.5400390625,3820.590087890625,116.80458068847656,19.04724502563477,18.56859016418457,15.58212947845459,118.94,110.74,1.448,1.86,1.5,1.52,0.36,,,1.1102,115.59,6.321,115.7623,30.74,134.88,83.012,85.963,1.05348656280789,107.2,33.0,1897874.0,38.73586957,10230.89391304348,3498.373043478261,33924.17647058824,45.5147010273913,325.601,281.88,,298.1883650247702,101.3907,100.294,151315.0,289.305,112.914,
2022-03-09,,62.01,30.0,62.01,26.190000534057617,11.649999618530272,23.899999618530273,18.065000534057617,397.0,179.8699951171875,78.88999938964844,217.9063262939453,33.18692398071289,7.614195346832275,8.234417915344238,868.6741943359375,155.8800048828125,4.526000022888184,111.13999938964844,108.6999969482422,1985.9000244140625,4277.8798828125,3766.02001953125,113.60740661621094,20.132692337036133,19.182992935180664,16.532739639282227,116.58,108.81,1.615,1.94,1.68,1.56,0.26,,,1.1069,115.87,6.3174,116.5961,32.45,142.59,,,,,,,,,,,,,,0.295,,,,,,,
2022-03-16,,75.25,30.0,75.25,24.0,11.0,22.350000381469727,16.725000381469727,363.3999938964844,177.2100067138672,77.58999633789062,201.69923400878903,32.63204574584961,7.9743266105651855,8.212570190429688,787.7443237304688,102.6230010986328,4.748000144958496,98.0199966430664,95.04000091552734,1908.0,4357.85986328125,3889.68994140625,116.10139465332033,19.65131950378418,18.84165382385254,16.307334899902344,104.61,94.85,1.233,2.19,1.95,1.75,0.24,,,1.0996,118.48,6.351,116.8073,26.67,216.66,,,,,,,,,,,,,,0.1519,,,,,,,
2022-03-23,,79.05,30.0,79.05,27.63999938964844,12.140000343322754,24.010000228881836,16.809999465942383,354.0,190.19000244140625,77.98999786376953,192.85450744628903,32.878658294677734,8.111068725585938,7.968897819519043,765.0133666992188,117.0009994506836,5.23199987411499,121.5999984741211,114.93000030517578,1936.5999755859375,4456.240234375,3869.219970703125,118.59537506103516,19.783458709716797,19.369325637817383,16.405338287353516,127.52,114.89,1.465,2.32,2.13,1.82,0.19,,,1.1001,121.02,6.372,116.005,23.57,116.56,,,,,,,,,,,,,,-0.3062,,,,,,,
2022-03-30,,77.22,30.0,77.22,28.38999938964844,11.869999885559082,24.540000915527344,14.989999771118164,358.20001220703125,196.6499938964844,81.94000244140625,198.536865234375,34.041259765625,8.170638084411621,8.350370407104492,805.38037109375,118.97000122070312,5.605000019073486,113.4499969482422,107.81999969482422,1933.5,4602.4501953125,3959.139892578125,122.0550765991211,20.1893253326416,19.603391647338867,16.562137603759766,115.59,107.81,1.435,2.35,2.31,1.8,0.04,,,1.1163,121.97,6.347,115.0818,19.33,105.19,,,,,,,,,,,,,,-0.6094,,,,,,,
2022-04-06,,78.34,30.0,78.34,28.290000915527344,11.15999984741211,23.93000030517578,15.19499969482422,356.1000061035156,203.9900054931641,78.12999725341797,208.4279327392578,36.18149185180664,7.956725120544434,9.028450012207031,841.1423950195312,106.79100036621094,6.0289998054504395,101.06999969482422,96.2300033569336,1918.4000244140625,4481.14990234375,3824.68994140625,118.7078857421875,20.53855323791504,19.30105209350586,16.532739639282227,100.81,96.39,1.265,2.61,2.5,1.94,0.11,,,1.0913,123.7,6.359,115.9995,22.1,168.21,83.0,85.949,1.56787670049276,99.6,34.0,1060272.0,29.0147619,10174.34761904762,3246.990476190476,33133.80952380952,48.70473091619048,320.296,283.471,-0.4749,269.5029595473497,101.44,98.0669,151623.0,290.846,113.307,2539595442985.1
2022-04-13,,77.27,30.0,77.27,26.75,10.5,23.260000228881836,15.385000228881836,354.6000061035156,193.22999572753903,79.69999694824219,198.33074951171875,35.6178092956543,7.86060094833374,8.7301607131958,791.3134155273438,105.3239974975586,6.997000217437744,108.77999877929688,104.25,1981.0,4446.58984375,3827.9599609375,118.03282928466795,19.849533081054688,18.998708724975582,16.47393798828125,108.49,104.26,1.32,2.7,2.37,1.95,0.33,,,1.0874,125.51,6.3678,116.2796,21.82,90.43,,,,,,,,,,,,,,-0.3684,,,,,,,
2022-04-20,,79.4,30.0,79.4,26.6299991607666,9.960000038146973,22.459999084472656,16.135000228881836,369.2999877929687,178.52999877929688,76.93000030517578,206.44808959960935,36.0758056640625,8.127314567565918,8.923418998718262,815.711669921875,94.2310028076172,6.936999797821045,106.8000030517578,102.75,1952.300048828125,4459.4501953125,3896.81005859375,118.06095123291016,19.52861595153809,18.735380172729492,16.20933723449707,105.05,102.56,1.303,2.85,2.6,2.03,0.25,,,1.0857,127.76,6.4188,116.7306,20.32,95.07,,,,,,,,,,,,,,-0.2788,,,,,,,
2022-04-27,,79.99,30.0,79.99,22.1299991607666,8.3100004196167,19.489999771118164,13.899999618530272,323.8999938964844,165.7100067138672,72.13999938964844,177.75025939941406,34.93082046508789,8.129449844360352,9.03685188293457,785.189208984375,107.427001953125,7.267000198364258,105.31999969482422,102.0199966430664,1885.9000244140625,4183.9599609375,3734.639892578125,111.05718231201172,17.98067283630371,16.7945499420166,14.023918151855469,103.3,101.96,1.295,2.82,2.58,2.0,0.24,,,1.0549,128.44,6.5595,119.4708,31.6,69.39,,,,,,,,,,,,,,-0.3844,,,,,,,
2022-05-04,,84.25,30.0,84.25,23.399999618530273,9.170000076293944,20.299999237060547,13.550000190734863,313.1000061035156,191.94000244140625,78.69999694824219,172.1671142578125,36.545841217041016,8.292563438415527,9.246912956237791,740.8377075195312,103.8209991455078,8.414999961853027,110.13999938964844,107.80999755859376,1867.0,4300.169921875,3724.989990234375,113.94496154785156,18.84903335571289,17.43824005126953,14.484521865844728,110.53,107.84,1.27,2.93,2.66,2.04,0.27,,,1.0539,129.97,6.6079,119.5592,25.42,123.78,82.792,85.723,1.87413073196545,101.4,37.0,1386811.0,21.93772727,9395.027272727271,2839.505454545455,28228.88681818182,40.89162640454545,364.129,289.411,,275.8742104755495,101.3335,98.7053,151924.0,292.506,113.703,
2022-05-11,,89.0,30.0,89.0,13.449999809265137,6.039999961853027,12.130000114440918,12.43000030517578,281.1000061035156,137.5500030517578,61.720001220703125,153.39822387695312,36.39270782470703,8.22120189666748,9.137681007385254,704.2897338867188,94.01200103759766,7.639999866485596,107.51000213623048,105.70999908447266,1852.5999755859375,3935.179931640625,3647.8701171875,104.39093780517578,15.989116668701172,14.668410301208496,11.387696266174316,107.7,105.5,1.213,2.91,2.66,2.0,0.25,,,1.0537,130.2,6.7186,120.3925,32.56,102.02,,,,,,,,,,,,,,0.2116,,,,,,,
2022-05-18,,87.25,30.0,87.25,15.880000114440918,6.909999847412109,14.109999656677246,13.895000457763672,299.29998779296875,156.1699981689453,65.36000061035156,155.19985961914062,38.32944869995117,9.00327205657959,9.146082878112791,714.1675415039062,94.53800201416016,8.368000030517578,109.11000061035156,109.58999633789062,1815.9000244140625,3923.679931640625,3690.739990234375,105.04724884033205,17.14063262939453,15.526667594909668,11.93649959564209,110.04,109.67,1.203,2.89,2.68,1.86,0.21,,,1.0494,128.22,6.754,120.0274,30.96,97.83,,,,,,,,,,,,,,0.5607,,,,,,,
2022-05-25,,80.43,30.0,80.43,15.760000228881836,6.869999885559082,15.609999656677246,13.229999542236328,288.0,169.27999877929688,66.04000091552734,166.3661651611328,37.31153106689453,9.307652473449709,9.591413497924805,777.4844360351562,88.0780029296875,8.970999717712402,114.02999877929688,110.33000183105467,1846.199951171875,3978.72998046875,3677.10009765625,107.13805389404295,18.103376388549805,15.838759422302246,12.23559856414795,116.41,112.88,1.198,2.75,2.48,1.69,0.27,,,1.0658,127.31,6.6916,118.9598,28.37,100.89,,,,,,,,,,,,,,0.3057,,,,,,,
2022-06-01,,83.63,30.0,83.63,17.920000076293945,7.099999904632568,17.010000228881836,14.295000076293944,286.5,182.4900054931641,70.87000274658203,174.40432739257812,36.75303268432617,9.087740898132324,9.112473487854004,757.8275756835938,85.5510025024414,8.696000099182129,116.29000091552734,115.26000213623048,1843.300048828125,4101.22998046875,3759.5400390625,109.70706939697266,18.546995162963867,16.26789093017578,12.583306312561035,122.2,115.26,1.233,2.94,2.66,1.79,0.28,,,1.0646,130.09,6.6858,118.6954,25.69,161.66,83.26,86.234,2.43874400034351,103.7,28.0,680458.0,29.53818182,9067.55181818182,2575.669545454545,25877.06818181818,40.33151745227273,414.562,326.056,,248.01935491968655,101.018,99.5598,152358.0,294.68,114.376,
2022-06-08,,79.11,30.0,79.11,18.540000915527344,7.449999809265137,18.68000030517578,14.244999885559082,288.79998779296875,204.77000427246097,71.69000244140625,180.7992248535156,37.25748443603515,9.083372116088867,9.024248123168944,770.47119140625,79.40699768066406,8.699000358581543,123.58000183105467,122.11000061035156,1851.9000244140625,4115.77001953125,3788.929931640625,110.1195831298828,19.453105926513672,16.76041603088379,12.932482719421388,129.2,121.94,1.24,3.03,2.78,1.75,0.25,,,1.074,134.06,6.6825,118.3951,23.96,110.13,,,,,,,,,,,,,,-0.1618,,,,,,,
2022-06-15,,84.45,30.0,84.45,15.220000267028809,6.25,16.639999389648438,12.425000190734863,212.8999938964844,188.47999572753903,64.02999877929688,160.48605346679688,34.744224548339844,8.892587661743164,8.39293098449707,690.5595092773438,120.33200073242188,7.420000076293945,118.51000213623048,115.30999755859376,1815.300048828125,3789.989990234375,3532.320068359375,101.63386535644533,17.73302459716797,14.941493034362791,10.878091812133787,124.96,115.32,1.217,3.33,3.2,1.59,0.13,,,1.0388,134.5,6.7128,121.6403,29.62,140.82,,,,,,,,,,,,,,-0.047,,,,,,,
2022-06-22,,83.06,30.0,83.06,16.889999389648438,6.46999979019165,16.850000381469727,13.649999618530272,207.3000030517578,193.42999267578125,67.5999984741211,172.84027099609375,34.58207702636719,8.41635513305664,7.949073314666748,694.411865234375,127.1709976196289,6.857999801635742,111.73999786376952,106.19000244140624,1834.300048828125,3759.889892578125,3464.639892578125,100.39502716064452,18.01811981201172,14.712772369384766,11.33869457244873,115.54,106.22,1.214,3.16,3.06,1.55,0.1,,,1.0583,136.05,6.6983,120.5197,28.95,96.97,,,,,,,,,,,,,,0.0352,,,,,,,
2022-06-29,,84.54,30.0,84.54,16.350000381469727,6.300000190734863,16.34000015258789,12.395000457763672,173.60000610351562,184.63999938964844,66.83999633789062,157.04112243652344,33.35697555541992,8.29401969909668,8.469428062438965,724.04541015625,139.58799743652344,6.498000144958496,116.26000213623048,109.77999877929688,1813.699951171875,3818.830078125,3514.320068359375,101.8892059326172,17.79954719543457,14.373247146606444,10.90749168395996,120.8,111.65,1.224,3.1,3.06,1.32,0.04,,,1.0477,136.5,6.6997,120.9616,28.16,135.33,,,,,,,,,,,,,,0.3761,,,,,,,
2022-07-06,,82.63,30.0,82.63,17.579999923706055,6.579999923706055,17.290000915527344,12.800000190734863,177.75,194.92999267578125,66.16000366210938,158.22901916503906,32.02378463745117,7.561466693878174,8.629149436950684,789.6342163085938,170.99899291992188,5.510000228881836,100.69000244140624,98.52999877929688,1734.9000244140625,3845.080078125,3421.840087890625,101.71898651123048,18.01811981201172,14.1947021484375,10.691889762878418,108.54,100.31,1.145,2.93,2.97,1.03,-0.04,,,1.0173,135.66,6.707,123.0073,26.73,91.52,83.228,86.199,2.09295536201857,101.9,49.0,703461.0,41.1695,7544.809523809524,2408.423333333333,21481.89285714286,38.93915917904762,350.652,275.308,0.6117,292.80632953196897,101.223,96.747,153072.0,295.646,114.628,2548742035078.3
2022-07-13,,83.89,30.0,83.89,18.25,6.889999866485596,17.610000610351562,13.354999542236328,181.3000030517578,192.6300048828125,69.16000366210938,170.26646423339844,32.57327651977539,7.909538269042969,8.540103912353516,811.56298828125,180.5050048828125,6.689000129699707,99.56999969482422,96.3000030517578,1734.199951171875,3801.780029296875,3453.969970703125,100.97189331054688,18.255699157714844,14.203388214111328,10.73108959197998,107.17,98.44,1.14,2.91,3.13,0.52,-0.22,,,1.0081,137.34,6.7175,123.2834,26.82,52.82,,,,,,,,,,,,,,0.4259,,,,,,,
2022-07-20,,81.22,30.0,81.22,18.100000381469727,7.309999942779541,18.049999237060547,15.96500015258789,203.8000030517578,218.8300018310547,72.9800033569336,168.88058471679688,34.46497344970703,8.352273941040039,8.443392753601074,796.153564453125,155.03799438476562,8.006999969482422,106.91999816894533,102.26000213623048,1699.5,3959.89990234375,3585.239990234375,104.66009521484376,18.673843383789062,14.601646423339844,11.37789535522461,115.86,104.45,1.138,3.04,3.25,0.53,-0.21,,,1.0217,138.16,6.754,122.5997,23.88,113.33,,,,,,,,,,,,,,0.0661,,,,,,,
2022-07-27,,76.51,30.0,76.51,17.18000030517578,7.079999923706055,17.200000762939453,15.414999961853027,197.8000030517578,254.77000427246097,76.76000213623047,159.41693115234375,35.27570724487305,8.556166648864746,8.859602928161621,789.9305419921875,205.2250061035156,8.687000274658203,106.62000274658205,97.26000213623048,1719.0999755859375,4023.610107421875,3607.780029296875,106.55148315429688,19.34857177734375,14.70301628112793,11.299494743347168,109.64,100.03,1.135,2.78,2.96,0.34,-0.18,,,1.0108,137.31,6.757,122.8169,23.24,181.99,,,,,,,,,,,,,,-0.2737,,,,,,,
2022-08-03,,83.45,30.0,83.45,23.559999465942383,8.279999732971191,21.489999771118164,15.9399995803833,203.8000030517578,290.25,97.88999938964844,182.58108520507812,36.05940628051758,9.007640838623049,8.984810829162598,822.4285888671875,199.19500732421875,8.265999794006348,96.77999877929688,90.66000366210938,1758.0,4155.169921875,3732.5400390625,109.53043365478516,20.73604393005371,15.932429313659668,12.230502128601074,101.82,93.25,1.103,2.73,3.1,0.21,-0.37,,,1.0146,134.18,6.7565,122.3888,21.95,115.69,82.946,85.891,2.05655468594624,86.6,69.0,2932014.0,54.1575,7990.812173913043,2433.916086956522,22034.89130434783,39.80230830956522,295.59,258.826,,235.83155122180185,101.0963,98.9333,153362.0,297.178,115.276,
2022-08-10,,84.06,30.0,84.06,28.780000686645508,8.90999984741211,29.299999237060547,16.200000762939453,221.0,303.25,114.51000213623048,196.00442504882812,38.2754020690918,9.281437873840332,9.265450477600098,841.5916137695312,205.36700439453125,8.20199966430664,97.4000015258789,91.93000030517578,1795.5999755859375,4210.240234375,3749.35009765625,111.1854019165039,22.43712043762207,17.683622360229492,13.39671230316162,105.06,94.68,1.073,2.78,3.23,0.13,-0.45,,,1.0337,132.58,6.723,120.7543,19.74,84.3,,,,,,,,,,,,,,-0.4832,,,,,,,
2022-08-17,,94.07,30.0,94.07,28.469999313354492,8.329999923706055,26.579999923706055,15.6899995803833,242.1999969482422,293.1300048828125,116.3000030517578,192.91587829589844,38.79786682128906,9.429987907409668,9.45542335510254,793.6841430664062,225.8350067138672,9.244000434875488,93.6500015258789,88.11000061035156,1760.300048828125,4274.0400390625,3756.06005859375,112.21620178222656,21.980966567993164,17.503128051757812,13.347712516784668,97.22,90.85,1.064,2.89,3.28,0.21,-0.39,,,1.0164,135.4,6.7805,122.0711,19.9,75.77,,,,,,,,,,,,,,-0.4036,,,,,,,
2022-08-24,,92.52,30.0,92.52,27.520000457763672,8.029999732971191,25.670000076293945,15.154999732971191,198.75,293.0899963378906,118.44000244140624,186.95654296875,39.25728225708008,9.427075386047363,9.42520236968994,757.6300048828125,292.1499938964844,9.329999923706056,101.22000122070312,94.88999938964844,1747.800048828125,4140.77001953125,3667.4599609375,108.80223846435548,21.54381942749023,16.735580444335938,12.740107536315918,99.87,95.52,1.125,3.11,3.36,0.29,-0.25,,,0.9967,136.92,6.8581,123.109,22.82,137.29,,,,,,,,,,,,,,-0.3683,,,,,,,
2022-08-31,,78.96,30.0,78.96,28.040000915527344,7.800000190734863,25.40999984741211,14.704999923706056,197.6000061035156,286.44000244140625,127.5500030517578,184.5411376953125,34.302833557128906,8.642091751098633,8.967541694641113,718.0199584960938,239.9069976806641,9.126999855041504,96.48999786376952,89.55000305175781,1712.800048828125,3955.0,3517.25,104.29126739501952,21.07815742492676,16.381132125854492,12.455904960632324,96.55,90.09,1.095,3.15,3.45,0.19,-0.3,,,1.0065,138.69,6.889,123.535,25.87,126.46,,,,,,,,,,,,,,-0.204,,,,,,,
2022-09-07,,69.06,30.0,69.06,27.469999313354492,7.449999809265137,25.43000030517578,13.524999618530272,163.5500030517578,316.30999755859375,134.8000030517578,175.8892059326172,36.99625015258789,9.26541805267334,9.230912208557127,717.0321655273438,213.88299560546875,7.842000007629395,88.0,81.94000244140625,1715.300048828125,3979.8701171875,3502.090087890625,104.19670867919922,21.59133529663086,15.60597801208496,11.760098457336426,86.83,82.5,1.059,3.27,3.45,0.2,-0.18,,,0.9942,144.39,6.965,124.8408,24.64,87.66,,,,,,,,,,,,,,-0.1355,,,,,,,
2022-09-14,,68.29,30.0,68.29,29.59000015258789,7.610000133514404,26.68000030517578,13.045000076293944,115.25,320.6199951171875,135.75999450683594,171.71176147460938,37.347564697265625,9.52173900604248,9.161829948425291,723.1563720703125,217.8820037841797,9.11400032043457,94.0999984741211,88.4800033569336,1696.5,3946.010009765625,3567.56005859375,103.99811553955078,21.69586753845215,15.932333946228027,11.642498016357422,92.83,88.88,1.065,3.41,3.78,0.17,-0.37,,,0.9993,142.93,6.9612,124.4509,26.16,116.73,,,,,,,,,,,,,,-0.3097,,,,,,,
2022-09-21,,70.39,30.0,70.39,25.520000457763672,6.960000038146973,24.030000686645508,12.265000343322754,113.1999969482422,304.55999755859375,135.57000732421875,155.4374542236328,36.93319320678711,9.33241081237793,9.066844940185549,702.9067993164062,189.781005859375,7.77899980545044,89.83000183105469,82.94000244140625,1664.5999755859375,3789.929931640625,3491.8701171875,99.85596466064452,20.222869873046875,14.548993110656738,10.593889236450195,89.86,83.38,0.965,3.51,4.02,0.2,-0.51,,,0.988,144.14,7.0479,125.7399,27.99,70.88,,,,,,,,,,,,,,-0.4371,,,,,,,
2022-09-28,,64.71,30.0,64.71,22.5,6.840000152587891,21.649999618530273,12.085000038146973,113.8499984741211,292.30999755859375,136.19000244140625,145.59764099121094,34.969425201416016,8.783361434936523,8.467569351196289,625.8596801757812,207.18699645996097,6.868000030517578,89.31999969482422,82.1500015258789,1660.4000244140625,3719.0400390625,3335.300048828125,97.35932159423828,18.977947235107425,13.592720985412598,9.545280456542969,89.55,82.61,0.873,3.72,4.07,0.32,-0.35,,,0.9681,144.15,7.199,128.0884,30.18,155.79,,,,,,,,,,,,,,0.1338,,,,,,,
2022-10-05,,66.17,30.0,66.17,21.969999313354492,6.46999979019165,20.549999237060547,12.3149995803833,104.4000015258789,261.6000061035156,134.58999633789062,142.1527099609375,36.13147735595703,8.905694961547852,8.448572158813477,612.0307006835938,173.6929931640625,6.929999828338623,93.37000274658205,87.76000213623047,1711.4000244140625,3783.280029296875,3447.719970703125,99.76139068603516,18.52178955078125,13.67566204071045,9.339478492736816,94.35,88.22,0.914,3.76,4.15,0.3,-0.39,,,0.9866,144.73,7.1103,126.8616,28.55,153.24,83.675,86.687,3.18415701723283,109.0,36.0,1525349.0,29.742,7651.082857142857,2255.535238095238,22032.89285714286,41.30359725190476,293.825,247.665,,265.08245600682665,101.2529,99.1003,153939.0,299.315,116.204,2545935488894.9
2022-10-12,,65.76,30.0,65.76,18.93000030517578,5.610000133514404,16.65999984741211,10.324999809265137,90.91999816894533,248.1300048828125,126.87999725341795,133.63937377929688,33.221858978271484,8.400336265563965,7.95119047164917,576.1741943359375,160.19000244140625,6.434999942779541,92.4499969482422,87.2699966430664,1670.300048828125,3577.030029296875,3331.530029296875,94.32365417480467,16.820714950561523,12.25608730316162,8.271268844604492,93.44,87.83,0.84,3.91,4.28,0.21,-0.37,,,0.9692,146.87,7.172,128.1481,33.57,186.85,,,,,,,,,,,,,,0.166,,,,,,,
2022-10-19,,68.62,30.0,68.62,16.950000762939453,5.389999866485596,16.530000686645508,11.494999885559082,94.0,243.19000244140625,120.20999908447266,142.9248504638672,34.194732666015625,8.9260835647583,8.249964714050293,587.2373657226562,112.51000213623048,5.461999893188477,92.41000366210938,85.55000305175781,1627.5,3695.159912109375,3471.239990234375,97.17019653320312,16.896738052368164,12.285164833068848,8.411802291870117,91.34,86.0,0.839,4.14,4.55,0.07,-0.41,,,0.978,149.77,7.228,128.3968,30.76,70.66,,,,,,,,,,,,,,0.2894,,,,,,,
2022-10-26,,76.51,30.0,76.51,16.420000076293945,5.670000076293945,18.440000534057617,12.739999771118164,104.4499969482422,291.8699951171875,131.39999389648438,150.0918731689453,34.92438888549805,9.459115028381348,8.751665115356445,632.8729858398438,104.31999969482422,5.605999946594238,95.69000244140624,87.91000366210938,1664.0,3830.60009765625,3605.31005859375,101.00025939941406,17.875572204589844,12.987733840942385,8.888673782348633,92.93,89.39,0.873,4.04,4.39,-0.07,-0.35,,,1.0068,146.5,7.171,126.4723,27.28,84.81,,,,,,,,,,,,,,-0.1474,,,,,,,
2022-11-02,,78.76,30.0,78.76,14.720000267028809,5.28000020980835,17.329999923706055,12.78499984741211,84.83999633789062,289.5,150.07000732421875,155.45724487304688,35.095542907714844,9.686308860778809,8.833698272705078,612.6234130859375,125.86299896240234,6.26800012588501,96.16000366210938,90.0,1645.699951171875,3759.68994140625,3622.010009765625,99.26963806152344,17.704511642456055,12.374938011169434,8.526071548461914,96.07,90.06,0.881,4.1,4.61,-0.12,-0.51,,,0.9875,147.11,7.289,127.3115,25.86,98.2,84.355,87.429,2.93745167542338,109.7,56.0,908800.0,25.21772727,8049.861363636364,2350.716363636364,25562.69772727273,40.95406478090909,268.692,241.614,,311.34886671932895,100.9552,97.2154,154242.0,299.6,116.539,
2022-11-09,,75.35,30.0,75.35,14.609999656677246,5.139999866485596,18.260000228881836,12.635000228881836,89.0,284.75,151.16000366210938,165.81182861328125,35.527931213378906,9.737281799316406,8.863921165466309,634.6509399414062,113.1439971923828,5.864999771118164,92.6500015258789,85.83000183105469,1710.0999755859375,3748.570068359375,3728.030029296875,99.9221649169922,18.369739532470703,12.98353672027588,9.07487678527832,93.05,85.79,0.865,4.12,4.61,-0.17,-0.49,,,1.0037,146.15,7.2401,125.9861,26.09,146.6,,,,,,,,,,,,,,-0.3872,,,,,,,
2022-11-16,,74.25,30.0,74.25,16.709999084472656,6.28000020980835,21.25,14.079999923706056,90.3000030517578,305.17999267578125,158.5800018310547,172.46409606933594,35.93330001831055,10.386821746826172,9.053889274597168,637.6143188476562,113.9000015258789,6.199999809265137,92.86000061035156,85.58999633789062,1773.0,3958.7900390625,3882.780029296875,106.0408172607422,19.405590057373047,14.050755500793455,10.045083999633787,92.61,85.62,0.871,3.67,4.35,-0.65,-0.68,,,1.0395,139.59,7.0964,123.2817,24.11,107.83,,,,,,,,,,,,,,-0.323,,,,,,,
2022-11-23,,74.08,30.0,74.08,15.479999542236328,6.090000152587891,22.309999465942383,14.649999618530272,97.23999786376952,315.7799987792969,169.47000122070312,175.71104431152344,36.978233337402344,10.4785737991333,9.29135799407959,618.846435546875,129.6199951171875,7.308000087738037,85.41000366210938,77.94000244140625,1744.9000244140625,4027.260009765625,3946.43994140625,107.85655212402344,19.785720825195312,14.339198112487791,10.157784461975098,85.9,77.93,0.811,3.71,4.46,-0.69,-0.75,,,1.0364,139.76,7.158,123.7574,20.35,183.38,,,,,,,,,,,,,,-0.2262,,,,,,,
2022-11-30,,78.88,30.0,78.88,15.960000038146973,6.099999904632568,21.290000915527344,15.0,103.1500015258789,320.5899963378906,172.52999877929688,177.6512908935547,37.83400344848633,10.573237419128418,9.308627128601074,612.9197387695312,146.39700317382812,6.929999828338623,85.43000030517578,80.55000305175781,1746.0,4080.110107421875,3964.719970703125,109.17105865478516,20.10883331298828,14.441657066345217,10.34888744354248,85.61,80.48,0.775,3.68,4.38,-0.69,-0.7,,,1.0323,139.31,7.0879,123.5175,20.58,89.9,,,,,,,,,,,,,,-0.2283,,,,,,,
2022-12-07,,87.0,30.0,87.0,13.68000030517578,5.460000038146973,20.040000915527344,14.399999618530272,90.0,317.04998779296875,154.74000549316406,183.80857849121097,38.04119110107422,10.551390647888184,9.42951774597168,647.1958618164062,149.2449951171875,5.7230000495910645,77.16999816894531,72.01000213623047,1785.5,3933.919921875,3920.89990234375,106.07864379882812,19.462608337402344,13.729331970214844,9.780481338500977,77.11,71.93,0.674,3.42,4.26,-0.87,-0.84,,,1.0505,136.57,6.9702,122.7608,22.68,151.37,,,,,,,,,,,,,,-0.1179,,,,,,,
2022-12-14,,89.01,30.0,89.01,15.210000038146973,5.909999847412109,23.260000228881836,15.43000030517578,95.55999755859376,332.79998779296875,160.08999633789062,203.87429809570312,38.49159240722656,10.446533203125,9.546092987060549,655.4931640625,131.51100158691406,6.429999828338623,82.69999694824219,77.27999877929688,1807.5,3995.320068359375,3975.260009765625,107.96393585205078,20.20086097717285,14.674771308898926,10.299886703491213,83.33,77.14,0.713,3.49,4.23,-0.84,-0.74,,,1.0655,134.95,6.9498,121.8226,21.14,120.9,,,,,,,,,,,,,,0.1214,,,,,,,
2022-12-21,,84.1,,84.1,13.079999923706056,5.159999847412109,20.479999542236328,13.59000015258789,92.3000030517578,317.1000061035156,162.05999755859375,191.80714416503903,37.69887924194336,9.98777675628662,9.438154220581056,618.9451904296875,97.7519989013672,5.331999778747559,82.19999694824219,78.29000091552734,1815.9000244140625,3878.43994140625,3872.14990234375,105.03929138183594,19.46784210205078,13.553966522216797,9.398279190063477,80.25,78.17,0.678,3.68,4.21,-0.65,-0.53,,,1.0599,132.36,6.981,122.2828,20.07,147.63,,,,,,,,,,,,,,0.0073,,,,,,,
2022-12-28,,,,,11.710000038146973,4.46999979019165,17.799999237060547,13.654999732971191,88.13999938964844,267.3800048828125,146.1699981689453,197.68728637695312,37.194427490234375,9.767865180969238,9.433836936950684,614.8953247070312,81.35099792480469,4.709000110626221,83.26000213623047,78.95999908447266,1807.9000244140625,3783.219970703125,3808.820068359375,102.76246643066406,18.620588302612305,13.006726264953612,8.976875305175781,81.7,78.89,0.703,3.88,4.31,-0.58,-0.43,,,1.0622,134.27,6.9774,122.0075,22.14,85.9,,,,,,,,,,,,,,0.0263,,,,,,,
2023-01-04,,,,,13.0,5.170000076293945,20.1200008392334,14.895000457763672,98.55999755859376,251.63999938964844,146.77999877929688,189.6293182373047,34.83430480957031,9.645530700683594,9.593585968017578,655.8883056640625,65.02200317382812,4.171999931335449,77.83999633789062,72.83999633789062,1852.800048828125,3852.969970703125,3973.969970703125,104.95355987548828,18.839542388916016,13.524649620056152,9.379168510437012,75.31,72.82,0.738,3.69,4.36,-0.86,-0.67,,,1.062,132.0,6.8875,121.5008,22.01,114.2,85.917,89.085,3.04407454825526,99.1,32.0,4045404.0,20.68552632,9007.346363636363,2494.900909090909,28271.49090909091,40.06339972363636,245.497,207.365,,217.19917934501004,100.505,95.6513,154776.0,301.962,117.505,2543594077164.3
2023-01-11,,78.61,30.0,78.61,16.209999084472656,5.769999980926514,23.049999237060547,16.989999771118164,97.5999984741211,238.82000732421875,172.41000366210938,208.576416015625,36.39270782470703,9.683396339416504,9.563647270202637,663.6918334960938,65.34600067138672,3.6710000038146977,82.66999816894531,77.41000366210938,1874.5999755859375,3969.610107421875,4099.759765625,108.04015350341795,19.934309005737305,14.834117889404297,10.368487358093262,81.11,77.46,0.791,3.54,4.2,-1.18,-0.66,,,1.074,132.58,6.77,120.1614,21.09,363.54,,,,,,,,,,,,,,-0.1658,,,,,,,
2023-01-18,,76.25,30.0,76.25,16.700000762939453,6.119999885559082,23.809999465942383,16.420000076293945,88.19999694824219,250.30999755859375,177.57000732421875,208.4774475097656,36.8341064453125,9.124151229858398,9.480257034301758,679.6939086914062,61.70899963378906,3.311000108718872,84.9800033569336,79.4800033569336,1904.4000244140625,3928.860107421875,4174.33984375,108.0973129272461,20.096145629882812,15.068648338317873,10.476287841796877,83.78,79.53,0.888,3.37,4.06,-1.32,-0.69,,,1.0827,128.45,6.7534,119.0755,20.34,310.22,,,,,,,,,,,,,,-0.4239,,,,,,,
2023-01-25,,78.29,30.0,78.29,16.34000015258789,6.429999828338623,25.290000915527344,15.859999656677246,85.68000030517578,210.32000732421875,168.25999450683594,194.69772338867188,38.50960922241211,9.54212760925293,9.541703224182127,592.8677368164062,56.65999984741211,3.066999912261963,86.12000274658203,80.1500015258789,1941.199951171875,4016.219970703125,4148.10986328125,110.33602905273438,19.648717880249023,15.537710189819336,10.696789741516112,85.08,79.78,0.908,3.46,4.11,-1.26,-0.65,,,1.0901,129.64,6.7899,118.9686,19.08,113.38,,,,,,,,,,,,,,-0.3913,,,,,,,
2023-02-01,,91.91,30.0,91.91,17.68000030517578,6.730000019073486,25.420000076293945,17.364999771118164,103.3000030517578,227.13999938964844,180.1499938964844,195.8262481689453,36.63592529296875,9.577080726623535,9.43636703491211,607.4869384765625,59.527000427246094,2.4679999351501465,82.83999633789062,76.41000366210938,1927.800048828125,4119.2099609375,4171.43994140625,112.64144897460938,19.943832397460938,15.938366889953612,11.27009391784668,81.61,76.34,0.844,3.39,4.09,-1.27,-0.7,,,1.0917,129.27,6.7406,118.6259,17.87,137.21,85.768,88.918,3.22104313833771,100.8,35.0,1826522.0,15.9625,8936.587,2416.1815,26727.95,41.314370932,258.37,214.227,,242.14083289899528,100.6416,97.5723,155066.0,304.011,117.929,
2023-02-08,,87.52,30.0,87.52,15.899999618530272,6.380000114440918,23.88999938964844,18.86000061035156,115.6500015258789,218.8699951171875,165.5800018310547,206.39859008789065,36.581878662109375,9.533390045166016,9.348587036132812,634.4534301757812,53.6870002746582,2.3959999084472656,85.08999633789062,78.47000122070312,1877.4000244140625,4117.85986328125,4209.14990234375,111.96507263183594,19.087055206298828,15.64041805267334,10.913272857666016,84.17,78.47,0.853,3.63,4.45,-1.09,-0.82,,,1.0734,131.27,6.789,120.1436,19.63,139.63,,,,,,,,,,,,,,-0.5513,,,,,,,
2023-02-15,,87.75,30.0,87.75,16.770000457763672,6.5,24.40999984741211,17.235000610351562,103.75,217.8699951171875,172.36000061035156,205.7056579589844,35.28471374511719,9.676114082336426,9.537313461303713,617.9573974609375,54.71599960327149,2.4709999561309814,85.37999725341797,78.58999633789062,1834.199951171875,4147.60009765625,4280.0400390625,112.84149932861328,19.182252883911133,15.559503555297852,10.711490631103516,84.11,78.57,0.823,3.81,4.62,-0.98,-0.81,,,1.0683,134.22,6.851,120.4557,18.23,200.6,,,,,,,,,,,,,,-0.6103,,,,,,,
2023-02-22,,95.35,30.0,95.35,14.539999961853027,5.71999979019165,22.420000076293945,16.399999618530273,98.12000274658205,203.57000732421875,163.61000061035156,195.46986389160156,36.3026237487793,10.258662223815918,9.620704650878906,619.2415771484375,50.56800079345703,2.174000024795532,80.5999984741211,73.94999694824219,1832.0,3991.050048828125,4242.8798828125,109.1928482055664,18.30643653869629,14.898514747619627,10.19208526611328,79.55,73.95,0.808,3.93,4.66,-0.91,-0.73,,,1.0623,134.77,6.8908,120.8389,22.29,140.33,,,,,,,,,,,,,,-0.4691,,,,,,,
2023-03-01,,95.89,30.0,95.89,14.210000038146973,5.670000076293945,21.899999618530273,15.43000030517578,99.68000030517578,212.9499969482422,195.67999267578125,206.4976043701172,35.212646484375,9.90476417541504,9.31347370147705,598.8931884765625,47.08399963378906,2.811000108718872,84.30999755859375,77.69000244140625,1837.699951171875,3951.389892578125,4215.75,108.44025421142578,18.544429779052734,14.88932991027832,10.201885223388672,83.68,77.57,0.885,4.01,4.89,-0.89,-0.88,,,1.0674,135.82,6.8656,120.6347,20.58,79.33,86.909,90.201,3.23313142561768,107.9,61.0,1921783.0,13.35043478,8856.310869565217,2296.416956521739,23288.60826086957,40.74152300368421,260.843,198.961,,313.6530364287744,101.0205,98.1593,155134.0,305.476,118.315,
2023-03-08,,91.56,30.0,91.56,13.779999732971191,5.789999961853027,22.34000015258789,14.949999809265137,92.05999755859376,218.30999755859375,214.3300018310547,203.1813507080078,34.97843933105469,10.292157173156738,9.401256561279297,599.9000244140625,42.3390007019043,2.5510001182556152,82.66000366210938,76.66000366210938,1812.699951171875,3992.010009765625,4288.4501953125,109.221435546875,18.810985565185547,14.706786155700684,10.084284782409668,82.1,76.56,0.88,3.98,5.05,-1.08,-1.07,,,1.0549,137.18,6.9496,121.4511,19.11,71.68,,,,,,,,,,,,,,-0.4475,,,,,,,
2023-03-15,,90.31,30.0,90.31,11.800000190734863,5.03000020980835,18.93000030517578,14.239999771118164,80.54000091552734,205.7599945068359,203.22000122070312,194.24237060546875,34.4289436340332,9.874180793762209,9.546092987060549,577.2000122070312,42.904998779296875,2.438999891281128,73.69000244140625,67.61000061035156,1926.5999755859375,3891.929931640625,4034.919921875,105.7823715209961,18.106523513793945,13.632925987243652,9.319878578186035,74.3,67.38,0.723,3.51,3.93,-1.24,-0.42,,,1.0535,132.81,6.9005,122.1079,26.14,165.53,,,,,,,,,,,,,,-0.0892,,,,,,,
2023-03-22,,86.14,30.0,86.14,11.220000267028809,5.190000057220459,17.75,14.595000267028809,78.31999969482422,202.1499938964844,205.0099945068359,194.3809509277344,34.83430480957031,10.110111236572266,9.704096794128418,565.0999755859375,39.974998474121094,2.1710000038146973,76.69000244140625,70.9000015258789,1946.800048828125,3936.969970703125,4195.7001953125,107.5638198852539,17.811410903930664,13.71325969696045,9.22109317779541,76.08,70.71,0.745,3.48,3.96,-1.31,-0.48,,,1.0792,132.67,6.8802,120.6217,22.26,215.3,,,,,,,,,,,,,,1.0996,,,,,,,
2023-03-29,,87.16,30.0,87.16,11.029999732971191,5.400000095367432,19.0,13.460000038146973,74.33999633789062,203.9499969482422,215.3500061035156,186.5407867431641,34.87934875488281,10.350412368774414,9.936715126037598,552.2000122070312,42.803001403808594,1.991000056266785,78.27999877929688,72.97000122070312,1966.0999755859375,4027.81005859375,4231.27001953125,109.94544982910156,18.23979949951172,13.649734497070312,9.154747009277344,77.51,72.95,0.783,3.57,4.08,-1.23,-0.51,,,1.0826,132.69,6.8862,119.7258,19.12,127.01,,,,,,,,,,,,,,0.2679,,,,,,,
2023-04-05,,94.12,30.0,94.12,9.68000030517578,4.980000019073486,18.260000228881836,13.329999923706056,77.94000244140625,193.6699981689453,201.61000061035156,195.50946044921875,35.798179626464844,10.86888027191162,10.274667739868164,583.2000122070312,44.57500076293945,2.1549999713897705,84.98999786376953,80.61000061035156,2020.9000244140625,4090.3798828125,4298.35986328125,111.70784759521484,18.258838653564453,13.593355178833008,8.998141288757324,85.89,80.69,0.835,3.3,3.79,-1.56,-0.49,,,1.0918,131.11,6.8781,119.2953,19.08,108.51,85.285,88.376,3.19314809440969,99.8,39.0,3412238.0,12.01105263,8809.1575,2338.131,23770.7995,41.762017353,280.259,221.208,,255.3793500633219,101.253,97.7789,155375.0,306.899,118.734,
2023-04-12,,93.9,30.0,93.9,9.390000343322754,5.050000190734863,18.479999542236328,13.625,77.58000183105469,196.02999877929688,207.88999938964844,194.2027587890625,36.93319320678711,11.112093925476074,10.327336311340332,596.5999755859375,42.880001068115234,2.0929999351501465,87.33000183105469,83.26000213623047,2010.9000244140625,4091.949951171875,4334.02978515625,112.26038360595705,18.48731231689453,13.630062103271484,9.00186538696289,88.31,83.26,0.84,3.41,3.95,-1.61,-0.54,,,1.0987,133.25,6.873,119.003,19.09,109.82,,,,,,,,,,,,,,-0.0958,,,,,,,
2023-04-19,,90.55,30.0,90.55,9.0,4.760000228881836,18.420000076293945,13.265000343322754,77.4000015258789,224.27000427246097,218.19000244140625,191.09442138671875,36.87013626098633,11.24316692352295,10.27027702331543,592.2000122070312,40.29800033569336,2.2219998836517334,83.12000274658203,79.16000366210938,1995.199951171875,4154.52001953125,4393.56982421875,113.78463745117188,18.83002281188965,13.475896835327148,8.883773803710938,85.34,79.18,0.814,3.6,4.24,-1.56,-0.64,,,1.0953,134.79,6.8851,119.303,16.46,128.99,,,,,,,,,,,,,,-0.4844,,,,,,,
2023-04-26,,83.31,30.0,83.31,8.470000267028809,4.269999980926514,16.450000762939453,12.0,73.5,163.8300018310547,199.5099945068359,177.8888702392578,37.47367858886719,11.231514930725098,10.39761447906494,599.0,38.55099868774414,2.117000102996826,77.69000244140625,74.30000305175781,1985.699951171875,4055.989990234375,4347.7099609375,111.56494903564452,17.716215133666992,12.919535636901855,8.260978698730469,79.19,74.33,0.778,3.43,3.9,-1.73,-0.47,,,1.1052,133.72,6.9261,119.3228,18.84,135.07,,,,,,,,,,,,,,-0.6584,,,,,,,
2023-05-03,,83.24,30.0,83.24,8.859999656677246,4.269999980926514,16.5,13.904999732971191,79.22000122070312,155.4199981689453,174.3300018310547,183.92738342285156,37.545745849609375,11.556268692016602,10.30101490020752,598.2000122070312,36.78200149536133,2.1700000762939453,72.33000183105469,68.5999984741211,2028.5999755859375,4090.75,4310.18017578125,112.27944946289062,17.287826538085938,13.17491054534912,8.506471633911133,72.91,68.62,0.725,3.38,3.89,-1.88,-0.51,,,1.1049,135.31,6.9164,119.1233,18.34,139.92,85.758,88.907,3.20531259225322,100.3,59.0,2208678.0,9.900681818,8243.156086956522,2274.012608695652,22134.78260869565,43.46266622652174,259.907,199.51,,211.34613104174463,100.9286,97.6259,155655.0,308.096,119.083,
2023-05-10,,85.85,30.0,85.85,7.829999923706055,4.25,15.199999809265137,14.40999984741211,77.86000061035156,161.4199981689453,180.7400054931641,199.6176300048828,38.4843864440918,11.764518737792969,10.340532302856444,623.4000244140625,34.99300003051758,2.190999984741211,76.41000366210938,72.55999755859375,2030.5,4137.64013671875,4306.759765625,113.55599975585938,17.687654495239258,13.177748680114746,8.535871505737305,76.7,72.53,0.681,3.43,3.9,-1.81,-0.47,4.78,1.49,1.0966,134.52,6.9321,118.5864,16.94,69.51,,,,,,,,,,,,,,-0.3314,,,,,,,
2023-05-17,,85.58,30.0,85.58,8.039999961853027,4.550000190734863,13.789999961853027,14.68000030517578,69.19999694824219,163.72999572753906,209.7599945068359,205.55715942382812,38.512001037597656,11.798158645629885,10.239542007446287,637.5999755859375,31.95299911499023,2.365000009536743,76.95999908447266,72.83000183105469,1980.699951171875,4158.77001953125,4323.22998046875,113.8989486694336,18.039884567260746,12.891051292419434,8.428071022033691,76.98,72.78,0.645,3.57,4.12,-1.69,-0.55,4.75,1.49,1.083,137.51,6.9981,119.607,16.87,113.54,,,,,,,,,,,,,,-0.5117,,,,,,,
2023-05-24,,83.0,30.0,83.0,8.460000038146973,4.400000095367432,13.800000190734863,14.399999618530272,69.0,164.0500030517578,198.5500030517578,197.4694976806641,37.10369491577149,11.413698196411133,10.18685245513916,630.7999877929688,27.78499984741211,2.3980000019073486,78.36000061035156,74.33999633789062,1962.800048828125,4115.240234375,4263.740234375,112.32707977294922,17.67813491821289,12.68559741973877,8.284597396850586,77.99,74.37,0.643,3.73,4.31,-1.64,-0.58,4.68,1.44,1.0758,139.14,7.0585,120.4752,20.03,301.54,,,,,,,,,,,,,,-0.4449,,,,,,,
2023-05-31,,79.79,30.0,79.79,8.319999694824219,4.179999828338623,13.720000267028809,14.06999969482422,69.23999786376953,173.8800048828125,202.9600067138672,196.3409881591797,36.00835037231445,11.247097969055176,10.01121711730957,610.0,26.85199928283691,2.2660000324249268,72.66000366210938,68.08999633789062,1963.9000244140625,4179.830078125,4218.0400390625,112.9843978881836,17.45918083190918,12.303662300109863,8.094867706298828,71.98,68.11,0.62,3.64,4.4,-1.88,-0.76,4.69,1.42,1.0654,139.78,7.11,120.9662,17.94,264.79,,,,,,,,,,,,,,-0.3223,,,,,,,
2023-06-07,,78.25,30.0,78.25,9.550000190734863,4.420000076293945,15.779999732971191,13.614999771118164,76.86000061035156,182.08999633789065,191.7599945068359,205.0622100830078,36.137210845947266,11.320785522460938,10.125378608703612,603.0,26.33099937438965,2.3289999961853027,76.94999694824219,72.52999877929688,1942.699951171875,4267.52001953125,4291.91015625,115.5791473388672,17.758699417114258,13.003615379333496,8.46727180480957,76.85,72.52,0.613,3.79,4.56,-1.63,-0.77,4.33,1.39,1.0702,139.98,7.1287,119.859,13.94,119.0,,,,,,,,,,,,,,-0.4714,,,,,,,
2023-06-14,,86.44,30.0,86.44,10.6899995803833,4.679999828338623,16.850000381469727,13.539999961853027,76.80000305175781,179.1999969482422,193.02999877929688,193.49002075195312,36.77233123779297,11.450541496276855,10.160507202148438,657.4000244140625,38.3120002746582,2.3420000076293945,73.19999694824219,68.2699966430664,1955.300048828125,4372.58984375,4375.97998046875,118.4840087890625,17.797035217285156,13.61136531829834,8.692672729492188,73.39,68.22,0.555,3.83,4.74,-1.53,-0.91,4.18,1.38,1.0859,139.33,7.148,118.776,13.88,147.42,,,,,,,,,,,,,,-0.6976,,,,,,,
2023-06-21,,90.35,30.0,90.35,9.880000114440918,4.429999828338623,16.5,13.59000015258789,77.0199966430664,167.99000549316406,184.5800018310547,186.1052093505859,37.214149475097656,11.413698196411133,10.384440422058104,647.7999877929688,36.74300003051758,2.5969998836517334,77.12000274658203,72.52999877929688,1933.300048828125,4365.68994140625,4322.75,118.22430419921876,17.509521484375,13.40267848968506,8.428071022033691,76.92,72.55,0.583,3.72,4.68,-1.68,-0.96,4.32,1.35,1.0951,142.09,7.1779,118.727,13.2,65.39,,,,,,,,,,,,,,-0.612,,,,,,,
2023-06-28,,85.35,30.0,85.35,9.4399995803833,4.329999923706055,16.18000030517578,12.154999732971191,73.63999938964844,161.4199981689453,184.22000122070312,178.1858367919922,36.88278579711914,11.53864860534668,10.423959732055664,652.4000244140625,34.125,2.6029999256134033,74.02999877929688,69.55999755859375,1912.300048828125,4376.85986328125,4344.75,118.1377410888672,17.27951431274414,12.812252044677734,7.947865962982178,73.64,69.54,0.543,3.71,4.71,-1.73,-1.0,4.27,1.34,1.0904,144.23,7.2436,119.3382,13.43,152.99,,,,,,,,,,,,,,-0.5885,,,,,,,
2023-07-05,,84.84,30.0,84.84,10.640000343322754,4.28000020980835,16.25,12.085000038146973,69.33999633789062,165.33999633789062,186.9499969482422,176.46336364746094,36.79074478149414,12.249900817871094,10.388833045959473,626.5999755859375,34.37300109863281,2.6570000648498535,76.6500015258789,71.79000091552734,1919.5999755859375,4446.81982421875,4350.7099609375,119.4266586303711,17.356182098388672,13.009060859680176,7.977267265319824,76.74,71.78,0.53,3.95,4.94,-1.49,-0.99,4.01,1.28,1.0868,144.56,7.2465,119.3483,14.18,137.28,86.634,89.891,3.26889752032579,100.2,33.0,632212.0,10.88119048,8476.679047619047,2159.732380952381,21091.2619047619,45.24753382952381,267.934,207.341,,191.73126185560224,100.9067,95.7104,156043.0,309.402,119.556,
2023-07-12,,85.32,30.0,85.32,11.5,4.449999809265137,17.59000015258789,12.4350004196167,68.68000030517578,182.8000030517578,194.9600067138672,182.99685668945312,35.98073959350586,11.982380867004396,10.149577140808104,612.4000244140625,26.638999938964844,2.631999969482422,80.11000061035156,75.75,1956.199951171875,4472.16015625,4360.4599609375,120.74443817138672,17.854536056518555,13.668370246887209,8.428071022033691,80.35,75.77,0.62,3.86,4.72,-1.61,-0.86,3.95,1.27,1.1123,138.21,7.1656,117.6385,13.54,89.22,,,,,,,,,,,,,,-0.7498,,,,,,,
2023-07-19,,86.03,30.0,86.03,13.170000076293944,4.75,17.770000457763672,13.479999542236328,91.8000030517578,185.4900054931641,198.5800018310547,185.92703247070312,36.10960006713867,12.05927276611328,10.081881523132324,625.0,26.96299934387207,2.6029999256134033,79.45999908447266,75.3499984741211,1977.5,4565.72021484375,4362.27978515625,123.21646118164062,18.189970016479492,14.288318634033203,8.94747543334961,79.38,75.4,0.653,3.75,4.74,-1.74,-0.99,3.89,1.28,1.1195,139.76,7.226,117.3462,13.76,37.11,,,,,,,,,,,,,,-0.694,,,,,,,
2023-07-26,,90.25,30.0,90.25,12.010000228881836,4.559999942779541,17.889999389648438,14.0600004196167,92.68000030517578,173.36000061035156,197.41000366210935,189.60951232910156,37.370628356933594,12.320385932922363,10.31655502319336,620.2000122070312,29.274999618530273,2.6649999618530273,82.91999816894531,78.77999877929688,1968.9000244140625,4566.75,4346.14990234375,123.12987518310548,17.86412239074707,14.116111755371094,8.643671989440918,82.98,79.11,0.673,3.86,4.82,-1.65,-0.96,3.91,1.23,1.1078,140.41,7.1503,117.76,13.19,220.51,,,,,,,,,,,,,,-0.7378,,,,,,,
2023-08-02,,81.88,30.0,81.88,11.649999618530272,4.460000038146973,16.770000457763672,12.914999961853027,90.0,140.69000244140625,194.27999877929688,176.99794006347656,35.069480895996094,11.72286891937256,9.851723670959473,570.5999755859375,28.742000579833984,2.4769999980926514,83.19999694824219,79.48999786376953,1937.4000244140625,4513.39013671875,4336.5,121.1003189086914,16.560731887817383,13.796297073364258,8.398670196533203,84.01,79.5,0.708,4.08,4.88,-1.45,-0.8,3.96,1.21,1.0939,143.21,7.192,119.1268,16.09,121.59,86.971,89.525,3.34243979581141,83.3,34.0,3523013.0,11.75295455,8347.828260869564,2135.581739130435,20446.35826086957,46.37718098608696,297.395,224.147,,175.50515471617388,100.8393,98.2252,156261.0,310.103,119.689,
2023-08-09,,81.46,30.0,81.46,10.75,4.800000190734863,15.56999969482422,12.199999809265137,95.13999938964844,138.4600067138672,203.6000061035156,173.8302001953125,35.91630172729492,11.663599014282228,9.747926712036133,574.7999877929688,39.823001861572266,2.9590001106262207,87.55000305175781,84.4000015258789,1915.4000244140625,4467.7099609375,4317.330078125,120.24425506591795,16.44572639465332,13.569966316223145,8.085067749023438,89.31,84.35,0.718,4.0,4.79,-1.55,-0.79,3.94,1.23,1.0975,143.58,7.2085,119.476,15.96,77.25,,,,,,,,,,,,,,-0.7172,,,,,,,
2023-08-16,,87.01,30.0,87.01,8.579999923706055,4.309999942779541,14.609999656677246,11.885000228881836,87.12000274658203,132.8800048828125,191.88999938964844,162.9014434814453,35.78744125366211,11.617141723632812,9.666692733764648,544.7999877929688,37.78400039672851,2.5920000076293945,83.44999694824219,79.37999725341797,1896.0999755859375,4404.330078125,4284.27001953125,118.0223159790039,15.496932983398438,12.733527183532717,7.526463031768799,84.49,79.4,0.615,4.28,4.97,-1.28,-0.69,3.81,1.25,1.0904,145.81,7.2985,120.3551,16.78,128.55,,,,,,,,,,,,,,-0.6592,,,,,,,
2023-08-23,,87.86,30.0,87.86,8.199999809265137,4.059999942779541,14.68000030517578,11.914999961853027,91.1999969482422,130.36000061035156,180.5800018310547,160.0306854248047,35.69539260864258,11.729276657104492,9.793055534362791,542.7999877929688,36.7859992980957,2.496999979019165,83.20999908447266,78.88999938964844,1918.5,4436.009765625,4266.669921875,118.80144500732422,15.468182563781738,12.654805183410645,7.389261722564697,83.94,78.91,0.65,4.19,4.95,-1.38,-0.76,3.92,1.25,1.0862,144.62,7.2771,120.0307,15.98,141.21,,,,,,,,,,,,,,-0.6206,,,,,,,
2023-08-30,,84.57,30.0,84.57,8.569999694824219,4.260000228881836,15.149999618530272,11.550000190734863,89.37999725341797,128.11000061035156,184.9600067138672,158.625,35.03266525268555,11.924711227416992,9.91490364074707,420.8999938964844,35.992000579833984,2.7960000038146973,85.86000061035156,81.62999725341797,1944.300048828125,4514.8701171875,4315.31005859375,121.09070587158205,15.506518363952637,12.950017929077148,7.59506368637085,86.62,81.64,0.683,4.12,4.9,-1.44,-0.78,3.8,1.22,1.0926,145.94,7.2839,119.7937,13.88,66.94,,,,,,,,,,,,,,-0.6798,,,,,,,
2023-09-06,,83.41,30.0,83.41,8.449999809265137,4.130000114440918,15.100000381469728,10.800000190734863,81.5199966430664,123.02999877929688,182.08999633789065,153.04183959960938,34.10300064086914,11.617141723632812,9.648640632629396,382.0,31.075000762939453,2.509999990463257,90.5999984741211,87.54000091552734,1918.0999755859375,4465.47998046875,4238.259765625,119.70559692382812,14.902740478515623,12.79257106781006,7.350061416625977,91.79,87.55,0.736,4.3,5.01,-1.25,-0.71,3.86,1.23,1.0714,147.65,7.316,121.8671,14.45,41.02,92.254,95.46,3.50431109850626,103.8,24.0,2455423.0,13.1515,8276.71380952381,2184.67380952381,19644.64285714286,53.2027424852381,296.655,247.165,-0.6927,200.6384782055877,101.0211,97.6326,156417.0,310.817,120.058,
2023-09-13,,80.5,30.0,80.5,8.210000038146973,4.0,15.029999732971191,10.4399995803833,80.54000091552734,119.5999984741211,170.5,149.29994201660156,33.30220031738281,11.932721138000488,9.734387397766112,388.3999938964844,36.81700134277344,2.680000066757202,91.87999725341795,88.5199966430664,1909.0999755859375,4467.43994140625,4223.47998046875,119.77291870117188,14.845239639282228,12.69426441192627,7.212861061096191,93.04,88.59,0.769,4.25,4.96,-1.3,-0.71,3.85,1.24,1.0737,147.45,7.27,121.0549,13.48,132.91,,,,,,,,,,,,,,-0.7147,,,,,,,
2023-09-20,,79.8,30.0,79.8,8.09000015258789,3.9600000381469727,14.399999618530272,10.369999885559082,82.68000030517578,123.97000122070312,169.24000549316406,156.6847381591797,33.872886657714844,12.148981094360352,10.163115501403809,416.1000061035156,37.28400039672851,2.7330000400543213,93.52999877929688,90.27999877929688,1945.5999755859375,4402.2001953125,4275.97998046875,118.7244873046875,14.873991012573242,12.597261428833008,7.007059097290039,94.56,89.2,0.713,4.35,5.12,-1.21,-0.77,3.77,1.2,1.0715,147.74,7.287,120.9648,15.14,82.86,,,,,,,,,,,,,,-0.7127,,,,,,,
2023-09-27,,81.37,30.0,81.37,7.730000019073486,3.559999942779541,13.420000076293944,8.454000473022461,76.4000015258789,120.11000061035156,158.61000061035156,144.74630737304688,32.050376892089844,11.6219482421875,9.594486236572266,384.6000061035156,39.29600143432617,2.763999938964844,96.5500030517578,93.68000030517578,1871.5999755859375,4274.509765625,4131.68017578125,115.0212631225586,13.98270034790039,11.895943641662598,6.428853988647461,97.1,93.67,0.71,4.61,5.1,-0.97,-0.49,4.03,1.21,1.051,149.48,7.3105,122.9895,18.22,150.04,,,,,,,,,,,,,,-0.718,,,,,,,
2023-10-04,,78.78,30.0,78.78,6.53000020980835,3.5199999809265137,11.380000114440918,7.679999828338623,72.80000305175781,117.18000030517578,151.82000732421875,136.19337463378906,30.19104766845703,11.235884666442873,9.039395332336426,334.29998779296875,38.44100189208984,2.961999893188477,85.80999755859375,84.22000122070312,1818.5,4263.75,4099.85009765625,114.10747528076172,13.177664756774902,11.113181114196776,6.089574813842773,89.83,84.32,0.698,4.73,5.05,-0.88,-0.32,4.37,1.29,1.0518,148.83,7.296,123.5946,18.58,181.95,91.09,94.152,3.72206836479434,103.2,54.0,3342386.0,15.29340909,7941.355909090909,2194.390909090909,18264.03545454545,57.64641343045455,253.441,238.834,,190.4438086122051,100.4689,97.6257,156576.0,311.38,120.241,
2023-10-11,,82.68,30.0,82.68,7.539999961853027,3.799999952316284,11.84000015258789,8.234000205993652,71.69999694824219,128.61000061035156,151.5,146.5677490234375,31.875490188598633,11.799761772155762,9.598999977111816,371.3999938964844,46.06800079345703,3.377000093460083,85.81999969482422,83.48999786376953,1872.800048828125,4376.9501953125,4200.7998046875,117.65679931640624,13.886862754821776,11.684679985046388,6.335556983947754,87.58,83.7,0.689,4.58,4.99,-1.03,-0.41,4.25,1.27,1.062,149.17,7.2992,122.7697,16.09,192.77,,,,,,,,,,,,,,-0.426,,,,,,,
2023-10-18,,81.72,30.0,81.72,7.0,3.509999990463257,12.020000457763672,7.728000164031982,71.5,123.83999633789062,153.1300048828125,140.46983337402344,30.982643127441406,11.79015064239502,9.368839263916016,325.5,50.83300018310547,3.055999994277954,91.5,88.31999969482422,1955.300048828125,4314.60009765625,4105.85986328125,115.48294830322266,13.359756469726562,11.392463684082031,6.007450580596924,91.99,88.35,0.693,4.91,5.19,-0.7,-0.28,4.32,1.29,1.0532,149.86,7.3161,123.8148,19.22,90.33,,,,,,,,,,,,,,-0.54,,,,,,,
2023-10-25,,79.85,30.0,79.85,6.21999979019165,3.380000114440918,11.350000381469728,6.880000114440918,64.73999786376953,94.3499984741211,151.36000061035156,146.23118591308594,32.50140380859375,11.897478103637695,9.504227638244627,332.5,49.92399978637695,3.009999990463257,90.12999725341795,85.38999938964844,1984.0999755859375,4186.77001953125,4073.35009765625,112.3183822631836,12.660141944885254,10.920575141906738,5.63504695892334,90.14,86.07,0.658,4.95,5.08,-0.64,-0.13,4.37,1.3,1.0583,149.94,7.3165,123.7871,20.19,124.21,,,,,,,,,,,,,,-0.3269,,,,,,,
2023-11-01,,77.65,30.0,77.65,5.75,3.2899999618530273,10.020000457763672,7.3979997634887695,65.0,76.7300033569336,142.83999633789062,151.14117431640625,33.4218635559082,12.297959327697754,9.508740425109863,252.5,47.75699996948242,3.49399995803833,84.62999725341797,80.44000244140625,1978.800048828125,4237.85986328125,4091.7099609375,113.8093032836914,12.334294319152832,10.829752922058104,5.578010559082031,86.92,81.05,0.661,4.77,4.95,-0.8,-0.18,4.47,1.33,1.0538,150.96,7.3175,123.7922,16.87,132.01,93.055,96.36,3.41868826496933,105.3,40.0,1449778.0,15.41380952,8189.587727272727,2202.255454545455,17027.36363636364,62.28595198181818,228.402,215.826,,207.97210385954008,100.8639,96.9589,156703.0,311.606,120.374,
2023-11-08,,74.56,30.0,74.56,6.019999980926514,3.4000000953674316,10.029999732971191,8.053999900817871,61.97999954223633,76.9000015258789,137.8300018310547,171.2563934326172,33.09969711303711,12.1233491897583,9.44555950164795,265.8999938964844,45.777000427246094,3.1059999465942383,79.54000091552734,75.33000183105469,1951.5,4382.77978515625,4178.490234375,117.36824035644533,12.650558471679688,11.025022506713867,5.840848922729492,81.46,75.85,0.619,4.49,4.93,-1.05,-0.44,4.08,1.28,1.0715,150.77,7.28,122.0926,14.45,119.34,,,,,,,,,,,,,,-0.6067,,,,,,,
2023-11-15,,79.45,30.0,79.45,4.349999904632568,3.690000057220459,12.529999732971191,8.362000465393066,59.619998931884766,92.80999755859376,152.4199981689453,172.6224822998047,34.995849609375,12.269124031066896,9.725360870361328,310.3999938964844,47.0369987487793,3.190000057220459,81.18000030517578,76.66000366210938,1960.0999755859375,4502.8798828125,4315.52978515625,120.86947631835938,13.474761009216309,11.471441268920898,6.056450843811035,82.4,77.15,0.628,4.53,4.9,-1.0,-0.37,3.89,1.22,1.0853,151.07,7.2466,121.0749,14.18,68.82,,,,,,,,,,,,,,-0.7315,,,,,,,
2023-11-22,,74.84,30.0,74.84,3.4800000190734863,3.5,13.119999885559082,8.083999633789062,54.65999984741211,100.1999969482422,159.72000122070312,175.1368865966797,34.940616607666016,12.483782768249512,10.014189720153809,310.20001220703125,44.61600112915039,2.8970000743865967,81.95999908447266,77.0999984741211,1991.4000244140625,4556.6201171875,4352.02001953125,122.37962341308594,13.34058952331543,11.32533359527588,5.943749904632568,81.76,76.8,0.643,4.42,4.89,-1.12,-0.47,3.9,1.15,1.0871,149.67,7.155,120.6802,12.85,65.95,,,,,,,,,,,,,,-0.6231,,,,,,,
2023-11-29,,71.71,30.0,71.71,3.930000066757202,3.5399999618530273,14.3100004196167,7.547999858856201,52.5,100.95999908447266,155.42999267578125,180.7002410888672,36.137210845947266,12.71285629272461,10.203731536865234,316.0,40.36000061035156,2.803999900817871,83.0999984741211,77.86000061035156,2047.0999755859375,4550.580078125,4370.52978515625,122.5719985961914,13.513097763061523,11.570162773132324,6.134851455688477,82.98,77.56,0.66,4.27,4.64,-1.18,-0.37,3.8,1.11,1.0969,147.39,7.13,119.8159,12.98,83.76,,,,,,,,,,,,,,-0.7343,,,,,,,
2023-12-06,,68.71,30.0,68.71,3.990000009536743,3.660000085830689,14.210000038146973,7.978000164031982,56.0,106.7699966430664,145.2899932861328,189.688720703125,37.23255920410156,12.8858642578125,10.52414894104004,350.29998779296875,39.3129997253418,2.569000005722046,74.30000305175781,69.37999725341797,2030.5,4549.33984375,4483.259765625,122.67780303955078,13.618515968322754,11.422080993652344,6.036850452423096,74.33,68.98,0.685,4.12,4.6,-1.33,-0.48,3.79,1.12,1.079,147.16,7.158,120.5334,12.97,88.12,97.006,100.8,2.86427500083621,94.3,42.0,2156928.0,13.05175,8407.900476190476,2192.005238095238,16443.52380952381,70.0597045752381,208.189,193.028,-0.5335,223.02369978288257,100.6031,95.9075,156857.0,311.907,120.592,
2023-12-13,,69.7,30.0,69.7,4.309999942779541,3.7799999713897705,13.5600004196167,6.693999767303467,49.33000183105469,107.61000061035156,146.55999755859375,182.00694274902344,37.71119689941406,12.943532943725586,10.605381965637209,339.5,35.8120002746582,2.3350000381469727,74.26000213623047,69.47000122070312,1982.300048828125,4707.08984375,4530.18994140625,126.65035247802734,13.886862754821776,11.639267921447754,6.095651149749756,74.14,69.09,0.668,4.04,4.46,-1.4,-0.42,3.79,1.08,1.0793,145.17,7.1725,121.1571,12.19,95.78,,,,,,,,,,,,,,-0.5008,,,,,,,
2023-12-20,,66.49,,66.49,4.159999847412109,3.509999990463257,13.84000015258789,6.9679999351501465,57.619998931884766,128.0,164.60000610351562,195.56886291503903,37.24176406860352,12.991591453552246,10.614409446716309,371.7000122070313,33.520999908447266,2.447000026702881,79.69999694824219,74.22000122070312,2034.5,4698.35009765625,4533.81982421875,126.68355560302734,14.384360313415527,11.501058578491213,6.055274963378906,81.1,73.87,0.681,3.86,4.34,-1.58,-0.48,3.43,1.06,1.0957,143.77,7.1355,119.5435,13.67,69.49,,,,,,,,,,,,,,-0.6097,,,,,,,
2023-12-27,,,,,4.710000038146973,3.7899999618530273,15.25,7.081999778747559,61.279998779296875,135.6300048828125,172.44000244140625,207.88348388671875,37.775630950927734,12.951543807983398,10.68210220336914,375.2999877929687,35.51300048828125,2.61899995803833,79.6500015258789,74.11000061035156,2081.89990234375,4781.580078125,4528.3798828125,129.33108520507812,15.108890533447266,12.210179328918455,6.602720260620117,80.97,74.31,0.683,3.79,4.2,-1.65,-0.41,3.34,1.05,1.1114,142.05,7.1405,118.4729,12.43,145.72,,,,,,,,,,,,,,-0.4376,,,,,,,
2024-01-03,,,,,4.380000114440918,3.559999942779541,14.020000457763672,6.745999813079834,57.5,122.62999725341795,167.4199981689453,200.3105926513672,37.20494842529297,12.687226295471191,10.68210220336914,352.5,32.79499816894531,2.6679999828338623,78.25,72.69999694824219,2034.199951171875,4704.81005859375,4448.1298828125,126.89689636230467,14.52926540374756,12.29937744140625,6.2342424392700195,77.18,72.97,0.695,3.91,4.33,-1.57,-0.42,3.71,1.09,1.0909,143.55,7.1497,119.6958,14.04,162.46,95.424,99.023,2.90441648057449,94.1,35.0,1196045.0,10.01681818,8351.339565217391,2201.56652173913,16111.66695652174,80.36345845478262,215.204,201.535,,239.6974681015976,99.2223,93.8776,157032.0,313.623,121.217,
2024-01-10,,,,,4.039999961853027,3.4800000190734863,13.470000267028809,6.291999816894531,53.880001068115234,117.54000091552734,162.3300018310547,200.7560577392578,37.52710723876953,13.217463493347168,10.653922080993652,379.1000061035156,30.941999435424805,3.0390000343322754,76.80000305175781,71.37000274658203,2021.699951171875,4783.4501953125,4468.97998046875,128.8170928955078,14.345717430114746,11.377667427062988,6.015147686004639,78.46,71.57,0.775,4.04,4.37,-1.42,-0.33,3.5,1.04,1.096,145.68,7.1711,119.7614,12.69,73.6,,,,,,,,,,,,,,-0.556,,,,,,,
2024-01-17,,62.96,,62.96,2.740000009536743,3.180000066757202,11.260000228881836,5.210000038146973,50.2400016784668,105.5500030517578,147.25999450683594,186.40219116210935,34.18584060668945,12.437325477600098,10.511625289916992,375.7999877929687,27.70800018310547,2.869999885559082,77.87999725341797,72.55999755859375,2002.5999755859375,4739.2099609375,4403.080078125,127.1878433227539,13.244430541992188,10.426225662231444,5.288151264190674,78.88,72.79,0.865,4.1,4.34,-1.37,-0.24,3.62,1.02,1.0858,148.39,7.196,121.0402,14.79,69.96,,,,,,,,,,,,,,-0.7099,,,,,,,
2024-01-24,,62.0,,62.0,3.4800000190734863,3.4200000762939453,11.869999885559082,5.552000045776367,48.689998626708984,108.06999969482422,148.8699951171875,194.47994995117188,33.79924774169922,12.229076385498049,10.213260650634766,385.2000122070313,28.929000854492188,2.6410000324249268,80.04000091552734,75.08999633789062,2013.9000244140625,4868.5498046875,4564.10986328125,130.35903930664062,13.466619491577148,10.892035484313965,5.635715007781982,82.15,75.48,0.9,4.18,4.34,-1.26,-0.16,3.44,0.99,1.0901,147.31,7.158,120.4916,13.14,91.92,,,,,,,,,,,,,,-0.8074,,,,,,,
2024-01-31,,62.27,,62.27,4.449999809265137,3.2799999713897705,11.31999969482422,5.335999965667725,59.599998474121094,104.12999725341795,146.3000030517578,194.6779327392578,31.599355697631836,11.86223602294922,10.259163856506348,391.5,30.23500061035156,2.0999999046325684,81.70999908447266,75.8499984741211,2048.39990234375,4845.64990234375,4648.39990234375,130.14569091796875,13.341034889221191,10.94158935546875,5.716382026672363,82.98,76.28,0.935,3.99,4.27,-1.43,-0.28,3.59,1.02,1.0855,146.26,7.1673,120.4331,14.35,81.76,,,,,,,,,,,,,,-0.8328,,,,,,,
2024-02-07,,60.25,,60.25,4.21999979019165,3.130000114440918,11.300000190734863,4.8460001945495605,61.119998931884766,117.51000213623048,145.4600067138672,198.1822509765625,30.117412567138672,11.59952163696289,9.795551300048828,378.6000061035156,28.18600082397461,1.9670000076293943,79.20999908447266,73.86000061035156,2035.199951171875,4995.06005859375,4678.85009765625,133.00656127929688,13.775753021240234,10.723550796508787,5.507246494293213,81.18,74.26,0.911,4.09,4.41,-1.34,-0.32,3.43,1.0,1.0769,148.04,7.1943,120.9049,12.83,178.57,,,,,,,,,,,,,,-0.7562,,,,,,,
2024-02-14,,54.07,,54.07,4.230000019073486,3.240000009536743,11.710000038146973,4.829999923706055,63.58000183105469,131.6199951171875,158.24000549316406,186.48138427734375,29.307409286499023,11.514619827270508,9.901124954223633,402.5,24.85700035095215,1.6089999675750732,81.5999984741211,76.63999938964844,1990.300048828125,5000.6201171875,4709.22021484375,133.2296142578125,14.017264366149902,10.862302780151367,5.616793155670166,84.41,77.09,0.939,4.27,4.56,-1.16,-0.29,3.38,0.98,1.0735,150.5,7.1928,121.4002,14.38,86.93,,,,,,,,,,,,,,-0.599,,,,,,,
2024-02-21,,51.8,,51.8,3.4100000858306885,3.069999933242798,8.960000038146973,4.78000020980835,58.7599983215332,126.23999786376952,150.02999877929688,182.4425048828125,28.69990921020508,11.637967109680176,10.03883171081543,391.1000061035156,23.97699928283691,1.7730000019073486,83.02999877929688,77.91000366210938,2022.300048828125,4981.7998046875,4775.31005859375,133.53994750976562,13.669487953186035,10.575284004211426,5.306276321411133,84.77,78.89,0.873,4.32,4.64,-1.12,-0.32,3.34,0.94,1.0818,150.29,7.1891,121.0379,15.34,111.52,,,,,,,,,,,,,,-0.6437,,,,,,,
2024-02-28,,54.94,,54.94,3.430000066757202,3.049999952316284,8.989999771118164,4.684999942779541,53.560001373291016,119.0999984741211,149.25,184.1649627685547,28.34092903137207,11.88626480102539,9.621121406555176,370.1000061035156,25.618999481201172,1.8849999904632568,83.68000030517578,78.54000091552734,2033.0,5069.759765625,4883.77001953125,135.48924255371094,13.215449333190918,10.525433540344238,5.198521614074707,84.08,79.44,0.854,4.27,4.64,-1.18,-0.37,3.31,0.98,1.0843,150.68,7.1976,121.128,13.84,143.19,,,,,,,,,,,,,,-0.6724,,,,,,,
2024-03-06,,59.14,45.0,59.14,4.019999980926514,3.240000009536743,9.539999961853027,4.622000217437744,56.02000045776367,125.36000061035156,158.4199981689453,192.32191467285156,29.215362548828125,12.153785705566406,9.928666114807127,375.7999877929687,26.57200050354004,1.9290000200271609,82.95999908447266,79.12999725341797,2150.300048828125,5104.759765625,4915.490234375,137.05059814453125,13.601865768432615,11.010966300964355,5.437534332275391,86.59,80.08,0.815,4.11,4.55,-1.36,-0.44,3.27,1.01,1.0913,149.17,7.1977,120.4649,14.5,107.93,96.772,100.538,2.95329790278577,104.2,31.0,780271.0,8.99325,8692.819047619048,2229.441904761905,17397.36047619048,71.8142753847619,257.311,215.952,-0.7912,179.48343979338063,100.4575,97.9936,157466.0,317.088,122.009,
2024-03-13,,54.92,45.0,54.92,3.359999895095825,2.7899999618530273,10.029999732971191,4.609000205993652,54.20000076293945,118.16999816894533,158.0399932861328,191.54977416992188,29.215362548828125,12.11373805999756,10.061782836914062,346.70001220703125,24.902999877929688,1.6579999923706057,84.02999877929688,79.72000122070312,2175.39990234375,5165.31005859375,5000.5498046875,138.70892333984375,13.234769821166992,10.624442100524902,5.1487274169921875,83.95,80.67,0.766,4.19,4.61,-1.29,-0.42,3.15,0.95,1.0944,147.73,7.1875,119.9642,13.75,159.16,,,,,,,,,,,,,,-0.7921,,,,,,,
2024-03-20,,57.9,45.0,57.9,3.5199999809265137,2.8499999046325684,9.59000015258789,4.7179999351501465,51.84000015258789,113.6999969482422,151.02000427246094,191.1735992431641,28.571044921875,12.36203670501709,10.1673583984375,365.3999938964844,27.742000579833984,1.6990000009536743,85.94999694824219,81.68000030517578,2157.89990234375,5224.6201171875,5000.31005859375,139.85328674316406,13.254091262817385,10.751693725585938,5.171533107757568,85.77,82.79,0.813,4.27,4.59,-1.2,-0.32,3.14,0.92,1.0856,151.66,7.1992,120.9289,13.04,202.01,,,,,,,,,,,,,,-0.9235,,,,,,,
2024-03-27,,60.56,45.0,60.56,3.430000066757202,2.7799999713897705,11.029999732971191,4.828000068664551,53.84000015258789,119.8000030517578,167.4499969482422,191.05482482910156,28.985248565673828,12.522229194641112,10.658513069152832,384.3999938964844,27.687000274658203,1.718000054359436,86.08999633789062,81.3499984741211,2190.60009765625,5248.490234375,5081.740234375,140.53213500976562,13.514921188354492,10.833100318908691,5.258275032043457,84.94,82.15,0.824,4.2,4.54,-1.25,-0.34,3.15,0.94,1.0821,151.35,7.227,121.0089,12.78,97.9,,,,,,,,,,,,,,-0.9421,,,,,,,
2024-04-03,,57.07,45.0,57.07,3.2300000190734863,3.240000009536743,11.710000038146973,4.982999801635742,54.25,118.5999984741211,166.72999572753906,182.04653930664065,28.10161018371582,12.45895290374756,10.474905014038086,378.8999938964844,25.562999725341797,1.840999960899353,89.3499984741211,85.43000030517578,2294.39990234375,5211.490234375,5069.25,139.58172607421875,13.360356330871582,11.063721656799316,5.318027973175049,90.6,86.22,0.838,4.36,4.68,-1.06,-0.32,3.23,0.92,1.0827,151.67,7.233,121.0198,14.33,87.02,93.709,97.096,3.07356096825179,96.6,38.0,944035.0,9.794,9445.593636363636,2499.228181818182,18132.36409090909,71.63885328272727,272.528,234.282,,171.26273444832714,100.2434,97.123,157530.0,317.978,122.304,
2024-04-10,,63.0,45.0,63.0,3.069999933242798,3.1500000953674316,11.420000076293944,5.228000164031982,52.349998474121094,119.5999984741211,185.2899932861328,177.1464080810547,28.08320045471191,12.567082405090332,10.107686042785645,381.7999877929687,27.100000381469727,1.8849999904632568,90.4800033569336,86.20999908447266,2329.60009765625,5160.64013671875,5000.830078125,137.94281005859375,13.341034889221191,10.920464515686035,5.198521614074707,91.57,86.98,0.823,4.55,4.97,-0.9,-0.42,3.1,0.89,1.0737,152.9,7.2341,121.5727,15.8,134.32,,,,,,,,,,,,,,-0.8438,,,,,,,
2024-04-17,,70.61,45.0,70.61,2.7300000190734863,2.7200000286102295,9.800000190734863,4.650000095367432,50.45000076293945,112.0500030517578,178.00999450683594,174.52313232421875,29.178546905517575,12.599120140075684,10.291296005249023,375.8999938964844,31.288999557495117,1.712000012397766,87.29000091552734,82.69000244140625,2371.699951171875,5022.2099609375,4914.1298828125,134.33518981933594,12.72276782989502,10.244388580322266,4.750373363494873,89.54,83.58,0.783,4.59,4.93,-0.86,-0.34,3.42,0.95,1.0644,154.61,7.2389,123.0207,18.21,89.86,,,,,,,,,,,,,,-0.7943,,,,,,,
2024-04-24,,65.35,45.0,65.35,2.4100000858306885,2.5399999618530273,9.640000343322754,4.547999858856201,50.54999923706055,107.16999816894533,177.47999572753906,179.27474975585938,29.141725540161133,12.883461952209473,10.585068702697754,382.2000122070313,29.01799964904785,1.652999997138977,88.0199966430664,82.80999755859375,2324.5,5071.6298828125,4989.8798828125,135.72198486328125,12.69378662109375,10.14610481262207,4.720496654510498,89.02,84.09,0.763,4.65,4.89,-0.81,-0.24,3.19,0.92,1.0687,155.11,7.246,122.89,15.97,103.13,,,,,,,,,,,,,,-0.4158,,,,,,,
2024-05-01,,65.26,45.0,65.26,2.299999952316284,2.6600000858306885,11.3100004196167,5.245999813079834,49.439998626708984,105.16000366210938,177.5800018310547,184.96681213378903,30.034574508666992,13.03164005279541,10.5667085647583,381.5,28.729999542236328,1.9320000410079956,83.44000244140625,79.0,2299.89990234375,5018.39013671875,4921.22021484375,134.41278076171875,12.800050735473633,10.32480239868164,4.919673919677734,83.55,80.7,0.723,4.63,4.96,-0.83,-0.33,3.21,0.91,1.068,157.65,7.2405,123.0168,15.39,52.26,94.85,98.378,3.12149195085422,95.7,44.0,1949051.0,10.847,10117.16347826087,2566.318695652174,19576.54652173913,73.95019098391305,260.473,217.159,,184.1644205149855,100.863,97.0799,157608.0,318.629,122.383,
2024-05-08,,68.99,45.0,68.99,2.5199999809265137,2.880000114440918,11.800000190734863,5.326000213623047,52.5,112.36000061035156,190.72000122070312,189.12448120117188,31.32971954345703,13.738544464111328,10.989008903503418,431.1000061035156,30.608999252319336,2.187000036239624,83.58000183105469,78.98999786376953,2313.60009765625,5187.669921875,5038.169921875,138.98046875,13.37967586517334,10.533284187316896,5.1487274169921875,82.44,80.57,0.693,4.48,4.84,-0.97,-0.36,3.1,0.89,1.0755,155.42,7.2185,122.1926,13.0,35.93,,,,,,,,,,,,,,-0.8297,,,,,,,
2024-05-15,,69.35,45.0,69.35,3.4100000858306885,3.130000114440918,12.859999656677246,6.107999801635742,55.04999923706055,115.47000122070312,191.92999267578125,195.01449584960935,33.78788375854492,13.93173599243164,11.347196578979492,431.2999877929687,29.733999252319336,2.4159998893737793,82.75,78.62999725341797,2388.699951171875,5308.14990234375,5100.89990234375,142.3650360107422,13.80473518371582,11.534294128417969,5.522184371948242,79.98,80.23,0.675,4.36,4.73,-1.09,-0.37,3.13,0.9,1.086,155.02,7.219,121.3543,12.45,96.41,,,,,,,,,,,,,,-0.9225,,,,,,,
2024-05-22,,74.31,45.0,74.31,3.4100000858306885,3.109999895095825,17.0,6.234000205993652,54.5,121.2300033569336,251.75,188.97596740722656,32.94318771362305,13.769279479980469,11.278314590454102,410.3999938964844,34.388999938964844,2.8420000076293945,81.9000015258789,77.56999969482422,2389.199951171875,5307.009765625,5025.169921875,141.8898468017578,14.287755012512209,12.05301570892334,5.905600070953369,79.9,79.15,0.704,4.43,4.86,-1.02,-0.43,3.11,0.89,1.0836,156.49,7.2405,121.5462,12.29,55.15,,,,,,,,,,,,,,-0.9098,,,,,,,
2024-05-29,,72.9,45.0,72.9,3.200000047683716,3.0299999713897705,15.520000457763672,7.875999927520752,56.75,125.69000244140624,278.19000244140625,192.14373779296875,32.48762130737305,13.527790069580078,10.95227336883545,398.5,33.87900161743164,2.493000030517578,83.5999984741211,79.2300033569336,2340.300048828125,5266.9501953125,4963.2001953125,140.44485473632812,14.326395988464355,12.211064338684082,6.084859848022461,81.5,80.24,0.733,4.61,4.96,-0.85,-0.35,3.15,0.88,1.0811,157.62,7.2494,122.1641,14.28,123.02,,,,,,,,,,,,,,-0.9599,,,,,,,
2024-06-05,,70.3,45.0,70.3,3.009999990463257,2.869999885559082,15.68000030517578,6.9737958908081055,63.599998474121094,133.24000549316406,273.05999755859375,189.81741333007812,33.40824508666992,13.6199951171875,11.379342079162598,415.0,33.35499954223633,2.756999969482422,78.41000366210938,74.06999969482422,2354.10009765625,5354.02978515625,5035.66015625,143.10208129882812,14.54858684539795,12.181282043457031,5.995229721069336,75.41,75.08,0.68,4.29,4.72,-1.22,-0.43,3.2,0.91,1.0865,156.21,7.2475,122.5339,12.63,35.32,93.839,97.241,3.16502023175523,99.1,55.0,1797324.0,12.368,9648.167,2497.6055,17498.0075,69.1872288495,244.094,216.608,,173.4343793636483,100.894,98.2344,157695.0,319.003,122.677,
2024-06-12,,70.31,45.0,70.31,2.9200000762939453,2.759999990463257,15.3100004196167,6.576000213623047,51.5,134.52000427246094,300.7099914550781,183.33343505859375,32.3167839050293,12.293999671936035,11.204840660095217,405.7999877929687,35.29399871826172,3.0450000762939453,82.5999984741211,78.5,2336.0,5421.02978515625,5034.43017578125,144.041259765625,14.458953857421877,11.883450508117676,5.706423282623291,80.52,79.56,0.78,4.31,4.75,-1.2,-0.44,3.09,0.9,1.0843,155.88,7.2544,123.8295,12.04,100.25,,,,,,,,,,,,,,-0.8432,,,,,,,
2024-06-19,,67.75,45.0,67.75,2.640000104904175,2.740000009536743,13.649999618530272,5.814000129699707,48.31999969482422,119.01000213623048,262.3699951171875,175.46356201171875,31.41514015197754,11.600266456604004,11.011969566345217,388.7999877929687,34.70000076293945,2.9089999198913574,85.33000183105469,81.56999969482422,2330.39990234375,5487.02978515625,4885.4501953125,144.6571807861328,13.74913215637207,11.219188690185549,5.337945938110352,85.64,82.67,0.783,4.22,4.69,-1.28,-0.47,3.24,0.96,1.0739,157.81,7.2543,123.9776,12.48,52.65,,,,,,,,,,,,,,-0.8698,,,,,,,
2024-06-26,,65.94,45.0,65.94,2.450000047683716,2.2799999713897705,12.619999885559082,5.501999855041504,47.0,102.9499969482422,247.92999267578125,174.2261505126953,31.529035568237305,11.982259750366213,11.29209041595459,388.7999877929687,33.82400131225586,2.628000020980835,85.25,80.9000015258789,2299.199951171875,5477.89990234375,4915.93994140625,144.40298461914062,13.331018447875977,10.69200038909912,5.088974475860596,85.76,82.19,0.805,4.32,4.71,-1.18,-0.39,3.18,0.97,1.0682,160.68,7.2666,124.26,12.55,66.89,,,,,,,,,,,,,,-0.8309,,,,,,,
2024-07-03,,68.84,45.0,68.84,2.4700000286102295,2.2899999618530273,11.850000381469728,6.0,49.040000915527344,99.16999816894533,231.11000061035156,161.15921020507812,31.035503387451172,12.276436805725098,11.278314590454102,383.6000061035156,32.691001892089844,2.4179999828338623,87.33999633789062,83.87999725341797,2359.800048828125,5537.02001953125,4965.7998046875,146.25079345703125,13.214335441589355,10.856399536132812,5.059097766876221,88.25,85.19,0.843,4.36,4.71,-1.11,-0.35,3.25,0.93,1.0799,161.48,7.2699,123.7768,12.09,58.82,94.838,98.364,3.11299627992368,98.1,34.0,683645.0,11.995,9385.313043478262,2349.125217391304,16334.8752173913,68.25185089304348,255.289,224.405,,229.0116408537473,99.9757,94.7185,157748.0,319.214,122.911,
2024-07-10,,67.42,45.0,67.42,2.690000057220459,2.380000114440918,12.800000190734863,5.860000133514404,58.29999923706055,106.75,228.57000732421875,160.91172790527344,31.36768341064453,12.364251136779783,11.179986953735352,398.7999877929687,30.784000396728516,2.3289999961853027,85.08000183105469,82.0999984741211,2372.199951171875,5633.91015625,4958.85986328125,148.62657165527344,13.476872444152832,10.979999542236328,5.178603649139404,86.55,83.39,0.814,4.28,4.62,-1.18,-0.34,3.17,0.92,1.0823,161.73,7.2758,123.1895,12.85,182.9,,,,,,,,,,,,,,-0.8272,,,,,,,
2024-07-17,,66.66,45.0,66.66,3.059999942779541,2.4700000286102295,15.279999732971191,6.306000232696533,59.849998474121094,111.1500015258789,208.1699981689453,150.9134979248047,31.073467254638672,12.272046089172363,11.20362377166748,379.3999938964844,31.89299964904785,2.0350000858306885,85.08000183105469,82.8499984741211,2454.800048828125,5588.27001953125,4891.4599609375,148.2159423828125,13.418530464172363,11.510000228881836,5.387739658355713,85.76,84.16,0.783,4.16,4.42,-1.27,-0.26,3.09,0.93,1.0933,156.56,7.2607,122.518,14.48,129.38,,,,,,,,,,,,,,-0.8317,,,,,,,
2024-07-24,,66.71,45.0,66.71,2.430000066757202,2.2300000190734863,14.479999542236328,5.823999881744385,50.95000076293945,116.91000366210938,221.3300018310547,159.22885131835938,31.557504653930664,12.522316932678224,11.31707763671875,397.0,32.62099838256836,2.117000102996826,81.70999908447266,77.58999633789062,2413.300048828125,5427.1298828125,4861.8701171875,143.9434814453125,13.535213470458984,10.800000190734863,4.969467639923096,83.01,78.78,0.778,4.28,4.37,-1.12,-0.09,3.1,0.96,1.0853,153.39,7.2622,123.5575,18.04,79.17,,,,,,,,,,,,,,-0.6638,,,,,,,
2024-07-31,,68.07,45.0,68.07,2.4700000286102295,2.2799999713897705,13.539999961853027,5.888000011444092,52.29999923706055,115.11000061035156,215.9900054931641,168.5341033935547,32.73439025878906,12.768196105957031,11.515624046325684,410.3999938964844,35.86800003051758,2.0360000133514404,80.72000122070312,77.91000366210938,2426.5,5522.2998046875,4872.93994140625,146.62232971191406,13.758854866027832,10.800000190734863,4.999344348907471,81.39,79.36,0.776,4.09,4.29,-1.32,-0.2,3.25,0.97,1.0823,150.38,7.2193,123.6373,16.36,53.04,,,,,,,,,,,,,,-0.6215,,,,,,,
2024-08-07,,68.65,45.0,68.65,2.0799999237060547,1.899999976158142,9.899999618530272,5.5320000648498535,52.150001525878906,103.41999816894533,208.7599945068359,167.34620666503906,30.304697036743164,13.145798683166504,11.463623046875,415.0,38.45100021362305,2.111999988555908,78.33000183105469,75.2300033569336,2390.5,5199.5,4668.06005859375,138.02853393554688,13.30184841156006,,4.431689739227295,78.26,76.68,0.765,3.96,4.0,-1.38,-0.04,3.57,1.07,1.0925,147.42,7.176,123.5698,27.85,53.33,,,,,,,,,,,,,,-0.34,,,,,,,
2024-08-14,,70.59,45.0,70.59,2.0199999809265137,1.830000042915344,11.40999984741211,5.489999771118164,58.150001525878906,111.1500015258789,225.5399932861328,153.4873046875,28.90003204345703,13.527790069580078,11.629077911376951,422.5,38.96699905395508,2.2190001010894775,79.76000213623047,76.9800033569336,2439.39990234375,5455.2099609375,4727.60009765625,144.56918334960938,13.671343803405762,,4.690619945526123,82.15,78.47,0.755,3.83,3.94,-1.49,-0.11,3.46,1.02,1.1024,146.86,7.1382,122.4297,16.19,120.48,,,,,,,,,,,,,,-0.1624,,,,,,,
2024-08-21,,72.4,45.0,72.4,2.200000047683716,1.899999976158142,11.579999923706056,5.423999786376953,51.95000076293945,119.30999755859376,222.6300048828125,152.15089416503906,29.88709259033203,13.593650817871094,11.855986595153809,373.3999938964844,37.0099983215332,2.177000045776367,76.05000305175781,71.93000030517578,2508.39990234375,5620.85009765625,4885.27978515625,149.45758056640625,13.87553882598877,,4.760332107543945,78.77,72.76,0.76,3.79,3.92,-1.47,-0.13,3.27,0.98,1.1143,145.19,7.1344,121.8535,16.27,116.81,,,,,,,,,,,,,,-0.7379,,,,,,,
2024-08-28,,70.39,45.0,70.39,1.940000057220459,1.809999942779541,11.34000015258789,5.377999782562256,49.119998931884766,123.6500015258789,228.57000732421875,150.22055053710938,30.485023498535156,13.808795928955078,12.073442459106444,389.2999877929687,38.52000045776367,1.9299999475479128,78.6500015258789,74.5199966430664,2501.0,5592.18017578125,4913.02978515625,149.44781494140625,13.87553882598877,,4.620907783508301,80.04,75.49,0.759,3.84,3.83,-1.37,0.01,3.19,0.96,1.1127,144.47,7.1245,121.8943,17.11,64.09,,,,,,,,,,,,,,-0.648,,,,,,,
2024-09-04,,68.56,45.0,68.56,1.7400000095367432,1.7100000381469729,11.170000076293944,5.3520002365112305,49.91999816894531,113.11000061035156,215.3999938964844,151.7054443359375,30.665353775024418,13.87026596069336,12.2483491897583,410.5,35.79800033569336,2.1449999809265137,72.69999694824219,69.19999694824219,2493.39990234375,5520.06982421875,4848.18017578125,147.35557556152344,13.700514793395996,,4.46156644821167,74.67,70.11,0.72,3.77,3.76,-1.41,0.01,3.35,0.99,1.1081,144.31,7.1119,122.5144,21.32,92.74,95.253,98.309,2.83416486770752,101.2,53.0,699771.0,13.09,9259.128571428571,2457.478095238095,16167.67761904762,64.63053920047619,220.487,185.951,,202.17762371454683,99.8084,96.7293,157912.0,321.109,123.466,
2024-09-11,,64.75,45.0,64.75,1.940000057220459,1.75,10.640000343322754,5.208000183105469,47.959999084472656,110.58999633789062,239.83999633789065,153.78428649902344,31.16837501525879,14.07223892211914,12.631258010864258,429.7000122070313,36.141998291015625,2.2699999809265137,70.61000061035156,67.30999755859375,2512.10009765625,5554.1298828125,4763.580078125,147.83465576171875,13.972774505615234,,4.531278610229492,70.31,68.25,0.64,3.65,3.62,-1.45,0.03,3.44,1.01,1.1012,141.72,7.1192,122.7754,17.69,38.01,,,,,,,,,,,,,,-0.3905,,,,,,,
2024-09-18,,62.8,45.0,62.8,2.0999999046325684,1.7200000286102295,10.140000343322754,5.576000213623047,48.5,119.73999786376952,241.80999755859375,162.00062561035156,30.636878967285156,13.984424591064451,12.82507610321045,435.5,35.244998931884766,2.2839999198913574,73.6500015258789,70.91000366210938,2570.699951171875,5618.259765625,4835.2998046875,149.59445190429688,14.206138610839844,,4.740414619445801,74.52,71.87,0.673,3.7,3.61,-1.14,0.09,3.21,0.95,1.1116,141.93,7.0812,121.5618,18.23,152.08,,,,,,,,,,,,,,-0.3159,,,,,,,
2024-09-25,,63.55,45.0,63.55,1.950000047683716,1.659999966621399,10.18000030517578,4.840000152587891,48.439998626708984,113.29000091552734,241.72000122070312,152.15089416503906,30.44706344604492,13.87026596069336,12.891258239746094,445.0,37.319000244140625,2.63700008392334,73.45999908447266,69.69000244140625,2659.199951171875,5722.259765625,4916.89013671875,152.20484924316406,14.05056381225586,,4.5412373542785645,75.4,70.42,0.635,3.79,3.53,-0.9,0.26,3.19,0.92,1.1143,144.41,7.0315,121.4447,15.41,103.88,,,,,,,,,,,,,,-0.4436,,,,,,,
2024-10-02,,62.89,45.0,62.89,2.1600000858306885,1.7799999713897705,10.729999542236328,4.521999835968018,49.15999984741211,108.26000213623048,234.44000244140625,138.3415069580078,30.684335708618164,13.58926010131836,12.895986557006836,426.8999938964844,38.617000579833984,2.885999917984009,73.9000015258789,70.0999984741211,2647.10009765625,5709.5400390625,4963.2900390625,152.15599060058594,13.972774505615234,,4.6707024574279785,74.86,70.74,0.78,3.79,3.63,-0.9,0.16,3.06,0.91,1.105,146.05,7.0175,121.5724,18.9,133.57,92.333,95.028,2.86593395053269,102.1,40.0,589759.0,13.113,9533.991304347826,2595.583043478261,16765.80347826087,66.51108177,220.161,195.992,,204.92841907731767,99.4695,96.2696,157945.0,321.758,123.832,
2024-10-09,,61.18,45.0,61.18,2.0399999618530273,1.6799999475479126,10.5600004196167,4.5,48.29999923706055,105.31999969482422,226.0500030517578,140.51931762695312,29.83014678955078,13.514618873596191,13.018895149230955,455.5,38.34099960327149,2.6600000858306885,76.58000183105469,73.23999786376953,2606.0,5792.0400390625,4982.56982421875,153.3976287841797,13.535213470458984,,35.93861770629883,77.06,73.85,0.808,4.06,3.99,-0.69,0.07,2.94,0.85,1.0951,149.2,7.0818,122.8821,20.86,71.55,,,,,,,,,,,,,,-0.6099,,,,,,,
2024-10-16,,64.14,45.0,64.14,2.069999933242798,1.6299999952316284,10.40999984741211,4.289999961853027,43.119998931884766,93.12999725341795,205.6199951171875,126.66043853759766,30.133859634399418,14.173225402832031,13.401803970336914,434.2000122070313,39.24100112915039,2.367000102996826,74.22000122070312,70.38999938964844,2674.0,5842.47021484375,4908.7099609375,154.09178161621094,13.17544174194336,,34.666770935058594,73.65,70.97,0.743,4.02,3.93,-0.7,0.09,2.9,0.83,1.0873,149.71,7.1192,123.9235,19.58,79.68,,,,,,,,,,,,,,-0.5872,,,,,,,
2024-10-23,,63.75,45.0,63.75,2.0799999237060547,1.590000033378601,9.039999961853027,4.610000133514404,40.52000045776367,78.47000122070312,192.41000366210935,126.70993041992188,29.05188751220703,13.83074951171875,13.274168014526367,432.8999938964844,41.380001068115234,2.3420000076293945,74.95999908447266,70.7699966430664,2714.39990234375,5797.419921875,4922.5498046875,152.41017150878906,12.728157043457031,,33.700565338134766,74.68,71.37,0.768,4.24,4.07,-0.49,0.17,2.95,0.86,1.0779,152.81,7.1252,124.6931,19.24,98.6,,,,,,,,,,,,,,-0.5337,,,,,,,
2024-10-30,,66.42,45.0,66.42,2.009999990463257,1.600000023841858,10.100000381469728,4.232999801635742,43.29999923706055,82.47000122070312,197.5,128.2443084716797,28.65326690673828,13.62438678741455,13.009441375732422,408.5,40.90299987792969,2.8450000286102295,72.55000305175781,68.61000061035156,2788.5,5813.669921875,4885.75,152.78170776367188,12.747603416442873,,33.924835205078125,73.21,68.91,0.745,4.29,4.15,-0.38,0.14,2.8,0.84,1.0864,153.15,7.1229,124.8153,20.35,70.46,,,,,,,,,,,,,,-0.3835,,,,,,,
2024-11-06,,62.94,45.0,62.94,1.9700000286102295,1.350000023841858,10.970000267028809,3.98200011253357,39.36000061035156,74.80999755859375,194.02000427246097,103.00131225585938,27.571292877197266,13.303863525390623,12.446894645690918,366.0,40.38800048828125,2.746999979019165,74.91999816894531,71.69000244140625,2667.60009765625,5929.0400390625,4800.6298828125,154.82504272460938,12.164189338684082,,32.429412841796875,76.52,71.98,0.808,4.42,4.27,-0.22,0.15,2.74,0.8,1.0732,154.58,7.1782,125.7035,16.27,142.57,92.241,94.925,2.9291315226785,103.3,31.0,733530.0,14.025,9075.727142857142,2582.188571428571,15726.94761904762,63.15877750285714,207.313,189.72,-0.294,282.5926597399031,99.2925,95.3764,158079.0,321.947,123.962,
2024-11-13,,65.86,45.0,65.86,1.9700000286102295,1.2699999809265137,13.600000381469728,3.5299999713897705,37.720001220703125,60.38999938964844,182.1300048828125,98.6357650756836,30.342660903930664,13.356552124023438,12.484713554382324,370.8999938964844,43.66600036621094,2.9830000400543213,72.27999877929688,68.43000030517578,2580.800048828125,5985.3798828125,4740.33984375,155.42141723632812,11.639117240905762,,30.574277877807617,72.86,68.76,0.793,4.44,4.27,-0.16,0.17,2.64,0.78,1.0567,155.28,7.2245,126.9572,14.02,170.4,,,,,,,,,,,,,,-0.5641,,,,,,,
2024-11-20,,68.02,45.0,68.02,1.919999957084656,1.2799999713897705,24.799999237060547,3.0829999446868896,34.099998474121094,63.380001068115234,184.83999633789065,99.9820556640625,29.422035217285156,13.567306518554688,12.62180519104004,385.2000122070313,46.79600143432617,3.193000078201294,72.80999755859375,68.87000274658203,2648.199951171875,5917.10986328125,4729.7099609375,154.23841857910156,11.746075630187988,,34.253578186035156,74.33,69.25,0.804,4.41,4.31,-0.21,0.1,2.67,0.81,1.0521,155.38,7.2459,126.88,17.16,181.81,,,,,,,,,,,,,,-0.7993,,,,,,,
2024-11-27,,69.37,45.0,69.37,2.130000114440918,1.4700000286102295,27.209999084472656,3.1059999465942383,34.79999923706055,72.36000061035156,192.57000732421875,102.70433807373048,29.554908752441406,13.057984352111816,12.739986419677734,390.1000061035156,46.762001037597656,3.2039999961853027,72.83000183105469,68.72000122070312,2639.89990234375,5998.740234375,4733.14990234375,156.2817840576172,12.008612632751465,,36.9174690246582,73.91,69.03,0.823,4.25,4.19,-0.35,0.06,2.69,0.82,1.0575,150.69,7.2458,126.8205,14.1,132.14,,,,,,,,,,,,,,-0.6118,,,,,,,
2024-12-04,,67.42,45.0,67.42,2.130000114440918,1.4500000476837158,26.280000686645508,3.0280001163482666,34.5,73.12000274658203,201.57000732421875,94.95325469970705,29.3935604095459,13.176533699035645,12.678531646728516,365.8999938964844,47.04600143432617,3.0429999828338623,72.30999755859375,68.54000091552734,2653.800048828125,6086.490234375,4919.02001953125,159.02906799316406,11.804417610168455,,36.11558532714844,74.68,68.81,0.783,4.19,4.13,-0.28,0.06,2.66,0.8,1.0527,150.18,7.2632,126.7574,13.45,177.91,92.219,94.899,2.81234302970702,93.0,44.0,723193.0,14.225,8909.907727272726,2540.882272727273,15438.65636363636,60.219976335,203.104,189.942,,327.5750370944677,100.3273,94.5226,158316.0,322.007,124.196,
2024-12-11,,69.17,45.0,69.17,2.5,1.6699999570846558,23.600000381469727,3.2149999141693115,35.880001068115234,74.2300033569336,201.0,97.28946685791016,28.662755966186523,13.343379974365234,12.484713554382324,353.0,44.694000244140625,3.378000020980835,73.5199966430664,70.29000091552734,2733.800048828125,6084.18994140625,4959.35009765625,158.96060180664062,11.843313217163086,,36.6297607421875,74.38,70.57,0.774,4.26,4.15,-0.12,0.11,2.64,0.78,1.0508,152.34,7.2605,126.8483,13.58,219.72,,,,,,,,,,,,,,-0.529,,,,,,,
2024-12-18,,63.64,,63.64,2.2200000286102295,1.5199999809265137,23.459999084472656,3.1530001163482666,34.79999923706055,68.80000305175781,184.27000427246097,97.1706771850586,26.82150650024414,13.031639099121094,12.446894645690918,338.6000061035156,41.00699996948242,3.374000072479248,73.38999938964844,70.58000183105469,2636.5,5872.16015625,4957.27978515625,152.9549102783203,11.183098793029783,,34.635398864746094,74.57,70.8,0.763,4.5,4.35,0.14,0.15,2.73,0.79,1.0469,154.0,7.2864,127.6418,27.62,251.99,,,,,,,,,,,,,,-0.5787,,,,,,,
2024-12-25,,,,,2.4200000762939453,1.7000000476837158,24.329999923706055,2.8480000495910645,36.20000076293945,73.27999877929688,186.2100067138672,97.66564178466795,27.01132583618164,13.123844146728516,12.423258781433104,334.70001220703125,45.73099899291992,3.946000099182129,73.58000183105469,70.0999984741211,2620.0,6040.0400390625,4852.93017578125,156.2919921875,11.42855739593506,,35.8679084777832,73.5,70.87,0.763,4.59,4.29,0.19,0.3,2.86,0.82,1.0388,157.29,7.2946,128.3377,14.27,252.18,,,,,,,,,,,,,,-0.4953,,,,,,,
2025-01-01,,,,,2.130000114440918,1.659999966621399,22.209999084472656,2.7039999961853027,35.70000076293945,68.68000030517578,176.24000549316406,97.09148406982422,27.125219345092773,13.44436740875244,12.574532508850098,324.20001220703125,48.88899993896485,3.632999897003174,74.63999938964844,71.72000122070312,2629.199951171875,5881.6298828125,4869.27978515625,153.07302856445312,11.173280715942385,,34.737300872802734,74.58,72.44,0.815,4.58,4.25,0.21,0.33,2.92,0.82,1.0351,157.37,7.2993,129.2775,17.35,109.44,103.441,107.509,3.0879565217,93.6,48.0,1152061.0,14.126,8976.68043478261,2571.370434782609,15374.06086956522,58.95955154130435,215.388,211.855,,309.1073681757701,100.0647,93.9259,158268.0,323.842,124.587,
2025-01-08,,71.5,,71.5,2.6700000762939453,1.7699999809265137,24.3799991607666,2.865000009536743,37.279998779296875,69.66000366210938,191.1300048828125,95.74519348144533,28.46344566345215,13.80001449584961,12.93852996826172,311.5,45.55899810791016,3.651000022888184,76.16000366210938,73.31999969482422,2664.5,5918.25,4996.39013671875,153.98851013183594,11.320554733276367,,36.13169860839844,77.37,73.99,0.864,4.67,4.28,0.32,0.39,2.84,0.83,1.0313,158.31,7.3316,129.0785,17.7,212.01,,,,,,,,,,,,,,-0.62,,,,,,,
2025-01-15,,74.45,,74.45,2.7100000381469727,1.6299999952316284,22.649999618530273,2.25,37.459999084472656,65.83000183105469,186.82000732421875,98.22000122070312,27.50485610961914,13.879048347473145,12.755895614624023,309.0,47.00600051879883,4.083000183105469,82.02999877929688,80.04000091552734,2712.5,5949.91015625,5032.31005859375,154.65789794921875,11.163461685180664,,34.369998931884766,83.48,80.73,0.956,4.66,4.27,0.31,0.39,2.72,0.83,1.0282,156.6,7.3304,129.2092,16.12,110.72,,,,,,,,,,,,,,-0.7994,,,,,,,
2025-01-22,,76.71,,76.71,2.0299999713897705,1.399999976158142,25.530000686645508,2.2109999656677246,34.2599983215332,60.9900016784668,171.89999389648438,91.66671752929688,27.191654205322266,13.633167266845703,12.688581466674805,262.0,48.71599960327149,3.9600000381469727,79.0,75.44000244140625,2767.60009765625,6086.3701171875,5205.830078125,158.37890625,10.839455604553224,,33.16680145263672,80.0,76.12,0.918,4.6,4.29,0.24,0.31,2.59,0.81,1.042,156.62,7.2728,128.3402,15.1,121.77,,,,,,,,,,,,,,-0.8251,,,,,,,
2025-01-29,,77.06,,77.06,1.8799999952316284,1.3300000429153442,22.3799991607666,2.2780001163482666,35.040000915527344,60.869998931884766,166.00999450683594,96.97269439697266,27.87500762939453,13.672683715820312,13.020340919494627,270.8999938964844,51.15599822998047,3.5350000858306885,76.58000183105469,72.62000274658203,2769.10009765625,6039.31005859375,5230.66015625,157.90640258789062,11.006367683410645,,31.918800354003903,77.02,72.94,0.895,4.55,4.21,0.24,0.34,2.68,0.81,1.0416,155.22,7.2422,128.3418,16.56,342.27,,,,,,,,,,,,,,-0.9745,,,,,,,
2025-02-05,,77.87,,77.87,1.850000023841858,1.3700000047683716,24.260000228881836,2.309999942779541,35.08000183105469,65.2699966430664,162.3699951171875,108.3963851928711,28.472938537597656,14.168834686279297,13.24632167816162,281.20001220703125,53.4379997253418,3.359999895095825,74.61000061035156,71.02999877929688,2871.60009765625,6061.47998046875,5271.1201171875,159.0286102294922,11.212553024291992,,32.61149978637695,74.71,71.39,0.915,4.43,4.17,0.1,0.26,2.69,0.83,1.0419,152.33,7.272,127.9751,15.77,226.19,103.291,107.34,2.988655,96.3,35.0,764913.0,14.721,9330.975,2655.7725,15287.031,54.315509762,220.884,203.762,,327.7075661569745,101.0993,97.0398,158310.0,325.252,125.145,
2025-02-12,,80.08,,80.08,1.649999976158142,1.440000057220459,23.479999542236328,2.2320001125335693,34.400001525878906,61.119998931884766,158.61000061035156,99.68507385253906,27.00183486938477,13.83953094482422,12.80878448486328,292.20001220703125,55.6609992980957,3.565000057220459,75.18000030517578,71.37000274658203,2909.0,6051.97021484375,5405.64990234375,159.30422973632812,10.89836597442627,,31.902000427246097,75.38,71.72,0.925,4.62,4.36,0.27,0.26,2.65,0.81,1.0392,154.62,7.3088,128.3288,15.89,285.28,,,,,,,,,,,,,,-0.783,,,,,,,
2025-02-19,,72.9,,72.9,1.7699999809265137,1.4700000286102295,26.5,2.440000057220459,35.41999816894531,66.36000061035156,162.5,96.20055389404295,27.03030776977539,13.905391693115234,12.909754753112791,299.3999938964844,48.26399993896485,4.28000020980835,76.04000091552734,72.25,2919.39990234375,6144.14990234375,5461.169921875,161.4698944091797,11.183098793029783,,33.279998779296875,76.34,72.58,0.901,4.53,4.28,0.19,0.25,2.68,0.79,1.0406,151.67,7.2833,127.7317,15.27,341.49,,,,,,,,,,,,,,-0.8283,,,,,,,
2025-02-26,,71.15,,71.15,1.6799999475479126,1.3600000143051147,23.399999618530273,2.3580000400543213,29.280000686645508,63.709999084472656,156.83999633789062,103.00131225585938,29.10883331298828,14.506919860839844,13.42902946472168,321.70001220703125,41.33599853515625,3.9059998989105225,72.52999877929688,68.62000274658203,2916.800048828125,5956.06005859375,5527.990234375,158.0048370361328,11.340192794799805,,31.133100509643555,73.49,68.87,0.948,4.25,4.05,-0.06,0.2,2.81,0.84,1.0514,149.13,7.2595,127.2822,19.1,275.17,,,,,,,,,,,,,,-0.7598,,,,,,,
2025-03-05,,67.99,,67.99,1.690000057220459,1.2400000095367432,24.1200008392334,2.125999927520752,27.979999542236328,58.650001525878906,130.89999389648438,102.3083724975586,28.90003204345703,14.84061336517334,12.953027725219728,313.0,41.507999420166016,4.449999809265137,69.30000305175781,66.30999755859375,2915.300048828125,5842.6298828125,5489.1201171875,156.75466918945312,11.084914207458496,,30.989099502563477,70.92,66.58,0.843,4.28,3.99,-0.07,0.29,2.88,0.87,1.0768,148.82,7.2506,126.504,21.93,391.3,103.308,107.36,3.313772381,107.9,32.0,598845.0,13.118,9735.823333333334,2651.598571428571,16048.2019047619,51.83486984809524,215.512,190.263,,468.84279693223056,101.0404,98.7473,158377.0,325.933,125.267,
2025-03-12,,67.02,,67.02,1.659999966621399,1.2300000190734863,24.549999237060547,2.9149999618530273,26.899999618530273,58.47999954223633,136.0399932861328,102.3083724975586,29.573890686035156,15.10405731201172,13.231898307800291,318.0,42.25400161743164,4.084000110626221,70.94999694824219,67.68000030517578,2939.10009765625,5599.2998046875,5359.419921875,150.80892944335938,11.28128147125244,,30.72010040283203,72.36,67.65,0.851,4.32,4.01,-0.03,0.31,3.2,0.96,1.0925,148.32,7.2372,125.8664,24.23,433.5,,,,,,,,,,,,,,-0.3531,,,,,,,
2025-03-19,,71.35,,71.35,1.5800000429153442,1.340000033378601,24.309999465942383,3.0299999713897705,29.280000686645508,62.310001373291016,129.33999633789062,114.83087158203124,31.36768341064453,15.174309730529783,13.544425010681152,326.5,43.35499954223633,4.247000217437744,70.77999877929688,67.16000366210938,3035.89990234375,5675.2900390625,5507.35986328125,153.49630737304688,11.634742736816406,,31.920700073242188,71.94,67.4,0.854,4.25,3.99,-0.08,0.26,3.19,0.91,1.0877,150.02,7.23,125.8006,19.9,565.45,,,,,,,,,,,,,,-0.2121,,,,,,,
2025-03-26,,69.61,,69.61,1.4600000381469729,1.2300000190734863,22.280000686645508,2.5420000553131104,28.5,60.150001525878906,126.33999633789062,102.65483856201172,31.187358856201172,15.639723777770996,13.914648056030272,310.29998779296875,40.869998931884766,3.861000061035156,73.79000091552734,69.6500015258789,3020.89990234375,5712.2001953125,5411.68994140625,153.5455322265625,11.320554733276367,,28.770000457763672,74.6,70.05,0.919,4.35,3.98,0.02,0.37,3.19,0.91,1.0781,150.69,7.2675,126.2364,18.33,316.49,,,,,,,,,,,,,,-0.6425,,,,,,,
2025-04-02,,68.62,,68.62,1.3200000524520874,1.1200000047683716,21.1200008392334,2.3519999980926514,29.450000762939453,62.52000045776367,129.82000732421875,94.81465911865234,32.04154586791992,16.18856430053711,14.611822128295898,308.70001220703125,41.26300048828125,4.054999828338623,74.94999694824219,71.70999908447266,3139.89990234375,5670.97021484375,5303.9501953125,152.21661376953125,11.340192794799805,,27.51919937133789,77.27,72.12,0.921,4.2,3.91,-0.12,0.29,3.42,0.96,1.0868,149.98,7.2675,126.3811,21.51,445.6,119.228,125.247,3.0972209091,96.6,57.0,1274122.0,11.569,9172.69590909091,2367.800454545455,15146.00227272727,52.68513360409091,218.213,178.033,,623.3520453984211,101.1279,97.4108,158485.0,326.815,125.502,
2025-04-09,,60.35,,60.35,1.2100000381469729,1.149999976158142,17.8700008392334,2.322000026702881,28.549999237060547,54.130001068115234,129.6300048828125,82.55635070800781,29.697275161743164,15.37628173828125,13.58288860321045,254.8000030517578,33.66600036621094,3.815999984741211,65.4800033569336,62.349998474121094,3056.5,5456.89990234375,4622.14013671875,146.16259765625,10.888547897338867,,26.399599075317383,67.3,62.63,0.7,4.34,3.91,-0.01,0.43,4.37,1.21,1.104,145.09,7.3499,126.628,33.62,590.08,,,,,,,,,,,,,,0.1014,,,,,,,
2025-04-16,,65.98,,65.98,0.9200000166893004,1.2000000476837158,17.829999923706055,2.2839999198913574,28.0,51.75,124.37999725341795,87.75596618652344,32.34526062011719,16.425662994384766,14.780106544494627,286.6000061035156,35.3120002746582,3.246999979019165,65.8499984741211,62.470001220703125,3326.60009765625,5275.7001953125,4966.5,143.7606658935547,11.11436939239502,,26.489700317382812,67.94,62.88,0.858,4.29,3.77,-0.04,0.52,4.16,1.13,1.1382,142.56,7.3053,123.2724,32.64,505.79,,,,,,,,,,,,,,0.5879,,,,,,,
2025-04-23,,63.3,,63.3,0.8399999737739563,1.159999966621399,17.260000228881836,2.4660000801086426,32.849998474121094,45.06999969482422,131.10000610351562,87.45714569091797,31.880199432373047,16.48274040222168,14.770489692687988,263.0,34.15999984741211,3.0220000743865967,66.12000274658203,62.27000045776367,3276.300048828125,5375.85986328125,5098.740234375,146.8910369873047,11.28128147125244,,26.161399841308594,68.26,62.64,0.865,4.4,3.81,0.07,0.59,3.75,1.08,1.135,142.64,7.286,123.0252,28.45,337.82,,,,,,,,,,,,,,-0.1996,,,,,,,
2025-04-30,,65.05,,65.05,0.8700000047683716,1.2200000286102295,18.31999969482422,2.2239999771118164,30.850000381469727,44.59000015258789,125.81999969482422,86.91925048828125,32.45915222167969,17.34111213684082,15.284957885742188,261.79998779296875,32.31700134277344,3.325999975204468,63.119998931884766,58.209999084472656,3305.0,5569.06005859375,5160.22021484375,151.8720703125,11.556196212768556,,25.918500900268555,63.37,59.55,0.915,4.17,3.6,-0.14,0.57,3.94,1.09,1.1349,142.63,7.2706,122.5921,24.7,433.1,,,,,,,,,,,,,,-0.2656,,,,,,,
2025-05-07,,67.88,,67.88,0.7799999713897705,1.2000000476837158,16.530000686645508,2.2139999866485596,31.950000762939453,43.72999954223633,129.77999877929688,91.80011749267578,32.125728607177734,17.54136848449707,15.395544052124023,259.20001220703125,34.53099822998047,3.621000051498413,61.119998931884766,58.06999969482422,3381.39990234375,5631.27978515625,5230.18994140625,153.59475708007812,11.605286598205566,,25.918500900268555,60.31,59.42,0.68,4.26,3.78,-0.08,0.48,3.67,1.05,1.1348,143.47,7.225,122.117,23.55,428.17,,,,,,,,,,,,,,-0.3417,,,,,,,
2025-05-14,,71.85,,71.85,0.7900000214576721,1.4199999570846558,20.25,2.4079999923706055,43.95000076293945,48.27000045776367,192.97999572753903,111.31361389160156,31.694250106811523,16.850011825561523,14.659904479980469,249.1999969482422,35.04800033569336,3.492000102996826,66.08999633789062,63.150001525878906,3181.39990234375,5892.580078125,5403.43994140625,159.09750366210938,12.695123672485352,,,65.91,64.48,0.795,4.53,4.05,0.12,0.48,3.1,0.93,1.1206,146.54,7.208,122.6746,18.62,776.77,,,,,,,,,,,,,,-0.4663,,,,,,,
2025-05-21,,70.69,,70.69,0.7699999809265137,1.309999942779541,18.209999084472656,2.638000011444092,48.349998474121094,47.290000915527344,163.3699951171875,107.37904357910156,32.60624313354492,17.946645736694336,15.534978866577148,265.70001220703125,36.62099838256836,3.368000030517578,64.91000366210938,61.56999969482422,3309.300048828125,5844.60986328125,5454.4599609375,159.08766174316406,12.54784870147705,,,65.86,62.93,0.769,4.58,4.0,0.22,0.58,3.25,0.91,1.1343,143.68,7.2019,121.7496,20.87,319.48,,,,,,,,,,,,,,-0.8961,,,,,,,
2025-05-28,,70.54,,70.54,0.9300000071525574,1.4199999570846558,19.59000015258789,2.302000045776367,49.20000076293945,38.959999084472656,156.4499969482422,103.24524688720705,31.959022521972656,18.108755111694336,15.419549942016602,268.29998779296875,36.6870002746582,3.2039999961853027,64.9000015258789,61.84000015258789,3293.60009765625,5888.5498046875,5378.39013671875,160.2295684814453,12.3318452835083,,,65.72,62.54,0.748,4.47,3.96,0.12,0.51,3.23,0.9,1.1286,145.04,7.1941,121.9888,19.31,282.29,,,,,,,,,,,,,,-0.4991,,,,,,,
2025-06-04,,70.61,55.0,70.61,0.9300000071525574,1.3799999952316284,20.25,2.388000011444092,68.0999984741211,43.15999984741211,159.80999755859375,105.78528594970705,32.733726501464844,18.05630874633789,15.318548202514648,266.79998779296875,35.650001525878906,3.7160000801086426,64.86000061035156,62.849998474121094,3373.5,5970.81005859375,5405.14990234375,162.5428924560547,12.57730484008789,,,66.69,63.57,0.705,4.37,3.87,-0.07,0.5,3.23,0.89,1.1424,142.91,7.1844,121.0539,17.61,420.42,119.216,125.234,3.0847609524,99.7,35.0,321630.0,12.963,9835.068095238095,2525.959047619048,15003.10761904762,59.57652876904762,219.82,186.387,,368.5934566761253,101.4785,98.7833,158478.0,328.364,126.121,
2025-06-11,,73.5,55.0,73.5,1.3799999952316284,1.6799999475479126,22.530000686645508,2.5460000038146973,78.0999984741211,45.279998779296875,167.86000061035156,110.46693420410156,34.0085563659668,18.437746047973633,15.534978866577148,280.20001220703125,35.91299819946289,3.506999969482422,69.7699966430664,68.1500015258789,3321.300048828125,6022.240234375,5393.14990234375,163.5764923095703,12.999492645263672,,,71.29,68.91,0.773,4.41,3.94,-0.04,0.47,3.12,0.87,1.149,144.48,7.1928,120.587,17.26,281.91,,,,,,,,,,,,,,-0.806,,,,,,,
2025-06-18,,74.05,55.0,74.05,1.1399999856948853,1.600000023841858,21.5,2.3480000495910645,81.80000305175781,36.380001068115234,143.6699981689453,105.58606719970705,34.381202697753906,18.738128662109375,15.578265190124512,271.6000061035156,38.69300079345703,3.989000082015991,76.69999694824219,75.13999938964844,3389.800048828125,5980.8701171875,5266.91015625,162.36622619628906,12.601953506469728,,,78.38,75.89,0.803,4.38,3.94,-0.04,0.44,3.16,0.88,1.1521,144.58,7.1888,120.7305,20.14,477.28,,,,,,,,,,,,,,-0.7833,,,,,,,
2025-06-25,,71.72,55.0,71.72,1.090000033378601,1.399999976158142,21.600000381469727,2.4100000858306885,76.80000305175781,38.11000061035156,152.6999969482422,104.14173889160156,35.06764602661133,18.82872009277344,15.722553253173828,282.70001220703125,35.4010009765625,3.4059998989105225,67.68000030517578,64.91999816894531,3327.10009765625,6092.16015625,5252.009765625,164.78665161132812,12.800409317016602,,,68.4,65.98,0.731,4.29,3.74,-0.09,0.55,3.04,0.88,1.162,145.59,7.1764,120.3336,16.76,342.66,,,,,,,,,,,,,,-0.6519,,,,,,,
2025-07-02,,69.01,55.0,69.01,1.399999976158142,1.6699999570846558,22.559999465942383,2.630000114440918,83.5,40.970001220703125,170.52000427246094,104.73938751220705,35.35203170776367,19.014671325683594,15.669649124145508,286.29998779296875,33.590999603271484,3.48799991607666,69.11000061035156,67.44999694824219,3348.0,6227.419921875,5318.72021484375,168.5065460205078,13.326318740844728,,,70.8,68.66,0.709,4.3,3.78,-0.11,0.52,2.88,0.83,1.179,143.76,7.1649,119.3037,16.64,376.21,108.967,113.718,3.1735630435,100.1,31.0,663615.0,12.261,9770.580434782609,2606.370869565217,15034.01869565217,58.94725549434783,220.9,188.522,,406.8875697805016,101.894,96.5735,158542.0,328.98,126.43,
2025-07-09,,69.88,55.0,69.88,1.7799999713897705,1.950000047683716,28.709999084472656,2.7799999713897705,84.4000015258789,42.849998474121094,165.99000549316406,106.93079376220705,35.46970748901367,18.862096786499023,15.445438385009766,279.3999938964844,34.30400085449219,3.2139999866485596,70.19000244140625,68.37999725341797,3311.60009765625,6263.259765625,5445.64990234375,169.3298797607422,13.49500560760498,,,71.98,69.61,0.733,4.34,3.86,-0.08,0.48,2.94,0.83,1.1707,146.53,7.18,119.7311,15.94,270.45,,,,,,,,,,,,,,-0.879,,,,,,,
2025-07-16,,69.76,55.0,69.76,1.5199999809265137,1.809999942779541,24.690000534057617,2.624000072479248,76.19999694824219,39.029998779296875,166.82000732421875,105.18762969970705,35.665836334228516,18.49019432067871,15.391175270080566,296.1000061035156,34.808998107910156,3.5510001182556152,68.5199966430664,66.37999725341797,3352.5,6263.7001953125,5298.06982421875,168.63551330566406,13.356086730957031,,,69.67,67.13,0.693,4.46,3.88,0.05,0.58,3.0,0.81,1.1629,148.08,7.1791,120.4175,17.16,468.19,,,,,,,,,,,,,,-0.751,,,,,,,
2025-07-23,,69.1,55.0,69.1,1.809999942779541,2.0199999809265137,26.88999938964844,2.7899999618530273,64.69999694824219,36.47999954223633,179.77000427246094,124.81070709228516,36.96028137207031,18.6809139251709,14.947197914123535,314.20001220703125,32.689998626708984,3.0769999027252197,68.51000213623047,65.25,3394.10009765625,6358.91015625,5344.25,172.09750366210938,13.832380294799805,,,69.17,66.05,0.693,4.4,3.88,-0.01,0.52,2.83,0.79,1.1748,146.55,7.1599,119.5697,15.37,233.7,,,,,,,,,,,,,,-0.7163,,,,,,,
2025-07-30,,70.53,55.0,70.53,1.5499999523162842,1.830000042915344,37.619998931884766,2.5880000591278076,58.900001525878906,33.400001525878906,179.1300048828125,118.78433227539062,35.636417388916016,18.742897033691406,15.17411994934082,310.6000061035156,34.5369987487793,3.0450000762939453,73.23999786376953,70.0,3295.800048828125,6362.89990234375,5393.18017578125,170.75833129882812,13.445391654968262,,,73.98,71.09,0.735,4.38,3.94,-0.03,0.44,2.89,0.78,1.147,149.07,7.1934,121.4042,15.48,274.14,,,,,,,,,,,,,,-0.8012,,,,,,,
2025-08-06,,70.74,55.0,70.74,1.4600000381469729,1.830000042915344,38.86000061035156,2.434000015258789,67.0,30.11000061035156,185.0099945068359,115.3976058959961,35.91099548339844,18.28516960144043,15.341843605041504,311.0,33.25699996948242,3.0769999027252197,66.88999938964844,64.3499984741211,3380.0,6345.06005859375,5263.2900390625,170.8079376220703,13.49500560760498,,,67.97,65.38,0.661,4.22,3.69,-0.1,0.53,2.98,0.81,1.1647,147.25,7.1822,120.5082,16.77,229.33,108.97,113.721,3.2050457143,83.9,38.0,2117867.0,11.521,9671.875714285714,2598.735714285714,14948.05666666667,58.96666150047619,218.114,181.631,-0.6821,343.339059719265,101.6247,98.8857,158472.0,329.97,126.714,
2025-08-13,,71.3,55.0,71.3,1.659999966621399,1.8700000047683716,44.08000183105469,2.4179999828338623,67.69999694824219,34.220001220703125,184.83999633789065,114.6007308959961,34.78326416015625,17.83221435546875,15.672359466552734,207.8000030517578,32.599998474121094,2.828000068664551,65.62999725341797,62.650001525878906,3358.699951171875,6466.580078125,5388.25,174.3592071533203,13.693461418151855,,,66.25,63.68,0.668,4.24,3.67,-0.05,0.57,2.9,0.78,1.1715,147.25,7.1744,120.13,14.49,241.27,,,,,,,,,,,,,,-0.5721,,,,,,,
2025-08-20,,70.47,55.0,70.47,1.559999942779541,1.899999976158142,44.5099983215332,2.4600000381469727,67.0,35.68000030517578,206.44000244140625,133.9249725341797,34.68519592285156,18.02770233154297,16.358055114746094,209.6999969482422,31.9060001373291,2.752000093460083,66.83999633789062,63.209999084472656,3343.39990234375,6395.77978515625,5472.31982421875,173.2680206298828,14.27890682220459,,,67.61,64.19,0.675,4.29,3.74,-0.01,0.55,2.94,0.77,1.1649,147.19,7.1757,120.7757,15.69,177.74,,,,,,,,,,,,,,-0.8205,,,,,,,
2025-08-27,,71.31,55.0,71.31,1.6200000047683716,2.0199999809265137,50.849998474121094,2.427999973297119,69.9000015258789,37.560001373291016,191.22999572753903,128.4962615966797,34.2439079284668,17.03119468688965,15.99300765991211,189.0500030517578,32.55099868774414,2.867000102996826,68.05000305175781,64.1500015258789,3404.60009765625,6481.39990234375,5393.06982421875,174.79566955566406,14.229292869567873,,,67.75,64.49,0.68,4.24,3.59,-0.02,0.65,2.78,0.78,1.1611,147.75,7.1536,120.7274,14.85,269.38,,,,,,,,,,,,,,-0.7545,,,,,,,
2025-09-03,,73.27,55.0,73.27,1.4900000095367432,1.8899999856948853,52.45000076293945,2.2019999027252197,63.0,37.08000183105469,201.4900054931641,122.22085571289062,33.32210922241211,16.75465202331543,15.588497161865234,197.6499938964844,32.11199951171875,3.063999891281128,67.5999984741211,63.970001220703125,3593.199951171875,6448.259765625,5325.009765625,173.79376220703125,14.090373039245604,,,67.76,64.36,0.695,4.22,3.61,0.04,0.61,2.88,0.81,1.1676,147.97,7.1415,120.5052,16.35,185.22,108.952,113.702,3.2330461969,102.5,45.0,640281.0,11.277,9994.773181818182,2654.479090909091,15103.18363636364,62.87544369954545,219.702,178.79,,308.47823098184006,101.668,98.6785,158548.0,330.804,126.954,
2025-09-10,,76.4,55.0,76.4,1.440000057220459,1.9299999475479128,62.959999084472656,2.252000093460083,63.400001525878906,37.119998931884766,203.7899932861328,123.76480102539062,35.16571044921875,17.097946166992188,15.519433975219728,113.43905639648438,33.12200164794922,3.0290000438690186,67.48999786376953,63.66999816894531,3643.60009765625,6532.0400390625,5361.47021484375,176.4324188232422,14.44759464263916,,,67.62,64.01,0.693,4.04,3.54,-0.05,0.5,2.84,0.79,1.1714,147.37,7.1207,120.1223,15.35,280.99,,,,,,,,,,,,,,-0.4243,,,,,,,
2025-09-17,,77.53,55.0,77.53,2.0,2.5199999809265137,79.66999816894531,2.0999999046325684,65.9000015258789,38.720001220703125,210.7100067138672,116.0450668334961,35.06764602661133,17.04549789428711,15.341843605041504,106.5,32.4010009765625,3.0999999046325684,67.94999694824219,64.05000305175781,3681.800048828125,6600.35009765625,5369.7001953125,178.1187744140625,14.943734169006348,,,69.19,64.41,0.693,4.06,3.52,0.04,0.54,2.79,0.76,1.1845,146.36,7.1033,119.1582,15.72,400.05,,,,,,,,,,,,,,-0.5684,,,,,,,
2025-09-24,,75.6,55.0,75.6,2.4000000953674316,2.990000009536743,69.18000030517578,2.180000066757202,76.5,37.9900016784668,219.1699981689453,119.1329574584961,36.391510009765625,17.25528907775879,15.435572624206545,118.0999984741211,31.902999877929688,2.8580000400543213,69.30999755859375,64.98999786376953,3732.10009765625,6637.97021484375,5464.56005859375,178.71395874023438,15.023117065429688,,,69.64,65.4,0.703,4.16,3.57,0.14,0.59,2.7,0.75,1.1742,148.71,7.1315,120.1707,16.18,356.04,,,,,,,,,,,,,,-0.595,,,,,,,
2025-10-01,,74.3,55.0,74.3,2.930000066757202,2.9600000381469727,90.19000244140624,2.2160000801086426,78.19999694824219,37.0099983215332,224.82000732421875,127.45035552978516,38.31356048583984,17.789302825927734,15.958477020263672,117.0,31.334999084472656,3.4760000705718994,65.3499984741211,61.779998779296875,3867.5,6711.2001953125,5581.2099609375,180.89630126953125,15.757403373718262,,,66.67,62.59,0.673,4.12,3.55,0.11,0.57,2.81,0.76,1.1723,147.16,7.12,120.1502,16.29,307.12,105.295,109.592,3.1239221739,104.0,32.0,280127.0,10.842,10739.91826086957,2793.086956521739,15092.11434782609,63.95877346,199.323,169.133,,404.8730524836602,101.2195,97.9964,158408.0,,127.243,
2025-10-08,,77.39,55.0,77.39,3.660000085830689,3.609999895095825,87.58000183105469,2.503999948501587,82.9000015258789,36.029998779296875,231.3699951171875,128.89468383789062,39.715877532958984,17.670103073120117,16.200197219848633,122.1999969482422,32.70000076293945,3.3329999446868896,66.25,62.54999923706055,4043.300048828125,6753.72021484375,5649.72998046875,182.0469970703125,15.88640022277832,,,67.42,63.37,0.644,4.13,3.58,0.12,0.55,2.84,0.75,1.1606,152.72,7.12,120.7766,16.3,354.2,,,,,,,,,,,,,,-0.4979,,,,,,,
2025-10-15,,76.58,55.0,76.58,3.849999904632568,3.759999990463257,116.58000183105467,2.7200000286102295,82.69999694824219,37.540000915527344,244.3999938964844,128.5460662841797,40.19639205932617,18.41867446899414,16.530712127685547,120.6999969482422,31.826000213623047,3.0160000324249268,61.90999984741211,58.27000045776367,4176.89990234375,6671.06005859375,5605.02978515625,180.05311584472656,16.739761352539062,,,62.33,59.08,0.62,4.05,3.5,0.02,0.55,2.95,0.78,1.1638,151.21,7.1262,120.8642,20.64,160.15,,,,,,,,,,,,,,-0.4871,,,,,,,
2025-10-22,,78.94,55.0,78.94,2.9200000762939453,3.2799999713897705,94.37000274658205,2.2980000972747803,80.0,36.08000183105469,223.36000061035156,120.02944946289062,39.70606994628906,18.65230369567871,16.703371047973633,117.9499969482422,31.76799964904785,3.450000047683716,62.59000015258789,58.5,4044.39990234375,6699.39990234375,5639.2099609375,180.52928161621097,15.99555206298828,,,62.28,59.3,0.619,3.97,3.45,0.01,0.52,3.01,0.8,1.1612,151.79,7.1257,120.8958,18.6,490.22,,,,,,,,,,,,,,-0.3704,,,,,,,
2025-10-29,,78.55,55.0,78.55,2.759999990463257,3.5399999618530273,133.7100067138672,2.2980000972747803,82.19999694824219,31.13999938964844,241.7100067138672,131.7833709716797,41.53986358642578,19.18631935119629,17.393999099731445,119.0,31.868999481201172,3.375999927520752,64.91999816894531,60.47999954223633,3983.699951171875,6890.58984375,5705.81005859375,184.7154083251953,17.18628692626953,,,65.01,61.26,0.65,4.08,3.59,0.15,0.49,2.76,0.75,1.1664,151.91,7.098,120.5312,16.92,260.35,,,,,,,,,,,,,,-0.5119,,,,,,,
2025-11-05,,81.26,55.0,81.26,2.640000104904175,3.650000095367432,141.41000366210938,2.1700000762939453,82.30000305175781,32.20000076293945,277.3900146484375,149.41424560546875,41.765411376953125,19.977802276611328,17.541994094848633,113.0999984741211,31.819000244140625,4.23199987411499,63.52000045776367,59.599998474121094,3980.300048828125,6796.2900390625,5669.1298828125,182.43386840820312,17.96026611328125,,,63.54,60.4,0.589,4.17,3.63,0.21,0.54,3.05,0.81,1.1485,154.11,7.126,121.8482,18.01,300.81,105.292,109.588,3.1361575,105.6,43.0,600140.0,11.067,10812.028,2819.0615,14670.7685,62.240225054,203.324,166.872,,371.0953517257944,101.081,97.2619,158449.0,330.425,127.469,
2025-11-12,,81.51,55.0,81.51,2.7300000190734863,3.430000066757202,126.72000122070312,2.5999999046325684,77.19999694824219,30.709999084472656,267.5199890136719,163.45919799804688,45.95273971557617,20.66438865661621,17.655452728271484,126.9499969482422,30.933000564575195,4.5329999923706055,62.709999084472656,58.4900016784668,4204.39990234375,6850.919921875,5787.31005859375,184.7451629638672,17.52366065979004,,,61.88,59.3,0.61,4.08,3.56,0.13,0.52,3.02,0.83,1.1592,154.64,7.112,121.0458,17.51,224.47,,,,,,,,,,,,,,-0.312,,,,,,,
2025-11-19,,80.41,55.0,80.41,1.899999976158142,2.8499999046325684,108.93000030517578,2.3519999980926514,72.0,26.88999938964844,251.8699951171875,151.65545654296875,43.05985641479492,20.57856559753418,17.660385131835938,125.75,30.940000534057617,4.550000190734863,63.5099983215332,59.439998626708984,4077.699951171875,6642.16015625,5542.0498046875,178.61476135253906,16.432153701782227,,,63.78,60.27,0.586,4.13,3.58,0.18,0.55,3.17,0.84,1.154,156.63,7.1106,121.4978,23.66,226.6,,,,,,,,,,,,,,-0.5085,,,,,,,
2025-11-26,,81.51,55.0,81.51,1.9800000190734863,2.7799999713897705,101.13999938964844,2.388000011444092,73.4000015258789,27.81999969482422,272.2099914550781,152.80096435546875,43.255985260009766,20.81696319580078,18.025434494018555,132.85000610351562,29.368000030517575,4.558000087738037,63.130001068115234,58.650001525878906,4165.2001953125,6812.60986328125,5655.580078125,183.2472686767578,16.670299530029297,,,64.81,58.81,0.605,4.0,3.45,0.08,0.55,3.0,0.82,1.1591,156.38,7.0758,121.2437,17.19,231.59,,,,,,,,,,,,,,-0.1331,,,,,,,
2025-12-03,,82.19,55.0,82.19,2.2300000190734863,2.6700000762939453,102.5,2.388000011444092,72.4000015258789,29.38999938964844,256.05999755859375,157.8810577392578,42.92256546020508,20.769285202026367,17.76891326904297,137.64999389648438,28.20599937438965,4.994999885559082,62.66999816894531,58.95000076293945,4199.2998046875,6849.72021484375,5694.56005859375,184.5666046142578,16.51153564453125,,,63.75,59.09,0.681,4.06,3.49,0.34,0.57,2.89,0.81,1.166,155.17,7.0636,120.7336,16.08,357.52,105.698,109.598,3.2447326087,95.0,27.0,152679.0,9.91,11790.96409090909,2875.897727272727,14879.03,63.51451883318182,184.402,161.441,,,101.6113,95.7236,158432.0,330.506,127.886,
2025-12-10,,82.18,55.0,82.18,2.259999990463257,2.7799999713897705,101.29000091552734,2.2799999713897705,64.0,32.790000915527344,262.2300109863281,166.59689331054688,42.68721008300781,20.464134216308594,17.57652473449707,136.25,26.60199928283691,4.59499979019165,62.209999084472656,58.459999084472656,4196.39990234375,6886.68017578125,5708.1201171875,185.6280212402344,16.610763549804688,,,63.12,58.67,0.676,4.13,3.54,0.44,0.59,2.91,0.78,1.165,156.33,7.064,120.6752,15.77,336.6,,,,,,,,,,,,,,-0.4248,,,,,,,
2025-12-17,,84.6,,84.6,2.1600000858306885,2.5299999713897705,76.97000122070312,2.303999900817871,62.900001525878906,31.61000061035156,254.02999877929688,169.38595581054688,42.26553726196289,20.77882194519043,17.704784393310547,135.4499969482422,27.35700035095215,4.02400016784668,59.68000030517578,55.939998626708984,4347.5,6721.43017578125,5681.669921875,182.2899932861328,16.0,,,60.61,56.07,0.616,4.16,3.49,0.52,0.67,2.99,0.81,1.1748,155.6,7.0431,120.155,17.62,230.87,,,,,,,,,,,,,,-0.3583,,,,,,,
2025-12-24,,,,,2.0999999046325684,2.690000057220459,91.87999725341795,2.2799999713897705,63.0,32.849998474121094,272.2099914550781,170.03341674804688,43.91300964355469,21.131650924682617,18.045166015625,118.6999969482422,28.094999313354492,4.242000102996826,62.2400016784668,58.349998474121094,4480.60009765625,6932.0498046875,5749.27978515625,187.72000122070312,16.579999923706055,,,63.7,58.72,0.626,4.15,3.47,0.46,0.68,2.84,0.79,1.178,155.83,7.0142,119.4372,13.47,204.03,,,,,,,,,,,,,,-0.3387,,,,,,,
2025-12-31,,,,,1.9700000286102295,2.5399999618530273,86.88999938964844,2.2320001125335693,62.29999923706055,32.04999923706055,261.2300109863281,172.72286987304688,44.38371658325195,21.37004852294922,18.217823028564453,122.3499984741211,28.160999298095703,3.686000108718872,60.849998474121094,57.41999816894531,4325.60009765625,6845.5,5796.22021484375,185.77000427246097,16.43000030517578,,,61.35,57.26,0.61,4.18,3.47,0.51,0.71,2.81,0.79,1.1736,156.8,6.9931,119.7456,14.95,307.63,,,,,,,,,,,,,,-0.5794,,,,,,,
2026-01-07,,,,,2.2799999713897705,2.7100000381469727,108.0,2.303999900817871,64.0,34.689998626708984,241.11000061035156,185.2736663818359,47.04125213623047,22.59065055847168,18.7407283782959,133.1999969482422,28.777000427246097,3.5250000953674316,59.959999084472656,55.9900016784668,4449.2998046875,6920.93017578125,5923.56982421875,188.22000122070312,16.979999542236328,,,61.08,56.01,0.591,4.15,3.47,0.53,0.68,2.79,0.79,1.169,156.73,6.9965,119.8719,15.38,253.69,,,,,,,,,,,,,,-0.563,,,,,,,
2026-01-14,,,55.0,,2.3499999046325684,2.75,133.4600067138672,2.257999897003174,66.5999984741211,36.130001068115234,236.4499969482422,187.9133148193359,48.40433883666992,22.638328552246097,18.36000061035156,133.14999389648438,31.812999725341797,3.119999885559082,66.5199966430664,62.02000045776367,4626.2998046875,6926.60009765625,6005.0498046875,188.92999267578125,17.360000610351562,,,68.87,61.84,0.601,4.15,3.51,0.48,0.64,2.76,0.77,1.1655,158.13,6.973,119.9537,16.75,369.14,,,,,,,,,,,,,,-0.6618,,,,,,,
2026-01-21,,,,,2.2200000286102295,2.609999895095825,150.55999755859375,2.236000061035156,66.4000015258789,35.970001220703125,243.72000122070312,177.30491638183594,50.699031829833984,22.714616775512695,18.334999084472656,129.25,39.20800018310547,4.875,65.23999786376953,60.619998931884766,4831.7998046875,6875.6201171875,5882.8798828125,187.66000366210935,17.739999771118164,,,66.72,60.38,0.664,4.26,3.6,0.56,0.66,2.69,0.74,1.1705,158.16,6.9637,119.3431,16.9,541.38,,,,,,,,,,,,,,-0.6491,,,,,,,
2026-01-28,,,,,2.450000047683716,2.5799999237060547,165.38999938964844,2.242000102996826,67.0,40.470001220703125,249.41000366210935,189.9553070068359,51.91502380371094,23.582387924194336,18.780000686645508,146.1999969482422,38.86100006103515,7.460000038146973,68.4000015258789,63.209999084472656,5301.60009765625,6978.02978515625,5933.2001953125,190.7899932861328,19.030000686645508,,,70.9,62.75,0.653,4.26,3.56,0.58,0.7,2.72,0.73,1.1941,153.6,6.9462,117.5117,16.35,343.94,,,,,,,,,,,,,,-0.7106,,,,,,,
2026-02-04,,,,,2.049999952316284,2.2200000286102295,147.35000610351562,2.134000062942505,62.099998474121094,51.66999816894531,238.05999755859375,192.3957366943359,52.7387580871582,24.793453216552734,19.135000228881836,141.60000610351562,33.500999450683594,3.4649999141693115,69.45999908447266,65.13999938964844,4920.39990234375,6882.72021484375,5970.47021484375,188.97999572753903,18.739999771118164,,,71.15,64.56,0.638,4.29,3.57,0.6,0.72,2.86,0.75,1.1803,156.61,6.9415,118.2602,18.64,303.36,129.598,136.452,,,29.0,124320.0,10.752,12951.345,3065.1885,17173.1035,71.298196854,200.511,177.784,,,102.344,98.2368,158459.0,333.242,128.901,
2026-02-11,,,,,1.9600000381469729,2.1600000858306885,155.5399932861328,2.1700000762939453,61.20000076293945,48.22999954223633,227.7400054931641,157.8810577392578,53.18985748291016,25.451433181762695,20.0,152.0,32.16699981689453,3.1589999198913574,69.4000015258789,64.62999725341797,5071.60009765625,6941.47021484375,6035.64013671875,191.8300018310547,19.040000915527344,,,71.52,64.8,0.618,4.18,3.52,0.48,0.66,2.84,0.77,1.1884,152.93,6.9125,117.4601,17.65,251.66,,,,,,,,,,,,,,-0.6544,,,,,,,
2026-02-18,,,,,1.8600000143051147,2.130000114440918,157.27000427246094,2.128000020980835,68.0,46.040000915527344,238.57000732421875,157.5822296142578,51.71889877319336,25.57539939880371,20.049999237060547,154.0,31.481000900268555,3.010999917984009,70.3499984741211,65.19000244140625,4986.5,6881.31005859375,6103.3701171875,190.41000366210935,19.030000686645508,,,71.78,65.33,0.606,4.09,3.47,0.39,0.62,2.86,0.78,1.181,154.45,6.9031,117.8426,19.62,238.41,,,,,,,,,,,,,,-0.6188,,,,,,,
2026-02-25,,,,,1.909999966621399,2.180000066757202,174.77000427246094,2.0239999294281006,63.900001525878906,48.4900016784668,210.1199951171875,160.1222686767578,53.30753326416016,26.261987686157227,20.350000381469727,155.25,31.049999237060547,2.9690001010894775,70.8499984741211,65.41999816894531,5206.39990234375,6946.1298828125,6173.31982421875,192.3699951171875,19.09000015258789,,,70.69,65.3,0.603,4.05,3.45,0.36,0.6,2.94,0.8,1.1804,156.3,6.8692,117.769,17.93,369.27,,,,,,,,,,,,,,-0.4868,,,,,,,
2026-03-04,,,,,2.4800000190734863,2.1500000953674316,164.77999877929688,2.053999900817871,67.19999694824219,42.65999984741211,197.27000427246097,160.71994018554688,52.307281494140625,25.99498176574707,19.364999771118164,145.8000030517578,48.766998291015625,2.9170000553131104,81.4000015258789,74.66000366210938,5120.2001953125,6869.5,5870.919921875,188.82000732421875,18.09000015258789,,,81.56,74.58,0.683,4.09,3.54,0.38,0.55,2.97,0.82,1.1638,156.93,6.8969,119.0705,21.15,230.31,,,,,10.0,44989.0,20.812,12528.70954545455,3372.952727272727,17076.29272727273,68.78688868090909,245.639,213.733,,,101.7898,99.3382,158637.0,334.391,129.279,
2026-03-11,,,,,2.2300000190734863,2.1500000953674316,159.2100067138672,2.1059999465942383,63.20000076293945,43.34000015258789,200.25,158.7277374267578,52.50341033935547,25.69936752319336,19.209999084472656,146.5,49.98899841308594,3.2090001106262207,91.9800033569336,87.25,5167.39990234375,6775.7998046875,5794.68017578125,186.02000427246097,18.510000228881836,,,90.98,86.8,0.701,4.21,3.64,0.5,0.57,3.09,0.88,1.1566,158.83,6.8655,119.2885,24.23,420.76,,,,,,,,,,,,,,-0.4278,,,,,,,
2026-03-18,,,,,2.319999933242798,2.609999895095825,156.5800018310547,2.3959999084472656,65.0,43.279998779296875,197.80999755859375,156.9845733642578,56.83782958984375,26.395490646362305,19.684999465942383,144.0,54.6619987487793,3.065000057220459,107.37999725341795,96.31999969482422,4889.89990234375,6624.7001953125,5736.85009765625,181.77000427246097,18.3700008392334,,,118.09,96.12,0.724,4.26,3.76,0.53,0.5,3.2,0.91,1.1513,159.48,6.8726,119.9276,25.09,347.7,,,,,,,,,,,,,,-0.298,,,,,,,
2026-03-25,,,,,2.2699999809265137,2.5399999618530273,150.22000122070312,2.130000114440918,63.29999923706055,42.529998779296875,193.5099945068359,165.45138549804688,55.83757781982422,25.871013641357425,19.399999618530273,145.10000610351562,52.81600189208984,2.9519999027252197,102.22000122070312,90.31999969482422,4549.7998046875,6591.89990234375,5649.330078125,181.19000244140625,18.809999465942383,,,109.14,91.51,0.724,4.33,3.84,0.6,0.49,3.17,0.87,1.157,159.2,6.9011,120.1282,25.33,273.75,,,,,,,,,,,,,,-0.3662,,,,,,,
2026-04-01,,,,,2.25,2.4100000858306885,132.4499969482422,2.140000104904175,62.70000076293945,38.279998779296875,199.4199981689453,185.7219085693359,57.5831184387207,27.08207893371582,20.06999969482422,158.25,47.5099983215332,2.819000005722046,101.16000366210938,100.12000274658205,4783.2001953125,6575.31982421875,5732.7099609375,181.80999755859375,18.25,,,119.56,101.9,0.715,4.33,3.81,0.63,0.52,3.16,0.87,1.1614,158.63,6.872,120.1198,24.54,359.72,,,,,,,,,,,,,,-0.1809,,,,,,,
2026-04-08,,,,,2.6500000953674316,2.5999999046325684,146.77999877929688,2.125,64.4000015258789,32.560001373291016,200.77999877929688,188.760009765625,57.24970245361328,27.558876037597656,20.280000686645508,161.5,45.30099868774414,2.7239999771118164,94.75,94.41000366210938,4749.5,6782.81005859375,5913.3701171875,187.66000366210935,18.520000457763672,,,122.11,96.17,0.695,4.29,3.79,0.6,0.5,2.94,0.83,1.1686,158.39,6.8287,119.0596,21.04,245.51,,,,,,,,,,,,,,-0.2396,,,,,,,
2026-04-15,,,,,2.930000066757202,3.069999933242798,213.83999633789065,2.380000114440918,95.5500030517578,32.18000030517578,195.1999969482422,201.1000061035156,57.93614959716797,27.44444465637207,19.88999938964844,163.5500030517578,41.39899826049805,2.609999895095825,94.93000030517578,91.29000091552734,4800.0,7022.9501953125,5940.33984375,193.3300018310547,19.530000686645508,,,114.93,93.04,0.756,4.29,3.76,0.58,0.53,2.85,0.8,1.1799,159.02,6.818,118.3623,18.17,276.62,,,,,,,,,,,,,,-0.6465,,,,,,,
2026-04-22,,,,,3.190000057220459,3.5,229.75,2.200000047683716,139.8000030517578,35.36000061035156,188.7100067138672,191.4499969482422,58.9952392578125,27.14883041381836,19.940000534057617,163.14999389648438,43.551998138427734,2.7219998836517334,101.91000366210938,92.95999908447266,4732.5,7137.89990234375,5906.22021484375,194.9199981689453,19.850000381469727,,,113.44,94.76,0.785,4.3,3.79,0.61,0.51,2.84,0.79,1.1714,159.49,6.8275,118.6004,18.92,209.98,,,,,,,,,,,,,,-0.7573,,,,,,,
2026-04-29,,,,,3.4100000858306885,3.319999933242798,287.9700012207031,2.565000057220459,146.0,31.190000534057617,190.61000061035156,191.6000061035156,59.4659423828125,26.796001434326172,19.915000915527344,165.5,46.85300064086914,2.6470000743865967,118.02999877929688,106.87999725341795,4545.2001953125,7135.9501953125,5816.47998046875,193.8699951171875,20.329999923706055,,,124.16,110.47,0.845,4.42,3.92,0.74,0.5,2.82,0.81,1.1695,160.23,6.8375,119.0975,18.81,284.51,,,,,,,,,,,,,,-0.678,,,,,,,
2026-05-06,,,,,3.309999942779541,4.78000020980835,285.4700012207031,3.2149999141693115,170.1999969482422,35.79999923706055,218.0,193.6499938964844,59.41999816894531,27.56999969482422,19.760000228881836,166.5,43.902000427246094,2.7300000190734863,101.2699966430664,95.08000183105467,4681.89990234375,7365.1201171875,6027.1298828125,200.6300048828125,21.31999969482422,,,118.26,109.76,0.915,4.36,3.87,0.67,0.49,2.75,0.78,1.1755,156.76,6.8276,118.3926,17.39,282.79,,,,,,,,,,,,,,-0.6702,,,,,,,
