Publication Date;Index Type;Price EUR/Kg;Delivery Period;Maturity
11-May-2026;Spot;8.819;11-May-2026;Spot
10-May-2026;Spot;5.798;10-May-2026;Spot
09-May-2026;Forward;5.626;June 2026;Month +1
09-May-2026;Forward;5.888;July 2026;Month +2
09-May-2026;Forward;6.353;Q3 2026;Quarter +1
09-May-2026;Forward;7.905;Winter 2026;Season +1
09-May-2026;Forward;5.251;Summer 2027;Season +2
09-May-2026;Forward;6.280;Calendar 2027;Calendar +1
09-May-2026;Forward;5.749;Calendar 2028;Calendar +2
09-May-2026;Forward;5.213;Calendar 2029;Calendar +3
09-May-2026;Spot;5.336;9-May-2026;Spot
09-May-2026;PPA 40;6.224;10-Year Pay-as-Produced;PPA 40
09-May-2026;RED II;5.875;10-Year PPA Pay-as-Produced;RED II
08-May-2026;Forward;5.565;June 2026;Month +1
08-May-2026;Forward;5.813;July 2026;Month +2
08-May-2026;Forward;6.287;Q3 2026;Quarter +1
08-May-2026;Forward;7.891;Winter 2026;Season +1
08-May-2026;Forward;5.246;Summer 2027;Season +2
08-May-2026;Forward;6.279;Calendar 2027;Calendar +1
08-May-2026;Forward;5.744;Calendar 2028;Calendar +2
08-May-2026;Forward;5.202;Calendar 2029;Calendar +3
08-May-2026;Spot;8.315;8-May-2026;Spot
08-May-2026;PPA 40;6.222;10-Year Pay-as-Produced;PPA 40
08-May-2026;RED II;5.878;10-Year PPA Pay-as-Produced;RED II
07-May-2026;Forward;5.578;June 2026;Month +1
07-May-2026;Forward;5.812;July 2026;Month +2
07-May-2026;Forward;6.275;Q3 2026;Quarter +1
07-May-2026;Forward;7.920;Winter 2026;Season +1
07-May-2026;Forward;5.238;Summer 2027;Season +2
07-May-2026;Forward;6.308;Calendar 2027;Calendar +1
07-May-2026;Forward;5.740;Calendar 2028;Calendar +2
07-May-2026;Forward;5.223;Calendar 2029;Calendar +3
07-May-2026;Spot;9.541;7-May-2026;Spot
07-May-2026;PPA 40;6.228;10-Year Pay-as-Produced;PPA 40
07-May-2026;RED II;5.876;10-Year PPA Pay-as-Produced;RED II
06-May-2026;Forward;5.704;June 2026;Month +1
06-May-2026;Forward;5.980;July 2026;Month +2
06-May-2026;Forward;6.502;Q3 2026;Quarter +1
06-May-2026;Forward;8.203;Winter 2026;Season +1
06-May-2026;Forward;5.306;Summer 2027;Season +2
06-May-2026;Forward;6.399;Calendar 2027;Calendar +1
06-May-2026;Forward;5.789;Calendar 2028;Calendar +2
06-May-2026;Forward;5.193;Calendar 2029;Calendar +3
06-May-2026;Spot;8.653;6-May-2026;Spot
06-May-2026;PPA 40;6.223;10-Year Pay-as-Produced;PPA 40
06-May-2026;RED II;5.881;10-Year PPA Pay-as-Produced;RED II
05-May-2026;Forward;5.631;June 2026;Month +1
05-May-2026;Forward;5.912;July 2026;Month +2
05-May-2026;Forward;6.445;Q3 2026;Quarter +1
05-May-2026;Forward;8.204;Winter 2026;Season +1
05-May-2026;Forward;5.339;Summer 2027;Season +2
05-May-2026;Forward;6.379;Calendar 2027;Calendar +1
05-May-2026;Forward;5.765;Calendar 2028;Calendar +2
05-May-2026;Forward;5.126;Calendar 2029;Calendar +3
05-May-2026;Spot;7.472;5-May-2026;Spot
05-May-2026;PPA 40;6.213;10-Year Pay-as-Produced;PPA 40
05-May-2026;RED II;5.864;10-Year PPA Pay-as-Produced;RED II
04-May-2026;Spot;7.035;4-May-2026;Spot
03-May-2026;Spot;5.258;3-May-2026;Spot
02-May-2026;Spot;2.959;2-May-2026;Spot
01-May-2026;Forward;4.955;May 2026;Month +1
01-May-2026;Forward;5.629;June 2026;Month +2
01-May-2026;Forward;6.359;Q3 2026;Quarter +1
01-May-2026;Forward;8.053;Winter 2026;Season +1
01-May-2026;Forward;5.281;Summer 2027;Season +2
01-May-2026;Forward;6.321;Calendar 2027;Calendar +1
01-May-2026;Forward;5.740;Calendar 2028;Calendar +2
01-May-2026;Forward;5.132;Calendar 2029;Calendar +3
01-May-2026;Spot;0.543;1-May-2026;Spot
01-May-2026;PPA 40;6.212;10-Year Pay-as-Produced;PPA 40
01-May-2026;RED II;5.865;10-Year PPA Pay-as-Produced;RED II
30-Apr-2026;Forward;5.027;May 2026;Month +1
30-Apr-2026;Forward;5.660;June 2026;Month +2
30-Apr-2026;Forward;6.404;Q3 2026;Quarter +1
30-Apr-2026;Forward;8.102;Winter 2026;Season +1
30-Apr-2026;Forward;5.299;Summer 2027;Season +2
30-Apr-2026;Forward;6.316;Calendar 2027;Calendar +1
30-Apr-2026;Forward;5.726;Calendar 2028;Calendar +2
30-Apr-2026;Forward;5.128;Calendar 2029;Calendar +3
30-Apr-2026;Spot;5.082;30-Apr-2026;Spot
30-Apr-2026;PPA 40;6.205;10-Year Pay-as-Produced;PPA 40
30-Apr-2026;RED II;5.848;10-Year PPA Pay-as-Produced;RED II
29-Apr-2026;Forward;4.972;May 2026;Month +1
29-Apr-2026;Forward;5.568;June 2026;Month +2
29-Apr-2026;Forward;6.258;Q3 2026;Quarter +1
29-Apr-2026;Forward;7.904;Winter 2026;Season +1
29-Apr-2026;Forward;5.313;Summer 2027;Season +2
29-Apr-2026;Forward;6.294;Calendar 2027;Calendar +1
29-Apr-2026;Forward;5.703;Calendar 2028;Calendar +2
29-Apr-2026;Forward;5.117;Calendar 2029;Calendar +3
29-Apr-2026;Spot;5.309;29-Apr-2026;Spot
29-Apr-2026;PPA 40;6.209;10-Year Pay-as-Produced;PPA 40
29-Apr-2026;RED II;5.850;10-Year PPA Pay-as-Produced;RED II
28-Apr-2026;Forward;5.006;May 2026;Month +1
28-Apr-2026;Forward;5.604;June 2026;Month +2
28-Apr-2026;Forward;6.289;Q3 2026;Quarter +1
28-Apr-2026;Forward;7.968;Winter 2026;Season +1
28-Apr-2026;Forward;5.335;Summer 2027;Season +2
28-Apr-2026;Forward;6.304;Calendar 2027;Calendar +1
28-Apr-2026;Forward;5.672;Calendar 2028;Calendar +2
28-Apr-2026;Forward;5.127;Calendar 2029;Calendar +3
28-Apr-2026;Spot;6.413;28-Apr-2026;Spot
28-Apr-2026;PPA 40;6.210;10-Year Pay-as-Produced;PPA 40
28-Apr-2026;RED II;5.840;10-Year PPA Pay-as-Produced;RED II
27-Apr-2026;Spot;6.599;27-Apr-2026;Spot
26-Apr-2026;Spot;0.761;26-Apr-2026;Spot
25-Apr-2026;Forward;5.203;May 2026;Month +1
25-Apr-2026;Forward;5.711;June 2026;Month +2
25-Apr-2026;Forward;6.363;Q3 2026;Quarter +1
25-Apr-2026;Forward;7.979;Winter 2026;Season +1
25-Apr-2026;Forward;5.384;Summer 2027;Season +2
25-Apr-2026;Forward;6.333;Calendar 2027;Calendar +1
25-Apr-2026;Forward;5.700;Calendar 2028;Calendar +2
25-Apr-2026;Forward;5.146;Calendar 2029;Calendar +3
25-Apr-2026;Spot;0.029;25-Apr-2026;Spot
25-Apr-2026;PPA 40;6.216;10-Year Pay-as-Produced;PPA 40
25-Apr-2026;RED II;5.841;10-Year PPA Pay-as-Produced;RED II
24-Apr-2026;Forward;5.234;May 2026;Month +1
24-Apr-2026;Forward;5.696;June 2026;Month +2
24-Apr-2026;Forward;6.330;Q3 2026;Quarter +1
24-Apr-2026;Forward;7.986;Winter 2026;Season +1
24-Apr-2026;Forward;5.324;Summer 2027;Season +2
24-Apr-2026;Forward;6.317;Calendar 2027;Calendar +1
24-Apr-2026;Forward;5.702;Calendar 2028;Calendar +2
24-Apr-2026;Forward;5.138;Calendar 2029;Calendar +3
24-Apr-2026;Spot;4.991;24-Apr-2026;Spot
24-Apr-2026;PPA 40;6.214;10-Year Pay-as-Produced;PPA 40
24-Apr-2026;RED II;5.854;10-Year PPA Pay-as-Produced;RED II
23-Apr-2026;Forward;5.158;May 2026;Month +1
23-Apr-2026;Forward;5.661;June 2026;Month +2
23-Apr-2026;Forward;6.285;Q3 2026;Quarter +1
23-Apr-2026;Forward;7.978;Winter 2026;Season +1
23-Apr-2026;Forward;5.246;Summer 2027;Season +2
23-Apr-2026;Forward;6.259;Calendar 2027;Calendar +1
23-Apr-2026;Forward;5.635;Calendar 2028;Calendar +2
23-Apr-2026;Forward;5.123;Calendar 2029;Calendar +3
23-Apr-2026;Spot;4.546;23-Apr-2026;Spot
23-Apr-2026;PPA 40;6.187;10-Year Pay-as-Produced;PPA 40
23-Apr-2026;RED II;5.846;10-Year PPA Pay-as-Produced;RED II
22-Apr-2026;Forward;5.166;May 2026;Month +1
22-Apr-2026;Forward;5.633;June 2026;Month +2
22-Apr-2026;Forward;6.254;Q3 2026;Quarter +1
22-Apr-2026;Forward;7.868;Winter 2026;Season +1
22-Apr-2026;Forward;5.219;Summer 2027;Season +2
22-Apr-2026;Forward;6.195;Calendar 2027;Calendar +1
22-Apr-2026;Forward;5.601;Calendar 2028;Calendar +2
22-Apr-2026;Forward;5.116;Calendar 2029;Calendar +3
22-Apr-2026;Spot;5.623;22-Apr-2026;Spot
22-Apr-2026;PPA 40;6.194;10-Year Pay-as-Produced;PPA 40
22-Apr-2026;RED II;5.838;10-Year PPA Pay-as-Produced;RED II
21-Apr-2026;Forward;5.050;May 2026;Month +1
21-Apr-2026;Forward;5.578;June 2026;Month +2
21-Apr-2026;Forward;6.167;Q3 2026;Quarter +1
21-Apr-2026;Forward;7.762;Winter 2026;Season +1
21-Apr-2026;Forward;5.174;Summer 2027;Season +2
21-Apr-2026;Forward;6.114;Calendar 2027;Calendar +1
21-Apr-2026;Forward;5.578;Calendar 2028;Calendar +2
21-Apr-2026;Forward;5.096;Calendar 2029;Calendar +3
21-Apr-2026;Spot;7.165;21-Apr-2026;Spot
21-Apr-2026;PPA 40;6.172;10-Year Pay-as-Produced;PPA 40
21-Apr-2026;RED II;5.834;10-Year PPA Pay-as-Produced;RED II
20-Apr-2026;Spot;7.190;20-Apr-2026;Spot
19-Apr-2026;Spot;6.064;19-Apr-2026;Spot
18-Apr-2026;Forward;5.061;May 2026;Month +1
18-Apr-2026;Forward;5.542;June 2026;Month +2
18-Apr-2026;Forward;6.124;Q3 2026;Quarter +1
18-Apr-2026;Forward;7.693;Winter 2026;Season +1
18-Apr-2026;Forward;5.129;Summer 2027;Season +2
18-Apr-2026;Forward;6.060;Calendar 2027;Calendar +1
18-Apr-2026;Forward;5.563;Calendar 2028;Calendar +2
18-Apr-2026;Forward;5.095;Calendar 2029;Calendar +3
18-Apr-2026;Spot;4.416;18-Apr-2026;Spot
18-Apr-2026;PPA 40;6.176;10-Year Pay-as-Produced;PPA 40
18-Apr-2026;RED II;5.832;10-Year PPA Pay-as-Produced;RED II
17-Apr-2026;Forward;5.161;May 2026;Month +1
17-Apr-2026;Forward;5.564;June 2026;Month +2
17-Apr-2026;Forward;6.206;Q3 2026;Quarter +1
17-Apr-2026;Forward;7.878;Winter 2026;Season +1
17-Apr-2026;Forward;5.228;Summer 2027;Season +2
17-Apr-2026;Forward;6.168;Calendar 2027;Calendar +1
17-Apr-2026;Forward;5.570;Calendar 2028;Calendar +2
17-Apr-2026;Forward;5.100;Calendar 2029;Calendar +3
17-Apr-2026;Spot;6.836;17-Apr-2026;Spot
17-Apr-2026;PPA 40;6.196;10-Year Pay-as-Produced;PPA 40
17-Apr-2026;RED II;5.833;10-Year PPA Pay-as-Produced;RED II
16-Apr-2026;Forward;5.067;May 2026;Month +1
16-Apr-2026;Forward;5.522;June 2026;Month +2
16-Apr-2026;Forward;6.136;Q3 2026;Quarter +1
16-Apr-2026;Forward;7.712;Winter 2026;Season +1
16-Apr-2026;Forward;5.138;Summer 2027;Season +2
16-Apr-2026;Forward;6.059;Calendar 2027;Calendar +1
16-Apr-2026;Forward;5.542;Calendar 2028;Calendar +2
16-Apr-2026;Forward;5.105;Calendar 2029;Calendar +3
16-Apr-2026;Spot;7.909;16-Apr-2026;Spot
16-Apr-2026;PPA 40;6.187;10-Year Pay-as-Produced;PPA 40
16-Apr-2026;RED II;5.828;10-Year PPA Pay-as-Produced;RED II
15-Apr-2026;Forward;5.139;May 2026;Month +1
15-Apr-2026;Forward;5.587;June 2026;Month +2
15-Apr-2026;Forward;6.210;Q3 2026;Quarter +1
15-Apr-2026;Forward;7.894;Winter 2026;Season +1
15-Apr-2026;Forward;5.171;Summer 2027;Season +2
15-Apr-2026;Forward;6.138;Calendar 2027;Calendar +1
15-Apr-2026;Forward;5.512;Calendar 2028;Calendar +2
15-Apr-2026;Forward;5.102;Calendar 2029;Calendar +3
15-Apr-2026;Spot;8.727;15-Apr-2026;Spot
15-Apr-2026;PPA 40;6.185;10-Year Pay-as-Produced;PPA 40
15-Apr-2026;RED II;5.832;10-Year PPA Pay-as-Produced;RED II
14-Apr-2026;Forward;5.153;May 2026;Month +1
14-Apr-2026;Forward;5.638;June 2026;Month +2
14-Apr-2026;Forward;6.318;Q3 2026;Quarter +1
14-Apr-2026;Forward;7.929;Winter 2026;Season +1
14-Apr-2026;Forward;5.221;Summer 2027;Season +2
14-Apr-2026;Forward;6.164;Calendar 2027;Calendar +1
14-Apr-2026;Forward;5.544;Calendar 2028;Calendar +2
14-Apr-2026;Forward;5.132;Calendar 2029;Calendar +3
14-Apr-2026;Spot;9.502;14-Apr-2026;Spot
14-Apr-2026;PPA 40;6.198;10-Year Pay-as-Produced;PPA 40
14-Apr-2026;RED II;5.826;10-Year PPA Pay-as-Produced;RED II
13-Apr-2026;Spot;7.778;13-Apr-2026;Spot
12-Apr-2026;Spot;5.983;12-Apr-2026;Spot
11-Apr-2026;Forward;5.059;May 2026;Month +1
11-Apr-2026;Forward;5.556;June 2026;Month +2
11-Apr-2026;Forward;6.211;Q3 2026;Quarter +1
11-Apr-2026;Forward;7.855;Winter 2026;Season +1
11-Apr-2026;Forward;5.135;Summer 2027;Season +2
11-Apr-2026;Forward;6.075;Calendar 2027;Calendar +1
11-Apr-2026;Forward;5.531;Calendar 2028;Calendar +2
11-Apr-2026;Forward;5.128;Calendar 2029;Calendar +3
11-Apr-2026;Spot;4.462;11-Apr-2026;Spot
11-Apr-2026;PPA 40;6.186;10-Year Pay-as-Produced;PPA 40
11-Apr-2026;RED II;5.824;10-Year PPA Pay-as-Produced;RED II
10-Apr-2026;Forward;5.164;May 2026;Month +1
10-Apr-2026;Forward;5.672;June 2026;Month +2
10-Apr-2026;Forward;6.344;Q3 2026;Quarter +1
10-Apr-2026;Forward;8.024;Winter 2026;Season +1
10-Apr-2026;Forward;5.283;Summer 2027;Season +2
10-Apr-2026;Forward;6.216;Calendar 2027;Calendar +1
10-Apr-2026;Forward;5.567;Calendar 2028;Calendar +2
10-Apr-2026;Forward;5.151;Calendar 2029;Calendar +3
10-Apr-2026;Spot;8.719;10-Apr-2026;Spot
10-Apr-2026;PPA 40;6.210;10-Year Pay-as-Produced;PPA 40
10-Apr-2026;RED II;5.821;10-Year PPA Pay-as-Produced;RED II
09-Apr-2026;Forward;5.102;May 2026;Month +1
09-Apr-2026;Forward;5.626;June 2026;Month +2
09-Apr-2026;Forward;6.270;Q3 2026;Quarter +1
09-Apr-2026;Forward;7.933;Winter 2026;Season +1
09-Apr-2026;Forward;5.195;Summer 2027;Season +2
09-Apr-2026;Forward;6.128;Calendar 2027;Calendar +1
09-Apr-2026;Forward;5.535;Calendar 2028;Calendar +2
09-Apr-2026;Forward;5.139;Calendar 2029;Calendar +3
09-Apr-2026;Spot;5.839;9-Apr-2026;Spot
09-Apr-2026;PPA 40;6.191;10-Year Pay-as-Produced;PPA 40
09-Apr-2026;RED II;5.816;10-Year PPA Pay-as-Produced;RED II
08-Apr-2026;Forward;5.415;May 2026;Month +1
08-Apr-2026;Forward;5.898;June 2026;Month +2
08-Apr-2026;Forward;6.655;Q3 2026;Quarter +1
08-Apr-2026;Forward;8.342;Winter 2026;Season +1
08-Apr-2026;Forward;5.330;Summer 2027;Season +2
08-Apr-2026;Forward;6.325;Calendar 2027;Calendar +1
08-Apr-2026;Forward;5.640;Calendar 2028;Calendar +2
08-Apr-2026;Forward;5.198;Calendar 2029;Calendar +3
08-Apr-2026;Spot;5.420;8-Apr-2026;Spot
08-Apr-2026;PPA 40;6.222;10-Year Pay-as-Produced;PPA 40
08-Apr-2026;RED II;5.813;10-Year PPA Pay-as-Produced;RED II
07-Apr-2026;Spot;6.191;7-Apr-2026;Spot
06-Apr-2026;Spot;2.231;6-Apr-2026;Spot
05-Apr-2026;Spot;2.621;5-Apr-2026;Spot
04-Apr-2026;Spot;4.811;4-Apr-2026;Spot
03-Apr-2026;Forward;5.268;May 2026;Month +1
03-Apr-2026;Forward;5.752;June 2026;Month +2
03-Apr-2026;Forward;6.468;Q3 2026;Quarter +1
03-Apr-2026;Forward;8.129;Winter 2026;Season +1
03-Apr-2026;Forward;5.302;Summer 2027;Season +2
03-Apr-2026;Forward;6.257;Calendar 2027;Calendar +1
03-Apr-2026;Forward;5.581;Calendar 2028;Calendar +2
03-Apr-2026;Forward;5.134;Calendar 2029;Calendar +3
03-Apr-2026;Spot;7.316;3-Apr-2026;Spot
03-Apr-2026;PPA 40;6.208;10-Year Pay-as-Produced;PPA 40
03-Apr-2026;RED II;5.810;10-Year PPA Pay-as-Produced;RED II
02-Apr-2026;Forward;5.222;May 2026;Month +1
02-Apr-2026;Forward;5.726;June 2026;Month +2
02-Apr-2026;Forward;6.474;Q3 2026;Quarter +1
02-Apr-2026;Forward;8.107;Winter 2026;Season +1
02-Apr-2026;Forward;5.267;Summer 2027;Season +2
02-Apr-2026;Forward;6.247;Calendar 2027;Calendar +1
02-Apr-2026;Forward;5.574;Calendar 2028;Calendar +2
02-Apr-2026;Forward;5.120;Calendar 2029;Calendar +3
02-Apr-2026;Spot;9.499;2-Apr-2026;Spot
02-Apr-2026;PPA 40;6.195;10-Year Pay-as-Produced;PPA 40
02-Apr-2026;RED II;5.809;10-Year PPA Pay-as-Produced;RED II
01-Apr-2026;Forward;6.159;April 2026;Month +1
01-Apr-2026;Forward;5.298;May 2026;Month +2
01-Apr-2026;Forward;5.755;Q3 2026;Quarter +1
01-Apr-2026;Forward;6.174;Summer 2026;Season +1
01-Apr-2026;Forward;8.260;Winter 2026;Season +2
01-Apr-2026;Forward;6.355;Calendar 2027;Calendar +1
01-Apr-2026;Forward;5.606;Calendar 2028;Calendar +2
01-Apr-2026;Forward;5.146;Calendar 2029;Calendar +3
01-Apr-2026;Spot;10.066;1-Apr-2026;Spot
01-Apr-2026;PPA 40;6.207;10-Year Pay-as-Produced;PPA 40
01-Apr-2026;RED II;5.805;10-Year PPA Pay-as-Produced;RED II
31-Mar-2026;Forward;6.405;April 2026;Month +1
31-Mar-2026;Forward;5.461;May 2026;Month +2
31-Mar-2026;Forward;5.932;Q3 2026;Quarter +1
31-Mar-2026;Forward;6.355;Summer 2026;Season +1
31-Mar-2026;Forward;8.577;Winter 2026;Season +2
31-Mar-2026;Forward;6.505;Calendar 2027;Calendar +1
31-Mar-2026;Forward;5.641;Calendar 2028;Calendar +2
31-Mar-2026;Forward;5.136;Calendar 2029;Calendar +3
31-Mar-2026;Spot;9.563;31-Mar-2026;Spot
31-Mar-2026;PPA 40;6.203;10-Year Pay-as-Produced;PPA 40
31-Mar-2026;RED II;5.786;10-Year PPA Pay-as-Produced;RED II
30-Mar-2026;Spot;9.289;30-Mar-2026;Spot
29-Mar-2026;Spot;6.353;29-Mar-2026;Spot
28-Mar-2026;Forward;6.041;April 2026;Month +1
28-Mar-2026;Forward;5.469;May 2026;Month +2
28-Mar-2026;Forward;5.805;Q2 2026;Quarter +1
28-Mar-2026;Forward;6.304;Summer 2026;Season +1
28-Mar-2026;Forward;8.509;Winter 2026;Season +2
28-Mar-2026;Forward;6.455;Calendar 2027;Calendar +1
28-Mar-2026;Forward;5.652;Calendar 2028;Calendar +2
28-Mar-2026;Forward;5.127;Calendar 2029;Calendar +3
28-Mar-2026;Spot;5.619;28-Mar-2026;Spot
28-Mar-2026;PPA 40;6.178;10-Year Pay-as-Produced;PPA 40
28-Mar-2026;RED II;5.766;10-Year PPA Pay-as-Produced;RED II
27-Mar-2026;Forward;6.112;April 2026;Month +1
27-Mar-2026;Forward;5.527;May 2026;Month +2
27-Mar-2026;Forward;5.857;Q2 2026;Quarter +1
27-Mar-2026;Forward;6.362;Summer 2026;Season +1
27-Mar-2026;Forward;8.567;Winter 2026;Season +2
27-Mar-2026;Forward;6.526;Calendar 2027;Calendar +1
27-Mar-2026;Forward;5.666;Calendar 2028;Calendar +2
27-Mar-2026;Forward;5.110;Calendar 2029;Calendar +3
27-Mar-2026;Spot;8.895;27-Mar-2026;Spot
27-Mar-2026;PPA 40;6.173;10-Year Pay-as-Produced;PPA 40
27-Mar-2026;RED II;5.766;10-Year PPA Pay-as-Produced;RED II
26-Mar-2026;Forward;5.962;April 2026;Month +1
26-Mar-2026;Forward;5.420;May 2026;Month +2
26-Mar-2026;Forward;5.729;Q2 2026;Quarter +1
26-Mar-2026;Forward;6.228;Summer 2026;Season +1
26-Mar-2026;Forward;8.427;Winter 2026;Season +2
26-Mar-2026;Forward;6.400;Calendar 2027;Calendar +1
26-Mar-2026;Forward;5.636;Calendar 2028;Calendar +2
26-Mar-2026;Forward;5.064;Calendar 2029;Calendar +3
26-Mar-2026;Spot;9.078;26-Mar-2026;Spot
26-Mar-2026;PPA 40;6.136;10-Year Pay-as-Produced;PPA 40
26-Mar-2026;RED II;5.758;10-Year PPA Pay-as-Produced;RED II
25-Mar-2026;Forward;6.061;April 2026;Month +1
25-Mar-2026;Forward;5.526;May 2026;Month +2
25-Mar-2026;Forward;5.827;Q2 2026;Quarter +1
25-Mar-2026;Forward;6.307;Summer 2026;Season +1
25-Mar-2026;Forward;8.526;Winter 2026;Season +2
25-Mar-2026;Forward;6.510;Calendar 2027;Calendar +1
25-Mar-2026;Forward;5.664;Calendar 2028;Calendar +2
25-Mar-2026;Forward;5.074;Calendar 2029;Calendar +3
25-Mar-2026;Spot;8.111;25-Mar-2026;Spot
25-Mar-2026;PPA 40;6.136;10-Year Pay-as-Produced;PPA 40
25-Mar-2026;RED II;5.751;10-Year PPA Pay-as-Produced;RED II
24-Mar-2026;Forward;6.323;April 2026;Month +1
24-Mar-2026;Forward;5.608;May 2026;Month +2
24-Mar-2026;Forward;6.011;Q2 2026;Quarter +1
24-Mar-2026;Forward;6.483;Summer 2026;Season +1
24-Mar-2026;Forward;8.707;Winter 2026;Season +2
24-Mar-2026;Forward;6.577;Calendar 2027;Calendar +1
24-Mar-2026;Forward;5.602;Calendar 2028;Calendar +2
24-Mar-2026;Forward;5.007;Calendar 2029;Calendar +3
24-Mar-2026;Spot;8.750;24-Mar-2026;Spot
24-Mar-2026;PPA 40;6.118;10-Year Pay-as-Produced;PPA 40
24-Mar-2026;RED II;5.739;10-Year PPA Pay-as-Produced;RED II
23-Mar-2026;Spot;11.311;23-Mar-2026;Spot
22-Mar-2026;Spot;6.958;22-Mar-2026;Spot
21-Mar-2026;Forward;6.386;April 2026;Month +1
21-Mar-2026;Forward;5.657;May 2026;Month +2
21-Mar-2026;Forward;6.053;Q2 2026;Quarter +1
21-Mar-2026;Forward;6.511;Summer 2026;Season +1
21-Mar-2026;Forward;8.756;Winter 2026;Season +2
21-Mar-2026;Forward;6.540;Calendar 2027;Calendar +1
21-Mar-2026;Forward;5.493;Calendar 2028;Calendar +2
21-Mar-2026;Forward;4.951;Calendar 2029;Calendar +3
21-Mar-2026;Spot;7.999;21-Mar-2026;Spot
21-Mar-2026;PPA 40;6.081;10-Year Pay-as-Produced;PPA 40
21-Mar-2026;RED II;5.736;10-Year PPA Pay-as-Produced;RED II
20-Mar-2026;Forward;6.385;April 2026;Month +1
20-Mar-2026;Forward;5.657;May 2026;Month +2
20-Mar-2026;Forward;6.053;Q2 2026;Quarter +1
20-Mar-2026;Forward;6.511;Summer 2026;Season +1
20-Mar-2026;Forward;8.756;Winter 2026;Season +2
20-Mar-2026;Forward;6.540;Calendar 2027;Calendar +1
20-Mar-2026;Forward;5.493;Calendar 2028;Calendar +2
20-Mar-2026;Forward;4.951;Calendar 2029;Calendar +3
20-Mar-2026;Spot;10.220;20-Mar-2026;Spot
20-Mar-2026;PPA 40;6.078;10-Year Pay-as-Produced;PPA 40
20-Mar-2026;RED II;5.728;10-Year PPA Pay-as-Produced;RED II
19-Mar-2026;Forward;6.103;April 2026;Month +1
19-Mar-2026;Forward;5.366;May 2026;Month +2
19-Mar-2026;Forward;5.760;Q2 2026;Quarter +1
19-Mar-2026;Forward;6.243;Summer 2026;Season +1
19-Mar-2026;Forward;8.235;Winter 2026;Season +2
19-Mar-2026;Forward;6.256;Calendar 2027;Calendar +1
19-Mar-2026;Forward;5.368;Calendar 2028;Calendar +2
19-Mar-2026;Forward;4.915;Calendar 2029;Calendar +3
19-Mar-2026;Spot;8.394;19-Mar-2026;Spot
19-Mar-2026;PPA 40;6.043;10-Year Pay-as-Produced;PPA 40
19-Mar-2026;RED II;5.715;10-Year PPA Pay-as-Produced;RED II
18-Mar-2026;Forward;6.065;April 2026;Month +1
18-Mar-2026;Forward;5.289;May 2026;Month +2
18-Mar-2026;Forward;5.691;Q2 2026;Quarter +1
18-Mar-2026;Forward;6.145;Summer 2026;Season +1
18-Mar-2026;Forward;8.065;Winter 2026;Season +2
18-Mar-2026;Forward;6.195;Calendar 2027;Calendar +1
18-Mar-2026;Forward;5.367;Calendar 2028;Calendar +2
18-Mar-2026;Forward;4.902;Calendar 2029;Calendar +3
18-Mar-2026;Spot;8.022;18-Mar-2026;Spot
18-Mar-2026;PPA 40;6.044;10-Year Pay-as-Produced;PPA 40
18-Mar-2026;RED II;5.711;10-Year PPA Pay-as-Produced;RED II
17-Mar-2026;Forward;6.154;April 2026;Month +1
17-Mar-2026;Forward;5.332;May 2026;Month +2
17-Mar-2026;Forward;5.733;Q2 2026;Quarter +1
17-Mar-2026;Forward;6.180;Summer 2026;Season +1
17-Mar-2026;Forward;8.045;Winter 2026;Season +2
17-Mar-2026;Forward;6.231;Calendar 2027;Calendar +1
17-Mar-2026;Forward;5.430;Calendar 2028;Calendar +2
17-Mar-2026;Forward;4.917;Calendar 2029;Calendar +3
17-Mar-2026;Spot;9.286;17-Mar-2026;Spot
17-Mar-2026;PPA 40;6.067;10-Year Pay-as-Produced;PPA 40
17-Mar-2026;RED II;5.718;10-Year PPA Pay-as-Produced;RED II
16-Mar-2026;Spot;7.820;16-Mar-2026;Spot
15-Mar-2026;Spot;7.902;15-Mar-2026;Spot
14-Mar-2026;Forward;6.056;April 2026;Month +1
14-Mar-2026;Forward;5.281;May 2026;Month +2
14-Mar-2026;Forward;5.667;Q2 2026;Quarter +1
14-Mar-2026;Forward;6.122;Summer 2026;Season +1
14-Mar-2026;Forward;7.951;Winter 2026;Season +2
14-Mar-2026;Forward;6.173;Calendar 2027;Calendar +1
14-Mar-2026;Forward;5.402;Calendar 2028;Calendar +2
14-Mar-2026;Forward;4.896;Calendar 2029;Calendar +3
14-Mar-2026;Spot;6.526;14-Mar-2026;Spot
14-Mar-2026;PPA 40;6.054;10-Year Pay-as-Produced;PPA 40
14-Mar-2026;RED II;5.707;10-Year PPA Pay-as-Produced;RED II
13-Mar-2026;Forward;6.068;April 2026;Month +1
13-Mar-2026;Forward;5.290;May 2026;Month +2
13-Mar-2026;Forward;5.698;Q2 2026;Quarter +1
13-Mar-2026;Forward;6.124;Summer 2026;Season +1
13-Mar-2026;Forward;7.984;Winter 2026;Season +2
13-Mar-2026;Forward;6.192;Calendar 2027;Calendar +1
13-Mar-2026;Forward;5.388;Calendar 2028;Calendar +2
13-Mar-2026;Forward;4.890;Calendar 2029;Calendar +3
13-Mar-2026;Spot;7.224;13-Mar-2026;Spot
13-Mar-2026;PPA 40;6.059;10-Year Pay-as-Produced;PPA 40
13-Mar-2026;RED II;5.706;10-Year PPA Pay-as-Produced;RED II
12-Mar-2026;Forward;6.071;April 2026;Month +1
12-Mar-2026;Forward;5.266;May 2026;Month +2
12-Mar-2026;Forward;5.684;Q2 2026;Quarter +1
12-Mar-2026;Forward;6.083;Summer 2026;Season +1
12-Mar-2026;Forward;7.948;Winter 2026;Season +2
12-Mar-2026;Forward;6.247;Calendar 2027;Calendar +1
12-Mar-2026;Forward;5.447;Calendar 2028;Calendar +2
12-Mar-2026;Forward;4.923;Calendar 2029;Calendar +3
12-Mar-2026;Spot;7.707;12-Mar-2026;Spot
12-Mar-2026;PPA 40;6.096;10-Year Pay-as-Produced;PPA 40
12-Mar-2026;RED II;5.714;10-Year PPA Pay-as-Produced;RED II
11-Mar-2026;Forward;5.981;April 2026;Month +1
11-Mar-2026;Forward;5.220;May 2026;Month +2
11-Mar-2026;Forward;5.613;Q2 2026;Quarter +1
11-Mar-2026;Forward;6.017;Summer 2026;Season +1
11-Mar-2026;Forward;7.853;Winter 2026;Season +2
11-Mar-2026;Forward;6.237;Calendar 2027;Calendar +1
11-Mar-2026;Forward;5.480;Calendar 2028;Calendar +2
11-Mar-2026;Forward;5.007;Calendar 2029;Calendar +3
11-Mar-2026;Spot;7.777;11-Mar-2026;Spot
11-Mar-2026;PPA 40;6.114;10-Year Pay-as-Produced;PPA 40
11-Mar-2026;RED II;5.711;10-Year PPA Pay-as-Produced;RED II
10-Mar-2026;Forward;6.321;April 2026;Month +1
10-Mar-2026;Forward;5.525;May 2026;Month +2
10-Mar-2026;Forward;5.952;Q2 2026;Quarter +1
10-Mar-2026;Forward;6.377;Summer 2026;Season +1
10-Mar-2026;Forward;8.337;Winter 2026;Season +2
10-Mar-2026;Forward;6.490;Calendar 2027;Calendar +1
10-Mar-2026;Forward;5.481;Calendar 2028;Calendar +2
10-Mar-2026;Forward;5.031;Calendar 2029;Calendar +3
10-Mar-2026;Spot;9.374;10-Mar-2026;Spot
10-Mar-2026;PPA 40;6.114;10-Year Pay-as-Produced;PPA 40
10-Mar-2026;RED II;5.702;10-Year PPA Pay-as-Produced;RED II
09-Mar-2026;Spot;9.093;9-Mar-2026;Spot
08-Mar-2026;Spot;7.017;8-Mar-2026;Spot
07-Mar-2026;Forward;6.254;April 2026;Month +1
07-Mar-2026;Forward;5.427;May 2026;Month +2
07-Mar-2026;Forward;5.842;Q2 2026;Quarter +1
07-Mar-2026;Forward;6.242;Summer 2026;Season +1
07-Mar-2026;Forward;8.124;Winter 2026;Season +2
07-Mar-2026;Forward;6.243;Calendar 2027;Calendar +1
07-Mar-2026;Forward;5.425;Calendar 2028;Calendar +2
07-Mar-2026;Forward;5.024;Calendar 2029;Calendar +3
07-Mar-2026;Spot;6.595;7-Mar-2026;Spot
07-Mar-2026;PPA 40;6.084;10-Year Pay-as-Produced;PPA 40
07-Mar-2026;RED II;5.702;10-Year PPA Pay-as-Produced;RED II
06-Mar-2026;Forward;6.165;April 2026;Month +1
06-Mar-2026;Forward;5.314;May 2026;Month +2
06-Mar-2026;Forward;5.715;Q2 2026;Quarter +1
06-Mar-2026;Forward;6.049;Summer 2026;Season +1
06-Mar-2026;Forward;7.722;Winter 2026;Season +2
06-Mar-2026;Forward;6.042;Calendar 2027;Calendar +1
06-Mar-2026;Forward;5.352;Calendar 2028;Calendar +2
06-Mar-2026;Forward;4.967;Calendar 2029;Calendar +3
06-Mar-2026;Spot;8.050;6-Mar-2026;Spot
06-Mar-2026;PPA 40;6.080;10-Year Pay-as-Produced;PPA 40
06-Mar-2026;RED II;5.702;10-Year PPA Pay-as-Produced;RED II
05-Mar-2026;Forward;6.140;April 2026;Month +1
05-Mar-2026;Forward;5.211;May 2026;Month +2
05-Mar-2026;Forward;5.642;Q2 2026;Quarter +1
05-Mar-2026;Forward;5.979;Summer 2026;Season +1
05-Mar-2026;Forward;7.521;Winter 2026;Season +2
05-Mar-2026;Forward;5.958;Calendar 2027;Calendar +1
05-Mar-2026;Forward;5.359;Calendar 2028;Calendar +2
05-Mar-2026;Forward;5.032;Calendar 2029;Calendar +3
05-Mar-2026;Spot;8.160;5-Mar-2026;Spot
05-Mar-2026;PPA 40;6.084;10-Year Pay-as-Produced;PPA 40
05-Mar-2026;RED II;5.702;10-Year PPA Pay-as-Produced;RED II
04-Mar-2026;Forward;6.451;April 2026;Month +1
04-Mar-2026;Forward;5.482;May 2026;Month +2
04-Mar-2026;Forward;5.932;Q2 2026;Quarter +1
04-Mar-2026;Forward;6.303;Summer 2026;Season +1
04-Mar-2026;Forward;7.844;Winter 2026;Season +2
04-Mar-2026;Forward;6.058;Calendar 2027;Calendar +1
04-Mar-2026;Forward;5.504;Calendar 2028;Calendar +2
04-Mar-2026;Forward;5.134;Calendar 2029;Calendar +3
04-Mar-2026;Spot;10.793;4-Mar-2026;Spot
04-Mar-2026;PPA 40;6.097;10-Year Pay-as-Produced;PPA 40
04-Mar-2026;RED II;5.702;10-Year PPA Pay-as-Produced;RED II
03-Mar-2026;Forward;5.808;April 2026;Month +1
03-Mar-2026;Forward;4.965;May 2026;Month +2
03-Mar-2026;Forward;5.360;Q2 2026;Quarter +1
03-Mar-2026;Forward;5.729;Summer 2026;Season +1
03-Mar-2026;Forward;7.361;Winter 2026;Season +2
03-Mar-2026;Forward;5.748;Calendar 2027;Calendar +1
03-Mar-2026;Forward;5.336;Calendar 2028;Calendar +2
03-Mar-2026;Forward;4.967;Calendar 2029;Calendar +3
03-Mar-2026;Spot;8.266;3-Mar-2026;Spot
03-Mar-2026;PPA 40;6.003;10-Year Pay-as-Produced;PPA 40
03-Mar-2026;RED II;5.659;10-Year PPA Pay-as-Produced;RED II
02-Mar-2026;Spot;8.487;2-Mar-2026;Spot
01-Mar-2026;Spot;4.820;1-Mar-2026;Spot
28-Feb-2026;Forward;5.928;March 2026;Month +1
28-Feb-2026;Forward;5.234;April 2026;Month +2
28-Feb-2026;Forward;4.862;Q2 2026;Quarter +1
28-Feb-2026;Forward;5.243;Summer 2026;Season +1
28-Feb-2026;Forward;7.008;Winter 2026;Season +2
28-Feb-2026;Forward;5.640;Calendar 2027;Calendar +1
28-Feb-2026;Forward;5.284;Calendar 2028;Calendar +2
28-Feb-2026;Forward;4.932;Calendar 2029;Calendar +3
28-Feb-2026;Spot;5.153;28-Feb-2026;Spot
28-Feb-2026;PPA 40;6.001;10-Year Pay-as-Produced;PPA 40
28-Feb-2026;RED II;5.659;10-Year PPA Pay-as-Produced;RED II
27-Feb-2026;Forward;5.949;March 2026;Month +1
27-Feb-2026;Forward;5.223;April 2026;Month +2
27-Feb-2026;Forward;4.837;Q2 2026;Quarter +1
27-Feb-2026;Forward;5.226;Summer 2026;Season +1
27-Feb-2026;Forward;7.020;Winter 2026;Season +2
27-Feb-2026;Forward;5.672;Calendar 2027;Calendar +1
27-Feb-2026;Forward;5.313;Calendar 2028;Calendar +2
27-Feb-2026;Forward;4.948;Calendar 2029;Calendar +3
27-Feb-2026;Spot;6.046;27-Feb-2026;Spot
27-Feb-2026;PPA 40;6.027;10-Year Pay-as-Produced;PPA 40
27-Feb-2026;RED II;5.668;10-Year PPA Pay-as-Produced;RED II
26-Feb-2026;Forward;6.046;March 2026;Month +1
26-Feb-2026;Forward;5.236;April 2026;Month +2
26-Feb-2026;Forward;4.833;Q2 2026;Quarter +1
26-Feb-2026;Forward;5.246;Summer 2026;Season +1
26-Feb-2026;Forward;6.964;Winter 2026;Season +2
26-Feb-2026;Forward;5.676;Calendar 2027;Calendar +1
26-Feb-2026;Forward;5.309;Calendar 2028;Calendar +2
26-Feb-2026;Forward;4.935;Calendar 2029;Calendar +3
26-Feb-2026;Spot;6.537;26-Feb-2026;Spot
26-Feb-2026;PPA 40;6.028;10-Year Pay-as-Produced;PPA 40
26-Feb-2026;RED II;5.673;10-Year PPA Pay-as-Produced;RED II
25-Feb-2026;Forward;6.007;March 2026;Month +1
25-Feb-2026;Forward;5.204;April 2026;Month +2
25-Feb-2026;Forward;4.796;Q2 2026;Quarter +1
25-Feb-2026;Forward;5.194;Summer 2026;Season +1
25-Feb-2026;Forward;6.971;Winter 2026;Season +2
25-Feb-2026;Forward;5.667;Calendar 2027;Calendar +1
25-Feb-2026;Forward;5.310;Calendar 2028;Calendar +2
25-Feb-2026;Forward;4.936;Calendar 2029;Calendar +3
25-Feb-2026;Spot;7.494;25-Feb-2026;Spot
25-Feb-2026;PPA 40;6.032;10-Year Pay-as-Produced;PPA 40
25-Feb-2026;RED II;5.674;10-Year PPA Pay-as-Produced;RED II
24-Feb-2026;Forward;6.047;March 2026;Month +1
24-Feb-2026;Forward;5.319;April 2026;Month +2
24-Feb-2026;Forward;4.866;Q2 2026;Quarter +1
24-Feb-2026;Forward;5.264;Summer 2026;Season +1
24-Feb-2026;Forward;7.025;Winter 2026;Season +2
24-Feb-2026;Forward;5.703;Calendar 2027;Calendar +1
24-Feb-2026;Forward;5.301;Calendar 2028;Calendar +2
24-Feb-2026;Forward;4.963;Calendar 2029;Calendar +3
24-Feb-2026;Spot;8.274;24-Feb-2026;Spot
24-Feb-2026;PPA 40;6.029;10-Year Pay-as-Produced;PPA 40
24-Feb-2026;RED II;5.673;10-Year PPA Pay-as-Produced;RED II
23-Feb-2026;Spot;6.656;23-Feb-2026;Spot
22-Feb-2026;Spot;5.960;22-Feb-2026;Spot
21-Feb-2026;Forward;6.211;March 2026;Month +1
21-Feb-2026;Forward;5.386;April 2026;Month +2
21-Feb-2026;Forward;4.902;Q2 2026;Quarter +1
21-Feb-2026;Forward;5.306;Summer 2026;Season +1
21-Feb-2026;Forward;7.083;Winter 2026;Season +2
21-Feb-2026;Forward;5.711;Calendar 2027;Calendar +1
21-Feb-2026;Forward;5.358;Calendar 2028;Calendar +2
21-Feb-2026;Forward;5.025;Calendar 2029;Calendar +3
21-Feb-2026;Spot;7.066;21-Feb-2026;Spot
21-Feb-2026;PPA 40;6.037;10-Year Pay-as-Produced;PPA 40
21-Feb-2026;RED II;5.678;10-Year PPA Pay-as-Produced;RED II
20-Feb-2026;Forward;6.222;March 2026;Month +1
20-Feb-2026;Forward;5.373;April 2026;Month +2
20-Feb-2026;Forward;4.880;Q2 2026;Quarter +1
20-Feb-2026;Forward;5.281;Summer 2026;Season +1
20-Feb-2026;Forward;7.033;Winter 2026;Season +2
20-Feb-2026;Forward;5.657;Calendar 2027;Calendar +1
20-Feb-2026;Forward;5.273;Calendar 2028;Calendar +2
20-Feb-2026;Forward;4.958;Calendar 2029;Calendar +3
20-Feb-2026;Spot;7.432;20-Feb-2026;Spot
20-Feb-2026;PPA 40;5.950;10-Year Pay-as-Produced;PPA 40
20-Feb-2026;RED II;5.715;10-Year PPA Pay-as-Produced;RED II
19-Feb-2026;Forward;6.139;March 2026;Month +1
19-Feb-2026;Forward;5.272;April 2026;Month +2
19-Feb-2026;Forward;4.788;Q2 2026;Quarter +1
19-Feb-2026;Forward;5.172;Summer 2026;Season +1
19-Feb-2026;Forward;6.882;Winter 2026;Season +2
19-Feb-2026;Forward;5.553;Calendar 2027;Calendar +1
19-Feb-2026;Forward;5.247;Calendar 2028;Calendar +2
19-Feb-2026;Forward;4.901;Calendar 2029;Calendar +3
19-Feb-2026;Spot;8.178;19-Feb-2026;Spot
19-Feb-2026;PPA 40;5.917;10-Year Pay-as-Produced;PPA 40
19-Feb-2026;RED II;5.713;10-Year PPA Pay-as-Produced;RED II
18-Feb-2026;Forward;5.981;March 2026;Month +1
18-Feb-2026;Forward;5.118;April 2026;Month +2
18-Feb-2026;Forward;4.684;Q2 2026;Quarter +1
18-Feb-2026;Forward;5.072;Summer 2026;Season +1
18-Feb-2026;Forward;6.773;Winter 2026;Season +2
18-Feb-2026;Forward;5.434;Calendar 2027;Calendar +1
18-Feb-2026;Forward;5.167;Calendar 2028;Calendar +2
18-Feb-2026;Forward;4.830;Calendar 2029;Calendar +3
18-Feb-2026;Spot;8.744;18-Feb-2026;Spot
18-Feb-2026;PPA 40;5.877;10-Year Pay-as-Produced;PPA 40
18-Feb-2026;RED II;5.717;10-Year PPA Pay-as-Produced;RED II
17-Feb-2026;Forward;6.004;March 2026;Month +1
17-Feb-2026;Forward;5.098;April 2026;Month +2
17-Feb-2026;Forward;4.689;Q2 2026;Quarter +1
17-Feb-2026;Forward;5.071;Summer 2026;Season +1
17-Feb-2026;Forward;6.747;Winter 2026;Season +2
17-Feb-2026;Forward;5.415;Calendar 2027;Calendar +1
17-Feb-2026;Forward;5.135;Calendar 2028;Calendar +2
17-Feb-2026;Forward;4.801;Calendar 2029;Calendar +3
17-Feb-2026;Spot;8.087;17-Feb-2026;Spot
17-Feb-2026;PPA 40;5.867;10-Year Pay-as-Produced;PPA 40
17-Feb-2026;RED II;5.724;10-Year PPA Pay-as-Produced;RED II
16-Feb-2026;Spot;8.201;16-Feb-2026;Spot
15-Feb-2026;Spot;7.252;15-Feb-2026;Spot
14-Feb-2026;Forward;6.217;March 2026;Month +1
14-Feb-2026;Forward;5.200;April 2026;Month +2
14-Feb-2026;Forward;4.749;Q2 2026;Quarter +1
14-Feb-2026;Forward;5.136;Summer 2026;Season +1
14-Feb-2026;Forward;6.806;Winter 2026;Season +2
14-Feb-2026;Forward;5.440;Calendar 2027;Calendar +1
14-Feb-2026;Forward;5.142;Calendar 2028;Calendar +2
14-Feb-2026;Forward;4.811;Calendar 2029;Calendar +3
14-Feb-2026;Spot;8.139;14-Feb-2026;Spot
14-Feb-2026;PPA 40;5.854;10-Year Pay-as-Produced;PPA 40
14-Feb-2026;RED II;5.680;10-Year PPA Pay-as-Produced;RED II
13-Feb-2026;Forward;6.289;March 2026;Month +1
13-Feb-2026;Forward;5.229;April 2026;Month +2
13-Feb-2026;Forward;4.765;Q2 2026;Quarter +1
13-Feb-2026;Forward;5.171;Summer 2026;Season +1
13-Feb-2026;Forward;6.916;Winter 2026;Season +2
13-Feb-2026;Forward;5.525;Calendar 2027;Calendar +1
13-Feb-2026;Forward;5.201;Calendar 2028;Calendar +2
13-Feb-2026;Forward;4.847;Calendar 2029;Calendar +3
13-Feb-2026;Spot;8.241;13-Feb-2026;Spot
13-Feb-2026;PPA 40;5.888;10-Year Pay-as-Produced;PPA 40
13-Feb-2026;RED II;5.689;10-Year PPA Pay-as-Produced;RED II
12-Feb-2026;Forward;6.318;March 2026;Month +1
12-Feb-2026;Forward;5.330;April 2026;Month +2
12-Feb-2026;Forward;4.858;Q2 2026;Quarter +1
12-Feb-2026;Forward;5.285;Summer 2026;Season +1
12-Feb-2026;Forward;7.041;Winter 2026;Season +2
12-Feb-2026;Forward;5.653;Calendar 2027;Calendar +1
12-Feb-2026;Forward;5.324;Calendar 2028;Calendar +2
12-Feb-2026;Forward;4.894;Calendar 2029;Calendar +3
12-Feb-2026;Spot;8.429;12-Feb-2026;Spot
12-Feb-2026;PPA 40;5.932;10-Year Pay-as-Produced;PPA 40
12-Feb-2026;RED II;5.695;10-Year PPA Pay-as-Produced;RED II
11-Feb-2026;Forward;6.379;March 2026;Month +1
11-Feb-2026;Forward;5.382;April 2026;Month +2
11-Feb-2026;Forward;4.904;Q2 2026;Quarter +1
11-Feb-2026;Forward;5.312;Summer 2026;Season +1
11-Feb-2026;Forward;7.057;Winter 2026;Season +2
11-Feb-2026;Forward;5.661;Calendar 2027;Calendar +1
11-Feb-2026;Forward;5.340;Calendar 2028;Calendar +2
11-Feb-2026;Forward;4.917;Calendar 2029;Calendar +3
11-Feb-2026;Spot;8.809;11-Feb-2026;Spot
11-Feb-2026;PPA 40;5.947;10-Year Pay-as-Produced;PPA 40
11-Feb-2026;RED II;5.700;10-Year PPA Pay-as-Produced;RED II
10-Feb-2026;Forward;6.603;March 2026;Month +1
10-Feb-2026;Forward;5.505;April 2026;Month +2
10-Feb-2026;Forward;4.988;Q2 2026;Quarter +1
10-Feb-2026;Forward;5.413;Summer 2026;Season +1
10-Feb-2026;Forward;7.188;Winter 2026;Season +2
10-Feb-2026;Forward;5.755;Calendar 2027;Calendar +1
10-Feb-2026;Forward;5.415;Calendar 2028;Calendar +2
10-Feb-2026;Forward;4.977;Calendar 2029;Calendar +3
10-Feb-2026;Spot;9.147;10-Feb-2026;Spot
10-Feb-2026;PPA 40;5.982;10-Year Pay-as-Produced;PPA 40
10-Feb-2026;RED II;5.704;10-Year PPA Pay-as-Produced;RED II
09-Feb-2026;Spot;10.408;9-Feb-2026;Spot
08-Feb-2026;Spot;8.254;8-Feb-2026;Spot
07-Feb-2026;Forward;6.710;March 2026;Month +1
07-Feb-2026;Forward;5.565;April 2026;Month +2
07-Feb-2026;Forward;4.998;Q2 2026;Quarter +1
07-Feb-2026;Forward;5.408;Summer 2026;Season +1
07-Feb-2026;Forward;7.138;Winter 2026;Season +2
07-Feb-2026;Forward;5.721;Calendar 2027;Calendar +1
07-Feb-2026;Forward;5.380;Calendar 2028;Calendar +2
07-Feb-2026;Forward;4.965;Calendar 2029;Calendar +3
07-Feb-2026;Spot;8.313;7-Feb-2026;Spot
07-Feb-2026;PPA 40;5.973;10-Year Pay-as-Produced;PPA 40
07-Feb-2026;RED II;5.705;10-Year PPA Pay-as-Produced;RED II
06-Feb-2026;Forward;6.523;March 2026;Month +1
06-Feb-2026;Forward;5.482;April 2026;Month +2
06-Feb-2026;Forward;4.946;Q2 2026;Quarter +1
06-Feb-2026;Forward;5.349;Summer 2026;Season +1
06-Feb-2026;Forward;7.082;Winter 2026;Season +2
06-Feb-2026;Forward;5.669;Calendar 2027;Calendar +1
06-Feb-2026;Forward;5.365;Calendar 2028;Calendar +2
06-Feb-2026;Forward;4.956;Calendar 2029;Calendar +3
06-Feb-2026;Spot;9.577;6-Feb-2026;Spot
06-Feb-2026;PPA 40;5.973;10-Year Pay-as-Produced;PPA 40
06-Feb-2026;RED II;5.709;10-Year PPA Pay-as-Produced;RED II
05-Feb-2026;Forward;6.627;March 2026;Month +1
05-Feb-2026;Forward;5.540;April 2026;Month +2
05-Feb-2026;Forward;5.020;Q2 2026;Quarter +1
05-Feb-2026;Forward;5.437;Summer 2026;Season +1
05-Feb-2026;Forward;7.178;Winter 2026;Season +2
05-Feb-2026;Forward;5.752;Calendar 2027;Calendar +1
05-Feb-2026;Forward;5.448;Calendar 2028;Calendar +2
05-Feb-2026;Forward;5.034;Calendar 2029;Calendar +3
05-Feb-2026;Spot;9.392;5-Feb-2026;Spot
05-Feb-2026;PPA 40;5.997;10-Year Pay-as-Produced;PPA 40
05-Feb-2026;RED II;5.709;10-Year PPA Pay-as-Produced;RED II
04-Feb-2026;Forward;6.559;March 2026;Month +1
04-Feb-2026;Forward;5.517;April 2026;Month +2
04-Feb-2026;Forward;5.002;Q2 2026;Quarter +1
04-Feb-2026;Forward;5.413;Summer 2026;Season +1
04-Feb-2026;Forward;7.186;Winter 2026;Season +2
04-Feb-2026;Forward;5.751;Calendar 2027;Calendar +1
04-Feb-2026;Forward;5.445;Calendar 2028;Calendar +2
04-Feb-2026;Forward;5.023;Calendar 2029;Calendar +3
04-Feb-2026;Spot;9.492;4-Feb-2026;Spot
04-Feb-2026;PPA 40;6.001;10-Year Pay-as-Produced;PPA 40
04-Feb-2026;RED II;5.714;10-Year PPA Pay-as-Produced;RED II
03-Feb-2026;Forward;6.599;March 2026;Month +1
03-Feb-2026;Forward;5.555;April 2026;Month +2
03-Feb-2026;Forward;5.053;Q2 2026;Quarter +1
03-Feb-2026;Forward;5.460;Summer 2026;Season +1
03-Feb-2026;Forward;7.190;Winter 2026;Season +2
03-Feb-2026;Forward;5.757;Calendar 2027;Calendar +1
03-Feb-2026;Forward;5.439;Calendar 2028;Calendar +2
03-Feb-2026;Forward;5.034;Calendar 2029;Calendar +3
03-Feb-2026;Spot;9.379;3-Feb-2026;Spot
03-Feb-2026;PPA 40;5.993;10-Year Pay-as-Produced;PPA 40
03-Feb-2026;RED II;5.714;10-Year PPA Pay-as-Produced;RED II
19-Dec-2025;Forward;7.563;January 2026;Month +1
19-Dec-2025;Forward;7.660;February 2026;Month +2
19-Dec-2025;Forward;7.181;Q1 2026;Quarter +1
19-Dec-2025;Forward;5.210;Summer 2026;Season +1
19-Dec-2025;Forward;6.818;Winter 2026;Season +2
19-Dec-2025;Forward;6.109;Calendar 2026;Calendar +1
19-Dec-2025;Forward;5.618;Calendar 2027;Calendar +2
19-Dec-2025;Forward;5.432;Calendar 2028;Calendar +3
19-Dec-2025;Spot;8.954;19-Dec-2025;Spot
19-Dec-2025;PPA 40;6.123;10-Year Pay-as-Produced;PPA 40
19-Dec-2025;RED II;5.828;10-Year PPA Pay-as-Produced;RED II
18-Dec-2025;Forward;7.512;January 2026;Month +1
18-Dec-2025;Forward;7.626;February 2026;Month +2
18-Dec-2025;Forward;7.155;Q1 2026;Quarter +1
18-Dec-2025;Forward;5.216;Summer 2026;Season +1
18-Dec-2025;Forward;6.842;Winter 2026;Season +2
18-Dec-2025;Forward;6.102;Calendar 2026;Calendar +1
18-Dec-2025;Forward;5.616;Calendar 2027;Calendar +2
18-Dec-2025;Forward;5.427;Calendar 2028;Calendar +3
18-Dec-2025;Spot;9.697;18-Dec-2025;Spot
18-Dec-2025;PPA 40;6.122;10-Year Pay-as-Produced;PPA 40
18-Dec-2025;RED II;5.832;10-Year PPA Pay-as-Produced;RED II
17-Dec-2025;Forward;7.471;January 2026;Month +1
17-Dec-2025;Forward;7.505;February 2026;Month +2
17-Dec-2025;Forward;7.092;Q1 2026;Quarter +1
17-Dec-2025;Forward;5.200;Summer 2026;Season +1
17-Dec-2025;Forward;6.786;Winter 2026;Season +2
17-Dec-2025;Forward;6.072;Calendar 2026;Calendar +1
17-Dec-2025;Forward;5.617;Calendar 2027;Calendar +2
17-Dec-2025;Forward;5.432;Calendar 2028;Calendar +3
17-Dec-2025;Spot;9.653;17-Dec-2025;Spot
17-Dec-2025;PPA 40;6.133;10-Year Pay-as-Produced;PPA 40
17-Dec-2025;RED II;5.833;10-Year PPA Pay-as-Produced;RED II
16-Dec-2025;Forward;7.514;January 2026;Month +1
16-Dec-2025;Forward;7.492;February 2026;Month +2
16-Dec-2025;Forward;7.113;Q1 2026;Quarter +1
16-Dec-2025;Forward;5.230;Summer 2026;Season +1
16-Dec-2025;Forward;6.829;Winter 2026;Season +2
16-Dec-2025;Forward;6.103;Calendar 2026;Calendar +1
16-Dec-2025;Forward;5.633;Calendar 2027;Calendar +2
16-Dec-2025;Forward;5.454;Calendar 2028;Calendar +3
16-Dec-2025;Spot;9.288;16-Dec-2025;Spot
16-Dec-2025;PPA 40;6.136;10-Year Pay-as-Produced;PPA 40
16-Dec-2025;RED II;5.831;10-Year PPA Pay-as-Produced;RED II
15-Dec-2025;Spot;8.484;15-Dec-2025;Spot
14-Dec-2025;Spot;7.789;14-Dec-2025;Spot
13-Dec-2025;Forward;7.482;January 2026;Month +1
13-Dec-2025;Forward;7.519;February 2026;Month +2
13-Dec-2025;Forward;7.115;Q1 2026;Quarter +1
13-Dec-2025;Forward;5.239;Summer 2026;Season +1
13-Dec-2025;Forward;6.821;Winter 2026;Season +2
13-Dec-2025;Forward;6.104;Calendar 2026;Calendar +1
13-Dec-2025;Forward;5.640;Calendar 2027;Calendar +2
13-Dec-2025;Forward;5.461;Calendar 2028;Calendar +3
13-Dec-2025;Spot;7.963;13-Dec-2025;Spot
13-Dec-2025;PPA 40;6.126;10-Year Pay-as-Produced;PPA 40
13-Dec-2025;RED II;5.837;10-Year PPA Pay-as-Produced;RED II
12-Dec-2025;Forward;7.414;January 2026;Month +1
12-Dec-2025;Forward;7.505;February 2026;Month +2
12-Dec-2025;Forward;7.067;Q1 2026;Quarter +1
12-Dec-2025;Forward;5.186;Summer 2026;Season +1
12-Dec-2025;Forward;6.730;Winter 2026;Season +2
12-Dec-2025;Forward;6.035;Calendar 2026;Calendar +1
12-Dec-2025;Forward;5.576;Calendar 2027;Calendar +2
12-Dec-2025;Forward;5.394;Calendar 2028;Calendar +3
12-Dec-2025;Spot;8.832;12-Dec-2025;Spot
12-Dec-2025;PPA 40;6.132;10-Year Pay-as-Produced;PPA 40
12-Dec-2025;RED II;5.839;10-Year PPA Pay-as-Produced;RED II
11-Dec-2025;Forward;7.416;January 2026;Month +1
11-Dec-2025;Forward;7.457;February 2026;Month +2
11-Dec-2025;Forward;7.043;Q1 2026;Quarter +1
11-Dec-2025;Forward;5.136;Summer 2026;Season +1
11-Dec-2025;Forward;6.712;Winter 2026;Season +2
11-Dec-2025;Forward;6.000;Calendar 2026;Calendar +1
11-Dec-2025;Forward;5.543;Calendar 2027;Calendar +2
11-Dec-2025;Forward;5.371;Calendar 2028;Calendar +3
11-Dec-2025;Spot;8.689;11-Dec-2025;Spot
11-Dec-2025;PPA 40;6.123;10-Year Pay-as-Produced;PPA 40
11-Dec-2025;RED II;5.839;10-Year PPA Pay-as-Produced;RED II
10-Dec-2025;Forward;7.396;January 2026;Month +1
10-Dec-2025;Forward;7.482;February 2026;Month +2
10-Dec-2025;Forward;7.066;Q1 2026;Quarter +1
10-Dec-2025;Forward;5.178;Summer 2026;Season +1
10-Dec-2025;Forward;6.756;Winter 2026;Season +2
10-Dec-2025;Forward;6.043;Calendar 2026;Calendar +1
10-Dec-2025;Forward;5.609;Calendar 2027;Calendar +2
10-Dec-2025;Forward;5.427;Calendar 2028;Calendar +3
10-Dec-2025;Spot;8.797;10-Dec-2025;Spot
10-Dec-2025;PPA 40;6.113;10-Year Pay-as-Produced;PPA 40
10-Dec-2025;RED II;5.842;10-Year PPA Pay-as-Produced;RED II
09-Dec-2025;Forward;7.388;January 2026;Month +1
09-Dec-2025;Forward;7.390;February 2026;Month +2
09-Dec-2025;Forward;7.010;Q1 2026;Quarter +1
09-Dec-2025;Forward;5.121;Summer 2026;Season +1
09-Dec-2025;Forward;6.702;Winter 2026;Season +2
09-Dec-2025;Forward;5.981;Calendar 2026;Calendar +1
09-Dec-2025;Forward;5.611;Calendar 2027;Calendar +2
09-Dec-2025;Forward;5.420;Calendar 2028;Calendar +3
09-Dec-2025;Spot;8.617;9-Dec-2025;Spot
09-Dec-2025;PPA 40;6.109;10-Year Pay-as-Produced;PPA 40
09-Dec-2025;RED II;5.840;10-Year PPA Pay-as-Produced;RED II
08-Dec-2025;Spot;7.898;8-Dec-2025;Spot
07-Dec-2025;Spot;7.385;7-Dec-2025;Spot
06-Dec-2025;Forward;7.305;January 2026;Month +1
06-Dec-2025;Forward;7.417;February 2026;Month +2
06-Dec-2025;Forward;7.002;Q1 2026;Quarter +1
06-Dec-2025;Forward;5.158;Summer 2026;Season +1
06-Dec-2025;Forward;6.778;Winter 2026;Season +2
06-Dec-2025;Forward;6.021;Calendar 2026;Calendar +1
06-Dec-2025;Forward;5.642;Calendar 2027;Calendar +2
06-Dec-2025;Forward;5.442;Calendar 2028;Calendar +3
06-Dec-2025;Spot;7.912;6-Dec-2025;Spot
06-Dec-2025;PPA 40;6.115;10-Year Pay-as-Produced;PPA 40
06-Dec-2025;RED II;5.843;10-Year PPA Pay-as-Produced;RED II
05-Dec-2025;Forward;7.324;January 2026;Month +1
05-Dec-2025;Forward;7.416;February 2026;Month +2
05-Dec-2025;Forward;7.015;Q1 2026;Quarter +1
05-Dec-2025;Forward;5.193;Summer 2026;Season +1
05-Dec-2025;Forward;6.768;Winter 2026;Season +2
05-Dec-2025;Forward;6.030;Calendar 2026;Calendar +1
05-Dec-2025;Forward;5.659;Calendar 2027;Calendar +2
05-Dec-2025;Forward;5.476;Calendar 2028;Calendar +3
05-Dec-2025;Spot;9.757;5-Dec-2025;Spot
05-Dec-2025;PPA 40;6.136;10-Year Pay-as-Produced;PPA 40
05-Dec-2025;RED II;5.847;10-Year PPA Pay-as-Produced;RED II
04-Dec-2025;Forward;7.423;January 2026;Month +1
04-Dec-2025;Forward;7.466;February 2026;Month +2
04-Dec-2025;Forward;7.074;Q1 2026;Quarter +1
04-Dec-2025;Forward;5.232;Summer 2026;Season +1
04-Dec-2025;Forward;6.820;Winter 2026;Season +2
04-Dec-2025;Forward;6.079;Calendar 2026;Calendar +1
04-Dec-2025;Forward;5.681;Calendar 2027;Calendar +2
04-Dec-2025;Forward;5.478;Calendar 2028;Calendar +3
04-Dec-2025;Spot;9.726;4-Dec-2025;Spot
04-Dec-2025;PPA 40;6.136;10-Year Pay-as-Produced;PPA 40
04-Dec-2025;RED II;5.847;10-Year PPA Pay-as-Produced;RED II
03-Dec-2025;Forward;7.352;January 2026;Month +1
03-Dec-2025;Forward;7.454;February 2026;Month +2
03-Dec-2025;Forward;7.055;Q1 2026;Quarter +1
03-Dec-2025;Forward;5.239;Summer 2026;Season +1
03-Dec-2025;Forward;6.796;Winter 2026;Season +2
03-Dec-2025;Forward;6.067;Calendar 2026;Calendar +1
03-Dec-2025;Forward;5.681;Calendar 2027;Calendar +2
03-Dec-2025;Forward;5.478;Calendar 2028;Calendar +3
03-Dec-2025;Spot;11.816;3-Dec-2025;Spot
03-Dec-2025;PPA 40;6.133;10-Year Pay-as-Produced;PPA 40
03-Dec-2025;RED II;5.851;10-Year PPA Pay-as-Produced;RED II
02-Dec-2025;Forward;7.400;January 2026;Month +1
02-Dec-2025;Forward;7.495;February 2026;Month +2
02-Dec-2025;Forward;7.110;Q1 2026;Quarter +1
02-Dec-2025;Forward;5.263;Summer 2026;Season +1
02-Dec-2025;Forward;6.840;Winter 2026;Season +2
02-Dec-2025;Forward;6.103;Calendar 2026;Calendar +1
02-Dec-2025;Forward;5.740;Calendar 2027;Calendar +2
02-Dec-2025;Forward;5.529;Calendar 2028;Calendar +3
02-Dec-2025;Spot;10.018;2-Dec-2025;Spot
02-Dec-2025;PPA 40;6.149;10-Year Pay-as-Produced;PPA 40
02-Dec-2025;RED II;5.867;10-Year PPA Pay-as-Produced;RED II
01-Dec-2025;Spot;9.583;1-Dec-2025;Spot
30-Nov-2025;Spot;7.844;30-Nov-2025;Spot
29-Nov-2025;Forward;7.014;December 2025;Month +1
29-Nov-2025;Forward;7.434;January 2026;Month +2
29-Nov-2025;Forward;7.157;Q1 2026;Quarter +1
29-Nov-2025;Forward;5.329;Summer 2026;Season +1
29-Nov-2025;Forward;6.911;Winter 2026;Season +2
29-Nov-2025;Forward;6.163;Calendar 2026;Calendar +1
29-Nov-2025;Forward;5.804;Calendar 2027;Calendar +2
29-Nov-2025;Forward;5.569;Calendar 2028;Calendar +3
29-Nov-2025;Spot;7.937;29-Nov-2025;Spot
29-Nov-2025;PPA 40;6.171;10-Year Pay-as-Produced;PPA 40
29-Nov-2025;RED II;5.877;10-Year PPA Pay-as-Produced;RED II
28-Nov-2025;Forward;6.876;December 2025;Month +1
28-Nov-2025;Forward;7.405;January 2026;Month +2
28-Nov-2025;Forward;7.113;Q1 2026;Quarter +1
28-Nov-2025;Forward;5.297;Summer 2026;Season +1
28-Nov-2025;Forward;6.841;Winter 2026;Season +2
28-Nov-2025;Forward;6.118;Calendar 2026;Calendar +1
28-Nov-2025;Forward;5.777;Calendar 2027;Calendar +2
28-Nov-2025;Forward;5.542;Calendar 2028;Calendar +3
28-Nov-2025;Spot;8.491;28-Nov-2025;Spot
28-Nov-2025;PPA 40;6.163;10-Year Pay-as-Produced;PPA 40
28-Nov-2025;RED II;5.905;10-Year PPA Pay-as-Produced;RED II
27-Nov-2025;Forward;6.960;December 2025;Month +1
27-Nov-2025;Forward;7.424;January 2026;Month +2
27-Nov-2025;Forward;7.117;Q1 2026;Quarter +1
27-Nov-2025;Forward;5.328;Summer 2026;Season +1
27-Nov-2025;Forward;6.853;Winter 2026;Season +2
27-Nov-2025;Forward;6.142;Calendar 2026;Calendar +1
27-Nov-2025;Forward;5.785;Calendar 2027;Calendar +2
27-Nov-2025;Forward;5.531;Calendar 2028;Calendar +3
27-Nov-2025;Spot;7.807;27-Nov-2025;Spot
27-Nov-2025;PPA 40;6.169;10-Year Pay-as-Produced;PPA 40
27-Nov-2025;RED II;5.908;10-Year PPA Pay-as-Produced;RED II
26-Nov-2025;Forward;6.903;December 2025;Month +1
26-Nov-2025;Forward;7.401;January 2026;Month +2
26-Nov-2025;Forward;7.138;Q1 2026;Quarter +1
26-Nov-2025;Forward;5.353;Summer 2026;Season +1
26-Nov-2025;Forward;6.883;Winter 2026;Season +2
26-Nov-2025;Forward;6.166;Calendar 2026;Calendar +1
26-Nov-2025;Forward;5.799;Calendar 2027;Calendar +2
26-Nov-2025;Forward;5.528;Calendar 2028;Calendar +3
26-Nov-2025;Spot;10.485;26-Nov-2025;Spot
26-Nov-2025;PPA 40;6.168;10-Year Pay-as-Produced;PPA 40
26-Nov-2025;RED II;5.910;10-Year PPA Pay-as-Produced;RED II
25-Nov-2025;Forward;6.850;December 2025;Month +1
25-Nov-2025;Forward;7.361;January 2026;Month +2
25-Nov-2025;Forward;7.135;Q1 2026;Quarter +1
25-Nov-2025;Forward;5.365;Summer 2026;Season +1
25-Nov-2025;Forward;6.868;Winter 2026;Season +2
25-Nov-2025;Forward;6.165;Calendar 2026;Calendar +1
25-Nov-2025;Forward;5.801;Calendar 2027;Calendar +2
25-Nov-2025;Forward;5.545;Calendar 2028;Calendar +3
25-Nov-2025;Spot;13.705;25-Nov-2025;Spot
25-Nov-2025;PPA 40;6.177;10-Year Pay-as-Produced;PPA 40
25-Nov-2025;RED II;5.932;10-Year PPA Pay-as-Produced;RED II
30-Sep-2025;Forward;6.319;October 2025;Month +1
30-Sep-2025;Forward;7.050;November 2025;Month +2
30-Sep-2025;Forward;6.672;Q1 2026;Quarter +1
30-Sep-2025;Forward;6.851;Winter 2025;Season +1
30-Sep-2025;Forward;5.345;Summer 2026;Season +2
30-Sep-2025;Forward;6.138;Calendar 2026;Calendar +1
30-Sep-2025;Forward;5.789;Calendar 2027;Calendar +2
30-Sep-2025;Forward;5.424;Calendar 2028;Calendar +3
30-Sep-2025;Spot;10.172;30-Sep-2025;Spot
30-Sep-2025;PPA 40;6.122;10-Year Pay-as-Produced;PPA 40
30-Sep-2025;RED II;5.912;10-Year PPA Pay-as-Produced;RED II
29-Sep-2025;Spot;9.355;29-Sep-2025;Spot
28-Sep-2025;Spot;6.404;28-Sep-2025;Spot
27-Sep-2025;Forward;6.276;October 2025;Month +1
27-Sep-2025;Forward;7.007;November 2025;Month +2
27-Sep-2025;Forward;6.637;Q4 2025;Quarter +1
27-Sep-2025;Forward;6.804;Winter 2025;Season +1
27-Sep-2025;Forward;5.344;Summer 2026;Season +2
27-Sep-2025;Forward;6.128;Calendar 2026;Calendar +1
27-Sep-2025;Forward;5.749;Calendar 2027;Calendar +2
27-Sep-2025;Forward;5.411;Calendar 2028;Calendar +3
27-Sep-2025;Spot;7.000;27-Sep-2025;Spot
27-Sep-2025;PPA 40;6.114;10-Year Pay-as-Produced;PPA 40
27-Sep-2025;RED II;5.903;10-Year PPA Pay-as-Produced;RED II
26-Sep-2025;Forward;6.342;October 2025;Month +1
26-Sep-2025;Forward;7.030;November 2025;Month +2
26-Sep-2025;Forward;6.670;Q4 2025;Quarter +1
26-Sep-2025;Forward;6.851;Winter 2025;Season +1
26-Sep-2025;Forward;5.332;Summer 2026;Season +2
26-Sep-2025;Forward;6.130;Calendar 2026;Calendar +1
26-Sep-2025;Forward;5.740;Calendar 2027;Calendar +2
26-Sep-2025;Forward;5.398;Calendar 2028;Calendar +3
26-Sep-2025;Spot;7.714;26-Sep-2025;Spot
26-Sep-2025;PPA 40;6.126;10-Year Pay-as-Produced;PPA 40
26-Sep-2025;RED II;5.905;10-Year PPA Pay-as-Produced;RED II
25-Sep-2025;Forward;6.251;October 2025;Month +1
25-Sep-2025;Forward;6.983;November 2025;Month +2
25-Sep-2025;Forward;6.594;Q4 2025;Quarter +1
25-Sep-2025;Forward;6.755;Winter 2025;Season +1
25-Sep-2025;Forward;5.351;Summer 2026;Season +2
25-Sep-2025;Forward;6.113;Calendar 2026;Calendar +1
25-Sep-2025;Forward;5.722;Calendar 2027;Calendar +2
25-Sep-2025;Forward;5.387;Calendar 2028;Calendar +3
25-Sep-2025;Spot;7.571;25-Sep-2025;Spot
25-Sep-2025;PPA 40;6.118;10-Year Pay-as-Produced;PPA 40
25-Sep-2025;RED II;5.906;10-Year PPA Pay-as-Produced;RED II
24-Sep-2025;Forward;6.347;October 2025;Month +1
24-Sep-2025;Forward;7.041;November 2025;Month +2
24-Sep-2025;Forward;6.678;Q4 2025;Quarter +1
24-Sep-2025;Forward;6.831;Winter 2025;Season +1
24-Sep-2025;Forward;5.376;Summer 2026;Season +2
24-Sep-2025;Forward;6.142;Calendar 2026;Calendar +1
24-Sep-2025;Forward;5.741;Calendar 2027;Calendar +2
24-Sep-2025;Forward;5.402;Calendar 2028;Calendar +3
24-Sep-2025;Spot;7.721;24-Sep-2025;Spot
24-Sep-2025;PPA 40;6.122;10-Year Pay-as-Produced;PPA 40
24-Sep-2025;RED II;5.904;10-Year PPA Pay-as-Produced;RED II
23-Sep-2025;Forward;6.363;October 2025;Month +1
23-Sep-2025;Forward;7.022;November 2025;Month +2
23-Sep-2025;Forward;6.675;Q4 2025;Quarter +1
23-Sep-2025;Forward;6.812;Winter 2025;Season +1
23-Sep-2025;Forward;5.372;Summer 2026;Season +2
23-Sep-2025;Forward;6.127;Calendar 2026;Calendar +1
23-Sep-2025;Forward;5.715;Calendar 2027;Calendar +2
23-Sep-2025;Forward;5.395;Calendar 2028;Calendar +3
23-Sep-2025;Spot;8.153;23-Sep-2025;Spot
23-Sep-2025;PPA 40;6.127;10-Year Pay-as-Produced;PPA 40
23-Sep-2025;RED II;5.902;10-Year PPA Pay-as-Produced;RED II
22-Sep-2025;Spot;7.483;22-Sep-2025;Spot
21-Sep-2025;Spot;3.227;21-Sep-2025;Spot
20-Sep-2025;Forward;6.467;October 2025;Month +1
20-Sep-2025;Forward;7.030;November 2025;Month +2
20-Sep-2025;Forward;6.770;Q4 2025;Quarter +1
20-Sep-2025;Forward;6.905;Winter 2025;Season +1
20-Sep-2025;Forward;5.419;Summer 2026;Season +2
20-Sep-2025;Forward;6.183;Calendar 2026;Calendar +1
20-Sep-2025;Forward;5.753;Calendar 2027;Calendar +2
20-Sep-2025;Forward;5.432;Calendar 2028;Calendar +3
20-Sep-2025;Spot;5.286;20-Sep-2025;Spot
20-Sep-2025;PPA 40;6.154;10-Year Pay-as-Produced;PPA 40
20-Sep-2025;RED II;5.902;10-Year PPA Pay-as-Produced;RED II
19-Sep-2025;Forward;6.452;October 2025;Month +1
19-Sep-2025;Forward;7.168;November 2025;Month +2
19-Sep-2025;Forward;6.802;Q4 2025;Quarter +1
19-Sep-2025;Forward;6.926;Winter 2025;Season +1
19-Sep-2025;Forward;5.439;Summer 2026;Season +2
19-Sep-2025;Forward;6.201;Calendar 2026;Calendar +1
19-Sep-2025;Forward;5.765;Calendar 2027;Calendar +2
19-Sep-2025;Forward;5.445;Calendar 2028;Calendar +3
19-Sep-2025;Spot;7.051;19-Sep-2025;Spot
19-Sep-2025;PPA 40;6.153;10-Year Pay-as-Produced;PPA 40
19-Sep-2025;RED II;5.899;10-Year PPA Pay-as-Produced;RED II
18-Sep-2025;Forward;6.368;October 2025;Month +1
18-Sep-2025;Forward;7.022;November 2025;Month +2
18-Sep-2025;Forward;6.705;Q4 2025;Quarter +1
18-Sep-2025;Forward;6.851;Winter 2025;Season +1
18-Sep-2025;Forward;5.409;Summer 2026;Season +2
18-Sep-2025;Forward;6.160;Calendar 2026;Calendar +1
18-Sep-2025;Forward;5.748;Calendar 2027;Calendar +2
18-Sep-2025;Forward;5.396;Calendar 2028;Calendar +3
18-Sep-2025;Spot;6.518;18-Sep-2025;Spot
18-Sep-2025;PPA 40;6.141;10-Year Pay-as-Produced;PPA 40
18-Sep-2025;RED II;5.902;10-Year PPA Pay-as-Produced;RED II
17-Sep-2025;Forward;6.400;October 2025;Month +1
17-Sep-2025;Forward;7.016;November 2025;Month +2
17-Sep-2025;Forward;6.722;Q4 2025;Quarter +1
17-Sep-2025;Forward;6.905;Winter 2025;Season +1
17-Sep-2025;Forward;5.481;Summer 2026;Season +2
17-Sep-2025;Forward;6.163;Calendar 2026;Calendar +1
17-Sep-2025;Forward;5.712;Calendar 2027;Calendar +2
17-Sep-2025;Forward;5.361;Calendar 2028;Calendar +3
17-Sep-2025;Spot;6.074;17-Sep-2025;Spot
17-Sep-2025;PPA 40;6.154;10-Year Pay-as-Produced;PPA 40
17-Sep-2025;RED II;5.895;10-Year PPA Pay-as-Produced;RED II
16-Sep-2025;Forward;6.426;October 2025;Month +1
16-Sep-2025;Forward;6.991;November 2025;Month +2
16-Sep-2025;Forward;6.718;Q4 2025;Quarter +1
16-Sep-2025;Forward;6.903;Winter 2025;Season +1
16-Sep-2025;Forward;5.380;Summer 2026;Season +2
16-Sep-2025;Forward;6.142;Calendar 2026;Calendar +1
16-Sep-2025;Forward;5.684;Calendar 2027;Calendar +2
16-Sep-2025;Forward;5.349;Calendar 2028;Calendar +3
16-Sep-2025;Spot;6.982;16-Sep-2025;Spot
16-Sep-2025;PPA 40;6.124;10-Year Pay-as-Produced;PPA 40
16-Sep-2025;RED II;5.896;10-Year PPA Pay-as-Produced;RED II
15-Sep-2025;Spot;5.789;15-Sep-2025;Spot
14-Sep-2025;Spot;5.497;14-Sep-2025;Spot
13-Sep-2025;Forward;6.316;October 2025;Month +1
13-Sep-2025;Forward;6.943;November 2025;Month +2
13-Sep-2025;Forward;6.643;Q4 2025;Quarter +1
13-Sep-2025;Forward;6.823;Winter 2025;Season +1
13-Sep-2025;Forward;5.403;Summer 2026;Season +2
13-Sep-2025;Forward;6.136;Calendar 2026;Calendar +1
13-Sep-2025;Forward;5.687;Calendar 2027;Calendar +2
13-Sep-2025;Forward;5.318;Calendar 2028;Calendar +3
13-Sep-2025;Spot;5.549;13-Sep-2025;Spot
13-Sep-2025;PPA 40;6.121;10-Year Pay-as-Produced;PPA 40
13-Sep-2025;RED II;5.898;10-Year PPA Pay-as-Produced;RED II
12-Sep-2025;Forward;6.220;October 2025;Month +1
12-Sep-2025;Forward;6.903;November 2025;Month +2
12-Sep-2025;Forward;6.587;Q4 2025;Quarter +1
12-Sep-2025;Forward;6.777;Winter 2025;Season +1
12-Sep-2025;Forward;5.398;Summer 2026;Season +2
12-Sep-2025;Forward;6.126;Calendar 2026;Calendar +1
12-Sep-2025;Forward;5.671;Calendar 2027;Calendar +2
12-Sep-2025;Forward;5.313;Calendar 2028;Calendar +3
12-Sep-2025;Spot;7.061;12-Sep-2025;Spot
12-Sep-2025;PPA 40;6.109;10-Year Pay-as-Produced;PPA 40
12-Sep-2025;RED II;5.894;10-Year PPA Pay-as-Produced;RED II
11-Sep-2025;Forward;6.302;October 2025;Month +1
11-Sep-2025;Forward;6.944;November 2025;Month +2
11-Sep-2025;Forward;6.673;Q4 2025;Quarter +1
11-Sep-2025;Forward;6.905;Winter 2025;Season +1
11-Sep-2025;Forward;5.432;Summer 2026;Season +2
11-Sep-2025;Forward;6.195;Calendar 2026;Calendar +1
11-Sep-2025;Forward;5.709;Calendar 2027;Calendar +2
11-Sep-2025;Forward;5.361;Calendar 2028;Calendar +3
11-Sep-2025;Spot;7.415;11-Sep-2025;Spot
11-Sep-2025;PPA 40;6.123;10-Year Pay-as-Produced;PPA 40
11-Sep-2025;RED II;5.894;10-Year PPA Pay-as-Produced;RED II
10-Sep-2025;Forward;6.337;October 2025;Month +1
10-Sep-2025;Forward;7.017;November 2025;Month +2
10-Sep-2025;Forward;6.711;Q4 2025;Quarter +1
10-Sep-2025;Forward;6.840;Winter 2025;Season +1
10-Sep-2025;Forward;5.432;Summer 2026;Season +2
10-Sep-2025;Forward;6.141;Calendar 2026;Calendar +1
10-Sep-2025;Forward;5.701;Calendar 2027;Calendar +2
10-Sep-2025;Forward;5.355;Calendar 2028;Calendar +3
10-Sep-2025;Spot;8.995;10-Sep-2025;Spot
10-Sep-2025;PPA 40;6.122;10-Year Pay-as-Produced;PPA 40
10-Sep-2025;RED II;5.888;10-Year PPA Pay-as-Produced;RED II
09-Sep-2025;Forward;6.373;October 2025;Month +1
09-Sep-2025;Forward;7.063;November 2025;Month +2
09-Sep-2025;Forward;6.741;Q4 2025;Quarter +1
09-Sep-2025;Forward;6.904;Winter 2025;Season +1
09-Sep-2025;Forward;5.499;Summer 2026;Season +2
09-Sep-2025;Forward;6.213;Calendar 2026;Calendar +1
09-Sep-2025;Forward;5.715;Calendar 2027;Calendar +2
09-Sep-2025;Forward;5.355;Calendar 2028;Calendar +3
09-Sep-2025;Spot;10.424;9-Sep-2025;Spot
09-Sep-2025;PPA 40;6.145;10-Year Pay-as-Produced;PPA 40
09-Sep-2025;RED II;5.883;10-Year PPA Pay-as-Produced;RED II
08-Sep-2025;Spot;9.116;8-Sep-2025;Spot
07-Sep-2025;Spot;4.109;7-Sep-2025;Spot
06-Sep-2025;Forward;6.292;October 2025;Month +1
06-Sep-2025;Forward;6.995;November 2025;Month +2
06-Sep-2025;Forward;6.658;Q4 2025;Quarter +1
06-Sep-2025;Forward;6.808;Winter 2025;Season +1
06-Sep-2025;Forward;5.418;Summer 2026;Season +2
06-Sep-2025;Forward;6.138;Calendar 2026;Calendar +1
06-Sep-2025;Forward;5.661;Calendar 2027;Calendar +2
06-Sep-2025;Forward;5.316;Calendar 2028;Calendar +3
06-Sep-2025;Spot;6.121;6-Sep-2025;Spot
06-Sep-2025;PPA 40;6.112;10-Year Pay-as-Produced;PPA 40
06-Sep-2025;RED II;5.866;10-Year PPA Pay-as-Produced;RED II
05-Sep-2025;Forward;6.306;October 2025;Month +1
05-Sep-2025;Forward;6.991;November 2025;Month +2
05-Sep-2025;Forward;6.652;Q4 2025;Quarter +1
05-Sep-2025;Forward;6.799;Winter 2025;Season +1
05-Sep-2025;Forward;5.428;Summer 2026;Season +2
05-Sep-2025;Forward;6.139;Calendar 2026;Calendar +1
05-Sep-2025;Forward;5.686;Calendar 2027;Calendar +2
05-Sep-2025;Forward;5.313;Calendar 2028;Calendar +3
05-Sep-2025;Spot;7.522;5-Sep-2025;Spot
05-Sep-2025;PPA 40;6.116;10-Year Pay-as-Produced;PPA 40
05-Sep-2025;RED II;5.873;10-Year PPA Pay-as-Produced;RED II
04-Sep-2025;Forward;6.230;October 2025;Month +1
04-Sep-2025;Forward;6.896;November 2025;Month +2
04-Sep-2025;Forward;6.560;Q4 2025;Quarter +1
04-Sep-2025;Forward;6.726;Winter 2025;Season +1
04-Sep-2025;Forward;5.403;Summer 2026;Season +2
04-Sep-2025;Forward;6.103;Calendar 2026;Calendar +1
04-Sep-2025;Forward;5.635;Calendar 2027;Calendar +2
04-Sep-2025;Forward;5.305;Calendar 2028;Calendar +3
04-Sep-2025;Spot;7.988;4-Sep-2025;Spot
04-Sep-2025;PPA 40;6.133;10-Year Pay-as-Produced;PPA 40
04-Sep-2025;RED II;5.864;10-Year PPA Pay-as-Produced;RED II
03-Sep-2025;Forward;6.088;October 2025;Month +1
03-Sep-2025;Forward;6.791;November 2025;Month +2
03-Sep-2025;Forward;6.420;Q4 2025;Quarter +1
03-Sep-2025;Forward;6.595;Winter 2025;Season +1
03-Sep-2025;Forward;5.362;Summer 2026;Season +2
03-Sep-2025;Forward;6.030;Calendar 2026;Calendar +1
03-Sep-2025;Forward;5.601;Calendar 2027;Calendar +2
03-Sep-2025;Forward;5.276;Calendar 2028;Calendar +3
03-Sep-2025;Spot;6.070;3-Sep-2025;Spot
03-Sep-2025;PPA 40;6.110;10-Year Pay-as-Produced;PPA 40
03-Sep-2025;RED II;5.853;10-Year PPA Pay-as-Produced;RED II
29-Aug-2025;Forward;5.847;September 2025;Month +1
29-Aug-2025;Forward;6.020;October 2025;Month +2
29-Aug-2025;Forward;6.303;Q4 2025;Quarter +1
29-Aug-2025;Forward;6.518;Winter 2025;Season +1
29-Aug-2025;Forward;5.290;Summer 2026;Season +2
29-Aug-2025;Forward;5.955;Calendar 2026;Calendar +1
29-Aug-2025;Forward;5.536;Calendar 2027;Calendar +2
29-Aug-2025;Forward;5.210;Calendar 2028;Calendar +3
29-Aug-2025;Spot;6.885;29-Aug-2025;Spot
29-Aug-2025;PPA 40;6.079;10-Year Pay-as-Produced;PPA 40
29-Aug-2025;RED II;5.852;10-Year PPA Pay-as-Produced;RED II
28-Aug-2025;Forward;5.962;September 2025;Month +1
28-Aug-2025;Forward;6.000;October 2025;Month +2
28-Aug-2025;Forward;6.363;Q4 2025;Quarter +1
28-Aug-2025;Forward;6.578;Winter 2025;Season +1
28-Aug-2025;Forward;5.330;Summer 2026;Season +2
28-Aug-2025;Forward;6.004;Calendar 2026;Calendar +1
28-Aug-2025;Forward;5.561;Calendar 2027;Calendar +2
28-Aug-2025;Forward;5.214;Calendar 2028;Calendar +3
28-Aug-2025;Spot;4.869;28-Aug-2025;Spot
28-Aug-2025;PPA 40;6.075;10-Year Pay-as-Produced;PPA 40
28-Aug-2025;RED II;5.851;10-Year PPA Pay-as-Produced;RED II
27-Aug-2025;Forward;6.053;September 2025;Month +1
27-Aug-2025;Forward;6.100;October 2025;Month +2
27-Aug-2025;Forward;6.428;Q4 2025;Quarter +1
27-Aug-2025;Forward;6.657;Winter 2025;Season +1
27-Aug-2025;Forward;5.351;Summer 2026;Season +2
27-Aug-2025;Forward;6.037;Calendar 2026;Calendar +1
27-Aug-2025;Forward;5.588;Calendar 2027;Calendar +2
27-Aug-2025;Forward;5.244;Calendar 2028;Calendar +3
27-Aug-2025;Spot;7.518;27-Aug-2025;Spot
27-Aug-2025;PPA 40;6.097;10-Year Pay-as-Produced;PPA 40
27-Aug-2025;RED II;5.900;10-Year PPA Pay-as-Produced;RED II
26-Aug-2025;Forward;6.034;September 2025;Month +1
26-Aug-2025;Forward;6.132;October 2025;Month +2
26-Aug-2025;Forward;6.453;Q4 2025;Quarter +1
26-Aug-2025;Forward;6.698;Winter 2025;Season +1
26-Aug-2025;Forward;5.439;Summer 2026;Season +2
26-Aug-2025;Forward;6.123;Calendar 2026;Calendar +1
26-Aug-2025;Forward;5.627;Calendar 2027;Calendar +2
26-Aug-2025;Forward;5.270;Calendar 2028;Calendar +3
26-Aug-2025;Spot;7.037;26-Aug-2025;Spot
26-Aug-2025;PPA 40;6.130;10-Year Pay-as-Produced;PPA 40
26-Aug-2025;RED II;5.910;10-Year PPA Pay-as-Produced;RED II
25-Aug-2025;Spot;6.343;25-Aug-2025;Spot
24-Aug-2025;Spot;5.106;24-Aug-2025;Spot
23-Aug-2025;Forward;6.093;September 2025;Month +1
23-Aug-2025;Forward;6.130;October 2025;Month +2
23-Aug-2025;Forward;6.478;Q4 2025;Quarter +1
23-Aug-2025;Forward;6.721;Winter 2025;Season +1
23-Aug-2025;Forward;5.457;Summer 2026;Season +2
23-Aug-2025;Forward;6.114;Calendar 2026;Calendar +1
23-Aug-2025;Forward;5.647;Calendar 2027;Calendar +2
23-Aug-2025;Forward;5.294;Calendar 2028;Calendar +3
23-Aug-2025;Spot;5.143;23-Aug-2025;Spot
23-Aug-2025;PPA 40;6.129;10-Year Pay-as-Produced;PPA 40
23-Aug-2025;RED II;5.925;10-Year PPA Pay-as-Produced;RED II
22-Aug-2025;Forward;6.003;September 2025;Month +1
22-Aug-2025;Forward;5.967;October 2025;Month +2
22-Aug-2025;Forward;6.405;Q4 2025;Quarter +1
22-Aug-2025;Forward;6.673;Winter 2025;Season +1
22-Aug-2025;Forward;5.457;Summer 2026;Season +2
22-Aug-2025;Forward;6.113;Calendar 2026;Calendar +1
22-Aug-2025;Forward;5.657;Calendar 2027;Calendar +2
22-Aug-2025;Forward;5.302;Calendar 2028;Calendar +3
22-Aug-2025;Spot;5.442;22-Aug-2025;Spot
22-Aug-2025;PPA 40;6.143;10-Year Pay-as-Produced;PPA 40
22-Aug-2025;RED II;5.936;10-Year PPA Pay-as-Produced;RED II
21-Aug-2025;Forward;5.920;September 2025;Month +1
21-Aug-2025;Forward;5.897;October 2025;Month +2
21-Aug-2025;Forward;6.240;Q4 2025;Quarter +1
21-Aug-2025;Forward;6.539;Winter 2025;Season +1
21-Aug-2025;Forward;5.402;Summer 2026;Season +2
21-Aug-2025;Forward;6.029;Calendar 2026;Calendar +1
21-Aug-2025;Forward;5.575;Calendar 2027;Calendar +2
21-Aug-2025;Forward;5.245;Calendar 2028;Calendar +3
21-Aug-2025;Spot;7.171;21-Aug-2025;Spot
21-Aug-2025;PPA 40;6.116;10-Year Pay-as-Produced;PPA 40
21-Aug-2025;RED II;5.942;10-Year PPA Pay-as-Produced;RED II
20-Aug-2025;Forward;5.861;September 2025;Month +1
20-Aug-2025;Forward;5.916;October 2025;Month +2
20-Aug-2025;Forward;6.255;Q4 2025;Quarter +1
20-Aug-2025;Forward;6.534;Winter 2025;Season +1
20-Aug-2025;Forward;5.345;Summer 2026;Season +2
20-Aug-2025;Forward;6.007;Calendar 2026;Calendar +1
20-Aug-2025;Forward;5.585;Calendar 2027;Calendar +2
20-Aug-2025;Forward;5.263;Calendar 2028;Calendar +3
20-Aug-2025;Spot;6.541;20-Aug-2025;Spot
20-Aug-2025;PPA 40;6.110;10-Year Pay-as-Produced;PPA 40
20-Aug-2025;RED II;5.937;10-Year PPA Pay-as-Produced;RED II
19-Aug-2025;Forward;5.896;September 2025;Month +1
19-Aug-2025;Forward;5.936;October 2025;Month +2
19-Aug-2025;Forward;6.269;Q4 2025;Quarter +1
19-Aug-2025;Forward;6.561;Winter 2025;Season +1
19-Aug-2025;Forward;5.401;Summer 2026;Season +2
19-Aug-2025;Forward;6.027;Calendar 2026;Calendar +1
19-Aug-2025;Forward;5.578;Calendar 2027;Calendar +2
19-Aug-2025;Forward;5.252;Calendar 2028;Calendar +3
19-Aug-2025;Spot;6.339;19-Aug-2025;Spot
19-Aug-2025;PPA 40;6.126;10-Year Pay-as-Produced;PPA 40
19-Aug-2025;RED II;5.942;10-Year PPA Pay-as-Produced;RED II
18-Aug-2025;Spot;6.640;18-Aug-2025;Spot
17-Aug-2025;Spot;4.978;17-Aug-2025;Spot
16-Aug-2025;Forward;5.789;September 2025;Month +1
16-Aug-2025;Forward;5.933;October 2025;Month +2
16-Aug-2025;Forward;6.240;Q4 2025;Quarter +1
16-Aug-2025;Forward;6.534;Winter 2025;Season +1
16-Aug-2025;Forward;5.357;Summer 2026;Season +2
16-Aug-2025;Forward;5.998;Calendar 2026;Calendar +1
16-Aug-2025;Forward;5.556;Calendar 2027;Calendar +2
16-Aug-2025;Forward;5.224;Calendar 2028;Calendar +3
16-Aug-2025;Spot;4.942;16-Aug-2025;Spot
16-Aug-2025;PPA 40;6.110;10-Year Pay-as-Produced;PPA 40
16-Aug-2025;RED II;5.942;10-Year PPA Pay-as-Produced;RED II
15-Aug-2025;Forward;5.868;September 2025;Month +1
15-Aug-2025;Forward;5.996;October 2025;Month +2
15-Aug-2025;Forward;6.331;Q4 2025;Quarter +1
15-Aug-2025;Forward;6.617;Winter 2025;Season +1
15-Aug-2025;Forward;5.403;Summer 2026;Season +2
15-Aug-2025;Forward;6.059;Calendar 2026;Calendar +1
15-Aug-2025;Forward;5.616;Calendar 2027;Calendar +2
15-Aug-2025;Forward;5.247;Calendar 2028;Calendar +3
15-Aug-2025;Spot;5.456;15-Aug-2025;Spot
15-Aug-2025;PPA 40;6.115;10-Year Pay-as-Produced;PPA 40
15-Aug-2025;RED II;5.936;10-Year PPA Pay-as-Produced;RED II
14-Aug-2025;Forward;5.882;September 2025;Month +1
14-Aug-2025;Forward;5.990;October 2025;Month +2
14-Aug-2025;Forward;6.339;Q4 2025;Quarter +1
14-Aug-2025;Forward;6.652;Winter 2025;Season +1
14-Aug-2025;Forward;5.451;Summer 2026;Season +2
14-Aug-2025;Forward;6.112;Calendar 2026;Calendar +1
14-Aug-2025;Forward;5.634;Calendar 2027;Calendar +2
14-Aug-2025;Forward;5.234;Calendar 2028;Calendar +3
14-Aug-2025;Spot;7.736;14-Aug-2025;Spot
14-Aug-2025;PPA 40;6.118;10-Year Pay-as-Produced;PPA 40
14-Aug-2025;RED II;5.941;10-Year PPA Pay-as-Produced;RED II
13-Aug-2025;Forward;5.921;September 2025;Month +1
13-Aug-2025;Forward;6.000;October 2025;Month +2
13-Aug-2025;Forward;6.346;Q4 2025;Quarter +1
13-Aug-2025;Forward;6.657;Winter 2025;Season +1
13-Aug-2025;Forward;5.450;Summer 2026;Season +2
13-Aug-2025;Forward;6.131;Calendar 2026;Calendar +1
13-Aug-2025;Forward;5.651;Calendar 2027;Calendar +2
13-Aug-2025;Forward;5.240;Calendar 2028;Calendar +3
13-Aug-2025;Spot;6.860;13-Aug-2025;Spot
13-Aug-2025;PPA 40;6.129;10-Year Pay-as-Produced;PPA 40
13-Aug-2025;RED II;5.949;10-Year PPA Pay-as-Produced;RED II
12-Aug-2025;Forward;5.962;September 2025;Month +1
12-Aug-2025;Forward;6.099;October 2025;Month +2
12-Aug-2025;Forward;6.395;Q4 2025;Quarter +1
12-Aug-2025;Forward;6.703;Winter 2025;Season +1
12-Aug-2025;Forward;5.487;Summer 2026;Season +2
12-Aug-2025;Forward;6.170;Calendar 2026;Calendar +1
12-Aug-2025;Forward;5.665;Calendar 2027;Calendar +2
12-Aug-2025;Forward;5.255;Calendar 2028;Calendar +3
12-Aug-2025;Spot;5.900;12-Aug-2025;Spot
12-Aug-2025;PPA 40;6.117;10-Year Pay-as-Produced;PPA 40
12-Aug-2025;RED II;5.947;10-Year PPA Pay-as-Produced;RED II
11-Aug-2025;Spot;6.198;11-Aug-2025;Spot
10-Aug-2025;Spot;4.025;10-Aug-2025;Spot
09-Aug-2025;Forward;5.974;September 2025;Month +1
09-Aug-2025;Forward;6.051;October 2025;Month +2
09-Aug-2025;Forward;6.487;Q4 2025;Quarter +1
09-Aug-2025;Forward;6.756;Winter 2025;Season +1
09-Aug-2025;Forward;5.478;Summer 2026;Season +2
09-Aug-2025;Forward;6.163;Calendar 2026;Calendar +1
09-Aug-2025;Forward;5.668;Calendar 2027;Calendar +2
09-Aug-2025;Forward;5.270;Calendar 2028;Calendar +3
09-Aug-2025;Spot;4.955;9-Aug-2025;Spot
09-Aug-2025;PPA 40;6.123;10-Year Pay-as-Produced;PPA 40
09-Aug-2025;RED II;5.951;10-Year PPA Pay-as-Produced;RED II
08-Aug-2025;Forward;5.951;September 2025;Month +1
08-Aug-2025;Forward;6.257;October 2025;Month +2
08-Aug-2025;Forward;6.477;Q4 2025;Quarter +1
08-Aug-2025;Forward;6.754;Winter 2025;Season +1
08-Aug-2025;Forward;5.490;Summer 2026;Season +2
08-Aug-2025;Forward;6.160;Calendar 2026;Calendar +1
08-Aug-2025;Forward;5.648;Calendar 2027;Calendar +2
08-Aug-2025;Forward;5.244;Calendar 2028;Calendar +3
08-Aug-2025;Spot;5.147;8-Aug-2025;Spot
08-Aug-2025;PPA 40;6.110;10-Year Pay-as-Produced;PPA 40
08-Aug-2025;RED II;5.948;10-Year PPA Pay-as-Produced;RED II
07-Aug-2025;Forward;5.999;September 2025;Month +1
07-Aug-2025;Forward;6.284;October 2025;Month +2
07-Aug-2025;Forward;6.528;Q4 2025;Quarter +1
07-Aug-2025;Forward;6.832;Winter 2025;Season +1
07-Aug-2025;Forward;5.462;Summer 2026;Season +2
07-Aug-2025;Forward;6.174;Calendar 2026;Calendar +1
07-Aug-2025;Forward;5.654;Calendar 2027;Calendar +2
07-Aug-2025;Forward;5.253;Calendar 2028;Calendar +3
07-Aug-2025;Spot;4.972;7-Aug-2025;Spot
07-Aug-2025;PPA 40;6.133;10-Year Pay-as-Produced;PPA 40
07-Aug-2025;RED II;5.953;10-Year PPA Pay-as-Produced;RED II
06-Aug-2025;Forward;6.117;September 2025;Month +1
06-Aug-2025;Forward;6.392;October 2025;Month +2
06-Aug-2025;Forward;6.628;Q4 2025;Quarter +1
06-Aug-2025;Forward;6.880;Winter 2025;Season +1
06-Aug-2025;Forward;5.525;Summer 2026;Season +2
06-Aug-2025;Forward;6.229;Calendar 2026;Calendar +1
06-Aug-2025;Forward;5.680;Calendar 2027;Calendar +2
06-Aug-2025;Forward;5.262;Calendar 2028;Calendar +3
06-Aug-2025;Spot;5.057;6-Aug-2025;Spot
06-Aug-2025;PPA 40;6.130;10-Year Pay-as-Produced;PPA 40
06-Aug-2025;RED II;5.953;10-Year PPA Pay-as-Produced;RED II
05-Aug-2025;Forward;6.111;September 2025;Month +1
05-Aug-2025;Forward;6.327;October 2025;Month +2
05-Aug-2025;Forward;6.647;Q4 2025;Quarter +1
05-Aug-2025;Forward;6.900;Winter 2025;Season +1
05-Aug-2025;Forward;5.513;Summer 2026;Season +2
05-Aug-2025;Forward;6.226;Calendar 2026;Calendar +1
05-Aug-2025;Forward;5.663;Calendar 2027;Calendar +2
05-Aug-2025;Forward;5.266;Calendar 2028;Calendar +3
05-Aug-2025;Spot;4.247;5-Aug-2025;Spot
05-Aug-2025;PPA 40;6.125;10-Year Pay-as-Produced;PPA 40
05-Aug-2025;RED II;5.950;10-Year PPA Pay-as-Produced;RED II
04-Aug-2025;Spot;5.108;4-Aug-2025;Spot
03-Aug-2025;Spot;3.972;3-Aug-2025;Spot
02-Aug-2025;Forward;6.184;September 2025;Month +1
02-Aug-2025;Forward;6.452;October 2025;Month +2
02-Aug-2025;Forward;6.628;Q4 2025;Quarter +1
02-Aug-2025;Forward;6.879;Winter 2025;Season +1
02-Aug-2025;Forward;5.517;Summer 2026;Season +2
02-Aug-2025;Forward;6.220;Calendar 2026;Calendar +1
02-Aug-2025;Forward;5.661;Calendar 2027;Calendar +2
02-Aug-2025;Forward;5.259;Calendar 2028;Calendar +3
02-Aug-2025;Spot;4.990;2-Aug-2025;Spot
02-Aug-2025;PPA 40;6.127;10-Year Pay-as-Produced;PPA 40
02-Aug-2025;RED II;5.950;10-Year PPA Pay-as-Produced;RED II
01-Aug-2025;Forward;5.352;August 2025;Month +1
01-Aug-2025;Forward;6.253;September 2025;Month +2
01-Aug-2025;Forward;6.751;Q4 2025;Quarter +1
01-Aug-2025;Forward;7.000;Winter 2025;Season +1
01-Aug-2025;Forward;5.567;Summer 2026;Season +2
01-Aug-2025;Forward;6.289;Calendar 2026;Calendar +1
01-Aug-2025;Forward;5.719;Calendar 2027;Calendar +2
01-Aug-2025;Forward;5.287;Calendar 2028;Calendar +3
01-Aug-2025;Spot;6.328;1-Aug-2025;Spot
01-Aug-2025;PPA 40;6.139;10-Year Pay-as-Produced;PPA 40
01-Aug-2025;RED II;5.950;10-Year PPA Pay-as-Produced;RED II
31-Jul-2025;Forward;5.369;August 2025;Month +1
31-Jul-2025;Forward;6.340;September 2025;Month +2
31-Jul-2025;Forward;6.733;Q4 2025;Quarter +1
31-Jul-2025;Forward;6.998;Winter 2025;Season +1
31-Jul-2025;Forward;5.579;Summer 2026;Season +2
31-Jul-2025;Forward;6.297;Calendar 2026;Calendar +1
31-Jul-2025;Forward;5.729;Calendar 2027;Calendar +2
31-Jul-2025;Forward;5.300;Calendar 2028;Calendar +3
31-Jul-2025;Spot;6.555;31-Jul-2025;Spot
31-Jul-2025;PPA 40;6.136;10-Year Pay-as-Produced;PPA 40
31-Jul-2025;RED II;5.950;10-Year PPA Pay-as-Produced;RED II
30-Jul-2025;Forward;5.540;August 2025;Month +1
30-Jul-2025;Forward;6.351;September 2025;Month +2
30-Jul-2025;Forward;6.650;Q4 2025;Quarter +1
30-Jul-2025;Forward;6.952;Winter 2025;Season +1
30-Jul-2025;Forward;5.570;Summer 2026;Season +2
30-Jul-2025;Forward;6.293;Calendar 2026;Calendar +1
30-Jul-2025;Forward;5.715;Calendar 2027;Calendar +2
30-Jul-2025;Forward;5.318;Calendar 2028;Calendar +3
30-Jul-2025;Spot;5.624;30-Jul-2025;Spot
30-Jul-2025;PPA 40;6.147;10-Year Pay-as-Produced;PPA 40
30-Jul-2025;RED II;5.956;10-Year PPA Pay-as-Produced;RED II
29-Jul-2025;Forward;5.479;August 2025;Month +1
29-Jul-2025;Forward;6.107;September 2025;Month +2
29-Jul-2025;Forward;6.552;Q4 2025;Quarter +1
29-Jul-2025;Forward;6.813;Winter 2025;Season +1
29-Jul-2025;Forward;5.477;Summer 2026;Season +2
29-Jul-2025;Forward;6.170;Calendar 2026;Calendar +1
29-Jul-2025;Forward;5.603;Calendar 2027;Calendar +2
29-Jul-2025;Forward;5.212;Calendar 2028;Calendar +3
29-Jul-2025;Spot;6.028;29-Jul-2025;Spot
29-Jul-2025;PPA 40;6.117;10-Year Pay-as-Produced;PPA 40
29-Jul-2025;RED II;5.955;10-Year PPA Pay-as-Produced;RED II
28-Jul-2025;Spot;6.847;28-Jul-2025;Spot
27-Jul-2025;Spot;5.627;27-Jul-2025;Spot
26-Jul-2025;Forward;5.660;August 2025;Month +1
26-Jul-2025;Forward;6.101;September 2025;Month +2
26-Jul-2025;Forward;6.570;Q4 2025;Quarter +1
26-Jul-2025;Forward;6.816;Winter 2025;Season +1
26-Jul-2025;Forward;5.482;Summer 2026;Season +2
26-Jul-2025;Forward;6.169;Calendar 2026;Calendar +1
26-Jul-2025;Forward;5.601;Calendar 2027;Calendar +2
26-Jul-2025;Forward;5.254;Calendar 2028;Calendar +3
26-Jul-2025;Spot;6.761;26-Jul-2025;Spot
26-Jul-2025;PPA 40;6.128;10-Year Pay-as-Produced;PPA 40
26-Jul-2025;RED II;5.958;10-Year PPA Pay-as-Produced;RED II
25-Jul-2025;Forward;5.559;August 2025;Month +1
25-Jul-2025;Forward;6.089;September 2025;Month +2
25-Jul-2025;Forward;6.563;Q4 2025;Quarter +1
25-Jul-2025;Forward;6.807;Winter 2025;Season +1
25-Jul-2025;Forward;5.459;Summer 2026;Season +2
25-Jul-2025;Forward;6.153;Calendar 2026;Calendar +1
25-Jul-2025;Forward;5.589;Calendar 2027;Calendar +2
25-Jul-2025;Forward;5.238;Calendar 2028;Calendar +3
25-Jul-2025;Spot;7.007;25-Jul-2025;Spot
25-Jul-2025;PPA 40;6.117;10-Year Pay-as-Produced;PPA 40
25-Jul-2025;RED II;5.959;10-Year PPA Pay-as-Produced;RED II
24-Jul-2025;Forward;5.578;August 2025;Month +1
24-Jul-2025;Forward;6.027;September 2025;Month +2
24-Jul-2025;Forward;6.531;Q4 2025;Quarter +1
24-Jul-2025;Forward;6.776;Winter 2025;Season +1
24-Jul-2025;Forward;5.426;Summer 2026;Season +2
24-Jul-2025;Forward;6.120;Calendar 2026;Calendar +1
24-Jul-2025;Forward;5.567;Calendar 2027;Calendar +2
24-Jul-2025;Forward;5.195;Calendar 2028;Calendar +3
24-Jul-2025;Spot;7.376;24-Jul-2025;Spot
24-Jul-2025;PPA 40;6.110;10-Year Pay-as-Produced;PPA 40
24-Jul-2025;RED II;5.946;10-Year PPA Pay-as-Produced;RED II
23-Jul-2025;Forward;5.602;August 2025;Month +1
23-Jul-2025;Forward;6.194;September 2025;Month +2
23-Jul-2025;Forward;6.536;Q4 2025;Quarter +1
23-Jul-2025;Forward;6.800;Winter 2025;Season +1
23-Jul-2025;Forward;5.414;Summer 2026;Season +2
23-Jul-2025;Forward;6.121;Calendar 2026;Calendar +1
23-Jul-2025;Forward;5.561;Calendar 2027;Calendar +2
23-Jul-2025;Forward;5.169;Calendar 2028;Calendar +3
23-Jul-2025;Spot;6.732;23-Jul-2025;Spot
23-Jul-2025;PPA 40;6.100;10-Year Pay-as-Produced;PPA 40
23-Jul-2025;RED II;5.944;10-Year PPA Pay-as-Produced;RED II
22-Jul-2025;Forward;5.560;August 2025;Month +1
22-Jul-2025;Forward;6.221;September 2025;Month +2
22-Jul-2025;Forward;6.608;Q4 2025;Quarter +1
22-Jul-2025;Forward;6.817;Winter 2025;Season +1
22-Jul-2025;Forward;5.407;Summer 2026;Season +2
22-Jul-2025;Forward;6.104;Calendar 2026;Calendar +1
22-Jul-2025;Forward;5.588;Calendar 2027;Calendar +2
22-Jul-2025;Forward;5.201;Calendar 2028;Calendar +3
22-Jul-2025;Spot;6.006;22-Jul-2025;Spot
22-Jul-2025;PPA 40;6.104;10-Year Pay-as-Produced;PPA 40
22-Jul-2025;RED II;5.939;10-Year PPA Pay-as-Produced;RED II
21-Jul-2025;Spot;6.669;21-Jul-2025;Spot
20-Jul-2025;Spot;5.401;20-Jul-2025;Spot
19-Jul-2025;Forward;5.653;August 2025;Month +1
19-Jul-2025;Forward;6.252;September 2025;Month +2
19-Jul-2025;Forward;6.627;Q4 2025;Quarter +1
19-Jul-2025;Forward;6.868;Winter 2025;Season +1
19-Jul-2025;Forward;5.458;Summer 2026;Season +2
19-Jul-2025;Forward;6.172;Calendar 2026;Calendar +1
19-Jul-2025;Forward;5.586;Calendar 2027;Calendar +2
19-Jul-2025;Forward;5.204;Calendar 2028;Calendar +3
19-Jul-2025;Spot;4.796;19-Jul-2025;Spot
19-Jul-2025;PPA 40;6.129;10-Year Pay-as-Produced;PPA 40
19-Jul-2025;RED II;5.944;10-Year PPA Pay-as-Produced;RED II
18-Jul-2025;Forward;5.700;August 2025;Month +1
18-Jul-2025;Forward;6.339;September 2025;Month +2
18-Jul-2025;Forward;6.716;Q4 2025;Quarter +1
18-Jul-2025;Forward;6.953;Winter 2025;Season +1
18-Jul-2025;Forward;5.488;Summer 2026;Season +2
18-Jul-2025;Forward;6.223;Calendar 2026;Calendar +1
18-Jul-2025;Forward;5.622;Calendar 2027;Calendar +2
18-Jul-2025;Forward;5.229;Calendar 2028;Calendar +3
18-Jul-2025;Spot;7.269;18-Jul-2025;Spot
18-Jul-2025;PPA 40;6.129;10-Year Pay-as-Produced;PPA 40
18-Jul-2025;RED II;5.944;10-Year PPA Pay-as-Produced;RED II
17-Jul-2025;Forward;5.800;August 2025;Month +1
17-Jul-2025;Forward;6.396;September 2025;Month +2
17-Jul-2025;Forward;6.691;Q4 2025;Quarter +1
17-Jul-2025;Forward;6.952;Winter 2025;Season +1
17-Jul-2025;Forward;5.519;Summer 2026;Season +2
17-Jul-2025;Forward;6.257;Calendar 2026;Calendar +1
17-Jul-2025;Forward;5.636;Calendar 2027;Calendar +2
17-Jul-2025;Forward;5.244;Calendar 2028;Calendar +3
17-Jul-2025;Spot;7.074;17-Jul-2025;Spot
17-Jul-2025;PPA 40;6.129;10-Year Pay-as-Produced;PPA 40
17-Jul-2025;RED II;5.929;10-Year PPA Pay-as-Produced;RED II
16-Jul-2025;Forward;5.717;August 2025;Month +1
16-Jul-2025;Forward;6.371;September 2025;Month +2
16-Jul-2025;Forward;6.772;Q4 2025;Quarter +1
16-Jul-2025;Forward;6.975;Winter 2025;Season +1
16-Jul-2025;Forward;5.484;Summer 2026;Season +2
16-Jul-2025;Forward;6.212;Calendar 2026;Calendar +1
16-Jul-2025;Forward;5.651;Calendar 2027;Calendar +2
16-Jul-2025;Forward;5.252;Calendar 2028;Calendar +3
16-Jul-2025;Spot;7.506;16-Jul-2025;Spot
16-Jul-2025;PPA 40;6.108;10-Year Pay-as-Produced;PPA 40
16-Jul-2025;RED II;5.927;10-Year PPA Pay-as-Produced;RED II
15-Jul-2025;Forward;5.766;August 2025;Month +1
15-Jul-2025;Forward;6.391;September 2025;Month +2
15-Jul-2025;Forward;6.773;Q4 2025;Quarter +1
15-Jul-2025;Forward;6.994;Winter 2025;Season +1
15-Jul-2025;Forward;5.495;Summer 2026;Season +2
15-Jul-2025;Forward;6.234;Calendar 2026;Calendar +1
15-Jul-2025;Forward;5.634;Calendar 2027;Calendar +2
15-Jul-2025;Forward;5.209;Calendar 2028;Calendar +3
15-Jul-2025;Spot;6.926;15-Jul-2025;Spot
15-Jul-2025;PPA 40;6.103;10-Year Pay-as-Produced;PPA 40
15-Jul-2025;RED II;5.926;10-Year PPA Pay-as-Produced;RED II
14-Jul-2025;Spot;7.084;14-Jul-2025;Spot
13-Jul-2025;Spot;5.425;13-Jul-2025;Spot
12-Jul-2025;Forward;5.766;August 2025;Month +1
12-Jul-2025;Forward;6.391;September 2025;Month +2
12-Jul-2025;Forward;6.773;Q4 2025;Quarter +1
12-Jul-2025;Forward;6.994;Winter 2025;Season +1
12-Jul-2025;Forward;5.495;Summer 2026;Season +2
12-Jul-2025;Forward;6.234;Calendar 2026;Calendar +1
12-Jul-2025;Forward;5.634;Calendar 2027;Calendar +2
12-Jul-2025;Forward;5.209;Calendar 2028;Calendar +3
12-Jul-2025;Spot;5.121;12-Jul-2025;Spot
12-Jul-2025;PPA 40;6.103;10-Year Pay-as-Produced;PPA 40
12-Jul-2025;RED II;5.925;10-Year PPA Pay-as-Produced;RED II
11-Jul-2025;Forward;5.807;August 2025;Month +1
11-Jul-2025;Forward;6.370;September 2025;Month +2
11-Jul-2025;Forward;6.736;Q4 2025;Quarter +1
11-Jul-2025;Forward;6.963;Winter 2025;Season +1
11-Jul-2025;Forward;5.485;Summer 2026;Season +2
11-Jul-2025;Forward;6.215;Calendar 2026;Calendar +1
11-Jul-2025;Forward;5.613;Calendar 2027;Calendar +2
11-Jul-2025;Forward;5.184;Calendar 2028;Calendar +3
11-Jul-2025;Spot;6.241;11-Jul-2025;Spot
11-Jul-2025;PPA 40;6.100;10-Year Pay-as-Produced;PPA 40
11-Jul-2025;RED II;5.925;10-Year PPA Pay-as-Produced;RED II
10-Jul-2025;Forward;5.740;August 2025;Month +1
10-Jul-2025;Forward;6.349;September 2025;Month +2
10-Jul-2025;Forward;6.712;Q4 2025;Quarter +1
10-Jul-2025;Forward;6.918;Winter 2025;Season +1
10-Jul-2025;Forward;5.448;Summer 2026;Season +2
10-Jul-2025;Forward;6.169;Calendar 2026;Calendar +1
10-Jul-2025;Forward;5.596;Calendar 2027;Calendar +2
10-Jul-2025;Forward;5.171;Calendar 2028;Calendar +3
10-Jul-2025;Spot;6.784;10-Jul-2025;Spot
10-Jul-2025;PPA 40;6.087;10-Year Pay-as-Produced;PPA 40
10-Jul-2025;RED II;5.923;10-Year PPA Pay-as-Produced;RED II
09-Jul-2025;Forward;5.884;August 2025;Month +1
09-Jul-2025;Forward;6.340;September 2025;Month +2
09-Jul-2025;Forward;6.701;Q4 2025;Quarter +1
09-Jul-2025;Forward;6.937;Winter 2025;Season +1
09-Jul-2025;Forward;5.486;Summer 2026;Season +2
09-Jul-2025;Forward;6.222;Calendar 2026;Calendar +1
09-Jul-2025;Forward;5.598;Calendar 2027;Calendar +2
09-Jul-2025;Forward;5.156;Calendar 2028;Calendar +3
09-Jul-2025;Spot;6.759;9-Jul-2025;Spot
09-Jul-2025;PPA 40;6.090;10-Year Pay-as-Produced;PPA 40
09-Jul-2025;RED II;5.935;10-Year PPA Pay-as-Produced;RED II
08-Jul-2025;Forward;5.843;August 2025;Month +1
08-Jul-2025;Forward;6.343;September 2025;Month +2
08-Jul-2025;Forward;6.681;Q4 2025;Quarter +1
08-Jul-2025;Forward;6.902;Winter 2025;Season +1
08-Jul-2025;Forward;5.462;Summer 2026;Season +2
08-Jul-2025;Forward;6.175;Calendar 2026;Calendar +1
08-Jul-2025;Forward;5.562;Calendar 2027;Calendar +2
08-Jul-2025;Forward;5.137;Calendar 2028;Calendar +3
08-Jul-2025;Spot;7.126;8-Jul-2025;Spot
08-Jul-2025;PPA 40;6.082;10-Year Pay-as-Produced;PPA 40
08-Jul-2025;RED II;5.930;10-Year PPA Pay-as-Produced;RED II
07-Jul-2025;Spot;7.662;7-Jul-2025;Spot
06-Jul-2025;Spot;5.764;6-Jul-2025;Spot
05-Jul-2025;Forward;5.814;August 2025;Month +1
05-Jul-2025;Forward;6.347;September 2025;Month +2
05-Jul-2025;Forward;6.644;Q4 2025;Quarter +1
05-Jul-2025;Forward;6.895;Winter 2025;Season +1
05-Jul-2025;Forward;5.484;Summer 2026;Season +2
05-Jul-2025;Forward;6.201;Calendar 2026;Calendar +1
05-Jul-2025;Forward;5.604;Calendar 2027;Calendar +2
05-Jul-2025;Forward;5.172;Calendar 2028;Calendar +3
05-Jul-2025;Spot;4.674;5-Jul-2025;Spot
05-Jul-2025;PPA 40;6.082;10-Year Pay-as-Produced;PPA 40
05-Jul-2025;RED II;5.930;10-Year PPA Pay-as-Produced;RED II
04-Jul-2025;Forward;5.766;August 2025;Month +1
04-Jul-2025;Forward;6.326;September 2025;Month +2
04-Jul-2025;Forward;6.674;Q4 2025;Quarter +1
04-Jul-2025;Forward;6.896;Winter 2025;Season +1
04-Jul-2025;Forward;5.498;Summer 2026;Season +2
04-Jul-2025;Forward;6.200;Calendar 2026;Calendar +1
04-Jul-2025;Forward;5.599;Calendar 2027;Calendar +2
04-Jul-2025;Forward;5.171;Calendar 2028;Calendar +3
04-Jul-2025;Spot;7.099;4-Jul-2025;Spot
04-Jul-2025;PPA 40;6.082;10-Year Pay-as-Produced;PPA 40
04-Jul-2025;RED II;5.930;10-Year PPA Pay-as-Produced;RED II
03-Jul-2025;Forward;5.854;August 2025;Month +1
03-Jul-2025;Forward;6.366;September 2025;Month +2
03-Jul-2025;Forward;6.691;Q4 2025;Quarter +1
03-Jul-2025;Forward;6.925;Winter 2025;Season +1
03-Jul-2025;Forward;5.494;Summer 2026;Season +2
03-Jul-2025;Forward;6.215;Calendar 2026;Calendar +1
03-Jul-2025;Forward;5.585;Calendar 2027;Calendar +2
03-Jul-2025;Forward;5.156;Calendar 2028;Calendar +3
03-Jul-2025;Spot;7.176;3-Jul-2025;Spot
03-Jul-2025;PPA 40;6.071;10-Year Pay-as-Produced;PPA 40
03-Jul-2025;RED II;5.934;10-Year PPA Pay-as-Produced;RED II
02-Jul-2025;Forward;5.748;August 2025;Month +1
02-Jul-2025;Forward;6.362;September 2025;Month +2
02-Jul-2025;Forward;6.724;Q4 2025;Quarter +1
02-Jul-2025;Forward;6.924;Winter 2025;Season +1
02-Jul-2025;Forward;5.450;Summer 2026;Season +2
02-Jul-2025;Forward;6.171;Calendar 2026;Calendar +1
02-Jul-2025;Forward;5.556;Calendar 2027;Calendar +2
02-Jul-2025;Forward;5.128;Calendar 2028;Calendar +3
02-Jul-2025;Spot;7.514;2-Jul-2025;Spot
02-Jul-2025;PPA 40;6.058;10-Year Pay-as-Produced;PPA 40
02-Jul-2025;RED II;5.929;10-Year PPA Pay-as-Produced;RED II
01-Jul-2025;Forward;5.481;July 2025;Month +1
01-Jul-2025;Forward;5.544;August 2025;Month +2
01-Jul-2025;Forward;5.741;Q4 2025;Quarter +1
01-Jul-2025;Forward;6.796;Winter 2025;Season +1
01-Jul-2025;Forward;5.354;Summer 2026;Season +2
01-Jul-2025;Forward;6.078;Calendar 2026;Calendar +1
01-Jul-2025;Forward;5.506;Calendar 2027;Calendar +2
01-Jul-2025;Forward;5.079;Calendar 2028;Calendar +3
01-Jul-2025;Spot;10.338;1-Jul-2025;Spot
01-Jul-2025;PPA 40;6.055;10-Year Pay-as-Produced;PPA 40
01-Jul-2025;RED II;5.927;10-Year PPA Pay-as-Produced;RED II
30-Jun-2025;Spot;6.908;30-Jun-2025;Spot
29-Jun-2025;Spot;4.818;29-Jun-2025;Spot
28-Jun-2025;Forward;5.264;July 2025;Month +1
28-Jun-2025;Forward;5.672;August 2025;Month +2
28-Jun-2025;Forward;5.735;Q4 2025;Quarter +1
28-Jun-2025;Forward;6.926;Winter 2025;Season +1
28-Jun-2025;Forward;5.445;Summer 2026;Season +2
28-Jun-2025;Forward;6.176;Calendar 2026;Calendar +1
28-Jun-2025;Forward;5.570;Calendar 2027;Calendar +2
28-Jun-2025;Forward;5.121;Calendar 2028;Calendar +3
28-Jun-2025;Spot;4.260;28-Jun-2025;Spot
28-Jun-2025;PPA 40;6.080;10-Year Pay-as-Produced;PPA 40
28-Jun-2025;RED II;5.929;10-Year PPA Pay-as-Produced;RED II
27-Jun-2025;Forward;5.147;July 2025;Month +1
27-Jun-2025;Forward;5.625;August 2025;Month +2
27-Jun-2025;Forward;5.686;Q3 2025;Quarter +1
27-Jun-2025;Forward;6.982;Winter 2025;Season +1
27-Jun-2025;Forward;5.414;Summer 2026;Season +2
27-Jun-2025;Forward;6.169;Calendar 2026;Calendar +1
27-Jun-2025;Forward;5.516;Calendar 2027;Calendar +2
27-Jun-2025;Forward;5.134;Calendar 2028;Calendar +3
27-Jun-2025;Spot;6.630;27-Jun-2025;Spot
27-Jun-2025;PPA 40;6.074;10-Year Pay-as-Produced;PPA 40
27-Jun-2025;RED II;5.930;10-Year PPA Pay-as-Produced;RED II
26-Jun-2025;Forward;5.275;July 2025;Month +1
26-Jun-2025;Forward;5.827;August 2025;Month +2
26-Jun-2025;Forward;5.846;Q3 2025;Quarter +1
26-Jun-2025;Forward;7.060;Winter 2025;Season +1
26-Jun-2025;Forward;5.475;Summer 2026;Season +2
26-Jun-2025;Forward;6.226;Calendar 2026;Calendar +1
26-Jun-2025;Forward;5.557;Calendar 2027;Calendar +2
26-Jun-2025;Forward;5.154;Calendar 2028;Calendar +3
26-Jun-2025;Spot;7.147;26-Jun-2025;Spot
26-Jun-2025;PPA 40;6.078;10-Year Pay-as-Produced;PPA 40
26-Jun-2025;RED II;5.929;10-Year PPA Pay-as-Produced;RED II
25-Jun-2025;Forward;5.106;July 2025;Month +1
25-Jun-2025;Forward;5.836;August 2025;Month +2
25-Jun-2025;Forward;5.796;Q3 2025;Quarter +1
25-Jun-2025;Forward;7.070;Winter 2025;Season +1
25-Jun-2025;Forward;5.520;Summer 2026;Season +2
25-Jun-2025;Forward;6.269;Calendar 2026;Calendar +1
25-Jun-2025;Forward;5.650;Calendar 2027;Calendar +2
25-Jun-2025;Forward;5.169;Calendar 2028;Calendar +3
25-Jun-2025;Spot;6.424;25-Jun-2025;Spot
25-Jun-2025;PPA 40;6.097;10-Year Pay-as-Produced;PPA 40
25-Jun-2025;RED II;5.933;10-Year PPA Pay-as-Produced;RED II
24-Jun-2025;Forward;5.258;July 2025;Month +1
24-Jun-2025;Forward;6.072;August 2025;Month +2
24-Jun-2025;Forward;6.017;Q3 2025;Quarter +1
24-Jun-2025;Forward;7.462;Winter 2025;Season +1
24-Jun-2025;Forward;5.655;Summer 2026;Season +2
24-Jun-2025;Forward;6.464;Calendar 2026;Calendar +1
24-Jun-2025;Forward;5.708;Calendar 2027;Calendar +2
24-Jun-2025;Forward;5.231;Calendar 2028;Calendar +3
24-Jun-2025;Spot;4.293;24-Jun-2025;Spot
24-Jun-2025;PPA 40;6.095;10-Year Pay-as-Produced;PPA 40
24-Jun-2025;RED II;5.926;10-Year PPA Pay-as-Produced;RED II
23-Jun-2025;Spot;4.458;23-Jun-2025;Spot
22-Jun-2025;Spot;3.656;22-Jun-2025;Spot
21-Jun-2025;Forward;5.463;July 2025;Month +1
21-Jun-2025;Forward;6.135;August 2025;Month +2
21-Jun-2025;Forward;6.116;Q3 2025;Quarter +1
21-Jun-2025;Forward;7.460;Winter 2025;Season +1
21-Jun-2025;Forward;5.652;Summer 2026;Season +2
21-Jun-2025;Forward;6.467;Calendar 2026;Calendar +1
21-Jun-2025;Forward;5.680;Calendar 2027;Calendar +2
21-Jun-2025;Forward;5.219;Calendar 2028;Calendar +3
21-Jun-2025;Spot;4.668;21-Jun-2025;Spot
21-Jun-2025;PPA 40;6.095;10-Year Pay-as-Produced;PPA 40
21-Jun-2025;RED II;5.925;10-Year PPA Pay-as-Produced;RED II
20-Jun-2025;Forward;5.532;July 2025;Month +1
20-Jun-2025;Forward;6.209;August 2025;Month +2
20-Jun-2025;Forward;6.191;Q3 2025;Quarter +1
20-Jun-2025;Forward;7.493;Winter 2025;Season +1
20-Jun-2025;Forward;5.705;Summer 2026;Season +2
20-Jun-2025;Forward;6.513;Calendar 2026;Calendar +1
20-Jun-2025;Forward;5.747;Calendar 2027;Calendar +2
20-Jun-2025;Forward;5.244;Calendar 2028;Calendar +3
20-Jun-2025;Spot;5.625;20-Jun-2025;Spot
20-Jun-2025;PPA 40;6.110;10-Year Pay-as-Produced;PPA 40
20-Jun-2025;RED II;5.930;10-Year PPA Pay-as-Produced;RED II
19-Jun-2025;Forward;5.417;July 2025;Month +1
19-Jun-2025;Forward;6.086;August 2025;Month +2
19-Jun-2025;Forward;6.064;Q3 2025;Quarter +1
19-Jun-2025;Forward;7.348;Winter 2025;Season +1
19-Jun-2025;Forward;5.699;Summer 2026;Season +2
19-Jun-2025;Forward;6.459;Calendar 2026;Calendar +1
19-Jun-2025;Forward;5.707;Calendar 2027;Calendar +2
19-Jun-2025;Forward;5.214;Calendar 2028;Calendar +3
19-Jun-2025;Spot;4.463;19-Jun-2025;Spot
19-Jun-2025;PPA 40;6.108;10-Year Pay-as-Produced;PPA 40
19-Jun-2025;RED II;5.925;10-Year PPA Pay-as-Produced;RED II
18-Jun-2025;Forward;5.571;July 2025;Month +1
18-Jun-2025;Forward;6.165;August 2025;Month +2
18-Jun-2025;Forward;6.158;Q3 2025;Quarter +1
18-Jun-2025;Forward;7.367;Winter 2025;Season +1
18-Jun-2025;Forward;5.698;Summer 2026;Season +2
18-Jun-2025;Forward;6.466;Calendar 2026;Calendar +1
18-Jun-2025;Forward;5.716;Calendar 2027;Calendar +2
18-Jun-2025;Forward;5.200;Calendar 2028;Calendar +3
18-Jun-2025;Spot;5.170;18-Jun-2025;Spot
18-Jun-2025;PPA 40;6.101;10-Year Pay-as-Produced;PPA 40
18-Jun-2025;RED II;5.924;10-Year PPA Pay-as-Produced;RED II
17-Jun-2025;Forward;5.505;July 2025;Month +1
17-Jun-2025;Forward;6.104;August 2025;Month +2
17-Jun-2025;Forward;6.093;Q3 2025;Quarter +1
17-Jun-2025;Forward;7.301;Winter 2025;Season +1
17-Jun-2025;Forward;5.698;Summer 2026;Season +2
17-Jun-2025;Forward;6.438;Calendar 2026;Calendar +1
17-Jun-2025;Forward;5.690;Calendar 2027;Calendar +2
17-Jun-2025;Forward;5.217;Calendar 2028;Calendar +3
17-Jun-2025;Spot;5.805;17-Jun-2025;Spot
17-Jun-2025;PPA 40;6.112;10-Year Pay-as-Produced;PPA 40
17-Jun-2025;RED II;5.910;10-Year PPA Pay-as-Produced;RED II
16-Jun-2025;Spot;6.306;16-Jun-2025;Spot
15-Jun-2025;Spot;4.660;15-Jun-2025;Spot
14-Jun-2025;Forward;5.533;July 2025;Month +1
14-Jun-2025;Forward;6.062;August 2025;Month +2
14-Jun-2025;Forward;6.073;Q3 2025;Quarter +1
14-Jun-2025;Forward;7.295;Winter 2025;Season +1
14-Jun-2025;Forward;5.641;Summer 2026;Season +2
14-Jun-2025;Forward;6.483;Calendar 2026;Calendar +1
14-Jun-2025;Forward;5.748;Calendar 2027;Calendar +2
14-Jun-2025;Forward;5.267;Calendar 2028;Calendar +3
14-Jun-2025;Spot;4.055;14-Jun-2025;Spot
14-Jun-2025;PPA 40;6.122;10-Year Pay-as-Produced;PPA 40
14-Jun-2025;RED II;5.910;10-Year PPA Pay-as-Produced;RED II
13-Jun-2025;Forward;5.459;July 2025;Month +1
13-Jun-2025;Forward;5.985;August 2025;Month +2
13-Jun-2025;Forward;5.985;Q3 2025;Quarter +1
13-Jun-2025;Forward;7.140;Winter 2025;Season +1
13-Jun-2025;Forward;5.630;Summer 2026;Season +2
13-Jun-2025;Forward;6.352;Calendar 2026;Calendar +1
13-Jun-2025;Forward;5.635;Calendar 2027;Calendar +2
13-Jun-2025;Forward;5.166;Calendar 2028;Calendar +3
13-Jun-2025;Spot;4.464;13-Jun-2025;Spot
13-Jun-2025;PPA 40;6.085;10-Year Pay-as-Produced;PPA 40
13-Jun-2025;RED II;5.910;10-Year PPA Pay-as-Produced;RED II
12-Jun-2025;Forward;5.491;July 2025;Month +1
12-Jun-2025;Forward;5.958;August 2025;Month +2
12-Jun-2025;Forward;5.956;Q3 2025;Quarter +1
12-Jun-2025;Forward;7.104;Winter 2025;Season +1
12-Jun-2025;Forward;5.582;Summer 2026;Season +2
12-Jun-2025;Forward;6.318;Calendar 2026;Calendar +1
12-Jun-2025;Forward;5.594;Calendar 2027;Calendar +2
12-Jun-2025;Forward;5.152;Calendar 2028;Calendar +3
12-Jun-2025;Spot;4.457;12-Jun-2025;Spot
12-Jun-2025;PPA 40;6.073;10-Year Pay-as-Produced;PPA 40
12-Jun-2025;RED II;5.910;10-Year PPA Pay-as-Produced;RED II
11-Jun-2025;Forward;5.398;July 2025;Month +1
11-Jun-2025;Forward;5.816;August 2025;Month +2
11-Jun-2025;Forward;5.850;Q3 2025;Quarter +1
11-Jun-2025;Forward;6.928;Winter 2025;Season +1
11-Jun-2025;Forward;5.492;Summer 2026;Season +2
11-Jun-2025;Forward;6.199;Calendar 2026;Calendar +1
11-Jun-2025;Forward;5.519;Calendar 2027;Calendar +2
11-Jun-2025;Forward;5.103;Calendar 2028;Calendar +3
11-Jun-2025;Spot;5.333;11-Jun-2025;Spot
11-Jun-2025;PPA 40;6.051;10-Year Pay-as-Produced;PPA 40
11-Jun-2025;RED II;5.910;10-Year PPA Pay-as-Produced;RED II
10-Jun-2025;Forward;5.470;July 2025;Month +1
10-Jun-2025;Forward;5.901;August 2025;Month +2
10-Jun-2025;Forward;5.923;Q3 2025;Quarter +1
10-Jun-2025;Forward;7.041;Winter 2025;Season +1
10-Jun-2025;Forward;5.570;Summer 2026;Season +2
10-Jun-2025;Forward;6.284;Calendar 2026;Calendar +1
10-Jun-2025;Forward;5.545;Calendar 2027;Calendar +2
10-Jun-2025;Forward;5.127;Calendar 2028;Calendar +3
10-Jun-2025;Spot;4.423;10-Jun-2025;Spot
10-Jun-2025;PPA 40;6.065;10-Year Pay-as-Produced;PPA 40
10-Jun-2025;RED II;5.911;10-Year PPA Pay-as-Produced;RED II
09-Jun-2025;Spot;3.718;9-Jun-2025;Spot
08-Jun-2025;Spot;3.605;8-Jun-2025;Spot
07-Jun-2025;Forward;5.531;July 2025;Month +1
07-Jun-2025;Forward;5.973;August 2025;Month +2
07-Jun-2025;Forward;5.996;Q3 2025;Quarter +1
07-Jun-2025;Forward;7.077;Winter 2025;Season +1
07-Jun-2025;Forward;5.557;Summer 2026;Season +2
07-Jun-2025;Forward;6.296;Calendar 2026;Calendar +1
07-Jun-2025;Forward;5.561;Calendar 2027;Calendar +2
07-Jun-2025;Forward;5.150;Calendar 2028;Calendar +3
07-Jun-2025;Spot;4.240;7-Jun-2025;Spot
07-Jun-2025;PPA 40;6.073;10-Year Pay-as-Produced;PPA 40
07-Jun-2025;RED II;5.911;10-Year PPA Pay-as-Produced;RED II
06-Jun-2025;Forward;5.494;July 2025;Month +1
06-Jun-2025;Forward;5.970;August 2025;Month +2
06-Jun-2025;Forward;5.985;Q3 2025;Quarter +1
06-Jun-2025;Forward;7.032;Winter 2025;Season +1
06-Jun-2025;Forward;5.524;Summer 2026;Season +2
06-Jun-2025;Forward;6.269;Calendar 2026;Calendar +1
06-Jun-2025;Forward;5.586;Calendar 2027;Calendar +2
06-Jun-2025;Forward;5.145;Calendar 2028;Calendar +3
06-Jun-2025;Spot;3.844;6-Jun-2025;Spot
06-Jun-2025;PPA 40;6.054;10-Year Pay-as-Produced;PPA 40
06-Jun-2025;RED II;5.906;10-Year PPA Pay-as-Produced;RED II
05-Jun-2025;Forward;5.417;July 2025;Month +1
05-Jun-2025;Forward;5.912;August 2025;Month +2
05-Jun-2025;Forward;5.920;Q3 2025;Quarter +1
05-Jun-2025;Forward;6.986;Winter 2025;Season +1
05-Jun-2025;Forward;5.508;Summer 2026;Season +2
05-Jun-2025;Forward;6.241;Calendar 2026;Calendar +1
05-Jun-2025;Forward;5.540;Calendar 2027;Calendar +2
05-Jun-2025;Forward;5.125;Calendar 2028;Calendar +3
05-Jun-2025;Spot;5.299;5-Jun-2025;Spot
05-Jun-2025;PPA 40;6.059;10-Year Pay-as-Produced;PPA 40
05-Jun-2025;RED II;5.911;10-Year PPA Pay-as-Produced;RED II
04-Jun-2025;Forward;5.471;July 2025;Month +1
04-Jun-2025;Forward;5.890;August 2025;Month +2
04-Jun-2025;Forward;5.908;Q3 2025;Quarter +1
04-Jun-2025;Forward;7.073;Winter 2025;Season +1
04-Jun-2025;Forward;5.631;Summer 2026;Season +2
04-Jun-2025;Forward;6.361;Calendar 2026;Calendar +1
04-Jun-2025;Forward;5.577;Calendar 2027;Calendar +2
04-Jun-2025;Forward;5.155;Calendar 2028;Calendar +3
04-Jun-2025;Spot;4.811;4-Jun-2025;Spot
04-Jun-2025;PPA 40;6.098;10-Year Pay-as-Produced;PPA 40
04-Jun-2025;RED II;5.920;10-Year PPA Pay-as-Produced;RED II
03-Jun-2025;Forward;5.472;July 2025;Month +1
03-Jun-2025;Forward;5.856;August 2025;Month +2
03-Jun-2025;Forward;5.878;Q3 2025;Quarter +1
03-Jun-2025;Forward;6.967;Winter 2025;Season +1
03-Jun-2025;Forward;5.472;Summer 2026;Season +2
03-Jun-2025;Forward;6.202;Calendar 2026;Calendar +1
03-Jun-2025;Forward;5.520;Calendar 2027;Calendar +2
03-Jun-2025;Forward;5.113;Calendar 2028;Calendar +3
03-Jun-2025;Spot;5.475;3-Jun-2025;Spot
03-Jun-2025;PPA 40;6.068;10-Year Pay-as-Produced;PPA 40
03-Jun-2025;RED II;5.907;10-Year PPA Pay-as-Produced;RED II
02-Jun-2025;Spot;6.149;2-Jun-2025;Spot
01-Jun-2025;Spot;3.634;1-Jun-2025;Spot
31-May-2025;Forward;4.803;June 2025;Month +1
31-May-2025;Forward;5.492;July 2025;Month +2
31-May-2025;Forward;5.802;Q3 2025;Quarter +1
31-May-2025;Forward;5.462;Winter 2025;Season +1
31-May-2025;Forward;5.473;Summer 2026;Season +2
31-May-2025;Forward;6.147;Calendar 2026;Calendar +1
31-May-2025;Forward;5.450;Calendar 2027;Calendar +2
31-May-2025;Forward;5.072;Calendar 2028;Calendar +3
31-May-2025;Spot;4.221;31-May-2025;Spot
31-May-2025;PPA 40;6.051;10-Year Pay-as-Produced;PPA 40
31-May-2025;RED II;5.909;10-Year PPA Pay-as-Produced;RED II
30-May-2025;Forward;4.806;June 2025;Month +1
30-May-2025;Forward;5.567;July 2025;Month +2
30-May-2025;Forward;5.865;Q3 2025;Quarter +1
30-May-2025;Forward;6.977;Winter 2025;Season +1
30-May-2025;Forward;5.523;Summer 2026;Season +2
30-May-2025;Forward;6.180;Calendar 2026;Calendar +1
30-May-2025;Forward;5.462;Calendar 2027;Calendar +2
30-May-2025;Forward;5.069;Calendar 2028;Calendar +3
30-May-2025;Spot;4.181;30-May-2025;Spot
30-May-2025;PPA 40;6.030;10-Year Pay-as-Produced;PPA 40
30-May-2025;RED II;5.907;10-Year PPA Pay-as-Produced;RED II
29-May-2025;Forward;4.763;June 2025;Month +1
29-May-2025;Forward;5.690;July 2025;Month +2
29-May-2025;Forward;6.000;Q3 2025;Quarter +1
29-May-2025;Forward;7.069;Winter 2025;Season +1
29-May-2025;Forward;5.620;Summer 2026;Season +2
29-May-2025;Forward;6.308;Calendar 2026;Calendar +1
29-May-2025;Forward;5.571;Calendar 2027;Calendar +2
29-May-2025;Forward;5.117;Calendar 2028;Calendar +3
29-May-2025;Spot;4.524;29-May-2025;Spot
29-May-2025;PPA 40;6.042;10-Year Pay-as-Produced;PPA 40
29-May-2025;RED II;5.907;10-Year PPA Pay-as-Produced;RED II
28-May-2025;Forward;4.906;June 2025;Month +1
28-May-2025;Forward;5.743;July 2025;Month +2
28-May-2025;Forward;6.068;Q3 2025;Quarter +1
28-May-2025;Forward;7.139;Winter 2025;Season +1
28-May-2025;Forward;5.665;Summer 2026;Season +2
28-May-2025;Forward;6.317;Calendar 2026;Calendar +1
28-May-2025;Forward;5.556;Calendar 2027;Calendar +2
28-May-2025;Forward;5.114;Calendar 2028;Calendar +3
28-May-2025;Spot;6.728;28-May-2025;Spot
28-May-2025;PPA 40;6.072;10-Year Pay-as-Produced;PPA 40
28-May-2025;RED II;5.906;10-Year PPA Pay-as-Produced;RED II
27-May-2025;Forward;4.982;June 2025;Month +1
27-May-2025;Forward;5.799;July 2025;Month +2
27-May-2025;Forward;6.117;Q3 2025;Quarter +1
27-May-2025;Forward;7.180;Winter 2025;Season +1
27-May-2025;Forward;5.709;Summer 2026;Season +2
27-May-2025;Forward;6.353;Calendar 2026;Calendar +1
27-May-2025;Forward;5.590;Calendar 2027;Calendar +2
27-May-2025;Forward;5.115;Calendar 2028;Calendar +3
27-May-2025;Spot;5.229;27-May-2025;Spot
27-May-2025;PPA 40;6.068;10-Year Pay-as-Produced;PPA 40
27-May-2025;RED II;5.881;10-Year PPA Pay-as-Produced;RED II
26-May-2025;Spot;6.095;26-May-2025;Spot
25-May-2025;Spot;2.474;25-May-2025;Spot
24-May-2025;Forward;5.026;June 2025;Month +1
24-May-2025;Forward;5.714;July 2025;Month +2
24-May-2025;Forward;6.033;Q3 2025;Quarter +1
24-May-2025;Forward;7.033;Winter 2025;Season +1
24-May-2025;Forward;5.616;Summer 2026;Season +2
24-May-2025;Forward;6.249;Calendar 2026;Calendar +1
24-May-2025;Forward;5.525;Calendar 2027;Calendar +2
24-May-2025;Forward;5.095;Calendar 2028;Calendar +3
24-May-2025;Spot;4.167;24-May-2025;Spot
24-May-2025;PPA 40;6.049;10-Year Pay-as-Produced;PPA 40
24-May-2025;RED II;5.876;10-Year PPA Pay-as-Produced;RED II
23-May-2025;Forward;5.075;June 2025;Month +1
23-May-2025;Forward;5.724;July 2025;Month +2
23-May-2025;Forward;6.063;Q3 2025;Quarter +1
23-May-2025;Forward;7.047;Winter 2025;Season +1
23-May-2025;Forward;5.629;Summer 2026;Season +2
23-May-2025;Forward;6.263;Calendar 2026;Calendar +1
23-May-2025;Forward;5.552;Calendar 2027;Calendar +2
23-May-2025;Forward;5.108;Calendar 2028;Calendar +3
23-May-2025;Spot;6.572;23-May-2025;Spot
23-May-2025;PPA 40;6.053;10-Year Pay-as-Produced;PPA 40
23-May-2025;RED II;5.875;10-Year PPA Pay-as-Produced;RED II
22-May-2025;Forward;5.148;June 2025;Month +1
22-May-2025;Forward;5.733;July 2025;Month +2
22-May-2025;Forward;6.076;Q3 2025;Quarter +1
22-May-2025;Forward;7.075;Winter 2025;Season +1
22-May-2025;Forward;5.633;Summer 2026;Season +2
22-May-2025;Forward;6.278;Calendar 2026;Calendar +1
22-May-2025;Forward;5.569;Calendar 2027;Calendar +2
22-May-2025;Forward;5.111;Calendar 2028;Calendar +3
22-May-2025;Spot;7.315;22-May-2025;Spot
22-May-2025;PPA 40;6.069;10-Year Pay-as-Produced;PPA 40
22-May-2025;RED II;5.875;10-Year PPA Pay-as-Produced;RED II
21-May-2025;Forward;5.178;June 2025;Month +1
21-May-2025;Forward;5.790;July 2025;Month +2
21-May-2025;Forward;6.128;Q3 2025;Quarter +1
21-May-2025;Forward;7.141;Winter 2025;Season +1
21-May-2025;Forward;5.662;Summer 2026;Season +2
21-May-2025;Forward;6.318;Calendar 2026;Calendar +1
21-May-2025;Forward;5.560;Calendar 2027;Calendar +2
21-May-2025;Forward;5.120;Calendar 2028;Calendar +3
21-May-2025;Spot;4.644;21-May-2025;Spot
21-May-2025;PPA 40;6.075;10-Year Pay-as-Produced;PPA 40
21-May-2025;RED II;5.875;10-Year PPA Pay-as-Produced;RED II
20-May-2025;Forward;5.067;June 2025;Month +1
20-May-2025;Forward;5.702;July 2025;Month +2
20-May-2025;Forward;6.027;Q3 2025;Quarter +1
20-May-2025;Forward;6.990;Winter 2025;Season +1
20-May-2025;Forward;5.521;Summer 2026;Season +2
20-May-2025;Forward;6.171;Calendar 2026;Calendar +1
20-May-2025;Forward;5.498;Calendar 2027;Calendar +2
20-May-2025;Forward;5.054;Calendar 2028;Calendar +3
20-May-2025;Spot;6.218;20-May-2025;Spot
20-May-2025;PPA 40;6.028;10-Year Pay-as-Produced;PPA 40
20-May-2025;RED II;5.854;10-Year PPA Pay-as-Produced;RED II
19-May-2025;Spot;6.655;19-May-2025;Spot
18-May-2025;Spot;4.579;18-May-2025;Spot
17-May-2025;Forward;5.102;June 2025;Month +1
17-May-2025;Forward;5.724;July 2025;Month +2
17-May-2025;Forward;6.068;Q3 2025;Quarter +1
17-May-2025;Forward;7.034;Winter 2025;Season +1
17-May-2025;Forward;5.595;Summer 2026;Season +2
17-May-2025;Forward;6.241;Calendar 2026;Calendar +1
17-May-2025;Forward;5.526;Calendar 2027;Calendar +2
17-May-2025;Forward;5.084;Calendar 2028;Calendar +3
17-May-2025;Spot;3.879;17-May-2025;Spot
17-May-2025;PPA 40;6.054;10-Year Pay-as-Produced;PPA 40
17-May-2025;RED II;5.860;10-Year PPA Pay-as-Produced;RED II
16-May-2025;Forward;5.202;June 2025;Month +1
16-May-2025;Forward;5.744;July 2025;Month +2
16-May-2025;Forward;6.100;Q3 2025;Quarter +1
16-May-2025;Forward;7.041;Winter 2025;Season +1
16-May-2025;Forward;5.628;Summer 2026;Season +2
16-May-2025;Forward;6.277;Calendar 2026;Calendar +1
16-May-2025;Forward;5.554;Calendar 2027;Calendar +2
16-May-2025;Forward;5.109;Calendar 2028;Calendar +3
16-May-2025;Spot;5.226;16-May-2025;Spot
16-May-2025;PPA 40;6.060;10-Year Pay-as-Produced;PPA 40
16-May-2025;RED II;5.860;10-Year PPA Pay-as-Produced;RED II
15-May-2025;Forward;5.116;June 2025;Month +1
15-May-2025;Forward;5.670;July 2025;Month +2
15-May-2025;Forward;6.043;Q3 2025;Quarter +1
15-May-2025;Forward;7.019;Winter 2025;Season +1
15-May-2025;Forward;5.625;Summer 2026;Season +2
15-May-2025;Forward;6.263;Calendar 2026;Calendar +1
15-May-2025;Forward;5.544;Calendar 2027;Calendar +2
15-May-2025;Forward;5.109;Calendar 2028;Calendar +3
15-May-2025;Spot;5.093;15-May-2025;Spot
15-May-2025;PPA 40;6.086;10-Year Pay-as-Produced;PPA 40
15-May-2025;RED II;5.861;10-Year PPA Pay-as-Produced;RED II
14-May-2025;Forward;5.171;June 2025;Month +1
14-May-2025;Forward;5.768;July 2025;Month +2
14-May-2025;Forward;6.143;Q3 2025;Quarter +1
14-May-2025;Forward;7.052;Winter 2025;Season +1
14-May-2025;Forward;5.686;Summer 2026;Season +2
14-May-2025;Forward;6.309;Calendar 2026;Calendar +1
14-May-2025;Forward;5.579;Calendar 2027;Calendar +2
14-May-2025;Forward;5.149;Calendar 2028;Calendar +3
14-May-2025;Spot;4.429;14-May-2025;Spot
14-May-2025;PPA 40;6.115;10-Year Pay-as-Produced;PPA 40
14-May-2025;RED II;5.860;10-Year PPA Pay-as-Produced;RED II
13-May-2025;Forward;5.154;June 2025;Month +1
13-May-2025;Forward;5.816;July 2025;Month +2
13-May-2025;Forward;6.174;Q3 2025;Quarter +1
13-May-2025;Forward;7.063;Winter 2025;Season +1
13-May-2025;Forward;5.657;Summer 2026;Season +2
13-May-2025;Forward;6.297;Calendar 2026;Calendar +1
13-May-2025;Forward;5.617;Calendar 2027;Calendar +2
13-May-2025;Forward;5.236;Calendar 2028;Calendar +3
13-May-2025;Spot;5.297;13-May-2025;Spot
13-May-2025;PPA 40;6.141;10-Year Pay-as-Produced;PPA 40
13-May-2025;RED II;5.856;10-Year PPA Pay-as-Produced;RED II
12-May-2025;Spot;5.142;12-May-2025;Spot
11-May-2025;Spot;1.585;11-May-2025;Spot
10-May-2025;Forward;5.035;June 2025;Month +1
10-May-2025;Forward;5.604;July 2025;Month +2
10-May-2025;Forward;5.931;Q3 2025;Quarter +1
10-May-2025;Forward;6.900;Winter 2025;Season +1
10-May-2025;Forward;5.485;Summer 2026;Season +2
10-May-2025;Forward;6.135;Calendar 2026;Calendar +1
10-May-2025;Forward;5.506;Calendar 2027;Calendar +2
10-May-2025;Forward;5.164;Calendar 2028;Calendar +3
10-May-2025;Spot;2.631;10-May-2025;Spot
10-May-2025;PPA 40;6.101;10-Year Pay-as-Produced;PPA 40
10-May-2025;RED II;5.858;10-Year PPA Pay-as-Produced;RED II
09-May-2025;Forward;5.139;June 2025;Month +1
09-May-2025;Forward;5.667;July 2025;Month +2
09-May-2025;Forward;6.010;Q3 2025;Quarter +1
09-May-2025;Forward;6.983;Winter 2025;Season +1
09-May-2025;Forward;5.538;Summer 2026;Season +2
09-May-2025;Forward;6.206;Calendar 2026;Calendar +1
09-May-2025;Forward;5.539;Calendar 2027;Calendar +2
09-May-2025;Forward;5.185;Calendar 2028;Calendar +3
09-May-2025;Spot;5.079;9-May-2025;Spot
09-May-2025;PPA 40;6.097;10-Year Pay-as-Produced;PPA 40
09-May-2025;RED II;5.860;10-Year PPA Pay-as-Produced;RED II
08-May-2025;Forward;5.174;June 2025;Month +1
08-May-2025;Forward;5.634;July 2025;Month +2
08-May-2025;Forward;5.948;Q3 2025;Quarter +1
08-May-2025;Forward;6.960;Winter 2025;Season +1
08-May-2025;Forward;5.496;Summer 2026;Season +2
08-May-2025;Forward;6.160;Calendar 2026;Calendar +1
08-May-2025;Forward;5.525;Calendar 2027;Calendar +2
08-May-2025;Forward;5.130;Calendar 2028;Calendar +3
08-May-2025;Spot;7.229;8-May-2025;Spot
08-May-2025;PPA 40;6.077;10-Year Pay-as-Produced;PPA 40
08-May-2025;RED II;5.856;10-Year PPA Pay-as-Produced;RED II
07-May-2025;Forward;5.146;June 2025;Month +1
07-May-2025;Forward;5.609;July 2025;Month +2
07-May-2025;Forward;5.913;Q3 2025;Quarter +1
07-May-2025;Forward;6.935;Winter 2025;Season +1
07-May-2025;Forward;5.448;Summer 2026;Season +2
07-May-2025;Forward;6.126;Calendar 2026;Calendar +1
07-May-2025;Forward;5.485;Calendar 2027;Calendar +2
07-May-2025;Forward;5.115;Calendar 2028;Calendar +3
07-May-2025;Spot;7.050;7-May-2025;Spot
07-May-2025;PPA 40;6.063;10-Year Pay-as-Produced;PPA 40
07-May-2025;RED II;5.861;10-Year PPA Pay-as-Produced;RED II
06-May-2025;Forward;4.288;June 2025;Month +1
06-May-2025;Forward;5.387;July 2025;Month +2
06-May-2025;Forward;5.670;Q3 2025;Quarter +1
06-May-2025;Forward;6.779;Winter 2025;Season +1
06-May-2025;Forward;5.347;Summer 2026;Season +2
06-May-2025;Forward;6.014;Calendar 2026;Calendar +1
06-May-2025;Forward;5.402;Calendar 2027;Calendar +2
06-May-2025;Forward;5.060;Calendar 2028;Calendar +3
06-May-2025;Spot;6.564;6-May-2025;Spot
06-May-2025;PPA 40;6.020;10-Year Pay-as-Produced;PPA 40
06-May-2025;RED II;5.860;10-Year PPA Pay-as-Produced;RED II
05-May-2025;Spot;6.508;5-May-2025;Spot
04-May-2025;Spot;2.400;4-May-2025;Spot
03-May-2025;Forward;4.129;June 2025;Month +1
03-May-2025;Forward;5.453;July 2025;Month +2
03-May-2025;Forward;5.693;Q3 2025;Quarter +1
03-May-2025;Forward;6.800;Winter 2025;Season +1
03-May-2025;Forward;5.363;Summer 2026;Season +2
03-May-2025;Forward;6.018;Calendar 2026;Calendar +1
03-May-2025;Forward;5.436;Calendar 2027;Calendar +2
03-May-2025;Forward;5.090;Calendar 2028;Calendar +3
03-May-2025;Spot;3.606;3-May-2025;Spot
03-May-2025;PPA 40;6.034;10-Year Pay-as-Produced;PPA 40
03-May-2025;RED II;5.854;10-Year PPA Pay-as-Produced;RED II
02-May-2025;Spot;4.081;2-May-2025;Spot
01-May-2025;Forward;3.951;May 2025;Month +1
01-May-2025;Forward;3.194;June 2025;Month +2
01-May-2025;Forward;5.532;Q3 2025;Quarter +1
01-May-2025;Forward;6.731;Winter 2025;Season +1
01-May-2025;Forward;5.222;Summer 2026;Season +2
01-May-2025;Forward;5.902;Calendar 2026;Calendar +1
01-May-2025;Forward;2.902;Calendar 2027;Calendar +2
01-May-2025;Forward;5.032;Calendar 2028;Calendar +3
01-May-2025;Spot;3.538;1-May-2025;Spot
01-May-2025;PPA 40;5.810;10-Year Pay-as-Produced;PPA 40
01-May-2025;RED II;5.854;10-Year PPA Pay-as-Produced;RED II
30-Apr-2025;Forward;4.394;May 2025;Month +1
30-Apr-2025;Forward;4.913;June 2025;Month +2
30-Apr-2025;Forward;5.483;Q3 2025;Quarter +1
30-Apr-2025;Forward;6.673;Winter 2025;Season +1
30-Apr-2025;Forward;5.159;Summer 2026;Season +2
30-Apr-2025;Forward;5.840;Calendar 2026;Calendar +1
30-Apr-2025;Forward;5.247;Calendar 2027;Calendar +2
30-Apr-2025;Forward;4.986;Calendar 2028;Calendar +3
30-Apr-2025;Spot;5.868;30-Apr-2025;Spot
30-Apr-2025;PPA 40;5.970;10-Year Pay-as-Produced;PPA 40
30-Apr-2025;RED II;5.858;10-Year PPA Pay-as-Produced;RED II
29-Apr-2025;Forward;4.302;May 2025;Month +1
29-Apr-2025;Forward;4.996;June 2025;Month +2
29-Apr-2025;Forward;5.573;Q3 2025;Quarter +1
29-Apr-2025;Forward;6.712;Winter 2025;Season +1
29-Apr-2025;Forward;5.162;Summer 2026;Season +2
29-Apr-2025;Forward;5.864;Calendar 2026;Calendar +1
29-Apr-2025;Forward;5.294;Calendar 2027;Calendar +2
29-Apr-2025;Forward;5.018;Calendar 2028;Calendar +3
29-Apr-2025;Spot;5.991;29-Apr-2025;Spot
29-Apr-2025;PPA 40;5.976;10-Year Pay-as-Produced;PPA 40
29-Apr-2025;RED II;5.858;10-Year PPA Pay-as-Produced;RED II
28-Apr-2025;Spot;6.205;28-Apr-2025;Spot
27-Apr-2025;Spot;3.084;27-Apr-2025;Spot
26-Apr-2025;Forward;4.729;May 2025;Month +1
26-Apr-2025;Forward;5.159;June 2025;Month +2
26-Apr-2025;Forward;5.637;Q3 2025;Quarter +1
26-Apr-2025;Forward;6.778;Winter 2025;Season +1
26-Apr-2025;Forward;5.185;Summer 2026;Season +2
26-Apr-2025;Forward;5.892;Calendar 2026;Calendar +1
26-Apr-2025;Forward;5.299;Calendar 2027;Calendar +2
26-Apr-2025;Forward;5.026;Calendar 2028;Calendar +3
26-Apr-2025;Spot;4.275;26-Apr-2025;Spot
26-Apr-2025;PPA 40;5.973;10-Year Pay-as-Produced;PPA 40
26-Apr-2025;RED II;5.856;10-Year PPA Pay-as-Produced;RED II
25-Apr-2025;Forward;4.864;May 2025;Month +1
25-Apr-2025;Forward;5.226;June 2025;Month +2
25-Apr-2025;Forward;5.666;Q3 2025;Quarter +1
25-Apr-2025;Forward;6.784;Winter 2025;Season +1
25-Apr-2025;Forward;5.216;Summer 2026;Season +2
25-Apr-2025;Forward;5.923;Calendar 2026;Calendar +1
25-Apr-2025;Forward;5.324;Calendar 2027;Calendar +2
25-Apr-2025;Forward;5.037;Calendar 2028;Calendar +3
25-Apr-2025;Spot;6.773;25-Apr-2025;Spot
25-Apr-2025;PPA 40;5.988;10-Year Pay-as-Produced;PPA 40
25-Apr-2025;RED II;5.855;10-Year PPA Pay-as-Produced;RED II
24-Apr-2025;Forward;4.818;May 2025;Month +1
24-Apr-2025;Forward;5.185;June 2025;Month +2
24-Apr-2025;Forward;5.660;Q3 2025;Quarter +1
24-Apr-2025;Forward;6.804;Winter 2025;Season +1
24-Apr-2025;Forward;5.229;Summer 2026;Season +2
24-Apr-2025;Forward;5.917;Calendar 2026;Calendar +1
24-Apr-2025;Forward;5.320;Calendar 2027;Calendar +2
24-Apr-2025;Forward;5.032;Calendar 2028;Calendar +3
24-Apr-2025;Spot;7.115;24-Apr-2025;Spot
24-Apr-2025;PPA 40;5.994;10-Year Pay-as-Produced;PPA 40
24-Apr-2025;RED II;5.853;10-Year PPA Pay-as-Produced;RED II
23-Apr-2025;Forward;4.630;May 2025;Month +1
23-Apr-2025;Forward;5.124;June 2025;Month +2
23-Apr-2025;Forward;5.675;Q3 2025;Quarter +1
23-Apr-2025;Forward;6.743;Winter 2025;Season +1
23-Apr-2025;Forward;5.151;Summer 2026;Season +2
23-Apr-2025;Forward;5.869;Calendar 2026;Calendar +1
23-Apr-2025;Forward;5.278;Calendar 2027;Calendar +2
23-Apr-2025;Forward;5.001;Calendar 2028;Calendar +3
23-Apr-2025;Spot;8.044;23-Apr-2025;Spot
23-Apr-2025;PPA 40;5.975;10-Year Pay-as-Produced;PPA 40
23-Apr-2025;RED II;5.854;10-Year PPA Pay-as-Produced;RED II
22-Apr-2025;Spot;8.169;22-Apr-2025;Spot
21-Apr-2025;Spot;4.999;21-Apr-2025;Spot
20-Apr-2025;Spot;3.908;20-Apr-2025;Spot
19-Apr-2025;Spot;4.914;19-Apr-2025;Spot
18-Apr-2025;Forward;4.775;May 2025;Month +1
18-Apr-2025;Forward;5.231;June 2025;Month +2
18-Apr-2025;Forward;5.836;Q3 2025;Quarter +1
18-Apr-2025;Forward;6.926;Winter 2025;Season +1
18-Apr-2025;Forward;5.252;Summer 2026;Season +2
18-Apr-2025;Forward;5.976;Calendar 2026;Calendar +1
18-Apr-2025;Forward;5.369;Calendar 2027;Calendar +2
18-Apr-2025;Forward;5.059;Calendar 2028;Calendar +3
18-Apr-2025;Spot;6.669;18-Apr-2025;Spot
18-Apr-2025;PPA 40;5.998;10-Year Pay-as-Produced;PPA 40
18-Apr-2025;RED II;5.854;10-Year PPA Pay-as-Produced;RED II
17-Apr-2025;Forward;4.742;May 2025;Month +1
17-Apr-2025;Forward;5.222;June 2025;Month +2
17-Apr-2025;Forward;5.845;Q3 2025;Quarter +1
17-Apr-2025;Forward;6.931;Winter 2025;Season +1
17-Apr-2025;Forward;5.269;Summer 2026;Season +2
17-Apr-2025;Forward;5.996;Calendar 2026;Calendar +1
17-Apr-2025;Forward;5.366;Calendar 2027;Calendar +2
17-Apr-2025;Forward;5.074;Calendar 2028;Calendar +3
17-Apr-2025;Spot;6.049;17-Apr-2025;Spot
17-Apr-2025;PPA 40;6.001;10-Year Pay-as-Produced;PPA 40
17-Apr-2025;RED II;5.854;10-Year PPA Pay-as-Produced;RED II
16-Apr-2025;Forward;4.884;May 2025;Month +1
16-Apr-2025;Forward;5.094;June 2025;Month +2
16-Apr-2025;Forward;5.742;Q3 2025;Quarter +1
16-Apr-2025;Forward;6.831;Winter 2025;Season +1
16-Apr-2025;Forward;5.221;Summer 2026;Season +2
16-Apr-2025;Forward;5.936;Calendar 2026;Calendar +1
16-Apr-2025;Forward;5.335;Calendar 2027;Calendar +2
16-Apr-2025;Forward;5.052;Calendar 2028;Calendar +3
16-Apr-2025;Spot;6.310;16-Apr-2025;Spot
16-Apr-2025;PPA 40;5.990;10-Year Pay-as-Produced;PPA 40
16-Apr-2025;RED II;5.854;10-Year PPA Pay-as-Produced;RED II
15-Apr-2025;Forward;4.897;May 2025;Month +1
15-Apr-2025;Forward;5.068;June 2025;Month +2
15-Apr-2025;Forward;5.692;Q3 2025;Quarter +1
15-Apr-2025;Forward;6.833;Winter 2025;Season +1
15-Apr-2025;Forward;5.215;Summer 2026;Season +2
15-Apr-2025;Forward;5.937;Calendar 2026;Calendar +1
15-Apr-2025;Forward;5.280;Calendar 2027;Calendar +2
15-Apr-2025;Forward;5.033;Calendar 2028;Calendar +3
15-Apr-2025;Spot;7.324;15-Apr-2025;Spot
15-Apr-2025;PPA 40;5.985;10-Year Pay-as-Produced;PPA 40
15-Apr-2025;RED II;5.855;10-Year PPA Pay-as-Produced;RED II
14-Apr-2025;Spot;7.509;14-Apr-2025;Spot
13-Apr-2025;Spot;3.937;13-Apr-2025;Spot
12-Apr-2025;Forward;4.695;May 2025;Month +1
12-Apr-2025;Forward;4.854;June 2025;Month +2
12-Apr-2025;Forward;5.533;Q3 2025;Quarter +1
12-Apr-2025;Forward;6.721;Winter 2025;Season +1
12-Apr-2025;Forward;5.122;Summer 2026;Season +2
12-Apr-2025;Forward;5.842;Calendar 2026;Calendar +1
12-Apr-2025;Forward;5.251;Calendar 2027;Calendar +2
12-Apr-2025;Forward;5.002;Calendar 2028;Calendar +3
12-Apr-2025;Spot;5.241;12-Apr-2025;Spot
12-Apr-2025;PPA 40;5.961;10-Year Pay-as-Produced;PPA 40
12-Apr-2025;RED II;5.855;10-Year PPA Pay-as-Produced;RED II
11-Apr-2025;Forward;4.555;May 2025;Month +1
11-Apr-2025;Forward;4.769;June 2025;Month +2
11-Apr-2025;Forward;5.468;Q3 2025;Quarter +1
11-Apr-2025;Forward;6.641;Winter 2025;Season +1
11-Apr-2025;Forward;5.029;Summer 2026;Season +2
11-Apr-2025;Forward;5.759;Calendar 2026;Calendar +1
11-Apr-2025;Forward;5.178;Calendar 2027;Calendar +2
11-Apr-2025;Forward;4.970;Calendar 2028;Calendar +3
11-Apr-2025;Spot;5.246;11-Apr-2025;Spot
11-Apr-2025;PPA 40;5.929;10-Year Pay-as-Produced;PPA 40
11-Apr-2025;RED II;5.852;10-Year PPA Pay-as-Produced;RED II
10-Apr-2025;Forward;4.571;May 2025;Month +1
10-Apr-2025;Forward;4.767;June 2025;Month +2
10-Apr-2025;Forward;5.444;Q3 2025;Quarter +1
10-Apr-2025;Forward;6.605;Winter 2025;Season +1
10-Apr-2025;Forward;5.013;Summer 2026;Season +2
10-Apr-2025;Forward;5.697;Calendar 2026;Calendar +1
10-Apr-2025;Forward;5.178;Calendar 2027;Calendar +2
10-Apr-2025;Forward;4.964;Calendar 2028;Calendar +3
10-Apr-2025;Spot;6.820;10-Apr-2025;Spot
10-Apr-2025;PPA 40;5.927;10-Year Pay-as-Produced;PPA 40
10-Apr-2025;RED II;5.852;10-Year PPA Pay-as-Produced;RED II
09-Apr-2025;Forward;4.539;May 2025;Month +1
09-Apr-2025;Forward;4.796;June 2025;Month +2
09-Apr-2025;Forward;5.585;Q3 2025;Quarter +1
09-Apr-2025;Forward;6.762;Winter 2025;Season +1
09-Apr-2025;Forward;5.169;Summer 2026;Season +2
09-Apr-2025;Forward;5.882;Calendar 2026;Calendar +1
09-Apr-2025;Forward;5.200;Calendar 2027;Calendar +2
09-Apr-2025;Forward;4.975;Calendar 2028;Calendar +3
09-Apr-2025;Spot;7.381;9-Apr-2025;Spot
09-Apr-2025;PPA 40;6.026;10-Year Pay-as-Produced;PPA 40
09-Apr-2025;RED II;6.036;10-Year PPA Pay-as-Produced;RED II
08-Apr-2025;Forward;4.498;May 2025;Month +1
08-Apr-2025;Forward;4.879;June 2025;Month +2
08-Apr-2025;Forward;5.637;Q3 2025;Quarter +1
08-Apr-2025;Forward;6.817;Winter 2025;Season +1
08-Apr-2025;Forward;5.191;Summer 2026;Season +2
08-Apr-2025;Forward;5.918;Calendar 2026;Calendar +1
08-Apr-2025;Forward;5.272;Calendar 2027;Calendar +2
08-Apr-2025;Forward;5.007;Calendar 2028;Calendar +3
08-Apr-2025;Spot;7.885;8-Apr-2025;Spot
08-Apr-2025;PPA 40;6.020;10-Year Pay-as-Produced;PPA 40
08-Apr-2025;RED II;6.036;10-Year PPA Pay-as-Produced;RED II
07-Apr-2025;Spot;7.513;7-Apr-2025;Spot
06-Apr-2025;Spot;3.044;6-Apr-2025;Spot
05-Apr-2025;Forward;4.591;May 2025;Month +1
05-Apr-2025;Forward;4.879;June 2025;Month +2
05-Apr-2025;Forward;5.628;Q3 2025;Quarter +1
05-Apr-2025;Forward;6.727;Winter 2025;Season +1
05-Apr-2025;Forward;5.152;Summer 2026;Season +2
05-Apr-2025;Forward;5.864;Calendar 2026;Calendar +1
05-Apr-2025;Forward;5.207;Calendar 2027;Calendar +2
05-Apr-2025;Forward;4.917;Calendar 2028;Calendar +3
05-Apr-2025;Spot;4.348;5-Apr-2025;Spot
05-Apr-2025;PPA 40;5.958;10-Year Pay-as-Produced;PPA 40
05-Apr-2025;RED II;6.033;10-Year PPA Pay-as-Produced;RED II
04-Apr-2025;Forward;4.714;May 2025;Month +1
04-Apr-2025;Forward;4.975;June 2025;Month +2
04-Apr-2025;Forward;5.808;Q3 2025;Quarter +1
04-Apr-2025;Forward;6.980;Winter 2025;Season +1
04-Apr-2025;Forward;5.224;Summer 2026;Season +2
04-Apr-2025;Forward;5.985;Calendar 2026;Calendar +1
04-Apr-2025;Forward;5.255;Calendar 2027;Calendar +2
04-Apr-2025;Forward;4.965;Calendar 2028;Calendar +3
04-Apr-2025;Spot;6.257;4-Apr-2025;Spot
04-Apr-2025;PPA 40;5.988;10-Year Pay-as-Produced;PPA 40
04-Apr-2025;RED II;6.033;10-Year PPA Pay-as-Produced;RED II
03-Apr-2025;Forward;4.845;May 2025;Month +1
03-Apr-2025;Forward;5.181;June 2025;Month +2
03-Apr-2025;Forward;5.952;Q3 2025;Quarter +1
03-Apr-2025;Forward;7.173;Winter 2025;Season +1
03-Apr-2025;Forward;5.372;Summer 2026;Season +2
03-Apr-2025;Forward;6.133;Calendar 2026;Calendar +1
03-Apr-2025;Forward;5.312;Calendar 2027;Calendar +2
03-Apr-2025;Forward;5.017;Calendar 2028;Calendar +3
03-Apr-2025;Spot;6.027;3-Apr-2025;Spot
03-Apr-2025;PPA 40;6.013;10-Year Pay-as-Produced;PPA 40
03-Apr-2025;RED II;6.032;10-Year PPA Pay-as-Produced;RED II
02-Apr-2025;Forward;4.945;May 2025;Month +1
02-Apr-2025;Forward;5.236;June 2025;Month +2
02-Apr-2025;Forward;6.056;Q3 2025;Quarter +1
02-Apr-2025;Forward;7.278;Winter 2025;Season +1
02-Apr-2025;Forward;5.382;Summer 2026;Season +2
02-Apr-2025;Forward;6.164;Calendar 2026;Calendar +1
02-Apr-2025;Forward;5.322;Calendar 2027;Calendar +2
02-Apr-2025;Forward;5.016;Calendar 2028;Calendar +3
02-Apr-2025;Spot;7.360;2-Apr-2025;Spot
02-Apr-2025;PPA 40;6.015;10-Year Pay-as-Produced;PPA 40
02-Apr-2025;RED II;6.030;10-Year PPA Pay-as-Produced;RED II
01-Apr-2025;Forward;5.255;April 2025;Month +1
01-Apr-2025;Forward;4.822;May 2025;Month +2
01-Apr-2025;Forward;5.054;Q3 2025;Quarter +1
01-Apr-2025;Forward;5.493;Summer 2025;Season +1
01-Apr-2025;Forward;7.158;Winter 2025;Season +2
01-Apr-2025;Forward;6.075;Calendar 2026;Calendar +1
01-Apr-2025;Forward;5.249;Calendar 2027;Calendar +2
01-Apr-2025;Forward;4.952;Calendar 2028;Calendar +3
01-Apr-2025;Spot;7.684;1-Apr-2025;Spot
01-Apr-2025;PPA 40;5.987;10-Year Pay-as-Produced;PPA 40
01-Apr-2025;RED II;5.995;10-Year PPA Pay-as-Produced;RED II
31-Mar-2025;Spot;8.359;31-Mar-2025;Spot
30-Mar-2025;Spot;2.737;30-Mar-2025;Spot
29-Mar-2025;Forward;5.447;April 2025;Month +1
29-Mar-2025;Forward;4.926;May 2025;Month +2
29-Mar-2025;Forward;5.149;Q3 2025;Quarter +1
29-Mar-2025;Forward;5.562;Summer 2025;Season +1
29-Mar-2025;Forward;7.123;Winter 2025;Season +2
29-Mar-2025;Forward;6.015;Calendar 2026;Calendar +1
29-Mar-2025;Forward;5.247;Calendar 2027;Calendar +2
29-Mar-2025;Forward;4.962;Calendar 2028;Calendar +3
29-Mar-2025;Spot;8.097;29-Mar-2025;Spot
29-Mar-2025;PPA 40;5.978;10-Year Pay-as-Produced;PPA 40
29-Mar-2025;RED II;5.992;10-Year PPA Pay-as-Produced;RED II
28-Mar-2025;Forward;5.543;April 2025;Month +1
28-Mar-2025;Forward;4.922;May 2025;Month +2
28-Mar-2025;Forward;5.177;Q2 2025;Quarter +1
28-Mar-2025;Forward;5.606;Summer 2025;Season +1
28-Mar-2025;Forward;7.125;Winter 2025;Season +2
28-Mar-2025;Forward;6.046;Calendar 2026;Calendar +1
28-Mar-2025;Forward;5.266;Calendar 2027;Calendar +2
28-Mar-2025;Forward;4.957;Calendar 2028;Calendar +3
28-Mar-2025;Spot;8.223;28-Mar-2025;Spot
28-Mar-2025;PPA 40;5.966;10-Year Pay-as-Produced;PPA 40
28-Mar-2025;RED II;5.996;10-Year PPA Pay-as-Produced;RED II
27-Mar-2025;Forward;5.576;April 2025;Month +1
27-Mar-2025;Forward;4.895;May 2025;Month +2
27-Mar-2025;Forward;5.185;Q2 2025;Quarter +1
27-Mar-2025;Forward;5.587;Summer 2025;Season +1
27-Mar-2025;Forward;7.135;Winter 2025;Season +2
27-Mar-2025;Forward;6.034;Calendar 2026;Calendar +1
27-Mar-2025;Forward;5.287;Calendar 2027;Calendar +2
27-Mar-2025;Forward;4.961;Calendar 2028;Calendar +3
27-Mar-2025;Spot;8.106;27-Mar-2025;Spot
27-Mar-2025;PPA 40;5.965;10-Year Pay-as-Produced;PPA 40
27-Mar-2025;RED II;5.987;10-Year PPA Pay-as-Produced;RED II
26-Mar-2025;Forward;5.533;April 2025;Month +1
26-Mar-2025;Forward;4.818;May 2025;Month +2
26-Mar-2025;Forward;5.121;Q2 2025;Quarter +1
26-Mar-2025;Forward;5.564;Summer 2025;Season +1
26-Mar-2025;Forward;7.142;Winter 2025;Season +2
26-Mar-2025;Forward;6.010;Calendar 2026;Calendar +1
26-Mar-2025;Forward;5.274;Calendar 2027;Calendar +2
26-Mar-2025;Forward;4.968;Calendar 2028;Calendar +3
26-Mar-2025;Spot;8.572;26-Mar-2025;Spot
26-Mar-2025;PPA 40;5.874;10-Year Pay-as-Produced;PPA 40
26-Mar-2025;RED II;5.765;10-Year PPA Pay-as-Produced;RED II
25-Mar-2025;Forward;5.625;April 2025;Month +1
25-Mar-2025;Forward;4.919;May 2025;Month +2
25-Mar-2025;Forward;5.222;Q2 2025;Quarter +1
25-Mar-2025;Forward;5.677;Summer 2025;Season +1
25-Mar-2025;Forward;7.269;Winter 2025;Season +2
25-Mar-2025;Forward;6.115;Calendar 2026;Calendar +1
25-Mar-2025;Forward;5.319;Calendar 2027;Calendar +2
25-Mar-2025;Forward;4.978;Calendar 2028;Calendar +3
25-Mar-2025;Spot;8.954;25-Mar-2025;Spot
25-Mar-2025;PPA 40;5.891;10-Year Pay-as-Produced;PPA 40
25-Mar-2025;RED II;5.776;10-Year PPA Pay-as-Produced;RED II
24-Mar-2025;Spot;9.366;24-Mar-2025;Spot
23-Mar-2025;Spot;5.029;23-Mar-2025;Spot
22-Mar-2025;Forward;5.632;April 2025;Month +1
22-Mar-2025;Forward;4.933;May 2025;Month +2
22-Mar-2025;Forward;5.244;Q2 2025;Quarter +1
22-Mar-2025;Forward;5.700;Summer 2025;Season +1
22-Mar-2025;Forward;7.249;Winter 2025;Season +2
22-Mar-2025;Forward;6.104;Calendar 2026;Calendar +1
22-Mar-2025;Forward;5.350;Calendar 2027;Calendar +2
22-Mar-2025;Forward;5.016;Calendar 2028;Calendar +3
22-Mar-2025;Spot;7.043;22-Mar-2025;Spot
22-Mar-2025;PPA 40;5.913;10-Year Pay-as-Produced;PPA 40
22-Mar-2025;RED II;5.803;10-Year PPA Pay-as-Produced;RED II
21-Mar-2025;Forward;5.688;April 2025;Month +1
21-Mar-2025;Forward;5.023;May 2025;Month +2
21-Mar-2025;Forward;5.314;Q2 2025;Quarter +1
21-Mar-2025;Forward;5.757;Summer 2025;Season +1
21-Mar-2025;Forward;7.251;Winter 2025;Season +2
21-Mar-2025;Forward;6.109;Calendar 2026;Calendar +1
21-Mar-2025;Forward;5.367;Calendar 2027;Calendar +2
21-Mar-2025;Forward;5.015;Calendar 2028;Calendar +3
21-Mar-2025;Spot;7.740;21-Mar-2025;Spot
21-Mar-2025;PPA 40;5.932;10-Year Pay-as-Produced;PPA 40
21-Mar-2025;RED II;5.807;10-Year PPA Pay-as-Produced;RED II
20-Mar-2025;Forward;5.755;April 2025;Month +1
20-Mar-2025;Forward;5.034;May 2025;Month +2
20-Mar-2025;Forward;5.357;Q2 2025;Quarter +1
20-Mar-2025;Forward;5.781;Summer 2025;Season +1
20-Mar-2025;Forward;7.197;Winter 2025;Season +2
20-Mar-2025;Forward;6.070;Calendar 2026;Calendar +1
20-Mar-2025;Forward;5.340;Calendar 2027;Calendar +2
20-Mar-2025;Forward;5.053;Calendar 2028;Calendar +3
20-Mar-2025;Spot;9.153;20-Mar-2025;Spot
20-Mar-2025;PPA 40;5.939;10-Year Pay-as-Produced;PPA 40
20-Mar-2025;RED II;5.828;10-Year PPA Pay-as-Produced;RED II
19-Mar-2025;Forward;5.653;April 2025;Month +1
19-Mar-2025;Forward;4.946;May 2025;Month +2
19-Mar-2025;Forward;5.263;Q2 2025;Quarter +1
19-Mar-2025;Forward;5.629;Summer 2025;Season +1
19-Mar-2025;Forward;6.937;Winter 2025;Season +2
19-Mar-2025;Forward;5.889;Calendar 2026;Calendar +1
19-Mar-2025;Forward;5.212;Calendar 2027;Calendar +2
19-Mar-2025;Forward;4.979;Calendar 2028;Calendar +3
19-Mar-2025;Spot;7.948;19-Mar-2025;Spot
19-Mar-2025;PPA 40;5.871;10-Year Pay-as-Produced;PPA 40
19-Mar-2025;RED II;5.770;10-Year PPA Pay-as-Produced;RED II
18-Mar-2025;Forward;5.650;April 2025;Month +1
18-Mar-2025;Forward;4.891;May 2025;Month +2
18-Mar-2025;Forward;5.230;Q2 2025;Quarter +1
18-Mar-2025;Forward;5.603;Summer 2025;Season +1
18-Mar-2025;Forward;6.940;Winter 2025;Season +2
18-Mar-2025;Forward;5.839;Calendar 2026;Calendar +1
18-Mar-2025;Forward;5.177;Calendar 2027;Calendar +2
18-Mar-2025;Forward;4.969;Calendar 2028;Calendar +3
18-Mar-2025;Spot;7.161;18-Mar-2025;Spot
18-Mar-2025;PPA 40;5.848;10-Year Pay-as-Produced;PPA 40
18-Mar-2025;RED II;5.755;10-Year PPA Pay-as-Produced;RED II
17-Mar-2025;Spot;8.047;17-Mar-2025;Spot
16-Mar-2025;Spot;5.749;16-Mar-2025;Spot
15-Mar-2025;Forward;5.685;April 2025;Month +1
15-Mar-2025;Forward;4.899;May 2025;Month +2
15-Mar-2025;Forward;5.261;Q2 2025;Quarter +1
15-Mar-2025;Forward;5.634;Summer 2025;Season +1
15-Mar-2025;Forward;6.977;Winter 2025;Season +2
15-Mar-2025;Forward;5.920;Calendar 2026;Calendar +1
15-Mar-2025;Forward;5.215;Calendar 2027;Calendar +2
15-Mar-2025;Forward;5.045;Calendar 2028;Calendar +3
15-Mar-2025;Spot;7.163;15-Mar-2025;Spot
15-Mar-2025;PPA 40;5.893;10-Year Pay-as-Produced;PPA 40
15-Mar-2025;RED II;5.813;10-Year PPA Pay-as-Produced;RED II
14-Mar-2025;Forward;5.598;April 2025;Month +1
14-Mar-2025;Forward;4.841;May 2025;Month +2
14-Mar-2025;Forward;5.196;Q2 2025;Quarter +1
14-Mar-2025;Forward;5.582;Summer 2025;Season +1
14-Mar-2025;Forward;6.969;Winter 2025;Season +2
14-Mar-2025;Forward;5.935;Calendar 2026;Calendar +1
14-Mar-2025;Forward;5.235;Calendar 2027;Calendar +2
14-Mar-2025;Forward;5.009;Calendar 2028;Calendar +3
14-Mar-2025;Spot;9.080;14-Mar-2025;Spot
14-Mar-2025;PPA 40;5.882;10-Year Pay-as-Produced;PPA 40
14-Mar-2025;RED II;5.793;10-Year PPA Pay-as-Produced;RED II
13-Mar-2025;Forward;5.544;April 2025;Month +1
13-Mar-2025;Forward;4.831;May 2025;Month +2
13-Mar-2025;Forward;5.164;Q2 2025;Quarter +1
13-Mar-2025;Forward;5.551;Summer 2025;Season +1
13-Mar-2025;Forward;6.995;Winter 2025;Season +2
13-Mar-2025;Forward;5.918;Calendar 2026;Calendar +1
13-Mar-2025;Forward;5.207;Calendar 2027;Calendar +2
13-Mar-2025;Forward;4.973;Calendar 2028;Calendar +3
13-Mar-2025;Spot;9.657;13-Mar-2025;Spot
13-Mar-2025;PPA 40;5.858;10-Year Pay-as-Produced;PPA 40
13-Mar-2025;RED II;5.776;10-Year PPA Pay-as-Produced;RED II
12-Mar-2025;Forward;5.535;April 2025;Month +1
12-Mar-2025;Forward;4.838;May 2025;Month +2
12-Mar-2025;Forward;5.158;Q2 2025;Quarter +1
12-Mar-2025;Forward;5.534;Summer 2025;Season +1
12-Mar-2025;Forward;6.956;Winter 2025;Season +2
12-Mar-2025;Forward;5.910;Calendar 2026;Calendar +1
12-Mar-2025;Forward;5.234;Calendar 2027;Calendar +2
12-Mar-2025;Forward;4.986;Calendar 2028;Calendar +3
12-Mar-2025;Spot;8.854;12-Mar-2025;Spot
12-Mar-2025;PPA 40;5.859;10-Year Pay-as-Produced;PPA 40
12-Mar-2025;RED II;5.786;10-Year PPA Pay-as-Produced;RED II
11-Mar-2025;Forward;5.591;April 2025;Month +1
11-Mar-2025;Forward;4.832;May 2025;Month +2
11-Mar-2025;Forward;5.179;Q2 2025;Quarter +1
11-Mar-2025;Forward;5.537;Summer 2025;Season +1
11-Mar-2025;Forward;6.872;Winter 2025;Season +2
11-Mar-2025;Forward;5.915;Calendar 2026;Calendar +1
11-Mar-2025;Forward;5.225;Calendar 2027;Calendar +2
11-Mar-2025;Forward;5.013;Calendar 2028;Calendar +3
11-Mar-2025;Spot;9.074;11-Mar-2025;Spot
11-Mar-2025;PPA 40;5.885;10-Year Pay-as-Produced;PPA 40
11-Mar-2025;RED II;5.809;10-Year PPA Pay-as-Produced;RED II
10-Mar-2025;Spot;8.484;10-Mar-2025;Spot
09-Mar-2025;Spot;5.848;9-Mar-2025;Spot
08-Mar-2025;Forward;5.507;April 2025;Month +1
08-Mar-2025;Forward;4.783;May 2025;Month +2
08-Mar-2025;Forward;5.093;Q2 2025;Quarter +1
08-Mar-2025;Forward;5.450;Summer 2025;Season +1
08-Mar-2025;Forward;6.852;Winter 2025;Season +2
08-Mar-2025;Forward;5.853;Calendar 2026;Calendar +1
08-Mar-2025;Forward;5.198;Calendar 2027;Calendar +2
08-Mar-2025;Forward;5.025;Calendar 2028;Calendar +3
08-Mar-2025;Spot;7.595;8-Mar-2025;Spot
08-Mar-2025;PPA 40;5.861;10-Year Pay-as-Produced;PPA 40
08-Mar-2025;RED II;5.813;10-Year PPA Pay-as-Produced;RED II
07-Mar-2025;Forward;5.316;April 2025;Month +1
07-Mar-2025;Forward;4.691;May 2025;Month +2
07-Mar-2025;Forward;4.959;Q2 2025;Quarter +1
07-Mar-2025;Forward;5.277;Summer 2025;Season +1
07-Mar-2025;Forward;6.695;Winter 2025;Season +2
07-Mar-2025;Forward;5.733;Calendar 2026;Calendar +1
07-Mar-2025;Forward;5.066;Calendar 2027;Calendar +2
07-Mar-2025;Forward;4.931;Calendar 2028;Calendar +3
07-Mar-2025;Spot;9.008;7-Mar-2025;Spot
07-Mar-2025;PPA 40;5.799;10-Year Pay-as-Produced;PPA 40
07-Mar-2025;RED II;5.728;10-Year PPA Pay-as-Produced;RED II
06-Mar-2025;Forward;5.555;April 2025;Month +1
06-Mar-2025;Forward;4.733;May 2025;Month +2
06-Mar-2025;Forward;5.075;Q2 2025;Quarter +1
06-Mar-2025;Forward;5.426;Summer 2025;Season +1
06-Mar-2025;Forward;6.875;Winter 2025;Season +2
06-Mar-2025;Forward;5.830;Calendar 2026;Calendar +1
06-Mar-2025;Forward;5.092;Calendar 2027;Calendar +2
06-Mar-2025;Forward;4.955;Calendar 2028;Calendar +3
06-Mar-2025;Spot;8.596;6-Mar-2025;Spot
06-Mar-2025;PPA 40;5.817;10-Year Pay-as-Produced;PPA 40
06-Mar-2025;RED II;5.745;10-Year PPA Pay-as-Produced;RED II
05-Mar-2025;Forward;5.631;April 2025;Month +1
05-Mar-2025;Forward;4.808;May 2025;Month +2
05-Mar-2025;Forward;5.146;Q2 2025;Quarter +1
05-Mar-2025;Forward;5.519;Summer 2025;Season +1
05-Mar-2025;Forward;6.959;Winter 2025;Season +2
05-Mar-2025;Forward;5.888;Calendar 2026;Calendar +1
05-Mar-2025;Forward;5.185;Calendar 2027;Calendar +2
05-Mar-2025;Forward;5.000;Calendar 2028;Calendar +3
05-Mar-2025;Spot;7.597;5-Mar-2025;Spot
05-Mar-2025;PPA 40;5.846;10-Year Pay-as-Produced;PPA 40
05-Mar-2025;RED II;5.776;10-Year PPA Pay-as-Produced;RED II
04-Mar-2025;Forward;5.804;April 2025;Month +1
04-Mar-2025;Forward;4.922;May 2025;Month +2
04-Mar-2025;Forward;5.274;Q2 2025;Quarter +1
04-Mar-2025;Forward;5.652;Summer 2025;Season +1
04-Mar-2025;Forward;7.194;Winter 2025;Season +2
04-Mar-2025;Forward;6.030;Calendar 2026;Calendar +1
04-Mar-2025;Forward;5.290;Calendar 2027;Calendar +2
04-Mar-2025;Forward;5.037;Calendar 2028;Calendar +3
04-Mar-2025;Spot;8.611;4-Mar-2025;Spot
04-Mar-2025;PPA 40;5.889;10-Year Pay-as-Produced;PPA 40
04-Mar-2025;RED II;5.824;10-Year PPA Pay-as-Produced;RED II
03-Mar-2025;Spot;8.686;3-Mar-2025;Spot
02-Mar-2025;Spot;6.926;2-Mar-2025;Spot
01-Mar-2025;Forward;6.861;March 2025;Month +1
01-Mar-2025;Forward;5.684;April 2025;Month +2
01-Mar-2025;Forward;5.232;Q2 2025;Quarter +1
01-Mar-2025;Forward;5.629;Summer 2025;Season +1
01-Mar-2025;Forward;7.093;Winter 2025;Season +2
01-Mar-2025;Forward;5.973;Calendar 2026;Calendar +1
01-Mar-2025;Forward;5.255;Calendar 2027;Calendar +2
01-Mar-2025;Forward;5.069;Calendar 2028;Calendar +3
01-Mar-2025;Spot;9.996;1-Mar-2025;Spot
01-Mar-2025;PPA 40;5.902;10-Year Pay-as-Produced;PPA 40
01-Mar-2025;RED II;5.840;10-Year PPA Pay-as-Produced;RED II
28-Feb-2025;Forward;6.967;March 2025;Month +1
28-Feb-2025;Forward;5.684;April 2025;Month +2
28-Feb-2025;Forward;5.307;Q2 2025;Quarter +1
28-Feb-2025;Forward;5.711;Summer 2025;Season +1
28-Feb-2025;Forward;7.167;Winter 2025;Season +2
28-Feb-2025;Forward;6.060;Calendar 2026;Calendar +1
28-Feb-2025;Forward;5.321;Calendar 2027;Calendar +2
28-Feb-2025;Forward;5.091;Calendar 2028;Calendar +3
28-Feb-2025;Spot;9.207;28-Feb-2025;Spot
28-Feb-2025;PPA 40;5.922;10-Year Pay-as-Produced;PPA 40
28-Feb-2025;RED II;5.855;10-Year PPA Pay-as-Produced;RED II
27-Feb-2025;Forward;6.767;March 2025;Month +1
27-Feb-2025;Forward;5.485;April 2025;Month +2
27-Feb-2025;Forward;5.123;Q2 2025;Quarter +1
27-Feb-2025;Forward;5.538;Summer 2025;Season +1
27-Feb-2025;Forward;6.962;Winter 2025;Season +2
27-Feb-2025;Forward;5.868;Calendar 2026;Calendar +1
27-Feb-2025;Forward;5.186;Calendar 2027;Calendar +2
27-Feb-2025;Forward;4.964;Calendar 2028;Calendar +3
27-Feb-2025;Spot;9.038;27-Feb-2025;Spot
27-Feb-2025;PPA 40;5.845;10-Year Pay-as-Produced;PPA 40
27-Feb-2025;RED II;5.770;10-Year PPA Pay-as-Produced;RED II
26-Feb-2025;Forward;6.920;March 2025;Month +1
26-Feb-2025;Forward;5.578;April 2025;Month +2
26-Feb-2025;Forward;5.212;Q2 2025;Quarter +1
26-Feb-2025;Forward;5.643;Summer 2025;Season +1
26-Feb-2025;Forward;7.053;Winter 2025;Season +2
26-Feb-2025;Forward;5.956;Calendar 2026;Calendar +1
26-Feb-2025;Forward;5.268;Calendar 2027;Calendar +2
26-Feb-2025;Forward;5.069;Calendar 2028;Calendar +3
26-Feb-2025;Spot;9.523;26-Feb-2025;Spot
26-Feb-2025;PPA 40;5.910;10-Year Pay-as-Produced;PPA 40
26-Feb-2025;RED II;5.840;10-Year PPA Pay-as-Produced;RED II
25-Feb-2025;Forward;6.689;March 2025;Month +1
25-Feb-2025;Forward;5.722;April 2025;Month +2
25-Feb-2025;Forward;5.353;Q2 2025;Quarter +1
25-Feb-2025;Forward;5.778;Summer 2025;Season +1
25-Feb-2025;Forward;7.260;Winter 2025;Season +2
25-Feb-2025;Forward;6.093;Calendar 2026;Calendar +1
25-Feb-2025;Forward;5.334;Calendar 2027;Calendar +2
25-Feb-2025;Forward;5.068;Calendar 2028;Calendar +3
25-Feb-2025;Spot;9.953;25-Feb-2025;Spot
25-Feb-2025;PPA 40;5.935;10-Year Pay-as-Produced;PPA 40
25-Feb-2025;RED II;5.855;10-Year PPA Pay-as-Produced;RED II
24-Feb-2025;Spot;9.365;24-Feb-2025;Spot
23-Feb-2025;Spot;9.794;23-Feb-2025;Spot
22-Feb-2025;Forward;6.633;March 2025;Month +1
22-Feb-2025;Forward;5.630;April 2025;Month +2
22-Feb-2025;Forward;5.317;Q2 2025;Quarter +1
22-Feb-2025;Forward;5.762;Summer 2025;Season +1
22-Feb-2025;Forward;7.246;Winter 2025;Season +2
22-Feb-2025;Forward;6.098;Calendar 2026;Calendar +1
22-Feb-2025;Forward;5.375;Calendar 2027;Calendar +2
22-Feb-2025;Forward;5.139;Calendar 2028;Calendar +3
22-Feb-2025;Spot;7.690;22-Feb-2025;Spot
22-Feb-2025;PPA 40;5.973;10-Year Pay-as-Produced;PPA 40
22-Feb-2025;RED II;5.898;10-Year PPA Pay-as-Produced;RED II
21-Feb-2025;Forward;6.616;March 2025;Month +1
21-Feb-2025;Forward;5.653;April 2025;Month +2
21-Feb-2025;Forward;5.331;Q2 2025;Quarter +1
21-Feb-2025;Forward;5.773;Summer 2025;Season +1
21-Feb-2025;Forward;7.253;Winter 2025;Season +2
21-Feb-2025;Forward;6.082;Calendar 2026;Calendar +1
21-Feb-2025;Forward;5.384;Calendar 2027;Calendar +2
21-Feb-2025;Forward;5.097;Calendar 2028;Calendar +3
21-Feb-2025;Spot;8.521;21-Feb-2025;Spot
21-Feb-2025;PPA 40;5.947;10-Year Pay-as-Produced;PPA 40
21-Feb-2025;RED II;5.867;10-Year PPA Pay-as-Produced;RED II
20-Feb-2025;Forward;6.708;March 2025;Month +1
20-Feb-2025;Forward;5.756;April 2025;Month +2
20-Feb-2025;Forward;5.411;Q2 2025;Quarter +1
20-Feb-2025;Forward;5.838;Summer 2025;Season +1
20-Feb-2025;Forward;7.335;Winter 2025;Season +2
20-Feb-2025;Forward;6.144;Calendar 2026;Calendar +1
20-Feb-2025;Forward;5.417;Calendar 2027;Calendar +2
20-Feb-2025;Forward;5.089;Calendar 2028;Calendar +3
20-Feb-2025;Spot;9.463;20-Feb-2025;Spot
20-Feb-2025;PPA 40;5.962;10-Year Pay-as-Produced;PPA 40
20-Feb-2025;RED II;5.877;10-Year PPA Pay-as-Produced;RED II
19-Feb-2025;Forward;6.813;March 2025;Month +1
19-Feb-2025;Forward;5.787;April 2025;Month +2
19-Feb-2025;Forward;5.515;Q2 2025;Quarter +1
19-Feb-2025;Forward;5.930;Summer 2025;Season +1
19-Feb-2025;Forward;7.391;Winter 2025;Season +2
19-Feb-2025;Forward;6.194;Calendar 2026;Calendar +1
19-Feb-2025;Forward;5.444;Calendar 2027;Calendar +2
19-Feb-2025;Forward;5.133;Calendar 2028;Calendar +3
19-Feb-2025;Spot;9.447;19-Feb-2025;Spot
19-Feb-2025;PPA 40;5.988;10-Year Pay-as-Produced;PPA 40
19-Feb-2025;RED II;5.904;10-Year PPA Pay-as-Produced;RED II
18-Feb-2025;Forward;6.637;March 2025;Month +1
18-Feb-2025;Forward;5.740;April 2025;Month +2
18-Feb-2025;Forward;5.459;Q2 2025;Quarter +1
18-Feb-2025;Forward;5.871;Summer 2025;Season +1
18-Feb-2025;Forward;7.339;Winter 2025;Season +2
18-Feb-2025;Forward;6.162;Calendar 2026;Calendar +1
18-Feb-2025;Forward;5.436;Calendar 2027;Calendar +2
18-Feb-2025;Forward;5.092;Calendar 2028;Calendar +3
18-Feb-2025;Spot;10.627;18-Feb-2025;Spot
18-Feb-2025;PPA 40;5.984;10-Year Pay-as-Produced;PPA 40
18-Feb-2025;RED II;5.883;10-Year PPA Pay-as-Produced;RED II
17-Feb-2025;Spot;10.660;17-Feb-2025;Spot
16-Feb-2025;Spot;10.638;16-Feb-2025;Spot
15-Feb-2025;Forward;6.995;March 2025;Month +1
15-Feb-2025;Forward;5.952;April 2025;Month +2
15-Feb-2025;Forward;5.631;Q2 2025;Quarter +1
15-Feb-2025;Forward;6.040;Summer 2025;Season +1
15-Feb-2025;Forward;7.589;Winter 2025;Season +2
15-Feb-2025;Forward;6.385;Calendar 2026;Calendar +1
15-Feb-2025;Forward;5.516;Calendar 2027;Calendar +2
15-Feb-2025;Forward;5.179;Calendar 2028;Calendar +3
15-Feb-2025;Spot;9.337;15-Feb-2025;Spot
15-Feb-2025;PPA 40;6.025;10-Year Pay-as-Produced;PPA 40
15-Feb-2025;RED II;5.946;10-Year PPA Pay-as-Produced;RED II
14-Feb-2025;Forward;6.960;March 2025;Month +1
14-Feb-2025;Forward;5.939;April 2025;Month +2
14-Feb-2025;Forward;5.608;Q2 2025;Quarter +1
14-Feb-2025;Forward;6.018;Summer 2025;Season +1
14-Feb-2025;Forward;7.669;Winter 2025;Season +2
14-Feb-2025;Forward;6.418;Calendar 2026;Calendar +1
14-Feb-2025;Forward;5.491;Calendar 2027;Calendar +2
14-Feb-2025;Forward;5.145;Calendar 2028;Calendar +3
14-Feb-2025;Spot;11.724;14-Feb-2025;Spot
14-Feb-2025;PPA 40;6.004;10-Year Pay-as-Produced;PPA 40
14-Feb-2025;RED II;5.929;10-Year PPA Pay-as-Produced;RED II
13-Feb-2025;Forward;7.394;March 2025;Month +1
13-Feb-2025;Forward;6.183;April 2025;Month +2
13-Feb-2025;Forward;5.851;Q2 2025;Quarter +1
13-Feb-2025;Forward;6.301;Summer 2025;Season +1
13-Feb-2025;Forward;7.959;Winter 2025;Season +2
13-Feb-2025;Forward;6.666;Calendar 2026;Calendar +1
13-Feb-2025;Forward;5.698;Calendar 2027;Calendar +2
13-Feb-2025;Forward;5.281;Calendar 2028;Calendar +3
13-Feb-2025;Spot;11.889;13-Feb-2025;Spot
13-Feb-2025;PPA 40;6.127;10-Year Pay-as-Produced;PPA 40
13-Feb-2025;RED II;6.047;10-Year PPA Pay-as-Produced;RED II
12-Feb-2025;Forward;7.537;March 2025;Month +1
12-Feb-2025;Forward;6.330;April 2025;Month +2
12-Feb-2025;Forward;5.999;Q2 2025;Quarter +1
12-Feb-2025;Forward;6.443;Summer 2025;Season +1
12-Feb-2025;Forward;7.986;Winter 2025;Season +2
12-Feb-2025;Forward;6.754;Calendar 2026;Calendar +1
12-Feb-2025;Forward;5.745;Calendar 2027;Calendar +2
12-Feb-2025;Forward;5.316;Calendar 2028;Calendar +3
12-Feb-2025;Spot;10.753;12-Feb-2025;Spot
12-Feb-2025;PPA 40;6.166;10-Year Pay-as-Produced;PPA 40
12-Feb-2025;RED II;6.086;10-Year PPA Pay-as-Produced;RED II
11-Feb-2025;Forward;7.551;March 2025;Month +1
11-Feb-2025;Forward;6.347;April 2025;Month +2
11-Feb-2025;Forward;6.025;Q2 2025;Quarter +1
11-Feb-2025;Forward;6.458;Summer 2025;Season +1
11-Feb-2025;Forward;7.967;Winter 2025;Season +2
11-Feb-2025;Forward;6.750;Calendar 2026;Calendar +1
11-Feb-2025;Forward;5.769;Calendar 2027;Calendar +2
11-Feb-2025;Forward;5.327;Calendar 2028;Calendar +3
11-Feb-2025;Spot;9.753;11-Feb-2025;Spot
11-Feb-2025;PPA 40;6.172;10-Year Pay-as-Produced;PPA 40
11-Feb-2025;RED II;6.091;10-Year PPA Pay-as-Produced;RED II
10-Feb-2025;Spot;10.170;10-Feb-2025;Spot
09-Feb-2025;Spot;9.413;9-Feb-2025;Spot
08-Feb-2025;Forward;7.423;March 2025;Month +1
08-Feb-2025;Forward;6.221;April 2025;Month +2
08-Feb-2025;Forward;5.928;Q2 2025;Quarter +1
08-Feb-2025;Forward;6.359;Summer 2025;Season +1
08-Feb-2025;Forward;7.853;Winter 2025;Season +2
08-Feb-2025;Forward;6.668;Calendar 2026;Calendar +1
08-Feb-2025;Forward;5.706;Calendar 2027;Calendar +2
08-Feb-2025;Forward;5.264;Calendar 2028;Calendar +3
08-Feb-2025;Spot;7.979;8-Feb-2025;Spot
08-Feb-2025;PPA 40;6.110;10-Year Pay-as-Produced;PPA 40
08-Feb-2025;RED II;6.049;10-Year PPA Pay-as-Produced;RED II
07-Feb-2025;Forward;7.352;March 2025;Month +1
07-Feb-2025;Forward;6.178;April 2025;Month +2
07-Feb-2025;Forward;5.888;Q2 2025;Quarter +1
07-Feb-2025;Forward;6.312;Summer 2025;Season +1
07-Feb-2025;Forward;7.789;Winter 2025;Season +2
07-Feb-2025;Forward;6.619;Calendar 2026;Calendar +1
07-Feb-2025;Forward;5.679;Calendar 2027;Calendar +2
07-Feb-2025;Forward;5.252;Calendar 2028;Calendar +3
07-Feb-2025;Spot;9.067;7-Feb-2025;Spot
07-Feb-2025;PPA 40;6.095;10-Year Pay-as-Produced;PPA 40
07-Feb-2025;RED II;6.037;10-Year PPA Pay-as-Produced;RED II
06-Feb-2025;Forward;7.232;March 2025;Month +1
06-Feb-2025;Forward;6.120;April 2025;Month +2
06-Feb-2025;Forward;5.839;Q2 2025;Quarter +1
06-Feb-2025;Forward;6.256;Summer 2025;Season +1
06-Feb-2025;Forward;7.694;Winter 2025;Season +2
06-Feb-2025;Forward;6.572;Calendar 2026;Calendar +1
06-Feb-2025;Forward;5.586;Calendar 2027;Calendar +2
06-Feb-2025;Forward;5.205;Calendar 2028;Calendar +3
06-Feb-2025;Spot;10.344;6-Feb-2025;Spot
06-Feb-2025;PPA 40;6.059;10-Year Pay-as-Produced;PPA 40
06-Feb-2025;RED II;5.999;10-Year PPA Pay-as-Produced;RED II
05-Feb-2025;Forward;7.105;March 2025;Month +1
05-Feb-2025;Forward;6.044;April 2025;Month +2
05-Feb-2025;Forward;5.759;Q2 2025;Quarter +1
05-Feb-2025;Forward;6.175;Summer 2025;Season +1
05-Feb-2025;Forward;7.590;Winter 2025;Season +2
05-Feb-2025;Forward;6.503;Calendar 2026;Calendar +1
05-Feb-2025;Forward;5.556;Calendar 2027;Calendar +2
05-Feb-2025;Forward;5.182;Calendar 2028;Calendar +3
05-Feb-2025;Spot;9.978;5-Feb-2025;Spot
05-Feb-2025;PPA 40;6.027;10-Year Pay-as-Produced;PPA 40
05-Feb-2025;RED II;5.973;10-Year PPA Pay-as-Produced;RED II
04-Feb-2025;Forward;7.267;March 2025;Month +1
04-Feb-2025;Forward;6.181;April 2025;Month +2
04-Feb-2025;Forward;5.879;Q2 2025;Quarter +1
04-Feb-2025;Forward;6.293;Summer 2025;Season +1
04-Feb-2025;Forward;7.576;Winter 2025;Season +2
04-Feb-2025;Forward;6.531;Calendar 2026;Calendar +1
04-Feb-2025;Forward;5.536;Calendar 2027;Calendar +2
04-Feb-2025;Forward;5.166;Calendar 2028;Calendar +3
04-Feb-2025;Spot;10.021;4-Feb-2025;Spot
04-Feb-2025;PPA 40;6.028;10-Year Pay-as-Produced;PPA 40
04-Feb-2025;RED II;5.952;10-Year PPA Pay-as-Produced;RED II
03-Feb-2025;Spot;10.785;3-Feb-2025;Spot
02-Feb-2025;Spot;10.047;2-Feb-2025;Spot
01-Feb-2025;Forward;8.620;February 2025;Month +1
01-Feb-2025;Forward;7.367;March 2025;Month +2
01-Feb-2025;Forward;6.070;Q2 2025;Quarter +1
01-Feb-2025;Forward;6.481;Summer 2025;Season +1
01-Feb-2025;Forward;7.695;Winter 2025;Season +2
01-Feb-2025;Forward;6.653;Calendar 2026;Calendar +1
01-Feb-2025;Forward;5.656;Calendar 2027;Calendar +2
01-Feb-2025;Forward;5.250;Calendar 2028;Calendar +3
01-Feb-2025;Spot;9.378;1-Feb-2025;Spot
01-Feb-2025;PPA 40;6.085;10-Year Pay-as-Produced;PPA 40
01-Feb-2025;RED II;5.993;10-Year PPA Pay-as-Produced;RED II
31-Jan-2025;Forward;8.783;February 2025;Month +1
31-Jan-2025;Forward;7.143;March 2025;Month +2
31-Jan-2025;Forward;5.976;Q2 2025;Quarter +1
31-Jan-2025;Forward;6.392;Summer 2025;Season +1
31-Jan-2025;Forward;7.528;Winter 2025;Season +2
31-Jan-2025;Forward;6.522;Calendar 2026;Calendar +1
31-Jan-2025;Forward;5.607;Calendar 2027;Calendar +2
31-Jan-2025;Forward;5.186;Calendar 2028;Calendar +3
31-Jan-2025;Spot;9.218;31-Jan-2025;Spot
31-Jan-2025;PPA 40;6.030;10-Year Pay-as-Produced;PPA 40
31-Jan-2025;RED II;5.946;10-Year PPA Pay-as-Produced;RED II
30-Jan-2025;Forward;8.758;February 2025;Month +1
30-Jan-2025;Forward;7.075;March 2025;Month +2
30-Jan-2025;Forward;5.986;Q2 2025;Quarter +1
30-Jan-2025;Forward;6.399;Summer 2025;Season +1
30-Jan-2025;Forward;7.517;Winter 2025;Season +2
30-Jan-2025;Forward;6.519;Calendar 2026;Calendar +1
30-Jan-2025;Forward;5.624;Calendar 2027;Calendar +2
30-Jan-2025;Forward;5.174;Calendar 2028;Calendar +3
30-Jan-2025;Spot;8.670;30-Jan-2025;Spot
30-Jan-2025;PPA 40;6.020;10-Year Pay-as-Produced;PPA 40
30-Jan-2025;RED II;5.946;10-Year PPA Pay-as-Produced;RED II
29-Jan-2025;Forward;8.214;February 2025;Month +1
29-Jan-2025;Forward;6.745;March 2025;Month +2
29-Jan-2025;Forward;5.764;Q2 2025;Quarter +1
29-Jan-2025;Forward;6.186;Summer 2025;Season +1
29-Jan-2025;Forward;7.314;Winter 2025;Season +2
29-Jan-2025;Forward;6.396;Calendar 2026;Calendar +1
29-Jan-2025;Forward;5.528;Calendar 2027;Calendar +2
29-Jan-2025;Forward;5.136;Calendar 2028;Calendar +3
29-Jan-2025;Spot;8.232;29-Jan-2025;Spot
29-Jan-2025;PPA 40;5.978;10-Year Pay-as-Produced;PPA 40
29-Jan-2025;RED II;5.898;10-Year PPA Pay-as-Produced;RED II
28-Jan-2025;Forward;8.130;February 2025;Month +1
28-Jan-2025;Forward;6.681;March 2025;Month +2
28-Jan-2025;Forward;5.733;Q2 2025;Quarter +1
28-Jan-2025;Forward;6.143;Summer 2025;Season +1
28-Jan-2025;Forward;7.283;Winter 2025;Season +2
28-Jan-2025;Forward;6.348;Calendar 2026;Calendar +1
28-Jan-2025;Forward;5.484;Calendar 2027;Calendar +2
28-Jan-2025;Forward;5.085;Calendar 2028;Calendar +3
28-Jan-2025;Spot;8.631;28-Jan-2025;Spot
28-Jan-2025;PPA 40;5.932;10-Year Pay-as-Produced;PPA 40
28-Jan-2025;RED II;5.860;10-Year PPA Pay-as-Produced;RED II
27-Jan-2025;Spot;8.630;27-Jan-2025;Spot
26-Jan-2025;Spot;8.661;26-Jan-2025;Spot
25-Jan-2025;Forward;8.325;February 2025;Month +1
25-Jan-2025;Forward;6.815;March 2025;Month +2
25-Jan-2025;Forward;5.869;Q2 2025;Quarter +1
25-Jan-2025;Forward;6.280;Summer 2025;Season +1
25-Jan-2025;Forward;7.445;Winter 2025;Season +2
25-Jan-2025;Forward;6.458;Calendar 2026;Calendar +1
25-Jan-2025;Forward;5.560;Calendar 2027;Calendar +2
25-Jan-2025;Forward;5.092;Calendar 2028;Calendar +3
25-Jan-2025;Spot;8.349;25-Jan-2025;Spot
25-Jan-2025;PPA 40;5.951;10-Year Pay-as-Produced;PPA 40
25-Jan-2025;RED II;5.883;10-Year PPA Pay-as-Produced;RED II
24-Jan-2025;Forward;8.173;February 2025;Month +1
24-Jan-2025;Forward;6.768;March 2025;Month +2
24-Jan-2025;Forward;5.811;Q2 2025;Quarter +1
24-Jan-2025;Forward;6.233;Summer 2025;Season +1
24-Jan-2025;Forward;7.381;Winter 2025;Season +2
24-Jan-2025;Forward;6.407;Calendar 2026;Calendar +1
24-Jan-2025;Forward;5.512;Calendar 2027;Calendar +2
24-Jan-2025;Forward;5.060;Calendar 2028;Calendar +3
24-Jan-2025;Spot;8.975;24-Jan-2025;Spot
24-Jan-2025;PPA 40;5.930;10-Year Pay-as-Produced;PPA 40
24-Jan-2025;RED II;5.855;10-Year PPA Pay-as-Produced;RED II
23-Jan-2025;Forward;7.987;February 2025;Month +1
23-Jan-2025;Forward;6.749;March 2025;Month +2
23-Jan-2025;Forward;5.724;Q2 2025;Quarter +1
23-Jan-2025;Forward;6.134;Summer 2025;Season +1
23-Jan-2025;Forward;7.310;Winter 2025;Season +2
23-Jan-2025;Forward;6.371;Calendar 2026;Calendar +1
23-Jan-2025;Forward;5.508;Calendar 2027;Calendar +2
23-Jan-2025;Forward;5.087;Calendar 2028;Calendar +3
23-Jan-2025;Spot;9.600;23-Jan-2025;Spot
23-Jan-2025;PPA 40;5.946;10-Year Pay-as-Produced;PPA 40
23-Jan-2025;RED II;5.871;10-Year PPA Pay-as-Produced;RED II
22-Jan-2025;Forward;8.150;February 2025;Month +1
22-Jan-2025;Forward;6.800;March 2025;Month +2
22-Jan-2025;Forward;5.831;Q2 2025;Quarter +1
22-Jan-2025;Forward;6.231;Summer 2025;Season +1
22-Jan-2025;Forward;7.523;Winter 2025;Season +2
22-Jan-2025;Forward;6.542;Calendar 2026;Calendar +1
22-Jan-2025;Forward;5.634;Calendar 2027;Calendar +2
22-Jan-2025;Forward;5.223;Calendar 2028;Calendar +3
22-Jan-2025;Spot;11.218;22-Jan-2025;Spot
22-Jan-2025;PPA 40;6.034;10-Year Pay-as-Produced;PPA 40
22-Jan-2025;RED II;5.973;10-Year PPA Pay-as-Produced;RED II
21-Jan-2025;Forward;7.952;February 2025;Month +1
21-Jan-2025;Forward;6.709;March 2025;Month +2
21-Jan-2025;Forward;5.687;Q2 2025;Quarter +1
21-Jan-2025;Forward;6.109;Summer 2025;Season +1
21-Jan-2025;Forward;7.479;Winter 2025;Season +2
21-Jan-2025;Forward;6.502;Calendar 2026;Calendar +1
21-Jan-2025;Forward;5.660;Calendar 2027;Calendar +2
21-Jan-2025;Forward;5.251;Calendar 2028;Calendar +3
21-Jan-2025;Spot;11.320;21-Jan-2025;Spot
21-Jan-2025;PPA 40;6.058;10-Year Pay-as-Produced;PPA 40
21-Jan-2025;RED II;5.989;10-Year PPA Pay-as-Produced;RED II
20-Jan-2025;Spot;15.372;20-Jan-2025;Spot
19-Jan-2025;Spot;9.267;19-Jan-2025;Spot
18-Jan-2025;Forward;7.762;February 2025;Month +1
18-Jan-2025;Forward;6.586;March 2025;Month +2
18-Jan-2025;Forward;5.638;Q2 2025;Quarter +1
18-Jan-2025;Forward;6.052;Summer 2025;Season +1
18-Jan-2025;Forward;7.446;Winter 2025;Season +2
18-Jan-2025;Forward;6.474;Calendar 2026;Calendar +1
18-Jan-2025;Forward;5.640;Calendar 2027;Calendar +2
18-Jan-2025;Forward;5.276;Calendar 2028;Calendar +3
18-Jan-2025;Spot;9.220;18-Jan-2025;Spot
18-Jan-2025;PPA 40;6.067;10-Year Pay-as-Produced;PPA 40
18-Jan-2025;RED II;5.993;10-Year PPA Pay-as-Produced;RED II
17-Jan-2025;Forward;7.722;February 2025;Month +1
17-Jan-2025;Forward;6.536;March 2025;Month +2
17-Jan-2025;Forward;5.540;Q2 2025;Quarter +1
17-Jan-2025;Forward;5.967;Summer 2025;Season +1
17-Jan-2025;Forward;7.333;Winter 2025;Season +2
17-Jan-2025;Forward;6.409;Calendar 2026;Calendar +1
17-Jan-2025;Forward;5.595;Calendar 2027;Calendar +2
17-Jan-2025;Forward;5.163;Calendar 2028;Calendar +3
17-Jan-2025;Spot;10.027;17-Jan-2025;Spot
17-Jan-2025;PPA 40;6.019;10-Year Pay-as-Produced;PPA 40
17-Jan-2025;RED II;5.925;10-Year PPA Pay-as-Produced;RED II
16-Jan-2025;Forward;7.759;February 2025;Month +1
16-Jan-2025;Forward;6.592;March 2025;Month +2
16-Jan-2025;Forward;5.575;Q2 2025;Quarter +1
16-Jan-2025;Forward;6.011;Summer 2025;Season +1
16-Jan-2025;Forward;7.376;Winter 2025;Season +2
16-Jan-2025;Forward;6.400;Calendar 2026;Calendar +1
16-Jan-2025;Forward;5.585;Calendar 2027;Calendar +2
16-Jan-2025;Forward;5.186;Calendar 2028;Calendar +3
16-Jan-2025;Spot;10.425;16-Jan-2025;Spot
16-Jan-2025;PPA 40;6.026;10-Year Pay-as-Produced;PPA 40
16-Jan-2025;RED II;5.935;10-Year PPA Pay-as-Produced;RED II
15-Jan-2025;Forward;7.653;February 2025;Month +1
15-Jan-2025;Forward;6.527;March 2025;Month +2
15-Jan-2025;Forward;5.538;Q2 2025;Quarter +1
15-Jan-2025;Forward;5.961;Summer 2025;Season +1
15-Jan-2025;Forward;7.313;Winter 2025;Season +2
15-Jan-2025;Forward;6.387;Calendar 2026;Calendar +1
15-Jan-2025;Forward;5.533;Calendar 2027;Calendar +2
15-Jan-2025;Forward;5.133;Calendar 2028;Calendar +3
15-Jan-2025;Spot;14.935;15-Jan-2025;Spot
15-Jan-2025;PPA 40;6.014;10-Year Pay-as-Produced;PPA 40
15-Jan-2025;RED II;5.902;10-Year PPA Pay-as-Produced;RED II
14-Jan-2025;Forward;7.744;February 2025;Month +1
14-Jan-2025;Forward;6.658;March 2025;Month +2
14-Jan-2025;Forward;5.628;Q2 2025;Quarter +1
14-Jan-2025;Forward;6.072;Summer 2025;Season +1
14-Jan-2025;Forward;7.451;Winter 2025;Season +2
14-Jan-2025;Forward;6.423;Calendar 2026;Calendar +1
14-Jan-2025;Forward;5.577;Calendar 2027;Calendar +2
14-Jan-2025;Forward;5.166;Calendar 2028;Calendar +3
14-Jan-2025;Spot;9.398;14-Jan-2025;Spot
14-Jan-2025;PPA 40;6.027;10-Year Pay-as-Produced;PPA 40
14-Jan-2025;RED II;5.935;10-Year PPA Pay-as-Produced;RED II
13-Jan-2025;Spot;9.497;13-Jan-2025;Spot
12-Jan-2025;Spot;8.569;12-Jan-2025;Spot
11-Jan-2025;Forward;7.293;February 2025;Month +1
11-Jan-2025;Forward;6.371;March 2025;Month +2
11-Jan-2025;Forward;5.404;Q2 2025;Quarter +1
11-Jan-2025;Forward;5.839;Summer 2025;Season +1
11-Jan-2025;Forward;7.194;Winter 2025;Season +2
11-Jan-2025;Forward;6.249;Calendar 2026;Calendar +1
11-Jan-2025;Forward;5.491;Calendar 2027;Calendar +2
11-Jan-2025;Forward;5.094;Calendar 2028;Calendar +3
11-Jan-2025;Spot;7.717;11-Jan-2025;Spot
11-Jan-2025;PPA 40;5.991;10-Year Pay-as-Produced;PPA 40
11-Jan-2025;RED II;5.877;10-Year PPA Pay-as-Produced;RED II
10-Jan-2025;Forward;7.349;February 2025;Month +1
10-Jan-2025;Forward;6.395;March 2025;Month +2
10-Jan-2025;Forward;5.409;Q2 2025;Quarter +1
10-Jan-2025;Forward;5.838;Summer 2025;Season +1
10-Jan-2025;Forward;7.192;Winter 2025;Season +2
10-Jan-2025;Forward;6.201;Calendar 2026;Calendar +1
10-Jan-2025;Forward;5.483;Calendar 2027;Calendar +2
10-Jan-2025;Forward;5.115;Calendar 2028;Calendar +3
10-Jan-2025;Spot;8.400;10-Jan-2025;Spot
10-Jan-2025;PPA 40;5.990;10-Year Pay-as-Produced;PPA 40
10-Jan-2025;RED II;5.887;10-Year PPA Pay-as-Produced;RED II
20-Dec-2024;Forward;7.397;January 2025;Month +1
20-Dec-2024;Forward;7.600;February 2025;Month +2
20-Dec-2024;Forward;7.156;Q1 2025;Quarter +1
20-Dec-2024;Forward;5.728;Summer 2025;Season +1
20-Dec-2024;Forward;6.998;Winter 2025;Season +2
20-Dec-2024;Forward;6.403;Calendar 2025;Calendar +1
20-Dec-2024;Forward;5.794;Calendar 2026;Calendar +2
20-Dec-2024;Forward;5.306;Calendar 2027;Calendar +3
20-Dec-2024;Spot;7.677;20-Dec-2024;Spot
20-Dec-2024;PPA 40;6.053;10-Year Pay-as-Produced;PPA 40
20-Dec-2024;RED II;6.048;10-Year PPA Pay-as-Produced;RED II
19-Dec-2024;Forward;7.032;January 2025;Month +1
19-Dec-2024;Forward;7.356;February 2025;Month +2
19-Dec-2024;Forward;6.884;Q1 2025;Quarter +1
19-Dec-2024;Forward;5.545;Summer 2025;Season +1
19-Dec-2024;Forward;6.773;Winter 2025;Season +2
19-Dec-2024;Forward;6.183;Calendar 2025;Calendar +1
19-Dec-2024;Forward;5.698;Calendar 2026;Calendar +2
19-Dec-2024;Forward;5.227;Calendar 2027;Calendar +3
19-Dec-2024;Spot;8.093;19-Dec-2024;Spot
19-Dec-2024;PPA 40;5.989;10-Year Pay-as-Produced;PPA 40
19-Dec-2024;RED II;5.978;10-Year PPA Pay-as-Produced;RED II
18-Dec-2024;Forward;7.156;January 2025;Month +1
18-Dec-2024;Forward;7.514;February 2025;Month +2
18-Dec-2024;Forward;6.998;Q1 2025;Quarter +1
18-Dec-2024;Forward;5.609;Summer 2025;Season +1
18-Dec-2024;Forward;6.607;Winter 2025;Season +2
18-Dec-2024;Forward;6.246;Calendar 2025;Calendar +1
18-Dec-2024;Forward;5.762;Calendar 2026;Calendar +2
18-Dec-2024;Forward;5.265;Calendar 2027;Calendar +3
18-Dec-2024;Spot;8.743;18-Dec-2024;Spot
18-Dec-2024;PPA 40;6.035;10-Year Pay-as-Produced;PPA 40
18-Dec-2024;RED II;6.015;10-Year PPA Pay-as-Produced;RED II
17-Dec-2024;Forward;6.802;January 2025;Month +1
17-Dec-2024;Forward;7.138;February 2025;Month +2
17-Dec-2024;Forward;6.621;Q1 2025;Quarter +1
17-Dec-2024;Forward;5.332;Summer 2025;Season +1
17-Dec-2024;Forward;6.511;Winter 2025;Season +2
17-Dec-2024;Forward;5.939;Calendar 2025;Calendar +1
17-Dec-2024;Forward;5.503;Calendar 2026;Calendar +2
17-Dec-2024;Forward;5.262;Calendar 2027;Calendar +3
17-Dec-2024;Spot;8.800;17-Dec-2024;Spot
17-Dec-2024;PPA 40;6.106;10-Year Pay-as-Produced;PPA 40
17-Dec-2024;RED II;6.489;10-Year PPA Pay-as-Produced;RED II
16-Dec-2024;Spot;7.987;16-Dec-2024;Spot
15-Dec-2024;Spot;7.281;15-Dec-2024;Spot
14-Dec-2024;Forward;6.995;January 2025;Month +1
14-Dec-2024;Forward;7.228;February 2025;Month +2
14-Dec-2024;Forward;6.758;Q1 2025;Quarter +1
14-Dec-2024;Forward;5.443;Summer 2025;Season +1
14-Dec-2024;Forward;6.623;Winter 2025;Season +2
14-Dec-2024;Forward;6.064;Calendar 2025;Calendar +1
14-Dec-2024;Forward;5.590;Calendar 2026;Calendar +2
14-Dec-2024;Forward;5.320;Calendar 2027;Calendar +3
14-Dec-2024;Spot;8.986;14-Dec-2024;Spot
14-Dec-2024;PPA 40;6.151;10-Year Pay-as-Produced;PPA 40
14-Dec-2024;RED II;6.526;10-Year PPA Pay-as-Produced;RED II
13-Dec-2024;Forward;7.102;January 2025;Month +1
13-Dec-2024;Forward;7.334;February 2025;Month +2
13-Dec-2024;Forward;6.871;Q1 2025;Quarter +1
13-Dec-2024;Forward;5.556;Summer 2025;Season +1
13-Dec-2024;Forward;6.754;Winter 2025;Season +2
13-Dec-2024;Forward;6.180;Calendar 2025;Calendar +1
13-Dec-2024;Forward;5.689;Calendar 2026;Calendar +2
13-Dec-2024;Forward;5.376;Calendar 2027;Calendar +3
13-Dec-2024;Spot;13.140;13-Dec-2024;Spot
13-Dec-2024;PPA 40;6.195;10-Year Pay-as-Produced;PPA 40
13-Dec-2024;RED II;6.568;10-Year PPA Pay-as-Produced;RED II
12-Dec-2024;Forward;7.501;January 2025;Month +1
12-Dec-2024;Forward;7.645;February 2025;Month +2
12-Dec-2024;Forward;7.179;Q1 2025;Quarter +1
12-Dec-2024;Forward;5.706;Summer 2025;Season +1
12-Dec-2024;Forward;6.873;Winter 2025;Season +2
12-Dec-2024;Forward;6.362;Calendar 2025;Calendar +1
12-Dec-2024;Forward;5.790;Calendar 2026;Calendar +2
12-Dec-2024;Forward;5.380;Calendar 2027;Calendar +3
12-Dec-2024;Spot;27.551;12-Dec-2024;Spot
12-Dec-2024;PPA 40;6.217;10-Year Pay-as-Produced;PPA 40
12-Dec-2024;RED II;6.598;10-Year PPA Pay-as-Produced;RED II
11-Dec-2024;Forward;7.523;January 2025;Month +1
11-Dec-2024;Forward;7.722;February 2025;Month +2
11-Dec-2024;Forward;7.233;Q1 2025;Quarter +1
11-Dec-2024;Forward;5.725;Summer 2025;Season +1
11-Dec-2024;Forward;6.923;Winter 2025;Season +2
11-Dec-2024;Forward;6.404;Calendar 2025;Calendar +1
11-Dec-2024;Forward;5.798;Calendar 2026;Calendar +2
11-Dec-2024;Forward;5.394;Calendar 2027;Calendar +3
11-Dec-2024;Spot;19.552;11-Dec-2024;Spot
11-Dec-2024;PPA 40;6.235;10-Year Pay-as-Produced;PPA 40
11-Dec-2024;RED II;6.604;10-Year PPA Pay-as-Produced;RED II
10-Dec-2024;Forward;7.323;January 2025;Month +1
10-Dec-2024;Forward;7.615;February 2025;Month +2
10-Dec-2024;Forward;7.119;Q1 2025;Quarter +1
10-Dec-2024;Forward;5.642;Summer 2025;Season +1
10-Dec-2024;Forward;6.702;Winter 2025;Season +2
10-Dec-2024;Forward;6.285;Calendar 2025;Calendar +1
10-Dec-2024;Forward;5.743;Calendar 2026;Calendar +2
10-Dec-2024;Forward;5.327;Calendar 2027;Calendar +3
10-Dec-2024;Spot;11.643;10-Dec-2024;Spot
10-Dec-2024;PPA 40;6.208;10-Year Pay-as-Produced;PPA 40
10-Dec-2024;RED II;6.551;10-Year PPA Pay-as-Produced;RED II
09-Dec-2024;Spot;9.037;9-Dec-2024;Spot
08-Dec-2024;Spot;8.057;8-Dec-2024;Spot
07-Dec-2024;Forward;7.650;January 2025;Month +1
07-Dec-2024;Forward;7.772;February 2025;Month +2
07-Dec-2024;Forward;7.318;Q1 2025;Quarter +1
07-Dec-2024;Forward;5.763;Summer 2025;Season +1
07-Dec-2024;Forward;6.852;Winter 2025;Season +2
07-Dec-2024;Forward;6.440;Calendar 2025;Calendar +1
07-Dec-2024;Forward;5.821;Calendar 2026;Calendar +2
07-Dec-2024;Forward;5.379;Calendar 2027;Calendar +3
07-Dec-2024;Spot;9.021;7-Dec-2024;Spot
07-Dec-2024;PPA 40;6.255;10-Year Pay-as-Produced;PPA 40
07-Dec-2024;RED II;6.593;10-Year PPA Pay-as-Produced;RED II
06-Dec-2024;Forward;7.612;January 2025;Month +1
06-Dec-2024;Forward;7.852;February 2025;Month +2
06-Dec-2024;Forward;7.349;Q1 2025;Quarter +1
06-Dec-2024;Forward;5.750;Summer 2025;Season +1
06-Dec-2024;Forward;6.891;Winter 2025;Season +2
06-Dec-2024;Forward;6.455;Calendar 2025;Calendar +1
06-Dec-2024;Forward;5.809;Calendar 2026;Calendar +2
06-Dec-2024;Forward;5.400;Calendar 2027;Calendar +3
06-Dec-2024;Spot;9.901;6-Dec-2024;Spot
06-Dec-2024;PPA 40;6.249;10-Year Pay-as-Produced;PPA 40
06-Dec-2024;RED II;6.598;10-Year PPA Pay-as-Produced;RED II
05-Dec-2024;Forward;7.788;January 2025;Month +1
05-Dec-2024;Forward;7.992;February 2025;Month +2
05-Dec-2024;Forward;7.451;Q1 2025;Quarter +1
05-Dec-2024;Forward;5.788;Summer 2025;Season +1
05-Dec-2024;Forward;6.880;Winter 2025;Season +2
05-Dec-2024;Forward;6.495;Calendar 2025;Calendar +1
05-Dec-2024;Forward;5.847;Calendar 2026;Calendar +2
05-Dec-2024;Forward;5.387;Calendar 2027;Calendar +3
05-Dec-2024;Spot;9.771;5-Dec-2024;Spot
05-Dec-2024;PPA 40;6.272;10-Year Pay-as-Produced;PPA 40
05-Dec-2024;RED II;6.604;10-Year PPA Pay-as-Produced;RED II
04-Dec-2024;Forward;7.775;January 2025;Month +1
04-Dec-2024;Forward;8.020;February 2025;Month +2
04-Dec-2024;Forward;7.521;Q1 2025;Quarter +1
04-Dec-2024;Forward;5.890;Summer 2025;Season +1
04-Dec-2024;Forward;6.923;Winter 2025;Season +2
04-Dec-2024;Forward;6.595;Calendar 2025;Calendar +1
04-Dec-2024;Forward;5.880;Calendar 2026;Calendar +2
04-Dec-2024;Forward;5.453;Calendar 2027;Calendar +3
04-Dec-2024;Spot;13.519;4-Dec-2024;Spot
04-Dec-2024;PPA 40;6.339;10-Year Pay-as-Produced;PPA 40
04-Dec-2024;RED II;6.651;10-Year PPA Pay-as-Produced;RED II
03-Dec-2024;Forward;7.872;January 2025;Month +1
03-Dec-2024;Forward;8.041;February 2025;Month +2
03-Dec-2024;Forward;7.591;Q1 2025;Quarter +1
03-Dec-2024;Forward;5.906;Summer 2025;Season +1
03-Dec-2024;Forward;7.007;Winter 2025;Season +2
03-Dec-2024;Forward;6.616;Calendar 2025;Calendar +1
03-Dec-2024;Forward;5.898;Calendar 2026;Calendar +2
03-Dec-2024;Forward;5.437;Calendar 2027;Calendar +3
03-Dec-2024;Spot;11.719;3-Dec-2024;Spot
03-Dec-2024;PPA 40;6.321;10-Year Pay-as-Produced;PPA 40
03-Dec-2024;RED II;6.642;10-Year PPA Pay-as-Produced;RED II
02-Dec-2024;Spot;9.451;2-Dec-2024;Spot
01-Dec-2024;Spot;7.607;1-Dec-2024;Spot
30-Nov-2024;Forward;7.256;December 2024;Month +1
30-Nov-2024;Forward;7.684;January 2025;Month +2
30-Nov-2024;Forward;7.409;Q1 2025;Quarter +1
30-Nov-2024;Forward;5.858;Summer 2025;Season +1
30-Nov-2024;Forward;6.917;Winter 2025;Season +2
30-Nov-2024;Forward;6.510;Calendar 2025;Calendar +1
30-Nov-2024;Forward;5.877;Calendar 2026;Calendar +2
30-Nov-2024;Forward;5.440;Calendar 2027;Calendar +3
30-Nov-2024;Spot;8.592;30-Nov-2024;Spot
30-Nov-2024;PPA 40;6.343;10-Year Pay-as-Produced;PPA 40
30-Nov-2024;RED II;6.640;10-Year PPA Pay-as-Produced;RED II
29-Nov-2024;Forward;7.268;December 2024;Month +1
29-Nov-2024;Forward;7.637;January 2025;Month +2
29-Nov-2024;Forward;7.355;Q1 2025;Quarter +1
29-Nov-2024;Forward;5.784;Summer 2025;Season +1
29-Nov-2024;Forward;6.855;Winter 2025;Season +2
29-Nov-2024;Forward;6.454;Calendar 2025;Calendar +1
29-Nov-2024;Forward;5.815;Calendar 2026;Calendar +2
29-Nov-2024;Forward;5.411;Calendar 2027;Calendar +3
29-Nov-2024;Spot;9.489;29-Nov-2024;Spot
29-Nov-2024;PPA 40;6.308;10-Year Pay-as-Produced;PPA 40
29-Nov-2024;RED II;6.614;10-Year PPA Pay-as-Produced;RED II
28-Nov-2024;Forward;7.338;December 2024;Month +1
28-Nov-2024;Forward;7.814;January 2025;Month +2
28-Nov-2024;Forward;7.518;Q1 2025;Quarter +1
28-Nov-2024;Forward;5.846;Summer 2025;Season +1
28-Nov-2024;Forward;6.905;Winter 2025;Season +2
28-Nov-2024;Forward;6.548;Calendar 2025;Calendar +1
28-Nov-2024;Forward;5.866;Calendar 2026;Calendar +2
28-Nov-2024;Forward;5.402;Calendar 2027;Calendar +3
28-Nov-2024;Spot;9.657;28-Nov-2024;Spot
28-Nov-2024;PPA 40;6.321;10-Year Pay-as-Produced;PPA 40
28-Nov-2024;RED II;6.619;10-Year PPA Pay-as-Produced;RED II
27-Nov-2024;Forward;7.425;December 2024;Month +1
27-Nov-2024;Forward;7.945;January 2025;Month +2
27-Nov-2024;Forward;7.639;Q1 2025;Quarter +1
27-Nov-2024;Forward;5.884;Summer 2025;Season +1
27-Nov-2024;Forward;6.940;Winter 2025;Season +2
27-Nov-2024;Forward;6.603;Calendar 2025;Calendar +1
27-Nov-2024;Forward;5.889;Calendar 2026;Calendar +2
27-Nov-2024;Forward;5.432;Calendar 2027;Calendar +3
27-Nov-2024;Spot;10.588;27-Nov-2024;Spot
27-Nov-2024;PPA 40;6.343;10-Year Pay-as-Produced;PPA 40
27-Nov-2024;RED II;6.650;10-Year PPA Pay-as-Produced;RED II
26-Nov-2024;Forward;7.439;December 2024;Month +1
26-Nov-2024;Forward;7.946;January 2025;Month +2
26-Nov-2024;Forward;7.645;Q1 2025;Quarter +1
26-Nov-2024;Forward;5.988;Summer 2025;Season +1
26-Nov-2024;Forward;6.943;Winter 2025;Season +2
26-Nov-2024;Forward;6.644;Calendar 2025;Calendar +1
26-Nov-2024;Forward;5.925;Calendar 2026;Calendar +2
26-Nov-2024;Forward;5.449;Calendar 2027;Calendar +3
26-Nov-2024;Spot;10.094;26-Nov-2024;Spot
26-Nov-2024;PPA 40;6.359;10-Year Pay-as-Produced;PPA 40
26-Nov-2024;RED II;6.672;10-Year PPA Pay-as-Produced;RED II
25-Nov-2024;Spot;8.576;25-Nov-2024;Spot
24-Nov-2024;Spot;7.588;24-Nov-2024;Spot
23-Nov-2024;Forward;7.241;December 2024;Month +1
23-Nov-2024;Forward;7.920;January 2025;Month +2
23-Nov-2024;Forward;7.609;Q1 2025;Quarter +1
23-Nov-2024;Forward;5.915;Summer 2025;Season +1
23-Nov-2024;Forward;6.944;Winter 2025;Season +2
23-Nov-2024;Forward;6.592;Calendar 2025;Calendar +1
23-Nov-2024;Forward;5.882;Calendar 2026;Calendar +2
23-Nov-2024;Forward;5.413;Calendar 2027;Calendar +3
23-Nov-2024;Spot;7.984;23-Nov-2024;Spot
23-Nov-2024;PPA 40;6.329;10-Year Pay-as-Produced;PPA 40
23-Nov-2024;RED II;6.640;10-Year PPA Pay-as-Produced;RED II
22-Nov-2024;Forward;7.373;December 2024;Month +1
22-Nov-2024;Forward;8.100;January 2025;Month +2
22-Nov-2024;Forward;7.790;Q1 2025;Quarter +1
22-Nov-2024;Forward;6.041;Summer 2025;Season +1
22-Nov-2024;Forward;7.067;Winter 2025;Season +2
22-Nov-2024;Forward;6.735;Calendar 2025;Calendar +1
22-Nov-2024;Forward;5.920;Calendar 2026;Calendar +2
22-Nov-2024;Forward;5.464;Calendar 2027;Calendar +3
22-Nov-2024;Spot;8.872;22-Nov-2024;Spot
22-Nov-2024;PPA 40;6.375;10-Year Pay-as-Produced;PPA 40
22-Nov-2024;RED II;6.672;10-Year PPA Pay-as-Produced;RED II
21-Nov-2024;Forward;7.393;December 2024;Month +1
21-Nov-2024;Forward;7.909;January 2025;Month +2
21-Nov-2024;Forward;7.563;Q1 2025;Quarter +1
21-Nov-2024;Forward;5.876;Summer 2025;Season +1
21-Nov-2024;Forward;6.945;Winter 2025;Season +2
21-Nov-2024;Forward;6.549;Calendar 2025;Calendar +1
21-Nov-2024;Forward;5.853;Calendar 2026;Calendar +2
21-Nov-2024;Forward;5.433;Calendar 2027;Calendar +3
21-Nov-2024;Spot;9.449;21-Nov-2024;Spot
21-Nov-2024;PPA 40;6.335;10-Year Pay-as-Produced;PPA 40
21-Nov-2024;RED II;6.636;10-Year PPA Pay-as-Produced;RED II
20-Nov-2024;Forward;7.444;December 2024;Month +1
20-Nov-2024;Forward;7.742;January 2025;Month +2
20-Nov-2024;Forward;7.417;Q1 2025;Quarter +1
20-Nov-2024;Forward;5.811;Summer 2025;Season +1
20-Nov-2024;Forward;6.900;Winter 2025;Season +2
20-Nov-2024;Forward;6.462;Calendar 2025;Calendar +1
20-Nov-2024;Forward;5.837;Calendar 2026;Calendar +2
20-Nov-2024;Forward;5.461;Calendar 2027;Calendar +3
20-Nov-2024;Spot;9.277;20-Nov-2024;Spot
20-Nov-2024;PPA 40;6.314;10-Year Pay-as-Produced;PPA 40
20-Nov-2024;RED II;6.646;10-Year PPA Pay-as-Produced;RED II
19-Nov-2024;Forward;7.587;December 2024;Month +1
19-Nov-2024;Forward;7.866;January 2025;Month +2
19-Nov-2024;Forward;7.498;Q1 2025;Quarter +1
19-Nov-2024;Forward;5.858;Summer 2025;Season +1
19-Nov-2024;Forward;6.976;Winter 2025;Season +2
19-Nov-2024;Forward;6.519;Calendar 2025;Calendar +1
19-Nov-2024;Forward;5.888;Calendar 2026;Calendar +2
19-Nov-2024;Forward;5.497;Calendar 2027;Calendar +3
19-Nov-2024;Spot;9.813;19-Nov-2024;Spot
19-Nov-2024;PPA 40;6.359;10-Year Pay-as-Produced;PPA 40
19-Nov-2024;RED II;6.672;10-Year PPA Pay-as-Produced;RED II
18-Nov-2024;Spot;9.226;18-Nov-2024;Spot
17-Nov-2024;Spot;8.505;17-Nov-2024;Spot
16-Nov-2024;Forward;7.416;December 2024;Month +1
16-Nov-2024;Forward;7.760;January 2025;Month +2
16-Nov-2024;Forward;7.437;Q1 2025;Quarter +1
16-Nov-2024;Forward;5.844;Summer 2025;Season +1
16-Nov-2024;Forward;6.885;Winter 2025;Season +2
16-Nov-2024;Forward;6.477;Calendar 2025;Calendar +1
16-Nov-2024;Forward;5.790;Calendar 2026;Calendar +2
16-Nov-2024;Forward;5.469;Calendar 2027;Calendar +3
16-Nov-2024;Spot;9.381;16-Nov-2024;Spot
16-Nov-2024;PPA 40;6.290;10-Year Pay-as-Produced;PPA 40
16-Nov-2024;RED II;6.640;10-Year PPA Pay-as-Produced;RED II
15-Nov-2024;Forward;7.192;December 2024;Month +1
15-Nov-2024;Forward;7.689;January 2025;Month +2
15-Nov-2024;Forward;7.408;Q1 2025;Quarter +1
15-Nov-2024;Forward;5.761;Summer 2025;Season +1
15-Nov-2024;Forward;6.844;Winter 2025;Season +2
15-Nov-2024;Forward;6.419;Calendar 2025;Calendar +1
15-Nov-2024;Forward;5.795;Calendar 2026;Calendar +2
15-Nov-2024;Forward;5.485;Calendar 2027;Calendar +3
15-Nov-2024;Spot;9.827;15-Nov-2024;Spot
15-Nov-2024;PPA 40;6.302;10-Year Pay-as-Produced;PPA 40
15-Nov-2024;RED II;6.650;10-Year PPA Pay-as-Produced;RED II
14-Nov-2024;Forward;6.751;December 2024;Month +1
14-Nov-2024;Forward;7.194;January 2025;Month +2
14-Nov-2024;Forward;6.952;Q1 2025;Quarter +1
14-Nov-2024;Forward;5.629;Summer 2025;Season +1
14-Nov-2024;Forward;6.626;Winter 2025;Season +2
14-Nov-2024;Forward;6.183;Calendar 2025;Calendar +1
14-Nov-2024;Forward;5.670;Calendar 2026;Calendar +2
14-Nov-2024;Forward;5.372;Calendar 2027;Calendar +3
14-Nov-2024;Spot;10.177;14-Nov-2024;Spot
14-Nov-2024;PPA 40;6.233;10-Year Pay-as-Produced;PPA 40
14-Nov-2024;RED II;6.562;10-Year PPA Pay-as-Produced;RED II
13-Nov-2024;Forward;6.836;December 2024;Month +1
13-Nov-2024;Forward;7.408;January 2025;Month +2
13-Nov-2024;Forward;7.150;Q1 2025;Quarter +1
13-Nov-2024;Forward;5.700;Summer 2025;Season +1
13-Nov-2024;Forward;6.676;Winter 2025;Season +2
13-Nov-2024;Forward;6.288;Calendar 2025;Calendar +1
13-Nov-2024;Forward;5.751;Calendar 2026;Calendar +2
13-Nov-2024;Forward;5.436;Calendar 2027;Calendar +3
13-Nov-2024;Spot;16.375;13-Nov-2024;Spot
13-Nov-2024;PPA 40;6.284;10-Year Pay-as-Produced;PPA 40
13-Nov-2024;RED II;6.614;10-Year PPA Pay-as-Produced;RED II
12-Nov-2024;Forward;6.716;December 2024;Month +1
12-Nov-2024;Forward;7.189;January 2025;Month +2
12-Nov-2024;Forward;6.996;Q1 2025;Quarter +1
12-Nov-2024;Forward;5.695;Summer 2025;Season +1
12-Nov-2024;Forward;6.601;Winter 2025;Season +2
12-Nov-2024;Forward;6.217;Calendar 2025;Calendar +1
12-Nov-2024;Forward;5.710;Calendar 2026;Calendar +2
12-Nov-2024;Forward;5.424;Calendar 2027;Calendar +3
12-Nov-2024;Spot;11.592;12-Nov-2024;Spot
12-Nov-2024;PPA 40;6.272;10-Year Pay-as-Produced;PPA 40
12-Nov-2024;RED II;6.598;10-Year PPA Pay-as-Produced;RED II
11-Nov-2024;Spot;9.121;11-Nov-2024;Spot
10-Nov-2024;Spot;8.693;10-Nov-2024;Spot
09-Nov-2024;Forward;6.696;December 2024;Month +1
09-Nov-2024;Forward;7.104;January 2025;Month +2
09-Nov-2024;Forward;6.926;Q1 2025;Quarter +1
09-Nov-2024;Forward;5.583;Summer 2025;Season +1
09-Nov-2024;Forward;6.603;Winter 2025;Season +2
09-Nov-2024;Forward;6.134;Calendar 2025;Calendar +1
09-Nov-2024;Forward;5.702;Calendar 2026;Calendar +2
09-Nov-2024;Forward;5.423;Calendar 2027;Calendar +3
09-Nov-2024;Spot;8.796;9-Nov-2024;Spot
09-Nov-2024;PPA 40;6.257;10-Year Pay-as-Produced;PPA 40
09-Nov-2024;RED II;6.589;10-Year PPA Pay-as-Produced;RED II
08-Nov-2024;Forward;6.533;December 2024;Month +1
08-Nov-2024;Forward;6.910;January 2025;Month +2
08-Nov-2024;Forward;6.743;Q1 2025;Quarter +1
08-Nov-2024;Forward;5.485;Summer 2025;Season +1
08-Nov-2024;Forward;6.605;Winter 2025;Season +2
08-Nov-2024;Forward;6.035;Calendar 2025;Calendar +1
08-Nov-2024;Forward;5.679;Calendar 2026;Calendar +2
08-Nov-2024;Forward;5.381;Calendar 2027;Calendar +3
08-Nov-2024;Spot;8.537;8-Nov-2024;Spot
08-Nov-2024;PPA 40;6.221;10-Year Pay-as-Produced;PPA 40
08-Nov-2024;RED II;6.557;10-Year PPA Pay-as-Produced;RED II
07-Nov-2024;Forward;6.309;December 2024;Month +1
07-Nov-2024;Forward;6.667;January 2025;Month +2
07-Nov-2024;Forward;6.550;Q1 2025;Quarter +1
07-Nov-2024;Forward;5.361;Summer 2025;Season +1
07-Nov-2024;Forward;6.454;Winter 2025;Season +2
07-Nov-2024;Forward;5.888;Calendar 2025;Calendar +1
07-Nov-2024;Forward;5.607;Calendar 2026;Calendar +2
07-Nov-2024;Forward;5.346;Calendar 2027;Calendar +3
07-Nov-2024;Spot;11.250;7-Nov-2024;Spot
07-Nov-2024;PPA 40;6.183;10-Year Pay-as-Produced;PPA 40
07-Nov-2024;RED II;6.515;10-Year PPA Pay-as-Produced;RED II
06-Nov-2024;Forward;6.217;December 2024;Month +1
06-Nov-2024;Forward;6.670;January 2025;Month +2
06-Nov-2024;Forward;6.537;Q1 2025;Quarter +1
06-Nov-2024;Forward;5.374;Summer 2025;Season +1
06-Nov-2024;Forward;6.443;Winter 2025;Season +2
06-Nov-2024;Forward;5.885;Calendar 2025;Calendar +1
06-Nov-2024;Forward;5.601;Calendar 2026;Calendar +2
06-Nov-2024;Forward;5.345;Calendar 2027;Calendar +3
06-Nov-2024;Spot;15.456;6-Nov-2024;Spot
06-Nov-2024;PPA 40;6.182;10-Year Pay-as-Produced;PPA 40
06-Nov-2024;RED II;6.515;10-Year PPA Pay-as-Produced;RED II
05-Nov-2024;Forward;6.351;December 2024;Month +1
05-Nov-2024;Forward;6.721;January 2025;Month +2
05-Nov-2024;Forward;6.604;Q1 2025;Quarter +1
05-Nov-2024;Forward;5.394;Summer 2025;Season +1
05-Nov-2024;Forward;6.486;Winter 2025;Season +2
05-Nov-2024;Forward;5.927;Calendar 2025;Calendar +1
05-Nov-2024;Forward;5.603;Calendar 2026;Calendar +2
05-Nov-2024;Forward;5.367;Calendar 2027;Calendar +3
05-Nov-2024;Spot;11.724;5-Nov-2024;Spot
05-Nov-2024;PPA 40;6.149;10-Year Pay-as-Produced;PPA 40
05-Nov-2024;RED II;6.468;10-Year PPA Pay-as-Produced;RED II
04-Nov-2024;Spot;9.342;4-Nov-2024;Spot
03-Nov-2024;Spot;7.763;3-Nov-2024;Spot
02-Nov-2024;Forward;6.104;December 2024;Month +1
02-Nov-2024;Forward;6.438;January 2025;Month +2
02-Nov-2024;Forward;6.361;Q1 2025;Quarter +1
02-Nov-2024;Forward;5.343;Summer 2025;Season +1
02-Nov-2024;Forward;6.370;Winter 2025;Season +2
02-Nov-2024;Forward;5.817;Calendar 2025;Calendar +1
02-Nov-2024;Forward;5.526;Calendar 2026;Calendar +2
02-Nov-2024;Forward;5.297;Calendar 2027;Calendar +3
02-Nov-2024;Spot;8.230;2-Nov-2024;Spot
02-Nov-2024;PPA 40;6.149;10-Year Pay-as-Produced;PPA 40
02-Nov-2024;RED II;6.468;10-Year PPA Pay-as-Produced;RED II
01-Nov-2024;Forward;7.180;November 2024;Month +1
01-Nov-2024;Forward;6.201;December 2024;Month +2
01-Nov-2024;Forward;6.566;Q1 2025;Quarter +1
01-Nov-2024;Forward;5.429;Summer 2025;Season +1
01-Nov-2024;Forward;6.479;Winter 2025;Season +2
01-Nov-2024;Forward;5.936;Calendar 2025;Calendar +1
01-Nov-2024;Forward;5.623;Calendar 2026;Calendar +2
01-Nov-2024;Forward;5.321;Calendar 2027;Calendar +3
01-Nov-2024;Spot;7.421;1-Nov-2024;Spot
01-Nov-2024;PPA 40;6.193;10-Year Pay-as-Produced;PPA 40
01-Nov-2024;RED II;6.504;10-Year PPA Pay-as-Produced;RED II
31-Oct-2024;Forward;6.778;November 2024;Month +1
31-Oct-2024;Forward;6.350;December 2024;Month +2
31-Oct-2024;Forward;6.630;Q1 2025;Quarter +1
31-Oct-2024;Forward;5.488;Summer 2025;Season +1
31-Oct-2024;Forward;6.508;Winter 2025;Season +2
31-Oct-2024;Forward;5.996;Calendar 2025;Calendar +1
31-Oct-2024;Forward;5.648;Calendar 2026;Calendar +2
31-Oct-2024;Forward;5.323;Calendar 2027;Calendar +3
31-Oct-2024;Spot;8.430;31-Oct-2024;Spot
31-Oct-2024;PPA 40;6.212;10-Year Pay-as-Produced;PPA 40
31-Oct-2024;RED II;6.510;10-Year PPA Pay-as-Produced;RED II
30-Oct-2024;Forward;6.934;November 2024;Month +1
30-Oct-2024;Forward;6.528;December 2024;Month +2
30-Oct-2024;Forward;6.818;Q1 2025;Quarter +1
30-Oct-2024;Forward;5.635;Summer 2025;Season +1
30-Oct-2024;Forward;6.658;Winter 2025;Season +2
30-Oct-2024;Forward;6.152;Calendar 2025;Calendar +1
30-Oct-2024;Forward;5.729;Calendar 2026;Calendar +2
30-Oct-2024;Forward;5.403;Calendar 2027;Calendar +3
30-Oct-2024;Spot;9.334;30-Oct-2024;Spot
30-Oct-2024;PPA 40;6.255;10-Year Pay-as-Produced;PPA 40
30-Oct-2024;RED II;6.572;10-Year PPA Pay-as-Produced;RED II
29-Oct-2024;Forward;6.744;November 2024;Month +1
29-Oct-2024;Forward;6.431;December 2024;Month +2
29-Oct-2024;Forward;6.785;Q1 2025;Quarter +1
29-Oct-2024;Forward;5.624;Summer 2025;Season +1
29-Oct-2024;Forward;6.661;Winter 2025;Season +2
29-Oct-2024;Forward;6.137;Calendar 2025;Calendar +1
29-Oct-2024;Forward;5.746;Calendar 2026;Calendar +2
29-Oct-2024;Forward;5.386;Calendar 2027;Calendar +3
29-Oct-2024;Spot;10.477;29-Oct-2024;Spot
29-Oct-2024;PPA 40;6.247;10-Year Pay-as-Produced;PPA 40
29-Oct-2024;RED II;6.562;10-Year PPA Pay-as-Produced;RED II
28-Oct-2024;Spot;8.360;28-Oct-2024;Spot
27-Oct-2024;Spot;6.581;27-Oct-2024;Spot
26-Oct-2024;Forward;6.750;November 2024;Month +1
26-Oct-2024;Forward;6.445;December 2024;Month +2
26-Oct-2024;Forward;6.909;Q1 2025;Quarter +1
26-Oct-2024;Forward;5.690;Summer 2025;Season +1
26-Oct-2024;Forward;6.759;Winter 2025;Season +2
26-Oct-2024;Forward;6.231;Calendar 2025;Calendar +1
26-Oct-2024;Forward;5.817;Calendar 2026;Calendar +2
26-Oct-2024;Forward;5.426;Calendar 2027;Calendar +3
26-Oct-2024;Spot;8.257;26-Oct-2024;Spot
26-Oct-2024;PPA 40;6.275;10-Year Pay-as-Produced;PPA 40
26-Oct-2024;RED II;6.598;10-Year PPA Pay-as-Produced;RED II
25-Oct-2024;Forward;6.649;November 2024;Month +1
25-Oct-2024;Forward;6.318;December 2024;Month +2
25-Oct-2024;Forward;6.785;Q1 2025;Quarter +1
25-Oct-2024;Forward;5.648;Summer 2025;Season +1
25-Oct-2024;Forward;6.673;Winter 2025;Season +2
25-Oct-2024;Forward;6.154;Calendar 2025;Calendar +1
25-Oct-2024;Forward;5.793;Calendar 2026;Calendar +2
25-Oct-2024;Forward;5.405;Calendar 2027;Calendar +3
25-Oct-2024;Spot;8.285;25-Oct-2024;Spot
25-Oct-2024;PPA 40;6.271;10-Year Pay-as-Produced;PPA 40
25-Oct-2024;RED II;6.578;10-Year PPA Pay-as-Produced;RED II
24-Oct-2024;Forward;6.530;November 2024;Month +1
24-Oct-2024;Forward;6.203;December 2024;Month +2
24-Oct-2024;Forward;6.692;Q1 2025;Quarter +1
24-Oct-2024;Forward;5.564;Summer 2025;Season +1
24-Oct-2024;Forward;6.574;Winter 2025;Season +2
24-Oct-2024;Forward;6.063;Calendar 2025;Calendar +1
24-Oct-2024;Forward;5.735;Calendar 2026;Calendar +2
24-Oct-2024;Forward;5.372;Calendar 2027;Calendar +3
24-Oct-2024;Spot;8.363;24-Oct-2024;Spot
24-Oct-2024;PPA 40;6.230;10-Year Pay-as-Produced;PPA 40
24-Oct-2024;RED II;6.546;10-Year PPA Pay-as-Produced;RED II
23-Oct-2024;Forward;6.358;November 2024;Month +1
23-Oct-2024;Forward;6.023;December 2024;Month +2
23-Oct-2024;Forward;6.560;Q1 2025;Quarter +1
23-Oct-2024;Forward;5.483;Summer 2025;Season +1
23-Oct-2024;Forward;6.527;Winter 2025;Season +2
23-Oct-2024;Forward;5.979;Calendar 2025;Calendar +1
23-Oct-2024;Forward;5.676;Calendar 2026;Calendar +2
23-Oct-2024;Forward;5.341;Calendar 2027;Calendar +3
23-Oct-2024;Spot;8.773;23-Oct-2024;Spot
23-Oct-2024;PPA 40;6.200;10-Year Pay-as-Produced;PPA 40
23-Oct-2024;RED II;6.515;10-Year PPA Pay-as-Produced;RED II
22-Oct-2024;Forward;6.246;November 2024;Month +1
22-Oct-2024;Forward;5.964;December 2024;Month +2
22-Oct-2024;Forward;6.488;Q1 2025;Quarter +1
22-Oct-2024;Forward;5.430;Summer 2025;Season +1
22-Oct-2024;Forward;6.441;Winter 2025;Season +2
22-Oct-2024;Forward;5.914;Calendar 2025;Calendar +1
22-Oct-2024;Forward;5.626;Calendar 2026;Calendar +2
22-Oct-2024;Forward;5.314;Calendar 2027;Calendar +3
22-Oct-2024;Spot;7.995;22-Oct-2024;Spot
22-Oct-2024;PPA 40;6.176;10-Year Pay-as-Produced;PPA 40
22-Oct-2024;RED II;6.494;10-Year PPA Pay-as-Produced;RED II
21-Oct-2024;Spot;6.805;21-Oct-2024;Spot
20-Oct-2024;Spot;4.652;20-Oct-2024;Spot
19-Oct-2024;Forward;6.156;November 2024;Month +1
19-Oct-2024;Forward;5.990;December 2024;Month +2
19-Oct-2024;Forward;6.480;Q1 2025;Quarter +1
19-Oct-2024;Forward;5.429;Summer 2025;Season +1
19-Oct-2024;Forward;6.436;Winter 2025;Season +2
19-Oct-2024;Forward;5.913;Calendar 2025;Calendar +1
19-Oct-2024;Forward;5.628;Calendar 2026;Calendar +2
19-Oct-2024;Forward;5.325;Calendar 2027;Calendar +3
19-Oct-2024;Spot;6.668;19-Oct-2024;Spot
19-Oct-2024;PPA 40;6.178;10-Year Pay-as-Produced;PPA 40
19-Oct-2024;RED II;6.500;10-Year PPA Pay-as-Produced;RED II
18-Oct-2024;Forward;6.223;November 2024;Month +1
18-Oct-2024;Forward;6.070;December 2024;Month +2
18-Oct-2024;Forward;6.586;Q1 2025;Quarter +1
18-Oct-2024;Forward;5.454;Summer 2025;Season +1
18-Oct-2024;Forward;6.482;Winter 2025;Season +2
18-Oct-2024;Forward;5.960;Calendar 2025;Calendar +1
18-Oct-2024;Forward;5.679;Calendar 2026;Calendar +2
18-Oct-2024;Forward;5.327;Calendar 2027;Calendar +3
18-Oct-2024;Spot;6.890;18-Oct-2024;Spot
18-Oct-2024;PPA 40;6.192;10-Year Pay-as-Produced;PPA 40
18-Oct-2024;RED II;6.510;10-Year PPA Pay-as-Produced;RED II
17-Oct-2024;Forward;6.234;November 2024;Month +1
17-Oct-2024;Forward;6.009;December 2024;Month +2
17-Oct-2024;Forward;6.515;Q1 2025;Quarter +1
17-Oct-2024;Forward;5.452;Summer 2025;Season +1
17-Oct-2024;Forward;6.456;Winter 2025;Season +2
17-Oct-2024;Forward;5.929;Calendar 2025;Calendar +1
17-Oct-2024;Forward;5.664;Calendar 2026;Calendar +2
17-Oct-2024;Forward;5.333;Calendar 2027;Calendar +3
17-Oct-2024;Spot;6.071;17-Oct-2024;Spot
17-Oct-2024;PPA 40;6.184;10-Year Pay-as-Produced;PPA 40
17-Oct-2024;RED II;6.510;10-Year PPA Pay-as-Produced;RED II
16-Oct-2024;Forward;6.440;November 2024;Month +1
16-Oct-2024;Forward;6.209;December 2024;Month +2
16-Oct-2024;Forward;6.669;Q1 2025;Quarter +1
16-Oct-2024;Forward;5.559;Summer 2025;Season +1
16-Oct-2024;Forward;6.593;Winter 2025;Season +2
16-Oct-2024;Forward;6.068;Calendar 2025;Calendar +1
16-Oct-2024;Forward;5.755;Calendar 2026;Calendar +2
16-Oct-2024;Forward;5.352;Calendar 2027;Calendar +3
16-Oct-2024;Spot;4.692;16-Oct-2024;Spot
16-Oct-2024;PPA 40;6.252;10-Year Pay-as-Produced;PPA 40
16-Oct-2024;RED II;6.578;10-Year PPA Pay-as-Produced;RED II
15-Oct-2024;Forward;6.511;November 2024;Month +1
15-Oct-2024;Forward;6.271;December 2024;Month +2
15-Oct-2024;Forward;6.762;Q1 2025;Quarter +1
15-Oct-2024;Forward;5.611;Summer 2025;Season +1
15-Oct-2024;Forward;6.723;Winter 2025;Season +2
15-Oct-2024;Forward;6.139;Calendar 2025;Calendar +1
15-Oct-2024;Forward;5.830;Calendar 2026;Calendar +2
15-Oct-2024;Forward;5.410;Calendar 2027;Calendar +3
15-Oct-2024;Spot;8.042;15-Oct-2024;Spot
15-Oct-2024;PPA 40;6.267;10-Year Pay-as-Produced;PPA 40
15-Oct-2024;RED II;6.578;10-Year PPA Pay-as-Produced;RED II
14-Oct-2024;Spot;7.703;14-Oct-2024;Spot
13-Oct-2024;Spot;2.785;13-Oct-2024;Spot
12-Oct-2024;Forward;6.314;November 2024;Month +1
12-Oct-2024;Forward;6.260;December 2024;Month +2
12-Oct-2024;Forward;6.668;Q1 2025;Quarter +1
12-Oct-2024;Forward;5.544;Summer 2025;Season +1
12-Oct-2024;Forward;6.653;Winter 2025;Season +2
12-Oct-2024;Forward;6.071;Calendar 2025;Calendar +1
12-Oct-2024;Forward;5.770;Calendar 2026;Calendar +2
12-Oct-2024;Forward;5.369;Calendar 2027;Calendar +3
12-Oct-2024;Spot;5.744;12-Oct-2024;Spot
12-Oct-2024;PPA 40;6.226;10-Year Pay-as-Produced;PPA 40
12-Oct-2024;RED II;6.536;10-Year PPA Pay-as-Produced;RED II
11-Oct-2024;Forward;6.412;November 2024;Month +1
11-Oct-2024;Forward;6.286;December 2024;Month +2
11-Oct-2024;Forward;6.601;Q1 2025;Quarter +1
11-Oct-2024;Forward;5.546;Summer 2025;Season +1
11-Oct-2024;Forward;6.624;Winter 2025;Season +2
11-Oct-2024;Forward;6.041;Calendar 2025;Calendar +1
11-Oct-2024;Forward;5.731;Calendar 2026;Calendar +2
11-Oct-2024;Forward;5.345;Calendar 2027;Calendar +3
11-Oct-2024;Spot;7.501;11-Oct-2024;Spot
11-Oct-2024;PPA 40;6.217;10-Year Pay-as-Produced;PPA 40
11-Oct-2024;RED II;6.525;10-Year PPA Pay-as-Produced;RED II
10-Oct-2024;Forward;6.206;November 2024;Month +1
10-Oct-2024;Forward;6.090;December 2024;Month +2
10-Oct-2024;Forward;6.386;Q1 2025;Quarter +1
10-Oct-2024;Forward;5.397;Summer 2025;Season +1
10-Oct-2024;Forward;6.454;Winter 2025;Season +2
10-Oct-2024;Forward;5.871;Calendar 2025;Calendar +1
10-Oct-2024;Forward;5.601;Calendar 2026;Calendar +2
10-Oct-2024;Forward;5.265;Calendar 2027;Calendar +3
10-Oct-2024;Spot;5.487;10-Oct-2024;Spot
10-Oct-2024;PPA 40;6.165;10-Year Pay-as-Produced;PPA 40
10-Oct-2024;RED II;6.453;10-Year PPA Pay-as-Produced;RED II
09-Oct-2024;Forward;6.159;November 2024;Month +1
09-Oct-2024;Forward;6.056;December 2024;Month +2
09-Oct-2024;Forward;6.427;Q1 2025;Quarter +1
09-Oct-2024;Forward;5.390;Summer 2025;Season +1
09-Oct-2024;Forward;6.443;Winter 2025;Season +2
09-Oct-2024;Forward;5.879;Calendar 2025;Calendar +1
09-Oct-2024;Forward;5.583;Calendar 2026;Calendar +2
09-Oct-2024;Forward;5.255;Calendar 2027;Calendar +3
09-Oct-2024;Spot;6.901;9-Oct-2024;Spot
09-Oct-2024;PPA 40;6.161;10-Year Pay-as-Produced;PPA 40
09-Oct-2024;RED II;6.443;10-Year PPA Pay-as-Produced;RED II
08-Oct-2024;Forward;6.209;November 2024;Month +1
08-Oct-2024;Forward;6.195;December 2024;Month +2
08-Oct-2024;Forward;6.540;Q1 2025;Quarter +1
08-Oct-2024;Forward;5.483;Summer 2025;Season +1
08-Oct-2024;Forward;6.533;Winter 2025;Season +2
08-Oct-2024;Forward;5.973;Calendar 2025;Calendar +1
08-Oct-2024;Forward;5.666;Calendar 2026;Calendar +2
08-Oct-2024;Forward;5.304;Calendar 2027;Calendar +3
08-Oct-2024;Spot;5.932;8-Oct-2024;Spot
08-Oct-2024;PPA 40;6.199;10-Year Pay-as-Produced;PPA 40
08-Oct-2024;RED II;6.485;10-Year PPA Pay-as-Produced;RED II
07-Oct-2024;Spot;7.056;7-Oct-2024;Spot
06-Oct-2024;Spot;5.094;6-Oct-2024;Spot
05-Oct-2024;Forward;6.438;November 2024;Month +1
05-Oct-2024;Forward;6.293;December 2024;Month +2
05-Oct-2024;Forward;6.622;Q1 2025;Quarter +1
05-Oct-2024;Forward;5.526;Summer 2025;Season +1
05-Oct-2024;Forward;6.605;Winter 2025;Season +2
05-Oct-2024;Forward;6.035;Calendar 2025;Calendar +1
05-Oct-2024;Forward;5.718;Calendar 2026;Calendar +2
05-Oct-2024;Forward;5.322;Calendar 2027;Calendar +3
05-Oct-2024;Spot;8.346;5-Oct-2024;Spot
05-Oct-2024;PPA 40;6.216;10-Year Pay-as-Produced;PPA 40
05-Oct-2024;RED II;6.504;10-Year PPA Pay-as-Produced;RED II
04-Oct-2024;Forward;6.314;November 2024;Month +1
04-Oct-2024;Forward;6.219;December 2024;Month +2
04-Oct-2024;Forward;6.612;Q1 2025;Quarter +1
04-Oct-2024;Forward;5.516;Summer 2025;Season +1
04-Oct-2024;Forward;6.594;Winter 2025;Season +2
04-Oct-2024;Forward;6.028;Calendar 2025;Calendar +1
04-Oct-2024;Forward;5.699;Calendar 2026;Calendar +2
04-Oct-2024;Forward;5.332;Calendar 2027;Calendar +3
04-Oct-2024;Spot;7.756;4-Oct-2024;Spot
04-Oct-2024;PPA 40;6.221;10-Year Pay-as-Produced;PPA 40
04-Oct-2024;RED II;6.506;10-Year PPA Pay-as-Produced;RED II
03-Oct-2024;Forward;6.320;November 2024;Month +1
03-Oct-2024;Forward;6.125;December 2024;Month +2
03-Oct-2024;Forward;6.502;Q1 2025;Quarter +1
03-Oct-2024;Forward;5.444;Summer 2025;Season +1
03-Oct-2024;Forward;6.505;Winter 2025;Season +2
03-Oct-2024;Forward;5.938;Calendar 2025;Calendar +1
03-Oct-2024;Forward;5.660;Calendar 2026;Calendar +2
03-Oct-2024;Forward;5.311;Calendar 2027;Calendar +3
03-Oct-2024;Spot;6.863;3-Oct-2024;Spot
03-Oct-2024;PPA 40;6.200;10-Year Pay-as-Produced;PPA 40
03-Oct-2024;RED II;6.485;10-Year PPA Pay-as-Produced;RED II
02-Oct-2024;Forward;6.354;November 2024;Month +1
02-Oct-2024;Forward;6.261;December 2024;Month +2
02-Oct-2024;Forward;6.564;Q1 2025;Quarter +1
02-Oct-2024;Forward;5.471;Summer 2025;Season +1
02-Oct-2024;Forward;6.579;Winter 2025;Season +2
02-Oct-2024;Forward;5.991;Calendar 2025;Calendar +1
02-Oct-2024;Forward;5.705;Calendar 2026;Calendar +2
02-Oct-2024;Forward;5.355;Calendar 2027;Calendar +3
02-Oct-2024;Spot;7.641;2-Oct-2024;Spot
02-Oct-2024;PPA 40;6.236;10-Year Pay-as-Produced;PPA 40
02-Oct-2024;RED II;6.515;10-Year PPA Pay-as-Produced;RED II
01-Oct-2024;Forward;5.039;October 2024;Month +1
01-Oct-2024;Forward;6.519;November 2024;Month +2
01-Oct-2024;Forward;5.957;Q4 2024;Quarter +1
01-Oct-2024;Forward;6.386;Winter 2024;Season +1
01-Oct-2024;Forward;5.545;Summer 2025;Season +2
01-Oct-2024;Forward;6.052;Calendar 2025;Calendar +1
01-Oct-2024;Forward;5.745;Calendar 2026;Calendar +2
01-Oct-2024;Forward;5.402;Calendar 2027;Calendar +3
01-Oct-2024;Spot;7.157;1-Oct-2024;Spot
01-Oct-2024;PPA 40;6.264;10-Year Pay-as-Produced;PPA 40
01-Oct-2024;RED II;6.547;10-Year PPA Pay-as-Produced;RED II
30-Sep-2024;Spot;4.750;30-Sep-2024;Spot
29-Sep-2024;Spot;4.078;29-Sep-2024;Spot
28-Sep-2024;Forward;5.946;October 2024;Month +1
28-Sep-2024;Forward;6.619;November 2024;Month +2
28-Sep-2024;Forward;6.327;Q4 2024;Quarter +1
28-Sep-2024;Forward;6.560;Winter 2024;Season +1
28-Sep-2024;Forward;5.543;Summer 2025;Season +2
28-Sep-2024;Forward;6.045;Calendar 2025;Calendar +1
28-Sep-2024;Forward;5.763;Calendar 2026;Calendar +2
28-Sep-2024;Forward;5.406;Calendar 2027;Calendar +3
28-Sep-2024;Spot;3.271;28-Sep-2024;Spot
28-Sep-2024;PPA 40;6.249;10-Year Pay-as-Produced;PPA 40
28-Sep-2024;RED II;6.547;10-Year PPA Pay-as-Produced;RED II
27-Sep-2024;Forward;5.923;October 2024;Month +1
27-Sep-2024;Forward;6.557;November 2024;Month +2
27-Sep-2024;Forward;6.306;Q4 2024;Quarter +1
27-Sep-2024;Forward;6.565;Winter 2024;Season +1
27-Sep-2024;Forward;5.563;Summer 2025;Season +2
27-Sep-2024;Forward;6.064;Calendar 2025;Calendar +1
27-Sep-2024;Forward;5.755;Calendar 2026;Calendar +2
27-Sep-2024;Forward;5.413;Calendar 2027;Calendar +3
27-Sep-2024;Spot;3.962;27-Sep-2024;Spot
27-Sep-2024;PPA 40;6.267;10-Year Pay-as-Produced;PPA 40
27-Sep-2024;RED II;6.557;10-Year PPA Pay-as-Produced;RED II
26-Sep-2024;Forward;5.984;October 2024;Month +1
26-Sep-2024;Forward;6.575;November 2024;Month +2
26-Sep-2024;Forward;6.268;Q4 2024;Quarter +1
26-Sep-2024;Forward;6.481;Winter 2024;Season +1
26-Sep-2024;Forward;5.528;Summer 2025;Season +2
26-Sep-2024;Forward;6.014;Calendar 2025;Calendar +1
26-Sep-2024;Forward;5.709;Calendar 2026;Calendar +2
26-Sep-2024;Forward;5.391;Calendar 2027;Calendar +3
26-Sep-2024;Spot;5.534;26-Sep-2024;Spot
26-Sep-2024;PPA 40;6.248;10-Year Pay-as-Produced;PPA 40
26-Sep-2024;RED II;6.536;10-Year PPA Pay-as-Produced;RED II
25-Sep-2024;Forward;5.707;October 2024;Month +1
25-Sep-2024;Forward;6.293;November 2024;Month +2
25-Sep-2024;Forward;6.039;Q4 2024;Quarter +1
25-Sep-2024;Forward;6.279;Winter 2024;Season +1
25-Sep-2024;Forward;5.396;Summer 2025;Season +2
25-Sep-2024;Forward;5.867;Calendar 2025;Calendar +1
25-Sep-2024;Forward;5.633;Calendar 2026;Calendar +2
25-Sep-2024;Forward;5.360;Calendar 2027;Calendar +3
25-Sep-2024;Spot;6.565;25-Sep-2024;Spot
25-Sep-2024;PPA 40;6.231;10-Year Pay-as-Produced;PPA 40
25-Sep-2024;RED II;6.506;10-Year PPA Pay-as-Produced;RED II
24-Sep-2024;Forward;5.802;October 2024;Month +1
24-Sep-2024;Forward;6.520;November 2024;Month +2
24-Sep-2024;Forward;6.217;Q4 2024;Quarter +1
24-Sep-2024;Forward;6.404;Winter 2024;Season +1
24-Sep-2024;Forward;5.445;Summer 2025;Season +2
24-Sep-2024;Forward;5.924;Calendar 2025;Calendar +1
24-Sep-2024;Forward;5.662;Calendar 2026;Calendar +2
24-Sep-2024;Forward;5.405;Calendar 2027;Calendar +3
24-Sep-2024;Spot;6.999;24-Sep-2024;Spot
24-Sep-2024;PPA 40;6.257;10-Year Pay-as-Produced;PPA 40
24-Sep-2024;RED II;6.536;10-Year PPA Pay-as-Produced;RED II
23-Sep-2024;Spot;8.657;23-Sep-2024;Spot
22-Sep-2024;Spot;5.322;22-Sep-2024;Spot
21-Sep-2024;Forward;5.775;October 2024;Month +1
21-Sep-2024;Forward;6.419;November 2024;Month +2
21-Sep-2024;Forward;6.140;Q4 2024;Quarter +1
21-Sep-2024;Forward;6.345;Winter 2024;Season +1
21-Sep-2024;Forward;5.406;Summer 2025;Season +2
21-Sep-2024;Forward;5.890;Calendar 2025;Calendar +1
21-Sep-2024;Forward;5.595;Calendar 2026;Calendar +2
21-Sep-2024;Forward;5.375;Calendar 2027;Calendar +3
21-Sep-2024;Spot;5.342;21-Sep-2024;Spot
21-Sep-2024;PPA 40;6.228;10-Year Pay-as-Produced;PPA 40
21-Sep-2024;RED II;6.510;10-Year PPA Pay-as-Produced;RED II
20-Sep-2024;Forward;5.650;October 2024;Month +1
20-Sep-2024;Forward;6.331;November 2024;Month +2
20-Sep-2024;Forward;6.030;Q4 2024;Quarter +1
20-Sep-2024;Forward;6.244;Winter 2024;Season +1
20-Sep-2024;Forward;5.314;Summer 2025;Season +2
20-Sep-2024;Forward;5.796;Calendar 2025;Calendar +1
20-Sep-2024;Forward;5.562;Calendar 2026;Calendar +2
20-Sep-2024;Forward;5.302;Calendar 2027;Calendar +3
20-Sep-2024;Spot;6.999;20-Sep-2024;Spot
20-Sep-2024;PPA 40;6.202;10-Year Pay-as-Produced;PPA 40
20-Sep-2024;RED II;6.458;10-Year PPA Pay-as-Produced;RED II
19-Sep-2024;Forward;5.762;October 2024;Month +1
19-Sep-2024;Forward;6.534;November 2024;Month +2
19-Sep-2024;Forward;6.235;Q4 2024;Quarter +1
19-Sep-2024;Forward;6.507;Winter 2024;Season +1
19-Sep-2024;Forward;5.496;Summer 2025;Season +2
19-Sep-2024;Forward;6.012;Calendar 2025;Calendar +1
19-Sep-2024;Forward;5.669;Calendar 2026;Calendar +2
19-Sep-2024;Forward;5.353;Calendar 2027;Calendar +3
19-Sep-2024;Spot;7.073;19-Sep-2024;Spot
19-Sep-2024;PPA 40;6.252;10-Year Pay-as-Produced;PPA 40
19-Sep-2024;RED II;6.515;10-Year PPA Pay-as-Produced;RED II
18-Sep-2024;Forward;5.862;October 2024;Month +1
18-Sep-2024;Forward;6.720;November 2024;Month +2
18-Sep-2024;Forward;6.355;Q4 2024;Quarter +1
18-Sep-2024;Forward;6.571;Winter 2024;Season +1
18-Sep-2024;Forward;5.506;Summer 2025;Season +2
18-Sep-2024;Forward;6.040;Calendar 2025;Calendar +1
18-Sep-2024;Forward;5.644;Calendar 2026;Calendar +2
18-Sep-2024;Forward;5.304;Calendar 2027;Calendar +3
18-Sep-2024;Spot;7.572;18-Sep-2024;Spot
18-Sep-2024;PPA 40;6.220;10-Year Pay-as-Produced;PPA 40
18-Sep-2024;RED II;6.485;10-Year PPA Pay-as-Produced;RED II
17-Sep-2024;Forward;5.689;October 2024;Month +1
17-Sep-2024;Forward;6.382;November 2024;Month +2
17-Sep-2024;Forward;6.067;Q4 2024;Quarter +1
17-Sep-2024;Forward;6.305;Winter 2024;Season +1
17-Sep-2024;Forward;5.353;Summer 2025;Season +2
17-Sep-2024;Forward;5.862;Calendar 2025;Calendar +1
17-Sep-2024;Forward;5.539;Calendar 2026;Calendar +2
17-Sep-2024;Forward;5.238;Calendar 2027;Calendar +3
17-Sep-2024;Spot;7.748;17-Sep-2024;Spot
17-Sep-2024;PPA 40;6.181;10-Year Pay-as-Produced;PPA 40
17-Sep-2024;RED II;6.421;10-Year PPA Pay-as-Produced;RED II
16-Sep-2024;Spot;7.627;16-Sep-2024;Spot
15-Sep-2024;Spot;4.820;15-Sep-2024;Spot
14-Sep-2024;Forward;5.881;October 2024;Month +1
14-Sep-2024;Forward;6.477;November 2024;Month +2
14-Sep-2024;Forward;6.195;Q4 2024;Quarter +1
14-Sep-2024;Forward;6.431;Winter 2024;Season +1
14-Sep-2024;Forward;5.443;Summer 2025;Season +2
14-Sep-2024;Forward;5.969;Calendar 2025;Calendar +1
14-Sep-2024;Forward;5.645;Calendar 2026;Calendar +2
14-Sep-2024;Forward;5.297;Calendar 2027;Calendar +3
14-Sep-2024;Spot;4.640;14-Sep-2024;Spot
14-Sep-2024;PPA 40;6.218;10-Year Pay-as-Produced;PPA 40
14-Sep-2024;RED II;6.462;10-Year PPA Pay-as-Produced;RED II
13-Sep-2024;Forward;5.905;October 2024;Month +1
13-Sep-2024;Forward;6.482;November 2024;Month +2
13-Sep-2024;Forward;6.194;Q4 2024;Quarter +1
13-Sep-2024;Forward;6.477;Winter 2024;Season +1
13-Sep-2024;Forward;5.460;Summer 2025;Season +2
13-Sep-2024;Forward;6.014;Calendar 2025;Calendar +1
13-Sep-2024;Forward;5.660;Calendar 2026;Calendar +2
13-Sep-2024;Forward;5.295;Calendar 2027;Calendar +3
13-Sep-2024;Spot;7.116;13-Sep-2024;Spot
13-Sep-2024;PPA 40;6.208;10-Year Pay-as-Produced;PPA 40
13-Sep-2024;RED II;6.474;10-Year PPA Pay-as-Produced;RED II
12-Sep-2024;Forward;6.028;October 2024;Month +1
12-Sep-2024;Forward;6.635;November 2024;Month +2
12-Sep-2024;Forward;6.339;Q4 2024;Quarter +1
12-Sep-2024;Forward;6.573;Winter 2024;Season +1
12-Sep-2024;Forward;5.658;Summer 2025;Season +2
12-Sep-2024;Forward;6.128;Calendar 2025;Calendar +1
12-Sep-2024;Forward;5.808;Calendar 2026;Calendar +2
12-Sep-2024;Forward;5.503;Calendar 2027;Calendar +3
12-Sep-2024;Spot;8.453;12-Sep-2024;Spot
12-Sep-2024;PPA 40;6.337;10-Year Pay-as-Produced;PPA 40
12-Sep-2024;RED II;6.600;10-Year PPA Pay-as-Produced;RED II
11-Sep-2024;Forward;6.023;October 2024;Month +1
11-Sep-2024;Forward;6.608;November 2024;Month +2
11-Sep-2024;Forward;6.307;Q4 2024;Quarter +1
11-Sep-2024;Forward;6.505;Winter 2024;Season +1
11-Sep-2024;Forward;5.459;Summer 2025;Season +2
11-Sep-2024;Forward;5.986;Calendar 2025;Calendar +1
11-Sep-2024;Forward;5.638;Calendar 2026;Calendar +2
11-Sep-2024;Forward;5.227;Calendar 2027;Calendar +3
11-Sep-2024;Spot;6.752;11-Sep-2024;Spot
11-Sep-2024;PPA 40;6.179;10-Year Pay-as-Produced;PPA 40
11-Sep-2024;RED II;6.426;10-Year PPA Pay-as-Produced;RED II
10-Sep-2024;Forward;6.237;October 2024;Month +1
10-Sep-2024;Forward;6.791;November 2024;Month +2
10-Sep-2024;Forward;6.491;Q4 2024;Quarter +1
10-Sep-2024;Forward;6.713;Winter 2024;Season +1
10-Sep-2024;Forward;5.610;Summer 2025;Season +2
10-Sep-2024;Forward;6.164;Calendar 2025;Calendar +1
10-Sep-2024;Forward;5.757;Calendar 2026;Calendar +2
10-Sep-2024;Forward;5.297;Calendar 2027;Calendar +3
10-Sep-2024;Spot;6.778;10-Sep-2024;Spot
10-Sep-2024;PPA 40;6.248;10-Year Pay-as-Produced;PPA 40
10-Sep-2024;RED II;6.479;10-Year PPA Pay-as-Produced;RED II
09-Sep-2024;Spot;7.715;9-Sep-2024;Spot
08-Sep-2024;Spot;5.428;8-Sep-2024;Spot
07-Sep-2024;Forward;6.174;October 2024;Month +1
07-Sep-2024;Forward;6.728;November 2024;Month +2
07-Sep-2024;Forward;6.435;Q4 2024;Quarter +1
07-Sep-2024;Forward;6.627;Winter 2024;Season +1
07-Sep-2024;Forward;5.590;Summer 2025;Season +2
07-Sep-2024;Forward;6.123;Calendar 2025;Calendar +1
07-Sep-2024;Forward;5.755;Calendar 2026;Calendar +2
07-Sep-2024;Forward;5.291;Calendar 2027;Calendar +3
07-Sep-2024;Spot;6.048;7-Sep-2024;Spot
07-Sep-2024;PPA 40;6.247;10-Year Pay-as-Produced;PPA 40
07-Sep-2024;RED II;6.474;10-Year PPA Pay-as-Produced;RED II
06-Sep-2024;Forward;6.134;October 2024;Month +1
06-Sep-2024;Forward;6.747;November 2024;Month +2
06-Sep-2024;Forward;6.421;Q4 2024;Quarter +1
06-Sep-2024;Forward;6.638;Winter 2024;Season +1
06-Sep-2024;Forward;5.564;Summer 2025;Season +2
06-Sep-2024;Forward;6.103;Calendar 2025;Calendar +1
06-Sep-2024;Forward;5.730;Calendar 2026;Calendar +2
06-Sep-2024;Forward;5.262;Calendar 2027;Calendar +3
06-Sep-2024;Spot;8.166;6-Sep-2024;Spot
06-Sep-2024;PPA 40;6.220;10-Year Pay-as-Produced;PPA 40
06-Sep-2024;RED II;6.453;10-Year PPA Pay-as-Produced;RED II
05-Sep-2024;Forward;6.166;October 2024;Month +1
05-Sep-2024;Forward;6.790;November 2024;Month +2
05-Sep-2024;Forward;6.468;Q4 2024;Quarter +1
05-Sep-2024;Forward;6.698;Winter 2024;Season +1
05-Sep-2024;Forward;5.537;Summer 2025;Season +2
05-Sep-2024;Forward;6.103;Calendar 2025;Calendar +1
05-Sep-2024;Forward;5.715;Calendar 2026;Calendar +2
05-Sep-2024;Forward;5.250;Calendar 2027;Calendar +3
05-Sep-2024;Spot;8.336;5-Sep-2024;Spot
05-Sep-2024;PPA 40;6.219;10-Year Pay-as-Produced;PPA 40
05-Sep-2024;RED II;6.447;10-Year PPA Pay-as-Produced;RED II
04-Sep-2024;Forward;6.284;October 2024;Month +1
04-Sep-2024;Forward;6.996;November 2024;Month +2
04-Sep-2024;Forward;6.642;Q4 2024;Quarter +1
04-Sep-2024;Forward;6.840;Winter 2024;Season +1
04-Sep-2024;Forward;5.655;Summer 2025;Season +2
04-Sep-2024;Forward;6.219;Calendar 2025;Calendar +1
04-Sep-2024;Forward;5.812;Calendar 2026;Calendar +2
04-Sep-2024;Forward;5.303;Calendar 2027;Calendar +3
04-Sep-2024;Spot;9.270;4-Sep-2024;Spot
04-Sep-2024;PPA 40;6.267;10-Year Pay-as-Produced;PPA 40
04-Sep-2024;RED II;6.489;10-Year PPA Pay-as-Produced;RED II
03-Sep-2024;Forward;6.467;October 2024;Month +1
03-Sep-2024;Forward;7.077;November 2024;Month +2
03-Sep-2024;Forward;6.763;Q4 2024;Quarter +1
03-Sep-2024;Forward;7.005;Winter 2024;Season +1
03-Sep-2024;Forward;5.797;Summer 2025;Season +2
03-Sep-2024;Forward;6.381;Calendar 2025;Calendar +1
03-Sep-2024;Forward;5.936;Calendar 2026;Calendar +2
03-Sep-2024;Forward;5.381;Calendar 2027;Calendar +3
03-Sep-2024;Spot;11.930;3-Sep-2024;Spot
03-Sep-2024;PPA 40;6.333;10-Year Pay-as-Produced;PPA 40
03-Sep-2024;RED II;6.557;10-Year PPA Pay-as-Produced;RED II
02-Sep-2024;Spot;8.427;2-Sep-2024;Spot
01-Sep-2024;Spot;5.693;1-Sep-2024;Spot
31-Aug-2024;Forward;6.381;September 2024;Month +1
31-Aug-2024;Forward;6.579;October 2024;Month +2
31-Aug-2024;Forward;6.881;Q4 2024;Quarter +1
31-Aug-2024;Forward;7.100;Winter 2024;Season +1
31-Aug-2024;Forward;5.850;Summer 2025;Season +2
31-Aug-2024;Forward;6.444;Calendar 2025;Calendar +1
31-Aug-2024;Forward;6.008;Calendar 2026;Calendar +2
31-Aug-2024;Forward;5.429;Calendar 2027;Calendar +3
31-Aug-2024;Spot;6.504;31-Aug-2024;Spot
31-Aug-2024;PPA 40;6.369;10-Year Pay-as-Produced;PPA 40
31-Aug-2024;RED II;6.593;10-Year PPA Pay-as-Produced;RED II
30-Aug-2024;Forward;6.441;September 2024;Month +1
30-Aug-2024;Forward;6.562;October 2024;Month +2
30-Aug-2024;Forward;6.854;Q4 2024;Quarter +1
30-Aug-2024;Forward;7.071;Winter 2024;Season +1
30-Aug-2024;Forward;5.853;Summer 2025;Season +2
30-Aug-2024;Forward;6.434;Calendar 2025;Calendar +1
30-Aug-2024;Forward;5.987;Calendar 2026;Calendar +2
30-Aug-2024;Forward;5.411;Calendar 2027;Calendar +3
30-Aug-2024;Spot;8.209;30-Aug-2024;Spot
30-Aug-2024;PPA 40;6.357;10-Year Pay-as-Produced;PPA 40
30-Aug-2024;RED II;6.578;10-Year PPA Pay-as-Produced;RED II
29-Aug-2024;Forward;6.467;September 2024;Month +1
29-Aug-2024;Forward;6.600;October 2024;Month +2
29-Aug-2024;Forward;6.875;Q4 2024;Quarter +1
29-Aug-2024;Forward;7.118;Winter 2024;Season +1
29-Aug-2024;Forward;5.867;Summer 2025;Season +2
29-Aug-2024;Forward;6.457;Calendar 2025;Calendar +1
29-Aug-2024;Forward;5.983;Calendar 2026;Calendar +2
29-Aug-2024;Forward;5.405;Calendar 2027;Calendar +3
29-Aug-2024;Spot;8.398;29-Aug-2024;Spot
29-Aug-2024;PPA 40;6.362;10-Year Pay-as-Produced;PPA 40
29-Aug-2024;RED II;6.583;10-Year PPA Pay-as-Produced;RED II
28-Aug-2024;Forward;6.439;September 2024;Month +1
28-Aug-2024;Forward;6.692;October 2024;Month +2
28-Aug-2024;Forward;6.947;Q4 2024;Quarter +1
28-Aug-2024;Forward;7.151;Winter 2024;Season +1
28-Aug-2024;Forward;5.895;Summer 2025;Season +2
28-Aug-2024;Forward;6.481;Calendar 2025;Calendar +1
28-Aug-2024;Forward;5.995;Calendar 2026;Calendar +2
28-Aug-2024;Forward;5.414;Calendar 2027;Calendar +3
28-Aug-2024;Spot;7.711;28-Aug-2024;Spot
28-Aug-2024;PPA 40;6.370;10-Year Pay-as-Produced;PPA 40
28-Aug-2024;RED II;6.589;10-Year PPA Pay-as-Produced;RED II
27-Aug-2024;Forward;6.292;September 2024;Month +1
27-Aug-2024;Forward;6.523;October 2024;Month +2
27-Aug-2024;Forward;6.822;Q4 2024;Quarter +1
27-Aug-2024;Forward;7.028;Winter 2024;Season +1
27-Aug-2024;Forward;5.930;Summer 2025;Season +2
27-Aug-2024;Forward;6.437;Calendar 2025;Calendar +1
27-Aug-2024;Forward;5.953;Calendar 2026;Calendar +2
27-Aug-2024;Forward;5.377;Calendar 2027;Calendar +3
27-Aug-2024;Spot;7.793;27-Aug-2024;Spot
27-Aug-2024;PPA 40;6.347;10-Year Pay-as-Produced;PPA 40
27-Aug-2024;RED II;6.557;10-Year PPA Pay-as-Produced;RED II
26-Aug-2024;Spot;7.702;26-Aug-2024;Spot
25-Aug-2024;Spot;2.632;25-Aug-2024;Spot
24-Aug-2024;Forward;6.166;September 2024;Month +1
24-Aug-2024;Forward;6.474;October 2024;Month +2
24-Aug-2024;Forward;6.779;Q4 2024;Quarter +1
24-Aug-2024;Forward;6.978;Winter 2024;Season +1
24-Aug-2024;Forward;5.911;Summer 2025;Season +2
24-Aug-2024;Forward;6.408;Calendar 2025;Calendar +1
24-Aug-2024;Forward;5.943;Calendar 2026;Calendar +2
24-Aug-2024;Forward;5.393;Calendar 2027;Calendar +3
24-Aug-2024;Spot;4.551;24-Aug-2024;Spot
24-Aug-2024;PPA 40;6.339;10-Year Pay-as-Produced;PPA 40
24-Aug-2024;RED II;6.557;10-Year PPA Pay-as-Produced;RED II
23-Aug-2024;Forward;6.310;September 2024;Month +1
23-Aug-2024;Forward;6.448;October 2024;Month +2
23-Aug-2024;Forward;6.902;Q4 2024;Quarter +1
23-Aug-2024;Forward;7.032;Winter 2024;Season +1
23-Aug-2024;Forward;5.903;Summer 2025;Season +2
23-Aug-2024;Forward;6.403;Calendar 2025;Calendar +1
23-Aug-2024;Forward;5.943;Calendar 2026;Calendar +2
23-Aug-2024;Forward;5.391;Calendar 2027;Calendar +3
23-Aug-2024;Spot;5.686;23-Aug-2024;Spot
23-Aug-2024;PPA 40;6.359;10-Year Pay-as-Produced;PPA 40
23-Aug-2024;RED II;6.557;10-Year PPA Pay-as-Produced;RED II
22-Aug-2024;Forward;6.386;September 2024;Month +1
22-Aug-2024;Forward;6.629;October 2024;Month +2
22-Aug-2024;Forward;6.938;Q4 2024;Quarter +1
22-Aug-2024;Forward;7.071;Winter 2024;Season +1
22-Aug-2024;Forward;5.922;Summer 2025;Season +2
22-Aug-2024;Forward;6.426;Calendar 2025;Calendar +1
22-Aug-2024;Forward;5.960;Calendar 2026;Calendar +2
22-Aug-2024;Forward;5.400;Calendar 2027;Calendar +3
22-Aug-2024;Spot;7.234;22-Aug-2024;Spot
22-Aug-2024;PPA 40;6.360;10-Year Pay-as-Produced;PPA 40
22-Aug-2024;RED II;6.566;10-Year PPA Pay-as-Produced;RED II
21-Aug-2024;Forward;6.391;September 2024;Month +1
21-Aug-2024;Forward;6.620;October 2024;Month +2
21-Aug-2024;Forward;6.928;Q4 2024;Quarter +1
21-Aug-2024;Forward;7.132;Winter 2024;Season +1
21-Aug-2024;Forward;5.988;Summer 2025;Season +2
21-Aug-2024;Forward;6.508;Calendar 2025;Calendar +1
21-Aug-2024;Forward;6.005;Calendar 2026;Calendar +2
21-Aug-2024;Forward;5.431;Calendar 2027;Calendar +3
21-Aug-2024;Spot;6.352;21-Aug-2024;Spot
21-Aug-2024;PPA 40;6.388;10-Year Pay-as-Produced;PPA 40
21-Aug-2024;RED II;6.593;10-Year PPA Pay-as-Produced;RED II
20-Aug-2024;Forward;6.435;September 2024;Month +1
20-Aug-2024;Forward;6.743;October 2024;Month +2
20-Aug-2024;Forward;7.209;Q4 2024;Quarter +1
20-Aug-2024;Forward;7.369;Winter 2024;Season +1
20-Aug-2024;Forward;6.100;Summer 2025;Season +2
20-Aug-2024;Forward;6.645;Calendar 2025;Calendar +1
20-Aug-2024;Forward;6.100;Calendar 2026;Calendar +2
20-Aug-2024;Forward;5.507;Calendar 2027;Calendar +3
20-Aug-2024;Spot;7.538;20-Aug-2024;Spot
20-Aug-2024;PPA 40;6.450;10-Year Pay-as-Produced;PPA 40
20-Aug-2024;RED II;6.640;10-Year PPA Pay-as-Produced;RED II
19-Aug-2024;Spot;7.458;19-Aug-2024;Spot
18-Aug-2024;Spot;6.169;18-Aug-2024;Spot
17-Aug-2024;Forward;6.370;September 2024;Month +1
17-Aug-2024;Forward;6.643;October 2024;Month +2
17-Aug-2024;Forward;7.087;Q4 2024;Quarter +1
17-Aug-2024;Forward;7.309;Winter 2024;Season +1
17-Aug-2024;Forward;6.132;Summer 2025;Season +2
17-Aug-2024;Forward;6.657;Calendar 2025;Calendar +1
17-Aug-2024;Forward;6.107;Calendar 2026;Calendar +2
17-Aug-2024;Forward;5.487;Calendar 2027;Calendar +3
17-Aug-2024;Spot;6.741;17-Aug-2024;Spot
17-Aug-2024;PPA 40;6.439;10-Year Pay-as-Produced;PPA 40
17-Aug-2024;RED II;6.635;10-Year PPA Pay-as-Produced;RED II
16-Aug-2024;Forward;6.352;September 2024;Month +1
16-Aug-2024;Forward;6.606;October 2024;Month +2
16-Aug-2024;Forward;7.090;Q4 2024;Quarter +1
16-Aug-2024;Forward;7.294;Winter 2024;Season +1
16-Aug-2024;Forward;6.089;Summer 2025;Season +2
16-Aug-2024;Forward;6.628;Calendar 2025;Calendar +1
16-Aug-2024;Forward;6.087;Calendar 2026;Calendar +2
16-Aug-2024;Forward;5.493;Calendar 2027;Calendar +3
16-Aug-2024;Spot;7.476;16-Aug-2024;Spot
16-Aug-2024;PPA 40;6.434;10-Year Pay-as-Produced;PPA 40
16-Aug-2024;RED II;6.631;10-Year PPA Pay-as-Produced;RED II
15-Aug-2024;Forward;6.277;September 2024;Month +1
15-Aug-2024;Forward;6.505;October 2024;Month +2
15-Aug-2024;Forward;7.027;Q4 2024;Quarter +1
15-Aug-2024;Forward;7.226;Winter 2024;Season +1
15-Aug-2024;Forward;6.050;Summer 2025;Season +2
15-Aug-2024;Forward;6.584;Calendar 2025;Calendar +1
15-Aug-2024;Forward;6.042;Calendar 2026;Calendar +2
15-Aug-2024;Forward;5.488;Calendar 2027;Calendar +3
15-Aug-2024;Spot;6.232;15-Aug-2024;Spot
15-Aug-2024;PPA 40;6.428;10-Year Pay-as-Produced;PPA 40
15-Aug-2024;RED II;6.619;10-Year PPA Pay-as-Produced;RED II
14-Aug-2024;Forward;6.246;September 2024;Month +1
14-Aug-2024;Forward;6.522;October 2024;Month +2
14-Aug-2024;Forward;7.081;Q4 2024;Quarter +1
14-Aug-2024;Forward;7.244;Winter 2024;Season +1
14-Aug-2024;Forward;6.049;Summer 2025;Season +2
14-Aug-2024;Forward;6.578;Calendar 2025;Calendar +1
14-Aug-2024;Forward;6.035;Calendar 2026;Calendar +2
14-Aug-2024;Forward;5.474;Calendar 2027;Calendar +3
14-Aug-2024;Spot;7.613;14-Aug-2024;Spot
14-Aug-2024;PPA 40;6.426;10-Year Pay-as-Produced;PPA 40
14-Aug-2024;RED II;6.610;10-Year PPA Pay-as-Produced;RED II
13-Aug-2024;Forward;6.272;September 2024;Month +1
13-Aug-2024;Forward;6.540;October 2024;Month +2
13-Aug-2024;Forward;7.055;Q4 2024;Quarter +1
13-Aug-2024;Forward;7.241;Winter 2024;Season +1
13-Aug-2024;Forward;6.039;Summer 2025;Season +2
13-Aug-2024;Forward;6.596;Calendar 2025;Calendar +1
13-Aug-2024;Forward;6.070;Calendar 2026;Calendar +2
13-Aug-2024;Forward;5.503;Calendar 2027;Calendar +3
13-Aug-2024;Spot;7.876;13-Aug-2024;Spot
13-Aug-2024;PPA 40;6.442;10-Year Pay-as-Produced;PPA 40
13-Aug-2024;RED II;6.631;10-Year PPA Pay-as-Produced;RED II
12-Aug-2024;Spot;8.288;12-Aug-2024;Spot
11-Aug-2024;Spot;3.859;11-Aug-2024;Spot
10-Aug-2024;Forward;6.265;September 2024;Month +1
10-Aug-2024;Forward;6.621;October 2024;Month +2
10-Aug-2024;Forward;7.053;Q4 2024;Quarter +1
10-Aug-2024;Forward;7.213;Winter 2024;Season +1
10-Aug-2024;Forward;6.024;Summer 2025;Season +2
10-Aug-2024;Forward;6.561;Calendar 2025;Calendar +1
10-Aug-2024;Forward;6.080;Calendar 2026;Calendar +2
10-Aug-2024;Forward;5.499;Calendar 2027;Calendar +3
10-Aug-2024;Spot;4.053;10-Aug-2024;Spot
10-Aug-2024;PPA 40;6.403;10-Year Pay-as-Produced;PPA 40
10-Aug-2024;RED II;6.629;10-Year PPA Pay-as-Produced;RED II
09-Aug-2024;Forward;6.258;September 2024;Month +1
09-Aug-2024;Forward;6.541;October 2024;Month +2
09-Aug-2024;Forward;6.970;Q4 2024;Quarter +1
09-Aug-2024;Forward;7.161;Winter 2024;Season +1
09-Aug-2024;Forward;5.990;Summer 2025;Season +2
09-Aug-2024;Forward;6.526;Calendar 2025;Calendar +1
09-Aug-2024;Forward;6.069;Calendar 2026;Calendar +2
09-Aug-2024;Forward;5.491;Calendar 2027;Calendar +3
09-Aug-2024;Spot;5.764;9-Aug-2024;Spot
09-Aug-2024;PPA 40;6.405;10-Year Pay-as-Produced;PPA 40
09-Aug-2024;RED II;6.623;10-Year PPA Pay-as-Produced;RED II
08-Aug-2024;Forward;6.108;September 2024;Month +1
08-Aug-2024;Forward;6.432;October 2024;Month +2
08-Aug-2024;Forward;6.852;Q4 2024;Quarter +1
08-Aug-2024;Forward;7.054;Winter 2024;Season +1
08-Aug-2024;Forward;5.943;Summer 2025;Season +2
08-Aug-2024;Forward;6.473;Calendar 2025;Calendar +1
08-Aug-2024;Forward;6.018;Calendar 2026;Calendar +2
08-Aug-2024;Forward;5.501;Calendar 2027;Calendar +3
08-Aug-2024;Spot;7.502;8-Aug-2024;Spot
08-Aug-2024;PPA 40;6.385;10-Year Pay-as-Produced;PPA 40
08-Aug-2024;RED II;6.614;10-Year PPA Pay-as-Produced;RED II
07-Aug-2024;Forward;6.062;September 2024;Month +1
07-Aug-2024;Forward;6.336;October 2024;Month +2
07-Aug-2024;Forward;6.728;Q4 2024;Quarter +1
07-Aug-2024;Forward;6.906;Winter 2024;Season +1
07-Aug-2024;Forward;5.864;Summer 2025;Season +2
07-Aug-2024;Forward;6.359;Calendar 2025;Calendar +1
07-Aug-2024;Forward;5.963;Calendar 2026;Calendar +2
07-Aug-2024;Forward;5.466;Calendar 2027;Calendar +3
07-Aug-2024;Spot;6.864;7-Aug-2024;Spot
07-Aug-2024;PPA 40;6.364;10-Year Pay-as-Produced;PPA 40
07-Aug-2024;RED II;6.583;10-Year PPA Pay-as-Produced;RED II
06-Aug-2024;Forward;5.936;September 2024;Month +1
06-Aug-2024;Forward;6.222;October 2024;Month +2
06-Aug-2024;Forward;6.633;Q4 2024;Quarter +1
06-Aug-2024;Forward;6.834;Winter 2024;Season +1
06-Aug-2024;Forward;5.808;Summer 2025;Season +2
06-Aug-2024;Forward;6.314;Calendar 2025;Calendar +1
06-Aug-2024;Forward;5.919;Calendar 2026;Calendar +2
06-Aug-2024;Forward;5.430;Calendar 2027;Calendar +3
06-Aug-2024;Spot;8.380;6-Aug-2024;Spot
06-Aug-2024;PPA 40;6.326;10-Year Pay-as-Produced;PPA 40
06-Aug-2024;RED II;6.553;10-Year PPA Pay-as-Produced;RED II
05-Aug-2024;Spot;7.640;5-Aug-2024;Spot
04-Aug-2024;Spot;4.287;4-Aug-2024;Spot
03-Aug-2024;Forward;6.074;September 2024;Month +1
03-Aug-2024;Forward;6.395;October 2024;Month +2
03-Aug-2024;Forward;6.858;Q4 2024;Quarter +1
03-Aug-2024;Forward;7.026;Winter 2024;Season +1
03-Aug-2024;Forward;6.037;Summer 2025;Season +2
03-Aug-2024;Forward;6.486;Calendar 2025;Calendar +1
03-Aug-2024;Forward;6.046;Calendar 2026;Calendar +2
03-Aug-2024;Forward;5.557;Calendar 2027;Calendar +3
03-Aug-2024;Spot;4.924;3-Aug-2024;Spot
03-Aug-2024;PPA 40;6.426;10-Year Pay-as-Produced;PPA 40
03-Aug-2024;RED II;6.651;10-Year PPA Pay-as-Produced;RED II
02-Aug-2024;Forward;6.103;September 2024;Month +1
02-Aug-2024;Forward;6.437;October 2024;Month +2
02-Aug-2024;Forward;6.865;Q4 2024;Quarter +1
02-Aug-2024;Forward;7.071;Winter 2024;Season +1
02-Aug-2024;Forward;5.999;Summer 2025;Season +2
02-Aug-2024;Forward;6.536;Calendar 2025;Calendar +1
02-Aug-2024;Forward;6.081;Calendar 2026;Calendar +2
02-Aug-2024;Forward;5.587;Calendar 2027;Calendar +3
02-Aug-2024;Spot;6.815;2-Aug-2024;Spot
02-Aug-2024;PPA 40;6.444;10-Year Pay-as-Produced;PPA 40
02-Aug-2024;RED II;6.671;10-Year PPA Pay-as-Produced;RED II
01-Aug-2024;Forward;5.490;August 2024;Month +1
01-Aug-2024;Forward;5.922;September 2024;Month +2
01-Aug-2024;Forward;6.680;Q4 2024;Quarter +1
01-Aug-2024;Forward;6.905;Winter 2024;Season +1
01-Aug-2024;Forward;5.862;Summer 2025;Season +2
01-Aug-2024;Forward;6.385;Calendar 2025;Calendar +1
01-Aug-2024;Forward;5.961;Calendar 2026;Calendar +2
01-Aug-2024;Forward;5.471;Calendar 2027;Calendar +3
01-Aug-2024;Spot;7.219;1-Aug-2024;Spot
01-Aug-2024;PPA 40;6.386;10-Year Pay-as-Produced;PPA 40
01-Aug-2024;RED II;6.583;10-Year PPA Pay-as-Produced;RED II
31-Jul-2024;Forward;5.384;August 2024;Month +1
31-Jul-2024;Forward;5.841;September 2024;Month +2
31-Jul-2024;Forward;6.560;Q4 2024;Quarter +1
31-Jul-2024;Forward;6.776;Winter 2024;Season +1
31-Jul-2024;Forward;5.755;Summer 2025;Season +2
31-Jul-2024;Forward;6.271;Calendar 2025;Calendar +1
31-Jul-2024;Forward;5.854;Calendar 2026;Calendar +2
31-Jul-2024;Forward;5.376;Calendar 2027;Calendar +3
31-Jul-2024;Spot;7.022;31-Jul-2024;Spot
31-Jul-2024;PPA 40;6.312;10-Year Pay-as-Produced;PPA 40
31-Jul-2024;RED II;6.510;10-Year PPA Pay-as-Produced;RED II
30-Jul-2024;Forward;5.446;August 2024;Month +1
30-Jul-2024;Forward;5.792;September 2024;Month +2
30-Jul-2024;Forward;6.528;Q4 2024;Quarter +1
30-Jul-2024;Forward;6.757;Winter 2024;Season +1
30-Jul-2024;Forward;5.748;Summer 2025;Season +2
30-Jul-2024;Forward;6.266;Calendar 2025;Calendar +1
30-Jul-2024;Forward;5.824;Calendar 2026;Calendar +2
30-Jul-2024;Forward;5.351;Calendar 2027;Calendar +3
30-Jul-2024;Spot;6.587;30-Jul-2024;Spot
30-Jul-2024;PPA 40;6.289;10-Year Pay-as-Produced;PPA 40
30-Jul-2024;RED II;6.494;10-Year PPA Pay-as-Produced;RED II
29-Jul-2024;Spot;5.745;29-Jul-2024;Spot
28-Jul-2024;Spot;4.104;28-Jul-2024;Spot
27-Jul-2024;Forward;5.456;August 2024;Month +1
27-Jul-2024;Forward;5.719;September 2024;Month +2
27-Jul-2024;Forward;6.418;Q4 2024;Quarter +1
27-Jul-2024;Forward;6.658;Winter 2024;Season +1
27-Jul-2024;Forward;5.655;Summer 2025;Season +2
27-Jul-2024;Forward;6.184;Calendar 2025;Calendar +1
27-Jul-2024;Forward;5.775;Calendar 2026;Calendar +2
27-Jul-2024;Forward;5.340;Calendar 2027;Calendar +3
27-Jul-2024;Spot;5.555;27-Jul-2024;Spot
27-Jul-2024;PPA 40;6.269;10-Year Pay-as-Produced;PPA 40
27-Jul-2024;RED II;6.479;10-Year PPA Pay-as-Produced;RED II
26-Jul-2024;Forward;5.402;August 2024;Month +1
26-Jul-2024;Forward;5.629;September 2024;Month +2
26-Jul-2024;Forward;6.378;Q4 2024;Quarter +1
26-Jul-2024;Forward;6.584;Winter 2024;Season +1
26-Jul-2024;Forward;5.573;Summer 2025;Season +2
26-Jul-2024;Forward;6.089;Calendar 2025;Calendar +1
26-Jul-2024;Forward;5.716;Calendar 2026;Calendar +2
26-Jul-2024;Forward;5.301;Calendar 2027;Calendar +3
26-Jul-2024;Spot;6.637;26-Jul-2024;Spot
26-Jul-2024;PPA 40;6.244;10-Year Pay-as-Produced;PPA 40
26-Jul-2024;RED II;6.443;10-Year PPA Pay-as-Produced;RED II
25-Jul-2024;Forward;5.498;August 2024;Month +1
25-Jul-2024;Forward;5.709;September 2024;Month +2
25-Jul-2024;Forward;6.435;Q4 2024;Quarter +1
25-Jul-2024;Forward;6.663;Winter 2024;Season +1
25-Jul-2024;Forward;5.632;Summer 2025;Season +2
25-Jul-2024;Forward;6.143;Calendar 2025;Calendar +1
25-Jul-2024;Forward;5.743;Calendar 2026;Calendar +2
25-Jul-2024;Forward;5.335;Calendar 2027;Calendar +3
25-Jul-2024;Spot;7.474;25-Jul-2024;Spot
25-Jul-2024;PPA 40;6.272;10-Year Pay-as-Produced;PPA 40
25-Jul-2024;RED II;6.477;10-Year PPA Pay-as-Produced;RED II
24-Jul-2024;Forward;5.258;August 2024;Month +1
24-Jul-2024;Forward;5.569;September 2024;Month +2
24-Jul-2024;Forward;6.262;Q4 2024;Quarter +1
24-Jul-2024;Forward;6.495;Winter 2024;Season +1
24-Jul-2024;Forward;5.506;Summer 2025;Season +2
24-Jul-2024;Forward;6.002;Calendar 2025;Calendar +1
24-Jul-2024;Forward;5.633;Calendar 2026;Calendar +2
24-Jul-2024;Forward;5.232;Calendar 2027;Calendar +3
24-Jul-2024;Spot;6.529;24-Jul-2024;Spot
24-Jul-2024;PPA 40;6.194;10-Year Pay-as-Produced;PPA 40
24-Jul-2024;RED II;6.405;10-Year PPA Pay-as-Produced;RED II
23-Jul-2024;Forward;5.198;August 2024;Month +1
23-Jul-2024;Forward;5.541;September 2024;Month +2
23-Jul-2024;Forward;6.186;Q4 2024;Quarter +1
23-Jul-2024;Forward;6.440;Winter 2024;Season +1
23-Jul-2024;Forward;5.464;Summer 2025;Season +2
23-Jul-2024;Forward;5.964;Calendar 2025;Calendar +1
23-Jul-2024;Forward;5.612;Calendar 2026;Calendar +2
23-Jul-2024;Forward;5.215;Calendar 2027;Calendar +3
23-Jul-2024;Spot;6.432;23-Jul-2024;Spot
23-Jul-2024;PPA 40;6.184;10-Year Pay-as-Produced;PPA 40
23-Jul-2024;RED II;6.394;10-Year PPA Pay-as-Produced;RED II
22-Jul-2024;Spot;7.095;22-Jul-2024;Spot
21-Jul-2024;Spot;4.031;21-Jul-2024;Spot
20-Jul-2024;Forward;5.146;August 2024;Month +1
20-Jul-2024;Forward;5.595;September 2024;Month +2
20-Jul-2024;Forward;6.275;Q4 2024;Quarter +1
20-Jul-2024;Forward;6.522;Winter 2024;Season +1
20-Jul-2024;Forward;5.506;Summer 2025;Season +2
20-Jul-2024;Forward;6.015;Calendar 2025;Calendar +1
20-Jul-2024;Forward;5.694;Calendar 2026;Calendar +2
20-Jul-2024;Forward;5.266;Calendar 2027;Calendar +3
20-Jul-2024;Spot;5.272;20-Jul-2024;Spot
20-Jul-2024;PPA 40;6.210;10-Year Pay-as-Produced;PPA 40
20-Jul-2024;RED II;6.432;10-Year PPA Pay-as-Produced;RED II
19-Jul-2024;Forward;5.209;August 2024;Month +1
19-Jul-2024;Forward;5.632;September 2024;Month +2
19-Jul-2024;Forward;6.271;Q4 2024;Quarter +1
19-Jul-2024;Forward;6.529;Winter 2024;Season +1
19-Jul-2024;Forward;5.515;Summer 2025;Season +2
19-Jul-2024;Forward;6.022;Calendar 2025;Calendar +1
19-Jul-2024;Forward;5.689;Calendar 2026;Calendar +2
19-Jul-2024;Forward;5.258;Calendar 2027;Calendar +3
19-Jul-2024;Spot;6.278;19-Jul-2024;Spot
19-Jul-2024;PPA 40;6.214;10-Year Pay-as-Produced;PPA 40
19-Jul-2024;RED II;6.426;10-Year PPA Pay-as-Produced;RED II
18-Jul-2024;Forward;5.150;August 2024;Month +1
18-Jul-2024;Forward;5.580;September 2024;Month +2
18-Jul-2024;Forward;6.229;Q4 2024;Quarter +1
18-Jul-2024;Forward;6.490;Winter 2024;Season +1
18-Jul-2024;Forward;5.506;Summer 2025;Season +2
18-Jul-2024;Forward;6.013;Calendar 2025;Calendar +1
18-Jul-2024;Forward;5.680;Calendar 2026;Calendar +2
18-Jul-2024;Forward;5.257;Calendar 2027;Calendar +3
18-Jul-2024;Spot;6.974;18-Jul-2024;Spot
18-Jul-2024;PPA 40;6.197;10-Year Pay-as-Produced;PPA 40
18-Jul-2024;RED II;6.421;10-Year PPA Pay-as-Produced;RED II
17-Jul-2024;Forward;5.280;August 2024;Month +1
17-Jul-2024;Forward;5.685;September 2024;Month +2
17-Jul-2024;Forward;6.356;Q4 2024;Quarter +1
17-Jul-2024;Forward;6.630;Winter 2024;Season +1
17-Jul-2024;Forward;5.559;Summer 2025;Season +2
17-Jul-2024;Forward;6.084;Calendar 2025;Calendar +1
17-Jul-2024;Forward;5.741;Calendar 2026;Calendar +2
17-Jul-2024;Forward;5.279;Calendar 2027;Calendar +3
17-Jul-2024;Spot;6.026;17-Jul-2024;Spot
17-Jul-2024;PPA 40;6.231;10-Year Pay-as-Produced;PPA 40
17-Jul-2024;RED II;6.447;10-Year PPA Pay-as-Produced;RED II
16-Jul-2024;Forward;5.153;August 2024;Month +1
16-Jul-2024;Forward;5.590;September 2024;Month +2
16-Jul-2024;Forward;6.246;Q4 2024;Quarter +1
16-Jul-2024;Forward;6.514;Winter 2024;Season +1
16-Jul-2024;Forward;5.478;Summer 2025;Season +2
16-Jul-2024;Forward;5.999;Calendar 2025;Calendar +1
16-Jul-2024;Forward;5.689;Calendar 2026;Calendar +2
16-Jul-2024;Forward;5.255;Calendar 2027;Calendar +3
16-Jul-2024;Spot;5.643;16-Jul-2024;Spot
16-Jul-2024;PPA 40;6.192;10-Year Pay-as-Produced;PPA 40
16-Jul-2024;RED II;6.432;10-Year PPA Pay-as-Produced;RED II
15-Jul-2024;Spot;6.128;15-Jul-2024;Spot
14-Jul-2024;Spot;2.523;14-Jul-2024;Spot
13-Jul-2024;Forward;5.229;August 2024;Month +1
13-Jul-2024;Forward;5.695;September 2024;Month +2
13-Jul-2024;Forward;6.327;Q4 2024;Quarter +1
13-Jul-2024;Forward;6.610;Winter 2024;Season +1
13-Jul-2024;Forward;5.554;Summer 2025;Season +2
13-Jul-2024;Forward;6.097;Calendar 2025;Calendar +1
13-Jul-2024;Forward;5.743;Calendar 2026;Calendar +2
13-Jul-2024;Forward;5.300;Calendar 2027;Calendar +3
13-Jul-2024;Spot;2.741;13-Jul-2024;Spot
13-Jul-2024;PPA 40;6.222;10-Year Pay-as-Produced;PPA 40
13-Jul-2024;RED II;6.462;10-Year PPA Pay-as-Produced;RED II
12-Jul-2024;Forward;5.159;August 2024;Month +1
12-Jul-2024;Forward;5.645;September 2024;Month +2
12-Jul-2024;Forward;6.256;Q4 2024;Quarter +1
12-Jul-2024;Forward;6.547;Winter 2024;Season +1
12-Jul-2024;Forward;5.513;Summer 2025;Season +2
12-Jul-2024;Forward;6.054;Calendar 2025;Calendar +1
12-Jul-2024;Forward;5.725;Calendar 2026;Calendar +2
12-Jul-2024;Forward;5.276;Calendar 2027;Calendar +3
12-Jul-2024;Spot;5.662;12-Jul-2024;Spot
12-Jul-2024;PPA 40;6.215;10-Year Pay-as-Produced;PPA 40
12-Jul-2024;RED II;6.447;10-Year PPA Pay-as-Produced;RED II
11-Jul-2024;Forward;5.125;August 2024;Month +1
11-Jul-2024;Forward;5.602;September 2024;Month +2
11-Jul-2024;Forward;6.244;Q4 2024;Quarter +1
11-Jul-2024;Forward;6.530;Winter 2024;Season +1
11-Jul-2024;Forward;5.513;Summer 2025;Season +2
11-Jul-2024;Forward;6.031;Calendar 2025;Calendar +1
11-Jul-2024;Forward;5.711;Calendar 2026;Calendar +2
11-Jul-2024;Forward;5.273;Calendar 2027;Calendar +3
11-Jul-2024;Spot;6.008;11-Jul-2024;Spot
11-Jul-2024;PPA 40;6.226;10-Year Pay-as-Produced;PPA 40
11-Jul-2024;RED II;6.447;10-Year PPA Pay-as-Produced;RED II
10-Jul-2024;Forward;5.211;August 2024;Month +1
10-Jul-2024;Forward;5.683;September 2024;Month +2
10-Jul-2024;Forward;6.307;Q4 2024;Quarter +1
10-Jul-2024;Forward;6.580;Winter 2024;Season +1
10-Jul-2024;Forward;5.668;Summer 2025;Season +2
10-Jul-2024;Forward;6.112;Calendar 2025;Calendar +1
10-Jul-2024;Forward;5.739;Calendar 2026;Calendar +2
10-Jul-2024;Forward;5.311;Calendar 2027;Calendar +3
10-Jul-2024;Spot;5.708;10-Jul-2024;Spot
10-Jul-2024;PPA 40;6.265;10-Year Pay-as-Produced;PPA 40
10-Jul-2024;RED II;6.474;10-Year PPA Pay-as-Produced;RED II
09-Jul-2024;Forward;5.361;August 2024;Month +1
09-Jul-2024;Forward;5.832;September 2024;Month +2
09-Jul-2024;Forward;6.473;Q4 2024;Quarter +1
09-Jul-2024;Forward;6.737;Winter 2024;Season +1
09-Jul-2024;Forward;5.667;Summer 2025;Season +2
09-Jul-2024;Forward;6.207;Calendar 2025;Calendar +1
09-Jul-2024;Forward;5.795;Calendar 2026;Calendar +2
09-Jul-2024;Forward;5.341;Calendar 2027;Calendar +3
09-Jul-2024;Spot;6.088;9-Jul-2024;Spot
09-Jul-2024;PPA 40;6.286;10-Year Pay-as-Produced;PPA 40
09-Jul-2024;RED II;6.483;10-Year PPA Pay-as-Produced;RED II
08-Jul-2024;Spot;6.455;8-Jul-2024;Spot
07-Jul-2024;Spot;2.743;7-Jul-2024;Spot
06-Jul-2024;Forward;5.509;August 2024;Month +1
06-Jul-2024;Forward;5.975;September 2024;Month +2
06-Jul-2024;Forward;6.574;Q4 2024;Quarter +1
06-Jul-2024;Forward;6.860;Winter 2024;Season +1
06-Jul-2024;Forward;5.745;Summer 2025;Season +2
06-Jul-2024;Forward;6.305;Calendar 2025;Calendar +1
06-Jul-2024;Forward;5.866;Calendar 2026;Calendar +2
06-Jul-2024;Forward;5.367;Calendar 2027;Calendar +3
06-Jul-2024;Spot;1.701;6-Jul-2024;Spot
06-Jul-2024;PPA 40;6.302;10-Year Pay-as-Produced;PPA 40
06-Jul-2024;RED II;6.515;10-Year PPA Pay-as-Produced;RED II
05-Jul-2024;Forward;5.557;August 2024;Month +1
05-Jul-2024;Forward;6.002;September 2024;Month +2
05-Jul-2024;Forward;6.584;Q4 2024;Quarter +1
05-Jul-2024;Forward;6.860;Winter 2024;Season +1
05-Jul-2024;Forward;5.748;Summer 2025;Season +2
05-Jul-2024;Forward;6.307;Calendar 2025;Calendar +1
05-Jul-2024;Forward;5.850;Calendar 2026;Calendar +2
05-Jul-2024;Forward;5.334;Calendar 2027;Calendar +3
05-Jul-2024;Spot;3.819;5-Jul-2024;Spot
05-Jul-2024;PPA 40;6.296;10-Year Pay-as-Produced;PPA 40
05-Jul-2024;RED II;6.494;10-Year PPA Pay-as-Produced;RED II
04-Jul-2024;Forward;5.564;August 2024;Month +1
04-Jul-2024;Forward;5.976;September 2024;Month +2
04-Jul-2024;Forward;6.574;Q4 2024;Quarter +1
04-Jul-2024;Forward;6.850;Winter 2024;Season +1
04-Jul-2024;Forward;5.741;Summer 2025;Season +2
04-Jul-2024;Forward;6.296;Calendar 2025;Calendar +1
04-Jul-2024;Forward;5.848;Calendar 2026;Calendar +2
04-Jul-2024;Forward;5.316;Calendar 2027;Calendar +3
04-Jul-2024;Spot;5.435;4-Jul-2024;Spot
04-Jul-2024;PPA 40;6.280;10-Year Pay-as-Produced;PPA 40
04-Jul-2024;RED II;6.479;10-Year PPA Pay-as-Produced;RED II
03-Jul-2024;Forward;5.934;August 2024;Month +1
03-Jul-2024;Forward;6.311;September 2024;Month +2
03-Jul-2024;Forward;6.864;Q4 2024;Quarter +1
03-Jul-2024;Forward;7.141;Winter 2024;Season +1
03-Jul-2024;Forward;5.864;Summer 2025;Season +2
03-Jul-2024;Forward;6.419;Calendar 2025;Calendar +1
03-Jul-2024;Forward;5.944;Calendar 2026;Calendar +2
03-Jul-2024;Forward;5.369;Calendar 2027;Calendar +3
03-Jul-2024;Spot;6.762;3-Jul-2024;Spot
03-Jul-2024;PPA 40;6.316;10-Year Pay-as-Produced;PPA 40
03-Jul-2024;RED II;6.436;10-Year PPA Pay-as-Produced;RED II
02-Jul-2024;Forward;5.814;August 2024;Month +1
02-Jul-2024;Forward;6.181;September 2024;Month +2
02-Jul-2024;Forward;6.683;Q4 2024;Quarter +1
02-Jul-2024;Forward;6.964;Winter 2024;Season +1
02-Jul-2024;Forward;5.722;Summer 2025;Season +2
02-Jul-2024;Forward;6.269;Calendar 2025;Calendar +1
02-Jul-2024;Forward;5.796;Calendar 2026;Calendar +2
02-Jul-2024;Forward;5.268;Calendar 2027;Calendar +3
02-Jul-2024;Spot;6.858;2-Jul-2024;Spot
02-Jul-2024;PPA 40;6.258;10-Year Pay-as-Produced;PPA 40
02-Jul-2024;RED II;6.356;10-Year PPA Pay-as-Produced;RED II
01-Jul-2024;Spot;6.942;1-Jul-2024;Spot
30-Jun-2024;Spot;3.943;30-Jun-2024;Spot
29-Jun-2024;Forward;5.553;July 2024;Month +1
29-Jun-2024;Forward;5.878;August 2024;Month +2
29-Jun-2024;Forward;5.873;Q3 2024;Quarter +1
29-Jun-2024;Forward;7.019;Winter 2024;Season +1
29-Jun-2024;Forward;5.786;Summer 2025;Season +2
29-Jun-2024;Forward;6.275;Calendar 2025;Calendar +1
29-Jun-2024;Forward;5.784;Calendar 2026;Calendar +2
29-Jun-2024;Forward;5.298;Calendar 2027;Calendar +3
29-Jun-2024;Spot;4.790;29-Jun-2024;Spot
29-Jun-2024;PPA 40;6.270;10-Year Pay-as-Produced;PPA 40
29-Jun-2024;RED II;6.377;10-Year PPA Pay-as-Produced;RED II
28-Jun-2024;Forward;5.509;July 2024;Month +1
28-Jun-2024;Forward;5.825;August 2024;Month +2
28-Jun-2024;Forward;5.826;Q3 2024;Quarter +1
28-Jun-2024;Forward;6.977;Winter 2024;Season +1
28-Jun-2024;Forward;5.750;Summer 2025;Season +2
28-Jun-2024;Forward;6.222;Calendar 2025;Calendar +1
28-Jun-2024;Forward;5.708;Calendar 2026;Calendar +2
28-Jun-2024;Forward;5.257;Calendar 2027;Calendar +3
28-Jun-2024;Spot;5.710;28-Jun-2024;Spot
28-Jun-2024;PPA 40;6.259;10-Year Pay-as-Produced;PPA 40
28-Jun-2024;RED II;6.351;10-Year PPA Pay-as-Produced;RED II
27-Jun-2024;Forward;5.456;July 2024;Month +1
27-Jun-2024;Forward;5.784;August 2024;Month +2
27-Jun-2024;Forward;5.791;Q3 2024;Quarter +1
27-Jun-2024;Forward;6.881;Winter 2024;Season +1
27-Jun-2024;Forward;5.715;Summer 2025;Season +2
27-Jun-2024;Forward;6.175;Calendar 2025;Calendar +1
27-Jun-2024;Forward;5.699;Calendar 2026;Calendar +2
27-Jun-2024;Forward;5.176;Calendar 2027;Calendar +3
27-Jun-2024;Spot;7.269;27-Jun-2024;Spot
27-Jun-2024;PPA 40;6.234;10-Year Pay-as-Produced;PPA 40
27-Jun-2024;RED II;6.307;10-Year PPA Pay-as-Produced;RED II
26-Jun-2024;Forward;5.558;July 2024;Month +1
26-Jun-2024;Forward;5.864;August 2024;Month +2
26-Jun-2024;Forward;5.881;Q3 2024;Quarter +1
26-Jun-2024;Forward;7.019;Winter 2024;Season +1
26-Jun-2024;Forward;5.801;Summer 2025;Season +2
26-Jun-2024;Forward;6.259;Calendar 2025;Calendar +1
26-Jun-2024;Forward;5.782;Calendar 2026;Calendar +2
26-Jun-2024;Forward;5.281;Calendar 2027;Calendar +3
26-Jun-2024;Spot;9.502;26-Jun-2024;Spot
26-Jun-2024;PPA 40;6.272;10-Year Pay-as-Produced;PPA 40
26-Jun-2024;RED II;6.377;10-Year PPA Pay-as-Produced;RED II
25-Jun-2024;Forward;5.418;July 2024;Month +1
25-Jun-2024;Forward;5.737;August 2024;Month +2
25-Jun-2024;Forward;5.764;Q3 2024;Quarter +1
25-Jun-2024;Forward;6.952;Winter 2024;Season +1
25-Jun-2024;Forward;5.758;Summer 2025;Season +2
25-Jun-2024;Forward;6.229;Calendar 2025;Calendar +1
25-Jun-2024;Forward;5.751;Calendar 2026;Calendar +2
25-Jun-2024;Forward;5.266;Calendar 2027;Calendar +3
25-Jun-2024;Spot;7.517;25-Jun-2024;Spot
25-Jun-2024;PPA 40;6.262;10-Year Pay-as-Produced;PPA 40
25-Jun-2024;RED II;6.351;10-Year PPA Pay-as-Produced;RED II
24-Jun-2024;Spot;6.521;24-Jun-2024;Spot
23-Jun-2024;Spot;3.916;23-Jun-2024;Spot
22-Jun-2024;Forward;5.498;July 2024;Month +1
22-Jun-2024;Forward;5.808;August 2024;Month +2
22-Jun-2024;Forward;5.850;Q3 2024;Quarter +1
22-Jun-2024;Forward;7.001;Winter 2024;Season +1
22-Jun-2024;Forward;5.790;Summer 2025;Season +2
22-Jun-2024;Forward;6.261;Calendar 2025;Calendar +1
22-Jun-2024;Forward;5.791;Calendar 2026;Calendar +2
22-Jun-2024;Forward;5.306;Calendar 2027;Calendar +3
22-Jun-2024;Spot;3.228;22-Jun-2024;Spot
22-Jun-2024;PPA 40;6.277;10-Year Pay-as-Produced;PPA 40
22-Jun-2024;RED II;6.383;10-Year PPA Pay-as-Produced;RED II
21-Jun-2024;Forward;5.598;July 2024;Month +1
21-Jun-2024;Forward;5.880;August 2024;Month +2
21-Jun-2024;Forward;5.927;Q3 2024;Quarter +1
21-Jun-2024;Forward;7.062;Winter 2024;Season +1
21-Jun-2024;Forward;5.835;Summer 2025;Season +2
21-Jun-2024;Forward;6.309;Calendar 2025;Calendar +1
21-Jun-2024;Forward;5.823;Calendar 2026;Calendar +2
21-Jun-2024;Forward;5.341;Calendar 2027;Calendar +3
21-Jun-2024;Spot;6.933;21-Jun-2024;Spot
21-Jun-2024;PPA 40;6.288;10-Year Pay-as-Produced;PPA 40
21-Jun-2024;RED II;6.409;10-Year PPA Pay-as-Produced;RED II
20-Jun-2024;Forward;5.704;July 2024;Month +1
20-Jun-2024;Forward;5.990;August 2024;Month +2
20-Jun-2024;Forward;6.029;Q3 2024;Quarter +1
20-Jun-2024;Forward;7.153;Winter 2024;Season +1
20-Jun-2024;Forward;5.897;Summer 2025;Season +2
20-Jun-2024;Forward;6.376;Calendar 2025;Calendar +1
20-Jun-2024;Forward;5.877;Calendar 2026;Calendar +2
20-Jun-2024;Forward;5.361;Calendar 2027;Calendar +3
20-Jun-2024;Spot;6.696;20-Jun-2024;Spot
20-Jun-2024;PPA 40;6.316;10-Year Pay-as-Produced;PPA 40
20-Jun-2024;RED II;6.430;10-Year PPA Pay-as-Produced;RED II
19-Jun-2024;Forward;5.605;July 2024;Month +1
19-Jun-2024;Forward;5.876;August 2024;Month +2
19-Jun-2024;Forward;5.914;Q3 2024;Quarter +1
19-Jun-2024;Forward;7.039;Winter 2024;Season +1
19-Jun-2024;Forward;5.802;Summer 2025;Season +2
19-Jun-2024;Forward;6.268;Calendar 2025;Calendar +1
19-Jun-2024;Forward;5.805;Calendar 2026;Calendar +2
19-Jun-2024;Forward;5.288;Calendar 2027;Calendar +3
19-Jun-2024;Spot;6.734;19-Jun-2024;Spot
19-Jun-2024;PPA 40;6.269;10-Year Pay-as-Produced;PPA 40
19-Jun-2024;RED II;6.377;10-Year PPA Pay-as-Produced;RED II
18-Jun-2024;Forward;5.586;July 2024;Month +1
18-Jun-2024;Forward;5.853;August 2024;Month +2
18-Jun-2024;Forward;5.900;Q3 2024;Quarter +1
18-Jun-2024;Forward;7.014;Winter 2024;Season +1
18-Jun-2024;Forward;5.756;Summer 2025;Season +2
18-Jun-2024;Forward;6.220;Calendar 2025;Calendar +1
18-Jun-2024;Forward;5.761;Calendar 2026;Calendar +2
18-Jun-2024;Forward;5.273;Calendar 2027;Calendar +3
18-Jun-2024;Spot;7.316;18-Jun-2024;Spot
18-Jun-2024;PPA 40;6.226;10-Year Pay-as-Produced;PPA 40
18-Jun-2024;RED II;6.356;10-Year PPA Pay-as-Produced;RED II
17-Jun-2024;Spot;6.531;17-Jun-2024;Spot
16-Jun-2024;Spot;2.542;16-Jun-2024;Spot
15-Jun-2024;Forward;5.775;July 2024;Month +1
15-Jun-2024;Forward;5.996;August 2024;Month +2
15-Jun-2024;Forward;6.051;Q3 2024;Quarter +1
15-Jun-2024;Forward;7.122;Winter 2024;Season +1
15-Jun-2024;Forward;5.843;Summer 2025;Season +2
15-Jun-2024;Forward;6.299;Calendar 2025;Calendar +1
15-Jun-2024;Forward;5.790;Calendar 2026;Calendar +2
15-Jun-2024;Forward;5.274;Calendar 2027;Calendar +3
15-Jun-2024;Spot;1.510;15-Jun-2024;Spot
15-Jun-2024;PPA 40;6.253;10-Year Pay-as-Produced;PPA 40
15-Jun-2024;RED II;6.372;10-Year PPA Pay-as-Produced;RED II
14-Jun-2024;Forward;5.807;July 2024;Month +1
14-Jun-2024;Forward;6.081;August 2024;Month +2
14-Jun-2024;Forward;6.125;Q3 2024;Quarter +1
14-Jun-2024;Forward;7.235;Winter 2024;Season +1
14-Jun-2024;Forward;5.920;Summer 2025;Season +2
14-Jun-2024;Forward;6.396;Calendar 2025;Calendar +1
14-Jun-2024;Forward;5.852;Calendar 2026;Calendar +2
14-Jun-2024;Forward;5.321;Calendar 2027;Calendar +3
14-Jun-2024;Spot;6.029;14-Jun-2024;Spot
14-Jun-2024;PPA 40;6.287;10-Year Pay-as-Produced;PPA 40
14-Jun-2024;RED II;6.409;10-Year PPA Pay-as-Produced;RED II
13-Jun-2024;Forward;5.758;July 2024;Month +1
13-Jun-2024;Forward;6.048;August 2024;Month +2
13-Jun-2024;Forward;6.082;Q3 2024;Quarter +1
13-Jun-2024;Forward;7.217;Winter 2024;Season +1
13-Jun-2024;Forward;5.875;Summer 2025;Season +2
13-Jun-2024;Forward;6.371;Calendar 2025;Calendar +1
13-Jun-2024;Forward;5.844;Calendar 2026;Calendar +2
13-Jun-2024;Forward;5.332;Calendar 2027;Calendar +3
13-Jun-2024;Spot;7.193;13-Jun-2024;Spot
13-Jun-2024;PPA 40;6.279;10-Year Pay-as-Produced;PPA 40
13-Jun-2024;RED II;6.409;10-Year PPA Pay-as-Produced;RED II
12-Jun-2024;Forward;5.738;July 2024;Month +1
12-Jun-2024;Forward;6.018;August 2024;Month +2
12-Jun-2024;Forward;6.050;Q3 2024;Quarter +1
12-Jun-2024;Forward;7.159;Winter 2024;Season +1
12-Jun-2024;Forward;5.826;Summer 2025;Season +2
12-Jun-2024;Forward;6.321;Calendar 2025;Calendar +1
12-Jun-2024;Forward;5.817;Calendar 2026;Calendar +2
12-Jun-2024;Forward;5.290;Calendar 2027;Calendar +3
12-Jun-2024;Spot;7.432;12-Jun-2024;Spot
12-Jun-2024;PPA 40;6.235;10-Year Pay-as-Produced;PPA 40
12-Jun-2024;RED II;6.379;10-Year PPA Pay-as-Produced;RED II
11-Jun-2024;Forward;5.755;July 2024;Month +1
11-Jun-2024;Forward;6.063;August 2024;Month +2
11-Jun-2024;Forward;6.076;Q3 2024;Quarter +1
11-Jun-2024;Forward;7.192;Winter 2024;Season +1
11-Jun-2024;Forward;5.829;Summer 2025;Season +2
11-Jun-2024;Forward;6.334;Calendar 2025;Calendar +1
11-Jun-2024;Forward;5.790;Calendar 2026;Calendar +2
11-Jun-2024;Forward;5.264;Calendar 2027;Calendar +3
11-Jun-2024;Spot;6.296;11-Jun-2024;Spot
11-Jun-2024;PPA 40;6.210;10-Year Pay-as-Produced;PPA 40
11-Jun-2024;RED II;6.362;10-Year PPA Pay-as-Produced;RED II
10-Jun-2024;Spot;7.234;10-Jun-2024;Spot
09-Jun-2024;Spot;3.106;9-Jun-2024;Spot
08-Jun-2024;Forward;5.678;July 2024;Month +1
08-Jun-2024;Forward;5.975;August 2024;Month +2
08-Jun-2024;Forward;5.991;Q3 2024;Quarter +1
08-Jun-2024;Forward;7.116;Winter 2024;Season +1
08-Jun-2024;Forward;5.798;Summer 2025;Season +2
08-Jun-2024;Forward;6.305;Calendar 2025;Calendar +1
08-Jun-2024;Forward;5.793;Calendar 2026;Calendar +2
08-Jun-2024;Forward;5.279;Calendar 2027;Calendar +3
08-Jun-2024;Spot;3.917;8-Jun-2024;Spot
08-Jun-2024;PPA 40;6.216;10-Year Pay-as-Produced;PPA 40
08-Jun-2024;RED II;6.366;10-Year PPA Pay-as-Produced;RED II
07-Jun-2024;Forward;5.756;July 2024;Month +1
07-Jun-2024;Forward;6.033;August 2024;Month +2
07-Jun-2024;Forward;6.053;Q3 2024;Quarter +1
07-Jun-2024;Forward;7.203;Winter 2024;Season +1
07-Jun-2024;Forward;5.841;Summer 2025;Season +2
07-Jun-2024;Forward;6.351;Calendar 2025;Calendar +1
07-Jun-2024;Forward;5.795;Calendar 2026;Calendar +2
07-Jun-2024;Forward;5.266;Calendar 2027;Calendar +3
07-Jun-2024;Spot;6.723;7-Jun-2024;Spot
07-Jun-2024;PPA 40;6.233;10-Year Pay-as-Produced;PPA 40
07-Jun-2024;RED II;6.368;10-Year PPA Pay-as-Produced;RED II
06-Jun-2024;Forward;5.730;July 2024;Month +1
06-Jun-2024;Forward;6.028;August 2024;Month +2
06-Jun-2024;Forward;6.039;Q3 2024;Quarter +1
06-Jun-2024;Forward;7.208;Winter 2024;Season +1
06-Jun-2024;Forward;5.818;Summer 2025;Season +2
06-Jun-2024;Forward;6.347;Calendar 2025;Calendar +1
06-Jun-2024;Forward;5.799;Calendar 2026;Calendar +2
06-Jun-2024;Forward;5.288;Calendar 2027;Calendar +3
06-Jun-2024;Spot;7.250;6-Jun-2024;Spot
06-Jun-2024;PPA 40;6.253;10-Year Pay-as-Produced;PPA 40
06-Jun-2024;RED II;6.377;10-Year PPA Pay-as-Produced;RED II
05-Jun-2024;Forward;5.792;July 2024;Month +1
05-Jun-2024;Forward;6.083;August 2024;Month +2
05-Jun-2024;Forward;6.110;Q3 2024;Quarter +1
05-Jun-2024;Forward;7.291;Winter 2024;Season +1
05-Jun-2024;Forward;5.905;Summer 2025;Season +2
05-Jun-2024;Forward;6.415;Calendar 2025;Calendar +1
05-Jun-2024;Forward;5.821;Calendar 2026;Calendar +2
05-Jun-2024;Forward;5.303;Calendar 2027;Calendar +3
05-Jun-2024;Spot;8.497;5-Jun-2024;Spot
05-Jun-2024;PPA 40;6.275;10-Year Pay-as-Produced;PPA 40
05-Jun-2024;RED II;6.398;10-Year PPA Pay-as-Produced;RED II
04-Jun-2024;Forward;6.128;July 2024;Month +1
04-Jun-2024;Forward;6.405;August 2024;Month +2
04-Jun-2024;Forward;6.402;Q3 2024;Quarter +1
04-Jun-2024;Forward;7.538;Winter 2024;Season +1
04-Jun-2024;Forward;6.113;Summer 2025;Season +2
04-Jun-2024;Forward;6.633;Calendar 2025;Calendar +1
04-Jun-2024;Forward;5.971;Calendar 2026;Calendar +2
04-Jun-2024;Forward;5.371;Calendar 2027;Calendar +3
04-Jun-2024;Spot;9.272;4-Jun-2024;Spot
04-Jun-2024;PPA 40;6.329;10-Year Pay-as-Produced;PPA 40
04-Jun-2024;RED II;6.462;10-Year PPA Pay-as-Produced;RED II
03-Jun-2024;Spot;9.036;3-Jun-2024;Spot
02-Jun-2024;Spot;3.021;2-Jun-2024;Spot
01-Jun-2024;Forward;5.736;June 2024;Month +1
01-Jun-2024;Forward;5.917;July 2024;Month +2
01-Jun-2024;Forward;6.208;Q3 2024;Quarter +1
01-Jun-2024;Forward;7.405;Winter 2024;Season +1
01-Jun-2024;Forward;6.046;Summer 2025;Season +2
01-Jun-2024;Forward;6.551;Calendar 2025;Calendar +1
01-Jun-2024;Forward;5.946;Calendar 2026;Calendar +2
01-Jun-2024;Forward;5.386;Calendar 2027;Calendar +3
01-Jun-2024;Spot;5.203;1-Jun-2024;Spot
01-Jun-2024;PPA 40;6.325;10-Year Pay-as-Produced;PPA 40
01-Jun-2024;RED II;6.462;10-Year PPA Pay-as-Produced;RED II
31-May-2024;Forward;5.415;June 2024;Month +1
31-May-2024;Forward;6.026;July 2024;Month +2
31-May-2024;Forward;6.307;Q3 2024;Quarter +1
31-May-2024;Forward;7.552;Winter 2024;Season +1
31-May-2024;Forward;6.169;Summer 2025;Season +2
31-May-2024;Forward;6.684;Calendar 2025;Calendar +1
31-May-2024;Forward;6.036;Calendar 2026;Calendar +2
31-May-2024;Forward;5.469;Calendar 2027;Calendar +3
31-May-2024;Spot;6.797;31-May-2024;Spot
31-May-2024;PPA 40;6.403;10-Year Pay-as-Produced;PPA 40
31-May-2024;RED II;6.521;10-Year PPA Pay-as-Produced;RED II
30-May-2024;Forward;5.355;June 2024;Month +1
30-May-2024;Forward;5.943;July 2024;Month +2
30-May-2024;Forward;6.216;Q3 2024;Quarter +1
30-May-2024;Forward;7.435;Winter 2024;Season +1
30-May-2024;Forward;6.077;Summer 2025;Season +2
30-May-2024;Forward;6.594;Calendar 2025;Calendar +1
30-May-2024;Forward;5.936;Calendar 2026;Calendar +2
30-May-2024;Forward;5.383;Calendar 2027;Calendar +3
30-May-2024;Spot;6.845;30-May-2024;Spot
30-May-2024;PPA 40;6.340;10-Year Pay-as-Produced;PPA 40
30-May-2024;RED II;6.458;10-Year PPA Pay-as-Produced;RED II
29-May-2024;Forward;5.380;June 2024;Month +1
29-May-2024;Forward;5.972;July 2024;Month +2
29-May-2024;Forward;6.212;Q3 2024;Quarter +1
29-May-2024;Forward;7.435;Winter 2024;Season +1
29-May-2024;Forward;6.089;Summer 2025;Season +2
29-May-2024;Forward;6.588;Calendar 2025;Calendar +1
29-May-2024;Forward;5.940;Calendar 2026;Calendar +2
29-May-2024;Forward;5.367;Calendar 2027;Calendar +3
29-May-2024;Spot;6.627;29-May-2024;Spot
29-May-2024;PPA 40;6.334;10-Year Pay-as-Produced;PPA 40
29-May-2024;RED II;6.451;10-Year PPA Pay-as-Produced;RED II
28-May-2024;Forward;5.565;June 2024;Month +1
28-May-2024;Forward;6.073;July 2024;Month +2
28-May-2024;Forward;6.347;Q3 2024;Quarter +1
28-May-2024;Forward;7.629;Winter 2024;Season +1
28-May-2024;Forward;6.210;Summer 2025;Season +2
28-May-2024;Forward;6.755;Calendar 2025;Calendar +1
28-May-2024;Forward;6.094;Calendar 2026;Calendar +2
28-May-2024;Forward;5.462;Calendar 2027;Calendar +3
28-May-2024;Spot;7.149;28-May-2024;Spot
28-May-2024;PPA 40;6.397;10-Year Pay-as-Produced;PPA 40
28-May-2024;RED II;6.526;10-Year PPA Pay-as-Produced;RED II
27-May-2024;Spot;7.645;27-May-2024;Spot
26-May-2024;Spot;4.324;26-May-2024;Spot
25-May-2024;Forward;5.526;June 2024;Month +1
25-May-2024;Forward;5.969;July 2024;Month +2
25-May-2024;Forward;6.254;Q3 2024;Quarter +1
25-May-2024;Forward;7.533;Winter 2024;Season +1
25-May-2024;Forward;6.147;Summer 2025;Season +2
25-May-2024;Forward;6.674;Calendar 2025;Calendar +1
25-May-2024;Forward;6.000;Calendar 2026;Calendar +2
25-May-2024;Forward;5.395;Calendar 2027;Calendar +3
25-May-2024;Spot;5.003;25-May-2024;Spot
25-May-2024;PPA 40;6.345;10-Year Pay-as-Produced;PPA 40
25-May-2024;RED II;6.473;10-Year PPA Pay-as-Produced;RED II
24-May-2024;Forward;5.565;June 2024;Month +1
24-May-2024;Forward;6.004;July 2024;Month +2
24-May-2024;Forward;6.322;Q3 2024;Quarter +1
24-May-2024;Forward;7.618;Winter 2024;Season +1
24-May-2024;Forward;6.216;Summer 2025;Season +2
24-May-2024;Forward;6.743;Calendar 2025;Calendar +1
24-May-2024;Forward;6.052;Calendar 2026;Calendar +2
24-May-2024;Forward;5.443;Calendar 2027;Calendar +3
24-May-2024;Spot;6.998;24-May-2024;Spot
24-May-2024;PPA 40;6.384;10-Year Pay-as-Produced;PPA 40
24-May-2024;RED II;6.509;10-Year PPA Pay-as-Produced;RED II
23-May-2024;Forward;5.549;June 2024;Month +1
23-May-2024;Forward;5.986;July 2024;Month +2
23-May-2024;Forward;6.314;Q3 2024;Quarter +1
23-May-2024;Forward;7.549;Winter 2024;Season +1
23-May-2024;Forward;6.182;Summer 2025;Season +2
23-May-2024;Forward;6.726;Calendar 2025;Calendar +1
23-May-2024;Forward;5.992;Calendar 2026;Calendar +2
23-May-2024;Forward;5.357;Calendar 2027;Calendar +3
23-May-2024;Spot;6.965;23-May-2024;Spot
23-May-2024;PPA 40;6.340;10-Year Pay-as-Produced;PPA 40
23-May-2024;RED II;6.458;10-Year PPA Pay-as-Produced;RED II
22-May-2024;Forward;5.538;June 2024;Month +1
22-May-2024;Forward;5.873;July 2024;Month +2
22-May-2024;Forward;6.226;Q3 2024;Quarter +1
22-May-2024;Forward;7.458;Winter 2024;Season +1
22-May-2024;Forward;6.156;Summer 2025;Season +2
22-May-2024;Forward;6.682;Calendar 2025;Calendar +1
22-May-2024;Forward;5.948;Calendar 2026;Calendar +2
22-May-2024;Forward;5.397;Calendar 2027;Calendar +3
22-May-2024;Spot;6.464;22-May-2024;Spot
22-May-2024;PPA 40;6.330;10-Year Pay-as-Produced;PPA 40
22-May-2024;RED II;6.468;10-Year PPA Pay-as-Produced;RED II
21-May-2024;Forward;5.310;June 2024;Month +1
21-May-2024;Forward;5.682;July 2024;Month +2
21-May-2024;Forward;6.022;Q3 2024;Quarter +1
21-May-2024;Forward;7.272;Winter 2024;Season +1
21-May-2024;Forward;6.048;Summer 2025;Season +2
21-May-2024;Forward;6.548;Calendar 2025;Calendar +1
21-May-2024;Forward;5.886;Calendar 2026;Calendar +2
21-May-2024;Forward;5.351;Calendar 2027;Calendar +3
21-May-2024;Spot;6.609;21-May-2024;Spot
21-May-2024;PPA 40;6.311;10-Year Pay-as-Produced;PPA 40
21-May-2024;RED II;6.420;10-Year PPA Pay-as-Produced;RED II
20-May-2024;Spot;5.147;20-May-2024;Spot
19-May-2024;Spot;4.223;19-May-2024;Spot
18-May-2024;Forward;5.151;June 2024;Month +1
18-May-2024;Forward;5.485;July 2024;Month +2
18-May-2024;Forward;5.841;Q3 2024;Quarter +1
18-May-2024;Forward;7.105;Winter 2024;Season +1
18-May-2024;Forward;5.929;Summer 2025;Season +2
18-May-2024;Forward;6.415;Calendar 2025;Calendar +1
18-May-2024;Forward;5.800;Calendar 2026;Calendar +2
18-May-2024;Forward;5.261;Calendar 2027;Calendar +3
18-May-2024;Spot;4.232;18-May-2024;Spot
18-May-2024;PPA 40;6.239;10-Year Pay-as-Produced;PPA 40
18-May-2024;RED II;6.351;10-Year PPA Pay-as-Produced;RED II
17-May-2024;Forward;5.081;June 2024;Month +1
17-May-2024;Forward;5.484;July 2024;Month +2
17-May-2024;Forward;5.797;Q3 2024;Quarter +1
17-May-2024;Forward;7.077;Winter 2024;Season +1
17-May-2024;Forward;5.889;Summer 2025;Season +2
17-May-2024;Forward;6.372;Calendar 2025;Calendar +1
17-May-2024;Forward;5.776;Calendar 2026;Calendar +2
17-May-2024;Forward;5.244;Calendar 2027;Calendar +3
17-May-2024;Spot;5.629;17-May-2024;Spot
17-May-2024;PPA 40;6.215;10-Year Pay-as-Produced;PPA 40
17-May-2024;RED II;6.335;10-Year PPA Pay-as-Produced;RED II
16-May-2024;Forward;5.053;June 2024;Month +1
16-May-2024;Forward;5.452;July 2024;Month +2
16-May-2024;Forward;5.746;Q3 2024;Quarter +1
16-May-2024;Forward;7.009;Winter 2024;Season +1
16-May-2024;Forward;5.848;Summer 2025;Season +2
16-May-2024;Forward;6.317;Calendar 2025;Calendar +1
16-May-2024;Forward;5.721;Calendar 2026;Calendar +2
16-May-2024;Forward;5.209;Calendar 2027;Calendar +3
16-May-2024;Spot;4.803;16-May-2024;Spot
16-May-2024;PPA 40;6.194;10-Year Pay-as-Produced;PPA 40
16-May-2024;RED II;6.307;10-Year PPA Pay-as-Produced;RED II
15-May-2024;Forward;5.068;June 2024;Month +1
15-May-2024;Forward;5.502;July 2024;Month +2
15-May-2024;Forward;5.787;Q3 2024;Quarter +1
15-May-2024;Forward;7.022;Winter 2024;Season +1
15-May-2024;Forward;5.903;Summer 2025;Season +2
15-May-2024;Forward;6.356;Calendar 2025;Calendar +1
15-May-2024;Forward;5.741;Calendar 2026;Calendar +2
15-May-2024;Forward;5.199;Calendar 2027;Calendar +3
15-May-2024;Spot;4.403;15-May-2024;Spot
15-May-2024;PPA 40;6.195;10-Year Pay-as-Produced;PPA 40
15-May-2024;RED II;6.313;10-Year PPA Pay-as-Produced;RED II
14-May-2024;Forward;5.158;June 2024;Month +1
14-May-2024;Forward;5.483;July 2024;Month +2
14-May-2024;Forward;5.758;Q3 2024;Quarter +1
14-May-2024;Forward;6.993;Winter 2024;Season +1
14-May-2024;Forward;5.863;Summer 2025;Season +2
14-May-2024;Forward;6.322;Calendar 2025;Calendar +1
14-May-2024;Forward;5.670;Calendar 2026;Calendar +2
14-May-2024;Forward;5.215;Calendar 2027;Calendar +3
14-May-2024;Spot;3.468;14-May-2024;Spot
14-May-2024;PPA 40;6.200;10-Year Pay-as-Produced;PPA 40
14-May-2024;RED II;6.307;10-Year PPA Pay-as-Produced;RED II
13-May-2024;Spot;4.510;13-May-2024;Spot
12-May-2024;Spot;1.591;12-May-2024;Spot
11-May-2024;Forward;5.269;June 2024;Month +1
11-May-2024;Forward;5.701;July 2024;Month +2
11-May-2024;Forward;5.916;Q3 2024;Quarter +1
11-May-2024;Forward;7.135;Winter 2024;Season +1
11-May-2024;Forward;5.933;Summer 2025;Season +2
11-May-2024;Forward;6.437;Calendar 2025;Calendar +1
11-May-2024;Forward;5.810;Calendar 2026;Calendar +2
11-May-2024;Forward;5.331;Calendar 2027;Calendar +3
11-May-2024;Spot;3.970;11-May-2024;Spot
11-May-2024;PPA 40;6.274;10-Year Pay-as-Produced;PPA 40
11-May-2024;RED II;6.394;10-Year PPA Pay-as-Produced;RED II
10-May-2024;Forward;5.383;June 2024;Month +1
10-May-2024;Forward;5.764;July 2024;Month +2
10-May-2024;Forward;6.029;Q3 2024;Quarter +1
10-May-2024;Forward;7.219;Winter 2024;Season +1
10-May-2024;Forward;5.984;Summer 2025;Season +2
10-May-2024;Forward;6.508;Calendar 2025;Calendar +1
10-May-2024;Forward;5.822;Calendar 2026;Calendar +2
10-May-2024;Forward;5.375;Calendar 2027;Calendar +3
10-May-2024;Spot;5.952;10-May-2024;Spot
10-May-2024;PPA 40;6.298;10-Year Pay-as-Produced;PPA 40
10-May-2024;RED II;6.430;10-Year PPA Pay-as-Produced;RED II
09-May-2024;Forward;5.341;June 2024;Month +1
09-May-2024;Forward;5.742;July 2024;Month +2
09-May-2024;Forward;5.952;Q3 2024;Quarter +1
09-May-2024;Forward;7.153;Winter 2024;Season +1
09-May-2024;Forward;5.921;Summer 2025;Season +2
09-May-2024;Forward;6.423;Calendar 2025;Calendar +1
09-May-2024;Forward;5.765;Calendar 2026;Calendar +2
09-May-2024;Forward;5.369;Calendar 2027;Calendar +3
09-May-2024;Spot;4.547;9-May-2024;Spot
09-May-2024;PPA 40;6.275;10-Year Pay-as-Produced;PPA 40
09-May-2024;RED II;6.415;10-Year PPA Pay-as-Produced;RED II
08-May-2024;Forward;5.313;June 2024;Month +1
08-May-2024;Forward;5.750;July 2024;Month +2
08-May-2024;Forward;5.956;Q3 2024;Quarter +1
08-May-2024;Forward;7.147;Winter 2024;Season +1
08-May-2024;Forward;5.922;Summer 2025;Season +2
08-May-2024;Forward;6.432;Calendar 2025;Calendar +1
08-May-2024;Forward;5.744;Calendar 2026;Calendar +2
08-May-2024;Forward;5.371;Calendar 2027;Calendar +3
08-May-2024;Spot;6.787;8-May-2024;Spot
08-May-2024;PPA 40;6.283;10-Year Pay-as-Produced;PPA 40
08-May-2024;RED II;6.409;10-Year PPA Pay-as-Produced;RED II
07-May-2024;Forward;5.443;June 2024;Month +1
07-May-2024;Forward;5.863;July 2024;Month +2
07-May-2024;Forward;6.039;Q3 2024;Quarter +1
07-May-2024;Forward;7.221;Winter 2024;Season +1
07-May-2024;Forward;5.994;Summer 2025;Season +2
07-May-2024;Forward;6.507;Calendar 2025;Calendar +1
07-May-2024;Forward;5.837;Calendar 2026;Calendar +2
07-May-2024;Forward;5.352;Calendar 2027;Calendar +3
07-May-2024;Spot;7.236;7-May-2024;Spot
07-May-2024;PPA 40;6.287;10-Year Pay-as-Produced;PPA 40
07-May-2024;RED II;6.415;10-Year PPA Pay-as-Produced;RED II
06-May-2024;Spot;6.731;6-May-2024;Spot
05-May-2024;Spot;4.316;5-May-2024;Spot
04-May-2024;Forward;5.328;June 2024;Month +1
04-May-2024;Forward;5.747;July 2024;Month +2
04-May-2024;Forward;5.911;Q3 2024;Quarter +1
04-May-2024;Forward;7.100;Winter 2024;Season +1
04-May-2024;Forward;5.890;Summer 2025;Season +2
04-May-2024;Forward;6.395;Calendar 2025;Calendar +1
04-May-2024;Forward;5.794;Calendar 2026;Calendar +2
04-May-2024;Forward;5.332;Calendar 2027;Calendar +3
04-May-2024;Spot;5.030;4-May-2024;Spot
04-May-2024;PPA 40;6.268;10-Year Pay-as-Produced;PPA 40
04-May-2024;RED II;6.388;10-Year PPA Pay-as-Produced;RED II
03-May-2024;Forward;5.383;June 2024;Month +1
03-May-2024;Forward;5.777;July 2024;Month +2
03-May-2024;Forward;5.940;Q3 2024;Quarter +1
03-May-2024;Forward;7.147;Winter 2024;Season +1
03-May-2024;Forward;5.920;Summer 2025;Season +2
03-May-2024;Forward;6.438;Calendar 2025;Calendar +1
03-May-2024;Forward;5.820;Calendar 2026;Calendar +2
03-May-2024;Forward;5.330;Calendar 2027;Calendar +3
03-May-2024;Spot;6.066;3-May-2024;Spot
03-May-2024;PPA 40;6.255;10-Year Pay-as-Produced;PPA 40
03-May-2024;RED II;6.388;10-Year PPA Pay-as-Produced;RED II
02-May-2024;Spot;3.465;2-May-2024;Spot
01-May-2024;Forward;4.563;May 2024;Month +1
01-May-2024;Forward;5.185;June 2024;Month +2
01-May-2024;Forward;5.710;Q3 2024;Quarter +1
01-May-2024;Forward;6.958;Winter 2024;Season +1
01-May-2024;Forward;5.655;Summer 2025;Season +2
01-May-2024;Forward;6.219;Calendar 2025;Calendar +1
01-May-2024;Forward;5.678;Calendar 2026;Calendar +2
01-May-2024;Forward;5.219;Calendar 2027;Calendar +3
01-May-2024;Spot;2.200;1-May-2024;Spot
01-May-2024;PPA 40;6.174;10-Year Pay-as-Produced;PPA 40
01-May-2024;RED II;6.292;10-Year PPA Pay-as-Produced;RED II
30-Apr-2024;Forward;4.662;May 2024;Month +1
30-Apr-2024;Forward;5.045;June 2024;Month +2
30-Apr-2024;Forward;5.528;Q3 2024;Quarter +1
30-Apr-2024;Forward;6.749;Winter 2024;Season +1
30-Apr-2024;Forward;5.542;Summer 2025;Season +2
30-Apr-2024;Forward;6.050;Calendar 2025;Calendar +1
30-Apr-2024;Forward;5.578;Calendar 2026;Calendar +2
30-Apr-2024;Forward;5.128;Calendar 2027;Calendar +3
30-Apr-2024;Spot;6.169;30-Apr-2024;Spot
30-Apr-2024;PPA 40;6.110;10-Year Pay-as-Produced;PPA 40
30-Apr-2024;RED II;6.218;10-Year PPA Pay-as-Produced;RED II
29-Apr-2024;Spot;6.865;29-Apr-2024;Spot
28-Apr-2024;Spot;2.111;28-Apr-2024;Spot
27-Apr-2024;Forward;4.765;May 2024;Month +1
27-Apr-2024;Forward;5.192;June 2024;Month +2
27-Apr-2024;Forward;5.669;Q3 2024;Quarter +1
27-Apr-2024;Forward;6.886;Winter 2024;Season +1
27-Apr-2024;Forward;5.634;Summer 2025;Season +2
27-Apr-2024;Forward;6.150;Calendar 2025;Calendar +1
27-Apr-2024;Forward;5.672;Calendar 2026;Calendar +2
27-Apr-2024;Forward;5.198;Calendar 2027;Calendar +3
27-Apr-2024;Spot;4.800;27-Apr-2024;Spot
27-Apr-2024;PPA 40;6.175;10-Year Pay-as-Produced;PPA 40
27-Apr-2024;RED II;6.281;10-Year PPA Pay-as-Produced;RED II
26-Apr-2024;Forward;4.892;May 2024;Month +1
26-Apr-2024;Forward;5.279;June 2024;Month +2
26-Apr-2024;Forward;5.790;Q3 2024;Quarter +1
26-Apr-2024;Forward;7.028;Winter 2024;Season +1
26-Apr-2024;Forward;5.745;Summer 2025;Season +2
26-Apr-2024;Forward;6.271;Calendar 2025;Calendar +1
26-Apr-2024;Forward;5.707;Calendar 2026;Calendar +2
26-Apr-2024;Forward;5.239;Calendar 2027;Calendar +3
26-Apr-2024;Spot;6.975;26-Apr-2024;Spot
26-Apr-2024;PPA 40;6.194;10-Year Pay-as-Produced;PPA 40
26-Apr-2024;RED II;6.313;10-Year PPA Pay-as-Produced;RED II
25-Apr-2024;Forward;4.877;May 2024;Month +1
25-Apr-2024;Forward;5.230;June 2024;Month +2
25-Apr-2024;Forward;5.728;Q3 2024;Quarter +1
25-Apr-2024;Forward;6.919;Winter 2024;Season +1
25-Apr-2024;Forward;5.647;Summer 2025;Season +2
25-Apr-2024;Forward;6.167;Calendar 2025;Calendar +1
25-Apr-2024;Forward;5.614;Calendar 2026;Calendar +2
25-Apr-2024;Forward;5.172;Calendar 2027;Calendar +3
25-Apr-2024;Spot;7.442;25-Apr-2024;Spot
25-Apr-2024;PPA 40;6.156;10-Year Pay-as-Produced;PPA 40
25-Apr-2024;RED II;6.260;10-Year PPA Pay-as-Produced;RED II
24-Apr-2024;Forward;4.849;May 2024;Month +1
24-Apr-2024;Forward;5.173;June 2024;Month +2
24-Apr-2024;Forward;5.661;Q3 2024;Quarter +1
24-Apr-2024;Forward;6.835;Winter 2024;Season +1
24-Apr-2024;Forward;5.564;Summer 2025;Season +2
24-Apr-2024;Forward;6.087;Calendar 2025;Calendar +1
24-Apr-2024;Forward;5.558;Calendar 2026;Calendar +2
24-Apr-2024;Forward;5.110;Calendar 2027;Calendar +3
24-Apr-2024;Spot;7.488;24-Apr-2024;Spot
24-Apr-2024;PPA 40;6.114;10-Year Pay-as-Produced;PPA 40
24-Apr-2024;RED II;6.213;10-Year PPA Pay-as-Produced;RED II
23-Apr-2024;Forward;4.914;May 2024;Month +1
23-Apr-2024;Forward;5.225;June 2024;Month +2
23-Apr-2024;Forward;5.750;Q3 2024;Quarter +1
23-Apr-2024;Forward;6.907;Winter 2024;Season +1
23-Apr-2024;Forward;5.586;Summer 2025;Season +2
23-Apr-2024;Forward;6.120;Calendar 2025;Calendar +1
23-Apr-2024;Forward;5.604;Calendar 2026;Calendar +2
23-Apr-2024;Forward;5.105;Calendar 2027;Calendar +3
23-Apr-2024;Spot;7.904;23-Apr-2024;Spot
23-Apr-2024;PPA 40;6.143;10-Year Pay-as-Produced;PPA 40
23-Apr-2024;RED II;6.218;10-Year PPA Pay-as-Produced;RED II
22-Apr-2024;Spot;7.575;22-Apr-2024;Spot
21-Apr-2024;Spot;4.455;21-Apr-2024;Spot
20-Apr-2024;Forward;4.985;May 2024;Month +1
20-Apr-2024;Forward;5.325;June 2024;Month +2
20-Apr-2024;Forward;5.916;Q3 2024;Quarter +1
20-Apr-2024;Forward;7.059;Winter 2024;Season +1
20-Apr-2024;Forward;5.721;Summer 2025;Season +2
20-Apr-2024;Forward;6.237;Calendar 2025;Calendar +1
20-Apr-2024;Forward;5.680;Calendar 2026;Calendar +2
20-Apr-2024;Forward;5.242;Calendar 2027;Calendar +3
20-Apr-2024;Spot;4.693;20-Apr-2024;Spot
20-Apr-2024;PPA 40;6.248;10-Year Pay-as-Produced;PPA 40
20-Apr-2024;RED II;6.315;10-Year PPA Pay-as-Produced;RED II
19-Apr-2024;Forward;5.176;May 2024;Month +1
19-Apr-2024;Forward;5.468;June 2024;Month +2
19-Apr-2024;Forward;6.124;Q3 2024;Quarter +1
19-Apr-2024;Forward;7.252;Winter 2024;Season +1
19-Apr-2024;Forward;5.959;Summer 2025;Season +2
19-Apr-2024;Forward;6.479;Calendar 2025;Calendar +1
19-Apr-2024;Forward;5.872;Calendar 2026;Calendar +2
19-Apr-2024;Forward;5.423;Calendar 2027;Calendar +3
19-Apr-2024;Spot;5.832;19-Apr-2024;Spot
19-Apr-2024;PPA 40;6.338;10-Year Pay-as-Produced;PPA 40
19-Apr-2024;RED II;6.456;10-Year PPA Pay-as-Produced;RED II
18-Apr-2024;Forward;5.021;May 2024;Month +1
18-Apr-2024;Forward;5.354;June 2024;Month +2
18-Apr-2024;Forward;6.004;Q3 2024;Quarter +1
18-Apr-2024;Forward;7.110;Winter 2024;Season +1
18-Apr-2024;Forward;5.848;Summer 2025;Season +2
18-Apr-2024;Forward;6.351;Calendar 2025;Calendar +1
18-Apr-2024;Forward;5.811;Calendar 2026;Calendar +2
18-Apr-2024;Forward;5.321;Calendar 2027;Calendar +3
18-Apr-2024;Spot;7.419;18-Apr-2024;Spot
18-Apr-2024;PPA 40;6.253;10-Year Pay-as-Produced;PPA 40
18-Apr-2024;RED II;6.388;10-Year PPA Pay-as-Produced;RED II
17-Apr-2024;Forward;5.268;May 2024;Month +1
17-Apr-2024;Forward;5.624;June 2024;Month +2
17-Apr-2024;Forward;6.237;Q3 2024;Quarter +1
17-Apr-2024;Forward;7.358;Winter 2024;Season +1
17-Apr-2024;Forward;6.099;Summer 2025;Season +2
17-Apr-2024;Forward;6.614;Calendar 2025;Calendar +1
17-Apr-2024;Forward;5.977;Calendar 2026;Calendar +2
17-Apr-2024;Forward;5.500;Calendar 2027;Calendar +3
17-Apr-2024;Spot;6.831;17-Apr-2024;Spot
17-Apr-2024;PPA 40;6.381;10-Year Pay-as-Produced;PPA 40
17-Apr-2024;RED II;6.521;10-Year PPA Pay-as-Produced;RED II
16-Apr-2024;Forward;4.996;May 2024;Month +1
16-Apr-2024;Forward;5.386;June 2024;Month +2
16-Apr-2024;Forward;5.941;Q3 2024;Quarter +1
16-Apr-2024;Forward;7.171;Winter 2024;Season +1
16-Apr-2024;Forward;5.864;Summer 2025;Season +2
16-Apr-2024;Forward;6.426;Calendar 2025;Calendar +1
16-Apr-2024;Forward;5.900;Calendar 2026;Calendar +2
16-Apr-2024;Forward;5.381;Calendar 2027;Calendar +3
16-Apr-2024;Spot;4.974;16-Apr-2024;Spot
16-Apr-2024;PPA 40;6.296;10-Year Pay-as-Produced;PPA 40
16-Apr-2024;RED II;6.436;10-Year PPA Pay-as-Produced;RED II
15-Apr-2024;Spot;6.230;15-Apr-2024;Spot
14-Apr-2024;Spot;2.238;14-Apr-2024;Spot
13-Apr-2024;Forward;4.959;May 2024;Month +1
13-Apr-2024;Forward;5.382;June 2024;Month +2
13-Apr-2024;Forward;5.970;Q3 2024;Quarter +1
13-Apr-2024;Forward;7.229;Winter 2024;Season +1
13-Apr-2024;Forward;5.922;Summer 2025;Season +2
13-Apr-2024;Forward;6.491;Calendar 2025;Calendar +1
13-Apr-2024;Forward;5.884;Calendar 2026;Calendar +2
13-Apr-2024;Forward;5.473;Calendar 2027;Calendar +3
13-Apr-2024;Spot;2.496;13-Apr-2024;Spot
13-Apr-2024;PPA 40;6.331;10-Year Pay-as-Produced;PPA 40
13-Apr-2024;RED II;6.489;10-Year PPA Pay-as-Produced;RED II
12-Apr-2024;Forward;4.845;May 2024;Month +1
12-Apr-2024;Forward;5.258;June 2024;Month +2
12-Apr-2024;Forward;5.794;Q3 2024;Quarter +1
12-Apr-2024;Forward;7.032;Winter 2024;Season +1
12-Apr-2024;Forward;5.722;Summer 2025;Season +2
12-Apr-2024;Forward;6.281;Calendar 2025;Calendar +1
12-Apr-2024;Forward;5.841;Calendar 2026;Calendar +2
12-Apr-2024;Forward;5.351;Calendar 2027;Calendar +3
12-Apr-2024;Spot;5.313;12-Apr-2024;Spot
12-Apr-2024;PPA 40;6.267;10-Year Pay-as-Produced;PPA 40
12-Apr-2024;RED II;6.388;10-Year PPA Pay-as-Produced;RED II
11-Apr-2024;Forward;4.626;May 2024;Month +1
11-Apr-2024;Forward;5.024;June 2024;Month +2
11-Apr-2024;Forward;5.536;Q3 2024;Quarter +1
11-Apr-2024;Forward;6.687;Winter 2024;Season +1
11-Apr-2024;Forward;5.428;Summer 2025;Season +2
11-Apr-2024;Forward;5.948;Calendar 2025;Calendar +1
11-Apr-2024;Forward;5.629;Calendar 2026;Calendar +2
11-Apr-2024;Forward;5.229;Calendar 2027;Calendar +3
11-Apr-2024;Spot;5.549;11-Apr-2024;Spot
11-Apr-2024;PPA 40;6.155;10-Year Pay-as-Produced;PPA 40
11-Apr-2024;RED II;6.271;10-Year PPA Pay-as-Produced;RED II
10-Apr-2024;Forward;4.624;May 2024;Month +1
10-Apr-2024;Forward;5.125;June 2024;Month +2
10-Apr-2024;Forward;5.608;Q3 2024;Quarter +1
10-Apr-2024;Forward;6.717;Winter 2024;Season +1
10-Apr-2024;Forward;5.478;Summer 2025;Season +2
10-Apr-2024;Forward;5.994;Calendar 2025;Calendar +1
10-Apr-2024;Forward;5.692;Calendar 2026;Calendar +2
10-Apr-2024;Forward;5.275;Calendar 2027;Calendar +3
10-Apr-2024;Spot;5.701;10-Apr-2024;Spot
10-Apr-2024;PPA 40;6.188;10-Year Pay-as-Produced;PPA 40
10-Apr-2024;RED II;6.275;10-Year PPA Pay-as-Produced;RED II
09-Apr-2024;Forward;4.606;May 2024;Month +1
09-Apr-2024;Forward;5.040;June 2024;Month +2
09-Apr-2024;Forward;5.512;Q3 2024;Quarter +1
09-Apr-2024;Forward;6.757;Winter 2024;Season +1
09-Apr-2024;Forward;5.504;Summer 2025;Season +2
09-Apr-2024;Forward;6.032;Calendar 2025;Calendar +1
09-Apr-2024;Forward;5.669;Calendar 2026;Calendar +2
09-Apr-2024;Forward;5.251;Calendar 2027;Calendar +3
09-Apr-2024;Spot;5.158;9-Apr-2024;Spot
09-Apr-2024;PPA 40;6.166;10-Year Pay-as-Produced;PPA 40
09-Apr-2024;RED II;6.264;10-Year PPA Pay-as-Produced;RED II
08-Apr-2024;Spot;5.726;8-Apr-2024;Spot
07-Apr-2024;Spot;2.354;7-Apr-2024;Spot
06-Apr-2024;Forward;4.494;May 2024;Month +1
06-Apr-2024;Forward;4.859;June 2024;Month +2
06-Apr-2024;Forward;5.307;Q3 2024;Quarter +1
06-Apr-2024;Forward;6.531;Winter 2024;Season +1
06-Apr-2024;Forward;5.327;Summer 2025;Season +2
06-Apr-2024;Forward;5.835;Calendar 2025;Calendar +1
06-Apr-2024;Forward;5.508;Calendar 2026;Calendar +2
06-Apr-2024;Forward;5.163;Calendar 2027;Calendar +3
06-Apr-2024;Spot;3.292;6-Apr-2024;Spot
06-Apr-2024;PPA 40;6.076;10-Year Pay-as-Produced;PPA 40
06-Apr-2024;RED II;6.190;10-Year PPA Pay-as-Produced;RED II
05-Apr-2024;Forward;4.396;May 2024;Month +1
05-Apr-2024;Forward;4.792;June 2024;Month +2
05-Apr-2024;Forward;5.200;Q3 2024;Quarter +1
05-Apr-2024;Forward;6.406;Winter 2024;Season +1
05-Apr-2024;Forward;5.234;Summer 2025;Season +2
05-Apr-2024;Forward;5.734;Calendar 2025;Calendar +1
05-Apr-2024;Forward;5.392;Calendar 2026;Calendar +2
05-Apr-2024;Forward;5.137;Calendar 2027;Calendar +3
05-Apr-2024;Spot;4.739;5-Apr-2024;Spot
05-Apr-2024;PPA 40;6.039;10-Year Pay-as-Produced;PPA 40
05-Apr-2024;RED II;6.160;10-Year PPA Pay-as-Produced;RED II
04-Apr-2024;Forward;4.328;May 2024;Month +1
04-Apr-2024;Forward;4.724;June 2024;Month +2
04-Apr-2024;Forward;5.114;Q3 2024;Quarter +1
04-Apr-2024;Forward;6.361;Winter 2024;Season +1
04-Apr-2024;Forward;5.199;Summer 2025;Season +2
04-Apr-2024;Forward;5.681;Calendar 2025;Calendar +1
04-Apr-2024;Forward;5.356;Calendar 2026;Calendar +2
04-Apr-2024;Forward;5.057;Calendar 2027;Calendar +3
04-Apr-2024;Spot;5.380;4-Apr-2024;Spot
04-Apr-2024;PPA 40;5.991;10-Year Pay-as-Produced;PPA 40
04-Apr-2024;RED II;6.111;10-Year PPA Pay-as-Produced;RED II
03-Apr-2024;Forward;4.346;May 2024;Month +1
03-Apr-2024;Forward;4.788;June 2024;Month +2
03-Apr-2024;Forward;5.193;Q3 2024;Quarter +1
03-Apr-2024;Forward;6.433;Winter 2024;Season +1
03-Apr-2024;Forward;5.294;Summer 2025;Season +2
03-Apr-2024;Forward;5.735;Calendar 2025;Calendar +1
03-Apr-2024;Forward;5.383;Calendar 2026;Calendar +2
03-Apr-2024;Forward;5.087;Calendar 2027;Calendar +3
03-Apr-2024;Spot;6.589;3-Apr-2024;Spot
03-Apr-2024;PPA 40;6.031;10-Year Pay-as-Produced;PPA 40
03-Apr-2024;RED II;6.137;10-Year PPA Pay-as-Produced;RED II
02-Apr-2024;Spot;3.765;2-Apr-2024;Spot
01-Apr-2024;Spot;3.388;1-Apr-2024;Spot
31-Mar-2024;Spot;3.008;31-Mar-2024;Spot
30-Mar-2024;Spot;4.657;30-Mar-2024;Spot
29-Mar-2024;Forward;4.743;April 2024;Month +1
29-Mar-2024;Forward;4.495;May 2024;Month +2
29-Mar-2024;Forward;4.739;Q2 2024;Quarter +1
29-Mar-2024;Forward;5.094;Summer 2024;Season +1
29-Mar-2024;Forward;6.557;Winter 2024;Season +2
29-Mar-2024;Forward;5.903;Calendar 2025;Calendar +1
29-Mar-2024;Forward;5.490;Calendar 2026;Calendar +2
29-Mar-2024;Forward;5.169;Calendar 2027;Calendar +3
29-Mar-2024;Spot;4.225;29-Mar-2024;Spot
29-Mar-2024;PPA 40;6.120;10-Year Pay-as-Produced;PPA 40
29-Mar-2024;RED II;6.217;10-Year PPA Pay-as-Produced;RED II
28-Mar-2024;Forward;4.807;April 2024;Month +1
28-Mar-2024;Forward;4.463;May 2024;Month +2
28-Mar-2024;Forward;4.735;Q2 2024;Quarter +1
28-Mar-2024;Forward;5.121;Summer 2024;Season +1
28-Mar-2024;Forward;6.609;Winter 2024;Season +2
28-Mar-2024;Forward;5.939;Calendar 2025;Calendar +1
28-Mar-2024;Forward;5.523;Calendar 2026;Calendar +2
28-Mar-2024;Forward;5.189;Calendar 2027;Calendar +3
28-Mar-2024;Spot;5.579;28-Mar-2024;Spot
28-Mar-2024;PPA 40;6.113;10-Year Pay-as-Produced;PPA 40
28-Mar-2024;RED II;6.228;10-Year PPA Pay-as-Produced;RED II
27-Mar-2024;Forward;4.822;April 2024;Month +1
27-Mar-2024;Forward;4.470;May 2024;Month +2
27-Mar-2024;Forward;4.747;Q2 2024;Quarter +1
27-Mar-2024;Forward;5.113;Summer 2024;Season +1
27-Mar-2024;Forward;6.564;Winter 2024;Season +2
27-Mar-2024;Forward;5.892;Calendar 2025;Calendar +1
27-Mar-2024;Forward;5.489;Calendar 2026;Calendar +2
27-Mar-2024;Forward;5.149;Calendar 2027;Calendar +3
27-Mar-2024;Spot;6.267;27-Mar-2024;Spot
27-Mar-2024;PPA 40;6.090;10-Year Pay-as-Produced;PPA 40
27-Mar-2024;RED II;6.198;10-Year PPA Pay-as-Produced;RED II
26-Mar-2024;Forward;5.080;April 2024;Month +1
26-Mar-2024;Forward;4.643;May 2024;Month +2
26-Mar-2024;Forward;4.951;Q2 2024;Quarter +1
26-Mar-2024;Forward;5.304;Summer 2024;Season +1
26-Mar-2024;Forward;6.782;Winter 2024;Season +2
26-Mar-2024;Forward;6.053;Calendar 2025;Calendar +1
26-Mar-2024;Forward;5.595;Calendar 2026;Calendar +2
26-Mar-2024;Forward;5.195;Calendar 2027;Calendar +3
26-Mar-2024;Spot;6.112;26-Mar-2024;Spot
26-Mar-2024;PPA 40;6.136;10-Year Pay-as-Produced;PPA 40
26-Mar-2024;RED II;6.243;10-Year PPA Pay-as-Produced;RED II
25-Mar-2024;Spot;7.160;25-Mar-2024;Spot
24-Mar-2024;Spot;3.253;24-Mar-2024;Spot
23-Mar-2024;Forward;4.979;April 2024;Month +1
23-Mar-2024;Forward;4.563;May 2024;Month +2
23-Mar-2024;Forward;4.866;Q2 2024;Quarter +1
23-Mar-2024;Forward;5.181;Summer 2024;Season +1
23-Mar-2024;Forward;6.570;Winter 2024;Season +2
23-Mar-2024;Forward;5.880;Calendar 2025;Calendar +1
23-Mar-2024;Forward;5.472;Calendar 2026;Calendar +2
23-Mar-2024;Forward;5.139;Calendar 2027;Calendar +3
23-Mar-2024;Spot;4.190;23-Mar-2024;Spot
23-Mar-2024;PPA 40;6.082;10-Year Pay-as-Produced;PPA 40
23-Mar-2024;RED II;6.190;10-Year PPA Pay-as-Produced;RED II
22-Mar-2024;Forward;4.878;April 2024;Month +1
22-Mar-2024;Forward;4.533;May 2024;Month +2
22-Mar-2024;Forward;4.793;Q2 2024;Quarter +1
22-Mar-2024;Forward;5.083;Summer 2024;Season +1
22-Mar-2024;Forward;6.444;Winter 2024;Season +2
22-Mar-2024;Forward;5.740;Calendar 2025;Calendar +1
22-Mar-2024;Forward;5.364;Calendar 2026;Calendar +2
22-Mar-2024;Forward;5.076;Calendar 2027;Calendar +3
22-Mar-2024;Spot;6.029;22-Mar-2024;Spot
22-Mar-2024;PPA 40;6.030;10-Year Pay-as-Produced;PPA 40
22-Mar-2024;RED II;6.137;10-Year PPA Pay-as-Produced;RED II
21-Mar-2024;Forward;4.962;April 2024;Month +1
21-Mar-2024;Forward;4.662;May 2024;Month +2
21-Mar-2024;Forward;4.900;Q2 2024;Quarter +1
21-Mar-2024;Forward;5.189;Summer 2024;Season +1
21-Mar-2024;Forward;6.565;Winter 2024;Season +2
21-Mar-2024;Forward;5.886;Calendar 2025;Calendar +1
21-Mar-2024;Forward;5.290;Calendar 2026;Calendar +2
21-Mar-2024;Forward;5.152;Calendar 2027;Calendar +3
21-Mar-2024;Spot;7.058;21-Mar-2024;Spot
21-Mar-2024;PPA 40;6.077;10-Year Pay-as-Produced;PPA 40
21-Mar-2024;RED II;6.181;10-Year PPA Pay-as-Produced;RED II
20-Mar-2024;Forward;5.030;April 2024;Month +1
20-Mar-2024;Forward;4.716;May 2024;Month +2
20-Mar-2024;Forward;4.961;Q2 2024;Quarter +1
20-Mar-2024;Forward;5.243;Summer 2024;Season +1
20-Mar-2024;Forward;6.651;Winter 2024;Season +2
20-Mar-2024;Forward;5.924;Calendar 2025;Calendar +1
20-Mar-2024;Forward;5.475;Calendar 2026;Calendar +2
20-Mar-2024;Forward;5.160;Calendar 2027;Calendar +3
20-Mar-2024;Spot;7.515;20-Mar-2024;Spot
20-Mar-2024;PPA 40;6.087;10-Year Pay-as-Produced;PPA 40
20-Mar-2024;RED II;6.202;10-Year PPA Pay-as-Produced;RED II
19-Mar-2024;Forward;5.087;April 2024;Month +1
19-Mar-2024;Forward;4.713;May 2024;Month +2
19-Mar-2024;Forward;4.974;Q2 2024;Quarter +1
19-Mar-2024;Forward;5.276;Summer 2024;Season +1
19-Mar-2024;Forward;6.703;Winter 2024;Season +2
19-Mar-2024;Forward;5.967;Calendar 2025;Calendar +1
19-Mar-2024;Forward;5.539;Calendar 2026;Calendar +2
19-Mar-2024;Forward;5.140;Calendar 2027;Calendar +3
19-Mar-2024;Spot;7.084;19-Mar-2024;Spot
19-Mar-2024;PPA 40;6.073;10-Year Pay-as-Produced;PPA 40
19-Mar-2024;RED II;6.196;10-Year PPA Pay-as-Produced;RED II
18-Mar-2024;Spot;6.887;18-Mar-2024;Spot
17-Mar-2024;Spot;5.225;17-Mar-2024;Spot
16-Mar-2024;Forward;4.929;April 2024;Month +1
16-Mar-2024;Forward;4.647;May 2024;Month +2
16-Mar-2024;Forward;4.876;Q2 2024;Quarter +1
16-Mar-2024;Forward;5.156;Summer 2024;Season +1
16-Mar-2024;Forward;6.520;Winter 2024;Season +2
16-Mar-2024;Forward;5.812;Calendar 2025;Calendar +1
16-Mar-2024;Forward;5.399;Calendar 2026;Calendar +2
16-Mar-2024;Forward;5.040;Calendar 2027;Calendar +3
16-Mar-2024;Spot;4.998;16-Mar-2024;Spot
16-Mar-2024;PPA 40;6.005;10-Year Pay-as-Produced;PPA 40
16-Mar-2024;RED II;6.122;10-Year PPA Pay-as-Produced;RED II
15-Mar-2024;Forward;4.898;April 2024;Month +1
15-Mar-2024;Forward;4.549;May 2024;Month +2
15-Mar-2024;Forward;4.786;Q2 2024;Quarter +1
15-Mar-2024;Forward;5.081;Summer 2024;Season +1
15-Mar-2024;Forward;6.453;Winter 2024;Season +2
15-Mar-2024;Forward;5.713;Calendar 2025;Calendar +1
15-Mar-2024;Forward;5.353;Calendar 2026;Calendar +2
15-Mar-2024;Forward;5.008;Calendar 2027;Calendar +3
15-Mar-2024;Spot;5.823;15-Mar-2024;Spot
15-Mar-2024;PPA 40;5.973;10-Year Pay-as-Produced;PPA 40
15-Mar-2024;RED II;6.090;10-Year PPA Pay-as-Produced;RED II
14-Mar-2024;Forward;4.786;April 2024;Month +1
14-Mar-2024;Forward;4.479;May 2024;Month +2
14-Mar-2024;Forward;4.716;Q2 2024;Quarter +1
14-Mar-2024;Forward;4.972;Summer 2024;Season +1
14-Mar-2024;Forward;6.278;Winter 2024;Season +2
14-Mar-2024;Forward;5.537;Calendar 2025;Calendar +1
14-Mar-2024;Forward;5.231;Calendar 2026;Calendar +2
14-Mar-2024;Forward;4.942;Calendar 2027;Calendar +3
14-Mar-2024;Spot;6.364;14-Mar-2024;Spot
14-Mar-2024;PPA 40;5.905;10-Year Pay-as-Produced;PPA 40
14-Mar-2024;RED II;6.026;10-Year PPA Pay-as-Produced;RED II
13-Mar-2024;Forward;4.807;April 2024;Month +1
13-Mar-2024;Forward;4.490;May 2024;Month +2
13-Mar-2024;Forward;4.729;Q2 2024;Quarter +1
13-Mar-2024;Forward;4.975;Summer 2024;Season +1
13-Mar-2024;Forward;6.256;Winter 2024;Season +2
13-Mar-2024;Forward;5.528;Calendar 2025;Calendar +1
13-Mar-2024;Forward;5.235;Calendar 2026;Calendar +2
13-Mar-2024;Forward;4.931;Calendar 2027;Calendar +3
13-Mar-2024;Spot;6.448;13-Mar-2024;Spot
13-Mar-2024;PPA 40;5.895;10-Year Pay-as-Produced;PPA 40
13-Mar-2024;RED II;6.016;10-Year PPA Pay-as-Produced;RED II
12-Mar-2024;Forward;4.802;April 2024;Month +1
12-Mar-2024;Forward;4.468;May 2024;Month +2
12-Mar-2024;Forward;4.716;Q2 2024;Quarter +1
12-Mar-2024;Forward;4.981;Summer 2024;Season +1
12-Mar-2024;Forward;6.285;Winter 2024;Season +2
12-Mar-2024;Forward;5.576;Calendar 2025;Calendar +1
12-Mar-2024;Forward;5.252;Calendar 2026;Calendar +2
12-Mar-2024;Forward;4.965;Calendar 2027;Calendar +3
12-Mar-2024;Spot;6.932;12-Mar-2024;Spot
12-Mar-2024;PPA 40;5.944;10-Year Pay-as-Produced;PPA 40
12-Mar-2024;RED II;6.047;10-Year PPA Pay-as-Produced;RED II
11-Mar-2024;Spot;6.154;11-Mar-2024;Spot
10-Mar-2024;Spot;3.946;10-Mar-2024;Spot
09-Mar-2024;Forward;5.018;April 2024;Month +1
09-Mar-2024;Forward;4.693;May 2024;Month +2
09-Mar-2024;Forward;4.940;Q2 2024;Quarter +1
09-Mar-2024;Forward;5.187;Summer 2024;Season +1
09-Mar-2024;Forward;6.470;Winter 2024;Season +2
09-Mar-2024;Forward;5.751;Calendar 2025;Calendar +1
09-Mar-2024;Forward;5.394;Calendar 2026;Calendar +2
09-Mar-2024;Forward;5.101;Calendar 2027;Calendar +3
09-Mar-2024;Spot;4.728;9-Mar-2024;Spot
09-Mar-2024;PPA 40;6.065;10-Year Pay-as-Produced;PPA 40
09-Mar-2024;RED II;6.149;10-Year PPA Pay-as-Produced;RED II
08-Mar-2024;Forward;5.055;April 2024;Month +1
08-Mar-2024;Forward;4.744;May 2024;Month +2
08-Mar-2024;Forward;4.987;Q2 2024;Quarter +1
08-Mar-2024;Forward;5.230;Summer 2024;Season +1
08-Mar-2024;Forward;6.499;Winter 2024;Season +2
08-Mar-2024;Forward;5.779;Calendar 2025;Calendar +1
08-Mar-2024;Forward;5.451;Calendar 2026;Calendar +2
08-Mar-2024;Forward;5.179;Calendar 2027;Calendar +3
08-Mar-2024;Spot;6.508;8-Mar-2024;Spot
08-Mar-2024;PPA 40;6.107;10-Year Pay-as-Produced;PPA 40
08-Mar-2024;RED II;6.202;10-Year PPA Pay-as-Produced;RED II
07-Mar-2024;Forward;5.163;April 2024;Month +1
07-Mar-2024;Forward;4.795;May 2024;Month +2
07-Mar-2024;Forward;5.057;Q2 2024;Quarter +1
07-Mar-2024;Forward;5.287;Summer 2024;Season +1
07-Mar-2024;Forward;6.504;Winter 2024;Season +2
07-Mar-2024;Forward;5.833;Calendar 2025;Calendar +1
07-Mar-2024;Forward;5.505;Calendar 2026;Calendar +2
07-Mar-2024;Forward;5.135;Calendar 2027;Calendar +3
07-Mar-2024;Spot;6.740;7-Mar-2024;Spot
07-Mar-2024;PPA 40;6.090;10-Year Pay-as-Produced;PPA 40
07-Mar-2024;RED II;6.196;10-Year PPA Pay-as-Produced;RED II
06-Mar-2024;Forward;5.237;April 2024;Month +1
06-Mar-2024;Forward;4.909;May 2024;Month +2
06-Mar-2024;Forward;5.154;Q2 2024;Quarter +1
06-Mar-2024;Forward;5.367;Summer 2024;Season +1
06-Mar-2024;Forward;6.636;Winter 2024;Season +2
06-Mar-2024;Forward;5.890;Calendar 2025;Calendar +1
06-Mar-2024;Forward;5.564;Calendar 2026;Calendar +2
06-Mar-2024;Forward;5.261;Calendar 2027;Calendar +3
06-Mar-2024;Spot;7.101;6-Mar-2024;Spot
06-Mar-2024;PPA 40;6.133;10-Year Pay-as-Produced;PPA 40
06-Mar-2024;RED II;6.260;10-Year PPA Pay-as-Produced;RED II
05-Mar-2024;Forward;5.047;April 2024;Month +1
05-Mar-2024;Forward;4.745;May 2024;Month +2
05-Mar-2024;Forward;4.984;Q2 2024;Quarter +1
05-Mar-2024;Forward;5.215;Summer 2024;Season +1
05-Mar-2024;Forward;6.468;Winter 2024;Season +2
05-Mar-2024;Forward;5.709;Calendar 2025;Calendar +1
05-Mar-2024;Forward;5.406;Calendar 2026;Calendar +2
05-Mar-2024;Forward;5.121;Calendar 2027;Calendar +3
05-Mar-2024;Spot;6.520;5-Mar-2024;Spot
05-Mar-2024;PPA 40;6.015;10-Year Pay-as-Produced;PPA 40
05-Mar-2024;RED II;6.154;10-Year PPA Pay-as-Produced;RED II
04-Mar-2024;Spot;6.604;4-Mar-2024;Spot
03-Mar-2024;Spot;5.356;3-Mar-2024;Spot
02-Mar-2024;Forward;4.967;April 2024;Month +1
02-Mar-2024;Forward;4.658;May 2024;Month +2
02-Mar-2024;Forward;4.901;Q2 2024;Quarter +1
02-Mar-2024;Forward;5.134;Summer 2024;Season +1
02-Mar-2024;Forward;6.334;Winter 2024;Season +2
02-Mar-2024;Forward;5.637;Calendar 2025;Calendar +1
02-Mar-2024;Forward;5.331;Calendar 2026;Calendar +2
02-Mar-2024;Forward;5.064;Calendar 2027;Calendar +3
02-Mar-2024;Spot;5.560;2-Mar-2024;Spot
02-Mar-2024;PPA 40;5.990;10-Year Pay-as-Produced;PPA 40
02-Mar-2024;RED II;6.117;10-Year PPA Pay-as-Produced;RED II
01-Mar-2024;Forward;5.272;March 2024;Month +1
01-Mar-2024;Forward;4.878;April 2024;Month +2
01-Mar-2024;Forward;4.833;Q2 2024;Quarter +1
01-Mar-2024;Forward;5.061;Summer 2024;Season +1
01-Mar-2024;Forward;6.283;Winter 2024;Season +2
01-Mar-2024;Forward;5.587;Calendar 2025;Calendar +1
01-Mar-2024;Forward;5.281;Calendar 2026;Calendar +2
01-Mar-2024;Forward;5.023;Calendar 2027;Calendar +3
01-Mar-2024;Spot;6.170;1-Mar-2024;Spot
01-Mar-2024;PPA 40;5.946;10-Year Pay-as-Produced;PPA 40
01-Mar-2024;RED II;6.090;10-Year PPA Pay-as-Produced;RED II
29-Feb-2024;Forward;5.238;March 2024;Month +1
29-Feb-2024;Forward;4.999;April 2024;Month +2
29-Feb-2024;Forward;4.941;Q2 2024;Quarter +1
29-Feb-2024;Forward;5.182;Summer 2024;Season +1
29-Feb-2024;Forward;6.322;Winter 2024;Season +2
29-Feb-2024;Forward;5.654;Calendar 2025;Calendar +1
29-Feb-2024;Forward;5.333;Calendar 2026;Calendar +2
29-Feb-2024;Forward;5.081;Calendar 2027;Calendar +3
29-Feb-2024;Spot;5.929;29-Feb-2024;Spot
29-Feb-2024;PPA 40;5.989;10-Year Pay-as-Produced;PPA 40
29-Feb-2024;RED II;6.133;10-Year PPA Pay-as-Produced;RED II
28-Feb-2024;Forward;5.064;March 2024;Month +1
28-Feb-2024;Forward;4.847;April 2024;Month +2
28-Feb-2024;Forward;4.798;Q2 2024;Quarter +1
28-Feb-2024;Forward;5.035;Summer 2024;Season +1
28-Feb-2024;Forward;6.201;Winter 2024;Season +2
28-Feb-2024;Forward;5.478;Calendar 2025;Calendar +1
28-Feb-2024;Forward;5.163;Calendar 2026;Calendar +2
28-Feb-2024;Forward;4.915;Calendar 2027;Calendar +3
28-Feb-2024;Spot;6.481;28-Feb-2024;Spot
28-Feb-2024;PPA 40;5.849;10-Year Pay-as-Produced;PPA 40
28-Feb-2024;RED II;6.005;10-Year PPA Pay-as-Produced;RED II
27-Feb-2024;Forward;5.094;March 2024;Month +1
27-Feb-2024;Forward;4.800;April 2024;Month +2
27-Feb-2024;Forward;4.738;Q2 2024;Quarter +1
27-Feb-2024;Forward;4.968;Summer 2024;Season +1
27-Feb-2024;Forward;6.104;Winter 2024;Season +2
27-Feb-2024;Forward;5.377;Calendar 2025;Calendar +1
27-Feb-2024;Forward;5.042;Calendar 2026;Calendar +2
27-Feb-2024;Forward;4.774;Calendar 2027;Calendar +3
27-Feb-2024;Spot;6.271;27-Feb-2024;Spot
27-Feb-2024;PPA 40;5.750;10-Year Pay-as-Produced;PPA 40
27-Feb-2024;RED II;5.909;10-Year PPA Pay-as-Produced;RED II
26-Feb-2024;Spot;5.841;26-Feb-2024;Spot
25-Feb-2024;Spot;5.362;25-Feb-2024;Spot
24-Feb-2024;Forward;4.949;March 2024;Month +1
24-Feb-2024;Forward;4.672;April 2024;Month +2
24-Feb-2024;Forward;4.629;Q2 2024;Quarter +1
24-Feb-2024;Forward;4.849;Summer 2024;Season +1
24-Feb-2024;Forward;5.991;Winter 2024;Season +2
24-Feb-2024;Forward;5.288;Calendar 2025;Calendar +1
24-Feb-2024;Forward;4.988;Calendar 2026;Calendar +2
24-Feb-2024;Forward;4.755;Calendar 2027;Calendar +3
24-Feb-2024;Spot;5.273;24-Feb-2024;Spot
24-Feb-2024;PPA 40;5.739;10-Year Pay-as-Produced;PPA 40
24-Feb-2024;RED II;5.888;10-Year PPA Pay-as-Produced;RED II
23-Feb-2024;Forward;4.965;March 2024;Month +1
23-Feb-2024;Forward;4.683;April 2024;Month +2
23-Feb-2024;Forward;4.645;Q2 2024;Quarter +1
23-Feb-2024;Forward;4.866;Summer 2024;Season +1
23-Feb-2024;Forward;6.049;Winter 2024;Season +2
23-Feb-2024;Forward;5.296;Calendar 2025;Calendar +1
23-Feb-2024;Forward;4.979;Calendar 2026;Calendar +2
23-Feb-2024;Forward;4.769;Calendar 2027;Calendar +3
23-Feb-2024;Spot;5.099;23-Feb-2024;Spot
23-Feb-2024;PPA 40;5.756;10-Year Pay-as-Produced;PPA 40
23-Feb-2024;RED II;5.894;10-Year PPA Pay-as-Produced;RED II
22-Feb-2024;Forward;4.995;March 2024;Month +1
22-Feb-2024;Forward;4.775;April 2024;Month +2
22-Feb-2024;Forward;4.732;Q2 2024;Quarter +1
22-Feb-2024;Forward;4.955;Summer 2024;Season +1
22-Feb-2024;Forward;6.131;Winter 2024;Season +2
22-Feb-2024;Forward;5.360;Calendar 2025;Calendar +1
22-Feb-2024;Forward;5.012;Calendar 2026;Calendar +2
22-Feb-2024;Forward;4.800;Calendar 2027;Calendar +3
22-Feb-2024;Spot;5.509;22-Feb-2024;Spot
22-Feb-2024;PPA 40;5.761;10-Year Pay-as-Produced;PPA 40
22-Feb-2024;RED II;5.914;10-Year PPA Pay-as-Produced;RED II
21-Feb-2024;Forward;4.977;March 2024;Month +1
21-Feb-2024;Forward;4.770;April 2024;Month +2
21-Feb-2024;Forward;4.734;Q2 2024;Quarter +1
21-Feb-2024;Forward;4.961;Summer 2024;Season +1
21-Feb-2024;Forward;6.192;Winter 2024;Season +2
21-Feb-2024;Forward;5.381;Calendar 2025;Calendar +1
21-Feb-2024;Forward;5.015;Calendar 2026;Calendar +2
21-Feb-2024;Forward;4.799;Calendar 2027;Calendar +3
21-Feb-2024;Spot;5.704;21-Feb-2024;Spot
21-Feb-2024;PPA 40;5.740;10-Year Pay-as-Produced;PPA 40
21-Feb-2024;RED II;5.920;10-Year PPA Pay-as-Produced;RED II
20-Feb-2024;Forward;4.883;March 2024;Month +1
20-Feb-2024;Forward;4.727;April 2024;Month +2
20-Feb-2024;Forward;4.694;Q2 2024;Quarter +1
20-Feb-2024;Forward;4.920;Summer 2024;Season +1
20-Feb-2024;Forward;6.101;Winter 2024;Season +2
20-Feb-2024;Forward;5.325;Calendar 2025;Calendar +1
20-Feb-2024;Forward;5.017;Calendar 2026;Calendar +2
20-Feb-2024;Forward;4.837;Calendar 2027;Calendar +3
20-Feb-2024;Spot;5.806;20-Feb-2024;Spot
20-Feb-2024;PPA 40;5.770;10-Year Pay-as-Produced;PPA 40
20-Feb-2024;RED II;5.937;10-Year PPA Pay-as-Produced;RED II
19-Feb-2024;Spot;5.828;19-Feb-2024;Spot
18-Feb-2024;Spot;4.842;18-Feb-2024;Spot
17-Feb-2024;Forward;5.024;March 2024;Month +1
17-Feb-2024;Forward;4.845;April 2024;Month +2
17-Feb-2024;Forward;4.818;Q2 2024;Quarter +1
17-Feb-2024;Forward;5.060;Summer 2024;Season +1
17-Feb-2024;Forward;6.244;Winter 2024;Season +2
17-Feb-2024;Forward;5.485;Calendar 2025;Calendar +1
17-Feb-2024;Forward;5.136;Calendar 2026;Calendar +2
17-Feb-2024;Forward;4.950;Calendar 2027;Calendar +3
17-Feb-2024;Spot;6.528;17-Feb-2024;Spot
17-Feb-2024;PPA 40;5.858;10-Year Pay-as-Produced;PPA 40
17-Feb-2024;RED II;6.028;10-Year PPA Pay-as-Produced;RED II
16-Feb-2024;Forward;5.105;March 2024;Month +1
16-Feb-2024;Forward;4.899;April 2024;Month +2
16-Feb-2024;Forward;4.859;Q2 2024;Quarter +1
16-Feb-2024;Forward;5.105;Summer 2024;Season +1
16-Feb-2024;Forward;6.255;Winter 2024;Season +2
16-Feb-2024;Forward;5.506;Calendar 2025;Calendar +1
16-Feb-2024;Forward;5.159;Calendar 2026;Calendar +2
16-Feb-2024;Forward;4.971;Calendar 2027;Calendar +3
16-Feb-2024;Spot;5.654;16-Feb-2024;Spot
16-Feb-2024;PPA 40;5.891;10-Year Pay-as-Produced;PPA 40
16-Feb-2024;RED II;6.047;10-Year PPA Pay-as-Produced;RED II
15-Feb-2024;Forward;5.177;March 2024;Month +1
15-Feb-2024;Forward;4.871;April 2024;Month +2
15-Feb-2024;Forward;4.835;Q2 2024;Quarter +1
15-Feb-2024;Forward;5.078;Summer 2024;Season +1
15-Feb-2024;Forward;6.211;Winter 2024;Season +2
15-Feb-2024;Forward;5.466;Calendar 2025;Calendar +1
15-Feb-2024;Forward;5.149;Calendar 2026;Calendar +2
15-Feb-2024;Forward;4.962;Calendar 2027;Calendar +3
15-Feb-2024;Spot;6.250;15-Feb-2024;Spot
15-Feb-2024;PPA 40;5.862;10-Year Pay-as-Produced;PPA 40
15-Feb-2024;RED II;6.043;10-Year PPA Pay-as-Produced;RED II
14-Feb-2024;Forward;5.171;March 2024;Month +1
14-Feb-2024;Forward;4.924;April 2024;Month +2
14-Feb-2024;Forward;4.868;Q2 2024;Quarter +1
14-Feb-2024;Forward;5.123;Summer 2024;Season +1
14-Feb-2024;Forward;6.287;Winter 2024;Season +2
14-Feb-2024;Forward;5.513;Calendar 2025;Calendar +1
14-Feb-2024;Forward;5.205;Calendar 2026;Calendar +2
14-Feb-2024;Forward;5.021;Calendar 2027;Calendar +3
14-Feb-2024;Spot;6.204;14-Feb-2024;Spot
14-Feb-2024;PPA 40;5.913;10-Year Pay-as-Produced;PPA 40
14-Feb-2024;RED II;6.084;10-Year PPA Pay-as-Produced;RED II
13-Feb-2024;Forward;5.280;March 2024;Month +1
13-Feb-2024;Forward;4.957;April 2024;Month +2
13-Feb-2024;Forward;4.901;Q2 2024;Quarter +1
13-Feb-2024;Forward;5.158;Summer 2024;Season +1
13-Feb-2024;Forward;6.351;Winter 2024;Season +2
13-Feb-2024;Forward;5.535;Calendar 2025;Calendar +1
13-Feb-2024;Forward;5.253;Calendar 2026;Calendar +2
13-Feb-2024;Forward;5.050;Calendar 2027;Calendar +3
13-Feb-2024;Spot;6.319;13-Feb-2024;Spot
13-Feb-2024;PPA 40;5.925;10-Year Pay-as-Produced;PPA 40
13-Feb-2024;RED II;6.107;10-Year PPA Pay-as-Produced;RED II
12-Feb-2024;Spot;6.355;12-Feb-2024;Spot
11-Feb-2024;Spot;5.304;11-Feb-2024;Spot
10-Feb-2024;Forward;5.341;March 2024;Month +1
10-Feb-2024;Forward;5.054;April 2024;Month +2
10-Feb-2024;Forward;4.989;Q2 2024;Quarter +1
10-Feb-2024;Forward;5.244;Summer 2024;Season +1
10-Feb-2024;Forward;6.447;Winter 2024;Season +2
10-Feb-2024;Forward;5.597;Calendar 2025;Calendar +1
10-Feb-2024;Forward;5.314;Calendar 2026;Calendar +2
10-Feb-2024;Forward;5.095;Calendar 2027;Calendar +3
10-Feb-2024;Spot;6.475;10-Feb-2024;Spot
10-Feb-2024;PPA 40;5.978;10-Year Pay-as-Produced;PPA 40
10-Feb-2024;RED II;6.143;10-Year PPA Pay-as-Produced;RED II
09-Feb-2024;Forward;5.544;March 2024;Month +1
09-Feb-2024;Forward;5.155;April 2024;Month +2
09-Feb-2024;Forward;5.085;Q2 2024;Quarter +1
09-Feb-2024;Forward;5.356;Summer 2024;Season +1
09-Feb-2024;Forward;6.608;Winter 2024;Season +2
09-Feb-2024;Forward;5.689;Calendar 2025;Calendar +1
09-Feb-2024;Forward;5.381;Calendar 2026;Calendar +2
09-Feb-2024;Forward;5.168;Calendar 2027;Calendar +3
09-Feb-2024;Spot;6.491;9-Feb-2024;Spot
09-Feb-2024;PPA 40;6.039;10-Year Pay-as-Produced;PPA 40
09-Feb-2024;RED II;6.202;10-Year PPA Pay-as-Produced;RED II
08-Feb-2024;Forward;5.558;March 2024;Month +1
08-Feb-2024;Forward;5.208;April 2024;Month +2
08-Feb-2024;Forward;5.112;Q2 2024;Quarter +1
08-Feb-2024;Forward;5.395;Summer 2024;Season +1
08-Feb-2024;Forward;6.702;Winter 2024;Season +2
08-Feb-2024;Forward;5.771;Calendar 2025;Calendar +1
08-Feb-2024;Forward;5.419;Calendar 2026;Calendar +2
08-Feb-2024;Forward;5.218;Calendar 2027;Calendar +3
08-Feb-2024;Spot;7.123;8-Feb-2024;Spot
08-Feb-2024;PPA 40;6.065;10-Year Pay-as-Produced;PPA 40
08-Feb-2024;RED II;6.234;10-Year PPA Pay-as-Produced;RED II
07-Feb-2024;Forward;5.653;March 2024;Month +1
07-Feb-2024;Forward;5.283;April 2024;Month +2
07-Feb-2024;Forward;5.189;Q2 2024;Quarter +1
07-Feb-2024;Forward;5.463;Summer 2024;Season +1
07-Feb-2024;Forward;6.780;Winter 2024;Season +2
07-Feb-2024;Forward;5.850;Calendar 2025;Calendar +1
07-Feb-2024;Forward;5.438;Calendar 2026;Calendar +2
07-Feb-2024;Forward;5.211;Calendar 2027;Calendar +3
07-Feb-2024;Spot;6.528;7-Feb-2024;Spot
07-Feb-2024;PPA 40;6.066;10-Year Pay-as-Produced;PPA 40
07-Feb-2024;RED II;6.239;10-Year PPA Pay-as-Produced;RED II
06-Feb-2024;Forward;5.607;March 2024;Month +1
06-Feb-2024;Forward;5.251;April 2024;Month +2
06-Feb-2024;Forward;5.175;Q2 2024;Quarter +1
06-Feb-2024;Forward;5.446;Summer 2024;Season +1
06-Feb-2024;Forward;6.754;Winter 2024;Season +2
06-Feb-2024;Forward;5.822;Calendar 2025;Calendar +1
06-Feb-2024;Forward;5.429;Calendar 2026;Calendar +2
06-Feb-2024;Forward;5.197;Calendar 2027;Calendar +3
06-Feb-2024;Spot;5.448;6-Feb-2024;Spot
06-Feb-2024;PPA 40;6.033;10-Year Pay-as-Produced;PPA 40
06-Feb-2024;RED II;6.213;10-Year PPA Pay-as-Produced;RED II
05-Feb-2024;Spot;5.026;5-Feb-2024;Spot
04-Feb-2024;Spot;3.734;4-Feb-2024;Spot
03-Feb-2024;Forward;5.736;March 2024;Month +1
03-Feb-2024;Forward;5.365;April 2024;Month +2
03-Feb-2024;Forward;5.306;Q2 2024;Quarter +1
03-Feb-2024;Forward;5.574;Summer 2024;Season +1
03-Feb-2024;Forward;6.902;Winter 2024;Season +2
03-Feb-2024;Forward;5.946;Calendar 2025;Calendar +1
03-Feb-2024;Forward;5.506;Calendar 2026;Calendar +2
03-Feb-2024;Forward;5.253;Calendar 2027;Calendar +3
03-Feb-2024;Spot;5.425;3-Feb-2024;Spot
03-Feb-2024;PPA 40;6.079;10-Year Pay-as-Produced;PPA 40
03-Feb-2024;RED II;6.260;10-Year PPA Pay-as-Produced;RED II
02-Feb-2024;Forward;5.660;March 2024;Month +1
02-Feb-2024;Forward;5.337;April 2024;Month +2
02-Feb-2024;Forward;5.267;Q2 2024;Quarter +1
02-Feb-2024;Forward;5.543;Summer 2024;Season +1
02-Feb-2024;Forward;6.876;Winter 2024;Season +2
02-Feb-2024;Forward;5.894;Calendar 2025;Calendar +1
02-Feb-2024;Forward;5.475;Calendar 2026;Calendar +2
02-Feb-2024;Forward;5.212;Calendar 2027;Calendar +3
02-Feb-2024;Spot;6.656;2-Feb-2024;Spot
02-Feb-2024;PPA 40;6.053;10-Year Pay-as-Produced;PPA 40
02-Feb-2024;RED II;6.239;10-Year PPA Pay-as-Produced;RED II
01-Feb-2024;Forward;5.762;February 2024;Month +1
01-Feb-2024;Forward;5.406;March 2024;Month +2
01-Feb-2024;Forward;5.365;Q2 2024;Quarter +1
01-Feb-2024;Forward;5.629;Summer 2024;Season +1
01-Feb-2024;Forward;6.962;Winter 2024;Season +2
01-Feb-2024;Forward;5.972;Calendar 2025;Calendar +1
01-Feb-2024;Forward;5.522;Calendar 2026;Calendar +2
01-Feb-2024;Forward;5.275;Calendar 2027;Calendar +3
01-Feb-2024;Spot;6.851;1-Feb-2024;Spot
01-Feb-2024;PPA 40;6.100;10-Year Pay-as-Produced;PPA 40
01-Feb-2024;RED II;6.283;10-Year PPA Pay-as-Produced;RED II
31-Jan-2024;Forward;5.905;February 2024;Month +1
31-Jan-2024;Forward;5.605;March 2024;Month +2
31-Jan-2024;Forward;5.265;Q2 2024;Quarter +1
31-Jan-2024;Forward;5.547;Summer 2024;Season +1
31-Jan-2024;Forward;6.887;Winter 2024;Season +2
31-Jan-2024;Forward;5.907;Calendar 2025;Calendar +1
31-Jan-2024;Forward;5.502;Calendar 2026;Calendar +2
31-Jan-2024;Forward;5.252;Calendar 2027;Calendar +3
31-Jan-2024;Spot;6.970;31-Jan-2024;Spot
31-Jan-2024;PPA 40;6.096;10-Year Pay-as-Produced;PPA 40
31-Jan-2024;RED II;6.262;10-Year PPA Pay-as-Produced;RED II
30-Jan-2024;Forward;5.722;February 2024;Month +1
30-Jan-2024;Forward;5.404;March 2024;Month +2
30-Jan-2024;Forward;5.139;Q2 2024;Quarter +1
30-Jan-2024;Forward;5.423;Summer 2024;Season +1
30-Jan-2024;Forward;6.768;Winter 2024;Season +2
30-Jan-2024;Forward;5.825;Calendar 2025;Calendar +1
30-Jan-2024;Forward;5.439;Calendar 2026;Calendar +2
30-Jan-2024;Forward;5.250;Calendar 2027;Calendar +3
30-Jan-2024;Spot;6.681;30-Jan-2024;Spot
30-Jan-2024;PPA 40;6.068;10-Year Pay-as-Produced;PPA 40
30-Jan-2024;RED II;6.249;10-Year PPA Pay-as-Produced;RED II
29-Jan-2024;Spot;6.594;29-Jan-2024;Spot
28-Jan-2024;Spot;5.599;28-Jan-2024;Spot
27-Jan-2024;Forward;5.760;February 2024;Month +1
27-Jan-2024;Forward;5.409;March 2024;Month +2
27-Jan-2024;Forward;5.178;Q2 2024;Quarter +1
27-Jan-2024;Forward;5.461;Summer 2024;Season +1
27-Jan-2024;Forward;6.802;Winter 2024;Season +2
27-Jan-2024;Forward;5.902;Calendar 2025;Calendar +1
27-Jan-2024;Forward;5.524;Calendar 2026;Calendar +2
27-Jan-2024;Forward;5.353;Calendar 2027;Calendar +3
27-Jan-2024;Spot;6.446;27-Jan-2024;Spot
27-Jan-2024;PPA 40;6.128;10-Year Pay-as-Produced;PPA 40
27-Jan-2024;RED II;6.319;10-Year PPA Pay-as-Produced;RED II
26-Jan-2024;Forward;5.748;February 2024;Month +1
26-Jan-2024;Forward;5.367;March 2024;Month +2
26-Jan-2024;Forward;5.166;Q2 2024;Quarter +1
26-Jan-2024;Forward;5.441;Summer 2024;Season +1
26-Jan-2024;Forward;6.782;Winter 2024;Season +2
26-Jan-2024;Forward;5.881;Calendar 2025;Calendar +1
26-Jan-2024;Forward;5.560;Calendar 2026;Calendar +2
26-Jan-2024;Forward;5.338;Calendar 2027;Calendar +3
26-Jan-2024;Spot;6.548;26-Jan-2024;Spot
26-Jan-2024;PPA 40;6.131;10-Year Pay-as-Produced;PPA 40
26-Jan-2024;RED II;6.313;10-Year PPA Pay-as-Produced;RED II
25-Jan-2024;Forward;5.990;February 2024;Month +1
25-Jan-2024;Forward;5.527;March 2024;Month +2
25-Jan-2024;Forward;5.311;Q2 2024;Quarter +1
25-Jan-2024;Forward;5.586;Summer 2024;Season +1
25-Jan-2024;Forward;6.871;Winter 2024;Season +2
25-Jan-2024;Forward;6.035;Calendar 2025;Calendar +1
25-Jan-2024;Forward;5.656;Calendar 2026;Calendar +2
25-Jan-2024;Forward;5.373;Calendar 2027;Calendar +3
25-Jan-2024;Spot;6.717;25-Jan-2024;Spot
25-Jan-2024;PPA 40;6.197;10-Year Pay-as-Produced;PPA 40
25-Jan-2024;RED II;6.366;10-Year PPA Pay-as-Produced;RED II
24-Jan-2024;Forward;5.721;February 2024;Month +1
24-Jan-2024;Forward;5.353;March 2024;Month +2
24-Jan-2024;Forward;5.135;Q2 2024;Quarter +1
24-Jan-2024;Forward;5.417;Summer 2024;Season +1
24-Jan-2024;Forward;6.719;Winter 2024;Season +2
24-Jan-2024;Forward;5.927;Calendar 2025;Calendar +1
24-Jan-2024;Forward;5.622;Calendar 2026;Calendar +2
24-Jan-2024;Forward;5.335;Calendar 2027;Calendar +3
24-Jan-2024;Spot;6.029;24-Jan-2024;Spot
24-Jan-2024;PPA 40;6.147;10-Year Pay-as-Produced;PPA 40
24-Jan-2024;RED II;6.315;10-Year PPA Pay-as-Produced;RED II
23-Jan-2024;Forward;5.721;February 2024;Month +1
23-Jan-2024;Forward;5.351;March 2024;Month +2
23-Jan-2024;Forward;5.091;Q2 2024;Quarter +1
23-Jan-2024;Forward;5.401;Summer 2024;Season +1
23-Jan-2024;Forward;6.710;Winter 2024;Season +2
23-Jan-2024;Forward;5.886;Calendar 2025;Calendar +1
23-Jan-2024;Forward;5.565;Calendar 2026;Calendar +2
23-Jan-2024;Forward;5.223;Calendar 2027;Calendar +3
23-Jan-2024;Spot;6.324;23-Jan-2024;Spot
23-Jan-2024;PPA 40;6.097;10-Year Pay-as-Produced;PPA 40
23-Jan-2024;RED II;6.254;10-Year PPA Pay-as-Produced;RED II
22-Jan-2024;Spot;6.205;22-Jan-2024;Spot
21-Jan-2024;Spot;5.433;21-Jan-2024;Spot
20-Jan-2024;Forward;5.946;February 2024;Month +1
20-Jan-2024;Forward;5.511;March 2024;Month +2
20-Jan-2024;Forward;5.236;Q2 2024;Quarter +1
20-Jan-2024;Forward;5.515;Summer 2024;Season +1
20-Jan-2024;Forward;6.825;Winter 2024;Season +2
20-Jan-2024;Forward;6.020;Calendar 2025;Calendar +1
20-Jan-2024;Forward;5.740;Calendar 2026;Calendar +2
20-Jan-2024;Forward;5.435;Calendar 2027;Calendar +3
20-Jan-2024;Spot;6.790;20-Jan-2024;Spot
20-Jan-2024;PPA 40;6.252;10-Year Pay-as-Produced;PPA 40
20-Jan-2024;RED II;6.404;10-Year PPA Pay-as-Produced;RED II
19-Jan-2024;Forward;5.906;February 2024;Month +1
19-Jan-2024;Forward;5.509;March 2024;Month +2
19-Jan-2024;Forward;5.214;Q2 2024;Quarter +1
19-Jan-2024;Forward;5.493;Summer 2024;Season +1
19-Jan-2024;Forward;6.764;Winter 2024;Season +2
19-Jan-2024;Forward;5.952;Calendar 2025;Calendar +1
19-Jan-2024;Forward;5.727;Calendar 2026;Calendar +2
19-Jan-2024;Forward;5.437;Calendar 2027;Calendar +3
19-Jan-2024;Spot;6.829;19-Jan-2024;Spot
19-Jan-2024;PPA 40;6.241;10-Year Pay-as-Produced;PPA 40
19-Jan-2024;RED II;6.400;10-Year PPA Pay-as-Produced;RED II
18-Jan-2024;Forward;5.972;February 2024;Month +1
18-Jan-2024;Forward;5.588;March 2024;Month +2
18-Jan-2024;Forward;5.234;Q2 2024;Quarter +1
18-Jan-2024;Forward;5.502;Summer 2024;Season +1
18-Jan-2024;Forward;6.756;Winter 2024;Season +2
18-Jan-2024;Forward;5.944;Calendar 2025;Calendar +1
18-Jan-2024;Forward;5.723;Calendar 2026;Calendar +2
18-Jan-2024;Forward;5.490;Calendar 2027;Calendar +3
18-Jan-2024;Spot;7.667;18-Jan-2024;Spot
18-Jan-2024;PPA 40;6.276;10-Year Pay-as-Produced;PPA 40
18-Jan-2024;RED II;6.436;10-Year PPA Pay-as-Produced;RED II
17-Jan-2024;Forward;6.152;February 2024;Month +1
17-Jan-2024;Forward;5.661;March 2024;Month +2
17-Jan-2024;Forward;5.374;Q2 2024;Quarter +1
17-Jan-2024;Forward;5.647;Summer 2024;Season +1
17-Jan-2024;Forward;6.908;Winter 2024;Season +2
17-Jan-2024;Forward;6.114;Calendar 2025;Calendar +1
17-Jan-2024;Forward;5.853;Calendar 2026;Calendar +2
17-Jan-2024;Forward;5.670;Calendar 2027;Calendar +3
17-Jan-2024;Spot;7.836;17-Jan-2024;Spot
17-Jan-2024;PPA 40;6.427;10-Year Pay-as-Produced;PPA 40
17-Jan-2024;RED II;6.564;10-Year PPA Pay-as-Produced;RED II
16-Jan-2024;Forward;6.218;February 2024;Month +1
16-Jan-2024;Forward;5.805;March 2024;Month +2
16-Jan-2024;Forward;5.444;Q2 2024;Quarter +1
16-Jan-2024;Forward;5.699;Summer 2024;Season +1
16-Jan-2024;Forward;6.976;Winter 2024;Season +2
16-Jan-2024;Forward;6.214;Calendar 2025;Calendar +1
16-Jan-2024;Forward;5.960;Calendar 2026;Calendar +2
16-Jan-2024;Forward;5.697;Calendar 2027;Calendar +3
16-Jan-2024;Spot;8.285;16-Jan-2024;Spot
16-Jan-2024;PPA 40;6.477;10-Year Pay-as-Produced;PPA 40
16-Jan-2024;RED II;6.596;10-Year PPA Pay-as-Produced;RED II
15-Jan-2024;Spot;7.028;15-Jan-2024;Spot
14-Jan-2024;Spot;6.083;14-Jan-2024;Spot
13-Jan-2024;Forward;6.526;February 2024;Month +1
13-Jan-2024;Forward;6.012;March 2024;Month +2
13-Jan-2024;Forward;5.588;Q2 2024;Quarter +1
13-Jan-2024;Forward;5.860;Summer 2024;Season +1
13-Jan-2024;Forward;7.157;Winter 2024;Season +2
13-Jan-2024;Forward;6.375;Calendar 2025;Calendar +1
13-Jan-2024;Forward;6.099;Calendar 2026;Calendar +2
13-Jan-2024;Forward;5.783;Calendar 2027;Calendar +3
13-Jan-2024;Spot;6.670;13-Jan-2024;Spot
13-Jan-2024;PPA 40;6.548;10-Year Pay-as-Produced;PPA 40
13-Jan-2024;RED II;6.679;10-Year PPA Pay-as-Produced;RED II
12-Jan-2024;Forward;6.471;February 2024;Month +1
12-Jan-2024;Forward;5.955;March 2024;Month +2
12-Jan-2024;Forward;5.532;Q2 2024;Quarter +1
12-Jan-2024;Forward;5.809;Summer 2024;Season +1
12-Jan-2024;Forward;7.120;Winter 2024;Season +2
12-Jan-2024;Forward;6.317;Calendar 2025;Calendar +1
12-Jan-2024;Forward;6.081;Calendar 2026;Calendar +2
12-Jan-2024;Forward;5.815;Calendar 2027;Calendar +3
12-Jan-2024;Spot;8.390;12-Jan-2024;Spot
12-Jan-2024;PPA 40;6.557;10-Year Pay-as-Produced;PPA 40
12-Jan-2024;RED II;6.685;10-Year PPA Pay-as-Produced;RED II
11-Jan-2024;Forward;6.562;February 2024;Month +1
11-Jan-2024;Forward;6.027;March 2024;Month +2
11-Jan-2024;Forward;5.581;Q2 2024;Quarter +1
11-Jan-2024;Forward;5.887;Summer 2024;Season +1
11-Jan-2024;Forward;7.207;Winter 2024;Season +2
11-Jan-2024;Forward;6.346;Calendar 2025;Calendar +1
11-Jan-2024;Forward;6.127;Calendar 2026;Calendar +2
11-Jan-2024;Forward;5.889;Calendar 2027;Calendar +3
11-Jan-2024;Spot;8.399;11-Jan-2024;Spot
11-Jan-2024;PPA 40;6.603;10-Year Pay-as-Produced;PPA 40
11-Jan-2024;RED II;6.740;10-Year PPA Pay-as-Produced;RED II
10-Jan-2024;Forward;6.530;February 2024;Month +1
10-Jan-2024;Forward;6.085;March 2024;Month +2
10-Jan-2024;Forward;5.616;Q2 2024;Quarter +1
10-Jan-2024;Forward;5.918;Summer 2024;Season +1
10-Jan-2024;Forward;7.218;Winter 2024;Season +2
10-Jan-2024;Forward;6.353;Calendar 2025;Calendar +1
10-Jan-2024;Forward;6.184;Calendar 2026;Calendar +2
10-Jan-2024;Forward;5.934;Calendar 2027;Calendar +3
10-Jan-2024;Spot;8.547;10-Jan-2024;Spot
10-Jan-2024;PPA 40;6.619;10-Year Pay-as-Produced;PPA 40
10-Jan-2024;RED II;6.781;10-Year PPA Pay-as-Produced;RED II
09-Jan-2024;Forward;6.705;February 2024;Month +1
09-Jan-2024;Forward;6.160;March 2024;Month +2
09-Jan-2024;Forward;5.736;Q2 2024;Quarter +1
09-Jan-2024;Forward;6.058;Summer 2024;Season +1
09-Jan-2024;Forward;7.367;Winter 2024;Season +2
09-Jan-2024;Forward;6.424;Calendar 2025;Calendar +1
09-Jan-2024;Forward;6.273;Calendar 2026;Calendar +2
09-Jan-2024;Forward;5.981;Calendar 2027;Calendar +3
09-Jan-2024;Spot;8.328;9-Jan-2024;Spot
09-Jan-2024;PPA 40;6.651;10-Year Pay-as-Produced;PPA 40
09-Jan-2024;RED II;6.819;10-Year PPA Pay-as-Produced;RED II
08-Jan-2024;Spot;7.796;8-Jan-2024;Spot
07-Jan-2024;Spot;6.661;7-Jan-2024;Spot
06-Jan-2024;Forward;7.278;February 2024;Month +1
06-Jan-2024;Forward;6.610;March 2024;Month +2
06-Jan-2024;Forward;6.100;Q2 2024;Quarter +1
06-Jan-2024;Forward;6.394;Summer 2024;Season +1
06-Jan-2024;Forward;7.630;Winter 2024;Season +2
06-Jan-2024;Forward;6.722;Calendar 2025;Calendar +1
06-Jan-2024;Forward;6.442;Calendar 2026;Calendar +2
06-Jan-2024;Forward;6.139;Calendar 2027;Calendar +3
06-Jan-2024;Spot;6.661;6-Jan-2024;Spot
06-Jan-2024;PPA 40;6.745;10-Year Pay-as-Produced;PPA 40
06-Jan-2024;RED II;6.946;10-Year PPA Pay-as-Produced;RED II
05-Jan-2024;Forward;7.254;February 2024;Month +1
05-Jan-2024;Forward;6.552;March 2024;Month +2
05-Jan-2024;Forward;6.002;Q2 2024;Quarter +1
05-Jan-2024;Forward;6.298;Summer 2024;Season +1
05-Jan-2024;Forward;7.628;Winter 2024;Season +2
05-Jan-2024;Forward;6.640;Calendar 2025;Calendar +1
05-Jan-2024;Forward;6.396;Calendar 2026;Calendar +2
05-Jan-2024;Forward;6.087;Calendar 2027;Calendar +3
05-Jan-2024;Spot;7.673;5-Jan-2024;Spot
05-Jan-2024;PPA 40;6.710;10-Year Pay-as-Produced;PPA 40
05-Jan-2024;RED II;6.908;10-Year PPA Pay-as-Produced;RED II
04-Jan-2024;Forward;7.275;February 2024;Month +1
04-Jan-2024;Forward;6.608;March 2024;Month +2
04-Jan-2024;Forward;5.959;Q2 2024;Quarter +1
04-Jan-2024;Forward;6.242;Summer 2024;Season +1
04-Jan-2024;Forward;7.569;Winter 2024;Season +2
04-Jan-2024;Forward;6.682;Calendar 2025;Calendar +1
04-Jan-2024;Forward;6.387;Calendar 2026;Calendar +2
04-Jan-2024;Forward;6.065;Calendar 2027;Calendar +3
04-Jan-2024;Spot;6.785;4-Jan-2024;Spot
04-Jan-2024;PPA 40;5.742;10-Year Pay-as-Produced;PPA 40
04-Jan-2024;RED II;6.904;10-Year PPA Pay-as-Produced;RED II
03-Jan-2024;Forward;6.932;February 2024;Month +1
03-Jan-2024;Forward;6.379;March 2024;Month +2
03-Jan-2024;Forward;5.806;Q2 2024;Quarter +1
03-Jan-2024;Forward;6.083;Summer 2024;Season +1
03-Jan-2024;Forward;7.465;Winter 2024;Season +2
03-Jan-2024;Forward;6.546;Calendar 2025;Calendar +1
03-Jan-2024;Forward;6.237;Calendar 2026;Calendar +2
03-Jan-2024;Forward;6.003;Calendar 2027;Calendar +3
03-Jan-2024;Spot;4.994;3-Jan-2024;Spot
03-Jan-2024;PPA 40;5.698;10-Year Pay-as-Produced;PPA 40
03-Jan-2024;RED II;6.855;10-Year PPA Pay-as-Produced;RED II
02-Jan-2024;Spot;5.566;2-Jan-2024;Spot
01-Jan-2024;Spot;2.654;1-Jan-2024;Spot
31-Dec-2023;Spot;2.953;31-Dec-2023;Spot
30-Dec-2023;Forward;6.786;January 2024;Month +1
30-Dec-2023;Forward;7.091;February 2024;Month +2
30-Dec-2023;Forward;6.803;Q1 2024;Quarter +1
30-Dec-2023;Forward;6.279;Summer 2024;Season +1
30-Dec-2023;Forward;7.606;Winter 2024;Season +2
30-Dec-2023;Forward;6.707;Calendar 2024;Calendar +1
30-Dec-2023;Forward;6.727;Calendar 2025;Calendar +2
30-Dec-2023;Forward;6.406;Calendar 2026;Calendar +3
30-Dec-2023;Spot;4.072;30-Dec-2023;Spot
30-Dec-2023;PPA 40;6.050;10-Year Pay-as-Produced;PPA 40
30-Dec-2023;RED II;7.013;10-Year PPA Pay-as-Produced;RED II
29-Dec-2023;Forward;6.625;January 2024;Month +1
29-Dec-2023;Forward;7.226;February 2024;Month +2
29-Dec-2023;Forward;6.826;Q1 2024;Quarter +1
29-Dec-2023;Forward;6.429;Summer 2024;Season +1
29-Dec-2023;Forward;7.107;Winter 2024;Season +2
29-Dec-2023;Forward;6.768;Calendar 2024;Calendar +1
29-Dec-2023;Forward;6.831;Calendar 2025;Calendar +2
29-Dec-2023;Forward;6.505;Calendar 2026;Calendar +3
29-Dec-2023;Spot;2.522;29-Dec-2023;Spot
29-Dec-2023;PPA 40;6.889;10-Year Pay-as-Produced;PPA 40
29-Dec-2023;RED II;7.081;10-Year PPA Pay-as-Produced;RED II
28-Dec-2023;Forward;6.902;January 2024;Month +1
28-Dec-2023;Forward;7.623;February 2024;Month +2
28-Dec-2023;Forward;7.146;Q1 2024;Quarter +1
28-Dec-2023;Forward;6.675;Summer 2024;Season +1
28-Dec-2023;Forward;7.389;Winter 2024;Season +2
28-Dec-2023;Forward;7.032;Calendar 2024;Calendar +1
28-Dec-2023;Forward;6.998;Calendar 2025;Calendar +2
28-Dec-2023;Forward;6.649;Calendar 2026;Calendar +3
28-Dec-2023;Spot;2.999;28-Dec-2023;Spot
28-Dec-2023;PPA 40;7.008;10-Year Pay-as-Produced;PPA 40
28-Dec-2023;RED II;7.253;10-Year PPA Pay-as-Produced;RED II
27-Dec-2023;Spot;4.550;27-Dec-2023;Spot
26-Dec-2023;Spot;2.901;26-Dec-2023;Spot
25-Dec-2023;Spot;2.181;25-Dec-2023;Spot
24-Dec-2023;Spot;2.322;24-Dec-2023;Spot
23-Dec-2023;Forward;6.817;January 2024;Month +1
23-Dec-2023;Forward;7.395;February 2024;Month +2
23-Dec-2023;Forward;6.980;Q1 2024;Quarter +1
23-Dec-2023;Forward;6.541;Summer 2024;Season +1
23-Dec-2023;Forward;7.247;Winter 2024;Season +2
23-Dec-2023;Forward;6.894;Calendar 2024;Calendar +1
23-Dec-2023;Forward;6.874;Calendar 2025;Calendar +2
23-Dec-2023;Forward;6.573;Calendar 2026;Calendar +3
23-Dec-2023;Spot;3.753;23-Dec-2023;Spot
23-Dec-2023;PPA 40;6.957;10-Year Pay-as-Produced;PPA 40
23-Dec-2023;RED II;7.189;10-Year PPA Pay-as-Produced;RED II
22-Dec-2023;Forward;6.708;January 2024;Month +1
22-Dec-2023;Forward;7.238;February 2024;Month +2
22-Dec-2023;Forward;6.905;Q1 2024;Quarter +1
22-Dec-2023;Forward;6.496;Summer 2024;Season +1
22-Dec-2023;Forward;7.228;Winter 2024;Season +2
22-Dec-2023;Forward;6.862;Calendar 2024;Calendar +1
22-Dec-2023;Forward;6.842;Calendar 2025;Calendar +2
22-Dec-2023;Forward;6.538;Calendar 2026;Calendar +3
22-Dec-2023;Spot;3.050;22-Dec-2023;Spot
22-Dec-2023;PPA 40;6.939;10-Year Pay-as-Produced;PPA 40
22-Dec-2023;RED II;7.166;10-Year PPA Pay-as-Produced;RED II
21-Dec-2023;Forward;6.605;January 2024;Month +1
21-Dec-2023;Forward;6.952;February 2024;Month +2
21-Dec-2023;Forward;6.706;Q1 2024;Quarter +1
21-Dec-2023;Forward;6.326;Summer 2024;Season +1
21-Dec-2023;Forward;7.136;Winter 2024;Season +2
21-Dec-2023;Forward;6.731;Calendar 2024;Calendar +1
21-Dec-2023;Forward;6.728;Calendar 2025;Calendar +2
21-Dec-2023;Forward;6.446;Calendar 2026;Calendar +3
21-Dec-2023;Spot;4.024;21-Dec-2023;Spot
21-Dec-2023;PPA 40;6.877;10-Year Pay-as-Produced;PPA 40
21-Dec-2023;RED II;7.093;10-Year PPA Pay-as-Produced;RED II
20-Dec-2023;Forward;6.305;January 2024;Month +1
20-Dec-2023;Forward;6.686;February 2024;Month +2
20-Dec-2023;Forward;6.477;Q1 2024;Quarter +1
20-Dec-2023;Forward;6.131;Summer 2024;Season +1
20-Dec-2023;Forward;6.983;Winter 2024;Season +2
20-Dec-2023;Forward;6.557;Calendar 2024;Calendar +1
20-Dec-2023;Forward;6.528;Calendar 2025;Calendar +2
20-Dec-2023;Forward;6.344;Calendar 2026;Calendar +3
20-Dec-2023;Spot;5.470;20-Dec-2023;Spot
20-Dec-2023;PPA 40;6.760;10-Year Pay-as-Produced;PPA 40
20-Dec-2023;RED II;6.991;10-Year PPA Pay-as-Produced;RED II
19-Dec-2023;Forward;6.377;January 2024;Month +1
19-Dec-2023;Forward;7.026;February 2024;Month +2
19-Dec-2023;Forward;6.720;Q1 2024;Quarter +1
19-Dec-2023;Forward;6.351;Summer 2024;Season +1
19-Dec-2023;Forward;7.276;Winter 2024;Season +2
19-Dec-2023;Forward;6.813;Calendar 2024;Calendar +1
19-Dec-2023;Forward;6.656;Calendar 2025;Calendar +2
19-Dec-2023;Forward;6.416;Calendar 2026;Calendar +3
19-Dec-2023;Spot;6.189;19-Dec-2023;Spot
19-Dec-2023;PPA 40;6.849;10-Year Pay-as-Produced;PPA 40
19-Dec-2023;RED II;7.066;10-Year PPA Pay-as-Produced;RED II
18-Dec-2023;Spot;5.901;18-Dec-2023;Spot
17-Dec-2023;Spot;5.301;17-Dec-2023;Spot
16-Dec-2023;Forward;6.359;January 2024;Month +1
16-Dec-2023;Forward;6.843;February 2024;Month +2
16-Dec-2023;Forward;6.576;Q1 2024;Quarter +1
16-Dec-2023;Forward;6.193;Summer 2024;Season +1
16-Dec-2023;Forward;7.056;Winter 2024;Season +2
16-Dec-2023;Forward;6.624;Calendar 2024;Calendar +1
16-Dec-2023;Forward;6.516;Calendar 2025;Calendar +2
16-Dec-2023;Forward;6.287;Calendar 2026;Calendar +3
16-Dec-2023;Spot;6.162;16-Dec-2023;Spot
16-Dec-2023;PPA 40;6.752;10-Year Pay-as-Produced;PPA 40
16-Dec-2023;RED II;6.966;10-Year PPA Pay-as-Produced;RED II
15-Dec-2023;Forward;6.931;January 2024;Month +1
15-Dec-2023;Forward;7.388;February 2024;Month +2
15-Dec-2023;Forward;7.065;Q1 2024;Quarter +1
15-Dec-2023;Forward;6.605;Summer 2024;Season +1
15-Dec-2023;Forward;6.892;Winter 2024;Season +2
15-Dec-2023;Forward;6.749;Calendar 2024;Calendar +1
15-Dec-2023;Forward;6.608;Calendar 2025;Calendar +2
15-Dec-2023;Forward;6.279;Calendar 2026;Calendar +3
15-Dec-2023;Spot;6.928;15-Dec-2023;Spot
15-Dec-2023;PPA 40;6.760;10-Year Pay-as-Produced;PPA 40
15-Dec-2023;RED II;7.002;10-Year PPA Pay-as-Produced;RED II
14-Dec-2023;Forward;6.931;January 2024;Month +1
14-Dec-2023;Forward;7.388;February 2024;Month +2
14-Dec-2023;Forward;7.065;Q1 2024;Quarter +1
14-Dec-2023;Forward;6.605;Summer 2024;Season +1
14-Dec-2023;Forward;6.892;Winter 2024;Season +2
14-Dec-2023;Forward;6.749;Calendar 2024;Calendar +1
14-Dec-2023;Forward;6.608;Calendar 2025;Calendar +2
14-Dec-2023;Forward;6.279;Calendar 2026;Calendar +3
14-Dec-2023;Spot;6.940;14-Dec-2023;Spot
14-Dec-2023;PPA 40;6.760;10-Year Pay-as-Produced;PPA 40
14-Dec-2023;RED II;7.004;10-Year PPA Pay-as-Produced;RED II
13-Dec-2023;Forward;6.466;January 2024;Month +1
13-Dec-2023;Forward;7.054;February 2024;Month +2
13-Dec-2023;Forward;6.670;Q1 2024;Quarter +1
13-Dec-2023;Forward;6.316;Summer 2024;Season +1
13-Dec-2023;Forward;7.137;Winter 2024;Season +2
13-Dec-2023;Forward;6.726;Calendar 2024;Calendar +1
13-Dec-2023;Forward;6.606;Calendar 2025;Calendar +2
13-Dec-2023;Forward;6.341;Calendar 2026;Calendar +3
13-Dec-2023;Spot;6.912;13-Dec-2023;Spot
13-Dec-2023;PPA 40;6.769;10-Year Pay-as-Produced;PPA 40
13-Dec-2023;RED II;7.019;10-Year PPA Pay-as-Produced;RED II
12-Dec-2023;Forward;6.437;January 2024;Month +1
12-Dec-2023;Forward;7.032;February 2024;Month +2
12-Dec-2023;Forward;6.655;Q1 2024;Quarter +1
12-Dec-2023;Forward;6.356;Summer 2024;Season +1
12-Dec-2023;Forward;7.210;Winter 2024;Season +2
12-Dec-2023;Forward;6.783;Calendar 2024;Calendar +1
12-Dec-2023;Forward;6.633;Calendar 2025;Calendar +2
12-Dec-2023;Forward;6.351;Calendar 2026;Calendar +3
12-Dec-2023;Spot;7.388;12-Dec-2023;Spot
12-Dec-2023;PPA 40;6.805;10-Year Pay-as-Produced;PPA 40
12-Dec-2023;RED II;7.045;10-Year PPA Pay-as-Produced;RED II
11-Dec-2023;Spot;5.689;11-Dec-2023;Spot
10-Dec-2023;Spot;5.622;10-Dec-2023;Spot
09-Dec-2023;Forward;6.613;January 2024;Month +1
09-Dec-2023;Forward;7.516;February 2024;Month +2
09-Dec-2023;Forward;7.018;Q1 2024;Quarter +1
09-Dec-2023;Forward;6.639;Summer 2024;Season +1
09-Dec-2023;Forward;7.462;Winter 2024;Season +2
09-Dec-2023;Forward;7.051;Calendar 2024;Calendar +1
09-Dec-2023;Forward;6.810;Calendar 2025;Calendar +2
09-Dec-2023;Forward;6.450;Calendar 2026;Calendar +3
09-Dec-2023;Spot;7.113;9-Dec-2023;Spot
09-Dec-2023;PPA 40;6.907;10-Year Pay-as-Produced;PPA 40
09-Dec-2023;RED II;7.136;10-Year PPA Pay-as-Produced;RED II
08-Dec-2023;Forward;6.970;January 2024;Month +1
08-Dec-2023;Forward;7.806;February 2024;Month +2
08-Dec-2023;Forward;7.299;Q1 2024;Quarter +1
08-Dec-2023;Forward;6.850;Summer 2024;Season +1
08-Dec-2023;Forward;7.590;Winter 2024;Season +2
08-Dec-2023;Forward;7.220;Calendar 2024;Calendar +1
08-Dec-2023;Forward;6.936;Calendar 2025;Calendar +2
08-Dec-2023;Forward;6.517;Calendar 2026;Calendar +3
08-Dec-2023;Spot;7.230;8-Dec-2023;Spot
08-Dec-2023;PPA 40;6.970;10-Year Pay-as-Produced;PPA 40
08-Dec-2023;RED II;7.196;10-Year PPA Pay-as-Produced;RED II
07-Dec-2023;Forward;6.999;January 2024;Month +1
07-Dec-2023;Forward;7.488;February 2024;Month +2
07-Dec-2023;Forward;7.113;Q1 2024;Quarter +1
07-Dec-2023;Forward;6.692;Summer 2024;Season +1
07-Dec-2023;Forward;7.548;Winter 2024;Season +2
07-Dec-2023;Forward;7.120;Calendar 2024;Calendar +1
07-Dec-2023;Forward;6.853;Calendar 2025;Calendar +2
07-Dec-2023;Forward;6.449;Calendar 2026;Calendar +3
07-Dec-2023;Spot;7.683;7-Dec-2023;Spot
07-Dec-2023;PPA 40;6.936;10-Year Pay-as-Produced;PPA 40
07-Dec-2023;RED II;7.142;10-Year PPA Pay-as-Produced;RED II
06-Dec-2023;Forward;6.951;January 2024;Month +1
06-Dec-2023;Forward;7.391;February 2024;Month +2
06-Dec-2023;Forward;7.034;Q1 2024;Quarter +1
06-Dec-2023;Forward;6.631;Summer 2024;Season +1
06-Dec-2023;Forward;7.420;Winter 2024;Season +2
06-Dec-2023;Forward;7.025;Calendar 2024;Calendar +1
06-Dec-2023;Forward;6.808;Calendar 2025;Calendar +2
06-Dec-2023;Forward;6.428;Calendar 2026;Calendar +3
06-Dec-2023;Spot;7.652;6-Dec-2023;Spot
06-Dec-2023;PPA 40;6.939;10-Year Pay-as-Produced;PPA 40
06-Dec-2023;RED II;7.125;10-Year PPA Pay-as-Produced;RED II
05-Dec-2023;Forward;7.259;January 2024;Month +1
05-Dec-2023;Forward;7.675;February 2024;Month +2
05-Dec-2023;Forward;7.298;Q1 2024;Quarter +1
05-Dec-2023;Forward;6.878;Summer 2024;Season +1
05-Dec-2023;Forward;7.611;Winter 2024;Season +2
05-Dec-2023;Forward;7.245;Calendar 2024;Calendar +1
05-Dec-2023;Forward;7.054;Calendar 2025;Calendar +2
05-Dec-2023;Forward;6.686;Calendar 2026;Calendar +3
05-Dec-2023;Spot;7.691;5-Dec-2023;Spot
05-Dec-2023;PPA 40;7.104;10-Year Pay-as-Produced;PPA 40
05-Dec-2023;RED II;7.308;10-Year PPA Pay-as-Produced;RED II
04-Dec-2023;Spot;7.514;4-Dec-2023;Spot
03-Dec-2023;Spot;7.946;3-Dec-2023;Spot
02-Dec-2023;Forward;7.804;January 2024;Month +1
02-Dec-2023;Forward;8.111;February 2024;Month +2
02-Dec-2023;Forward;7.684;Q1 2024;Quarter +1
02-Dec-2023;Forward;7.169;Summer 2024;Season +1
02-Dec-2023;Forward;7.827;Winter 2024;Season +2
02-Dec-2023;Forward;7.498;Calendar 2024;Calendar +1
02-Dec-2023;Forward;7.244;Calendar 2025;Calendar +2
02-Dec-2023;Forward;6.869;Calendar 2026;Calendar +3
02-Dec-2023;Spot;8.498;2-Dec-2023;Spot
02-Dec-2023;PPA 40;7.184;10-Year Pay-as-Produced;PPA 40
02-Dec-2023;RED II;7.457;10-Year PPA Pay-as-Produced;RED II
01-Dec-2023;Forward;7.390;December 2023;Month +1
01-Dec-2023;Forward;7.431;January 2024;Month +2
01-Dec-2023;Forward;7.414;Q1 2024;Quarter +1
01-Dec-2023;Forward;6.977;Summer 2024;Season +1
01-Dec-2023;Forward;7.770;Winter 2024;Season +2
01-Dec-2023;Forward;7.373;Calendar 2024;Calendar +1
01-Dec-2023;Forward;7.164;Calendar 2025;Calendar +2
01-Dec-2023;Forward;6.788;Calendar 2026;Calendar +3
01-Dec-2023;Spot;8.311;1-Dec-2023;Spot
01-Dec-2023;PPA 40;7.096;10-Year Pay-as-Produced;PPA 40
01-Dec-2023;RED II;7.393;10-Year PPA Pay-as-Produced;RED II
30-Nov-2023;Forward;6.908;December 2023;Month +1
30-Nov-2023;Forward;7.446;January 2024;Month +2
30-Nov-2023;Forward;7.454;Q1 2024;Quarter +1
30-Nov-2023;Forward;6.969;Summer 2024;Season +1
30-Nov-2023;Forward;7.726;Winter 2024;Season +2
30-Nov-2023;Forward;7.348;Calendar 2024;Calendar +1
30-Nov-2023;Forward;7.091;Calendar 2025;Calendar +2
30-Nov-2023;Forward;6.698;Calendar 2026;Calendar +3
30-Nov-2023;Spot;8.853;30-Nov-2023;Spot
30-Nov-2023;PPA 40;7.054;10-Year Pay-as-Produced;PPA 40
30-Nov-2023;RED II;7.338;10-Year PPA Pay-as-Produced;RED II
29-Nov-2023;Forward;6.851;December 2023;Month +1
29-Nov-2023;Forward;7.392;January 2024;Month +2
29-Nov-2023;Forward;7.537;Q1 2024;Quarter +1
29-Nov-2023;Forward;7.099;Summer 2024;Season +1
29-Nov-2023;Forward;7.915;Winter 2024;Season +2
29-Nov-2023;Forward;7.507;Calendar 2024;Calendar +1
29-Nov-2023;Forward;7.338;Calendar 2025;Calendar +2
29-Nov-2023;Forward;6.760;Calendar 2026;Calendar +3
29-Nov-2023;Spot;8.383;29-Nov-2023;Spot
29-Nov-2023;PPA 40;7.143;10-Year Pay-as-Produced;PPA 40
29-Nov-2023;RED II;7.372;10-Year PPA Pay-as-Produced;RED II
28-Nov-2023;Forward;7.199;December 2023;Month +1
28-Nov-2023;Forward;7.625;January 2024;Month +2
28-Nov-2023;Forward;7.807;Q1 2024;Quarter +1
28-Nov-2023;Forward;7.349;Summer 2024;Season +1
28-Nov-2023;Forward;7.979;Winter 2024;Season +2
28-Nov-2023;Forward;7.664;Calendar 2024;Calendar +1
28-Nov-2023;Forward;7.410;Calendar 2025;Calendar +2
28-Nov-2023;Forward;6.787;Calendar 2026;Calendar +3
28-Nov-2023;Spot;7.366;28-Nov-2023;Spot
28-Nov-2023;PPA 40;7.174;10-Year Pay-as-Produced;PPA 40
28-Nov-2023;RED II;7.419;10-Year PPA Pay-as-Produced;RED II
27-Nov-2023;Spot;7.793;27-Nov-2023;Spot
26-Nov-2023;Spot;8.076;26-Nov-2023;Spot
25-Nov-2023;Forward;7.244;December 2023;Month +1
25-Nov-2023;Forward;7.873;January 2024;Month +2
25-Nov-2023;Forward;8.045;Q1 2024;Quarter +1
25-Nov-2023;Forward;7.535;Summer 2024;Season +1
25-Nov-2023;Forward;8.261;Winter 2024;Season +2
25-Nov-2023;Forward;7.898;Calendar 2024;Calendar +1
25-Nov-2023;Forward;7.603;Calendar 2025;Calendar +2
25-Nov-2023;Forward;7.092;Calendar 2026;Calendar +3
25-Nov-2023;Spot;7.370;25-Nov-2023;Spot
25-Nov-2023;PPA 40;7.365;10-Year Pay-as-Produced;PPA 40
25-Nov-2023;RED II;7.616;10-Year PPA Pay-as-Produced;RED II
24-Nov-2023;Forward;7.400;December 2023;Month +1
24-Nov-2023;Forward;7.972;January 2024;Month +2
24-Nov-2023;Forward;8.066;Q1 2024;Quarter +1
24-Nov-2023;Forward;7.544;Summer 2024;Season +1
24-Nov-2023;Forward;8.332;Winter 2024;Season +2
24-Nov-2023;Forward;7.938;Calendar 2024;Calendar +1
24-Nov-2023;Forward;7.578;Calendar 2025;Calendar +2
24-Nov-2023;Forward;7.025;Calendar 2026;Calendar +3
24-Nov-2023;Spot;5.445;24-Nov-2023;Spot
24-Nov-2023;PPA 40;7.334;10-Year Pay-as-Produced;PPA 40
24-Nov-2023;RED II;7.585;10-Year PPA Pay-as-Produced;RED II
23-Nov-2023;Forward;7.091;December 2023;Month +1
23-Nov-2023;Forward;7.751;January 2024;Month +2
23-Nov-2023;Forward;7.939;Q1 2024;Quarter +1
23-Nov-2023;Forward;7.417;Summer 2024;Season +1
23-Nov-2023;Forward;8.140;Winter 2024;Season +2
23-Nov-2023;Forward;7.778;Calendar 2024;Calendar +1
23-Nov-2023;Forward;7.533;Calendar 2025;Calendar +2
23-Nov-2023;Forward;6.980;Calendar 2026;Calendar +3
23-Nov-2023;Spot;5.743;23-Nov-2023;Spot
23-Nov-2023;PPA 40;7.301;10-Year Pay-as-Produced;PPA 40
23-Nov-2023;RED II;7.542;10-Year PPA Pay-as-Produced;RED II
22-Nov-2023;Forward;7.050;December 2023;Month +1
22-Nov-2023;Forward;7.705;January 2024;Month +2
22-Nov-2023;Forward;7.845;Q1 2024;Quarter +1
22-Nov-2023;Forward;7.417;Summer 2024;Season +1
22-Nov-2023;Forward;8.198;Winter 2024;Season +2
22-Nov-2023;Forward;7.808;Calendar 2024;Calendar +1
22-Nov-2023;Forward;7.546;Calendar 2025;Calendar +2
22-Nov-2023;Forward;7.029;Calendar 2026;Calendar +3
22-Nov-2023;Spot;7.647;22-Nov-2023;Spot
22-Nov-2023;PPA 40;7.332;10-Year Pay-as-Produced;PPA 40
22-Nov-2023;RED II;7.591;10-Year PPA Pay-as-Produced;RED II
21-Nov-2023;Forward;7.136;December 2023;Month +1
21-Nov-2023;Forward;7.932;January 2024;Month +2
21-Nov-2023;Forward;8.100;Q1 2024;Quarter +1
21-Nov-2023;Forward;7.673;Summer 2024;Season +1
21-Nov-2023;Forward;8.239;Winter 2024;Season +2
21-Nov-2023;Forward;7.956;Calendar 2024;Calendar +1
21-Nov-2023;Forward;7.632;Calendar 2025;Calendar +2
21-Nov-2023;Forward;7.147;Calendar 2026;Calendar +3
21-Nov-2023;Spot;8.131;21-Nov-2023;Spot
21-Nov-2023;PPA 40;7.388;10-Year Pay-as-Produced;PPA 40
21-Nov-2023;RED II;7.674;10-Year PPA Pay-as-Produced;RED II
20-Nov-2023;Spot;7.150;20-Nov-2023;Spot
19-Nov-2023;Spot;4.402;19-Nov-2023;Spot
18-Nov-2023;Forward;6.929;December 2023;Month +1
18-Nov-2023;Forward;7.628;January 2024;Month +2
18-Nov-2023;Forward;7.833;Q1 2024;Quarter +1
18-Nov-2023;Forward;7.482;Summer 2024;Season +1
18-Nov-2023;Forward;8.399;Winter 2024;Season +2
18-Nov-2023;Forward;7.941;Calendar 2024;Calendar +1
18-Nov-2023;Forward;7.704;Calendar 2025;Calendar +2
18-Nov-2023;Forward;7.176;Calendar 2026;Calendar +3
18-Nov-2023;Spot;7.343;18-Nov-2023;Spot
18-Nov-2023;PPA 40;7.410;10-Year Pay-as-Produced;PPA 40
18-Nov-2023;RED II;7.702;10-Year PPA Pay-as-Produced;RED II
17-Nov-2023;Forward;7.052;December 2023;Month +1
17-Nov-2023;Forward;7.920;January 2024;Month +2
17-Nov-2023;Forward;8.173;Q1 2024;Quarter +1
17-Nov-2023;Forward;7.693;Summer 2024;Season +1
17-Nov-2023;Forward;8.513;Winter 2024;Season +2
17-Nov-2023;Forward;8.103;Calendar 2024;Calendar +1
17-Nov-2023;Forward;7.693;Calendar 2025;Calendar +2
17-Nov-2023;Forward;7.149;Calendar 2026;Calendar +3
17-Nov-2023;Spot;8.543;17-Nov-2023;Spot
17-Nov-2023;PPA 40;7.399;10-Year Pay-as-Produced;PPA 40
17-Nov-2023;RED II;7.702;10-Year PPA Pay-as-Produced;RED II
16-Nov-2023;Forward;7.254;December 2023;Month +1
16-Nov-2023;Forward;8.152;January 2024;Month +2
16-Nov-2023;Forward;8.368;Q1 2024;Quarter +1
16-Nov-2023;Forward;7.854;Summer 2024;Season +1
16-Nov-2023;Forward;8.644;Winter 2024;Season +2
16-Nov-2023;Forward;8.249;Calendar 2024;Calendar +1
16-Nov-2023;Forward;7.815;Calendar 2025;Calendar +2
16-Nov-2023;Forward;7.204;Calendar 2026;Calendar +3
16-Nov-2023;Spot;7.933;16-Nov-2023;Spot
16-Nov-2023;PPA 40;7.455;10-Year Pay-as-Produced;PPA 40
16-Nov-2023;RED II;7.761;10-Year PPA Pay-as-Produced;RED II
15-Nov-2023;Forward;7.366;December 2023;Month +1
15-Nov-2023;Forward;8.254;January 2024;Month +2
15-Nov-2023;Forward;8.422;Q1 2024;Quarter +1
15-Nov-2023;Forward;7.862;Summer 2024;Season +1
15-Nov-2023;Forward;8.639;Winter 2024;Season +2
15-Nov-2023;Forward;8.251;Calendar 2024;Calendar +1
15-Nov-2023;Forward;7.757;Calendar 2025;Calendar +2
15-Nov-2023;Forward;7.199;Calendar 2026;Calendar +3
15-Nov-2023;Spot;7.108;15-Nov-2023;Spot
15-Nov-2023;PPA 40;7.441;10-Year Pay-as-Produced;PPA 40
15-Nov-2023;RED II;7.751;10-Year PPA Pay-as-Produced;RED II
14-Nov-2023;Forward;7.236;December 2023;Month +1
14-Nov-2023;Forward;8.293;January 2024;Month +2
14-Nov-2023;Forward;8.444;Q1 2024;Quarter +1
14-Nov-2023;Forward;7.852;Summer 2024;Season +1
14-Nov-2023;Forward;8.508;Winter 2024;Season +2
14-Nov-2023;Forward;8.180;Calendar 2024;Calendar +1
14-Nov-2023;Forward;7.696;Calendar 2025;Calendar +2
14-Nov-2023;Forward;7.221;Calendar 2026;Calendar +3
14-Nov-2023;Spot;5.051;14-Nov-2023;Spot
14-Nov-2023;PPA 40;7.452;10-Year Pay-as-Produced;PPA 40
14-Nov-2023;RED II;7.755;10-Year PPA Pay-as-Produced;RED II
13-Nov-2023;Spot;7.210;13-Nov-2023;Spot
12-Nov-2023;Spot;7.496;12-Nov-2023;Spot
11-Nov-2023;Forward;7.134;December 2023;Month +1
11-Nov-2023;Forward;8.425;January 2024;Month +2
11-Nov-2023;Forward;8.376;Q1 2024;Quarter +1
11-Nov-2023;Forward;7.794;Summer 2024;Season +1
11-Nov-2023;Forward;8.484;Winter 2024;Season +2
11-Nov-2023;Forward;8.139;Calendar 2024;Calendar +1
11-Nov-2023;Forward;7.755;Calendar 2025;Calendar +2
11-Nov-2023;Forward;7.257;Calendar 2026;Calendar +3
11-Nov-2023;Spot;7.541;11-Nov-2023;Spot
11-Nov-2023;PPA 40;7.487;10-Year Pay-as-Produced;PPA 40
11-Nov-2023;RED II;7.776;10-Year PPA Pay-as-Produced;RED II
10-Nov-2023;Forward;7.287;December 2023;Month +1
10-Nov-2023;Forward;8.311;January 2024;Month +2
10-Nov-2023;Forward;8.504;Q1 2024;Quarter +1
10-Nov-2023;Forward;7.898;Summer 2024;Season +1
10-Nov-2023;Forward;8.603;Winter 2024;Season +2
10-Nov-2023;Forward;8.250;Calendar 2024;Calendar +1
10-Nov-2023;Forward;7.694;Calendar 2025;Calendar +2
10-Nov-2023;Forward;7.266;Calendar 2026;Calendar +3
10-Nov-2023;Spot;7.117;10-Nov-2023;Spot
10-Nov-2023;PPA 40;7.470;10-Year Pay-as-Produced;PPA 40
10-Nov-2023;RED II;7.782;10-Year PPA Pay-as-Produced;RED II
09-Nov-2023;Forward;7.048;December 2023;Month +1
09-Nov-2023;Forward;8.163;January 2024;Month +2
09-Nov-2023;Forward;8.256;Q1 2024;Quarter +1
09-Nov-2023;Forward;7.682;Summer 2024;Season +1
09-Nov-2023;Forward;8.345;Winter 2024;Season +2
09-Nov-2023;Forward;8.013;Calendar 2024;Calendar +1
09-Nov-2023;Forward;7.539;Calendar 2025;Calendar +2
09-Nov-2023;Forward;7.155;Calendar 2026;Calendar +3
09-Nov-2023;Spot;6.978;9-Nov-2023;Spot
09-Nov-2023;PPA 40;7.354;10-Year Pay-as-Produced;PPA 40
09-Nov-2023;RED II;7.697;10-Year PPA Pay-as-Produced;RED II
08-Nov-2023;Forward;7.003;December 2023;Month +1
08-Nov-2023;Forward;8.336;January 2024;Month +2
08-Nov-2023;Forward;8.300;Q1 2024;Quarter +1
08-Nov-2023;Forward;7.750;Summer 2024;Season +1
08-Nov-2023;Forward;8.475;Winter 2024;Season +2
08-Nov-2023;Forward;8.112;Calendar 2024;Calendar +1
08-Nov-2023;Forward;7.599;Calendar 2025;Calendar +2
08-Nov-2023;Forward;7.116;Calendar 2026;Calendar +3
08-Nov-2023;Spot;6.775;8-Nov-2023;Spot
08-Nov-2023;PPA 40;7.374;10-Year Pay-as-Produced;PPA 40
08-Nov-2023;RED II;7.697;10-Year PPA Pay-as-Produced;RED II
07-Nov-2023;Forward;6.867;December 2023;Month +1
07-Nov-2023;Forward;8.026;January 2024;Month +2
07-Nov-2023;Forward;8.133;Q1 2024;Quarter +1
07-Nov-2023;Forward;7.645;Summer 2024;Season +1
07-Nov-2023;Forward;8.434;Winter 2024;Season +2
07-Nov-2023;Forward;8.039;Calendar 2024;Calendar +1
07-Nov-2023;Forward;7.553;Calendar 2025;Calendar +2
07-Nov-2023;Forward;7.190;Calendar 2026;Calendar +3
07-Nov-2023;Spot;7.119;7-Nov-2023;Spot
07-Nov-2023;PPA 40;7.382;10-Year Pay-as-Produced;PPA 40
07-Nov-2023;RED II;7.719;10-Year PPA Pay-as-Produced;RED II
06-Nov-2023;Spot;5.031;6-Nov-2023;Spot
05-Nov-2023;Spot;3.821;5-Nov-2023;Spot
04-Nov-2023;Forward;7.170;December 2023;Month +1
04-Nov-2023;Forward;8.466;January 2024;Month +2
04-Nov-2023;Forward;8.527;Q1 2024;Quarter +1
04-Nov-2023;Forward;7.970;Summer 2024;Season +1
04-Nov-2023;Forward;8.735;Winter 2024;Season +2
04-Nov-2023;Forward;8.353;Calendar 2024;Calendar +1
04-Nov-2023;Forward;7.797;Calendar 2025;Calendar +2
04-Nov-2023;Forward;7.337;Calendar 2026;Calendar +3
04-Nov-2023;Spot;3.534;4-Nov-2023;Spot
04-Nov-2023;PPA 40;7.491;10-Year Pay-as-Produced;PPA 40
04-Nov-2023;RED II;7.846;10-Year PPA Pay-as-Produced;RED II
03-Nov-2023;Forward;7.176;December 2023;Month +1
03-Nov-2023;Forward;8.528;January 2024;Month +2
03-Nov-2023;Forward;8.579;Q1 2024;Quarter +1
03-Nov-2023;Forward;7.977;Summer 2024;Season +1
03-Nov-2023;Forward;8.645;Winter 2024;Season +2
03-Nov-2023;Forward;8.311;Calendar 2024;Calendar +1
03-Nov-2023;Forward;7.696;Calendar 2025;Calendar +2
03-Nov-2023;Forward;7.234;Calendar 2026;Calendar +3
03-Nov-2023;Spot;4.725;3-Nov-2023;Spot
03-Nov-2023;PPA 40;7.436;10-Year Pay-as-Produced;PPA 40
03-Nov-2023;RED II;7.787;10-Year PPA Pay-as-Produced;RED II
02-Nov-2023;Forward;7.303;December 2023;Month +1
02-Nov-2023;Forward;8.285;January 2024;Month +2
02-Nov-2023;Forward;8.407;Q1 2024;Quarter +1
02-Nov-2023;Forward;7.900;Summer 2024;Season +1
02-Nov-2023;Forward;8.570;Winter 2024;Season +2
02-Nov-2023;Forward;8.235;Calendar 2024;Calendar +1
02-Nov-2023;Forward;7.628;Calendar 2025;Calendar +2
02-Nov-2023;Forward;7.238;Calendar 2026;Calendar +3
02-Nov-2023;Spot;5.602;2-Nov-2023;Spot
02-Nov-2023;PPA 40;7.424;10-Year Pay-as-Produced;PPA 40
02-Nov-2023;RED II;7.776;10-Year PPA Pay-as-Produced;RED II
01-Nov-2023;Forward;6.725;November 2023;Month +1
01-Nov-2023;Forward;7.408;December 2023;Month +2
01-Nov-2023;Forward;8.594;Q1 2024;Quarter +1
01-Nov-2023;Forward;8.062;Summer 2024;Season +1
01-Nov-2023;Forward;8.515;Winter 2024;Season +2
01-Nov-2023;Forward;8.289;Calendar 2024;Calendar +1
01-Nov-2023;Forward;7.653;Calendar 2025;Calendar +2
01-Nov-2023;Forward;7.219;Calendar 2026;Calendar +3
01-Nov-2023;Spot;5.433;1-Nov-2023;Spot
01-Nov-2023;PPA 40;7.376;10-Year Pay-as-Produced;PPA 40
01-Nov-2023;RED II;7.766;10-Year PPA Pay-as-Produced;RED II
31-Oct-2023;Forward;7.508;November 2023;Month +1
31-Oct-2023;Forward;7.925;December 2023;Month +2
31-Oct-2023;Forward;9.067;Q1 2024;Quarter +1
31-Oct-2023;Forward;8.402;Summer 2024;Season +1
31-Oct-2023;Forward;8.902;Winter 2024;Season +2
31-Oct-2023;Forward;8.652;Calendar 2024;Calendar +1
31-Oct-2023;Forward;7.921;Calendar 2025;Calendar +2
31-Oct-2023;Forward;7.348;Calendar 2026;Calendar +3
31-Oct-2023;Spot;7.322;31-Oct-2023;Spot
31-Oct-2023;PPA 40;7.513;10-Year Pay-as-Produced;PPA 40
31-Oct-2023;RED II;7.900;10-Year PPA Pay-as-Produced;RED II
30-Oct-2023;Spot;5.626;30-Oct-2023;Spot
29-Oct-2023;Spot;4.605;29-Oct-2023;Spot
28-Oct-2023;Forward;7.590;November 2023;Month +1
28-Oct-2023;Forward;8.005;December 2023;Month +2
28-Oct-2023;Forward;9.043;Q1 2024;Quarter +1
28-Oct-2023;Forward;8.389;Summer 2024;Season +1
28-Oct-2023;Forward;8.929;Winter 2024;Season +2
28-Oct-2023;Forward;8.659;Calendar 2024;Calendar +1
28-Oct-2023;Forward;7.975;Calendar 2025;Calendar +2
28-Oct-2023;Forward;7.388;Calendar 2026;Calendar +3
28-Oct-2023;Spot;6.640;28-Oct-2023;Spot
28-Oct-2023;PPA 40;7.551;10-Year Pay-as-Produced;PPA 40
28-Oct-2023;RED II;7.931;10-Year PPA Pay-as-Produced;RED II
27-Oct-2023;Forward;7.665;November 2023;Month +1
27-Oct-2023;Forward;8.180;December 2023;Month +2
27-Oct-2023;Forward;8.975;Q1 2024;Quarter +1
27-Oct-2023;Forward;8.349;Summer 2024;Season +1
27-Oct-2023;Forward;8.954;Winter 2024;Season +2
27-Oct-2023;Forward;8.651;Calendar 2024;Calendar +1
27-Oct-2023;Forward;7.975;Calendar 2025;Calendar +2
27-Oct-2023;Forward;7.382;Calendar 2026;Calendar +3
27-Oct-2023;Spot;8.049;27-Oct-2023;Spot
27-Oct-2023;PPA 40;7.546;10-Year Pay-as-Produced;PPA 40
27-Oct-2023;RED II;7.921;10-Year PPA Pay-as-Produced;RED II
26-Oct-2023;Forward;7.841;November 2023;Month +1
26-Oct-2023;Forward;8.108;December 2023;Month +2
26-Oct-2023;Forward;8.951;Q1 2024;Quarter +1
26-Oct-2023;Forward;8.316;Summer 2024;Season +1
26-Oct-2023;Forward;8.926;Winter 2024;Season +2
26-Oct-2023;Forward;8.621;Calendar 2024;Calendar +1
26-Oct-2023;Forward;7.931;Calendar 2025;Calendar +2
26-Oct-2023;Forward;7.331;Calendar 2026;Calendar +3
26-Oct-2023;Spot;8.115;26-Oct-2023;Spot
26-Oct-2023;PPA 40;7.531;10-Year Pay-as-Produced;PPA 40
26-Oct-2023;RED II;7.889;10-Year PPA Pay-as-Produced;RED II
25-Oct-2023;Forward;8.003;November 2023;Month +1
25-Oct-2023;Forward;8.230;December 2023;Month +2
25-Oct-2023;Forward;9.195;Q1 2024;Quarter +1
25-Oct-2023;Forward;8.498;Summer 2024;Season +1
25-Oct-2023;Forward;9.058;Winter 2024;Season +2
25-Oct-2023;Forward;8.778;Calendar 2024;Calendar +1
25-Oct-2023;Forward;7.938;Calendar 2025;Calendar +2
25-Oct-2023;Forward;7.330;Calendar 2026;Calendar +3
25-Oct-2023;Spot;8.162;25-Oct-2023;Spot
25-Oct-2023;PPA 40;7.555;10-Year Pay-as-Produced;PPA 40
25-Oct-2023;RED II;7.900;10-Year PPA Pay-as-Produced;RED II
24-Oct-2023;Forward;8.304;November 2023;Month +1
24-Oct-2023;Forward;8.514;December 2023;Month +2
24-Oct-2023;Forward;9.579;Q1 2024;Quarter +1
24-Oct-2023;Forward;8.808;Summer 2024;Season +1
24-Oct-2023;Forward;9.277;Winter 2024;Season +2
24-Oct-2023;Forward;9.042;Calendar 2024;Calendar +1
24-Oct-2023;Forward;8.049;Calendar 2025;Calendar +2
24-Oct-2023;Forward;7.412;Calendar 2026;Calendar +3
24-Oct-2023;Spot;8.259;24-Oct-2023;Spot
24-Oct-2023;PPA 40;7.621;10-Year Pay-as-Produced;PPA 40
24-Oct-2023;RED II;7.976;10-Year PPA Pay-as-Produced;RED II
23-Oct-2023;Forward;8.411;November 2023;Month +1
23-Oct-2023;Forward;8.657;December 2023;Month +2
23-Oct-2023;Forward;9.509;Q1 2024;Quarter +1
23-Oct-2023;Forward;8.753;Summer 2024;Season +1
23-Oct-2023;Forward;9.204;Winter 2024;Season +2
23-Oct-2023;Forward;8.979;Calendar 2024;Calendar +1
23-Oct-2023;Forward;8.054;Calendar 2025;Calendar +2
23-Oct-2023;Forward;7.377;Calendar 2026;Calendar +3
23-Oct-2023;Spot;8.195;23-Oct-2023;Spot
23-Oct-2023;PPA 40;7.613;10-Year Pay as Produced;PPA 40
23-Oct-2023;RED II;7.955;10-Year PPA Pay as Produced;RED II
22-Oct-2023;Spot;5.528;22-Oct-2023;Spot
21-Oct-2023;Forward;8.124;November 2023;Month +1
21-Oct-2023;Forward;8.370;December 2023;Month +2
21-Oct-2023;Forward;9.222;Q1 2024;Quarter +1
21-Oct-2023;Forward;8.466;Summer 2024;Season +1
21-Oct-2023;Forward;8.917;Winter 2024;Season +2
21-Oct-2023;Forward;8.692;Calendar 2024;Calendar +1
21-Oct-2023;Forward;7.807;Calendar 2025;Calendar +2
21-Oct-2023;Forward;7.130;Calendar 2026;Calendar +3
21-Oct-2023;Spot;5.163;21-Oct-2023;Spot
21-Oct-2023;PPA 40;6.257;10-Year Pay-as-Produced;PPA 40
21-Oct-2023;RED II;6.172;10-Year PPA Pay-as-Produced;RED II
20-Oct-2023;Forward;8.109;November 2023;Month +1
20-Oct-2023;Forward;8.338;December 2023;Month +2
20-Oct-2023;Forward;9.281;Q1 2024;Quarter +1
20-Oct-2023;Forward;8.481;Summer 2024;Season +1
20-Oct-2023;Forward;8.933;Winter 2024;Season +2
20-Oct-2023;Forward;8.707;Calendar 2024;Calendar +1
20-Oct-2023;Forward;7.782;Calendar 2025;Calendar +2
20-Oct-2023;Forward;7.077;Calendar 2026;Calendar +3
20-Oct-2023;Spot;6.970;20-Oct-2023;Spot
20-Oct-2023;PPA 40;6.240;10-Year Pay-as-Produced;PPA 40
20-Oct-2023;RED II;6.172;10-Year PPA Pay-as-Produced;RED II
19-Oct-2023;Forward;8.262;November 2023;Month +1
19-Oct-2023;Forward;8.469;December 2023;Month +2
19-Oct-2023;Forward;9.351;Q1 2024;Quarter +1
19-Oct-2023;Forward;8.532;Summer 2024;Season +1
19-Oct-2023;Forward;8.927;Winter 2024;Season +2
19-Oct-2023;Forward;8.730;Calendar 2024;Calendar +1
19-Oct-2023;Forward;7.966;Calendar 2025;Calendar +2
19-Oct-2023;Forward;7.033;Calendar 2026;Calendar +3
19-Oct-2023;Spot;7.388;19-Oct-2023;Spot
19-Oct-2023;PPA 40;6.263;10-Year Pay-as-Produced;PPA 40
19-Oct-2023;RED II;6.183;10-Year PPA Pay-as-Produced;RED II
18-Oct-2023;Forward;8.034;November 2023;Month +1
18-Oct-2023;Forward;8.299;December 2023;Month +2
18-Oct-2023;Forward;9.168;Q1 2024;Quarter +1
18-Oct-2023;Forward;8.389;Summer 2024;Season +1
18-Oct-2023;Forward;8.875;Winter 2024;Season +2
18-Oct-2023;Forward;8.632;Calendar 2024;Calendar +1
18-Oct-2023;Forward;7.944;Calendar 2025;Calendar +2
18-Oct-2023;Forward;7.158;Calendar 2026;Calendar +3
18-Oct-2023;Spot;7.303;18-Oct-2023;Spot
18-Oct-2023;PPA 40;6.291;10-Year Pay-as-Produced;PPA 40
18-Oct-2023;RED II;6.178;10-Year PPA Pay-as-Produced;RED II
17-Oct-2023;Forward;7.930;November 2023;Month +1
17-Oct-2023;Forward;8.241;December 2023;Month +2
17-Oct-2023;Forward;9.151;Q1 2024;Quarter +1
17-Oct-2023;Forward;8.373;Summer 2024;Season +1
17-Oct-2023;Forward;8.912;Winter 2024;Season +2
17-Oct-2023;Forward;8.643;Calendar 2024;Calendar +1
17-Oct-2023;Forward;7.985;Calendar 2025;Calendar +2
17-Oct-2023;Forward;7.049;Calendar 2026;Calendar +3
17-Oct-2023;Spot;8.838;17-Oct-2023;Spot
17-Oct-2023;PPA 40;6.278;10-Year Pay-as-Produced;PPA 40
17-Oct-2023;RED II;6.178;10-Year PPA Pay-as-Produced;RED II
16-Oct-2023;Spot;8.016;16-Oct-2023;Spot
15-Oct-2023;Spot;5.319;15-Oct-2023;Spot
14-Oct-2023;Forward;8.824;November 2023;Month +1
14-Oct-2023;Forward;8.860;December 2023;Month +2
14-Oct-2023;Forward;9.734;Q1 2024;Quarter +1
14-Oct-2023;Forward;8.851;Summer 2024;Season +1
14-Oct-2023;Forward;9.166;Winter 2024;Season +2
14-Oct-2023;Forward;9.008;Calendar 2024;Calendar +1
14-Oct-2023;Forward;8.170;Calendar 2025;Calendar +2
14-Oct-2023;Forward;7.185;Calendar 2026;Calendar +3
14-Oct-2023;Spot;6.723;14-Oct-2023;Spot
14-Oct-2023;PPA 40;6.361;10-Year Pay-as-Produced;PPA 40
14-Oct-2023;RED II;6.223;10-Year PPA Pay-as-Produced;RED II
13-Oct-2023;Forward;8.555;November 2023;Month +1
13-Oct-2023;Forward;8.633;December 2023;Month +2
13-Oct-2023;Forward;9.475;Q1 2024;Quarter +1
13-Oct-2023;Forward;8.647;Summer 2024;Season +1
13-Oct-2023;Forward;9.010;Winter 2024;Season +2
13-Oct-2023;Forward;8.829;Calendar 2024;Calendar +1
13-Oct-2023;Forward;8.191;Calendar 2025;Calendar +2
13-Oct-2023;Forward;7.218;Calendar 2026;Calendar +3
13-Oct-2023;Spot;8.107;13-Oct-2023;Spot
13-Oct-2023;PPA 40;6.381;10-Year Pay-as-Produced;PPA 40
13-Oct-2023;RED II;6.211;10-Year PPA Pay-as-Produced;RED II
12-Oct-2023;Forward;7.930;November 2023;Month +1
12-Oct-2023;Forward;8.137;December 2023;Month +2
12-Oct-2023;Forward;8.940;Q1 2024;Quarter +1
12-Oct-2023;Forward;8.197;Summer 2024;Season +1
12-Oct-2023;Forward;8.664;Winter 2024;Season +2
12-Oct-2023;Forward;8.430;Calendar 2024;Calendar +1
12-Oct-2023;Forward;8.055;Calendar 2025;Calendar +2
12-Oct-2023;Forward;7.242;Calendar 2026;Calendar +3
12-Oct-2023;Spot;8.011;12-Oct-2023;Spot
12-Oct-2023;PPA 40;6.343;10-Year Pay-as-Produced;PPA 40
12-Oct-2023;RED II;6.172;10-Year PPA Pay-as-Produced;RED II
11-Oct-2023;Forward;8.298;November 2023;Month +1
11-Oct-2023;Forward;8.510;December 2023;Month +2
11-Oct-2023;Forward;9.155;Q1 2024;Quarter +1
11-Oct-2023;Forward;8.394;Summer 2024;Season +1
11-Oct-2023;Forward;8.755;Winter 2024;Season +2
11-Oct-2023;Forward;8.575;Calendar 2024;Calendar +1
11-Oct-2023;Forward;8.080;Calendar 2025;Calendar +2
11-Oct-2023;Forward;7.272;Calendar 2026;Calendar +3
11-Oct-2023;Spot;6.884;11-Oct-2023;Spot
11-Oct-2023;PPA 40;6.378;10-Year Pay-as-Produced;PPA 40
11-Oct-2023;RED II;6.187;10-Year PPA Pay-as-Produced;RED II
10-Oct-2023;Forward;7.685;November 2023;Month +1
10-Oct-2023;Forward;7.329;December 2023;Month +2
10-Oct-2023;Forward;8.625;Q1 2024;Quarter +1
10-Oct-2023;Forward;7.940;Summer 2024;Season +1
10-Oct-2023;Forward;8.390;Winter 2024;Season +2
10-Oct-2023;Forward;8.165;Calendar 2024;Calendar +1
10-Oct-2023;Forward;7.811;Calendar 2025;Calendar +2
10-Oct-2023;Forward;7.229;Calendar 2026;Calendar +3
10-Oct-2023;Spot;7.953;10-Oct-2023;Spot
10-Oct-2023;PPA 40;6.268;10-Year Pay-as-Produced;PPA 40
10-Oct-2023;RED II;6.127;10-Year PPA Pay-as-Produced;RED II
09-Oct-2023;Spot;7.250;9-Oct-2023;Spot
08-Oct-2023;Spot;6.791;8-Oct-2023;Spot
07-Oct-2023;Forward;7.079;November 2023;Month +1
07-Oct-2023;Forward;7.549;December 2023;Month +2
07-Oct-2023;Forward;8.170;Q1 2024;Quarter +1
07-Oct-2023;Forward;7.536;Summer 2024;Season +1
07-Oct-2023;Forward;8.143;Winter 2024;Season +2
07-Oct-2023;Forward;7.840;Calendar 2024;Calendar +1
07-Oct-2023;Forward;7.652;Calendar 2025;Calendar +2
07-Oct-2023;Forward;7.045;Calendar 2026;Calendar +3
07-Oct-2023;Spot;5.228;7-Oct-2023;Spot
07-Oct-2023;PPA 40;6.194;10-Year Pay-as-Produced;PPA 40
07-Oct-2023;RED II;6.089;10-Year PPA Pay-as-Produced;RED II
06-Oct-2023;Forward;7.028;November 2023;Month +1
06-Oct-2023;Forward;7.382;December 2023;Month +2
06-Oct-2023;Forward;7.913;Q1 2024;Quarter +1
06-Oct-2023;Forward;7.343;Summer 2024;Season +1
06-Oct-2023;Forward;8.107;Winter 2024;Season +2
06-Oct-2023;Forward;7.725;Calendar 2024;Calendar +1
06-Oct-2023;Forward;7.560;Calendar 2025;Calendar +2
06-Oct-2023;Forward;7.004;Calendar 2026;Calendar +3
06-Oct-2023;Spot;6.867;6-Oct-2023;Spot
06-Oct-2023;PPA 40;6.169;10-Year Pay-as-Produced;PPA 40
06-Oct-2023;RED II;6.072;10-Year PPA Pay-as-Produced;RED II
05-Oct-2023;Forward;7.103;November 2023;Month +1
05-Oct-2023;Forward;7.520;December 2023;Month +2
05-Oct-2023;Forward;8.049;Q1 2024;Quarter +1
05-Oct-2023;Forward;7.499;Summer 2024;Season +1
05-Oct-2023;Forward;8.173;Winter 2024;Season +2
05-Oct-2023;Forward;7.836;Calendar 2024;Calendar +1
05-Oct-2023;Forward;7.598;Calendar 2025;Calendar +2
05-Oct-2023;Forward;7.028;Calendar 2026;Calendar +3
05-Oct-2023;Spot;7.094;5-Oct-2023;Spot
05-Oct-2023;PPA 40;6.191;10-Year Pay-as-Produced;PPA 40
05-Oct-2023;RED II;6.084;10-Year PPA Pay-as-Produced;RED II
04-Oct-2023;Forward;7.035;November 2023;Month +1
04-Oct-2023;Forward;7.391;December 2023;Month +2
04-Oct-2023;Forward;7.901;Q1 2024;Quarter +1
04-Oct-2023;Forward;7.362;Summer 2024;Season +1
04-Oct-2023;Forward;8.046;Winter 2024;Season +2
04-Oct-2023;Forward;7.704;Calendar 2024;Calendar +1
04-Oct-2023;Forward;7.463;Calendar 2025;Calendar +2
04-Oct-2023;Forward;7.034;Calendar 2026;Calendar +3
04-Oct-2023;Spot;5.113;4-Oct-2023;Spot
04-Oct-2023;PPA 40;6.099;10-Year Pay-as-Produced;PPA 40
04-Oct-2023;RED II;6.067;10-Year PPA Pay-as-Produced;RED II
03-Oct-2023;Forward;7.251;November 2023;Month +1
03-Oct-2023;Forward;7.520;December 2023;Month +2
03-Oct-2023;Forward;8.094;Q1 2024;Quarter +1
03-Oct-2023;Forward;7.515;Summer 2024;Season +1
03-Oct-2023;Forward;8.181;Winter 2024;Season +2
03-Oct-2023;Forward;7.848;Calendar 2024;Calendar +1
03-Oct-2023;Forward;7.623;Calendar 2025;Calendar +2
03-Oct-2023;Forward;7.198;Calendar 2026;Calendar +3
03-Oct-2023;Spot;5.909;3-Oct-2023;Spot
03-Oct-2023;PPA 40;6.208;10-Year Pay-as-Produced;PPA 40
03-Oct-2023;RED II;6.095;10-Year PPA Pay-as-Produced;RED II
02-Oct-2023;Spot;7.548;2-Oct-2023;Spot
01-Oct-2023;Spot;5.948;1-Oct-2023;Spot
30-Sep-2023;Forward;6.602;October 2023;Month +1
30-Sep-2023;Forward;7.577;November 2023;Month +2
30-Sep-2023;Forward;7.297;Q4 2023;Quarter +1
30-Sep-2023;Forward;7.743;Winter 2023;Season +1
30-Sep-2023;Forward;7.483;Summer 2024;Season +2
30-Sep-2023;Forward;8.024;Calendar 2024;Calendar +1
30-Sep-2023;Forward;7.751;Calendar 2025;Calendar +2
30-Sep-2023;Forward;7.232;Calendar 2026;Calendar +3
30-Sep-2023;Spot;6.949;30-Sep-2023;Spot
30-Sep-2023;PPA 40;6.237;10-Year Pay-as-Produced;PPA 40
30-Sep-2023;RED II;6.121;10-Year PPA Pay-as-Produced;RED II
29-Sep-2023;Forward;6.782;October 2023;Month +1
29-Sep-2023;Forward;7.824;November 2023;Month +2
29-Sep-2023;Forward;7.466;Q4 2023;Quarter +1
29-Sep-2023;Forward;7.847;Winter 2023;Season +1
29-Sep-2023;Forward;7.632;Summer 2024;Season +2
29-Sep-2023;Forward;8.160;Calendar 2024;Calendar +1
29-Sep-2023;Forward;7.756;Calendar 2025;Calendar +2
29-Sep-2023;Forward;7.238;Calendar 2026;Calendar +3
29-Sep-2023;Spot;7.395;29-Sep-2023;Spot
29-Sep-2023;PPA 40;6.278;10-Year Pay-as-Produced;PPA 40
29-Sep-2023;RED II;6.133;10-Year PPA Pay-as-Produced;RED II
28-Sep-2023;Forward;6.738;October 2023;Month +1
28-Sep-2023;Forward;7.808;November 2023;Month +2
28-Sep-2023;Forward;7.488;Q4 2023;Quarter +1
28-Sep-2023;Forward;7.928;Winter 2023;Season +1
28-Sep-2023;Forward;7.643;Summer 2024;Season +2
28-Sep-2023;Forward;8.184;Calendar 2024;Calendar +1
28-Sep-2023;Forward;7.785;Calendar 2025;Calendar +2
28-Sep-2023;Forward;7.205;Calendar 2026;Calendar +3
28-Sep-2023;Spot;7.028;28-Sep-2023;Spot
28-Sep-2023;PPA 40;6.281;10-Year Pay-as-Produced;PPA 40
28-Sep-2023;RED II;6.133;10-Year PPA Pay-as-Produced;RED II
27-Sep-2023;Forward;6.911;October 2023;Month +1
27-Sep-2023;Forward;7.864;November 2023;Month +2
27-Sep-2023;Forward;7.561;Q4 2023;Quarter +1
27-Sep-2023;Forward;7.959;Winter 2023;Season +1
27-Sep-2023;Forward;7.679;Summer 2024;Season +2
27-Sep-2023;Forward;8.237;Calendar 2024;Calendar +1
27-Sep-2023;Forward;7.787;Calendar 2025;Calendar +2
27-Sep-2023;Forward;7.176;Calendar 2026;Calendar +3
27-Sep-2023;Spot;7.495;27-Sep-2023;Spot
27-Sep-2023;PPA 40;6.315;10-Year Pay-as-Produced;PPA 40
27-Sep-2023;RED II;6.138;10-Year PPA Pay-as-Produced;RED II
26-Sep-2023;Forward;7.274;October 2023;Month +1
26-Sep-2023;Forward;8.085;November 2023;Month +2
26-Sep-2023;Forward;7.861;Q4 2023;Quarter +1
26-Sep-2023;Forward;8.271;Winter 2023;Season +1
26-Sep-2023;Forward;7.939;Summer 2024;Season +2
26-Sep-2023;Forward;8.494;Calendar 2024;Calendar +1
26-Sep-2023;Forward;8.003;Calendar 2025;Calendar +2
26-Sep-2023;Forward;7.261;Calendar 2026;Calendar +3
26-Sep-2023;Spot;7.851;26-Sep-2023;Spot
26-Sep-2023;PPA 40;6.384;10-Year Pay-as-Produced;PPA 40
26-Sep-2023;RED II;6.178;10-Year PPA Pay-as-Produced;RED II
25-Sep-2023;Spot;5.016;25-Sep-2023;Spot
24-Sep-2023;Spot;5.647;24-Sep-2023;Spot
23-Sep-2023;Forward;7.010;October 2023;Month +1
23-Sep-2023;Forward;7.868;November 2023;Month +2
23-Sep-2023;Forward;7.679;Q4 2023;Quarter +1
23-Sep-2023;Forward;8.142;Winter 2023;Season +1
23-Sep-2023;Forward;7.830;Summer 2024;Season +2
23-Sep-2023;Forward;8.373;Calendar 2024;Calendar +1
23-Sep-2023;Forward;7.903;Calendar 2025;Calendar +2
23-Sep-2023;Forward;7.195;Calendar 2026;Calendar +3
23-Sep-2023;Spot;7.466;23-Sep-2023;Spot
23-Sep-2023;PPA 40;6.355;10-Year Pay-as-Produced;PPA 40
23-Sep-2023;RED II;6.161;10-Year PPA Pay-as-Produced;RED II
22-Sep-2023;Forward;6.932;October 2023;Month +1
22-Sep-2023;Forward;7.853;November 2023;Month +2
22-Sep-2023;Forward;7.628;Q4 2023;Quarter +1
22-Sep-2023;Forward;8.109;Winter 2023;Season +1
22-Sep-2023;Forward;7.842;Summer 2024;Season +2
22-Sep-2023;Forward;8.365;Calendar 2024;Calendar +1
22-Sep-2023;Forward;7.892;Calendar 2025;Calendar +2
22-Sep-2023;Forward;7.183;Calendar 2026;Calendar +3
22-Sep-2023;Spot;7.118;22-Sep-2023;Spot
22-Sep-2023;PPA 40;6.297;10-Year Pay-as-Produced;PPA 40
22-Sep-2023;RED II;6.155;10-Year PPA Pay-as-Produced;RED II
21-Sep-2023;Forward;6.774;October 2023;Month +1
21-Sep-2023;Forward;7.779;November 2023;Month +2
21-Sep-2023;Forward;7.545;Q4 2023;Quarter +1
21-Sep-2023;Forward;8.028;Winter 2023;Season +1
21-Sep-2023;Forward;7.813;Summer 2024;Season +2
21-Sep-2023;Forward;8.340;Calendar 2024;Calendar +1
21-Sep-2023;Forward;7.897;Calendar 2025;Calendar +2
21-Sep-2023;Forward;7.186;Calendar 2026;Calendar +3
21-Sep-2023;Spot;6.657;21-Sep-2023;Spot
21-Sep-2023;PPA 40;6.337;10-Year Pay-as-Produced;PPA 40
21-Sep-2023;RED II;6.155;10-Year PPA Pay-as-Produced;RED II
20-Sep-2023;Forward;6.726;October 2023;Month +1
20-Sep-2023;Forward;7.839;November 2023;Month +2
20-Sep-2023;Forward;7.586;Q4 2023;Quarter +1
20-Sep-2023;Forward;8.042;Winter 2023;Season +1
20-Sep-2023;Forward;7.921;Summer 2024;Season +2
20-Sep-2023;Forward;8.387;Calendar 2024;Calendar +1
20-Sep-2023;Forward;7.910;Calendar 2025;Calendar +2
20-Sep-2023;Forward;7.133;Calendar 2026;Calendar +3
20-Sep-2023;Spot;5.570;20-Sep-2023;Spot
20-Sep-2023;PPA 40;6.345;10-Year Pay-as-Produced;PPA 40
20-Sep-2023;RED II;6.161;10-Year PPA Pay-as-Produced;RED II
19-Sep-2023;Forward;6.526;October 2023;Month +1
19-Sep-2023;Forward;7.714;November 2023;Month +2
19-Sep-2023;Forward;7.449;Q4 2023;Quarter +1
19-Sep-2023;Forward;7.976;Winter 2023;Season +1
19-Sep-2023;Forward;7.904;Summer 2024;Season +2
19-Sep-2023;Forward;8.388;Calendar 2024;Calendar +1
19-Sep-2023;Forward;7.860;Calendar 2025;Calendar +2
19-Sep-2023;Forward;7.206;Calendar 2026;Calendar +3
19-Sep-2023;Spot;4.338;19-Sep-2023;Spot
19-Sep-2023;PPA 40;6.366;10-Year Pay-as-Produced;PPA 40
19-Sep-2023;RED II;6.161;10-Year PPA Pay-as-Produced;RED II
18-Sep-2023;Spot;6.886;18-Sep-2023;Spot
17-Sep-2023;Spot;6.596;17-Sep-2023;Spot
16-Sep-2023;Forward;6.635;October 2023;Month +1
16-Sep-2023;Forward;8.063;November 2023;Month +2
16-Sep-2023;Forward;7.738;Q4 2023;Quarter +1
16-Sep-2023;Forward;8.270;Winter 2023;Season +1
16-Sep-2023;Forward;8.086;Summer 2024;Season +2
16-Sep-2023;Forward;8.629;Calendar 2024;Calendar +1
16-Sep-2023;Forward;7.949;Calendar 2025;Calendar +2
16-Sep-2023;Forward;7.288;Calendar 2026;Calendar +3
16-Sep-2023;Spot;7.045;16-Sep-2023;Spot
16-Sep-2023;PPA 40;6.410;10-Year Pay-as-Produced;PPA 40
16-Sep-2023;RED II;6.187;10-Year PPA Pay-as-Produced;RED II
15-Sep-2023;Forward;6.586;October 2023;Month +1
15-Sep-2023;Forward;8.047;November 2023;Month +2
15-Sep-2023;Forward;7.673;Q4 2023;Quarter +1
15-Sep-2023;Forward;8.166;Winter 2023;Season +1
15-Sep-2023;Forward;8.116;Summer 2024;Season +2
15-Sep-2023;Forward;8.574;Calendar 2024;Calendar +1
15-Sep-2023;Forward;8.034;Calendar 2025;Calendar +2
15-Sep-2023;Forward;7.281;Calendar 2026;Calendar +3
15-Sep-2023;Spot;7.428;15-Sep-2023;Spot
15-Sep-2023;PPA 40;6.416;10-Year Pay-as-Produced;PPA 40
15-Sep-2023;RED II;6.189;10-Year PPA Pay-as-Produced;RED II
14-Sep-2023;Forward;6.774;October 2023;Month +1
14-Sep-2023;Forward;8.275;November 2023;Month +2
14-Sep-2023;Forward;7.891;Q4 2023;Quarter +1
14-Sep-2023;Forward;8.345;Winter 2023;Season +1
14-Sep-2023;Forward;8.132;Summer 2024;Season +2
14-Sep-2023;Forward;8.634;Calendar 2024;Calendar +1
14-Sep-2023;Forward;8.110;Calendar 2025;Calendar +2
14-Sep-2023;Forward;7.297;Calendar 2026;Calendar +3
14-Sep-2023;Spot;7.630;14-Sep-2023;Spot
14-Sep-2023;PPA 40;6.437;10-Year Pay-as-Produced;PPA 40
14-Sep-2023;RED II;6.198;10-Year PPA Pay-as-Produced;RED II
13-Sep-2023;Forward;6.513;October 2023;Month +1
13-Sep-2023;Forward;7.965;November 2023;Month +2
13-Sep-2023;Forward;7.583;Q4 2023;Quarter +1
13-Sep-2023;Forward;8.100;Winter 2023;Season +1
13-Sep-2023;Forward;8.043;Summer 2024;Season +2
13-Sep-2023;Forward;8.490;Calendar 2024;Calendar +1
13-Sep-2023;Forward;8.074;Calendar 2025;Calendar +2
13-Sep-2023;Forward;7.326;Calendar 2026;Calendar +3
13-Sep-2023;Spot;7.621;13-Sep-2023;Spot
13-Sep-2023;PPA 40;6.412;10-Year Pay-as-Produced;PPA 40
13-Sep-2023;RED II;6.187;10-Year PPA Pay-as-Produced;RED II
12-Sep-2023;Forward;6.584;October 2023;Month +1
12-Sep-2023;Forward;8.002;November 2023;Month +2
12-Sep-2023;Forward;7.611;Q4 2023;Quarter +1
12-Sep-2023;Forward;8.095;Winter 2023;Season +1
12-Sep-2023;Forward;8.115;Summer 2024;Season +2
12-Sep-2023;Forward;8.577;Calendar 2024;Calendar +1
12-Sep-2023;Forward;8.056;Calendar 2025;Calendar +2
12-Sep-2023;Forward;7.379;Calendar 2026;Calendar +3
12-Sep-2023;Spot;7.952;12-Sep-2023;Spot
12-Sep-2023;PPA 40;6.403;10-Year Pay-as-Produced;PPA 40
12-Sep-2023;RED II;6.198;10-Year PPA Pay-as-Produced;RED II
11-Sep-2023;Spot;8.415;11-Sep-2023;Spot
10-Sep-2023;Spot;6.540;10-Sep-2023;Spot
09-Sep-2023;Forward;6.464;October 2023;Month +1
09-Sep-2023;Forward;7.917;November 2023;Month +2
09-Sep-2023;Forward;7.514;Q4 2023;Quarter +1
09-Sep-2023;Forward;8.029;Winter 2023;Season +1
09-Sep-2023;Forward;8.123;Summer 2024;Season +2
09-Sep-2023;Forward;8.540;Calendar 2024;Calendar +1
09-Sep-2023;Forward;8.061;Calendar 2025;Calendar +2
09-Sep-2023;Forward;7.370;Calendar 2026;Calendar +3
09-Sep-2023;Spot;7.026;9-Sep-2023;Spot
09-Sep-2023;PPA 40;6.394;10-Year Pay-as-Produced;PPA 40
09-Sep-2023;RED II;6.195;10-Year PPA Pay-as-Produced;RED II
08-Sep-2023;Forward;6.260;October 2023;Month +1
08-Sep-2023;Forward;7.739;November 2023;Month +2
08-Sep-2023;Forward;7.311;Q4 2023;Quarter +1
08-Sep-2023;Forward;7.944;Winter 2023;Season +1
08-Sep-2023;Forward;8.054;Summer 2024;Season +2
08-Sep-2023;Forward;8.592;Calendar 2024;Calendar +1
08-Sep-2023;Forward;8.077;Calendar 2025;Calendar +2
08-Sep-2023;Forward;7.419;Calendar 2026;Calendar +3
08-Sep-2023;Spot;7.461;8-Sep-2023;Spot
08-Sep-2023;PPA 40;6.376;10-Year Pay-as-Produced;PPA 40
08-Sep-2023;RED II;6.198;10-Year PPA Pay-as-Produced;RED II
07-Sep-2023;Forward;6.260;October 2023;Month +1
07-Sep-2023;Forward;7.739;November 2023;Month +2
07-Sep-2023;Forward;7.311;Q4 2023;Quarter +1
07-Sep-2023;Forward;7.944;Winter 2023;Season +1
07-Sep-2023;Forward;8.054;Summer 2024;Season +2
07-Sep-2023;Forward;8.592;Calendar 2024;Calendar +1
07-Sep-2023;Forward;8.077;Calendar 2025;Calendar +2
07-Sep-2023;Forward;7.414;Calendar 2026;Calendar +3
07-Sep-2023;Spot;7.084;7-Sep-2023;Spot
07-Sep-2023;PPA 40;6.385;10-Year Pay-as-Produced;PPA 40
07-Sep-2023;RED II;6.204;10-Year PPA Pay-as-Produced;RED II
06-Sep-2023;Forward;6.647;October 2023;Month +1
06-Sep-2023;Forward;8.163;November 2023;Month +2
06-Sep-2023;Forward;7.687;Q4 2023;Quarter +1
06-Sep-2023;Forward;8.329;Winter 2023;Season +1
06-Sep-2023;Forward;8.249;Summer 2024;Season +2
06-Sep-2023;Forward;8.795;Calendar 2024;Calendar +1
06-Sep-2023;Forward;8.149;Calendar 2025;Calendar +2
06-Sep-2023;Forward;7.406;Calendar 2026;Calendar +3
06-Sep-2023;Spot;7.024;6-Sep-2023;Spot
06-Sep-2023;PPA 40;6.390;10-Year Pay-as-Produced;PPA 40
06-Sep-2023;RED II;6.221;10-Year PPA Pay-as-Produced;RED II
05-Sep-2023;Forward;6.698;October 2023;Month +1
05-Sep-2023;Forward;8.151;November 2023;Month +2
05-Sep-2023;Forward;7.747;Q4 2023;Quarter +1
05-Sep-2023;Forward;8.312;Winter 2023;Season +1
05-Sep-2023;Forward;8.260;Summer 2024;Season +2
05-Sep-2023;Forward;8.804;Calendar 2024;Calendar +1
05-Sep-2023;Forward;8.130;Calendar 2025;Calendar +2
05-Sep-2023;Forward;7.367;Calendar 2026;Calendar +3
05-Sep-2023;Spot;7.282;5-Sep-2023;Spot
05-Sep-2023;PPA 40;6.227;10-Year Pay-as-Produced;PPA 40
05-Sep-2023;RED II;6.403;10-Year PPA Pay-as-Produced;RED II
04-Sep-2023;Spot;7.280;4-Sep-2023;Spot
03-Sep-2023;Spot;6.374;3-Sep-2023;Spot
02-Sep-2023;Forward;6.868;October 2023;Month +1
02-Sep-2023;Forward;8.383;November 2023;Month +2
02-Sep-2023;Forward;7.918;Q4 2023;Quarter +1
02-Sep-2023;Forward;8.510;Winter 2023;Season +1
02-Sep-2023;Forward;8.306;Summer 2024;Season +2
02-Sep-2023;Forward;8.866;Calendar 2024;Calendar +1
02-Sep-2023;Forward;8.244;Calendar 2025;Calendar +2
02-Sep-2023;Forward;7.347;Calendar 2026;Calendar +3
02-Sep-2023;Spot;7.145;2-Sep-2023;Spot
02-Sep-2023;PPA 40;6.414;10-Year Pay-as-Produced;PPA 40
02-Sep-2023;RED II;6.238;10-Year PPA Pay-as-Produced;RED II
01-Sep-2023;Forward;7.049;September 2023;Month +1
01-Sep-2023;Forward;6.889;October 2023;Month +2
01-Sep-2023;Forward;7.948;Q4 2023;Quarter +1
01-Sep-2023;Forward;8.528;Winter 2023;Season +1
01-Sep-2023;Forward;8.353;Summer 2024;Season +2
01-Sep-2023;Forward;8.899;Calendar 2024;Calendar +1
01-Sep-2023;Forward;8.179;Calendar 2025;Calendar +2
01-Sep-2023;Forward;7.333;Calendar 2026;Calendar +3
01-Sep-2023;Spot;7.625;1-Sep-2023;Spot
01-Sep-2023;PPA 40;6.405;10-Year Pay-as-Produced;PPA 40
01-Sep-2023;RED II;6.238;10-Year PPA Pay-as-Produced;RED II
31-Aug-2023;Forward;6.887;September 2023;Month +1
31-Aug-2023;Forward;7.165;October 2023;Month +2
31-Aug-2023;Forward;8.230;Q4 2023;Quarter +1
31-Aug-2023;Forward;8.811;Winter 2023;Season +1
31-Aug-2023;Forward;8.483;Summer 2024;Season +2
31-Aug-2023;Forward;9.075;Calendar 2024;Calendar +1
31-Aug-2023;Forward;8.288;Calendar 2025;Calendar +2
31-Aug-2023;Forward;7.296;Calendar 2026;Calendar +3
31-Aug-2023;Spot;7.455;31-Aug-2023;Spot
31-Aug-2023;PPA 40;6.419;10-Year Pay-as-Produced;PPA 40
31-Aug-2023;RED II;6.255;10-Year PPA Pay-as-Produced;RED II
30-Aug-2023;Forward;6.853;September 2023;Month +1
30-Aug-2023;Forward;7.138;October 2023;Month +2
30-Aug-2023;Forward;8.125;Q4 2023;Quarter +1
30-Aug-2023;Forward;8.697;Winter 2023;Season +1
30-Aug-2023;Forward;8.426;Summer 2024;Season +2
30-Aug-2023;Forward;8.956;Calendar 2024;Calendar +1
30-Aug-2023;Forward;8.240;Calendar 2025;Calendar +2
30-Aug-2023;Forward;7.319;Calendar 2026;Calendar +3
30-Aug-2023;Spot;7.707;30-Aug-2023;Spot
30-Aug-2023;PPA 40;6.420;10-Year Pay-as-Produced;PPA 40
30-Aug-2023;RED II;6.244;10-Year PPA Pay-as-Produced;RED II
29-Aug-2023;Forward;7.193;September 2023;Month +1
29-Aug-2023;Forward;7.408;October 2023;Month +2
29-Aug-2023;Forward;8.382;Q4 2023;Quarter +1
29-Aug-2023;Forward;8.936;Winter 2023;Season +1
29-Aug-2023;Forward;8.581;Summer 2024;Season +2
29-Aug-2023;Forward;9.134;Calendar 2024;Calendar +1
29-Aug-2023;Forward;8.147;Calendar 2025;Calendar +2
29-Aug-2023;Forward;7.302;Calendar 2026;Calendar +3
29-Aug-2023;Spot;7.728;29-Aug-2023;Spot
29-Aug-2023;PPA 40;6.429;10-Year Pay-as-Produced;PPA 40
29-Aug-2023;RED II;6.255;10-Year PPA Pay-as-Produced;RED II
28-Aug-2023;Spot;7.266;28-Aug-2023;Spot
27-Aug-2023;Spot;7.441;27-Aug-2023;Spot
26-Aug-2023;Forward;6.778;September 2023;Month +1
26-Aug-2023;Forward;6.909;October 2023;Month +2
26-Aug-2023;Forward;7.935;Q4 2023;Quarter +1
26-Aug-2023;Forward;8.520;Winter 2023;Season +1
26-Aug-2023;Forward;8.362;Summer 2024;Season +2
26-Aug-2023;Forward;8.873;Calendar 2024;Calendar +1
26-Aug-2023;Forward;8.219;Calendar 2025;Calendar +2
26-Aug-2023;Forward;7.284;Calendar 2026;Calendar +3
26-Aug-2023;Spot;7.633;26-Aug-2023;Spot
26-Aug-2023;PPA 40;6.415;10-Year Pay-as-Produced;PPA 40
26-Aug-2023;RED II;6.242;10-Year PPA Pay-as-Produced;RED II
25-Aug-2023;Forward;6.696;September 2023;Month +1
25-Aug-2023;Forward;6.956;October 2023;Month +2
25-Aug-2023;Forward;7.951;Q4 2023;Quarter +1
25-Aug-2023;Forward;8.542;Winter 2023;Season +1
25-Aug-2023;Forward;8.375;Summer 2024;Season +2
25-Aug-2023;Forward;8.882;Calendar 2024;Calendar +1
25-Aug-2023;Forward;8.167;Calendar 2025;Calendar +2
25-Aug-2023;Forward;7.191;Calendar 2026;Calendar +3
25-Aug-2023;Spot;8.128;25-Aug-2023;Spot
25-Aug-2023;PPA 40;6.376;10-Year Pay-as-Produced;PPA 40
25-Aug-2023;RED II;6.238;10-Year PPA Pay-as-Produced;RED II
24-Aug-2023;Forward;7.150;September 2023;Month +1
24-Aug-2023;Forward;7.615;October 2023;Month +2
24-Aug-2023;Forward;8.630;Q4 2023;Quarter +1
24-Aug-2023;Forward;9.152;Winter 2023;Season +1
24-Aug-2023;Forward;8.680;Summer 2024;Season +2
24-Aug-2023;Forward;9.192;Calendar 2024;Calendar +1
24-Aug-2023;Forward;8.279;Calendar 2025;Calendar +2
24-Aug-2023;Forward;7.309;Calendar 2026;Calendar +3
24-Aug-2023;Spot;9.269;24-Aug-2023;Spot
24-Aug-2023;PPA 40;6.444;10-Year Pay-as-Produced;PPA 40
24-Aug-2023;RED II;6.272;10-Year PPA Pay-as-Produced;RED II
23-Aug-2023;Forward;7.658;September 2023;Month +1
23-Aug-2023;Forward;8.061;October 2023;Month +2
23-Aug-2023;Forward;9.159;Q4 2023;Quarter +1
23-Aug-2023;Forward;9.627;Winter 2023;Season +1
23-Aug-2023;Forward;8.951;Summer 2024;Season +2
23-Aug-2023;Forward;9.521;Calendar 2024;Calendar +1
23-Aug-2023;Forward;8.446;Calendar 2025;Calendar +2
23-Aug-2023;Forward;7.383;Calendar 2026;Calendar +3
23-Aug-2023;Spot;9.355;23-Aug-2023;Spot
23-Aug-2023;PPA 40;6.523;10-Year Pay-as-Produced;PPA 40
23-Aug-2023;RED II;6.309;10-Year PPA Pay-as-Produced;RED II
22-Aug-2023;Forward;7.258;September 2023;Month +1
22-Aug-2023;Forward;7.752;October 2023;Month +2
22-Aug-2023;Forward;8.946;Q4 2023;Quarter +1
22-Aug-2023;Forward;9.417;Winter 2023;Season +1
22-Aug-2023;Forward;8.897;Summer 2024;Season +2
22-Aug-2023;Forward;9.417;Calendar 2024;Calendar +1
22-Aug-2023;Forward;8.414;Calendar 2025;Calendar +2
22-Aug-2023;Forward;7.350;Calendar 2026;Calendar +3
22-Aug-2023;Spot;8.444;22-Aug-2023;Spot
22-Aug-2023;PPA 40;6.496;10-Year Pay-as-Produced;PPA 40
22-Aug-2023;RED II;6.298;10-Year PPA Pay-as-Produced;RED II
21-Aug-2023;Spot;7.861;21-Aug-2023;Spot
20-Aug-2023;Spot;7.067;20-Aug-2023;Spot
19-Aug-2023;Forward;6.772;September 2023;Month +1
19-Aug-2023;Forward;7.439;October 2023;Month +2
19-Aug-2023;Forward;8.571;Q4 2023;Quarter +1
19-Aug-2023;Forward;9.205;Winter 2023;Season +1
19-Aug-2023;Forward;8.695;Summer 2024;Season +2
19-Aug-2023;Forward;9.309;Calendar 2024;Calendar +1
19-Aug-2023;Forward;8.293;Calendar 2025;Calendar +2
19-Aug-2023;Forward;7.272;Calendar 2026;Calendar +3
19-Aug-2023;Spot;6.493;19-Aug-2023;Spot
19-Aug-2023;PPA 40;6.491;10-Year Pay-as-Produced;PPA 40
19-Aug-2023;RED II;6.283;10-Year PPA Pay-as-Produced;RED II
18-Aug-2023;Forward;6.870;September 2023;Month +1
18-Aug-2023;Forward;7.579;October 2023;Month +2
18-Aug-2023;Forward;8.565;Q4 2023;Quarter +1
18-Aug-2023;Forward;9.112;Winter 2023;Season +1
18-Aug-2023;Forward;8.725;Summer 2024;Season +2
18-Aug-2023;Forward;9.275;Calendar 2024;Calendar +1
18-Aug-2023;Forward;8.383;Calendar 2025;Calendar +2
18-Aug-2023;Forward;7.341;Calendar 2026;Calendar +3
18-Aug-2023;Spot;7.589;18-Aug-2023;Spot
18-Aug-2023;PPA 40;6.589;10-Year Pay-as-Produced;PPA 40
18-Aug-2023;RED II;6.289;10-Year PPA Pay-as-Produced;RED II
17-Aug-2023;Forward;6.986;September 2023;Month +1
17-Aug-2023;Forward;7.598;October 2023;Month +2
17-Aug-2023;Forward;8.633;Q4 2023;Quarter +1
17-Aug-2023;Forward;9.165;Winter 2023;Season +1
17-Aug-2023;Forward;8.743;Summer 2024;Season +2
17-Aug-2023;Forward;9.299;Calendar 2024;Calendar +1
17-Aug-2023;Forward;8.417;Calendar 2025;Calendar +2
17-Aug-2023;Forward;7.337;Calendar 2026;Calendar +3
17-Aug-2023;Spot;7.668;17-Aug-2023;Spot
17-Aug-2023;PPA 40;6.650;10-Year Pay-as-Produced;PPA 40
17-Aug-2023;RED II;6.294;10-Year PPA Pay-as-Produced;RED II
16-Aug-2023;Forward;6.987;September 2023;Month +1
16-Aug-2023;Forward;7.641;October 2023;Month +2
16-Aug-2023;Forward;8.686;Q4 2023;Quarter +1
16-Aug-2023;Forward;9.223;Winter 2023;Season +1
16-Aug-2023;Forward;8.779;Summer 2024;Season +2
16-Aug-2023;Forward;9.381;Calendar 2024;Calendar +1
16-Aug-2023;Forward;8.493;Calendar 2025;Calendar +2
16-Aug-2023;Forward;7.372;Calendar 2026;Calendar +3
16-Aug-2023;Spot;7.672;16-Aug-2023;Spot
16-Aug-2023;PPA 40;6.667;10-Year Pay-as-Produced;PPA 40
16-Aug-2023;RED II;6.304;10-Year PPA Pay-as-Produced;RED II
15-Aug-2023;Forward;6.672;September 2023;Month +1
15-Aug-2023;Forward;7.329;October 2023;Month +2
15-Aug-2023;Forward;8.265;Q4 2023;Quarter +1
15-Aug-2023;Forward;8.778;Winter 2023;Season +1
15-Aug-2023;Forward;8.461;Summer 2024;Season +2
15-Aug-2023;Forward;9.033;Calendar 2024;Calendar +1
15-Aug-2023;Forward;8.280;Calendar 2025;Calendar +2
15-Aug-2023;Forward;7.347;Calendar 2026;Calendar +3
15-Aug-2023;Spot;6.551;15-Aug-2023;Spot
15-Aug-2023;PPA 40;6.490;10-Year Pay-as-Produced;PPA 40
15-Aug-2023;RED II;6.260;10-Year PPA Pay-as-Produced;RED II
14-Aug-2023;Spot;6.869;14-Aug-2023;Spot
13-Aug-2023;Spot;5.693;13-Aug-2023;Spot
12-Aug-2023;Forward;6.867;September 2023;Month +1
12-Aug-2023;Forward;7.374;October 2023;Month +2
12-Aug-2023;Forward;8.204;Q4 2023;Quarter +1
12-Aug-2023;Forward;8.700;Winter 2023;Season +1
12-Aug-2023;Forward;8.489;Summer 2024;Season +2
12-Aug-2023;Forward;9.029;Calendar 2024;Calendar +1
12-Aug-2023;Forward;8.263;Calendar 2025;Calendar +2
12-Aug-2023;Forward;7.346;Calendar 2026;Calendar +3
12-Aug-2023;Spot;5.969;12-Aug-2023;Spot
12-Aug-2023;PPA 40;6.489;10-Year Pay-as-Produced;PPA 40
12-Aug-2023;RED II;6.260;10-Year PPA Pay-as-Produced;RED II
11-Aug-2023;Forward;6.857;September 2023;Month +1
11-Aug-2023;Forward;7.416;October 2023;Month +2
11-Aug-2023;Forward;8.263;Q4 2023;Quarter +1
11-Aug-2023;Forward;8.705;Winter 2023;Season +1
11-Aug-2023;Forward;8.455;Summer 2024;Season +2
11-Aug-2023;Forward;9.008;Calendar 2024;Calendar +1
11-Aug-2023;Forward;8.166;Calendar 2025;Calendar +2
11-Aug-2023;Forward;7.275;Calendar 2026;Calendar +3
11-Aug-2023;Spot;6.794;11-Aug-2023;Spot
11-Aug-2023;PPA 40;6.462;10-Year Pay-as-Produced;PPA 40
11-Aug-2023;RED II;6.249;10-Year PPA Pay-as-Produced;RED II
10-Aug-2023;Forward;7.113;September 2023;Month +1
10-Aug-2023;Forward;7.540;October 2023;Month +2
10-Aug-2023;Forward;8.524;Q4 2023;Quarter +1
10-Aug-2023;Forward;8.961;Winter 2023;Season +1
10-Aug-2023;Forward;8.543;Summer 2024;Season +2
10-Aug-2023;Forward;9.122;Calendar 2024;Calendar +1
10-Aug-2023;Forward;8.253;Calendar 2025;Calendar +2
10-Aug-2023;Forward;7.285;Calendar 2026;Calendar +3
10-Aug-2023;Spot;6.510;10-Aug-2023;Spot
10-Aug-2023;PPA 40;6.532;10-Year Pay-as-Produced;PPA 40
10-Aug-2023;RED II;6.270;10-Year PPA Pay-as-Produced;RED II
09-Aug-2023;Forward;6.467;September 2023;Month +1
09-Aug-2023;Forward;7.088;October 2023;Month +2
09-Aug-2023;Forward;7.852;Q4 2023;Quarter +1
09-Aug-2023;Forward;8.393;Winter 2023;Season +1
09-Aug-2023;Forward;8.353;Summer 2024;Season +2
09-Aug-2023;Forward;8.901;Calendar 2024;Calendar +1
09-Aug-2023;Forward;8.277;Calendar 2025;Calendar +2
09-Aug-2023;Forward;7.277;Calendar 2026;Calendar +3
09-Aug-2023;Spot;6.572;9-Aug-2023;Spot
09-Aug-2023;PPA 40;6.464;10-Year Pay-as-Produced;PPA 40
09-Aug-2023;RED II;6.249;10-Year PPA Pay-as-Produced;RED II
08-Aug-2023;Forward;6.437;September 2023;Month +1
08-Aug-2023;Forward;6.929;October 2023;Month +2
08-Aug-2023;Forward;7.870;Q4 2023;Quarter +1
08-Aug-2023;Forward;8.461;Winter 2023;Season +1
08-Aug-2023;Forward;8.350;Summer 2024;Season +2
08-Aug-2023;Forward;8.875;Calendar 2024;Calendar +1
08-Aug-2023;Forward;8.178;Calendar 2025;Calendar +2
08-Aug-2023;Forward;7.274;Calendar 2026;Calendar +3
08-Aug-2023;Spot;2.477;8-Aug-2023;Spot
08-Aug-2023;PPA 40;6.453;10-Year Pay-as-Produced;PPA 40
08-Aug-2023;RED II;6.244;10-Year PPA Pay-as-Produced;RED II
07-Aug-2023;Spot;3.092;7-Aug-2023;Spot
06-Aug-2023;Spot;4.433;6-Aug-2023;Spot
05-Aug-2023;Forward;6.358;September 2023;Month +1
05-Aug-2023;Forward;6.923;October 2023;Month +2
05-Aug-2023;Forward;7.797;Q4 2023;Quarter +1
05-Aug-2023;Forward;8.426;Winter 2023;Season +1
05-Aug-2023;Forward;8.303;Summer 2024;Season +2
05-Aug-2023;Forward;8.872;Calendar 2024;Calendar +1
05-Aug-2023;Forward;8.261;Calendar 2025;Calendar +2
05-Aug-2023;Forward;7.256;Calendar 2026;Calendar +3
05-Aug-2023;Spot;6.742;5-Aug-2023;Spot
05-Aug-2023;PPA 40;6.440;10-Year Pay-as-Produced;PPA 40
05-Aug-2023;RED II;6.249;10-Year PPA Pay-as-Produced;RED II
04-Aug-2023;Forward;6.496;September 2023;Month +1
04-Aug-2023;Forward;6.986;October 2023;Month +2
04-Aug-2023;Forward;7.900;Q4 2023;Quarter +1
04-Aug-2023;Forward;8.501;Winter 2023;Season +1
04-Aug-2023;Forward;8.437;Summer 2024;Season +2
04-Aug-2023;Forward;8.998;Calendar 2024;Calendar +1
04-Aug-2023;Forward;8.329;Calendar 2025;Calendar +2
04-Aug-2023;Forward;7.257;Calendar 2026;Calendar +3
04-Aug-2023;Spot;6.775;4-Aug-2023;Spot
04-Aug-2023;PPA 40;6.486;10-Year Pay-as-Produced;PPA 40
04-Aug-2023;RED II;6.266;10-Year PPA Pay-as-Produced;RED II
03-Aug-2023;Forward;6.351;September 2023;Month +1
03-Aug-2023;Forward;6.855;October 2023;Month +2
03-Aug-2023;Forward;7.817;Q4 2023;Quarter +1
03-Aug-2023;Forward;8.427;Winter 2023;Season +1
03-Aug-2023;Forward;8.390;Summer 2024;Season +2
03-Aug-2023;Forward;8.933;Calendar 2024;Calendar +1
03-Aug-2023;Forward;8.282;Calendar 2025;Calendar +2
03-Aug-2023;Forward;7.243;Calendar 2026;Calendar +3
03-Aug-2023;Spot;3.998;3-Aug-2023;Spot
03-Aug-2023;PPA 40;6.451;10-Year Pay-as-Produced;PPA 40
03-Aug-2023;RED II;6.255;10-Year PPA Pay-as-Produced;RED II
02-Aug-2023;Forward;6.298;September 2023;Month +1
02-Aug-2023;Forward;6.836;October 2023;Month +2
02-Aug-2023;Forward;7.834;Q4 2023;Quarter +1
02-Aug-2023;Forward;8.500;Winter 2023;Season +1
02-Aug-2023;Forward;8.466;Summer 2024;Season +2
02-Aug-2023;Forward;8.968;Calendar 2024;Calendar +1
02-Aug-2023;Forward;8.226;Calendar 2025;Calendar +2
02-Aug-2023;Forward;7.241;Calendar 2026;Calendar +3
02-Aug-2023;Spot;5.843;2-Aug-2023;Spot
02-Aug-2023;PPA 40;6.449;10-Year Pay-as-Produced;PPA 40
02-Aug-2023;RED II;6.255;10-Year PPA Pay-as-Produced;RED II
01-Aug-2023;Forward;5.849;August 2023;Month +1
01-Aug-2023;Forward;6.443;September 2023;Month +2
01-Aug-2023;Forward;8.143;Q4 2023;Quarter +1
01-Aug-2023;Forward;8.748;Winter 2023;Season +1
01-Aug-2023;Forward;8.592;Summer 2024;Season +2
01-Aug-2023;Forward;9.132;Calendar 2024;Calendar +1
01-Aug-2023;Forward;8.340;Calendar 2025;Calendar +2
01-Aug-2023;Forward;7.331;Calendar 2026;Calendar +3
01-Aug-2023;Spot;6.179;1-Aug-2023;Spot
01-Aug-2023;PPA 40;6.471;10-Year Pay-as-Produced;PPA 40
01-Aug-2023;RED II;6.276;10-Year PPA Pay-as-Produced;RED II
31-Jul-2023;Spot;5.323;31-Jul-2023;Spot
30-Jul-2023;Spot;4.173;30-Jul-2023;Spot
29-Jul-2023;Forward;5.886;August 2023;Month +1
29-Jul-2023;Forward;6.359;September 2023;Month +2
29-Jul-2023;Forward;7.948;Q4 2023;Quarter +1
29-Jul-2023;Forward;8.630;Winter 2023;Season +1
29-Jul-2023;Forward;8.528;Summer 2024;Season +2
29-Jul-2023;Forward;9.081;Calendar 2024;Calendar +1
29-Jul-2023;Forward;8.318;Calendar 2025;Calendar +2
29-Jul-2023;Forward;7.253;Calendar 2026;Calendar +3
29-Jul-2023;Spot;6.206;29-Jul-2023;Spot
29-Jul-2023;PPA 40;6.465;10-Year Pay-as-Produced;PPA 40
29-Jul-2023;RED II;6.272;10-Year PPA Pay-as-Produced;RED II
28-Jul-2023;Forward;6.033;August 2023;Month +1
28-Jul-2023;Forward;6.581;September 2023;Month +2
28-Jul-2023;Forward;8.366;Q4 2023;Quarter +1
28-Jul-2023;Forward;9.018;Winter 2023;Season +1
28-Jul-2023;Forward;8.809;Summer 2024;Season +2
28-Jul-2023;Forward;9.413;Calendar 2024;Calendar +1
28-Jul-2023;Forward;8.482;Calendar 2025;Calendar +2
28-Jul-2023;Forward;7.244;Calendar 2026;Calendar +3
28-Jul-2023;Spot;6.875;28-Jul-2023;Spot
28-Jul-2023;PPA 40;6.483;10-Year Pay-as-Produced;PPA 40
28-Jul-2023;RED II;6.315;10-Year PPA Pay-as-Produced;RED II
27-Jul-2023;Forward;6.321;August 2023;Month +1
27-Jul-2023;Forward;6.701;September 2023;Month +2
27-Jul-2023;Forward;8.413;Q4 2023;Quarter +1
27-Jul-2023;Forward;9.030;Winter 2023;Season +1
27-Jul-2023;Forward;8.713;Summer 2024;Season +2
27-Jul-2023;Forward;9.288;Calendar 2024;Calendar +1
27-Jul-2023;Forward;8.449;Calendar 2025;Calendar +2
27-Jul-2023;Forward;7.214;Calendar 2026;Calendar +3
27-Jul-2023;Spot;6.623;27-Jul-2023;Spot
27-Jul-2023;PPA 40;6.462;10-Year Pay-as-Produced;PPA 40
27-Jul-2023;RED II;6.304;10-Year PPA Pay-as-Produced;RED II
26-Jul-2023;Forward;6.539;August 2023;Month +1
26-Jul-2023;Forward;6.971;September 2023;Month +2
26-Jul-2023;Forward;8.660;Q4 2023;Quarter +1
26-Jul-2023;Forward;9.345;Winter 2023;Season +1
26-Jul-2023;Forward;8.936;Summer 2024;Season +2
26-Jul-2023;Forward;9.621;Calendar 2024;Calendar +1
26-Jul-2023;Forward;8.639;Calendar 2025;Calendar +2
26-Jul-2023;Forward;7.271;Calendar 2026;Calendar +3
26-Jul-2023;Spot;6.945;26-Jul-2023;Spot
26-Jul-2023;PPA 40;6.530;10-Year Pay-as-Produced;PPA 40
26-Jul-2023;RED II;6.343;10-Year PPA Pay-as-Produced;RED II
25-Jul-2023;Forward;6.485;August 2023;Month +1
25-Jul-2023;Forward;6.864;September 2023;Month +2
25-Jul-2023;Forward;8.435;Q4 2023;Quarter +1
25-Jul-2023;Forward;9.122;Winter 2023;Season +1
25-Jul-2023;Forward;8.816;Summer 2024;Season +2
25-Jul-2023;Forward;9.443;Calendar 2024;Calendar +1
25-Jul-2023;Forward;8.582;Calendar 2025;Calendar +2
25-Jul-2023;Forward;7.240;Calendar 2026;Calendar +3
25-Jul-2023;Spot;7.031;25-Jul-2023;Spot
25-Jul-2023;PPA 40;6.495;10-Year Pay-as-Produced;PPA 40
25-Jul-2023;RED II;6.326;10-Year PPA Pay-as-Produced;RED II
24-Jul-2023;Spot;6.686;24-Jul-2023;Spot
23-Jul-2023;Spot;3.992;23-Jul-2023;Spot
22-Jul-2023;Forward;6.257;August 2023;Month +1
22-Jul-2023;Forward;6.699;September 2023;Month +2
22-Jul-2023;Forward;8.308;Q4 2023;Quarter +1
22-Jul-2023;Forward;8.986;Winter 2023;Season +1
22-Jul-2023;Forward;8.706;Summer 2024;Season +2
22-Jul-2023;Forward;9.275;Calendar 2024;Calendar +1
22-Jul-2023;Forward;8.587;Calendar 2025;Calendar +2
22-Jul-2023;Forward;7.349;Calendar 2026;Calendar +3
22-Jul-2023;Spot;6.150;22-Jul-2023;Spot
22-Jul-2023;PPA 40;6.479;10-Year Pay-as-Produced;PPA 40
22-Jul-2023;RED II;6.315;10-Year PPA Pay-as-Produced;RED II
21-Jul-2023;Forward;6.271;August 2023;Month +1
21-Jul-2023;Forward;6.748;September 2023;Month +2
21-Jul-2023;Forward;8.431;Q4 2023;Quarter +1
21-Jul-2023;Forward;9.278;Winter 2023;Season +1
21-Jul-2023;Forward;8.858;Summer 2024;Season +2
21-Jul-2023;Forward;9.562;Calendar 2024;Calendar +1
21-Jul-2023;Forward;8.624;Calendar 2025;Calendar +2
21-Jul-2023;Forward;7.334;Calendar 2026;Calendar +3
21-Jul-2023;Spot;7.650;21-Jul-2023;Spot
21-Jul-2023;PPA 40;6.507;10-Year Pay-as-Produced;PPA 40
21-Jul-2023;RED II;6.337;10-Year PPA Pay-as-Produced;RED II
20-Jul-2023;Forward;6.261;August 2023;Month +1
20-Jul-2023;Forward;6.628;September 2023;Month +2
20-Jul-2023;Forward;8.340;Q4 2023;Quarter +1
20-Jul-2023;Forward;9.148;Winter 2023;Season +1
20-Jul-2023;Forward;8.611;Summer 2024;Season +2
20-Jul-2023;Forward;9.344;Calendar 2024;Calendar +1
20-Jul-2023;Forward;8.504;Calendar 2025;Calendar +2
20-Jul-2023;Forward;7.349;Calendar 2026;Calendar +3
20-Jul-2023;Spot;7.246;20-Jul-2023;Spot
20-Jul-2023;PPA 40;6.481;10-Year Pay-as-Produced;PPA 40
20-Jul-2023;RED II;6.311;10-Year PPA Pay-as-Produced;RED II
19-Jul-2023;Forward;6.244;August 2023;Month +1
19-Jul-2023;Forward;6.597;September 2023;Month +2
19-Jul-2023;Forward;8.331;Q4 2023;Quarter +1
19-Jul-2023;Forward;8.968;Winter 2023;Season +1
19-Jul-2023;Forward;8.438;Summer 2024;Season +2
19-Jul-2023;Forward;9.112;Calendar 2024;Calendar +1
19-Jul-2023;Forward;8.418;Calendar 2025;Calendar +2
19-Jul-2023;Forward;7.390;Calendar 2026;Calendar +3
19-Jul-2023;Spot;7.418;19-Jul-2023;Spot
19-Jul-2023;PPA 40;6.432;10-Year Pay-as-Produced;PPA 40
19-Jul-2023;RED II;6.287;10-Year PPA Pay-as-Produced;RED II
18-Jul-2023;Forward;6.086;August 2023;Month +1
18-Jul-2023;Forward;6.504;September 2023;Month +2
18-Jul-2023;Forward;7.871;Q4 2023;Quarter +1
18-Jul-2023;Forward;8.501;Winter 2023;Season +1
18-Jul-2023;Forward;8.171;Summer 2024;Season +2
18-Jul-2023;Forward;8.825;Calendar 2024;Calendar +1
18-Jul-2023;Forward;8.163;Calendar 2025;Calendar +2
18-Jul-2023;Forward;7.232;Calendar 2026;Calendar +3
18-Jul-2023;Spot;7.454;18-Jul-2023;Spot
18-Jul-2023;PPA 40;6.342;10-Year Pay-as-Produced;PPA 40
18-Jul-2023;RED II;6.244;10-Year PPA Pay-as-Produced;RED II
17-Jul-2023;Spot;7.352;17-Jul-2023;Spot
16-Jul-2023;Spot;4.070;16-Jul-2023;Spot
15-Jul-2023;Forward;6.206;August 2023;Month +1
15-Jul-2023;Forward;6.556;September 2023;Month +2
15-Jul-2023;Forward;7.930;Q4 2023;Quarter +1
15-Jul-2023;Forward;8.704;Winter 2023;Season +1
15-Jul-2023;Forward;7.964;Summer 2024;Season +2
15-Jul-2023;Forward;8.834;Calendar 2024;Calendar +1
15-Jul-2023;Forward;8.103;Calendar 2025;Calendar +2
15-Jul-2023;Forward;7.154;Calendar 2026;Calendar +3
15-Jul-2023;Spot;3.727;15-Jul-2023;Spot
15-Jul-2023;PPA 40;6.299;10-Year Pay-as-Produced;PPA 40
15-Jul-2023;RED II;6.234;10-Year PPA Pay-as-Produced;RED II
14-Jul-2023;Forward;6.166;August 2023;Month +1
14-Jul-2023;Forward;6.582;September 2023;Month +2
14-Jul-2023;Forward;7.863;Q4 2023;Quarter +1
14-Jul-2023;Forward;8.548;Winter 2023;Season +1
14-Jul-2023;Forward;8.107;Summer 2024;Season +2
14-Jul-2023;Forward;8.753;Calendar 2024;Calendar +1
14-Jul-2023;Forward;7.989;Calendar 2025;Calendar +2
14-Jul-2023;Forward;7.079;Calendar 2026;Calendar +3
14-Jul-2023;Spot;6.926;14-Jul-2023;Spot
14-Jul-2023;PPA 40;6.294;10-Year Pay-as-Produced;PPA 40
14-Jul-2023;RED II;6.221;10-Year PPA Pay-as-Produced;RED II
13-Jul-2023;Forward;6.230;August 2023;Month +1
13-Jul-2023;Forward;6.695;September 2023;Month +2
13-Jul-2023;Forward;7.891;Q4 2023;Quarter +1
13-Jul-2023;Forward;8.492;Winter 2023;Season +1
13-Jul-2023;Forward;7.949;Summer 2024;Season +2
13-Jul-2023;Forward;8.650;Calendar 2024;Calendar +1
13-Jul-2023;Forward;7.958;Calendar 2025;Calendar +2
13-Jul-2023;Forward;7.046;Calendar 2026;Calendar +3
13-Jul-2023;Spot;7.431;13-Jul-2023;Spot
13-Jul-2023;PPA 40;6.231;10-Year Pay-as-Produced;PPA 40
13-Jul-2023;RED II;6.211;10-Year PPA Pay-as-Produced;RED II
12-Jul-2023;Forward;6.424;August 2023;Month +1
12-Jul-2023;Forward;6.783;September 2023;Month +2
12-Jul-2023;Forward;8.110;Q4 2023;Quarter +1
12-Jul-2023;Forward;8.740;Winter 2023;Season +1
12-Jul-2023;Forward;8.035;Summer 2024;Season +2
12-Jul-2023;Forward;8.786;Calendar 2024;Calendar +1
12-Jul-2023;Forward;8.033;Calendar 2025;Calendar +2
12-Jul-2023;Forward;7.043;Calendar 2026;Calendar +3
12-Jul-2023;Spot;7.501;12-Jul-2023;Spot
12-Jul-2023;PPA 40;6.241;10-Year Pay-as-Produced;PPA 40
12-Jul-2023;RED II;6.228;10-Year PPA Pay-as-Produced;RED II
11-Jul-2023;Forward;6.520;August 2023;Month +1
11-Jul-2023;Forward;6.908;September 2023;Month +2
11-Jul-2023;Forward;8.516;Q4 2023;Quarter +1
11-Jul-2023;Forward;9.004;Winter 2023;Season +1
11-Jul-2023;Forward;8.484;Summer 2024;Season +2
11-Jul-2023;Forward;9.184;Calendar 2024;Calendar +1
11-Jul-2023;Forward;8.210;Calendar 2025;Calendar +2
11-Jul-2023;Forward;6.927;Calendar 2026;Calendar +3
11-Jul-2023;Spot;8.081;11-Jul-2023;Spot
11-Jul-2023;PPA 40;6.281;10-Year Pay-as-Produced;PPA 40
11-Jul-2023;RED II;6.272;10-Year PPA Pay-as-Produced;RED II
10-Jul-2023;Spot;7.828;10-Jul-2023;Spot
09-Jul-2023;Spot;7.184;9-Jul-2023;Spot
08-Jul-2023;Forward;6.781;August 2023;Month +1
08-Jul-2023;Forward;7.190;September 2023;Month +2
08-Jul-2023;Forward;8.638;Q4 2023;Quarter +1
08-Jul-2023;Forward;9.333;Winter 2023;Season +1
08-Jul-2023;Forward;8.666;Summer 2024;Season +2
08-Jul-2023;Forward;9.397;Calendar 2024;Calendar +1
08-Jul-2023;Forward;8.494;Calendar 2025;Calendar +2
08-Jul-2023;Forward;7.115;Calendar 2026;Calendar +3
08-Jul-2023;Spot;6.434;8-Jul-2023;Spot
08-Jul-2023;PPA 40;6.353;10-Year Pay-as-Produced;PPA 40
08-Jul-2023;RED II;6.317;10-Year PPA Pay-as-Produced;RED II
07-Jul-2023;Forward;6.678;August 2023;Month +1
07-Jul-2023;Forward;7.197;September 2023;Month +2
07-Jul-2023;Forward;8.342;Q4 2023;Quarter +1
07-Jul-2023;Forward;8.999;Winter 2023;Season +1
07-Jul-2023;Forward;8.507;Summer 2024;Season +2
07-Jul-2023;Forward;9.197;Calendar 2024;Calendar +1
07-Jul-2023;Forward;8.365;Calendar 2025;Calendar +2
07-Jul-2023;Forward;7.124;Calendar 2026;Calendar +3
07-Jul-2023;Spot;7.179;7-Jul-2023;Spot
07-Jul-2023;PPA 40;6.331;10-Year Pay-as-Produced;PPA 40
07-Jul-2023;RED II;6.292;10-Year PPA Pay-as-Produced;RED II
06-Jul-2023;Forward;6.830;August 2023;Month +1
06-Jul-2023;Forward;7.363;September 2023;Month +2
06-Jul-2023;Forward;8.611;Q4 2023;Quarter +1
06-Jul-2023;Forward;9.122;Winter 2023;Season +1
06-Jul-2023;Forward;8.486;Summer 2024;Season +2
06-Jul-2023;Forward;9.197;Calendar 2024;Calendar +1
06-Jul-2023;Forward;8.397;Calendar 2025;Calendar +2
06-Jul-2023;Forward;7.126;Calendar 2026;Calendar +3
06-Jul-2023;Spot;7.157;6-Jul-2023;Spot
06-Jul-2023;PPA 40;6.334;10-Year Pay-as-Produced;PPA 40
06-Jul-2023;RED II;6.294;10-Year PPA Pay-as-Produced;RED II
05-Jul-2023;Forward;7.035;August 2023;Month +1
05-Jul-2023;Forward;7.453;September 2023;Month +2
05-Jul-2023;Forward;8.648;Q4 2023;Quarter +1
05-Jul-2023;Forward;9.170;Winter 2023;Season +1
05-Jul-2023;Forward;8.572;Summer 2024;Season +2
05-Jul-2023;Forward;9.293;Calendar 2024;Calendar +1
05-Jul-2023;Forward;8.319;Calendar 2025;Calendar +2
05-Jul-2023;Forward;7.178;Calendar 2026;Calendar +3
05-Jul-2023;Spot;7.388;5-Jul-2023;Spot
05-Jul-2023;PPA 40;6.363;10-Year Pay-as-Produced;PPA 40
05-Jul-2023;RED II;6.294;10-Year PPA Pay-as-Produced;RED II
04-Jul-2023;Forward;6.977;August 2023;Month +1
04-Jul-2023;Forward;7.369;September 2023;Month +2
04-Jul-2023;Forward;8.469;Q4 2023;Quarter +1
04-Jul-2023;Forward;9.048;Winter 2023;Season +1
04-Jul-2023;Forward;8.294;Summer 2024;Season +2
04-Jul-2023;Forward;9.060;Calendar 2024;Calendar +1
04-Jul-2023;Forward;8.114;Calendar 2025;Calendar +2
04-Jul-2023;Forward;7.129;Calendar 2026;Calendar +3
04-Jul-2023;Spot;7.465;4-Jul-2023;Spot
04-Jul-2023;PPA 40;6.302;10-Year Pay-as-Produced;PPA 40
04-Jul-2023;RED II;6.256;10-Year PPA Pay-as-Produced;RED II
03-Jul-2023;Spot;5.435;3-Jul-2023;Spot
02-Jul-2023;Spot;2.628;2-Jul-2023;Spot
01-Jul-2023;Forward;6.724;July 2023;Month +1
01-Jul-2023;Forward;7.331;August 2023;Month +2
01-Jul-2023;Forward;7.253;Q3 2023;Quarter +1
01-Jul-2023;Forward;9.460;Winter 2023;Season +1
01-Jul-2023;Forward;8.566;Summer 2024;Season +2
01-Jul-2023;Forward;9.367;Calendar 2024;Calendar +1
01-Jul-2023;Forward;8.316;Calendar 2025;Calendar +2
01-Jul-2023;Forward;7.249;Calendar 2026;Calendar +3
01-Jul-2023;Spot;5.786;1-Jul-2023;Spot
01-Jul-2023;PPA 40;6.335;10-Year Pay-as-Produced;PPA 40
01-Jul-2023;RED II;6.298;10-Year PPA Pay-as-Produced;RED II
30-Jun-2023;Forward;6.776;July 2023;Month +1
30-Jun-2023;Forward;7.143;August 2023;Month +2
30-Jun-2023;Forward;7.140;Q3 2023;Quarter +1
30-Jun-2023;Forward;9.235;Winter 2023;Season +1
30-Jun-2023;Forward;8.456;Summer 2024;Season +2
30-Jun-2023;Forward;9.175;Calendar 2024;Calendar +1
30-Jun-2023;Forward;8.107;Calendar 2025;Calendar +2
30-Jun-2023;Forward;7.135;Calendar 2026;Calendar +3
30-Jun-2023;Spot;7.731;30-Jun-2023;Spot
30-Jun-2023;PPA 40;6.318;10-Year Pay-as-Produced;PPA 40
30-Jun-2023;RED II;6.266;10-Year PPA Pay-as-Produced;RED II
29-Jun-2023;Forward;6.806;July 2023;Month +1
29-Jun-2023;Forward;7.096;August 2023;Month +2
29-Jun-2023;Forward;7.108;Q3 2023;Quarter +1
29-Jun-2023;Forward;9.225;Winter 2023;Season +1
29-Jun-2023;Forward;8.404;Summer 2024;Season +2
29-Jun-2023;Forward;9.129;Calendar 2024;Calendar +1
29-Jun-2023;Forward;7.994;Calendar 2025;Calendar +2
29-Jun-2023;Forward;7.122;Calendar 2026;Calendar +3
29-Jun-2023;Spot;7.908;29-Jun-2023;Spot
29-Jun-2023;PPA 40;6.312;10-Year Pay-as-Produced;PPA 40
29-Jun-2023;RED II;6.251;10-Year PPA Pay-as-Produced;RED II
28-Jun-2023;Forward;6.772;July 2023;Month +1
28-Jun-2023;Forward;7.151;August 2023;Month +2
28-Jun-2023;Forward;7.197;Q3 2023;Quarter +1
28-Jun-2023;Forward;9.356;Winter 2023;Season +1
28-Jun-2023;Forward;8.648;Summer 2024;Season +2
28-Jun-2023;Forward;9.356;Calendar 2024;Calendar +1
28-Jun-2023;Forward;8.109;Calendar 2025;Calendar +2
28-Jun-2023;Forward;7.072;Calendar 2026;Calendar +3
28-Jun-2023;Spot;7.477;28-Jun-2023;Spot
28-Jun-2023;PPA 40;6.337;10-Year Pay-as-Produced;PPA 40
28-Jun-2023;RED II;6.272;10-Year PPA Pay-as-Produced;RED II
27-Jun-2023;Forward;6.657;July 2023;Month +1
27-Jun-2023;Forward;7.086;August 2023;Month +2
27-Jun-2023;Forward;7.034;Q3 2023;Quarter +1
27-Jun-2023;Forward;9.286;Winter 2023;Season +1
27-Jun-2023;Forward;8.368;Summer 2024;Season +2
27-Jun-2023;Forward;9.088;Calendar 2024;Calendar +1
27-Jun-2023;Forward;7.774;Calendar 2025;Calendar +2
27-Jun-2023;Forward;6.816;Calendar 2026;Calendar +3
27-Jun-2023;Spot;7.249;27-Jun-2023;Spot
27-Jun-2023;PPA 40;6.252;10-Year Pay-as-Produced;PPA 40
27-Jun-2023;RED II;6.219;10-Year PPA Pay-as-Produced;RED II
26-Jun-2023;Spot;6.988;26-Jun-2023;Spot
25-Jun-2023;Spot;6.755;25-Jun-2023;Spot
24-Jun-2023;Forward;6.688;July 2023;Month +1
24-Jun-2023;Forward;7.027;August 2023;Month +2
24-Jun-2023;Forward;7.051;Q3 2023;Quarter +1
24-Jun-2023;Forward;9.253;Winter 2023;Season +1
24-Jun-2023;Forward;8.481;Summer 2024;Season +2
24-Jun-2023;Forward;9.224;Calendar 2024;Calendar +1
24-Jun-2023;Forward;7.852;Calendar 2025;Calendar +2
24-Jun-2023;Forward;6.965;Calendar 2026;Calendar +3
24-Jun-2023;Spot;6.344;24-Jun-2023;Spot
24-Jun-2023;PPA 40;6.336;10-Year Pay-as-Produced;PPA 40
24-Jun-2023;RED II;6.240;10-Year PPA Pay-as-Produced;RED II
23-Jun-2023;Forward;6.971;July 2023;Month +1
23-Jun-2023;Forward;7.313;August 2023;Month +2
23-Jun-2023;Forward;7.309;Q3 2023;Quarter +1
23-Jun-2023;Forward;9.439;Winter 2023;Season +1
23-Jun-2023;Forward;8.655;Summer 2024;Season +2
23-Jun-2023;Forward;9.383;Calendar 2024;Calendar +1
23-Jun-2023;Forward;8.058;Calendar 2025;Calendar +2
23-Jun-2023;Forward;7.005;Calendar 2026;Calendar +3
23-Jun-2023;Spot;7.646;23-Jun-2023;Spot
23-Jun-2023;PPA 40;6.326;10-Year Pay-as-Produced;PPA 40
23-Jun-2023;RED II;6.268;10-Year PPA Pay-as-Produced;RED II
22-Jun-2023;Forward;7.286;July 2023;Month +1
22-Jun-2023;Forward;7.569;August 2023;Month +2
22-Jun-2023;Forward;7.564;Q3 2023;Quarter +1
22-Jun-2023;Forward;9.662;Winter 2023;Season +1
22-Jun-2023;Forward;8.758;Summer 2024;Season +2
22-Jun-2023;Forward;9.462;Calendar 2024;Calendar +1
22-Jun-2023;Forward;8.169;Calendar 2025;Calendar +2
22-Jun-2023;Forward;7.144;Calendar 2026;Calendar +3
22-Jun-2023;Spot;8.387;22-Jun-2023;Spot
22-Jun-2023;PPA 40;6.420;10-Year Pay-as-Produced;PPA 40
22-Jun-2023;RED II;6.289;10-Year PPA Pay-as-Produced;RED II
21-Jun-2023;Forward;7.636;July 2023;Month +1
21-Jun-2023;Forward;7.850;August 2023;Month +2
21-Jun-2023;Forward;7.867;Q3 2023;Quarter +1
21-Jun-2023;Forward;9.903;Winter 2023;Season +1
21-Jun-2023;Forward;8.988;Summer 2024;Season +2
21-Jun-2023;Forward;9.774;Calendar 2024;Calendar +1
21-Jun-2023;Forward;8.375;Calendar 2025;Calendar +2
21-Jun-2023;Forward;7.241;Calendar 2026;Calendar +3
21-Jun-2023;Spot;8.071;21-Jun-2023;Spot
21-Jun-2023;PPA 40;6.515;10-Year Pay-as-Produced;PPA 40
21-Jun-2023;RED II;6.334;10-Year PPA Pay-as-Produced;RED II
20-Jun-2023;Forward;7.142;July 2023;Month +1
20-Jun-2023;Forward;7.444;August 2023;Month +2
20-Jun-2023;Forward;7.403;Q3 2023;Quarter +1
20-Jun-2023;Forward;9.584;Winter 2023;Season +1
20-Jun-2023;Forward;8.630;Summer 2024;Season +2
20-Jun-2023;Forward;9.447;Calendar 2024;Calendar +1
20-Jun-2023;Forward;8.238;Calendar 2025;Calendar +2
20-Jun-2023;Forward;7.081;Calendar 2026;Calendar +3
20-Jun-2023;Spot;7.946;20-Jun-2023;Spot
20-Jun-2023;PPA 40;6.408;10-Year Pay-as-Produced;PPA 40
20-Jun-2023;RED II;6.289;10-Year PPA Pay-as-Produced;RED II
19-Jun-2023;Spot;7.384;19-Jun-2023;Spot
18-Jun-2023;Spot;7.755;18-Jun-2023;Spot
17-Jun-2023;Forward;7.138;July 2023;Month +1
17-Jun-2023;Forward;7.439;August 2023;Month +2
17-Jun-2023;Forward;7.480;Q3 2023;Quarter +1
17-Jun-2023;Forward;9.568;Winter 2023;Season +1
17-Jun-2023;Forward;8.679;Summer 2024;Season +2
17-Jun-2023;Forward;9.392;Calendar 2024;Calendar +1
17-Jun-2023;Forward;8.253;Calendar 2025;Calendar +2
17-Jun-2023;Forward;7.053;Calendar 2026;Calendar +3
17-Jun-2023;Spot;7.684;17-Jun-2023;Spot
17-Jun-2023;PPA 40;6.403;10-Year Pay-as-Produced;PPA 40
17-Jun-2023;RED II;6.294;10-Year PPA Pay-as-Produced;RED II
16-Jun-2023;Forward;7.760;July 2023;Month +1
16-Jun-2023;Forward;7.996;August 2023;Month +2
16-Jun-2023;Forward;8.012;Q3 2023;Quarter +1
16-Jun-2023;Forward;10.095;Winter 2023;Season +1
16-Jun-2023;Forward;9.151;Summer 2024;Season +2
16-Jun-2023;Forward;9.888;Calendar 2024;Calendar +1
16-Jun-2023;Forward;8.519;Calendar 2025;Calendar +2
16-Jun-2023;Forward;7.121;Calendar 2026;Calendar +3
16-Jun-2023;Spot;8.527;16-Jun-2023;Spot
16-Jun-2023;PPA 40;6.481;10-Year Pay-as-Produced;PPA 40
16-Jun-2023;RED II;6.350;10-Year PPA Pay-as-Produced;RED II
15-Jun-2023;Forward;7.588;July 2023;Month +1
15-Jun-2023;Forward;7.871;August 2023;Month +2
15-Jun-2023;Forward;7.908;Q3 2023;Quarter +1
15-Jun-2023;Forward;10.036;Winter 2023;Season +1
15-Jun-2023;Forward;8.876;Summer 2024;Season +2
15-Jun-2023;Forward;9.732;Calendar 2024;Calendar +1
15-Jun-2023;Forward;8.670;Calendar 2025;Calendar +2
15-Jun-2023;Forward;7.240;Calendar 2026;Calendar +3
15-Jun-2023;Spot;7.575;15-Jun-2023;Spot
15-Jun-2023;PPA 40;6.617;10-Year Pay-as-Produced;PPA 40
15-Jun-2023;RED II;6.349;10-Year PPA Pay-as-Produced;RED II
14-Jun-2023;Forward;7.376;July 2023;Month +1
14-Jun-2023;Forward;7.609;August 2023;Month +2
14-Jun-2023;Forward;7.628;Q3 2023;Quarter +1
14-Jun-2023;Forward;9.618;Winter 2023;Season +1
14-Jun-2023;Forward;8.566;Summer 2024;Season +2
14-Jun-2023;Forward;9.425;Calendar 2024;Calendar +1
14-Jun-2023;Forward;8.333;Calendar 2025;Calendar +2
14-Jun-2023;Forward;7.143;Calendar 2026;Calendar +3
14-Jun-2023;Spot;7.037;14-Jun-2023;Spot
14-Jun-2023;PPA 40;6.517;10-Year Pay-as-Produced;PPA 40
14-Jun-2023;RED II;6.294;10-Year PPA Pay-as-Produced;RED II
13-Jun-2023;Forward;6.921;July 2023;Month +1
13-Jun-2023;Forward;7.158;August 2023;Month +2
13-Jun-2023;Forward;7.201;Q3 2023;Quarter +1
13-Jun-2023;Forward;9.048;Winter 2023;Season +1
13-Jun-2023;Forward;8.129;Summer 2024;Season +2
13-Jun-2023;Forward;8.901;Calendar 2024;Calendar +1
13-Jun-2023;Forward;7.988;Calendar 2025;Calendar +2
13-Jun-2023;Forward;7.136;Calendar 2026;Calendar +3
13-Jun-2023;Spot;6.599;13-Jun-2023;Spot
13-Jun-2023;PPA 40;6.498;10-Year Pay-as-Produced;PPA 40
13-Jun-2023;RED II;6.228;10-Year PPA Pay-as-Produced;RED II
12-Jun-2023;Spot;6.656;12-Jun-2023;Spot
11-Jun-2023;Spot;5.415;11-Jun-2023;Spot
10-Jun-2023;Forward;6.856;July 2023;Month +1
10-Jun-2023;Forward;7.140;August 2023;Month +2
10-Jun-2023;Forward;7.148;Q3 2023;Quarter +1
10-Jun-2023;Forward;8.998;Winter 2023;Season +1
10-Jun-2023;Forward;8.072;Summer 2024;Season +2
10-Jun-2023;Forward;8.870;Calendar 2024;Calendar +1
10-Jun-2023;Forward;8.023;Calendar 2025;Calendar +2
10-Jun-2023;Forward;7.135;Calendar 2026;Calendar +3
10-Jun-2023;Spot;5.138;10-Jun-2023;Spot
10-Jun-2023;PPA 40;6.502;10-Year Pay-as-Produced;PPA 40
10-Jun-2023;RED II;6.234;10-Year PPA Pay-as-Produced;RED II
09-Jun-2023;Forward;6.300;July 2023;Month +1
09-Jun-2023;Forward;6.520;August 2023;Month +2
09-Jun-2023;Forward;6.602;Q3 2023;Quarter +1
09-Jun-2023;Forward;8.526;Winter 2023;Season +1
09-Jun-2023;Forward;7.652;Summer 2024;Season +2
09-Jun-2023;Forward;8.411;Calendar 2024;Calendar +1
09-Jun-2023;Forward;7.567;Calendar 2025;Calendar +2
09-Jun-2023;Forward;7.021;Calendar 2026;Calendar +3
09-Jun-2023;Spot;6.270;9-Jun-2023;Spot
09-Jun-2023;PPA 40;6.398;10-Year Pay-as-Produced;PPA 40
09-Jun-2023;RED II;6.157;10-Year PPA Pay-as-Produced;RED II
08-Jun-2023;Forward;6.336;July 2023;Month +1
08-Jun-2023;Forward;6.560;August 2023;Month +2
08-Jun-2023;Forward;6.599;Q3 2023;Quarter +1
08-Jun-2023;Forward;8.326;Winter 2023;Season +1
08-Jun-2023;Forward;7.507;Summer 2024;Season +2
08-Jun-2023;Forward;8.220;Calendar 2024;Calendar +1
08-Jun-2023;Forward;7.523;Calendar 2025;Calendar +2
08-Jun-2023;Forward;6.905;Calendar 2026;Calendar +3
08-Jun-2023;Spot;6.429;8-Jun-2023;Spot
08-Jun-2023;PPA 40;6.337;10-Year Pay-as-Produced;PPA 40
08-Jun-2023;RED II;6.134;10-Year PPA Pay-as-Produced;RED II
07-Jun-2023;Forward;6.160;July 2023;Month +1
07-Jun-2023;Forward;6.347;August 2023;Month +2
07-Jun-2023;Forward;6.393;Q3 2023;Quarter +1
07-Jun-2023;Forward;8.233;Winter 2023;Season +1
07-Jun-2023;Forward;7.399;Summer 2024;Season +2
07-Jun-2023;Forward;8.073;Calendar 2024;Calendar +1
07-Jun-2023;Forward;7.447;Calendar 2025;Calendar +2
07-Jun-2023;Forward;6.770;Calendar 2026;Calendar +3
07-Jun-2023;Spot;6.712;7-Jun-2023;Spot
07-Jun-2023;PPA 40;6.285;10-Year Pay-as-Produced;PPA 40
07-Jun-2023;RED II;6.114;10-Year PPA Pay-as-Produced;RED II
06-Jun-2023;Forward;6.428;July 2023;Month +1
06-Jun-2023;Forward;6.657;August 2023;Month +2
06-Jun-2023;Forward;6.713;Q3 2023;Quarter +1
06-Jun-2023;Forward;8.575;Winter 2023;Season +1
06-Jun-2023;Forward;7.701;Summer 2024;Season +2
06-Jun-2023;Forward;8.414;Calendar 2024;Calendar +1
06-Jun-2023;Forward;7.664;Calendar 2025;Calendar +2
06-Jun-2023;Forward;6.930;Calendar 2026;Calendar +3
06-Jun-2023;Spot;6.345;6-Jun-2023;Spot
06-Jun-2023;PPA 40;6.391;10-Year Pay-as-Produced;PPA 40
06-Jun-2023;RED II;6.162;10-Year PPA Pay-as-Produced;RED II
05-Jun-2023;Spot;6.154;5-Jun-2023;Spot
04-Jun-2023;Spot;5.515;4-Jun-2023;Spot
03-Jun-2023;Forward;5.730;July 2023;Month +1
03-Jun-2023;Forward;5.943;August 2023;Month +2
03-Jun-2023;Forward;6.040;Q3 2023;Quarter +1
03-Jun-2023;Forward;8.002;Winter 2023;Season +1
03-Jun-2023;Forward;7.472;Summer 2024;Season +2
03-Jun-2023;Forward;8.122;Calendar 2024;Calendar +1
03-Jun-2023;Forward;7.402;Calendar 2025;Calendar +2
03-Jun-2023;Forward;6.792;Calendar 2026;Calendar +3
03-Jun-2023;Spot;4.953;3-Jun-2023;Spot
03-Jun-2023;PPA 40;6.268;10-Year Pay-as-Produced;PPA 40
03-Jun-2023;RED II;6.114;10-Year PPA Pay-as-Produced;RED II
02-Jun-2023;Forward;5.711;July 2023;Month +1
02-Jun-2023;Forward;5.887;August 2023;Month +2
02-Jun-2023;Forward;6.008;Q3 2023;Quarter +1
02-Jun-2023;Forward;7.959;Winter 2023;Season +1
02-Jun-2023;Forward;7.438;Summer 2024;Season +2
02-Jun-2023;Forward;8.067;Calendar 2024;Calendar +1
02-Jun-2023;Forward;7.357;Calendar 2025;Calendar +2
02-Jun-2023;Forward;6.696;Calendar 2026;Calendar +3
02-Jun-2023;Spot;5.764;2-Jun-2023;Spot
02-Jun-2023;PPA 40;6.268;10-Year Pay-as-Produced;PPA 40
02-Jun-2023;RED II;6.102;10-Year PPA Pay-as-Produced;RED II
01-Jun-2023;Forward;5.261;June 2023;Month +1
01-Jun-2023;Forward;6.016;July 2023;Month +2
01-Jun-2023;Forward;6.332;Q3 2023;Quarter +1
01-Jun-2023;Forward;8.392;Winter 2023;Season +1
01-Jun-2023;Forward;7.715;Summer 2024;Season +2
01-Jun-2023;Forward;8.430;Calendar 2024;Calendar +1
01-Jun-2023;Forward;7.531;Calendar 2025;Calendar +2
01-Jun-2023;Forward;6.775;Calendar 2026;Calendar +3
01-Jun-2023;Spot;5.198;1-Jun-2023;Spot
01-Jun-2023;PPA 40;6.300;10-Year Pay-as-Produced;PPA 40
01-Jun-2023;RED II;6.146;10-Year PPA Pay-as-Produced;RED II
31-May-2023;Forward;5.587;June 2023;Month +1
31-May-2023;Forward;5.952;July 2023;Month +2
31-May-2023;Forward;6.257;Q3 2023;Quarter +1
31-May-2023;Forward;8.289;Winter 2023;Season +1
31-May-2023;Forward;7.738;Summer 2024;Season +2
31-May-2023;Forward;8.335;Calendar 2024;Calendar +1
31-May-2023;Forward;7.506;Calendar 2025;Calendar +2
31-May-2023;Forward;6.774;Calendar 2026;Calendar +3
31-May-2023;Spot;5.719;31-May-2023;Spot
31-May-2023;PPA 40;6.276;10-Year Pay-as-Produced;PPA 40
31-May-2023;RED II;6.140;10-Year PPA Pay-as-Produced;RED II
30-May-2023;Forward;5.653;June 2023;Month +1
30-May-2023;Forward;5.972;July 2023;Month +2
30-May-2023;Forward;6.273;Q3 2023;Quarter +1
30-May-2023;Forward;8.536;Winter 2023;Season +1
30-May-2023;Forward;7.650;Summer 2024;Season +2
30-May-2023;Forward;8.451;Calendar 2024;Calendar +1
30-May-2023;Forward;7.458;Calendar 2025;Calendar +2
30-May-2023;Forward;6.748;Calendar 2026;Calendar +3
30-May-2023;Spot;5.864;30-May-2023;Spot
30-May-2023;PPA 40;6.260;10-Year Pay-as-Produced;PPA 40
30-May-2023;RED II;6.147;10-Year PPA Pay-as-Produced;RED II
29-May-2023;Spot;3.765;29-May-2023;Spot
28-May-2023;Spot;4.366;28-May-2023;Spot
27-May-2023;Forward;5.758;June 2023;Month +1
27-May-2023;Forward;6.040;July 2023;Month +2
27-May-2023;Forward;6.381;Q3 2023;Quarter +1
27-May-2023;Forward;8.578;Winter 2023;Season +1
27-May-2023;Forward;7.721;Summer 2024;Season +2
27-May-2023;Forward;8.482;Calendar 2024;Calendar +1
27-May-2023;Forward;7.483;Calendar 2025;Calendar +2
27-May-2023;Forward;6.743;Calendar 2026;Calendar +3
27-May-2023;Spot;5.189;27-May-2023;Spot
27-May-2023;PPA 40;6.248;10-Year Pay-as-Produced;PPA 40
27-May-2023;RED II;6.147;10-Year PPA Pay-as-Produced;RED II
26-May-2023;Forward;5.834;June 2023;Month +1
26-May-2023;Forward;6.158;July 2023;Month +2
26-May-2023;Forward;6.522;Q3 2023;Quarter +1
26-May-2023;Forward;8.680;Winter 2023;Season +1
26-May-2023;Forward;7.807;Summer 2024;Season +2
26-May-2023;Forward;8.625;Calendar 2024;Calendar +1
26-May-2023;Forward;7.537;Calendar 2025;Calendar +2
26-May-2023;Forward;6.812;Calendar 2026;Calendar +3
26-May-2023;Spot;4.986;26-May-2023;Spot
26-May-2023;PPA 40;6.286;10-Year Pay-as-Produced;PPA 40
26-May-2023;RED II;6.168;10-Year PPA Pay-as-Produced;RED II
25-May-2023;Forward;6.014;June 2023;Month +1
25-May-2023;Forward;6.364;July 2023;Month +2
25-May-2023;Forward;6.699;Q3 2023;Quarter +1
25-May-2023;Forward;9.014;Winter 2023;Season +1
25-May-2023;Forward;8.041;Summer 2024;Season +2
25-May-2023;Forward;8.922;Calendar 2024;Calendar +1
25-May-2023;Forward;7.744;Calendar 2025;Calendar +2
25-May-2023;Forward;7.052;Calendar 2026;Calendar +3
25-May-2023;Spot;5.977;25-May-2023;Spot
25-May-2023;PPA 40;6.394;10-Year Pay-as-Produced;PPA 40
25-May-2023;RED II;6.213;10-Year PPA Pay-as-Produced;RED II
24-May-2023;Forward;6.062;June 2023;Month +1
24-May-2023;Forward;6.460;July 2023;Month +2
24-May-2023;Forward;6.814;Q3 2023;Quarter +1
24-May-2023;Forward;9.120;Winter 2023;Season +1
24-May-2023;Forward;8.124;Summer 2024;Season +2
24-May-2023;Forward;9.003;Calendar 2024;Calendar +1
24-May-2023;Forward;7.800;Calendar 2025;Calendar +2
24-May-2023;Forward;7.112;Calendar 2026;Calendar +3
24-May-2023;Spot;6.507;24-May-2023;Spot
24-May-2023;PPA 40;6.515;10-Year Pay-as-Produced;PPA 40
24-May-2023;RED II;6.228;10-Year PPA Pay-as-Produced;RED II
23-May-2023;Forward;6.221;June 2023;Month +1
23-May-2023;Forward;6.513;July 2023;Month +2
23-May-2023;Forward;6.833;Q3 2023;Quarter +1
23-May-2023;Forward;9.220;Winter 2023;Season +1
23-May-2023;Forward;8.201;Summer 2024;Season +2
23-May-2023;Forward;9.096;Calendar 2024;Calendar +1
23-May-2023;Forward;7.829;Calendar 2025;Calendar +2
23-May-2023;Forward;7.163;Calendar 2026;Calendar +3
23-May-2023;Spot;5.814;23-May-2023;Spot
23-May-2023;PPA 40;6.553;10-Year Pay-as-Produced;PPA 40
23-May-2023;RED II;6.238;10-Year PPA Pay-as-Produced;RED II
22-May-2023;Spot;6.513;22-May-2023;Spot
21-May-2023;Spot;4.124;21-May-2023;Spot
20-May-2023;Forward;6.352;June 2023;Month +1
20-May-2023;Forward;6.647;July 2023;Month +2
20-May-2023;Forward;6.974;Q3 2023;Quarter +1
20-May-2023;Forward;9.402;Winter 2023;Season +1
20-May-2023;Forward;8.279;Summer 2024;Season +2
20-May-2023;Forward;9.210;Calendar 2024;Calendar +1
20-May-2023;Forward;8.044;Calendar 2025;Calendar +2
20-May-2023;Forward;7.237;Calendar 2026;Calendar +3
20-May-2023;Spot;4.450;20-May-2023;Spot
20-May-2023;PPA 40;6.588;10-Year Pay-as-Produced;PPA 40
20-May-2023;RED II;6.262;10-Year PPA Pay-as-Produced;RED II
19-May-2023;Forward;6.271;June 2023;Month +1
19-May-2023;Forward;6.587;July 2023;Month +2
19-May-2023;Forward;6.846;Q3 2023;Quarter +1
19-May-2023;Forward;9.297;Winter 2023;Season +1
19-May-2023;Forward;8.247;Summer 2024;Season +2
19-May-2023;Forward;9.178;Calendar 2024;Calendar +1
19-May-2023;Forward;8.037;Calendar 2025;Calendar +2
19-May-2023;Forward;7.262;Calendar 2026;Calendar +3
19-May-2023;Spot;6.169;19-May-2023;Spot
19-May-2023;PPA 40;6.589;10-Year Pay-as-Produced;PPA 40
19-May-2023;RED II;6.260;10-Year PPA Pay-as-Produced;RED II
18-May-2023;Forward;6.376;June 2023;Month +1
18-May-2023;Forward;6.715;July 2023;Month +2
18-May-2023;Forward;7.021;Q3 2023;Quarter +1
18-May-2023;Forward;9.455;Winter 2023;Season +1
18-May-2023;Forward;8.469;Summer 2024;Season +2
18-May-2023;Forward;9.394;Calendar 2024;Calendar +1
18-May-2023;Forward;8.172;Calendar 2025;Calendar +2
18-May-2023;Forward;7.334;Calendar 2026;Calendar +3
18-May-2023;Spot;6.491;18-May-2023;Spot
18-May-2023;PPA 40;6.289;10-Year Pay-as-Produced;PPA 40
18-May-2023;RED II;6.289;10-Year PPA Pay-as-Produced;RED II
17-May-2023;Forward;6.398;June 2023;Month +1
17-May-2023;Forward;6.770;July 2023;Month +2
17-May-2023;Forward;7.043;Q3 2023;Quarter +1
17-May-2023;Forward;9.301;Winter 2023;Season +1
17-May-2023;Forward;8.170;Summer 2024;Season +2
17-May-2023;Forward;9.118;Calendar 2024;Calendar +1
17-May-2023;Forward;8.042;Calendar 2025;Calendar +2
17-May-2023;Forward;7.229;Calendar 2026;Calendar +3
17-May-2023;Spot;5.253;17-May-2023;Spot
17-May-2023;PPA 40;6.579;10-Year Pay-as-Produced;PPA 40
17-May-2023;RED II;6.255;10-Year PPA Pay-as-Produced;RED II
16-May-2023;Forward;6.392;June 2023;Month +1
16-May-2023;Forward;6.787;July 2023;Month +2
16-May-2023;Forward;7.072;Q3 2023;Quarter +1
16-May-2023;Forward;9.433;Winter 2023;Season +1
16-May-2023;Forward;8.302;Summer 2024;Season +2
16-May-2023;Forward;9.206;Calendar 2024;Calendar +1
16-May-2023;Forward;7.935;Calendar 2025;Calendar +2
16-May-2023;Forward;7.187;Calendar 2026;Calendar +3
16-May-2023;Spot;6.109;16-May-2023;Spot
16-May-2023;PPA 40;6.573;10-Year Pay-as-Produced;PPA 40
16-May-2023;RED II;6.256;10-Year PPA Pay-as-Produced;RED II
15-May-2023;Spot;7.717;15-May-2023;Spot
14-May-2023;Spot;6.422;14-May-2023;Spot
13-May-2023;Forward;6.538;June 2023;Month +1
13-May-2023;Forward;6.839;July 2023;Month +2
13-May-2023;Forward;7.108;Q3 2023;Quarter +1
13-May-2023;Forward;9.930;Winter 2023;Season +1
13-May-2023;Forward;8.591;Summer 2024;Season +2
13-May-2023;Forward;9.585;Calendar 2024;Calendar +1
13-May-2023;Forward;8.135;Calendar 2025;Calendar +2
13-May-2023;Forward;7.301;Calendar 2026;Calendar +3
13-May-2023;Spot;6.242;13-May-2023;Spot
13-May-2023;PPA 40;6.668;10-Year Pay-as-Produced;PPA 40
13-May-2023;RED II;6.300;10-Year PPA Pay-as-Produced;RED II
12-May-2023;Forward;6.605;June 2023;Month +1
12-May-2023;Forward;6.991;July 2023;Month +2
12-May-2023;Forward;7.280;Q3 2023;Quarter +1
12-May-2023;Forward;10.166;Winter 2023;Season +1
12-May-2023;Forward;8.767;Summer 2024;Season +2
12-May-2023;Forward;9.814;Calendar 2024;Calendar +1
12-May-2023;Forward;8.251;Calendar 2025;Calendar +2
12-May-2023;Forward;7.261;Calendar 2026;Calendar +3
12-May-2023;Spot;7.097;12-May-2023;Spot
12-May-2023;PPA 40;6.700;10-Year Pay-as-Produced;PPA 40
12-May-2023;RED II;6.328;10-Year PPA Pay-as-Produced;RED II
11-May-2023;Forward;6.616;June 2023;Month +1
11-May-2023;Forward;6.982;July 2023;Month +2
11-May-2023;Forward;7.288;Q3 2023;Quarter +1
11-May-2023;Forward;10.159;Winter 2023;Season +1
11-May-2023;Forward;8.772;Summer 2024;Season +2
11-May-2023;Forward;9.800;Calendar 2024;Calendar +1
11-May-2023;Forward;8.255;Calendar 2025;Calendar +2
11-May-2023;Forward;7.422;Calendar 2026;Calendar +3
11-May-2023;Spot;7.646;11-May-2023;Spot
11-May-2023;PPA 40;6.754;10-Year Pay-as-Produced;PPA 40
11-May-2023;RED II;6.332;10-Year PPA Pay-as-Produced;RED II
10-May-2023;Forward;6.651;June 2023;Month +1
10-May-2023;Forward;7.036;July 2023;Month +2
10-May-2023;Forward;7.388;Q3 2023;Quarter +1
10-May-2023;Forward;10.206;Winter 2023;Season +1
10-May-2023;Forward;8.716;Summer 2024;Season +2
10-May-2023;Forward;9.740;Calendar 2024;Calendar +1
10-May-2023;Forward;8.258;Calendar 2025;Calendar +2
10-May-2023;Forward;7.298;Calendar 2026;Calendar +3
10-May-2023;Spot;7.183;10-May-2023;Spot
10-May-2023;PPA 40;6.731;10-Year Pay-as-Produced;PPA 40
10-May-2023;RED II;6.322;10-Year PPA Pay-as-Produced;RED II
09-May-2023;Forward;6.739;June 2023;Month +1
09-May-2023;Forward;7.086;July 2023;Month +2
09-May-2023;Forward;7.443;Q3 2023;Quarter +1
09-May-2023;Forward;10.147;Winter 2023;Season +1
09-May-2023;Forward;8.652;Summer 2024;Season +2
09-May-2023;Forward;9.611;Calendar 2024;Calendar +1
09-May-2023;Forward;8.297;Calendar 2025;Calendar +2
09-May-2023;Forward;7.352;Calendar 2026;Calendar +3
09-May-2023;Spot;6.776;9-May-2023;Spot
09-May-2023;PPA 40;6.743;10-Year Pay-as-Produced;PPA 40
09-May-2023;RED II;6.322;10-Year PPA Pay-as-Produced;RED II
08-May-2023;Spot;6.642;8-May-2023;Spot
07-May-2023;Spot;6.124;7-May-2023;Spot
06-May-2023;Forward;6.679;June 2023;Month +1
06-May-2023;Forward;6.966;July 2023;Month +2
06-May-2023;Forward;7.331;Q3 2023;Quarter +1
06-May-2023;Forward;10.028;Winter 2023;Season +1
06-May-2023;Forward;8.576;Summer 2024;Season +2
06-May-2023;Forward;9.537;Calendar 2024;Calendar +1
06-May-2023;Forward;8.048;Calendar 2025;Calendar +2
06-May-2023;Forward;7.320;Calendar 2026;Calendar +3
06-May-2023;Spot;6.844;6-May-2023;Spot
06-May-2023;PPA 40;6.696;10-Year Pay-as-Produced;PPA 40
06-May-2023;RED II;6.294;10-Year PPA Pay-as-Produced;RED II
05-May-2023;Forward;6.585;June 2023;Month +1
05-May-2023;Forward;6.940;July 2023;Month +2
05-May-2023;Forward;7.303;Q3 2023;Quarter +1
05-May-2023;Forward;9.893;Winter 2023;Season +1
05-May-2023;Forward;8.417;Summer 2024;Season +2
05-May-2023;Forward;9.413;Calendar 2024;Calendar +1
05-May-2023;Forward;7.973;Calendar 2025;Calendar +2
05-May-2023;Forward;7.298;Calendar 2026;Calendar +3
05-May-2023;Spot;6.657;5-May-2023;Spot
05-May-2023;PPA 40;6.653;10-Year Pay-as-Produced;PPA 40
05-May-2023;RED II;6.283;10-Year PPA Pay-as-Produced;RED II
04-May-2023;Forward;6.708;June 2023;Month +1
04-May-2023;Forward;7.005;July 2023;Month +2
04-May-2023;Forward;7.441;Q3 2023;Quarter +1
04-May-2023;Forward;9.991;Winter 2023;Season +1
04-May-2023;Forward;8.507;Summer 2024;Season +2
04-May-2023;Forward;9.505;Calendar 2024;Calendar +1
04-May-2023;Forward;8.036;Calendar 2025;Calendar +2
04-May-2023;Forward;7.308;Calendar 2026;Calendar +3
04-May-2023;Spot;6.794;4-May-2023;Spot
04-May-2023;PPA 40;6.667;10-Year Pay-as-Produced;PPA 40
04-May-2023;RED II;6.294;10-Year PPA Pay-as-Produced;RED II
03-May-2023;Forward;6.820;June 2023;Month +1
03-May-2023;Forward;7.201;July 2023;Month +2
03-May-2023;Forward;7.570;Q3 2023;Quarter +1
03-May-2023;Forward;10.093;Winter 2023;Season +1
03-May-2023;Forward;8.698;Summer 2024;Season +2
03-May-2023;Forward;9.669;Calendar 2024;Calendar +1
03-May-2023;Forward;8.186;Calendar 2025;Calendar +2
03-May-2023;Forward;7.445;Calendar 2026;Calendar +3
03-May-2023;Spot;6.924;3-May-2023;Spot
03-May-2023;PPA 40;6.748;10-Year Pay-as-Produced;PPA 40
03-May-2023;RED II;6.322;10-Year PPA Pay-as-Produced;RED II
02-May-2023;Spot;6.977;2-May-2023;Spot
01-May-2023;Spot;8.042;1-May-2023;Spot
30-Apr-2023;Spot;6.131;30-Apr-2023;Spot
29-Apr-2023;Forward;6.518;May 2023;Month +1
29-Apr-2023;Forward;6.885;June 2023;Month +2
29-Apr-2023;Forward;7.623;Q3 2023;Quarter +1
29-Apr-2023;Forward;10.093;Winter 2023;Season +1
29-Apr-2023;Forward;8.667;Summer 2024;Season +2
29-Apr-2023;Forward;9.619;Calendar 2024;Calendar +1
29-Apr-2023;Forward;8.165;Calendar 2025;Calendar +2
29-Apr-2023;Forward;7.412;Calendar 2026;Calendar +3
29-Apr-2023;Spot;7.468;29-Apr-2023;Spot
29-Apr-2023;PPA 40;6.748;10-Year Pay-as-Produced;PPA 40
29-Apr-2023;RED II;6.321;10-Year PPA Pay-as-Produced;RED II
28-Apr-2023;Forward;6.522;May 2023;Month +1
28-Apr-2023;Forward;6.975;June 2023;Month +2
28-Apr-2023;Forward;7.749;Q3 2023;Quarter +1
28-Apr-2023;Forward;10.149;Winter 2023;Season +1
28-Apr-2023;Forward;8.650;Summer 2024;Season +2
28-Apr-2023;Forward;9.630;Calendar 2024;Calendar +1
28-Apr-2023;Forward;8.104;Calendar 2025;Calendar +2
28-Apr-2023;Forward;7.376;Calendar 2026;Calendar +3
28-Apr-2023;Spot;7.112;28-Apr-2023;Spot
28-Apr-2023;PPA 40;6.703;10-Year Pay-as-Produced;PPA 40
28-Apr-2023;RED II;6.311;10-Year PPA Pay-as-Produced;RED II
27-Apr-2023;Forward;6.525;May 2023;Month +1
27-Apr-2023;Forward;6.949;June 2023;Month +2
27-Apr-2023;Forward;7.739;Q3 2023;Quarter +1
27-Apr-2023;Forward;9.935;Winter 2023;Season +1
27-Apr-2023;Forward;8.391;Summer 2024;Season +2
27-Apr-2023;Forward;9.363;Calendar 2024;Calendar +1
27-Apr-2023;Forward;7.985;Calendar 2025;Calendar +2
27-Apr-2023;Forward;7.243;Calendar 2026;Calendar +3
27-Apr-2023;Spot;7.492;27-Apr-2023;Spot
27-Apr-2023;PPA 40;6.681;10-Year Pay-as-Produced;PPA 40
27-Apr-2023;RED II;6.279;10-Year PPA Pay-as-Produced;RED II
26-Apr-2023;Forward;6.632;May 2023;Month +1
26-Apr-2023;Forward;7.155;June 2023;Month +2
26-Apr-2023;Forward;7.934;Q3 2023;Quarter +1
26-Apr-2023;Forward;9.943;Winter 2023;Season +1
26-Apr-2023;Forward;8.550;Summer 2024;Season +2
26-Apr-2023;Forward;9.493;Calendar 2024;Calendar +1
26-Apr-2023;Forward;8.048;Calendar 2025;Calendar +2
26-Apr-2023;Forward;7.414;Calendar 2026;Calendar +3
26-Apr-2023;Spot;7.376;26-Apr-2023;Spot
26-Apr-2023;PPA 40;6.721;10-Year Pay-as-Produced;PPA 40
26-Apr-2023;RED II;6.300;10-Year PPA Pay-as-Produced;RED II
25-Apr-2023;Forward;6.780;May 2023;Month +1
25-Apr-2023;Forward;7.221;June 2023;Month +2
25-Apr-2023;Forward;7.975;Q3 2023;Quarter +1
25-Apr-2023;Forward;10.041;Winter 2023;Season +1
25-Apr-2023;Forward;8.544;Summer 2024;Season +2
25-Apr-2023;Forward;9.476;Calendar 2024;Calendar +1
25-Apr-2023;Forward;8.000;Calendar 2025;Calendar +2
25-Apr-2023;Forward;7.362;Calendar 2026;Calendar +3
25-Apr-2023;Spot;7.006;25-Apr-2023;Spot
25-Apr-2023;PPA 40;6.703;10-Year Pay-as-Produced;PPA 40
25-Apr-2023;RED II;6.294;10-Year PPA Pay-as-Produced;RED II
24-Apr-2023;Spot;6.970;24-Apr-2023;Spot
23-Apr-2023;Spot;7.174;23-Apr-2023;Spot
22-Apr-2023;Forward;6.825;May 2023;Month +1
22-Apr-2023;Forward;7.368;June 2023;Month +2
22-Apr-2023;Forward;8.029;Q3 2023;Quarter +1
22-Apr-2023;Forward;10.070;Winter 2023;Season +1
22-Apr-2023;Forward;8.571;Summer 2024;Season +2
22-Apr-2023;Forward;9.451;Calendar 2024;Calendar +1
22-Apr-2023;Forward;8.068;Calendar 2025;Calendar +2
22-Apr-2023;Forward;7.445;Calendar 2026;Calendar +3
22-Apr-2023;Spot;6.575;22-Apr-2023;Spot
22-Apr-2023;PPA 40;6.748;10-Year Pay-as-Produced;PPA 40
22-Apr-2023;RED II;6.304;10-Year PPA Pay-as-Produced;RED II
21-Apr-2023;Forward;6.884;May 2023;Month +1
21-Apr-2023;Forward;7.474;June 2023;Month +2
21-Apr-2023;Forward;8.071;Q3 2023;Quarter +1
21-Apr-2023;Forward;10.219;Winter 2023;Season +1
21-Apr-2023;Forward;8.741;Summer 2024;Season +2
21-Apr-2023;Forward;9.667;Calendar 2024;Calendar +1
21-Apr-2023;Forward;8.243;Calendar 2025;Calendar +2
21-Apr-2023;Forward;7.420;Calendar 2026;Calendar +3
21-Apr-2023;Spot;6.674;21-Apr-2023;Spot
21-Apr-2023;PPA 40;6.774;10-Year Pay-as-Produced;PPA 40
21-Apr-2023;RED II;6.332;10-Year PPA Pay-as-Produced;RED II
20-Apr-2023;Forward;6.944;May 2023;Month +1
20-Apr-2023;Forward;7.519;June 2023;Month +2
20-Apr-2023;Forward;8.150;Q3 2023;Quarter +1
20-Apr-2023;Forward;10.182;Winter 2023;Season +1
20-Apr-2023;Forward;8.715;Summer 2024;Season +2
20-Apr-2023;Forward;9.634;Calendar 2024;Calendar +1
20-Apr-2023;Forward;8.218;Calendar 2025;Calendar +2
20-Apr-2023;Forward;7.497;Calendar 2026;Calendar +3
20-Apr-2023;Spot;7.447;20-Apr-2023;Spot
20-Apr-2023;PPA 40;6.794;10-Year Pay-as-Produced;PPA 40
20-Apr-2023;RED II;6.332;10-Year PPA Pay-as-Produced;RED II
19-Apr-2023;Forward;7.084;May 2023;Month +1
19-Apr-2023;Forward;7.667;June 2023;Month +2
19-Apr-2023;Forward;8.360;Q3 2023;Quarter +1
19-Apr-2023;Forward;10.347;Winter 2023;Season +1
19-Apr-2023;Forward;8.883;Summer 2024;Season +2
19-Apr-2023;Forward;9.783;Calendar 2024;Calendar +1
19-Apr-2023;Forward;8.270;Calendar 2025;Calendar +2
19-Apr-2023;Forward;7.512;Calendar 2026;Calendar +3
19-Apr-2023;Spot;6.882;19-Apr-2023;Spot
19-Apr-2023;PPA 40;6.809;10-Year Pay-as-Produced;PPA 40
19-Apr-2023;RED II;6.349;10-Year PPA Pay-as-Produced;RED II
18-Apr-2023;Forward;6.938;May 2023;Month +1
18-Apr-2023;Forward;7.542;June 2023;Month +2
18-Apr-2023;Forward;8.135;Q3 2023;Quarter +1
18-Apr-2023;Forward;10.133;Winter 2023;Season +1
18-Apr-2023;Forward;8.700;Summer 2024;Season +2
18-Apr-2023;Forward;9.582;Calendar 2024;Calendar +1
18-Apr-2023;Forward;8.160;Calendar 2025;Calendar +2
18-Apr-2023;Forward;7.447;Calendar 2026;Calendar +3
18-Apr-2023;Spot;7.540;18-Apr-2023;Spot
18-Apr-2023;PPA 40;6.772;10-Year Pay-as-Produced;PPA 40
18-Apr-2023;RED II;6.321;10-Year PPA Pay-as-Produced;RED II
17-Apr-2023;Spot;7.956;17-Apr-2023;Spot
16-Apr-2023;Spot;8.138;16-Apr-2023;Spot
15-Apr-2023;Forward;6.955;May 2023;Month +1
15-Apr-2023;Forward;7.609;June 2023;Month +2
15-Apr-2023;Forward;8.145;Q3 2023;Quarter +1
15-Apr-2023;Forward;10.040;Winter 2023;Season +1
15-Apr-2023;Forward;8.717;Summer 2024;Season +2
15-Apr-2023;Forward;9.560;Calendar 2024;Calendar +1
15-Apr-2023;Forward;8.182;Calendar 2025;Calendar +2
15-Apr-2023;Forward;7.461;Calendar 2026;Calendar +3
15-Apr-2023;Spot;7.794;15-Apr-2023;Spot
15-Apr-2023;PPA 40;6.771;10-Year Pay-as-Produced;PPA 40
15-Apr-2023;RED II;6.322;10-Year PPA Pay-as-Produced;RED II
14-Apr-2023;Forward;7.057;May 2023;Month +1
14-Apr-2023;Forward;7.758;June 2023;Month +2
14-Apr-2023;Forward;8.344;Q3 2023;Quarter +1
14-Apr-2023;Forward;10.304;Winter 2023;Season +1
14-Apr-2023;Forward;8.976;Summer 2024;Season +2
14-Apr-2023;Forward;9.819;Calendar 2024;Calendar +1
14-Apr-2023;Forward;8.250;Calendar 2025;Calendar +2
14-Apr-2023;Forward;7.468;Calendar 2026;Calendar +3
14-Apr-2023;Spot;8.228;14-Apr-2023;Spot
14-Apr-2023;PPA 40;6.823;10-Year Pay-as-Produced;PPA 40
14-Apr-2023;RED II;6.349;10-Year PPA Pay-as-Produced;RED II
13-Apr-2023;Forward;7.112;May 2023;Month +1
13-Apr-2023;Forward;7.854;June 2023;Month +2
13-Apr-2023;Forward;8.462;Q3 2023;Quarter +1
13-Apr-2023;Forward;10.353;Winter 2023;Season +1
13-Apr-2023;Forward;9.073;Summer 2024;Season +2
13-Apr-2023;Forward;9.960;Calendar 2024;Calendar +1
13-Apr-2023;Forward;8.438;Calendar 2025;Calendar +2
13-Apr-2023;Forward;7.551;Calendar 2026;Calendar +3
13-Apr-2023;Spot;7.715;13-Apr-2023;Spot
13-Apr-2023;PPA 40;6.860;10-Year Pay-as-Produced;PPA 40
13-Apr-2023;RED II;6.377;10-Year PPA Pay-as-Produced;RED II
12-Apr-2023;Forward;7.211;May 2023;Month +1
12-Apr-2023;Forward;7.944;June 2023;Month +2
12-Apr-2023;Forward;8.586;Q3 2023;Quarter +1
12-Apr-2023;Forward;10.304;Winter 2023;Season +1
12-Apr-2023;Forward;8.882;Summer 2024;Season +2
12-Apr-2023;Forward;9.761;Calendar 2024;Calendar +1
12-Apr-2023;Forward;8.332;Calendar 2025;Calendar +2
12-Apr-2023;Forward;7.533;Calendar 2026;Calendar +3
12-Apr-2023;Spot;7.194;12-Apr-2023;Spot
12-Apr-2023;PPA 40;6.827;10-Year Pay-as-Produced;PPA 40
12-Apr-2023;RED II;6.349;10-Year PPA Pay-as-Produced;RED II
11-Apr-2023;Spot;6.872;11-Apr-2023;Spot
10-Apr-2023;Spot;5.939;10-Apr-2023;Spot
09-Apr-2023;Spot;8.092;9-Apr-2023;Spot
08-Apr-2023;Spot;8.392;8-Apr-2023;Spot
07-Apr-2023;Forward;7.214;May 2023;Month +1
07-Apr-2023;Forward;7.951;June 2023;Month +2
07-Apr-2023;Forward;8.515;Q3 2023;Quarter +1
07-Apr-2023;Forward;10.065;Winter 2023;Season +1
07-Apr-2023;Forward;8.662;Summer 2024;Season +2
07-Apr-2023;Forward;9.522;Calendar 2024;Calendar +1
07-Apr-2023;Forward;8.134;Calendar 2025;Calendar +2
07-Apr-2023;Forward;7.432;Calendar 2026;Calendar +3
07-Apr-2023;Spot;8.379;7-Apr-2023;Spot
07-Apr-2023;PPA 40;6.723;10-Year Pay-as-Produced;PPA 40
07-Apr-2023;RED II;6.238;10-Year PPA Pay-as-Produced;RED II
06-Apr-2023;Forward;7.373;May 2023;Month +1
06-Apr-2023;Forward;8.064;June 2023;Month +2
06-Apr-2023;Forward;8.543;Q3 2023;Quarter +1
06-Apr-2023;Forward;10.231;Winter 2023;Season +1
06-Apr-2023;Forward;8.702;Summer 2024;Season +2
06-Apr-2023;Forward;9.599;Calendar 2024;Calendar +1
06-Apr-2023;Forward;8.161;Calendar 2025;Calendar +2
06-Apr-2023;Forward;7.439;Calendar 2026;Calendar +3
06-Apr-2023;Spot;8.435;6-Apr-2023;Spot
06-Apr-2023;PPA 40;6.787;10-Year Pay-as-Produced;PPA 40
06-Apr-2023;RED II;6.246;10-Year PPA Pay-as-Produced;RED II
05-Apr-2023;Forward;7.554;May 2023;Month +1
05-Apr-2023;Forward;8.209;June 2023;Month +2
05-Apr-2023;Forward;8.814;Q3 2023;Quarter +1
05-Apr-2023;Forward;10.643;Winter 2023;Season +1
05-Apr-2023;Forward;8.879;Summer 2024;Season +2
05-Apr-2023;Forward;9.764;Calendar 2024;Calendar +1
05-Apr-2023;Forward;8.415;Calendar 2025;Calendar +2
05-Apr-2023;Forward;7.482;Calendar 2026;Calendar +3
05-Apr-2023;Spot;8.896;5-Apr-2023;Spot
05-Apr-2023;PPA 40;6.808;10-Year Pay-as-Produced;PPA 40
05-Apr-2023;RED II;6.283;10-Year PPA Pay-as-Produced;RED II
04-Apr-2023;Forward;7.897;May 2023;Month +1
04-Apr-2023;Forward;8.621;June 2023;Month +2
04-Apr-2023;Forward;9.257;Q3 2023;Quarter +1
04-Apr-2023;Forward;11.181;Winter 2023;Season +1
04-Apr-2023;Forward;9.411;Summer 2024;Season +2
04-Apr-2023;Forward;10.422;Calendar 2024;Calendar +1
04-Apr-2023;Forward;8.707;Calendar 2025;Calendar +2
04-Apr-2023;Forward;7.729;Calendar 2026;Calendar +3
04-Apr-2023;Spot;8.240;4-Apr-2023;Spot
04-Apr-2023;PPA 40;7.029;10-Year Pay-as-Produced;PPA 40
04-Apr-2023;RED II;6.344;10-Year PPA Pay-as-Produced;RED II
03-Apr-2023;Spot;7.268;3-Apr-2023;Spot
02-Apr-2023;Spot;6.315;2-Apr-2023;Spot
01-Apr-2023;Forward;7.707;May 2023;Month +1
01-Apr-2023;Forward;8.336;June 2023;Month +2
01-Apr-2023;Forward;9.033;Q3 2023;Quarter +1
01-Apr-2023;Forward;10.768;Winter 2023;Season +1
01-Apr-2023;Forward;8.943;Summer 2024;Season +2
01-Apr-2023;Forward;9.866;Calendar 2024;Calendar +1
01-Apr-2023;Forward;8.321;Calendar 2025;Calendar +2
01-Apr-2023;Forward;7.392;Calendar 2026;Calendar +3
01-Apr-2023;Spot;5.003;1-Apr-2023;Spot
01-Apr-2023;PPA 40;6.789;10-Year Pay-as-Produced;PPA 40
01-Apr-2023;RED II;6.274;10-Year PPA Pay-as-Produced;RED II
31-Mar-2023;Forward;7.132;April 2023;Month +1
31-Mar-2023;Forward;7.275;May 2023;Month +2
31-Mar-2023;Forward;7.430;Q2 2023;Quarter +1
31-Mar-2023;Forward;7.446;Summer 2023;Season +1
31-Mar-2023;Forward;9.164;Winter 2023;Season +2
31-Mar-2023;Forward;9.368;Calendar 2024;Calendar +1
31-Mar-2023;Forward;8.022;Calendar 2025;Calendar +2
31-Mar-2023;Forward;7.177;Calendar 2026;Calendar +3
31-Mar-2023;Spot;6.480;31-Mar-2023;Spot
31-Mar-2023;PPA 40;6.657;10-Year Pay-as-Produced;PPA 40
31-Mar-2023;RED II;6.214;10-Year PPA Pay-as-Produced;RED II
30-Mar-2023;Forward;7.164;April 2023;Month +1
30-Mar-2023;Forward;7.231;May 2023;Month +2
30-Mar-2023;Forward;7.410;Q2 2023;Quarter +1
30-Mar-2023;Forward;7.480;Summer 2023;Season +1
30-Mar-2023;Forward;9.087;Winter 2023;Season +2
30-Mar-2023;Forward;9.113;Calendar 2024;Calendar +1
30-Mar-2023;Forward;7.836;Calendar 2025;Calendar +2
30-Mar-2023;Forward;7.101;Calendar 2026;Calendar +3
30-Mar-2023;Spot;7.183;30-Mar-2023;Spot
30-Mar-2023;PPA 40;6.617;10-Year Pay-as-Produced;PPA 40
30-Mar-2023;RED II;6.186;10-Year PPA Pay-as-Produced;RED II
29-Mar-2023;Forward;7.251;April 2023;Month +1
29-Mar-2023;Forward;7.347;May 2023;Month +2
29-Mar-2023;Forward;7.503;Q2 2023;Quarter +1
29-Mar-2023;Forward;7.638;Summer 2023;Season +1
29-Mar-2023;Forward;9.100;Winter 2023;Season +2
29-Mar-2023;Forward;9.021;Calendar 2024;Calendar +1
29-Mar-2023;Forward;7.686;Calendar 2025;Calendar +2
29-Mar-2023;Forward;7.066;Calendar 2026;Calendar +3
29-Mar-2023;Spot;7.541;29-Mar-2023;Spot
29-Mar-2023;PPA 40;6.585;10-Year Pay-as-Produced;PPA 40
29-Mar-2023;RED II;6.170;10-Year PPA Pay-as-Produced;RED II
28-Mar-2023;Forward;7.119;April 2023;Month +1
28-Mar-2023;Forward;7.198;May 2023;Month +2
28-Mar-2023;Forward;7.410;Q2 2023;Quarter +1
28-Mar-2023;Forward;7.484;Summer 2023;Season +1
28-Mar-2023;Forward;8.893;Winter 2023;Season +2
28-Mar-2023;Forward;8.820;Calendar 2024;Calendar +1
28-Mar-2023;Forward;7.569;Calendar 2025;Calendar +2
28-Mar-2023;Forward;7.071;Calendar 2026;Calendar +3
28-Mar-2023;Spot;7.414;28-Mar-2023;Spot
28-Mar-2023;PPA 40;6.521;10-Year Pay-as-Produced;PPA 40
28-Mar-2023;RED II;6.148;10-Year PPA Pay-as-Produced;RED II
27-Mar-2023;Spot;6.508;27-Mar-2023;Spot
26-Mar-2023;Spot;6.066;26-Mar-2023;Spot
25-Mar-2023;Forward;7.083;April 2023;Month +1
25-Mar-2023;Forward;7.163;May 2023;Month +2
25-Mar-2023;Forward;7.380;Q2 2023;Quarter +1
25-Mar-2023;Forward;7.204;Summer 2023;Season +1
25-Mar-2023;Forward;8.876;Winter 2023;Season +2
25-Mar-2023;Forward;8.799;Calendar 2024;Calendar +1
25-Mar-2023;Forward;7.556;Calendar 2025;Calendar +2
25-Mar-2023;Forward;7.175;Calendar 2026;Calendar +3
25-Mar-2023;Spot;3.490;25-Mar-2023;Spot
25-Mar-2023;PPA 40;6.541;10-Year Pay-as-Produced;PPA 40
25-Mar-2023;RED II;6.154;10-Year PPA Pay-as-Produced;RED II
24-Mar-2023;Forward;7.384;April 2023;Month +1
24-Mar-2023;Forward;7.461;May 2023;Month +2
24-Mar-2023;Forward;7.653;Q2 2023;Quarter +1
24-Mar-2023;Forward;7.799;Summer 2023;Season +1
24-Mar-2023;Forward;9.224;Winter 2023;Season +2
24-Mar-2023;Forward;9.286;Calendar 2024;Calendar +1
24-Mar-2023;Forward;7.833;Calendar 2025;Calendar +2
24-Mar-2023;Forward;7.220;Calendar 2026;Calendar +3
24-Mar-2023;Spot;6.413;24-Mar-2023;Spot
24-Mar-2023;PPA 40;6.668;10-Year Pay-as-Produced;PPA 40
24-Mar-2023;RED II;6.202;10-Year PPA Pay-as-Produced;RED II
23-Mar-2023;Forward;6.975;April 2023;Month +1
23-Mar-2023;Forward;7.088;May 2023;Month +2
23-Mar-2023;Forward;7.304;Q2 2023;Quarter +1
23-Mar-2023;Forward;7.590;Summer 2023;Season +1
23-Mar-2023;Forward;8.856;Winter 2023;Season +2
23-Mar-2023;Forward;8.879;Calendar 2024;Calendar +1
23-Mar-2023;Forward;7.527;Calendar 2025;Calendar +2
23-Mar-2023;Forward;6.971;Calendar 2026;Calendar +3
23-Mar-2023;Spot;7.262;23-Mar-2023;Spot
23-Mar-2023;PPA 40;6.506;10-Year Pay-as-Produced;PPA 40
23-Mar-2023;RED II;6.154;10-Year PPA Pay-as-Produced;RED II
22-Mar-2023;Forward;7.225;April 2023;Month +1
22-Mar-2023;Forward;7.354;May 2023;Month +2
22-Mar-2023;Forward;7.541;Q2 2023;Quarter +1
22-Mar-2023;Forward;7.794;Summer 2023;Season +1
22-Mar-2023;Forward;9.092;Winter 2023;Season +2
22-Mar-2023;Forward;9.084;Calendar 2024;Calendar +1
22-Mar-2023;Forward;7.571;Calendar 2025;Calendar +2
22-Mar-2023;Forward;7.085;Calendar 2026;Calendar +3
22-Mar-2023;Spot;7.234;22-Mar-2023;Spot
22-Mar-2023;PPA 40;6.544;10-Year Pay-as-Produced;PPA 40
22-Mar-2023;RED II;6.169;10-Year PPA Pay-as-Produced;RED II
21-Mar-2023;Forward;6.898;April 2023;Month +1
21-Mar-2023;Forward;7.035;May 2023;Month +2
21-Mar-2023;Forward;7.204;Q2 2023;Quarter +1
21-Mar-2023;Forward;7.616;Summer 2023;Season +1
21-Mar-2023;Forward;8.731;Winter 2023;Season +2
21-Mar-2023;Forward;8.675;Calendar 2024;Calendar +1
21-Mar-2023;Forward;7.374;Calendar 2025;Calendar +2
21-Mar-2023;Forward;6.903;Calendar 2026;Calendar +3
21-Mar-2023;Spot;8.006;21-Mar-2023;Spot
21-Mar-2023;PPA 40;6.440;10-Year Pay-as-Produced;PPA 40
21-Mar-2023;RED II;6.121;10-Year PPA Pay-as-Produced;RED II
20-Mar-2023;Spot;8.149;20-Mar-2023;Spot
19-Mar-2023;Spot;8.178;19-Mar-2023;Spot
18-Mar-2023;Forward;7.241;April 2023;Month +1
18-Mar-2023;Forward;7.439;May 2023;Month +2
18-Mar-2023;Forward;7.583;Q2 2023;Quarter +1
18-Mar-2023;Forward;7.747;Summer 2023;Season +1
18-Mar-2023;Forward;9.107;Winter 2023;Season +2
18-Mar-2023;Forward;9.023;Calendar 2024;Calendar +1
18-Mar-2023;Forward;7.586;Calendar 2025;Calendar +2
18-Mar-2023;Forward;6.863;Calendar 2026;Calendar +3
18-Mar-2023;Spot;7.963;18-Mar-2023;Spot
18-Mar-2023;PPA 40;6.481;10-Year Pay-as-Produced;PPA 40
18-Mar-2023;RED II;6.159;10-Year PPA Pay-as-Produced;RED II
17-Mar-2023;Forward;7.316;April 2023;Month +1
17-Mar-2023;Forward;7.526;May 2023;Month +2
17-Mar-2023;Forward;7.653;Q2 2023;Quarter +1
17-Mar-2023;Forward;7.766;Summer 2023;Season +1
17-Mar-2023;Forward;9.201;Winter 2023;Season +2
17-Mar-2023;Forward;8.973;Calendar 2024;Calendar +1
17-Mar-2023;Forward;7.633;Calendar 2025;Calendar +2
17-Mar-2023;Forward;6.917;Calendar 2026;Calendar +3
17-Mar-2023;Spot;6.459;17-Mar-2023;Spot
17-Mar-2023;PPA 40;6.494;10-Year Pay-as-Produced;PPA 40
17-Mar-2023;RED II;6.165;10-Year PPA Pay-as-Produced;RED II
16-Mar-2023;Forward;7.341;April 2023;Month +1
16-Mar-2023;Forward;7.517;May 2023;Month +2
16-Mar-2023;Forward;7.663;Q2 2023;Quarter +1
16-Mar-2023;Forward;7.848;Summer 2023;Season +1
16-Mar-2023;Forward;9.097;Winter 2023;Season +2
16-Mar-2023;Forward;8.816;Calendar 2024;Calendar +1
16-Mar-2023;Forward;7.470;Calendar 2025;Calendar +2
16-Mar-2023;Forward;6.914;Calendar 2026;Calendar +3
16-Mar-2023;Spot;7.418;16-Mar-2023;Spot
16-Mar-2023;PPA 40;6.466;10-Year Pay-as-Produced;PPA 40
16-Mar-2023;RED II;6.144;10-Year PPA Pay-as-Produced;RED II
15-Mar-2023;Forward;7.569;April 2023;Month +1
15-Mar-2023;Forward;7.681;May 2023;Month +2
15-Mar-2023;Forward;7.859;Q2 2023;Quarter +1
15-Mar-2023;Forward;8.077;Summer 2023;Season +1
15-Mar-2023;Forward;9.312;Winter 2023;Season +2
15-Mar-2023;Forward;8.982;Calendar 2024;Calendar +1
15-Mar-2023;Forward;7.664;Calendar 2025;Calendar +2
15-Mar-2023;Forward;7.067;Calendar 2026;Calendar +3
15-Mar-2023;Spot;8.250;15-Mar-2023;Spot
15-Mar-2023;PPA 40;6.608;10-Year Pay-as-Produced;PPA 40
15-Mar-2023;RED II;6.176;10-Year PPA Pay-as-Produced;RED II
14-Mar-2023;Forward;8.133;April 2023;Month +1
14-Mar-2023;Forward;8.330;May 2023;Month +2
14-Mar-2023;Forward;8.498;Q2 2023;Quarter +1
14-Mar-2023;Forward;8.508;Summer 2023;Season +1
14-Mar-2023;Forward;10.187;Winter 2023;Season +2
14-Mar-2023;Forward;9.801;Calendar 2024;Calendar +1
14-Mar-2023;Forward;8.056;Calendar 2025;Calendar +2
14-Mar-2023;Forward;7.264;Calendar 2026;Calendar +3
14-Mar-2023;Spot;5.155;14-Mar-2023;Spot
14-Mar-2023;PPA 40;6.768;10-Year Pay-as-Produced;PPA 40
14-Mar-2023;RED II;6.274;10-Year PPA Pay-as-Produced;RED II
13-Mar-2023;Spot;6.443;13-Mar-2023;Spot
12-Mar-2023;Spot;7.398;12-Mar-2023;Spot
11-Mar-2023;Forward;8.447;April 2023;Month +1
11-Mar-2023;Forward;8.580;May 2023;Month +2
11-Mar-2023;Forward;8.744;Q2 2023;Quarter +1
11-Mar-2023;Forward;8.967;Summer 2023;Season +1
11-Mar-2023;Forward;10.641;Winter 2023;Season +2
11-Mar-2023;Forward;10.296;Calendar 2024;Calendar +1
11-Mar-2023;Forward;8.341;Calendar 2025;Calendar +2
11-Mar-2023;Forward;7.315;Calendar 2026;Calendar +3
11-Mar-2023;Spot;7.692;11-Mar-2023;Spot
11-Mar-2023;PPA 40;6.798;10-Year Pay-as-Produced;PPA 40
11-Mar-2023;RED II;6.325;10-Year PPA Pay-as-Produced;RED II
10-Mar-2023;Forward;7.550;April 2023;Month +1
10-Mar-2023;Forward;7.715;May 2023;Month +2
10-Mar-2023;Forward;7.871;Q2 2023;Quarter +1
10-Mar-2023;Forward;8.266;Summer 2023;Season +1
10-Mar-2023;Forward;9.438;Winter 2023;Season +2
10-Mar-2023;Forward;9.311;Calendar 2024;Calendar +1
10-Mar-2023;Forward;7.799;Calendar 2025;Calendar +2
10-Mar-2023;Forward;7.155;Calendar 2026;Calendar +3
10-Mar-2023;Spot;7.909;10-Mar-2023;Spot
10-Mar-2023;PPA 40;6.652;10-Year Pay-as-Produced;PPA 40
10-Mar-2023;RED II;6.214;10-Year PPA Pay-as-Produced;RED II
09-Mar-2023;Forward;7.303;April 2023;Month +1
09-Mar-2023;Forward;7.462;May 2023;Month +2
09-Mar-2023;Forward;7.626;Q2 2023;Quarter +1
09-Mar-2023;Forward;8.094;Summer 2023;Season +1
09-Mar-2023;Forward;9.197;Winter 2023;Season +2
09-Mar-2023;Forward;9.041;Calendar 2024;Calendar +1
09-Mar-2023;Forward;7.745;Calendar 2025;Calendar +2
09-Mar-2023;Forward;7.130;Calendar 2026;Calendar +3
09-Mar-2023;Spot;8.572;9-Mar-2023;Spot
09-Mar-2023;PPA 40;6.612;10-Year Pay-as-Produced;PPA 40
09-Mar-2023;RED II;6.197;10-Year PPA Pay-as-Produced;RED II
08-Mar-2023;Forward;7.405;April 2023;Month +1
08-Mar-2023;Forward;7.515;May 2023;Month +2
08-Mar-2023;Forward;7.660;Q2 2023;Quarter +1
08-Mar-2023;Forward;8.146;Summer 2023;Season +1
08-Mar-2023;Forward;9.161;Winter 2023;Season +2
08-Mar-2023;Forward;8.885;Calendar 2024;Calendar +1
08-Mar-2023;Forward;7.658;Calendar 2025;Calendar +2
08-Mar-2023;Forward;7.069;Calendar 2026;Calendar +3
08-Mar-2023;Spot;8.843;8-Mar-2023;Spot
08-Mar-2023;PPA 40;6.560;10-Year Pay-as-Produced;PPA 40
08-Mar-2023;RED II;6.176;10-Year PPA Pay-as-Produced;RED II
07-Mar-2023;Forward;7.210;April 2023;Month +1
07-Mar-2023;Forward;7.374;May 2023;Month +2
07-Mar-2023;Forward;7.524;Q2 2023;Quarter +1
07-Mar-2023;Forward;8.008;Summer 2023;Season +1
07-Mar-2023;Forward;9.040;Winter 2023;Season +2
07-Mar-2023;Forward;8.655;Calendar 2024;Calendar +1
07-Mar-2023;Forward;7.420;Calendar 2025;Calendar +2
07-Mar-2023;Forward;7.045;Calendar 2026;Calendar +3
07-Mar-2023;Spot;8.781;7-Mar-2023;Spot
07-Mar-2023;PPA 40;6.499;10-Year Pay-as-Produced;PPA 40
07-Mar-2023;RED II;6.144;10-Year PPA Pay-as-Produced;RED II
06-Mar-2023;Spot;9.563;6-Mar-2023;Spot
05-Mar-2023;Spot;8.897;5-Mar-2023;Spot
04-Mar-2023;Forward;7.505;April 2023;Month +1
04-Mar-2023;Forward;7.613;May 2023;Month +2
04-Mar-2023;Forward;7.772;Q2 2023;Quarter +1
04-Mar-2023;Forward;8.082;Summer 2023;Season +1
04-Mar-2023;Forward;9.240;Winter 2023;Season +2
04-Mar-2023;Forward;9.001;Calendar 2024;Calendar +1
04-Mar-2023;Forward;7.651;Calendar 2025;Calendar +2
04-Mar-2023;Forward;7.172;Calendar 2026;Calendar +3
04-Mar-2023;Spot;8.737;4-Mar-2023;Spot
04-Mar-2023;PPA 40;6.611;10-Year Pay-as-Produced;PPA 40
04-Mar-2023;RED II;6.193;10-Year PPA Pay-as-Produced;RED II
03-Mar-2023;Forward;7.743;April 2023;Month +1
03-Mar-2023;Forward;7.816;May 2023;Month +2
03-Mar-2023;Forward;8.000;Q2 2023;Quarter +1
03-Mar-2023;Forward;8.226;Summer 2023;Season +1
03-Mar-2023;Forward;9.464;Winter 2023;Season +2
03-Mar-2023;Forward;9.149;Calendar 2024;Calendar +1
03-Mar-2023;Forward;7.788;Calendar 2025;Calendar +2
03-Mar-2023;Forward;7.376;Calendar 2026;Calendar +3
03-Mar-2023;Spot;9.666;3-Mar-2023;Spot
03-Mar-2023;PPA 40;6.722;10-Year Pay-as-Produced;PPA 40
03-Mar-2023;RED II;6.219;10-Year PPA Pay-as-Produced;RED II
02-Mar-2023;Forward;7.822;April 2023;Month +1
02-Mar-2023;Forward;7.906;May 2023;Month +2
02-Mar-2023;Forward;8.077;Q2 2023;Quarter +1
02-Mar-2023;Forward;8.236;Summer 2023;Season +1
02-Mar-2023;Forward;9.705;Winter 2023;Season +2
02-Mar-2023;Forward;9.369;Calendar 2024;Calendar +1
02-Mar-2023;Forward;8.023;Calendar 2025;Calendar +2
02-Mar-2023;Forward;7.480;Calendar 2026;Calendar +3
02-Mar-2023;Spot;9.864;2-Mar-2023;Spot
02-Mar-2023;PPA 40;6.835;10-Year Pay-as-Produced;PPA 40
02-Mar-2023;RED II;6.263;10-Year PPA Pay-as-Produced;RED II
01-Mar-2023;Forward;7.767;March 2023;Month +1
01-Mar-2023;Forward;7.975;April 2023;Month +2
01-Mar-2023;Forward;8.076;Q2 2023;Quarter +1
01-Mar-2023;Forward;8.288;Summer 2023;Season +1
01-Mar-2023;Forward;9.816;Winter 2023;Season +2
01-Mar-2023;Forward;9.430;Calendar 2024;Calendar +1
01-Mar-2023;Forward;8.142;Calendar 2025;Calendar +2
01-Mar-2023;Forward;7.564;Calendar 2026;Calendar +3
01-Mar-2023;Spot;9.625;1-Mar-2023;Spot
01-Mar-2023;PPA 40;6.840;10-Year Pay-as-Produced;PPA 40
01-Mar-2023;RED II;6.280;10-Year PPA Pay-as-Produced;RED II
28-Feb-2023;Forward;8.423;March 2023;Month +1
28-Feb-2023;Forward;7.841;April 2023;Month +2
28-Feb-2023;Forward;8.152;Q2 2023;Quarter +1
28-Feb-2023;Forward;8.332;Summer 2023;Season +1
28-Feb-2023;Forward;9.935;Winter 2023;Season +2
28-Feb-2023;Forward;9.517;Calendar 2024;Calendar +1
28-Feb-2023;Forward;8.228;Calendar 2025;Calendar +2
28-Feb-2023;Forward;7.571;Calendar 2026;Calendar +3
28-Feb-2023;Spot;9.762;28-Feb-2023;Spot
28-Feb-2023;PPA 40;6.858;10-Year Pay-as-Produced;PPA 40
28-Feb-2023;RED II;6.296;10-Year PPA Pay-as-Produced;RED II
27-Feb-2023;Spot;9.646;27-Feb-2023;Spot
26-Feb-2023;Spot;8.245;26-Feb-2023;Spot
25-Feb-2023;Forward;8.816;March 2023;Month +1
25-Feb-2023;Forward;8.301;April 2023;Month +2
25-Feb-2023;Forward;8.599;Q2 2023;Quarter +1
25-Feb-2023;Forward;8.733;Summer 2023;Season +1
25-Feb-2023;Forward;10.221;Winter 2023;Season +2
25-Feb-2023;Forward;9.596;Calendar 2024;Calendar +1
25-Feb-2023;Forward;8.298;Calendar 2025;Calendar +2
25-Feb-2023;Forward;7.741;Calendar 2026;Calendar +3
25-Feb-2023;Spot;7.787;25-Feb-2023;Spot
25-Feb-2023;PPA 40;6.907;10-Year Pay-as-Produced;PPA 40
25-Feb-2023;RED II;6.317;10-Year PPA Pay-as-Produced;RED II
24-Feb-2023;Forward;8.754;March 2023;Month +1
24-Feb-2023;Forward;8.122;April 2023;Month +2
24-Feb-2023;Forward;8.450;Q2 2023;Quarter +1
24-Feb-2023;Forward;8.669;Summer 2023;Season +1
24-Feb-2023;Forward;10.151;Winter 2023;Season +2
24-Feb-2023;Forward;9.582;Calendar 2024;Calendar +1
24-Feb-2023;Forward;8.316;Calendar 2025;Calendar +2
24-Feb-2023;Forward;7.727;Calendar 2026;Calendar +3
24-Feb-2023;Spot;8.992;24-Feb-2023;Spot
24-Feb-2023;PPA 40;6.886;10-Year Pay-as-Produced;PPA 40
24-Feb-2023;RED II;6.317;10-Year PPA Pay-as-Produced;RED II
23-Feb-2023;Forward;8.841;March 2023;Month +1
23-Feb-2023;Forward;8.114;April 2023;Month +2
23-Feb-2023;Forward;8.447;Q2 2023;Quarter +1
23-Feb-2023;Forward;8.735;Summer 2023;Season +1
23-Feb-2023;Forward;10.166;Winter 2023;Season +2
23-Feb-2023;Forward;9.653;Calendar 2024;Calendar +1
23-Feb-2023;Forward;8.249;Calendar 2025;Calendar +2
23-Feb-2023;Forward;7.711;Calendar 2026;Calendar +3
23-Feb-2023;Spot;9.746;23-Feb-2023;Spot
23-Feb-2023;PPA 40;6.885;10-Year Pay-as-Produced;PPA 40
23-Feb-2023;RED II;6.313;10-Year PPA Pay-as-Produced;RED II
22-Feb-2023;Forward;8.778;March 2023;Month +1
22-Feb-2023;Forward;8.062;April 2023;Month +2
22-Feb-2023;Forward;8.325;Q2 2023;Quarter +1
22-Feb-2023;Forward;8.659;Summer 2023;Season +1
22-Feb-2023;Forward;10.146;Winter 2023;Season +2
22-Feb-2023;Forward;9.675;Calendar 2024;Calendar +1
22-Feb-2023;Forward;8.200;Calendar 2025;Calendar +2
22-Feb-2023;Forward;7.715;Calendar 2026;Calendar +3
22-Feb-2023;Spot;9.714;22-Feb-2023;Spot
22-Feb-2023;PPA 40;6.909;10-Year Pay-as-Produced;PPA 40
22-Feb-2023;RED II;6.312;10-Year PPA Pay-as-Produced;RED II
21-Feb-2023;Forward;8.852;March 2023;Month +1
21-Feb-2023;Forward;8.206;April 2023;Month +2
21-Feb-2023;Forward;8.485;Q2 2023;Quarter +1
21-Feb-2023;Forward;8.771;Summer 2023;Season +1
21-Feb-2023;Forward;10.367;Winter 2023;Season +2
21-Feb-2023;Forward;9.913;Calendar 2024;Calendar +1
21-Feb-2023;Forward;8.290;Calendar 2025;Calendar +2
21-Feb-2023;Forward;7.683;Calendar 2026;Calendar +3
21-Feb-2023;Spot;8.457;21-Feb-2023;Spot
21-Feb-2023;PPA 40;6.944;10-Year Pay-as-Produced;PPA 40
21-Feb-2023;RED II;6.340;10-Year PPA Pay-as-Produced;RED II
20-Feb-2023;Spot;7.608;20-Feb-2023;Spot
19-Feb-2023;Spot;8.395;19-Feb-2023;Spot
18-Feb-2023;Forward;8.745;March 2023;Month +1
18-Feb-2023;Forward;8.121;April 2023;Month +2
18-Feb-2023;Forward;8.418;Q2 2023;Quarter +1
18-Feb-2023;Forward;8.762;Summer 2023;Season +1
18-Feb-2023;Forward;10.403;Winter 2023;Season +2
18-Feb-2023;Forward;9.988;Calendar 2024;Calendar +1
18-Feb-2023;Forward;8.322;Calendar 2025;Calendar +2
18-Feb-2023;Forward;7.733;Calendar 2026;Calendar +3
18-Feb-2023;Spot;8.329;18-Feb-2023;Spot
18-Feb-2023;PPA 40;6.966;10-Year Pay-as-Produced;PPA 40
18-Feb-2023;RED II;6.351;10-Year PPA Pay-as-Produced;RED II
17-Feb-2023;Forward;9.011;March 2023;Month +1
17-Feb-2023;Forward;8.399;April 2023;Month +2
17-Feb-2023;Forward;8.641;Q2 2023;Quarter +1
17-Feb-2023;Forward;9.042;Summer 2023;Season +1
17-Feb-2023;Forward;10.549;Winter 2023;Season +2
17-Feb-2023;Forward;10.095;Calendar 2024;Calendar +1
17-Feb-2023;Forward;8.327;Calendar 2025;Calendar +2
17-Feb-2023;Forward;7.719;Calendar 2026;Calendar +3
17-Feb-2023;Spot;9.817;17-Feb-2023;Spot
17-Feb-2023;PPA 40;6.974;10-Year Pay-as-Produced;PPA 40
17-Feb-2023;RED II;6.364;10-Year PPA Pay-as-Produced;RED II
16-Feb-2023;Forward;9.232;March 2023;Month +1
16-Feb-2023;Forward;8.642;April 2023;Month +2
16-Feb-2023;Forward;8.776;Q2 2023;Quarter +1
16-Feb-2023;Forward;9.220;Summer 2023;Season +1
16-Feb-2023;Forward;10.750;Winter 2023;Season +2
16-Feb-2023;Forward;10.172;Calendar 2024;Calendar +1
16-Feb-2023;Forward;8.276;Calendar 2025;Calendar +2
16-Feb-2023;Forward;7.730;Calendar 2026;Calendar +3
16-Feb-2023;Spot;9.953;16-Feb-2023;Spot
16-Feb-2023;PPA 40;6.936;10-Year Pay-as-Produced;PPA 40
16-Feb-2023;RED II;6.368;10-Year PPA Pay-as-Produced;RED II
15-Feb-2023;Forward;9.021;March 2023;Month +1
15-Feb-2023;Forward;8.386;April 2023;Month +2
15-Feb-2023;Forward;8.554;Q2 2023;Quarter +1
15-Feb-2023;Forward;9.038;Summer 2023;Season +1
15-Feb-2023;Forward;10.523;Winter 2023;Season +2
15-Feb-2023;Forward;9.973;Calendar 2024;Calendar +1
15-Feb-2023;Forward;8.128;Calendar 2025;Calendar +2
15-Feb-2023;Forward;7.651;Calendar 2026;Calendar +3
15-Feb-2023;Spot;10.033;15-Feb-2023;Spot
15-Feb-2023;PPA 40;6.903;10-Year Pay-as-Produced;PPA 40
15-Feb-2023;RED II;6.351;10-Year PPA Pay-as-Produced;RED II
14-Feb-2023;Forward;9.036;March 2023;Month +1
14-Feb-2023;Forward;8.393;April 2023;Month +2
14-Feb-2023;Forward;8.540;Q2 2023;Quarter +1
14-Feb-2023;Forward;9.050;Summer 2023;Season +1
14-Feb-2023;Forward;10.436;Winter 2023;Season +2
14-Feb-2023;Forward;9.894;Calendar 2024;Calendar +1
14-Feb-2023;Forward;8.127;Calendar 2025;Calendar +2
14-Feb-2023;Forward;7.606;Calendar 2026;Calendar +3
14-Feb-2023;Spot;9.581;14-Feb-2023;Spot
14-Feb-2023;PPA 40;6.854;10-Year Pay-as-Produced;PPA 40
14-Feb-2023;RED II;6.345;10-Year PPA Pay-as-Produced;RED II
13-Feb-2023;Spot;10.081;13-Feb-2023;Spot
12-Feb-2023;Spot;9.695;12-Feb-2023;Spot
11-Feb-2023;Forward;9.289;March 2023;Month +1
11-Feb-2023;Forward;8.630;April 2023;Month +2
11-Feb-2023;Forward;8.772;Q2 2023;Quarter +1
11-Feb-2023;Forward;9.298;Summer 2023;Season +1
11-Feb-2023;Forward;10.697;Winter 2023;Season +2
11-Feb-2023;Forward;10.236;Calendar 2024;Calendar +1
11-Feb-2023;Forward;8.395;Calendar 2025;Calendar +2
11-Feb-2023;Forward;7.707;Calendar 2026;Calendar +3
11-Feb-2023;Spot;10.150;11-Feb-2023;Spot
11-Feb-2023;PPA 40;6.958;10-Year Pay-as-Produced;PPA 40
11-Feb-2023;RED II;6.390;10-Year PPA Pay-as-Produced;RED II
10-Feb-2023;Forward;9.044;March 2023;Month +1
10-Feb-2023;Forward;8.496;April 2023;Month +2
10-Feb-2023;Forward;8.596;Q2 2023;Quarter +1
10-Feb-2023;Forward;9.125;Summer 2023;Season +1
10-Feb-2023;Forward;10.479;Winter 2023;Season +2
10-Feb-2023;Forward;10.132;Calendar 2024;Calendar +1
10-Feb-2023;Forward;8.377;Calendar 2025;Calendar +2
10-Feb-2023;Forward;7.741;Calendar 2026;Calendar +3
10-Feb-2023;Spot;9.937;10-Feb-2023;Spot
10-Feb-2023;PPA 40;6.969;10-Year Pay-as-Produced;PPA 40
10-Feb-2023;RED II;6.390;10-Year PPA Pay-as-Produced;RED II
09-Feb-2023;Forward;8.960;March 2023;Month +1
09-Feb-2023;Forward;8.498;April 2023;Month +2
09-Feb-2023;Forward;8.636;Q2 2023;Quarter +1
09-Feb-2023;Forward;9.107;Summer 2023;Season +1
09-Feb-2023;Forward;10.379;Winter 2023;Season +2
09-Feb-2023;Forward;10.050;Calendar 2024;Calendar +1
09-Feb-2023;Forward;8.441;Calendar 2025;Calendar +2
09-Feb-2023;Forward;7.703;Calendar 2026;Calendar +3
09-Feb-2023;Spot;9.947;9-Feb-2023;Spot
09-Feb-2023;PPA 40;6.964;10-Year Pay-as-Produced;PPA 40
09-Feb-2023;RED II;6.396;10-Year PPA Pay-as-Produced;RED II
08-Feb-2023;Forward;9.134;March 2023;Month +1
08-Feb-2023;Forward;8.710;April 2023;Month +2
08-Feb-2023;Forward;8.766;Q2 2023;Quarter +1
08-Feb-2023;Forward;9.241;Summer 2023;Season +1
08-Feb-2023;Forward;10.612;Winter 2023;Season +2
08-Feb-2023;Forward;10.104;Calendar 2024;Calendar +1
08-Feb-2023;Forward;8.548;Calendar 2025;Calendar +2
08-Feb-2023;Forward;7.733;Calendar 2026;Calendar +3
08-Feb-2023;Spot;10.327;8-Feb-2023;Spot
08-Feb-2023;PPA 40;7.000;10-Year Pay-as-Produced;PPA 40
08-Feb-2023;RED II;6.419;10-Year PPA Pay-as-Produced;RED II
07-Feb-2023;Forward;9.395;March 2023;Month +1
07-Feb-2023;Forward;8.979;April 2023;Month +2
07-Feb-2023;Forward;9.027;Q2 2023;Quarter +1
07-Feb-2023;Forward;9.422;Summer 2023;Season +1
07-Feb-2023;Forward;10.899;Winter 2023;Season +2
07-Feb-2023;Forward;10.473;Calendar 2024;Calendar +1
07-Feb-2023;Forward;8.698;Calendar 2025;Calendar +2
07-Feb-2023;Forward;7.727;Calendar 2026;Calendar +3
07-Feb-2023;Spot;10.563;7-Feb-2023;Spot
07-Feb-2023;PPA 40;7.043;10-Year Pay-as-Produced;PPA 40
07-Feb-2023;RED II;6.464;10-Year PPA Pay-as-Produced;RED II
06-Feb-2023;Spot;10.724;6-Feb-2023;Spot
05-Feb-2023;Spot;9.158;5-Feb-2023;Spot
04-Feb-2023;Forward;9.546;March 2023;Month +1
04-Feb-2023;Forward;9.154;April 2023;Month +2
04-Feb-2023;Forward;9.202;Q2 2023;Quarter +1
04-Feb-2023;Forward;9.446;Summer 2023;Season +1
04-Feb-2023;Forward;11.132;Winter 2023;Season +2
04-Feb-2023;Forward;10.791;Calendar 2024;Calendar +1
04-Feb-2023;Forward;8.886;Calendar 2025;Calendar +2
04-Feb-2023;Forward;7.730;Calendar 2026;Calendar +3
04-Feb-2023;Spot;9.925;4-Feb-2023;Spot
04-Feb-2023;PPA 40;7.079;10-Year Pay-as-Produced;PPA 40
04-Feb-2023;RED II;6.501;10-Year PPA Pay-as-Produced;RED II
03-Feb-2023;Forward;9.362;March 2023;Month +1
03-Feb-2023;Forward;8.941;April 2023;Month +2
03-Feb-2023;Forward;9.121;Q2 2023;Quarter +1
03-Feb-2023;Forward;9.314;Summer 2023;Season +1
03-Feb-2023;Forward;10.995;Winter 2023;Season +2
03-Feb-2023;Forward;10.768;Calendar 2024;Calendar +1
03-Feb-2023;Forward;8.944;Calendar 2025;Calendar +2
03-Feb-2023;Forward;7.626;Calendar 2026;Calendar +3
03-Feb-2023;Spot;9.213;3-Feb-2023;Spot
03-Feb-2023;PPA 40;7.062;10-Year Pay-as-Produced;PPA 40
03-Feb-2023;RED II;6.509;10-Year PPA Pay-as-Produced;RED II
02-Feb-2023;Forward;9.871;March 2023;Month +1
02-Feb-2023;Forward;9.699;April 2023;Month +2
02-Feb-2023;Forward;9.785;Q2 2023;Quarter +1
02-Feb-2023;Forward;9.623;Summer 2023;Season +1
02-Feb-2023;Forward;11.396;Winter 2023;Season +2
02-Feb-2023;Forward;10.575;Calendar 2024;Calendar +1
02-Feb-2023;Forward;11.079;Calendar 2025;Calendar +2
02-Feb-2023;Forward;9.051;Calendar 2026;Calendar +3
02-Feb-2023;Spot;9.599;2-Feb-2023;Spot
02-Feb-2023;PPA 40;7.114;10-Year Pay-as-Produced;PPA 40
02-Feb-2023;RED II;6.546;10-Year PPA Pay-as-Produced;RED II
01-Feb-2023;Forward;9.876;Feb 2023;Month +1
01-Feb-2023;Forward;9.552;March 2023;Month +2
01-Feb-2023;Forward;9.714;Q2 2023;Quarter +1
01-Feb-2023;Forward;9.499;Summer 2023;Season +1
01-Feb-2023;Forward;11.063;Winter 2023;Season +2
01-Feb-2023;Forward;10.333;Calendar 2024;Calendar +1
01-Feb-2023;Forward;10.575;Calendar 2025;Calendar +2
01-Feb-2023;Forward;8.854;Calendar 2026;Calendar +3
01-Feb-2023;Spot;9.065;1-Feb-2023;Spot
01-Feb-2023;PPA 40;7.035;10-Year Pay-as-Produced;PPA 40
01-Feb-2023;RED II;6.490;10-Year PPA Pay-as-Produced;RED II
31-Jan-2023;Forward;10.027;Feb 2023;Month +1
31-Jan-2023;Forward;9.465;March 2023;Month +2
31-Jan-2023;Forward;9.283;Q2 2023;Quarter +1
31-Jan-2023;Forward;9.075;Summer 2023;Season +1
31-Jan-2023;Forward;10.683;Winter 2023;Season +2
31-Jan-2023;Forward;9.930;Calendar 2024;Calendar +1
31-Jan-2023;Forward;10.281;Calendar 2025;Calendar +2
31-Jan-2023;Forward;8.601;Calendar 2026;Calendar +3
31-Jan-2023;Spot;8.837;31-Jan-2023;Spot
31-Jan-2023;PPA 40;6.673;10-Year Pay-as-Produced;PPA 40
31-Jan-2023;RED II;6.447;10-Year PPA Pay-as-Produced;RED II
30-Jan-2023;Spot;9.855;30-Jan-2023;Spot
29-Jan-2023;Spot;9.662;29-Jan-2023;Spot
28-Jan-2023;Forward;10.727;Feb 2023;Month +1
28-Jan-2023;Forward;9.495;March 2023;Month +2
28-Jan-2023;Forward;9.425;Q2 2023;Quarter +1
28-Jan-2023;Forward;9.098;Summer 2023;Season +1
28-Jan-2023;Forward;10.581;Winter 2023;Season +2
28-Jan-2023;Forward;9.869;Calendar 2024;Calendar +1
28-Jan-2023;Forward;10.026;Calendar 2025;Calendar +2
28-Jan-2023;Forward;8.557;Calendar 2026;Calendar +3
28-Jan-2023;Spot;10.014;28-Jan-2023;Spot
28-Jan-2023;PPA 40;6.654;10-Year Pay-as-Produced;PPA 40
28-Jan-2023;RED II;6.424;10-Year PPA Pay-as-Produced;RED II
27-Jan-2023;Forward;10.936;Feb 2023;Month +1
27-Jan-2023;Forward;9.267;March 2023;Month +2
27-Jan-2023;Forward;9.288;Q2 2023;Quarter +1
27-Jan-2023;Forward;8.945;Summer 2023;Season +1
27-Jan-2023;Forward;10.531;Winter 2023;Season +2
27-Jan-2023;Forward;9.768;Calendar 2024;Calendar +1
27-Jan-2023;Forward;9.936;Calendar 2025;Calendar +2
27-Jan-2023;Forward;8.467;Calendar 2026;Calendar +3
27-Jan-2023;Spot;10.580;27-Jan-2023;Spot
27-Jan-2023;PPA 40;6.618;10-Year Pay-as-Produced;PPA 40
27-Jan-2023;RED II;6.413;10-Year PPA Pay-as-Produced;RED II
26-Jan-2023;Forward;10.929;Feb 2023;Month +1
26-Jan-2023;Forward;9.605;Mar 2023;Month +2
26-Jan-2023;Forward;9.630;Q2 2023;Quarter +1
26-Jan-2023;Forward;8.935;Summer 2023;Season +1
26-Jan-2023;Forward;10.177;Winter 2023;Season +2
26-Jan-2023;Forward;9.973;Calendar 2024;Calendar +1
26-Jan-2023;Forward;10.085;Calendar 2025;Calendar +2
26-Jan-2023;Forward;8.486;Calendar 2026;Calendar +3
26-Jan-2023;Spot;10.394;26-Jan-2023;Spot
26-Jan-2023;PPA 40;6.804;10-Year Pay-as-Produced;PPA 40
26-Jan-2023;RED II;6.415;10-Year PPA Pay-as-Produced;RED II
25-Jan-2023;Forward;11.154;Feb 2023;Month +1
25-Jan-2023;Forward;9.605;March 2023;Month +2
25-Jan-2023;Forward;9.689;Q2 2023;Quarter +1
25-Jan-2023;Forward;9.231;Summer 2023;Season +1
25-Jan-2023;Forward;10.705;Winter 2023;Season +2
25-Jan-2023;Forward;9.984;Calendar 2024;Calendar +1
25-Jan-2023;Forward;10.026;Calendar 2025;Calendar +2
25-Jan-2023;Forward;8.458;Calendar 2026;Calendar +3
25-Jan-2023;Spot;11.301;25-Jan-2023;Spot
25-Jan-2023;PPA 40;6.513;10-Year Pay-as-Produced;PPA 40
25-Jan-2023;RED II;6.424;10-Year PPA Pay-as-Produced;RED II
24-Jan-2023;Forward;11.358;Feb 2023;Month +1
24-Jan-2023;Forward;10.249;March 2023;Month +2
24-Jan-2023;Forward;10.306;Q2 2023;Quarter +1
24-Jan-2023;Forward;9.925;Summer 2023;Season +1
24-Jan-2023;Forward;12.041;Winter 2023;Season +2
24-Jan-2023;Forward;11.019;Calendar 2024;Calendar +1
24-Jan-2023;Forward;11.274;Calendar 2025;Calendar +2
24-Jan-2023;Forward;9.099;Calendar 2026;Calendar +3
24-Jan-2023;Spot;11.371;24-Jan-2023;Spot
24-Jan-2023;PPA 40;6.839;10-Year Pay-as-Produced;PPA 40
24-Jan-2023;RED II;6.574;10-Year PPA Pay-as-Produced;RED II
23-Jan-2023;Spot;11.894;23-Jan-2023;Spot
22-Jan-2023;Spot;10.608;22-Jan-2023;Spot
21-Jan-2023;Forward;10.457;Feb 2023;Month +1
21-Jan-2023;Forward;10.453;March 2023;Month +2
21-Jan-2023;Forward;10.317;Q2 2023;Quarter +1
21-Jan-2023;Forward;10.026;Summer 2023;Season +1
21-Jan-2023;Forward;12.164;Winter 2023;Season +2
21-Jan-2023;Forward;11.127;Calendar 2024;Calendar +1
21-Jan-2023;Forward;11.557;Calendar 2025;Calendar +2
21-Jan-2023;Forward;9.180;Calendar 2026;Calendar +3
21-Jan-2023;Spot;9.882;21-Jan-2023;Spot
21-Jan-2023;PPA 40;6.886;10-Year Pay-as-Produced;PPA 40
21-Jan-2023;RED II;6.606;10-Year PPA Pay-as-Produced;RED II
20-Jan-2023;Forward;10.462;Feb 2023;Month +1
20-Jan-2023;Forward;10.285;March 2023;Month +2
20-Jan-2023;Forward;10.161;Q2 2023;Quarter +1
20-Jan-2023;Forward;9.723;Summer 2023;Season +1
20-Jan-2023;Forward;11.523;Winter 2023;Season +2
20-Jan-2023;Forward;10.640;Calendar 2024;Calendar +1
20-Jan-2023;Forward;10.987;Calendar 2025;Calendar +2
20-Jan-2023;Forward;9.183;Calendar 2026;Calendar +3
20-Jan-2023;Spot;11.066;20-Jan-2023;Spot
20-Jan-2023;PPA 40;6.864;10-Year Pay-as-Produced;PPA 40
20-Jan-2023;RED II;6.558;10-Year PPA Pay-as-Produced;RED II
19-Jan-2023;Forward;10.424;Feb 2023;Month +1
19-Jan-2023;Forward;10.490;March 2023;Month +2
19-Jan-2023;Forward;10.331;Q2 2023;Quarter +1
19-Jan-2023;Forward;9.894;Summer 2023;Season +1
19-Jan-2023;Forward;11.383;Winter 2023;Season +2
19-Jan-2023;Forward;10.648;Calendar 2024;Calendar +1
19-Jan-2023;Forward;10.877;Calendar 2025;Calendar +2
19-Jan-2023;Forward;9.217;Calendar 2026;Calendar +3
19-Jan-2023;Spot;9.549;19-Jan-2023;Spot
19-Jan-2023;PPA 40;6.873;10-Year Pay-as-Produced;PPA 40
19-Jan-2023;RED II;6.567;10-Year PPA Pay-as-Produced;RED II
18-Jan-2023;Forward;10.518;Feb 2023;Month +1
18-Jan-2023;Forward;10.682;March 2023;Month +2
18-Jan-2023;Forward;10.431;Q2 2023;Quarter +1
18-Jan-2023;Forward;9.884;Summer 2023;Season +1
18-Jan-2023;Forward;11.289;Winter 2023;Season +2
18-Jan-2023;Forward;10.591;Calendar 2024;Calendar +1
18-Jan-2023;Forward;10.208;Calendar 2025;Calendar +2
18-Jan-2023;Forward;8.856;Calendar 2026;Calendar +3
18-Jan-2023;Spot;9.743;18-Jan-2023;Spot
18-Jan-2023;PPA 40;6.745;10-Year Pay-as-Produced;PPA 40
18-Jan-2023;RED II;6.490;10-Year PPA Pay-as-Produced;RED II
17-Jan-2023;Forward;10.223;Feb 2023;Month +1
17-Jan-2023;Forward;10.177;March 2023;Month +2
17-Jan-2023;Forward;10.022;Q2 2023;Quarter +1
17-Jan-2023;Forward;9.419;Summer 2023;Season +1
17-Jan-2023;Forward;10.748;Winter 2023;Season +2
17-Jan-2023;Forward;10.085;Calendar 2024;Calendar +1
17-Jan-2023;Forward;9.723;Calendar 2025;Calendar +2
17-Jan-2023;Forward;8.271;Calendar 2026;Calendar +3
17-Jan-2023;Spot;8.670;17-Jan-2023;Spot
17-Jan-2023;PPA 40;6.479;10-Year Pay-as-Produced;PPA 40
17-Jan-2023;RED II;6.398;10-Year PPA Pay-as-Produced;RED II
16-Jan-2023;Spot;8.204;16-Jan-2023;Spot
15-Jan-2023;Spot;6.884;15-Jan-2023;Spot
14-Jan-2023;Forward;10.806;Feb 2023;Month +1
14-Jan-2023;Forward;11.256;March 2023;Month +2
14-Jan-2023;Forward;10.910;Q2 2023;Quarter +1
14-Jan-2023;Forward;10.315;Summer 2023;Season +1
14-Jan-2023;Forward;11.852;Winter 2023;Season +2
14-Jan-2023;Forward;11.085;Calendar 2024;Calendar +1
14-Jan-2023;Forward;10.634;Calendar 2025;Calendar +2
14-Jan-2023;Forward;8.568;Calendar 2026;Calendar +3
14-Jan-2023;Spot;8.524;14-Jan-2023;Spot
14-Jan-2023;PPA 40;6.700;10-Year Pay-as-Produced;PPA 40
14-Jan-2023;RED II;6.524;10-Year PPA Pay-as-Produced;RED II
13-Jan-2023;Forward;11.014;Feb 2023;Month +1
13-Jan-2023;Forward;11.125;March 2023;Month +2
13-Jan-2023;Forward;10.977;Q2 2023;Quarter +1
13-Jan-2023;Forward;10.451;Summer 2023;Season +1
13-Jan-2023;Forward;12.255;Winter 2023;Season +2
13-Jan-2023;Forward;11.356;Calendar 2024;Calendar +1
13-Jan-2023;Forward;10.969;Calendar 2025;Calendar +2
13-Jan-2023;Forward;8.921;Calendar 2026;Calendar +3
13-Jan-2023;Spot;10.401;13-Jan-2023;Spot
13-Jan-2023;PPA 40;6.741;10-Year Pay-as-Produced;PPA 40
13-Jan-2023;RED II;6.578;10-Year PPA Pay-as-Produced;RED II
12-Jan-2023;Forward;10.833;Feb 2023;Month +1
12-Jan-2023;Forward;11.057;March 2023;Month +2
12-Jan-2023;Forward;10.851;Q2 2023;Quarter +1
12-Jan-2023;Forward;10.331;Summer 2023;Season +1
12-Jan-2023;Forward;12.236;Winter 2023;Season +2
12-Jan-2023;Forward;11.285;Calendar 2024;Calendar +1
12-Jan-2023;Forward;10.987;Calendar 2025;Calendar +2
12-Jan-2023;Forward;9.114;Calendar 2026;Calendar +3
12-Jan-2023;Spot;10.788;12-Jan-2023;Spot
12-Jan-2023;PPA 40;6.807;10-Year Pay-as-Produced;PPA 40
12-Jan-2023;RED II;6.601;10-Year PPA Pay-as-Produced;RED II
11-Jan-2023;Forward;10.736;Feb 2023;Month +1
11-Jan-2023;Forward;11.347;March 2023;Month +2
11-Jan-2023;Forward;11.100;Q2 2023;Quarter +1
11-Jan-2023;Forward;10.686;Summer 2023;Season +1
11-Jan-2023;Forward;13.084;Winter 2023;Season +2
11-Jan-2023;Forward;11.885;Calendar 2024;Calendar +1
11-Jan-2023;Forward;11.647;Calendar 2025;Calendar +2
11-Jan-2023;Forward;9.098;Calendar 2026;Calendar +3
11-Jan-2023;Spot;8.215;11-Jan-2023;Spot
11-Jan-2023;PPA 40;7.012;10-Year Pay-as-Produced;PPA 40
11-Jan-2023;RED II;6.699;10-Year PPA Pay-as-Produced;RED II
10-Jan-2023;Forward;10.929;Feb 2023;Month +1
10-Jan-2023;Forward;11.971;March 2023;Month +2
10-Jan-2023;Forward;11.577;Q2 2023;Quarter +1
10-Jan-2023;Forward;11.183;Summer 2023;Season +1
10-Jan-2023;Forward;13.436;Winter 2023;Season +2
10-Jan-2023;Forward;12.310;Calendar 2024;Calendar +1
10-Jan-2023;Forward;11.811;Calendar 2025;Calendar +2
10-Jan-2023;Forward;9.981;Calendar 2026;Calendar +3
10-Jan-2023;Spot;7.785;10-Jan-2023;Spot
10-Jan-2023;PPA 40;7.189;10-Year Pay-as-Produced;PPA 40
10-Jan-2023;RED II;6.787;10-Year PPA Pay-as-Produced;RED II
09-Jan-2023;Spot;7.374;9-Jan-2023;Spot
08-Jan-2023;Spot;8.128;8-Jan-2023;Spot
07-Jan-2023;Forward;10.193;Feb 2023;Month +1
07-Jan-2023;Forward;11.918;March 2023;Month +2
07-Jan-2023;Forward;11.343;Q2 2023;Quarter +1
07-Jan-2023;Forward;10.943;Summer 2023;Season +1
07-Jan-2023;Forward;13.195;Winter 2023;Season +2
07-Jan-2023;Forward;12.069;Calendar 2024;Calendar +1
07-Jan-2023;Forward;11.575;Calendar 2025;Calendar +2
07-Jan-2023;Forward;9.843;Calendar 2026;Calendar +3
07-Jan-2023;Spot;10.154;7-Jan-2023;Spot
07-Jan-2023;PPA 40;7.125;10-Year Pay-as-Produced;PPA 40
07-Jan-2023;RED II;6.776;10-Year PPA Pay-as-Produced;RED II
06-Jan-2023;Forward;9.576;Feb 2023;Month +1
06-Jan-2023;Forward;12.355;March 2023;Month +2
06-Jan-2023;Forward;11.377;Q2 2023;Quarter +1
06-Jan-2023;Forward;11.054;Summer 2023;Season +1
06-Jan-2023;Forward;13.175;Winter 2023;Season +2
06-Jan-2023;Forward;12.114;Calendar 2024;Calendar +1
06-Jan-2023;Forward;11.722;Calendar 2025;Calendar +2
06-Jan-2023;Forward;9.856;Calendar 2026;Calendar +3
06-Jan-2023;Spot;8.800;6-Jan-2023;Spot
06-Jan-2023;PPA 40;7.176;10-Year Pay-as-Produced;PPA 40
06-Jan-2023;RED II;6.787;10-Year PPA Pay-as-Produced;RED II
05-Jan-2023;Forward;8.691;Feb 2023;Month +1
05-Jan-2023;Forward;11.512;March 2023;Month +2
05-Jan-2023;Forward;10.522;Q2 2023;Quarter +1
05-Jan-2023;Forward;10.278;Summer 2023;Season +1
05-Jan-2023;Forward;12.724;Winter 2023;Season +2
05-Jan-2023;Forward;11.501;Calendar 2024;Calendar +1
05-Jan-2023;Forward;11.197;Calendar 2025;Calendar +2
05-Jan-2023;Forward;9.749;Calendar 2026;Calendar +3
05-Jan-2023;Spot;8.046;5-Jan-2023;Spot
05-Jan-2023;PPA 40;7.126;10-Year Pay-as-Produced;PPA 40
05-Jan-2023;RED II;6.759;10-Year PPA Pay-as-Produced;RED II
04-Jan-2023;Forward;8.858;Feb 2023;Month +1
04-Jan-2023;Forward;12.639;March 2023;Month +2
04-Jan-2023;Forward;11.240;Q2 2023;Quarter +1
04-Jan-2023;Forward;11.121;Summer 2023;Season +1
04-Jan-2023;Forward;13.901;Winter 2023;Season +2
04-Jan-2023;Forward;12.511;Calendar 2024;Calendar +1
04-Jan-2023;Forward;12.428;Calendar 2025;Calendar +2
04-Jan-2023;Forward;10.008;Calendar 2026;Calendar +3
04-Jan-2023;Spot;8.502;4-Jan-2023;Spot
04-Jan-2023;PPA 40;7.423;10-Year Pay-as-Produced;PPA 40
04-Jan-2023;RED II;6.887;10-Year PPA Pay-as-Produced;RED II
03-Jan-2023;Forward;8.928;Feb 2023;Month +1
03-Jan-2023;Forward;13.381;March 2023;Month +2
03-Jan-2023;Forward;11.566;Q2 2023;Quarter +1
03-Jan-2023;Forward;11.284;Summer 2023;Season +1
03-Jan-2023;Forward;13.538;Winter 2023;Season +2
03-Jan-2023;Forward;12.411;Calendar 2024;Calendar +1
03-Jan-2023;Forward;12.504;Calendar 2025;Calendar +2
03-Jan-2023;Forward;9.589;Calendar 2026;Calendar +3
03-Jan-2023;Spot;8.620;3-Jan-2023;Spot
03-Jan-2023;PPA 40;7.075;10-Year Pay-as-Produced;PPA 40
03-Jan-2023;RED II;6.855;10-Year PPA Pay-as-Produced;RED II
02-Jan-2023;Spot;7.367;2-Jan-2023;Spot
01-Jan-2023;Spot;3.421;1-Jan-2023;Spot
31-Dec-2022;Forward;10.778;Jan 2023;Month +1
31-Dec-2022;Forward;13.709;Feb 2023;Month +2
31-Dec-2022;Forward;12.386;Q2 2023;Quarter +1
31-Dec-2022;Forward;11.578;Summer 2023;Season +1
31-Dec-2022;Forward;13.331;Winter 2023;Season +2
31-Dec-2022;Forward;12.454;Calendar 2024;Calendar +1
31-Dec-2022;Forward;12.557;Calendar 2025;Calendar +2
31-Dec-2022;Forward;9.699;Calendar 2026;Calendar +3
31-Dec-2022;Spot;2.268;31-Dec-2022;Spot
31-Dec-2022;PPA 40;7.023;10-Year Pay-as-Produced;PPA 40
31-Dec-2022;RED II;6.619;10-Year PPA Pay-as-Produced;RED II
30-Dec-2022;Forward;12.209;Jan 2023;Month +1
30-Dec-2022;Forward;14.732;Feb 2023;Month +2
30-Dec-2022;Forward;13.642;Q2 2023;Quarter +1
30-Dec-2022;Forward;12.795;Summer 2023;Season +1
30-Dec-2022;Forward;15.167;Winter 2023;Season +2
30-Dec-2022;Forward;13.981;Calendar 2024;Calendar +1
30-Dec-2022;Forward;13.372;Calendar 2025;Calendar +2
30-Dec-2022;Forward;10.049;Calendar 2026;Calendar +3
30-Dec-2022;Spot;3.323;30-Dec-2022;Spot
30-Dec-2022;PPA 40;7.106;10-Year Pay-as-Produced;PPA 40
30-Dec-2022;RED II;6.680;10-Year PPA Pay-as-Produced;RED II
29-Dec-2022;Forward;12.326;Jan 2023;Month +1
29-Dec-2022;Forward;14.037;Feb 2023;Month +2
29-Dec-2022;Forward;13.585;Q1 2023;Quarter +1
29-Dec-2022;Forward;12.722;Summer 2023;Season +1
29-Dec-2022;Forward;15.447;Winter 2023;Season +2
29-Dec-2022;Forward;14.084;Calendar 2023;Calendar +1
29-Dec-2022;Forward;13.226;Calendar 2024;Calendar +2
29-Dec-2022;Forward;9.978;Calendar 2025;Calendar +3
29-Dec-2022;Spot;3.439;29-Dec-2022;Spot
29-Dec-2022;PPA 40;7.888;10-Year Pay-as-Produced;PPA 40
29-Dec-2022;RED II;6.670;10-Year PPA Pay-as-Produced;RED II
28-Dec-2022;Forward;13.082;Jan 2023;Month +1
28-Dec-2022;Forward;14.616;Feb 2023;Month +2
28-Dec-2022;Forward;13.929;Q1 2023;Quarter +1
28-Dec-2022;Forward;12.910;Summer 2023;Season +1
28-Dec-2022;Forward;15.709;Winter 2023;Season +2
28-Dec-2022;Forward;14.310;Calendar 2023;Calendar +1
28-Dec-2022;Forward;13.204;Calendar 2024;Calendar +2
28-Dec-2022;Forward;10.072;Calendar 2025;Calendar +3
28-Dec-2022;Spot;5.451;28-Dec-2022;Spot
28-Dec-2022;PPA 40;7.993;10-Year Pay-as-Produced;PPA 40
28-Dec-2022;RED II;6.691;10-Year PPA Pay-as-Produced;RED II
27-Dec-2022;Spot;5.461;27-Dec-2022;Spot
26-Dec-2022;Spot;4.892;26-Dec-2022;Spot
25-Dec-2022;Spot;8.041;25-Dec-2022;Spot
24-Dec-2022;Forward;12.820;Jan 2023;Month +1
24-Dec-2022;Forward;14.905;Feb 2023;Month +2
24-Dec-2022;Forward;14.073;Q1 2023;Quarter +1
24-Dec-2022;Forward;13.234;Summer 2023;Season +1
24-Dec-2022;Forward;15.198;Winter 2023;Season +2
24-Dec-2022;Forward;14.216;Calendar 2023;Calendar +1
24-Dec-2022;Forward;13.330;Calendar 2024;Calendar +2
24-Dec-2022;Forward;10.075;Calendar 2025;Calendar +3
24-Dec-2022;Spot;8.388;24-Dec-2022;Spot
24-Dec-2022;PPA 40;7.989;10-Year Pay-as-Produced;PPA 40
24-Dec-2022;RED II;6.708;10-Year PPA Pay-as-Produced;RED II
23-Dec-2022;Forward;13.398;Jan 2023;Month +1
23-Dec-2022;Forward;15.714;Feb 2023;Month +2
23-Dec-2022;Forward;14.810;Q1 2023;Quarter +1
23-Dec-2022;Forward;13.917;Summer 2023;Season +1
23-Dec-2022;Forward;15.475;Winter 2023;Season +2
23-Dec-2022;Forward;14.696;Calendar 2023;Calendar +1
23-Dec-2022;Forward;13.428;Calendar 2024;Calendar +2
23-Dec-2022;Forward;9.782;Calendar 2025;Calendar +3
23-Dec-2022;Spot;11.160;23-Dec-2022;Spot
23-Dec-2022;PPA 40;7.982;10-Year Pay-as-Produced;PPA 40
23-Dec-2022;RED II;6.715;10-Year PPA Pay-as-Produced;RED II
22-Dec-2022;Forward;14.145;Jan 2023;Month +1
22-Dec-2022;Forward;16.682;Feb 2023;Month +2
22-Dec-2022;Forward;15.609;Q1 2023;Quarter +1
22-Dec-2022;Forward;14.525;Summer 2023;Season +1
22-Dec-2022;Forward;16.156;Winter 2023;Season +2
22-Dec-2022;Forward;15.340;Calendar 2023;Calendar +1
22-Dec-2022;Forward;13.310;Calendar 2024;Calendar +2
22-Dec-2022;Forward;9.585;Calendar 2025;Calendar +3
22-Dec-2022;Spot;12.332;22-Dec-2022;Spot
22-Dec-2022;PPA 40;7.970;10-Year Pay-as-Produced;PPA 40
22-Dec-2022;RED II;6.711;10-Year PPA Pay-as-Produced;RED II
21-Dec-2022;Forward;15.208;Jan 2023;Month +1
21-Dec-2022;Forward;17.678;Feb 2023;Month +2
21-Dec-2022;Forward;16.604;Q1 2023;Quarter +1
21-Dec-2022;Forward;15.449;Summer 2023;Season +1
21-Dec-2022;Forward;17.034;Winter 2023;Season +2
21-Dec-2022;Forward;16.241;Calendar 2023;Calendar +1
21-Dec-2022;Forward;13.547;Calendar 2024;Calendar +2
21-Dec-2022;Forward;9.837;Calendar 2025;Calendar +3
21-Dec-2022;Spot;13.166;21-Dec-2022;Spot
21-Dec-2022;PPA 40;7.977;10-Year Pay-as-Produced;PPA 40
21-Dec-2022;RED II;6.743;10-Year PPA Pay-as-Produced;RED II
20-Dec-2022;Forward;15.584;Jan 2023;Month +1
20-Dec-2022;Forward;17.456;Feb 2023;Month +2
20-Dec-2022;Forward;16.579;Q1 2023;Quarter +1
20-Dec-2022;Forward;15.433;Summer 2023;Season +1
20-Dec-2022;Forward;17.387;Winter 2023;Season +2
20-Dec-2022;Forward;16.410;Calendar 2023;Calendar +1
20-Dec-2022;Forward;13.277;Calendar 2024;Calendar +2
20-Dec-2022;Forward;9.446;Calendar 2025;Calendar +3
20-Dec-2022;Spot;11.505;20-Dec-2022;Spot
20-Dec-2022;PPA 40;7.872;10-Year Pay-as-Produced;PPA 40
20-Dec-2022;RED II;6.717;10-Year PPA Pay-as-Produced;RED II
19-Dec-2022;Spot;10.978;19-Dec-2022;Spot
18-Dec-2022;Spot;13.624;18-Dec-2022;Spot
17-Dec-2022;Forward;16.347;Jan 2023;Month +1
17-Dec-2022;Forward;17.608;Feb 2023;Month +2
17-Dec-2022;Forward;16.863;Q1 2023;Quarter +1
17-Dec-2022;Forward;15.971;Summer 2023;Season +1
17-Dec-2022;Forward;17.654;Winter 2023;Season +2
17-Dec-2022;Forward;16.813;Calendar 2023;Calendar +1
17-Dec-2022;Forward;13.535;Calendar 2024;Calendar +2
17-Dec-2022;Forward;9.736;Calendar 2025;Calendar +3
17-Dec-2022;Spot;17.325;17-Dec-2022;Spot
17-Dec-2022;PPA 40;7.958;10-Year Pay-as-Produced;PPA 40
17-Dec-2022;RED II;6.762;10-Year PPA Pay-as-Produced;RED II
16-Dec-2022;Forward;18.938;Jan 2023;Month +1
16-Dec-2022;Forward;20.402;Feb 2023;Month +2
16-Dec-2022;Forward;19.349;Q1 2023;Quarter +1
16-Dec-2022;Forward;17.719;Summer 2023;Season +1
16-Dec-2022;Forward;18.710;Winter 2023;Season +2
16-Dec-2022;Forward;18.214;Calendar 2023;Calendar +1
16-Dec-2022;Forward;14.770;Calendar 2024;Calendar +2
16-Dec-2022;Forward;10.264;Calendar 2025;Calendar +3
16-Dec-2022;Spot;20.684;16-Dec-2022;Spot
16-Dec-2022;PPA 40;8.321;10-Year Pay-as-Produced;PPA 40
16-Dec-2022;RED II;6.865;10-Year PPA Pay-as-Produced;RED II
15-Dec-2022;Forward;18.256;Jan 2023;Month +1
15-Dec-2022;Forward;20.539;Feb 2023;Month +2
15-Dec-2022;Forward;19.028;Q1 2023;Quarter +1
15-Dec-2022;Forward;17.683;Summer 2023;Season +1
15-Dec-2022;Forward;18.670;Winter 2023;Season +2
15-Dec-2022;Forward;18.176;Calendar 2023;Calendar +1
15-Dec-2022;Forward;14.865;Calendar 2024;Calendar +2
15-Dec-2022;Forward;10.739;Calendar 2025;Calendar +3
15-Dec-2022;Spot;20.046;15-Dec-2022;Spot
15-Dec-2022;PPA 40;8.473;10-Year Pay-as-Produced;PPA 40
15-Dec-2022;RED II;6.882;10-Year PPA Pay-as-Produced;RED II
14-Dec-2022;Forward;19.109;Jan 2023;Month +1
14-Dec-2022;Forward;22.081;Feb 2023;Month +2
14-Dec-2022;Forward;20.170;Q1 2023;Quarter +1
14-Dec-2022;Forward;18.753;Summer 2023;Season +1
14-Dec-2022;Forward;19.600;Winter 2023;Season +2
14-Dec-2022;Forward;19.177;Calendar 2023;Calendar +1
14-Dec-2022;Forward;15.465;Calendar 2024;Calendar +2
14-Dec-2022;Forward;10.870;Calendar 2025;Calendar +3
14-Dec-2022;Spot;22.321;14-Dec-2022;Spot
14-Dec-2022;PPA 40;8.630;10-Year Pay-as-Produced;PPA 40
14-Dec-2022;RED II;6.948;10-Year PPA Pay-as-Produced;RED II
13-Dec-2022;Forward;19.509;Jan 2023;Month +1
13-Dec-2022;Forward;22.143;Feb 2023;Month +2
13-Dec-2022;Forward;20.274;Q1 2023;Quarter +1
13-Dec-2022;Forward;18.919;Summer 2023;Season +1
13-Dec-2022;Forward;19.976;Winter 2023;Season +2
13-Dec-2022;Forward;19.448;Calendar 2023;Calendar +1
13-Dec-2022;Forward;15.716;Calendar 2024;Calendar +2
13-Dec-2022;Forward;10.826;Calendar 2025;Calendar +3
13-Dec-2022;Spot;21.794;13-Dec-2022;Spot
13-Dec-2022;PPA 40;8.638;10-Year Pay-as-Produced;PPA 40
13-Dec-2022;RED II;6.972;10-Year PPA Pay-as-Produced;RED II
12-Dec-2022;Forward;21.061;Jan 2023;Month +1
12-Dec-2022;Forward;22.882;Feb 2023;Month +2
12-Dec-2022;Forward;21.300;Q1 2023;Quarter +1
12-Dec-2022;Forward;19.724;Summer 2023;Season +1
12-Dec-2022;Forward;21.440;Winter 2023;Season +2
12-Dec-2022;Forward;20.582;Calendar 2023;Calendar +1
12-Dec-2022;Forward;15.880;Calendar 2024;Calendar +2
12-Dec-2022;Forward;10.702;Calendar 2025;Calendar +3
12-Dec-2022;Spot;19.385;12-Dec-2022;Spot
12-Dec-2022;PPA 40;8.659;10-Year Pay-as-Produced;PPA 40
12-Dec-2022;RED II;7.000;10-Year PPA Pay-as-Produced;RED II
11-Dec-2022;Spot;19.771;11-Dec-2022;Spot
10-Dec-2022;Spot;21.872;10-Dec-2022;Spot
09-Dec-2022;Forward;21.295;Jan 2023;Month +1
09-Dec-2022;Forward;23.174;Feb 2023;Month +2
09-Dec-2022;Forward;21.633;Q1 2023;Quarter +1
09-Dec-2022;Forward;19.923;Summer 2023;Season +1
09-Dec-2022;Forward;21.156;Winter 2023;Season +2
09-Dec-2022;Forward;20.540;Calendar 2023;Calendar +1
09-Dec-2022;Forward;15.823;Calendar 2024;Calendar +2
09-Dec-2022;Forward;10.967;Calendar 2025;Calendar +3
09-Dec-2022;Spot;22.838;9-Dec-2022;Spot
09-Dec-2022;PPA 40;8.689;10-Year Pay-as-Produced;PPA 40
09-Dec-2022;RED II;7.006;10-Year PPA Pay-as-Produced;RED II
08-Dec-2022;Forward;22.682;Jan 2023;Month +1
08-Dec-2022;Forward;24.565;Feb 2023;Month +2
08-Dec-2022;Forward;23.126;Q1 2023;Quarter +1
08-Dec-2022;Forward;21.057;Summer 2023;Season +1
08-Dec-2022;Forward;22.671;Winter 2023;Season +2
08-Dec-2022;Forward;21.864;Calendar 2023;Calendar +1
08-Dec-2022;Forward;16.420;Calendar 2024;Calendar +2
08-Dec-2022;Forward;11.208;Calendar 2025;Calendar +3
08-Dec-2022;Spot;21.252;8-Dec-2022;Spot
08-Dec-2022;PPA 40;8.878;10-Year Pay-as-Produced;PPA 40
08-Dec-2022;RED II;7.055;10-Year PPA Pay-as-Produced;RED II
07-Dec-2022;Forward;20.885;Jan 2023;Month +1
07-Dec-2022;Forward;22.974;Feb 2023;Month +2
07-Dec-2022;Forward;21.285;Q1 2023;Quarter +1
07-Dec-2022;Forward;19.666;Summer 2023;Season +1
07-Dec-2022;Forward;21.169;Winter 2023;Season +2
07-Dec-2022;Forward;20.418;Calendar 2023;Calendar +1
07-Dec-2022;Forward;15.835;Calendar 2024;Calendar +2
07-Dec-2022;Forward;10.656;Calendar 2025;Calendar +3
07-Dec-2022;Spot;19.022;7-Dec-2022;Spot
07-Dec-2022;PPA 40;8.559;10-Year Pay-as-Produced;PPA 40
07-Dec-2022;RED II;6.995;10-Year PPA Pay-as-Produced;RED II
06-Dec-2022;Forward;19.292;Jan 2023;Month +1
06-Dec-2022;Forward;22.476;Feb 2023;Month +2
06-Dec-2022;Forward;20.531;Q1 2023;Quarter +1
06-Dec-2022;Forward;19.066;Summer 2023;Season +1
06-Dec-2022;Forward;20.675;Winter 2023;Season +2
06-Dec-2022;Forward;19.870;Calendar 2023;Calendar +1
06-Dec-2022;Forward;15.401;Calendar 2024;Calendar +2
06-Dec-2022;Forward;10.539;Calendar 2025;Calendar +3
06-Dec-2022;Spot;20.812;6-Dec-2022;Spot
06-Dec-2022;PPA 40;8.428;10-Year Pay-as-Produced;PPA 40
06-Dec-2022;RED II;6.957;10-Year PPA Pay-as-Produced;RED II
05-Dec-2022;Forward;19.732;Jan 2023;Month +1
05-Dec-2022;Forward;23.636;Feb 2023;Month +2
05-Dec-2022;Forward;21.158;Q1 2023;Quarter +1
05-Dec-2022;Forward;19.463;Summer 2023;Season +1
05-Dec-2022;Forward;21.288;Winter 2023;Season +2
05-Dec-2022;Forward;20.375;Calendar 2023;Calendar +1
05-Dec-2022;Forward;15.446;Calendar 2024;Calendar +2
05-Dec-2022;Forward;10.715;Calendar 2025;Calendar +3
05-Dec-2022;Spot;16.603;5-Dec-2022;Spot
05-Dec-2022;PPA 40;8.475;10-Year Pay-as-Produced;PPA 40
05-Dec-2022;RED II;6.974;10-Year PPA Pay-as-Produced;RED II
04-Dec-2022;Spot;17.586;4-Dec-2022;Spot
03-Dec-2022;Spot;18.669;3-Dec-2022;Spot
02-Dec-2022;Forward;20.269;Jan 2023;Month +1
02-Dec-2022;Forward;23.441;Feb 2023;Month +2
02-Dec-2022;Forward;21.288;Q1 2023;Quarter +1
02-Dec-2022;Forward;19.454;Summer 2023;Season +1
02-Dec-2022;Forward;20.423;Winter 2023;Season +2
02-Dec-2022;Forward;19.938;Calendar 2023;Calendar +1
02-Dec-2022;Forward;15.432;Calendar 2024;Calendar +2
02-Dec-2022;Forward;10.542;Calendar 2025;Calendar +3
02-Dec-2022;Spot;21.633;2-Dec-2022;Spot
02-Dec-2022;PPA 40;8.450;10-Year Pay-as-Produced;PPA 40
02-Dec-2022;RED II;6.963;10-Year PPA Pay-as-Produced;RED II
