,"China National Emissions Trading System",,,," ","German National Emissions Trading System",,,," ","European Union Emissions Trading System (until 2018)",,,," ","European Union Emissions Trading System (from 2019, download)",,,,," ","New Zealand Emissions Trading System (Up to 2023)",,,,,,,," ","New Zealand Emissions Trading System (From 2024)",,,,,,,," "
Date,"Exchange rate CNY/EUR","Exchange rate CNY/USD","Market Currency","Secondary Market"," ","Exchange rate EUR/EUR","Exchange rate EUR/USD","Market Currency","Primary Market"," ","Exchange rate EUR/EUR","Exchange rate EUR/USD","Market Currency","Primary Market"," ","Exchange rate EUR/EUR","Exchange rate EUR/USD","Market Currency","Primary Market","Secondary Market"," ","Exchange rate NZD/EUR","Exchange rate NZD/USD","Market Currency","Primary Market","Primary Stability 1","Primary Stability 2","Secondary Market","Secondary Stability 5"," ","Exchange rate NZD/EUR","Exchange rate NZD/USD","Market Currency","Primary Market","Primary Stability 1","Primary Stability 2","Primary Stability 3","Secondary Market"," "
2021-07-16,0.130645785,0.154447072,CNY,51.23," ",,,,," ",,,,," ",1,1.182181818,EUR,53.33,," ",0.590707801,0.698324022,NZD,,,,47.8,," ",,,,,,,,," "
2021-07-19,0.130645785,0.154447072,CNY,52.3," ",,,,," ",,,,," ",1,1.182181818,EUR,53.55,51.49," ",0.590707801,0.698324022,NZD,,,,47.9,," ",,,,,,,,," "
2021-07-20,0.130645785,0.154447072,CNY,53.28," ",,,,," ",,,,," ",1,1.182181818,EUR,51.74,," ",0.590707801,0.698324022,NZD,,,,47.82,," ",,,,,,,,," "
2021-07-21,0.130645785,0.154447072,CNY,54.4," ",,,,," ",,,,," ",1,1.182181818,EUR,51.7,," ",0.590707801,0.698324022,NZD,,,,47.97,," ",,,,,,,,," "
2021-07-22,0.130645785,0.154447072,CNY,55.52," ",,,,," ",,,,," ",1,1.182181818,EUR,51.44,," ",0.590707801,0.698324022,NZD,,,,48.1,," ",,,,,,,,," "
2021-07-23,0.130645785,0.154447072,CNY,56.97," ",,,,," ",,,,," ",1,1.182181818,EUR,50.13,," ",0.590707801,0.698324022,NZD,,,,48.12,," ",,,,,,,,," "
2021-07-26,0.130645785,0.154447072,CNY,54.46," ",,,,," ",,,,," ",1,1.182181818,EUR,51.79,53.47," ",0.590707801,0.698324022,NZD,,,,48.05,," ",,,,,,,,," "
2021-07-27,0.130645785,0.154447072,CNY,54.63," ",,,,," ",,,,," ",1,1.182181818,EUR,52.8,," ",0.590707801,0.698324022,NZD,,,,48.5,," ",,,,,,,,," "
2021-07-28,0.130645785,0.154447072,CNY,52.5," ",,,,," ",,,,," ",1,1.182181818,EUR,53.45,," ",0.590707801,0.698324022,NZD,,,,48.6,," ",,,,,,,,," "
2021-07-29,0.130645785,0.154447072,CNY,52.96," ",,,,," ",,,,," ",1,1.182181818,EUR,54.02,," ",0.590707801,0.698324022,NZD,,,,48.6,," ",,,,,,,,," "
2021-07-30,0.130645785,0.154447072,CNY,54.17," ",,,,," ",,,,," ",1,1.182181818,EUR,53,," ",0.590707801,0.698324022,NZD,,,,48.6,," ",,,,,,,,," "
2021-08-02,0.131171982,0.154413272,CNY,51.99," ",,,,," ",,,,," ",1,1.177181818,EUR,54.6,55.34," ",0.592100402,0.697009828,NZD,,,,48.6,," ",,,,,,,,," "
2021-08-03,0.131171982,0.154413272,CNY,53.44," ",,,,," ",,,,," ",1,1.177181818,EUR,54.17,," ",0.592100402,0.697009828,NZD,,,,48.8,," ",,,,,,,,," "
2021-08-04,0.131171982,0.154413272,CNY,58.7," ",,,,," ",,,,," ",1,1.177181818,EUR,55,," ",0.592100402,0.697009828,NZD,,,,49,," ",,,,,,,,," "
2021-08-05,0.131171982,0.154413272,CNY,54.9," ",,,,," ",,,,," ",1,1.177181818,EUR,54.84,," ",0.592100402,0.697009828,NZD,,,,49.1,," ",,,,,,,,," "
2021-08-06,0.131171982,0.154413272,CNY,52.96," ",,,,," ",,,,," ",1,1.177181818,EUR,56.72,," ",0.592100402,0.697009828,NZD,,,,49.15,," ",,,,,,,,," "
2021-08-09,0.131171982,0.154413272,CNY,53.32," ",,,,," ",,,,," ",1,1.177181818,EUR,56,56.69," ",0.592100402,0.697009828,NZD,,,,49.25,," ",,,,,,,,," "
2021-08-10,0.131171982,0.154413272,CNY,55.32," ",,,,," ",,,,," ",1,1.177181818,EUR,57.1,," ",0.592100402,0.697009828,NZD,,,,49.6,," ",,,,,,,,," "
2021-08-11,0.131171982,0.154413272,CNY,55.9," ",,,,," ",,,,," ",1,1.177181818,EUR,56.69,," ",0.592100402,0.697009828,NZD,,,,49.55,," ",,,,,,,,," "
2021-08-12,0.131171982,0.154413272,CNY,55.43," ",,,,," ",,,,," ",1,1.177181818,EUR,57.36,," ",0.592100402,0.697009828,NZD,,,,49.8,," ",,,,,,,,," "
2021-08-13,0.131171982,0.154413272,CNY,54," ",,,,," ",,,,," ",1,1.177181818,EUR,55.6,," ",0.592100402,0.697009828,NZD,,,,49.7,," ",,,,,,,,," "
2021-08-16,0.131171982,0.154413272,CNY,51," ",,,,," ",,,,," ",1,1.177181818,EUR,57.18,56.08," ",0.592100402,0.697009828,NZD,,,,49.75,," ",,,,,,,,," "
2021-08-17,0.131171982,0.154413272,CNY,51.76," ",,,,," ",,,,," ",1,1.177181818,EUR,57.4,," ",0.592100402,0.697009828,NZD,,,,49.7,," ",,,,,,,,," "
2021-08-18,0.131171982,0.154413272,CNY,51.87," ",,,,," ",,,,," ",1,1.177181818,EUR,57.7,," ",0.592100402,0.697009828,NZD,,,,49.65,," ",,,,,,,,," "
2021-08-19,0.131171982,0.154413272,CNY,50.49," ",,,,," ",,,,," ",1,1.177181818,EUR,55.81,," ",0.592100402,0.697009828,NZD,,,,49.75,," ",,,,,,,,," "
2021-08-20,0.131171982,0.154413272,CNY,49," ",,,,," ",,,,," ",1,1.177181818,EUR,54.4,," ",0.592100402,0.697009828,NZD,,,,49.75,," ",,,,,,,,," "
2021-08-23,0.131171982,0.154413272,CNY,50.2," ",,,,," ",,,,," ",1,1.177181818,EUR,55.95,56.88," ",0.592100402,0.697009828,NZD,,,,50.45,," ",,,,,,,,," "
2021-08-24,0.131171982,0.154413272,CNY,50.2," ",,,,," ",,,,," ",1,1.177181818,EUR,55.72,," ",0.592100402,0.697009828,NZD,,,,50.45,," ",,,,,,,,," "
2021-08-25,0.131171982,0.154413272,CNY,47.64," ",,,,," ",,,,," ",1,1.177181818,EUR,56.63,," ",0.592100402,0.697009828,NZD,,,,50.5,," ",,,,,,,,," "
2021-08-26,0.131171982,0.154413272,CNY,47.64," ",,,,," ",,,,," ",1,1.177181818,EUR,55.61,," ",0.592100402,0.697009828,NZD,,,,51,," ",,,,,,,,," "
2021-08-27,0.131171982,0.154413272,CNY,45.09," ",,,,," ",,,,," ",1,1.177181818,EUR,57.51,," ",0.592100402,0.697009828,NZD,,,,51.1,," ",,,,,,,,," "
2021-08-30,0.131171982,0.154413272,CNY,45.16," ",,,,," ",,,,," ",1,1.177181818,EUR,,60.9," ",0.592100402,0.697009828,NZD,,,,51.4,," ",,,,,,,,," "
2021-08-31,0.131171982,0.154413272,CNY,45.35," ",,,,," ",,,,," ",1,1.177181818,EUR,60.11,," ",0.592100402,0.697009828,NZD,,,,51.5,," ",,,,,,,,," "
2021-09-01,0.131593736,0.154890014,CNY,45.19," ",,,,," ",,,,," ",1,1.177031818,EUR,61.29,," ",0.599657471,0.705815923,NZD,53.85,20,50,59,," ",,,,,,,,," "
2021-09-02,0.131593736,0.154890014,CNY,44.66," ",,,,," ",,,,," ",,,,,," ",0.599657471,0.705815923,NZD,,,,59.5,," ",,,,,,,,," "
2021-09-03,0.131593736,0.154890014,CNY,44.67," ",,,,," ",,,,," ",1,1.177031818,EUR,61.25,," ",0.599657471,0.705815923,NZD,,,,60.1,," ",,,,,,,,," "
2021-09-06,0.131593736,0.154890014,CNY,44," ",,,,," ",,,,," ",1,1.177031818,EUR,62.87,62.08," ",0.599657471,0.705815923,NZD,,,,60.6,," ",,,,,,,,," "
2021-09-07,0.131593736,0.154890014,CNY,43.9," ",,,,," ",,,,," ",1,1.177031818,EUR,61.71,," ",0.599657471,0.705815923,NZD,,,,62,," ",,,,,,,,," "
2021-09-08,0.131593736,0.154890014,CNY,42.9," ",,,,," ",,,,," ",1,1.177031818,EUR,61.93,," ",0.599657471,0.705815923,NZD,,,,65.25,," ",,,,,,,,," "
2021-09-09,0.131593736,0.154890014,CNY,41.99," ",,,,," ",,,,," ",1,1.177031818,EUR,61.98,," ",0.599657471,0.705815923,NZD,,,,65.8,," ",,,,,,,,," "
2021-09-10,0.131593736,0.154890014,CNY,44," ",,,,," ",,,,," ",1,1.177031818,EUR,61.85,," ",0.599657471,0.705815923,NZD,,,,65,," ",,,,,,,,," "
2021-09-13,0.131593736,0.154890014,CNY,45.62," ",,,,," ",,,,," ",1,1.177031818,EUR,61.91,59.91," ",0.599657471,0.705815923,NZD,,,,61.5,," ",,,,,,,,," "
2021-09-14,0.131593736,0.154890014,CNY,45.54," ",,,,," ",,,,," ",1,1.177031818,EUR,61.51,," ",0.599657471,0.705815923,NZD,,,,63.5,," ",,,,,,,,," "
2021-09-15,0.131593736,0.154890014,CNY,45," ",,,,," ",,,,," ",1,1.177031818,EUR,60,," ",0.599657471,0.705815923,NZD,,,,64,," ",,,,,,,,," "
2021-09-16,0.131593736,0.154890014,CNY,44.94," ",,,,," ",,,,," ",1,1.177031818,EUR,59.89,," ",0.599657471,0.705815923,NZD,,,,64,," ",,,,,,,,," "
2021-09-17,0.131593736,0.154890014,CNY,43.43," ",,,,," ",,,,," ",1,1.177031818,EUR,59.6,," ",0.599657471,0.705815923,NZD,,,,64,," ",,,,,,,,," "
2021-09-22,0.131593736,0.154890014,CNY,43.24," ",,,,," ",,,,," ",1,1.177031818,EUR,60.02,," ",0.599657471,0.705815923,NZD,,,,64.5,," ",,,,,,,,," "
2021-09-23,0.131593736,0.154890014,CNY,43.85," ",,,,," ",,,,," ",1,1.177031818,EUR,59.45,," ",0.599657471,0.705815923,NZD,,,,64.5,," ",,,,,,,,," "
2021-09-24,0.131593736,0.154890014,CNY,44.36," ",,,,," ",,,,," ",1,1.177031818,EUR,61.24,," ",0.599657471,0.705815923,NZD,,,,64.5,," ",,,,,,,,," "
2021-09-27,0.131593736,0.154890014,CNY,43.59," ",,,,," ",,,,," ",1,1.177031818,EUR,64,62.59," ",0.599657471,0.705815923,NZD,,,,64.4,," ",,,,,,,,," "
2021-09-28,0.131593736,0.154890014,CNY,42.22," ",,,,," ",,,,," ",1,1.177031818,EUR,65,," ",0.599657471,0.705815923,NZD,,,,63.6,," ",,,,,,,,," "
2021-09-29,0.131593736,0.154890014,CNY,41.84," ",,,,," ",,,,," ",1,1.177031818,EUR,61.83,," ",0.599657471,0.705815923,NZD,,,,64,," ",,,,,,,,," "
2021-09-30,0.131593736,0.154890014,CNY,42.21," ",,,,," ",,,,," ",1,1.177031818,EUR,61.37,," ",0.599657471,0.705815923,NZD,,,,64.5,," ",,,,,,,,," "
2021-10-08,0.134442641,0.15597331,CNY,44.08," ",,,,," ",,,,," ",1,1.160147619,EUR,59.92,," ",0.606799912,0.703977473,NZD,,,,64.6,," ",,,,,,,,," "
2021-10-11,0.134442641,0.15597331,CNY,46.03," ",,,,," ",,,,," ",1,1.160147619,EUR,59.33,59.61," ",0.606799912,0.703977473,NZD,,,,64.5,," ",,,,,,,,," "
2021-10-12,0.134442641,0.15597331,CNY,44.67," ",1,1.160147619,EUR,25," ",,,,," ",1,1.160147619,EUR,58.86,," ",0.606799912,0.703977473,NZD,,,,64.5,," ",,,,,,,,," "
2021-10-13,0.134442641,0.15597331,CNY,44.68," ",,,,," ",,,,," ",1,1.160147619,EUR,58.75,," ",0.606799912,0.703977473,NZD,,,,64.85,," ",,,,,,,,," "
2021-10-14,0.134442641,0.15597331,CNY,43.96," ",1,1.160147619,EUR,25," ",,,,," ",1,1.160147619,EUR,59.43,," ",0.606799912,0.703977473,NZD,,,,64.8,," ",,,,,,,,," "
2021-10-15,0.134442641,0.15597331,CNY,43.9," ",,,,," ",,,,," ",1,1.160147619,EUR,61.01,," ",0.606799912,0.703977473,NZD,,,,64.8,," ",,,,,,,,," "
2021-10-18,0.134442641,0.15597331,CNY,43.44," ",,,,," ",,,,," ",1,1.160147619,EUR,58.85,57.43," ",0.606799912,0.703977473,NZD,,,,64.75,," ",,,,,,,,," "
2021-10-19,0.134442641,0.15597331,CNY,43.43," ",1,1.160147619,EUR,25," ",,,,," ",1,1.160147619,EUR,57.58,," ",0.606799912,0.703977473,NZD,,,,65,," ",,,,,,,,," "
2021-10-20,0.134442641,0.15597331,CNY,43.24," ",,,,," ",,,,," ",1,1.160147619,EUR,56,," ",0.606799912,0.703977473,NZD,,,,64.5,," ",,,,,,,,," "
2021-10-21,0.134442641,0.15597331,CNY,43.03," ",1,1.160147619,EUR,25," ",,,,," ",1,1.160147619,EUR,57.1,," ",0.606799912,0.703977473,NZD,,,,65,," ",,,,,,,,," "
2021-10-22,0.134442641,0.15597331,CNY,42.99," ",,,,," ",,,,," ",1,1.160147619,EUR,59.5,," ",0.606799912,0.703977473,NZD,,,,65,," ",,,,,,,,," "
2021-10-25,0.134442641,0.15597331,CNY,43.24," ",,,,," ",,,,," ",1,1.160147619,EUR,58.94,59.2," ",,,,,,,,," ",,,,,,,,," "
2021-10-26,0.134442641,0.15597331,CNY,42.65," ",1,1.160147619,EUR,25," ",,,,," ",1,1.160147619,EUR,58.96,," ",0.606799912,0.703977473,NZD,,,,65.1,," ",,,,,,,,," "
2021-10-27,0.134442641,0.15597331,CNY,42.61," ",,,,," ",,,,," ",1,1.160147619,EUR,58.92,," ",0.606799912,0.703977473,NZD,,,,65.1,," ",,,,,,,,," "
2021-10-28,0.134442641,0.15597331,CNY,42.77," ",1,1.160147619,EUR,25," ",,,,," ",1,1.160147619,EUR,58.93,," ",0.606799912,0.703977473,NZD,,,,65.25,," ",,,,,,,,," "
2021-10-29,0.134442641,0.15597331,CNY,42.41," ",,,,," ",,,,," ",1,1.160147619,EUR,59.4,," ",0.606799912,0.703977473,NZD,,,,65,," ",,,,,,,,," "
2021-11-01,0.137105471,0.156492808,CNY,42.45," ",,,,," ",,,,," ",1,1.141404545,EUR,59.98,59.09," ",0.615550875,0.702592567,NZD,,,,65.25,," ",,,,,,,,," "
2021-11-02,0.137105471,0.156492808,CNY,42.43," ",1,1.141404545,EUR,25," ",,,,," ",1,1.141404545,EUR,57.8,," ",0.615550875,0.702592567,NZD,,,,65.25,," ",,,,,,,,," "
2021-11-03,0.137105471,0.156492808,CNY,42.4," ",,,,," ",,,,," ",1,1.141404545,EUR,59.78,," ",0.615550875,0.702592567,NZD,,,,65.25,," ",,,,,,,,," "
2021-11-04,0.137105471,0.156492808,CNY,42.33," ",1,1.141404545,EUR,25," ",,,,," ",1,1.141404545,EUR,59.81,," ",0.615550875,0.702592567,NZD,,,,65.3,," ",,,,,,,,," "
2021-11-05,0.137105471,0.156492808,CNY,42.69," ",,,,," ",,,,," ",1,1.141404545,EUR,61.05,," ",0.615550875,0.702592567,NZD,,,,65.3,," ",,,,,,,,," "
2021-11-08,0.137105471,0.156492808,CNY,42.58," ",,,,," ",,,,," ",1,1.141404545,EUR,60.06,62.23," ",0.615550875,0.702592567,NZD,,,,65.2,," ",,,,,,,,," "
2021-11-09,0.137105471,0.156492808,CNY,42.73," ",1,1.141404545,EUR,25," ",,,,," ",1,1.141404545,EUR,60.11,," ",0.615550875,0.702592567,NZD,,,,65.2,," ",,,,,,,,," "
2021-11-10,0.137105471,0.156492808,CNY,42.74," ",,,,," ",,,,," ",1,1.141404545,EUR,61.53,," ",0.615550875,0.702592567,NZD,,,,65.2,," ",,,,,,,,," "
2021-11-11,0.137105471,0.156492808,CNY,42.49," ",1,1.141404545,EUR,25," ",,,,," ",1,1.141404545,EUR,62.31,," ",0.615550875,0.702592567,NZD,,,,65,," ",,,,,,,,," "
2021-11-12,0.137105471,0.156492808,CNY,42.66," ",,,,," ",,,,," ",1,1.141404545,EUR,63.53,," ",0.615550875,0.702592567,NZD,,,,64.8,," ",,,,,,,,," "
2021-11-15,0.137105471,0.156492808,CNY,42.93," ",,,,," ",,,,," ",1,1.141404545,EUR,64.4,67.82," ",0.615550875,0.702592567,NZD,,,,64.9,," ",,,,,,,,," "
2021-11-16,0.137105471,0.156492808,CNY,43.16," ",1,1.141404545,EUR,25," ",,,,," ",1,1.141404545,EUR,67.5,," ",0.615550875,0.702592567,NZD,,,,65.1,," ",,,,,,,,," "
2021-11-17,0.137105471,0.156492808,CNY,43.12," ",,,,," ",,,,," ",1,1.141404545,EUR,67.14,," ",0.615550875,0.702592567,NZD,,,,65.1,," ",,,,,,,,," "
2021-11-18,0.137105471,0.156492808,CNY,43.16," ",1,1.141404545,EUR,25," ",,,,," ",1,1.141404545,EUR,66.51,," ",0.615550875,0.702592567,NZD,,,,64.9,," ",,,,,,,,," "
2021-11-19,0.137105471,0.156492808,CNY,43.05," ",,,,," ",,,,," ",1,1.141404545,EUR,69.21,," ",0.615550875,0.702592567,NZD,,,,64.9,," ",,,,,,,,," "
2021-11-22,0.137105471,0.156492808,CNY,43.05," ",,,,," ",,,,," ",1,1.141404545,EUR,69.7,71.85," ",0.615550875,0.702592567,NZD,,,,64.8,," ",,,,,,,,," "
2021-11-23,0.137105471,0.156492808,CNY,43.06," ",1,1.141404545,EUR,25," ",,,,," ",1,1.141404545,EUR,69.88,," ",0.615550875,0.702592567,NZD,,,,64.9,," ",,,,,,,,," "
2021-11-24,0.137105471,0.156492808,CNY,42.96," ",,,,," ",,,,," ",1,1.141404545,EUR,69.51,," ",0.615550875,0.702592567,NZD,,,,64.9,," ",,,,,,,,," "
2021-11-25,0.137105471,0.156492808,CNY,42.96," ",1,1.141404545,EUR,25," ",,,,," ",1,1.141404545,EUR,72.15,," ",0.615550875,0.702592567,NZD,,,,64.95,," ",,,,,,,,," "
2021-11-26,0.137105471,0.156492808,CNY,42.85," ",,,,," ",,,,," ",1,1.141404545,EUR,71.95,," ",0.615550875,0.702592567,NZD,,,,64.9,," ",,,,,,,,," "
2021-11-29,0.137105471,0.156492808,CNY,42.92," ",,,,," ",,,,," ",1,1.141404545,EUR,74.48,76.9," ",0.615550875,0.702592567,NZD,,,,65,," ",,,,,,,,," "
2021-11-30,0.137105471,0.156492808,CNY,42.95," ",1,1.141404545,EUR,25," ",,,,," ",1,1.141404545,EUR,74.82,," ",0.615550875,0.702592567,NZD,,,,65,," ",,,,,,,,," "
2021-12-01,0.138940904,0.157055777,CNY,42.97," ",,,,," ",,,,," ",1,1.130378261,EUR,76.38,," ",0.600257577,0.678518116,NZD,68,20,50,68.5,," ",,,,,,,,," "
2021-12-02,0.138940904,0.157055777,CNY,42.88," ",1,1.130378261,EUR,25," ",,,,," ",1,1.130378261,EUR,77.1,," ",0.600257577,0.678518116,NZD,,,,68.4,," ",,,,,,,,," "
2021-12-03,0.138940904,0.157055777,CNY,42.94," ",,,,," ",,,,," ",1,1.130378261,EUR,78.76,," ",0.600257577,0.678518116,NZD,,,,68.3,," ",,,,,,,,," "
2021-12-06,0.138940904,0.157055777,CNY,42.79," ",,,,," ",,,,," ",1,1.130378261,EUR,80,83.79," ",0.600257577,0.678518116,NZD,,,,68.25,," ",,,,,,,,," "
2021-12-07,0.138940904,0.157055777,CNY,42.13," ",1,1.130378261,EUR,25," ",,,,," ",1,1.130378261,EUR,82.87,," ",0.600257577,0.678518116,NZD,,,,68.4,," ",,,,,,,,," "
2021-12-08,0.138940904,0.157055777,CNY,41.46," ",,,,," ",,,,," ",1,1.130378261,EUR,87.45,," ",0.600257577,0.678518116,NZD,,,,68.15,," ",,,,,,,,," "
2021-12-09,0.138940904,0.157055777,CNY,41.56," ",1,1.130378261,EUR,25," ",,,,," ",1,1.130378261,EUR,84.93,," ",0.600257577,0.678518116,NZD,,,,68.15,," ",,,,,,,,," "
2021-12-10,0.138940904,0.157055777,CNY,42.69," ",,,,," ",,,,," ",1,1.130378261,EUR,79.83,," ",0.600257577,0.678518116,NZD,,,,68.1,," ",,,,,,,,," "
2021-12-13,0.138940904,0.157055777,CNY,42.95," ",,,,," ",,,,," ",1,1.130378261,EUR,85,80.03," ",0.600257577,0.678518116,NZD,,,,68,," ",,,,,,,,," "
2021-12-14,0.138940904,0.157055777,CNY,42.93," ",1,1.130378261,EUR,25," ",,,,," ",1,1.130378261,EUR,79.99,," ",0.600257577,0.678518116,NZD,,,,68.05,," ",,,,,,,,," "
2021-12-15,0.138940904,0.157055777,CNY,43.06," ",,,,," ",,,,," ",1,1.130378261,EUR,79.29,," ",0.600257577,0.678518116,NZD,,,,68.15,," ",,,,,,,,," "
2021-12-16,0.138940904,0.157055777,CNY,44.22," ",1,1.130378261,EUR,25," ",,,,," ",1,1.130378261,EUR,80.5,," ",0.600257577,0.678518116,NZD,,,,68.15,," ",,,,,,,,," "
2021-12-17,0.138940904,0.157055777,CNY,46.66," ",,,,," ",,,,," ",1,1.130378261,EUR,82.25,," ",0.600257577,0.678518116,NZD,,,,68.17,," ",,,,,,,,," "
2021-12-20,0.138940904,0.157055777,CNY,49.18," ",,,,," ",,,,," ",1,1.130378261,EUR,74.57,79.38," ",0.600257577,0.678518116,NZD,,,,68.5,," ",,,,,,,,," "
2021-12-21,0.138940904,0.157055777,CNY,49.49," ",,,,," ",,,,," ",,,,,," ",0.600257577,0.678518116,NZD,,,,68.5,," ",,,,,,,,," "
2021-12-22,0.138940904,0.157055777,CNY,49.39," ",,,,," ",,,,," ",,,,,," ",0.600257577,0.678518116,NZD,,,,68.5,," ",,,,,,,,," "
2021-12-23,0.138940904,0.157055777,CNY,49.57," ",,,,," ",,,,," ",,,,,," ",0.600257577,0.678518116,NZD,,,,68.5,," ",,,,,,,,," "
2021-12-24,0.138940904,0.157055777,CNY,49.52," ",,,,," ",,,,," ",,,,,," ",0.600257577,0.678518116,NZD,,,,68.45,," ",,,,,,,,," "
2021-12-27,0.138940904,0.157055777,CNY,48.13," ",,,,," ",,,,," ",,,,,," ",,,,,,,,," ",,,,,,,,," "
2021-12-28,0.138940904,0.157055777,CNY,51.69," ",,,,," ",,,,," ",,,,,," ",,,,,,,,," ",,,,,,,,," "
2021-12-29,0.138940904,0.157055777,CNY,56.64," ",,,,," ",,,,," ",,,,,," ",0.600257577,0.678518116,NZD,,,,68.2,," ",,,,,,,,," "
2021-12-30,0.138940904,0.157055777,CNY,57.06," ",,,,," ",,,,," ",,,,,," ",0.600257577,0.678518116,NZD,,,,68.15,," ",,,,,,,,," "
2021-12-31,0.138940904,0.157055777,CNY,54.22," ",,,,," ",,,,," ",,,,,," ",0.600257577,0.678518116,NZD,,,,68.2,," ",,,,,,,,," "
2022-01-04,0.139054509,0.157332893,CNY,57.29," ",,,,," ",,,,," ",,,,,," ",,,,,,,,," ",,,,,,,,," "
2022-01-05,0.139054509,0.157332893,CNY,56.94," ",,,,," ",,,,," ",,,,,," ",0.596050381,0.674399784,NZD,,,,68.25,," ",,,,,,,,," "
2022-01-06,0.139054509,0.157332893,CNY,57.26," ",,,,," ",,,,," ",,,,,," ",0.596050381,0.674399784,NZD,,,,68.35,," ",,,,,,,,," "
2022-01-07,0.139054509,0.157332893,CNY,57.59," ",,,,," ",,,,," ",,,,,," ",0.596050381,0.674399784,NZD,,,,68.37,," ",,,,,,,,," "
2022-01-10,0.139054509,0.157332893,CNY,58.28," ",,,,," ",,,,," ",1,1.131447619,EUR,82.71,80.81," ",0.596050381,0.674399784,NZD,,,,68.6,," ",,,,,,,,," "
2022-01-11,0.139054509,0.157332893,CNY,57.52," ",1,1.131447619,EUR,30," ",,,,," ",1,1.131447619,EUR,81.9,," ",0.596050381,0.674399784,NZD,,,,69.1,," ",,,,,,,,," "
2022-01-12,0.139054509,0.157332893,CNY,57.99," ",,,,," ",,,,," ",,,,,," ",0.596050381,0.674399784,NZD,,,,70.25,," ",,,,,,,,," "
2022-01-13,0.139054509,0.157332893,CNY,57.75," ",1,1.131447619,EUR,30," ",,,,," ",1,1.131447619,EUR,79.05,," ",0.596050381,0.674399784,NZD,,,,72,," ",,,,,,,,," "
2022-01-14,0.139054509,0.157332893,CNY,57.77," ",,,,," ",,,,," ",1,1.131447619,EUR,81.52,," ",0.596050381,0.674399784,NZD,,,,72,," ",,,,,,,,," "
2022-01-17,0.139054509,0.157332893,CNY,58.48," ",,,,," ",,,,," ",1,1.131447619,EUR,80.21,83.08," ",0.596050381,0.674399784,NZD,,,,72.1,," ",,,,,,,,," "
2022-01-18,0.139054509,0.157332893,CNY,58.5," ",1,1.131447619,EUR,30," ",,,,," ",1,1.131447619,EUR,79.22,," ",0.596050381,0.674399784,NZD,,,,72.25,," ",,,,,,,,," "
2022-01-19,0.139054509,0.157332893,CNY,56," ",,,,," ",,,,," ",1,1.131447619,EUR,80.7,," ",0.596050381,0.674399784,NZD,,,,73.35,," ",,,,,,,,," "
2022-01-20,0.139054509,0.157332893,CNY,58," ",1,1.131447619,EUR,30," ",,,,," ",1,1.131447619,EUR,80.8,," ",0.596050381,0.674399784,NZD,,,,74.25,," ",,,,,,,,," "
2022-01-21,0.139054509,0.157332893,CNY,57.46," ",,,,," ",,,,," ",1,1.131447619,EUR,84.03,," ",0.596050381,0.674399784,NZD,,,,74.95,," ",,,,,,,,," "
2022-01-24,0.139054509,0.157332893,CNY,57.87," ",,,,," ",,,,," ",1,1.131447619,EUR,85.75,87.82," ",,,,,,,,," ",,,,,,,,," "
2022-01-25,0.139054509,0.157332893,CNY,57.83," ",1,1.131447619,EUR,30," ",,,,," ",1,1.131447619,EUR,84.48,," ",0.596050381,0.674399784,NZD,,,,74.92,," ",,,,,,,,," "
2022-01-26,0.139054509,0.157332893,CNY,57.88," ",,,,," ",,,,," ",,,,,," ",0.596050381,0.674399784,NZD,,,,75.1,," ",,,,,,,,," "
2022-01-27,0.139054509,0.157332893,CNY,56," ",1,1.131447619,EUR,30," ",,,,," ",1,1.131447619,EUR,88.51,," ",0.596050381,0.674399784,NZD,,,,75.25,," ",,,,,,,,," "
2022-01-28,0.139054509,0.157332893,CNY,61.38," ",,,,," ",,,,," ",1,1.131447619,EUR,89.25,," ",0.596050381,0.674399784,NZD,,,,75.25,," ",,,,,,,,," "
2022-02-07,0.139037152,0.157694548,CNY,58.08," ",,,,," ",,,,," ",1,1.13419,EUR,93.5,93.61," ",,,,,,,,," ",,,,,,,,," "
2022-02-08,0.139037152,0.157694548,CNY,58.5," ",1,1.13419,EUR,30," ",,,,," ",1,1.13419,EUR,97.51,," ",0.587986989,0.666888963,NZD,,,,78.3,," ",,,,,,,,," "
2022-02-09,0.139037152,0.157694548,CNY,58.5," ",,,,," ",,,,," ",1,1.13419,EUR,96.53,," ",0.587986989,0.666888963,NZD,,,,81,," ",,,,,,,,," "
2022-02-10,0.139037152,0.157694548,CNY,60," ",1,1.13419,EUR,30," ",,,,," ",1,1.13419,EUR,90.6,," ",0.587986989,0.666888963,NZD,,,,81.5,," ",,,,,,,,," "
2022-02-11,0.139037152,0.157694548,CNY,56.15," ",,,,," ",,,,," ",1,1.13419,EUR,89.98,," ",0.587986989,0.666888963,NZD,,,,82.9,," ",,,,,,,,," "
2022-02-14,0.139037152,0.157694548,CNY,58.41," ",,,,," ",,,,," ",1,1.13419,EUR,90.73,89.73," ",0.587986989,0.666888963,NZD,,,,84.5,," ",,,,,,,,," "
2022-02-15,0.139037152,0.157694548,CNY,58.4," ",1,1.13419,EUR,30," ",,,,," ",1,1.13419,EUR,90.35,," ",0.587986989,0.666888963,NZD,,,,86.25,," ",,,,,,,,," "
2022-02-16,0.139037152,0.157694548,CNY,56.6," ",,,,," ",,,,," ",1,1.13419,EUR,88.05,," ",0.587986989,0.666888963,NZD,,,,85.5,," ",,,,,,,,," "
2022-02-17,0.139037152,0.157694548,CNY,56.5," ",1,1.13419,EUR,30," ",,,,," ",1,1.13419,EUR,87.5,," ",0.587986989,0.666888963,NZD,,,,85,," ",,,,,,,,," "
2022-02-18,0.139037152,0.157694548,CNY,56.88," ",,,,," ",,,,," ",1,1.13419,EUR,87.65,," ",0.587986989,0.666888963,NZD,,,,84,," ",,,,,,,,," "
2022-02-21,0.139037152,0.157694548,CNY,56.99," ",,,,," ",,,,," ",1,1.13419,EUR,87.99,89.94," ",0.587986989,0.666888963,NZD,,,,82.5,," ",,,,,,,,," "
2022-02-22,0.139037152,0.157694548,CNY,56.78," ",1,1.13419,EUR,30," ",,,,," ",1,1.13419,EUR,88.4,," ",0.587986989,0.666888963,NZD,,,,80.75,," ",,,,,,,,," "
2022-02-23,0.139037152,0.157694548,CNY,56.49," ",,,,," ",,,,," ",1,1.13419,EUR,92.8,," ",0.587986989,0.666888963,NZD,,,,80.75,," ",,,,,,,,," "
2022-02-24,0.139037152,0.157694548,CNY,58," ",1,1.13419,EUR,30," ",,,,," ",1,1.13419,EUR,88,," ",0.587986989,0.666888963,NZD,,,,80,," ",,,,,,,,," "
2022-02-25,0.139037152,0.157694548,CNY,58.53," ",,,,," ",,,,," ",1,1.13419,EUR,86.9,," ",0.587986989,0.666888963,NZD,,,,80,," ",,,,,,,,," "
2022-02-28,0.139037152,0.157694548,CNY,57.74," ",,,,," ",,,,," ",1,1.13419,EUR,80.92,70.4," ",0.587986989,0.666888963,NZD,,,,80.75,," ",,,,,,,,," "
2022-03-01,0.143032702,0.157607113,CNY,57.8," ",1,1.101895652,EUR,30," ",,,,," ",1,1.101895652,EUR,79.96,," ",0.622489162,0.685918101,NZD,,,,80,," ",,,,,,,,," "
2022-03-02,0.143032702,0.157607113,CNY,57.9," ",,,,," ",,,,," ",,,,,," ",0.622489162,0.685918101,NZD,,,,78.5,," ",,,,,,,,," "
2022-03-03,0.143032702,0.157607113,CNY,57.9," ",1,1.101895652,EUR,30," ",,,,," ",1,1.101895652,EUR,63.87,," ",0.622489162,0.685918101,NZD,,,,79,," ",,,,,,,,," "
2022-03-04,0.143032702,0.157607113,CNY,57.9," ",,,,," ",,,,," ",1,1.101895652,EUR,67.22,," ",0.622489162,0.685918101,NZD,,,,78.5,," ",,,,,,,,," "
2022-03-07,0.143032702,0.157607113,CNY,57.04," ",,,,," ",,,,," ",1,1.101895652,EUR,57.91,70.63," ",0.622489162,0.685918101,NZD,,,,76.5,," ",,,,,,,,," "
2022-03-08,0.143032702,0.157607113,CNY,57," ",1,1.101895652,EUR,30," ",,,,," ",1,1.101895652,EUR,62.01,," ",0.622489162,0.685918101,NZD,,,,74.75,," ",,,,,,,,," "
2022-03-09,0.143032702,0.157607113,CNY,58," ",,,,," ",,,,," ",,,,,," ",0.622489162,0.685918101,NZD,,,,70.25,," ",,,,,,,,," "
2022-03-10,0.143032702,0.157607113,CNY,57.26," ",1,1.101895652,EUR,30," ",,,,," ",1,1.101895652,EUR,70.04,," ",0.622489162,0.685918101,NZD,,,,72,," ",,,,,,,,," "
2022-03-11,0.143032702,0.157607113,CNY,57.6," ",,,,," ",,,,," ",1,1.101895652,EUR,76.5,," ",0.622489162,0.685918101,NZD,,,,72.5,," ",,,,,,,,," "
2022-03-14,0.143032702,0.157607113,CNY,58," ",,,,," ",,,,," ",1,1.101895652,EUR,78.6,78.53," ",0.622489162,0.685918101,NZD,,,,72,," ",,,,,,,,," "
2022-03-15,0.143032702,0.157607113,CNY,57.77," ",1,1.101895652,EUR,30," ",,,,," ",1,1.101895652,EUR,75.55,," ",0.622489162,0.685918101,NZD,,,,71.75,," ",,,,,,,,," "
2022-03-16,0.143032702,0.157607113,CNY,57," ",,,,," ",,,,," ",1,1.101895652,EUR,75.25,," ",0.622489162,0.685918101,NZD,70,30,70,73.5,," ",,,,,,,,," "
2022-03-17,0.143032702,0.157607113,CNY,57," ",1,1.101895652,EUR,30," ",,,,," ",1,1.101895652,EUR,76.87,," ",0.622489162,0.685918101,NZD,,,,73.62,," ",,,,,,,,," "
2022-03-18,0.143032702,0.157607113,CNY,58," ",,,,," ",,,,," ",1,1.101895652,EUR,79.21,," ",0.622489162,0.685918101,NZD,,,,73.62,," ",,,,,,,,," "
2022-03-21,0.143032702,0.157607113,CNY,58.5," ",,,,," ",,,,," ",1,1.101895652,EUR,77.76,78.5," ",0.622489162,0.685918101,NZD,,,,73.45,," ",,,,,,,,," "
2022-03-22,0.143032702,0.157607113,CNY,58," ",1,1.101895652,EUR,30," ",,,,," ",1,1.101895652,EUR,79.05,," ",0.622489162,0.685918101,NZD,,,,72.9,," ",,,,,,,,," "
2022-03-23,0.143032702,0.157607113,CNY,58.4," ",,,,," ",,,,," ",,,,,," ",0.622489162,0.685918101,NZD,,,,73.1,," ",,,,,,,,," "
2022-03-24,0.143032702,0.157607113,CNY,58.01," ",1,1.101895652,EUR,30," ",,,,," ",1,1.101895652,EUR,76.15,," ",0.622489162,0.685918101,NZD,,,,74,," ",,,,,,,,," "
2022-03-25,0.143032702,0.157607113,CNY,58," ",,,,," ",,,,," ",1,1.101895652,EUR,78.5,," ",0.622489162,0.685918101,NZD,,,,75.25,," ",,,,,,,,," "
2022-03-28,0.143032702,0.157607113,CNY,58," ",,,,," ",,,,," ",1,1.101895652,EUR,80.76,79.16," ",0.622489162,0.685918101,NZD,,,,76,," ",,,,,,,,," "
2022-03-29,0.143032702,0.157607113,CNY,58.5," ",1,1.101895652,EUR,30," ",,,,," ",1,1.101895652,EUR,80.51,," ",0.622489162,0.685918101,NZD,,,,76.05,," ",,,,,,,,," "
2022-03-30,0.143032702,0.157607113,CNY,58.5," ",,,,," ",,,,," ",1,1.101895652,EUR,77.22,," ",0.622489162,0.685918101,NZD,,,,76,," ",,,,,,,,," "
2022-03-31,0.143032702,0.157607113,CNY,58.55," ",1,1.101895652,EUR,30," ",,,,," ",1,1.101895652,EUR,79.25,," ",0.622489162,0.685918101,NZD,,,,75.9,," ",,,,,,,,," "
2022-04-01,0.143672853,0.155435879,CNY,58.5," ",,,,," ",,,,," ",1,1.081873684,EUR,78,," ",0.626871703,0.678195999,NZD,,,,76,," ",,,,,,,,," "
2022-04-06,0.143672853,0.155435879,CNY,60," ",,,,," ",,,,," ",1,1.081873684,EUR,78.34,," ",0.626871703,0.678195999,NZD,,,,76,," ",,,,,,,,," "
2022-04-07,0.143672853,0.155435879,CNY,59," ",1,1.081873684,EUR,30," ",,,,," ",1,1.081873684,EUR,77.13,," ",0.626871703,0.678195999,NZD,,,,76,," ",,,,,,,,," "
2022-04-08,0.143672853,0.155435879,CNY,59.99," ",,,,," ",,,,," ",1,1.081873684,EUR,80.21,," ",0.626871703,0.678195999,NZD,,,,75.9,," ",,,,,,,,," "
2022-04-11,0.143672853,0.155435879,CNY,60," ",,,,," ",,,,," ",1,1.081873684,EUR,79.02,78.59," ",0.626871703,0.678195999,NZD,,,,75.5,," ",,,,,,,,," "
2022-04-12,0.143672853,0.155435879,CNY,60," ",1,1.081873684,EUR,30," ",,,,," ",1,1.081873684,EUR,77.36,," ",0.626871703,0.678195999,NZD,,,,76.25,," ",,,,,,,,," "
2022-04-13,0.143672853,0.155435879,CNY,60," ",,,,," ",,,,," ",1,1.081873684,EUR,77.27,," ",0.626871703,0.678195999,NZD,,,,76.5,," ",,,,,,,,," "
2022-04-14,0.143672853,0.155435879,CNY,60," ",1,1.081873684,EUR,30," ",,,,," ",1,1.081873684,EUR,78.8,," ",0.626871703,0.678195999,NZD,,,,76.5,," ",,,,,,,,," "
2022-04-15,0.143672853,0.155435879,CNY,60," ",,,,," ",,,,," ",,,,,," ",,,,,,,,," ",,,,,,,,," "
2022-04-18,0.143672853,0.155435879,CNY,60," ",,,,," ",,,,," ",1,1.081873684,EUR,,84.68," ",,,,,,,,," ",,,,,,,,," "
2022-04-19,0.143672853,0.155435879,CNY,60," ",1,1.081873684,EUR,30," ",,,,," ",1,1.081873684,EUR,79.4,," ",0.626871703,0.678195999,NZD,,,,76.8,," ",,,,,,,,," "
2022-04-20,0.143672853,0.155435879,CNY,60," ",,,,," ",,,,," ",,,,,," ",0.626871703,0.678195999,NZD,,,,76.85,," ",,,,,,,,," "
2022-04-21,0.143672853,0.155435879,CNY,60," ",1,1.081873684,EUR,30," ",,,,," ",1,1.081873684,EUR,85.9,," ",0.626871703,0.678195999,NZD,,,,76.25,," ",,,,,,,,," "
2022-04-22,0.143672853,0.155435879,CNY,60," ",,,,," ",,,,," ",1,1.081873684,EUR,87.4,," ",0.626871703,0.678195999,NZD,,,,76.1,," ",,,,,,,,," "
2022-04-25,0.143672853,0.155435879,CNY,60," ",,,,," ",,,,," ",1,1.081873684,EUR,85.81,82.86," ",,,,,,,,," ",,,,,,,,," "
2022-04-26,0.143672853,0.155435879,CNY,60," ",1,1.081873684,EUR,30," ",,,,," ",1,1.081873684,EUR,83.43,," ",0.626871703,0.678195999,NZD,,,,75.9,," ",,,,,,,,," "
2022-04-27,0.143672853,0.155435879,CNY,59," ",,,,," ",,,,," ",1,1.081873684,EUR,79.99,," ",0.626871703,0.678195999,NZD,,,,75.75,," ",,,,,,,,," "
2022-04-28,0.143672853,0.155435879,CNY,59," ",1,1.081873684,EUR,30," ",,,,," ",1,1.081873684,EUR,80.55,," ",0.626871703,0.678195999,NZD,,,,75.9,," ",,,,,,,,," "
2022-04-29,0.143672853,0.155435879,CNY,58.8," ",,,,," ",,,,," ",1,1.081873684,EUR,82.86,," ",0.626871703,0.678195999,NZD,,,,75.9,," ",,,,,,,,," "
2022-05-05,0.140725068,0.148866013,CNY,58," ",1,1.05785,EUR,30," ",,,,," ",1,1.05785,EUR,87.8,," ",0.605388157,0.640409862,NZD,,,,76.3,," ",,,,,,,,," "
2022-05-06,0.140725068,0.148866013,CNY,58," ",,,,," ",,,,," ",1,1.05785,EUR,90.77,," ",0.605388157,0.640409862,NZD,,,,76.5,," ",,,,,,,,," "
2022-05-09,0.140725068,0.148866013,CNY,58," ",,,,," ",,,,," ",1,1.05785,EUR,90.11,87.99," ",0.605388157,0.640409862,NZD,,,,76.47,," ",,,,,,,,," "
2022-05-10,0.140725068,0.148866013,CNY,58," ",1,1.05785,EUR,30," ",,,,," ",1,1.05785,EUR,86.5,," ",0.605388157,0.640409862,NZD,,,,76.45,," ",,,,,,,,," "
2022-05-11,0.140725068,0.148866013,CNY,58," ",,,,," ",,,,," ",1,1.05785,EUR,89,," ",0.605388157,0.640409862,NZD,,,,76.45,," ",,,,,,,,," "
2022-05-12,0.140725068,0.148866013,CNY,58," ",1,1.05785,EUR,30," ",,,,," ",1,1.05785,EUR,86.95,," ",0.605388157,0.640409862,NZD,,,,76.4,," ",,,,,,,,," "
2022-05-13,0.140725068,0.148866013,CNY,58," ",,,,," ",,,,," ",1,1.05785,EUR,88.75,," ",0.605388157,0.640409862,NZD,,,,76.5,," ",,,,,,,,," "
2022-05-16,0.140725068,0.148866013,CNY,58," ",,,,," ",,,,," ",1,1.05785,EUR,88.81,85.9," ",0.605388157,0.640409862,NZD,,,,76.6,," ",,,,,,,,," "
2022-05-17,0.140725068,0.148866013,CNY,58," ",1,1.05785,EUR,30," ",,,,," ",1,1.05785,EUR,90.33,," ",0.605388157,0.640409862,NZD,,,,76.6,," ",,,,,,,,," "
2022-05-18,0.140725068,0.148866013,CNY,58," ",,,,," ",,,,," ",1,1.05785,EUR,87.25,," ",0.605388157,0.640409862,NZD,,,,76.42,," ",,,,,,,,," "
2022-05-19,0.140725068,0.148866013,CNY,58," ",1,1.05785,EUR,30," ",,,,," ",1,1.05785,EUR,82.28,," ",0.605388157,0.640409862,NZD,,,,76.47,," ",,,,,,,,," "
2022-05-20,0.140725068,0.148866013,CNY,58," ",,,,," ",,,,," ",1,1.05785,EUR,81.15,," ",0.605388157,0.640409862,NZD,,,,76.9,," ",,,,,,,,," "
2022-05-23,0.140725068,0.148866013,CNY,58.97," ",,,,," ",,,,," ",1,1.05785,EUR,78.96,81.97," ",0.605388157,0.640409862,NZD,,,,77.05,," ",,,,,,,,," "
2022-05-24,0.140725068,0.148866013,CNY,59.18," ",1,1.05785,EUR,30," ",,,,," ",1,1.05785,EUR,78.88,," ",0.605388157,0.640409862,NZD,,,,77.1,," ",,,,,,,,," "
2022-05-25,0.140725068,0.148866013,CNY,59," ",,,,," ",,,,," ",1,1.05785,EUR,80.43,," ",0.605388157,0.640409862,NZD,,,,77,," ",,,,,,,,," "
2022-05-26,0.140725068,0.148866013,CNY,59," ",,,,," ",,,,," ",,,,,," ",0.605388157,0.640409862,NZD,,,,77,," ",,,,,,,,," "
2022-05-27,0.140725068,0.148866013,CNY,59," ",,,,," ",,,,," ",,,,,," ",0.605388157,0.640409862,NZD,,,,77.2,," ",,,,,,,,," "
2022-05-30,0.140725068,0.148866013,CNY,59," ",,,,," ",,,,," ",1,1.05785,EUR,83.75,85.46," ",0.605388157,0.640409862,NZD,,,,77,," ",,,,,,,,," "
2022-05-31,0.140725068,0.148866013,CNY,59," ",1,1.05785,EUR,30," ",,,,," ",1,1.05785,EUR,83.63,," ",0.605388157,0.640409862,NZD,,,,76.87,," ",,,,,,,,," "
2022-06-01,0.141343417,0.149340884,CNY,59," ",,,,," ",,,,," ",,,,,," ",0.60118671,0.635202947,NZD,,,,76.85,," ",,,,,,,,," "
2022-06-02,0.141343417,0.149340884,CNY,59," ",1,1.056581818,EUR,30," ",,,,," ",,,,,," ",0.60118671,0.635202947,NZD,,,,76.85,," ",,,,,,,,," "
2022-06-06,0.141343417,0.149340884,CNY,59," ",,,,," ",,,,," ",1,1.056581818,EUR,,81.08," ",0.60118671,0.635202947,NZD,,,,76.8,," ",,,,,,,,," "
2022-06-07,0.141343417,0.149340884,CNY,59," ",1,1.056581818,EUR,30," ",,,,," ",1,1.056581818,EUR,81.69,," ",0.60118671,0.635202947,NZD,,,,76.8,," ",,,,,,,,," "
2022-06-08,0.141343417,0.149340884,CNY,59," ",,,,," ",,,,," ",1,1.056581818,EUR,79.11,," ",0.60118671,0.635202947,NZD,,,,76.9,," ",,,,,,,,," "
2022-06-09,0.141343417,0.149340884,CNY,59," ",1,1.056581818,EUR,30," ",,,,," ",1,1.056581818,EUR,80.21,," ",0.60118671,0.635202947,NZD,,,,76.8,," ",,,,,,,,," "
2022-06-10,0.141343417,0.149340884,CNY,59," ",,,,," ",,,,," ",1,1.056581818,EUR,80.73,," ",0.60118671,0.635202947,NZD,,,,76.6,," ",,,,,,,,," "
2022-06-13,0.141343417,0.149340884,CNY,59," ",,,,," ",,,,," ",1,1.056581818,EUR,80.1,83.45," ",0.60118671,0.635202947,NZD,,,,76.6,," ",,,,,,,,," "
2022-06-14,0.141343417,0.149340884,CNY,59," ",1,1.056581818,EUR,30," ",,,,," ",1,1.056581818,EUR,82.31,," ",0.60118671,0.635202947,NZD,,,,76.4,," ",,,,,,,,," "
2022-06-15,0.141343417,0.149340884,CNY,59," ",,,,," ",,,,," ",1,1.056581818,EUR,84.45,," ",0.60118671,0.635202947,NZD,76,30,70,75.7,," ",,,,,,,,," "
2022-06-16,0.141343417,0.149340884,CNY,59," ",1,1.056581818,EUR,30," ",,,,," ",1,1.056581818,EUR,85.95,," ",0.60118671,0.635202947,NZD,,,,77,," ",,,,,,,,," "
2022-06-17,0.141343417,0.149340884,CNY,59," ",,,,," ",,,,," ",1,1.056581818,EUR,83,," ",0.60118671,0.635202947,NZD,,,,76.85,," ",,,,,,,,," "
2022-06-20,0.141343417,0.149340884,CNY,59.25," ",,,,," ",,,,," ",1,1.056581818,EUR,83.51,83.63," ",0.60118671,0.635202947,NZD,,,,76.6,," ",,,,,,,,," "
2022-06-21,0.141343417,0.149340884,CNY,59.6," ",1,1.056581818,EUR,30," ",,,,," ",1,1.056581818,EUR,84.26,," ",0.60118671,0.635202947,NZD,,,,76.5,," ",,,,,,,,," "
2022-06-22,0.141343417,0.149340884,CNY,60," ",,,,," ",,,,," ",1,1.056581818,EUR,83.06,," ",0.60118671,0.635202947,NZD,,,,76.5,," ",,,,,,,,," "
2022-06-23,0.141343417,0.149340884,CNY,60," ",1,1.056581818,EUR,30," ",,,,," ",1,1.056581818,EUR,81.07,," ",0.60118671,0.635202947,NZD,,,,76.25,," ",,,,,,,,," "
2022-06-24,0.141343417,0.149340884,CNY,60," ",,,,," ",,,,," ",1,1.056581818,EUR,82.9,," ",0.60118671,0.635202947,NZD,,,,76,," ",,,,,,,,," "
2022-06-27,0.141343417,0.149340884,CNY,60," ",,,,," ",,,,," ",1,1.056581818,EUR,83.01,87.31," ",0.60118671,0.635202947,NZD,,,,75.95,," ",,,,,,,,," "
2022-06-28,0.141343417,0.149340884,CNY,59," ",1,1.056581818,EUR,30," ",,,,," ",1,1.056581818,EUR,84.54,," ",0.60118671,0.635202947,NZD,,,,76.2,," ",,,,,,,,," "
2022-06-29,0.141343417,0.149340884,CNY,58," ",,,,," ",,,,," ",,,,,," ",0.60118671,0.635202947,NZD,,,,76.1,," ",,,,,,,,," "
2022-06-30,0.141343417,0.149340884,CNY,57.5," ",1,1.056581818,EUR,30," ",,,,," ",1,1.056581818,EUR,88.02,," ",0.60118671,0.635202947,NZD,,,,76,," ",,,,,,,,," "
2022-07-01,0.145860539,0.148470053,CNY,58," ",,,,," ",,,,," ",1,1.017890476,EUR,88.22,," ",0.609104078,0.62000124,NZD,,,,76,," ",,,,,,,,," "
2022-07-04,0.145860539,0.148470053,CNY,59," ",,,,," ",,,,," ",1,1.017890476,EUR,84.34,83.73," ",0.609104078,0.62000124,NZD,,,,75.4,," ",,,,,,,,," "
2022-07-05,0.145860539,0.148470053,CNY,57.5," ",1,1.017890476,EUR,30," ",,,,," ",1,1.017890476,EUR,83.38,," ",0.609104078,0.62000124,NZD,,,,75.37,," ",,,,,,,,," "
2022-07-06,0.145860539,0.148470053,CNY,57.27," ",,,,," ",,,,," ",1,1.017890476,EUR,82.63,," ",0.609104078,0.62000124,NZD,,,,75,," ",,,,,,,,," "
2022-07-07,0.145860539,0.148470053,CNY,59," ",1,1.017890476,EUR,30," ",,,,," ",1,1.017890476,EUR,83.36,," ",0.609104078,0.62000124,NZD,,,,74.75,," ",,,,,,,,," "
2022-07-08,0.145860539,0.148470053,CNY,57.02," ",,,,," ",,,,," ",1,1.017890476,EUR,82.63,," ",0.609104078,0.62000124,NZD,,,,74,," ",,,,,,,,," "
2022-07-11,0.145860539,0.148470053,CNY,58," ",,,,," ",,,,," ",1,1.017890476,EUR,83.4,84.64," ",0.609104078,0.62000124,NZD,,,,73,," ",,,,,,,,," "
2022-07-12,0.145860539,0.148470053,CNY,58," ",1,1.017890476,EUR,30," ",,,,," ",1,1.017890476,EUR,83.89,," ",0.609104078,0.62000124,NZD,,,,73,," ",,,,,,,,," "
2022-07-13,0.145860539,0.148470053,CNY,59.1," ",,,,," ",,,,," ",,,,,," ",0.609104078,0.62000124,NZD,,,,72.87,," ",,,,,,,,," "
2022-07-14,0.145860539,0.148470053,CNY,57.26," ",1,1.017890476,EUR,30," ",,,,," ",1,1.017890476,EUR,83,," ",0.609104078,0.62000124,NZD,,,,73.15,," ",,,,,,,,," "
2022-07-15,0.145860539,0.148470053,CNY,58.24," ",,,,," ",,,,," ",1,1.017890476,EUR,83.71,," ",0.609104078,0.62000124,NZD,,,,72.8,," ",,,,,,,,," "
2022-07-18,0.145860539,0.148470053,CNY,57.6," ",,,,," ",,,,," ",1,1.017890476,EUR,83.33,80.37," ",0.609104078,0.62000124,NZD,,,,72.9,," ",,,,,,,,," "
2022-07-19,0.145860539,0.148470053,CNY,57.4," ",1,1.017890476,EUR,30," ",,,,," ",1,1.017890476,EUR,83.61,," ",0.609104078,0.62000124,NZD,,,,72.9,," ",,,,,,,,," "
2022-07-20,0.145860539,0.148470053,CNY,57.34," ",,,,," ",,,,," ",1,1.017890476,EUR,81.22,," ",0.609104078,0.62000124,NZD,,,,72.87,," ",,,,,,,,," "
2022-07-21,0.145860539,0.148470053,CNY,58.22," ",1,1.017890476,EUR,30," ",,,,," ",1,1.017890476,EUR,77.6,," ",0.609104078,0.62000124,NZD,,,,73.15,," ",,,,,,,,," "
2022-07-22,0.145860539,0.148470053,CNY,57," ",,,,," ",,,,," ",1,1.017890476,EUR,78.06,," ",0.609104078,0.62000124,NZD,,,,73,," ",,,,,,,,," "
2022-07-25,0.145860539,0.148470053,CNY,57.3," ",,,,," ",,,,," ",1,1.017890476,EUR,76.09,77.34," ",0.609104078,0.62000124,NZD,,,,72.8,," ",,,,,,,,," "
2022-07-26,0.145860539,0.148470053,CNY,57.3," ",1,1.017890476,EUR,30," ",,,,," ",1,1.017890476,EUR,76.51,," ",0.609104078,0.62000124,NZD,,,,72.55,," ",,,,,,,,," "
2022-07-27,0.145860539,0.148470053,CNY,57," ",,,,," ",,,,," ",,,,,," ",0.609104078,0.62000124,NZD,,,,72.6,," ",,,,,,,,," "
2022-07-28,0.145860539,0.148470053,CNY,58.96," ",1,1.017890476,EUR,30," ",,,,," ",1,1.017890476,EUR,77.08,," ",0.609104078,0.62000124,NZD,,,,80.75,," ",,,,,,,,," "
2022-07-29,0.145860539,0.148470053,CNY,58," ",,,,," ",,,,," ",1,1.017890476,EUR,77.96,," ",0.609104078,0.62000124,NZD,,,,80.25,," ",,,,,,,,," "
2022-08-01,0.145147625,0.147011825,CNY,58.68," ",,,,," ",,,,," ",1,1.012843478,EUR,79.5,83.09," ",0.618543657,0.626487909,NZD,,,,80.3,," ",,,,,,,,," "
2022-08-02,0.145147625,0.147011825,CNY,57.35," ",1,1.012843478,EUR,30," ",,,,," ",1,1.012843478,EUR,80.51,," ",0.618543657,0.626487909,NZD,,,,80.3,," ",,,,,,,,," "
2022-08-03,0.145147625,0.147011825,CNY,57.5," ",,,,," ",,,,," ",1,1.012843478,EUR,83.45,," ",0.618543657,0.626487909,NZD,,,,80.25,," ",,,,,,,,," "
2022-08-04,0.145147625,0.147011825,CNY,57.5," ",1,1.012843478,EUR,30," ",,,,," ",1,1.012843478,EUR,83.81,," ",0.618543657,0.626487909,NZD,,,,80,," ",,,,,,,,," "
2022-08-05,0.145147625,0.147011825,CNY,58.5," ",,,,," ",,,,," ",1,1.012843478,EUR,84.5,," ",0.618543657,0.626487909,NZD,,,,80,," ",,,,,,,,," "
2022-08-08,0.145147625,0.147011825,CNY,59," ",,,,," ",,,,," ",1,1.012843478,EUR,84.6,86.42," ",0.618543657,0.626487909,NZD,,,,79.8,," ",,,,,,,,," "
2022-08-09,0.145147625,0.147011825,CNY,58.88," ",1,1.012843478,EUR,30," ",,,,," ",1,1.012843478,EUR,84.06,," ",0.618543657,0.626487909,NZD,,,,79.85,," ",,,,,,,,," "
2022-08-10,0.145147625,0.147011825,CNY,58," ",,,,," ",,,,," ",,,,,," ",0.618543657,0.626487909,NZD,,,,79.9,," ",,,,,,,,," "
2022-08-11,0.145147625,0.147011825,CNY,58," ",1,1.012843478,EUR,30," ",,,,," ",1,1.012843478,EUR,86.35,," ",0.618543657,0.626487909,NZD,,,,80,," ",,,,,,,,," "
2022-08-12,0.145147625,0.147011825,CNY,58," ",,,,," ",,,,," ",1,1.012843478,EUR,87.3,," ",0.618543657,0.626487909,NZD,,,,80.25,," ",,,,,,,,," "
2022-08-15,0.145147625,0.147011825,CNY,58," ",,,,," ",,,,," ",1,1.012843478,EUR,89.5,94.54," ",0.618543657,0.626487909,NZD,,,,80.25,," ",,,,,,,,," "
2022-08-16,0.145147625,0.147011825,CNY,58," ",1,1.012843478,EUR,30," ",,,,," ",1,1.012843478,EUR,90.64,," ",0.618543657,0.626487909,NZD,,,,80.75,," ",,,,,,,,," "
2022-08-17,0.145147625,0.147011825,CNY,58," ",,,,," ",,,,," ",1,1.012843478,EUR,94.07,," ",0.618543657,0.626487909,NZD,,,,83.5,," ",,,,,,,,," "
2022-08-18,0.145147625,0.147011825,CNY,58," ",1,1.012843478,EUR,30," ",,,,," ",1,1.012843478,EUR,94,," ",0.618543657,0.626487909,NZD,,,,83.45,," ",,,,,,,,," "
2022-08-19,0.145147625,0.147011825,CNY,58," ",,,,," ",,,,," ",1,1.012843478,EUR,96.87,," ",0.618543657,0.626487909,NZD,,,,85.3,," ",,,,,,,,," "
2022-08-22,0.145147625,0.147011825,CNY,58," ",,,,," ",,,,," ",1,1.012843478,EUR,97.5,90.06," ",0.618543657,0.626487909,NZD,,,,85.5,," ",,,,,,,,," "
2022-08-23,0.145147625,0.147011825,CNY,58.8," ",1,1.012843478,EUR,30," ",,,,," ",1,1.012843478,EUR,92.52,," ",0.618543657,0.626487909,NZD,,,,85.5,," ",,,,,,,,," "
2022-08-24,0.145147625,0.147011825,CNY,58.42," ",,,,," ",,,,," ",,,,,," ",0.618543657,0.626487909,NZD,,,,86.05,," ",,,,,,,,," "
2022-08-25,0.145147625,0.147011825,CNY,58.5," ",1,1.012843478,EUR,30," ",,,,," ",1,1.012843478,EUR,89.3,," ",0.618543657,0.626487909,NZD,,,,85.6,," ",,,,,,,,," "
2022-08-26,0.145147625,0.147011825,CNY,58.5," ",,,,," ",,,,," ",1,1.012843478,EUR,89.56,," ",0.618543657,0.626487909,NZD,,,,85.7,," ",,,,,,,,," "
2022-08-29,0.145147625,0.147011825,CNY,58.5," ",,,,," ",,,,," ",1,1.012843478,EUR,88.81,81.24," ",0.618543657,0.626487909,NZD,,,,86.2,," ",,,,,,,,," "
2022-08-30,0.145147625,0.147011825,CNY,58," ",1,1.012843478,EUR,30," ",,,,," ",1,1.012843478,EUR,85.13,," ",0.618543657,0.626487909,NZD,,,,86.65,," ",,,,,,,,," "
2022-08-31,0.145147625,0.147011825,CNY,58," ",,,,," ",,,,," ",1,1.012843478,EUR,78.96,," ",0.618543657,0.626487909,NZD,,,,86.7,," ",,,,,,,,," "
2022-09-01,0.143625125,0.142243059,CNY,58," ",1,0.990377273,EUR,30," ",,,,," ",1,0.990377273,EUR,77.01,," ",0.600985789,0.595202667,NZD,,,,86.8,," ",,,,,,,,," "
2022-09-02,0.143625125,0.142243059,CNY,58," ",,,,," ",,,,," ",1,0.990377273,EUR,78.41,," ",0.600985789,0.595202667,NZD,,,,87.1,," ",,,,,,,,," "
2022-09-05,0.143625125,0.142243059,CNY,58.5," ",,,,," ",,,,," ",1,0.990377273,EUR,73.75,69.34," ",0.600985789,0.595202667,NZD,,,,87.05,," ",,,,,,,,," "
2022-09-06,0.143625125,0.142243059,CNY,58.98," ",1,0.990377273,EUR,30," ",,,,," ",1,0.990377273,EUR,71.05,," ",0.600985789,0.595202667,NZD,,,,87.15,," ",,,,,,,,," "
2022-09-07,0.143625125,0.142243059,CNY,58.99," ",,,,," ",,,,," ",1,0.990377273,EUR,69.06,," ",0.600985789,0.595202667,NZD,85.4,30,70,87.3,," ",,,,,,,,," "
2022-09-08,0.143625125,0.142243059,CNY,58.5," ",1,0.990377273,EUR,30," ",,,,," ",,,,,," ",0.600985789,0.595202667,NZD,,,,85.5,," ",,,,,,,,," "
2022-09-09,0.143625125,0.142243059,CNY,58," ",,,,," ",,,,," ",1,0.990377273,EUR,65.21,," ",0.600985789,0.595202667,NZD,,,,85.7,," ",,,,,,,,," "
2022-09-13,0.143625125,0.142243059,CNY,58," ",1,0.990377273,EUR,30," ",,,,," ",1,0.990377273,EUR,70.48,," ",0.600985789,0.595202667,NZD,,,,85,," ",,,,,,,,," "
2022-09-14,0.143625125,0.142243059,CNY,58.5," ",,,,," ",,,,," ",1,0.990377273,EUR,68.29,," ",0.600985789,0.595202667,NZD,,,,84,," ",,,,,,,,," "
2022-09-15,0.143625125,0.142243059,CNY,58," ",1,0.990377273,EUR,30," ",,,,," ",1,0.990377273,EUR,70.84,," ",0.600985789,0.595202667,NZD,,,,84,," ",,,,,,,,," "
2022-09-16,0.143625125,0.142243059,CNY,58," ",,,,," ",,,,," ",1,0.990377273,EUR,71,," ",0.600985789,0.595202667,NZD,,,,83,," ",,,,,,,,," "
2022-09-19,0.143625125,0.142243059,CNY,58," ",,,,," ",,,,," ",1,0.990377273,EUR,71.11,69.65," ",0.600985789,0.595202667,NZD,,,,83.1,," ",,,,,,,,," "
2022-09-20,0.143625125,0.142243059,CNY,58," ",1,0.990377273,EUR,30," ",,,,," ",1,0.990377273,EUR,70.38,," ",0.600985789,0.595202667,NZD,,,,82.75,," ",,,,,,,,," "
2022-09-21,0.143625125,0.142243059,CNY,58," ",,,,," ",,,,," ",1,0.990377273,EUR,70.39,," ",0.600985789,0.595202667,NZD,,,,82.75,," ",,,,,,,,," "
2022-09-22,0.143625125,0.142243059,CNY,58," ",1,0.990377273,EUR,30," ",,,,," ",1,0.990377273,EUR,69.88,," ",0.600985789,0.595202667,NZD,,,,81.75,," ",,,,,,,,," "
2022-09-23,0.143625125,0.142243059,CNY,57.48," ",,,,," ",,,,," ",1,0.990377273,EUR,67.56,," ",0.600985789,0.595202667,NZD,,,,82,," ",,,,,,,,," "
2022-09-26,0.143625125,0.142243059,CNY,57.5," ",,,,," ",,,,," ",1,0.990377273,EUR,66.02,67.18," ",0.600985789,0.595202667,NZD,,,,81.85,," ",,,,,,,,," "
2022-09-27,0.143625125,0.142243059,CNY,57.5," ",1,0.990377273,EUR,30," ",,,,," ",1,0.990377273,EUR,67.7,," ",0.600985789,0.595202667,NZD,,,,81,," ",,,,,,,,," "
2022-09-28,0.143625125,0.142243059,CNY,57.5," ",,,,," ",,,,," ",1,0.990377273,EUR,64.71,," ",0.600985789,0.595202667,NZD,,,,80,," ",,,,,,,,," "
2022-09-29,0.143625125,0.142243059,CNY,57.5," ",1,0.990377273,EUR,30," ",,,,," ",1,0.990377273,EUR,64.7,," ",0.600985789,0.595202667,NZD,,,,79,," ",,,,,,,,," "
2022-09-30,0.143625125,0.142243059,CNY,57.5," ",,,,," ",,,,," ",1,0.990377273,EUR,66.87,," ",0.600985789,0.595202667,NZD,,,,78,," ",,,,,,,,," "
2022-10-10,0.140861825,0.138406133,CNY,57.5," ",,,,," ",,,,," ",1,0.982566667,EUR,67.01,67.34," ",0.578690309,0.568601808,NZD,,,,82.22,," ",,,,,,,,," "
2022-10-11,0.140861825,0.138406133,CNY,58.34," ",1,0.982566667,EUR,30," ",,,,," ",1,0.982566667,EUR,66.34,," ",0.578690309,0.568601808,NZD,,,,80.75,," ",,,,,,,,," "
2022-10-12,0.140861825,0.138406133,CNY,58," ",,,,," ",,,,," ",1,0.982566667,EUR,65.76,," ",0.578690309,0.568601808,NZD,,,,80.4,," ",,,,,,,,," "
2022-10-13,0.140861825,0.138406133,CNY,57.75," ",1,0.982566667,EUR,30," ",,,,," ",1,0.982566667,EUR,66.65,," ",0.578690309,0.568601808,NZD,,,,80.7,," ",,,,,,,,," "
2022-10-14,0.140861825,0.138406133,CNY,58," ",,,,," ",,,,," ",1,0.982566667,EUR,67.7,," ",0.578690309,0.568601808,NZD,,,,81,," ",,,,,,,,," "
2022-10-17,0.140861825,0.138406133,CNY,58.48," ",,,,," ",,,,," ",1,0.982566667,EUR,66.25,67.63," ",0.578690309,0.568601808,NZD,,,,81,," ",,,,,,,,," "
2022-10-18,0.140861825,0.138406133,CNY,58," ",1,0.982566667,EUR,30," ",,,,," ",1,0.982566667,EUR,67.11,," ",0.578690309,0.568601808,NZD,,,,80.75,," ",,,,,,,,," "
2022-10-19,0.140861825,0.138406133,CNY,58.5," ",,,,," ",,,,," ",1,0.982566667,EUR,68.62,," ",0.578690309,0.568601808,NZD,,,,80.67,," ",,,,,,,,," "
2022-10-20,0.140861825,0.138406133,CNY,57.55," ",1,0.982566667,EUR,30," ",,,,," ",1,0.982566667,EUR,67.01,," ",0.578690309,0.568601808,NZD,,,,80.9,," ",,,,,,,,," "
2022-10-21,0.140861825,0.138406133,CNY,58.49," ",,,,," ",,,,," ",1,0.982566667,EUR,67.9,," ",0.578690309,0.568601808,NZD,,,,81.2,," ",,,,,,,,," "
2022-10-24,0.140861825,0.138406133,CNY,58," ",,,,," ",,,,," ",1,0.982566667,EUR,68.02,77.33," ",0.578690309,0.568601808,NZD,,,,81.2,," ",,,,,,,,," "
2022-10-25,0.140861825,0.138406133,CNY,58.7," ",1,0.982566667,EUR,30," ",,,,," ",1,0.982566667,EUR,74.17,," ",0.578690309,0.568601808,NZD,,,,81.25,," ",,,,,,,,," "
2022-10-26,0.140861825,0.138406133,CNY,58," ",,,,," ",,,,," ",1,0.982566667,EUR,76.51,," ",0.578690309,0.568601808,NZD,,,,82,," ",,,,,,,,," "
2022-10-27,0.140861825,0.138406133,CNY,58.5," ",1,0.982566667,EUR,30," ",,,,," ",1,0.982566667,EUR,77.1,," ",0.578690309,0.568601808,NZD,,,,82.5,," ",,,,,,,,," "
2022-10-28,0.140861825,0.138406133,CNY,58," ",,,,," ",,,,," ",1,0.982566667,EUR,80.76,," ",0.578690309,0.568601808,NZD,,,,84.75,," ",,,,,,,,," "
2022-10-31,0.140861825,0.138406133,CNY,58," ",,,,," ",,,,," ",1,0.982566667,EUR,78.69,77.21," ",0.578690309,0.568601808,NZD,,,,85,," ",,,,,,,,," "
2022-11-01,0.136512243,0.139259862,CNY,58," ",1,1.020127273,EUR,30," ",,,,," ",1,1.020127273,EUR,78.76,," ",0.592952965,0.604887491,NZD,,,,84.6,," ",,,,,,,,," "
2022-11-02,0.136512243,0.139259862,CNY,58," ",,,,," ",,,,," ",,,,,," ",0.592952965,0.604887491,NZD,,,,84.5,," ",,,,,,,,," "
2022-11-03,0.136512243,0.139259862,CNY,58," ",1,1.020127273,EUR,30," ",,,,," ",1,1.020127273,EUR,76.63,," ",0.592952965,0.604887491,NZD,,,,85,," ",,,,,,,,," "
2022-11-04,0.136512243,0.139259862,CNY,58," ",,,,," ",,,,," ",1,1.020127273,EUR,78.14,," ",0.592952965,0.604887491,NZD,,,,85,," ",,,,,,,,," "
2022-11-07,0.136512243,0.139259862,CNY,58.08," ",,,,," ",,,,," ",1,1.020127273,EUR,76.75,75.04," ",0.592952965,0.604887491,NZD,,,,86.5,," ",,,,,,,,," "
2022-11-08,0.136512243,0.139259862,CNY,57.87," ",1,1.020127273,EUR,30," ",,,,," ",1,1.020127273,EUR,76.02,," ",0.592952965,0.604887491,NZD,,,,87.1,," ",,,,,,,,," "
2022-11-09,0.136512243,0.139259862,CNY,58," ",,,,," ",,,,," ",1,1.020127273,EUR,75.35,," ",0.592952965,0.604887491,NZD,,,,88.2,," ",,,,,,,,," "
2022-11-10,0.136512243,0.139259862,CNY,58," ",1,1.020127273,EUR,30," ",,,,," ",1,1.020127273,EUR,71.62,," ",0.592952965,0.604887491,NZD,,,,88.2,," ",,,,,,,,," "
2022-11-11,0.136512243,0.139259862,CNY,58," ",,,,," ",,,,," ",1,1.020127273,EUR,73.33,," ",0.592952965,0.604887491,NZD,,,,87.9,," ",,,,,,,,," "
2022-11-14,0.136512243,0.139259862,CNY,57.87," ",,,,," ",,,,," ",1,1.020127273,EUR,74.85,74.03," ",0.592952965,0.604887491,NZD,,,,88.5,," ",,,,,,,,," "
2022-11-15,0.136512243,0.139259862,CNY,57.5," ",1,1.020127273,EUR,30," ",,,,," ",1,1.020127273,EUR,74.93,," ",0.592952965,0.604887491,NZD,,,,88.17,," ",,,,,,,,," "
2022-11-16,0.136512243,0.139259862,CNY,57.8," ",,,,," ",,,,," ",1,1.020127273,EUR,74.25,," ",0.592952965,0.604887491,NZD,,,,88.25,," ",,,,,,,,," "
2022-11-17,0.136512243,0.139259862,CNY,57.8," ",1,1.020127273,EUR,30," ",,,,," ",1,1.020127273,EUR,73.31,," ",0.592952965,0.604887491,NZD,,,,88.4,," ",,,,,,,,," "
2022-11-18,0.136512243,0.139259862,CNY,57.5," ",,,,," ",,,,," ",1,1.020127273,EUR,72.22,," ",0.592952965,0.604887491,NZD,,,,88.15,," ",,,,,,,,," "
2022-11-21,0.136512243,0.139259862,CNY,57.8," ",,,,," ",,,,," ",1,1.020127273,EUR,73.36,76.3," ",0.592952965,0.604887491,NZD,,,,88,," ",,,,,,,,," "
2022-11-22,0.136512243,0.139259862,CNY,57.8," ",1,1.020127273,EUR,30," ",,,,," ",1,1.020127273,EUR,73.54,," ",0.592952965,0.604887491,NZD,,,,88,," ",,,,,,,,," "
2022-11-23,0.136512243,0.139259862,CNY,58," ",,,,," ",,,,," ",1,1.020127273,EUR,74.08,," ",0.592952965,0.604887491,NZD,,,,87.85,," ",,,,,,,,," "
2022-11-24,0.136512243,0.139259862,CNY,58," ",1,1.020127273,EUR,30," ",,,,," ",1,1.020127273,EUR,76.64,," ",0.592952965,0.604887491,NZD,,,,86.5,," ",,,,,,,,," "
2022-11-25,0.136512243,0.139259862,CNY,57.8," ",,,,," ",,,,," ",1,1.020127273,EUR,79.36,," ",0.592952965,0.604887491,NZD,,,,86.2,," ",,,,,,,,," "
2022-11-28,0.136512243,0.139259862,CNY,57.8," ",,,,," ",,,,," ",1,1.020127273,EUR,77.61,83.53," ",0.592952965,0.604887491,NZD,,,,86,," ",,,,,,,,," "
2022-11-29,0.136512243,0.139259862,CNY,57.8," ",1,1.020127273,EUR,30," ",,,,," ",1,1.020127273,EUR,78.88,," ",0.592952965,0.604887491,NZD,,,,84.15,," ",,,,,,,,," "
2022-11-30,0.136512243,0.139259862,CNY,57.52," ",,,,," ",,,,," ",,,,,," ",0.592952965,0.604887491,NZD,,,,83.5,," ",,,,,,,,," "
2022-12-01,0.13524313,0.143206374,CNY,57.7," ",1,1.058880952,EUR,30," ",,,,," ",1,1.058880952,EUR,86.11,," ",0.599767069,0.635081926,NZD,,,,82.45,," ",,,,,,,,," "
2022-12-02,0.13524313,0.143206374,CNY,57.69," ",,,,," ",,,,," ",1,1.058880952,EUR,85.21,," ",0.599767069,0.635081926,NZD,,,,81,," ",,,,,,,,," "
2022-12-05,0.13524313,0.143206374,CNY,57," ",,,,," ",,,,," ",1,1.058880952,EUR,85.69,87.92," ",0.599767069,0.635081926,NZD,,,,81,," ",,,,,,,,," "
2022-12-06,0.13524313,0.143206374,CNY,57.39," ",1,1.058880952,EUR,30," ",,,,," ",1,1.058880952,EUR,86.48,," ",0.599767069,0.635081926,NZD,,,,82,," ",,,,,,,,," "
2022-12-07,0.13524313,0.143206374,CNY,57.44," ",,,,," ",,,,," ",1,1.058880952,EUR,87,," ",0.599767069,0.635081926,NZD,79,30,70,82.5,," ",,,,,,,,," "
2022-12-08,0.13524313,0.143206374,CNY,57.5," ",1,1.058880952,EUR,30," ",,,,," ",1,1.058880952,EUR,87.91,," ",0.599767069,0.635081926,NZD,,,,82.5,," ",,,,,,,,," "
2022-12-09,0.13524313,0.143206374,CNY,57.03," ",,,,," ",,,,," ",1,1.058880952,EUR,88.26,," ",0.599767069,0.635081926,NZD,,,,83.25,," ",,,,,,,,," "
2022-12-12,0.13524313,0.143206374,CNY,56.8," ",,,,," ",,,,," ",1,1.058880952,EUR,88.35,86.95," ",0.599767069,0.635081926,NZD,,,,83.37,," ",,,,,,,,," "
2022-12-13,0.13524313,0.143206374,CNY,56.55," ",,,,," ",,,,," ",1,1.058880952,EUR,89.01,," ",0.599767069,0.635081926,NZD,,,,83,," ",,,,,,,,," "
2022-12-14,0.13524313,0.143206374,CNY,55.3," ",,,,," ",,,,," ",,,,,," ",0.599767069,0.635081926,NZD,,,,83.5,," ",,,,,,,,," "
2022-12-15,0.13524313,0.143206374,CNY,57," ",,,,," ",,,,," ",1,1.058880952,EUR,86.16,," ",0.599767069,0.635081926,NZD,,,,86,," ",,,,,,,,," "
2022-12-16,0.13524313,0.143206374,CNY,57," ",,,,," ",,,,," ",1,1.058880952,EUR,83.41,," ",0.599767069,0.635081926,NZD,,,,77.5,," ",,,,,,,,," "
2022-12-19,0.13524313,0.143206374,CNY,55," ",,,,," ",,,,," ",1,1.058880952,EUR,84.1,84.11," ",0.599767069,0.635081926,NZD,,,,77.17,," ",,,,,,,,," "
2022-12-20,0.13524313,0.143206374,CNY,56," ",,,,," ",,,,," ",,,,,," ",0.599767069,0.635081926,NZD,,,,77,," ",,,,,,,,," "
2022-12-21,0.13524313,0.143206374,CNY,56," ",,,,," ",,,,," ",,,,,," ",0.599767069,0.635081926,NZD,,,,76.5,," ",,,,,,,,," "
2022-12-22,0.13524313,0.143206374,CNY,56.5," ",,,,," ",,,,," ",,,,,," ",0.599767069,0.635081926,NZD,,,,76,," ",,,,,,,,," "
2022-12-23,0.13524313,0.143206374,CNY,56.5," ",,,,," ",,,,," ",,,,,," ",0.599767069,0.635081926,NZD,,,,76.97,," ",,,,,,,,," "
2022-12-26,0.13524313,0.143206374,CNY,56.26," ",,,,," ",,,,," ",1,1.058880952,EUR,,80.77," ",,,,,,,,," ",,,,,,,,," "
2022-12-27,0.13524313,0.143206374,CNY,56.3," ",,,,," ",,,,," ",,,,,," ",,,,,,,,," ",,,,,,,,," "
2022-12-28,0.13524313,0.143206374,CNY,55.9," ",,,,," ",,,,," ",,,,,," ",0.599767069,0.635081926,NZD,,,,77.37,," ",,,,,,,,," "
2022-12-29,0.13524313,0.143206374,CNY,55," ",,,,," ",,,,," ",,,,,," ",0.599767069,0.635081926,NZD,,,,77,," ",,,,,,,,," "
2022-12-30,0.13524313,0.143206374,CNY,55," ",,,,," ",,,,," ",,,,,," ",0.599767069,0.635081926,NZD,,,,77,," ",,,,,,,,," "
2023-01-03,0.136651999,0.147160537,CNY,55," ",,,,," ",,,,," ",,,,,," ",0.594869524,0.64061499,NZD,,,,76.42,," ",,,,,,,,," "
2023-01-04,0.136651999,0.147160537,CNY,55," ",,,,," ",,,,," ",,,,,," ",0.594869524,0.64061499,NZD,,,,76,," ",,,,,,,,," "
2023-01-05,0.136651999,0.147160537,CNY,55," ",,,,," ",,,,," ",,,,,," ",0.594869524,0.64061499,NZD,,,,75,," ",,,,,,,,," "
2023-01-06,0.136651999,0.147160537,CNY,56," ",,,,," ",,,,," ",,,,,," ",0.594869524,0.64061499,NZD,,,,74.75,," ",,,,,,,,," "
2023-01-09,0.136651999,0.147160537,CNY,56," ",,,,," ",,,,," ",1,1.0769,EUR,75.27,81.87," ",0.594869524,0.64061499,NZD,,,,74.75,," ",,,,,,,,," "
2023-01-10,0.136651999,0.147160537,CNY,56," ",1,1.0769,EUR,30," ",,,,," ",1,1.0769,EUR,78.61,," ",0.594869524,0.64061499,NZD,,,,72.75,," ",,,,,,,,," "
2023-01-11,0.136651999,0.147160537,CNY,55.73," ",,,,," ",,,,," ",,,,,," ",0.594869524,0.64061499,NZD,,,,72.75,," ",,,,,,,,," "
2023-01-12,0.136651999,0.147160537,CNY,55.5," ",1,1.0769,EUR,30," ",,,,," ",1,1.0769,EUR,76.8,," ",0.594869524,0.64061499,NZD,,,,73,," ",,,,,,,,," "
2023-01-13,0.136651999,0.147160537,CNY,55.5," ",,,,," ",,,,," ",1,1.0769,EUR,76.42,," ",0.594869524,0.64061499,NZD,,,,73.25,," ",,,,,,,,," "
2023-01-16,0.136651999,0.147160537,CNY,55.73," ",,,,," ",,,,," ",1,1.0769,EUR,75.05,85.94," ",0.594869524,0.64061499,NZD,,,,73.5,," ",,,,,,,,," "
2023-01-17,0.136651999,0.147160537,CNY,55.73," ",1,1.0769,EUR,30," ",,,,," ",1,1.0769,EUR,75.04,," ",0.594869524,0.64061499,NZD,,,,73.75,," ",,,,,,,,," "
2023-01-18,0.136651999,0.147160537,CNY,56," ",,,,," ",,,,," ",1,1.0769,EUR,76.25,," ",0.594869524,0.64061499,NZD,,,,73.9,," ",,,,,,,,," "
2023-01-19,0.136651999,0.147160537,CNY,56," ",1,1.0769,EUR,30," ",,,,," ",1,1.0769,EUR,82.06,," ",0.594869524,0.64061499,NZD,,,,73.5,," ",,,,,,,,," "
2023-01-20,0.136651999,0.147160537,CNY,56," ",,,,," ",,,,," ",1,1.0769,EUR,81.01,," ",0.594869524,0.64061499,NZD,,,,73.5,," ",,,,,,,,," "
2023-01-30,0.136651999,0.147160537,CNY,56," ",,,,," ",,,,," ",1,1.0769,EUR,85.2,91.09," ",0.594869524,0.64061499,NZD,,,,72.65,," ",,,,,,,,," "
2023-01-31,0.136651999,0.147160537,CNY,56," ",1,1.0769,EUR,30," ",,,,," ",1,1.0769,EUR,86.68,," ",0.594869524,0.64061499,NZD,,,,72,," ",,,,,,,,," "
2023-02-01,0.13653159,0.146294965,CNY,56," ",,,,," ",,,,," ",1,1.07151,EUR,91.91,," ",0.588067048,0.630119723,NZD,,,,72,," ",,,,,,,,," "
2023-02-02,0.13653159,0.146294965,CNY,56," ",1,1.07151,EUR,30," ",,,,," ",1,1.07151,EUR,93.5,," ",0.588067048,0.630119723,NZD,,,,72.4,," ",,,,,,,,," "
2023-02-03,0.13653159,0.146294965,CNY,56," ",,,,," ",,,,," ",1,1.07151,EUR,91.15,," ",0.588067048,0.630119723,NZD,,,,72.5,," ",,,,,,,,," "
2023-02-06,0.13653159,0.146294965,CNY,56," ",,,,," ",,,,," ",1,1.07151,EUR,91.78,94.49," ",0.588067048,0.630119723,NZD,,,,72.67,," ",,,,,,,,," "
2023-02-07,0.13653159,0.146294965,CNY,56," ",1,1.07151,EUR,30," ",,,,," ",1,1.07151,EUR,87.52,," ",0.588067048,0.630119723,NZD,,,,72.5,," ",,,,,,,,," "
2023-02-08,0.13653159,0.146294965,CNY,56," ",,,,," ",,,,," ",,,,,," ",0.588067048,0.630119723,NZD,,,,72.25,," ",,,,,,,,," "
2023-02-09,0.13653159,0.146294965,CNY,56," ",1,1.07151,EUR,30," ",,,,," ",1,1.07151,EUR,87.36,," ",0.588067048,0.630119723,NZD,,,,72.1,," ",,,,,,,,," "
2023-02-10,0.13653159,0.146294965,CNY,56," ",,,,," ",,,,," ",1,1.07151,EUR,89.7,," ",0.588067048,0.630119723,NZD,,,,72.3,," ",,,,,,,,," "
2023-02-13,0.13653159,0.146294965,CNY,56," ",,,,," ",,,,," ",1,1.07151,EUR,88.86,98.09," ",0.588067048,0.630119723,NZD,,,,71.95,," ",,,,,,,,," "
2023-02-14,0.13653159,0.146294965,CNY,56," ",1,1.07151,EUR,30," ",,,,," ",1,1.07151,EUR,89.96,," ",0.588067048,0.630119723,NZD,,,,71.9,," ",,,,,,,,," "
2023-02-15,0.13653159,0.146294965,CNY,56.04," ",,,,," ",,,,," ",1,1.07151,EUR,87.75,," ",0.588067048,0.630119723,NZD,,,,71.8,," ",,,,,,,,," "
2023-02-16,0.13653159,0.146294965,CNY,56.3," ",1,1.07151,EUR,30," ",,,,," ",1,1.07151,EUR,92.85,," ",0.588067048,0.630119723,NZD,,,,70.45,," ",,,,,,,,," "
2023-02-17,0.13653159,0.146294965,CNY,56.3," ",,,,," ",,,,," ",1,1.07151,EUR,93.69,," ",0.588067048,0.630119723,NZD,,,,70.05,," ",,,,,,,,," "
2023-02-20,0.13653159,0.146294965,CNY,56.2," ",,,,," ",,,,," ",1,1.07151,EUR,93.73,96.5," ",0.588067048,0.630119723,NZD,,,,69.92,," ",,,,,,,,," "
2023-02-21,0.13653159,0.146294965,CNY,57," ",1,1.07151,EUR,30," ",,,,," ",1,1.07151,EUR,95.35,," ",0.588067048,0.630119723,NZD,,,,69,," ",,,,,,,,," "
2023-02-22,0.13653159,0.146294965,CNY,57," ",,,,," ",,,,," ",,,,,," ",0.588067048,0.630119723,NZD,,,,68.5,," ",,,,,,,,," "
2023-02-23,0.13653159,0.146294965,CNY,56.5," ",1,1.07151,EUR,30," ",,,,," ",1,1.07151,EUR,93.26,," ",0.588067048,0.630119723,NZD,,,,67,," ",,,,,,,,," "
2023-02-24,0.13653159,0.146294965,CNY,56.5," ",,,,," ",,,,," ",1,1.07151,EUR,95.83,," ",0.588067048,0.630119723,NZD,,,,68,," ",,,,,,,,," "
2023-02-27,0.13653159,0.146294965,CNY,55," ",,,,," ",,,,," ",1,1.07151,EUR,95.12,96.95," ",0.588067048,0.630119723,NZD,,,,68,," ",,,,,,,,," "
2023-02-28,0.13653159,0.146294965,CNY,55," ",1,1.07151,EUR,30," ",,,,," ",1,1.07151,EUR,96.33,," ",0.588067048,0.630119723,NZD,,,,67,," ",,,,,,,,," "
2023-03-01,0.135434628,0.144993958,CNY,55.5," ",,,,," ",,,,," ",1,1.070582609,EUR,95.89,," ",0.579484362,0.62038588,NZD,,,,67,," ",,,,,,,,," "
2023-03-02,0.135434628,0.144993958,CNY,55," ",1,1.070582609,EUR,30," ",,,,," ",1,1.070582609,EUR,93.25,," ",0.579484362,0.62038588,NZD,,,,67,," ",,,,,,,,," "
2023-03-03,0.135434628,0.144993958,CNY,56," ",,,,," ",,,,," ",1,1.070582609,EUR,88.81,," ",0.579484362,0.62038588,NZD,,,,66.9,," ",,,,,,,,," "
2023-03-06,0.135434628,0.144993958,CNY,55.5," ",,,,," ",,,,," ",1,1.070582609,EUR,91.01,90.67," ",0.579484362,0.62038588,NZD,,,,66,," ",,,,,,,,," "
2023-03-07,0.135434628,0.144993958,CNY,56," ",1,1.070582609,EUR,30," ",,,,," ",1,1.070582609,EUR,91.56,," ",0.579484362,0.62038588,NZD,,,,65.75,," ",,,,,,,,," "
2023-03-08,0.135434628,0.144993958,CNY,56," ",,,,," ",,,,," ",,,,,," ",0.579484362,0.62038588,NZD,,,,67,," ",,,,,,,,," "
2023-03-09,0.135434628,0.144993958,CNY,56," ",1,1.070582609,EUR,30," ",,,,," ",1,1.070582609,EUR,95.43,," ",0.579484362,0.62038588,NZD,,,,66.25,," ",,,,,,,,," "
2023-03-10,0.135434628,0.144993958,CNY,56," ",,,,," ",,,,," ",1,1.070582609,EUR,95.16,," ",0.579484362,0.62038588,NZD,,,,66,," ",,,,,,,,," "
2023-03-13,0.135434628,0.144993958,CNY,56," ",,,,," ",,,,," ",1,1.070582609,EUR,94.36,89.49," ",0.579484362,0.62038588,NZD,,,,65.5,," ",,,,,,,,," "
2023-03-14,0.135434628,0.144993958,CNY,56," ",1,1.070582609,EUR,30," ",,,,," ",1,1.070582609,EUR,92.34,," ",0.579484362,0.62038588,NZD,,,,65.25,," ",,,,,,,,," "
2023-03-15,0.135434628,0.144993958,CNY,56," ",,,,," ",,,,," ",1,1.070582609,EUR,90.31,," ",0.579484362,0.62038588,NZD,,33.06,80.64,68,," ",,,,,,,,," "
2023-03-16,0.135434628,0.144993958,CNY,56," ",1,1.070582609,EUR,30," ",,,,," ",1,1.070582609,EUR,83.25,," ",0.579484362,0.62038588,NZD,,,,66.75,," ",,,,,,,,," "
2023-03-17,0.135434628,0.144993958,CNY,56.75," ",,,,," ",,,,," ",1,1.070582609,EUR,86.5,," ",0.579484362,0.62038588,NZD,,,,66,," ",,,,,,,,," "
2023-03-20,0.135434628,0.144993958,CNY,57," ",,,,," ",,,,," ",1,1.070582609,EUR,82.46,89.98," ",0.579484362,0.62038588,NZD,,,,65.75,," ",,,,,,,,," "
2023-03-21,0.135434628,0.144993958,CNY,56," ",1,1.070582609,EUR,30," ",,,,," ",1,1.070582609,EUR,87.14,," ",0.579484362,0.62038588,NZD,,,,65,," ",,,,,,,,," "
2023-03-22,0.135434628,0.144993958,CNY,56," ",,,,," ",,,,," ",1,1.070582609,EUR,86.14,," ",0.579484362,0.62038588,NZD,,,,65,," ",,,,,,,,," "
2023-03-23,0.135434628,0.144993958,CNY,56," ",1,1.070582609,EUR,30," ",,,,," ",1,1.070582609,EUR,88.27,," ",0.579484362,0.62038588,NZD,,,,64.45,," ",,,,,,,,," "
2023-03-24,0.135434628,0.144993958,CNY,56," ",,,,," ",,,,," ",1,1.070582609,EUR,88.09,," ",0.579484362,0.62038588,NZD,,,,63.1,," ",,,,,,,,," "
2023-03-27,0.135434628,0.144993958,CNY,56," ",,,,," ",,,,," ",1,1.070582609,EUR,85.18,96," ",0.579484362,0.62038588,NZD,,,,61.5,," ",,,,,,,,," "
2023-03-28,0.135434628,0.144993958,CNY,56," ",1,1.070582609,EUR,30," ",,,,," ",1,1.070582609,EUR,86.54,," ",0.579484362,0.62038588,NZD,,,,60.5,," ",,,,,,,,," "
2023-03-29,0.135434628,0.144993958,CNY,56," ",,,,," ",,,,," ",1,1.070582609,EUR,87.16,," ",0.579484362,0.62038588,NZD,,,,60,," ",,,,,,,,," "
2023-03-30,0.135434628,0.144993958,CNY,56.7," ",1,1.070582609,EUR,30," ",,,,," ",1,1.070582609,EUR,87.42,," ",0.579484362,0.62038588,NZD,,,,54,," ",,,,,,,,," "
2023-03-31,0.135434628,0.144993958,CNY,56," ",,,,," ",,,,," ",1,1.070582609,EUR,88.61,," ",0.579484362,0.62038588,NZD,,,,54.5,," ",,,,,,,,," "
2023-04-03,0.132359235,0.145167933,CNY,56," ",,,,," ",,,,," ",1,1.096772222,EUR,89.82,95.66," ",0.566490429,0.621310966,NZD,,,,58,," ",,,,,,,,," "
2023-04-04,0.132359235,0.145167933,CNY,56," ",1,1.096772222,EUR,30," ",,,,," ",1,1.096772222,EUR,94.12,," ",0.566490429,0.621310966,NZD,,,,59,," ",,,,,,,,," "
2023-04-06,0.132359235,0.145167933,CNY,50.52," ",1,1.096772222,EUR,30," ",,,,," ",1,1.096772222,EUR,94.3,," ",0.566490429,0.621310966,NZD,,,,59.25,," ",,,,,,,,," "
2023-04-07,0.132359235,0.145167933,CNY,55.4," ",,,,," ",,,,," ",,,,,," ",0.566490429,0.621310966,NZD,,,,59.25,," ",,,,,,,,," "
2023-04-10,0.132359235,0.145167933,CNY,56," ",,,,," ",,,,," ",1,1.096772222,EUR,,92.9," ",0.566490429,0.621310966,NZD,,,,59.25,," ",,,,,,,,," "
2023-04-11,0.132359235,0.145167933,CNY,56," ",1,1.096772222,EUR,30," ",,,,," ",1,1.096772222,EUR,95.52,," ",0.566490429,0.621310966,NZD,,,,59.25,," ",,,,,,,,," "
2023-04-12,0.132359235,0.145167933,CNY,56," ",,,,," ",,,,," ",1,1.096772222,EUR,93.9,," ",0.566490429,0.621310966,NZD,,,,59,," ",,,,,,,,," "
2023-04-13,0.132359235,0.145167933,CNY,56," ",1,1.096772222,EUR,30," ",,,,," ",1,1.096772222,EUR,90.51,," ",0.566490429,0.621310966,NZD,,,,62.5,," ",,,,,,,,," "
2023-04-14,0.132359235,0.145167933,CNY,56," ",,,,," ",,,,," ",1,1.096772222,EUR,92.3,," ",0.566490429,0.621310966,NZD,,,,62.75,," ",,,,,,,,," "
2023-04-17,0.132359235,0.145167933,CNY,56," ",,,,," ",,,,," ",1,1.096772222,EUR,90.55,86.88," ",0.566490429,0.621310966,NZD,,,,61.75,," ",,,,,,,,," "
2023-04-18,0.132359235,0.145167933,CNY,56," ",1,1.096772222,EUR,30," ",,,,," ",1,1.096772222,EUR,90.55,," ",0.566490429,0.621310966,NZD,,,,61.35,," ",,,,,,,,," "
2023-04-19,0.132359235,0.145167933,CNY,56," ",,,,," ",,,,," ",,,,,," ",0.566490429,0.621310966,NZD,,,,61.35,," ",,,,,,,,," "
2023-04-20,0.132359235,0.145167933,CNY,53.4," ",1,1.096772222,EUR,30," ",,,,," ",1,1.096772222,EUR,90.68,," ",0.566490429,0.621310966,NZD,,,,60.5,," ",,,,,,,,," "
2023-04-21,0.132359235,0.145167933,CNY,53.4," ",,,,," ",,,,," ",1,1.096772222,EUR,88.6,," ",0.566490429,0.621310966,NZD,,,,61.15,," ",,,,,,,,," "
2023-04-24,0.132359235,0.145167933,CNY,53.4," ",,,,," ",,,,," ",1,1.096772222,EUR,85.7,85.79," ",0.566490429,0.621310966,NZD,,,,60.57,," ",,,,,,,,," "
2023-04-25,0.132359235,0.145167933,CNY,53.4," ",1,1.096772222,EUR,30," ",,,,," ",1,1.096772222,EUR,84.73,," ",0.566490429,0.621310966,NZD,,,,60.82,," ",,,,,,,,," "
2023-04-26,0.132359235,0.145167933,CNY,54.92," ",,,,," ",,,,," ",1,1.096772222,EUR,83.31,," ",0.566490429,0.621310966,NZD,,,,61,," ",,,,,,,,," "
2023-04-27,0.132359235,0.145167933,CNY,55," ",1,1.096772222,EUR,30," ",,,,," ",1,1.096772222,EUR,85,," ",0.566490429,0.621310966,NZD,,,,58.5,," ",,,,,,,,," "
2023-04-28,0.132359235,0.145167933,CNY,55," ",,,,," ",,,,," ",1,1.096772222,EUR,84,," ",0.566490429,0.621310966,NZD,,,,56,," ",,,,,,,,," "
2023-05-04,0.131557706,0.142970337,CNY,55.5," ",1,1.08675,EUR,30," ",,,,," ",1,1.08675,EUR,82.23,," ",0.572070148,0.621697233,NZD,,,,54.75,," ",,,,,,,,," "
2023-05-05,0.131557706,0.142970337,CNY,55.5," ",,,,," ",,,,," ",1,1.08675,EUR,84.38,," ",0.572070148,0.621697233,NZD,,,,54.5,," ",,,,,,,,," "
2023-05-08,0.131557706,0.142970337,CNY,56," ",,,,," ",,,,," ",1,1.08675,EUR,82.99,88.69," ",0.572070148,0.621697233,NZD,,,,54,," ",,,,,,,,," "
2023-05-09,0.131557706,0.142970337,CNY,56," ",1,1.08675,EUR,30," ",,,,," ",1,1.08675,EUR,83.84,," ",0.572070148,0.621697233,NZD,,,,54,," ",,,,,,,,," "
2023-05-10,0.131557706,0.142970337,CNY,56," ",,,,," ",,,,," ",1,1.08675,EUR,85.85,," ",0.572070148,0.621697233,NZD,,,,54,," ",,,,,,,,," "
2023-05-11,0.131557706,0.142970337,CNY,56," ",1,1.08675,EUR,30," ",,,,," ",1,1.08675,EUR,86.75,," ",0.572070148,0.621697233,NZD,,,,52,," ",,,,,,,,," "
2023-05-12,0.131557706,0.142970337,CNY,56," ",,,,," ",,,,," ",1,1.08675,EUR,86.67,," ",0.572070148,0.621697233,NZD,,,,52.5,," ",,,,,,,,," "
2023-05-15,0.131557706,0.142970337,CNY,56," ",,,,," ",,,,," ",1,1.08675,EUR,85.7,84.74," ",0.572070148,0.621697233,NZD,,,,52.25,," ",,,,,,,,," "
2023-05-16,0.131557706,0.142970337,CNY,56.5," ",1,1.08675,EUR,30," ",,,,," ",1,1.08675,EUR,85.05,," ",0.572070148,0.621697233,NZD,,,,51.95,," ",,,,,,,,," "
2023-05-17,0.131557706,0.142970337,CNY,56.25," ",,,,," ",,,,," ",1,1.08675,EUR,85.58,," ",0.572070148,0.621697233,NZD,,,,51.5,," ",,,,,,,,," "
2023-05-18,0.131557706,0.142970337,CNY,57.93," ",,,,," ",,,,," ",,,,,," ",0.572070148,0.621697233,NZD,,,,51.5,," ",,,,,,,,," "
2023-05-19,0.131557706,0.142970337,CNY,57," ",,,,," ",,,,," ",,,,,," ",0.572070148,0.621697233,NZD,,,,54,," ",,,,,,,,," "
2023-05-22,0.131557706,0.142970337,CNY,57.21," ",,,,," ",,,,," ",1,1.08675,EUR,85.2,80.42," ",0.572070148,0.621697233,NZD,,,,54,," ",,,,,,,,," "
2023-05-23,0.131557706,0.142970337,CNY,56," ",1,1.08675,EUR,30," ",,,,," ",1,1.08675,EUR,84.32,," ",0.572070148,0.621697233,NZD,,,,54,," ",,,,,,,,," "
2023-05-24,0.131557706,0.142970337,CNY,57," ",,,,," ",,,,," ",1,1.08675,EUR,83,," ",0.572070148,0.621697233,NZD,,,,53.75,," ",,,,,,,,," "
2023-05-25,0.131557706,0.142970337,CNY,57," ",1,1.08675,EUR,30," ",,,,," ",1,1.08675,EUR,81.12,," ",0.572070148,0.621697233,NZD,,,,54,," ",,,,,,,,," "
2023-05-26,0.131557706,0.142970337,CNY,57," ",,,,," ",,,,," ",1,1.08675,EUR,81.11,," ",0.572070148,0.621697233,NZD,,,,55,," ",,,,,,,,," "
2023-05-29,0.131557706,0.142970337,CNY,57," ",,,,," ",,,,," ",1,1.08675,EUR,,83.69," ",0.572070148,0.621697233,NZD,,,,55.25,," ",,,,,,,,," "
2023-05-30,0.131557706,0.142970337,CNY,57," ",1,1.08675,EUR,30," ",,,,," ",1,1.08675,EUR,79.79,," ",0.572070148,0.621697233,NZD,,,,54.5,," ",,,,,,,,," "
2023-05-31,0.131557706,0.142970337,CNY,58.5," ",,,,," ",,,,," ",,,,,," ",0.572070148,0.621697233,NZD,,,,54.7,," ",,,,,,,,," "
2023-06-01,0.128799193,0.139616569,CNY,57.51," ",1,1.083986364,EUR,30," ",,,,," ",1,1.083986364,EUR,78.62,," ",0.565686062,0.613195977,NZD,,,,55,," ",,,,,,,,," "
2023-06-02,0.128799193,0.139616569,CNY,58.5," ",,,,," ",,,,," ",1,1.083986364,EUR,78.2,," ",0.565686062,0.613195977,NZD,,,,55.75,," ",,,,,,,,," "
2023-06-05,0.128799193,0.139616569,CNY,58.5," ",,,,," ",,,,," ",1,1.083986364,EUR,78.55,91.33," ",0.565686062,0.613195977,NZD,,,,55.75,," ",,,,,,,,," "
2023-06-06,0.128799193,0.139616569,CNY,58.5," ",1,1.083986364,EUR,30," ",,,,," ",1,1.083986364,EUR,80.07,," ",0.565686062,0.613195977,NZD,,,,55.75,," ",,,,,,,,," "
2023-06-07,0.128799193,0.139616569,CNY,58.5," ",,,,," ",,,,," ",1,1.083986364,EUR,78.25,," ",0.565686062,0.613195977,NZD,,,,56.5,," ",,,,,,,,," "
2023-06-08,0.128799193,0.139616569,CNY,58.6," ",1,1.083986364,EUR,30," ",,,,," ",1,1.083986364,EUR,81.54,," ",0.565686062,0.613195977,NZD,,,,56.3,," ",,,,,,,,," "
2023-06-09,0.128799193,0.139616569,CNY,58.5," ",,,,," ",,,,," ",1,1.083986364,EUR,83.11,," ",0.565686062,0.613195977,NZD,,,,56,," ",,,,,,,,," "
2023-06-10,0.128799193,0.139616569,CNY,58.5," ",,,,," ",,,,," ",,,,,," ",,,,,,,,," ",,,,,,,,," "
2023-06-12,0.128799193,0.139616569,CNY,57," ",,,,," ",,,,," ",1,1.083986364,EUR,83.45,91.12," ",0.565686062,0.613195977,NZD,,,,55,," ",,,,,,,,," "
2023-06-13,0.128799193,0.139616569,CNY,57," ",1,1.083986364,EUR,30," ",,,,," ",1,1.083986364,EUR,86.44,," ",0.565686062,0.613195977,NZD,,,,57.25,," ",,,,,,,,," "
2023-06-14,0.128799193,0.139616569,CNY,57," ",,,,," ",,,,," ",,,,,," ",0.565686062,0.613195977,NZD,,33.06,80.64,60.5,," ",,,,,,,,," "
2023-06-15,0.128799193,0.139616569,CNY,57," ",1,1.083986364,EUR,30," ",,,,," ",1,1.083986364,EUR,91.67,," ",0.565686062,0.613195977,NZD,,,,60,," ",,,,,,,,," "
2023-06-16,0.128799193,0.139616569,CNY,57.8," ",,,,," ",,,,," ",1,1.083986364,EUR,89.3,," ",0.565686062,0.613195977,NZD,,,,60,," ",,,,,,,,," "
2023-06-17,0.128799193,0.139616569,CNY,57.8," ",,,,," ",,,,," ",,,,,," ",,,,,,,,," ",,,,,,,,," "
2023-06-19,0.128799193,0.139616569,CNY,57.8," ",,,,," ",,,,," ",1,1.083986364,EUR,90.16,87.96," ",0.565686062,0.613195977,NZD,,,,59.25,," ",,,,,,,,," "
2023-06-20,0.128799193,0.139616569,CNY,57.53," ",1,1.083986364,EUR,30," ",,,,," ",1,1.083986364,EUR,91.55,," ",0.565686062,0.613195977,NZD,,,,53.25,," ",,,,,,,,," "
2023-06-21,0.128799193,0.139616569,CNY,57," ",,,,," ",,,,," ",1,1.083986364,EUR,90.35,," ",0.565686062,0.613195977,NZD,,,,51.25,," ",,,,,,,,," "
2023-06-26,0.128799193,0.139616569,CNY,57.4," ",,,,," ",,,,," ",1,1.083986364,EUR,86.01,86.5," ",0.565686062,0.613195977,NZD,,,,41,," ",,,,,,,,," "
2023-06-27,0.128799193,0.139616569,CNY,57.4," ",1,1.083986364,EUR,30," ",,,,," ",1,1.083986364,EUR,85.35,," ",0.565686062,0.613195977,NZD,,,,42.5,," ",,,,,,,,," "
2023-06-28,0.128799193,0.139616569,CNY,57.5," ",,,,," ",,,,," ",,,,,," ",0.565686062,0.613195977,NZD,,,,41,," ",,,,,,,,," "
2023-06-29,0.128799193,0.139616569,CNY,57.98," ",1,1.083986364,EUR,30," ",,,,," ",1,1.083986364,EUR,86.6,," ",0.565686062,0.613195977,NZD,,,,41,," ",,,,,,,,," "
2023-06-30,0.128799193,0.139616569,CNY,60," ",,,,," ",,,,," ",1,1.083986364,EUR,85.31,," ",0.565686062,0.613195977,NZD,,,,41.75,," ",,,,,,,,," "
2023-07-03,0.125855887,0.139173238,CNY,60," ",,,,," ",,,,," ",1,1.105814286,EUR,87.11,86.15," ",0.562662382,0.6222001,NZD,,,,41.75,," ",,,,,,,,," "
2023-07-04,0.125855887,0.139173238,CNY,60," ",1,1.105814286,EUR,30," ",,,,," ",1,1.105814286,EUR,85,," ",0.562662382,0.6222001,NZD,,,,37,," ",,,,,,,,," "
2023-07-05,0.125855887,0.139173238,CNY,60," ",,,,," ",,,,," ",1,1.105814286,EUR,84.84,," ",0.562662382,0.6222001,NZD,,,,37.75,," ",,,,,,,,," "
2023-07-06,0.125855887,0.139173238,CNY,59," ",1,1.105814286,EUR,30," ",,,,," ",1,1.105814286,EUR,84.18,," ",0.562662382,0.6222001,NZD,,,,38,," ",,,,,,,,," "
2023-07-07,0.125855887,0.139173238,CNY,58.17," ",,,,," ",,,,," ",1,1.105814286,EUR,84.82,," ",0.562662382,0.6222001,NZD,,,,39.5,," ",,,,,,,,," "
2023-07-10,0.125855887,0.139173238,CNY,59," ",,,,," ",,,,," ",1,1.105814286,EUR,85,88.99," ",0.562662382,0.6222001,NZD,,,,39,," ",,,,,,,,," "
2023-07-11,0.125855887,0.139173238,CNY,60," ",1,1.105814286,EUR,30," ",,,,," ",1,1.105814286,EUR,83.62,," ",0.562662382,0.6222001,NZD,,,,38.25,," ",,,,,,,,," "
2023-07-12,0.125855887,0.139173238,CNY,59.75," ",,,,," ",,,,," ",1,1.105814286,EUR,85.32,," ",0.562662382,0.6222001,NZD,,,,39.25,," ",,,,,,,,," "
2023-07-13,0.125855887,0.139173238,CNY,60," ",1,1.105814286,EUR,30," ",,,,," ",1,1.105814286,EUR,84.25,," ",0.562662382,0.6222001,NZD,,,,38,," ",,,,,,,,," "
2023-07-14,0.125855887,0.139173238,CNY,60," ",,,,," ",,,,," ",1,1.105814286,EUR,85.51,," ",0.562662382,0.6222001,NZD,,,,38,," ",,,,,,,,," "
2023-07-15,0.125855887,0.139173238,CNY,60," ",,,,," ",,,,," ",,,,,," ",,,,,,,,," ",,,,,,,,," "
2023-07-16,0.125855887,0.139173238,CNY,60," ",,,,," ",,,,," ",,,,,," ",,,,,,,,," ",,,,,,,,," "
2023-07-17,0.125855887,0.139173238,CNY,60," ",,,,," ",,,,," ",1,1.105814286,EUR,84.72,90.72," ",0.562662382,0.6222001,NZD,,,,49.95,," ",,,,,,,,," "
2023-07-18,0.125855887,0.139173238,CNY,61.02," ",1,1.105814286,EUR,30," ",,,,," ",1,1.105814286,EUR,84.9,," ",0.562662382,0.6222001,NZD,,,,50,," ",,,,,,,,," "
2023-07-19,0.125855887,0.139173238,CNY,61," ",,,,," ",,,,," ",1,1.105814286,EUR,86.03,," ",0.562662382,0.6222001,NZD,,,,49.75,," ",,,,,,,,," "
2023-07-20,0.125855887,0.139173238,CNY,61," ",1,1.105814286,EUR,30," ",,,,," ",1,1.105814286,EUR,87.76,," ",0.562662382,0.6222001,NZD,,,,48,," ",,,,,,,,," "
2023-07-21,0.125855887,0.139173238,CNY,63.43," ",,,,," ",,,,," ",1,1.105814286,EUR,89.36,," ",0.562662382,0.6222001,NZD,,,,47.25,," ",,,,,,,,," "
2023-07-24,0.125855887,0.139173238,CNY,64," ",,,,," ",,,,," ",1,1.105814286,EUR,90.3,84.73," ",0.562662382,0.6222001,NZD,,,,45,," ",,,,,,,,," "
2023-07-25,0.125855887,0.139173238,CNY,64," ",1,1.105814286,EUR,30," ",,,,," ",1,1.105814286,EUR,90.25,," ",0.562662382,0.6222001,NZD,,,,51.25,," ",,,,,,,,," "
2023-07-26,0.125855887,0.139173238,CNY,61.12," ",,,,," ",,,,," ",,,,,," ",0.562662382,0.6222001,NZD,,,,65.25,," ",,,,,,,,," "
2023-07-27,0.125855887,0.139173238,CNY,64," ",1,1.105814286,EUR,30," ",,,,," ",1,1.105814286,EUR,88.02,," ",0.562662382,0.6222001,NZD,,,,61.5,," ",,,,,,,,," "
2023-07-28,0.125855887,0.139173238,CNY,61.05," ",,,,," ",,,,," ",1,1.105814286,EUR,87.33,," ",0.562662382,0.6222001,NZD,,,,60,," ",,,,,,,,," "
2023-07-31,0.125855887,0.139173238,CNY,64.74," ",,,,," ",,,,," ",1,1.105814286,EUR,86.65,84.52," ",0.562662382,0.6222001,NZD,,,,59.75,," ",,,,,,,,," "
2023-08-01,0.126389095,0.137876215,CNY,64.99," ",1,1.090886957,EUR,30," ",,,,," ",1,1.090886957,EUR,84.69,," ",0.550099176,0.600096015,NZD,,,,57.5,," ",,,,,,,,," "
2023-08-02,0.126389095,0.137876215,CNY,64.97," ",,,,," ",,,,," ",1,1.090886957,EUR,81.88,," ",0.550099176,0.600096015,NZD,,,,57,," ",,,,,,,,," "
2023-08-03,0.126389095,0.137876215,CNY,64.27," ",1,1.090886957,EUR,30," ",,,,," ",1,1.090886957,EUR,83.52,," ",0.550099176,0.600096015,NZD,,,,58,," ",,,,,,,,," "
2023-08-04,0.126389095,0.137876215,CNY,66," ",,,,," ",,,,," ",1,1.090886957,EUR,83.33,," ",0.550099176,0.600096015,NZD,,,,58,," ",,,,,,,,," "
2023-08-07,0.126389095,0.137876215,CNY,66," ",,,,," ",,,,," ",1,1.090886957,EUR,82.28,88.03," ",0.550099176,0.600096015,NZD,,,,59.9,," ",,,,,,,,," "
2023-08-08,0.126389095,0.137876215,CNY,67," ",1,1.090886957,EUR,30," ",,,,," ",1,1.090886957,EUR,81.46,," ",0.550099176,0.600096015,NZD,,,,60.25,," ",,,,,,,,," "
2023-08-09,0.126389095,0.137876215,CNY,67.93," ",,,,," ",,,,," ",,,,,," ",0.550099176,0.600096015,NZD,,,,60.75,," ",,,,,,,,," "
2023-08-10,0.126389095,0.137876215,CNY,69.52," ",1,1.090886957,EUR,30," ",,,,," ",1,1.090886957,EUR,82.24,," ",0.550099176,0.600096015,NZD,,,,59.95,," ",,,,,,,,," "
2023-08-11,0.126389095,0.137876215,CNY,69.9," ",,,,," ",,,,," ",1,1.090886957,EUR,84.2,," ",0.550099176,0.600096015,NZD,,,,60.2,," ",,,,,,,,," "
2023-08-14,0.126389095,0.137876215,CNY,68.33," ",,,,," ",,,,," ",1,1.090886957,EUR,85.34,87.44," ",0.550099176,0.600096015,NZD,,,,60.5,," ",,,,,,,,," "
2023-08-15,0.126389095,0.137876215,CNY,70.07," ",1,1.090886957,EUR,30," ",,,,," ",1,1.090886957,EUR,86.71,," ",0.550099176,0.600096015,NZD,,,,61.25,," ",,,,,,,,," "
2023-08-16,0.126389095,0.137876215,CNY,70," ",,,,," ",,,,," ",1,1.090886957,EUR,87.01,," ",0.550099176,0.600096015,NZD,,,,61.4,," ",,,,,,,,," "
2023-08-17,0.126389095,0.137876215,CNY,70.1," ",1,1.090886957,EUR,30," ",,,,," ",1,1.090886957,EUR,86.84,," ",0.550099176,0.600096015,NZD,,,,62.5,," ",,,,,,,,," "
2023-08-18,0.126389095,0.137876215,CNY,72.85," ",,,,," ",,,,," ",1,1.090886957,EUR,86.68,," ",0.550099176,0.600096015,NZD,,,,65,," ",,,,,,,,," "
2023-08-21,0.126389095,0.137876215,CNY,67.5," ",,,,," ",,,,," ",1,1.090886957,EUR,86,85.54," ",0.550099176,0.600096015,NZD,,,,65.5,," ",,,,,,,,," "
2023-08-22,0.126389095,0.137876215,CNY,72.73," ",1,1.090886957,EUR,30," ",,,,," ",1,1.090886957,EUR,87.86,," ",0.550099176,0.600096015,NZD,,,,65.5,," ",,,,,,,,," "
2023-08-23,0.126389095,0.137876215,CNY,74.76," ",,,,," ",,,,," ",,,,,," ",0.550099176,0.600096015,NZD,,,,66.25,," ",,,,,,,,," "
2023-08-24,0.126389095,0.137876215,CNY,72.3," ",1,1.090886957,EUR,30," ",,,,," ",1,1.090886957,EUR,85.51,," ",0.550099176,0.600096015,NZD,,,,66.75,," ",,,,,,,,," "
2023-08-25,0.126389095,0.137876215,CNY,73.06," ",,,,," ",,,,," ",1,1.090886957,EUR,85.5,," ",0.550099176,0.600096015,NZD,,,,67,," ",,,,,,,,," "
2023-08-28,0.126389095,0.137876215,CNY,74.46," ",,,,," ",,,,," ",1,1.090886957,EUR,84.7,83.23," ",0.550099176,0.600096015,NZD,,,,67,," ",,,,,,,,," "
2023-08-29,0.126389095,0.137876215,CNY,69.18," ",1,1.090886957,EUR,30," ",,,,," ",1,1.090886957,EUR,84.64,," ",0.550099176,0.600096015,NZD,,,,67.5,," ",,,,,,,,," "
2023-08-30,0.126389095,0.137876215,CNY,69.04," ",,,,," ",,,,," ",1,1.090886957,EUR,84.57,," ",0.550099176,0.600096015,NZD,,,,68.5,," ",,,,,,,,," "
2023-08-31,0.126389095,0.137876215,CNY,68.79," ",1,1.090886957,EUR,30," ",,,,," ",1,1.090886957,EUR,85.52,," ",0.550099176,0.600096015,NZD,,,,70.5,," ",,,,,,,,," "
2023-09-01,0.128231998,0.137000624,CNY,68.43," ",,,,," ",,,,," ",1,1.068380952,EUR,84,," ",0.554565542,0.592487262,NZD,,,,71,," ",,,,,,,,," "
2023-09-04,0.128231998,0.137000624,CNY,68.41," ",,,,," ",,,,," ",1,1.068380952,EUR,83.42,82.23," ",0.554565542,0.592487262,NZD,,,,70.85,," ",,,,,,,,," "
2023-09-05,0.128231998,0.137000624,CNY,66.21," ",1,1.068380952,EUR,30," ",,,,," ",1,1.068380952,EUR,83.41,," ",0.554565542,0.592487262,NZD,,,,70.25,," ",,,,,,,,," "
2023-09-06,0.128231998,0.137000624,CNY,69.93," ",,,,," ",,,,," ",,,,,," ",0.554565542,0.592487262,NZD,,33.06,80.64,71.1,," ",,,,,,,,," "
2023-09-07,0.128231998,0.137000624,CNY,71.27," ",1,1.068380952,EUR,30," ",,,,," ",,,,,," ",0.554565542,0.592487262,NZD,,,,71.75,," ",,,,,,,,," "
2023-09-08,0.128231998,0.137000624,CNY,72.22," ",,,,," ",,,,," ",1,1.068380952,EUR,82.09,," ",0.554565542,0.592487262,NZD,,,,73,," ",,,,,,,,," "
2023-09-11,0.128231998,0.137000624,CNY,72.75," ",,,,," ",,,,," ",1,1.068380952,EUR,80.98,82.9," ",0.554565542,0.592487262,NZD,,,,73,," ",,,,,,,,," "
2023-09-12,0.128231998,0.137000624,CNY,72.33," ",1,1.068380952,EUR,30," ",,,,," ",1,1.068380952,EUR,80.6,," ",0.554565542,0.592487262,NZD,,,,72.6,," ",,,,,,,,," "
2023-09-13,0.128231998,0.137000624,CNY,72.81," ",,,,," ",,,,," ",1,1.068380952,EUR,80.5,," ",0.554565542,0.592487262,NZD,,,,72.5,," ",,,,,,,,," "
2023-09-14,0.128231998,0.137000624,CNY,74.01," ",1,1.068380952,EUR,30," ",,,,," ",1,1.068380952,EUR,81.69,," ",0.554565542,0.592487262,NZD,,,,71.75,," ",,,,,,,,," "
2023-09-15,0.128231998,0.137000624,CNY,74.76," ",,,,," ",,,,," ",1,1.068380952,EUR,82.33,," ",0.554565542,0.592487262,NZD,,,,69.75,," ",,,,,,,,," "
2023-09-18,0.128231998,0.137000624,CNY,74.6," ",,,,," ",,,,," ",1,1.068380952,EUR,80.26,82.97," ",0.554565542,0.592487262,NZD,,,,68,," ",,,,,,,,," "
2023-09-19,0.128231998,0.137000624,CNY,75.13," ",1,1.068380952,EUR,30," ",,,,," ",1,1.068380952,EUR,79.5,," ",0.554565542,0.592487262,NZD,,,,66,," ",,,,,,,,," "
2023-09-20,0.128231998,0.137000624,CNY,74.64," ",,,,," ",,,,," ",1,1.068380952,EUR,79.8,," ",0.554565542,0.592487262,NZD,,,,66.5,," ",,,,,,,,," "
2023-09-21,0.128231998,0.137000624,CNY,75.06," ",1,1.068380952,EUR,30," ",,,,," ",1,1.068380952,EUR,81.78,," ",0.554565542,0.592487262,NZD,,,,65.6,," ",,,,,,,,," "
2023-09-22,0.128231998,0.137000624,CNY,75.34," ",,,,," ",,,,," ",1,1.068380952,EUR,84.03,," ",0.554565542,0.592487262,NZD,,,,65.6,," ",,,,,,,,," "
2023-09-25,0.128231998,0.137000624,CNY,74.88," ",,,,," ",,,,," ",1,1.068380952,EUR,83.92,80.62," ",0.554565542,0.592487262,NZD,,,,64,," ",,,,,,,,," "
2023-09-26,0.128231998,0.137000624,CNY,76.06," ",1,1.068380952,EUR,30," ",,,,," ",1,1.068380952,EUR,82.44,," ",0.554565542,0.592487262,NZD,,,,64,," ",,,,,,,,," "
2023-09-27,0.128231998,0.137000624,CNY,76.13," ",,,,," ",,,,," ",1,1.068380952,EUR,81.37,," ",0.554565542,0.592487262,NZD,,,,64.25,," ",,,,,,,,," "
2023-09-28,0.128231998,0.137000624,CNY,76.03," ",1,1.068380952,EUR,30," ",,,,," ",1,1.068380952,EUR,81.9,," ",0.554565542,0.592487262,NZD,,,,65.75,," ",,,,,,,,," "
2023-10-09,0.129486408,0.136770607,CNY,76.78," ",,,,," ",,,,," ",1,1.056254545,EUR,80.43,82.19," ",,,,,,,,," ",,,,,,,,," "
2023-10-10,0.129486408,0.136770607,CNY,78.99," ",1,1.056254545,EUR,30," ",,,,," ",1,1.056254545,EUR,81.82,," ",,,,,,,,," ",,,,,,,,," "
2023-10-11,0.129486408,0.136770607,CNY,79.99," ",,,,," ",,,,," ",1,1.056254545,EUR,82.68,," ",,,,,,,,," ",,,,,,,,," "
2023-10-12,0.129486408,0.136770607,CNY,80.7," ",1,1.056254545,EUR,30," ",,,,," ",1,1.056254545,EUR,83.35,," ",,,,,,,,," ",,,,,,,,," "
2023-10-13,0.129486408,0.136770607,CNY,80.16," ",,,,," ",,,,," ",1,1.056254545,EUR,84.61,," ",,,,,,,,," ",,,,,,,,," "
2023-10-16,0.129486408,0.136770607,CNY,81.15," ",,,,," ",,,,," ",1,1.056254545,EUR,83.4,80," ",,,,,,,,," ",,,,,,,,," "
2023-10-17,0.129486408,0.136770607,CNY,80.98," ",1,1.056254545,EUR,30," ",,,,," ",1,1.056254545,EUR,81.69,," ",,,,,,,,," ",,,,,,,,," "
2023-10-18,0.129486408,0.136770607,CNY,81.12," ",,,,," ",,,,," ",1,1.056254545,EUR,81.72,," ",,,,,,,,," ",,,,,,,,," "
2023-10-19,0.129486408,0.136770607,CNY,81.1," ",1,1.056254545,EUR,30," ",,,,," ",1,1.056254545,EUR,79.99,," ",,,,,,,,," ",,,,,,,,," "
2023-10-20,0.129486408,0.136770607,CNY,81.08," ",,,,," ",,,,," ",1,1.056254545,EUR,81.19,," ",,,,,,,,," ",,,,,,,,," "
2023-10-23,0.129486408,0.136770607,CNY,81.42," ",,,,," ",,,,," ",1,1.056254545,EUR,79.92,78.51," ",,,,,,,,," ",,,,,,,,," "
2023-10-24,0.129486408,0.136770607,CNY,81.08," ",1,1.056254545,EUR,30," ",,,,," ",1,1.056254545,EUR,80.4,," ",,,,,,,,," ",,,,,,,,," "
2023-10-25,0.129486408,0.136770607,CNY,81.27," ",,,,," ",,,,," ",1,1.056254545,EUR,79.85,," ",,,,,,,,," ",,,,,,,,," "
2023-10-26,0.129486408,0.136770607,CNY,80.55," ",1,1.056254545,EUR,30," ",,,,," ",1,1.056254545,EUR,79.48,," ",,,,,,,,," ",,,,,,,,," "
2023-10-27,0.129486408,0.136770607,CNY,78.5," ",,,,," ",,,,," ",1,1.056254545,EUR,79.41,," ",,,,,,,,," ",,,,,,,,," "
2023-10-30,0.129486408,0.136770607,CNY,79.53," ",,,,," ",,,,," ",1,1.056254545,EUR,79.78,76.57," ",,,,,,,,," ",,,,,,,,," "
2023-10-31,0.129486408,0.136770607,CNY,77.63," ",1,1.056254545,EUR,30," ",,,,," ",1,1.056254545,EUR,77.65,," ",,,,,,,,," ",,,,,,,,," "
2023-11-01,0.127857694,0.138191502,CNY,76.84," ",,,,," ",,,,," ",,,,,," ",,,,,,,,," ",,,,,,,,," "
2023-11-02,0.127857694,0.138191502,CNY,75.89," ",1,1.080822727,EUR,30," ",,,,," ",1,1.080822727,EUR,77.88,," ",,,,,,,,," ",,,,,,,,," "
2023-11-03,0.127857694,0.138191502,CNY,74.73," ",,,,," ",,,,," ",1,1.080822727,EUR,78.35,," ",,,,,,,,," ",,,,,,,,," "
2023-11-06,0.127857694,0.138191502,CNY,74.99," ",,,,," ",,,,," ",1,1.080822727,EUR,76.02,77.88," ",,,,,,,,," ",,,,,,,,," "
2023-11-07,0.127857694,0.138191502,CNY,74.17," ",1,1.080822727,EUR,30," ",,,,," ",1,1.080822727,EUR,75.58,," ",,,,,,,,," ",,,,,,,,," "
2023-11-08,0.127857694,0.138191502,CNY,73.38," ",,,,," ",,,,," ",1,1.080822727,EUR,74.56,," ",,,,,,,,," ",,,,,,,,," "
2023-11-09,0.127857694,0.138191502,CNY,72.84," ",1,1.080822727,EUR,30," ",,,,," ",1,1.080822727,EUR,75.75,," ",,,,,,,,," ",,,,,,,,," "
2023-11-10,0.127857694,0.138191502,CNY,71.41," ",,,,," ",,,,," ",1,1.080822727,EUR,76.46,," ",,,,,,,,," ",,,,,,,,," "
2023-11-13,0.127857694,0.138191502,CNY,71.4," ",,,,," ",,,,," ",1,1.080822727,EUR,77.01,76.07," ",,,,,,,,," ",,,,,,,,," "
2023-11-14,0.127857694,0.138191502,CNY,71.71," ",1,1.080822727,EUR,30," ",,,,," ",1,1.080822727,EUR,76.62,," ",,,,,,,,," ",,,,,,,,," "
2023-11-15,0.127857694,0.138191502,CNY,72.1," ",,,,," ",,,,," ",1,1.080822727,EUR,79.45,," ",,,,,,,,," ",,,,,,,,," "
2023-11-16,0.127857694,0.138191502,CNY,71.49," ",1,1.080822727,EUR,30," ",,,,," ",1,1.080822727,EUR,79,," ",,,,,,,,," ",,,,,,,,," "
2023-11-17,0.127857694,0.138191502,CNY,71.76," ",,,,," ",,,,," ",1,1.080822727,EUR,76.55,," ",,,,,,,,," ",,,,,,,,," "
2023-11-20,0.127857694,0.138191502,CNY,71.95," ",,,,," ",,,,," ",1,1.080822727,EUR,76.35,72.18," ",,,,,,,,," ",,,,,,,,," "
2023-11-21,0.127857694,0.138191502,CNY,71.56," ",1,1.080822727,EUR,30," ",,,,," ",1,1.080822727,EUR,75.69,," ",,,,,,,,," ",,,,,,,,," "
2023-11-22,0.127857694,0.138191502,CNY,71.61," ",,,,," ",,,,," ",1,1.080822727,EUR,74.84,," ",,,,,,,,," ",,,,,,,,," "
2023-11-23,0.127857694,0.138191502,CNY,72.07," ",1,1.080822727,EUR,30," ",,,,," ",1,1.080822727,EUR,74.5,," ",,,,,,,,," ",,,,,,,,," "
2023-11-24,0.127857694,0.138191502,CNY,71.33," ",,,,," ",,,,," ",1,1.080822727,EUR,75.9,," ",,,,,,,,," ",,,,,,,,," "
2023-11-27,0.127857694,0.138191502,CNY,71.88," ",,,,," ",,,,," ",1,1.080822727,EUR,74.57,69.22," ",,,,,,,,," ",,,,,,,,," "
2023-11-28,0.127857694,0.138191502,CNY,71.31," ",1,1.080822727,EUR,30," ",,,,," ",1,1.080822727,EUR,71.71,," ",,,,,,,,," ",,,,,,,,," "
2023-11-29,0.127857694,0.138191502,CNY,71.05," ",,,,," ",,,,," ",,,,,," ",,,,,,,,," ",,,,,,,,," "
2023-11-30,0.127857694,0.138191502,CNY,70.93," ",1,1.080822727,EUR,30," ",,,,," ",1,1.080822727,EUR,70.79,," ",,,,,,,,," ",,,,,,,,," "
2023-12-01,0.128283755,0.139868454,CNY,69.13," ",,,,," ",,,,," ",1,1.090305263,EUR,71.45,," ",,,,,,,,," ",,,,,,,,," "
2023-12-04,0.128283755,0.139868454,CNY,71.11," ",,,,," ",,,,," ",1,1.090305263,EUR,71.34,67.51," ",,,,,,,,," ",,,,,,,,," "
2023-12-05,0.128283755,0.139868454,CNY,71.09," ",1,1.090305263,EUR,30," ",,,,," ",1,1.090305263,EUR,69.94,," ",,,,,,,,," ",,,,,,,,," "
2023-12-06,0.128283755,0.139868454,CNY,71.57," ",,,,," ",,,,," ",1,1.090305263,EUR,68.71,," ",,,,,,,,," ",,,,,,,,," "
2023-12-07,0.128283755,0.139868454,CNY,67.93," ",1,1.090305263,EUR,30," ",,,,," ",1,1.090305263,EUR,68.76,," ",,,,,,,,," ",,,,,,,,," "
2023-12-08,0.128283755,0.139868454,CNY,71.78," ",,,,," ",,,,," ",1,1.090305263,EUR,69.84,," ",,,,,,,,," ",,,,,,,,," "
2023-12-11,0.128283755,0.139868454,CNY,70.9," ",,,,," ",,,,," ",1,1.090305263,EUR,67.82,69.08," ",,,,,,,,," ",,,,,,,,," "
2023-12-12,0.128283755,0.139868454,CNY,71.62," ",,,,," ",,,,," ",1,1.090305263,EUR,66.72,," ",,,,,,,,," ",,,,,,,,," "
2023-12-13,0.128283755,0.139868454,CNY,71.38," ",,,,," ",,,,," ",1,1.090305263,EUR,69.7,," ",,,,,,,,," ",,,,,,,,," "
2023-12-14,0.128283755,0.139868454,CNY,71.4," ",,,,," ",,,,," ",1,1.090305263,EUR,68.45,," ",,,,,,,,," ",,,,,,,,," "
2023-12-15,0.128283755,0.139868454,CNY,71.39," ",,,,," ",,,,," ",1,1.090305263,EUR,66.6,," ",,,,,,,,," ",,,,,,,,," "
2023-12-18,0.128283755,0.139868454,CNY,71.8," ",,,,," ",,,,," ",1,1.090305263,EUR,66.49,," ",,,,,,,,," ",,,,,,,,," "
2023-12-19,0.128283755,0.139868454,CNY,72.7," ",,,,," ",,,,," ",,,,,," ",,,,,,,,," ",,,,,,,,," "
2023-12-20,0.128283755,0.139868454,CNY,73.29," ",,,,," ",,,,," ",,,,,," ",,,,,,,,," ",,,,,,,,," "
2023-12-21,0.128283755,0.139868454,CNY,77.8," ",,,,," ",,,,," ",,,,,," ",,,,,,,,," ",,,,,,,,," "
2023-12-22,0.128283755,0.139868454,CNY,80.99," ",,,,," ",,,,," ",,,,,," ",,,,,,,,," ",,,,,,,,," "
2023-12-25,0.128283755,0.139868454,CNY,80.75," ",,,,," ",,,,," ",,,,,," ",,,,,,,,," ",,,,,,,,," "
2023-12-26,0.128283755,0.139868454,CNY,79.52," ",,,,," ",,,,," ",,,,,," ",,,,,,,,," ",,,,,,,,," "
2023-12-27,0.128283755,0.139868454,CNY,77.55," ",,,,," ",,,,," ",,,,,," ",,,,,,,,," ",,,,,,,,," "
2023-12-28,0.128283755,0.139868454,CNY,78.01," ",,,,," ",,,,," ",,,,,," ",,,,,,,,," ",,,,,,,,," "
2023-12-29,0.128283755,0.139868454,CNY,77.97," ",,,,," ",,,,," ",,,,,," ",,,,,,,,," ",,,,,,,,," "
2024-01-02,0.127868482,0.139442324,CNY,70.47," ",,,,," ",,,,," ",,,,,," ",,,,,,,,," ",,,,,,,,," "
2024-01-03,0.127868482,0.139442324,CNY,82," ",,,,," ",,,,," ",,,,,," ",,,,,,,,," ",,,,,,,,," "
2024-01-04,0.127868482,0.139442324,CNY,76.53," ",,,,," ",,,,," ",,,,,," ",,,,,,,,," ",,,,,,,,," "
2024-01-05,0.127868482,0.139442324,CNY,73.02," ",,,,," ",,,,," ",,,,,," ",,,,,,,,," ",,,,,,,,," "
2024-01-08,0.127868482,0.139442324,CNY,71," ",,,,," ",,,,," ",1,1.090513636,EUR,,69.62," ",,,,,,,,," ",,,,,,,,," "
2024-01-09,0.127868482,0.139442324,CNY,71.02," ",,,,," ",,,,," ",,,,,," ",,,,,,,,," ",,,,,,,,," "
2024-01-10,0.127868482,0.139442324,CNY,75," ",,,,," ",,,,," ",,,,,," ",,,,,,,,," ",,,,,,,,," "
2024-01-11,0.127868482,0.139442324,CNY,71.02," ",,,,," ",,,,," ",,,,,," ",,,,,,,,," ",,,,,,,,," "
2024-01-12,0.127868482,0.139442324,CNY,71," ",,,,," ",,,,," ",,,,,," ",,,,,,,,," ",,,,,,,,," "
2024-01-15,0.127868482,0.139442324,CNY,71," ",,,,," ",,,,," ",1,1.090513636,EUR,63.5,64.53," ",,,,,,,,," ",,,,,,,,," "
2024-01-16,0.127868482,0.139442324,CNY,70," ",,,,," ",,,,," ",1,1.090513636,EUR,63.2,," ",,,,,,,,," ",,,,,,,,," "
2024-01-17,0.127868482,0.139442324,CNY,75," ",,,,," ",,,,," ",1,1.090513636,EUR,62.96,," ",,,,,,,,," ",,,,,,,,," "
2024-01-18,0.127868482,0.139442324,CNY,70," ",,,,," ",,,,," ",1,1.090513636,EUR,61.28,," ",,,,,,,,," ",,,,,,,,," "
2024-01-19,0.127868482,0.139442324,CNY,74.96," ",,,,," ",,,,," ",1,1.090513636,EUR,61.93,," ",,,,,,,,," ",,,,,,,,," "
2024-01-22,0.127868482,0.139442324,CNY,71," ",,,,," ",,,,," ",1,1.090513636,EUR,59.74,63.54," ",,,,,,,,," ",,,,,,,,," "
2024-01-23,0.127868482,0.139442324,CNY,74.54," ",,,,," ",,,,," ",1,1.090513636,EUR,60.55,," ",,,,,,,,," ",0.566048814,0.617283951,NZD,,,,,67.67," "
2024-01-24,0.127868482,0.139442324,CNY,73.86," ",,,,," ",,,,," ",1,1.090513636,EUR,62,," ",,,,,,,,," ",0.566048814,0.617283951,NZD,,,,,68.67," "
2024-01-25,0.127868482,0.139442324,CNY,71," ",,,,," ",,,,," ",1,1.090513636,EUR,61.95,," ",,,,,,,,," ",0.566048814,0.617283951,NZD,,,,,70.75," "
2024-01-26,0.127868482,0.139442324,CNY,73.87," ",,,,," ",,,,," ",1,1.090513636,EUR,61.95,," ",,,,,,,,," ",0.566048814,0.617283951,NZD,,,,,70.62," "
2024-01-29,0.127868482,0.139442324,CNY,71.28," ",,,,," ",,,,," ",1,1.090513636,EUR,60.81,63.01," ",,,,,,,,," ",0.566048814,0.617283951,NZD,,,,,70.53," "
2024-01-30,0.127868482,0.139442324,CNY,66," ",,,,," ",,,,," ",1,1.090513636,EUR,59.82,," ",,,,,,,,," ",0.566048814,0.617283951,NZD,,,,,70.67," "
2024-01-31,0.127868482,0.139442324,CNY,72.6," ",,,,," ",,,,," ",1,1.090513636,EUR,62.27,," ",,,,,,,,," ",0.566048814,0.617283951,NZD,,,,,71.08," "
2024-02-01,0.128786064,0.139020876,CNY,73.81," ",,,,," ",,,,," ",1,1.079471429,EUR,61.09,," ",,,,,,,,," ",0.567669166,0.612782646,NZD,,,,,73.62," "
2024-02-02,0.128786064,0.139020876,CNY,75.87," ",,,,," ",,,,," ",1,1.079471429,EUR,60.92,," ",,,,,,,,," ",0.567669166,0.612782646,NZD,,,,,73.45," "
2024-02-05,0.128786064,0.139020876,CNY,76," ",,,,," ",,,,," ",1,1.079471429,EUR,60.68,61.65," ",,,,,,,,," ",0.567669166,0.612782646,NZD,,,,,73.35," "
2024-02-06,0.128786064,0.139020876,CNY,76," ",,,,," ",,,,," ",1,1.079471429,EUR,60.25,," ",,,,,,,,," ",,,,,,,,," "
2024-02-07,0.128786064,0.139020876,CNY,76," ",,,,," ",,,,," ",,,,,," ",,,,,,,,," ",0.567669166,0.612782646,NZD,,,,,73," "
2024-02-08,0.128786064,0.139020876,CNY,76," ",,,,," ",,,,," ",1,1.079471429,EUR,59.85,," ",,,,,,,,," ",0.567669166,0.612782646,NZD,,,,,72.57," "
2024-02-19,0.128786064,0.139020876,CNY,76," ",,,,," ",,,,," ",1,1.079471429,EUR,53,53.48," ",,,,,,,,," ",0.567669166,0.612782646,NZD,,,,,68.75," "
2024-02-20,0.128786064,0.139020876,CNY,80," ",,,,," ",,,,," ",1,1.079471429,EUR,51.8,," ",,,,,,,,," ",0.567669166,0.612782646,NZD,,,,,68.58," "
2024-02-21,0.128786064,0.139020876,CNY,82.54," ",,,,," ",,,,," ",,,,,," ",,,,,,,,," ",0.567669166,0.612782646,NZD,,,,,69," "
2024-02-22,0.128786064,0.139020876,CNY,83," ",,,,," ",,,,," ",1,1.079471429,EUR,51.55,," ",,,,,,,,," ",0.567669166,0.612782646,NZD,,,,,66.67," "
2024-02-23,0.128786064,0.139020876,CNY,80," ",,,,," ",,,,," ",1,1.079471429,EUR,49.5,," ",,,,,,,,," ",0.567669166,0.612782646,NZD,,,,,66.67," "
2024-02-26,0.128786064,0.139020876,CNY,82.73," ",,,,," ",,,,," ",1,1.079471429,EUR,50.65,55.97," ",,,,,,,,," ",0.567669166,0.612782646,NZD,,,,,66.33," "
2024-02-27,0.128786064,0.139020876,CNY,82.38," ",,,,," ",,,,," ",1,1.079471429,EUR,51.12,," ",,,,,,,,," ",0.567669166,0.612782646,NZD,,,,,66.8," "
2024-02-28,0.128786064,0.139020876,CNY,82.44," ",,,,," ",,,,," ",1,1.079471429,EUR,54.94,," ",,,,,,,,," ",0.567669166,0.612782646,NZD,,,,,66.58," "
2024-02-29,0.128786064,0.139020876,CNY,85.95," ",,,,," ",,,,," ",1,1.079471429,EUR,54.9,," ",,,,,,,,," ",0.567669166,0.612782646,NZD,,,,,66.38," "
2024-03-01,0.127704159,0.138842516,CNY,84.99," ",,,,," ",,,,," ",1,1.08722,EUR,53.6,," ",,,,,,,,," ",0.56005422,0.608902149,NZD,,,,,66.25," "
2024-03-04,0.127704159,0.138842516,CNY,85.42," ",,,,," ",,,,," ",1,1.08722,EUR,51.76,58.87," ",,,,,,,,," ",0.56005422,0.608902149,NZD,,,,,66.58," "
2024-03-05,0.127704159,0.138842516,CNY,85.42," ",1,1.08722,EUR,45," ",,,,," ",1,1.08722,EUR,59.14,," ",,,,,,,,," ",0.56005422,0.608902149,NZD,,,,,65.68," "
2024-03-06,0.127704159,0.138842516,CNY,82.74," ",,,,," ",,,,," ",,,,,," ",,,,,,,,," ",0.56005422,0.608902149,NZD,,,,,66.42," "
2024-03-07,0.127704159,0.138842516,CNY,85," ",1,1.08722,EUR,45," ",,,,," ",1,1.08722,EUR,56.94,," ",,,,,,,,," ",0.56005422,0.608902149,NZD,,,,,68.23," "
2024-03-08,0.127704159,0.138842516,CNY,85.73," ",,,,," ",,,,," ",1,1.08722,EUR,57.1,," ",,,,,,,,," ",0.56005422,0.608902149,NZD,,,,,68.5," "
2024-03-11,0.127704159,0.138842516,CNY,85," ",,,,," ",,,,," ",1,1.08722,EUR,54.43,57.32," ",,,,,,,,," ",0.56005422,0.608902149,NZD,,,,,69.5," "
2024-03-12,0.127704159,0.138842516,CNY,85.81," ",1,1.08722,EUR,45," ",,,,," ",1,1.08722,EUR,54.21,," ",,,,,,,,," ",0.56005422,0.608902149,NZD,,,,,68.55," "
2024-03-13,0.127704159,0.138842516,CNY,86.98," ",,,,," ",,,,," ",1,1.08722,EUR,54.92,," ",,,,,,,,," ",0.56005422,0.608902149,NZD,,,,,68.5," "
2024-03-14,0.127704159,0.138842516,CNY,80.04," ",1,1.08722,EUR,45," ",,,,," ",1,1.08722,EUR,54.25,," ",,,,,,,,," ",0.56005422,0.608902149,NZD,,,,,66.52," "
2024-03-15,0.127704159,0.138842516,CNY,80," ",,,,," ",,,,," ",1,1.08722,EUR,57.75,," ",,,,,,,,," ",0.56005422,0.608902149,NZD,,,,,66.17," "
2024-03-18,0.127704159,0.138842516,CNY,81.49," ",,,,," ",,,,," ",1,1.08722,EUR,59.42,60.69," ",,,,,,,,," ",0.56005422,0.608902149,NZD,,,,,65.17," "
2024-03-19,0.127704159,0.138842516,CNY,81.5," ",1,1.08722,EUR,45," ",,,,," ",1,1.08722,EUR,59,," ",,,,,,,,," ",0.56005422,0.608902149,NZD,,,,,65.07," "
2024-03-20,0.127704159,0.138842516,CNY,87.31," ",,,,," ",,,,," ",1,1.08722,EUR,57.9,," ",,,,,,,,," ",0.56005422,0.608902149,NZD,64,64,184,230,64.93," "
2024-03-21,0.127704159,0.138842516,CNY,86," ",1,1.08722,EUR,45," ",,,,," ",1,1.08722,EUR,58,," ",,,,,,,,," ",0.56005422,0.608902149,NZD,,,,,52," "
2024-03-22,0.127704159,0.138842516,CNY,80," ",,,,," ",,,,," ",1,1.08722,EUR,57.93,," ",,,,,,,,," ",0.56005422,0.608902149,NZD,,,,,54.08," "
2024-03-25,0.127704159,0.138842516,CNY,85.8," ",,,,," ",,,,," ",1,1.08722,EUR,62.09,62.88," ",,,,,,,,," ",0.56005422,0.608902149,NZD,,,,,54.95," "
2024-03-26,0.127704159,0.138842516,CNY,87.39," ",1,1.08722,EUR,45," ",,,,," ",1,1.08722,EUR,63.25,," ",,,,,,,,," ",0.56005422,0.608902149,NZD,,,,,54.8," "
2024-03-27,0.127704159,0.138842516,CNY,89.6," ",,,,," ",,,,," ",1,1.08722,EUR,60.56,," ",,,,,,,,," ",0.56005422,0.608902149,NZD,,,,,55.5," "
2024-03-28,0.127704159,0.138842516,CNY,91.14," ",1,1.08722,EUR,45," ",,,,," ",1,1.08722,EUR,59.86,," ",,,,,,,,," ",0.56005422,0.608902149,NZD,,,,,55.67," "
2024-03-29,0.127704159,0.138842516,CNY,90.97," ",,,,," ",,,,," ",,,,,," ",,,,,,,,," ",,,,,,,,," "
2024-04-01,0.128760395,0.138131086,CNY,90.97," ",,,,," ",,,,," ",1,1.07277619,EUR,,59.4," ",,,,,,,,," ",,,,,,,,," "
2024-04-02,0.128760395,0.138131086,CNY,87.2," ",1,1.07277619,EUR,45," ",,,,," ",1,1.07277619,EUR,57.07,," ",,,,,,,,," ",0.555850258,0.596302922,NZD,,,,,57.17," "
2024-04-03,0.128760395,0.138131086,CNY,87," ",,,,," ",,,,," ",,,,,," ",,,,,,,,," ",0.555850258,0.596302922,NZD,,,,,58.33," "
2024-04-08,0.128760395,0.138131086,CNY,86.86," ",,,,," ",,,,," ",1,1.07277619,EUR,58.41,66.01," ",,,,,,,,," ",0.555850258,0.596302922,NZD,,,,,58.69," "
2024-04-09,0.128760395,0.138131086,CNY,89.02," ",1,1.07277619,EUR,45," ",,,,," ",1,1.07277619,EUR,61.3,," ",,,,,,,,," ",0.555850258,0.596302922,NZD,,,,,55.33," "
2024-04-10,0.128760395,0.138131086,CNY,83," ",,,,," ",,,,," ",1,1.07277619,EUR,63,," ",,,,,,,,," ",0.555850258,0.596302922,NZD,,,,,54.34," "
2024-04-11,0.128760395,0.138131086,CNY,87.57," ",1,1.07277619,EUR,45," ",,,,," ",1,1.07277619,EUR,63.42,," ",,,,,,,,," ",0.555850258,0.596302922,NZD,,,,,53.67," "
2024-04-12,0.128760395,0.138131086,CNY,91.83," ",,,,," ",,,,," ",1,1.07277619,EUR,68.01,," ",,,,,,,,," ",0.555850258,0.596302922,NZD,,,,,53.02," "
2024-04-15,0.128760395,0.138131086,CNY,90.06," ",,,,," ",,,,," ",1,1.07277619,EUR,68.17,70.9," ",,,,,,,,," ",0.555850258,0.596302922,NZD,,,,,54.67," "
2024-04-16,0.128760395,0.138131086,CNY,89.53," ",1,1.07277619,EUR,45," ",,,,," ",1,1.07277619,EUR,70.61,," ",,,,,,,,," ",0.555850258,0.596302922,NZD,,,,,53.79," "
2024-04-17,0.128760395,0.138131086,CNY,93.03," ",,,,," ",,,,," ",,,,,," ",,,,,,,,," ",0.555850258,0.596302922,NZD,,,,,52.83," "
2024-04-18,0.128760395,0.138131086,CNY,92.42," ",1,1.07277619,EUR,45," ",,,,," ",1,1.07277619,EUR,67.15,," ",,,,,,,,," ",0.555850258,0.596302922,NZD,,,,,53.42," "
2024-04-19,0.128760395,0.138131086,CNY,94.87," ",,,,," ",,,,," ",1,1.07277619,EUR,67.77,," ",,,,,,,,," ",0.555850258,0.596302922,NZD,,,,,53.82," "
2024-04-22,0.128760395,0.138131086,CNY,97.67," ",,,,," ",,,,," ",1,1.07277619,EUR,65.1,66.76," ",,,,,,,,," ",0.555850258,0.596302922,NZD,,,,,54.58," "
2024-04-23,0.128760395,0.138131086,CNY,99.75," ",1,1.07277619,EUR,45," ",,,,," ",1,1.07277619,EUR,64.28,," ",,,,,,,,," ",0.555850258,0.596302922,NZD,,,,,55.17," "
2024-04-24,0.128760395,0.138131086,CNY,101.05," ",,,,," ",,,,," ",1,1.07277619,EUR,65.35,," ",,,,,,,,," ",0.555850258,0.596302922,NZD,,,,,55.83," "
2024-04-25,0.128760395,0.138131086,CNY,102.32," ",1,1.07277619,EUR,45," ",,,,," ",1,1.07277619,EUR,65.08,," ",,,,,,,,," ",,,,,,,,," "
2024-04-26,0.128760395,0.138131086,CNY,102.38," ",,,,," ",,,,," ",1,1.07277619,EUR,65.66,," ",,,,,,,,," ",0.555850258,0.596302922,NZD,,,,,55.63," "
2024-04-29,0.128760395,0.138131086,CNY,102.48," ",,,,," ",,,,," ",1,1.07277619,EUR,63.52,69.27," ",,,,,,,,," ",0.555850258,0.596302922,NZD,,,,,55.5," "
2024-04-30,0.128760395,0.138131086,CNY,101," ",1,1.07277619,EUR,45," ",,,,," ",1,1.07277619,EUR,65.26,," ",,,,,,,,," ",0.555850258,0.596302922,NZD,,,,,55," "
2024-05-06,0.127871092,0.138257131,CNY,105," ",,,,," ",,,,," ",1,1.081222727,EUR,70.3,72.21," ",,,,,,,,," ",0.560396764,0.605913718,NZD,,,,,54.3," "
2024-05-07,0.127871092,0.138257131,CNY,100," ",1,1.081222727,EUR,45," ",,,,," ",1,1.081222727,EUR,69.16,," ",,,,,,,,," ",0.560396764,0.605913718,NZD,,,,,54.73," "
2024-05-08,0.127871092,0.138257131,CNY,98.27," ",,,,," ",,,,," ",1,1.081222727,EUR,68.99,," ",,,,,,,,," ",0.560396764,0.605913718,NZD,,,,,54.71," "
2024-05-09,0.127871092,0.138257131,CNY,99.81," ",,,,," ",,,,," ",,,,,," ",,,,,,,,," ",0.560396764,0.605913718,NZD,,,,,54.71," "
2024-05-10,0.127871092,0.138257131,CNY,99.99," ",,,,," ",,,,," ",,,,,," ",,,,,,,,," ",0.560396764,0.605913718,NZD,,,,,54.58," "
2024-05-13,0.127871092,0.138257131,CNY,95.09," ",,,,," ",,,,," ",1,1.081222727,EUR,68.48,70.06," ",,,,,,,,," ",0.560396764,0.605913718,NZD,,,,,54.63," "
2024-05-14,0.127871092,0.138257131,CNY,99.02," ",1,1.081222727,EUR,45," ",,,,," ",1,1.081222727,EUR,67.67,," ",,,,,,,,," ",0.560396764,0.605913718,NZD,,,,,54.67," "
2024-05-15,0.127871092,0.138257131,CNY,96.76," ",,,,," ",,,,," ",1,1.081222727,EUR,69.35,," ",,,,,,,,," ",0.560396764,0.605913718,NZD,,,,,53.92," "
2024-05-16,0.127871092,0.138257131,CNY,103.65," ",1,1.081222727,EUR,45," ",,,,," ",1,1.081222727,EUR,68.26,," ",,,,,,,,," ",0.560396764,0.605913718,NZD,,,,,53.83," "
2024-05-17,0.127871092,0.138257131,CNY,97.1," ",,,,," ",,,,," ",1,1.081222727,EUR,69.46,," ",,,,,,,,," ",0.560396764,0.605913718,NZD,,,,,50.67," "
2024-05-20,0.127871092,0.138257131,CNY,97.46," ",,,,," ",,,,," ",1,1.081222727,EUR,71.24,75.62," ",,,,,,,,," ",0.560396764,0.605913718,NZD,,,,,45.33," "
2024-05-21,0.127871092,0.138257131,CNY,96," ",1,1.081222727,EUR,45," ",,,,," ",1,1.081222727,EUR,71.8,," ",,,,,,,,," ",0.560396764,0.605913718,NZD,,,,,47.5," "
2024-05-22,0.127871092,0.138257131,CNY,97.79," ",,,,," ",,,,," ",1,1.081222727,EUR,74.31,," ",,,,,,,,," ",0.560396764,0.605913718,NZD,,,,,46.17," "
2024-05-23,0.127871092,0.138257131,CNY,96.75," ",1,1.081222727,EUR,45," ",,,,," ",1,1.081222727,EUR,74.9,," ",,,,,,,,," ",0.560396764,0.605913718,NZD,,,,,45.33," "
2024-05-24,0.127871092,0.138257131,CNY,98.13," ",,,,," ",,,,," ",1,1.081222727,EUR,72.8,," ",,,,,,,,," ",0.560396764,0.605913718,NZD,,,,,45," "
2024-05-27,0.127871092,0.138257131,CNY,97.65," ",,,,," ",,,,," ",1,1.081222727,EUR,,74.85," ",,,,,,,,," ",0.560396764,0.605913718,NZD,,,,,44.38," "
2024-05-28,0.127871092,0.138257131,CNY,97.98," ",1,1.081222727,EUR,45," ",,,,," ",1,1.081222727,EUR,72.9,," ",,,,,,,,," ",0.560396764,0.605913718,NZD,,,,,45.08," "
2024-05-29,0.127871092,0.138257131,CNY,95.63," ",,,,," ",,,,," ",,,,,," ",,,,,,,,," ",0.560396764,0.605913718,NZD,,,,,47.17," "
2024-05-30,0.127871092,0.138257131,CNY,92.79," ",1,1.081222727,EUR,45," ",,,,," ",1,1.081222727,EUR,72,," ",,,,,,,,," ",0.560396764,0.605913718,NZD,,,,,48.17," "
2024-05-31,0.127871092,0.138257131,CNY,95.07," ",,,,," ",,,,," ",1,1.081222727,EUR,74.49,," ",,,,,,,,," ",0.560396764,0.605913718,NZD,,,,,48.67," "
2024-06-03,0.128099405,0.13782215,CNY,96.12," ",,,,," ",,,,," ",1,1.0759,EUR,75.35,72.44," ",,,,,,,,," ",,,,,,,,," "
2024-06-04,0.128099405,0.13782215,CNY,96.6," ",1,1.0759,EUR,45," ",,,,," ",1,1.0759,EUR,71.5,," ",,,,,,,,," ",0.570882876,0.614212886,NZD,,,,,54.08," "
2024-06-05,0.128099405,0.13782215,CNY,96.05," ",,,,," ",,,,," ",1,1.0759,EUR,70.3,," ",,,,,,,,," ",0.570882876,0.614212886,NZD,,,,,55.5," "
2024-06-06,0.128099405,0.13782215,CNY,96.8," ",1,1.0759,EUR,45," ",,,,," ",1,1.0759,EUR,71,," ",,,,,,,,," ",0.570882876,0.614212886,NZD,,,,,54," "
2024-06-07,0.128099405,0.13782215,CNY,95.51," ",,,,," ",,,,," ",1,1.0759,EUR,69.9,," ",,,,,,,,," ",0.570882876,0.614212886,NZD,,,,,53.25," "
2024-06-11,0.128099405,0.13782215,CNY,95.43," ",1,1.0759,EUR,45," ",,,,," ",1,1.0759,EUR,70.31,," ",,,,,,,,," ",0.570882876,0.614212886,NZD,,,,,51.5," "
2024-06-12,0.128099405,0.13782215,CNY,96," ",,,,," ",,,,," ",,,,,," ",,,,,,,,," ",0.570882876,0.614212886,NZD,,,,,52.25," "
2024-06-13,0.128099405,0.13782215,CNY,96.46," ",1,1.0759,EUR,45," ",,,,," ",1,1.0759,EUR,69.77,," ",,,,,,,,," ",0.570882876,0.614212886,NZD,,,,,52.25," "
2024-06-14,0.128099405,0.13782215,CNY,96.47," ",,,,," ",,,,," ",1,1.0759,EUR,68.41,," ",,,,,,,,," ",0.570882876,0.614212886,NZD,,,,,50.33," "
2024-06-17,0.128099405,0.13782215,CNY,96.5," ",,,,," ",,,,," ",1,1.0759,EUR,66.66,68.83," ",,,,,,,,," ",0.570882876,0.614212886,NZD,,,,,49.75," "
2024-06-18,0.128099405,0.13782215,CNY,96.04," ",1,1.0759,EUR,45," ",,,,," ",1,1.0759,EUR,66.97,," ",,,,,,,,," ",0.570882876,0.614212886,NZD,,,,,48.58," "
2024-06-19,0.128099405,0.13782215,CNY,95.11," ",,,,," ",,,,," ",1,1.0759,EUR,67.75,," ",,,,,,,,," ",0.570882876,0.614212886,NZD,,64,184,230,47.92," "
2024-06-20,0.128099405,0.13782215,CNY,93.86," ",1,1.0759,EUR,45," ",,,,," ",1,1.0759,EUR,68.61,," ",,,,,,,,," ",0.570882876,0.614212886,NZD,,,,,48.08," "
2024-06-21,0.128099405,0.13782215,CNY,94.15," ",,,,," ",,,,," ",1,1.0759,EUR,67.36,," ",,,,,,,,," ",0.570882876,0.614212886,NZD,,,,,50.58," "
2024-06-24,0.128099405,0.13782215,CNY,93.11," ",,,,," ",,,,," ",1,1.0759,EUR,66.06,67.27," ",,,,,,,,," ",0.570882876,0.614212886,NZD,,,,,50.42," "
2024-06-25,0.128099405,0.13782215,CNY,93.64," ",1,1.0759,EUR,45," ",,,,," ",1,1.0759,EUR,65.94,," ",,,,,,,,," ",0.570882876,0.614212886,NZD,,,,,50.52," "
2024-06-26,0.128099405,0.13782215,CNY,93.35," ",,,,," ",,,,," ",,,,,," ",,,,,,,,," ",0.570882876,0.614212886,NZD,,,,,50.38," "
2024-06-27,0.128099405,0.13782215,CNY,93.08," ",1,1.0759,EUR,45," ",,,,," ",1,1.0759,EUR,66.17,," ",,,,,,,,," ",0.570882876,0.614212886,NZD,,,,,50.25," "
2024-06-28,0.128099405,0.13782215,CNY,92.78," ",,,,," ",,,,," ",1,1.0759,EUR,65.01,," ",,,,,,,,," ",,,,,,,,," "
2024-07-01,0.126973025,0.137690652,CNY,90.81," ",,,,," ",,,,," ",1,1.120523509,EUR,67.83,69.98," ",,,,,,,,," ",0.556424031,0.603391058,NZD,,,,,51.08," "
2024-07-02,0.126973025,0.137690652,CNY,91.58," ",1,1.120523509,EUR,45," ",,,,," ",1,1.120523509,EUR,66.71,," ",,,,,,,,," ",0.556424031,0.603391058,NZD,,,,,50.42," "
2024-07-03,0.126973025,0.137690652,CNY,90.67," ",,,,," ",,,,," ",1,1.120523509,EUR,68.84,," ",,,,,,,,," ",0.556424031,0.603391058,NZD,,,,,51.08," "
2024-07-04,0.126973025,0.137690652,CNY,91," ",1,1.120523509,EUR,45," ",,,,," ",1,1.120523509,EUR,68.71,," ",,,,,,,,," ",0.556424031,0.603391058,NZD,,,,,51.83," "
2024-07-05,0.126973025,0.137690652,CNY,91.16," ",,,,," ",,,,," ",1,1.120523509,EUR,68.68,," ",,,,,,,,," ",0.556424031,0.603391058,NZD,,,,,51.58," "
2024-07-08,0.126973025,0.137690652,CNY,92.47," ",,,,," ",,,,," ",1,1.120523509,EUR,70,68.61," ",,,,,,,,," ",0.556424031,0.603391058,NZD,,,,,52.25," "
2024-07-09,0.126973025,0.137690652,CNY,88.54," ",1,1.120523509,EUR,45," ",,,,," ",1,1.120523509,EUR,66.87,," ",,,,,,,,," ",0.556424031,0.603391058,NZD,,,,,52.63," "
2024-07-10,0.126973025,0.137690652,CNY,90.06," ",,,,," ",,,,," ",1,1.120523509,EUR,67.42,," ",,,,,,,,," ",0.556424031,0.603391058,NZD,,,,,53.07," "
2024-07-11,0.126973025,0.137690652,CNY,89.95," ",1,1.120523509,EUR,45," ",,,,," ",1,1.120523509,EUR,66.72,," ",,,,,,,,," ",0.556424031,0.603391058,NZD,,,,,53.21," "
2024-07-12,0.126973025,0.137690652,CNY,89.42," ",,,,," ",,,,," ",1,1.120523509,EUR,67.06,," ",,,,,,,,," ",0.556424031,0.603391058,NZD,,,,,52.79," "
2024-07-15,0.126973025,0.137690652,CNY,86.01," ",,,,," ",,,,," ",1,1.120523509,EUR,66.63,66.99," ",,,,,,,,," ",0.556424031,0.603391058,NZD,,,,,53.67," "
2024-07-16,0.126973025,0.137690652,CNY,88.11," ",1,1.120523509,EUR,45," ",,,,," ",1,1.120523509,EUR,66.16,," ",,,,,,,,," ",0.556424031,0.603391058,NZD,,,,,54.25," "
2024-07-17,0.126973025,0.137690652,CNY,86," ",,,,," ",,,,," ",1,1.120523509,EUR,66.66,," ",,,,,,,,," ",0.556424031,0.603391058,NZD,,,,,54.5," "
2024-07-18,0.126973025,0.137690652,CNY,89.45," ",1,1.120523509,EUR,45," ",,,,," ",1,1.120523509,EUR,64.96,," ",,,,,,,,," ",0.556424031,0.603391058,NZD,,,,,53.58," "
2024-07-19,0.126973025,0.137690652,CNY,89.34," ",,,,," ",,,,," ",1,1.120523509,EUR,64.73,," ",,,,,,,,," ",0.556424031,0.603391058,NZD,,,,,53.08," "
2024-07-22,0.126973025,0.137690652,CNY,90.82," ",,,,," ",,,,," ",1,1.120523509,EUR,64.37,66.71," ",,,,,,,,," ",0.556424031,0.603391058,NZD,,,,,52.3," "
2024-07-23,0.126973025,0.137690652,CNY,89.38," ",1,1.120523509,EUR,45," ",,,,," ",1,1.120523509,EUR,63.67,," ",,,,,,,,," ",0.556424031,0.603391058,NZD,,,,,51.3," "
2024-07-24,0.126973025,0.137690652,CNY,91.47," ",,,,," ",,,,," ",1,1.120523509,EUR,66.71,," ",,,,,,,,," ",0.556424031,0.603391058,NZD,,,,,51," "
2024-07-25,0.126973025,0.137690652,CNY,88.41," ",1,1.120523509,EUR,45," ",,,,," ",1,1.120523509,EUR,66.33,," ",,,,,,,,," ",0.556424031,0.603391058,NZD,,,,,50.58," "
2024-07-26,0.126973025,0.137690652,CNY,91.8," ",,,,," ",,,,," ",1,1.120523509,EUR,67.17,," ",,,,,,,,," ",0.556424031,0.603391058,NZD,,,,,50.83," "
2024-07-29,0.126973025,0.137690652,CNY,91.5," ",,,,," ",,,,," ",1,1.120523509,EUR,66.55,69.66," ",,,,,,,,," ",0.556424031,0.603391058,NZD,,,,,51," "
2024-07-30,0.126973025,0.137690652,CNY,90.62," ",1,1.120523509,EUR,45," ",,,,," ",1,1.120523509,EUR,67.85,," ",,,,,,,,," ",0.556424031,0.603391058,NZD,,,,,52.17," "
2024-07-31,0.126973025,0.137690652,CNY,90.6," ",,,,," ",,,,," ",1,1.120523509,EUR,68.07,," ",,,,,,,,," ",0.556424031,0.603391058,NZD,,,,,52," "
2024-08-01,0.1269582,0.139808678,CNY,89.58," ",1,1.166425605,EUR,45," ",,,,," ",1,1.166425605,EUR,69.76,," ",,,,,,,,," ",0.552128206,0.60801362,NZD,,,,,52.42," "
2024-08-02,0.1269582,0.139808678,CNY,89.9," ",,,,," ",,,,," ",1,1.166425605,EUR,67.02,," ",,,,,,,,," ",0.552128206,0.60801362,NZD,,,,,53.42," "
2024-08-05,0.1269582,0.139808678,CNY,91.49," ",,,,," ",,,,," ",1,1.166425605,EUR,68.65,70.09," ",,,,,,,,," ",0.552128206,0.60801362,NZD,,,,,54.33," "
2024-08-06,0.1269582,0.139808678,CNY,92.1," ",1,1.166425605,EUR,45," ",,,,," ",,,,,," ",,,,,,,,," ",0.552128206,0.60801362,NZD,,,,,53.38," "
2024-08-07,0.1269582,0.139808678,CNY,91.79," ",,,,," ",,,,," ",,,,,," ",,,,,,,,," ",0.552128206,0.60801362,NZD,,,,,53.67," "
2024-08-08,0.1269582,0.139808678,CNY,92.48," ",1,1.166425605,EUR,45," ",,,,," ",1,1.166425605,EUR,68.9,," ",,,,,,,,," ",0.552128206,0.60801362,NZD,,,,,53.45," "
2024-08-09,0.1269582,0.139808678,CNY,90.66," ",,,,," ",,,,," ",1,1.166425605,EUR,70.46,," ",,,,,,,,," ",0.552128206,0.60801362,NZD,,,,,53.9," "
2024-08-12,0.1269582,0.139808678,CNY,92.37," ",,,,," ",,,,," ",1,1.166425605,EUR,71.15,72.09," ",,,,,,,,," ",0.552128206,0.60801362,NZD,,,,,53.8," "
2024-08-13,0.1269582,0.139808678,CNY,91.31," ",1,1.166425605,EUR,45," ",,,,," ",1,1.166425605,EUR,70.82,," ",,,,,,,,," ",0.552128206,0.60801362,NZD,,,,,54," "
2024-08-14,0.1269582,0.139808678,CNY,91.78," ",,,,," ",,,,," ",1,1.166425605,EUR,70.59,," ",,,,,,,,," ",0.552128206,0.60801362,NZD,,,,,53.42," "
2024-08-15,0.1269582,0.139808678,CNY,91.5," ",1,1.166425605,EUR,45," ",,,,," ",1,1.166425605,EUR,69.85,," ",,,,,,,,," ",0.552128206,0.60801362,NZD,,,,,53.17," "
2024-08-16,0.1269582,0.139808678,CNY,91.88," ",,,,," ",,,,," ",1,1.166425605,EUR,71,," ",,,,,,,,," ",0.552128206,0.60801362,NZD,,,,,53.33," "
2024-08-19,0.1269582,0.139808678,CNY,93.1," ",,,,," ",,,,," ",1,1.166425605,EUR,71.5,72.21," ",,,,,,,,," ",0.552128206,0.60801362,NZD,,,,,55.58," "
2024-08-20,0.1269582,0.139808678,CNY,92.57," ",1,1.166425605,EUR,45," ",,,,," ",1,1.166425605,EUR,72.4,," ",,,,,,,,," ",0.552128206,0.60801362,NZD,,,,,60.08," "
2024-08-21,0.1269582,0.139808678,CNY,90.74," ",,,,," ",,,,," ",,,,,," ",,,,,,,,," ",0.552128206,0.60801362,NZD,,,,,60.03," "
2024-08-22,0.1269582,0.139808678,CNY,91.03," ",1,1.166425605,EUR,45," ",,,,," ",1,1.166425605,EUR,71.02,," ",,,,,,,,," ",0.552128206,0.60801362,NZD,,,,,60.08," "
2024-08-23,0.1269582,0.139808678,CNY,92.52," ",,,,," ",,,,," ",1,1.166425605,EUR,70.73,," ",,,,,,,,," ",0.552128206,0.60801362,NZD,,,,,60.29," "
2024-08-26,0.1269582,0.139808678,CNY,93.7," ",,,,," ",,,,," ",1,1.166425605,EUR,69.28,70.82," ",,,,,,,,," ",0.552128206,0.60801362,NZD,,,,,61," "
2024-08-27,0.1269582,0.139808678,CNY,94.35," ",1,1.166425605,EUR,45," ",,,,," ",1,1.166425605,EUR,70.17,," ",,,,,,,,," ",0.552128206,0.60801362,NZD,,,,,60.92," "
2024-08-28,0.1269582,0.139808678,CNY,94.66," ",,,,," ",,,,," ",1,1.166425605,EUR,70.39,," ",,,,,,,,," ",0.552128206,0.60801362,NZD,,,,,61.21," "
2024-08-29,0.1269582,0.139808678,CNY,95.13," ",1,1.166425605,EUR,45," ",,,,," ",1,1.166425605,EUR,69.5,," ",,,,,,,,," ",0.552128206,0.60801362,NZD,,,,,61.33," "
2024-08-30,0.1269582,0.139808678,CNY,93.44," ",,,,," ",,,,," ",1,1.166425605,EUR,70.07,," ",,,,,,,,," ",0.552128206,0.60801362,NZD,,,,,62," "
2024-09-02,0.127261827,0.141336985,CNY,95.32," ",,,,," ",,,,," ",1,1.180226485,EUR,69.3,67.66," ",,,,,,,,," ",0.560063563,0.622006593,NZD,,,,,62.08," "
2024-09-03,0.127261827,0.141336985,CNY,96.02," ",1,1.180226485,EUR,45," ",,,,," ",1,1.180226485,EUR,68.56,," ",,,,,,,,," ",0.560063563,0.622006593,NZD,,,,,61.25," "
2024-09-04,0.127261827,0.141336985,CNY,96.06," ",,,,," ",,,,," ",,,,,," ",,,,,,,,," ",0.560063563,0.622006593,NZD,,64,184,230,61.75," "
2024-09-05,0.127261827,0.141336985,CNY,95.7," ",1,1.180226485,EUR,45," ",,,,," ",1,1.180226485,EUR,65.99,," ",,,,,,,,," ",0.560063563,0.622006593,NZD,,,,,61.83," "
2024-09-06,0.127261827,0.141336985,CNY,97.65," ",,,,," ",,,,," ",1,1.180226485,EUR,67,," ",,,,,,,,," ",0.560063563,0.622006593,NZD,,,,,61.25," "
2024-09-09,0.127261827,0.141336985,CNY,96.78," ",,,,," ",,,,," ",1,1.180226485,EUR,65.75,65.66," ",,,,,,,,," ",0.560063563,0.622006593,NZD,,,,,61.72," "
2024-09-10,0.127261827,0.141336985,CNY,97.17," ",1,1.180226485,EUR,45," ",,,,," ",1,1.180226485,EUR,65.83,," ",,,,,,,,," ",0.560063563,0.622006593,NZD,,,,,61.83," "
2024-09-11,0.127261827,0.141336985,CNY,91.05," ",,,,," ",,,,," ",1,1.180226485,EUR,64.75,," ",,,,,,,,," ",0.560063563,0.622006593,NZD,,,,,61.8," "
2024-09-12,0.127261827,0.141336985,CNY,99," ",1,1.180226485,EUR,45," ",,,,," ",1,1.180226485,EUR,65.1,," ",,,,,,,,," ",0.560063563,0.622006593,NZD,,,,,61.49," "
2024-09-13,0.127261827,0.141336985,CNY,98.79," ",,,,," ",,,,," ",1,1.180226485,EUR,64.89,," ",,,,,,,,," ",0.560063563,0.622006593,NZD,,,,,61.5," "
2024-09-18,0.127261827,0.141336985,CNY,99.8," ",,,,," ",,,,," ",1,1.180226485,EUR,62.8,," ",,,,,,,,," ",0.560063563,0.622006593,NZD,,,,,61.13," "
2024-09-19,0.127261827,0.141336985,CNY,96.15," ",1,1.180226485,EUR,45," ",,,,," ",1,1.180226485,EUR,63.56,," ",,,,,,,,," ",0.560063563,0.622006593,NZD,,,,,61.5," "
2024-09-20,0.127261827,0.141336985,CNY,98.44," ",,,,," ",,,,," ",1,1.180226485,EUR,63.18,," ",,,,,,,,," ",0.560063563,0.622006593,NZD,,,,,61.92," "
2024-09-23,0.127261827,0.141336985,CNY,100," ",,,,," ",,,,," ",1,1.180226485,EUR,64,65.21," ",,,,,,,,," ",0.560063563,0.622006593,NZD,,,,,61.45," "
2024-09-24,0.127261827,0.141336985,CNY,100.27," ",1,1.180226485,EUR,45," ",,,,," ",1,1.180226485,EUR,63.91,," ",,,,,,,,," ",0.560063563,0.622006593,NZD,,,,,61.78," "
2024-09-25,0.127261827,0.141336985,CNY,97.39," ",,,,," ",,,,," ",1,1.180226485,EUR,63.55,," ",,,,,,,,," ",0.560063563,0.622006593,NZD,,,,,61.93," "
2024-09-26,0.127261827,0.141336985,CNY,100.57," ",1,1.180226485,EUR,45," ",,,,," ",1,1.180226485,EUR,63.88,," ",,,,,,,,," ",0.560063563,0.622006593,NZD,,,,,62.23," "
2024-09-27,0.127261827,0.141336985,CNY,100.43," ",,,,," ",,,,," ",1,1.180226485,EUR,65.45,," ",,,,,,,,," ",0.560063563,0.622006593,NZD,,,,,62.4," "
2024-09-30,0.127261827,0.141336985,CNY,100.07," ",,,,," ",,,,," ",1,1.180226485,EUR,65.69,63.32," ",,,,,,,,," ",,,,,,,,," "
2024-10-08,0.129112515,0.140788777,CNY,101.88," ",1,1.090434783,EUR,45," ",,,,," ",1,1.090434783,EUR,59.85,," ",,,,,,,,," ",0.55904986,0.609607413,NZD,,,,,62.49," "
2024-10-09,0.129112515,0.140788777,CNY,102.1," ",,,,," ",,,,," ",1,1.090434783,EUR,61.18,," ",,,,,,,,," ",0.55904986,0.609607413,NZD,,,,,62.48," "
2024-10-10,0.129112515,0.140788777,CNY,102.64," ",1,1.090434783,EUR,45," ",,,,," ",1,1.090434783,EUR,63.3,," ",,,,,,,,," ",0.55904986,0.609607413,NZD,,,,,62.63," "
2024-10-11,0.129112515,0.140788777,CNY,95.99," ",,,,," ",,,,," ",1,1.090434783,EUR,63.71,," ",,,,,,,,," ",0.55904986,0.609607413,NZD,,,,,62.96," "
2024-10-14,0.129112515,0.140788777,CNY,103.95," ",,,,," ",,,,," ",1,1.090434783,EUR,65,63.87," ",,,,,,,,," ",0.55904986,0.609607413,NZD,,,,,62.91," "
2024-10-15,0.129112515,0.140788777,CNY,102.31," ",1,1.090434783,EUR,45," ",,,,," ",1,1.090434783,EUR,64.08,," ",,,,,,,,," ",0.55904986,0.609607413,NZD,,,,,62.91," "
2024-10-16,0.129112515,0.140788777,CNY,102.94," ",,,,," ",,,,," ",1,1.090434783,EUR,64.14,," ",,,,,,,,," ",0.55904986,0.609607413,NZD,,,,,62.71," "
2024-10-17,0.129112515,0.140788777,CNY,102.69," ",1,1.090434783,EUR,45," ",,,,," ",1,1.090434783,EUR,63.1,," ",,,,,,,,," ",0.55904986,0.609607413,NZD,,,,,63.13," "
2024-10-18,0.129112515,0.140788777,CNY,102.88," ",,,,," ",,,,," ",1,1.090434783,EUR,61.9,," ",,,,,,,,," ",0.55904986,0.609607413,NZD,,,,,62.91," "
2024-10-21,0.129112515,0.140788777,CNY,104.17," ",,,,," ",,,,," ",1,1.090434783,EUR,62.3,64.5," ",,,,,,,,," ",0.55904986,0.609607413,NZD,,,,,62.82," "
2024-10-22,0.129112515,0.140788777,CNY,104.33," ",1,1.090434783,EUR,45," ",,,,," ",1,1.090434783,EUR,61.22,," ",,,,,,,,," ",0.55904986,0.609607413,NZD,,,,,63.04," "
2024-10-23,0.129112515,0.140788777,CNY,104.3," ",,,,," ",,,,," ",1,1.090434783,EUR,63.75,," ",,,,,,,,," ",0.55904986,0.609607413,NZD,,,,,62.9," "
2024-10-24,0.129112515,0.140788777,CNY,104.1," ",1,1.090434783,EUR,45," ",,,,," ",1,1.090434783,EUR,64.6,," ",,,,,,,,," ",0.55904986,0.609607413,NZD,,,,,62.93," "
2024-10-25,0.129112515,0.140788777,CNY,104.33," ",,,,," ",,,,," ",1,1.090434783,EUR,66.32,," ",,,,,,,,," ",0.55904986,0.609607413,NZD,,,,,63.01," "
2024-10-28,0.129112515,0.140788777,CNY,103.71," ",,,,," ",,,,," ",1,1.090434783,EUR,64.38,65.52," ",,,,,,,,," ",,,,,,,,," "
2024-10-29,0.129112515,0.140788777,CNY,103.4," ",1,1.090434783,EUR,45," ",,,,," ",1,1.090434783,EUR,66.42,," ",,,,,,,,," ",0.55904986,0.609607413,NZD,,,,,62.93," "
2024-10-30,0.129112515,0.140788777,CNY,104.12," ",,,,," ",,,,," ",,,,,," ",,,,,,,,," ",0.55904986,0.609607413,NZD,,,,,63.15," "
2024-10-31,0.129112515,0.140788777,CNY,104.05," ",1,1.090434783,EUR,45," ",,,,," ",1,1.090434783,EUR,64.78,," ",,,,,,,,," ",0.55904986,0.609607413,NZD,,,,,63.24," "
2024-11-01,0.130571051,0.138798893,CNY,104.49," ",,,,," ",,,,," ",1,1.063014286,EUR,64.46,," ",,,,,,,,," ",0.556146101,0.59119125,NZD,,,,,63.36," "
2024-11-04,0.130571051,0.138798893,CNY,104.91," ",,,,," ",,,,," ",1,1.063014286,EUR,64.68,65.47," ",,,,,,,,," ",0.556146101,0.59119125,NZD,,,,,63.29," "
2024-11-05,0.130571051,0.138798893,CNY,104.97," ",1,1.063014286,EUR,45," ",,,,," ",1,1.063014286,EUR,65.06,," ",,,,,,,,," ",0.556146101,0.59119125,NZD,,,,,63.7," "
2024-11-06,0.130571051,0.138798893,CNY,105.6," ",,,,," ",,,,," ",1,1.063014286,EUR,62.94,," ",,,,,,,,," ",0.556146101,0.59119125,NZD,,,,,63.74," "
2024-11-07,0.130571051,0.138798893,CNY,105.4," ",1,1.063014286,EUR,45," ",,,,," ",1,1.063014286,EUR,65.35,," ",,,,,,,,," ",0.556146101,0.59119125,NZD,,,,,63.77," "
2024-11-08,0.130571051,0.138798893,CNY,105.11," ",,,,," ",,,,," ",1,1.063014286,EUR,66.2,," ",,,,,,,,," ",0.556146101,0.59119125,NZD,,,,,63.8," "
2024-11-11,0.130571051,0.138798893,CNY,105.03," ",,,,," ",,,,," ",1,1.063014286,EUR,67.6,67.54," ",,,,,,,,," ",0.556146101,0.59119125,NZD,,,,,63.76," "
2024-11-12,0.130571051,0.138798893,CNY,105," ",1,1.063014286,EUR,45," ",,,,," ",1,1.063014286,EUR,65.92,," ",,,,,,,,," ",0.556146101,0.59119125,NZD,,,,,63.75," "
2024-11-13,0.130571051,0.138798893,CNY,105.66," ",,,,," ",,,,," ",1,1.063014286,EUR,65.86,," ",,,,,,,,," ",0.556146101,0.59119125,NZD,,,,,63.87," "
2024-11-14,0.130571051,0.138798893,CNY,105.1," ",1,1.063014286,EUR,45," ",,,,," ",1,1.063014286,EUR,67.15,," ",,,,,,,,," ",0.556146101,0.59119125,NZD,,,,,63.78," "
2024-11-15,0.130571051,0.138798893,CNY,104.91," ",,,,," ",,,,," ",1,1.063014286,EUR,66.78,," ",,,,,,,,," ",0.556146101,0.59119125,NZD,,,,,63.84," "
2024-11-18,0.130571051,0.138798893,CNY,104.76," ",,,,," ",,,,," ",1,1.063014286,EUR,67.7,69.06," ",,,,,,,,," ",0.556146101,0.59119125,NZD,,,,,63.85," "
2024-11-19,0.130571051,0.138798893,CNY,104.82," ",1,1.063014286,EUR,45," ",,,,," ",1,1.063014286,EUR,69.05,," ",,,,,,,,," ",0.556146101,0.59119125,NZD,,,,,63.87," "
2024-11-20,0.130571051,0.138798893,CNY,104.71," ",,,,," ",,,,," ",1,1.063014286,EUR,68.02,," ",,,,,,,,," ",0.556146101,0.59119125,NZD,,,,,63.88," "
2024-11-21,0.130571051,0.138798893,CNY,104.7," ",1,1.063014286,EUR,45," ",,,,," ",1,1.063014286,EUR,68.79,," ",,,,,,,,," ",0.556146101,0.59119125,NZD,,,,,63.9," "
2024-11-22,0.130571051,0.138798893,CNY,104.77," ",,,,," ",,,,," ",1,1.063014286,EUR,69.71,," ",,,,,,,,," ",0.556146101,0.59119125,NZD,,,,,63.9," "
2024-11-25,0.130571051,0.138798893,CNY,104.29," ",,,,," ",,,,," ",1,1.063014286,EUR,69.32,68.72," ",,,,,,,,," ",0.556146101,0.59119125,NZD,,,,,63.92," "
2024-11-26,0.130571051,0.138798893,CNY,103.04," ",1,1.063014286,EUR,45," ",,,,," ",1,1.063014286,EUR,69.37,," ",,,,,,,,," ",0.556146101,0.59119125,NZD,,,,,63.97," "
2024-11-27,0.130571051,0.138798893,CNY,103.16," ",,,,," ",,,,," ",,,,,," ",,,,,,,,," ",0.556146101,0.59119125,NZD,,,,,64.01," "
2024-11-28,0.130571051,0.138798893,CNY,102.26," ",1,1.063014286,EUR,45," ",,,,," ",1,1.063014286,EUR,67.91,," ",,,,,,,,," ",0.556146101,0.59119125,NZD,,,,,64.02," "
2024-11-29,0.130571051,0.138798893,CNY,101.31," ",,,,," ",,,,," ",1,1.063014286,EUR,67.3,," ",,,,,,,,," ",0.556146101,0.59119125,NZD,,,,,64.01," "
2024-12-02,0.131146528,0.137425168,CNY,99.94," ",,,,," ",,,,," ",1,1.047875,EUR,69.4,68.17," ",,,,,,,,," ",0.549592432,0.57590417,NZD,,,,,64.03," "
2024-12-03,0.131146528,0.137425168,CNY,99.17," ",1,1.047875,EUR,45," ",,,,," ",1,1.047875,EUR,68.12,," ",,,,,,,,," ",0.549592432,0.57590417,NZD,,,,,64.03," "
2024-12-04,0.131146528,0.137425168,CNY,98.93," ",,,,," ",,,,," ",1,1.047875,EUR,67.42,," ",,,,,,,,," ",0.549592432,0.57590417,NZD,64,64,184,230,63.97," "
2024-12-05,0.131146528,0.137425168,CNY,99.82," ",1,1.047875,EUR,45," ",,,,," ",1,1.047875,EUR,67.62,," ",,,,,,,,," ",0.549592432,0.57590417,NZD,,,,,63.12," "
2024-12-06,0.131146528,0.137425168,CNY,99.49," ",,,,," ",,,,," ",1,1.047875,EUR,67.25,," ",,,,,,,,," ",0.549592432,0.57590417,NZD,,,,,61.97," "
2024-12-09,0.131146528,0.137425168,CNY,99.79," ",,,,," ",,,,," ",1,1.047875,EUR,67.7,66.74," ",,,,,,,,," ",0.549592432,0.57590417,NZD,,,,,59.92," "
2024-12-10,0.131146528,0.137425168,CNY,99.74," ",,,,," ",,,,," ",1,1.047875,EUR,67,," ",,,,,,,,," ",0.549592432,0.57590417,NZD,,,,,59.04," "
2024-12-11,0.131146528,0.137425168,CNY,99.66," ",,,,," ",,,,," ",1,1.047875,EUR,69.17,," ",,,,,,,,," ",0.549592432,0.57590417,NZD,,,,,60," "
2024-12-12,0.131146528,0.137425168,CNY,99.47," ",,,,," ",,,,," ",1,1.047875,EUR,67.95,," ",,,,,,,,," ",0.549592432,0.57590417,NZD,,,,,62.67," "
2024-12-13,0.131146528,0.137425168,CNY,99.35," ",,,,," ",,,,," ",1,1.047875,EUR,66.07,," ",,,,,,,,," ",0.549592432,0.57590417,NZD,,,,,62.95," "
2024-12-16,0.131146528,0.137425168,CNY,97.3," ",,,,," ",,,,," ",1,1.047875,EUR,63.64,63.32," ",,,,,,,,," ",0.549592432,0.57590417,NZD,,,,,63.1," "
2024-12-17,0.131146528,0.137425168,CNY,95.44," ",,,,," ",,,,," ",,,,,," ",,,,,,,,," ",0.549592432,0.57590417,NZD,,,,,62.04," "
2024-12-18,0.131146528,0.137425168,CNY,96.22," ",,,,," ",,,,," ",,,,,," ",,,,,,,,," ",0.549592432,0.57590417,NZD,,,,,61.08," "
2024-12-19,0.131146528,0.137425168,CNY,97.73," ",,,,," ",,,,," ",,,,,," ",,,,,,,,," ",0.549592432,0.57590417,NZD,,,,,61.36," "
2024-12-20,0.131146528,0.137425168,CNY,98.33," ",,,,," ",,,,," ",,,,,," ",,,,,,,,," ",0.549592432,0.57590417,NZD,,,,,61.6," "
2024-12-23,0.131146528,0.137425168,CNY,98.53," ",,,,," ",,,,," ",,,,,," ",,,,,,,,," ",0.549592432,0.57590417,NZD,,,,,61.67," "
2024-12-24,0.131146528,0.137425168,CNY,97.53," ",,,,," ",,,,," ",,,,,," ",,,,,,,,," ",0.549592432,0.57590417,NZD,,,,,62.33," "
2024-12-25,0.131146528,0.137425168,CNY,97.22," ",,,,," ",,,,," ",,,,,," ",,,,,,,,," ",,,,,,,,," "
2024-12-26,0.131146528,0.137425168,CNY,97.21," ",,,,," ",,,,," ",,,,,," ",,,,,,,,," ",,,,,,,,," "
2024-12-27,0.131146528,0.137425168,CNY,96.9," ",,,,," ",,,,," ",,,,,," ",,,,,,,,," ",0.549592432,0.57590417,NZD,,,,,62.33," "
2024-12-30,0.131146528,0.137425168,CNY,97.44," ",,,,," ",,,,," ",1,1.047875,EUR,,75.56," ",,,,,,,,," ",0.549592432,0.57590417,NZD,,,,,62.43," "
2024-12-31,0.131146528,0.137425168,CNY,97.93," ",,,,," ",,,,," ",,,,,," ",,,,,,,,," ",0.549592432,0.57590417,NZD,,,,,62.43," "
2025-01-02,0.132141656,0.136815867,CNY,96," ",,,,," ",,,,," ",,,,,," ",,,,,,,,," ",,,,,,,,," "
2025-01-03,0.132141656,0.136815867,CNY,95," ",,,,," ",,,,," ",,,,,," ",,,,,,,,," ",0.543857061,0.563094769,NZD,,,,,63," "
2025-01-06,0.132141656,0.136815867,CNY,97," ",,,,," ",,,,," ",1,1.035372727,EUR,,73.78," ",,,,,,,,," ",0.543857061,0.563094769,NZD,,,,,63.67," "
2025-01-07,0.132141656,0.136815867,CNY,95," ",,,,," ",,,,," ",1,1.035372727,EUR,71.02,," ",,,,,,,,," ",0.543857061,0.563094769,NZD,,,,,63.92," "
2025-01-08,0.132141656,0.136815867,CNY,93.35," ",,,,," ",,,,," ",1,1.035372727,EUR,71.5,," ",,,,,,,,," ",0.543857061,0.563094769,NZD,,,,,62.8," "
2025-01-09,0.132141656,0.136815867,CNY,94," ",,,,," ",,,,," ",1,1.035372727,EUR,70.01,," ",,,,,,,,," ",0.543857061,0.563094769,NZD,,,,,62.43," "
2025-01-10,0.132141656,0.136815867,CNY,94.01," ",,,,," ",,,,," ",1,1.035372727,EUR,70.63,," ",,,,,,,,," ",0.543857061,0.563094769,NZD,,,,,62.45," "
2025-01-13,0.132141656,0.136815867,CNY,94," ",,,,," ",,,,," ",1,1.035372727,EUR,74.4,77.89," ",,,,,,,,," ",0.543857061,0.563094769,NZD,,,,,62.98," "
2025-01-14,0.132141656,0.136815867,CNY,," ",,,,," ",,,,," ",1,1.035372727,EUR,74.45,," ",,,,,,,,," ",0.543857061,0.563094769,NZD,,,,,63.88," "
2025-01-15,0.132141656,0.136815867,CNY,95," ",,,,," ",,,,," ",,,,,," ",,,,,,,,," ",0.543857061,0.563094769,NZD,,,,,63.51," "
2025-01-16,0.132141656,0.136815867,CNY,," ",,,,," ",,,,," ",1,1.035372727,EUR,75.7,," ",,,,,,,,," ",0.543857061,0.563094769,NZD,,,,,63.7," "
2025-01-17,0.132141656,0.136815867,CNY,94," ",,,,," ",,,,," ",1,1.035372727,EUR,77.3,," ",,,,,,,,," ",0.543857061,0.563094769,NZD,,,,,63.62," "
2025-01-20,0.132141656,0.136815867,CNY,93.2," ",,,,," ",,,,," ",1,1.035372727,EUR,76.4,80.33," ",,,,,,,,," ",0.543857061,0.563094769,NZD,,,,,63.58," "
2025-01-21,0.132141656,0.136815867,CNY,92," ",,,,," ",,,,," ",1,1.035372727,EUR,77.3,," ",,,,,,,,," ",0.543857061,0.563094769,NZD,,,,,62.98," "
2025-01-22,0.132141656,0.136815867,CNY,92," ",,,,," ",,,,," ",1,1.035372727,EUR,76.71,," ",,,,,,,,," ",0.543857061,0.563094769,NZD,,,,,63.83," "
2025-01-23,0.132141656,0.136815867,CNY,92," ",,,,," ",,,,," ",1,1.035372727,EUR,79.06,," ",,,,,,,,," ",0.543857061,0.563094769,NZD,,,,,64.73," "
2025-01-24,0.132141656,0.136815867,CNY,93.5," ",,,,," ",,,,," ",1,1.035372727,EUR,78.43,," ",,,,,,,,," ",0.543857061,0.563094769,NZD,,,,,64.21," "
2025-01-27,0.132141656,0.136815867,CNY,93.5," ",,,,," ",,,,," ",1,1.035372727,EUR,77.7,81.83," ",,,,,,,,," ",0.543857061,0.563094769,NZD,,,,,63.92," "
2025-02-05,0.131941156,0.137383729,CNY,93.5," ",,,,," ",,,,," ",1,1.04125,EUR,77.87,," ",,,,,,,,," ",0.545486853,0.567988186,NZD,,,,,63.69," "
2025-02-06,0.131941156,0.137383729,CNY,93," ",,,,," ",,,,," ",1,1.04125,EUR,79.75,," ",,,,,,,,," ",,,,,,,,," "
2025-02-07,0.131941156,0.137383729,CNY,93," ",,,,," ",,,,," ",1,1.04125,EUR,80.71,," ",,,,,,,,," ",0.545486853,0.567988186,NZD,,,,,63.45," "
2025-02-10,0.131941156,0.137383729,CNY,93," ",,,,," ",,,,," ",1,1.04125,EUR,81.27,80.72," ",,,,,,,,," ",0.545486853,0.567988186,NZD,,,,,63.13," "
2025-02-11,0.131941156,0.137383729,CNY,93," ",,,,," ",,,,," ",1,1.04125,EUR,80.08,," ",,,,,,,,," ",0.545486853,0.567988186,NZD,,,,,63.17," "
2025-02-12,0.131941156,0.137383729,CNY,92.38," ",,,,," ",,,,," ",,,,,," ",,,,,,,,," ",0.545486853,0.567988186,NZD,,,,,63.23," "
2025-02-13,0.131941156,0.137383729,CNY,92.5," ",,,,," ",,,,," ",1,1.04125,EUR,76.77,," ",,,,,,,,," ",0.545486853,0.567988186,NZD,,,,,63.1," "
2025-02-14,0.131941156,0.137383729,CNY,90.51," ",,,,," ",,,,," ",1,1.04125,EUR,75.84,," ",,,,,,,,," ",0.545486853,0.567988186,NZD,,,,,63.13," "
2025-02-17,0.131941156,0.137383729,CNY,90.51," ",,,,," ",,,,," ",1,1.04125,EUR,77.02,74.71," ",,,,,,,,," ",0.545486853,0.567988186,NZD,,,,,63.04," "
2025-02-18,0.131941156,0.137383729,CNY,90.87," ",,,,," ",,,,," ",1,1.04125,EUR,74.53,," ",,,,,,,,," ",0.545486853,0.567988186,NZD,,,,,62.83," "
2025-02-19,0.131941156,0.137383729,CNY,90.5," ",,,,," ",,,,," ",1,1.04125,EUR,72.9,," ",,,,,,,,," ",0.545486853,0.567988186,NZD,,,,,62.89," "
2025-02-20,0.131941156,0.137383729,CNY,90.33," ",,,,," ",,,,," ",1,1.04125,EUR,71.21,," ",,,,,,,,," ",0.545486853,0.567988186,NZD,,,,,62.66," "
2025-02-21,0.131941156,0.137383729,CNY,89.5," ",,,,," ",,,,," ",1,1.04125,EUR,73.01,," ",,,,,,,,," ",0.545486853,0.567988186,NZD,,,,,63.33," "
2025-02-24,0.131941156,0.137383729,CNY,90," ",,,,," ",,,,," ",1,1.04125,EUR,70.8,72.04," ",,,,,,,,," ",0.545486853,0.567988186,NZD,,,,,63.28," "
2025-02-25,0.131941156,0.137383729,CNY,91.02," ",,,,," ",,,,," ",1,1.04125,EUR,71.15,," ",,,,,,,,," ",0.545486853,0.567988186,NZD,,,,,63.01," "
2025-02-26,0.131941156,0.137383729,CNY,89.42," ",,,,," ",,,,," ",,,,,," ",,,,,,,,," ",0.545486853,0.567988186,NZD,,,,,63.08," "
2025-02-27,0.131941156,0.137383729,CNY,89.42," ",,,,," ",,,,," ",1,1.04125,EUR,69.96,," ",,,,,,,,," ",0.545486853,0.567988186,NZD,,,,,63.23," "
2025-02-28,0.131941156,0.137383729,CNY,88.74," ",,,,," ",,,,," ",1,1.04125,EUR,70.65,," ",,,,,,,,," ",0.545486853,0.567988186,NZD,,,,,63.22," "
2025-03-03,0.127608302,0.137903861,CNY,90," ",,,,," ",,,,," ",1,1.080680952,EUR,70.31,68.96," ",,,,,,,,," ",0.52967515,0.572409845,NZD,,,,,63.01," "
2025-03-04,0.127608302,0.137903861,CNY,88.25," ",,,,," ",,,,," ",1,1.080680952,EUR,68.1,," ",,,,,,,,," ",0.52967515,0.572409845,NZD,,,,,62.75," "
2025-03-05,0.127608302,0.137903861,CNY,88," ",,,,," ",,,,," ",1,1.080680952,EUR,67.99,," ",,,,,,,,," ",0.52967515,0.572409845,NZD,,,,,62.55," "
2025-03-06,0.127608302,0.137903861,CNY,89.99," ",,,,," ",,,,," ",1,1.080680952,EUR,66.58,," ",,,,,,,,," ",0.52967515,0.572409845,NZD,,,,,62.2," "
2025-03-07,0.127608302,0.137903861,CNY,89.99," ",,,,," ",,,,," ",1,1.080680952,EUR,67.77,," ",,,,,,,,," ",0.52967515,0.572409845,NZD,,,,,61.83," "
2025-03-10,0.127608302,0.137903861,CNY,87," ",,,,," ",,,,," ",1,1.080680952,EUR,68.18,69.69," ",,,,,,,,," ",0.52967515,0.572409845,NZD,,,,,61.71," "
2025-03-11,0.127608302,0.137903861,CNY,85," ",,,,," ",,,,," ",1,1.080680952,EUR,67.02,," ",,,,,,,,," ",0.52967515,0.572409845,NZD,,,,,61.82," "
2025-03-12,0.127608302,0.137903861,CNY,85.35," ",,,,," ",,,,," ",,,,,," ",,,,,,,,," ",0.52967515,0.572409845,NZD,,,,,61.63," "
2025-03-13,0.127608302,0.137903861,CNY,87.81," ",,,,," ",,,,," ",1,1.080680952,EUR,68.2,," ",,,,,,,,," ",0.52967515,0.572409845,NZD,,,,,60.83," "
2025-03-14,0.127608302,0.137903861,CNY,87," ",,,,," ",,,,," ",1,1.080680952,EUR,68.65,," ",,,,,,,,," ",0.52967515,0.572409845,NZD,,,,,60.18," "
2025-03-17,0.127608302,0.137903861,CNY,88," ",,,,," ",,,,," ",1,1.080680952,EUR,68.53,71.86," ",,,,,,,,," ",0.52967515,0.572409845,NZD,,,,,60.17," "
2025-03-18,0.127608302,0.137903861,CNY,," ",,,,," ",,,,," ",1,1.080680952,EUR,68.66,," ",,,,,,,,," ",0.52967515,0.572409845,NZD,,,,,59.83," "
2025-03-19,0.127608302,0.137903861,CNY,," ",,,,," ",,,,," ",1,1.080680952,EUR,71.35,," ",,,,,,,,," ",0.52967515,0.572409845,NZD,,68,193,242,59.66," "
2025-03-20,0.127608302,0.137903861,CNY,85.69," ",,,,," ",,,,," ",1,1.080680952,EUR,71.54,," ",,,,,,,,," ",0.52967515,0.572409845,NZD,,,,,59.93," "
2025-03-21,0.127608302,0.137903861,CNY,85.65," ",,,,," ",,,,," ",1,1.080680952,EUR,71.56,," ",,,,,,,,," ",0.52967515,0.572409845,NZD,,,,,59.13," "
2025-03-24,0.127608302,0.137903861,CNY,85.46," ",,,,," ",,,,," ",1,1.080680952,EUR,69.85,70.03," ",,,,,,,,," ",0.52967515,0.572409845,NZD,,,,,57," "
2025-03-25,0.127608302,0.137903861,CNY,83.3," ",,,,," ",,,,," ",1,1.080680952,EUR,69.61,," ",,,,,,,,," ",0.52967515,0.572409845,NZD,,,,,54.67," "
2025-03-26,0.127608302,0.137903861,CNY,85.34," ",,,,," ",,,,," ",,,,,," ",,,,,,,,," ",0.52967515,0.572409845,NZD,,,,,56.58," "
2025-03-27,0.127608302,0.137903861,CNY,84.37," ",,,,," ",,,,," ",1,1.080680952,EUR,68.41,," ",,,,,,,,," ",0.52967515,0.572409845,NZD,,,,,57.25," "
2025-03-28,0.127608302,0.137903861,CNY,84," ",,,,," ",,,,," ",1,1.080680952,EUR,67.36,," ",,,,,,,,," ",0.52967515,0.572409845,NZD,,,,,58.38," "
2025-03-31,0.127608302,0.137903861,CNY,84," ",,,,," ",,,,," ",1,1.080680952,EUR,66.8,67.25," ",,,,,,,,," ",0.52967515,0.572409845,NZD,,,,,57.88," "
2025-04-01,0.122127331,0.136952979,CNY,83.52," ",,,,," ",,,,," ",1,1.121395,EUR,66.71,," ",,,,,,,,," ",0.517734812,0.58058523,NZD,,,,,56.44," "
2025-04-02,0.122127331,0.136952979,CNY,83.22," ",,,,," ",,,,," ",1,1.121395,EUR,68.62,," ",,,,,,,,," ",0.517734812,0.58058523,NZD,,,,,55.67," "
2025-04-03,0.122127331,0.136952979,CNY,83.1," ",,,,," ",,,,," ",1,1.121395,EUR,65.75,," ",,,,,,,,," ",0.517734812,0.58058523,NZD,,,,,56.33," "
2025-04-07,0.122127331,0.136952979,CNY,83.19," ",,,,," ",,,,," ",1,1.121395,EUR,59.76,62.56," ",,,,,,,,," ",0.517734812,0.58058523,NZD,,,,,55.33," "
2025-04-08,0.122127331,0.136952979,CNY,83.48," ",,,,," ",,,,," ",1,1.121395,EUR,60.35,," ",,,,,,,,," ",0.517734812,0.58058523,NZD,,,,,54.95," "
2025-04-09,0.122127331,0.136952979,CNY,83.5," ",,,,," ",,,,," ",,,,,," ",,,,,,,,," ",0.517734812,0.58058523,NZD,,,,,54.83," "
2025-04-10,0.122127331,0.136952979,CNY,83.09," ",,,,," ",,,,," ",1,1.121395,EUR,62.08,," ",,,,,,,,," ",0.517734812,0.58058523,NZD,,,,,54.8," "
2025-04-11,0.122127331,0.136952979,CNY,82.78," ",,,,," ",,,,," ",1,1.121395,EUR,61.01,," ",,,,,,,,," ",0.517734812,0.58058523,NZD,,,,,54.6," "
2025-04-14,0.122127331,0.136952979,CNY,82.38," ",,,,," ",,,,," ",1,1.121395,EUR,64.6,66.39," ",,,,,,,,," ",0.517734812,0.58058523,NZD,,,,,54.1," "
2025-04-15,0.122127331,0.136952979,CNY,82.7," ",,,,," ",,,,," ",1,1.121395,EUR,66.21,," ",,,,,,,,," ",0.517734812,0.58058523,NZD,,,,,50.83," "
2025-04-16,0.122127331,0.136952979,CNY,82.06," ",,,,," ",,,,," ",1,1.121395,EUR,65.98,," ",,,,,,,,," ",0.517734812,0.58058523,NZD,,,,,50.17," "
2025-04-17,0.122127331,0.136952979,CNY,80.45," ",,,,," ",,,,," ",1,1.121395,EUR,65.06,," ",,,,,,,,," ",0.517734812,0.58058523,NZD,,,,,50.42," "
2025-04-18,0.122127331,0.136952979,CNY,79.03," ",,,,," ",,,,," ",,,,,," ",,,,,,,,," ",,,,,,,,," "
2025-04-21,0.122127331,0.136952979,CNY,78.3," ",,,,," ",,,,," ",1,1.121395,EUR,,65.98," ",,,,,,,,," ",,,,,,,,," "
2025-04-22,0.122127331,0.136952979,CNY,77.38," ",,,,," ",,,,," ",1,1.121395,EUR,63.3,," ",,,,,,,,," ",0.517734812,0.58058523,NZD,,,,,51.83," "
2025-04-23,0.122127331,0.136952979,CNY,77.58," ",,,,," ",,,,," ",,,,,," ",,,,,,,,," ",0.517734812,0.58058523,NZD,,,,,51.5," "
2025-04-24,0.122127331,0.136952979,CNY,76.06," ",,,,," ",,,,," ",1,1.121395,EUR,63.93,," ",,,,,,,,," ",0.517734812,0.58058523,NZD,,,,,50," "
2025-04-25,0.122127331,0.136952979,CNY,75.03," ",,,,," ",,,,," ",1,1.121395,EUR,65.89,," ",,,,,,,,," ",,,,,,,,," "
2025-04-28,0.122127331,0.136952979,CNY,73.64," ",,,,," ",,,,," ",1,1.121395,EUR,64.2,66.5," ",,,,,,,,," ",0.517734812,0.58058523,NZD,,,,,48.72," "
2025-04-29,0.122127331,0.136952979,CNY,72.77," ",,,,," ",,,,," ",1,1.121395,EUR,63.55,," ",,,,,,,,," ",0.517734812,0.58058523,NZD,,,,,48.34," "
2025-04-30,0.122127331,0.136952979,CNY,70.11," ",,,,," ",,,,," ",1,1.121395,EUR,65.05,," ",,,,,,,,," ",0.517734812,0.58058523,NZD,,,,,49," "
2025-05-06,0.122994027,0.13871325,CNY,70.01," ",,,,," ",,,,," ",1,1.127804762,EUR,67.88,," ",,,,,,,,," ",0.526343519,0.593612727,NZD,,,,,51.1," "
2025-05-07,0.122994027,0.13871325,CNY,70," ",,,,," ",,,,," ",,,,,," ",,,,,,,,," ",0.526343519,0.593612727,NZD,,,,,52.08," "
2025-05-08,0.122994027,0.13871325,CNY,70.35," ",,,,," ",,,,," ",1,1.127804762,EUR,70.3,," ",,,,,,,,," ",0.526343519,0.593612727,NZD,,,,,52.58," "
2025-05-09,0.122994027,0.13871325,CNY,70.3," ",,,,," ",,,,," ",1,1.127804762,EUR,70.2,," ",,,,,,,,," ",0.526343519,0.593612727,NZD,,,,,52.67," "
2025-05-12,0.122994027,0.13871325,CNY,70.5," ",,,,," ",,,,," ",1,1.127804762,EUR,71.01,72.61," ",,,,,,,,," ",0.526343519,0.593612727,NZD,,,,,52.88," "
2025-05-13,0.122994027,0.13871325,CNY,70.5," ",,,,," ",,,,," ",1,1.127804762,EUR,71.69,," ",,,,,,,,," ",0.526343519,0.593612727,NZD,,,,,53.47," "
2025-05-14,0.122994027,0.13871325,CNY,70.82," ",,,,," ",,,,," ",1,1.127804762,EUR,71.85,," ",,,,,,,,," ",0.526343519,0.593612727,NZD,,,,,54.42," "
2025-05-15,0.122994027,0.13871325,CNY,70.93," ",,,,," ",,,,," ",1,1.127804762,EUR,70.11,," ",,,,,,,,," ",0.526343519,0.593612727,NZD,,,,,55.57," "
2025-05-16,0.122994027,0.13871325,CNY,71," ",,,,," ",,,,," ",1,1.127804762,EUR,72.94,," ",,,,,,,,," ",0.526343519,0.593612727,NZD,,,,,55.48," "
2025-05-19,0.122994027,0.13871325,CNY,70.99," ",,,,," ",,,,," ",1,1.127804762,EUR,69.44,72.01," ",,,,,,,,," ",0.526343519,0.593612727,NZD,,,,,55.7," "
2025-05-20,0.122994027,0.13871325,CNY,70.96," ",,,,," ",,,,," ",1,1.127804762,EUR,70.69,," ",,,,,,,,," ",0.526343519,0.593612727,NZD,,,,,54.25," "
2025-05-21,0.122994027,0.13871325,CNY,70.96," ",,,,," ",,,,," ",,,,,," ",,,,,,,,," ",0.526343519,0.593612727,NZD,,,,,54.7," "
2025-05-22,0.122994027,0.13871325,CNY,70.03," ",,,,," ",,,,," ",1,1.127804762,EUR,71.84,," ",,,,,,,,," ",0.526343519,0.593612727,NZD,,,,,54.49," "
2025-05-23,0.122994027,0.13871325,CNY,70.42," ",,,,," ",,,,," ",1,1.127804762,EUR,71.11,," ",,,,,,,,," ",0.526343519,0.593612727,NZD,,,,,55.17," "
2025-05-26,0.122994027,0.13871325,CNY,69.69," ",,,,," ",,,,," ",1,1.127804762,EUR,,71.64," ",,,,,,,,," ",0.526343519,0.593612727,NZD,,,,,55.22," "
2025-05-27,0.122994027,0.13871325,CNY,68.98," ",,,,," ",,,,," ",1,1.127804762,EUR,71.51,," ",,,,,,,,," ",0.526343519,0.593612727,NZD,,,,,54.52," "
2025-05-28,0.122994027,0.13871325,CNY,68.92," ",,,,," ",,,,," ",1,1.127804762,EUR,70.54,," ",,,,,,,,," ",0.526343519,0.593612727,NZD,,,,,55.17," "
2025-05-29,0.122994027,0.13871325,CNY,68.48," ",,,,," ",,,,," ",,,,,," ",,,,,,,,," ",0.526343519,0.593612727,NZD,,,,,55.25," "
2025-05-30,0.122994027,0.13871325,CNY,68.26," ",,,,," ",,,,," ",,,,,," ",,,,,,,,," ",0.526343519,0.593612727,NZD,,,,,55.48," "
2025-06-03,0.120922609,0.139256779,CNY,67.51," ",1,1.151619048,EUR,55," ",,,,," ",1,1.151619048,EUR,70.61,," ",,,,,,,,," ",0.523511757,0.602886111,NZD,,,,,55.28," "
2025-06-04,0.120922609,0.139256779,CNY,67.58," ",,,,," ",,,,," ",,,,,," ",,,,,,,,," ",0.523511757,0.602886111,NZD,,,,,55.42," "
2025-06-05,0.120922609,0.139256779,CNY,68.64," ",1,1.151619048,EUR,55," ",,,,," ",1,1.151619048,EUR,72.54,," ",,,,,,,,," ",0.523511757,0.602886111,NZD,,,,,56.32," "
2025-06-06,0.120922609,0.139256779,CNY,68.96," ",,,,," ",,,,," ",1,1.151619048,EUR,72.3,," ",,,,,,,,," ",0.523511757,0.602886111,NZD,,,,,56," "
2025-06-09,0.120922609,0.139256779,CNY,68.64," ",,,,," ",,,,," ",1,1.151619048,EUR,,74.52," ",,,,,,,,," ",0.523511757,0.602886111,NZD,,,,,56.46," "
2025-06-10,0.120922609,0.139256779,CNY,68.59," ",1,1.151619048,EUR,55," ",,,,," ",1,1.151619048,EUR,72.16,," ",,,,,,,,," ",0.523511757,0.602886111,NZD,,,,,56.98," "
2025-06-11,0.120922609,0.139256779,CNY,69.36," ",,,,," ",,,,," ",1,1.151619048,EUR,73.5,," ",,,,,,,,," ",0.523511757,0.602886111,NZD,,,,,56.71," "
2025-06-12,0.120922609,0.139256779,CNY,70.08," ",1,1.151619048,EUR,55," ",,,,," ",1,1.151619048,EUR,72.71,," ",,,,,,,,," ",0.523511757,0.602886111,NZD,,,,,56.94," "
2025-06-13,0.120922609,0.139256779,CNY,71.03," ",,,,," ",,,,," ",1,1.151619048,EUR,75.36,," ",,,,,,,,," ",0.523511757,0.602886111,NZD,,,,,57.05," "
2025-06-16,0.120922609,0.139256779,CNY,73.1," ",,,,," ",,,,," ",1,1.151619048,EUR,74.51,74.06," ",,,,,,,,," ",0.523511757,0.602886111,NZD,,,,,57.13," "
2025-06-17,0.120922609,0.139256779,CNY,73.72," ",1,1.151619048,EUR,55," ",,,,," ",1,1.151619048,EUR,74.05,," ",,,,,,,,," ",0.523511757,0.602886111,NZD,,,,,57.23," "
2025-06-18,0.120922609,0.139256779,CNY,73.42," ",,,,," ",,,,," ",,,,,," ",,,,,,,,," ",0.523511757,0.602886111,NZD,,68,193,242,57.88," "
2025-06-19,0.120922609,0.139256779,CNY,74.83," ",1,1.151619048,EUR,55," ",,,,," ",1,1.151619048,EUR,73.48,," ",,,,,,,,," ",0.523511757,0.602886111,NZD,,,,,58.05," "
2025-06-20,0.120922609,0.139256779,CNY,73.7," ",,,,," ",,,,," ",1,1.151619048,EUR,71.97,," ",,,,,,,,," ",,,,,,,,," "
2025-06-23,0.120922609,0.139256779,CNY,75.29," ",,,,," ",,,,," ",1,1.151619048,EUR,72,71.86," ",,,,,,,,," ",0.523511757,0.602886111,NZD,,,,,59.1," "
2025-06-24,0.120922609,0.139256779,CNY,74.87," ",1,1.151619048,EUR,55," ",,,,," ",1,1.151619048,EUR,72.91,," ",,,,,,,,," ",0.523511757,0.602886111,NZD,,,,,59.2," "
2025-06-25,0.120922609,0.139256779,CNY,75.46," ",,,,," ",,,,," ",1,1.151619048,EUR,71.72,," ",,,,,,,,," ",0.523511757,0.602886111,NZD,,,,,59.33," "
2025-06-26,0.120922609,0.139256779,CNY,77.18," ",1,1.151619048,EUR,55," ",,,,," ",1,1.151619048,EUR,69.46,," ",,,,,,,,," ",0.523511757,0.602886111,NZD,,,,,59," "
2025-06-27,0.120922609,0.139256779,CNY,77.53," ",,,,," ",,,,," ",1,1.151619048,EUR,69.4,," ",,,,,,,,," ",0.523511757,0.602886111,NZD,,,,,58.92," "
2025-06-30,0.120922609,0.139256779,CNY,73.06," ",,,,," ",,,,," ",1,1.151619048,EUR,68.95,71.04," ",,,,,,,,," ",0.523511757,0.602886111,NZD,,,,,58.45," "
2025-07-01,0.119394267,0.139415128,CNY,74.07," ",1,1.167686957,EUR,55," ",,,,," ",1,1.167686957,EUR,69.01,," ",,,,,,,,," ",0.514103681,0.600312162,NZD,,,,,58.21," "
2025-07-02,0.119394267,0.139415128,CNY,73.13," ",,,,," ",,,,," ",,,,,," ",,,,,,,,," ",0.514103681,0.600312162,NZD,,,,,57.33," "
2025-07-03,0.119394267,0.139415128,CNY,74.1," ",1,1.167686957,EUR,55," ",,,,," ",1,1.167686957,EUR,70.52,," ",,,,,,,,," ",0.514103681,0.600312162,NZD,,,,,57.05," "
2025-07-04,0.119394267,0.139415128,CNY,74.09," ",,,,," ",,,,," ",1,1.167686957,EUR,70.85,," ",,,,,,,,," ",0.514103681,0.600312162,NZD,,,,,56.67," "
2025-07-07,0.119394267,0.139415128,CNY,76.14," ",,,,," ",,,,," ",1,1.167686957,EUR,70.34,," ",,,,,,,,," ",0.514103681,0.600312162,NZD,,,,,58.17," "
2025-07-08,0.119394267,0.139415128,CNY,74.77," ",1,1.167686957,EUR,55," ",,,,," ",1,1.167686957,EUR,69.96,," ",,,,,,,,," ",0.514103681,0.600312162,NZD,,,,,57.92," "
2025-07-09,0.119394267,0.139415128,CNY,77.53," ",,,,," ",,,,," ",1,1.167686957,EUR,69.88,," ",,,,,,,,," ",0.514103681,0.600312162,NZD,,,,,57.93," "
2025-07-10,0.119394267,0.139415128,CNY,73.26," ",1,1.167686957,EUR,55," ",,,,," ",1,1.167686957,EUR,70.44,," ",,,,,,,,," ",0.514103681,0.600312162,NZD,,,,,57.1," "
2025-07-11,0.119394267,0.139415128,CNY,74.3," ",,,,," ",,,,," ",1,1.167686957,EUR,69.3,," ",,,,,,,,," ",0.514103681,0.600312162,NZD,,,,,57.38," "
2025-07-14,0.119394267,0.139415128,CNY,74.24," ",,,,," ",,,,," ",1,1.167686957,EUR,70.42,," ",,,,,,,,," ",0.514103681,0.600312162,NZD,,,,,57.17," "
2025-07-15,0.119394267,0.139415128,CNY,74.77," ",1,1.167686957,EUR,55," ",,,,," ",1,1.167686957,EUR,69.76,," ",,,,,,,,," ",0.514103681,0.600312162,NZD,,,,,57.33," "
2025-07-16,0.119394267,0.139415128,CNY,74.24," ",,,,," ",,,,," ",,,,,," ",,,,,,,,," ",0.514103681,0.600312162,NZD,,,,,57.68," "
2025-07-17,0.119394267,0.139415128,CNY,71.85," ",1,1.167686957,EUR,55," ",,,,," ",1,1.167686957,EUR,70.05,," ",,,,,,,,," ",0.514103681,0.600312162,NZD,,,,,57.8," "
2025-07-18,0.119394267,0.139415128,CNY,73.69," ",,,,," ",,,,," ",1,1.167686957,EUR,69.68,," ",,,,,,,,," ",0.514103681,0.600312162,NZD,,,,,57.82," "
2025-07-21,0.119394267,0.139415128,CNY,74.1," ",,,,," ",,,,," ",1,1.167686957,EUR,69.53,," ",,,,,,,,," ",0.514103681,0.600312162,NZD,,,,,57.88," "
2025-07-22,0.119394267,0.139415128,CNY,70.93," ",1,1.167686957,EUR,55," ",,,,," ",1,1.167686957,EUR,68.73,," ",,,,,,,,," ",0.514103681,0.600312162,NZD,,,,,57.48," "
2025-07-23,0.119394267,0.139415128,CNY,70.17," ",,,,," ",,,,," ",1,1.167686957,EUR,69.1,," ",,,,,,,,," ",0.514103681,0.600312162,NZD,,,,,56.93," "
2025-07-24,0.119394267,0.139415128,CNY,73.64," ",1,1.167686957,EUR,55," ",,,,," ",1,1.167686957,EUR,68.89,," ",,,,,,,,," ",0.514103681,0.600312162,NZD,,,,,56.93," "
2025-07-25,0.119394267,0.139415128,CNY,74.1," ",,,,," ",,,,," ",1,1.167686957,EUR,70.22,," ",,,,,,,,," ",0.514103681,0.600312162,NZD,,,,,56.23," "
2025-07-28,0.119394267,0.139415128,CNY,71.89," ",,,,," ",,,,," ",1,1.167686957,EUR,70.63,," ",,,,,,,,," ",0.514103681,0.600312162,NZD,,,,,56.32," "
2025-07-29,0.119394267,0.139415128,CNY,73.41," ",1,1.167686957,EUR,55," ",,,,," ",1,1.167686957,EUR,70.53,," ",,,,,,,,," ",0.514103681,0.600312162,NZD,,,,,56.07," "
2025-07-30,0.119394267,0.139415128,CNY,73.62," ",,,,," ",,,,," ",,,,,," ",,,,,,,,," ",0.514103681,0.600312162,NZD,,,,,56.1," "
2025-07-31,0.119394267,0.139415128,CNY,71.99," ",1,1.167686957,EUR,55," ",,,,," ",1,1.167686957,EUR,72,," ",,,,,,,,," ",0.514103681,0.600312162,NZD,,,,,56.18," "
2025-08-01,0.119829586,0.139378927,CNY,74.78," ",,,,," ",,,,," ",1,1.163142857,EUR,71.14,," ",,,,,,,,," ",0.507430574,0.590214248,NZD,,,,,56.85," "
2025-08-04,0.119829586,0.139378927,CNY,73.58," ",,,,," ",,,,," ",1,1.163142857,EUR,69.52,," ",,,,,,,,," ",0.507430574,0.590214248,NZD,,,,,57.05," "
2025-08-05,0.119829586,0.139378927,CNY,66.28," ",1,1.163142857,EUR,55," ",,,,," ",1,1.163142857,EUR,70.07,," ",,,,,,,,," ",0.507430574,0.590214248,NZD,,,,,57.08," "
2025-08-06,0.119829586,0.139378927,CNY,71.25," ",,,,," ",,,,," ",1,1.163142857,EUR,70.74,," ",,,,,,,,," ",0.507430574,0.590214248,NZD,,,,,56.97," "
2025-08-07,0.119829586,0.139378927,CNY,63.74," ",1,1.163142857,EUR,55," ",,,,," ",1,1.163142857,EUR,70.1,," ",,,,,,,,," ",0.507430574,0.590214248,NZD,,,,,56.77," "
2025-08-08,0.119829586,0.139378927,CNY,73.09," ",,,,," ",,,,," ",1,1.163142857,EUR,72.14,," ",,,,,,,,," ",0.507430574,0.590214248,NZD,,,,,56.25," "
2025-08-11,0.119829586,0.139378927,CNY,56.79," ",,,,," ",,,,," ",1,1.163142857,EUR,72.18,," ",,,,,,,,," ",0.507430574,0.590214248,NZD,,,,,56.44," "
2025-08-12,0.119829586,0.139378927,CNY,72.83," ",1,1.163142857,EUR,55," ",,,,," ",1,1.163142857,EUR,71.3,," ",,,,,,,,," ",0.507430574,0.590214248,NZD,,,,,56.7," "
2025-08-13,0.119829586,0.139378927,CNY,73.05," ",,,,," ",,,,," ",,,,,," ",,,,,,,,," ",0.507430574,0.590214248,NZD,,,,,56.83," "
2025-08-14,0.119829586,0.139378927,CNY,72.04," ",1,1.163142857,EUR,55," ",,,,," ",1,1.163142857,EUR,70.54,," ",,,,,,,,," ",0.507430574,0.590214248,NZD,,,,,56.18," "
2025-08-15,0.119829586,0.139378927,CNY,72.3," ",,,,," ",,,,," ",1,1.163142857,EUR,70.13,," ",,,,,,,,," ",0.507430574,0.590214248,NZD,,,,,56.08," "
2025-08-18,0.119829586,0.139378927,CNY,71.47," ",,,,," ",,,,," ",1,1.163142857,EUR,70.21,," ",,,,,,,,," ",0.507430574,0.590214248,NZD,,,,,54.92," "
2025-08-19,0.119829586,0.139378927,CNY,71.13," ",1,1.163142857,EUR,55," ",,,,," ",1,1.163142857,EUR,71.37,," ",,,,,,,,," ",0.507430574,0.590214248,NZD,,,,,56.1," "
2025-08-20,0.119829586,0.139378927,CNY,70.41," ",,,,," ",,,,," ",1,1.163142857,EUR,70.47,," ",,,,,,,,," ",0.507430574,0.590214248,NZD,,,,,55.68," "
2025-08-21,0.119829586,0.139378927,CNY,69.6," ",1,1.163142857,EUR,55," ",,,,," ",1,1.163142857,EUR,71.19,," ",,,,,,,,," ",0.507430574,0.590214248,NZD,,,,,56.18," "
2025-08-22,0.119829586,0.139378927,CNY,69.9," ",,,,," ",,,,," ",1,1.163142857,EUR,72.05,," ",,,,,,,,," ",0.507430574,0.590214248,NZD,,,,,56.17," "
2025-08-25,0.119829586,0.139378927,CNY,70.06," ",,,,," ",,,,," ",1,1.163142857,EUR,71.36,," ",,,,,,,,," ",0.507430574,0.590214248,NZD,,,,,56.12," "
2025-08-26,0.119829586,0.139378927,CNY,69.57," ",1,1.163142857,EUR,55," ",,,,," ",1,1.163142857,EUR,71.31,," ",,,,,,,,," ",0.507430574,0.590214248,NZD,,,,,55.8," "
2025-08-27,0.119829586,0.139378927,CNY,66.75," ",,,,," ",,,,," ",,,,,," ",,,,,,,,," ",0.507430574,0.590214248,NZD,,,,,56.63," "
2025-08-28,0.119829586,0.139378927,CNY,68.27," ",1,1.163142857,EUR,55," ",,,,," ",1,1.163142857,EUR,71.18,," ",,,,,,,,," ",0.507430574,0.590214248,NZD,,,,,57.33," "
2025-08-29,0.119829586,0.139378927,CNY,68.52," ",,,,," ",,,,," ",1,1.163142857,EUR,71.3,," ",,,,,,,,," ",0.507430574,0.590214248,NZD,,,,,57.08," "
2025-09-01,0.119637137,0.140361009,CNY,69.83," ",,,,," ",,,,," ",1,1.173222727,EUR,73.14,," ",,,,,,,,," ",0.501767867,0.588685465,NZD,,,,,57.6," "
2025-09-02,0.119637137,0.140361009,CNY,60.03," ",1,1.173222727,EUR,55," ",,,,," ",1,1.173222727,EUR,73.5,," ",,,,,,,,," ",0.501767867,0.588685465,NZD,,,,,57.08," "
2025-09-03,0.119637137,0.140361009,CNY,64.64," ",,,,," ",,,,," ",1,1.173222727,EUR,73.27,," ",,,,,,,,," ",0.501767867,0.588685465,NZD,,,,,57.22," "
2025-09-04,0.119637137,0.140361009,CNY,66.32," ",1,1.173222727,EUR,55," ",,,,," ",1,1.173222727,EUR,74.38,," ",,,,,,,,," ",0.501767867,0.588685465,NZD,,,,,57.67," "
2025-09-05,0.119637137,0.140361009,CNY,66.08," ",,,,," ",,,,," ",1,1.173222727,EUR,75.44,," ",,,,,,,,," ",0.501767867,0.588685465,NZD,,,,,57.98," "
2025-09-08,0.119637137,0.140361009,CNY,64.38," ",,,,," ",,,,," ",1,1.173222727,EUR,75.21,," ",,,,,,,,," ",0.501767867,0.588685465,NZD,,,,,57.87," "
2025-09-09,0.119637137,0.140361009,CNY,62.54," ",1,1.173222727,EUR,55," ",,,,," ",1,1.173222727,EUR,76.4,," ",,,,,,,,," ",0.501767867,0.588685465,NZD,,,,,57.72," "
2025-09-10,0.119637137,0.140361009,CNY,62.86," ",,,,," ",,,,," ",,,,,," ",,,,,,,,," ",0.501767867,0.588685465,NZD,,68,193,242,58.13," "
2025-09-11,0.119637137,0.140361009,CNY,62.05," ",1,1.173222727,EUR,55," ",,,,," ",1,1.173222727,EUR,76.07,," ",,,,,,,,," ",0.501767867,0.588685465,NZD,,,,,58.05," "
2025-09-12,0.119637137,0.140361009,CNY,61.06," ",,,,," ",,,,," ",1,1.173222727,EUR,75.02,," ",,,,,,,,," ",0.501767867,0.588685465,NZD,,,,,58.13," "
2025-09-15,0.119637137,0.140361009,CNY,69.73," ",,,,," ",,,,," ",1,1.173222727,EUR,75.02,," ",,,,,,,,," ",0.501767867,0.588685465,NZD,,,,,58," "
2025-09-16,0.119637137,0.140361009,CNY,65.69," ",1,1.173222727,EUR,55," ",,,,," ",1,1.173222727,EUR,76.17,," ",,,,,,,,," ",0.501767867,0.588685465,NZD,,,,,57.71," "
2025-09-17,0.119637137,0.140361009,CNY,57.82," ",,,,," ",,,,," ",1,1.173222727,EUR,77.53,," ",,,,,,,,," ",0.501767867,0.588685465,NZD,,,,,57.61," "
2025-09-18,0.119637137,0.140361009,CNY,56.89," ",1,1.173222727,EUR,55," ",,,,," ",1,1.173222727,EUR,77.22,," ",,,,,,,,," ",0.501767867,0.588685465,NZD,,,,,57.61," "
2025-09-19,0.119637137,0.140361009,CNY,59.93," ",,,,," ",,,,," ",1,1.173222727,EUR,76.57,," ",,,,,,,,," ",0.501767867,0.588685465,NZD,,,,,57.62," "
2025-09-22,0.119637137,0.140361009,CNY,55.12," ",,,,," ",,,,," ",1,1.173222727,EUR,76.8,," ",,,,,,,,," ",0.501767867,0.588685465,NZD,,,,,57.32," "
2025-09-23,0.119637137,0.140361009,CNY,58.71," ",1,1.173222727,EUR,55," ",,,,," ",1,1.173222727,EUR,75.6,," ",,,,,,,,," ",0.501767867,0.588685465,NZD,,,,,57.63," "
2025-09-24,0.119637137,0.140361009,CNY,63.52," ",,,,," ",,,,," ",,,,,," ",,,,,,,,," ",0.501767867,0.588685465,NZD,,,,,56.95," "
2025-09-25,0.119637137,0.140361009,CNY,61.55," ",1,1.173222727,EUR,55," ",,,,," ",1,1.173222727,EUR,75.56,," ",,,,,,,,," ",0.501767867,0.588685465,NZD,,,,,56.26," "
2025-09-26,0.119637137,0.140361009,CNY,57.84," ",,,,," ",,,,," ",1,1.173222727,EUR,75.17,," ",,,,,,,,," ",0.501767867,0.588685465,NZD,,,,,56.63," "
2025-09-29,0.119637137,0.140361009,CNY,57.49," ",,,,," ",,,,," ",1,1.173222727,EUR,75.2,," ",,,,,,,,," ",0.501767867,0.588685465,NZD,,,,,56.99," "
2025-09-30,0.119637137,0.140361009,CNY,56.99," ",1,1.173222727,EUR,55," ",,,,," ",1,1.173222727,EUR,75.95,," ",,,,,,,,," ",0.501767867,0.588685465,NZD,,,,,56.83," "
2025-10-09,0.120767685,0.140458069,CNY,55," ",1,1.163043478,EUR,55," ",,,,," ",1,1.163043478,EUR,77.95,," ",,,,,,,,," ",,,,,,,,," "
2025-10-10,0.120767685,0.140458069,CNY,54.1," ",,,,," ",,,,," ",1,1.163043478,EUR,79.22,," ",,,,,,,,," ",,,,,,,,," "
2025-10-13,0.120767685,0.140458069,CNY,50.84," ",,,,," ",,,,," ",1,1.163043478,EUR,78.66,," ",,,,,,,,," ",,,,,,,,," "
2025-10-14,0.120767685,0.140458069,CNY,48.88," ",1,1.163043478,EUR,55," ",,,,," ",1,1.163043478,EUR,76.91,," ",,,,,,,,," ",,,,,,,,," "
2025-10-15,0.120767685,0.140458069,CNY,46.65," ",,,,," ",,,,," ",1,1.163043478,EUR,76.58,," ",,,,,,,,," ",,,,,,,,," "
2025-10-16,0.120767685,0.140458069,CNY,45.31," ",1,1.163043478,EUR,55," ",,,,," ",1,1.163043478,EUR,77.82,," ",,,,,,,,," ",,,,,,,,," "
2025-10-17,0.120767685,0.140458069,CNY,40.12," ",,,,," ",,,,," ",1,1.163043478,EUR,77.99,," ",,,,,,,,," ",,,,,,,,," "
2025-10-20,0.120767685,0.140458069,CNY,38.5," ",,,,," ",,,,," ",1,1.163043478,EUR,78.75,," ",,,,,,,,," ",,,,,,,,," "
2025-10-21,0.120767685,0.140458069,CNY,41.74," ",1,1.163043478,EUR,55," ",,,,," ",1,1.163043478,EUR,78.94,," ",,,,,,,,," ",,,,,,,,," "
2025-10-22,0.120767685,0.140458069,CNY,42.69," ",,,,," ",,,,," ",,,,,," ",,,,,,,,," ",,,,,,,,," "
2025-10-23,0.120767685,0.140458069,CNY,45.06," ",1,1.163043478,EUR,55," ",,,,," ",1,1.163043478,EUR,78.54,," ",,,,,,,,," ",,,,,,,,," "
2025-10-24,0.120767685,0.140458069,CNY,48," ",,,,," ",,,,," ",1,1.163043478,EUR,78.47,," ",,,,,,,,," ",,,,,,,,," "
2025-10-27,0.120767685,0.140458069,CNY,48.47," ",,,,," ",,,,," ",1,1.163043478,EUR,77.56,," ",,,,,,,,," ",,,,,,,,," "
2025-10-28,0.120767685,0.140458069,CNY,45.71," ",1,1.163043478,EUR,55," ",,,,," ",1,1.163043478,EUR,77.85,," ",,,,,,,,," ",,,,,,,,," "
2025-10-29,0.120767685,0.140458069,CNY,44.33," ",,,,," ",,,,," ",1,1.163043478,EUR,78.55,," ",,,,,,,,," ",,,,,,,,," "
2025-10-30,0.120767685,0.140458069,CNY,44.43," ",1,1.163043478,EUR,55," ",,,,," ",1,1.163043478,EUR,78.71,," ",,,,,,,,," ",,,,,,,,," "
2025-10-31,0.120767685,0.140458069,CNY,46.61," ",,,,," ",,,,," ",1,1.163043478,EUR,78.66,," ",,,,,,,,," ",,,,,,,,," "
2025-11-03,0.121637552,0.140615443,CNY,48.51," ",,,,," ",,,,," ",1,1.15602,EUR,79.3,," ",,,,,,,,," ",,,,,,,,," "
2025-11-04,0.121637552,0.140615443,CNY,50.09," ",1,1.15602,EUR,55," ",,,,," ",1,1.15602,EUR,81.26,," ",,,,,,,,," ",,,,,,,,," "
2025-11-05,0.121637552,0.140615443,CNY,50.4," ",,,,," ",,,,," ",,,,,," ",,,,,,,,," ",,,,,,,,," "
2025-11-06,0.121637552,0.140615443,CNY,53.2," ",1,1.15602,EUR,55," ",,,,," ",1,1.15602,EUR,80.07,," ",,,,,,,,," ",,,,,,,,," "
2025-11-07,0.121637552,0.140615443,CNY,57.64," ",,,,," ",,,,," ",1,1.15602,EUR,79.76,," ",,,,,,,,," ",,,,,,,,," "
2025-11-10,0.121637552,0.140615443,CNY,59.45," ",,,,," ",,,,," ",1,1.15602,EUR,79.97,," ",,,,,,,,," ",,,,,,,,," "
2025-11-11,0.121637552,0.140615443,CNY,63.27," ",1,1.15602,EUR,55," ",,,,," ",1,1.15602,EUR,79.91,," ",,,,,,,,," ",,,,,,,,," "
2025-11-12,0.121637552,0.140615443,CNY,63.9," ",,,,," ",,,,," ",1,1.15602,EUR,81.51,," ",,,,,,,,," ",,,,,,,,," "
2025-11-13,0.121637552,0.140615443,CNY,61.03," ",1,1.15602,EUR,55," ",,,,," ",1,1.15602,EUR,81.31,," ",,,,,,,,," ",,,,,,,,," "
2025-11-14,0.121637552,0.140615443,CNY,60.05," ",,,,," ",,,,," ",1,1.15602,EUR,80.85,," ",,,,,,,,," ",,,,,,,,," "
2025-11-17,0.121637552,0.140615443,CNY,61.32," ",,,,," ",,,,," ",1,1.15602,EUR,80.25,," ",,,,,,,,," ",,,,,,,,," "
2025-11-18,0.121637552,0.140615443,CNY,61.8," ",1,1.15602,EUR,55," ",,,,," ",1,1.15602,EUR,80.41,," ",,,,,,,,," ",,,,,,,,," "
2025-11-19,0.121637552,0.140615443,CNY,67.35," ",,,,," ",,,,," ",,,,,," ",,,,,,,,," ",,,,,,,,," "
2025-11-20,0.121637552,0.140615443,CNY,68.35," ",1,1.15602,EUR,55," ",,,,," ",1,1.15602,EUR,81.16,," ",,,,,,,,," ",,,,,,,,," "
2025-11-21,0.121637552,0.140615443,CNY,63.74," ",,,,," ",,,,," ",1,1.15602,EUR,80.47,," ",,,,,,,,," ",,,,,,,,," "
2025-11-24,0.121637552,0.140615443,CNY,58.01," ",,,,," ",,,,," ",1,1.15602,EUR,80,," ",,,,,,,,," ",,,,,,,,," "
2025-11-25,0.121637552,0.140615443,CNY,56.45," ",1,1.15602,EUR,55," ",,,,," ",1,1.15602,EUR,81.19,," ",,,,,,,,," ",,,,,,,,," "
2025-11-26,0.121637552,0.140615443,CNY,55.53," ",,,,," ",,,,," ",1,1.15602,EUR,81.51,," ",,,,,,,,," ",,,,,,,,," "
2025-11-27,0.121637552,0.140615443,CNY,56.47," ",1,1.15602,EUR,55," ",,,,," ",1,1.15602,EUR,81.07,," ",,,,,,,,," ",,,,,,,,," "
2025-11-28,0.121637552,0.140615443,CNY,58.03," ",,,,," ",,,,," ",1,1.15602,EUR,82.6,," ",,,,,,,,," ",,,,,,,,," "
2025-12-01,0.121251583,0.141970015,CNY,59.47," ",,,,," ",,,,," ",1,1.170871429,EUR,83.01,," ",,,,,,,,," ",,,,,,,,," "
2025-12-02,0.121251583,0.141970015,CNY,59.82," ",1,1.170871429,EUR,55," ",,,,," ",1,1.170871429,EUR,82.19,," ",,,,,,,,," ",,,,,,,,," "
2025-12-03,0.121251583,0.141970015,CNY,59.86," ",,,,," ",,,,," ",,,,,," ",,,,,,,,," ",,,,,,,,," "
2025-12-04,0.121251583,0.141970015,CNY,59.87," ",1,1.170871429,EUR,55," ",,,,," ",1,1.170871429,EUR,81.39,," ",,,,,,,,," ",,,,,,,,," "
2025-12-05,0.121251583,0.141970015,CNY,60.03," ",,,,," ",,,,," ",1,1.170871429,EUR,82.25,," ",,,,,,,,," ",,,,,,,,," "
2025-12-08,0.121251583,0.141970015,CNY,59.95," ",,,,," ",,,,," ",1,1.170871429,EUR,82.17,," ",,,,,,,,," ",,,,,,,,," "
2025-12-09,0.121251583,0.141970015,CNY,59.65," ",,,,," ",,,,," ",1,1.170871429,EUR,82.22,," ",,,,,,,,," ",,,,,,,,," "
2025-12-10,0.121251583,0.141970015,CNY,58.49," ",,,,," ",,,,," ",1,1.170871429,EUR,82.18,," ",,,,,,,,," ",,,,,,,,," "
2025-12-11,0.121251583,0.141970015,CNY,57.13," ",,,,," ",,,,," ",1,1.170871429,EUR,83.77,," ",,,,,,,,," ",,,,,,,,," "
2025-12-12,0.121251583,0.141970015,CNY,58.6," ",,,,," ",,,,," ",1,1.170871429,EUR,83.65,," ",,,,,,,,," ",,,,,,,,," "
2025-12-15,0.121251583,0.141970015,CNY,58.62," ",,,,," ",,,,," ",1,1.170871429,EUR,84.6,," ",,,,,,,,," ",,,,,,,,," "
2025-12-16,0.121251583,0.141970015,CNY,59," ",,,,," ",,,,," ",,,,,," ",,,,,,,,," ",,,,,,,,," "
2025-12-17,0.121251583,0.141970015,CNY,59.92," ",,,,," ",,,,," ",,,,,," ",,,,,,,,," ",,,,,,,,," "
2025-12-18,0.121251583,0.141970015,CNY,60.96," ",,,,," ",,,,," ",,,,,," ",,,,,,,,," ",,,,,,,,," "
2025-12-19,0.121251583,0.141970015,CNY,65.4," ",,,,," ",,,,," ",,,,,," ",,,,,,,,," ",,,,,,,,," "
2025-12-22,0.121251583,0.141970015,CNY,66.46," ",,,,," ",,,,," ",,,,,," ",,,,,,,,," ",,,,,,,,," "
2025-12-23,0.121251583,0.141970015,CNY,69.62," ",,,,," ",,,,," ",,,,,," ",,,,,,,,," ",,,,,,,,," "
2025-12-24,0.121251583,0.141970015,CNY,72.82," ",,,,," ",,,,," ",,,,,," ",,,,,,,,," ",,,,,,,,," "
2025-12-25,0.121251583,0.141970015,CNY,80.84," ",,,,," ",,,,," ",,,,,," ",,,,,,,,," ",,,,,,,,," "
2025-12-26,0.121251583,0.141970015,CNY,74.89," ",,,,," ",,,,," ",,,,,," ",,,,,,,,," ",,,,,,,,," "
2025-12-29,0.121251583,0.141970015,CNY,71.97," ",,,,," ",,,,," ",,,,,," ",,,,,,,,," ",,,,,,,,," "
2025-12-30,0.121251583,0.141970015,CNY,73.04," ",,,,," ",,,,," ",,,,,," ",,,,,,,,," ",,,,,,,,," "
2025-12-31,0.121251583,0.141970015,CNY,75.8," ",,,,," ",,,,," ",,,,,," ",,,,,,,,," ",,,,,,,,," "
2021-10-05,,,,," ",1,1.160147619,EUR,25," ",,,,," ",1,1.160147619,EUR,63.66,," ",0.606799912,0.703977473,NZD,,,,64.5,," ",,,,,,,,," "
2021-10-07,,,,," ",1,1.160147619,EUR,25," ",,,,," ",1,1.160147619,EUR,58.99,," ",0.606799912,0.703977473,NZD,,,,64.5,," ",,,,,,,,," "
2022-02-01,,,,," ",1,1.13419,EUR,30," ",,,,," ",,,,,," ",0.587986989,0.666888963,NZD,,,,76.25,," ",,,,,,,,," "
2022-02-03,,,,," ",1,1.13419,EUR,30," ",,,,," ",1,1.13419,EUR,92.65,," ",0.587986989,0.666888963,NZD,,,,77,," ",,,,,,,,," "
2022-04-05,,,,," ",1,1.081873684,EUR,30," ",,,,," ",1,1.081873684,EUR,78.33,," ",0.626871703,0.678195999,NZD,,,,76,," ",,,,,,,,," "
2022-05-03,,,,," ",1,1.05785,EUR,30," ",,,,," ",1,1.05785,EUR,84.25,," ",0.605388157,0.640409862,NZD,,,,75.87,," ",,,,,,,,," "
2022-10-04,,,,," ",1,0.982566667,EUR,30," ",,,,," ",1,0.982566667,EUR,66.17,," ",0.578690309,0.568601808,NZD,,,,78.05,," ",,,,,,,,," "
2022-10-06,,,,," ",1,0.982566667,EUR,30," ",,,,," ",1,0.982566667,EUR,65.76,," ",0.578690309,0.568601808,NZD,,,,82.5,," ",,,,,,,,," "
2023-01-24,,,,," ",1,1.0769,EUR,30," ",,,,," ",1,1.0769,EUR,80.88,," ",0.594869524,0.64061499,NZD,,,,72.72,," ",,,,,,,,," "
2023-01-26,,,,," ",1,1.0769,EUR,30," ",,,,," ",1,1.0769,EUR,83.51,," ",0.594869524,0.64061499,NZD,,,,72.5,," ",,,,,,,,," "
2023-05-02,,,,," ",1,1.08675,EUR,30," ",,,,," ",1,1.08675,EUR,83.24,," ",0.572070148,0.621697233,NZD,,,,54.25,," ",,,,,,,,," "
2023-06-22,,,,," ",1,1.083986364,EUR,30," ",,,,," ",1,1.083986364,EUR,87.11,," ",0.565686062,0.613195977,NZD,,,,47.5,," ",,,,,,,,," "
2023-10-05,,,,," ",1,1.056254545,EUR,30," ",,,,," ",1,1.056254545,EUR,80.5,," ",,,,,,,,," ",,,,,,,,," "
2024-04-04,,,,," ",1,1.07277619,EUR,45," ",,,,," ",1,1.07277619,EUR,56.37,," ",,,,,,,,," ",0.555850258,0.596302922,NZD,,,,,58.98," "
2024-05-02,,,,," ",1,1.081222727,EUR,45," ",,,,," ",1,1.081222727,EUR,68.1,," ",,,,,,,,," ",0.560396764,0.605913718,NZD,,,,,55.17," "
2024-09-17,,,,," ",1,1.180226485,EUR,45," ",,,,," ",1,1.180226485,EUR,62.71,," ",,,,,,,,," ",0.560063563,0.622006593,NZD,,,,,61.18," "
2024-10-01,,,,," ",1,1.090434783,EUR,45," ",,,,," ",1,1.090434783,EUR,63.19,," ",,,,,,,,," ",0.55904986,0.609607413,NZD,,,,,62.43," "
2025-10-02,,,,," ",1,1.163043478,EUR,55," ",,,,," ",1,1.163043478,EUR,76.05,," ",,,,,,,,," ",,,,,,,,," "
2025-10-07,,,,," ",1,1.163043478,EUR,55," ",,,,," ",1,1.163043478,EUR,78.3,," ",,,,,,,,," ",,,,,,,,," "
2026-01-13,,,,," ",1,1.170871429,EUR,55," ",,,,," ",,,,,," ",,,,,,,,," ",,,,,,,,," "
2005-03-09,,,,," ",,,,," ",1,1.320066667,EUR,," ",,,,,," ",,,,,,,,," ",,,,,,,,," "
2005-03-10,,,,," ",,,,," ",1,1.320066667,EUR,," ",,,,,," ",,,,,,,,," ",,,,,,,,," "
2005-03-15,,,,," ",,,,," ",1,1.320066667,EUR,," ",,,,,," ",,,,,,,,," ",,,,,,,,," "
2005-03-16,,,,," ",,,,," ",1,1.320066667,EUR,," ",,,,,," ",,,,,,,,," ",,,,,,,,," "
2005-03-18,,,,," ",,,,," ",1,1.320066667,EUR,," ",,,,,," ",,,,,,,,," ",,,,,,,,," "
2005-03-21,,,,," ",,,,," ",1,1.320066667,EUR,," ",,,,,," ",,,,,,,,," ",,,,,,,,," "
2005-03-22,,,,," ",,,,," ",1,1.320066667,EUR,," ",,,,,," ",,,,,,,,," ",,,,,,,,," "
2005-03-29,,,,," ",,,,," ",1,1.320066667,EUR,," ",,,,,," ",,,,,,,,," ",,,,,,,,," "
2005-03-31,,,,," ",,,,," ",1,1.320066667,EUR,," ",,,,,," ",,,,,,,,," ",,,,,,,,," "
2005-04-01,,,,," ",,,,," ",1,1.293790476,EUR,," ",,,,,," ",,,,,,,,," ",,,,,,,,," "
2005-04-04,,,,," ",,,,," ",1,1.293790476,EUR,," ",,,,,," ",,,,,,,,," ",,,,,,,,," "
2005-04-05,,,,," ",,,,," ",1,1.293790476,EUR,," ",,,,,," ",,,,,,,,," ",,,,,,,,," "
2005-04-06,,,,," ",,,,," ",1,1.293790476,EUR,," ",,,,,," ",,,,,,,,," ",,,,,,,,," "
2005-04-07,,,,," ",,,,," ",1,1.293790476,EUR,," ",,,,,," ",,,,,,,,," ",,,,,,,,," "
2005-04-08,,,,," ",,,,," ",1,1.293790476,EUR,," ",,,,,," ",,,,,,,,," ",,,,,,,,," "
2005-04-11,,,,," ",,,,," ",1,1.293790476,EUR,," ",,,,,," ",,,,,,,,," ",,,,,,,,," "
2005-04-12,,,,," ",,,,," ",1,1.293790476,EUR,," ",,,,,," ",,,,,,,,," ",,,,,,,,," "
2005-04-13,,,,," ",,,,," ",1,1.293790476,EUR,," ",,,,,," ",,,,,,,,," ",,,,,,,,," "
2005-04-14,,,,," ",,,,," ",1,1.293790476,EUR,," ",,,,,," ",,,,,,,,," ",,,,,,,,," "
2005-04-15,,,,," ",,,,," ",1,1.293790476,EUR,," ",,,,,," ",,,,,,,,," ",,,,,,,,," "
2005-04-18,,,,," ",,,,," ",1,1.293790476,EUR,," ",,,,,," ",,,,,,,,," ",,,,,,,,," "
2005-04-19,,,,," ",,,,," ",1,1.293790476,EUR,," ",,,,,," ",,,,,,,,," ",,,,,,,,," "
2005-04-20,,,,," ",,,,," ",1,1.293790476,EUR,," ",,,,,," ",,,,,,,,," ",,,,,,,,," "
2005-04-21,,,,," ",,,,," ",1,1.293790476,EUR,," ",,,,,," ",,,,,,,,," ",,,,,,,,," "
2005-04-22,,,,," ",,,,," ",1,1.293790476,EUR,," ",,,,,," ",,,,,,,,," ",,,,,,,,," "
2005-04-25,,,,," ",,,,," ",1,1.293790476,EUR,," ",,,,,," ",,,,,,,,," ",,,,,,,,," "
2005-04-26,,,,," ",,,,," ",1,1.293790476,EUR,," ",,,,,," ",,,,,,,,," ",,,,,,,,," "
2005-04-27,,,,," ",,,,," ",1,1.293790476,EUR,," ",,,,,," ",,,,,,,,," ",,,,,,,,," "
2005-04-28,,,,," ",,,,," ",1,1.293790476,EUR,," ",,,,,," ",,,,,,,,," ",,,,,,,,," "
2005-04-29,,,,," ",,,,," ",1,1.293790476,EUR,," ",,,,,," ",,,,,,,,," ",,,,,,,,," "
2005-05-02,,,,," ",,,,," ",1,1.269395455,EUR,," ",,,,,," ",,,,,,,,," ",,,,,,,,," "
2005-05-03,,,,," ",,,,," ",1,1.269395455,EUR,," ",,,,,," ",,,,,,,,," ",,,,,,,,," "
2005-05-04,,,,," ",,,,," ",1,1.269395455,EUR,," ",,,,,," ",,,,,,,,," ",,,,,,,,," "
2005-05-06,,,,," ",,,,," ",1,1.269395455,EUR,," ",,,,,," ",,,,,,,,," ",,,,,,,,," "
2005-05-10,,,,," ",,,,," ",1,1.269395455,EUR,," ",,,,,," ",,,,,,,,," ",,,,,,,,," "
2005-05-11,,,,," ",,,,," ",1,1.269395455,EUR,," ",,,,,," ",,,,,,,,," ",,,,,,,,," "
2005-05-12,,,,," ",,,,," ",1,1.269395455,EUR,," ",,,,,," ",,,,,,,,," ",,,,,,,,," "
2005-05-13,,,,," ",,,,," ",1,1.269395455,EUR,," ",,,,,," ",,,,,,,,," ",,,,,,,,," "
2005-05-17,,,,," ",,,,," ",1,1.269395455,EUR,," ",,,,,," ",,,,,,,,," ",,,,,,,,," "
2005-05-18,,,,," ",,,,," ",1,1.269395455,EUR,," ",,,,,," ",,,,,,,,," ",,,,,,,,," "
2005-05-19,,,,," ",,,,," ",1,1.269395455,EUR,," ",,,,,," ",,,,,,,,," ",,,,,,,,," "
2005-05-20,,,,," ",,,,," ",1,1.269395455,EUR,," ",,,,,," ",,,,,,,,," ",,,,,,,,," "
2005-05-23,,,,," ",,,,," ",1,1.269395455,EUR,," ",,,,,," ",,,,,,,,," ",,,,,,,,," "
2005-05-26,,,,," ",,,,," ",1,1.269395455,EUR,," ",,,,,," ",,,,,,,,," ",,,,,,,,," "
2005-05-27,,,,," ",,,,," ",1,1.269395455,EUR,," ",,,,,," ",,,,,,,,," ",,,,,,,,," "
2005-05-30,,,,," ",,,,," ",1,1.269395455,EUR,," ",,,,,," ",,,,,,,,," ",,,,,,,,," "
2005-05-31,,,,," ",,,,," ",1,1.269395455,EUR,," ",,,,,," ",,,,,,,,," ",,,,,,,,," "
2005-06-01,,,,," ",,,,," ",1,1.216490909,EUR,," ",,,,,," ",,,,,,,,," ",,,,,,,,," "
2005-06-06,,,,," ",,,,," ",1,1.216490909,EUR,," ",,,,,," ",,,,,,,,," ",,,,,,,,," "
2005-06-07,,,,," ",,,,," ",1,1.216490909,EUR,," ",,,,,," ",,,,,,,,," ",,,,,,,,," "
2005-06-08,,,,," ",,,,," ",1,1.216490909,EUR,," ",,,,,," ",,,,,,,,," ",,,,,,,,," "
2005-06-09,,,,," ",,,,," ",1,1.216490909,EUR,," ",,,,,," ",,,,,,,,," ",,,,,,,,," "
2005-06-10,,,,," ",,,,," ",1,1.216490909,EUR,," ",,,,,," ",,,,,,,,," ",,,,,,,,," "
2005-06-13,,,,," ",,,,," ",1,1.216490909,EUR,," ",,,,,," ",,,,,,,,," ",,,,,,,,," "
2005-06-14,,,,," ",,,,," ",1,1.216490909,EUR,," ",,,,,," ",,,,,,,,," ",,,,,,,,," "
2005-06-15,,,,," ",,,,," ",1,1.216490909,EUR,," ",,,,,," ",,,,,,,,," ",,,,,,,,," "
2005-06-16,,,,," ",,,,," ",1,1.216490909,EUR,," ",,,,,," ",,,,,,,,," ",,,,,,,,," "
2005-06-17,,,,," ",,,,," ",1,1.216490909,EUR,," ",,,,,," ",,,,,,,,," ",,,,,,,,," "
2005-06-20,,,,," ",,,,," ",1,1.216490909,EUR,," ",,,,,," ",,,,,,,,," ",,,,,,,,," "
2005-06-21,,,,," ",,,,," ",1,1.216490909,EUR,," ",,,,,," ",,,,,,,,," ",,,,,,,,," "
2005-06-22,,,,," ",,,,," ",1,1.216490909,EUR,," ",,,,,," ",,,,,,,,," ",,,,,,,,," "
2005-06-23,,,,," ",,,,," ",1,1.216490909,EUR,," ",,,,,," ",,,,,,,,," ",,,,,,,,," "
2005-06-24,,,,," ",,,,," ",1,1.216490909,EUR,," ",,,,,," ",,,,,,,,," ",,,,,,,,," "
2005-06-27,,,,," ",,,,," ",1,1.216490909,EUR,," ",,,,,," ",,,,,,,,," ",,,,,,,,," "
2005-06-28,,,,," ",,,,," ",1,1.216490909,EUR,," ",,,,,," ",,,,,,,,," ",,,,,,,,," "
2005-06-29,,,,," ",,,,," ",1,1.216490909,EUR,," ",,,,,," ",,,,,,,,," ",,,,,,,,," "
2005-06-30,,,,," ",,,,," ",1,1.216490909,EUR,," ",,,,,," ",,,,,,,,," ",,,,,,,,," "
2005-07-01,,,,," ",,,,," ",1,1.203719048,EUR,," ",,,,,," ",,,,,,,,," ",,,,,,,,," "
2005-07-04,,,,," ",,,,," ",1,1.203719048,EUR,," ",,,,,," ",,,,,,,,," ",,,,,,,,," "
2005-07-05,,,,," ",,,,," ",1,1.203719048,EUR,," ",,,,,," ",,,,,,,,," ",,,,,,,,," "
2005-07-06,,,,," ",,,,," ",1,1.203719048,EUR,," ",,,,,," ",,,,,,,,," ",,,,,,,,," "
2005-07-07,,,,," ",,,,," ",1,1.203719048,EUR,," ",,,,,," ",,,,,,,,," ",,,,,,,,," "
2005-07-08,,,,," ",,,,," ",1,1.203719048,EUR,," ",,,,,," ",,,,,,,,," ",,,,,,,,," "
2005-07-11,,,,," ",,,,," ",1,1.203719048,EUR,," ",,,,,," ",,,,,,,,," ",,,,,,,,," "
2005-07-12,,,,," ",,,,," ",1,1.203719048,EUR,," ",,,,,," ",,,,,,,,," ",,,,,,,,," "
2005-07-13,,,,," ",,,,," ",1,1.203719048,EUR,," ",,,,,," ",,,,,,,,," ",,,,,,,,," "
2005-07-14,,,,," ",,,,," ",1,1.203719048,EUR,," ",,,,,," ",,,,,,,,," ",,,,,,,,," "
2005-07-18,,,,," ",,,,," ",1,1.203719048,EUR,," ",,,,,," ",,,,,,,,," ",,,,,,,,," "
2005-07-19,,,,," ",,,,," ",1,1.203719048,EUR,," ",,,,,," ",,,,,,,,," ",,,,,,,,," "
2005-07-20,,,,," ",,,,," ",1,1.203719048,EUR,," ",,,,,," ",,,,,,,,," ",,,,,,,,," "
2005-07-21,,,,," ",,,,," ",1,1.203719048,EUR,," ",,,,,," ",,,,,,,,," ",,,,,,,,," "
2005-07-22,,,,," ",,,,," ",1,1.203719048,EUR,," ",,,,,," ",,,,,,,,," ",,,,,,,,," "
2005-07-25,,,,," ",,,,," ",1,1.203719048,EUR,," ",,,,,," ",,,,,,,,," ",,,,,,,,," "
2005-07-26,,,,," ",,,,," ",1,1.203719048,EUR,," ",,,,,," ",,,,,,,,," ",,,,,,,,," "
2005-07-27,,,,," ",,,,," ",1,1.203719048,EUR,," ",,,,,," ",,,,,,,,," ",,,,,,,,," "
2005-07-28,,,,," ",,,,," ",1,1.203719048,EUR,," ",,,,,," ",,,,,,,,," ",,,,,,,,," "
2005-07-29,,,,," ",,,,," ",1,1.203719048,EUR,," ",,,,,," ",,,,,,,,," ",,,,,,,,," "
2005-08-01,,,,," ",,,,," ",1,1.229243478,EUR,," ",,,,,," ",,,,,,,,," ",,,,,,,,," "
2005-08-02,,,,," ",,,,," ",1,1.229243478,EUR,," ",,,,,," ",,,,,,,,," ",,,,,,,,," "
2005-08-03,,,,," ",,,,," ",1,1.229243478,EUR,," ",,,,,," ",,,,,,,,," ",,,,,,,,," "
2005-08-04,,,,," ",,,,," ",1,1.229243478,EUR,," ",,,,,," ",,,,,,,,," ",,,,,,,,," "
2005-08-05,,,,," ",,,,," ",1,1.229243478,EUR,," ",,,,,," ",,,,,,,,," ",,,,,,,,," "
2005-08-08,,,,," ",,,,," ",1,1.229243478,EUR,," ",,,,,," ",,,,,,,,," ",,,,,,,,," "
2005-08-09,,,,," ",,,,," ",1,1.229243478,EUR,," ",,,,,," ",,,,,,,,," ",,,,,,,,," "
2005-08-10,,,,," ",,,,," ",1,1.229243478,EUR,," ",,,,,," ",,,,,,,,," ",,,,,,,,," "
2005-08-11,,,,," ",,,,," ",1,1.229243478,EUR,," ",,,,,," ",,,,,,,,," ",,,,,,,,," "
2005-08-12,,,,," ",,,,," ",1,1.229243478,EUR,," ",,,,,," ",,,,,,,,," ",,,,,,,,," "
2005-08-15,,,,," ",,,,," ",1,1.229243478,EUR,," ",,,,,," ",,,,,,,,," ",,,,,,,,," "
2005-08-16,,,,," ",,,,," ",1,1.229243478,EUR,," ",,,,,," ",,,,,,,,," ",,,,,,,,," "
2005-08-17,,,,," ",,,,," ",1,1.229243478,EUR,," ",,,,,," ",,,,,,,,," ",,,,,,,,," "
2005-08-18,,,,," ",,,,," ",1,1.229243478,EUR,," ",,,,,," ",,,,,,,,," ",,,,,,,,," "
2005-08-19,,,,," ",,,,," ",1,1.229243478,EUR,," ",,,,,," ",,,,,,,,," ",,,,,,,,," "
2005-08-22,,,,," ",,,,," ",1,1.229243478,EUR,," ",,,,,," ",,,,,,,,," ",,,,,,,,," "
2005-08-23,,,,," ",,,,," ",1,1.229243478,EUR,," ",,,,,," ",,,,,,,,," ",,,,,,,,," "
2005-08-24,,,,," ",,,,," ",1,1.229243478,EUR,," ",,,,,," ",,,,,,,,," ",,,,,,,,," "
2005-08-25,,,,," ",,,,," ",1,1.229243478,EUR,," ",,,,,," ",,,,,,,,," ",,,,,,,,," "
2005-08-26,,,,," ",,,,," ",1,1.229243478,EUR,," ",,,,,," ",,,,,,,,," ",,,,,,,,," "
2005-08-29,,,,," ",,,,," ",1,1.229243478,EUR,," ",,,,,," ",,,,,,,,," ",,,,,,,,," "
2005-08-30,,,,," ",,,,," ",1,1.229243478,EUR,," ",,,,,," ",,,,,,,,," ",,,,,,,,," "
2005-08-31,,,,," ",,,,," ",1,1.229243478,EUR,," ",,,,,," ",,,,,,,,," ",,,,,,,,," "
2005-09-01,,,,," ",,,,," ",1,1.225640909,EUR,," ",,,,,," ",,,,,,,,," ",,,,,,,,," "
2005-09-02,,,,," ",,,,," ",1,1.225640909,EUR,," ",,,,,," ",,,,,,,,," ",,,,,,,,," "
2005-09-05,,,,," ",,,,," ",1,1.225640909,EUR,," ",,,,,," ",,,,,,,,," ",,,,,,,,," "
2005-09-06,,,,," ",,,,," ",1,1.225640909,EUR,," ",,,,,," ",,,,,,,,," ",,,,,,,,," "
2005-09-07,,,,," ",,,,," ",1,1.225640909,EUR,," ",,,,,," ",,,,,,,,," ",,,,,,,,," "
2005-09-08,,,,," ",,,,," ",1,1.225640909,EUR,," ",,,,,," ",,,,,,,,," ",,,,,,,,," "
2005-09-09,,,,," ",,,,," ",1,1.225640909,EUR,," ",,,,,," ",,,,,,,,," ",,,,,,,,," "
2005-09-12,,,,," ",,,,," ",1,1.225640909,EUR,," ",,,,,," ",,,,,,,,," ",,,,,,,,," "
2005-09-13,,,,," ",,,,," ",1,1.225640909,EUR,," ",,,,,," ",,,,,,,,," ",,,,,,,,," "
2005-09-14,,,,," ",,,,," ",1,1.225640909,EUR,," ",,,,,," ",,,,,,,,," ",,,,,,,,," "
2005-09-15,,,,," ",,,,," ",1,1.225640909,EUR,," ",,,,,," ",,,,,,,,," ",,,,,,,,," "
2005-09-16,,,,," ",,,,," ",1,1.225640909,EUR,," ",,,,,," ",,,,,,,,," ",,,,,,,,," "
2005-09-19,,,,," ",,,,," ",1,1.225640909,EUR,," ",,,,,," ",,,,,,,,," ",,,,,,,,," "
2005-09-20,,,,," ",,,,," ",1,1.225640909,EUR,," ",,,,,," ",,,,,,,,," ",,,,,,,,," "
2005-09-21,,,,," ",,,,," ",1,1.225640909,EUR,," ",,,,,," ",,,,,,,,," ",,,,,,,,," "
2005-09-22,,,,," ",,,,," ",1,1.225640909,EUR,," ",,,,,," ",,,,,,,,," ",,,,,,,,," "
2005-09-23,,,,," ",,,,," ",1,1.225640909,EUR,," ",,,,,," ",,,,,,,,," ",,,,,,,,," "
2005-09-26,,,,," ",,,,," ",1,1.225640909,EUR,," ",,,,,," ",,,,,,,,," ",,,,,,,,," "
2005-09-27,,,,," ",,,,," ",1,1.225640909,EUR,," ",,,,,," ",,,,,,,,," ",,,,,,,,," "
2005-09-28,,,,," ",,,,," ",1,1.225640909,EUR,," ",,,,,," ",,,,,,,,," ",,,,,,,,," "
2005-09-29,,,,," ",,,,," ",1,1.225640909,EUR,," ",,,,,," ",,,,,,,,," ",,,,,,,,," "
2005-09-30,,,,," ",,,,," ",1,1.225640909,EUR,," ",,,,,," ",,,,,,,,," ",,,,,,,,," "
2005-10-04,,,,," ",,,,," ",1,1.201452381,EUR,," ",,,,,," ",,,,,,,,," ",,,,,,,,," "
2005-10-05,,,,," ",,,,," ",1,1.201452381,EUR,," ",,,,,," ",,,,,,,,," ",,,,,,,,," "
2005-10-06,,,,," ",,,,," ",1,1.201452381,EUR,," ",,,,,," ",,,,,,,,," ",,,,,,,,," "
2005-10-07,,,,," ",,,,," ",1,1.201452381,EUR,," ",,,,,," ",,,,,,,,," ",,,,,,,,," "
2005-10-10,,,,," ",,,,," ",1,1.201452381,EUR,," ",,,,,," ",,,,,,,,," ",,,,,,,,," "
2005-10-11,,,,," ",,,,," ",1,1.201452381,EUR,," ",,,,,," ",,,,,,,,," ",,,,,,,,," "
2005-10-12,,,,," ",,,,," ",1,1.201452381,EUR,," ",,,,,," ",,,,,,,,," ",,,,,,,,," "
2005-10-13,,,,," ",,,,," ",1,1.201452381,EUR,," ",,,,,," ",,,,,,,,," ",,,,,,,,," "
2005-10-14,,,,," ",,,,," ",1,1.201452381,EUR,," ",,,,,," ",,,,,,,,," ",,,,,,,,," "
2005-10-17,,,,," ",,,,," ",1,1.201452381,EUR,," ",,,,,," ",,,,,,,,," ",,,,,,,,," "
2005-10-18,,,,," ",,,,," ",1,1.201452381,EUR,," ",,,,,," ",,,,,,,,," ",,,,,,,,," "
2005-10-19,,,,," ",,,,," ",1,1.201452381,EUR,," ",,,,,," ",,,,,,,,," ",,,,,,,,," "
2005-10-20,,,,," ",,,,," ",1,1.201452381,EUR,," ",,,,,," ",,,,,,,,," ",,,,,,,,," "
2005-10-21,,,,," ",,,,," ",1,1.201452381,EUR,," ",,,,,," ",,,,,,,,," ",,,,,,,,," "
2005-10-24,,,,," ",,,,," ",1,1.201452381,EUR,," ",,,,,," ",,,,,,,,," ",,,,,,,,," "
2005-10-25,,,,," ",,,,," ",1,1.201452381,EUR,," ",,,,,," ",,,,,,,,," ",,,,,,,,," "
2005-10-26,,,,," ",,,,," ",1,1.201452381,EUR,," ",,,,,," ",,,,,,,,," ",,,,,,,,," "
2005-10-27,,,,," ",,,,," ",1,1.201452381,EUR,," ",,,,,," ",,,,,,,,," ",,,,,,,,," "
2005-10-28,,,,," ",,,,," ",1,1.201452381,EUR,," ",,,,,," ",,,,,,,,," ",,,,,,,,," "
2005-10-31,,,,," ",,,,," ",1,1.201452381,EUR,," ",,,,,," ",,,,,,,,," ",,,,,,,,," "
2005-11-01,,,,," ",,,,," ",1,1.178572727,EUR,," ",,,,,," ",,,,,,,,," ",,,,,,,,," "
2005-11-02,,,,," ",,,,," ",1,1.178572727,EUR,," ",,,,,," ",,,,,,,,," ",,,,,,,,," "
2005-11-03,,,,," ",,,,," ",1,1.178572727,EUR,," ",,,,,," ",,,,,,,,," ",,,,,,,,," "
2005-11-04,,,,," ",,,,," ",1,1.178572727,EUR,," ",,,,,," ",,,,,,,,," ",,,,,,,,," "
2005-11-07,,,,," ",,,,," ",1,1.178572727,EUR,," ",,,,,," ",,,,,,,,," ",,,,,,,,," "
2005-11-08,,,,," ",,,,," ",1,1.178572727,EUR,," ",,,,,," ",,,,,,,,," ",,,,,,,,," "
2005-11-09,,,,," ",,,,," ",1,1.178572727,EUR,," ",,,,,," ",,,,,,,,," ",,,,,,,,," "
2005-11-10,,,,," ",,,,," ",1,1.178572727,EUR,," ",,,,,," ",,,,,,,,," ",,,,,,,,," "
2005-11-11,,,,," ",,,,," ",1,1.178572727,EUR,," ",,,,,," ",,,,,,,,," ",,,,,,,,," "
2005-11-14,,,,," ",,,,," ",1,1.178572727,EUR,," ",,,,,," ",,,,,,,,," ",,,,,,,,," "
2005-11-15,,,,," ",,,,," ",1,1.178572727,EUR,," ",,,,,," ",,,,,,,,," ",,,,,,,,," "
2005-11-16,,,,," ",,,,," ",1,1.178572727,EUR,," ",,,,,," ",,,,,,,,," ",,,,,,,,," "
2005-11-17,,,,," ",,,,," ",1,1.178572727,EUR,," ",,,,,," ",,,,,,,,," ",,,,,,,,," "
2005-11-18,,,,," ",,,,," ",1,1.178572727,EUR,," ",,,,,," ",,,,,,,,," ",,,,,,,,," "
2005-11-21,,,,," ",,,,," ",1,1.178572727,EUR,," ",,,,,," ",,,,,,,,," ",,,,,,,,," "
2005-11-22,,,,," ",,,,," ",1,1.178572727,EUR,," ",,,,,," ",,,,,,,,," ",,,,,,,,," "
2005-11-23,,,,," ",,,,," ",1,1.178572727,EUR,," ",,,,,," ",,,,,,,,," ",,,,,,,,," "
2005-11-24,,,,," ",,,,," ",1,1.178572727,EUR,," ",,,,,," ",,,,,,,,," ",,,,,,,,," "
2005-11-25,,,,," ",,,,," ",1,1.178572727,EUR,," ",,,,,," ",,,,,,,,," ",,,,,,,,," "
2005-11-28,,,,," ",,,,," ",1,1.178572727,EUR,," ",,,,,," ",,,,,,,,," ",,,,,,,,," "
2005-11-29,,,,," ",,,,," ",1,1.178572727,EUR,," ",,,,,," ",,,,,,,,," ",,,,,,,,," "
2005-11-30,,,,," ",,,,," ",1,1.178572727,EUR,," ",,,,,," ",,,,,,,,," ",,,,,,,,," "
2005-12-01,,,,," ",,,,," ",1,1.185609524,EUR,," ",,,,,," ",,,,,,,,," ",,,,,,,,," "
2005-12-02,,,,," ",,,,," ",1,1.185609524,EUR,," ",,,,,," ",,,,,,,,," ",,,,,,,,," "
2005-12-05,,,,," ",,,,," ",1,1.185609524,EUR,," ",,,,,," ",,,,,,,,," ",,,,,,,,," "
2005-12-06,,,,," ",,,,," ",1,1.185609524,EUR,," ",,,,,," ",,,,,,,,," ",,,,,,,,," "
2005-12-07,,,,," ",,,,," ",1,1.185609524,EUR,," ",,,,,," ",,,,,,,,," ",,,,,,,,," "
2005-12-08,,,,," ",,,,," ",1,1.185609524,EUR,," ",,,,,," ",,,,,,,,," ",,,,,,,,," "
2005-12-09,,,,," ",,,,," ",1,1.185609524,EUR,," ",,,,,," ",,,,,,,,," ",,,,,,,,," "
2005-12-12,,,,," ",,,,," ",1,1.185609524,EUR,," ",,,,,," ",,,,,,,,," ",,,,,,,,," "
2005-12-13,,,,," ",,,,," ",1,1.185609524,EUR,," ",,,,,," ",,,,,,,,," ",,,,,,,,," "
2005-12-14,,,,," ",,,,," ",1,1.185609524,EUR,," ",,,,,," ",,,,,,,,," ",,,,,,,,," "
2005-12-15,,,,," ",,,,," ",1,1.185609524,EUR,," ",,,,,," ",,,,,,,,," ",,,,,,,,," "
2005-12-16,,,,," ",,,,," ",1,1.185609524,EUR,," ",,,,,," ",,,,,,,,," ",,,,,,,,," "
2005-12-19,,,,," ",,,,," ",1,1.185609524,EUR,," ",,,,,," ",,,,,,,,," ",,,,,,,,," "
2005-12-20,,,,," ",,,,," ",1,1.185609524,EUR,," ",,,,,," ",,,,,,,,," ",,,,,,,,," "
2005-12-21,,,,," ",,,,," ",1,1.185609524,EUR,," ",,,,,," ",,,,,,,,," ",,,,,,,,," "
2005-12-22,,,,," ",,,,," ",1,1.185609524,EUR,," ",,,,,," ",,,,,,,,," ",,,,,,,,," "
2005-12-23,,,,," ",,,,," ",1,1.185609524,EUR,," ",,,,,," ",,,,,,,,," ",,,,,,,,," "
2005-12-27,,,,," ",,,,," ",1,1.185609524,EUR,," ",,,,,," ",,,,,,,,," ",,,,,,,,," "
2005-12-28,,,,," ",,,,," ",1,1.185609524,EUR,," ",,,,,," ",,,,,,,,," ",,,,,,,,," "
2005-12-29,,,,," ",,,,," ",1,1.185609524,EUR,," ",,,,,," ",,,,,,,,," ",,,,,,,,," "
2005-12-30,,,,," ",,,,," ",1,1.185609524,EUR,," ",,,,,," ",,,,,,,,," ",,,,,,,,," "
2006-01-02,,,,," ",,,,," ",1,1.210313636,EUR,," ",,,,,," ",,,,,,,,," ",,,,,,,,," "
2006-01-03,,,,," ",,,,," ",1,1.210313636,EUR,," ",,,,,," ",,,,,,,,," ",,,,,,,,," "
2006-01-04,,,,," ",,,,," ",1,1.210313636,EUR,," ",,,,,," ",,,,,,,,," ",,,,,,,,," "
2006-01-05,,,,," ",,,,," ",1,1.210313636,EUR,," ",,,,,," ",,,,,,,,," ",,,,,,,,," "
2006-01-06,,,,," ",,,,," ",1,1.210313636,EUR,," ",,,,,," ",,,,,,,,," ",,,,,,,,," "
2006-01-09,,,,," ",,,,," ",1,1.210313636,EUR,," ",,,,,," ",,,,,,,,," ",,,,,,,,," "
2006-01-10,,,,," ",,,,," ",1,1.210313636,EUR,," ",,,,,," ",,,,,,,,," ",,,,,,,,," "
2006-01-11,,,,," ",,,,," ",1,1.210313636,EUR,," ",,,,,," ",,,,,,,,," ",,,,,,,,," "
2006-01-12,,,,," ",,,,," ",1,1.210313636,EUR,," ",,,,,," ",,,,,,,,," ",,,,,,,,," "
2006-01-13,,,,," ",,,,," ",1,1.210313636,EUR,," ",,,,,," ",,,,,,,,," ",,,,,,,,," "
2006-01-16,,,,," ",,,,," ",1,1.210313636,EUR,," ",,,,,," ",,,,,,,,," ",,,,,,,,," "
2006-01-17,,,,," ",,,,," ",1,1.210313636,EUR,," ",,,,,," ",,,,,,,,," ",,,,,,,,," "
2006-01-18,,,,," ",,,,," ",1,1.210313636,EUR,," ",,,,,," ",,,,,,,,," ",,,,,,,,," "
2006-01-19,,,,," ",,,,," ",1,1.210313636,EUR,," ",,,,,," ",,,,,,,,," ",,,,,,,,," "
2006-01-20,,,,," ",,,,," ",1,1.210313636,EUR,," ",,,,,," ",,,,,,,,," ",,,,,,,,," "
2006-01-23,,,,," ",,,,," ",1,1.210313636,EUR,," ",,,,,," ",,,,,,,,," ",,,,,,,,," "
2006-01-24,,,,," ",,,,," ",1,1.210313636,EUR,," ",,,,,," ",,,,,,,,," ",,,,,,,,," "
2006-01-25,,,,," ",,,,," ",1,1.210313636,EUR,," ",,,,,," ",,,,,,,,," ",,,,,,,,," "
2006-01-26,,,,," ",,,,," ",1,1.210313636,EUR,," ",,,,,," ",,,,,,,,," ",,,,,,,,," "
2006-01-27,,,,," ",,,,," ",1,1.210313636,EUR,," ",,,,,," ",,,,,,,,," ",,,,,,,,," "
2006-01-30,,,,," ",,,,," ",1,1.210313636,EUR,," ",,,,,," ",,,,,,,,," ",,,,,,,,," "
2006-01-31,,,,," ",,,,," ",1,1.210313636,EUR,," ",,,,,," ",,,,,,,,," ",,,,,,,,," "
2006-02-01,,,,," ",,,,," ",1,1.193835,EUR,," ",,,,,," ",,,,,,,,," ",,,,,,,,," "
2006-02-02,,,,," ",,,,," ",1,1.193835,EUR,," ",,,,,," ",,,,,,,,," ",,,,,,,,," "
2006-02-03,,,,," ",,,,," ",1,1.193835,EUR,," ",,,,,," ",,,,,,,,," ",,,,,,,,," "
2006-02-06,,,,," ",,,,," ",1,1.193835,EUR,," ",,,,,," ",,,,,,,,," ",,,,,,,,," "
2006-02-07,,,,," ",,,,," ",1,1.193835,EUR,," ",,,,,," ",,,,,,,,," ",,,,,,,,," "
2006-02-08,,,,," ",,,,," ",1,1.193835,EUR,," ",,,,,," ",,,,,,,,," ",,,,,,,,," "
2006-02-09,,,,," ",,,,," ",1,1.193835,EUR,," ",,,,,," ",,,,,,,,," ",,,,,,,,," "
2006-02-10,,,,," ",,,,," ",1,1.193835,EUR,," ",,,,,," ",,,,,,,,," ",,,,,,,,," "
2006-02-13,,,,," ",,,,," ",1,1.193835,EUR,," ",,,,,," ",,,,,,,,," ",,,,,,,,," "
2006-02-14,,,,," ",,,,," ",1,1.193835,EUR,," ",,,,,," ",,,,,,,,," ",,,,,,,,," "
2006-02-15,,,,," ",,,,," ",1,1.193835,EUR,," ",,,,,," ",,,,,,,,," ",,,,,,,,," "
2006-02-16,,,,," ",,,,," ",1,1.193835,EUR,," ",,,,,," ",,,,,,,,," ",,,,,,,,," "
2006-02-17,,,,," ",,,,," ",1,1.193835,EUR,," ",,,,,," ",,,,,,,,," ",,,,,,,,," "
2006-02-20,,,,," ",,,,," ",1,1.193835,EUR,," ",,,,,," ",,,,,,,,," ",,,,,,,,," "
2006-02-21,,,,," ",,,,," ",1,1.193835,EUR,," ",,,,,," ",,,,,,,,," ",,,,,,,,," "
2006-02-22,,,,," ",,,,," ",1,1.193835,EUR,," ",,,,,," ",,,,,,,,," ",,,,,,,,," "
2006-02-23,,,,," ",,,,," ",1,1.193835,EUR,," ",,,,,," ",,,,,,,,," ",,,,,,,,," "
2006-02-24,,,,," ",,,,," ",1,1.193835,EUR,," ",,,,,," ",,,,,,,,," ",,,,,,,,," "
2006-02-27,,,,," ",,,,," ",1,1.193835,EUR,," ",,,,,," ",,,,,,,,," ",,,,,,,,," "
2006-02-28,,,,," ",,,,," ",1,1.193835,EUR,," ",,,,,," ",,,,,,,,," ",,,,,,,,," "
2006-03-01,,,,," ",,,,," ",1,1.202,EUR,," ",,,,,," ",,,,,,,,," ",,,,,,,,," "
2006-03-02,,,,," ",,,,," ",1,1.202,EUR,," ",,,,,," ",,,,,,,,," ",,,,,,,,," "
2006-03-03,,,,," ",,,,," ",1,1.202,EUR,," ",,,,,," ",,,,,,,,," ",,,,,,,,," "
2006-03-06,,,,," ",,,,," ",1,1.202,EUR,," ",,,,,," ",,,,,,,,," ",,,,,,,,," "
2006-03-07,,,,," ",,,,," ",1,1.202,EUR,," ",,,,,," ",,,,,,,,," ",,,,,,,,," "
2006-03-08,,,,," ",,,,," ",1,1.202,EUR,," ",,,,,," ",,,,,,,,," ",,,,,,,,," "
2006-03-09,,,,," ",,,,," ",1,1.202,EUR,," ",,,,,," ",,,,,,,,," ",,,,,,,,," "
2006-03-10,,,,," ",,,,," ",1,1.202,EUR,," ",,,,,," ",,,,,,,,," ",,,,,,,,," "
2006-03-13,,,,," ",,,,," ",1,1.202,EUR,," ",,,,,," ",,,,,,,,," ",,,,,,,,," "
2006-03-14,,,,," ",,,,," ",1,1.202,EUR,," ",,,,,," ",,,,,,,,," ",,,,,,,,," "
2006-03-15,,,,," ",,,,," ",1,1.202,EUR,," ",,,,,," ",,,,,,,,," ",,,,,,,,," "
2006-03-16,,,,," ",,,,," ",1,1.202,EUR,," ",,,,,," ",,,,,,,,," ",,,,,,,,," "
2006-03-17,,,,," ",,,,," ",1,1.202,EUR,," ",,,,,," ",,,,,,,,," ",,,,,,,,," "
2006-03-20,,,,," ",,,,," ",1,1.202,EUR,," ",,,,,," ",,,,,,,,," ",,,,,,,,," "
2006-03-21,,,,," ",,,,," ",1,1.202,EUR,," ",,,,,," ",,,,,,,,," ",,,,,,,,," "
2006-03-22,,,,," ",,,,," ",1,1.202,EUR,," ",,,,,," ",,,,,,,,," ",,,,,,,,," "
2006-03-23,,,,," ",,,,," ",1,1.202,EUR,," ",,,,,," ",,,,,,,,," ",,,,,,,,," "
2006-03-24,,,,," ",,,,," ",1,1.202,EUR,," ",,,,,," ",,,,,,,,," ",,,,,,,,," "
2006-03-27,,,,," ",,,,," ",1,1.202,EUR,," ",,,,,," ",,,,,,,,," ",,,,,,,,," "
2006-03-28,,,,," ",,,,," ",1,1.202,EUR,," ",,,,,," ",,,,,,,,," ",,,,,,,,," "
2006-03-29,,,,," ",,,,," ",1,1.202,EUR,," ",,,,,," ",,,,,,,,," ",,,,,,,,," "
2006-03-30,,,,," ",,,,," ",1,1.202,EUR,," ",,,,,," ",,,,,,,,," ",,,,,,,,," "
2006-03-31,,,,," ",,,,," ",1,1.202,EUR,," ",,,,,," ",,,,,,,,," ",,,,,,,,," "
2006-04-03,,,,," ",,,,," ",1,1.227116667,EUR,," ",,,,,," ",,,,,,,,," ",,,,,,,,," "
2006-04-04,,,,," ",,,,," ",1,1.227116667,EUR,," ",,,,,," ",,,,,,,,," ",,,,,,,,," "
2006-04-05,,,,," ",,,,," ",1,1.227116667,EUR,," ",,,,,," ",,,,,,,,," ",,,,,,,,," "
2006-04-06,,,,," ",,,,," ",1,1.227116667,EUR,," ",,,,,," ",,,,,,,,," ",,,,,,,,," "
2006-04-07,,,,," ",,,,," ",1,1.227116667,EUR,," ",,,,,," ",,,,,,,,," ",,,,,,,,," "
2006-04-10,,,,," ",,,,," ",1,1.227116667,EUR,," ",,,,,," ",,,,,,,,," ",,,,,,,,," "
2006-04-11,,,,," ",,,,," ",1,1.227116667,EUR,," ",,,,,," ",,,,,,,,," ",,,,,,,,," "
2006-04-12,,,,," ",,,,," ",1,1.227116667,EUR,," ",,,,,," ",,,,,,,,," ",,,,,,,,," "
2006-04-13,,,,," ",,,,," ",1,1.227116667,EUR,," ",,,,,," ",,,,,,,,," ",,,,,,,,," "
2006-04-18,,,,," ",,,,," ",1,1.227116667,EUR,," ",,,,,," ",,,,,,,,," ",,,,,,,,," "
2006-04-19,,,,," ",,,,," ",1,1.227116667,EUR,," ",,,,,," ",,,,,,,,," ",,,,,,,,," "
2006-04-20,,,,," ",,,,," ",1,1.227116667,EUR,," ",,,,,," ",,,,,,,,," ",,,,,,,,," "
2006-04-21,,,,," ",,,,," ",1,1.227116667,EUR,," ",,,,,," ",,,,,,,,," ",,,,,,,,," "
2006-04-24,,,,," ",,,,," ",1,1.227116667,EUR,," ",,,,,," ",,,,,,,,," ",,,,,,,,," "
2006-04-25,,,,," ",,,,," ",1,1.227116667,EUR,," ",,,,,," ",,,,,,,,," ",,,,,,,,," "
2006-04-26,,,,," ",,,,," ",1,1.227116667,EUR,," ",,,,,," ",,,,,,,,," ",,,,,,,,," "
2006-04-27,,,,," ",,,,," ",1,1.227116667,EUR,," ",,,,,," ",,,,,,,,," ",,,,,,,,," "
2006-04-28,,,,," ",,,,," ",1,1.227116667,EUR,," ",,,,,," ",,,,,,,,," ",,,,,,,,," "
2006-05-02,,,,," ",,,,," ",1,1.276959091,EUR,," ",,,,,," ",,,,,,,,," ",,,,,,,,," "
2006-05-03,,,,," ",,,,," ",1,1.276959091,EUR,," ",,,,,," ",,,,,,,,," ",,,,,,,,," "
2006-05-04,,,,," ",,,,," ",1,1.276959091,EUR,," ",,,,,," ",,,,,,,,," ",,,,,,,,," "
2006-05-05,,,,," ",,,,," ",1,1.276959091,EUR,," ",,,,,," ",,,,,,,,," ",,,,,,,,," "
2006-05-08,,,,," ",,,,," ",1,1.276959091,EUR,," ",,,,,," ",,,,,,,,," ",,,,,,,,," "
2006-05-09,,,,," ",,,,," ",1,1.276959091,EUR,," ",,,,,," ",,,,,,,,," ",,,,,,,,," "
2006-05-10,,,,," ",,,,," ",1,1.276959091,EUR,," ",,,,,," ",,,,,,,,," ",,,,,,,,," "
2006-05-11,,,,," ",,,,," ",1,1.276959091,EUR,," ",,,,,," ",,,,,,,,," ",,,,,,,,," "
2006-05-12,,,,," ",,,,," ",1,1.276959091,EUR,," ",,,,,," ",,,,,,,,," ",,,,,,,,," "
2006-05-15,,,,," ",,,,," ",1,1.276959091,EUR,," ",,,,,," ",,,,,,,,," ",,,,,,,,," "
2006-05-16,,,,," ",,,,," ",1,1.276959091,EUR,," ",,,,,," ",,,,,,,,," ",,,,,,,,," "
2006-05-17,,,,," ",,,,," ",1,1.276959091,EUR,," ",,,,,," ",,,,,,,,," ",,,,,,,,," "
2006-05-18,,,,," ",,,,," ",1,1.276959091,EUR,," ",,,,,," ",,,,,,,,," ",,,,,,,,," "
2006-05-19,,,,," ",,,,," ",1,1.276959091,EUR,," ",,,,,," ",,,,,,,,," ",,,,,,,,," "
2006-05-22,,,,," ",,,,," ",1,1.276959091,EUR,," ",,,,,," ",,,,,,,,," ",,,,,,,,," "
2006-05-23,,,,," ",,,,," ",1,1.276959091,EUR,," ",,,,,," ",,,,,,,,," ",,,,,,,,," "
2006-05-24,,,,," ",,,,," ",1,1.276959091,EUR,," ",,,,,," ",,,,,,,,," ",,,,,,,,," "
2006-05-26,,,,," ",,,,," ",1,1.276959091,EUR,," ",,,,,," ",,,,,,,,," ",,,,,,,,," "
2006-05-29,,,,," ",,,,," ",1,1.276959091,EUR,," ",,,,,," ",,,,,,,,," ",,,,,,,,," "
2006-05-30,,,,," ",,,,," ",1,1.276959091,EUR,," ",,,,,," ",,,,,,,,," ",,,,,,,,," "
2006-05-31,,,,," ",,,,," ",1,1.276959091,EUR,," ",,,,,," ",,,,,,,,," ",,,,,,,,," "
2006-06-01,,,,," ",,,,," ",1,1.264995455,EUR,," ",,,,,," ",,,,,,,,," ",,,,,,,,," "
2006-06-02,,,,," ",,,,," ",1,1.264995455,EUR,," ",,,,,," ",,,,,,,,," ",,,,,,,,," "
2006-06-06,,,,," ",,,,," ",1,1.264995455,EUR,," ",,,,,," ",,,,,,,,," ",,,,,,,,," "
2006-06-07,,,,," ",,,,," ",1,1.264995455,EUR,," ",,,,,," ",,,,,,,,," ",,,,,,,,," "
2006-06-08,,,,," ",,,,," ",1,1.264995455,EUR,," ",,,,,," ",,,,,,,,," ",,,,,,,,," "
2006-06-09,,,,," ",,,,," ",1,1.264995455,EUR,," ",,,,,," ",,,,,,,,," ",,,,,,,,," "
2006-06-12,,,,," ",,,,," ",1,1.264995455,EUR,," ",,,,,," ",,,,,,,,," ",,,,,,,,," "
2006-06-13,,,,," ",,,,," ",1,1.264995455,EUR,," ",,,,,," ",,,,,,,,," ",,,,,,,,," "
2006-06-14,,,,," ",,,,," ",1,1.264995455,EUR,," ",,,,,," ",,,,,,,,," ",,,,,,,,," "
2006-06-15,,,,," ",,,,," ",1,1.264995455,EUR,," ",,,,,," ",,,,,,,,," ",,,,,,,,," "
2006-06-16,,,,," ",,,,," ",1,1.264995455,EUR,," ",,,,,," ",,,,,,,,," ",,,,,,,,," "
2006-06-19,,,,," ",,,,," ",1,1.264995455,EUR,," ",,,,,," ",,,,,,,,," ",,,,,,,,," "
2006-06-20,,,,," ",,,,," ",1,1.264995455,EUR,," ",,,,,," ",,,,,,,,," ",,,,,,,,," "
2006-06-21,,,,," ",,,,," ",1,1.264995455,EUR,," ",,,,,," ",,,,,,,,," ",,,,,,,,," "
2006-06-22,,,,," ",,,,," ",1,1.264995455,EUR,," ",,,,,," ",,,,,,,,," ",,,,,,,,," "
2006-06-23,,,,," ",,,,," ",1,1.264995455,EUR,," ",,,,,," ",,,,,,,,," ",,,,,,,,," "
2006-06-26,,,,," ",,,,," ",1,1.264995455,EUR,," ",,,,,," ",,,,,,,,," ",,,,,,,,," "
2006-06-27,,,,," ",,,,," ",1,1.264995455,EUR,," ",,,,,," ",,,,,,,,," ",,,,,,,,," "
2006-06-28,,,,," ",,,,," ",1,1.264995455,EUR,," ",,,,,," ",,,,,,,,," ",,,,,,,,," "
2006-06-29,,,,," ",,,,," ",1,1.264995455,EUR,," ",,,,,," ",,,,,,,,," ",,,,,,,,," "
2006-06-30,,,,," ",,,,," ",1,1.264995455,EUR,," ",,,,,," ",,,,,,,,," ",,,,,,,,," "
2006-07-03,,,,," ",,,,," ",1,1.268366667,EUR,," ",,,,,," ",,,,,,,,," ",,,,,,,,," "
2006-07-04,,,,," ",,,,," ",1,1.268366667,EUR,," ",,,,,," ",,,,,,,,," ",,,,,,,,," "
2006-07-05,,,,," ",,,,," ",1,1.268366667,EUR,," ",,,,,," ",,,,,,,,," ",,,,,,,,," "
2006-07-06,,,,," ",,,,," ",1,1.268366667,EUR,," ",,,,,," ",,,,,,,,," ",,,,,,,,," "
2006-07-07,,,,," ",,,,," ",1,1.268366667,EUR,," ",,,,,," ",,,,,,,,," ",,,,,,,,," "
2006-07-10,,,,," ",,,,," ",1,1.268366667,EUR,," ",,,,,," ",,,,,,,,," ",,,,,,,,," "
2006-07-11,,,,," ",,,,," ",1,1.268366667,EUR,," ",,,,,," ",,,,,,,,," ",,,,,,,,," "
2006-07-12,,,,," ",,,,," ",1,1.268366667,EUR,," ",,,,,," ",,,,,,,,," ",,,,,,,,," "
2006-07-13,,,,," ",,,,," ",1,1.268366667,EUR,," ",,,,,," ",,,,,,,,," ",,,,,,,,," "
2006-07-14,,,,," ",,,,," ",1,1.268366667,EUR,," ",,,,,," ",,,,,,,,," ",,,,,,,,," "
2006-07-17,,,,," ",,,,," ",1,1.268366667,EUR,," ",,,,,," ",,,,,,,,," ",,,,,,,,," "
2006-07-18,,,,," ",,,,," ",1,1.268366667,EUR,," ",,,,,," ",,,,,,,,," ",,,,,,,,," "
2006-07-19,,,,," ",,,,," ",1,1.268366667,EUR,," ",,,,,," ",,,,,,,,," ",,,,,,,,," "
2006-07-20,,,,," ",,,,," ",1,1.268366667,EUR,," ",,,,,," ",,,,,,,,," ",,,,,,,,," "
2006-07-21,,,,," ",,,,," ",1,1.268366667,EUR,," ",,,,,," ",,,,,,,,," ",,,,,,,,," "
2006-07-24,,,,," ",,,,," ",1,1.268366667,EUR,," ",,,,,," ",,,,,,,,," ",,,,,,,,," "
2006-07-25,,,,," ",,,,," ",1,1.268366667,EUR,," ",,,,,," ",,,,,,,,," ",,,,,,,,," "
2006-07-26,,,,," ",,,,," ",1,1.268366667,EUR,," ",,,,,," ",,,,,,,,," ",,,,,,,,," "
2006-07-27,,,,," ",,,,," ",1,1.268366667,EUR,," ",,,,,," ",,,,,,,,," ",,,,,,,,," "
2006-07-28,,,,," ",,,,," ",1,1.268366667,EUR,," ",,,,,," ",,,,,,,,," ",,,,,,,,," "
2006-07-31,,,,," ",,,,," ",1,1.268366667,EUR,," ",,,,,," ",,,,,,,,," ",,,,,,,,," "
2006-08-01,,,,," ",,,,," ",1,1.281130435,EUR,," ",,,,,," ",,,,,,,,," ",,,,,,,,," "
2006-08-02,,,,," ",,,,," ",1,1.281130435,EUR,," ",,,,,," ",,,,,,,,," ",,,,,,,,," "
2006-08-03,,,,," ",,,,," ",1,1.281130435,EUR,," ",,,,,," ",,,,,,,,," ",,,,,,,,," "
2006-08-04,,,,," ",,,,," ",1,1.281130435,EUR,," ",,,,,," ",,,,,,,,," ",,,,,,,,," "
2006-08-07,,,,," ",,,,," ",1,1.281130435,EUR,," ",,,,,," ",,,,,,,,," ",,,,,,,,," "
2006-08-08,,,,," ",,,,," ",1,1.281130435,EUR,," ",,,,,," ",,,,,,,,," ",,,,,,,,," "
2006-08-09,,,,," ",,,,," ",1,1.281130435,EUR,," ",,,,,," ",,,,,,,,," ",,,,,,,,," "
2006-08-10,,,,," ",,,,," ",1,1.281130435,EUR,," ",,,,,," ",,,,,,,,," ",,,,,,,,," "
2006-08-11,,,,," ",,,,," ",1,1.281130435,EUR,," ",,,,,," ",,,,,,,,," ",,,,,,,,," "
2006-08-14,,,,," ",,,,," ",1,1.281130435,EUR,," ",,,,,," ",,,,,,,,," ",,,,,,,,," "
2006-08-15,,,,," ",,,,," ",1,1.281130435,EUR,," ",,,,,," ",,,,,,,,," ",,,,,,,,," "
2006-08-16,,,,," ",,,,," ",1,1.281130435,EUR,," ",,,,,," ",,,,,,,,," ",,,,,,,,," "
2006-08-17,,,,," ",,,,," ",1,1.281130435,EUR,," ",,,,,," ",,,,,,,,," ",,,,,,,,," "
2006-08-18,,,,," ",,,,," ",1,1.281130435,EUR,," ",,,,,," ",,,,,,,,," ",,,,,,,,," "
2006-08-21,,,,," ",,,,," ",1,1.281130435,EUR,," ",,,,,," ",,,,,,,,," ",,,,,,,,," "
2006-08-22,,,,," ",,,,," ",1,1.281130435,EUR,," ",,,,,," ",,,,,,,,," ",,,,,,,,," "
2006-08-23,,,,," ",,,,," ",1,1.281130435,EUR,," ",,,,,," ",,,,,,,,," ",,,,,,,,," "
2006-08-24,,,,," ",,,,," ",1,1.281130435,EUR,," ",,,,,," ",,,,,,,,," ",,,,,,,,," "
2006-08-25,,,,," ",,,,," ",1,1.281130435,EUR,," ",,,,,," ",,,,,,,,," ",,,,,,,,," "
2006-08-28,,,,," ",,,,," ",1,1.281130435,EUR,," ",,,,,," ",,,,,,,,," ",,,,,,,,," "
2006-08-29,,,,," ",,,,," ",1,1.281130435,EUR,," ",,,,,," ",,,,,,,,," ",,,,,,,,," "
2006-08-30,,,,," ",,,,," ",1,1.281130435,EUR,," ",,,,,," ",,,,,,,,," ",,,,,,,,," "
2006-08-31,,,,," ",,,,," ",1,1.281130435,EUR,," ",,,,,," ",,,,,,,,," ",,,,,,,,," "
2006-09-01,,,,," ",,,,," ",1,1.272742857,EUR,," ",,,,,," ",,,,,,,,," ",,,,,,,,," "
2006-09-04,,,,," ",,,,," ",1,1.272742857,EUR,," ",,,,,," ",,,,,,,,," ",,,,,,,,," "
2006-09-05,,,,," ",,,,," ",1,1.272742857,EUR,," ",,,,,," ",,,,,,,,," ",,,,,,,,," "
2006-09-06,,,,," ",,,,," ",1,1.272742857,EUR,," ",,,,,," ",,,,,,,,," ",,,,,,,,," "
2006-09-07,,,,," ",,,,," ",1,1.272742857,EUR,," ",,,,,," ",,,,,,,,," ",,,,,,,,," "
2006-09-08,,,,," ",,,,," ",1,1.272742857,EUR,," ",,,,,," ",,,,,,,,," ",,,,,,,,," "
2006-09-11,,,,," ",,,,," ",1,1.272742857,EUR,," ",,,,,," ",,,,,,,,," ",,,,,,,,," "
2006-09-12,,,,," ",,,,," ",1,1.272742857,EUR,," ",,,,,," ",,,,,,,,," ",,,,,,,,," "
2006-09-13,,,,," ",,,,," ",1,1.272742857,EUR,," ",,,,,," ",,,,,,,,," ",,,,,,,,," "
2006-09-14,,,,," ",,,,," ",1,1.272742857,EUR,," ",,,,,," ",,,,,,,,," ",,,,,,,,," "
2006-09-15,,,,," ",,,,," ",1,1.272742857,EUR,," ",,,,,," ",,,,,,,,," ",,,,,,,,," "
2006-09-18,,,,," ",,,,," ",1,1.272742857,EUR,," ",,,,,," ",,,,,,,,," ",,,,,,,,," "
2006-09-19,,,,," ",,,,," ",1,1.272742857,EUR,," ",,,,,," ",,,,,,,,," ",,,,,,,,," "
2006-09-20,,,,," ",,,,," ",1,1.272742857,EUR,," ",,,,,," ",,,,,,,,," ",,,,,,,,," "
2006-09-21,,,,," ",,,,," ",1,1.272742857,EUR,," ",,,,,," ",,,,,,,,," ",,,,,,,,," "
2006-09-22,,,,," ",,,,," ",1,1.272742857,EUR,," ",,,,,," ",,,,,,,,," ",,,,,,,,," "
2006-09-25,,,,," ",,,,," ",1,1.272742857,EUR,," ",,,,,," ",,,,,,,,," ",,,,,,,,," "
2006-09-26,,,,," ",,,,," ",1,1.272742857,EUR,," ",,,,,," ",,,,,,,,," ",,,,,,,,," "
2006-09-27,,,,," ",,,,," ",1,1.272742857,EUR,," ",,,,,," ",,,,,,,,," ",,,,,,,,," "
2006-09-28,,,,," ",,,,," ",1,1.272742857,EUR,," ",,,,,," ",,,,,,,,," ",,,,,,,,," "
2006-09-29,,,,," ",,,,," ",1,1.272742857,EUR,," ",,,,,," ",,,,,,,,," ",,,,,,,,," "
2006-10-02,,,,," ",,,,," ",1,1.261104545,EUR,," ",,,,,," ",,,,,,,,," ",,,,,,,,," "
2006-10-04,,,,," ",,,,," ",1,1.261104545,EUR,," ",,,,,," ",,,,,,,,," ",,,,,,,,," "
2006-10-05,,,,," ",,,,," ",1,1.261104545,EUR,," ",,,,,," ",,,,,,,,," ",,,,,,,,," "
2006-10-06,,,,," ",,,,," ",1,1.261104545,EUR,," ",,,,,," ",,,,,,,,," ",,,,,,,,," "
2006-10-09,,,,," ",,,,," ",1,1.261104545,EUR,," ",,,,,," ",,,,,,,,," ",,,,,,,,," "
2006-10-10,,,,," ",,,,," ",1,1.261104545,EUR,," ",,,,,," ",,,,,,,,," ",,,,,,,,," "
2006-10-11,,,,," ",,,,," ",1,1.261104545,EUR,," ",,,,,," ",,,,,,,,," ",,,,,,,,," "
2006-10-12,,,,," ",,,,," ",1,1.261104545,EUR,," ",,,,,," ",,,,,,,,," ",,,,,,,,," "
2006-10-13,,,,," ",,,,," ",1,1.261104545,EUR,," ",,,,,," ",,,,,,,,," ",,,,,,,,," "
2006-10-16,,,,," ",,,,," ",1,1.261104545,EUR,," ",,,,,," ",,,,,,,,," ",,,,,,,,," "
2006-10-17,,,,," ",,,,," ",1,1.261104545,EUR,," ",,,,,," ",,,,,,,,," ",,,,,,,,," "
2006-10-18,,,,," ",,,,," ",1,1.261104545,EUR,," ",,,,,," ",,,,,,,,," ",,,,,,,,," "
2006-10-19,,,,," ",,,,," ",1,1.261104545,EUR,," ",,,,,," ",,,,,,,,," ",,,,,,,,," "
2006-10-20,,,,," ",,,,," ",1,1.261104545,EUR,," ",,,,,," ",,,,,,,,," ",,,,,,,,," "
2006-10-23,,,,," ",,,,," ",1,1.261104545,EUR,," ",,,,,," ",,,,,,,,," ",,,,,,,,," "
2006-10-24,,,,," ",,,,," ",1,1.261104545,EUR,," ",,,,,," ",,,,,,,,," ",,,,,,,,," "
2006-10-25,,,,," ",,,,," ",1,1.261104545,EUR,," ",,,,,," ",,,,,,,,," ",,,,,,,,," "
2006-10-26,,,,," ",,,,," ",1,1.261104545,EUR,," ",,,,,," ",,,,,,,,," ",,,,,,,,," "
2006-10-27,,,,," ",,,,," ",1,1.261104545,EUR,," ",,,,,," ",,,,,,,,," ",,,,,,,,," "
2006-10-30,,,,," ",,,,," ",1,1.261104545,EUR,," ",,,,,," ",,,,,,,,," ",,,,,,,,," "
2006-10-31,,,,," ",,,,," ",1,1.261104545,EUR,," ",,,,,," ",,,,,,,,," ",,,,,,,,," "
2006-11-01,,,,," ",,,,," ",1,1.288140909,EUR,," ",,,,,," ",,,,,,,,," ",,,,,,,,," "
2006-11-02,,,,," ",,,,," ",1,1.288140909,EUR,," ",,,,,," ",,,,,,,,," ",,,,,,,,," "
2006-11-03,,,,," ",,,,," ",1,1.288140909,EUR,," ",,,,,," ",,,,,,,,," ",,,,,,,,," "
2006-11-06,,,,," ",,,,," ",1,1.288140909,EUR,," ",,,,,," ",,,,,,,,," ",,,,,,,,," "
2006-11-07,,,,," ",,,,," ",1,1.288140909,EUR,," ",,,,,," ",,,,,,,,," ",,,,,,,,," "
2006-11-08,,,,," ",,,,," ",1,1.288140909,EUR,," ",,,,,," ",,,,,,,,," ",,,,,,,,," "
2006-11-09,,,,," ",,,,," ",1,1.288140909,EUR,," ",,,,,," ",,,,,,,,," ",,,,,,,,," "
2006-11-10,,,,," ",,,,," ",1,1.288140909,EUR,," ",,,,,," ",,,,,,,,," ",,,,,,,,," "
2006-11-13,,,,," ",,,,," ",1,1.288140909,EUR,," ",,,,,," ",,,,,,,,," ",,,,,,,,," "
2006-11-14,,,,," ",,,,," ",1,1.288140909,EUR,," ",,,,,," ",,,,,,,,," ",,,,,,,,," "
2006-11-15,,,,," ",,,,," ",1,1.288140909,EUR,," ",,,,,," ",,,,,,,,," ",,,,,,,,," "
2006-11-16,,,,," ",,,,," ",1,1.288140909,EUR,," ",,,,,," ",,,,,,,,," ",,,,,,,,," "
2006-11-17,,,,," ",,,,," ",1,1.288140909,EUR,," ",,,,,," ",,,,,,,,," ",,,,,,,,," "
2006-11-20,,,,," ",,,,," ",1,1.288140909,EUR,," ",,,,,," ",,,,,,,,," ",,,,,,,,," "
2006-11-21,,,,," ",,,,," ",1,1.288140909,EUR,," ",,,,,," ",,,,,,,,," ",,,,,,,,," "
2006-11-22,,,,," ",,,,," ",1,1.288140909,EUR,," ",,,,,," ",,,,,,,,," ",,,,,,,,," "
2006-11-23,,,,," ",,,,," ",1,1.288140909,EUR,," ",,,,,," ",,,,,,,,," ",,,,,,,,," "
2006-11-24,,,,," ",,,,," ",1,1.288140909,EUR,," ",,,,,," ",,,,,,,,," ",,,,,,,,," "
2006-11-27,,,,," ",,,,," ",1,1.288140909,EUR,," ",,,,,," ",,,,,,,,," ",,,,,,,,," "
2006-11-28,,,,," ",,,,," ",1,1.288140909,EUR,," ",,,,,," ",,,,,,,,," ",,,,,,,,," "
2006-11-29,,,,," ",,,,," ",1,1.288140909,EUR,," ",,,,,," ",,,,,,,,," ",,,,,,,,," "
2006-11-30,,,,," ",,,,," ",1,1.288140909,EUR,," ",,,,,," ",,,,,,,,," ",,,,,,,,," "
2006-12-01,,,,," ",,,,," ",1,1.321278947,EUR,," ",,,,,," ",,,,,,,,," ",,,,,,,,," "
2006-12-04,,,,," ",,,,," ",1,1.321278947,EUR,," ",,,,,," ",,,,,,,,," ",,,,,,,,," "
2006-12-05,,,,," ",,,,," ",1,1.321278947,EUR,," ",,,,,," ",,,,,,,,," ",,,,,,,,," "
2006-12-06,,,,," ",,,,," ",1,1.321278947,EUR,," ",,,,,," ",,,,,,,,," ",,,,,,,,," "
2006-12-07,,,,," ",,,,," ",1,1.321278947,EUR,," ",,,,,," ",,,,,,,,," ",,,,,,,,," "
2006-12-08,,,,," ",,,,," ",1,1.321278947,EUR,," ",,,,,," ",,,,,,,,," ",,,,,,,,," "
2006-12-11,,,,," ",,,,," ",1,1.321278947,EUR,," ",,,,,," ",,,,,,,,," ",,,,,,,,," "
2006-12-12,,,,," ",,,,," ",1,1.321278947,EUR,," ",,,,,," ",,,,,,,,," ",,,,,,,,," "
2006-12-13,,,,," ",,,,," ",1,1.321278947,EUR,," ",,,,,," ",,,,,,,,," ",,,,,,,,," "
2006-12-14,,,,," ",,,,," ",1,1.321278947,EUR,," ",,,,,," ",,,,,,,,," ",,,,,,,,," "
2006-12-15,,,,," ",,,,," ",1,1.321278947,EUR,," ",,,,,," ",,,,,,,,," ",,,,,,,,," "
2006-12-18,,,,," ",,,,," ",1,1.321278947,EUR,," ",,,,,," ",,,,,,,,," ",,,,,,,,," "
2006-12-19,,,,," ",,,,," ",1,1.321278947,EUR,," ",,,,,," ",,,,,,,,," ",,,,,,,,," "
2006-12-20,,,,," ",,,,," ",1,1.321278947,EUR,," ",,,,,," ",,,,,,,,," ",,,,,,,,," "
2006-12-21,,,,," ",,,,," ",1,1.321278947,EUR,," ",,,,,," ",,,,,,,,," ",,,,,,,,," "
2006-12-22,,,,," ",,,,," ",1,1.321278947,EUR,," ",,,,,," ",,,,,,,,," ",,,,,,,,," "
2006-12-27,,,,," ",,,,," ",1,1.321278947,EUR,," ",,,,,," ",,,,,,,,," ",,,,,,,,," "
2006-12-28,,,,," ",,,,," ",1,1.321278947,EUR,," ",,,,,," ",,,,,,,,," ",,,,,,,,," "
2006-12-29,,,,," ",,,,," ",1,1.321278947,EUR,," ",,,,,," ",,,,,,,,," ",,,,,,,,," "
2007-01-02,,,,," ",,,,," ",1,1.299863636,EUR,," ",,,,,," ",,,,,,,,," ",,,,,,,,," "
2007-01-03,,,,," ",,,,," ",1,1.299863636,EUR,," ",,,,,," ",,,,,,,,," ",,,,,,,,," "
2007-01-04,,,,," ",,,,," ",1,1.299863636,EUR,," ",,,,,," ",,,,,,,,," ",,,,,,,,," "
2007-01-05,,,,," ",,,,," ",1,1.299863636,EUR,," ",,,,,," ",,,,,,,,," ",,,,,,,,," "
2007-01-08,,,,," ",,,,," ",1,1.299863636,EUR,," ",,,,,," ",,,,,,,,," ",,,,,,,,," "
2007-01-09,,,,," ",,,,," ",1,1.299863636,EUR,," ",,,,,," ",,,,,,,,," ",,,,,,,,," "
2007-01-10,,,,," ",,,,," ",1,1.299863636,EUR,," ",,,,,," ",,,,,,,,," ",,,,,,,,," "
2007-01-11,,,,," ",,,,," ",1,1.299863636,EUR,," ",,,,,," ",,,,,,,,," ",,,,,,,,," "
2007-01-12,,,,," ",,,,," ",1,1.299863636,EUR,," ",,,,,," ",,,,,,,,," ",,,,,,,,," "
2007-01-15,,,,," ",,,,," ",1,1.299863636,EUR,," ",,,,,," ",,,,,,,,," ",,,,,,,,," "
2007-01-16,,,,," ",,,,," ",1,1.299863636,EUR,," ",,,,,," ",,,,,,,,," ",,,,,,,,," "
2007-01-17,,,,," ",,,,," ",1,1.299863636,EUR,," ",,,,,," ",,,,,,,,," ",,,,,,,,," "
2007-01-18,,,,," ",,,,," ",1,1.299863636,EUR,," ",,,,,," ",,,,,,,,," ",,,,,,,,," "
2007-01-19,,,,," ",,,,," ",1,1.299863636,EUR,," ",,,,,," ",,,,,,,,," ",,,,,,,,," "
2007-01-22,,,,," ",,,,," ",1,1.299863636,EUR,," ",,,,,," ",,,,,,,,," ",,,,,,,,," "
2007-01-23,,,,," ",,,,," ",1,1.299863636,EUR,," ",,,,,," ",,,,,,,,," ",,,,,,,,," "
2007-01-24,,,,," ",,,,," ",1,1.299863636,EUR,," ",,,,,," ",,,,,,,,," ",,,,,,,,," "
2007-01-25,,,,," ",,,,," ",1,1.299863636,EUR,," ",,,,,," ",,,,,,,,," ",,,,,,,,," "
2007-01-26,,,,," ",,,,," ",1,1.299863636,EUR,," ",,,,,," ",,,,,,,,," ",,,,,,,,," "
2007-01-29,,,,," ",,,,," ",1,1.299863636,EUR,," ",,,,,," ",,,,,,,,," ",,,,,,,,," "
2007-01-30,,,,," ",,,,," ",1,1.299863636,EUR,," ",,,,,," ",,,,,,,,," ",,,,,,,,," "
2007-01-31,,,,," ",,,,," ",1,1.299863636,EUR,," ",,,,,," ",,,,,,,,," ",,,,,,,,," "
2007-02-01,,,,," ",,,,," ",1,1.30742,EUR,," ",,,,,," ",,,,,,,,," ",,,,,,,,," "
2007-02-02,,,,," ",,,,," ",1,1.30742,EUR,," ",,,,,," ",,,,,,,,," ",,,,,,,,," "
2007-02-05,,,,," ",,,,," ",1,1.30742,EUR,," ",,,,,," ",,,,,,,,," ",,,,,,,,," "
2007-02-06,,,,," ",,,,," ",1,1.30742,EUR,," ",,,,,," ",,,,,,,,," ",,,,,,,,," "
2007-02-07,,,,," ",,,,," ",1,1.30742,EUR,," ",,,,,," ",,,,,,,,," ",,,,,,,,," "
2007-02-08,,,,," ",,,,," ",1,1.30742,EUR,," ",,,,,," ",,,,,,,,," ",,,,,,,,," "
2007-02-09,,,,," ",,,,," ",1,1.30742,EUR,," ",,,,,," ",,,,,,,,," ",,,,,,,,," "
2007-02-12,,,,," ",,,,," ",1,1.30742,EUR,," ",,,,,," ",,,,,,,,," ",,,,,,,,," "
2007-02-13,,,,," ",,,,," ",1,1.30742,EUR,," ",,,,,," ",,,,,,,,," ",,,,,,,,," "
2007-02-14,,,,," ",,,,," ",1,1.30742,EUR,," ",,,,,," ",,,,,,,,," ",,,,,,,,," "
2007-02-15,,,,," ",,,,," ",1,1.30742,EUR,," ",,,,,," ",,,,,,,,," ",,,,,,,,," "
2007-02-16,,,,," ",,,,," ",1,1.30742,EUR,," ",,,,,," ",,,,,,,,," ",,,,,,,,," "
2007-02-19,,,,," ",,,,," ",1,1.30742,EUR,," ",,,,,," ",,,,,,,,," ",,,,,,,,," "
2007-02-20,,,,," ",,,,," ",1,1.30742,EUR,," ",,,,,," ",,,,,,,,," ",,,,,,,,," "
2007-02-21,,,,," ",,,,," ",1,1.30742,EUR,," ",,,,,," ",,,,,,,,," ",,,,,,,,," "
2007-02-22,,,,," ",,,,," ",1,1.30742,EUR,," ",,,,,," ",,,,,,,,," ",,,,,,,,," "
2007-02-23,,,,," ",,,,," ",1,1.30742,EUR,," ",,,,,," ",,,,,,,,," ",,,,,,,,," "
2007-02-26,,,,," ",,,,," ",1,1.30742,EUR,," ",,,,,," ",,,,,,,,," ",,,,,,,,," "
2007-02-27,,,,," ",,,,," ",1,1.30742,EUR,," ",,,,,," ",,,,,,,,," ",,,,,,,,," "
2007-02-28,,,,," ",,,,," ",1,1.30742,EUR,," ",,,,,," ",,,,,,,,," ",,,,,,,,," "
2007-03-01,,,,," ",,,,," ",1,1.324186364,EUR,," ",,,,,," ",,,,,,,,," ",,,,,,,,," "
2007-03-02,,,,," ",,,,," ",1,1.324186364,EUR,," ",,,,,," ",,,,,,,,," ",,,,,,,,," "
2007-03-05,,,,," ",,,,," ",1,1.324186364,EUR,," ",,,,,," ",,,,,,,,," ",,,,,,,,," "
2007-03-06,,,,," ",,,,," ",1,1.324186364,EUR,," ",,,,,," ",,,,,,,,," ",,,,,,,,," "
2007-03-07,,,,," ",,,,," ",1,1.324186364,EUR,," ",,,,,," ",,,,,,,,," ",,,,,,,,," "
2007-03-08,,,,," ",,,,," ",1,1.324186364,EUR,," ",,,,,," ",,,,,,,,," ",,,,,,,,," "
2007-03-09,,,,," ",,,,," ",1,1.324186364,EUR,," ",,,,,," ",,,,,,,,," ",,,,,,,,," "
2007-03-12,,,,," ",,,,," ",1,1.324186364,EUR,," ",,,,,," ",,,,,,,,," ",,,,,,,,," "
2007-03-13,,,,," ",,,,," ",1,1.324186364,EUR,," ",,,,,," ",,,,,,,,," ",,,,,,,,," "
2007-03-14,,,,," ",,,,," ",1,1.324186364,EUR,," ",,,,,," ",,,,,,,,," ",,,,,,,,," "
2007-03-15,,,,," ",,,,," ",1,1.324186364,EUR,," ",,,,,," ",,,,,,,,," ",,,,,,,,," "
2007-03-16,,,,," ",,,,," ",1,1.324186364,EUR,," ",,,,,," ",,,,,,,,," ",,,,,,,,," "
2007-03-19,,,,," ",,,,," ",1,1.324186364,EUR,," ",,,,,," ",,,,,,,,," ",,,,,,,,," "
2007-03-20,,,,," ",,,,," ",1,1.324186364,EUR,," ",,,,,," ",,,,,,,,," ",,,,,,,,," "
2007-03-21,,,,," ",,,,," ",1,1.324186364,EUR,," ",,,,,," ",,,,,,,,," ",,,,,,,,," "
2007-03-22,,,,," ",,,,," ",1,1.324186364,EUR,," ",,,,,," ",,,,,,,,," ",,,,,,,,," "
2007-03-23,,,,," ",,,,," ",1,1.324186364,EUR,," ",,,,,," ",,,,,,,,," ",,,,,,,,," "
2007-03-26,,,,," ",,,,," ",1,1.324186364,EUR,," ",,,,,," ",,,,,,,,," ",,,,,,,,," "
2007-03-27,,,,," ",,,,," ",1,1.324186364,EUR,," ",,,,,," ",,,,,,,,," ",,,,,,,,," "
2007-03-28,,,,," ",,,,," ",1,1.324186364,EUR,," ",,,,,," ",,,,,,,,," ",,,,,,,,," "
2007-03-29,,,,," ",,,,," ",1,1.324186364,EUR,," ",,,,,," ",,,,,,,,," ",,,,,,,,," "
2007-03-30,,,,," ",,,,," ",1,1.324186364,EUR,," ",,,,,," ",,,,,,,,," ",,,,,,,,," "
2007-04-02,,,,," ",,,,," ",1,1.351615789,EUR,," ",,,,,," ",,,,,,,,," ",,,,,,,,," "
2007-04-03,,,,," ",,,,," ",1,1.351615789,EUR,," ",,,,,," ",,,,,,,,," ",,,,,,,,," "
2007-04-04,,,,," ",,,,," ",1,1.351615789,EUR,," ",,,,,," ",,,,,,,,," ",,,,,,,,," "
2007-04-05,,,,," ",,,,," ",1,1.351615789,EUR,," ",,,,,," ",,,,,,,,," ",,,,,,,,," "
2007-04-10,,,,," ",,,,," ",1,1.351615789,EUR,," ",,,,,," ",,,,,,,,," ",,,,,,,,," "
2007-04-11,,,,," ",,,,," ",1,1.351615789,EUR,," ",,,,,," ",,,,,,,,," ",,,,,,,,," "
2007-04-12,,,,," ",,,,," ",1,1.351615789,EUR,," ",,,,,," ",,,,,,,,," ",,,,,,,,," "
2007-04-13,,,,," ",,,,," ",1,1.351615789,EUR,," ",,,,,," ",,,,,,,,," ",,,,,,,,," "
2007-04-16,,,,," ",,,,," ",1,1.351615789,EUR,," ",,,,,," ",,,,,,,,," ",,,,,,,,," "
2007-04-17,,,,," ",,,,," ",1,1.351615789,EUR,," ",,,,,," ",,,,,,,,," ",,,,,,,,," "
2007-04-18,,,,," ",,,,," ",1,1.351615789,EUR,," ",,,,,," ",,,,,,,,," ",,,,,,,,," "
2007-04-19,,,,," ",,,,," ",1,1.351615789,EUR,," ",,,,,," ",,,,,,,,," ",,,,,,,,," "
2007-04-20,,,,," ",,,,," ",1,1.351615789,EUR,," ",,,,,," ",,,,,,,,," ",,,,,,,,," "
2007-04-23,,,,," ",,,,," ",1,1.351615789,EUR,," ",,,,,," ",,,,,,,,," ",,,,,,,,," "
2007-04-24,,,,," ",,,,," ",1,1.351615789,EUR,," ",,,,,," ",,,,,,,,," ",,,,,,,,," "
2007-04-25,,,,," ",,,,," ",1,1.351615789,EUR,," ",,,,,," ",,,,,,,,," ",,,,,,,,," "
2007-04-26,,,,," ",,,,," ",1,1.351615789,EUR,," ",,,,,," ",,,,,,,,," ",,,,,,,,," "
2007-04-27,,,,," ",,,,," ",1,1.351615789,EUR,," ",,,,,," ",,,,,,,,," ",,,,,,,,," "
2007-04-30,,,,," ",,,,," ",1,1.351615789,EUR,," ",,,,,," ",,,,,,,,," ",,,,,,,,," "
2007-05-02,,,,," ",,,,," ",1,1.351131818,EUR,," ",,,,,," ",,,,,,,,," ",,,,,,,,," "
2007-05-03,,,,," ",,,,," ",1,1.351131818,EUR,," ",,,,,," ",,,,,,,,," ",,,,,,,,," "
2007-05-04,,,,," ",,,,," ",1,1.351131818,EUR,," ",,,,,," ",,,,,,,,," ",,,,,,,,," "
2007-05-07,,,,," ",,,,," ",1,1.351131818,EUR,," ",,,,,," ",,,,,,,,," ",,,,,,,,," "
2007-05-08,,,,," ",,,,," ",1,1.351131818,EUR,," ",,,,,," ",,,,,,,,," ",,,,,,,,," "
2007-05-09,,,,," ",,,,," ",1,1.351131818,EUR,," ",,,,,," ",,,,,,,,," ",,,,,,,,," "
2007-05-10,,,,," ",,,,," ",1,1.351131818,EUR,," ",,,,,," ",,,,,,,,," ",,,,,,,,," "
2007-05-11,,,,," ",,,,," ",1,1.351131818,EUR,," ",,,,,," ",,,,,,,,," ",,,,,,,,," "
2007-05-14,,,,," ",,,,," ",1,1.351131818,EUR,," ",,,,,," ",,,,,,,,," ",,,,,,,,," "
2007-05-15,,,,," ",,,,," ",1,1.351131818,EUR,," ",,,,,," ",,,,,,,,," ",,,,,,,,," "
2007-05-16,,,,," ",,,,," ",1,1.351131818,EUR,," ",,,,,," ",,,,,,,,," ",,,,,,,,," "
2007-05-18,,,,," ",,,,," ",1,1.351131818,EUR,," ",,,,,," ",,,,,,,,," ",,,,,,,,," "
2007-05-21,,,,," ",,,,," ",1,1.351131818,EUR,," ",,,,,," ",,,,,,,,," ",,,,,,,,," "
2007-05-22,,,,," ",,,,," ",1,1.351131818,EUR,," ",,,,,," ",,,,,,,,," ",,,,,,,,," "
2007-05-23,,,,," ",,,,," ",1,1.351131818,EUR,," ",,,,,," ",,,,,,,,," ",,,,,,,,," "
2007-05-24,,,,," ",,,,," ",1,1.351131818,EUR,," ",,,,,," ",,,,,,,,," ",,,,,,,,," "
2007-05-25,,,,," ",,,,," ",1,1.351131818,EUR,," ",,,,,," ",,,,,,,,," ",,,,,,,,," "
2007-05-29,,,,," ",,,,," ",1,1.351131818,EUR,," ",,,,,," ",,,,,,,,," ",,,,,,,,," "
2007-05-30,,,,," ",,,,," ",1,1.351131818,EUR,," ",,,,,," ",,,,,,,,," ",,,,,,,,," "
2007-05-31,,,,," ",,,,," ",1,1.351131818,EUR,," ",,,,,," ",,,,,,,,," ",,,,,,,,," "
2007-06-01,,,,," ",,,,," ",1,1.341857143,EUR,," ",,,,,," ",,,,,,,,," ",,,,,,,,," "
2007-06-04,,,,," ",,,,," ",1,1.341857143,EUR,," ",,,,,," ",,,,,,,,," ",,,,,,,,," "
2007-06-05,,,,," ",,,,," ",1,1.341857143,EUR,," ",,,,,," ",,,,,,,,," ",,,,,,,,," "
2007-06-06,,,,," ",,,,," ",1,1.341857143,EUR,," ",,,,,," ",,,,,,,,," ",,,,,,,,," "
2007-06-07,,,,," ",,,,," ",1,1.341857143,EUR,," ",,,,,," ",,,,,,,,," ",,,,,,,,," "
2007-06-08,,,,," ",,,,," ",1,1.341857143,EUR,," ",,,,,," ",,,,,,,,," ",,,,,,,,," "
2007-06-11,,,,," ",,,,," ",1,1.341857143,EUR,," ",,,,,," ",,,,,,,,," ",,,,,,,,," "
2007-06-12,,,,," ",,,,," ",1,1.341857143,EUR,," ",,,,,," ",,,,,,,,," ",,,,,,,,," "
2007-06-13,,,,," ",,,,," ",1,1.341857143,EUR,," ",,,,,," ",,,,,,,,," ",,,,,,,,," "
2007-06-14,,,,," ",,,,," ",1,1.341857143,EUR,," ",,,,,," ",,,,,,,,," ",,,,,,,,," "
2007-06-15,,,,," ",,,,," ",1,1.341857143,EUR,," ",,,,,," ",,,,,,,,," ",,,,,,,,," "
2007-06-18,,,,," ",,,,," ",1,1.341857143,EUR,," ",,,,,," ",,,,,,,,," ",,,,,,,,," "
2007-06-19,,,,," ",,,,," ",1,1.341857143,EUR,," ",,,,,," ",,,,,,,,," ",,,,,,,,," "
2007-06-20,,,,," ",,,,," ",1,1.341857143,EUR,," ",,,,,," ",,,,,,,,," ",,,,,,,,," "
2007-06-21,,,,," ",,,,," ",1,1.341857143,EUR,," ",,,,,," ",,,,,,,,," ",,,,,,,,," "
2007-06-22,,,,," ",,,,," ",1,1.341857143,EUR,," ",,,,,," ",,,,,,,,," ",,,,,,,,," "
2007-06-25,,,,," ",,,,," ",1,1.341857143,EUR,," ",,,,,," ",,,,,,,,," ",,,,,,,,," "
2007-06-26,,,,," ",,,,," ",1,1.341857143,EUR,," ",,,,,," ",,,,,,,,," ",,,,,,,,," "
2007-06-27,,,,," ",,,,," ",1,1.341857143,EUR,," ",,,,,," ",,,,,,,,," ",,,,,,,,," "
2007-06-28,,,,," ",,,,," ",1,1.341857143,EUR,," ",,,,,," ",,,,,,,,," ",,,,,,,,," "
2007-06-29,,,,," ",,,,," ",1,1.341857143,EUR,," ",,,,,," ",,,,,,,,," ",,,,,,,,," "
2007-07-02,,,,," ",,,,," ",1,1.371559091,EUR,," ",,,,,," ",,,,,,,,," ",,,,,,,,," "
2007-07-03,,,,," ",,,,," ",1,1.371559091,EUR,," ",,,,,," ",,,,,,,,," ",,,,,,,,," "
2007-07-04,,,,," ",,,,," ",1,1.371559091,EUR,," ",,,,,," ",,,,,,,,," ",,,,,,,,," "
2007-07-05,,,,," ",,,,," ",1,1.371559091,EUR,," ",,,,,," ",,,,,,,,," ",,,,,,,,," "
2007-07-06,,,,," ",,,,," ",1,1.371559091,EUR,," ",,,,,," ",,,,,,,,," ",,,,,,,,," "
2007-07-09,,,,," ",,,,," ",1,1.371559091,EUR,," ",,,,,," ",,,,,,,,," ",,,,,,,,," "
2007-07-10,,,,," ",,,,," ",1,1.371559091,EUR,," ",,,,,," ",,,,,,,,," ",,,,,,,,," "
2007-07-11,,,,," ",,,,," ",1,1.371559091,EUR,," ",,,,,," ",,,,,,,,," ",,,,,,,,," "
2007-07-12,,,,," ",,,,," ",1,1.371559091,EUR,," ",,,,,," ",,,,,,,,," ",,,,,,,,," "
2007-07-13,,,,," ",,,,," ",1,1.371559091,EUR,," ",,,,,," ",,,,,,,,," ",,,,,,,,," "
2007-07-16,,,,," ",,,,," ",1,1.371559091,EUR,," ",,,,,," ",,,,,,,,," ",,,,,,,,," "
2007-07-17,,,,," ",,,,," ",1,1.371559091,EUR,," ",,,,,," ",,,,,,,,," ",,,,,,,,," "
2007-07-18,,,,," ",,,,," ",1,1.371559091,EUR,," ",,,,,," ",,,,,,,,," ",,,,,,,,," "
2007-07-19,,,,," ",,,,," ",1,1.371559091,EUR,," ",,,,,," ",,,,,,,,," ",,,,,,,,," "
2007-07-20,,,,," ",,,,," ",1,1.371559091,EUR,," ",,,,,," ",,,,,,,,," ",,,,,,,,," "
2007-07-23,,,,," ",,,,," ",1,1.371559091,EUR,," ",,,,,," ",,,,,,,,," ",,,,,,,,," "
2007-07-24,,,,," ",,,,," ",1,1.371559091,EUR,," ",,,,,," ",,,,,,,,," ",,,,,,,,," "
2007-07-25,,,,," ",,,,," ",1,1.371559091,EUR,," ",,,,,," ",,,,,,,,," ",,,,,,,,," "
2007-07-26,,,,," ",,,,," ",1,1.371559091,EUR,," ",,,,,," ",,,,,,,,," ",,,,,,,,," "
2007-07-27,,,,," ",,,,," ",1,1.371559091,EUR,," ",,,,,," ",,,,,,,,," ",,,,,,,,," "
2007-07-30,,,,," ",,,,," ",1,1.371559091,EUR,," ",,,,,," ",,,,,,,,," ",,,,,,,,," "
2007-07-31,,,,," ",,,,," ",1,1.371559091,EUR,," ",,,,,," ",,,,,,,,," ",,,,,,,,," "
2007-08-01,,,,," ",,,,," ",1,1.362247826,EUR,," ",,,,,," ",,,,,,,,," ",,,,,,,,," "
2007-08-02,,,,," ",,,,," ",1,1.362247826,EUR,," ",,,,,," ",,,,,,,,," ",,,,,,,,," "
2007-08-03,,,,," ",,,,," ",1,1.362247826,EUR,," ",,,,,," ",,,,,,,,," ",,,,,,,,," "
2007-08-06,,,,," ",,,,," ",1,1.362247826,EUR,," ",,,,,," ",,,,,,,,," ",,,,,,,,," "
2007-08-07,,,,," ",,,,," ",1,1.362247826,EUR,," ",,,,,," ",,,,,,,,," ",,,,,,,,," "
2007-08-08,,,,," ",,,,," ",1,1.362247826,EUR,," ",,,,,," ",,,,,,,,," ",,,,,,,,," "
2007-08-09,,,,," ",,,,," ",1,1.362247826,EUR,," ",,,,,," ",,,,,,,,," ",,,,,,,,," "
2007-08-10,,,,," ",,,,," ",1,1.362247826,EUR,," ",,,,,," ",,,,,,,,," ",,,,,,,,," "
2007-08-13,,,,," ",,,,," ",1,1.362247826,EUR,," ",,,,,," ",,,,,,,,," ",,,,,,,,," "
2007-08-14,,,,," ",,,,," ",1,1.362247826,EUR,," ",,,,,," ",,,,,,,,," ",,,,,,,,," "
2007-08-15,,,,," ",,,,," ",1,1.362247826,EUR,," ",,,,,," ",,,,,,,,," ",,,,,,,,," "
2007-08-16,,,,," ",,,,," ",1,1.362247826,EUR,," ",,,,,," ",,,,,,,,," ",,,,,,,,," "
2007-08-17,,,,," ",,,,," ",1,1.362247826,EUR,," ",,,,,," ",,,,,,,,," ",,,,,,,,," "
2007-08-20,,,,," ",,,,," ",1,1.362247826,EUR,," ",,,,,," ",,,,,,,,," ",,,,,,,,," "
2007-08-21,,,,," ",,,,," ",1,1.362247826,EUR,," ",,,,,," ",,,,,,,,," ",,,,,,,,," "
2007-08-22,,,,," ",,,,," ",1,1.362247826,EUR,," ",,,,,," ",,,,,,,,," ",,,,,,,,," "
2007-08-23,,,,," ",,,,," ",1,1.362247826,EUR,," ",,,,,," ",,,,,,,,," ",,,,,,,,," "
2007-08-24,,,,," ",,,,," ",1,1.362247826,EUR,," ",,,,,," ",,,,,,,,," ",,,,,,,,," "
2007-08-27,,,,," ",,,,," ",1,1.362247826,EUR,," ",,,,,," ",,,,,,,,," ",,,,,,,,," "
2007-08-28,,,,," ",,,,," ",1,1.362247826,EUR,," ",,,,,," ",,,,,,,,," ",,,,,,,,," "
2007-08-29,,,,," ",,,,," ",1,1.362247826,EUR,," ",,,,,," ",,,,,,,,," ",,,,,,,,," "
2007-08-30,,,,," ",,,,," ",1,1.362247826,EUR,," ",,,,,," ",,,,,,,,," ",,,,,,,,," "
2007-08-31,,,,," ",,,,," ",1,1.362247826,EUR,," ",,,,,," ",,,,,,,,," ",,,,,,,,," "
2007-09-03,,,,," ",,,,," ",1,1.389645,EUR,," ",,,,,," ",,,,,,,,," ",,,,,,,,," "
2007-09-04,,,,," ",,,,," ",1,1.389645,EUR,," ",,,,,," ",,,,,,,,," ",,,,,,,,," "
2007-09-05,,,,," ",,,,," ",1,1.389645,EUR,," ",,,,,," ",,,,,,,,," ",,,,,,,,," "
2007-09-06,,,,," ",,,,," ",1,1.389645,EUR,," ",,,,,," ",,,,,,,,," ",,,,,,,,," "
2007-09-07,,,,," ",,,,," ",1,1.389645,EUR,," ",,,,,," ",,,,,,,,," ",,,,,,,,," "
2007-09-10,,,,," ",,,,," ",1,1.389645,EUR,," ",,,,,," ",,,,,,,,," ",,,,,,,,," "
2007-09-11,,,,," ",,,,," ",1,1.389645,EUR,," ",,,,,," ",,,,,,,,," ",,,,,,,,," "
2007-09-12,,,,," ",,,,," ",1,1.389645,EUR,," ",,,,,," ",,,,,,,,," ",,,,,,,,," "
2007-09-13,,,,," ",,,,," ",1,1.389645,EUR,," ",,,,,," ",,,,,,,,," ",,,,,,,,," "
2007-09-14,,,,," ",,,,," ",1,1.389645,EUR,," ",,,,,," ",,,,,,,,," ",,,,,,,,," "
2007-09-17,,,,," ",,,,," ",1,1.389645,EUR,," ",,,,,," ",,,,,,,,," ",,,,,,,,," "
2007-09-18,,,,," ",,,,," ",1,1.389645,EUR,," ",,,,,," ",,,,,,,,," ",,,,,,,,," "
2007-09-19,,,,," ",,,,," ",1,1.389645,EUR,," ",,,,,," ",,,,,,,,," ",,,,,,,,," "
2007-09-20,,,,," ",,,,," ",1,1.389645,EUR,," ",,,,,," ",,,,,,,,," ",,,,,,,,," "
2007-09-21,,,,," ",,,,," ",1,1.389645,EUR,," ",,,,,," ",,,,,,,,," ",,,,,,,,," "
2007-09-24,,,,," ",,,,," ",1,1.389645,EUR,," ",,,,,," ",,,,,,,,," ",,,,,,,,," "
2007-09-25,,,,," ",,,,," ",1,1.389645,EUR,," ",,,,,," ",,,,,,,,," ",,,,,,,,," "
2007-09-26,,,,," ",,,,," ",1,1.389645,EUR,," ",,,,,," ",,,,,,,,," ",,,,,,,,," "
2007-09-27,,,,," ",,,,," ",1,1.389645,EUR,," ",,,,,," ",,,,,,,,," ",,,,,,,,," "
2007-09-28,,,,," ",,,,," ",1,1.389645,EUR,," ",,,,,," ",,,,,,,,," ",,,,,,,,," "
2007-10-01,,,,," ",,,,," ",1,1.422747826,EUR,," ",,,,,," ",,,,,,,,," ",,,,,,,,," "
2007-10-02,,,,," ",,,,," ",1,1.422747826,EUR,," ",,,,,," ",,,,,,,,," ",,,,,,,,," "
2007-10-04,,,,," ",,,,," ",1,1.422747826,EUR,," ",,,,,," ",,,,,,,,," ",,,,,,,,," "
2007-10-05,,,,," ",,,,," ",1,1.422747826,EUR,," ",,,,,," ",,,,,,,,," ",,,,,,,,," "
2007-10-08,,,,," ",,,,," ",1,1.422747826,EUR,," ",,,,,," ",,,,,,,,," ",,,,,,,,," "
2007-10-09,,,,," ",,,,," ",1,1.422747826,EUR,," ",,,,,," ",,,,,,,,," ",,,,,,,,," "
2007-10-10,,,,," ",,,,," ",1,1.422747826,EUR,," ",,,,,," ",,,,,,,,," ",,,,,,,,," "
2007-10-11,,,,," ",,,,," ",1,1.422747826,EUR,," ",,,,,," ",,,,,,,,," ",,,,,,,,," "
2007-10-12,,,,," ",,,,," ",1,1.422747826,EUR,," ",,,,,," ",,,,,,,,," ",,,,,,,,," "
2007-10-15,,,,," ",,,,," ",1,1.422747826,EUR,," ",,,,,," ",,,,,,,,," ",,,,,,,,," "
2007-10-16,,,,," ",,,,," ",1,1.422747826,EUR,," ",,,,,," ",,,,,,,,," ",,,,,,,,," "
2007-10-17,,,,," ",,,,," ",1,1.422747826,EUR,," ",,,,,," ",,,,,,,,," ",,,,,,,,," "
2007-10-18,,,,," ",,,,," ",1,1.422747826,EUR,," ",,,,,," ",,,,,,,,," ",,,,,,,,," "
2007-10-19,,,,," ",,,,," ",1,1.422747826,EUR,," ",,,,,," ",,,,,,,,," ",,,,,,,,," "
2007-10-22,,,,," ",,,,," ",1,1.422747826,EUR,," ",,,,,," ",,,,,,,,," ",,,,,,,,," "
2007-10-23,,,,," ",,,,," ",1,1.422747826,EUR,," ",,,,,," ",,,,,,,,," ",,,,,,,,," "
2007-10-24,,,,," ",,,,," ",1,1.422747826,EUR,," ",,,,,," ",,,,,,,,," ",,,,,,,,," "
2007-10-25,,,,," ",,,,," ",1,1.422747826,EUR,," ",,,,,," ",,,,,,,,," ",,,,,,,,," "
2007-10-26,,,,," ",,,,," ",1,1.422747826,EUR,," ",,,,,," ",,,,,,,,," ",,,,,,,,," "
2007-10-29,,,,," ",,,,," ",1,1.422747826,EUR,," ",,,,,," ",,,,,,,,," ",,,,,,,,," "
2007-10-30,,,,," ",,,,," ",1,1.422747826,EUR,," ",,,,,," ",,,,,,,,," ",,,,,,,,," "
2007-10-31,,,,," ",,,,," ",1,1.422747826,EUR,," ",,,,,," ",,,,,,,,," ",,,,,,,,," "
2007-11-01,,,,," ",,,,," ",1,1.468363636,EUR,," ",,,,,," ",,,,,,,,," ",,,,,,,,," "
2007-11-02,,,,," ",,,,," ",1,1.468363636,EUR,," ",,,,,," ",,,,,,,,," ",,,,,,,,," "
2007-11-05,,,,," ",,,,," ",1,1.468363636,EUR,," ",,,,,," ",,,,,,,,," ",,,,,,,,," "
2007-11-06,,,,," ",,,,," ",1,1.468363636,EUR,," ",,,,,," ",,,,,,,,," ",,,,,,,,," "
2007-11-07,,,,," ",,,,," ",1,1.468363636,EUR,," ",,,,,," ",,,,,,,,," ",,,,,,,,," "
2007-11-08,,,,," ",,,,," ",1,1.468363636,EUR,," ",,,,,," ",,,,,,,,," ",,,,,,,,," "
2007-11-09,,,,," ",,,,," ",1,1.468363636,EUR,," ",,,,,," ",,,,,,,,," ",,,,,,,,," "
2007-11-12,,,,," ",,,,," ",1,1.468363636,EUR,," ",,,,,," ",,,,,,,,," ",,,,,,,,," "
2007-11-13,,,,," ",,,,," ",1,1.468363636,EUR,," ",,,,,," ",,,,,,,,," ",,,,,,,,," "
2007-11-14,,,,," ",,,,," ",1,1.468363636,EUR,," ",,,,,," ",,,,,,,,," ",,,,,,,,," "
2007-11-15,,,,," ",,,,," ",1,1.468363636,EUR,," ",,,,,," ",,,,,,,,," ",,,,,,,,," "
2007-11-16,,,,," ",,,,," ",1,1.468363636,EUR,," ",,,,,," ",,,,,,,,," ",,,,,,,,," "
2007-11-19,,,,," ",,,,," ",1,1.468363636,EUR,," ",,,,,," ",,,,,,,,," ",,,,,,,,," "
2007-11-20,,,,," ",,,,," ",1,1.468363636,EUR,," ",,,,,," ",,,,,,,,," ",,,,,,,,," "
2007-11-21,,,,," ",,,,," ",1,1.468363636,EUR,," ",,,,,," ",,,,,,,,," ",,,,,,,,," "
2007-11-22,,,,," ",,,,," ",1,1.468363636,EUR,," ",,,,,," ",,,,,,,,," ",,,,,,,,," "
2007-11-23,,,,," ",,,,," ",1,1.468363636,EUR,," ",,,,,," ",,,,,,,,," ",,,,,,,,," "
2007-11-26,,,,," ",,,,," ",1,1.468363636,EUR,," ",,,,,," ",,,,,,,,," ",,,,,,,,," "
2007-11-27,,,,," ",,,,," ",1,1.468363636,EUR,," ",,,,,," ",,,,,,,,," ",,,,,,,,," "
2007-11-28,,,,," ",,,,," ",1,1.468363636,EUR,," ",,,,,," ",,,,,,,,," ",,,,,,,,," "
2007-11-29,,,,," ",,,,," ",1,1.468363636,EUR,," ",,,,,," ",,,,,,,,," ",,,,,,,,," "
2007-11-30,,,,," ",,,,," ",1,1.468363636,EUR,," ",,,,,," ",,,,,,,,," ",,,,,,,,," "
2007-12-03,,,,," ",,,,," ",1,1.457036842,EUR,," ",,,,,," ",,,,,,,,," ",,,,,,,,," "
2007-12-04,,,,," ",,,,," ",1,1.457036842,EUR,," ",,,,,," ",,,,,,,,," ",,,,,,,,," "
2007-12-05,,,,," ",,,,," ",1,1.457036842,EUR,," ",,,,,," ",,,,,,,,," ",,,,,,,,," "
2007-12-06,,,,," ",,,,," ",1,1.457036842,EUR,," ",,,,,," ",,,,,,,,," ",,,,,,,,," "
2007-12-07,,,,," ",,,,," ",1,1.457036842,EUR,," ",,,,,," ",,,,,,,,," ",,,,,,,,," "
2007-12-10,,,,," ",,,,," ",1,1.457036842,EUR,," ",,,,,," ",,,,,,,,," ",,,,,,,,," "
2007-12-11,,,,," ",,,,," ",1,1.457036842,EUR,," ",,,,,," ",,,,,,,,," ",,,,,,,,," "
2007-12-12,,,,," ",,,,," ",1,1.457036842,EUR,," ",,,,,," ",,,,,,,,," ",,,,,,,,," "
2007-12-13,,,,," ",,,,," ",1,1.457036842,EUR,," ",,,,,," ",,,,,,,,," ",,,,,,,,," "
2007-12-14,,,,," ",,,,," ",1,1.457036842,EUR,," ",,,,,," ",,,,,,,,," ",,,,,,,,," "
2007-12-17,,,,," ",,,,," ",1,1.457036842,EUR,," ",,,,,," ",,,,,,,,," ",,,,,,,,," "
2007-12-18,,,,," ",,,,," ",1,1.457036842,EUR,," ",,,,,," ",,,,,,,,," ",,,,,,,,," "
2007-12-19,,,,," ",,,,," ",1,1.457036842,EUR,," ",,,,,," ",,,,,,,,," ",,,,,,,,," "
2007-12-20,,,,," ",,,,," ",1,1.457036842,EUR,," ",,,,,," ",,,,,,,,," ",,,,,,,,," "
2007-12-21,,,,," ",,,,," ",1,1.457036842,EUR,," ",,,,,," ",,,,,,,,," ",,,,,,,,," "
2007-12-27,,,,," ",,,,," ",1,1.457036842,EUR,," ",,,,,," ",,,,,,,,," ",,,,,,,,," "
2007-12-28,,,,," ",,,,," ",1,1.457036842,EUR,," ",,,,,," ",,,,,,,,," ",,,,,,,,," "
2008-01-02,,,,," ",,,,," ",1,1.471790909,EUR,," ",,,,,," ",,,,,,,,," ",,,,,,,,," "
2008-01-03,,,,," ",,,,," ",1,1.471790909,EUR,," ",,,,,," ",,,,,,,,," ",,,,,,,,," "
2008-01-04,,,,," ",,,,," ",1,1.471790909,EUR,," ",,,,,," ",,,,,,,,," ",,,,,,,,," "
2008-01-07,,,,," ",,,,," ",1,1.471790909,EUR,," ",,,,,," ",,,,,,,,," ",,,,,,,,," "
2008-01-08,,,,," ",,,,," ",1,1.471790909,EUR,," ",,,,,," ",,,,,,,,," ",,,,,,,,," "
2008-01-09,,,,," ",,,,," ",1,1.471790909,EUR,," ",,,,,," ",,,,,,,,," ",,,,,,,,," "
2008-01-10,,,,," ",,,,," ",1,1.471790909,EUR,," ",,,,,," ",,,,,,,,," ",,,,,,,,," "
2008-01-11,,,,," ",,,,," ",1,1.471790909,EUR,," ",,,,,," ",,,,,,,,," ",,,,,,,,," "
2008-01-14,,,,," ",,,,," ",1,1.471790909,EUR,," ",,,,,," ",,,,,,,,," ",,,,,,,,," "
2008-01-15,,,,," ",,,,," ",1,1.471790909,EUR,," ",,,,,," ",,,,,,,,," ",,,,,,,,," "
2008-01-16,,,,," ",,,,," ",1,1.471790909,EUR,," ",,,,,," ",,,,,,,,," ",,,,,,,,," "
2008-01-17,,,,," ",,,,," ",1,1.471790909,EUR,," ",,,,,," ",,,,,,,,," ",,,,,,,,," "
2008-01-18,,,,," ",,,,," ",1,1.471790909,EUR,," ",,,,,," ",,,,,,,,," ",,,,,,,,," "
2008-01-21,,,,," ",,,,," ",1,1.471790909,EUR,," ",,,,,," ",,,,,,,,," ",,,,,,,,," "
2008-01-22,,,,," ",,,,," ",1,1.471790909,EUR,," ",,,,,," ",,,,,,,,," ",,,,,,,,," "
2008-01-23,,,,," ",,,,," ",1,1.471790909,EUR,," ",,,,,," ",,,,,,,,," ",,,,,,,,," "
2008-01-24,,,,," ",,,,," ",1,1.471790909,EUR,," ",,,,,," ",,,,,,,,," ",,,,,,,,," "
2008-01-25,,,,," ",,,,," ",1,1.471790909,EUR,," ",,,,,," ",,,,,,,,," ",,,,,,,,," "
2008-01-28,,,,," ",,,,," ",1,1.471790909,EUR,," ",,,,,," ",,,,,,,,," ",,,,,,,,," "
2008-01-29,,,,," ",,,,," ",1,1.471790909,EUR,," ",,,,,," ",,,,,,,,," ",,,,,,,,," "
2008-01-30,,,,," ",,,,," ",1,1.471790909,EUR,," ",,,,,," ",,,,,,,,," ",,,,,,,,," "
2008-01-31,,,,," ",,,,," ",1,1.471790909,EUR,," ",,,,,," ",,,,,,,,," ",,,,,,,,," "
2008-02-01,,,,," ",,,,," ",1,1.474838095,EUR,," ",,,,,," ",,,,,,,,," ",,,,,,,,," "
2008-02-04,,,,," ",,,,," ",1,1.474838095,EUR,," ",,,,,," ",,,,,,,,," ",,,,,,,,," "
2008-02-05,,,,," ",,,,," ",1,1.474838095,EUR,," ",,,,,," ",,,,,,,,," ",,,,,,,,," "
2008-02-06,,,,," ",,,,," ",1,1.474838095,EUR,," ",,,,,," ",,,,,,,,," ",,,,,,,,," "
2008-02-07,,,,," ",,,,," ",1,1.474838095,EUR,," ",,,,,," ",,,,,,,,," ",,,,,,,,," "
2008-02-08,,,,," ",,,,," ",1,1.474838095,EUR,," ",,,,,," ",,,,,,,,," ",,,,,,,,," "
2008-02-11,,,,," ",,,,," ",1,1.474838095,EUR,," ",,,,,," ",,,,,,,,," ",,,,,,,,," "
2008-02-12,,,,," ",,,,," ",1,1.474838095,EUR,," ",,,,,," ",,,,,,,,," ",,,,,,,,," "
2008-02-13,,,,," ",,,,," ",1,1.474838095,EUR,," ",,,,,," ",,,,,,,,," ",,,,,,,,," "
2008-02-14,,,,," ",,,,," ",1,1.474838095,EUR,," ",,,,,," ",,,,,,,,," ",,,,,,,,," "
2008-02-15,,,,," ",,,,," ",1,1.474838095,EUR,," ",,,,,," ",,,,,,,,," ",,,,,,,,," "
2008-02-18,,,,," ",,,,," ",1,1.474838095,EUR,," ",,,,,," ",,,,,,,,," ",,,,,,,,," "
2008-02-19,,,,," ",,,,," ",1,1.474838095,EUR,," ",,,,,," ",,,,,,,,," ",,,,,,,,," "
2008-02-20,,,,," ",,,,," ",1,1.474838095,EUR,," ",,,,,," ",,,,,,,,," ",,,,,,,,," "
2008-02-21,,,,," ",,,,," ",1,1.474838095,EUR,," ",,,,,," ",,,,,,,,," ",,,,,,,,," "
2008-02-22,,,,," ",,,,," ",1,1.474838095,EUR,," ",,,,,," ",,,,,,,,," ",,,,,,,,," "
2008-02-25,,,,," ",,,,," ",1,1.474838095,EUR,," ",,,,,," ",,,,,,,,," ",,,,,,,,," "
2008-02-26,,,,," ",,,,," ",1,1.474838095,EUR,," ",,,,,," ",,,,,,,,," ",,,,,,,,," "
2008-02-27,,,,," ",,,,," ",1,1.474838095,EUR,," ",,,,,," ",,,,,,,,," ",,,,,,,,," "
2008-02-28,,,,," ",,,,," ",1,1.474838095,EUR,," ",,,,,," ",,,,,,,,," ",,,,,,,,," "
2008-02-29,,,,," ",,,,," ",1,1.474838095,EUR,," ",,,,,," ",,,,,,,,," ",,,,,,,,," "
2008-03-03,,,,," ",,,,," ",1,1.552652632,EUR,," ",,,,,," ",,,,,,,,," ",,,,,,,,," "
2008-03-04,,,,," ",,,,," ",1,1.552652632,EUR,," ",,,,,," ",,,,,,,,," ",,,,,,,,," "
2008-03-05,,,,," ",,,,," ",1,1.552652632,EUR,," ",,,,,," ",,,,,,,,," ",,,,,,,,," "
2008-03-06,,,,," ",,,,," ",1,1.552652632,EUR,," ",,,,,," ",,,,,,,,," ",,,,,,,,," "
2008-03-07,,,,," ",,,,," ",1,1.552652632,EUR,," ",,,,,," ",,,,,,,,," ",,,,,,,,," "
2008-03-10,,,,," ",,,,," ",1,1.552652632,EUR,," ",,,,,," ",,,,,,,,," ",,,,,,,,," "
2008-03-11,,,,," ",,,,," ",1,1.552652632,EUR,," ",,,,,," ",,,,,,,,," ",,,,,,,,," "
2008-03-12,,,,," ",,,,," ",1,1.552652632,EUR,," ",,,,,," ",,,,,,,,," ",,,,,,,,," "
2008-03-13,,,,," ",,,,," ",1,1.552652632,EUR,," ",,,,,," ",,,,,,,,," ",,,,,,,,," "
2008-03-14,,,,," ",,,,," ",1,1.552652632,EUR,," ",,,,,," ",,,,,,,,," ",,,,,,,,," "
2008-03-17,,,,," ",,,,," ",1,1.552652632,EUR,," ",,,,,," ",,,,,,,,," ",,,,,,,,," "
2008-03-18,,,,," ",,,,," ",1,1.552652632,EUR,," ",,,,,," ",,,,,,,,," ",,,,,,,,," "
2008-03-19,,,,," ",,,,," ",1,1.552652632,EUR,," ",,,,,," ",,,,,,,,," ",,,,,,,,," "
2008-03-20,,,,," ",,,,," ",1,1.552652632,EUR,," ",,,,,," ",,,,,,,,," ",,,,,,,,," "
2008-03-25,,,,," ",,,,," ",1,1.552652632,EUR,," ",,,,,," ",,,,,,,,," ",,,,,,,,," "
2008-03-26,,,,," ",,,,," ",1,1.552652632,EUR,," ",,,,,," ",,,,,,,,," ",,,,,,,,," "
2008-03-27,,,,," ",,,,," ",1,1.552652632,EUR,," ",,,,,," ",,,,,,,,," ",,,,,,,,," "
2008-03-28,,,,," ",,,,," ",1,1.552652632,EUR,," ",,,,,," ",,,,,,,,," ",,,,,,,,," "
2008-03-31,,,,," ",,,,," ",1,1.552652632,EUR,," ",,,,,," ",,,,,,,,," ",,,,,,,,," "
2008-04-01,,,,," ",,,,," ",1,1.57505,EUR,," ",,,,,," ",,,,,,,,," ",,,,,,,,," "
2008-04-02,,,,," ",,,,," ",1,1.57505,EUR,," ",,,,,," ",,,,,,,,," ",,,,,,,,," "
2008-04-03,,,,," ",,,,," ",1,1.57505,EUR,," ",,,,,," ",,,,,,,,," ",,,,,,,,," "
2008-04-04,,,,," ",,,,," ",1,1.57505,EUR,," ",,,,,," ",,,,,,,,," ",,,,,,,,," "
2008-04-07,,,,," ",,,,," ",1,1.57505,EUR,," ",,,,,," ",,,,,,,,," ",,,,,,,,," "
2008-04-08,,,,," ",,,,," ",1,1.57505,EUR,," ",,,,,," ",,,,,,,,," ",,,,,,,,," "
2008-04-09,,,,," ",,,,," ",1,1.57505,EUR,," ",,,,,," ",,,,,,,,," ",,,,,,,,," "
2008-04-10,,,,," ",,,,," ",1,1.57505,EUR,," ",,,,,," ",,,,,,,,," ",,,,,,,,," "
2008-04-11,,,,," ",,,,," ",1,1.57505,EUR,," ",,,,,," ",,,,,,,,," ",,,,,,,,," "
2008-04-14,,,,," ",,,,," ",1,1.57505,EUR,," ",,,,,," ",,,,,,,,," ",,,,,,,,," "
2008-04-15,,,,," ",,,,," ",1,1.57505,EUR,," ",,,,,," ",,,,,,,,," ",,,,,,,,," "
2008-04-16,,,,," ",,,,," ",1,1.57505,EUR,," ",,,,,," ",,,,,,,,," ",,,,,,,,," "
2008-04-17,,,,," ",,,,," ",1,1.57505,EUR,," ",,,,,," ",,,,,,,,," ",,,,,,,,," "
2008-04-18,,,,," ",,,,," ",1,1.57505,EUR,," ",,,,,," ",,,,,,,,," ",,,,,,,,," "
2008-04-21,,,,," ",,,,," ",1,1.57505,EUR,," ",,,,,," ",,,,,,,,," ",,,,,,,,," "
2008-04-22,,,,," ",,,,," ",1,1.57505,EUR,," ",,,,,," ",,,,,,,,," ",,,,,,,,," "
2008-04-23,,,,," ",,,,," ",1,1.57505,EUR,," ",,,,,," ",,,,,,,,," ",,,,,,,,," "
2008-04-24,,,,," ",,,,," ",1,1.57505,EUR,," ",,,,,," ",,,,,,,,," ",,,,,,,,," "
2008-04-25,,,,," ",,,,," ",1,1.57505,EUR,," ",,,,,," ",,,,,,,,," ",,,,,,,,," "
2008-04-28,,,,," ",,,,," ",1,1.57505,EUR,," ",,,,,," ",,,,,,,,," ",,,,,,,,," "
2008-04-29,,,,," ",,,,," ",1,1.57505,EUR,," ",,,,,," ",,,,,,,,," ",,,,,,,,," "
2008-04-30,,,,," ",,,,," ",1,1.57505,EUR,," ",,,,,," ",,,,,,,,," ",,,,,,,,," "
2008-05-02,,,,," ",,,,," ",1,1.5557,EUR,," ",,,,,," ",,,,,,,,," ",,,,,,,,," "
2008-05-05,,,,," ",,,,," ",1,1.5557,EUR,," ",,,,,," ",,,,,,,,," ",,,,,,,,," "
2008-05-06,,,,," ",,,,," ",1,1.5557,EUR,," ",,,,,," ",,,,,,,,," ",,,,,,,,," "
2008-05-07,,,,," ",,,,," ",1,1.5557,EUR,," ",,,,,," ",,,,,,,,," ",,,,,,,,," "
2008-05-08,,,,," ",,,,," ",1,1.5557,EUR,," ",,,,,," ",,,,,,,,," ",,,,,,,,," "
2008-05-09,,,,," ",,,,," ",1,1.5557,EUR,," ",,,,,," ",,,,,,,,," ",,,,,,,,," "
2008-05-13,,,,," ",,,,," ",1,1.5557,EUR,," ",,,,,," ",,,,,,,,," ",,,,,,,,," "
2008-05-14,,,,," ",,,,," ",1,1.5557,EUR,," ",,,,,," ",,,,,,,,," ",,,,,,,,," "
2008-05-15,,,,," ",,,,," ",1,1.5557,EUR,," ",,,,,," ",,,,,,,,," ",,,,,,,,," "
2008-05-16,,,,," ",,,,," ",1,1.5557,EUR,," ",,,,,," ",,,,,,,,," ",,,,,,,,," "
2008-05-19,,,,," ",,,,," ",1,1.5557,EUR,," ",,,,,," ",,,,,,,,," ",,,,,,,,," "
2008-05-20,,,,," ",,,,," ",1,1.5557,EUR,," ",,,,,," ",,,,,,,,," ",,,,,,,,," "
2008-05-21,,,,," ",,,,," ",1,1.5557,EUR,," ",,,,,," ",,,,,,,,," ",,,,,,,,," "
2008-05-22,,,,," ",,,,," ",1,1.5557,EUR,," ",,,,,," ",,,,,,,,," ",,,,,,,,," "
2008-05-23,,,,," ",,,,," ",1,1.5557,EUR,," ",,,,,," ",,,,,,,,," ",,,,,,,,," "
2008-05-26,,,,," ",,,,," ",1,1.5557,EUR,," ",,,,,," ",,,,,,,,," ",,,,,,,,," "
2008-05-27,,,,," ",,,,," ",1,1.5557,EUR,," ",,,,,," ",,,,,,,,," ",,,,,,,,," "
2008-05-28,,,,," ",,,,," ",1,1.5557,EUR,," ",,,,,," ",,,,,,,,," ",,,,,,,,," "
2008-05-29,,,,," ",,,,," ",1,1.5557,EUR,," ",,,,,," ",,,,,,,,," ",,,,,,,,," "
2008-05-30,,,,," ",,,,," ",1,1.5557,EUR,," ",,,,,," ",,,,,,,,," ",,,,,,,,," "
2008-06-02,,,,," ",,,,," ",1,1.55527619,EUR,," ",,,,,," ",,,,,,,,," ",,,,,,,,," "
2008-06-03,,,,," ",,,,," ",1,1.55527619,EUR,," ",,,,,," ",,,,,,,,," ",,,,,,,,," "
2008-06-04,,,,," ",,,,," ",1,1.55527619,EUR,," ",,,,,," ",,,,,,,,," ",,,,,,,,," "
2008-06-05,,,,," ",,,,," ",1,1.55527619,EUR,," ",,,,,," ",,,,,,,,," ",,,,,,,,," "
2008-06-06,,,,," ",,,,," ",1,1.55527619,EUR,," ",,,,,," ",,,,,,,,," ",,,,,,,,," "
2008-06-09,,,,," ",,,,," ",1,1.55527619,EUR,," ",,,,,," ",,,,,,,,," ",,,,,,,,," "
2008-06-10,,,,," ",,,,," ",1,1.55527619,EUR,," ",,,,,," ",,,,,,,,," ",,,,,,,,," "
2008-06-11,,,,," ",,,,," ",1,1.55527619,EUR,," ",,,,,," ",,,,,,,,," ",,,,,,,,," "
2008-06-12,,,,," ",,,,," ",1,1.55527619,EUR,," ",,,,,," ",,,,,,,,," ",,,,,,,,," "
2008-06-13,,,,," ",,,,," ",1,1.55527619,EUR,," ",,,,,," ",,,,,,,,," ",,,,,,,,," "
2008-06-16,,,,," ",,,,," ",1,1.55527619,EUR,," ",,,,,," ",,,,,,,,," ",,,,,,,,," "
2008-06-17,,,,," ",,,,," ",1,1.55527619,EUR,," ",,,,,," ",,,,,,,,," ",,,,,,,,," "
2008-06-18,,,,," ",,,,," ",1,1.55527619,EUR,," ",,,,,," ",,,,,,,,," ",,,,,,,,," "
2008-06-19,,,,," ",,,,," ",1,1.55527619,EUR,," ",,,,,," ",,,,,,,,," ",,,,,,,,," "
2008-06-20,,,,," ",,,,," ",1,1.55527619,EUR,," ",,,,,," ",,,,,,,,," ",,,,,,,,," "
2008-06-23,,,,," ",,,,," ",1,1.55527619,EUR,," ",,,,,," ",,,,,,,,," ",,,,,,,,," "
2008-06-24,,,,," ",,,,," ",1,1.55527619,EUR,," ",,,,,," ",,,,,,,,," ",,,,,,,,," "
2008-06-25,,,,," ",,,,," ",1,1.55527619,EUR,," ",,,,,," ",,,,,,,,," ",,,,,,,,," "
2008-06-26,,,,," ",,,,," ",1,1.55527619,EUR,," ",,,,,," ",,,,,,,,," ",,,,,,,,," "
2008-06-27,,,,," ",,,,," ",1,1.55527619,EUR,," ",,,,,," ",,,,,,,,," ",,,,,,,,," "
2008-06-30,,,,," ",,,,," ",1,1.55527619,EUR,," ",,,,,," ",,,,,,,,," ",,,,,,,,," "
2008-07-01,,,,," ",,,,," ",1,1.576969565,EUR,," ",,,,,," ",,,,,,,,," ",,,,,,,,," "
2008-07-02,,,,," ",,,,," ",1,1.576969565,EUR,," ",,,,,," ",,,,,,,,," ",,,,,,,,," "
2008-07-03,,,,," ",,,,," ",1,1.576969565,EUR,," ",,,,,," ",,,,,,,,," ",,,,,,,,," "
2008-07-04,,,,," ",,,,," ",1,1.576969565,EUR,," ",,,,,," ",,,,,,,,," ",,,,,,,,," "
2008-07-07,,,,," ",,,,," ",1,1.576969565,EUR,," ",,,,,," ",,,,,,,,," ",,,,,,,,," "
2008-07-08,,,,," ",,,,," ",1,1.576969565,EUR,," ",,,,,," ",,,,,,,,," ",,,,,,,,," "
2008-07-09,,,,," ",,,,," ",1,1.576969565,EUR,," ",,,,,," ",,,,,,,,," ",,,,,,,,," "
2008-07-10,,,,," ",,,,," ",1,1.576969565,EUR,," ",,,,,," ",,,,,,,,," ",,,,,,,,," "
2008-07-11,,,,," ",,,,," ",1,1.576969565,EUR,," ",,,,,," ",,,,,,,,," ",,,,,,,,," "
2008-07-14,,,,," ",,,,," ",1,1.576969565,EUR,," ",,,,,," ",,,,,,,,," ",,,,,,,,," "
2008-07-15,,,,," ",,,,," ",1,1.576969565,EUR,," ",,,,,," ",,,,,,,,," ",,,,,,,,," "
2008-07-16,,,,," ",,,,," ",1,1.576969565,EUR,," ",,,,,," ",,,,,,,,," ",,,,,,,,," "
2008-07-17,,,,," ",,,,," ",1,1.576969565,EUR,," ",,,,,," ",,,,,,,,," ",,,,,,,,," "
2008-07-18,,,,," ",,,,," ",1,1.576969565,EUR,," ",,,,,," ",,,,,,,,," ",,,,,,,,," "
2008-07-21,,,,," ",,,,," ",1,1.576969565,EUR,," ",,,,,," ",,,,,,,,," ",,,,,,,,," "
2008-07-22,,,,," ",,,,," ",1,1.576969565,EUR,," ",,,,,," ",,,,,,,,," ",,,,,,,,," "
2008-07-23,,,,," ",,,,," ",1,1.576969565,EUR,," ",,,,,," ",,,,,,,,," ",,,,,,,,," "
2008-07-24,,,,," ",,,,," ",1,1.576969565,EUR,," ",,,,,," ",,,,,,,,," ",,,,,,,,," "
2008-07-25,,,,," ",,,,," ",1,1.576969565,EUR,," ",,,,,," ",,,,,,,,," ",,,,,,,,," "
2008-07-28,,,,," ",,,,," ",1,1.576969565,EUR,," ",,,,,," ",,,,,,,,," ",,,,,,,,," "
2008-07-29,,,,," ",,,,," ",1,1.576969565,EUR,," ",,,,,," ",,,,,,,,," ",,,,,,,,," "
2008-07-30,,,,," ",,,,," ",1,1.576969565,EUR,," ",,,,,," ",,,,,,,,," ",,,,,,,,," "
2008-07-31,,,,," ",,,,," ",1,1.576969565,EUR,," ",,,,,," ",,,,,,,,," ",,,,,,,,," "
2008-08-01,,,,," ",,,,," ",1,1.497538095,EUR,," ",,,,,," ",,,,,,,,," ",,,,,,,,," "
2008-08-04,,,,," ",,,,," ",1,1.497538095,EUR,," ",,,,,," ",,,,,,,,," ",,,,,,,,," "
2008-08-05,,,,," ",,,,," ",1,1.497538095,EUR,," ",,,,,," ",,,,,,,,," ",,,,,,,,," "
2008-08-06,,,,," ",,,,," ",1,1.497538095,EUR,," ",,,,,," ",,,,,,,,," ",,,,,,,,," "
2008-08-07,,,,," ",,,,," ",1,1.497538095,EUR,," ",,,,,," ",,,,,,,,," ",,,,,,,,," "
2008-08-08,,,,," ",,,,," ",1,1.497538095,EUR,," ",,,,,," ",,,,,,,,," ",,,,,,,,," "
2008-08-11,,,,," ",,,,," ",1,1.497538095,EUR,," ",,,,,," ",,,,,,,,," ",,,,,,,,," "
2008-08-12,,,,," ",,,,," ",1,1.497538095,EUR,," ",,,,,," ",,,,,,,,," ",,,,,,,,," "
2008-08-13,,,,," ",,,,," ",1,1.497538095,EUR,," ",,,,,," ",,,,,,,,," ",,,,,,,,," "
2008-08-14,,,,," ",,,,," ",1,1.497538095,EUR,," ",,,,,," ",,,,,,,,," ",,,,,,,,," "
2008-08-15,,,,," ",,,,," ",1,1.497538095,EUR,," ",,,,,," ",,,,,,,,," ",,,,,,,,," "
2008-08-18,,,,," ",,,,," ",1,1.497538095,EUR,," ",,,,,," ",,,,,,,,," ",,,,,,,,," "
2008-08-19,,,,," ",,,,," ",1,1.497538095,EUR,," ",,,,,," ",,,,,,,,," ",,,,,,,,," "
2008-08-20,,,,," ",,,,," ",1,1.497538095,EUR,," ",,,,,," ",,,,,,,,," ",,,,,,,,," "
2008-08-21,,,,," ",,,,," ",1,1.497538095,EUR,," ",,,,,," ",,,,,,,,," ",,,,,,,,," "
2008-08-22,,,,," ",,,,," ",1,1.497538095,EUR,," ",,,,,," ",,,,,,,,," ",,,,,,,,," "
2008-08-25,,,,," ",,,,," ",1,1.497538095,EUR,," ",,,,,," ",,,,,,,,," ",,,,,,,,," "
2008-08-26,,,,," ",,,,," ",1,1.497538095,EUR,," ",,,,,," ",,,,,,,,," ",,,,,,,,," "
2008-08-27,,,,," ",,,,," ",1,1.497538095,EUR,," ",,,,,," ",,,,,,,,," ",,,,,,,,," "
2008-08-28,,,,," ",,,,," ",1,1.497538095,EUR,," ",,,,,," ",,,,,,,,," ",,,,,,,,," "
2008-08-29,,,,," ",,,,," ",1,1.497538095,EUR,," ",,,,,," ",,,,,,,,," ",,,,,,,,," "
2008-09-01,,,,," ",,,,," ",1,1.43695,EUR,," ",,,,,," ",,,,,,,,," ",,,,,,,,," "
2008-09-02,,,,," ",,,,," ",1,1.43695,EUR,," ",,,,,," ",,,,,,,,," ",,,,,,,,," "
2008-09-03,,,,," ",,,,," ",1,1.43695,EUR,," ",,,,,," ",,,,,,,,," ",,,,,,,,," "
2008-09-04,,,,," ",,,,," ",1,1.43695,EUR,," ",,,,,," ",,,,,,,,," ",,,,,,,,," "
2008-09-05,,,,," ",,,,," ",1,1.43695,EUR,," ",,,,,," ",,,,,,,,," ",,,,,,,,," "
2008-09-08,,,,," ",,,,," ",1,1.43695,EUR,," ",,,,,," ",,,,,,,,," ",,,,,,,,," "
2008-09-09,,,,," ",,,,," ",1,1.43695,EUR,," ",,,,,," ",,,,,,,,," ",,,,,,,,," "
2008-09-10,,,,," ",,,,," ",1,1.43695,EUR,," ",,,,,," ",,,,,,,,," ",,,,,,,,," "
2008-09-11,,,,," ",,,,," ",1,1.43695,EUR,," ",,,,,," ",,,,,,,,," ",,,,,,,,," "
2008-09-12,,,,," ",,,,," ",1,1.43695,EUR,," ",,,,,," ",,,,,,,,," ",,,,,,,,," "
2008-09-15,,,,," ",,,,," ",1,1.43695,EUR,," ",,,,,," ",,,,,,,,," ",,,,,,,,," "
2008-09-16,,,,," ",,,,," ",1,1.43695,EUR,," ",,,,,," ",,,,,,,,," ",,,,,,,,," "
2008-09-17,,,,," ",,,,," ",1,1.43695,EUR,," ",,,,,," ",,,,,,,,," ",,,,,,,,," "
2008-09-18,,,,," ",,,,," ",1,1.43695,EUR,," ",,,,,," ",,,,,,,,," ",,,,,,,,," "
2008-09-19,,,,," ",,,,," ",1,1.43695,EUR,," ",,,,,," ",,,,,,,,," ",,,,,,,,," "
2008-09-22,,,,," ",,,,," ",1,1.43695,EUR,," ",,,,,," ",,,,,,,,," ",,,,,,,,," "
2008-09-23,,,,," ",,,,," ",1,1.43695,EUR,," ",,,,,," ",,,,,,,,," ",,,,,,,,," "
2008-09-24,,,,," ",,,,," ",1,1.43695,EUR,," ",,,,,," ",,,,,,,,," ",,,,,,,,," "
2008-09-25,,,,," ",,,,," ",1,1.43695,EUR,," ",,,,,," ",,,,,,,,," ",,,,,,,,," "
2008-09-26,,,,," ",,,,," ",1,1.43695,EUR,," ",,,,,," ",,,,,,,,," ",,,,,,,,," "
2008-09-29,,,,," ",,,,," ",1,1.43695,EUR,," ",,,,,," ",,,,,,,,," ",,,,,,,,," "
2008-09-30,,,,," ",,,,," ",1,1.43695,EUR,," ",,,,,," ",,,,,,,,," ",,,,,,,,," "
2008-10-01,,,,," ",,,,," ",1,1.332208696,EUR,," ",,,,,," ",,,,,,,,," ",,,,,,,,," "
2008-10-02,,,,," ",,,,," ",1,1.332208696,EUR,," ",,,,,," ",,,,,,,,," ",,,,,,,,," "
2008-10-06,,,,," ",,,,," ",1,1.332208696,EUR,," ",,,,,," ",,,,,,,,," ",,,,,,,,," "
2008-10-07,,,,," ",,,,," ",1,1.332208696,EUR,," ",,,,,," ",,,,,,,,," ",,,,,,,,," "
2008-10-08,,,,," ",,,,," ",1,1.332208696,EUR,," ",,,,,," ",,,,,,,,," ",,,,,,,,," "
2008-10-09,,,,," ",,,,," ",1,1.332208696,EUR,," ",,,,,," ",,,,,,,,," ",,,,,,,,," "
2008-10-10,,,,," ",,,,," ",1,1.332208696,EUR,," ",,,,,," ",,,,,,,,," ",,,,,,,,," "
2008-10-13,,,,," ",,,,," ",1,1.332208696,EUR,," ",,,,,," ",,,,,,,,," ",,,,,,,,," "
2008-10-14,,,,," ",,,,," ",1,1.332208696,EUR,," ",,,,,," ",,,,,,,,," ",,,,,,,,," "
2008-10-15,,,,," ",,,,," ",1,1.332208696,EUR,," ",,,,,," ",,,,,,,,," ",,,,,,,,," "
2008-10-16,,,,," ",,,,," ",1,1.332208696,EUR,," ",,,,,," ",,,,,,,,," ",,,,,,,,," "
2008-10-17,,,,," ",,,,," ",1,1.332208696,EUR,," ",,,,,," ",,,,,,,,," ",,,,,,,,," "
2008-10-20,,,,," ",,,,," ",1,1.332208696,EUR,," ",,,,,," ",,,,,,,,," ",,,,,,,,," "
2008-10-21,,,,," ",,,,," ",1,1.332208696,EUR,," ",,,,,," ",,,,,,,,," ",,,,,,,,," "
2008-10-22,,,,," ",,,,," ",1,1.332208696,EUR,," ",,,,,," ",,,,,,,,," ",,,,,,,,," "
2008-10-23,,,,," ",,,,," ",1,1.332208696,EUR,," ",,,,,," ",,,,,,,,," ",,,,,,,,," "
2008-10-24,,,,," ",,,,," ",1,1.332208696,EUR,," ",,,,,," ",,,,,,,,," ",,,,,,,,," "
2008-10-27,,,,," ",,,,," ",1,1.332208696,EUR,," ",,,,,," ",,,,,,,,," ",,,,,,,,," "
2008-10-28,,,,," ",,,,," ",1,1.332208696,EUR,," ",,,,,," ",,,,,,,,," ",,,,,,,,," "
2008-10-29,,,,," ",,,,," ",1,1.332208696,EUR,," ",,,,,," ",,,,,,,,," ",,,,,,,,," "
2008-10-30,,,,," ",,,,," ",1,1.332208696,EUR,," ",,,,,," ",,,,,,,,," ",,,,,,,,," "
2008-10-31,,,,," ",,,,," ",1,1.332208696,EUR,," ",,,,,," ",,,,,,,,," ",,,,,,,,," "
2008-11-03,,,,," ",,,,," ",1,1.273215,EUR,," ",,,,,," ",,,,,,,,," ",,,,,,,,," "
2008-11-04,,,,," ",,,,," ",1,1.273215,EUR,," ",,,,,," ",,,,,,,,," ",,,,,,,,," "
2008-11-05,,,,," ",,,,," ",1,1.273215,EUR,," ",,,,,," ",,,,,,,,," ",,,,,,,,," "
2008-11-06,,,,," ",,,,," ",1,1.273215,EUR,," ",,,,,," ",,,,,,,,," ",,,,,,,,," "
2008-11-07,,,,," ",,,,," ",1,1.273215,EUR,," ",,,,,," ",,,,,,,,," ",,,,,,,,," "
2008-11-10,,,,," ",,,,," ",1,1.273215,EUR,," ",,,,,," ",,,,,,,,," ",,,,,,,,," "
2008-11-11,,,,," ",,,,," ",1,1.273215,EUR,," ",,,,,," ",,,,,,,,," ",,,,,,,,," "
2008-11-12,,,,," ",,,,," ",1,1.273215,EUR,," ",,,,,," ",,,,,,,,," ",,,,,,,,," "
2008-11-13,,,,," ",,,,," ",1,1.273215,EUR,," ",,,,,," ",,,,,,,,," ",,,,,,,,," "
2008-11-14,,,,," ",,,,," ",1,1.273215,EUR,," ",,,,,," ",,,,,,,,," ",,,,,,,,," "
2008-11-17,,,,," ",,,,," ",1,1.273215,EUR,," ",,,,,," ",,,,,,,,," ",,,,,,,,," "
2008-11-18,,,,," ",,,,," ",1,1.273215,EUR,," ",,,,,," ",,,,,,,,," ",,,,,,,,," "
2008-11-19,,,,," ",,,,," ",1,1.273215,EUR,," ",,,,,," ",,,,,,,,," ",,,,,,,,," "
2008-11-20,,,,," ",,,,," ",1,1.273215,EUR,," ",,,,,," ",,,,,,,,," ",,,,,,,,," "
2008-11-21,,,,," ",,,,," ",1,1.273215,EUR,," ",,,,,," ",,,,,,,,," ",,,,,,,,," "
2008-11-24,,,,," ",,,,," ",1,1.273215,EUR,," ",,,,,," ",,,,,,,,," ",,,,,,,,," "
2008-11-25,,,,," ",,,,," ",1,1.273215,EUR,," ",,,,,," ",,,,,,,,," ",,,,,,,,," "
2008-11-26,,,,," ",,,,," ",1,1.273215,EUR,," ",,,,,," ",,,,,,,,," ",,,,,,,,," "
2008-11-27,,,,," ",,,,," ",1,1.273215,EUR,," ",,,,,," ",,,,,,,,," ",,,,,,,,," "
2008-11-28,,,,," ",,,,," ",1,1.273215,EUR,," ",,,,,," ",,,,,,,,," ",,,,,,,,," "
2008-12-01,,,,," ",,,,," ",1,1.344942857,EUR,," ",,,,,," ",,,,,,,,," ",,,,,,,,," "
2008-12-02,,,,," ",,,,," ",1,1.344942857,EUR,," ",,,,,," ",,,,,,,,," ",,,,,,,,," "
2008-12-03,,,,," ",,,,," ",1,1.344942857,EUR,," ",,,,,," ",,,,,,,,," ",,,,,,,,," "
2008-12-04,,,,," ",,,,," ",1,1.344942857,EUR,," ",,,,,," ",,,,,,,,," ",,,,,,,,," "
2008-12-05,,,,," ",,,,," ",1,1.344942857,EUR,," ",,,,,," ",,,,,,,,," ",,,,,,,,," "
2008-12-08,,,,," ",,,,," ",1,1.344942857,EUR,," ",,,,,," ",,,,,,,,," ",,,,,,,,," "
2008-12-09,,,,," ",,,,," ",1,1.344942857,EUR,," ",,,,,," ",,,,,,,,," ",,,,,,,,," "
2008-12-10,,,,," ",,,,," ",1,1.344942857,EUR,," ",,,,,," ",,,,,,,,," ",,,,,,,,," "
2008-12-11,,,,," ",,,,," ",1,1.344942857,EUR,," ",,,,,," ",,,,,,,,," ",,,,,,,,," "
2008-12-12,,,,," ",,,,," ",1,1.344942857,EUR,," ",,,,,," ",,,,,,,,," ",,,,,,,,," "
2008-12-15,,,,," ",,,,," ",1,1.344942857,EUR,," ",,,,,," ",,,,,,,,," ",,,,,,,,," "
2008-12-16,,,,," ",,,,," ",1,1.344942857,EUR,," ",,,,,," ",,,,,,,,," ",,,,,,,,," "
2008-12-17,,,,," ",,,,," ",1,1.344942857,EUR,," ",,,,,," ",,,,,,,,," ",,,,,,,,," "
2008-12-18,,,,," ",,,,," ",1,1.344942857,EUR,," ",,,,,," ",,,,,,,,," ",,,,,,,,," "
2008-12-19,,,,," ",,,,," ",1,1.344942857,EUR,," ",,,,,," ",,,,,,,,," ",,,,,,,,," "
2008-12-22,,,,," ",,,,," ",1,1.344942857,EUR,," ",,,,,," ",,,,,,,,," ",,,,,,,,," "
2008-12-23,,,,," ",,,,," ",1,1.344942857,EUR,," ",,,,,," ",,,,,,,,," ",,,,,,,,," "
2008-12-29,,,,," ",,,,," ",1,1.344942857,EUR,," ",,,,,," ",,,,,,,,," ",,,,,,,,," "
2008-12-30,,,,," ",,,,," ",1,1.344942857,EUR,," ",,,,,," ",,,,,,,,," ",,,,,,,,," "
2009-01-02,,,,," ",,,,," ",1,1.323866667,EUR,," ",,,,,," ",,,,,,,,," ",,,,,,,,," "
2009-01-05,,,,," ",,,,," ",1,1.323866667,EUR,," ",,,,,," ",,,,,,,,," ",,,,,,,,," "
2009-01-06,,,,," ",,,,," ",1,1.323866667,EUR,," ",,,,,," ",,,,,,,,," ",,,,,,,,," "
2009-01-07,,,,," ",,,,," ",1,1.323866667,EUR,," ",,,,,," ",,,,,,,,," ",,,,,,,,," "
2009-01-08,,,,," ",,,,," ",1,1.323866667,EUR,," ",,,,,," ",,,,,,,,," ",,,,,,,,," "
2009-01-09,,,,," ",,,,," ",1,1.323866667,EUR,," ",,,,,," ",,,,,,,,," ",,,,,,,,," "
2009-01-12,,,,," ",,,,," ",1,1.323866667,EUR,," ",,,,,," ",,,,,,,,," ",,,,,,,,," "
2009-01-13,,,,," ",,,,," ",1,1.323866667,EUR,," ",,,,,," ",,,,,,,,," ",,,,,,,,," "
2009-01-14,,,,," ",,,,," ",1,1.323866667,EUR,," ",,,,,," ",,,,,,,,," ",,,,,,,,," "
2009-01-15,,,,," ",,,,," ",1,1.323866667,EUR,," ",,,,,," ",,,,,,,,," ",,,,,,,,," "
2009-01-16,,,,," ",,,,," ",1,1.323866667,EUR,," ",,,,,," ",,,,,,,,," ",,,,,,,,," "
2009-01-19,,,,," ",,,,," ",1,1.323866667,EUR,," ",,,,,," ",,,,,,,,," ",,,,,,,,," "
2009-01-20,,,,," ",,,,," ",1,1.323866667,EUR,," ",,,,,," ",,,,,,,,," ",,,,,,,,," "
2009-01-21,,,,," ",,,,," ",1,1.323866667,EUR,," ",,,,,," ",,,,,,,,," ",,,,,,,,," "
2009-01-22,,,,," ",,,,," ",1,1.323866667,EUR,," ",,,,,," ",,,,,,,,," ",,,,,,,,," "
2009-01-23,,,,," ",,,,," ",1,1.323866667,EUR,," ",,,,,," ",,,,,,,,," ",,,,,,,,," "
2009-01-26,,,,," ",,,,," ",1,1.323866667,EUR,," ",,,,,," ",,,,,,,,," ",,,,,,,,," "
2009-01-27,,,,," ",,,,," ",1,1.323866667,EUR,," ",,,,,," ",,,,,,,,," ",,,,,,,,," "
2009-01-28,,,,," ",,,,," ",1,1.323866667,EUR,," ",,,,,," ",,,,,,,,," ",,,,,,,,," "
2009-01-29,,,,," ",,,,," ",1,1.323866667,EUR,," ",,,,,," ",,,,,,,,," ",,,,,,,,," "
2009-01-30,,,,," ",,,,," ",1,1.323866667,EUR,," ",,,,,," ",,,,,,,,," ",,,,,,,,," "
2009-02-02,,,,," ",,,,," ",1,1.27847,EUR,," ",,,,,," ",,,,,,,,," ",,,,,,,,," "
2009-02-03,,,,," ",,,,," ",1,1.27847,EUR,," ",,,,,," ",,,,,,,,," ",,,,,,,,," "
2009-02-04,,,,," ",,,,," ",1,1.27847,EUR,," ",,,,,," ",,,,,,,,," ",,,,,,,,," "
2009-02-05,,,,," ",,,,," ",1,1.27847,EUR,," ",,,,,," ",,,,,,,,," ",,,,,,,,," "
2009-02-06,,,,," ",,,,," ",1,1.27847,EUR,," ",,,,,," ",,,,,,,,," ",,,,,,,,," "
2009-02-09,,,,," ",,,,," ",1,1.27847,EUR,," ",,,,,," ",,,,,,,,," ",,,,,,,,," "
2009-02-10,,,,," ",,,,," ",1,1.27847,EUR,," ",,,,,," ",,,,,,,,," ",,,,,,,,," "
2009-02-11,,,,," ",,,,," ",1,1.27847,EUR,," ",,,,,," ",,,,,,,,," ",,,,,,,,," "
2009-02-12,,,,," ",,,,," ",1,1.27847,EUR,," ",,,,,," ",,,,,,,,," ",,,,,,,,," "
2009-02-13,,,,," ",,,,," ",1,1.27847,EUR,," ",,,,,," ",,,,,,,,," ",,,,,,,,," "
2009-02-16,,,,," ",,,,," ",1,1.27847,EUR,," ",,,,,," ",,,,,,,,," ",,,,,,,,," "
2009-02-17,,,,," ",,,,," ",1,1.27847,EUR,," ",,,,,," ",,,,,,,,," ",,,,,,,,," "
2009-02-18,,,,," ",,,,," ",1,1.27847,EUR,," ",,,,,," ",,,,,,,,," ",,,,,,,,," "
2009-02-19,,,,," ",,,,," ",1,1.27847,EUR,," ",,,,,," ",,,,,,,,," ",,,,,,,,," "
2009-02-20,,,,," ",,,,," ",1,1.27847,EUR,," ",,,,,," ",,,,,,,,," ",,,,,,,,," "
2009-02-23,,,,," ",,,,," ",1,1.27847,EUR,," ",,,,,," ",,,,,,,,," ",,,,,,,,," "
2009-02-24,,,,," ",,,,," ",1,1.27847,EUR,," ",,,,,," ",,,,,,,,," ",,,,,,,,," "
2009-02-25,,,,," ",,,,," ",1,1.27847,EUR,," ",,,,,," ",,,,,,,,," ",,,,,,,,," "
2009-02-26,,,,," ",,,,," ",1,1.27847,EUR,," ",,,,,," ",,,,,,,,," ",,,,,,,,," "
2009-02-27,,,,," ",,,,," ",1,1.27847,EUR,," ",,,,,," ",,,,,,,,," ",,,,,,,,," "
2009-03-02,,,,," ",,,,," ",1,1.304981818,EUR,," ",,,,,," ",,,,,,,,," ",,,,,,,,," "
2009-03-03,,,,," ",,,,," ",1,1.304981818,EUR,," ",,,,,," ",,,,,,,,," ",,,,,,,,," "
2009-03-04,,,,," ",,,,," ",1,1.304981818,EUR,," ",,,,,," ",,,,,,,,," ",,,,,,,,," "
2009-03-05,,,,," ",,,,," ",1,1.304981818,EUR,," ",,,,,," ",,,,,,,,," ",,,,,,,,," "
2009-03-06,,,,," ",,,,," ",1,1.304981818,EUR,," ",,,,,," ",,,,,,,,," ",,,,,,,,," "
2009-03-09,,,,," ",,,,," ",1,1.304981818,EUR,," ",,,,,," ",0.405552965,0.529239246,NZD,,,,20,," ",,,,,,,,," "
2009-03-10,,,,," ",,,,," ",1,1.304981818,EUR,," ",,,,,," ",0.405552965,0.529239246,NZD,,,,20,," ",,,,,,,,," "
2009-03-11,,,,," ",,,,," ",1,1.304981818,EUR,," ",,,,,," ",0.405552965,0.529239246,NZD,,,,20,," ",,,,,,,,," "
2009-03-12,,,,," ",,,,," ",1,1.304981818,EUR,," ",,,,,," ",0.405552965,0.529239246,NZD,,,,20,," ",,,,,,,,," "
2009-03-13,,,,," ",,,,," ",1,1.304981818,EUR,," ",,,,,," ",0.405552965,0.529239246,NZD,,,,20,," ",,,,,,,,," "
2009-03-16,,,,," ",,,,," ",1,1.304981818,EUR,," ",,,,,," ",0.405552965,0.529239246,NZD,,,,20,," ",,,,,,,,," "
2009-03-17,,,,," ",,,,," ",1,1.304981818,EUR,," ",,,,,," ",0.405552965,0.529239246,NZD,,,,20,," ",,,,,,,,," "
2009-03-18,,,,," ",,,,," ",1,1.304981818,EUR,," ",,,,,," ",0.405552965,0.529239246,NZD,,,,20,," ",,,,,,,,," "
2009-03-19,,,,," ",,,,," ",1,1.304981818,EUR,," ",,,,,," ",0.405552965,0.529239246,NZD,,,,20,," ",,,,,,,,," "
2009-03-20,,,,," ",,,,," ",1,1.304981818,EUR,," ",,,,,," ",0.405552965,0.529239246,NZD,,,,20,," ",,,,,,,,," "
2009-03-23,,,,," ",,,,," ",1,1.304981818,EUR,," ",,,,,," ",0.405552965,0.529239246,NZD,,,,20,," ",,,,,,,,," "
2009-03-24,,,,," ",,,,," ",1,1.304981818,EUR,," ",,,,,," ",0.405552965,0.529239246,NZD,,,,20,," ",,,,,,,,," "
2009-03-25,,,,," ",,,,," ",1,1.304981818,EUR,," ",,,,,," ",0.405552965,0.529239246,NZD,,,,20,," ",,,,,,,,," "
2009-03-26,,,,," ",,,,," ",1,1.304981818,EUR,," ",,,,,," ",0.405552965,0.529239246,NZD,,,,20,," ",,,,,,,,," "
2009-03-27,,,,," ",,,,," ",1,1.304981818,EUR,," ",,,,,," ",0.405552965,0.529239246,NZD,,,,20,," ",,,,,,,,," "
2009-03-30,,,,," ",,,,," ",1,1.304981818,EUR,," ",,,,,," ",0.405552965,0.529239246,NZD,,,,20,," ",,,,,,,,," "
2009-03-31,,,,," ",,,,," ",1,1.304981818,EUR,," ",,,,,," ",0.405552965,0.529239246,NZD,,,,20,," ",,,,,,,,," "
2009-04-01,,,,," ",,,,," ",1,1.31903,EUR,," ",,,,,," ",0.432818056,0.5709,NZD,,,,20,," ",,,,,,,,," "
2009-04-02,,,,," ",,,,," ",1,1.31903,EUR,," ",,,,,," ",0.432818056,0.5709,NZD,,,,20,," ",,,,,,,,," "
2009-04-03,,,,," ",,,,," ",1,1.31903,EUR,," ",,,,,," ",0.432818056,0.5709,NZD,,,,20,," ",,,,,,,,," "
2009-04-06,,,,," ",,,,," ",1,1.31903,EUR,," ",,,,,," ",0.432818056,0.5709,NZD,,,,20,," ",,,,,,,,," "
2009-04-07,,,,," ",,,,," ",1,1.31903,EUR,," ",,,,,," ",0.432818056,0.5709,NZD,,,,20,," ",,,,,,,,," "
2009-04-08,,,,," ",,,,," ",1,1.31903,EUR,," ",,,,,," ",0.432818056,0.5709,NZD,,,,20,," ",,,,,,,,," "
2009-04-09,,,,," ",,,,," ",1,1.31903,EUR,," ",,,,,," ",0.432818056,0.5709,NZD,,,,20,," ",,,,,,,,," "
2009-04-14,,,,," ",,,,," ",1,1.31903,EUR,," ",,,,,," ",0.432818056,0.5709,NZD,,,,20,," ",,,,,,,,," "
2009-04-15,,,,," ",,,,," ",1,1.31903,EUR,," ",,,,,," ",0.432818056,0.5709,NZD,,,,20,," ",,,,,,,,," "
2009-04-16,,,,," ",,,,," ",1,1.31903,EUR,," ",,,,,," ",0.432818056,0.5709,NZD,,,,20,," ",,,,,,,,," "
2009-04-17,,,,," ",,,,," ",1,1.31903,EUR,," ",,,,,," ",0.432818056,0.5709,NZD,,,,20,," ",,,,,,,,," "
2009-04-20,,,,," ",,,,," ",1,1.31903,EUR,," ",,,,,," ",0.432818056,0.5709,NZD,,,,20,," ",,,,,,,,," "
2009-04-21,,,,," ",,,,," ",1,1.31903,EUR,," ",,,,,," ",0.432818056,0.5709,NZD,,,,20,," ",,,,,,,,," "
2009-04-22,,,,," ",,,,," ",1,1.31903,EUR,," ",,,,,," ",0.432818056,0.5709,NZD,,,,20,," ",,,,,,,,," "
2009-04-23,,,,," ",,,,," ",1,1.31903,EUR,," ",,,,,," ",0.432818056,0.5709,NZD,,,,20,," ",,,,,,,,," "
2009-04-24,,,,," ",,,,," ",1,1.31903,EUR,," ",,,,,," ",0.432818056,0.5709,NZD,,,,20,," ",,,,,,,,," "
2009-04-27,,,,," ",,,,," ",1,1.31903,EUR,," ",,,,,," ",0.432818056,0.5709,NZD,,,,20,," ",,,,,,,,," "
2009-04-28,,,,," ",,,,," ",1,1.31903,EUR,," ",,,,,," ",0.432818056,0.5709,NZD,,,,20,," ",,,,,,,,," "
2009-04-29,,,,," ",,,,," ",1,1.31903,EUR,," ",,,,,," ",0.432818056,0.5709,NZD,,,,20,," ",,,,,,,,," "
2009-04-30,,,,," ",,,,," ",1,1.31903,EUR,," ",,,,,," ",0.432818056,0.5709,NZD,,,,20,," ",,,,,,,,," "
2009-05-04,,,,," ",,,,," ",1,1.365045,EUR,," ",,,,,," ",0.438469608,0.598530746,NZD,,,,20,," ",,,,,,,,," "
2009-05-05,,,,," ",,,,," ",1,1.365045,EUR,," ",,,,,," ",0.438469608,0.598530746,NZD,,,,20,," ",,,,,,,,," "
2009-05-06,,,,," ",,,,," ",1,1.365045,EUR,," ",,,,,," ",0.438469608,0.598530746,NZD,,,,20,," ",,,,,,,,," "
2009-05-07,,,,," ",,,,," ",1,1.365045,EUR,," ",,,,,," ",0.438469608,0.598530746,NZD,,,,20,," ",,,,,,,,," "
2009-05-08,,,,," ",,,,," ",1,1.365045,EUR,," ",,,,,," ",0.438469608,0.598530746,NZD,,,,20,," ",,,,,,,,," "
2009-05-11,,,,," ",,,,," ",1,1.365045,EUR,," ",,,,,," ",0.438469608,0.598530746,NZD,,,,20,," ",,,,,,,,," "
2009-05-12,,,,," ",,,,," ",1,1.365045,EUR,," ",,,,,," ",0.438469608,0.598530746,NZD,,,,20,," ",,,,,,,,," "
2009-05-13,,,,," ",,,,," ",1,1.365045,EUR,," ",,,,,," ",0.438469608,0.598530746,NZD,,,,20,," ",,,,,,,,," "
2009-05-14,,,,," ",,,,," ",1,1.365045,EUR,," ",,,,,," ",0.438469608,0.598530746,NZD,,,,20,," ",,,,,,,,," "
2009-05-15,,,,," ",,,,," ",1,1.365045,EUR,," ",,,,,," ",0.438469608,0.598530746,NZD,,,,20,," ",,,,,,,,," "
2009-05-18,,,,," ",,,,," ",1,1.365045,EUR,," ",,,,,," ",0.438469608,0.598530746,NZD,,,,20,," ",,,,,,,,," "
2009-05-19,,,,," ",,,,," ",1,1.365045,EUR,," ",,,,,," ",0.438469608,0.598530746,NZD,,,,20,," ",,,,,,,,," "
2009-05-20,,,,," ",,,,," ",1,1.365045,EUR,," ",,,,,," ",0.438469608,0.598530746,NZD,,,,20,," ",,,,,,,,," "
2009-05-22,,,,," ",,,,," ",1,1.365045,EUR,," ",,,,,," ",0.438469608,0.598530746,NZD,,,,20,," ",,,,,,,,," "
2009-05-25,,,,," ",,,,," ",1,1.365045,EUR,," ",,,,,," ",0.438469608,0.598530746,NZD,,,,20,," ",,,,,,,,," "
2009-05-26,,,,," ",,,,," ",1,1.365045,EUR,," ",,,,,," ",0.438469608,0.598530746,NZD,,,,20,," ",,,,,,,,," "
2009-05-27,,,,," ",,,,," ",1,1.365045,EUR,," ",,,,,," ",0.438469608,0.598530746,NZD,,,,20,," ",,,,,,,,," "
2009-05-28,,,,," ",,,,," ",1,1.365045,EUR,," ",,,,,," ",0.438469608,0.598530746,NZD,,,,20,," ",,,,,,,,," "
2009-05-29,,,,," ",,,,," ",1,1.365045,EUR,," ",,,,,," ",0.438469608,0.598530746,NZD,,,,20,," ",,,,,,,,," "
2009-06-02,,,,," ",,,,," ",1,1.401645455,EUR,," ",,,,,," ",0.454650884,0.637259345,NZD,,,,20,," ",,,,,,,,," "
2009-06-03,,,,," ",,,,," ",1,1.401645455,EUR,," ",,,,,," ",0.454650884,0.637259345,NZD,,,,20,," ",,,,,,,,," "
2009-06-04,,,,," ",,,,," ",1,1.401645455,EUR,," ",,,,,," ",0.454650884,0.637259345,NZD,,,,20,," ",,,,,,,,," "
2009-06-05,,,,," ",,,,," ",1,1.401645455,EUR,," ",,,,,," ",0.454650884,0.637259345,NZD,,,,20,," ",,,,,,,,," "
2009-06-08,,,,," ",,,,," ",1,1.401645455,EUR,," ",,,,,," ",0.454650884,0.637259345,NZD,,,,20,," ",,,,,,,,," "
2009-06-09,,,,," ",,,,," ",1,1.401645455,EUR,," ",,,,,," ",0.454650884,0.637259345,NZD,,,,20,," ",,,,,,,,," "
2009-06-10,,,,," ",,,,," ",1,1.401645455,EUR,," ",,,,,," ",0.454650884,0.637259345,NZD,,,,20,," ",,,,,,,,," "
2009-06-11,,,,," ",,,,," ",1,1.401645455,EUR,," ",,,,,," ",0.454650884,0.637259345,NZD,,,,20,," ",,,,,,,,," "
2009-06-12,,,,," ",,,,," ",1,1.401645455,EUR,," ",,,,,," ",0.454650884,0.637259345,NZD,,,,20,," ",,,,,,,,," "
2009-06-15,,,,," ",,,,," ",1,1.401645455,EUR,," ",,,,,," ",0.454650884,0.637259345,NZD,,,,20,," ",,,,,,,,," "
2009-06-16,,,,," ",,,,," ",1,1.401645455,EUR,," ",,,,,," ",0.454650884,0.637259345,NZD,,,,20,," ",,,,,,,,," "
2009-06-17,,,,," ",,,,," ",1,1.401645455,EUR,," ",,,,,," ",0.454650884,0.637259345,NZD,,,,20,," ",,,,,,,,," "
2009-06-18,,,,," ",,,,," ",1,1.401645455,EUR,," ",,,,,," ",0.454650884,0.637259345,NZD,,,,20,," ",,,,,,,,," "
2009-06-19,,,,," ",,,,," ",1,1.401645455,EUR,," ",,,,,," ",0.454650884,0.637259345,NZD,,,,20,," ",,,,,,,,," "
2009-06-22,,,,," ",,,,," ",1,1.401645455,EUR,," ",,,,,," ",0.454650884,0.637259345,NZD,,,,20,," ",,,,,,,,," "
2009-06-23,,,,," ",,,,," ",1,1.401645455,EUR,," ",,,,,," ",0.454650884,0.637259345,NZD,,,,20,," ",,,,,,,,," "
2009-06-24,,,,," ",,,,," ",1,1.401645455,EUR,," ",,,,,," ",0.454650884,0.637259345,NZD,,,,20,," ",,,,,,,,," "
2009-06-25,,,,," ",,,,," ",1,1.401645455,EUR,," ",,,,,," ",0.454650884,0.637259345,NZD,,,,20,," ",,,,,,,,," "
2009-06-26,,,,," ",,,,," ",1,1.401645455,EUR,," ",,,,,," ",0.454650884,0.637259345,NZD,,,,20,," ",,,,,,,,," "
2009-06-29,,,,," ",,,,," ",1,1.401645455,EUR,," ",,,,,," ",0.454650884,0.637259345,NZD,,,,20,," ",,,,,,,,," "
2009-06-30,,,,," ",,,,," ",1,1.401645455,EUR,," ",,,,,," ",0.454650884,0.637259345,NZD,,,,20,," ",,,,,,,,," "
2009-07-01,,,,," ",,,,," ",1,1.408769565,EUR,," ",,,,,," ",0.456776901,0.643493396,NZD,,,,20,," ",,,,,,,,," "
2009-07-02,,,,," ",,,,," ",1,1.408769565,EUR,," ",,,,,," ",0.456776901,0.643493396,NZD,,,,20,," ",,,,,,,,," "
2009-07-03,,,,," ",,,,," ",1,1.408769565,EUR,," ",,,,,," ",0.456776901,0.643493396,NZD,,,,20,," ",,,,,,,,," "
2009-07-06,,,,," ",,,,," ",1,1.408769565,EUR,," ",,,,,," ",0.456776901,0.643493396,NZD,,,,20,25," ",,,,,,,,," "
2009-07-07,,,,," ",,,,," ",1,1.408769565,EUR,," ",,,,,," ",0.456776901,0.643493396,NZD,,,,20,25," ",,,,,,,,," "
2009-07-08,,,,," ",,,,," ",1,1.408769565,EUR,," ",,,,,," ",0.456776901,0.643493396,NZD,,,,20,25," ",,,,,,,,," "
2009-07-09,,,,," ",,,,," ",1,1.408769565,EUR,," ",,,,,," ",0.456776901,0.643493396,NZD,,,,20,25," ",,,,,,,,," "
2009-07-10,,,,," ",,,,," ",1,1.408769565,EUR,," ",,,,,," ",0.456776901,0.643493396,NZD,,,,20,25," ",,,,,,,,," "
2009-07-13,,,,," ",,,,," ",1,1.408769565,EUR,," ",,,,,," ",0.456776901,0.643493396,NZD,,,,20,25," ",,,,,,,,," "
2009-07-14,,,,," ",,,,," ",1,1.408769565,EUR,," ",,,,,," ",0.456776901,0.643493396,NZD,,,,20,25," ",,,,,,,,," "
2009-07-15,,,,," ",,,,," ",1,1.408769565,EUR,," ",,,,,," ",0.456776901,0.643493396,NZD,,,,20,25," ",,,,,,,,," "
2009-07-16,,,,," ",,,,," ",1,1.408769565,EUR,," ",,,,,," ",0.456776901,0.643493396,NZD,,,,20,25," ",,,,,,,,," "
2009-07-17,,,,," ",,,,," ",1,1.408769565,EUR,," ",,,,,," ",0.456776901,0.643493396,NZD,,,,20,25," ",,,,,,,,," "
2009-07-20,,,,," ",,,,," ",1,1.408769565,EUR,," ",,,,,," ",0.456776901,0.643493396,NZD,,,,20,25," ",,,,,,,,," "
2009-07-21,,,,," ",,,,," ",1,1.408769565,EUR,," ",,,,,," ",0.456776901,0.643493396,NZD,,,,20,25," ",,,,,,,,," "
2009-07-22,,,,," ",,,,," ",1,1.408769565,EUR,," ",,,,,," ",0.456776901,0.643493396,NZD,,,,20,25," ",,,,,,,,," "
2009-07-23,,,,," ",,,,," ",1,1.408769565,EUR,," ",,,,,," ",0.456776901,0.643493396,NZD,,,,20,25," ",,,,,,,,," "
2009-07-24,,,,," ",,,,," ",1,1.408769565,EUR,," ",,,,,," ",0.456776901,0.643493396,NZD,,,,20,25," ",,,,,,,,," "
2009-07-27,,,,," ",,,,," ",1,1.408769565,EUR,," ",,,,,," ",0.456776901,0.643493396,NZD,,,,20,25," ",,,,,,,,," "
2009-07-28,,,,," ",,,,," ",1,1.408769565,EUR,," ",,,,,," ",0.456776901,0.643493396,NZD,,,,20,25," ",,,,,,,,," "
2009-07-29,,,,," ",,,,," ",1,1.408769565,EUR,," ",,,,,," ",0.456776901,0.643493396,NZD,,,,20,25," ",,,,,,,,," "
2009-07-30,,,,," ",,,,," ",1,1.408769565,EUR,," ",,,,,," ",0.456776901,0.643493396,NZD,,,,20,25," ",,,,,,,,," "
2009-07-31,,,,," ",,,,," ",1,1.408769565,EUR,," ",,,,,," ",0.456776901,0.643493396,NZD,,,,20,25," ",,,,,,,,," "
2009-08-03,,,,," ",,,,," ",1,1.4268,EUR,," ",,,,,," ",0.473353749,0.67538113,NZD,,,,20,25," ",,,,,,,,," "
2009-08-04,,,,," ",,,,," ",1,1.4268,EUR,," ",,,,,," ",0.473353749,0.67538113,NZD,,,,20,25," ",,,,,,,,," "
2009-08-05,,,,," ",,,,," ",1,1.4268,EUR,," ",,,,,," ",0.473353749,0.67538113,NZD,,,,20,25," ",,,,,,,,," "
2009-08-06,,,,," ",,,,," ",1,1.4268,EUR,," ",,,,,," ",0.473353749,0.67538113,NZD,,,,20,25," ",,,,,,,,," "
2009-08-07,,,,," ",,,,," ",1,1.4268,EUR,," ",,,,,," ",0.473353749,0.67538113,NZD,,,,20,25," ",,,,,,,,," "
2009-08-10,,,,," ",,,,," ",1,1.4268,EUR,," ",,,,,," ",0.473353749,0.67538113,NZD,,,,20,25," ",,,,,,,,," "
2009-08-11,,,,," ",,,,," ",1,1.4268,EUR,," ",,,,,," ",0.473353749,0.67538113,NZD,,,,20,25," ",,,,,,,,," "
2009-08-12,,,,," ",,,,," ",1,1.4268,EUR,," ",,,,,," ",0.473353749,0.67538113,NZD,,,,20,25," ",,,,,,,,," "
2009-08-13,,,,," ",,,,," ",1,1.4268,EUR,," ",,,,,," ",0.473353749,0.67538113,NZD,,,,20,25," ",,,,,,,,," "
2009-08-14,,,,," ",,,,," ",1,1.4268,EUR,," ",,,,,," ",0.473353749,0.67538113,NZD,,,,20,25," ",,,,,,,,," "
2009-08-17,,,,," ",,,,," ",1,1.4268,EUR,," ",,,,,," ",0.473353749,0.67538113,NZD,,,,20,25," ",,,,,,,,," "
2009-08-18,,,,," ",,,,," ",1,1.4268,EUR,," ",,,,,," ",0.473353749,0.67538113,NZD,,,,20,25," ",,,,,,,,," "
2009-08-19,,,,," ",,,,," ",1,1.4268,EUR,," ",,,,,," ",0.473353749,0.67538113,NZD,,,,20,25," ",,,,,,,,," "
2009-08-20,,,,," ",,,,," ",1,1.4268,EUR,," ",,,,,," ",0.473353749,0.67538113,NZD,,,,20,25," ",,,,,,,,," "
2009-08-21,,,,," ",,,,," ",1,1.4268,EUR,," ",,,,,," ",0.473353749,0.67538113,NZD,,,,20,25," ",,,,,,,,," "
2009-08-24,,,,," ",,,,," ",1,1.4268,EUR,," ",,,,,," ",0.473353749,0.67538113,NZD,,,,20,25," ",,,,,,,,," "
2009-08-25,,,,," ",,,,," ",1,1.4268,EUR,," ",,,,,," ",0.473353749,0.67538113,NZD,,,,20,25," ",,,,,,,,," "
2009-08-26,,,,," ",,,,," ",1,1.4268,EUR,," ",,,,,," ",0.473353749,0.67538113,NZD,,,,20,25," ",,,,,,,,," "
2009-08-27,,,,," ",,,,," ",1,1.4268,EUR,," ",,,,,," ",0.473353749,0.67538113,NZD,,,,20,25," ",,,,,,,,," "
2009-08-28,,,,," ",,,,," ",1,1.4268,EUR,," ",,,,,," ",0.473353749,0.67538113,NZD,,,,20,25," ",,,,,,,,," "
2009-08-31,,,,," ",,,,," ",1,1.4268,EUR,," ",,,,,," ",0.473353749,0.67538113,NZD,,,,20,25," ",,,,,,,,," "
2009-09-01,,,,," ",,,,," ",1,1.456163636,EUR,," ",,,,,," ",0.482191152,0.702149221,NZD,,,,20,25," ",,,,,,,,," "
2009-09-02,,,,," ",,,,," ",1,1.456163636,EUR,," ",,,,,," ",0.482191152,0.702149221,NZD,,,,20,25," ",,,,,,,,," "
2009-09-03,,,,," ",,,,," ",1,1.456163636,EUR,," ",,,,,," ",0.482191152,0.702149221,NZD,,,,20,25," ",,,,,,,,," "
2009-09-04,,,,," ",,,,," ",1,1.456163636,EUR,," ",,,,,," ",0.482191152,0.702149221,NZD,,,,20,25," ",,,,,,,,," "
2009-09-07,,,,," ",,,,," ",1,1.456163636,EUR,," ",,,,,," ",0.482191152,0.702149221,NZD,,,,20,25," ",,,,,,,,," "
2009-09-08,,,,," ",,,,," ",1,1.456163636,EUR,," ",,,,,," ",0.482191152,0.702149221,NZD,,,,20,25," ",,,,,,,,," "
2009-09-09,,,,," ",,,,," ",1,1.456163636,EUR,," ",,,,,," ",0.482191152,0.702149221,NZD,,,,20,25," ",,,,,,,,," "
2009-09-10,,,,," ",,,,," ",1,1.456163636,EUR,," ",,,,,," ",0.482191152,0.702149221,NZD,,,,20,25," ",,,,,,,,," "
2009-09-11,,,,," ",,,,," ",1,1.456163636,EUR,," ",,,,,," ",0.482191152,0.702149221,NZD,,,,20,25," ",,,,,,,,," "
2009-09-14,,,,," ",,,,," ",1,1.456163636,EUR,," ",,,,,," ",0.482191152,0.702149221,NZD,,,,20,25," ",,,,,,,,," "
2009-09-15,,,,," ",,,,," ",1,1.456163636,EUR,," ",,,,,," ",0.482191152,0.702149221,NZD,,,,20,25," ",,,,,,,,," "
2009-09-16,,,,," ",,,,," ",1,1.456163636,EUR,," ",,,,,," ",0.482191152,0.702149221,NZD,,,,20,25," ",,,,,,,,," "
2009-09-17,,,,," ",,,,," ",1,1.456163636,EUR,," ",,,,,," ",0.482191152,0.702149221,NZD,,,,20,25," ",,,,,,,,," "
2009-09-18,,,,," ",,,,," ",1,1.456163636,EUR,," ",,,,,," ",0.482191152,0.702149221,NZD,,,,20,25," ",,,,,,,,," "
2009-09-21,,,,," ",,,,," ",1,1.456163636,EUR,," ",,,,,," ",0.482191152,0.702149221,NZD,,,,20,25," ",,,,,,,,," "
2009-09-22,,,,," ",,,,," ",1,1.456163636,EUR,," ",,,,,," ",0.482191152,0.702149221,NZD,,,,20,25," ",,,,,,,,," "
2009-09-23,,,,," ",,,,," ",1,1.456163636,EUR,," ",,,,,," ",0.482191152,0.702149221,NZD,,,,20,25," ",,,,,,,,," "
2009-09-24,,,,," ",,,,," ",1,1.456163636,EUR,," ",,,,,," ",0.482191152,0.702149221,NZD,,,,20,25," ",,,,,,,,," "
2009-09-25,,,,," ",,,,," ",1,1.456163636,EUR,," ",,,,,," ",0.482191152,0.702149221,NZD,,,,20,25," ",,,,,,,,," "
2009-09-28,,,,," ",,,,," ",1,1.456163636,EUR,," ",,,,,," ",0.482191152,0.702149221,NZD,,,,20,25," ",,,,,,,,," "
2009-09-29,,,,," ",,,,," ",1,1.456163636,EUR,," ",,,,,," ",0.482191152,0.702149221,NZD,,,,20,25," ",,,,,,,,," "
2009-09-30,,,,," ",,,,," ",1,1.456163636,EUR,," ",,,,,," ",0.482191152,0.702149221,NZD,,,,20,25," ",,,,,,,,," "
2009-10-01,,,,," ",,,,," ",1,1.481636364,EUR,," ",,,,,," ",0.498142605,0.738066198,NZD,,,,20,25," ",,,,,,,,," "
2009-10-02,,,,," ",,,,," ",1,1.481636364,EUR,," ",,,,,," ",0.498142605,0.738066198,NZD,,,,20,25," ",,,,,,,,," "
2009-10-05,,,,," ",,,,," ",1,1.481636364,EUR,," ",,,,,," ",0.498142605,0.738066198,NZD,,,,20,25," ",,,,,,,,," "
2009-10-06,,,,," ",,,,," ",1,1.481636364,EUR,," ",,,,,," ",0.498142605,0.738066198,NZD,,,,20,25," ",,,,,,,,," "
2009-10-07,,,,," ",,,,," ",1,1.481636364,EUR,," ",,,,,," ",0.498142605,0.738066198,NZD,,,,20,25," ",,,,,,,,," "
2009-10-08,,,,," ",,,,," ",1,1.481636364,EUR,," ",,,,,," ",0.498142605,0.738066198,NZD,,,,20,25," ",,,,,,,,," "
2009-10-09,,,,," ",,,,," ",1,1.481636364,EUR,," ",,,,,," ",0.498142605,0.738066198,NZD,,,,20,25," ",,,,,,,,," "
2009-10-12,,,,," ",,,,," ",1,1.481636364,EUR,," ",,,,,," ",0.498142605,0.738066198,NZD,,,,20,25," ",,,,,,,,," "
2009-10-13,,,,," ",,,,," ",1,1.481636364,EUR,," ",,,,,," ",0.498142605,0.738066198,NZD,,,,20,25," ",,,,,,,,," "
2009-10-14,,,,," ",,,,," ",1,1.481636364,EUR,," ",,,,,," ",0.498142605,0.738066198,NZD,,,,20,25," ",,,,,,,,," "
2009-10-15,,,,," ",,,,," ",1,1.481636364,EUR,," ",,,,,," ",0.498142605,0.738066198,NZD,,,,20,25," ",,,,,,,,," "
2009-10-16,,,,," ",,,,," ",1,1.481636364,EUR,," ",,,,,," ",0.498142605,0.738066198,NZD,,,,20,25," ",,,,,,,,," "
2009-10-19,,,,," ",,,,," ",1,1.481636364,EUR,," ",,,,,," ",0.498142605,0.738066198,NZD,,,,20,25," ",,,,,,,,," "
2009-10-20,,,,," ",,,,," ",1,1.481636364,EUR,," ",,,,,," ",0.498142605,0.738066198,NZD,,,,20,25," ",,,,,,,,," "
2009-10-21,,,,," ",,,,," ",1,1.481636364,EUR,," ",,,,,," ",0.498142605,0.738066198,NZD,,,,20,25," ",,,,,,,,," "
2009-10-22,,,,," ",,,,," ",1,1.481636364,EUR,," ",,,,,," ",0.498142605,0.738066198,NZD,,,,20,25," ",,,,,,,,," "
2009-10-23,,,,," ",,,,," ",1,1.481636364,EUR,," ",,,,,," ",0.498142605,0.738066198,NZD,,,,20,25," ",,,,,,,,," "
2009-10-26,,,,," ",,,,," ",1,1.481636364,EUR,," ",,,,,," ",,,,,,,,," ",,,,,,,,," "
2009-10-27,,,,," ",,,,," ",1,1.481636364,EUR,," ",,,,,," ",0.498142605,0.738066198,NZD,,,,20,25," ",,,,,,,,," "
2009-10-28,,,,," ",,,,," ",1,1.481636364,EUR,," ",,,,,," ",0.498142605,0.738066198,NZD,,,,20,25," ",,,,,,,,," "
2009-10-29,,,,," ",,,,," ",1,1.481636364,EUR,," ",,,,,," ",0.498142605,0.738066198,NZD,,,,20,25," ",,,,,,,,," "
2009-10-30,,,,," ",,,,," ",1,1.481636364,EUR,," ",,,,,," ",0.498142605,0.738066198,NZD,,,,20,25," ",,,,,,,,," "
2009-11-02,,,,," ",,,,," ",1,1.491447619,EUR,," ",,,,,," ",0.489936507,0.730714637,NZD,,,,20,25," ",,,,,,,,," "
2009-11-03,,,,," ",,,,," ",1,1.491447619,EUR,," ",,,,,," ",0.489936507,0.730714637,NZD,,,,20,25," ",,,,,,,,," "
2009-11-04,,,,," ",,,,," ",1,1.491447619,EUR,," ",,,,,," ",0.489936507,0.730714637,NZD,,,,20,25," ",,,,,,,,," "
2009-11-05,,,,," ",,,,," ",1,1.491447619,EUR,," ",,,,,," ",0.489936507,0.730714637,NZD,,,,20,25," ",,,,,,,,," "
2009-11-06,,,,," ",,,,," ",1,1.491447619,EUR,," ",,,,,," ",0.489936507,0.730714637,NZD,,,,20,25," ",,,,,,,,," "
2009-11-09,,,,," ",,,,," ",1,1.491447619,EUR,," ",,,,,," ",0.489936507,0.730714637,NZD,,,,20,25," ",,,,,,,,," "
2009-11-10,,,,," ",,,,," ",1,1.491447619,EUR,," ",,,,,," ",0.489936507,0.730714637,NZD,,,,20,25," ",,,,,,,,," "
2009-11-11,,,,," ",,,,," ",1,1.491447619,EUR,," ",,,,,," ",0.489936507,0.730714637,NZD,,,,20,25," ",,,,,,,,," "
2009-11-12,,,,," ",,,,," ",1,1.491447619,EUR,," ",,,,,," ",0.489936507,0.730714637,NZD,,,,20,25," ",,,,,,,,," "
2009-11-13,,,,," ",,,,," ",1,1.491447619,EUR,," ",,,,,," ",0.489936507,0.730714637,NZD,,,,20,25," ",,,,,,,,," "
2009-11-16,,,,," ",,,,," ",1,1.491447619,EUR,," ",,,,,," ",0.489936507,0.730714637,NZD,,,,20,25," ",,,,,,,,," "
2009-11-17,,,,," ",,,,," ",1,1.491447619,EUR,," ",,,,,," ",0.489936507,0.730714637,NZD,,,,20,25," ",,,,,,,,," "
2009-11-18,,,,," ",,,,," ",1,1.491447619,EUR,," ",,,,,," ",0.489936507,0.730714637,NZD,,,,20,25," ",,,,,,,,," "
2009-11-19,,,,," ",,,,," ",1,1.491447619,EUR,," ",,,,,," ",0.489936507,0.730714637,NZD,,,,20,25," ",,,,,,,,," "
2009-11-20,,,,," ",,,,," ",1,1.491447619,EUR,," ",,,,,," ",0.489936507,0.730714637,NZD,,,,20,25," ",,,,,,,,," "
2009-11-23,,,,," ",,,,," ",1,1.491447619,EUR,," ",,,,,," ",0.489936507,0.730714637,NZD,,,,20,25," ",,,,,,,,," "
2009-11-24,,,,," ",,,,," ",1,1.491447619,EUR,," ",,,,,," ",0.489936507,0.730714637,NZD,,,,20,25," ",,,,,,,,," "
2009-11-25,,,,," ",,,,," ",1,1.491447619,EUR,," ",,,,,," ",0.489936507,0.730714637,NZD,,,,20,25," ",,,,,,,,," "
2009-11-26,,,,," ",,,,," ",1,1.491447619,EUR,," ",,,,,," ",0.489936507,0.730714637,NZD,,,,20,25," ",,,,,,,,," "
2009-11-27,,,,," ",,,,," ",1,1.491447619,EUR,," ",,,,,," ",0.489936507,0.730714637,NZD,,,,20,25," ",,,,,,,,," "
2009-11-30,,,,," ",,,,," ",1,1.491447619,EUR,," ",,,,,," ",0.489936507,0.730714637,NZD,,,,20,25," ",,,,,,,,," "
2009-12-01,,,,," ",,,,," ",1,1.461359091,EUR,," ",,,,,," ",0.490129605,0.716255353,NZD,,,,20,25," ",,,,,,,,," "
2009-12-02,,,,," ",,,,," ",1,1.461359091,EUR,," ",,,,,," ",0.490129605,0.716255353,NZD,,,,20,25," ",,,,,,,,," "
2009-12-03,,,,," ",,,,," ",1,1.461359091,EUR,," ",,,,,," ",0.490129605,0.716255353,NZD,,,,20,25," ",,,,,,,,," "
2009-12-04,,,,," ",,,,," ",1,1.461359091,EUR,," ",,,,,," ",0.490129605,0.716255353,NZD,,,,20,25," ",,,,,,,,," "
2009-12-07,,,,," ",,,,," ",1,1.461359091,EUR,," ",,,,,," ",0.490129605,0.716255353,NZD,,,,20,25," ",,,,,,,,," "
2009-12-08,,,,," ",,,,," ",1,1.461359091,EUR,," ",,,,,," ",0.490129605,0.716255353,NZD,,,,20,25," ",,,,,,,,," "
2009-12-09,,,,," ",,,,," ",1,1.461359091,EUR,," ",,,,,," ",0.490129605,0.716255353,NZD,,,,20,25," ",,,,,,,,," "
2009-12-10,,,,," ",,,,," ",1,1.461359091,EUR,," ",,,,,," ",0.490129605,0.716255353,NZD,,,,20,25," ",,,,,,,,," "
2009-12-11,,,,," ",,,,," ",1,1.461359091,EUR,," ",,,,,," ",0.490129605,0.716255353,NZD,,,,20,25," ",,,,,,,,," "
2009-12-14,,,,," ",,,,," ",1,1.461359091,EUR,," ",,,,,," ",0.490129605,0.716255353,NZD,,,,20,25," ",,,,,,,,," "
2009-12-15,,,,," ",,,,," ",1,1.461359091,EUR,," ",,,,,," ",0.490129605,0.716255353,NZD,,,,20,25," ",,,,,,,,," "
2009-12-16,,,,," ",,,,," ",1,1.461359091,EUR,," ",,,,,," ",0.490129605,0.716255353,NZD,,,,20,25," ",,,,,,,,," "
2009-12-17,,,,," ",,,,," ",1,1.461359091,EUR,," ",,,,,," ",0.490129605,0.716255353,NZD,,,,20,25," ",,,,,,,,," "
2009-12-18,,,,," ",,,,," ",1,1.461359091,EUR,," ",,,,,," ",0.490129605,0.716255353,NZD,,,,20,25," ",,,,,,,,," "
2009-12-21,,,,," ",,,,," ",1,1.461359091,EUR,," ",,,,,," ",0.490129605,0.716255353,NZD,,,,20,25," ",,,,,,,,," "
2009-12-22,,,,," ",,,,," ",1,1.461359091,EUR,," ",,,,,," ",0.490129605,0.716255353,NZD,,,,20,25," ",,,,,,,,," "
2009-12-23,,,,," ",,,,," ",1,1.461359091,EUR,," ",,,,,," ",0.490129605,0.716255353,NZD,,,,20,25," ",,,,,,,,," "
2009-12-28,,,,," ",,,,," ",1,1.461359091,EUR,," ",,,,,," ",,,,,,,,," ",,,,,,,,," "
2009-12-29,,,,," ",,,,," ",1,1.461359091,EUR,," ",,,,,," ",0.490129605,0.716255353,NZD,,,,20,25," ",,,,,,,,," "
2009-12-30,,,,," ",,,,," ",1,1.461359091,EUR,," ",,,,,," ",0.490129605,0.716255353,NZD,,,,20,25," ",,,,,,,,," "
2010-01-04,,,,," ",,,,," ",1,1.42721,EUR,," ",,,,,," ",,,,,,,,," ",,,,,,,,," "
2010-01-05,,,,," ",,,,," ",1,1.42721,EUR,12.67," ",,,,,," ",0.509702774,0.727452897,NZD,,,,20,25," ",,,,,,,,," "
2010-01-06,,,,," ",,,,," ",1,1.42721,EUR,," ",,,,,," ",0.509702774,0.727452897,NZD,,,,20,25," ",,,,,,,,," "
2010-01-07,,,,," ",,,,," ",1,1.42721,EUR,," ",,,,,," ",0.509702774,0.727452897,NZD,,,,20,25," ",,,,,,,,," "
2010-01-08,,,,," ",,,,," ",1,1.42721,EUR,," ",,,,,," ",0.509702774,0.727452897,NZD,,,,20,25," ",,,,,,,,," "
2010-01-11,,,,," ",,,,," ",1,1.42721,EUR,," ",,,,,," ",0.509702774,0.727452897,NZD,,,,20,25," ",,,,,,,,," "
2010-01-12,,,,," ",,,,," ",1,1.42721,EUR,12.71," ",,,,,," ",0.509702774,0.727452897,NZD,,,,20,25," ",,,,,,,,," "
2010-01-13,,,,," ",,,,," ",1,1.42721,EUR,," ",,,,,," ",0.509702774,0.727452897,NZD,,,,20.4,25," ",,,,,,,,," "
2010-01-14,,,,," ",,,,," ",1,1.42721,EUR,," ",,,,,," ",0.509702774,0.727452897,NZD,,,,20.4,25," ",,,,,,,,," "
2010-01-15,,,,," ",,,,," ",1,1.42721,EUR,," ",,,,,," ",0.509702774,0.727452897,NZD,,,,20.4,25," ",,,,,,,,," "
2010-01-18,,,,," ",,,,," ",1,1.42721,EUR,," ",,,,,," ",0.509702774,0.727452897,NZD,,,,20.4,25," ",,,,,,,,," "
2010-01-19,,,,," ",,,,," ",1,1.42721,EUR,13.43," ",,,,,," ",0.509702774,0.727452897,NZD,,,,20.4,25," ",,,,,,,,," "
2010-01-20,,,,," ",,,,," ",1,1.42721,EUR,," ",,,,,," ",0.509702774,0.727452897,NZD,,,,20.4,25," ",,,,,,,,," "
2010-01-21,,,,," ",,,,," ",1,1.42721,EUR,," ",,,,,," ",0.509702774,0.727452897,NZD,,,,20.4,25," ",,,,,,,,," "
2010-01-22,,,,," ",,,,," ",1,1.42721,EUR,," ",,,,,," ",0.509702774,0.727452897,NZD,,,,20.4,25," ",,,,,,,,," "
2010-01-25,,,,," ",,,,," ",1,1.42721,EUR,," ",,,,,," ",,,,,,,,," ",,,,,,,,," "
2010-01-26,,,,," ",,,,," ",1,1.42721,EUR,13.27," ",,,,,," ",0.509702774,0.727452897,NZD,,,,20.4,25," ",,,,,,,,," "
2010-01-27,,,,," ",,,,," ",1,1.42721,EUR,," ",,,,,," ",0.509702774,0.727452897,NZD,,,,20.4,25," ",,,,,,,,," "
2010-01-28,,,,," ",,,,," ",1,1.42721,EUR,," ",,,,,," ",0.509702774,0.727452897,NZD,,,,20.4,25," ",,,,,,,,," "
2010-01-29,,,,," ",,,,," ",1,1.42721,EUR,," ",,,,,," ",0.509702774,0.727452897,NZD,,,,20.4,25," ",,,,,,,,," "
2010-02-01,,,,," ",,,,," ",1,1.36857,EUR,," ",,,,,," ",,,,,,,,," ",,,,,,,,," "
2010-02-02,,,,," ",,,,," ",1,1.36857,EUR,12.46," ",,,,,," ",0.50954114,0.697342718,NZD,,,,20.4,25," ",,,,,,,,," "
2010-02-03,,,,," ",,,,," ",1,1.36857,EUR,," ",,,,,," ",0.50954114,0.697342718,NZD,,,,20.4,25," ",,,,,,,,," "
2010-02-04,,,,," ",,,,," ",1,1.36857,EUR,," ",,,,,," ",0.50954114,0.697342718,NZD,,,,20.4,25," ",,,,,,,,," "
2010-02-05,,,,," ",,,,," ",1,1.36857,EUR,," ",,,,,," ",0.50954114,0.697342718,NZD,,,,20.4,25," ",,,,,,,,," "
2010-02-08,,,,," ",,,,," ",1,1.36857,EUR,," ",,,,,," ",0.50954114,0.697342718,NZD,,,,20.4,25," ",,,,,,,,," "
2010-02-09,,,,," ",,,,," ",1,1.36857,EUR,13.47," ",,,,,," ",0.50954114,0.697342718,NZD,,,,20.4,25," ",,,,,,,,," "
2010-02-10,,,,," ",,,,," ",1,1.36857,EUR,," ",,,,,," ",0.50954114,0.697342718,NZD,,,,20.4,25," ",,,,,,,,," "
2010-02-11,,,,," ",,,,," ",1,1.36857,EUR,," ",,,,,," ",0.50954114,0.697342718,NZD,,,,20.4,25," ",,,,,,,,," "
2010-02-12,,,,," ",,,,," ",1,1.36857,EUR,," ",,,,,," ",0.50954114,0.697342718,NZD,,,,20.4,25," ",,,,,,,,," "
2010-02-15,,,,," ",,,,," ",1,1.36857,EUR,," ",,,,,," ",0.50954114,0.697342718,NZD,,,,20.4,25," ",,,,,,,,," "
2010-02-16,,,,," ",,,,," ",1,1.36857,EUR,13," ",,,,,," ",0.50954114,0.697342718,NZD,,,,20.4,25," ",,,,,,,,," "
2010-02-17,,,,," ",,,,," ",1,1.36857,EUR,," ",,,,,," ",0.50954114,0.697342718,NZD,,,,20.4,25," ",,,,,,,,," "
2010-02-18,,,,," ",,,,," ",1,1.36857,EUR,," ",,,,,," ",0.50954114,0.697342718,NZD,,,,20.4,25," ",,,,,,,,," "
2010-02-19,,,,," ",,,,," ",1,1.36857,EUR,," ",,,,,," ",0.50954114,0.697342718,NZD,,,,20.4,25," ",,,,,,,,," "
2010-02-22,,,,," ",,,,," ",1,1.36857,EUR,," ",,,,,," ",0.50954114,0.697342718,NZD,,,,20.4,25," ",,,,,,,,," "
2010-02-23,,,,," ",,,,," ",1,1.36857,EUR,12.62," ",,,,,," ",0.50954114,0.697342718,NZD,,,,20.4,25," ",,,,,,,,," "
2010-02-24,,,,," ",,,,," ",1,1.36857,EUR,," ",,,,,," ",0.50954114,0.697342718,NZD,,,,20.4,25," ",,,,,,,,," "
2010-02-25,,,,," ",,,,," ",1,1.36857,EUR,," ",,,,,," ",0.50954114,0.697342718,NZD,,,,20.4,25," ",,,,,,,,," "
2010-02-26,,,,," ",,,,," ",1,1.36857,EUR,," ",,,,,," ",0.50954114,0.697342718,NZD,,,,20.4,25," ",,,,,,,,," "
2010-03-01,,,,," ",,,,," ",1,1.356852174,EUR,," ",,,,,," ",0.517897033,0.702709715,NZD,,,,20.4,25," ",,,,,,,,," "
2010-03-02,,,,," ",,,,," ",1,1.356852174,EUR,13.08," ",,,,,," ",0.517897033,0.702709715,NZD,,,,20.4,25," ",,,,,,,,," "
2010-03-03,,,,," ",,,,," ",1,1.356852174,EUR,," ",,,,,," ",0.517897033,0.702709715,NZD,,,,20.4,25," ",,,,,,,,," "
2010-03-04,,,,," ",,,,," ",1,1.356852174,EUR,," ",,,,,," ",0.517897033,0.702709715,NZD,,,,20.4,25," ",,,,,,,,," "
2010-03-05,,,,," ",,,,," ",1,1.356852174,EUR,," ",,,,,," ",0.517897033,0.702709715,NZD,,,,20.4,25," ",,,,,,,,," "
2010-03-08,,,,," ",,,,," ",1,1.356852174,EUR,," ",,,,,," ",0.517897033,0.702709715,NZD,,,,20.4,25," ",,,,,,,,," "
2010-03-09,,,,," ",,,,," ",1,1.356852174,EUR,12.94," ",,,,,," ",0.517897033,0.702709715,NZD,,,,20.4,25," ",,,,,,,,," "
2010-03-10,,,,," ",,,,," ",1,1.356852174,EUR,," ",,,,,," ",0.517897033,0.702709715,NZD,,,,20.4,25," ",,,,,,,,," "
2010-03-11,,,,," ",,,,," ",1,1.356852174,EUR,," ",,,,,," ",0.517897033,0.702709715,NZD,,,,20.4,25," ",,,,,,,,," "
2010-03-12,,,,," ",,,,," ",1,1.356852174,EUR,," ",,,,,," ",0.517897033,0.702709715,NZD,,,,20.4,25," ",,,,,,,,," "
2010-03-15,,,,," ",,,,," ",1,1.356852174,EUR,," ",,,,,," ",0.517897033,0.702709715,NZD,,,,20.4,25," ",,,,,,,,," "
2010-03-16,,,,," ",,,,," ",1,1.356852174,EUR,12.88," ",,,,,," ",0.517897033,0.702709715,NZD,,,,20.4,25," ",,,,,,,,," "
2010-03-17,,,,," ",,,,," ",1,1.356852174,EUR,," ",,,,,," ",0.517897033,0.702709715,NZD,,,,20.4,25," ",,,,,,,,," "
2010-03-18,,,,," ",,,,," ",1,1.356852174,EUR,," ",,,,,," ",0.517897033,0.702709715,NZD,,,,20.4,25," ",,,,,,,,," "
2010-03-19,,,,," ",,,,," ",1,1.356852174,EUR,," ",,,,,," ",0.517897033,0.702709715,NZD,,,,20.4,25," ",,,,,,,,," "
2010-03-22,,,,," ",,,,," ",1,1.356852174,EUR,," ",,,,,," ",0.517897033,0.702709715,NZD,,,,20.4,25," ",,,,,,,,," "
2010-03-23,,,,," ",,,,," ",1,1.356852174,EUR,12.9," ",,,,,," ",0.517897033,0.702709715,NZD,,,,20.4,25," ",,,,,,,,," "
2010-03-24,,,,," ",,,,," ",1,1.356852174,EUR,," ",,,,,," ",0.517897033,0.702709715,NZD,,,,20.4,25," ",,,,,,,,," "
2010-03-25,,,,," ",,,,," ",1,1.356852174,EUR,," ",,,,,," ",0.517897033,0.702709715,NZD,,,,20.4,25," ",,,,,,,,," "
2010-03-26,,,,," ",,,,," ",1,1.356852174,EUR,," ",,,,,," ",0.517897033,0.702709715,NZD,,,,20.4,25," ",,,,,,,,," "
2010-03-29,,,,," ",,,,," ",1,1.356852174,EUR,," ",,,,,," ",0.517897033,0.702709715,NZD,,,,20.4,25," ",,,,,,,,," "
2010-03-30,,,,," ",,,,," ",1,1.356852174,EUR,12.49," ",,,,,," ",0.517897033,0.702709715,NZD,,,,20.4,25," ",,,,,,,,," "
2010-03-31,,,,," ",,,,," ",1,1.356852174,EUR,," ",,,,,," ",0.517897033,0.702709715,NZD,,,,20.4,25," ",,,,,,,,," "
2010-04-01,,,,," ",,,,," ",1,1.34057,EUR,," ",,,,,," ",0.531358051,0.712322663,NZD,,,,20.4,25," ",,,,,,,,," "
2010-04-06,,,,," ",,,,," ",1,1.34057,EUR,12.98," ",,,,,," ",0.531358051,0.712322663,NZD,,,,20.4,25," ",,,,,,,,," "
2010-04-07,,,,," ",,,,," ",1,1.34057,EUR,," ",,,,,," ",0.531358051,0.712322663,NZD,,,,20.4,25," ",,,,,,,,," "
2010-04-08,,,,," ",,,,," ",1,1.34057,EUR,," ",,,,,," ",0.531358051,0.712322663,NZD,,,,20.4,25," ",,,,,,,,," "
2010-04-09,,,,," ",,,,," ",1,1.34057,EUR,," ",,,,,," ",0.531358051,0.712322663,NZD,,,,20.4,25," ",,,,,,,,," "
2010-04-12,,,,," ",,,,," ",1,1.34057,EUR,," ",,,,,," ",0.531358051,0.712322663,NZD,,,,20.4,25," ",,,,,,,,," "
2010-04-13,,,,," ",,,,," ",1,1.34057,EUR,13.39," ",,,,,," ",0.531358051,0.712322663,NZD,,,,20.4,25," ",,,,,,,,," "
2010-04-14,,,,," ",,,,," ",1,1.34057,EUR,," ",,,,,," ",0.531358051,0.712322663,NZD,,,,20.4,25," ",,,,,,,,," "
2010-04-15,,,,," ",,,,," ",1,1.34057,EUR,," ",,,,,," ",0.531358051,0.712322663,NZD,,,,20.4,25," ",,,,,,,,," "
2010-04-16,,,,," ",,,,," ",1,1.34057,EUR,," ",,,,,," ",0.531358051,0.712322663,NZD,,,,20.4,25," ",,,,,,,,," "
2010-04-19,,,,," ",,,,," ",1,1.34057,EUR,," ",,,,,," ",0.531358051,0.712322663,NZD,,,,20.4,25," ",,,,,,,,," "
2010-04-20,,,,," ",,,,," ",1,1.34057,EUR,14.59," ",,,,,," ",0.531358051,0.712322663,NZD,,,,20.4,25," ",,,,,,,,," "
2010-04-21,,,,," ",,,,," ",1,1.34057,EUR,," ",,,,,," ",0.531358051,0.712322663,NZD,,,,20.4,25," ",,,,,,,,," "
2010-04-22,,,,," ",,,,," ",1,1.34057,EUR,," ",,,,,," ",0.531358051,0.712322663,NZD,,,,20.4,25," ",,,,,,,,," "
2010-04-23,,,,," ",,,,," ",1,1.34057,EUR,," ",,,,,," ",0.531358051,0.712322663,NZD,,,,20.4,25," ",,,,,,,,," "
2010-04-26,,,,," ",,,,," ",1,1.34057,EUR,," ",,,,,," ",0.531358051,0.712322663,NZD,,,,20.4,25," ",,,,,,,,," "
2010-04-27,,,,," ",,,,," ",1,1.34057,EUR,15.3," ",,,,,," ",0.531358051,0.712322663,NZD,,,,20.4,25," ",,,,,,,,," "
2010-04-28,,,,," ",,,,," ",1,1.34057,EUR,," ",,,,,," ",0.531358051,0.712322663,NZD,,,,20.4,25," ",,,,,,,,," "
2010-04-29,,,,," ",,,,," ",1,1.34057,EUR,," ",,,,,," ",0.531358051,0.712322663,NZD,,,,20.4,25," ",,,,,,,,," "
2010-04-30,,,,," ",,,,," ",1,1.34057,EUR,," ",,,,,," ",0.531358051,0.712322663,NZD,,,,20.4,25," ",,,,,,,,," "
2010-05-03,,,,," ",,,,," ",1,1.256533333,EUR,," ",,,,,," ",0.556772575,0.6996033,NZD,,,,20.4,25," ",,,,,,,,," "
2010-05-04,,,,," ",,,,," ",1,1.256533333,EUR,15.91," ",,,,,," ",0.556772575,0.6996033,NZD,,,,20.4,25," ",,,,,,,,," "
2010-05-05,,,,," ",,,,," ",1,1.256533333,EUR,," ",,,,,," ",0.556772575,0.6996033,NZD,,,,20.4,25," ",,,,,,,,," "
2010-05-06,,,,," ",,,,," ",1,1.256533333,EUR,," ",,,,,," ",0.556772575,0.6996033,NZD,,,,20.4,25," ",,,,,,,,," "
2010-05-07,,,,," ",,,,," ",1,1.256533333,EUR,," ",,,,,," ",0.556772575,0.6996033,NZD,,,,20.4,25," ",,,,,,,,," "
2010-05-10,,,,," ",,,,," ",1,1.256533333,EUR,," ",,,,,," ",0.556772575,0.6996033,NZD,,,,20.4,25," ",,,,,,,,," "
2010-05-11,,,,," ",,,,," ",1,1.256533333,EUR,14.98," ",,,,,," ",0.556772575,0.6996033,NZD,,,,20.4,25," ",,,,,,,,," "
2010-05-12,,,,," ",,,,," ",1,1.256533333,EUR,," ",,,,,," ",0.556772575,0.6996033,NZD,,,,20.4,25," ",,,,,,,,," "
2010-05-14,,,,," ",,,,," ",1,1.256533333,EUR,," ",,,,,," ",0.556772575,0.6996033,NZD,,,,20.4,25," ",,,,,,,,," "
2010-05-17,,,,," ",,,,," ",1,1.256533333,EUR,," ",,,,,," ",0.556772575,0.6996033,NZD,,,,20.4,25," ",,,,,,,,," "
2010-05-18,,,,," ",,,,," ",1,1.256533333,EUR,15.07," ",,,,,," ",0.556772575,0.6996033,NZD,,,,17.57,25," ",,,,,,,,," "
2010-05-19,,,,," ",,,,," ",1,1.256533333,EUR,," ",,,,,," ",0.556772575,0.6996033,NZD,,,,17.57,25," ",,,,,,,,," "
2010-05-20,,,,," ",,,,," ",1,1.256533333,EUR,," ",,,,,," ",0.556772575,0.6996033,NZD,,,,17.57,25," ",,,,,,,,," "
2010-05-21,,,,," ",,,,," ",1,1.256533333,EUR,," ",,,,,," ",0.556772575,0.6996033,NZD,,,,17.57,25," ",,,,,,,,," "
2010-05-25,,,,," ",,,,," ",1,1.256533333,EUR,14.72," ",,,,,," ",0.556772575,0.6996033,NZD,,,,17.57,25," ",,,,,,,,," "
2010-05-26,,,,," ",,,,," ",1,1.256533333,EUR,," ",,,,,," ",0.556772575,0.6996033,NZD,,,,17.57,25," ",,,,,,,,," "
2010-05-27,,,,," ",,,,," ",1,1.256533333,EUR,," ",,,,,," ",0.556772575,0.6996033,NZD,,,,17.57,25," ",,,,,,,,," "
2010-05-28,,,,," ",,,,," ",1,1.256533333,EUR,," ",,,,,," ",0.556772575,0.6996033,NZD,,,,17.57,25," ",,,,,,,,," "
2010-05-31,,,,," ",,,,," ",1,1.256533333,EUR,," ",,,,,," ",0.556772575,0.6996033,NZD,,,,17.57,25," ",,,,,,,,," "
2010-06-01,,,,," ",,,,," ",1,1.22085,EUR,14.74," ",,,,,," ",0.567183622,0.692446125,NZD,,,,17.57,25," ",,,,,,,,," "
2010-06-02,,,,," ",,,,," ",1,1.22085,EUR,," ",,,,,," ",0.567183622,0.692446125,NZD,,,,17.57,25," ",,,,,,,,," "
2010-06-03,,,,," ",,,,," ",1,1.22085,EUR,," ",,,,,," ",0.567183622,0.692446125,NZD,,,,17.57,25," ",,,,,,,,," "
2010-06-04,,,,," ",,,,," ",1,1.22085,EUR,," ",,,,,," ",0.567183622,0.692446125,NZD,,,,17.57,25," ",,,,,,,,," "
2010-06-07,,,,," ",,,,," ",1,1.22085,EUR,," ",,,,,," ",,,,,,,,," ",,,,,,,,," "
2010-06-08,,,,," ",,,,," ",1,1.22085,EUR,15.12," ",,,,,," ",0.567183622,0.692446125,NZD,,,,17.57,25," ",,,,,,,,," "
2010-06-09,,,,," ",,,,," ",1,1.22085,EUR,," ",,,,,," ",0.567183622,0.692446125,NZD,,,,17.57,25," ",,,,,,,,," "
2010-06-10,,,,," ",,,,," ",1,1.22085,EUR,," ",,,,,," ",0.567183622,0.692446125,NZD,,,,17.57,25," ",,,,,,,,," "
2010-06-11,,,,," ",,,,," ",1,1.22085,EUR,," ",,,,,," ",0.567183622,0.692446125,NZD,,,,17.57,25," ",,,,,,,,," "
2010-06-14,,,,," ",,,,," ",1,1.22085,EUR,," ",,,,,," ",0.567183622,0.692446125,NZD,,,,17.57,25," ",,,,,,,,," "
2010-06-15,,,,," ",,,,," ",1,1.22085,EUR,15.81," ",,,,,," ",0.567183622,0.692446125,NZD,,,,17.57,25," ",,,,,,,,," "
2010-06-16,,,,," ",,,,," ",1,1.22085,EUR,," ",,,,,," ",0.567183622,0.692446125,NZD,,,,17.57,25," ",,,,,,,,," "
2010-06-17,,,,," ",,,,," ",1,1.22085,EUR,," ",,,,,," ",0.567183622,0.692446125,NZD,,,,17.7,25," ",,,,,,,,," "
2010-06-18,,,,," ",,,,," ",1,1.22085,EUR,," ",,,,,," ",0.567183622,0.692446125,NZD,,,,17.7,25," ",,,,,,,,," "
2010-06-21,,,,," ",,,,," ",1,1.22085,EUR,," ",,,,,," ",0.567183622,0.692446125,NZD,,,,17.75,25," ",,,,,,,,," "
2010-06-22,,,,," ",,,,," ",1,1.22085,EUR,15.48," ",,,,,," ",0.567183622,0.692446125,NZD,,,,17.75,25," ",,,,,,,,," "
2010-06-23,,,,," ",,,,," ",1,1.22085,EUR,," ",,,,,," ",0.567183622,0.692446125,NZD,,,,17.75,25," ",,,,,,,,," "
2010-06-24,,,,," ",,,,," ",1,1.22085,EUR,," ",,,,,," ",0.567183622,0.692446125,NZD,,,,17.35,25," ",,,,,,,,," "
2010-06-25,,,,," ",,,,," ",1,1.22085,EUR,," ",,,,,," ",0.567183622,0.692446125,NZD,,,,17.35,25," ",,,,,,,,," "
2010-06-28,,,,," ",,,,," ",1,1.22085,EUR,," ",,,,,," ",0.567183622,0.692446125,NZD,,,,17.75,25," ",,,,,,,,," "
2010-06-29,,,,," ",,,,," ",1,1.22085,EUR,15.18," ",,,,,," ",0.567183622,0.692446125,NZD,,,,18.2,25," ",,,,,,,,," "
2010-06-30,,,,," ",,,,," ",1,1.22085,EUR,," ",,,,,," ",0.567183622,0.692446125,NZD,,,,18.2,25," ",,,,,,,,," "
2010-07-01,,,,," ",,,,," ",1,1.277,EUR,," ",,,,,," ",0.557540564,0.7119793,NZD,,,,18.2,25," ",,,,,,,,," "
2010-07-02,,,,," ",,,,," ",1,1.277,EUR,," ",,,,,," ",0.557540564,0.7119793,NZD,,,,18.2,25," ",,,,,,,,," "
2010-07-05,,,,," ",,,,," ",1,1.277,EUR,," ",,,,,," ",0.557540564,0.7119793,NZD,,,,18.2,25," ",,,,,,,,," "
2010-07-06,,,,," ",,,,," ",1,1.277,EUR,15.2," ",,,,,," ",0.557540564,0.7119793,NZD,,,,18.2,25," ",,,,,,,,," "
2010-07-07,,,,," ",,,,," ",1,1.277,EUR,," ",,,,,," ",0.557540564,0.7119793,NZD,,,,18.2,25," ",,,,,,,,," "
2010-07-08,,,,," ",,,,," ",1,1.277,EUR,," ",,,,,," ",0.557540564,0.7119793,NZD,,,,18.45,25," ",,,,,,,,," "
2010-07-09,,,,," ",,,,," ",1,1.277,EUR,," ",,,,,," ",0.557540564,0.7119793,NZD,,,,18.35,25," ",,,,,,,,," "
2010-07-12,,,,," ",,,,," ",1,1.277,EUR,," ",,,,,," ",0.557540564,0.7119793,NZD,,,,18.35,25," ",,,,,,,,," "
2010-07-13,,,,," ",,,,," ",1,1.277,EUR,13.85," ",,,,,," ",0.557540564,0.7119793,NZD,,,,18.35,25," ",,,,,,,,," "
2010-07-14,,,,," ",,,,," ",1,1.277,EUR,," ",,,,,," ",0.557540564,0.7119793,NZD,,,,18.35,25," ",,,,,,,,," "
2010-07-15,,,,," ",,,,," ",1,1.277,EUR,," ",,,,,," ",0.557540564,0.7119793,NZD,,,,18.35,25," ",,,,,,,,," "
2010-07-16,,,,," ",,,,," ",1,1.277,EUR,," ",,,,,," ",0.557540564,0.7119793,NZD,,,,18.35,25," ",,,,,,,,," "
2010-07-19,,,,," ",,,,," ",1,1.277,EUR,," ",,,,,," ",0.557540564,0.7119793,NZD,,,,18.35,25," ",,,,,,,,," "
2010-07-20,,,,," ",,,,," ",1,1.277,EUR,14.3," ",,,,,," ",0.557540564,0.7119793,NZD,,,,18.35,25," ",,,,,,,,," "
2010-07-21,,,,," ",,,,," ",1,1.277,EUR,," ",,,,,," ",0.557540564,0.7119793,NZD,,,,18.38,25," ",,,,,,,,," "
2010-07-22,,,,," ",,,,," ",1,1.277,EUR,," ",,,,,," ",0.557540564,0.7119793,NZD,,,,18.38,25," ",,,,,,,,," "
2010-07-23,,,,," ",,,,," ",1,1.277,EUR,," ",,,,,," ",0.557540564,0.7119793,NZD,,,,18.38,25," ",,,,,,,,," "
2010-07-26,,,,," ",,,,," ",1,1.277,EUR,," ",,,,,," ",0.557540564,0.7119793,NZD,,,,18.38,25," ",,,,,,,,," "
2010-07-27,,,,," ",,,,," ",1,1.277,EUR,13.34," ",,,,,," ",0.557540564,0.7119793,NZD,,,,18.38,25," ",,,,,,,,," "
2010-07-28,,,,," ",,,,," ",1,1.277,EUR,," ",,,,,," ",0.557540564,0.7119793,NZD,,,,18.38,25," ",,,,,,,,," "
2010-07-29,,,,," ",,,,," ",1,1.277,EUR,," ",,,,,," ",0.557540564,0.7119793,NZD,,,,18.38,25," ",,,,,,,,," "
2010-07-30,,,,," ",,,,," ",1,1.277,EUR,," ",,,,,," ",0.557540564,0.7119793,NZD,,,,18.38,25," ",,,,,,,,," "
2010-08-02,,,,," ",,,,," ",1,1.289418182,EUR,," ",,,,,," ",0.554710667,0.715254019,NZD,,,,18.38,25," ",,,,,,,,," "
2010-08-03,,,,," ",,,,," ",1,1.289418182,EUR,14.26," ",,,,,," ",0.554710667,0.715254019,NZD,,,,18.38,25," ",,,,,,,,," "
2010-08-04,,,,," ",,,,," ",1,1.289418182,EUR,," ",,,,,," ",0.554710667,0.715254019,NZD,,,,18.38,25," ",,,,,,,,," "
2010-08-05,,,,," ",,,,," ",1,1.289418182,EUR,," ",,,,,," ",0.554710667,0.715254019,NZD,,,,18.38,25," ",,,,,,,,," "
2010-08-06,,,,," ",,,,," ",1,1.289418182,EUR,," ",,,,,," ",0.554710667,0.715254019,NZD,,,,18.38,25," ",,,,,,,,," "
2010-08-09,,,,," ",,,,," ",1,1.289418182,EUR,," ",,,,,," ",0.554710667,0.715254019,NZD,,,,18.38,25," ",,,,,,,,," "
2010-08-10,,,,," ",,,,," ",1,1.289418182,EUR,14.32," ",,,,,," ",0.554710667,0.715254019,NZD,,,,18.55,25," ",,,,,,,,," "
2010-08-11,,,,," ",,,,," ",1,1.289418182,EUR,," ",,,,,," ",0.554710667,0.715254019,NZD,,,,18.55,25," ",,,,,,,,," "
2010-08-12,,,,," ",,,,," ",1,1.289418182,EUR,," ",,,,,," ",0.554710667,0.715254019,NZD,,,,18.55,25," ",,,,,,,,," "
2010-08-13,,,,," ",,,,," ",1,1.289418182,EUR,," ",,,,,," ",0.554710667,0.715254019,NZD,,,,18.55,25," ",,,,,,,,," "
2010-08-16,,,,," ",,,,," ",1,1.289418182,EUR,," ",,,,,," ",0.554710667,0.715254019,NZD,,,,18.55,25," ",,,,,,,,," "
2010-08-17,,,,," ",,,,," ",1,1.289418182,EUR,14.3," ",,,,,," ",0.554710667,0.715254019,NZD,,,,18.55,25," ",,,,,,,,," "
2010-08-18,,,,," ",,,,," ",1,1.289418182,EUR,," ",,,,,," ",0.554710667,0.715254019,NZD,,,,18.55,25," ",,,,,,,,," "
2010-08-19,,,,," ",,,,," ",1,1.289418182,EUR,," ",,,,,," ",0.554710667,0.715254019,NZD,,,,18.55,25," ",,,,,,,,," "
2010-08-20,,,,," ",,,,," ",1,1.289418182,EUR,," ",,,,,," ",0.554710667,0.715254019,NZD,,,,18.55,25," ",,,,,,,,," "
2010-08-23,,,,," ",,,,," ",1,1.289418182,EUR,," ",,,,,," ",0.554710667,0.715254019,NZD,,,,18.55,25," ",,,,,,,,," "
2010-08-24,,,,," ",,,,," ",1,1.289418182,EUR,14.66," ",,,,,," ",0.554710667,0.715254019,NZD,,,,18.55,25," ",,,,,,,,," "
2010-08-25,,,,," ",,,,," ",1,1.289418182,EUR,," ",,,,,," ",0.554710667,0.715254019,NZD,,,,18.55,25," ",,,,,,,,," "
2010-08-26,,,,," ",,,,," ",1,1.289418182,EUR,," ",,,,,," ",0.554710667,0.715254019,NZD,,,,18.55,25," ",,,,,,,,," "
2010-08-27,,,,," ",,,,," ",1,1.289418182,EUR,," ",,,,,," ",0.554710667,0.715254019,NZD,,,,18.55,25," ",,,,,,,,," "
2010-08-30,,,,," ",,,,," ",1,1.289418182,EUR,," ",,,,,," ",0.554710667,0.715254019,NZD,,,,18.55,25," ",,,,,,,,," "
2010-08-31,,,,," ",,,,," ",1,1.289418182,EUR,15.26," ",,,,,," ",0.554710667,0.715254019,NZD,,,,18.55,25," ",,,,,,,,," "
2010-09-01,,,,," ",,,,," ",1,1.3067,EUR,," ",,,,,," ",0.555717486,0.726156039,NZD,,,,19,25," ",,,,,,,,," "
2010-09-02,,,,," ",,,,," ",1,1.3067,EUR,," ",,,,,," ",0.555717486,0.726156039,NZD,,,,19,25," ",,,,,,,,," "
2010-09-03,,,,," ",,,,," ",1,1.3067,EUR,," ",,,,,," ",0.555717486,0.726156039,NZD,,,,19,25," ",,,,,,,,," "
2010-09-06,,,,," ",,,,," ",1,1.3067,EUR,," ",,,,,," ",0.555717486,0.726156039,NZD,,,,19,25," ",,,,,,,,," "
2010-09-07,,,,," ",,,,," ",1,1.3067,EUR,15.53," ",,,,,," ",0.555717486,0.726156039,NZD,,,,19,25," ",,,,,,,,," "
2010-09-08,,,,," ",,,,," ",1,1.3067,EUR,," ",,,,,," ",0.555717486,0.726156039,NZD,,,,19,25," ",,,,,,,,," "
2010-09-09,,,,," ",,,,," ",1,1.3067,EUR,," ",,,,,," ",0.555717486,0.726156039,NZD,,,,19,25," ",,,,,,,,," "
2010-09-10,,,,," ",,,,," ",1,1.3067,EUR,," ",,,,,," ",0.555717486,0.726156039,NZD,,,,19,25," ",,,,,,,,," "
2010-09-13,,,,," ",,,,," ",1,1.3067,EUR,," ",,,,,," ",0.555717486,0.726156039,NZD,,,,19,25," ",,,,,,,,," "
2010-09-14,,,,," ",,,,," ",1,1.3067,EUR,15.04," ",,,,,," ",0.555717486,0.726156039,NZD,,,,19,25," ",,,,,,,,," "
2010-09-15,,,,," ",,,,," ",1,1.3067,EUR,," ",,,,,," ",0.555717486,0.726156039,NZD,,,,19,25," ",,,,,,,,," "
2010-09-16,,,,," ",,,,," ",1,1.3067,EUR,," ",,,,,," ",0.555717486,0.726156039,NZD,,,,20.5,25," ",,,,,,,,," "
2010-09-17,,,,," ",,,,," ",1,1.3067,EUR,," ",,,,,," ",0.555717486,0.726156039,NZD,,,,20.5,25," ",,,,,,,,," "
2010-09-20,,,,," ",,,,," ",1,1.3067,EUR,," ",,,,,," ",0.555717486,0.726156039,NZD,,,,20.5,25," ",,,,,,,,," "
2010-09-21,,,,," ",,,,," ",1,1.3067,EUR,14.77," ",,,,,," ",0.555717486,0.726156039,NZD,,,,20.5,25," ",,,,,,,,," "
2010-09-22,,,,," ",,,,," ",1,1.3067,EUR,," ",,,,,," ",0.555717486,0.726156039,NZD,,,,20.5,25," ",,,,,,,,," "
2010-09-23,,,,," ",,,,," ",1,1.3067,EUR,," ",,,,,," ",0.555717486,0.726156039,NZD,,,,20.5,25," ",,,,,,,,," "
2010-09-24,,,,," ",,,,," ",1,1.3067,EUR,," ",,,,,," ",0.555717486,0.726156039,NZD,,,,20.5,25," ",,,,,,,,," "
2010-09-27,,,,," ",,,,," ",1,1.3067,EUR,," ",,,,,," ",0.555717486,0.726156039,NZD,,,,20.5,25," ",,,,,,,,," "
2010-09-28,,,,," ",,,,," ",1,1.3067,EUR,15.21," ",,,,,," ",0.555717486,0.726156039,NZD,,,,20.5,25," ",,,,,,,,," "
2010-09-29,,,,," ",,,,," ",1,1.3067,EUR,," ",,,,,," ",0.555717486,0.726156039,NZD,,,,20.5,25," ",,,,,,,,," "
2010-09-30,,,,," ",,,,," ",1,1.3067,EUR,," ",,,,,," ",0.555717486,0.726156039,NZD,,,,19.4,25," ",,,,,,,,," "
2010-10-01,,,,," ",,,,," ",1,1.389780952,EUR,," ",,,,,," ",0.539449765,0.749717009,NZD,,,,19.4,25," ",,,,,,,,," "
2010-10-04,,,,," ",,,,," ",1,1.389780952,EUR,," ",,,,,," ",0.539449765,0.749717009,NZD,,,,19.4,25," ",,,,,,,,," "
2010-10-05,,,,," ",,,,," ",1,1.389780952,EUR,15.27," ",,,,,," ",0.539449765,0.749717009,NZD,,,,19.4,25," ",,,,,,,,," "
2010-10-06,,,,," ",,,,," ",1,1.389780952,EUR,," ",,,,,," ",0.539449765,0.749717009,NZD,,,,19.4,25," ",,,,,,,,," "
2010-10-07,,,,," ",,,,," ",1,1.389780952,EUR,," ",,,,,," ",0.539449765,0.749717009,NZD,,,,19.4,25," ",,,,,,,,," "
2010-10-08,,,,," ",,,,," ",1,1.389780952,EUR,," ",,,,,," ",0.539449765,0.749717009,NZD,,,,19.4,25," ",,,,,,,,," "
2010-10-11,,,,," ",,,,," ",1,1.389780952,EUR,," ",,,,,," ",0.539449765,0.749717009,NZD,,,,19.4,25," ",,,,,,,,," "
2010-10-12,,,,," ",,,,," ",1,1.389780952,EUR,15.61," ",,,,,," ",0.539449765,0.749717009,NZD,,,,19.4,25," ",,,,,,,,," "
2010-10-13,,,,," ",,,,," ",1,1.389780952,EUR,," ",,,,,," ",0.539449765,0.749717009,NZD,,,,19.4,25," ",,,,,,,,," "
2010-10-14,,,,," ",,,,," ",1,1.389780952,EUR,," ",,,,,," ",0.539449765,0.749717009,NZD,,,,19.4,25," ",,,,,,,,," "
2010-10-15,,,,," ",,,,," ",1,1.389780952,EUR,," ",,,,,," ",0.539449765,0.749717009,NZD,,,,19.4,25," ",,,,,,,,," "
2010-10-18,,,,," ",,,,," ",1,1.389780952,EUR,," ",,,,,," ",0.539449765,0.749717009,NZD,,,,19.4,25," ",,,,,,,,," "
2010-10-19,,,,," ",,,,," ",1,1.389780952,EUR,15.24," ",,,,,," ",0.539449765,0.749717009,NZD,,,,19.4,25," ",,,,,,,,," "
2010-10-20,,,,," ",,,,," ",1,1.389780952,EUR,," ",,,,,," ",0.539449765,0.749717009,NZD,,,,19.4,25," ",,,,,,,,," "
2010-10-21,,,,," ",,,,," ",1,1.389780952,EUR,," ",,,,,," ",0.539449765,0.749717009,NZD,,,,19.4,25," ",,,,,,,,," "
2010-10-22,,,,," ",,,,," ",1,1.389780952,EUR,," ",,,,,," ",0.539449765,0.749717009,NZD,,,,19.4,25," ",,,,,,,,," "
2010-10-25,,,,," ",,,,," ",1,1.389780952,EUR,," ",,,,,," ",,,,,,,,," ",,,,,,,,," "
2010-10-26,,,,," ",,,,," ",1,1.389780952,EUR,15.01," ",,,,,," ",0.539449765,0.749717009,NZD,,,,19.4,25," ",,,,,,,,," "
2010-10-27,,,,," ",,,,," ",1,1.389780952,EUR,," ",,,,,," ",0.539449765,0.749717009,NZD,,,,20.05,25," ",,,,,,,,," "
2010-10-28,,,,," ",,,,," ",1,1.389780952,EUR,," ",,,,,," ",0.539449765,0.749717009,NZD,,,,20.05,25," ",,,,,,,,," "
2010-10-29,,,,," ",,,,," ",1,1.389780952,EUR,," ",,,,,," ",0.539449765,0.749717009,NZD,,,,20.05,25," ",,,,,,,,," "
2010-11-01,,,,," ",,,,," ",1,1.366095455,EUR,," ",,,,,," ",0.565508333,0.772538364,NZD,,,,20.05,25," ",,,,,,,,," "
2010-11-02,,,,," ",,,,," ",1,1.366095455,EUR,14.62," ",,,,,," ",0.565508333,0.772538364,NZD,,,,20.05,25," ",,,,,,,,," "
2010-11-03,,,,," ",,,,," ",1,1.366095455,EUR,," ",,,,,," ",0.565508333,0.772538364,NZD,,,,20.05,25," ",,,,,,,,," "
2010-11-04,,,,," ",,,,," ",1,1.366095455,EUR,," ",,,,,," ",0.565508333,0.772538364,NZD,,,,20.05,25," ",,,,,,,,," "
2010-11-05,,,,," ",,,,," ",1,1.366095455,EUR,," ",,,,,," ",0.565508333,0.772538364,NZD,,,,20.42,25," ",,,,,,,,," "
2010-11-08,,,,," ",,,,," ",1,1.366095455,EUR,," ",,,,,," ",0.565508333,0.772538364,NZD,,,,20.42,25," ",,,,,,,,," "
2010-11-09,,,,," ",,,,," ",1,1.366095455,EUR,14.15," ",,,,,," ",0.565508333,0.772538364,NZD,,,,21,25," ",,,,,,,,," "
2010-11-10,,,,," ",,,,," ",1,1.366095455,EUR,," ",,,,,," ",0.565508333,0.772538364,NZD,,,,21,25," ",,,,,,,,," "
2010-11-11,,,,," ",,,,," ",1,1.366095455,EUR,," ",,,,,," ",0.565508333,0.772538364,NZD,,,,21,25," ",,,,,,,,," "
2010-11-12,,,,," ",,,,," ",1,1.366095455,EUR,," ",,,,,," ",0.565508333,0.772538364,NZD,,,,21,25," ",,,,,,,,," "
2010-11-15,,,,," ",,,,," ",1,1.366095455,EUR,," ",,,,,," ",0.565508333,0.772538364,NZD,,,,21,25," ",,,,,,,,," "
2010-11-16,,,,," ",,,,," ",1,1.366095455,EUR,14.89," ",,,,,," ",0.565508333,0.772538364,NZD,,,,21,25," ",,,,,,,,," "
2010-11-17,,,,," ",,,,," ",1,1.366095455,EUR,," ",,,,,," ",0.565508333,0.772538364,NZD,,,,21,25," ",,,,,,,,," "
2010-11-18,,,,," ",,,,," ",1,1.366095455,EUR,," ",,,,,," ",0.565508333,0.772538364,NZD,,,,21,25," ",,,,,,,,," "
2010-11-19,,,,," ",,,,," ",1,1.366095455,EUR,," ",,,,,," ",0.565508333,0.772538364,NZD,,,,21,25," ",,,,,,,,," "
2010-11-22,,,,," ",,,,," ",1,1.366095455,EUR,," ",,,,,," ",0.565508333,0.772538364,NZD,,,,21,25," ",,,,,,,,," "
2010-11-23,,,,," ",,,,," ",1,1.366095455,EUR,14.83," ",,,,,," ",0.565508333,0.772538364,NZD,,,,21,25," ",,,,,,,,," "
2010-11-24,,,,," ",,,,," ",1,1.366095455,EUR,," ",,,,,," ",0.565508333,0.772538364,NZD,,,,20.8,25," ",,,,,,,,," "
2010-11-25,,,,," ",,,,," ",1,1.366095455,EUR,," ",,,,,," ",0.565508333,0.772538364,NZD,,,,20.8,25," ",,,,,,,,," "
2010-11-26,,,,," ",,,,," ",1,1.366095455,EUR,," ",,,,,," ",0.565508333,0.772538364,NZD,,,,20.8,25," ",,,,,,,,," "
2010-11-29,,,,," ",,,,," ",1,1.366095455,EUR,," ",,,,,," ",0.565508333,0.772538364,NZD,,,,19,25," ",,,,,,,,," "
2010-11-30,,,,," ",,,,," ",1,1.366095455,EUR,14.66," ",,,,,," ",0.565508333,0.772538364,NZD,,,,20.74,25," ",,,,,,,,," "
2010-12-01,,,,," ",,,,," ",1,1.322013043,EUR,," ",,,,,," ",0.565825044,0.748028088,NZD,,,,20.56,25," ",,,,,,,,," "
2010-12-02,,,,," ",,,,," ",1,1.322013043,EUR,," ",,,,,," ",0.565825044,0.748028088,NZD,,,,20,25," ",,,,,,,,," "
2010-12-03,,,,," ",,,,," ",1,1.322013043,EUR,," ",,,,,," ",0.565825044,0.748028088,NZD,,,,20,25," ",,,,,,,,," "
2010-12-06,,,,," ",,,,," ",1,1.322013043,EUR,," ",,,,,," ",0.565825044,0.748028088,NZD,,,,21.42,25," ",,,,,,,,," "
2010-12-07,,,,," ",,,,," ",1,1.322013043,EUR,," ",,,,,," ",0.565825044,0.748028088,NZD,,,,21.42,25," ",,,,,,,,," "
2010-12-08,,,,," ",,,,," ",1,1.322013043,EUR,," ",,,,,," ",0.565825044,0.748028088,NZD,,,,21.42,25," ",,,,,,,,," "
2010-12-09,,,,," ",,,,," ",1,1.322013043,EUR,," ",,,,,," ",0.565825044,0.748028088,NZD,,,,21.42,25," ",,,,,,,,," "
2010-12-10,,,,," ",,,,," ",1,1.322013043,EUR,," ",,,,,," ",0.565825044,0.748028088,NZD,,,,21.42,25," ",,,,,,,,," "
2010-12-13,,,,," ",,,,," ",1,1.322013043,EUR,," ",,,,,," ",0.565825044,0.748028088,NZD,,,,20.88,25," ",,,,,,,,," "
2010-12-14,,,,," ",,,,," ",1,1.322013043,EUR,," ",,,,,," ",0.565825044,0.748028088,NZD,,,,20.88,25," ",,,,,,,,," "
2010-12-15,,,,," ",,,,," ",1,1.322013043,EUR,," ",,,,,," ",0.565825044,0.748028088,NZD,,,,20.88,25," ",,,,,,,,," "
2010-12-16,,,,," ",,,,," ",1,1.322013043,EUR,," ",,,,,," ",0.565825044,0.748028088,NZD,,,,20.38,25," ",,,,,,,,," "
2010-12-17,,,,," ",,,,," ",1,1.322013043,EUR,," ",,,,,," ",0.565825044,0.748028088,NZD,,,,20.38,25," ",,,,,,,,," "
2010-12-20,,,,," ",,,,," ",1,1.322013043,EUR,," ",,,,,," ",0.565825044,0.748028088,NZD,,,,20.38,25," ",,,,,,,,," "
2010-12-21,,,,," ",,,,," ",1,1.322013043,EUR,," ",,,,,," ",0.565825044,0.748028088,NZD,,,,20.38,25," ",,,,,,,,," "
2010-12-22,,,,," ",,,,," ",1,1.322013043,EUR,," ",,,,,," ",0.565825044,0.748028088,NZD,,,,20.3,25," ",,,,,,,,," "
2010-12-23,,,,," ",,,,," ",1,1.322013043,EUR,," ",,,,,," ",0.565825044,0.748028088,NZD,,,,20.3,25," ",,,,,,,,," "
2010-12-27,,,,," ",,,,," ",1,1.322013043,EUR,," ",,,,,," ",,,,,,,,," ",,,,,,,,," "
2010-12-28,,,,," ",,,,," ",1,1.322013043,EUR,," ",,,,,," ",,,,,,,,," ",,,,,,,,," "
2010-12-29,,,,," ",,,,," ",1,1.322013043,EUR,," ",,,,,," ",0.565825044,0.748028088,NZD,,,,20.3,25," ",,,,,,,,," "
2010-12-30,,,,," ",,,,," ",1,1.322013043,EUR,," ",,,,,," ",0.565825044,0.748028088,NZD,,,,20.3,25," ",,,,,,,,," "
2011-01-03,,,,," ",,,,," ",1,1.335966667,EUR,," ",,,,,," ",,,,,,,,," ",,,,,,,,," "
2011-01-04,,,,," ",,,,," ",1,1.335966667,EUR,13.97," ",,,,,," ",,,,,,,,," ",,,,,,,,," "
2011-01-05,,,,," ",,,,," ",1,1.335966667,EUR,," ",,,,,," ",0.57301008,0.765522366,NZD,,,,20.3,25," ",,,,,,,,," "
2011-01-06,,,,," ",,,,," ",1,1.335966667,EUR,," ",,,,,," ",0.57301008,0.765522366,NZD,,,,20.3,25," ",,,,,,,,," "
2011-01-07,,,,," ",,,,," ",1,1.335966667,EUR,," ",,,,,," ",0.57301008,0.765522366,NZD,,,,20.3,25," ",,,,,,,,," "
2011-01-10,,,,," ",,,,," ",1,1.335966667,EUR,," ",,,,,," ",0.57301008,0.765522366,NZD,,,,20.3,25," ",,,,,,,,," "
2011-01-11,,,,," ",,,,," ",1,1.335966667,EUR,13.95," ",,,,,," ",0.57301008,0.765522366,NZD,,,,20.3,25," ",,,,,,,,," "
2011-01-12,,,,," ",,,,," ",1,1.335966667,EUR,," ",,,,,," ",0.57301008,0.765522366,NZD,,,,20.3,25," ",,,,,,,,," "
2011-01-13,,,,," ",,,,," ",1,1.335966667,EUR,," ",,,,,," ",0.57301008,0.765522366,NZD,,,,20.3,25," ",,,,,,,,," "
2011-01-14,,,,," ",,,,," ",1,1.335966667,EUR,," ",,,,,," ",0.57301008,0.765522366,NZD,,,,20.3,25," ",,,,,,,,," "
2011-01-17,,,,," ",,,,," ",1,1.335966667,EUR,," ",,,,,," ",0.57301008,0.765522366,NZD,,,,20.3,25," ",,,,,,,,," "
2011-01-18,,,,," ",,,,," ",1,1.335966667,EUR,14.34," ",,,,,," ",0.57301008,0.765522366,NZD,,,,20.3,25," ",,,,,,,,," "
2011-01-19,,,,," ",,,,," ",1,1.335966667,EUR,," ",,,,,," ",0.57301008,0.765522366,NZD,,,,19.3,25," ",,,,,,,,," "
2011-01-20,,,,," ",,,,," ",1,1.335966667,EUR,," ",,,,,," ",0.57301008,0.765522366,NZD,,,,19.3,25," ",,,,,,,,," "
2011-01-21,,,,," ",,,,," ",1,1.335966667,EUR,," ",,,,,," ",0.57301008,0.765522366,NZD,,,,19.3,25," ",,,,,,,,," "
2011-01-24,,,,," ",,,,," ",1,1.335966667,EUR,," ",,,,,," ",,,,,,,,," ",,,,,,,,," "
2011-01-25,,,,," ",,,,," ",1,1.335966667,EUR,14.29," ",,,,,," ",0.57301008,0.765522366,NZD,,,,19.27,25," ",,,,,,,,," "
2011-01-26,,,,," ",,,,," ",1,1.335966667,EUR,," ",,,,,," ",0.57301008,0.765522366,NZD,,,,19.27,25," ",,,,,,,,," "
2011-01-27,,,,," ",,,,," ",1,1.335966667,EUR,," ",,,,,," ",0.57301008,0.765522366,NZD,,,,19.3,25," ",,,,,,,,," "
2011-01-28,,,,," ",,,,," ",1,1.335966667,EUR,," ",,,,,," ",0.57301008,0.765522366,NZD,,,,19.4,25," ",,,,,,,,," "
2011-01-31,,,,," ",,,,," ",1,1.335966667,EUR,," ",,,,,," ",,,,,,,,," ",,,,,,,,," "
2011-02-01,,,,," ",,,,," ",1,1.364895,EUR,," ",,,,,," ",0.558059995,0.761693296,NZD,,,,19.1,25," ",,,,,,,,," "
2011-02-02,,,,," ",,,,," ",1,1.364895,EUR,," ",,,,,," ",0.558059995,0.761693296,NZD,,,,19.1,25," ",,,,,,,,," "
2011-02-03,,,,," ",,,,," ",1,1.364895,EUR,," ",,,,,," ",0.558059995,0.761693296,NZD,,,,19.1,25," ",,,,,,,,," "
2011-02-04,,,,," ",,,,," ",1,1.364895,EUR,," ",,,,,," ",0.558059995,0.761693296,NZD,,,,19.1,25," ",,,,,,,,," "
2011-02-07,,,,," ",,,,," ",1,1.364895,EUR,," ",,,,,," ",0.558059995,0.761693296,NZD,,,,19.1,25," ",,,,,,,,," "
2011-02-08,,,,," ",,,,," ",1,1.364895,EUR,14.22," ",,,,,," ",0.558059995,0.761693296,NZD,,,,19.1,25," ",,,,,,,,," "
2011-02-09,,,,," ",,,,," ",1,1.364895,EUR,," ",,,,,," ",0.558059995,0.761693296,NZD,,,,19.1,25," ",,,,,,,,," "
2011-02-10,,,,," ",,,,," ",1,1.364895,EUR,," ",,,,,," ",0.558059995,0.761693296,NZD,,,,19.4,25," ",,,,,,,,," "
2011-02-11,,,,," ",,,,," ",1,1.364895,EUR,," ",,,,,," ",0.558059995,0.761693296,NZD,,,,19.4,25," ",,,,,,,,," "
2011-02-14,,,,," ",,,,," ",1,1.364895,EUR,," ",,,,,," ",0.558059995,0.761693296,NZD,,,,19.3,25," ",,,,,,,,," "
2011-02-15,,,,," ",,,,," ",1,1.364895,EUR,14.47," ",,,,,," ",0.558059995,0.761693296,NZD,,,,19.3,25," ",,,,,,,,," "
2011-02-16,,,,," ",,,,," ",1,1.364895,EUR,," ",,,,,," ",0.558059995,0.761693296,NZD,,,,19.3,25," ",,,,,,,,," "
2011-02-17,,,,," ",,,,," ",1,1.364895,EUR,," ",,,,,," ",0.558059995,0.761693296,NZD,,,,19.3,25," ",,,,,,,,," "
2011-02-18,,,,," ",,,,," ",1,1.364895,EUR,," ",,,,,," ",0.558059995,0.761693296,NZD,,,,19.15,25," ",,,,,,,,," "
2011-02-21,,,,," ",,,,," ",1,1.364895,EUR,," ",,,,,," ",0.558059995,0.761693296,NZD,,,,19.15,25," ",,,,,,,,," "
2011-02-22,,,,," ",,,,," ",1,1.364895,EUR,14.98," ",,,,,," ",0.558059995,0.761693296,NZD,,,,19.15,25," ",,,,,,,,," "
2011-02-23,,,,," ",,,,," ",1,1.364895,EUR,," ",,,,,," ",0.558059995,0.761693296,NZD,,,,18.75,25," ",,,,,,,,," "
2011-02-24,,,,," ",,,,," ",1,1.364895,EUR,," ",,,,,," ",0.558059995,0.761693296,NZD,,,,18.75,25," ",,,,,,,,," "
2011-02-25,,,,," ",,,,," ",1,1.364895,EUR,," ",,,,,," ",0.558059995,0.761693296,NZD,,,,18.75,25," ",,,,,,,,," "
2011-02-28,,,,," ",,,,," ",1,1.364895,EUR,," ",,,,,," ",0.558059995,0.761693296,NZD,,,,18.75,25," ",,,,,,,,," "
2011-03-01,,,,," ",,,,," ",1,1.399917391,EUR,15.11," ",,,,,," ",0.529047126,0.740622273,NZD,,,,18.75,25," ",,,,,,,,," "
2011-03-02,,,,," ",,,,," ",1,1.399917391,EUR,," ",,,,,," ",0.529047126,0.740622273,NZD,,,,18.75,25," ",,,,,,,,," "
2011-03-03,,,,," ",,,,," ",1,1.399917391,EUR,," ",,,,,," ",0.529047126,0.740622273,NZD,,,,18.75,25," ",,,,,,,,," "
2011-03-04,,,,," ",,,,," ",1,1.399917391,EUR,," ",,,,,," ",0.529047126,0.740622273,NZD,,,,20,25," ",,,,,,,,," "
2011-03-07,,,,," ",,,,," ",1,1.399917391,EUR,," ",,,,,," ",0.529047126,0.740622273,NZD,,,,20.1,25," ",,,,,,,,," "
2011-03-08,,,,," ",,,,," ",1,1.399917391,EUR,15.44," ",,,,,," ",0.529047126,0.740622273,NZD,,,,20.1,25," ",,,,,,,,," "
2011-03-09,,,,," ",,,,," ",1,1.399917391,EUR,," ",,,,,," ",0.529047126,0.740622273,NZD,,,,20.1,25," ",,,,,,,,," "
2011-03-10,,,,," ",,,,," ",1,1.399917391,EUR,," ",,,,,," ",0.529047126,0.740622273,NZD,,,,20.1,25," ",,,,,,,,," "
2011-03-11,,,,," ",,,,," ",1,1.399917391,EUR,," ",,,,,," ",0.529047126,0.740622273,NZD,,,,20,25," ",,,,,,,,," "
2011-03-14,,,,," ",,,,," ",1,1.399917391,EUR,," ",,,,,," ",0.529047126,0.740622273,NZD,,,,20.01,25," ",,,,,,,,," "
2011-03-15,,,,," ",,,,," ",1,1.399917391,EUR,15.99," ",,,,,," ",0.529047126,0.740622273,NZD,,,,20.01,25," ",,,,,,,,," "
2011-03-16,,,,," ",,,,," ",1,1.399917391,EUR,," ",,,,,," ",0.529047126,0.740622273,NZD,,,,20.01,25," ",,,,,,,,," "
2011-03-17,,,,," ",,,,," ",1,1.399917391,EUR,," ",,,,,," ",0.529047126,0.740622273,NZD,,,,21.1,25," ",,,,,,,,," "
2011-03-18,,,,," ",,,,," ",1,1.399917391,EUR,," ",,,,,," ",0.529047126,0.740622273,NZD,,,,21.1,25," ",,,,,,,,," "
2011-03-21,,,,," ",,,,," ",1,1.399917391,EUR,," ",,,,,," ",0.529047126,0.740622273,NZD,,,,21.1,25," ",,,,,,,,," "
2011-03-22,,,,," ",,,,," ",1,1.399917391,EUR,16.28," ",,,,,," ",0.529047126,0.740622273,NZD,,,,21.1,25," ",,,,,,,,," "
2011-03-23,,,,," ",,,,," ",1,1.399917391,EUR,," ",,,,,," ",0.529047126,0.740622273,NZD,,,,21.1,25," ",,,,,,,,," "
2011-03-24,,,,," ",,,,," ",1,1.399917391,EUR,," ",,,,,," ",0.529047126,0.740622273,NZD,,,,21.1,25," ",,,,,,,,," "
2011-03-25,,,,," ",,,,," ",1,1.399917391,EUR,," ",,,,,," ",0.529047126,0.740622273,NZD,,,,21.1,25," ",,,,,,,,," "
2011-03-28,,,,," ",,,,," ",1,1.399917391,EUR,," ",,,,,," ",0.529047126,0.740622273,NZD,,,,21.1,25," ",,,,,,,,," "
2011-03-29,,,,," ",,,,," ",1,1.399917391,EUR,16.8," ",,,,,," ",0.529047126,0.740622273,NZD,,,,21.1,25," ",,,,,,,,," "
2011-03-30,,,,," ",,,,," ",1,1.399917391,EUR,," ",,,,,," ",0.529047126,0.740622273,NZD,,,,21.1,25," ",,,,,,,,," "
2011-03-31,,,,," ",,,,," ",1,1.399917391,EUR,," ",,,,,," ",0.529047126,0.740622273,NZD,,,,21.1,25," ",,,,,,,,," "
2011-04-01,,,,," ",,,,," ",1,1.444178947,EUR,," ",,,,,," ",0.544345012,0.786131606,NZD,,,,21.1,25," ",,,,,,,,," "
2011-04-04,,,,," ",,,,," ",1,1.444178947,EUR,," ",,,,,," ",0.544345012,0.786131606,NZD,,,,21.1,25," ",,,,,,,,," "
2011-04-05,,,,," ",,,,," ",1,1.444178947,EUR,16.84," ",,,,,," ",0.544345012,0.786131606,NZD,,,,20.2,25," ",,,,,,,,," "
2011-04-06,,,,," ",,,,," ",1,1.444178947,EUR,," ",,,,,," ",0.544345012,0.786131606,NZD,,,,20.2,25," ",,,,,,,,," "
2011-04-07,,,,," ",,,,," ",1,1.444178947,EUR,," ",,,,,," ",0.544345012,0.786131606,NZD,,,,20.2,25," ",,,,,,,,," "
2011-04-08,,,,," ",,,,," ",1,1.444178947,EUR,," ",,,,,," ",0.544345012,0.786131606,NZD,,,,20.2,25," ",,,,,,,,," "
2011-04-11,,,,," ",,,,," ",1,1.444178947,EUR,," ",,,,,," ",0.544345012,0.786131606,NZD,,,,20.2,25," ",,,,,,,,," "
2011-04-12,,,,," ",,,,," ",1,1.444178947,EUR,16.33," ",,,,,," ",0.544345012,0.786131606,NZD,,,,20.4,25," ",,,,,,,,," "
2011-04-13,,,,," ",,,,," ",1,1.444178947,EUR,," ",,,,,," ",0.544345012,0.786131606,NZD,,,,20.4,25," ",,,,,,,,," "
2011-04-14,,,,," ",,,,," ",1,1.444178947,EUR,," ",,,,,," ",0.544345012,0.786131606,NZD,,,,20.4,25," ",,,,,,,,," "
2011-04-15,,,,," ",,,,," ",1,1.444178947,EUR,," ",,,,,," ",0.544345012,0.786131606,NZD,,,,20.4,25," ",,,,,,,,," "
2011-04-18,,,,," ",,,,," ",1,1.444178947,EUR,," ",,,,,," ",0.544345012,0.786131606,NZD,,,,20.25,25," ",,,,,,,,," "
2011-04-19,,,,," ",,,,," ",1,1.444178947,EUR,16.2," ",,,,,," ",0.544345012,0.786131606,NZD,,,,20.25,25," ",,,,,,,,," "
2011-04-20,,,,," ",,,,," ",1,1.444178947,EUR,," ",,,,,," ",0.544345012,0.786131606,NZD,,,,20.25,25," ",,,,,,,,," "
2011-04-21,,,,," ",,,,," ",1,1.444178947,EUR,," ",,,,,," ",0.544345012,0.786131606,NZD,,,,20.35,25," ",,,,,,,,," "
2011-04-26,,,,," ",,,,," ",1,1.444178947,EUR,16.42," ",,,,,," ",0.544345012,0.786131606,NZD,,,,20.35,25," ",,,,,,,,," "
2011-04-27,,,,," ",,,,," ",1,1.444178947,EUR,," ",,,,,," ",0.544345012,0.786131606,NZD,,,,20.3,25," ",,,,,,,,," "
2011-04-28,,,,," ",,,,," ",1,1.444178947,EUR,," ",,,,,," ",0.544345012,0.786131606,NZD,,,,20.3,25," ",,,,,,,,," "
2011-04-29,,,,," ",,,,," ",1,1.444178947,EUR,," ",,,,,," ",0.544345012,0.786131606,NZD,,,,20.3,25," ",,,,,,,,," "
2011-05-02,,,,," ",,,,," ",1,1.434863636,EUR,," ",,,,,," ",0.553942193,0.794831509,NZD,,,,20.5,25," ",,,,,,,,," "
2011-05-03,,,,," ",,,,," ",1,1.434863636,EUR,16.92," ",,,,,," ",0.553942193,0.794831509,NZD,,,,20.5,25," ",,,,,,,,," "
2011-05-04,,,,," ",,,,," ",1,1.434863636,EUR,," ",,,,,," ",0.553942193,0.794831509,NZD,,,,20.5,25," ",,,,,,,,," "
2011-05-05,,,,," ",,,,," ",1,1.434863636,EUR,," ",,,,,," ",0.553942193,0.794831509,NZD,,,,20.5,25," ",,,,,,,,," "
2011-05-06,,,,," ",,,,," ",1,1.434863636,EUR,," ",,,,,," ",0.553942193,0.794831509,NZD,,,,20.37,25," ",,,,,,,,," "
2011-05-09,,,,," ",,,,," ",1,1.434863636,EUR,," ",,,,,," ",0.553942193,0.794831509,NZD,,,,20.37,25," ",,,,,,,,," "
2011-05-10,,,,," ",,,,," ",1,1.434863636,EUR,16.71," ",,,,,," ",0.553942193,0.794831509,NZD,,,,20.3,25," ",,,,,,,,," "
2011-05-11,,,,," ",,,,," ",1,1.434863636,EUR,," ",,,,,," ",0.553942193,0.794831509,NZD,,,,19.9,25," ",,,,,,,,," "
2011-05-12,,,,," ",,,,," ",1,1.434863636,EUR,," ",,,,,," ",0.553942193,0.794831509,NZD,,,,20.25,25," ",,,,,,,,," "
2011-05-13,,,,," ",,,,," ",1,1.434863636,EUR,," ",,,,,," ",0.553942193,0.794831509,NZD,,,,20.25,25," ",,,,,,,,," "
2011-05-16,,,,," ",,,,," ",1,1.434863636,EUR,," ",,,,,," ",0.553942193,0.794831509,NZD,,,,20.25,25," ",,,,,,,,," "
2011-05-17,,,,," ",,,,," ",1,1.434863636,EUR,16.51," ",,,,,," ",0.553942193,0.794831509,NZD,,,,20.25,25," ",,,,,,,,," "
2011-05-18,,,,," ",,,,," ",1,1.434863636,EUR,," ",,,,,," ",0.553942193,0.794831509,NZD,,,,20.05,25," ",,,,,,,,," "
2011-05-19,,,,," ",,,,," ",1,1.434863636,EUR,," ",,,,,," ",0.553942193,0.794831509,NZD,,,,20.1,25," ",,,,,,,,," "
2011-05-20,,,,," ",,,,," ",1,1.434863636,EUR,," ",,,,,," ",0.553942193,0.794831509,NZD,,,,20.1,25," ",,,,,,,,," "
2011-05-23,,,,," ",,,,," ",1,1.434863636,EUR,," ",,,,,," ",0.553942193,0.794831509,NZD,,,,20.1,25," ",,,,,,,,," "
2011-05-24,,,,," ",,,,," ",1,1.434863636,EUR,16.06," ",,,,,," ",0.553942193,0.794831509,NZD,,,,20.1,25," ",,,,,,,,," "
2011-05-25,,,,," ",,,,," ",1,1.434863636,EUR,," ",,,,,," ",0.553942193,0.794831509,NZD,,,,20.1,25," ",,,,,,,,," "
2011-05-26,,,,," ",,,,," ",1,1.434863636,EUR,," ",,,,,," ",0.553942193,0.794831509,NZD,,,,19.78,25," ",,,,,,,,," "
2011-05-27,,,,," ",,,,," ",1,1.434863636,EUR,," ",,,,,," ",0.553942193,0.794831509,NZD,,,,19.85,25," ",,,,,,,,," "
2011-05-30,,,,," ",,,,," ",1,1.434863636,EUR,," ",,,,,," ",0.553942193,0.794831509,NZD,,,,19.85,25," ",,,,,,,,," "
2011-05-31,,,,," ",,,,," ",1,1.434863636,EUR,16.9," ",,,,,," ",0.553942193,0.794831509,NZD,,,,19.85,25," ",,,,,,,,," "
2011-06-01,,,,," ",,,,," ",1,1.438840909,EUR,," ",,,,,," ",0.566424484,0.814994719,NZD,,,,19.85,25," ",,,,,,,,," "
2011-06-03,,,,," ",,,,," ",1,1.438840909,EUR,," ",,,,,," ",0.566424484,0.814994719,NZD,,,,19.85,25," ",,,,,,,,," "
2011-06-06,,,,," ",,,,," ",1,1.438840909,EUR,," ",,,,,," ",,,,,,,,," ",,,,,,,,," "
2011-06-07,,,,," ",,,,," ",1,1.438840909,EUR,16.42," ",,,,,," ",0.566424484,0.814994719,NZD,,,,19.85,25," ",,,,,,,,," "
2011-06-08,,,,," ",,,,," ",1,1.438840909,EUR,," ",,,,,," ",0.566424484,0.814994719,NZD,,,,19.85,25," ",,,,,,,,," "
2011-06-09,,,,," ",,,,," ",1,1.438840909,EUR,," ",,,,,," ",0.566424484,0.814994719,NZD,,,,19.85,25," ",,,,,,,,," "
2011-06-10,,,,," ",,,,," ",1,1.438840909,EUR,," ",,,,,," ",0.566424484,0.814994719,NZD,,,,19.85,25," ",,,,,,,,," "
2011-06-14,,,,," ",,,,," ",1,1.438840909,EUR,16.26," ",,,,,," ",0.566424484,0.814994719,NZD,,,,19.85,25," ",,,,,,,,," "
2011-06-15,,,,," ",,,,," ",1,1.438840909,EUR,," ",,,,,," ",0.566424484,0.814994719,NZD,,,,19.85,25," ",,,,,,,,," "
2011-06-16,,,,," ",,,,," ",1,1.438840909,EUR,," ",,,,,," ",0.566424484,0.814994719,NZD,,,,19.85,25," ",,,,,,,,," "
2011-06-17,,,,," ",,,,," ",1,1.438840909,EUR,," ",,,,,," ",0.566424484,0.814994719,NZD,,,,19.85,25," ",,,,,,,,," "
2011-06-20,,,,," ",,,,," ",1,1.438840909,EUR,," ",,,,,," ",0.566424484,0.814994719,NZD,,,,19.5,25," ",,,,,,,,," "
2011-06-21,,,,," ",,,,," ",1,1.438840909,EUR,14.92," ",,,,,," ",0.566424484,0.814994719,NZD,,,,19.25,25," ",,,,,,,,," "
2011-06-22,,,,," ",,,,," ",1,1.438840909,EUR,," ",,,,,," ",0.566424484,0.814994719,NZD,,,,19.25,25," ",,,,,,,,," "
2011-06-23,,,,," ",,,,," ",1,1.438840909,EUR,," ",,,,,," ",0.566424484,0.814994719,NZD,,,,19.25,25," ",,,,,,,,," "
2011-06-24,,,,," ",,,,," ",1,1.438840909,EUR,," ",,,,,," ",0.566424484,0.814994719,NZD,,,,19.25,25," ",,,,,,,,," "
2011-06-27,,,,," ",,,,," ",1,1.438840909,EUR,," ",,,,,," ",0.566424484,0.814994719,NZD,,,,17.97,25," ",,,,,,,,," "
2011-06-28,,,,," ",,,,," ",1,1.438840909,EUR,12.89," ",,,,,," ",0.566424484,0.814994719,NZD,,,,18.4,25," ",,,,,,,,," "
2011-06-29,,,,," ",,,,," ",1,1.438840909,EUR,," ",,,,,," ",0.566424484,0.814994719,NZD,,,,18.75,25," ",,,,,,,,," "
2011-06-30,,,,," ",,,,," ",1,1.438840909,EUR,," ",,,,,," ",0.566424484,0.814994719,NZD,,,,18.75,25," ",,,,,,,,," "
2011-07-01,,,,," ",,,,," ",1,1.426428571,EUR,," ",,,,,," ",0.593607637,0.846738894,NZD,,,,18.75,25," ",,,,,,,,," "
2011-07-04,,,,," ",,,,," ",1,1.426428571,EUR,," ",,,,,," ",0.593607637,0.846738894,NZD,,,,18.75,25," ",,,,,,,,," "
2011-07-05,,,,," ",,,,," ",1,1.426428571,EUR,13.33," ",,,,,," ",0.593607637,0.846738894,NZD,,,,18.75,25," ",,,,,,,,," "
2011-07-06,,,,," ",,,,," ",1,1.426428571,EUR,," ",,,,,," ",0.593607637,0.846738894,NZD,,,,18.45,25," ",,,,,,,,," "
2011-07-07,,,,," ",,,,," ",1,1.426428571,EUR,," ",,,,,," ",0.593607637,0.846738894,NZD,,,,18.2,25," ",,,,,,,,," "
2011-07-08,,,,," ",,,,," ",1,1.426428571,EUR,," ",,,,,," ",0.593607637,0.846738894,NZD,,,,18.2,25," ",,,,,,,,," "
2011-07-11,,,,," ",,,,," ",1,1.426428571,EUR,," ",,,,,," ",0.593607637,0.846738894,NZD,,,,18.2,25," ",,,,,,,,," "
2011-07-12,,,,," ",,,,," ",1,1.426428571,EUR,11.54," ",,,,,," ",0.593607637,0.846738894,NZD,,,,18.1,25," ",,,,,,,,," "
2011-07-13,,,,," ",,,,," ",1,1.426428571,EUR,," ",,,,,," ",0.593607637,0.846738894,NZD,,,,18.1,25," ",,,,,,,,," "
2011-07-14,,,,," ",,,,," ",1,1.426428571,EUR,," ",,,,,," ",0.593607637,0.846738894,NZD,,,,18.1,25," ",,,,,,,,," "
2011-07-15,,,,," ",,,,," ",1,1.426428571,EUR,," ",,,,,," ",0.593607637,0.846738894,NZD,,,,18.1,25," ",,,,,,,,," "
2011-07-18,,,,," ",,,,," ",1,1.426428571,EUR,," ",,,,,," ",0.593607637,0.846738894,NZD,,,,16.7,25," ",,,,,,,,," "
2011-07-19,,,,," ",,,,," ",1,1.426428571,EUR,12.22," ",,,,,," ",0.593607637,0.846738894,NZD,,,,16.7,25," ",,,,,,,,," "
2011-07-20,,,,," ",,,,," ",1,1.426428571,EUR,," ",,,,,," ",0.593607637,0.846738894,NZD,,,,16.6,25," ",,,,,,,,," "
2011-07-21,,,,," ",,,,," ",1,1.426428571,EUR,," ",,,,,," ",0.593607637,0.846738894,NZD,,,,16.6,25," ",,,,,,,,," "
2011-07-22,,,,," ",,,,," ",1,1.426428571,EUR,," ",,,,,," ",0.593607637,0.846738894,NZD,,,,16.6,25," ",,,,,,,,," "
2011-07-25,,,,," ",,,,," ",1,1.426428571,EUR,," ",,,,,," ",0.593607637,0.846738894,NZD,,,,16.6,25," ",,,,,,,,," "
2011-07-26,,,,," ",,,,," ",1,1.426428571,EUR,12.87," ",,,,,," ",0.593607637,0.846738894,NZD,,,,16.6,25," ",,,,,,,,," "
2011-07-27,,,,," ",,,,," ",1,1.426428571,EUR,," ",,,,,," ",0.593607637,0.846738894,NZD,,,,16.6,25," ",,,,,,,,," "
2011-07-28,,,,," ",,,,," ",1,1.426428571,EUR,," ",,,,,," ",0.593607637,0.846738894,NZD,,,,16.6,25," ",,,,,,,,," "
2011-07-29,,,,," ",,,,," ",1,1.426428571,EUR,," ",,,,,," ",0.593607637,0.846738894,NZD,,,,16.6,25," ",,,,,,,,," "
2011-08-01,,,,," ",,,,," ",1,1.434321739,EUR,," ",,,,,," ",0.584264693,0.838023551,NZD,,,,15.7,25," ",,,,,,,,," "
2011-08-02,,,,," ",,,,," ",1,1.434321739,EUR,11.55," ",,,,,," ",0.584264693,0.838023551,NZD,,,,15.1,25," ",,,,,,,,," "
2011-08-03,,,,," ",,,,," ",1,1.434321739,EUR,," ",,,,,," ",0.584264693,0.838023551,NZD,,,,14.6,25," ",,,,,,,,," "
2011-08-04,,,,," ",,,,," ",1,1.434321739,EUR,," ",,,,,," ",0.584264693,0.838023551,NZD,,,,14.6,25," ",,,,,,,,," "
2011-08-05,,,,," ",,,,," ",1,1.434321739,EUR,," ",,,,,," ",0.584264693,0.838023551,NZD,,,,13.8,25," ",,,,,,,,," "
2011-08-08,,,,," ",,,,," ",1,1.434321739,EUR,," ",,,,,," ",0.584264693,0.838023551,NZD,,,,13.8,25," ",,,,,,,,," "
2011-08-09,,,,," ",,,,," ",1,1.434321739,EUR,10.55," ",,,,,," ",0.584264693,0.838023551,NZD,,,,13.8,25," ",,,,,,,,," "
2011-08-10,,,,," ",,,,," ",1,1.434321739,EUR,," ",,,,,," ",0.584264693,0.838023551,NZD,,,,13.8,25," ",,,,,,,,," "
2011-08-11,,,,," ",,,,," ",1,1.434321739,EUR,," ",,,,,," ",0.584264693,0.838023551,NZD,,,,14.05,25," ",,,,,,,,," "
2011-08-12,,,,," ",,,,," ",1,1.434321739,EUR,," ",,,,,," ",0.584264693,0.838023551,NZD,,,,14.05,25," ",,,,,,,,," "
2011-08-15,,,,," ",,,,," ",1,1.434321739,EUR,," ",,,,,," ",0.584264693,0.838023551,NZD,,,,14.05,25," ",,,,,,,,," "
2011-08-16,,,,," ",,,,," ",1,1.434321739,EUR,12.14," ",,,,,," ",0.584264693,0.838023551,NZD,,,,15.1,25," ",,,,,,,,," "
2011-08-17,,,,," ",,,,," ",1,1.434321739,EUR,," ",,,,,," ",0.584264693,0.838023551,NZD,,,,15.1,25," ",,,,,,,,," "
2011-08-18,,,,," ",,,,," ",1,1.434321739,EUR,," ",,,,,," ",0.584264693,0.838023551,NZD,,,,15.25,25," ",,,,,,,,," "
2011-08-19,,,,," ",,,,," ",1,1.434321739,EUR,," ",,,,,," ",0.584264693,0.838023551,NZD,,,,15.25,25," ",,,,,,,,," "
2011-08-22,,,,," ",,,,," ",1,1.434321739,EUR,," ",,,,,," ",0.584264693,0.838023551,NZD,,,,15.3,25," ",,,,,,,,," "
2011-08-23,,,,," ",,,,," ",1,1.434321739,EUR,12.55," ",,,,,," ",0.584264693,0.838023551,NZD,,,,15.3,25," ",,,,,,,,," "
2011-08-24,,,,," ",,,,," ",1,1.434321739,EUR,," ",,,,,," ",0.584264693,0.838023551,NZD,,,,15.3,25," ",,,,,,,,," "
2011-08-25,,,,," ",,,,," ",1,1.434321739,EUR,," ",,,,,," ",0.584264693,0.838023551,NZD,,,,16.35,25," ",,,,,,,,," "
2011-08-26,,,,," ",,,,," ",1,1.434321739,EUR,," ",,,,,," ",0.584264693,0.838023551,NZD,,,,16.35,25," ",,,,,,,,," "
2011-08-29,,,,," ",,,,," ",1,1.434321739,EUR,," ",,,,,," ",0.584264693,0.838023551,NZD,,,,16.35,25," ",,,,,,,,," "
2011-08-30,,,,," ",,,,," ",1,1.434321739,EUR,12.92," ",,,,,," ",0.584264693,0.838023551,NZD,,,,16.35,25," ",,,,,,,,," "
2011-08-31,,,,," ",,,,," ",1,1.434321739,EUR,," ",,,,,," ",0.584264693,0.838023551,NZD,,,,16.15,25," ",,,,,,,,," "
2011-09-01,,,,," ",,,,," ",1,1.377,EUR,," ",,,,,," ",0.589806345,0.812163338,NZD,,,,16.15,25," ",,,,,,,,," "
2011-09-02,,,,," ",,,,," ",1,1.377,EUR,," ",,,,,," ",0.589806345,0.812163338,NZD,,,,16.15,25," ",,,,,,,,," "
2011-09-05,,,,," ",,,,," ",1,1.377,EUR,," ",,,,,," ",0.589806345,0.812163338,NZD,,,,16.15,25," ",,,,,,,,," "
2011-09-06,,,,," ",,,,," ",1,1.377,EUR,12.33," ",,,,,," ",0.589806345,0.812163338,NZD,,,,16.15,25," ",,,,,,,,," "
2011-09-07,,,,," ",,,,," ",1,1.377,EUR,," ",,,,,," ",0.589806345,0.812163338,NZD,,,,16.15,25," ",,,,,,,,," "
2011-09-08,,,,," ",,,,," ",1,1.377,EUR,," ",,,,,," ",0.589806345,0.812163338,NZD,,,,16.15,25," ",,,,,,,,," "
2011-09-09,,,,," ",,,,," ",1,1.377,EUR,," ",,,,,," ",0.589806345,0.812163338,NZD,,,,16.15,25," ",,,,,,,,," "
2011-09-12,,,,," ",,,,," ",1,1.377,EUR,," ",,,,,," ",0.589806345,0.812163338,NZD,,,,16.15,25," ",,,,,,,,," "
2011-09-13,,,,," ",,,,," ",1,1.377,EUR,11.74," ",,,,,," ",0.589806345,0.812163338,NZD,,,,14.55,25," ",,,,,,,,," "
2011-09-14,,,,," ",,,,," ",1,1.377,EUR,," ",,,,,," ",0.589806345,0.812163338,NZD,,,,14.55,25," ",,,,,,,,," "
2011-09-15,,,,," ",,,,," ",1,1.377,EUR,," ",,,,,," ",0.589806345,0.812163338,NZD,,,,14.55,25," ",,,,,,,,," "
2011-09-16,,,,," ",,,,," ",1,1.377,EUR,," ",,,,,," ",0.589806345,0.812163338,NZD,,,,15.25,25," ",,,,,,,,," "
2011-09-19,,,,," ",,,,," ",1,1.377,EUR,," ",,,,,," ",0.589806345,0.812163338,NZD,,,,15.25,25," ",,,,,,,,," "
2011-09-20,,,,," ",,,,," ",1,1.377,EUR,11.61," ",,,,,," ",0.589806345,0.812163338,NZD,,,,15.25,25," ",,,,,,,,," "
2011-09-21,,,,," ",,,,," ",1,1.377,EUR,," ",,,,,," ",0.589806345,0.812163338,NZD,,,,15.25,25," ",,,,,,,,," "
2011-09-22,,,,," ",,,,," ",1,1.377,EUR,," ",,,,,," ",0.589806345,0.812163338,NZD,,,,15.25,25," ",,,,,,,,," "
2011-09-23,,,,," ",,,,," ",1,1.377,EUR,," ",,,,,," ",0.589806345,0.812163338,NZD,,,,15.25,25," ",,,,,,,,," "
2011-09-26,,,,," ",,,,," ",1,1.377,EUR,," ",,,,,," ",0.589806345,0.812163338,NZD,,,,15.25,25," ",,,,,,,,," "
2011-09-27,,,,," ",,,,," ",1,1.377,EUR,10.8," ",,,,,," ",0.589806345,0.812163338,NZD,,,,15.25,25," ",,,,,,,,," "
2011-09-28,,,,," ",,,,," ",1,1.377,EUR,," ",,,,,," ",0.589806345,0.812163338,NZD,,,,15.25,25," ",,,,,,,,," "
2011-09-29,,,,," ",,,,," ",1,1.377,EUR,," ",,,,,," ",0.589806345,0.812163338,NZD,,,,14.1,25," ",,,,,,,,," "
2011-09-30,,,,," ",,,,," ",1,1.377,EUR,," ",,,,,," ",0.589806345,0.812163338,NZD,,,,14.1,25," ",,,,,,,,," "
2011-10-04,,,,," ",,,,," ",1,1.370633333,EUR,9.92," ",,,,,," ",0.57525112,0.788458359,NZD,,,,14.1,25," ",,,,,,,,," "
2011-10-05,,,,," ",,,,," ",1,1.370633333,EUR,," ",,,,,," ",0.57525112,0.788458359,NZD,,,,14.1,25," ",,,,,,,,," "
2011-10-06,,,,," ",,,,," ",1,1.370633333,EUR,," ",,,,,," ",0.57525112,0.788458359,NZD,,,,14.1,25," ",,,,,,,,," "
2011-10-07,,,,," ",,,,," ",1,1.370633333,EUR,," ",,,,,," ",0.57525112,0.788458359,NZD,,,,14.1,25," ",,,,,,,,," "
2011-10-10,,,,," ",,,,," ",1,1.370633333,EUR,," ",,,,,," ",0.57525112,0.788458359,NZD,,,,13.35,25," ",,,,,,,,," "
2011-10-11,,,,," ",,,,," ",1,1.370633333,EUR,10.49," ",,,,,," ",0.57525112,0.788458359,NZD,,,,13.35,25," ",,,,,,,,," "
2011-10-12,,,,," ",,,,," ",1,1.370633333,EUR,," ",,,,,," ",0.57525112,0.788458359,NZD,,,,13.35,25," ",,,,,,,,," "
2011-10-13,,,,," ",,,,," ",1,1.370633333,EUR,," ",,,,,," ",0.57525112,0.788458359,NZD,,,,13.35,25," ",,,,,,,,," "
2011-10-14,,,,," ",,,,," ",1,1.370633333,EUR,," ",,,,,," ",0.57525112,0.788458359,NZD,,,,13.35,25," ",,,,,,,,," "
2011-10-17,,,,," ",,,,," ",1,1.370633333,EUR,," ",,,,,," ",0.57525112,0.788458359,NZD,,,,13.35,25," ",,,,,,,,," "
2011-10-18,,,,," ",,,,," ",1,1.370633333,EUR,10," ",,,,,," ",0.57525112,0.788458359,NZD,,,,13.35,25," ",,,,,,,,," "
2011-10-19,,,,," ",,,,," ",1,1.370633333,EUR,," ",,,,,," ",0.57525112,0.788458359,NZD,,,,13.35,25," ",,,,,,,,," "
2011-10-20,,,,," ",,,,," ",1,1.370633333,EUR,," ",,,,,," ",0.57525112,0.788458359,NZD,,,,13.35,25," ",,,,,,,,," "
2011-10-21,,,,," ",,,,," ",1,1.370633333,EUR,," ",,,,,," ",0.57525112,0.788458359,NZD,,,,13.35,25," ",,,,,,,,," "
2011-10-24,,,,," ",,,,," ",1,1.370633333,EUR,," ",,,,,," ",,,,,,,,," ",,,,,,,,," "
2011-10-25,,,,," ",,,,," ",1,1.370633333,EUR,10.44," ",,,,,," ",0.57525112,0.788458359,NZD,,,,13.35,25," ",,,,,,,,," "
2011-10-26,,,,," ",,,,," ",1,1.370633333,EUR,," ",,,,,," ",0.57525112,0.788458359,NZD,,,,13.35,25," ",,,,,,,,," "
2011-10-27,,,,," ",,,,," ",1,1.370633333,EUR,10.3," ",,,,,," ",0.57525112,0.788458359,NZD,,,,13.35,25," ",,,,,,,,," "
2011-10-28,,,,," ",,,,," ",1,1.370633333,EUR,," ",,,,,," ",0.57525112,0.788458359,NZD,,,,13.35,25," ",,,,,,,,," "
2011-10-31,,,,," ",,,,," ",1,1.370633333,EUR,," ",,,,,," ",0.57525112,0.788458359,NZD,,,,13.35,25," ",,,,,,,,," "
2011-11-01,,,,," ",,,,," ",1,1.355572727,EUR,9.9," ",,,,,," ",0.57211007,0.775536808,NZD,,,,13.35,25," ",,,,,,,,," "
2011-11-02,,,,," ",,,,," ",1,1.355572727,EUR,," ",,,,,," ",0.57211007,0.775536808,NZD,,,,13.35,25," ",,,,,,,,," "
2011-11-03,,,,," ",,,,," ",1,1.355572727,EUR,," ",,,,,," ",0.57211007,0.775536808,NZD,,,,13.35,25," ",,,,,,,,," "
2011-11-04,,,,," ",,,,," ",1,1.355572727,EUR,," ",,,,,," ",0.57211007,0.775536808,NZD,,,,13.35,25," ",,,,,,,,," "
2011-11-07,,,,," ",,,,," ",1,1.355572727,EUR,," ",,,,,," ",0.57211007,0.775536808,NZD,,,,13.35,25," ",,,,,,,,," "
2011-11-08,,,,," ",,,,," ",1,1.355572727,EUR,9.95," ",,,,,," ",0.57211007,0.775536808,NZD,,,,13.3,25," ",,,,,,,,," "
2011-11-09,,,,," ",,,,," ",1,1.355572727,EUR,," ",,,,,," ",0.57211007,0.775536808,NZD,,,,13.6,25," ",,,,,,,,," "
2011-11-10,,,,," ",,,,," ",1,1.355572727,EUR,," ",,,,,," ",0.57211007,0.775536808,NZD,,,,13.4,25," ",,,,,,,,," "
2011-11-11,,,,," ",,,,," ",1,1.355572727,EUR,," ",,,,,," ",0.57211007,0.775536808,NZD,,,,13.4,25," ",,,,,,,,," "
2011-11-14,,,,," ",,,,," ",1,1.355572727,EUR,," ",,,,,," ",0.57211007,0.775536808,NZD,,,,13.4,25," ",,,,,,,,," "
2011-11-15,,,,," ",,,,," ",1,1.355572727,EUR,9.93," ",,,,,," ",0.57211007,0.775536808,NZD,,,,13.4,25," ",,,,,,,,," "
2011-11-16,,,,," ",,,,," ",1,1.355572727,EUR,," ",,,,,," ",0.57211007,0.775536808,NZD,,,,13.4,25," ",,,,,,,,," "
2011-11-17,,,,," ",,,,," ",1,1.355572727,EUR,," ",,,,,," ",0.57211007,0.775536808,NZD,,,,13.4,25," ",,,,,,,,," "
2011-11-18,,,,," ",,,,," ",1,1.355572727,EUR,," ",,,,,," ",0.57211007,0.775536808,NZD,,,,13.4,25," ",,,,,,,,," "
2011-11-21,,,,," ",,,,," ",1,1.355572727,EUR,," ",,,,,," ",0.57211007,0.775536808,NZD,,,,13.4,25," ",,,,,,,,," "
2011-11-22,,,,," ",,,,," ",1,1.355572727,EUR,8.97," ",,,,,," ",0.57211007,0.775536808,NZD,,,,13.4,25," ",,,,,,,,," "
2011-11-23,,,,," ",,,,," ",1,1.355572727,EUR,," ",,,,,," ",0.57211007,0.775536808,NZD,,,,13.05,25," ",,,,,,,,," "
2011-11-24,,,,," ",,,,," ",1,1.355572727,EUR,8.05," ",,,,,," ",0.57211007,0.775536808,NZD,,,,13.05,25," ",,,,,,,,," "
2011-11-25,,,,," ",,,,," ",1,1.355572727,EUR,," ",,,,,," ",0.57211007,0.775536808,NZD,,,,11.25,25," ",,,,,,,,," "
2011-11-28,,,,," ",,,,," ",1,1.355572727,EUR,," ",,,,,," ",0.57211007,0.775536808,NZD,,,,11.25,25," ",,,,,,,,," "
2011-11-29,,,,," ",,,,," ",1,1.355572727,EUR,," ",,,,,," ",0.57211007,0.775536808,NZD,,,,11.25,25," ",,,,,,,,," "
2011-11-30,,,,," ",,,,," ",1,1.355572727,EUR,," ",,,,,," ",0.57211007,0.775536808,NZD,,,,11.25,25," ",,,,,,,,," "
2011-12-01,,,,," ",,,,," ",1,1.317904762,EUR,," ",,,,,," ",0.583732476,0.76930381,NZD,,,,11.25,25," ",,,,,,,,," "
2011-12-02,,,,," ",,,,," ",1,1.317904762,EUR,," ",,,,,," ",0.583732476,0.76930381,NZD,,,,11.25,25," ",,,,,,,,," "
2011-12-05,,,,," ",,,,," ",1,1.317904762,EUR,," ",,,,,," ",0.583732476,0.76930381,NZD,,,,11.25,25," ",,,,,,,,," "
2011-12-06,,,,," ",,,,," ",1,1.317904762,EUR,," ",,,,,," ",0.583732476,0.76930381,NZD,,,,11.25,25," ",,,,,,,,," "
2011-12-07,,,,," ",,,,," ",1,1.317904762,EUR,," ",,,,,," ",0.583732476,0.76930381,NZD,,,,9.9,25," ",,,,,,,,," "
2011-12-08,,,,," ",,,,," ",1,1.317904762,EUR,," ",,,,,," ",0.583732476,0.76930381,NZD,,,,9.9,25," ",,,,,,,,," "
2011-12-09,,,,," ",,,,," ",1,1.317904762,EUR,," ",,,,,," ",0.583732476,0.76930381,NZD,,,,9.9,25," ",,,,,,,,," "
2011-12-12,,,,," ",,,,," ",1,1.317904762,EUR,," ",,,,,," ",0.583732476,0.76930381,NZD,,,,9.9,25," ",,,,,,,,," "
2011-12-13,,,,," ",,,,," ",1,1.317904762,EUR,7.13," ",,,,,," ",0.583732476,0.76930381,NZD,,,,9.9,25," ",,,,,,,,," "
2011-12-14,,,,," ",,,,," ",1,1.317904762,EUR,," ",,,,,," ",0.583732476,0.76930381,NZD,,,,9.9,25," ",,,,,,,,," "
2011-12-15,,,,," ",,,,," ",1,1.317904762,EUR,," ",,,,,," ",0.583732476,0.76930381,NZD,,,,9.9,25," ",,,,,,,,," "
2011-12-16,,,,," ",,,,," ",1,1.317904762,EUR,," ",,,,,," ",0.583732476,0.76930381,NZD,,,,8.1,25," ",,,,,,,,," "
2011-12-19,,,,," ",,,,," ",1,1.317904762,EUR,," ",,,,,," ",0.583732476,0.76930381,NZD,,,,8.1,25," ",,,,,,,,," "
2011-12-20,,,,," ",,,,," ",1,1.317904762,EUR,," ",,,,,," ",0.583732476,0.76930381,NZD,,,,8.1,25," ",,,,,,,,," "
2011-12-21,,,,," ",,,,," ",1,1.317904762,EUR,," ",,,,,," ",0.583732476,0.76930381,NZD,,,,9.5,25," ",,,,,,,,," "
2011-12-22,,,,," ",,,,," ",1,1.317904762,EUR,," ",,,,,," ",0.583732476,0.76930381,NZD,,,,9.5,25," ",,,,,,,,," "
2011-12-23,,,,," ",,,,," ",1,1.317904762,EUR,," ",,,,,," ",0.583732476,0.76930381,NZD,,,,9.5,25," ",,,,,,,,," "
2011-12-27,,,,," ",,,,," ",1,1.317904762,EUR,," ",,,,,," ",,,,,,,,," ",,,,,,,,," "
2011-12-28,,,,," ",,,,," ",1,1.317904762,EUR,," ",,,,,," ",0.583732476,0.76930381,NZD,,,,9.5,25," ",,,,,,,,," "
2011-12-29,,,,," ",,,,," ",1,1.317904762,EUR,," ",,,,,," ",0.583732476,0.76930381,NZD,,,,9.5,25," ",,,,,,,,," "
2011-12-30,,,,," ",,,,," ",1,1.317904762,EUR,," ",,,,,," ",0.583732476,0.76930381,NZD,,,,9.5,25," ",,,,,,,,," "
2012-01-02,,,,," ",,,,," ",1,1.290486364,EUR,," ",,,,,," ",,,,,,,,," ",,,,,,,,," "
2012-01-03,,,,," ",,,,," ",1,1.290486364,EUR,6.31," ",,,,,," ",,,,,,,,," ",,,,,,,,," "
2012-01-04,,,,," ",,,,," ",1,1.290486364,EUR,," ",,,,,," ",0.620348453,0.800551219,NZD,,,,9.5,25," ",,,,,,,,," "
2012-01-05,,,,," ",,,,," ",1,1.290486364,EUR,," ",,,,,," ",0.620348453,0.800551219,NZD,,,,9.5,25," ",,,,,,,,," "
2012-01-06,,,,," ",,,,," ",1,1.290486364,EUR,," ",,,,,," ",0.620348453,0.800551219,NZD,,,,7,25," ",,,,,,,,," "
2012-01-09,,,,," ",,,,," ",1,1.290486364,EUR,," ",,,,,," ",0.620348453,0.800551219,NZD,,,,7,25," ",,,,,,,,," "
2012-01-10,,,,," ",,,,," ",1,1.290486364,EUR,6.83," ",,,,,," ",0.620348453,0.800551219,NZD,,,,7,25," ",,,,,,,,," "
2012-01-11,,,,," ",,,,," ",1,1.290486364,EUR,," ",,,,,," ",0.620348453,0.800551219,NZD,,,,7,25," ",,,,,,,,," "
2012-01-12,,,,," ",,,,," ",1,1.290486364,EUR,," ",,,,,," ",0.620348453,0.800551219,NZD,,,,7,25," ",,,,,,,,," "
2012-01-13,,,,," ",,,,," ",1,1.290486364,EUR,," ",,,,,," ",0.620348453,0.800551219,NZD,,,,7,25," ",,,,,,,,," "
2012-01-16,,,,," ",,,,," ",1,1.290486364,EUR,," ",,,,,," ",0.620348453,0.800551219,NZD,,,,7,25," ",,,,,,,,," "
2012-01-17,,,,," ",,,,," ",1,1.290486364,EUR,6.68," ",,,,,," ",0.620348453,0.800551219,NZD,,,,7,25," ",,,,,,,,," "
2012-01-18,,,,," ",,,,," ",1,1.290486364,EUR,," ",,,,,," ",0.620348453,0.800551219,NZD,,,,6.92,25," ",,,,,,,,," "
2012-01-19,,,,," ",,,,," ",1,1.290486364,EUR,," ",,,,,," ",0.620348453,0.800551219,NZD,,,,6.92,25," ",,,,,,,,," "
2012-01-20,,,,," ",,,,," ",1,1.290486364,EUR,," ",,,,,," ",0.620348453,0.800551219,NZD,,,,6.92,25," ",,,,,,,,," "
2012-01-23,,,,," ",,,,," ",1,1.290486364,EUR,," ",,,,,," ",,,,,,,,," ",,,,,,,,," "
2012-01-24,,,,," ",,,,," ",1,1.290486364,EUR,6.9," ",,,,,," ",0.620348453,0.800551219,NZD,,,,6.92,25," ",,,,,,,,," "
2012-01-25,,,,," ",,,,," ",1,1.290486364,EUR,," ",,,,,," ",0.620348453,0.800551219,NZD,,,,6.92,25," ",,,,,,,,," "
2012-01-26,,,,," ",,,,," ",1,1.290486364,EUR,7.46," ",,,,,," ",0.620348453,0.800551219,NZD,,,,6.92,25," ",,,,,,,,," "
2012-01-27,,,,," ",,,,," ",1,1.290486364,EUR,," ",,,,,," ",0.620348453,0.800551219,NZD,,,,7.5,25," ",,,,,,,,," "
2012-01-30,,,,," ",,,,," ",1,1.290486364,EUR,," ",,,,,," ",,,,,,,,," ",,,,,,,,," "
2012-01-31,,,,," ",,,,," ",1,1.290486364,EUR,7.66," ",,,,,," ",0.620348453,0.800551219,NZD,,,,7.5,25," ",,,,,,,,," "
2012-02-01,,,,," ",,,,," ",1,1.322409524,EUR,," ",,,,,," ",0.630675652,0.834011488,NZD,,,,7.5,25," ",,,,,,,,," "
2012-02-02,,,,," ",,,,," ",1,1.322409524,EUR,," ",,,,,," ",0.630675652,0.834011488,NZD,,,,7.5,25," ",,,,,,,,," "
2012-02-03,,,,," ",,,,," ",1,1.322409524,EUR,," ",,,,,," ",0.630675652,0.834011488,NZD,,,,8.3,25," ",,,,,,,,," "
2012-02-06,,,,," ",,,,," ",1,1.322409524,EUR,," ",,,,,," ",,,,,,,,," ",,,,,,,,," "
2012-02-07,,,,," ",,,,," ",1,1.322409524,EUR,8.42," ",,,,,," ",0.630675652,0.834011488,NZD,,,,8.3,25," ",,,,,,,,," "
2012-02-08,,,,," ",,,,," ",1,1.322409524,EUR,," ",,,,,," ",0.630675652,0.834011488,NZD,,,,8.3,25," ",,,,,,,,," "
2012-02-09,,,,," ",,,,," ",1,1.322409524,EUR,," ",,,,,," ",0.630675652,0.834011488,NZD,,,,8.3,25," ",,,,,,,,," "
2012-02-10,,,,," ",,,,," ",1,1.322409524,EUR,," ",,,,,," ",0.630675652,0.834011488,NZD,,,,8.3,25," ",,,,,,,,," "
2012-02-13,,,,," ",,,,," ",1,1.322409524,EUR,," ",,,,,," ",0.630675652,0.834011488,NZD,,,,7.4,25," ",,,,,,,,," "
2012-02-14,,,,," ",,,,," ",1,1.322409524,EUR,7.6," ",,,,,," ",0.630675652,0.834011488,NZD,,,,7.4,25," ",,,,,,,,," "
2012-02-15,,,,," ",,,,," ",1,1.322409524,EUR,," ",,,,,," ",0.630675652,0.834011488,NZD,,,,7.4,25," ",,,,,,,,," "
2012-02-16,,,,," ",,,,," ",1,1.322409524,EUR,," ",,,,,," ",0.630675652,0.834011488,NZD,,,,7.4,25," ",,,,,,,,," "
2012-02-17,,,,," ",,,,," ",1,1.322409524,EUR,," ",,,,,," ",0.630675652,0.834011488,NZD,,,,8.05,25," ",,,,,,,,," "
2012-02-20,,,,," ",,,,," ",1,1.322409524,EUR,," ",,,,,," ",0.630675652,0.834011488,NZD,,,,8.05,25," ",,,,,,,,," "
2012-02-21,,,,," ",,,,," ",1,1.322409524,EUR,8.58," ",,,,,," ",0.630675652,0.834011488,NZD,,,,8.05,25," ",,,,,,,,," "
2012-02-22,,,,," ",,,,," ",1,1.322409524,EUR,," ",,,,,," ",0.630675652,0.834011488,NZD,,,,8.05,25," ",,,,,,,,," "
2012-02-23,,,,," ",,,,," ",1,1.322409524,EUR,8.81," ",,,,,," ",0.630675652,0.834011488,NZD,,,,8.05,25," ",,,,,,,,," "
2012-02-24,,,,," ",,,,," ",1,1.322409524,EUR,," ",,,,,," ",0.630675652,0.834011488,NZD,,,,8.05,25," ",,,,,,,,," "
2012-02-27,,,,," ",,,,," ",1,1.322409524,EUR,," ",,,,,," ",0.630675652,0.834011488,NZD,,,,8.05,25," ",,,,,,,,," "
2012-02-28,,,,," ",,,,," ",1,1.322409524,EUR,9.17," ",,,,,," ",0.630675652,0.834011488,NZD,,,,8.6,25," ",,,,,,,,," "
2012-02-29,,,,," ",,,,," ",1,1.322409524,EUR,," ",,,,,," ",0.630675652,0.834011488,NZD,,,,8.6,25," ",,,,,,,,," "
2012-03-01,,,,," ",,,,," ",1,1.3201,EUR,," ",,,,,," ",0.621696398,0.820701415,NZD,,,,7.75,25," ",,,,,,,,," "
2012-03-02,,,,," ",,,,," ",1,1.3201,EUR,," ",,,,,," ",0.621696398,0.820701415,NZD,,,,7.95,25," ",,,,,,,,," "
2012-03-05,,,,," ",,,,," ",1,1.3201,EUR,," ",,,,,," ",0.621696398,0.820701415,NZD,,,,7.95,25," ",,,,,,,,," "
2012-03-06,,,,," ",,,,," ",1,1.3201,EUR,8.44," ",,,,,," ",0.621696398,0.820701415,NZD,,,,7.95,25," ",,,,,,,,," "
2012-03-07,,,,," ",,,,," ",1,1.3201,EUR,," ",,,,,," ",0.621696398,0.820701415,NZD,,,,7.95,25," ",,,,,,,,," "
2012-03-08,,,,," ",,,,," ",1,1.3201,EUR,," ",,,,,," ",0.621696398,0.820701415,NZD,,,,7.8,25," ",,,,,,,,," "
2012-03-09,,,,," ",,,,," ",1,1.3201,EUR,," ",,,,,," ",0.621696398,0.820701415,NZD,,,,7.8,25," ",,,,,,,,," "
2012-03-12,,,,," ",,,,," ",1,1.3201,EUR,," ",,,,,," ",0.621696398,0.820701415,NZD,,,,7.8,25," ",,,,,,,,," "
2012-03-13,,,,," ",,,,," ",1,1.3201,EUR,7.65," ",,,,,," ",0.621696398,0.820701415,NZD,,,,7.8,25," ",,,,,,,,," "
2012-03-14,,,,," ",,,,," ",1,1.3201,EUR,," ",,,,,," ",0.621696398,0.820701415,NZD,,,,7.8,25," ",,,,,,,,," "
2012-03-15,,,,," ",,,,," ",1,1.3201,EUR,7.8," ",,,,,," ",0.621696398,0.820701415,NZD,,,,7.8,25," ",,,,,,,,," "
2012-03-16,,,,," ",,,,," ",1,1.3201,EUR,," ",,,,,," ",0.621696398,0.820701415,NZD,,,,7.41,25," ",,,,,,,,," "
2012-03-19,,,,," ",,,,," ",1,1.3201,EUR,," ",,,,,," ",0.621696398,0.820701415,NZD,,,,7.41,25," ",,,,,,,,," "
2012-03-20,,,,," ",,,,," ",1,1.3201,EUR,7.25," ",,,,,," ",0.621696398,0.820701415,NZD,,,,7.41,25," ",,,,,,,,," "
2012-03-21,,,,," ",,,,," ",1,1.3201,EUR,," ",,,,,," ",0.621696398,0.820701415,NZD,,,,7.45,25," ",,,,,,,,," "
2012-03-22,,,,," ",,,,," ",1,1.3201,EUR,6.95," ",,,,,," ",0.621696398,0.820701415,NZD,,,,7.9,25," ",,,,,,,,," "
2012-03-23,,,,," ",,,,," ",1,1.3201,EUR,," ",,,,,," ",0.621696398,0.820701415,NZD,,,,7.9,25," ",,,,,,,,," "
2012-03-26,,,,," ",,,,," ",1,1.3201,EUR,," ",,,,,," ",0.621696398,0.820701415,NZD,,,,7.9,25," ",,,,,,,,," "
2012-03-27,,,,," ",,,,," ",1,1.3201,EUR,6.9," ",,,,,," ",0.621696398,0.820701415,NZD,,,,7.45,25," ",,,,,,,,," "
2012-03-28,,,,," ",,,,," ",1,1.3201,EUR,," ",,,,,," ",0.621696398,0.820701415,NZD,,,,7.45,25," ",,,,,,,,," "
2012-03-29,,,,," ",,,,," ",1,1.3201,EUR,," ",,,,,," ",0.621696398,0.820701415,NZD,,,,7.45,25," ",,,,,,,,," "
2012-03-30,,,,," ",,,,," ",1,1.3201,EUR,," ",,,,,," ",0.621696398,0.820701415,NZD,,,,7.55,25," ",,,,,,,,," "
2012-04-02,,,,," ",,,,," ",1,1.316173684,EUR,," ",,,,,," ",0.622258134,0.818999781,NZD,,,,7.2,25," ",,,,,,,,," "
2012-04-03,,,,," ",,,,," ",1,1.316173684,EUR,6," ",,,,,," ",0.622258134,0.818999781,NZD,,,,7.2,25," ",,,,,,,,," "
2012-04-04,,,,," ",,,,," ",1,1.316173684,EUR,," ",,,,,," ",0.622258134,0.818999781,NZD,,,,7.2,25," ",,,,,,,,," "
2012-04-05,,,,," ",,,,," ",1,1.316173684,EUR,," ",,,,,," ",0.622258134,0.818999781,NZD,,,,7.2,25," ",,,,,,,,," "
2012-04-10,,,,," ",,,,," ",1,1.316173684,EUR,6.54," ",,,,,," ",0.622258134,0.818999781,NZD,,,,7.2,25," ",,,,,,,,," "
2012-04-11,,,,," ",,,,," ",1,1.316173684,EUR,," ",,,,,," ",0.622258134,0.818999781,NZD,,,,7.65,25," ",,,,,,,,," "
2012-04-12,,,,," ",,,,," ",1,1.316173684,EUR,," ",,,,,," ",0.622258134,0.818999781,NZD,,,,7.65,25," ",,,,,,,,," "
2012-04-13,,,,," ",,,,," ",1,1.316173684,EUR,," ",,,,,," ",0.622258134,0.818999781,NZD,,,,7.65,25," ",,,,,,,,," "
2012-04-16,,,,," ",,,,," ",1,1.316173684,EUR,," ",,,,,," ",0.622258134,0.818999781,NZD,,,,7.65,25," ",,,,,,,,," "
2012-04-17,,,,," ",,,,," ",1,1.316173684,EUR,6.97," ",,,,,," ",0.622258134,0.818999781,NZD,,,,7.25,25," ",,,,,,,,," "
2012-04-18,,,,," ",,,,," ",1,1.316173684,EUR,," ",,,,,," ",0.622258134,0.818999781,NZD,,,,7.25,25," ",,,,,,,,," "
2012-04-19,,,,," ",,,,," ",1,1.316173684,EUR,7.02," ",,,,,," ",0.622258134,0.818999781,NZD,,,,7.5,25," ",,,,,,,,," "
2012-04-20,,,,," ",,,,," ",1,1.316173684,EUR,," ",,,,,," ",0.622258134,0.818999781,NZD,,,,7.5,25," ",,,,,,,,," "
2012-04-23,,,,," ",,,,," ",1,1.316173684,EUR,," ",,,,,," ",0.622258134,0.818999781,NZD,,,,7.5,25," ",,,,,,,,," "
2012-04-24,,,,," ",,,,," ",1,1.316173684,EUR,7.06," ",,,,,," ",0.622258134,0.818999781,NZD,,,,7.5,25," ",,,,,,,,," "
2012-04-25,,,,," ",,,,," ",1,1.316173684,EUR,," ",,,,,," ",,,,,,,,," ",,,,,,,,," "
2012-04-26,,,,," ",,,,," ",1,1.316173684,EUR,," ",,,,,," ",0.622258134,0.818999781,NZD,,,,7.5,25," ",,,,,,,,," "
2012-04-27,,,,," ",,,,," ",1,1.316173684,EUR,," ",,,,,," ",0.622258134,0.818999781,NZD,,,,6.9,25," ",,,,,,,,," "
2012-04-30,,,,," ",,,,," ",1,1.316173684,EUR,," ",,,,,," ",0.622258134,0.818999781,NZD,,,,6.9,25," ",,,,,,,,," "
2012-05-02,,,,," ",,,,," ",1,1.278890909,EUR,," ",,,,,," ",0.607119612,0.776439752,NZD,,,,6.9,25," ",,,,,,,,," "
2012-05-03,,,,," ",,,,," ",1,1.278890909,EUR,," ",,,,,," ",0.607119612,0.776439752,NZD,,,,6.65,25," ",,,,,,,,," "
2012-05-04,,,,," ",,,,," ",1,1.278890909,EUR,," ",,,,,," ",0.607119612,0.776439752,NZD,,,,6.65,25," ",,,,,,,,," "
2012-05-07,,,,," ",,,,," ",1,1.278890909,EUR,," ",,,,,," ",0.607119612,0.776439752,NZD,,,,6.65,25," ",,,,,,,,," "
2012-05-08,,,,," ",,,,," ",1,1.278890909,EUR,6.5," ",,,,,," ",0.607119612,0.776439752,NZD,,,,6.25,25," ",,,,,,,,," "
2012-05-09,,,,," ",,,,," ",1,1.278890909,EUR,," ",,,,,," ",0.607119612,0.776439752,NZD,,,,6.25,25," ",,,,,,,,," "
2012-05-10,,,,," ",,,,," ",1,1.278890909,EUR,," ",,,,,," ",0.607119612,0.776439752,NZD,,,,6.25,25," ",,,,,,,,," "
2012-05-11,,,,," ",,,,," ",1,1.278890909,EUR,," ",,,,,," ",0.607119612,0.776439752,NZD,,,,6.25,25," ",,,,,,,,," "
2012-05-14,,,,," ",,,,," ",1,1.278890909,EUR,," ",,,,,," ",0.607119612,0.776439752,NZD,,,,6.3,25," ",,,,,,,,," "
2012-05-15,,,,," ",,,,," ",1,1.278890909,EUR,6.49," ",,,,,," ",0.607119612,0.776439752,NZD,,,,6.3,25," ",,,,,,,,," "
2012-05-16,,,,," ",,,,," ",1,1.278890909,EUR,," ",,,,,," ",0.607119612,0.776439752,NZD,,,,6.3,25," ",,,,,,,,," "
2012-05-18,,,,," ",,,,," ",1,1.278890909,EUR,," ",,,,,," ",0.607119612,0.776439752,NZD,,,,6.35,25," ",,,,,,,,," "
2012-05-21,,,,," ",,,,," ",1,1.278890909,EUR,," ",,,,,," ",0.607119612,0.776439752,NZD,,,,6.35,25," ",,,,,,,,," "
2012-05-22,,,,," ",,,,," ",1,1.278890909,EUR,6.65," ",,,,,," ",0.607119612,0.776439752,NZD,,,,6.35,25," ",,,,,,,,," "
2012-05-23,,,,," ",,,,," ",1,1.278890909,EUR,," ",,,,,," ",0.607119612,0.776439752,NZD,,,,6.35,25," ",,,,,,,,," "
2012-05-24,,,,," ",,,,," ",1,1.278890909,EUR,," ",,,,,," ",0.607119612,0.776439752,NZD,,,,6.35,25," ",,,,,,,,," "
2012-05-25,,,,," ",,,,," ",1,1.278890909,EUR,," ",,,,,," ",0.607119612,0.776439752,NZD,,,,6.35,25," ",,,,,,,,," "
2012-05-29,,,,," ",,,,," ",1,1.278890909,EUR,6.55," ",,,,,," ",0.607119612,0.776439752,NZD,,,,6.1,25," ",,,,,,,,," "
2012-05-30,,,,," ",,,,," ",1,1.278890909,EUR,," ",,,,,," ",0.607119612,0.776439752,NZD,,,,6.1,25," ",,,,,,,,," "
2012-05-31,,,,," ",,,,," ",1,1.278890909,EUR,," ",,,,,," ",0.607119612,0.776439752,NZD,,,,6,25," ",,,,,,,,," "
2012-06-01,,,,," ",,,,," ",1,1.252628571,EUR,," ",,,,,," ",0.622748449,0.7800725,NZD,,,,6,25," ",,,,,,,,," "
2012-06-04,,,,," ",,,,," ",1,1.252628571,EUR,," ",,,,,," ",,,,,,,,," ",,,,,,,,," "
2012-06-05,,,,," ",,,,," ",1,1.252628571,EUR,6.27," ",,,,,," ",0.622748449,0.7800725,NZD,,,,6.22,25," ",,,,,,,,," "
2012-06-06,,,,," ",,,,," ",1,1.252628571,EUR,," ",,,,,," ",0.622748449,0.7800725,NZD,,,,6.2,25," ",,,,,,,,," "
2012-06-07,,,,," ",,,,," ",1,1.252628571,EUR,," ",,,,,," ",0.622748449,0.7800725,NZD,,,,6.3,25," ",,,,,,,,," "
2012-06-08,,,,," ",,,,," ",1,1.252628571,EUR,," ",,,,,," ",0.622748449,0.7800725,NZD,,,,6.18,25," ",,,,,,,,," "
2012-06-11,,,,," ",,,,," ",1,1.252628571,EUR,," ",,,,,," ",0.622748449,0.7800725,NZD,,,,6.4,25," ",,,,,,,,," "
2012-06-12,,,,," ",,,,," ",1,1.252628571,EUR,6.54," ",,,,,," ",0.622748449,0.7800725,NZD,,,,6.4,25," ",,,,,,,,," "
2012-06-13,,,,," ",,,,," ",1,1.252628571,EUR,," ",,,,,," ",0.622748449,0.7800725,NZD,,,,6.4,25," ",,,,,,,,," "
2012-06-14,,,,," ",,,,," ",1,1.252628571,EUR,6.59," ",,,,,," ",0.622748449,0.7800725,NZD,,,,6.4,25," ",,,,,,,,," "
2012-06-15,,,,," ",,,,," ",1,1.252628571,EUR,," ",,,,,," ",0.622748449,0.7800725,NZD,,,,6.4,25," ",,,,,,,,," "
2012-06-18,,,,," ",,,,," ",1,1.252628571,EUR,," ",,,,,," ",0.622748449,0.7800725,NZD,,,,6.4,25," ",,,,,,,,," "
2012-06-19,,,,," ",,,,," ",1,1.252628571,EUR,7.39," ",,,,,," ",0.622748449,0.7800725,NZD,,,,6.4,25," ",,,,,,,,," "
2012-06-20,,,,," ",,,,," ",1,1.252628571,EUR,," ",,,,,," ",0.622748449,0.7800725,NZD,,,,6.62,25," ",,,,,,,,," "
2012-06-21,,,,," ",,,,," ",1,1.252628571,EUR,," ",,,,,," ",0.622748449,0.7800725,NZD,,,,6.62,25," ",,,,,,,,," "
2012-06-22,,,,," ",,,,," ",1,1.252628571,EUR,," ",,,,,," ",0.622748449,0.7800725,NZD,,,,6.5,25," ",,,,,,,,," "
2012-06-25,,,,," ",,,,," ",1,1.252628571,EUR,," ",,,,,," ",0.622748449,0.7800725,NZD,,,,6.1,25," ",,,,,,,,," "
2012-06-26,,,,," ",,,,," ",1,1.252628571,EUR,8," ",,,,,," ",0.622748449,0.7800725,NZD,,,,6.1,25," ",,,,,,,,," "
2012-06-27,,,,," ",,,,," ",1,1.252628571,EUR,," ",,,,,," ",0.622748449,0.7800725,NZD,,,,6.1,25," ",,,,,,,,," "
2012-06-28,,,,," ",,,,," ",1,1.252628571,EUR,," ",,,,,," ",0.622748449,0.7800725,NZD,,,,6.1,25," ",,,,,,,,," "
2012-06-29,,,,," ",,,,," ",1,1.252628571,EUR,," ",,,,,," ",0.622748449,0.7800725,NZD,,,,6.1,25," ",,,,,,,,," "
2012-07-02,,,,," ",,,,," ",1,1.228845455,EUR,," ",,,,,," ",0.64953615,0.798179545,NZD,,,,6.1,25," ",,,,,,,,," "
2012-07-03,,,,," ",,,,," ",1,1.228845455,EUR,8.11," ",,,,,," ",0.64953615,0.798179545,NZD,,,,6.1,25," ",,,,,,,,," "
2012-07-04,,,,," ",,,,," ",1,1.228845455,EUR,," ",,,,,," ",0.64953615,0.798179545,NZD,,,,6.1,25," ",,,,,,,,," "
2012-07-05,,,,," ",,,,," ",1,1.228845455,EUR,," ",,,,,," ",0.64953615,0.798179545,NZD,,,,6.1,25," ",,,,,,,,," "
2012-07-06,,,,," ",,,,," ",1,1.228845455,EUR,," ",,,,,," ",0.64953615,0.798179545,NZD,,,,6.1,25," ",,,,,,,,," "
2012-07-09,,,,," ",,,,," ",1,1.228845455,EUR,," ",,,,,," ",0.64953615,0.798179545,NZD,,,,6.1,25," ",,,,,,,,," "
2012-07-10,,,,," ",,,,," ",1,1.228845455,EUR,7.87," ",,,,,," ",0.64953615,0.798179545,NZD,,,,6.1,25," ",,,,,,,,," "
2012-07-11,,,,," ",,,,," ",1,1.228845455,EUR,," ",,,,,," ",0.64953615,0.798179545,NZD,,,,6.1,25," ",,,,,,,,," "
2012-07-12,,,,," ",,,,," ",1,1.228845455,EUR,," ",,,,,," ",0.64953615,0.798179545,NZD,,,,6.1,25," ",,,,,,,,," "
2012-07-13,,,,," ",,,,," ",1,1.228845455,EUR,," ",,,,,," ",0.64953615,0.798179545,NZD,,,,6.1,25," ",,,,,,,,," "
2012-07-16,,,,," ",,,,," ",1,1.228845455,EUR,," ",,,,,," ",0.64953615,0.798179545,NZD,,,,6.1,25," ",,,,,,,,," "
2012-07-17,,,,," ",,,,," ",1,1.228845455,EUR,7.68," ",,,,,," ",0.64953615,0.798179545,NZD,,,,5.7,25," ",,,,,,,,," "
2012-07-18,,,,," ",,,,," ",1,1.228845455,EUR,," ",,,,,," ",0.64953615,0.798179545,NZD,,,,5.7,25," ",,,,,,,,," "
2012-07-19,,,,," ",,,,," ",1,1.228845455,EUR,," ",,,,,," ",0.64953615,0.798179545,NZD,,,,5.35,25," ",,,,,,,,," "
2012-07-20,,,,," ",,,,," ",1,1.228845455,EUR,," ",,,,,," ",0.64953615,0.798179545,NZD,,,,5.3,25," ",,,,,,,,," "
2012-07-23,,,,," ",,,,," ",1,1.228845455,EUR,," ",,,,,," ",0.64953615,0.798179545,NZD,,,,5.3,25," ",,,,,,,,," "
2012-07-24,,,,," ",,,,," ",1,1.228845455,EUR,7.13," ",,,,,," ",0.64953615,0.798179545,NZD,,,,5.25,25," ",,,,,,,,," "
2012-07-25,,,,," ",,,,," ",1,1.228845455,EUR,," ",,,,,," ",0.64953615,0.798179545,NZD,,,,5.2,25," ",,,,,,,,," "
2012-07-26,,,,," ",,,,," ",1,1.228845455,EUR,," ",,,,,," ",0.64953615,0.798179545,NZD,,,,5.2,25," ",,,,,,,,," "
2012-07-27,,,,," ",,,,," ",1,1.228845455,EUR,," ",,,,,," ",0.64953615,0.798179545,NZD,,,,5.2,25," ",,,,,,,,," "
2012-07-30,,,,," ",,,,," ",1,1.228845455,EUR,," ",,,,,," ",0.64953615,0.798179545,NZD,,,,4.85,25," ",,,,,,,,," "
2012-07-31,,,,," ",,,,," ",1,1.228845455,EUR,6.64," ",,,,,," ",0.64953615,0.798179545,NZD,,,,4.85,25," ",,,,,,,,," "
2012-08-01,,,,," ",,,,," ",1,1.239995652,EUR,," ",,,,,," ",0.653087844,0.809826087,NZD,,,,4.85,25," ",,,,,,,,," "
2012-08-02,,,,," ",,,,," ",1,1.239995652,EUR,," ",,,,,," ",0.653087844,0.809826087,NZD,,,,4.85,25," ",,,,,,,,," "
2012-08-03,,,,," ",,,,," ",1,1.239995652,EUR,," ",,,,,," ",0.653087844,0.809826087,NZD,,,,4.85,25," ",,,,,,,,," "
2012-08-06,,,,," ",,,,," ",1,1.239995652,EUR,," ",,,,,," ",0.653087844,0.809826087,NZD,,,,4.85,25," ",,,,,,,,," "
2012-08-07,,,,," ",,,,," ",1,1.239995652,EUR,7.21," ",,,,,," ",0.653087844,0.809826087,NZD,,,,4.85,25," ",,,,,,,,," "
2012-08-08,,,,," ",,,,," ",1,1.239995652,EUR,," ",,,,,," ",0.653087844,0.809826087,NZD,,,,4.85,25," ",,,,,,,,," "
2012-08-09,,,,," ",,,,," ",1,1.239995652,EUR,," ",,,,,," ",0.653087844,0.809826087,NZD,,,,4.85,25," ",,,,,,,,," "
2012-08-10,,,,," ",,,,," ",1,1.239995652,EUR,," ",,,,,," ",0.653087844,0.809826087,NZD,,,,4.75,25," ",,,,,,,,," "
2012-08-13,,,,," ",,,,," ",1,1.239995652,EUR,," ",,,,,," ",0.653087844,0.809826087,NZD,,,,4.75,25," ",,,,,,,,," "
2012-08-14,,,,," ",,,,," ",1,1.239995652,EUR,7.51," ",,,,,," ",0.653087844,0.809826087,NZD,,,,4.75,25," ",,,,,,,,," "
2012-08-15,,,,," ",,,,," ",1,1.239995652,EUR,," ",,,,,," ",0.653087844,0.809826087,NZD,,,,4.75,25," ",,,,,,,,," "
2012-08-16,,,,," ",,,,," ",1,1.239995652,EUR,," ",,,,,," ",0.653087844,0.809826087,NZD,,,,4.75,25," ",,,,,,,,," "
2012-08-17,,,,," ",,,,," ",1,1.239995652,EUR,," ",,,,,," ",0.653087844,0.809826087,NZD,,,,4.75,25," ",,,,,,,,," "
2012-08-20,,,,," ",,,,," ",1,1.239995652,EUR,," ",,,,,," ",0.653087844,0.809826087,NZD,,,,4.75,25," ",,,,,,,,," "
2012-08-21,,,,," ",,,,," ",1,1.239995652,EUR,7.6," ",,,,,," ",0.653087844,0.809826087,NZD,,,,4.75,25," ",,,,,,,,," "
2012-08-22,,,,," ",,,,," ",1,1.239995652,EUR,," ",,,,,," ",0.653087844,0.809826087,NZD,,,,4.75,25," ",,,,,,,,," "
2012-08-23,,,,," ",,,,," ",1,1.239995652,EUR,," ",,,,,," ",0.653087844,0.809826087,NZD,,,,4.75,25," ",,,,,,,,," "
2012-08-24,,,,," ",,,,," ",1,1.239995652,EUR,," ",,,,,," ",0.653087844,0.809826087,NZD,,,,4.75,25," ",,,,,,,,," "
2012-08-27,,,,," ",,,,," ",1,1.239995652,EUR,," ",,,,,," ",0.653087844,0.809826087,NZD,,,,4.75,25," ",,,,,,,,," "
2012-08-28,,,,," ",,,,," ",1,1.239995652,EUR,8.25," ",,,,,," ",0.653087844,0.809826087,NZD,,,,4.75,25," ",,,,,,,,," "
2012-08-29,,,,," ",,,,," ",1,1.239995652,EUR,," ",,,,,," ",0.653087844,0.809826087,NZD,,,,4.75,25," ",,,,,,,,," "
2012-08-30,,,,," ",,,,," ",1,1.239995652,EUR,," ",,,,,," ",0.653087844,0.809826087,NZD,,,,4.7,25," ",,,,,,,,," "
2012-08-31,,,,," ",,,,," ",1,1.239995652,EUR,," ",,,,,," ",0.653087844,0.809826087,NZD,,,,4.7,25," ",,,,,,,,," "
2012-09-03,,,,," ",,,,," ",1,1.28557,EUR,," ",,,,,," ",0.635803574,0.81737,NZD,,,,4.77,25," ",,,,,,,,," "
2012-09-04,,,,," ",,,,," ",1,1.28557,EUR,8.24," ",,,,,," ",0.635803574,0.81737,NZD,,,,4.77,25," ",,,,,,,,," "
2012-09-05,,,,," ",,,,," ",1,1.28557,EUR,," ",,,,,," ",0.635803574,0.81737,NZD,,,,4.75,25," ",,,,,,,,," "
2012-09-06,,,,," ",,,,," ",1,1.28557,EUR,," ",,,,,," ",0.635803574,0.81737,NZD,,,,4.7,25," ",,,,,,,,," "
2012-09-07,,,,," ",,,,," ",1,1.28557,EUR,," ",,,,,," ",0.635803574,0.81737,NZD,,,,4.75,25," ",,,,,,,,," "
2012-09-10,,,,," ",,,,," ",1,1.28557,EUR,," ",,,,,," ",0.635803574,0.81737,NZD,,,,4.72,25," ",,,,,,,,," "
2012-09-11,,,,," ",,,,," ",1,1.28557,EUR,7.72," ",,,,,," ",0.635803574,0.81737,NZD,,,,4.45,25," ",,,,,,,,," "
2012-09-12,,,,," ",,,,," ",1,1.28557,EUR,," ",,,,,," ",0.635803574,0.81737,NZD,,,,4.1,25," ",,,,,,,,," "
2012-09-13,,,,," ",,,,," ",1,1.28557,EUR,," ",,,,,," ",0.635803574,0.81737,NZD,,,,4,25," ",,,,,,,,," "
2012-09-14,,,,," ",,,,," ",1,1.28557,EUR,," ",,,,,," ",0.635803574,0.81737,NZD,,,,3.6,25," ",,,,,,,,," "
2012-09-17,,,,," ",,,,," ",1,1.28557,EUR,," ",,,,,," ",0.635803574,0.81737,NZD,,,,3.4,25," ",,,,,,,,," "
2012-09-18,,,,," ",,,,," ",1,1.28557,EUR,7.25," ",,,,,," ",0.635803574,0.81737,NZD,,,,3.3,25," ",,,,,,,,," "
2012-09-19,,,,," ",,,,," ",1,1.28557,EUR,," ",,,,,," ",0.635803574,0.81737,NZD,,,,2.9,25," ",,,,,,,,," "
2012-09-20,,,,," ",,,,," ",1,1.28557,EUR,," ",,,,,," ",0.635803574,0.81737,NZD,,,,2.95,25," ",,,,,,,,," "
2012-09-21,,,,," ",,,,," ",1,1.28557,EUR,," ",,,,,," ",0.635803574,0.81737,NZD,,,,3.2,25," ",,,,,,,,," "
2012-09-24,,,,," ",,,,," ",1,1.28557,EUR,," ",,,,,," ",0.635803574,0.81737,NZD,,,,3.32,25," ",,,,,,,,," "
2012-09-25,,,,," ",,,,," ",1,1.28557,EUR,7.21," ",,,,,," ",0.635803574,0.81737,NZD,,,,3.7,25," ",,,,,,,,," "
2012-09-26,,,,," ",,,,," ",1,1.28557,EUR,," ",,,,,," ",0.635803574,0.81737,NZD,,,,3.7,25," ",,,,,,,,," "
2012-09-27,,,,," ",,,,," ",1,1.28557,EUR,," ",,,,,," ",0.635803574,0.81737,NZD,,,,3.75,25," ",,,,,,,,," "
2012-09-28,,,,," ",,,,," ",1,1.28557,EUR,," ",,,,,," ",0.635803574,0.81737,NZD,,,,3.8,25," ",,,,,,,,," "
2012-10-01,,,,," ",,,,," ",1,1.297417391,EUR,," ",,,,,," ",0.631846149,0.819768182,NZD,,,,3.75,25," ",,,,,,,,," "
2012-10-02,,,,," ",,,,," ",1,1.297417391,EUR,7.79," ",,,,,," ",0.631846149,0.819768182,NZD,,,,3.85,25," ",,,,,,,,," "
2012-10-04,,,,," ",,,,," ",1,1.297417391,EUR,," ",,,,,," ",0.631846149,0.819768182,NZD,,,,3.5,25," ",,,,,,,,," "
2012-10-05,,,,," ",,,,," ",1,1.297417391,EUR,," ",,,,,," ",0.631846149,0.819768182,NZD,,,,3.55,25," ",,,,,,,,," "
2012-10-08,,,,," ",,,,," ",1,1.297417391,EUR,," ",,,,,," ",0.631846149,0.819768182,NZD,,,,3.52,25," ",,,,,,,,," "
2012-10-09,,,,," ",,,,," ",1,1.297417391,EUR,7.85," ",,,,,," ",0.631846149,0.819768182,NZD,,,,3.65,25," ",,,,,,,,," "
2012-10-10,,,,," ",,,,," ",1,1.297417391,EUR,," ",,,,,," ",0.631846149,0.819768182,NZD,,,,3.5,25," ",,,,,,,,," "
2012-10-11,,,,," ",,,,," ",1,1.297417391,EUR,7.59," ",,,,,," ",0.631846149,0.819768182,NZD,,,,3.4,25," ",,,,,,,,," "
2012-10-12,,,,," ",,,,," ",1,1.297417391,EUR,," ",,,,,," ",0.631846149,0.819768182,NZD,,,,3.3,25," ",,,,,,,,," "
2012-10-15,,,,," ",,,,," ",1,1.297417391,EUR,," ",,,,,," ",0.631846149,0.819768182,NZD,,,,3.2,25," ",,,,,,,,," "
2012-10-16,,,,," ",,,,," ",1,1.297417391,EUR,7.76," ",,,,,," ",0.631846149,0.819768182,NZD,,,,3,25," ",,,,,,,,," "
2012-10-17,,,,," ",,,,," ",1,1.297417391,EUR,," ",,,,,," ",0.631846149,0.819768182,NZD,,,,3.1,25," ",,,,,,,,," "
2012-10-18,,,,," ",,,,," ",1,1.297417391,EUR,," ",,,,,," ",0.631846149,0.819768182,NZD,,,,3.05,25," ",,,,,,,,," "
2012-10-19,,,,," ",,,,," ",1,1.297417391,EUR,," ",,,,,," ",0.631846149,0.819768182,NZD,,,,2.97,25," ",,,,,,,,," "
2012-10-22,,,,," ",,,,," ",1,1.297417391,EUR,," ",,,,,," ",,,,,,,,," ",,,,,,,,," "
2012-10-23,,,,," ",,,,," ",1,1.297417391,EUR,7.85," ",,,,,," ",0.631846149,0.819768182,NZD,,,,2.6,25," ",,,,,,,,," "
2012-10-24,,,,," ",,,,," ",1,1.297417391,EUR,," ",,,,,," ",0.631846149,0.819768182,NZD,,,,2.5,25," ",,,,,,,,," "
2012-10-25,,,,," ",,,,," ",1,1.297417391,EUR,," ",,,,,," ",0.631846149,0.819768182,NZD,,,,2.7,25," ",,,,,,,,," "
2012-10-26,,,,," ",,,,," ",1,1.297417391,EUR,7.54," ",,,,,," ",0.631846149,0.819768182,NZD,,,,2.62,25," ",,,,,,,,," "
2012-10-29,,,,," ",,,,," ",1,1.297417391,EUR,," ",,,,,," ",0.631846149,0.819768182,NZD,,,,2.62,25," ",,,,,,,,," "
2012-10-30,,,,," ",,,,," ",1,1.297417391,EUR,8.12," ",,,,,," ",0.631846149,0.819768182,NZD,,,,2.85,25," ",,,,,,,,," "
2012-10-31,,,,," ",,,,," ",1,1.297417391,EUR,7.01," ",,,,,," ",0.631846149,0.819768182,NZD,,,,3.07,25," ",,,,,,,,," "
2012-11-01,,,,," ",,,,," ",1,1.282772727,EUR,," ",,,,,," ",0.63861309,0.819195455,NZD,,,,3,25," ",,,,,,,,," "
2012-11-02,,,,," ",,,,," ",1,1.282772727,EUR,7.96," ",,,,,," ",0.63861309,0.819195455,NZD,,,,2.87,25," ",,,,,,,,," "
2012-11-05,,,,," ",,,,," ",1,1.282772727,EUR,," ",,,,,," ",0.63861309,0.819195455,NZD,,,,3,25," ",,,,,,,,," "
2012-11-06,,,,," ",,,,," ",1,1.282772727,EUR,8.24," ",,,,,," ",0.63861309,0.819195455,NZD,,,,2.97,25," ",,,,,,,,," "
2012-11-07,,,,," ",,,,," ",1,1.282772727,EUR,," ",,,,,," ",0.63861309,0.819195455,NZD,,,,2.87,25," ",,,,,,,,," "
2012-11-08,,,,," ",,,,," ",1,1.282772727,EUR,," ",,,,,," ",0.63861309,0.819195455,NZD,,,,2.85,25," ",,,,,,,,," "
2012-11-09,,,,," ",,,,," ",1,1.282772727,EUR,8.2," ",,,,,," ",0.63861309,0.819195455,NZD,,,,2.7,25," ",,,,,,,,," "
2012-11-12,,,,," ",,,,," ",1,1.282772727,EUR,," ",,,,,," ",0.63861309,0.819195455,NZD,,,,2.92,25," ",,,,,,,,," "
2012-11-13,,,,," ",,,,," ",1,1.282772727,EUR,8.49," ",,,,,," ",0.63861309,0.819195455,NZD,,,,3.07,25," ",,,,,,,,," "
2012-11-14,,,,," ",,,,," ",1,1.282772727,EUR,," ",,,,,," ",0.63861309,0.819195455,NZD,,,,2.6,25," ",,,,,,,,," "
2012-11-15,,,,," ",,,,," ",1,1.282772727,EUR,7.3," ",,,,,," ",0.63861309,0.819195455,NZD,,,,2.7,25," ",,,,,,,,," "
2012-11-16,,,,," ",,,,," ",1,1.282772727,EUR,6.75," ",,,,,," ",0.63861309,0.819195455,NZD,,,,2.77,25," ",,,,,,,,," "
2012-11-19,,,,," ",,,,," ",1,1.282772727,EUR,," ",,,,,," ",0.63861309,0.819195455,NZD,,,,2.8,25," ",,,,,,,,," "
2012-11-20,,,,," ",,,,," ",1,1.282772727,EUR,6.47," ",,,,,," ",0.63861309,0.819195455,NZD,,,,2.87,25," ",,,,,,,,," "
2012-11-21,,,,," ",,,,," ",1,1.282772727,EUR,," ",,,,,," ",0.63861309,0.819195455,NZD,,,,2.85,25," ",,,,,,,,," "
2012-11-22,,,,," ",,,,," ",1,1.282772727,EUR,6.64," ",,,,,," ",0.63861309,0.819195455,NZD,,,,2.92,25," ",,,,,,,,," "
2012-11-23,,,,," ",,,,," ",1,1.282772727,EUR,6.75," ",,,,,," ",0.63861309,0.819195455,NZD,,,,3.1,25," ",,,,,,,,," "
2012-11-26,,,,," ",,,,," ",1,1.282772727,EUR,," ",,,,,," ",0.63861309,0.819195455,NZD,,,,2.87,25," ",,,,,,,,," "
2012-11-27,,,,," ",,,,," ",1,1.282772727,EUR,6.7," ",,,,,," ",0.63861309,0.819195455,NZD,,,,2.87,25," ",,,,,,,,," "
2012-11-28,,,,," ",,,,," ",1,1.282772727,EUR,," ",,,,,," ",0.63861309,0.819195455,NZD,,,,2.75,25," ",,,,,,,,," "
2012-11-29,,,,," ",,,,," ",1,1.282772727,EUR,6.68," ",,,,,," ",0.63861309,0.819195455,NZD,,,,2.95,25," ",,,,,,,,," "
2012-11-30,,,,," ",,,,," ",1,1.282772727,EUR,6.23," ",,,,,," ",0.63861309,0.819195455,NZD,,,,2.8,25," ",,,,,,,,," "
2012-12-03,,,,," ",,,,," ",1,1.311936842,EUR,," ",,,,,," ",0.634020412,0.831794737,NZD,,,,2.8,25," ",,,,,,,,," "
2012-12-04,,,,," ",,,,," ",1,1.311936842,EUR,5.82," ",,,,,," ",0.634020412,0.831794737,NZD,,,,2.77,25," ",,,,,,,,," "
2012-12-05,,,,," ",,,,," ",1,1.311936842,EUR,," ",,,,,," ",0.634020412,0.831794737,NZD,,,,2.5,25," ",,,,,,,,," "
2012-12-06,,,,," ",,,,," ",1,1.311936842,EUR,6.3," ",,,,,," ",0.634020412,0.831794737,NZD,,,,2.5,25," ",,,,,,,,," "
2012-12-07,,,,," ",,,,," ",1,1.311936842,EUR,6.42," ",,,,,," ",0.634020412,0.831794737,NZD,,,,2.67,25," ",,,,,,,,," "
2012-12-10,,,,," ",,,,," ",1,1.311936842,EUR,6.63," ",,,,,," ",0.634020412,0.831794737,NZD,,,,2.7,25," ",,,,,,,,," "
2012-12-11,,,,," ",,,,," ",1,1.311936842,EUR,6.91," ",,,,,," ",0.634020412,0.831794737,NZD,,,,2.65,25," ",,,,,,,,," "
2012-12-12,,,,," ",,,,," ",1,1.311936842,EUR,," ",,,,,," ",0.634020412,0.831794737,NZD,,,,2.6,25," ",,,,,,,,," "
2012-12-13,,,,," ",,,,," ",1,1.311936842,EUR,6.55," ",,,,,," ",0.634020412,0.831794737,NZD,,,,2.5,25," ",,,,,,,,," "
2012-12-14,,,,," ",,,,," ",1,1.311936842,EUR,6.57," ",,,,,," ",0.634020412,0.831794737,NZD,,,,2.5,25," ",,,,,,,,," "
2012-12-17,,,,," ",,,,," ",1,1.311936842,EUR,6.29," ",,,,,," ",0.634020412,0.831794737,NZD,,,,2.5,25," ",,,,,,,,," "
2012-12-18,,,,," ",,,,," ",1,1.311936842,EUR,6.45," ",,,,,," ",0.634020412,0.831794737,NZD,,,,2.55,25," ",,,,,,,,," "
2012-12-19,,,,," ",,,,," ",1,1.311936842,EUR,," ",,,,,," ",0.634020412,0.831794737,NZD,,,,2.5,25," ",,,,,,,,," "
2012-12-20,,,,," ",,,,," ",1,1.311936842,EUR,," ",,,,,," ",0.634020412,0.831794737,NZD,,,,2.5,25," ",,,,,,,,," "
2012-12-21,,,,," ",,,,," ",1,1.311936842,EUR,," ",,,,,," ",0.634020412,0.831794737,NZD,,,,2.7,25," ",,,,,,,,," "
2012-12-27,,,,," ",,,,," ",1,1.311936842,EUR,," ",,,,,," ",0.634020412,0.831794737,NZD,,,,2.7,25," ",,,,,,,,," "
2012-12-28,,,,," ",,,,," ",1,1.311936842,EUR,," ",,,,,," ",0.634020412,0.831794737,NZD,,,,2.7,25," ",,,,,,,,," "
2013-01-02,,,,," ",,,,," ",1,1.328804545,EUR,," ",,,,,," ",,,,,,,,," ",,,,,,,,," "
2013-01-03,,,,," ",,,,," ",1,1.328804545,EUR,," ",,,,,," ",0.630237086,0.837461905,NZD,,,,2.7,25," ",,,,,,,,," "
2013-01-04,,,,," ",,,,," ",1,1.328804545,EUR,," ",,,,,," ",0.630237086,0.837461905,NZD,,,,2.7,25," ",,,,,,,,," "
2013-01-07,,,,," ",,,,," ",1,1.328804545,EUR,6.18," ",,,,,," ",0.630237086,0.837461905,NZD,,,,2.7,25," ",,,,,,,,," "
2013-01-08,,,,," ",,,,," ",1,1.328804545,EUR,6.35," ",,,,,," ",0.630237086,0.837461905,NZD,,,,2.67,25," ",,,,,,,,," "
2013-01-09,,,,," ",,,,," ",1,1.328804545,EUR,," ",,,,,," ",0.630237086,0.837461905,NZD,,,,2.67,25," ",,,,,,,,," "
2013-01-10,,,,," ",,,,," ",1,1.328804545,EUR,5.93," ",,,,,," ",0.630237086,0.837461905,NZD,,,,2.67,25," ",,,,,,,,," "
2013-01-11,,,,," ",,,,," ",1,1.328804545,EUR,5.75," ",,,,,," ",0.630237086,0.837461905,NZD,,,,2.67,25," ",,,,,,,,," "
2013-01-14,,,,," ",,,,," ",1,1.328804545,EUR,5.55," ",,,,,," ",0.630237086,0.837461905,NZD,,,,2.5,25," ",,,,,,,,," "
2013-01-15,,,,," ",,,,," ",1,1.328804545,EUR,5.77," ",,,,,," ",0.630237086,0.837461905,NZD,,,,2.67,25," ",,,,,,,,," "
2013-01-16,,,,," ",,,,," ",1,1.328804545,EUR,," ",,,,,," ",0.630237086,0.837461905,NZD,,,,2.67,25," ",,,,,,,,," "
2013-01-17,,,,," ",,,,," ",1,1.328804545,EUR,5.36," ",,,,,," ",0.630237086,0.837461905,NZD,,,,2.75,25," ",,,,,,,,," "
2013-01-18,,,,," ",,,,," ",1,1.328804545,EUR,," ",,,,,," ",0.630237086,0.837461905,NZD,,,,2.67,25," ",,,,,,,,," "
2013-01-21,,,,," ",,,,," ",1,1.328804545,EUR,4.7," ",,,,,," ",,,,,,,,," ",,,,,,,,," "
2013-01-22,,,,," ",,,,," ",1,1.328804545,EUR,4.88," ",,,,,," ",0.630237086,0.837461905,NZD,,,,2.5,25," ",,,,,,,,," "
2013-01-23,,,,," ",,,,," ",1,1.328804545,EUR,," ",,,,,," ",0.630237086,0.837461905,NZD,,,,2.47,25," ",,,,,,,,," "
2013-01-24,,,,," ",,,,," ",1,1.328804545,EUR,4.58," ",,,,,," ",0.630237086,0.837461905,NZD,,,,2.62,25," ",,,,,,,,," "
2013-01-25,,,,," ",,,,," ",1,1.328804545,EUR,3.88," ",,,,,," ",0.630237086,0.837461905,NZD,,,,2.6,25," ",,,,,,,,," "
2013-01-28,,,,," ",,,,," ",1,1.328804545,EUR,3.9," ",,,,,," ",,,,,,,,," ",,,,,,,,," "
2013-01-29,,,,," ",,,,," ",1,1.328804545,EUR,3.88," ",,,,,," ",0.630237086,0.837461905,NZD,,,,2.4,25," ",,,,,,,,," "
2013-01-30,,,,," ",,,,," ",1,1.328804545,EUR,," ",,,,,," ",0.630237086,0.837461905,NZD,,,,2.5,25," ",,,,,,,,," "
2013-01-31,,,,," ",,,,," ",1,1.328804545,EUR,3.43," ",,,,,," ",0.630237086,0.837461905,NZD,,,,2.45,25," ",,,,,,,,," "
2013-02-01,,,,," ",,,,," ",1,1.335905,EUR,3.15," ",,,,,," ",0.627969724,0.838907895,NZD,,,,2.37,25," ",,,,,,,,," "
2013-02-04,,,,," ",,,,," ",1,1.335905,EUR,4," ",,,,,," ",0.627969724,0.838907895,NZD,,,,2.5,25," ",,,,,,,,," "
2013-02-05,,,,," ",,,,," ",1,1.335905,EUR,4.1," ",,,,,," ",0.627969724,0.838907895,NZD,,,,2.42,25," ",,,,,,,,," "
2013-02-06,,,,," ",,,,," ",1,1.335905,EUR,," ",,,,,," ",,,,,,,,," ",,,,,,,,," "
2013-02-07,,,,," ",,,,," ",1,1.335905,EUR,4.24," ",,,,,," ",0.627969724,0.838907895,NZD,,,,2.42,25," ",,,,,,,,," "
2013-02-08,,,,," ",,,,," ",1,1.335905,EUR,4.32," ",,,,,," ",0.627969724,0.838907895,NZD,,,,2.42,25," ",,,,,,,,," "
2013-02-11,,,,," ",,,,," ",1,1.335905,EUR,4.19," ",,,,,," ",0.627969724,0.838907895,NZD,,,,2.42,25," ",,,,,,,,," "
2013-02-12,,,,," ",,,,," ",1,1.335905,EUR,4.44," ",,,,,," ",0.627969724,0.838907895,NZD,,,,2.3,25," ",,,,,,,,," "
2013-02-13,,,,," ",,,,," ",1,1.335905,EUR,," ",,,,,," ",0.627969724,0.838907895,NZD,,,,2.4,25," ",,,,,,,,," "
2013-02-14,,,,," ",,,,," ",1,1.335905,EUR,5," ",,,,,," ",0.627969724,0.838907895,NZD,,,,2,25," ",,,,,,,,," "
2013-02-15,,,,," ",,,,," ",1,1.335905,EUR,4.96," ",,,,,," ",0.627969724,0.838907895,NZD,,,,1.5,25," ",,,,,,,,," "
2013-02-18,,,,," ",,,,," ",1,1.335905,EUR,5.14," ",,,,,," ",0.627969724,0.838907895,NZD,,,,1.45,25," ",,,,,,,,," "
2013-02-19,,,,," ",,,,," ",1,1.335905,EUR,4.31," ",,,,,," ",0.627969724,0.838907895,NZD,,,,1.45,25," ",,,,,,,,," "
2013-02-20,,,,," ",,,,," ",1,1.335905,EUR,," ",,,,,," ",0.627969724,0.838907895,NZD,,,,1.6,25," ",,,,,,,,," "
2013-02-21,,,,," ",,,,," ",1,1.335905,EUR,4.68," ",,,,,," ",0.627969724,0.838907895,NZD,,,,1.75,25," ",,,,,,,,," "
2013-02-22,,,,," ",,,,," ",1,1.335905,EUR,," ",,,,,," ",0.627969724,0.838907895,NZD,,,,1.85,25," ",,,,,,,,," "
2013-02-25,,,,," ",,,,," ",1,1.335905,EUR,4.76," ",,,,,," ",0.627969724,0.838907895,NZD,,,,1.85,25," ",,,,,,,,," "
2013-02-26,,,,," ",,,,," ",1,1.335905,EUR,4.29," ",,,,,," ",0.627969724,0.838907895,NZD,,,,1.67,25," ",,,,,,,,," "
2013-02-27,,,,," ",,,,," ",1,1.335905,EUR,," ",,,,,," ",0.627969724,0.838907895,NZD,,,,1.65,25," ",,,,,,,,," "
2013-02-28,,,,," ",,,,," ",1,1.335905,EUR,4.38," ",,,,,," ",0.627969724,0.838907895,NZD,,,,1.5,25," ",,,,,,,,," "
2013-03-01,,,,," ",,,,," ",1,1.29636,EUR,4.64," ",,,,,," ",0.638582261,0.8278325,NZD,,,,1.55,25," ",,,,,,,,," "
2013-03-04,,,,," ",,,,," ",1,1.29636,EUR,4.54," ",,,,,," ",0.638582261,0.8278325,NZD,,,,1.73,25," ",,,,,,,,," "
2013-03-05,,,,," ",,,,," ",1,1.29636,EUR,4.34," ",,,,,," ",0.638582261,0.8278325,NZD,,,,1.73,25," ",,,,,,,,," "
2013-03-06,,,,," ",,,,," ",1,1.29636,EUR,," ",,,,,," ",0.638582261,0.8278325,NZD,,,,1.85,25," ",,,,,,,,," "
2013-03-07,,,,," ",,,,," ",1,1.29636,EUR,4.12," ",,,,,," ",0.638582261,0.8278325,NZD,,,,1.85,25," ",,,,,,,,," "
2013-03-08,,,,," ",,,,," ",1,1.29636,EUR,4.15," ",,,,,," ",0.638582261,0.8278325,NZD,,,,2.05,25," ",,,,,,,,," "
2013-03-11,,,,," ",,,,," ",1,1.29636,EUR,4.01," ",,,,,," ",0.638582261,0.8278325,NZD,,,,2.05,25," ",,,,,,,,," "
2013-03-12,,,,," ",,,,," ",1,1.29636,EUR,3.66," ",,,,,," ",0.638582261,0.8278325,NZD,,,,2.05,25," ",,,,,,,,," "
2013-03-13,,,,," ",,,,," ",1,1.29636,EUR,," ",,,,,," ",0.638582261,0.8278325,NZD,,,,2.05,25," ",,,,,,,,," "
2013-03-14,,,,," ",,,,," ",1,1.29636,EUR,3.36," ",,,,,," ",0.638582261,0.8278325,NZD,,,,2.05,25," ",,,,,,,,," "
2013-03-15,,,,," ",,,,," ",1,1.29636,EUR,3.47," ",,,,,," ",0.638582261,0.8278325,NZD,,,,2.05,25," ",,,,,,,,," "
2013-03-18,,,,," ",,,,," ",1,1.29636,EUR,3.47," ",,,,,," ",0.638582261,0.8278325,NZD,,,,2.05,25," ",,,,,,,,," "
2013-03-19,,,,," ",,,,," ",1,1.29636,EUR,3.32," ",,,,,," ",0.638582261,0.8278325,NZD,,,,2.05,25," ",,,,,,,,," "
2013-03-20,,,,," ",,,,," ",1,1.29636,EUR,3.67," ",,,,,," ",0.638582261,0.8278325,NZD,,,,2.09,25," ",,,,,,,,," "
2013-03-21,,,,," ",,,,," ",1,1.29636,EUR,4.06," ",,,,,," ",0.638582261,0.8278325,NZD,,,,2,25," ",,,,,,,,," "
2013-03-22,,,,," ",,,,," ",1,1.29636,EUR,4.23," ",,,,,," ",0.638582261,0.8278325,NZD,,,,2,25," ",,,,,,,,," "
2013-03-25,,,,," ",,,,," ",1,1.29636,EUR,4.1," ",,,,,," ",0.638582261,0.8278325,NZD,,,,2,25," ",,,,,,,,," "
2013-03-26,,,,," ",,,,," ",1,1.29636,EUR,4.72," ",,,,,," ",0.638582261,0.8278325,NZD,,,,2.1,25," ",,,,,,,,," "
2013-03-27,,,,," ",,,,," ",1,1.29636,EUR,," ",,,,,," ",0.638582261,0.8278325,NZD,,,,2,25," ",,,,,,,,," "
2013-03-28,,,,," ",,,,," ",1,1.29636,EUR,4.72," ",,,,,," ",0.638582261,0.8278325,NZD,,,,2.05,25," ",,,,,,,,," "
2013-04-02,,,,," ",,,,," ",1,1.3026,EUR,4.4," ",,,,,," ",0.650445263,0.84727,NZD,,,,2.05,25," ",,,,,,,,," "
2013-04-03,,,,," ",,,,," ",1,1.3026,EUR,," ",,,,,," ",0.650445263,0.84727,NZD,,,,2.05,25," ",,,,,,,,," "
2013-04-04,,,,," ",,,,," ",1,1.3026,EUR,4.69," ",,,,,," ",0.650445263,0.84727,NZD,,,,2.03,25," ",,,,,,,,," "
2013-04-05,,,,," ",,,,," ",1,1.3026,EUR,5.05," ",,,,,," ",0.650445263,0.84727,NZD,,,,2.03,25," ",,,,,,,,," "
2013-04-08,,,,," ",,,,," ",1,1.3026,EUR,4.98," ",,,,,," ",0.650445263,0.84727,NZD,,,,2.05,25," ",,,,,,,,," "
2013-04-09,,,,," ",,,,," ",1,1.3026,EUR,4.9," ",,,,,," ",0.650445263,0.84727,NZD,,,,2.05,25," ",,,,,,,,," "
2013-04-10,,,,," ",,,,," ",1,1.3026,EUR,," ",,,,,," ",0.650445263,0.84727,NZD,,,,2.12,25," ",,,,,,,,," "
2013-04-11,,,,," ",,,,," ",1,1.3026,EUR,4.3," ",,,,,," ",0.650445263,0.84727,NZD,,,,2.18,25," ",,,,,,,,," "
2013-04-12,,,,," ",,,,," ",1,1.3026,EUR,4.4," ",,,,,," ",0.650445263,0.84727,NZD,,,,2.2,25," ",,,,,,,,," "
2013-04-15,,,,," ",,,,," ",1,1.3026,EUR,4.68," ",,,,,," ",0.650445263,0.84727,NZD,,,,2.25,25," ",,,,,,,,," "
2013-04-16,,,,," ",,,,," ",1,1.3026,EUR,4.67," ",,,,,," ",0.650445263,0.84727,NZD,,,,2.27,25," ",,,,,,,,," "
2013-04-17,,,,," ",,,,," ",1,1.3026,EUR,," ",,,,,," ",0.650445263,0.84727,NZD,,,,2.27,25," ",,,,,,,,," "
2013-04-18,,,,," ",,,,," ",1,1.3026,EUR,2.75," ",,,,,," ",0.650445263,0.84727,NZD,,,,2.12,25," ",,,,,,,,," "
2013-04-19,,,,," ",,,,," ",1,1.3026,EUR,3.1," ",,,,,," ",0.650445263,0.84727,NZD,,,,2.1,25," ",,,,,,,,," "
2013-04-22,,,,," ",,,,," ",1,1.3026,EUR,2.77," ",,,,,," ",0.650445263,0.84727,NZD,,,,2.1,25," ",,,,,,,,," "
2013-04-23,,,,," ",,,,," ",1,1.3026,EUR,2.76," ",,,,,," ",0.650445263,0.84727,NZD,,,,2,25," ",,,,,,,,," "
2013-04-24,,,,," ",,,,," ",1,1.3026,EUR,2.99," ",,,,,," ",0.650445263,0.84727,NZD,,,,2,25," ",,,,,,,,," "
2013-04-25,,,,," ",,,,," ",1,1.3026,EUR,2.95," ",,,,,," ",,,,,,,,," ",,,,,,,,," "
2013-04-26,,,,," ",,,,," ",1,1.3026,EUR,2.95," ",,,,,," ",0.650445263,0.84727,NZD,,,,2,25," ",,,,,,,,," "
2013-04-29,,,,," ",,,,," ",1,1.3026,EUR,3.04," ",,,,,," ",0.650445263,0.84727,NZD,,,,2,25," ",,,,,,,,," "
2013-04-30,,,,," ",,,,," ",1,1.3026,EUR,3.23," ",,,,,," ",0.650445263,0.84727,NZD,,,,1.97,25," ",,,,,,,,," "
2013-05-02,,,,," ",,,,," ",1,1.298204545,EUR,2.9," ",,,,,," ",0.636760713,0.826645652,NZD,,,,2,25," ",,,,,,,,," "
2013-05-03,,,,," ",,,,," ",1,1.298204545,EUR,2.95," ",,,,,," ",0.636760713,0.826645652,NZD,,,,2,25," ",,,,,,,,," "
2013-05-06,,,,," ",,,,," ",1,1.298204545,EUR,3.65," ",,,,,," ",0.636760713,0.826645652,NZD,,,,2,25," ",,,,,,,,," "
2013-05-07,,,,," ",,,,," ",1,1.298204545,EUR,3.68," ",,,,,," ",0.636760713,0.826645652,NZD,,,,2,25," ",,,,,,,,," "
2013-05-08,,,,," ",,,,," ",1,1.298204545,EUR,," ",,,,,," ",0.636760713,0.826645652,NZD,,,,2.03,25," ",,,,,,,,," "
2013-05-10,,,,," ",,,,," ",1,1.298204545,EUR,3.52," ",,,,,," ",0.636760713,0.826645652,NZD,,,,2.02,25," ",,,,,,,,," "
2013-05-13,,,,," ",,,,," ",1,1.298204545,EUR,3.23," ",,,,,," ",0.636760713,0.826645652,NZD,,,,2.02,25," ",,,,,,,,," "
2013-05-14,,,,," ",,,,," ",1,1.298204545,EUR,3.23," ",,,,,," ",0.636760713,0.826645652,NZD,,,,1.97,25," ",,,,,,,,," "
2013-05-15,,,,," ",,,,," ",1,1.298204545,EUR,," ",,,,,," ",0.636760713,0.826645652,NZD,,,,1.97,25," ",,,,,,,,," "
2013-05-16,,,,," ",,,,," ",1,1.298204545,EUR,3.47," ",,,,,," ",0.636760713,0.826645652,NZD,,,,1.97,25," ",,,,,,,,," "
2013-05-17,,,,," ",,,,," ",1,1.298204545,EUR,3.55," ",,,,,," ",0.636760713,0.826645652,NZD,,,,1.97,25," ",,,,,,,,," "
2013-05-21,,,,," ",,,,," ",1,1.298204545,EUR,3.49," ",,,,,," ",0.636760713,0.826645652,NZD,,,,1.98,25," ",,,,,,,,," "
2013-05-22,,,,," ",,,,," ",1,1.298204545,EUR,," ",,,,,," ",0.636760713,0.826645652,NZD,,,,1.98,25," ",,,,,,,,," "
2013-05-23,,,,," ",,,,," ",1,1.298204545,EUR,3.2," ",,,,,," ",0.636760713,0.826645652,NZD,,,,1.98,25," ",,,,,,,,," "
2013-05-24,,,,," ",,,,," ",1,1.298204545,EUR,3.3," ",,,,,," ",0.636760713,0.826645652,NZD,,,,1.98,25," ",,,,,,,,," "
2013-05-27,,,,," ",,,,," ",1,1.298204545,EUR,3.41," ",,,,,," ",0.636760713,0.826645652,NZD,,,,1.98,25," ",,,,,,,,," "
2013-05-28,,,,," ",,,,," ",1,1.298204545,EUR,3.5," ",,,,,," ",0.636760713,0.826645652,NZD,,,,1.97,25," ",,,,,,,,," "
2013-05-29,,,,," ",,,,," ",1,1.298204545,EUR,," ",,,,,," ",0.636760713,0.826645652,NZD,,,,1.9,25," ",,,,,,,,," "
2013-05-30,,,,," ",,,,," ",1,1.298204545,EUR,3.65," ",,,,,," ",0.636760713,0.826645652,NZD,,,,1.9,25," ",,,,,,,,," "
2013-05-31,,,,," ",,,,," ",1,1.298204545,EUR,3.96," ",,,,,," ",0.636760713,0.826645652,NZD,,,,1.9,25," ",,,,,,,,," "
2013-06-03,,,,," ",,,,," ",1,1.318875,EUR,3.8," ",,,,,," ",,,,,,,,," ",,,,,,,,," "
2013-06-04,,,,," ",,,,," ",1,1.318875,EUR,3.9," ",,,,,," ",0.599585971,0.790778947,NZD,,,,1.92,25," ",,,,,,,,," "
2013-06-05,,,,," ",,,,," ",1,1.318875,EUR,," ",,,,,," ",0.599585971,0.790778947,NZD,,,,2.05,25," ",,,,,,,,," "
2013-06-06,,,,," ",,,,," ",1,1.318875,EUR,3.9," ",,,,,," ",0.599585971,0.790778947,NZD,,,,2.04,25," ",,,,,,,,," "
2013-06-07,,,,," ",,,,," ",1,1.318875,EUR,4.12," ",,,,,," ",0.599585971,0.790778947,NZD,,,,1.8,25," ",,,,,,,,," "
2013-06-10,,,,," ",,,,," ",1,1.318875,EUR,4.14," ",,,,,," ",0.599585971,0.790778947,NZD,,,,1.85,25," ",,,,,,,,," "
2013-06-11,,,,," ",,,,," ",1,1.318875,EUR,3.97," ",,,,,," ",0.599585971,0.790778947,NZD,,,,1.75,25," ",,,,,,,,," "
2013-06-12,,,,," ",,,,," ",1,1.318875,EUR,," ",,,,,," ",0.599585971,0.790778947,NZD,,,,1.75,25," ",,,,,,,,," "
2013-06-13,,,,," ",,,,," ",1,1.318875,EUR,4.55," ",,,,,," ",0.599585971,0.790778947,NZD,,,,1.8,25," ",,,,,,,,," "
2013-06-14,,,,," ",,,,," ",1,1.318875,EUR,4.4," ",,,,,," ",0.599585971,0.790778947,NZD,,,,1.75,25," ",,,,,,,,," "
2013-06-17,,,,," ",,,,," ",1,1.318875,EUR,4.65," ",,,,,," ",0.599585971,0.790778947,NZD,,,,1.78,25," ",,,,,,,,," "
2013-06-18,,,,," ",,,,," ",1,1.318875,EUR,4.63," ",,,,,," ",0.599585971,0.790778947,NZD,,,,1.77,25," ",,,,,,,,," "
2013-06-19,,,,," ",,,,," ",1,1.318875,EUR,," ",,,,,," ",0.599585971,0.790778947,NZD,,,,1.78,25," ",,,,,,,,," "
2013-06-20,,,,," ",,,,," ",1,1.318875,EUR,4.3," ",,,,,," ",0.599585971,0.790778947,NZD,,,,1.78,25," ",,,,,,,,," "
2013-06-21,,,,," ",,,,," ",1,1.318875,EUR,4.33," ",,,,,," ",0.599585971,0.790778947,NZD,,,,1.75,25," ",,,,,,,,," "
2013-06-24,,,,," ",,,,," ",1,1.318875,EUR,4.19," ",,,,,," ",0.599585971,0.790778947,NZD,,,,1.77,25," ",,,,,,,,," "
2013-06-25,,,,," ",,,,," ",1,1.318875,EUR,4.04," ",,,,,," ",0.599585971,0.790778947,NZD,,,,1.79,25," ",,,,,,,,," "
2013-06-26,,,,," ",,,,," ",1,1.318875,EUR,," ",,,,,," ",0.599585971,0.790778947,NZD,,,,1.83,25," ",,,,,,,,," "
2013-06-27,,,,," ",,,,," ",1,1.318875,EUR,4.31," ",,,,,," ",0.599585971,0.790778947,NZD,,,,1.85,25," ",,,,,,,,," "
2013-06-28,,,,," ",,,,," ",1,1.318875,EUR,4.31," ",,,,,," ",0.599585971,0.790778947,NZD,,,,1.9,25," ",,,,,,,,," "
2013-07-01,,,,," ",,,,," ",1,1.308013043,EUR,4.06," ",,,,,," ",0.602769551,0.788430435,NZD,,,,1.9,25," ",,,,,,,,," "
2013-07-02,,,,," ",,,,," ",1,1.308013043,EUR,4.23," ",,,,,," ",0.602769551,0.788430435,NZD,,,,1.9,25," ",,,,,,,,," "
2013-07-03,,,,," ",,,,," ",1,1.308013043,EUR,," ",,,,,," ",0.602769551,0.788430435,NZD,,,,1.93,25," ",,,,,,,,," "
2013-07-04,,,,," ",,,,," ",1,1.308013043,EUR,4.55," ",,,,,," ",0.602769551,0.788430435,NZD,,,,1.93,25," ",,,,,,,,," "
2013-07-05,,,,," ",,,,," ",1,1.308013043,EUR,4.4," ",,,,,," ",0.602769551,0.788430435,NZD,,,,1.95,25," ",,,,,,,,," "
2013-07-08,,,,," ",,,,," ",1,1.308013043,EUR,4.16," ",,,,,," ",0.602769551,0.788430435,NZD,,,,1.95,25," ",,,,,,,,," "
2013-07-09,,,,," ",,,,," ",1,1.308013043,EUR,4.2," ",,,,,," ",0.602769551,0.788430435,NZD,,,,1.95,25," ",,,,,,,,," "
2013-07-10,,,,," ",,,,," ",1,1.308013043,EUR,," ",,,,,," ",0.602769551,0.788430435,NZD,,,,2.05,25," ",,,,,,,,," "
2013-07-11,,,,," ",,,,," ",1,1.308013043,EUR,4.06," ",,,,,," ",0.602769551,0.788430435,NZD,,,,2.1,25," ",,,,,,,,," "
2013-07-12,,,,," ",,,,," ",1,1.308013043,EUR,3.95," ",,,,,," ",0.602769551,0.788430435,NZD,,,,2.1,25," ",,,,,,,,," "
2013-07-15,,,,," ",,,,," ",1,1.308013043,EUR,3.99," ",,,,,," ",0.602769551,0.788430435,NZD,,,,2.1,25," ",,,,,,,,," "
2013-07-16,,,,," ",,,,," ",1,1.308013043,EUR,4.11," ",,,,,," ",0.602769551,0.788430435,NZD,,,,2.1,25," ",,,,,,,,," "
2013-07-17,,,,," ",,,,," ",1,1.308013043,EUR,," ",,,,,," ",0.602769551,0.788430435,NZD,,,,2.1,25," ",,,,,,,,," "
2013-07-18,,,,," ",,,,," ",1,1.308013043,EUR,4.1," ",,,,,," ",0.602769551,0.788430435,NZD,,,,2.1,25," ",,,,,,,,," "
2013-07-19,,,,," ",,,,," ",1,1.308013043,EUR,4.06," ",,,,,," ",0.602769551,0.788430435,NZD,,,,2.1,25," ",,,,,,,,," "
2013-07-22,,,,," ",,,,," ",1,1.308013043,EUR,4.1," ",,,,,," ",0.602769551,0.788430435,NZD,,,,2.1,25," ",,,,,,,,," "
2013-07-23,,,,," ",,,,," ",1,1.308013043,EUR,4.26," ",,,,,," ",0.602769551,0.788430435,NZD,,,,2.1,25," ",,,,,,,,," "
2013-07-24,,,,," ",,,,," ",1,1.308013043,EUR,," ",,,,,," ",0.602769551,0.788430435,NZD,,,,2.1,25," ",,,,,,,,," "
2013-07-25,,,,," ",,,,," ",1,1.308013043,EUR,4.3," ",,,,,," ",0.602769551,0.788430435,NZD,,,,2.09,25," ",,,,,,,,," "
2013-07-26,,,,," ",,,,," ",1,1.308013043,EUR,4.28," ",,,,,," ",0.602769551,0.788430435,NZD,,,,2.1,25," ",,,,,,,,," "
2013-07-29,,,,," ",,,,," ",1,1.308013043,EUR,4.24," ",,,,,," ",0.602769551,0.788430435,NZD,,,,2.1,25," ",,,,,,,,," "
2013-07-30,,,,," ",,,,," ",1,1.308013043,EUR,4.33," ",,,,,," ",0.602769551,0.788430435,NZD,,,,2.1,25," ",,,,,,,,," "
2013-07-31,,,,," ",,,,," ",1,1.308013043,EUR,," ",,,,,," ",0.602769551,0.788430435,NZD,,,,2.15,25," ",,,,,,,,," "
2013-08-01,,,,," ",,,,," ",1,1.33095,EUR,4.36," ",,,,,," ",0.595239559,0.792234091,NZD,,,,2.15,25," ",,,,,,,,," "
2013-08-02,,,,," ",,,,," ",1,1.33095,EUR,4.3," ",,,,,," ",0.595239559,0.792234091,NZD,,,,2.15,25," ",,,,,,,,," "
2013-08-05,,,,," ",,,,," ",1,1.33095,EUR,4.4," ",,,,,," ",0.595239559,0.792234091,NZD,,,,2.25,25," ",,,,,,,,," "
2013-08-06,,,,," ",,,,," ",1,1.33095,EUR,4.39," ",,,,,," ",0.595239559,0.792234091,NZD,,,,2.3,25," ",,,,,,,,," "
2013-08-07,,,,," ",,,,," ",1,1.33095,EUR,," ",,,,,," ",0.595239559,0.792234091,NZD,,,,2.3,25," ",,,,,,,,," "
2013-08-08,,,,," ",,,,," ",1,1.33095,EUR,4.43," ",,,,,," ",0.595239559,0.792234091,NZD,,,,2.3,25," ",,,,,,,,," "
2013-08-09,,,,," ",,,,," ",1,1.33095,EUR,4.48," ",,,,,," ",0.595239559,0.792234091,NZD,,,,2.55,25," ",,,,,,,,," "
2013-08-12,,,,," ",,,,," ",1,1.33095,EUR,4.4," ",,,,,," ",0.595239559,0.792234091,NZD,,,,2.55,25," ",,,,,,,,," "
2013-08-13,,,,," ",,,,," ",1,1.33095,EUR,4.28," ",,,,,," ",0.595239559,0.792234091,NZD,,,,2.6,25," ",,,,,,,,," "
2013-08-14,,,,," ",,,,," ",1,1.33095,EUR,," ",,,,,," ",0.595239559,0.792234091,NZD,,,,2.6,25," ",,,,,,,,," "
2013-08-15,,,,," ",,,,," ",1,1.33095,EUR,," ",,,,,," ",0.595239559,0.792234091,NZD,,,,2.67,25," ",,,,,,,,," "
2013-08-16,,,,," ",,,,," ",1,1.33095,EUR,4.33," ",,,,,," ",0.595239559,0.792234091,NZD,,,,2.67,25," ",,,,,,,,," "
2013-08-19,,,,," ",,,,," ",1,1.33095,EUR,4.31," ",,,,,," ",0.595239559,0.792234091,NZD,,,,2.8,25," ",,,,,,,,," "
2013-08-20,,,,," ",,,,," ",1,1.33095,EUR,4.28," ",,,,,," ",0.595239559,0.792234091,NZD,,,,2.8,25," ",,,,,,,,," "
2013-08-21,,,,," ",,,,," ",1,1.33095,EUR,," ",,,,,," ",0.595239559,0.792234091,NZD,,,,2.8,25," ",,,,,,,,," "
2013-08-22,,,,," ",,,,," ",1,1.33095,EUR,4.43," ",,,,,," ",0.595239559,0.792234091,NZD,,,,3,25," ",,,,,,,,," "
2013-08-23,,,,," ",,,,," ",1,1.33095,EUR,4.49," ",,,,,," ",0.595239559,0.792234091,NZD,,,,3.42,25," ",,,,,,,,," "
2013-08-26,,,,," ",,,,," ",1,1.33095,EUR,," ",,,,,," ",0.595239559,0.792234091,NZD,,,,4.85,25," ",,,,,,,,," "
2013-08-27,,,,," ",,,,," ",1,1.33095,EUR,4.44," ",,,,,," ",0.595239559,0.792234091,NZD,,,,4.65,25," ",,,,,,,,," "
2013-08-28,,,,," ",,,,," ",1,1.33095,EUR,," ",,,,,," ",0.595239559,0.792234091,NZD,,,,4.6,25," ",,,,,,,,," "
2013-08-29,,,,," ",,,,," ",1,1.33095,EUR,4.57," ",,,,,," ",0.595239559,0.792234091,NZD,,,,4.5,25," ",,,,,,,,," "
2013-08-30,,,,," ",,,,," ",1,1.33095,EUR,4.54," ",,,,,," ",0.595239559,0.792234091,NZD,,,,4.25,25," ",,,,,,,,," "
2013-09-02,,,,," ",,,,," ",1,1.334790476,EUR,4.49," ",,,,,," ",0.608716902,0.812509524,NZD,,,,4.21,25," ",,,,,,,,," "
2013-09-03,,,,," ",,,,," ",1,1.334790476,EUR,4.38," ",,,,,," ",0.608716902,0.812509524,NZD,,,,3.9,25," ",,,,,,,,," "
2013-09-04,,,,," ",,,,," ",1,1.334790476,EUR,," ",,,,,," ",0.608716902,0.812509524,NZD,,,,4.07,25," ",,,,,,,,," "
2013-09-05,,,,," ",,,,," ",1,1.334790476,EUR,4.75," ",,,,,," ",0.608716902,0.812509524,NZD,,,,4.2,25," ",,,,,,,,," "
2013-09-06,,,,," ",,,,," ",1,1.334790476,EUR,5.05," ",,,,,," ",0.608716902,0.812509524,NZD,,,,4.3,25," ",,,,,,,,," "
2013-09-09,,,,," ",,,,," ",1,1.334790476,EUR,5.38," ",,,,,," ",0.608716902,0.812509524,NZD,,,,4.3,25," ",,,,,,,,," "
2013-09-10,,,,," ",,,,," ",1,1.334790476,EUR,5.13," ",,,,,," ",0.608716902,0.812509524,NZD,,,,4.2,25," ",,,,,,,,," "
2013-09-11,,,,," ",,,,," ",1,1.334790476,EUR,," ",,,,,," ",0.608716902,0.812509524,NZD,,,,4,25," ",,,,,,,,," "
2013-09-12,,,,," ",,,,," ",1,1.334790476,EUR,5.3," ",,,,,," ",0.608716902,0.812509524,NZD,,,,4,25," ",,,,,,,,," "
2013-09-13,,,,," ",,,,," ",1,1.334790476,EUR,5.37," ",,,,,," ",0.608716902,0.812509524,NZD,,,,4.4,25," ",,,,,,,,," "
2013-09-16,,,,," ",,,,," ",1,1.334790476,EUR,5.42," ",,,,,," ",0.608716902,0.812509524,NZD,,,,4.6,25," ",,,,,,,,," "
2013-09-17,,,,," ",,,,," ",1,1.334790476,EUR,5.44," ",,,,,," ",0.608716902,0.812509524,NZD,,,,4.6,25," ",,,,,,,,," "
2013-09-18,,,,," ",,,,," ",1,1.334790476,EUR,," ",,,,,," ",0.608716902,0.812509524,NZD,,,,4.8,25," ",,,,,,,,," "
2013-09-19,,,,," ",,,,," ",1,1.334790476,EUR,5.4," ",,,,,," ",0.608716902,0.812509524,NZD,,,,4.9,25," ",,,,,,,,," "
2013-09-20,,,,," ",,,,," ",1,1.334790476,EUR,5.3," ",,,,,," ",0.608716902,0.812509524,NZD,,,,4.85,25," ",,,,,,,,," "
2013-09-23,,,,," ",,,,," ",1,1.334790476,EUR,5.37," ",,,,,," ",0.608716902,0.812509524,NZD,,,,4.8,25," ",,,,,,,,," "
2013-09-24,,,,," ",,,,," ",1,1.334790476,EUR,5.47," ",,,,,," ",0.608716902,0.812509524,NZD,,,,4.5,25," ",,,,,,,,," "
2013-09-25,,,,," ",,,,," ",1,1.334790476,EUR,," ",,,,,," ",0.608716902,0.812509524,NZD,,,,4.5,25," ",,,,,,,,," "
2013-09-26,,,,," ",,,,," ",1,1.334790476,EUR,5.33," ",,,,,," ",0.608716902,0.812509524,NZD,,,,4.5,25," ",,,,,,,,," "
2013-09-27,,,,," ",,,,," ",1,1.334790476,EUR,5.38," ",,,,,," ",0.608716902,0.812509524,NZD,,,,4.5,25," ",,,,,,,,," "
2013-09-30,,,,," ",,,,," ",1,1.334790476,EUR,5.15," ",,,,,," ",0.608716902,0.812509524,NZD,,,,4.5,25," ",,,,,,,,," "
2013-10-01,,,,," ",,,,," ",1,1.363495652,EUR,5.05," ",,,,,," ",0.612339853,0.834922727,NZD,,,,4.4,25," ",,,,,,,,," "
2013-10-02,,,,," ",,,,," ",1,1.363495652,EUR,," ",,,,,," ",0.612339853,0.834922727,NZD,,,,4.4,25," ",,,,,,,,," "
2013-10-04,,,,," ",,,,," ",1,1.363495652,EUR,5.12," ",,,,,," ",0.612339853,0.834922727,NZD,,,,4.15,25," ",,,,,,,,," "
2013-10-07,,,,," ",,,,," ",1,1.363495652,EUR,5.05," ",,,,,," ",0.612339853,0.834922727,NZD,,,,4.15,25," ",,,,,,,,," "
2013-10-08,,,,," ",,,,," ",1,1.363495652,EUR,4.88," ",,,,,," ",0.612339853,0.834922727,NZD,,,,4.2,25," ",,,,,,,,," "
2013-10-09,,,,," ",,,,," ",1,1.363495652,EUR,," ",,,,,," ",0.612339853,0.834922727,NZD,,,,4.3,25," ",,,,,,,,," "
2013-10-10,,,,," ",,,,," ",1,1.363495652,EUR,4.7," ",,,,,," ",0.612339853,0.834922727,NZD,,,,4.3,25," ",,,,,,,,," "
2013-10-11,,,,," ",,,,," ",1,1.363495652,EUR,4.58," ",,,,,," ",0.612339853,0.834922727,NZD,,,,4.3,25," ",,,,,,,,," "
2013-10-14,,,,," ",,,,," ",1,1.363495652,EUR,4.56," ",,,,,," ",0.612339853,0.834922727,NZD,,,,4.25,25," ",,,,,,,,," "
2013-10-15,,,,," ",,,,," ",1,1.363495652,EUR,5.07," ",,,,,," ",0.612339853,0.834922727,NZD,,,,4.2,25," ",,,,,,,,," "
2013-10-16,,,,," ",,,,," ",1,1.363495652,EUR,," ",,,,,," ",0.612339853,0.834922727,NZD,,,,4,25," ",,,,,,,,," "
2013-10-17,,,,," ",,,,," ",1,1.363495652,EUR,5.27," ",,,,,," ",0.612339853,0.834922727,NZD,,,,4,25," ",,,,,,,,," "
2013-10-18,,,,," ",,,,," ",1,1.363495652,EUR,5.14," ",,,,,," ",0.612339853,0.834922727,NZD,,,,3.95,25," ",,,,,,,,," "
2013-10-21,,,,," ",,,,," ",1,1.363495652,EUR,4.78," ",,,,,," ",0.612339853,0.834922727,NZD,,,,3.95,25," ",,,,,,,,," "
2013-10-22,,,,," ",,,,," ",1,1.363495652,EUR,4.64," ",,,,,," ",0.612339853,0.834922727,NZD,,,,3.9,25," ",,,,,,,,," "
2013-10-23,,,,," ",,,,," ",1,1.363495652,EUR,," ",,,,,," ",0.612339853,0.834922727,NZD,,,,3.9,25," ",,,,,,,,," "
2013-10-24,,,,," ",,,,," ",1,1.363495652,EUR,4.58," ",,,,,," ",0.612339853,0.834922727,NZD,,,,3.8,25," ",,,,,,,,," "
2013-10-25,,,,," ",,,,," ",1,1.363495652,EUR,4.61," ",,,,,," ",0.612339853,0.834922727,NZD,,,,3.75,25," ",,,,,,,,," "
2013-10-28,,,,," ",,,,," ",1,1.363495652,EUR,4.81," ",,,,,," ",,,,,,,,," ",,,,,,,,," "
2013-10-29,,,,," ",,,,," ",1,1.363495652,EUR,4.78," ",,,,,," ",0.612339853,0.834922727,NZD,,,,3.7,25," ",,,,,,,,," "
2013-10-30,,,,," ",,,,," ",1,1.363495652,EUR,," ",,,,,," ",0.612339853,0.834922727,NZD,,,,3.65,25," ",,,,,,,,," "
2013-10-31,,,,," ",,,,," ",1,1.363495652,EUR,4.87," ",,,,,," ",0.612339853,0.834922727,NZD,,,,3.65,25," ",,,,,,,,," "
2013-11-01,,,,," ",,,,," ",1,1.349290476,EUR,4.63," ",,,,,," ",0.612554971,0.826514588,NZD,,,,3.6,25," ",,,,,,,,," "
2013-11-04,,,,," ",,,,," ",1,1.349290476,EUR,4.64," ",,,,,," ",0.612554971,0.826514588,NZD,,,,3.53,25," ",,,,,,,,," "
2013-11-05,,,,," ",,,,," ",1,1.349290476,EUR,4.7," ",,,,,," ",0.612554971,0.826514588,NZD,,,,3.5,25," ",,,,,,,,," "
2013-11-06,,,,," ",,,,," ",1,1.349290476,EUR,," ",,,,,," ",0.612554971,0.826514588,NZD,,,,3.45,25," ",,,,,,,,," "
2013-11-07,,,,," ",,,,," ",1,1.349290476,EUR,4.73," ",,,,,," ",0.612554971,0.826514588,NZD,,,,3.45,25," ",,,,,,,,," "
2013-11-08,,,,," ",,,,," ",1,1.349290476,EUR,4.78," ",,,,,," ",0.612554971,0.826514588,NZD,,,,3.45,25," ",,,,,,,,," "
2013-11-11,,,,," ",,,,," ",1,1.349290476,EUR,4.47," ",,,,,," ",0.612554971,0.826514588,NZD,,,,3.5,25," ",,,,,,,,," "
2013-11-12,,,,," ",,,,," ",1,1.349290476,EUR,4.57," ",,,,,," ",0.612554971,0.826514588,NZD,,,,3.3,25," ",,,,,,,,," "
2013-11-13,,,,," ",,,,," ",1,1.349290476,EUR,," ",,,,,," ",0.612554971,0.826514588,NZD,,,,3.3,25," ",,,,,,,,," "
2013-11-14,,,,," ",,,,," ",1,1.349290476,EUR,4.63," ",,,,,," ",0.612554971,0.826514588,NZD,,,,3.1,25," ",,,,,,,,," "
2013-11-15,,,,," ",,,,," ",1,1.349290476,EUR,4.46," ",,,,,," ",0.612554971,0.826514588,NZD,,,,3.15,25," ",,,,,,,,," "
2013-11-18,,,,," ",,,,," ",1,1.349290476,EUR,4.33," ",,,,,," ",0.612554971,0.826514588,NZD,,,,3.12,25," ",,,,,,,,," "
2013-11-19,,,,," ",,,,," ",1,1.349290476,EUR,4.44," ",,,,,," ",0.612554971,0.826514588,NZD,,,,3.15,25," ",,,,,,,,," "
2013-11-20,,,,," ",,,,," ",1,1.349290476,EUR,," ",,,,,," ",0.612554971,0.826514588,NZD,,,,3.18,25," ",,,,,,,,," "
2013-11-21,,,,," ",,,,," ",1,1.349290476,EUR,4.44," ",,,,,," ",0.612554971,0.826514588,NZD,,,,3.32,25," ",,,,,,,,," "
2013-11-22,,,,," ",,,,," ",1,1.349290476,EUR,4.48," ",,,,,," ",0.612554971,0.826514588,NZD,,,,3.3,25," ",,,,,,,,," "
2013-11-25,,,,," ",,,,," ",1,1.349290476,EUR,4.38," ",,,,,," ",0.612554971,0.826514588,NZD,,,,3.35,25," ",,,,,,,,," "
2013-11-26,,,,," ",,,,," ",1,1.349290476,EUR,4.41," ",,,,,," ",0.612554971,0.826514588,NZD,,,,3.45,25," ",,,,,,,,," "
2013-11-27,,,,," ",,,,," ",1,1.349290476,EUR,," ",,,,,," ",0.612554971,0.826514588,NZD,,,,3.5,25," ",,,,,,,,," "
2013-11-28,,,,," ",,,,," ",1,1.349290476,EUR,4.41," ",,,,,," ",0.612554971,0.826514588,NZD,,,,3.6,25," ",,,,,,,,," "
2013-11-29,,,,," ",,,,," ",1,1.349290476,EUR,4.36," ",,,,,," ",0.612554971,0.826514588,NZD,,,,4.1,25," ",,,,,,,,," "
2013-12-02,,,,," ",,,,," ",1,1.37036,EUR,4.36," ",,,,,," ",0.600456885,0.822842097,NZD,,,,4.05,25," ",,,,,,,,," "
2013-12-03,,,,," ",,,,," ",1,1.37036,EUR,4.47," ",,,,,," ",0.600456885,0.822842097,NZD,,,,3.95,25," ",,,,,,,,," "
2013-12-04,,,,," ",,,,," ",1,1.37036,EUR,," ",,,,,," ",0.600456885,0.822842097,NZD,,,,3.9,25," ",,,,,,,,," "
2013-12-05,,,,," ",,,,," ",1,1.37036,EUR,4.49," ",,,,,," ",0.600456885,0.822842097,NZD,,,,3.8,25," ",,,,,,,,," "
2013-12-06,,,,," ",,,,," ",1,1.37036,EUR,4.7," ",,,,,," ",0.600456885,0.822842097,NZD,,,,3.8,25," ",,,,,,,,," "
2013-12-09,,,,," ",,,,," ",1,1.37036,EUR,4.65," ",,,,,," ",0.600456885,0.822842097,NZD,,,,3.7,25," ",,,,,,,,," "
2013-12-10,,,,," ",,,,," ",1,1.37036,EUR,4.8," ",,,,,," ",0.600456885,0.822842097,NZD,,,,3.7,25," ",,,,,,,,," "
2013-12-11,,,,," ",,,,," ",1,1.37036,EUR,," ",,,,,," ",0.600456885,0.822842097,NZD,,,,3.7,25," ",,,,,,,,," "
2013-12-12,,,,," ",,,,," ",1,1.37036,EUR,4.77," ",,,,,," ",0.600456885,0.822842097,NZD,,,,3.6,25," ",,,,,,,,," "
2013-12-13,,,,," ",,,,," ",1,1.37036,EUR,4.84," ",,,,,," ",0.600456885,0.822842097,NZD,,,,3.5,25," ",,,,,,,,," "
2013-12-16,,,,," ",,,,," ",1,1.37036,EUR,4.69," ",,,,,," ",0.600456885,0.822842097,NZD,,,,3.5,25," ",,,,,,,,," "
2013-12-17,,,,," ",,,,," ",1,1.37036,EUR,4.7," ",,,,,," ",0.600456885,0.822842097,NZD,,,,3.45,25," ",,,,,,,,," "
2013-12-18,,,,," ",,,,," ",1,1.37036,EUR,," ",,,,,," ",0.600456885,0.822842097,NZD,,,,3.45,25," ",,,,,,,,," "
2013-12-19,,,,," ",,,,," ",1,1.37036,EUR,," ",,,,,," ",0.600456885,0.822842097,NZD,,,,3.2,25," ",,,,,,,,," "
2013-12-20,,,,," ",,,,," ",1,1.37036,EUR,," ",,,,,," ",0.600456885,0.822842097,NZD,,,,3.2,25," ",,,,,,,,," "
2013-12-23,,,,," ",,,,," ",1,1.37036,EUR,," ",,,,,," ",0.600456885,0.822842097,NZD,,,,3.2,25," ",,,,,,,,," "
2013-12-27,,,,," ",,,,," ",1,1.37036,EUR,," ",,,,,," ",0.600456885,0.822842097,NZD,,,,3.15,25," ",,,,,,,,," "
2013-12-30,,,,," ",,,,," ",1,1.37036,EUR,," ",,,,,," ",0.600456885,0.822842097,NZD,,,,3.15,25," ",,,,,,,,," "
2014-01-02,,,,," ",,,,," ",1,1.361022727,EUR,," ",,,,,," ",,,,,,,,," ",,,,,,,,," "
2014-01-03,,,,," ",,,,," ",1,1.361022727,EUR,," ",,,,,," ",0.608532042,0.82822594,NZD,,,,3.15,25," ",,,,,,,,," "
2014-01-06,,,,," ",,,,," ",1,1.361022727,EUR,," ",,,,,," ",0.608532042,0.82822594,NZD,,,,3.15,25," ",,,,,,,,," "
2014-01-07,,,,," ",,,,," ",1,1.361022727,EUR,4.65," ",,,,,," ",0.608532042,0.82822594,NZD,,,,3.15,25," ",,,,,,,,," "
2014-01-08,,,,," ",,,,," ",1,1.361022727,EUR,4.69," ",,,,,," ",0.608532042,0.82822594,NZD,,,,3.15,25," ",,,,,,,,," "
2014-01-09,,,,," ",,,,," ",1,1.361022727,EUR,4.56," ",,,,,," ",0.608532042,0.82822594,NZD,,,,3.15,25," ",,,,,,,,," "
2014-01-10,,,,," ",,,,," ",1,1.361022727,EUR,4.45," ",,,,,," ",0.608532042,0.82822594,NZD,,,,3.2,25," ",,,,,,,,," "
2014-01-13,,,,," ",,,,," ",1,1.361022727,EUR,4.52," ",,,,,," ",0.608532042,0.82822594,NZD,,,,3.27,25," ",,,,,,,,," "
2014-01-14,,,,," ",,,,," ",1,1.361022727,EUR,4.73," ",,,,,," ",0.608532042,0.82822594,NZD,,,,3.31,25," ",,,,,,,,," "
2014-01-15,,,,," ",,,,," ",1,1.361022727,EUR,," ",,,,,," ",0.608532042,0.82822594,NZD,,,,3.35,25," ",,,,,,,,," "
2014-01-16,,,,," ",,,,," ",1,1.361022727,EUR,5.01," ",,,,,," ",0.608532042,0.82822594,NZD,,,,3.35,25," ",,,,,,,,," "
2014-01-17,,,,," ",,,,," ",1,1.361022727,EUR,5.04," ",,,,,," ",0.608532042,0.82822594,NZD,,,,3.4,25," ",,,,,,,,," "
2014-01-20,,,,," ",,,,," ",1,1.361022727,EUR,5.05," ",,,,,," ",,,,,,,,," ",,,,,,,,," "
2014-01-21,,,,," ",,,,," ",1,1.361022727,EUR,4.93," ",,,,,," ",0.608532042,0.82822594,NZD,,,,3.4,25," ",,,,,,,,," "
2014-01-22,,,,," ",,,,," ",1,1.361022727,EUR,," ",,,,,," ",0.608532042,0.82822594,NZD,,,,3.4,25," ",,,,,,,,," "
2014-01-23,,,,," ",,,,," ",1,1.361022727,EUR,5.02," ",,,,,," ",0.608532042,0.82822594,NZD,,,,3.52,25," ",,,,,,,,," "
2014-01-24,,,,," ",,,,," ",1,1.361022727,EUR,4.97," ",,,,,," ",0.608532042,0.82822594,NZD,,,,3.5,25," ",,,,,,,,," "
2014-01-27,,,,," ",,,,," ",1,1.361022727,EUR,5.34," ",,,,,," ",,,,,,,,," ",,,,,,,,," "
2014-01-28,,,,," ",,,,," ",1,1.361022727,EUR,5.47," ",,,,,," ",0.608532042,0.82822594,NZD,,,,3.45,25," ",,,,,,,,," "
2014-01-29,,,,," ",,,,," ",1,1.361022727,EUR,," ",,,,,," ",0.608532042,0.82822594,NZD,,,,3.35,25," ",,,,,,,,," "
2014-01-30,,,,," ",,,,," ",1,1.361022727,EUR,5.55," ",,,,,," ",0.608532042,0.82822594,NZD,,,,3.25,25," ",,,,,,,,," "
2014-01-31,,,,," ",,,,," ",1,1.361022727,EUR,5.6," ",,,,,," ",0.608532042,0.82822594,NZD,,,,3.23,25," ",,,,,,,,," "
2014-02-03,,,,," ",,,,," ",1,1.36585,EUR,5.48," ",,,,,," ",0.606783373,0.82877507,NZD,,,,3.23,25," ",,,,,,,,," "
2014-02-04,,,,," ",,,,," ",1,1.36585,EUR,5.93," ",,,,,," ",0.606783373,0.82877507,NZD,,,,3.23,25," ",,,,,,,,," "
2014-02-05,,,,," ",,,,," ",1,1.36585,EUR,5.97," ",,,,,," ",0.606783373,0.82877507,NZD,,,,3.23,25," ",,,,,,,,," "
2014-02-06,,,,," ",,,,," ",1,1.36585,EUR,6.01," ",,,,,," ",,,,,,,,," ",,,,,,,,," "
2014-02-07,,,,," ",,,,," ",1,1.36585,EUR,6.45," ",,,,,," ",0.606783373,0.82877507,NZD,,,,3.25,25," ",,,,,,,,," "
2014-02-10,,,,," ",,,,," ",1,1.36585,EUR,6.34," ",,,,,," ",0.606783373,0.82877507,NZD,,,,3.22,25," ",,,,,,,,," "
2014-02-11,,,,," ",,,,," ",1,1.36585,EUR,6.3," ",,,,,," ",0.606783373,0.82877507,NZD,,,,3.22,25," ",,,,,,,,," "
2014-02-12,,,,," ",,,,," ",1,1.36585,EUR,," ",,,,,," ",0.606783373,0.82877507,NZD,,,,3.25,25," ",,,,,,,,," "
2014-02-13,,,,," ",,,,," ",1,1.36585,EUR,6.21," ",,,,,," ",0.606783373,0.82877507,NZD,,,,3.3,25," ",,,,,,,,," "
2014-02-14,,,,," ",,,,," ",1,1.36585,EUR,6.31," ",,,,,," ",0.606783373,0.82877507,NZD,,,,3.35,25," ",,,,,,,,," "
2014-02-17,,,,," ",,,,," ",1,1.36585,EUR,6.7," ",,,,,," ",0.606783373,0.82877507,NZD,,,,3.35,25," ",,,,,,,,," "
2014-02-18,,,,," ",,,,," ",1,1.36585,EUR,6.74," ",,,,,," ",0.606783373,0.82877507,NZD,,,,3.35,25," ",,,,,,,,," "
2014-02-19,,,,," ",,,,," ",1,1.36585,EUR,," ",,,,,," ",0.606783373,0.82877507,NZD,,,,3.3,25," ",,,,,,,,," "
2014-02-20,,,,," ",,,,," ",1,1.36585,EUR,6.92," ",,,,,," ",0.606783373,0.82877507,NZD,,,,3.4,25," ",,,,,,,,," "
2014-02-21,,,,," ",,,,," ",1,1.36585,EUR,6.85," ",,,,,," ",0.606783373,0.82877507,NZD,,,,3.4,25," ",,,,,,,,," "
2014-02-24,,,,," ",,,,," ",1,1.36585,EUR,7.1," ",,,,,," ",0.606783373,0.82877507,NZD,,,,3.4,25," ",,,,,,,,," "
2014-02-25,,,,," ",,,,," ",1,1.36585,EUR,6.85," ",,,,,," ",0.606783373,0.82877507,NZD,,,,3.4,25," ",,,,,,,,," "
2014-02-26,,,,," ",,,,," ",1,1.36585,EUR,," ",,,,,," ",0.606783373,0.82877507,NZD,,,,3.15,25," ",,,,,,,,," "
2014-02-27,,,,," ",,,,," ",1,1.36585,EUR,6.47," ",,,,,," ",0.606783373,0.82877507,NZD,,,,3.2,25," ",,,,,,,,," "
2014-02-28,,,,," ",,,,," ",1,1.36585,EUR,6.83," ",,,,,," ",0.606783373,0.82877507,NZD,,,,3.1,25," ",,,,,,,,," "
2014-03-03,,,,," ",,,,," ",1,1.382252381,EUR,6.97," ",,,,,," ",0.616179954,0.851716208,NZD,,,,3.1,25," ",,,,,,,,," "
2014-03-04,,,,," ",,,,," ",1,1.382252381,EUR,6.65," ",,,,,," ",0.616179954,0.851716208,NZD,,,,3.05,25," ",,,,,,,,," "
2014-03-05,,,,," ",,,,," ",1,1.382252381,EUR,6.89," ",,,,,," ",0.616179954,0.851716208,NZD,,,,3.05,25," ",,,,,,,,," "
2014-03-06,,,,," ",,,,," ",1,1.382252381,EUR,6.71," ",,,,,," ",0.616179954,0.851716208,NZD,,,,3.05,25," ",,,,,,,,," "
2014-03-07,,,,," ",,,,," ",1,1.382252381,EUR,6.72," ",,,,,," ",0.616179954,0.851716208,NZD,,,,3.05,25," ",,,,,,,,," "
2014-03-10,,,,," ",,,,," ",1,1.382252381,EUR,6.93," ",,,,,," ",0.616179954,0.851716208,NZD,,,,3.05,25," ",,,,,,,,," "
2014-03-11,,,,," ",,,,," ",1,1.382252381,EUR,6.81," ",,,,,," ",0.616179954,0.851716208,NZD,,,,3.05,25," ",,,,,,,,," "
2014-03-12,,,,," ",,,,," ",1,1.382252381,EUR,," ",,,,,," ",0.616179954,0.851716208,NZD,,,,2.9,25," ",,,,,,,,," "
2014-03-13,,,,," ",,,,," ",1,1.382252381,EUR,6.51," ",,,,,," ",0.616179954,0.851716208,NZD,,,,2.87,25," ",,,,,,,,," "
2014-03-14,,,,," ",,,,," ",1,1.382252381,EUR,6.19," ",,,,,," ",0.616179954,0.851716208,NZD,,,,3,25," ",,,,,,,,," "
2014-03-17,,,,," ",,,,," ",1,1.382252381,EUR,6.15," ",,,,,," ",0.616179954,0.851716208,NZD,,,,3,25," ",,,,,,,,," "
2014-03-18,,,,," ",,,,," ",1,1.382252381,EUR,6," ",,,,,," ",0.616179954,0.851716208,NZD,,,,3.02,25," ",,,,,,,,," "
2014-03-19,,,,," ",,,,," ",1,1.382252381,EUR,," ",,,,,," ",0.616179954,0.851716208,NZD,,,,3.02,25," ",,,,,,,,," "
2014-03-20,,,,," ",,,,," ",1,1.382252381,EUR,6," ",,,,,," ",0.616179954,0.851716208,NZD,,,,3.05,25," ",,,,,,,,," "
2014-03-21,,,,," ",,,,," ",1,1.382252381,EUR,6.1," ",,,,,," ",0.616179954,0.851716208,NZD,,,,3.07,25," ",,,,,,,,," "
2014-03-24,,,,," ",,,,," ",1,1.382252381,EUR,6.08," ",,,,,," ",0.616179954,0.851716208,NZD,,,,3.07,25," ",,,,,,,,," "
2014-03-25,,,,," ",,,,," ",1,1.382252381,EUR,5.8," ",,,,,," ",0.616179954,0.851716208,NZD,,,,3.07,25," ",,,,,,,,," "
2014-03-26,,,,," ",,,,," ",1,1.382252381,EUR,," ",,,,,," ",0.616179954,0.851716208,NZD,,,,3.06,25," ",,,,,,,,," "
2014-03-27,,,,," ",,,,," ",1,1.382252381,EUR,5.35," ",,,,,," ",0.616179954,0.851716208,NZD,,,,3.06,25," ",,,,,,,,," "
2014-03-28,,,,," ",,,,," ",1,1.382252381,EUR,5.1," ",,,,,," ",0.616179954,0.851716208,NZD,,,,3.1,25," ",,,,,,,,," "
2014-03-31,,,,," ",,,,," ",1,1.382252381,EUR,4.17," ",,,,,," ",0.616179954,0.851716208,NZD,,,,3.1,25," ",,,,,,,,," "
2014-04-01,,,,," ",,,,," ",1,1.38125,EUR,4.9," ",,,,,," ",0.624068529,0.861994656,NZD,,,,3.07,25," ",,,,,,,,," "
2014-04-02,,,,," ",,,,," ",1,1.38125,EUR,," ",,,,,," ",0.624068529,0.861994656,NZD,,,,3.06,25," ",,,,,,,,," "
2014-04-03,,,,," ",,,,," ",1,1.38125,EUR,4.6," ",,,,,," ",0.624068529,0.861994656,NZD,,,,3.07,25," ",,,,,,,,," "
2014-04-04,,,,," ",,,,," ",1,1.38125,EUR,4.75," ",,,,,," ",0.624068529,0.861994656,NZD,,,,3.07,25," ",,,,,,,,," "
2014-04-07,,,,," ",,,,," ",1,1.38125,EUR,4.72," ",,,,,," ",0.624068529,0.861994656,NZD,,,,3.07,25," ",,,,,,,,," "
2014-04-08,,,,," ",,,,," ",1,1.38125,EUR,5.03," ",,,,,," ",0.624068529,0.861994656,NZD,,,,3.06,25," ",,,,,,,,," "
2014-04-09,,,,," ",,,,," ",1,1.38125,EUR,," ",,,,,," ",0.624068529,0.861994656,NZD,,,,3.06,25," ",,,,,,,,," "
2014-04-10,,,,," ",,,,," ",1,1.38125,EUR,5," ",,,,,," ",0.624068529,0.861994656,NZD,,,,3.07,25," ",,,,,,,,," "
2014-04-11,,,,," ",,,,," ",1,1.38125,EUR,5.26," ",,,,,," ",0.624068529,0.861994656,NZD,,,,3.05,25," ",,,,,,,,," "
2014-04-14,,,,," ",,,,," ",1,1.38125,EUR,5.3," ",,,,,," ",0.624068529,0.861994656,NZD,,,,3.05,25," ",,,,,,,,," "
2014-04-15,,,,," ",,,,," ",1,1.38125,EUR,5.23," ",,,,,," ",0.624068529,0.861994656,NZD,,,,3.06,25," ",,,,,,,,," "
2014-04-16,,,,," ",,,,," ",1,1.38125,EUR,," ",,,,,," ",0.624068529,0.861994656,NZD,,,,3.05,25," ",,,,,,,,," "
2014-04-17,,,,," ",,,,," ",1,1.38125,EUR,5.46," ",,,,,," ",0.624068529,0.861994656,NZD,,,,3.07,25," ",,,,,,,,," "
2014-04-22,,,,," ",,,,," ",1,1.38125,EUR,5.62," ",,,,,," ",0.624068529,0.861994656,NZD,,,,3.05,25," ",,,,,,,,," "
2014-04-23,,,,," ",,,,," ",1,1.38125,EUR,," ",,,,,," ",0.624068529,0.861994656,NZD,,,,3.07,25," ",,,,,,,,," "
2014-04-24,,,,," ",,,,," ",1,1.38125,EUR,5.77," ",,,,,," ",0.624068529,0.861994656,NZD,,,,3.07,25," ",,,,,,,,," "
2014-04-25,,,,," ",,,,," ",1,1.38125,EUR,5.52," ",,,,,," ",,,,,,,,," ",,,,,,,,," "
2014-04-28,,,,," ",,,,," ",1,1.38125,EUR,5.21," ",,,,,," ",0.624068529,0.861994656,NZD,,,,3.09,25," ",,,,,,,,," "
2014-04-29,,,,," ",,,,," ",1,1.38125,EUR,5.39," ",,,,,," ",0.624068529,0.861994656,NZD,,,,3,25," ",,,,,,,,," "
2014-04-30,,,,," ",,,,," ",1,1.38125,EUR,," ",,,,,," ",0.624068529,0.861994656,NZD,,,,3.02,25," ",,,,,,,,," "
2014-05-02,,,,," ",,,,," ",1,1.373214286,EUR,5.28," ",,,,,," ",0.62696381,0.860955661,NZD,,,,3.05,25," ",,,,,,,,," "
2014-05-05,,,,," ",,,,," ",1,1.373214286,EUR,5.03," ",,,,,," ",0.62696381,0.860955661,NZD,,,,3.05,25," ",,,,,,,,," "
2014-05-06,,,,," ",,,,," ",1,1.373214286,EUR,5.25," ",,,,,," ",0.62696381,0.860955661,NZD,,,,3.05,25," ",,,,,,,,," "
2014-05-07,,,,," ",,,,," ",1,1.373214286,EUR,," ",,,,,," ",0.62696381,0.860955661,NZD,,,,3.05,25," ",,,,,,,,," "
2014-05-08,,,,," ",,,,," ",1,1.373214286,EUR,5.09," ",,,,,," ",0.62696381,0.860955661,NZD,,,,3.11,25," ",,,,,,,,," "
2014-05-09,,,,," ",,,,," ",1,1.373214286,EUR,5.1," ",,,,,," ",0.62696381,0.860955661,NZD,,,,3.11,25," ",,,,,,,,," "
2014-05-12,,,,," ",,,,," ",1,1.373214286,EUR,5.28," ",,,,,," ",0.62696381,0.860955661,NZD,,,,3.12,25," ",,,,,,,,," "
2014-05-13,,,,," ",,,,," ",1,1.373214286,EUR,5.34," ",,,,,," ",0.62696381,0.860955661,NZD,,,,3.16,25," ",,,,,,,,," "
2014-05-14,,,,," ",,,,," ",1,1.373214286,EUR,," ",,,,,," ",0.62696381,0.860955661,NZD,,,,3.15,25," ",,,,,,,,," "
2014-05-15,,,,," ",,,,," ",1,1.373214286,EUR,4.75," ",,,,,," ",0.62696381,0.860955661,NZD,,,,3.09,25," ",,,,,,,,," "
2014-05-16,,,,," ",,,,," ",1,1.373214286,EUR,4.72," ",,,,,," ",0.62696381,0.860955661,NZD,,,,3.9,25," ",,,,,,,,," "
2014-05-19,,,,," ",,,,," ",1,1.373214286,EUR,4.6," ",,,,,," ",0.62696381,0.860955661,NZD,,,,4.15,25," ",,,,,,,,," "
2014-05-20,,,,," ",,,,," ",1,1.373214286,EUR,4.59," ",,,,,," ",0.62696381,0.860955661,NZD,,,,4.2,25," ",,,,,,,,," "
2014-05-21,,,,," ",,,,," ",1,1.373214286,EUR,," ",,,,,," ",0.62696381,0.860955661,NZD,,,,4.1,25," ",,,,,,,,," "
2014-05-22,,,,," ",,,,," ",1,1.373214286,EUR,5.23," ",,,,,," ",0.62696381,0.860955661,NZD,,,,4.3,25," ",,,,,,,,," "
2014-05-23,,,,," ",,,,," ",1,1.373214286,EUR,5.08," ",,,,,," ",0.62696381,0.860955661,NZD,,,,4.4,25," ",,,,,,,,," "
2014-05-26,,,,," ",,,,," ",1,1.373214286,EUR,4.98," ",,,,,," ",0.62696381,0.860955661,NZD,,,,4.6,25," ",,,,,,,,," "
2014-05-27,,,,," ",,,,," ",1,1.373214286,EUR,5.05," ",,,,,," ",0.62696381,0.860955661,NZD,,,,4.65,25," ",,,,,,,,," "
2014-05-28,,,,," ",,,,," ",1,1.373214286,EUR,," ",,,,,," ",0.62696381,0.860955661,NZD,,,,5.2,25," ",,,,,,,,," "
2014-05-29,,,,," ",,,,," ",1,1.373214286,EUR,," ",,,,,," ",0.62696381,0.860955661,NZD,,,,5.15,25," ",,,,,,,,," "
2014-05-30,,,,," ",,,,," ",1,1.373214286,EUR,5.1," ",,,,,," ",0.62696381,0.860955661,NZD,,,,5,25," ",,,,,,,,," "
2014-06-02,,,,," ",,,,," ",1,1.359238095,EUR,4.94," ",,,,,," ",,,,,,,,," ",,,,,,,,," "
2014-06-03,,,,," ",,,,," ",1,1.359238095,EUR,5.19," ",,,,,," ",0.63428423,0.862143288,NZD,,,,5,25," ",,,,,,,,," "
2014-06-04,,,,," ",,,,," ",1,1.359238095,EUR,," ",,,,,," ",0.63428423,0.862143288,NZD,,,,5,25," ",,,,,,,,," "
2014-06-05,,,,," ",,,,," ",1,1.359238095,EUR,5.5," ",,,,,," ",0.63428423,0.862143288,NZD,,,,5.05,25," ",,,,,,,,," "
2014-06-06,,,,," ",,,,," ",1,1.359238095,EUR,5.41," ",,,,,," ",0.63428423,0.862143288,NZD,,,,4.92,25," ",,,,,,,,," "
2014-06-09,,,,," ",,,,," ",1,1.359238095,EUR,," ",,,,,," ",0.63428423,0.862143288,NZD,,,,4.9,25," ",,,,,,,,," "
2014-06-10,,,,," ",,,,," ",1,1.359238095,EUR,5.45," ",,,,,," ",0.63428423,0.862143288,NZD,,,,4.9,25," ",,,,,,,,," "
2014-06-11,,,,," ",,,,," ",1,1.359238095,EUR,," ",,,,,," ",0.63428423,0.862143288,NZD,,,,4.9,25," ",,,,,,,,," "
2014-06-12,,,,," ",,,,," ",1,1.359238095,EUR,5.4," ",,,,,," ",0.63428423,0.862143288,NZD,,,,4.7,25," ",,,,,,,,," "
2014-06-13,,,,," ",,,,," ",1,1.359238095,EUR,5.63," ",,,,,," ",0.63428423,0.862143288,NZD,,,,4.7,25," ",,,,,,,,," "
2014-06-16,,,,," ",,,,," ",1,1.359238095,EUR,5.68," ",,,,,," ",0.63428423,0.862143288,NZD,,,,4.7,25," ",,,,,,,,," "
2014-06-17,,,,," ",,,,," ",1,1.359238095,EUR,5.55," ",,,,,," ",0.63428423,0.862143288,NZD,,,,4.1,25," ",,,,,,,,," "
2014-06-18,,,,," ",,,,," ",1,1.359238095,EUR,," ",,,,,," ",0.63428423,0.862143288,NZD,,,,4.2,25," ",,,,,,,,," "
2014-06-19,,,,," ",,,,," ",1,1.359238095,EUR,5.6," ",,,,,," ",0.63428423,0.862143288,NZD,,,,4.2,25," ",,,,,,,,," "
2014-06-20,,,,," ",,,,," ",1,1.359238095,EUR,5.56," ",,,,,," ",0.63428423,0.862143288,NZD,,,,4.2,25," ",,,,,,,,," "
2014-06-23,,,,," ",,,,," ",1,1.359238095,EUR,5.64," ",,,,,," ",0.63428423,0.862143288,NZD,,,,4.15,25," ",,,,,,,,," "
2014-06-24,,,,," ",,,,," ",1,1.359238095,EUR,5.84," ",,,,,," ",0.63428423,0.862143288,NZD,,,,4.15,25," ",,,,,,,,," "
2014-06-25,,,,," ",,,,," ",1,1.359238095,EUR,," ",,,,,," ",0.63428423,0.862143288,NZD,,,,4.2,25," ",,,,,,,,," "
2014-06-26,,,,," ",,,,," ",1,1.359238095,EUR,5.77," ",,,,,," ",0.63428423,0.862143288,NZD,,,,4.2,25," ",,,,,,,,," "
2014-06-27,,,,," ",,,,," ",1,1.359238095,EUR,5.7," ",,,,,," ",0.63428423,0.862143288,NZD,,,,4.2,25," ",,,,,,,,," "
2014-06-30,,,,," ",,,,," ",1,1.359238095,EUR,5.82," ",,,,,," ",0.63428423,0.862143288,NZD,,,,4.2,25," ",,,,,,,,," "
2014-07-01,,,,," ",,,,," ",1,1.353917391,EUR,5.8," ",,,,,," ",0.642314549,0.869640838,NZD,,,,4.2,25," ",,,,,,,,," "
2014-07-02,,,,," ",,,,," ",1,1.353917391,EUR,," ",,,,,," ",0.642314549,0.869640838,NZD,,,,4.2,25," ",,,,,,,,," "
2014-07-03,,,,," ",,,,," ",1,1.353917391,EUR,5.97," ",,,,,," ",0.642314549,0.869640838,NZD,,,,4.2,25," ",,,,,,,,," "
2014-07-04,,,,," ",,,,," ",1,1.353917391,EUR,5.91," ",,,,,," ",0.642314549,0.869640838,NZD,,,,4.2,25," ",,,,,,,,," "
2014-07-07,,,,," ",,,,," ",1,1.353917391,EUR,5.5," ",,,,,," ",0.642314549,0.869640838,NZD,,,,4.15,25," ",,,,,,,,," "
2014-07-08,,,,," ",,,,," ",1,1.353917391,EUR,5.6," ",,,,,," ",0.642314549,0.869640838,NZD,,,,4.15,25," ",,,,,,,,," "
2014-07-09,,,,," ",,,,," ",1,1.353917391,EUR,," ",,,,,," ",0.642314549,0.869640838,NZD,,,,4.15,25," ",,,,,,,,," "
2014-07-10,,,,," ",,,,," ",1,1.353917391,EUR,5.72," ",,,,,," ",0.642314549,0.869640838,NZD,,,,4.15,25," ",,,,,,,,," "
2014-07-11,,,,," ",,,,," ",1,1.353917391,EUR,5.64," ",,,,,," ",0.642314549,0.869640838,NZD,,,,4.15,25," ",,,,,,,,," "
2014-07-14,,,,," ",,,,," ",1,1.353917391,EUR,5.7," ",,,,,," ",0.642314549,0.869640838,NZD,,,,4.1,25," ",,,,,,,,," "
2014-07-15,,,,," ",,,,," ",1,1.353917391,EUR,5.88," ",,,,,," ",0.642314549,0.869640838,NZD,,,,4.07,25," ",,,,,,,,," "
2014-07-16,,,,," ",,,,," ",1,1.353917391,EUR,," ",,,,,," ",0.642314549,0.869640838,NZD,,,,4.02,25," ",,,,,,,,," "
2014-07-17,,,,," ",,,,," ",1,1.353917391,EUR,6.07," ",,,,,," ",0.642314549,0.869640838,NZD,,,,4,25," ",,,,,,,,," "
2014-07-18,,,,," ",,,,," ",1,1.353917391,EUR,6," ",,,,,," ",0.642314549,0.869640838,NZD,,,,3.95,25," ",,,,,,,,," "
2014-07-21,,,,," ",,,,," ",1,1.353917391,EUR,6.02," ",,,,,," ",0.642314549,0.869640838,NZD,,,,4,25," ",,,,,,,,," "
2014-07-22,,,,," ",,,,," ",1,1.353917391,EUR,6.1," ",,,,,," ",0.642314549,0.869640838,NZD,,,,4,25," ",,,,,,,,," "
2014-07-23,,,,," ",,,,," ",1,1.353917391,EUR,," ",,,,,," ",0.642314549,0.869640838,NZD,,,,3.97,25," ",,,,,,,,," "
2014-07-24,,,,," ",,,,," ",1,1.353917391,EUR,6.1," ",,,,,," ",0.642314549,0.869640838,NZD,,,,3.95,25," ",,,,,,,,," "
2014-07-25,,,,," ",,,,," ",1,1.353917391,EUR,5.99," ",,,,,," ",0.642314549,0.869640838,NZD,,,,4,25," ",,,,,,,,," "
2014-07-28,,,,," ",,,,," ",1,1.353917391,EUR,6.05," ",,,,,," ",0.642314549,0.869640838,NZD,,,,4,25," ",,,,,,,,," "
2014-07-29,,,,," ",,,,," ",1,1.353917391,EUR,6.1," ",,,,,," ",0.642314549,0.869640838,NZD,,,,3.97,25," ",,,,,,,,," "
2014-07-30,,,,," ",,,,," ",1,1.353917391,EUR,," ",,,,,," ",0.642314549,0.869640838,NZD,,,,3.97,25," ",,,,,,,,," "
2014-07-31,,,,," ",,,,," ",1,1.353917391,EUR,6.11," ",,,,,," ",0.642314549,0.869640838,NZD,,,,3.9,25," ",,,,,,,,," "
2014-08-01,,,,," ",,,,," ",1,1.331609524,EUR,6.29," ",,,,,," ",0.633410002,0.843454791,NZD,,,,3.95,25," ",,,,,,,,," "
2014-08-04,,,,," ",,,,," ",1,1.331609524,EUR,6.27," ",,,,,," ",0.633410002,0.843454791,NZD,,,,3.95,25," ",,,,,,,,," "
2014-08-05,,,,," ",,,,," ",1,1.331609524,EUR,6.17," ",,,,,," ",0.633410002,0.843454791,NZD,,,,3.95,25," ",,,,,,,,," "
2014-08-06,,,,," ",,,,," ",1,1.331609524,EUR,," ",,,,,," ",0.633410002,0.843454791,NZD,,,,3.95,25," ",,,,,,,,," "
2014-08-07,,,,," ",,,,," ",1,1.331609524,EUR,6.2," ",,,,,," ",0.633410002,0.843454791,NZD,,,,3.95,25," ",,,,,,,,," "
2014-08-08,,,,," ",,,,," ",1,1.331609524,EUR,5.93," ",,,,,," ",0.633410002,0.843454791,NZD,,,,3.95,25," ",,,,,,,,," "
2014-08-11,,,,," ",,,,," ",1,1.331609524,EUR,5.95," ",,,,,," ",0.633410002,0.843454791,NZD,,,,3.95,25," ",,,,,,,,," "
2014-08-12,,,,," ",,,,," ",1,1.331609524,EUR,6.07," ",,,,,," ",0.633410002,0.843454791,NZD,,,,3.95,25," ",,,,,,,,," "
2014-08-13,,,,," ",,,,," ",1,1.331609524,EUR,," ",,,,,," ",0.633410002,0.843454791,NZD,,,,3.9,25," ",,,,,,,,," "
2014-08-14,,,,," ",,,,," ",1,1.331609524,EUR,6.22," ",,,,,," ",0.633410002,0.843454791,NZD,,,,3.85,25," ",,,,,,,,," "
2014-08-15,,,,," ",,,,," ",1,1.331609524,EUR,6.18," ",,,,,," ",0.633410002,0.843454791,NZD,,,,3.85,25," ",,,,,,,,," "
2014-08-18,,,,," ",,,,," ",1,1.331609524,EUR,6.34," ",,,,,," ",0.633410002,0.843454791,NZD,,,,3.85,25," ",,,,,,,,," "
2014-08-19,,,,," ",,,,," ",1,1.331609524,EUR,6.28," ",,,,,," ",0.633410002,0.843454791,NZD,,,,3.85,25," ",,,,,,,,," "
2014-08-20,,,,," ",,,,," ",1,1.331609524,EUR,," ",,,,,," ",0.633410002,0.843454791,NZD,,,,3.85,25," ",,,,,,,,," "
2014-08-21,,,,," ",,,,," ",1,1.331609524,EUR,6.43," ",,,,,," ",0.633410002,0.843454791,NZD,,,,3.8,25," ",,,,,,,,," "
2014-08-22,,,,," ",,,,," ",1,1.331609524,EUR,6.34," ",,,,,," ",0.633410002,0.843454791,NZD,,,,3.8,25," ",,,,,,,,," "
2014-08-25,,,,," ",,,,," ",1,1.331609524,EUR,6.3," ",,,,,," ",0.633410002,0.843454791,NZD,,,,3.8,25," ",,,,,,,,," "
2014-08-26,,,,," ",,,,," ",1,1.331609524,EUR,6.26," ",,,,,," ",0.633410002,0.843454791,NZD,,,,3.9,25," ",,,,,,,,," "
2014-08-27,,,,," ",,,,," ",1,1.331609524,EUR,," ",,,,,," ",0.633410002,0.843454791,NZD,,,,4,25," ",,,,,,,,," "
2014-08-28,,,,," ",,,,," ",1,1.331609524,EUR,6.38," ",,,,,," ",0.633410002,0.843454791,NZD,,,,4,25," ",,,,,,,,," "
2014-08-29,,,,," ",,,,," ",1,1.331609524,EUR,6.4," ",,,,,," ",0.633410002,0.843454791,NZD,,,,4.25,25," ",,,,,,,,," "
2014-09-01,,,,," ",,,,," ",1,1.290136364,EUR,6.25," ",,,,,," ",0.633002746,0.816659861,NZD,,,,4.25,25," ",,,,,,,,," "
2014-09-02,,,,," ",,,,," ",1,1.290136364,EUR,6.35," ",,,,,," ",0.633002746,0.816659861,NZD,,,,4.35,25," ",,,,,,,,," "
2014-09-03,,,,," ",,,,," ",1,1.290136364,EUR,5.7," ",,,,,," ",0.633002746,0.816659861,NZD,,,,4.35,25," ",,,,,,,,," "
2014-09-04,,,,," ",,,,," ",1,1.290136364,EUR,6.25," ",,,,,," ",0.633002746,0.816659861,NZD,,,,4.35,25," ",,,,,,,,," "
2014-09-05,,,,," ",,,,," ",1,1.290136364,EUR,6.04," ",,,,,," ",0.633002746,0.816659861,NZD,,,,4.35,25," ",,,,,,,,," "
2014-09-08,,,,," ",,,,," ",1,1.290136364,EUR,6.25," ",,,,,," ",0.633002746,0.816659861,NZD,,,,4.35,25," ",,,,,,,,," "
2014-09-09,,,,," ",,,,," ",1,1.290136364,EUR,6.23," ",,,,,," ",0.633002746,0.816659861,NZD,,,,4.45,25," ",,,,,,,,," "
2014-09-10,,,,," ",,,,," ",1,1.290136364,EUR,," ",,,,,," ",0.633002746,0.816659861,NZD,,,,4.5,25," ",,,,,,,,," "
2014-09-11,,,,," ",,,,," ",1,1.290136364,EUR,6.07," ",,,,,," ",0.633002746,0.816659861,NZD,,,,4.5,25," ",,,,,,,,," "
2014-09-12,,,,," ",,,,," ",1,1.290136364,EUR,6.06," ",,,,,," ",0.633002746,0.816659861,NZD,,,,4.5,25," ",,,,,,,,," "
2014-09-15,,,,," ",,,,," ",1,1.290136364,EUR,5.95," ",,,,,," ",0.633002746,0.816659861,NZD,,,,4.5,25," ",,,,,,,,," "
2014-09-16,,,,," ",,,,," ",1,1.290136364,EUR,5.81," ",,,,,," ",0.633002746,0.816659861,NZD,,,,4.45,25," ",,,,,,,,," "
2014-09-17,,,,," ",,,,," ",1,1.290136364,EUR,," ",,,,,," ",0.633002746,0.816659861,NZD,,,,4.5,25," ",,,,,,,,," "
2014-09-18,,,,," ",,,,," ",1,1.290136364,EUR,5.83," ",,,,,," ",0.633002746,0.816659861,NZD,,,,4.45,25," ",,,,,,,,," "
2014-09-19,,,,," ",,,,," ",1,1.290136364,EUR,5.94," ",,,,,," ",0.633002746,0.816659861,NZD,,,,4.45,25," ",,,,,,,,," "
2014-09-22,,,,," ",,,,," ",1,1.290136364,EUR,5.98," ",,,,,," ",0.633002746,0.816659861,NZD,,,,4.45,25," ",,,,,,,,," "
2014-09-23,,,,," ",,,,," ",1,1.290136364,EUR,5.9," ",,,,,," ",0.633002746,0.816659861,NZD,,,,4.42,25," ",,,,,,,,," "
2014-09-24,,,,," ",,,,," ",1,1.290136364,EUR,," ",,,,,," ",0.633002746,0.816659861,NZD,,,,4.42,25," ",,,,,,,,," "
2014-09-25,,,,," ",,,,," ",1,1.290136364,EUR,5.72," ",,,,,," ",0.633002746,0.816659861,NZD,,,,4.42,25," ",,,,,,,,," "
2014-09-26,,,,," ",,,,," ",1,1.290136364,EUR,5.8," ",,,,,," ",0.633002746,0.816659861,NZD,,,,4.42,25," ",,,,,,,,," "
2014-09-29,,,,," ",,,,," ",1,1.290136364,EUR,5.85," ",,,,,," ",0.633002746,0.816659861,NZD,,,,4.42,25," ",,,,,,,,," "
2014-09-30,,,,," ",,,,," ",1,1.290136364,EUR,5.68," ",,,,,," ",0.633002746,0.816659861,NZD,,,,4.3,25," ",,,,,,,,," "
2014-10-01,,,,," ",,,,," ",1,1.267273913,EUR,5.5," ",,,,,," ",0.620943805,0.786905886,NZD,,,,4.37,25," ",,,,,,,,," "
2014-10-02,,,,," ",,,,," ",1,1.267273913,EUR,5.74," ",,,,,," ",0.620943805,0.786905886,NZD,,,,4.35,25," ",,,,,,,,," "
2014-10-03,,,,," ",,,,," ",1,1.267273913,EUR,," ",,,,,," ",0.620943805,0.786905886,NZD,,,,4.35,25," ",,,,,,,,," "
2014-10-06,,,,," ",,,,," ",1,1.267273913,EUR,5.67," ",,,,,," ",0.620943805,0.786905886,NZD,,,,4.35,25," ",,,,,,,,," "
2014-10-07,,,,," ",,,,," ",1,1.267273913,EUR,5.67," ",,,,,," ",0.620943805,0.786905886,NZD,,,,4.35,25," ",,,,,,,,," "
2014-10-08,,,,," ",,,,," ",1,1.267273913,EUR,," ",,,,,," ",0.620943805,0.786905886,NZD,,,,4.35,25," ",,,,,,,,," "
2014-10-09,,,,," ",,,,," ",1,1.267273913,EUR,6.06," ",,,,,," ",0.620943805,0.786905886,NZD,,,,4.4,25," ",,,,,,,,," "
2014-10-10,,,,," ",,,,," ",1,1.267273913,EUR,6.03," ",,,,,," ",0.620943805,0.786905886,NZD,,,,4.4,25," ",,,,,,,,," "
2014-10-13,,,,," ",,,,," ",1,1.267273913,EUR,5.88," ",,,,,," ",0.620943805,0.786905886,NZD,,,,4.42,25," ",,,,,,,,," "
2014-10-14,,,,," ",,,,," ",1,1.267273913,EUR,6.01," ",,,,,," ",0.620943805,0.786905886,NZD,,,,4.4,25," ",,,,,,,,," "
2014-10-15,,,,," ",,,,," ",1,1.267273913,EUR,," ",,,,,," ",0.620943805,0.786905886,NZD,,,,4.45,25," ",,,,,,,,," "
2014-10-16,,,,," ",,,,," ",1,1.267273913,EUR,6.16," ",,,,,," ",0.620943805,0.786905886,NZD,,,,4.4,25," ",,,,,,,,," "
2014-10-17,,,,," ",,,,," ",1,1.267273913,EUR,6.23," ",,,,,," ",0.620943805,0.786905886,NZD,,,,4.35,25," ",,,,,,,,," "
2014-10-20,,,,," ",,,,," ",1,1.267273913,EUR,6.03," ",,,,,," ",0.620943805,0.786905886,NZD,,,,4.3,25," ",,,,,,,,," "
2014-10-21,,,,," ",,,,," ",1,1.267273913,EUR,6.15," ",,,,,," ",0.620943805,0.786905886,NZD,,,,4.4,25," ",,,,,,,,," "
2014-10-22,,,,," ",,,,," ",1,1.267273913,EUR,," ",,,,,," ",0.620943805,0.786905886,NZD,,,,4.4,25," ",,,,,,,,," "
2014-10-23,,,,," ",,,,," ",1,1.267273913,EUR,6.16," ",,,,,," ",0.620943805,0.786905886,NZD,,,,4.42,25," ",,,,,,,,," "
2014-10-24,,,,," ",,,,," ",1,1.267273913,EUR,6.35," ",,,,,," ",0.620943805,0.786905886,NZD,,,,4.42,25," ",,,,,,,,," "
2014-10-27,,,,," ",,,,," ",1,1.267273913,EUR,6.33," ",,,,,," ",,,,,,,,," ",,,,,,,,," "
2014-10-28,,,,," ",,,,," ",1,1.267273913,EUR,6.26," ",,,,,," ",,,,,,,,," ",,,,,,,,," "
2014-10-29,,,,," ",,,,," ",1,1.267273913,EUR,5.92," ",,,,,," ",0.620943805,0.786905886,NZD,,,,4.35,25," ",,,,,,,,," "
2014-10-30,,,,," ",,,,," ",1,1.267273913,EUR,6.38," ",,,,,," ",0.620943805,0.786905886,NZD,,,,4.3,25," ",,,,,,,,," "
2014-10-31,,,,," ",,,,," ",1,1.267273913,EUR,6.35," ",,,,,," ",0.620943805,0.786905886,NZD,,,,4.35,25," ",,,,,,,,," "
2014-11-03,,,,," ",,,,," ",1,1.24722,EUR,6.3," ",,,,,," ",0.627963006,0.78320802,NZD,,,,4.4,25," ",,,,,,,,," "
2014-11-04,,,,," ",,,,," ",1,1.24722,EUR,6.56," ",,,,,," ",0.627963006,0.78320802,NZD,,,,4.35,25," ",,,,,,,,," "
2014-11-05,,,,," ",,,,," ",1,1.24722,EUR,," ",,,,,," ",0.627963006,0.78320802,NZD,,,,4.37,25," ",,,,,,,,," "
2014-11-06,,,,," ",,,,," ",1,1.24722,EUR,6.61," ",,,,,," ",0.627963006,0.78320802,NZD,,,,4.37,25," ",,,,,,,,," "
2014-11-07,,,,," ",,,,," ",1,1.24722,EUR,6.6," ",,,,,," ",0.627963006,0.78320802,NZD,,,,4.35,25," ",,,,,,,,," "
2014-11-10,,,,," ",,,,," ",1,1.24722,EUR,6.7," ",,,,,," ",0.627963006,0.78320802,NZD,,,,4.37,25," ",,,,,,,,," "
2014-11-11,,,,," ",,,,," ",1,1.24722,EUR,6.68," ",,,,,," ",0.627963006,0.78320802,NZD,,,,4.37,25," ",,,,,,,,," "
2014-11-12,,,,," ",,,,," ",1,1.24722,EUR,," ",,,,,," ",0.627963006,0.78320802,NZD,,,,4.25,25," ",,,,,,,,," "
2014-11-13,,,,," ",,,,," ",1,1.24722,EUR,6.78," ",,,,,," ",0.627963006,0.78320802,NZD,,,,4.25,25," ",,,,,,,,," "
2014-11-14,,,,," ",,,,," ",1,1.24722,EUR,6.7," ",,,,,," ",0.627963006,0.78320802,NZD,,,,4.35,25," ",,,,,,,,," "
2014-11-17,,,,," ",,,,," ",1,1.24722,EUR,6.64," ",,,,,," ",0.627963006,0.78320802,NZD,,,,4.4,25," ",,,,,,,,," "
2014-11-18,,,,," ",,,,," ",1,1.24722,EUR,6.91," ",,,,,," ",0.627963006,0.78320802,NZD,,,,4.35,25," ",,,,,,,,," "
2014-11-19,,,,," ",,,,," ",1,1.24722,EUR,," ",,,,,," ",0.627963006,0.78320802,NZD,,,,4.32,25," ",,,,,,,,," "
2014-11-20,,,,," ",,,,," ",1,1.24722,EUR,6.93," ",,,,,," ",0.627963006,0.78320802,NZD,,,,4.32,25," ",,,,,,,,," "
2014-11-21,,,,," ",,,,," ",1,1.24722,EUR,6.88," ",,,,,," ",0.627963006,0.78320802,NZD,,,,4.32,25," ",,,,,,,,," "
2014-11-24,,,,," ",,,,," ",1,1.24722,EUR,7.02," ",,,,,," ",0.627963006,0.78320802,NZD,,,,4.27,25," ",,,,,,,,," "
2014-11-25,,,,," ",,,,," ",1,1.24722,EUR,7.05," ",,,,,," ",0.627963006,0.78320802,NZD,,,,4.27,25," ",,,,,,,,," "
2014-11-26,,,,," ",,,,," ",1,1.24722,EUR,6.9," ",,,,,," ",0.627963006,0.78320802,NZD,,,,4.27,25," ",,,,,,,,," "
2014-11-27,,,,," ",,,,," ",1,1.24722,EUR,7.09," ",,,,,," ",0.627963006,0.78320802,NZD,,,,4.32,25," ",,,,,,,,," "
2014-11-28,,,,," ",,,,," ",1,1.24722,EUR,7.02," ",,,,,," ",0.627963006,0.78320802,NZD,,,,4.4,25," ",,,,,,,,," "
2014-12-01,,,,," ",,,,," ",1,1.233133333,EUR,6.95," ",,,,,," ",0.629613599,0.776397516,NZD,,,,4.4,25," ",,,,,,,,," "
2014-12-02,,,,," ",,,,," ",1,1.233133333,EUR,7," ",,,,,," ",0.629613599,0.776397516,NZD,,,,4.85,25," ",,,,,,,,," "
2014-12-03,,,,," ",,,,," ",1,1.233133333,EUR,," ",,,,,," ",0.629613599,0.776397516,NZD,,,,4.9,25," ",,,,,,,,," "
2014-12-04,,,,," ",,,,," ",1,1.233133333,EUR,6.77," ",,,,,," ",0.629613599,0.776397516,NZD,,,,4.95,25," ",,,,,,,,," "
2014-12-05,,,,," ",,,,," ",1,1.233133333,EUR,6.66," ",,,,,," ",0.629613599,0.776397516,NZD,,,,4.95,25," ",,,,,,,,," "
2014-12-08,,,,," ",,,,," ",1,1.233133333,EUR,6.58," ",,,,,," ",0.629613599,0.776397516,NZD,,,,4.95,25," ",,,,,,,,," "
2014-12-09,,,,," ",,,,," ",1,1.233133333,EUR,6.6," ",,,,,," ",0.629613599,0.776397516,NZD,,,,5.6,25," ",,,,,,,,," "
2014-12-10,,,,," ",,,,," ",1,1.233133333,EUR,," ",,,,,," ",0.629613599,0.776397516,NZD,,,,5.25,25," ",,,,,,,,," "
2014-12-11,,,,," ",,,,," ",1,1.233133333,EUR,6.65," ",,,,,," ",0.629613599,0.776397516,NZD,,,,5.5,25," ",,,,,,,,," "
2014-12-12,,,,," ",,,,," ",1,1.233133333,EUR,6.64," ",,,,,," ",0.629613599,0.776397516,NZD,,,,5.4,25," ",,,,,,,,," "
2014-12-15,,,,," ",,,,," ",1,1.233133333,EUR,6.6," ",,,,,," ",0.629613599,0.776397516,NZD,,,,5.4,25," ",,,,,,,,," "
2014-12-16,,,,," ",,,,," ",1,1.233133333,EUR,6.93," ",,,,,," ",0.629613599,0.776397516,NZD,,,,5.5,25," ",,,,,,,,," "
2014-12-17,,,,," ",,,,," ",1,1.233133333,EUR,," ",,,,,," ",0.629613599,0.776397516,NZD,,,,5.4,25," ",,,,,,,,," "
2014-12-18,,,,," ",,,,," ",1,1.233133333,EUR,," ",,,,,," ",0.629613599,0.776397516,NZD,,,,5.55,25," ",,,,,,,,," "
2014-12-19,,,,," ",,,,," ",1,1.233133333,EUR,," ",,,,,," ",0.629613599,0.776397516,NZD,,,,5.55,25," ",,,,,,,,," "
2014-12-22,,,,," ",,,,," ",1,1.233133333,EUR,," ",,,,,," ",0.629613599,0.776397516,NZD,,,,5.6,25," ",,,,,,,,," "
2014-12-23,,,,," ",,,,," ",1,1.233133333,EUR,," ",,,,,," ",0.629613599,0.776397516,NZD,,,,5.75,25," ",,,,,,,,," "
2014-12-29,,,,," ",,,,," ",1,1.233133333,EUR,," ",,,,,," ",0.629613599,0.776397516,NZD,,,,6.25,25," ",,,,,,,,," "
2014-12-30,,,,," ",,,,," ",1,1.233133333,EUR,," ",,,,,," ",0.629613599,0.776397516,NZD,,,,6.4,25," ",,,,,,,,," "
2015-01-02,,,,," ",,,,," ",1,1.162133333,EUR,," ",,,,,," ",,,,,,,,," ",,,,,,,,," "
2015-01-05,,,,," ",,,,," ",1,1.162133333,EUR,," ",,,,,," ",0.65741192,0.764000306,NZD,,,,6,25," ",,,,,,,,," "
2015-01-06,,,,," ",,,,," ",1,1.162133333,EUR,," ",,,,,," ",0.65741192,0.764000306,NZD,,,,6.07,25," ",,,,,,,,," "
2015-01-07,,,,," ",,,,," ",1,1.162133333,EUR,," ",,,,,," ",0.65741192,0.764000306,NZD,,,,6,25," ",,,,,,,,," "
2015-01-08,,,,," ",,,,," ",1,1.162133333,EUR,6.7," ",,,,,," ",0.65741192,0.764000306,NZD,,,,6.1,25," ",,,,,,,,," "
2015-01-09,,,,," ",,,,," ",1,1.162133333,EUR,6.71," ",,,,,," ",0.65741192,0.764000306,NZD,,,,6.1,25," ",,,,,,,,," "
2015-01-12,,,,," ",,,,," ",1,1.162133333,EUR,6.59," ",,,,,," ",0.65741192,0.764000306,NZD,,,,5.97,25," ",,,,,,,,," "
2015-01-13,,,,," ",,,,," ",1,1.162133333,EUR,6.77," ",,,,,," ",0.65741192,0.764000306,NZD,,,,6,25," ",,,,,,,,," "
2015-01-14,,,,," ",,,,," ",1,1.162133333,EUR,6.99," ",,,,,," ",0.65741192,0.764000306,NZD,,,,6.15,25," ",,,,,,,,," "
2015-01-15,,,,," ",,,,," ",1,1.162133333,EUR,7.1," ",,,,,," ",0.65741192,0.764000306,NZD,,,,6,25," ",,,,,,,,," "
2015-01-16,,,,," ",,,,," ",1,1.162133333,EUR,7.05," ",,,,,," ",0.65741192,0.764000306,NZD,,,,6.05,25," ",,,,,,,,," "
2015-01-19,,,,," ",,,,," ",1,1.162133333,EUR,7.06," ",,,,,," ",,,,,,,,," ",,,,,,,,," "
2015-01-20,,,,," ",,,,," ",1,1.162133333,EUR,7.25," ",,,,,," ",0.65741192,0.764000306,NZD,,,,6,25," ",,,,,,,,," "
2015-01-21,,,,," ",,,,," ",1,1.162133333,EUR,," ",,,,,," ",0.65741192,0.764000306,NZD,,,,6,25," ",,,,,,,,," "
2015-01-22,,,,," ",,,,," ",1,1.162133333,EUR,7.02," ",,,,,," ",0.65741192,0.764000306,NZD,,,,6,25," ",,,,,,,,," "
2015-01-23,,,,," ",,,,," ",1,1.162133333,EUR,6.81," ",,,,,," ",0.65741192,0.764000306,NZD,,,,6,25," ",,,,,,,,," "
2015-01-26,,,,," ",,,,," ",1,1.162133333,EUR,6.76," ",,,,,," ",,,,,,,,," ",,,,,,,,," "
2015-01-27,,,,," ",,,,," ",1,1.162133333,EUR,6.82," ",,,,,," ",0.65741192,0.764000306,NZD,,,,5.95,25," ",,,,,,,,," "
2015-01-28,,,,," ",,,,," ",1,1.162133333,EUR,6.76," ",,,,,," ",0.65741192,0.764000306,NZD,,,,6,25," ",,,,,,,,," "
2015-01-29,,,,," ",,,,," ",1,1.162133333,EUR,6.92," ",,,,,," ",0.65741192,0.764000306,NZD,,,,6.05,25," ",,,,,,,,," "
2015-01-30,,,,," ",,,,," ",1,1.162133333,EUR,6.96," ",,,,,," ",0.65741192,0.764000306,NZD,,,,5.95,25," ",,,,,,,,," "
2015-02-02,,,,," ",,,,," ",1,1.134965,EUR,7.06," ",,,,,," ",0.655861574,0.744379932,NZD,,,,6.1,25," ",,,,,,,,," "
2015-02-03,,,,," ",,,,," ",1,1.134965,EUR,7.06," ",,,,,," ",0.655861574,0.744379932,NZD,,,,6.1,25," ",,,,,,,,," "
2015-02-04,,,,," ",,,,," ",1,1.134965,EUR,," ",,,,,," ",,,,,,,,," ",,,,,,,,," "
2015-02-05,,,,," ",,,,," ",1,1.134965,EUR,6.87," ",,,,,," ",0.655861574,0.744379932,NZD,,,,6.02,25," ",,,,,,,,," "
2015-02-06,,,,," ",,,,," ",1,1.134965,EUR,6.92," ",,,,,," ",,,,,,,,," ",,,,,,,,," "
2015-02-09,,,,," ",,,,," ",1,1.134965,EUR,6.86," ",,,,,," ",0.655861574,0.744379932,NZD,,,,5.9,25," ",,,,,,,,," "
2015-02-10,,,,," ",,,,," ",1,1.134965,EUR,6.88," ",,,,,," ",0.655861574,0.744379932,NZD,,,,5.92,25," ",,,,,,,,," "
2015-02-11,,,,," ",,,,," ",1,1.134965,EUR,6.87," ",,,,,," ",0.655861574,0.744379932,NZD,,,,5.95,25," ",,,,,,,,," "
2015-02-12,,,,," ",,,,," ",1,1.134965,EUR,7.29," ",,,,,," ",0.655861574,0.744379932,NZD,,,,6,25," ",,,,,,,,," "
2015-02-13,,,,," ",,,,," ",1,1.134965,EUR,7.35," ",,,,,," ",0.655861574,0.744379932,NZD,,,,6,25," ",,,,,,,,," "
2015-02-16,,,,," ",,,,," ",1,1.134965,EUR,7.66," ",,,,,," ",0.655861574,0.744379932,NZD,,,,5.95,25," ",,,,,,,,," "
2015-02-17,,,,," ",,,,," ",1,1.134965,EUR,7.62," ",,,,,," ",0.655861574,0.744379932,NZD,,,,5.95,25," ",,,,,,,,," "
2015-02-18,,,,," ",,,,," ",1,1.134965,EUR,," ",,,,,," ",0.655861574,0.744379932,NZD,,,,5.97,25," ",,,,,,,,," "
2015-02-19,,,,," ",,,,," ",1,1.134965,EUR,7.37," ",,,,,," ",0.655861574,0.744379932,NZD,,,,5.97,25," ",,,,,,,,," "
2015-02-20,,,,," ",,,,," ",1,1.134965,EUR,7.26," ",,,,,," ",0.655861574,0.744379932,NZD,,,,5.97,25," ",,,,,,,,," "
2015-02-23,,,,," ",,,,," ",1,1.134965,EUR,7.2," ",,,,,," ",0.655861574,0.744379932,NZD,,,,5.97,25," ",,,,,,,,," "
2015-02-24,,,,," ",,,,," ",1,1.134965,EUR,7.66," ",,,,,," ",0.655861574,0.744379932,NZD,,,,5.85,25," ",,,,,,,,," "
2015-02-25,,,,," ",,,,," ",1,1.134965,EUR,7.35," ",,,,,," ",0.655861574,0.744379932,NZD,,,,5.86,25," ",,,,,,,,," "
2015-02-26,,,,," ",,,,," ",1,1.134965,EUR,7.29," ",,,,,," ",0.655861574,0.744379932,NZD,,,,5.9,25," ",,,,,,,,," "
2015-02-27,,,,," ",,,,," ",1,1.134965,EUR,6.93," ",,,,,," ",0.655861574,0.744379932,NZD,,,,5.9,25," ",,,,,,,,," "
2015-03-02,,,,," ",,,,," ",1,1.083768182,EUR,6.9," ",,,,,," ",0.689513189,0.747272456,NZD,,,,6.05,25," ",,,,,,,,," "
2015-03-03,,,,," ",,,,," ",1,1.083768182,EUR,6.82," ",,,,,," ",0.689513189,0.747272456,NZD,,,,6.15,25," ",,,,,,,,," "
2015-03-04,,,,," ",,,,," ",1,1.083768182,EUR,," ",,,,,," ",0.689513189,0.747272456,NZD,,,,6.25,25," ",,,,,,,,," "
2015-03-05,,,,," ",,,,," ",1,1.083768182,EUR,6.96," ",,,,,," ",0.689513189,0.747272456,NZD,,,,6.1,25," ",,,,,,,,," "
2015-03-06,,,,," ",,,,," ",1,1.083768182,EUR,6.7," ",,,,,," ",0.689513189,0.747272456,NZD,,,,6.1,25," ",,,,,,,,," "
2015-03-09,,,,," ",,,,," ",1,1.083768182,EUR,6.66," ",,,,,," ",0.689513189,0.747272456,NZD,,,,6.17,25," ",,,,,,,,," "
2015-03-10,,,,," ",,,,," ",1,1.083768182,EUR,6.67," ",,,,,," ",0.689513189,0.747272456,NZD,,,,6.25,25," ",,,,,,,,," "
2015-03-11,,,,," ",,,,," ",1,1.083768182,EUR,6.48," ",,,,,," ",0.689513189,0.747272456,NZD,,,,6.35,25," ",,,,,,,,," "
2015-03-12,,,,," ",,,,," ",1,1.083768182,EUR,6.61," ",,,,,," ",0.689513189,0.747272456,NZD,,,,6.4,25," ",,,,,,,,," "
2015-03-13,,,,," ",,,,," ",1,1.083768182,EUR,6.26," ",,,,,," ",0.689513189,0.747272456,NZD,,,,6.45,25," ",,,,,,,,," "
2015-03-16,,,,," ",,,,," ",1,1.083768182,EUR,6.36," ",,,,,," ",0.689513189,0.747272456,NZD,,,,6.45,25," ",,,,,,,,," "
2015-03-17,,,,," ",,,,," ",1,1.083768182,EUR,6.45," ",,,,,," ",0.689513189,0.747272456,NZD,,,,6.45,25," ",,,,,,,,," "
2015-03-18,,,,," ",,,,," ",1,1.083768182,EUR,," ",,,,,," ",0.689513189,0.747272456,NZD,,,,6.45,25," ",,,,,,,,," "
2015-03-19,,,,," ",,,,," ",1,1.083768182,EUR,6.7," ",,,,,," ",0.689513189,0.747272456,NZD,,,,6.55,25," ",,,,,,,,," "
2015-03-20,,,,," ",,,,," ",1,1.083768182,EUR,6.7," ",,,,,," ",0.689513189,0.747272456,NZD,,,,6.55,25," ",,,,,,,,," "
2015-03-23,,,,," ",,,,," ",1,1.083768182,EUR,6.94," ",,,,,," ",0.689513189,0.747272456,NZD,,,,6.5,25," ",,,,,,,,," "
2015-03-24,,,,," ",,,,," ",1,1.083768182,EUR,7.02," ",,,,,," ",0.689513189,0.747272456,NZD,,,,6.45,25," ",,,,,,,,," "
2015-03-25,,,,," ",,,,," ",1,1.083768182,EUR,6.77," ",,,,,," ",0.689513189,0.747272456,NZD,,,,6.55,25," ",,,,,,,,," "
2015-03-26,,,,," ",,,,," ",1,1.083768182,EUR,7," ",,,,,," ",0.689513189,0.747272456,NZD,,,,6.5,25," ",,,,,,,,," "
2015-03-27,,,,," ",,,,," ",1,1.083768182,EUR,6.9," ",,,,,," ",0.689513189,0.747272456,NZD,,,,6.6,25," ",,,,,,,,," "
2015-03-30,,,,," ",,,,," ",1,1.083768182,EUR,6.81," ",,,,,," ",0.689513189,0.747272456,NZD,,,,6.57,25," ",,,,,,,,," "
2015-03-31,,,,," ",,,,," ",1,1.083768182,EUR,6.79," ",,,,,," ",0.689513189,0.747272456,NZD,,,,6.6,25," ",,,,,,,,," "
2015-04-01,,,,," ",,,,," ",1,1.07793,EUR,," ",,,,,," ",0.70349892,0.75832259,NZD,,,,6.6,25," ",,,,,,,,," "
2015-04-02,,,,," ",,,,," ",1,1.07793,EUR,7.14," ",,,,,," ",0.70349892,0.75832259,NZD,,,,6.7,25," ",,,,,,,,," "
2015-04-07,,,,," ",,,,," ",1,1.07793,EUR,7.08," ",,,,,," ",0.70349892,0.75832259,NZD,,,,6.7,25," ",,,,,,,,," "
2015-04-08,,,,," ",,,,," ",1,1.07793,EUR,," ",,,,,," ",0.70349892,0.75832259,NZD,,,,6.52,25," ",,,,,,,,," "
2015-04-09,,,,," ",,,,," ",1,1.07793,EUR,7.12," ",,,,,," ",0.70349892,0.75832259,NZD,,,,6.55,25," ",,,,,,,,," "
2015-04-10,,,,," ",,,,," ",1,1.07793,EUR,6.96," ",,,,,," ",0.70349892,0.75832259,NZD,,,,6.55,25," ",,,,,,,,," "
2015-04-13,,,,," ",,,,," ",1,1.07793,EUR,6.82," ",,,,,," ",0.70349892,0.75832259,NZD,,,,6.6,25," ",,,,,,,,," "
2015-04-14,,,,," ",,,,," ",1,1.07793,EUR,6.77," ",,,,,," ",0.70349892,0.75832259,NZD,,,,6.55,25," ",,,,,,,,," "
2015-04-15,,,,," ",,,,," ",1,1.07793,EUR,," ",,,,,," ",0.70349892,0.75832259,NZD,,,,6.55,25," ",,,,,,,,," "
2015-04-16,,,,," ",,,,," ",1,1.07793,EUR,6.82," ",,,,,," ",0.70349892,0.75832259,NZD,,,,6.5,25," ",,,,,,,,," "
2015-04-17,,,,," ",,,,," ",1,1.07793,EUR,6.83," ",,,,,," ",0.70349892,0.75832259,NZD,,,,6.3,25," ",,,,,,,,," "
2015-04-20,,,,," ",,,,," ",1,1.07793,EUR,6.88," ",,,,,," ",0.70349892,0.75832259,NZD,,,,6.27,25," ",,,,,,,,," "
2015-04-21,,,,," ",,,,," ",1,1.07793,EUR,7.07," ",,,,,," ",0.70349892,0.75832259,NZD,,,,6.1,25," ",,,,,,,,," "
2015-04-22,,,,," ",,,,," ",1,1.07793,EUR,6.75," ",,,,,," ",0.70349892,0.75832259,NZD,,,,6.17,25," ",,,,,,,,," "
2015-04-23,,,,," ",,,,," ",1,1.07793,EUR,7.06," ",,,,,," ",0.70349892,0.75832259,NZD,,,,6.15,25," ",,,,,,,,," "
2015-04-24,,,,," ",,,,," ",1,1.07793,EUR,7.27," ",,,,,," ",0.70349892,0.75832259,NZD,,,,6.15,25," ",,,,,,,,," "
2015-04-27,,,,," ",,,,," ",1,1.07793,EUR,7.33," ",,,,,," ",,,,,,,,," ",,,,,,,,," "
2015-04-28,,,,," ",,,,," ",1,1.07793,EUR,7.16," ",,,,,," ",0.70349892,0.75832259,NZD,,,,6.05,25," ",,,,,,,,," "
2015-04-29,,,,," ",,,,," ",1,1.07793,EUR,," ",,,,,," ",0.70349892,0.75832259,NZD,,,,6,25," ",,,,,,,,," "
2015-04-30,,,,," ",,,,," ",1,1.07793,EUR,7.52," ",,,,,," ",0.70349892,0.75832259,NZD,,,,6.05,25," ",,,,,,,,," "
2015-05-04,,,,," ",,,,," ",1,1.114955,EUR,," ",,,,,," ",0.663189281,0.739426205,NZD,,,,6.07,25," ",,,,,,,,," "
2015-05-05,,,,," ",,,,," ",1,1.114955,EUR,7.5," ",,,,,," ",0.663189281,0.739426205,NZD,,,,6.05,25," ",,,,,,,,," "
2015-05-06,,,,," ",,,,," ",1,1.114955,EUR,7.25," ",,,,,," ",0.663189281,0.739426205,NZD,,,,6,25," ",,,,,,,,," "
2015-05-07,,,,," ",,,,," ",1,1.114955,EUR,7.5," ",,,,,," ",0.663189281,0.739426205,NZD,,,,5.95,25," ",,,,,,,,," "
2015-05-08,,,,," ",,,,," ",1,1.114955,EUR,7.43," ",,,,,," ",0.663189281,0.739426205,NZD,,,,5.95,25," ",,,,,,,,," "
2015-05-11,,,,," ",,,,," ",1,1.114955,EUR,7.5," ",,,,,," ",0.663189281,0.739426205,NZD,,,,5.95,25," ",,,,,,,,," "
2015-05-12,,,,," ",,,,," ",1,1.114955,EUR,7.62," ",,,,,," ",0.663189281,0.739426205,NZD,,,,5.75,25," ",,,,,,,,," "
2015-05-13,,,,," ",,,,," ",1,1.114955,EUR,," ",,,,,," ",0.663189281,0.739426205,NZD,,,,5.75,25," ",,,,,,,,," "
2015-05-14,,,,," ",,,,," ",1,1.114955,EUR,," ",,,,,," ",0.663189281,0.739426205,NZD,,,,5.72,25," ",,,,,,,,," "
2015-05-15,,,,," ",,,,," ",1,1.114955,EUR,7.48," ",,,,,," ",0.663189281,0.739426205,NZD,,,,5.75,25," ",,,,,,,,," "
2015-05-18,,,,," ",,,,," ",1,1.114955,EUR,7.54," ",,,,,," ",0.663189281,0.739426205,NZD,,,,5.5,25," ",,,,,,,,," "
2015-05-19,,,,," ",,,,," ",1,1.114955,EUR,7.51," ",,,,,," ",0.663189281,0.739426205,NZD,,,,5.4,25," ",,,,,,,,," "
2015-05-20,,,,," ",,,,," ",1,1.114955,EUR,7.38," ",,,,,," ",0.663189281,0.739426205,NZD,,,,5.2,25," ",,,,,,,,," "
2015-05-21,,,,," ",,,,," ",1,1.114955,EUR,7.3," ",,,,,," ",0.663189281,0.739426205,NZD,,,,5.25,25," ",,,,,,,,," "
2015-05-22,,,,," ",,,,," ",1,1.114955,EUR,7.25," ",,,,,," ",0.663189281,0.739426205,NZD,,,,5.15,25," ",,,,,,,,," "
2015-05-26,,,,," ",,,,," ",1,1.114955,EUR,7.28," ",,,,,," ",0.663189281,0.739426205,NZD,,,,5.25,25," ",,,,,,,,," "
2015-05-27,,,,," ",,,,," ",1,1.114955,EUR,," ",,,,,," ",0.663189281,0.739426205,NZD,,,,5.25,25," ",,,,,,,,," "
2015-05-28,,,,," ",,,,," ",1,1.114955,EUR,7.2," ",,,,,," ",0.663189281,0.739426205,NZD,,,,5.25,25," ",,,,,,,,," "
2015-05-29,,,,," ",,,,," ",1,1.114955,EUR,7.22," ",,,,,," ",0.663189281,0.739426205,NZD,,,,5.25,25," ",,,,,,,,," "
2015-06-01,,,,," ",,,,," ",1,1.121322727,EUR,7.23," ",,,,,," ",,,,,,,,," ",,,,,,,,," "
2015-06-02,,,,," ",,,,," ",1,1.121322727,EUR,7.26," ",,,,,," ",0.623377546,0.699007409,NZD,,,,5.25,25," ",,,,,,,,," "
2015-06-03,,,,," ",,,,," ",1,1.121322727,EUR,," ",,,,,," ",0.623377546,0.699007409,NZD,,,,5.15,25," ",,,,,,,,," "
2015-06-04,,,,," ",,,,," ",1,1.121322727,EUR,," ",,,,,," ",0.623377546,0.699007409,NZD,,,,5.4,25," ",,,,,,,,," "
2015-06-05,,,,," ",,,,," ",1,1.121322727,EUR,7.4," ",,,,,," ",0.623377546,0.699007409,NZD,,,,5.4,25," ",,,,,,,,," "
2015-06-08,,,,," ",,,,," ",1,1.121322727,EUR,7.38," ",,,,,," ",0.623377546,0.699007409,NZD,,,,5.55,25," ",,,,,,,,," "
2015-06-09,,,,," ",,,,," ",1,1.121322727,EUR,7.48," ",,,,,," ",0.623377546,0.699007409,NZD,,,,5.55,25," ",,,,,,,,," "
2015-06-10,,,,," ",,,,," ",1,1.121322727,EUR,," ",,,,,," ",0.623377546,0.699007409,NZD,,,,6.05,25," ",,,,,,,,," "
2015-06-11,,,,," ",,,,," ",1,1.121322727,EUR,7.58," ",,,,,," ",0.623377546,0.699007409,NZD,,,,6.05,25," ",,,,,,,,," "
2015-06-12,,,,," ",,,,," ",1,1.121322727,EUR,7.52," ",,,,,," ",0.623377546,0.699007409,NZD,,,,6.7,25," ",,,,,,,,," "
2015-06-15,,,,," ",,,,," ",1,1.121322727,EUR,7.54," ",,,,,," ",0.623377546,0.699007409,NZD,,,,7.1,25," ",,,,,,,,," "
2015-06-16,,,,," ",,,,," ",1,1.121322727,EUR,7.48," ",,,,,," ",0.623377546,0.699007409,NZD,,,,7.05,25," ",,,,,,,,," "
2015-06-17,,,,," ",,,,," ",1,1.121322727,EUR,," ",,,,,," ",0.623377546,0.699007409,NZD,,,,6.85,25," ",,,,,,,,," "
2015-06-18,,,,," ",,,,," ",1,1.121322727,EUR,7.45," ",,,,,," ",0.623377546,0.699007409,NZD,,,,6.8,25," ",,,,,,,,," "
2015-06-19,,,,," ",,,,," ",1,1.121322727,EUR,7.41," ",,,,,," ",0.623377546,0.699007409,NZD,,,,6.75,25," ",,,,,,,,," "
2015-06-22,,,,," ",,,,," ",1,1.121322727,EUR,7.43," ",,,,,," ",0.623377546,0.699007409,NZD,,,,6.85,25," ",,,,,,,,," "
2015-06-23,,,,," ",,,,," ",1,1.121322727,EUR,7.45," ",,,,,," ",0.623377546,0.699007409,NZD,,,,6.8,25," ",,,,,,,,," "
2015-06-24,,,,," ",,,,," ",1,1.121322727,EUR,," ",,,,,," ",0.623377546,0.699007409,NZD,,,,6.7,25," ",,,,,,,,," "
2015-06-25,,,,," ",,,,," ",1,1.121322727,EUR,7.52," ",,,,,," ",0.623377546,0.699007409,NZD,,,,6.7,25," ",,,,,,,,," "
2015-06-26,,,,," ",,,,," ",1,1.121322727,EUR,7.5," ",,,,,," ",0.623377546,0.699007409,NZD,,,,6.7,25," ",,,,,,,,," "
2015-06-29,,,,," ",,,,," ",1,1.121322727,EUR,7.36," ",,,,,," ",0.623377546,0.699007409,NZD,,,,6.65,25," ",,,,,,,,," "
2015-06-30,,,,," ",,,,," ",1,1.121322727,EUR,7.36," ",,,,,," ",0.623377546,0.699007409,NZD,,,,6.8,25," ",,,,,,,,," "
2015-07-01,,,,," ",,,,," ",1,1.099578261,EUR,7.16," ",,,,,," ",0.604962142,0.66520322,NZD,,,,6.8,25," ",,,,,,,,," "
2015-07-02,,,,," ",,,,," ",1,1.099578261,EUR,7.42," ",,,,,," ",0.604962142,0.66520322,NZD,,,,6.8,25," ",,,,,,,,," "
2015-07-03,,,,," ",,,,," ",1,1.099578261,EUR,7.42," ",,,,,," ",0.604962142,0.66520322,NZD,,,,6.87,25," ",,,,,,,,," "
2015-07-06,,,,," ",,,,," ",1,1.099578261,EUR,7.33," ",,,,,," ",0.604962142,0.66520322,NZD,,,,6.87,25," ",,,,,,,,," "
2015-07-07,,,,," ",,,,," ",1,1.099578261,EUR,7.35," ",,,,,," ",0.604962142,0.66520322,NZD,,,,6.9,25," ",,,,,,,,," "
2015-07-08,,,,," ",,,,," ",1,1.099578261,EUR,," ",,,,,," ",0.604962142,0.66520322,NZD,,,,6.9,25," ",,,,,,,,," "
2015-07-09,,,,," ",,,,," ",1,1.099578261,EUR,7.43," ",,,,,," ",0.604962142,0.66520322,NZD,,,,7,25," ",,,,,,,,," "
2015-07-10,,,,," ",,,,," ",1,1.099578261,EUR,7.52," ",,,,,," ",0.604962142,0.66520322,NZD,,,,7.05,25," ",,,,,,,,," "
2015-07-13,,,,," ",,,,," ",1,1.099578261,EUR,7.64," ",,,,,," ",0.604962142,0.66520322,NZD,,,,7.05,25," ",,,,,,,,," "
2015-07-14,,,,," ",,,,," ",1,1.099578261,EUR,7.72," ",,,,,," ",0.604962142,0.66520322,NZD,,,,7,25," ",,,,,,,,," "
2015-07-15,,,,," ",,,,," ",1,1.099578261,EUR,," ",,,,,," ",0.604962142,0.66520322,NZD,,,,7,25," ",,,,,,,,," "
2015-07-16,,,,," ",,,,," ",1,1.099578261,EUR,7.69," ",,,,,," ",0.604962142,0.66520322,NZD,,,,7,25," ",,,,,,,,," "
2015-07-17,,,,," ",,,,," ",1,1.099578261,EUR,7.6," ",,,,,," ",0.604962142,0.66520322,NZD,,,,7,25," ",,,,,,,,," "
2015-07-20,,,,," ",,,,," ",1,1.099578261,EUR,7.76," ",,,,,," ",0.604962142,0.66520322,NZD,,,,6.8,25," ",,,,,,,,," "
2015-07-21,,,,," ",,,,," ",1,1.099578261,EUR,7.92," ",,,,,," ",0.604962142,0.66520322,NZD,,,,6.9,25," ",,,,,,,,," "
2015-07-22,,,,," ",,,,," ",1,1.099578261,EUR,," ",,,,,," ",0.604962142,0.66520322,NZD,,,,7,25," ",,,,,,,,," "
2015-07-23,,,,," ",,,,," ",1,1.099578261,EUR,8.04," ",,,,,," ",0.604962142,0.66520322,NZD,,,,6.9,25," ",,,,,,,,," "
2015-07-24,,,,," ",,,,," ",1,1.099578261,EUR,8.01," ",,,,,," ",0.604962142,0.66520322,NZD,,,,6.9,25," ",,,,,,,,," "
2015-07-27,,,,," ",,,,," ",1,1.099578261,EUR,7.98," ",,,,,," ",0.604962142,0.66520322,NZD,,,,6.82,25," ",,,,,,,,," "
2015-07-28,,,,," ",,,,," ",1,1.099578261,EUR,7.95," ",,,,,," ",0.604962142,0.66520322,NZD,,,,6.85,25," ",,,,,,,,," "
2015-07-29,,,,," ",,,,," ",1,1.099578261,EUR,8.03," ",,,,,," ",0.604962142,0.66520322,NZD,,,,6.85,25," ",,,,,,,,," "
2015-07-30,,,,," ",,,,," ",1,1.099578261,EUR,8," ",,,,,," ",0.604962142,0.66520322,NZD,,,,6.85,25," ",,,,,,,,," "
2015-07-31,,,,," ",,,,," ",1,1.099578261,EUR,7.82," ",,,,,," ",0.604962142,0.66520322,NZD,,,,6.85,25," ",,,,,,,,," "
2015-08-03,,,,," ",,,,," ",1,1.113904762,EUR,7.91," ",,,,,," ",0.587912782,0.654878847,NZD,,,,6.85,25," ",,,,,,,,," "
2015-08-04,,,,," ",,,,," ",1,1.113904762,EUR,7.94," ",,,,,," ",0.587912782,0.654878847,NZD,,,,6.95,25," ",,,,,,,,," "
2015-08-05,,,,," ",,,,," ",1,1.113904762,EUR,," ",,,,,," ",0.587912782,0.654878847,NZD,,,,6.95,25," ",,,,,,,,," "
2015-08-06,,,,," ",,,,," ",1,1.113904762,EUR,7.83," ",,,,,," ",0.587912782,0.654878847,NZD,,,,6.95,25," ",,,,,,,,," "
2015-08-07,,,,," ",,,,," ",1,1.113904762,EUR,7.79," ",,,,,," ",0.587912782,0.654878847,NZD,,,,6.95,25," ",,,,,,,,," "
2015-08-10,,,,," ",,,,," ",1,1.113904762,EUR,7.78," ",,,,,," ",0.587912782,0.654878847,NZD,,,,6.85,25," ",,,,,,,,," "
2015-08-11,,,,," ",,,,," ",1,1.113904762,EUR,7.95," ",,,,,," ",0.587912782,0.654878847,NZD,,,,6.8,25," ",,,,,,,,," "
2015-08-12,,,,," ",,,,," ",1,1.113904762,EUR,," ",,,,,," ",0.587912782,0.654878847,NZD,,,,6.85,25," ",,,,,,,,," "
2015-08-13,,,,," ",,,,," ",1,1.113904762,EUR,8.18," ",,,,,," ",0.587912782,0.654878847,NZD,,,,6.9,25," ",,,,,,,,," "
2015-08-14,,,,," ",,,,," ",1,1.113904762,EUR,8.15," ",,,,,," ",0.587912782,0.654878847,NZD,,,,6.92,25," ",,,,,,,,," "
2015-08-17,,,,," ",,,,," ",1,1.113904762,EUR,8.26," ",,,,,," ",0.587912782,0.654878847,NZD,,,,6.9,25," ",,,,,,,,," "
2015-08-18,,,,," ",,,,," ",1,1.113904762,EUR,8.17," ",,,,,," ",0.587912782,0.654878847,NZD,,,,6.8,25," ",,,,,,,,," "
2015-08-19,,,,," ",,,,," ",1,1.113904762,EUR,," ",,,,,," ",0.587912782,0.654878847,NZD,,,,6.9,25," ",,,,,,,,," "
2015-08-20,,,,," ",,,,," ",1,1.113904762,EUR,8.31," ",,,,,," ",0.587912782,0.654878847,NZD,,,,6.95,25," ",,,,,,,,," "
2015-08-21,,,,," ",,,,," ",1,1.113904762,EUR,8.31," ",,,,,," ",0.587912782,0.654878847,NZD,,,,6.9,25," ",,,,,,,,," "
2015-08-24,,,,," ",,,,," ",1,1.113904762,EUR,8.08," ",,,,,," ",0.587912782,0.654878847,NZD,,,,6.75,25," ",,,,,,,,," "
2015-08-25,,,,," ",,,,," ",1,1.113904762,EUR,8.22," ",,,,,," ",0.587912782,0.654878847,NZD,,,,6.8,25," ",,,,,,,,," "
2015-08-26,,,,," ",,,,," ",1,1.113904762,EUR,," ",,,,,," ",0.587912782,0.654878847,NZD,,,,6.75,25," ",,,,,,,,," "
2015-08-27,,,,," ",,,,," ",1,1.113904762,EUR,8.07," ",,,,,," ",0.587912782,0.654878847,NZD,,,,6.75,25," ",,,,,,,,," "
2015-08-28,,,,," ",,,,," ",1,1.113904762,EUR,8.04," ",,,,,," ",0.587912782,0.654878847,NZD,,,,6.75,25," ",,,,,,,,," "
2015-08-31,,,,," ",,,,," ",1,1.113904762,EUR,," ",,,,,," ",0.587912782,0.654878847,NZD,,,,6.8,25," ",,,,,,,,," "
2015-09-01,,,,," ",,,,," ",1,1.122118182,EUR,7.98," ",,,,,," ",0.564461445,0.63339245,NZD,,,,6.85,25," ",,,,,,,,," "
2015-09-02,,,,," ",,,,," ",1,1.122118182,EUR,," ",,,,,," ",0.564461445,0.63339245,NZD,,,,6.85,25," ",,,,,,,,," "
2015-09-03,,,,," ",,,,," ",1,1.122118182,EUR,8.06," ",,,,,," ",0.564461445,0.63339245,NZD,,,,6.8,25," ",,,,,,,,," "
2015-09-04,,,,," ",,,,," ",1,1.122118182,EUR,8.06," ",,,,,," ",0.564461445,0.63339245,NZD,,,,6.8,25," ",,,,,,,,," "
2015-09-07,,,,," ",,,,," ",1,1.122118182,EUR,8.02," ",,,,,," ",0.564461445,0.63339245,NZD,,,,6.85,25," ",,,,,,,,," "
2015-09-08,,,,," ",,,,," ",1,1.122118182,EUR,8.09," ",,,,,," ",0.564461445,0.63339245,NZD,,,,6.8,25," ",,,,,,,,," "
2015-09-09,,,,," ",,,,," ",1,1.122118182,EUR,7.94," ",,,,,," ",0.564461445,0.63339245,NZD,,,,6.8,25," ",,,,,,,,," "
2015-09-10,,,,," ",,,,," ",1,1.122118182,EUR,8.25," ",,,,,," ",0.564461445,0.63339245,NZD,,,,6.77,25," ",,,,,,,,," "
2015-09-11,,,,," ",,,,," ",1,1.122118182,EUR,8.22," ",,,,,," ",0.564461445,0.63339245,NZD,,,,6.75,25," ",,,,,,,,," "
2015-09-14,,,,," ",,,,," ",1,1.122118182,EUR,8.21," ",,,,,," ",0.564461445,0.63339245,NZD,,,,6.85,25," ",,,,,,,,," "
2015-09-15,,,,," ",,,,," ",1,1.122118182,EUR,8.17," ",,,,,," ",0.564461445,0.63339245,NZD,,,,6.75,25," ",,,,,,,,," "
2015-09-16,,,,," ",,,,," ",1,1.122118182,EUR,," ",,,,,," ",0.564461445,0.63339245,NZD,,,,6.75,25," ",,,,,,,,," "
2015-09-17,,,,," ",,,,," ",1,1.122118182,EUR,8.18," ",,,,,," ",0.564461445,0.63339245,NZD,,,,6.72,25," ",,,,,,,,," "
2015-09-18,,,,," ",,,,," ",1,1.122118182,EUR,8.16," ",,,,,," ",0.564461445,0.63339245,NZD,,,,6.7,25," ",,,,,,,,," "
2015-09-21,,,,," ",,,,," ",1,1.122118182,EUR,8.04," ",,,,,," ",0.564461445,0.63339245,NZD,,,,6.67,25," ",,,,,,,,," "
2015-09-22,,,,," ",,,,," ",1,1.122118182,EUR,7.98," ",,,,,," ",0.564461445,0.63339245,NZD,,,,6.57,25," ",,,,,,,,," "
2015-09-23,,,,," ",,,,," ",1,1.122118182,EUR,8.04," ",,,,,," ",0.564461445,0.63339245,NZD,,,,6.55,25," ",,,,,,,,," "
2015-09-24,,,,," ",,,,," ",1,1.122118182,EUR,7.99," ",,,,,," ",0.564461445,0.63339245,NZD,,,,6.55,25," ",,,,,,,,," "
2015-09-25,,,,," ",,,,," ",1,1.122118182,EUR,7.94," ",,,,,," ",0.564461445,0.63339245,NZD,,,,6.57,25," ",,,,,,,,," "
2015-09-28,,,,," ",,,,," ",1,1.122118182,EUR,7.92," ",,,,,," ",0.564461445,0.63339245,NZD,,,,6.65,25," ",,,,,,,,," "
2015-09-29,,,,," ",,,,," ",1,1.122118182,EUR,7.87," ",,,,,," ",0.564461445,0.63339245,NZD,,,,6.67,25," ",,,,,,,,," "
2015-09-30,,,,," ",,,,," ",1,1.122118182,EUR,," ",,,,,," ",0.564461445,0.63339245,NZD,,,,6.75,25," ",,,,,,,,," "
2015-10-01,,,,," ",,,,," ",1,1.123509091,EUR,8.2," ",,,,,," ",0.593656009,0.666977923,NZD,,,,6.72,25," ",,,,,,,,," "
2015-10-02,,,,," ",,,,," ",1,1.123509091,EUR,8.1," ",,,,,," ",0.593656009,0.666977923,NZD,,,,6.75,25," ",,,,,,,,," "
2015-10-05,,,,," ",,,,," ",1,1.123509091,EUR,8.16," ",,,,,," ",0.593656009,0.666977923,NZD,,,,6.8,25," ",,,,,,,,," "
2015-10-06,,,,," ",,,,," ",1,1.123509091,EUR,8.16," ",,,,,," ",0.593656009,0.666977923,NZD,,,,6.75,25," ",,,,,,,,," "
2015-10-07,,,,," ",,,,," ",1,1.123509091,EUR,7.97," ",,,,,," ",0.593656009,0.666977923,NZD,,,,6.75,25," ",,,,,,,,," "
2015-10-08,,,,," ",,,,," ",1,1.123509091,EUR,8.11," ",,,,,," ",0.593656009,0.666977923,NZD,,,,6.73,25," ",,,,,,,,," "
2015-10-09,,,,," ",,,,," ",1,1.123509091,EUR,8.16," ",,,,,," ",0.593656009,0.666977923,NZD,,,,6.8,25," ",,,,,,,,," "
2015-10-12,,,,," ",,,,," ",1,1.123509091,EUR,8.26," ",,,,,," ",0.593656009,0.666977923,NZD,,,,6.82,25," ",,,,,,,,," "
2015-10-13,,,,," ",,,,," ",1,1.123509091,EUR,8.3," ",,,,,," ",0.593656009,0.666977923,NZD,,,,6.9,25," ",,,,,,,,," "
2015-10-14,,,,," ",,,,," ",1,1.123509091,EUR,," ",,,,,," ",0.593656009,0.666977923,NZD,,,,6.9,25," ",,,,,,,,," "
2015-10-15,,,,," ",,,,," ",1,1.123509091,EUR,8.46," ",,,,,," ",0.593656009,0.666977923,NZD,,,,6.9,25," ",,,,,,,,," "
2015-10-16,,,,," ",,,,," ",1,1.123509091,EUR,8.37," ",,,,,," ",0.593656009,0.666977923,NZD,,,,6.9,25," ",,,,,,,,," "
2015-10-19,,,,," ",,,,," ",1,1.123509091,EUR,8.35," ",,,,,," ",0.593656009,0.666977923,NZD,,,,6.9,25," ",,,,,,,,," "
2015-10-20,,,,," ",,,,," ",1,1.123509091,EUR,8.32," ",,,,,," ",0.593656009,0.666977923,NZD,,,,6.95,25," ",,,,,,,,," "
2015-10-21,,,,," ",,,,," ",1,1.123509091,EUR,," ",,,,,," ",0.593656009,0.666977923,NZD,,,,7.05,25," ",,,,,,,,," "
2015-10-22,,,,," ",,,,," ",1,1.123509091,EUR,8.44," ",,,,,," ",0.593656009,0.666977923,NZD,,,,7.1,25," ",,,,,,,,," "
2015-10-23,,,,," ",,,,," ",1,1.123509091,EUR,8.52," ",,,,,," ",0.593656009,0.666977923,NZD,,,,7.05,25," ",,,,,,,,," "
2015-10-26,,,,," ",,,,," ",1,1.123509091,EUR,8.55," ",,,,,," ",,,,,,,,," ",,,,,,,,," "
2015-10-27,,,,," ",,,,," ",1,1.123509091,EUR,8.63," ",,,,,," ",0.593656009,0.666977923,NZD,,,,7,25," ",,,,,,,,," "
2015-10-28,,,,," ",,,,," ",1,1.123509091,EUR,," ",,,,,," ",0.593656009,0.666977923,NZD,,,,7,25," ",,,,,,,,," "
2015-10-29,,,,," ",,,,," ",1,1.123509091,EUR,8.59," ",,,,,," ",0.593656009,0.666977923,NZD,,,,6.9,25," ",,,,,,,,," "
2015-10-30,,,,," ",,,,," ",1,1.123509091,EUR,8.59," ",,,,,," ",0.593656009,0.666977923,NZD,,,,7.05,25," ",,,,,,,,," "
2015-11-02,,,,," ",,,,," ",1,1.0736,EUR,8.54," ",,,,,," ",0.611666406,0.656685054,NZD,,,,7.07,25," ",,,,,,,,," "
2015-11-03,,,,," ",,,,," ",1,1.0736,EUR,8.58," ",,,,,," ",0.611666406,0.656685054,NZD,,,,7.25,25," ",,,,,,,,," "
2015-11-04,,,,," ",,,,," ",1,1.0736,EUR,8.25," ",,,,,," ",0.611666406,0.656685054,NZD,,,,7.32,25," ",,,,,,,,," "
2015-11-05,,,,," ",,,,," ",1,1.0736,EUR,8.4," ",,,,,," ",0.611666406,0.656685054,NZD,,,,7.22,25," ",,,,,,,,," "
2015-11-06,,,,," ",,,,," ",1,1.0736,EUR,8.45," ",,,,,," ",0.611666406,0.656685054,NZD,,,,7.3,25," ",,,,,,,,," "
2015-11-09,,,,," ",,,,," ",1,1.0736,EUR,8.35," ",,,,,," ",0.611666406,0.656685054,NZD,,,,7.2,25," ",,,,,,,,," "
2015-11-10,,,,," ",,,,," ",1,1.0736,EUR,8.28," ",,,,,," ",0.611666406,0.656685054,NZD,,,,7.2,25," ",,,,,,,,," "
2015-11-11,,,,," ",,,,," ",1,1.0736,EUR,," ",,,,,," ",0.611666406,0.656685054,NZD,,,,7.45,25," ",,,,,,,,," "
2015-11-12,,,,," ",,,,," ",1,1.0736,EUR,8.36," ",,,,,," ",0.611666406,0.656685054,NZD,,,,7.5,25," ",,,,,,,,," "
2015-11-13,,,,," ",,,,," ",1,1.0736,EUR,8.34," ",,,,,," ",0.611666406,0.656685054,NZD,,,,7.5,25," ",,,,,,,,," "
2015-11-16,,,,," ",,,,," ",1,1.0736,EUR,8.43," ",,,,,," ",0.611666406,0.656685054,NZD,,,,7.47,25," ",,,,,,,,," "
2015-11-17,,,,," ",,,,," ",1,1.0736,EUR,8.49," ",,,,,," ",0.611666406,0.656685054,NZD,,,,7.45,25," ",,,,,,,,," "
2015-11-18,,,,," ",,,,," ",1,1.0736,EUR,8.51," ",,,,,," ",0.611666406,0.656685054,NZD,,,,7.65,25," ",,,,,,,,," "
2015-11-19,,,,," ",,,,," ",1,1.0736,EUR,8.57," ",,,,,," ",0.611666406,0.656685054,NZD,,,,7.7,25," ",,,,,,,,," "
2015-11-20,,,,," ",,,,," ",1,1.0736,EUR,8.59," ",,,,,," ",0.611666406,0.656685054,NZD,,,,7.7,25," ",,,,,,,,," "
2015-11-23,,,,," ",,,,," ",1,1.0736,EUR,8.46," ",,,,,," ",0.611666406,0.656685054,NZD,,,,7.85,25," ",,,,,,,,," "
2015-11-24,,,,," ",,,,," ",1,1.0736,EUR,8.63," ",,,,,," ",0.611666406,0.656685054,NZD,,,,7.85,25," ",,,,,,,,," "
2015-11-25,,,,," ",,,,," ",1,1.0736,EUR,," ",,,,,," ",0.611666406,0.656685054,NZD,,,,8,25," ",,,,,,,,," "
2015-11-26,,,,," ",,,,," ",1,1.0736,EUR,8.61," ",,,,,," ",0.611666406,0.656685054,NZD,,,,8.23,25," ",,,,,,,,," "
2015-11-27,,,,," ",,,,," ",1,1.0736,EUR,8.54," ",,,,,," ",0.611666406,0.656685054,NZD,,,,8.32,25," ",,,,,,,,," "
2015-11-30,,,,," ",,,,," ",1,1.0736,EUR,8.55," ",,,,,," ",0.611666406,0.656685054,NZD,,,,8.35,25," ",,,,,,,,," "
2015-12-01,,,,," ",,,,," ",1,1.087718182,EUR,8.52," ",,,,,," ",0.61938677,0.673718251,NZD,,,,8.45,25," ",,,,,,,,," "
2015-12-02,,,,," ",,,,," ",1,1.087718182,EUR,," ",,,,,," ",0.61938677,0.673718251,NZD,,,,8.5,25," ",,,,,,,,," "
2015-12-03,,,,," ",,,,," ",1,1.087718182,EUR,8.44," ",,,,,," ",0.61938677,0.673718251,NZD,,,,8.6,25," ",,,,,,,,," "
2015-12-04,,,,," ",,,,," ",1,1.087718182,EUR,8.56," ",,,,,," ",0.61938677,0.673718251,NZD,,,,8.55,25," ",,,,,,,,," "
2015-12-07,,,,," ",,,,," ",1,1.087718182,EUR,8.42," ",,,,,," ",0.61938677,0.673718251,NZD,,,,8.65,25," ",,,,,,,,," "
2015-12-08,,,,," ",,,,," ",1,1.087718182,EUR,8.33," ",,,,,," ",0.61938677,0.673718251,NZD,,,,8.7,25," ",,,,,,,,," "
2015-12-09,,,,," ",,,,," ",1,1.087718182,EUR,," ",,,,,," ",0.61938677,0.673718251,NZD,,,,8.7,25," ",,,,,,,,," "
2015-12-10,,,,," ",,,,," ",1,1.087718182,EUR,8.32," ",,,,,," ",0.61938677,0.673718251,NZD,,,,8.83,25," ",,,,,,,,," "
2015-12-11,,,,," ",,,,," ",1,1.087718182,EUR,7.98," ",,,,,," ",0.61938677,0.673718251,NZD,,,,8.9,25," ",,,,,,,,," "
2015-12-14,,,,," ",,,,," ",1,1.087718182,EUR,7.92," ",,,,,," ",0.61938677,0.673718251,NZD,,,,9.2,25," ",,,,,,,,," "
2015-12-15,,,,," ",,,,," ",1,1.087718182,EUR,8.05," ",,,,,," ",0.61938677,0.673718251,NZD,,,,9.25,25," ",,,,,,,,," "
2015-12-16,,,,," ",,,,," ",1,1.087718182,EUR,," ",,,,,," ",0.61938677,0.673718251,NZD,,,,9.25,25," ",,,,,,,,," "
2015-12-17,,,,," ",,,,," ",1,1.087718182,EUR,8.12," ",,,,,," ",0.61938677,0.673718251,NZD,,,,9.2,25," ",,,,,,,,," "
2015-12-18,,,,," ",,,,," ",1,1.087718182,EUR,," ",,,,,," ",0.61938677,0.673718251,NZD,,,,9.2,25," ",,,,,,,,," "
2015-12-21,,,,," ",,,,," ",1,1.087718182,EUR,," ",,,,,," ",0.61938677,0.673718251,NZD,,,,9.5,25," ",,,,,,,,," "
2015-12-22,,,,," ",,,,," ",1,1.087718182,EUR,," ",,,,,," ",0.61938677,0.673718251,NZD,,,,9.45,25," ",,,,,,,,," "
2015-12-23,,,,," ",,,,," ",1,1.087718182,EUR,," ",,,,,," ",0.61938677,0.673718251,NZD,,,,9.45,25," ",,,,,,,,," "
2015-12-28,,,,," ",,,,," ",1,1.087718182,EUR,," ",,,,,," ",,,,,,,,," ",,,,,,,,," "
2015-12-29,,,,," ",,,,," ",1,1.087718182,EUR,," ",,,,,," ",0.61938677,0.673718251,NZD,,,,9.4,25," ",,,,,,,,," "
2015-12-30,,,,," ",,,,," ",1,1.087718182,EUR,," ",,,,,," ",0.61938677,0.673718251,NZD,,,,9.4,25," ",,,,,,,,," "
2016-01-04,,,,," ",,,,," ",1,1.085965,EUR,," ",,,,,," ",,,,,,,,," ",,,,,,,,," "
2016-01-05,,,,," ",,,,," ",1,1.085965,EUR,," ",,,,,," ",0.600404245,0.652017996,NZD,,,,9.5,25," ",,,,,,,,," "
2016-01-06,,,,," ",,,,," ",1,1.085965,EUR,," ",,,,,," ",0.600404245,0.652017996,NZD,,,,9.6,25," ",,,,,,,,," "
2016-01-07,,,,," ",,,,," ",1,1.085965,EUR,," ",,,,,," ",0.600404245,0.652017996,NZD,,,,9.7,25," ",,,,,,,,," "
2016-01-08,,,,," ",,,,," ",1,1.085965,EUR,," ",,,,,," ",0.600404245,0.652017996,NZD,,,,9.8,25," ",,,,,,,,," "
2016-01-11,,,,," ",,,,," ",1,1.085965,EUR,7.45," ",,,,,," ",0.600404245,0.652017996,NZD,,,,9.8,25," ",,,,,,,,," "
2016-01-12,,,,," ",,,,," ",1,1.085965,EUR,7.04," ",,,,,," ",0.600404245,0.652017996,NZD,,,,9.85,25," ",,,,,,,,," "
2016-01-13,,,,," ",,,,," ",1,1.085965,EUR,," ",,,,,," ",0.600404245,0.652017996,NZD,,,,9.75,25," ",,,,,,,,," "
2016-01-14,,,,," ",,,,," ",1,1.085965,EUR,7.05," ",,,,,," ",0.600404245,0.652017996,NZD,,,,9.75,25," ",,,,,,,,," "
2016-01-15,,,,," ",,,,," ",1,1.085965,EUR,6.71," ",,,,,," ",0.600404245,0.652017996,NZD,,,,9.73,25," ",,,,,,,,," "
2016-01-18,,,,," ",,,,," ",1,1.085965,EUR,6.52," ",,,,,," ",0.600404245,0.652017996,NZD,,,,9.73,25," ",,,,,,,,," "
2016-01-19,,,,," ",,,,," ",1,1.085965,EUR,6.81," ",,,,,," ",0.600404245,0.652017996,NZD,,,,9.65,25," ",,,,,,,,," "
2016-01-20,,,,," ",,,,," ",1,1.085965,EUR,6.57," ",,,,,," ",0.600404245,0.652017996,NZD,,,,9.6,25," ",,,,,,,,," "
2016-01-21,,,,," ",,,,," ",1,1.085965,EUR,6.04," ",,,,,," ",0.600404245,0.652017996,NZD,,,,9.6,25," ",,,,,,,,," "
2016-01-22,,,,," ",,,,," ",1,1.085965,EUR,6.33," ",,,,,," ",0.600404245,0.652017996,NZD,,,,9.55,25," ",,,,,,,,," "
2016-01-25,,,,," ",,,,," ",1,1.085965,EUR,5.93," ",,,,,," ",,,,,,,,," ",,,,,,,,," "
2016-01-26,,,,," ",,,,," ",1,1.085965,EUR,5.8," ",,,,,," ",0.600404245,0.652017996,NZD,,,,9.55,25," ",,,,,,,,," "
2016-01-27,,,,," ",,,,," ",1,1.085965,EUR,," ",,,,,," ",0.600404245,0.652017996,NZD,,,,9.52,25," ",,,,,,,,," "
2016-01-28,,,,," ",,,,," ",1,1.085965,EUR,6.02," ",,,,,," ",0.600404245,0.652017996,NZD,,,,9.52,25," ",,,,,,,,," "
2016-01-29,,,,," ",,,,," ",1,1.085965,EUR,6.06," ",,,,,," ",0.600404245,0.652017996,NZD,,,,9.52,25," ",,,,,,,,," "
2016-02-01,,,,," ",,,,," ",1,1.109295238,EUR,5.75," ",,,,,," ",,,,,,,,," ",,,,,,,,," "
2016-02-02,,,,," ",,,,," ",1,1.109295238,EUR,5.57," ",,,,,," ",0.59795255,0.663305917,NZD,,,,9.45,25," ",,,,,,,,," "
2016-02-03,,,,," ",,,,," ",1,1.109295238,EUR,5.7," ",,,,,," ",0.59795255,0.663305917,NZD,,,,9.45,25," ",,,,,,,,," "
2016-02-04,,,,," ",,,,," ",1,1.109295238,EUR,5.55," ",,,,,," ",0.59795255,0.663305917,NZD,,,,9.45,25," ",,,,,,,,," "
2016-02-05,,,,," ",,,,," ",1,1.109295238,EUR,5.55," ",,,,,," ",0.59795255,0.663305917,NZD,,,,9.47,25," ",,,,,,,,," "
2016-02-08,,,,," ",,,,," ",1,1.109295238,EUR,5.25," ",,,,,," ",,,,,,,,," ",,,,,,,,," "
2016-02-09,,,,," ",,,,," ",1,1.109295238,EUR,5.19," ",,,,,," ",0.59795255,0.663305917,NZD,,,,9.3,25," ",,,,,,,,," "
2016-02-10,,,,," ",,,,," ",1,1.109295238,EUR,," ",,,,,," ",0.59795255,0.663305917,NZD,,,,9.3,25," ",,,,,,,,," "
2016-02-11,,,,," ",,,,," ",1,1.109295238,EUR,4.65," ",,,,,," ",0.59795255,0.663305917,NZD,,,,9.27,25," ",,,,,,,,," "
2016-02-12,,,,," ",,,,," ",1,1.109295238,EUR,4.94," ",,,,,," ",0.59795255,0.663305917,NZD,,,,9.27,25," ",,,,,,,,," "
2016-02-15,,,,," ",,,,," ",1,1.109295238,EUR,4.97," ",,,,,," ",0.59795255,0.663305917,NZD,,,,9.27,25," ",,,,,,,,," "
2016-02-16,,,,," ",,,,," ",1,1.109295238,EUR,4.78," ",,,,,," ",0.59795255,0.663305917,NZD,,,,9.35,25," ",,,,,,,,," "
2016-02-17,,,,," ",,,,," ",1,1.109295238,EUR,4.8," ",,,,,," ",0.59795255,0.663305917,NZD,,,,9.15,25," ",,,,,,,,," "
2016-02-18,,,,," ",,,,," ",1,1.109295238,EUR,5.22," ",,,,,," ",0.59795255,0.663305917,NZD,,,,9.2,25," ",,,,,,,,," "
2016-02-19,,,,," ",,,,," ",1,1.109295238,EUR,5.26," ",,,,,," ",0.59795255,0.663305917,NZD,,,,9.25,25," ",,,,,,,,," "
2016-02-22,,,,," ",,,,," ",1,1.109295238,EUR,5.2," ",,,,,," ",0.59795255,0.663305917,NZD,,,,9.25,25," ",,,,,,,,," "
2016-02-23,,,,," ",,,,," ",1,1.109295238,EUR,5.14," ",,,,,," ",0.59795255,0.663305917,NZD,,,,9.3,25," ",,,,,,,,," "
2016-02-24,,,,," ",,,,," ",1,1.109295238,EUR,," ",,,,,," ",0.59795255,0.663305917,NZD,,,,9.27,25," ",,,,,,,,," "
2016-02-25,,,,," ",,,,," ",1,1.109295238,EUR,4.78," ",,,,,," ",0.59795255,0.663305917,NZD,,,,9.32,25," ",,,,,,,,," "
2016-02-26,,,,," ",,,,," ",1,1.109295238,EUR,5.08," ",,,,,," ",0.59795255,0.663305917,NZD,,,,9.5,25," ",,,,,,,,," "
2016-02-29,,,,," ",,,,," ",1,1.109295238,EUR,4.85," ",,,,,," ",0.59795255,0.663305917,NZD,,,,9.6,25," ",,,,,,,,," "
2016-03-01,,,,," ",,,,," ",1,1.109966667,EUR,4.9," ",,,,,," ",0.606603795,0.673309992,NZD,,,,9.77,25," ",,,,,,,,," "
2016-03-02,,,,," ",,,,," ",1,1.109966667,EUR,4.8," ",,,,,," ",0.606603795,0.673309992,NZD,,,,9.85,25," ",,,,,,,,," "
2016-03-03,,,,," ",,,,," ",1,1.109966667,EUR,4.88," ",,,,,," ",0.606603795,0.673309992,NZD,,,,10.05,25," ",,,,,,,,," "
2016-03-04,,,,," ",,,,," ",1,1.109966667,EUR,4.8," ",,,,,," ",0.606603795,0.673309992,NZD,,,,10.05,25," ",,,,,,,,," "
2016-03-07,,,,," ",,,,," ",1,1.109966667,EUR,4.95," ",,,,,," ",0.606603795,0.673309992,NZD,,,,10,25," ",,,,,,,,," "
2016-03-08,,,,," ",,,,," ",1,1.109966667,EUR,5," ",,,,,," ",0.606603795,0.673309992,NZD,,,,10.2,25," ",,,,,,,,," "
2016-03-09,,,,," ",,,,," ",1,1.109966667,EUR,," ",,,,,," ",0.606603795,0.673309992,NZD,,,,10.4,25," ",,,,,,,,," "
2016-03-10,,,,," ",,,,," ",1,1.109966667,EUR,5," ",,,,,," ",0.606603795,0.673309992,NZD,,,,10.5,25," ",,,,,,,,," "
2016-03-11,,,,," ",,,,," ",1,1.109966667,EUR,5.01," ",,,,,," ",0.606603795,0.673309992,NZD,,,,10.6,25," ",,,,,,,,," "
2016-03-14,,,,," ",,,,," ",1,1.109966667,EUR,4.92," ",,,,,," ",0.606603795,0.673309992,NZD,,,,10.85,25," ",,,,,,,,," "
2016-03-15,,,,," ",,,,," ",1,1.109966667,EUR,4.81," ",,,,,," ",0.606603795,0.673309992,NZD,,,,10.8,25," ",,,,,,,,," "
2016-03-16,,,,," ",,,,," ",1,1.109966667,EUR,4.94," ",,,,,," ",0.606603795,0.673309992,NZD,,,,11,25," ",,,,,,,,," "
2016-03-17,,,,," ",,,,," ",1,1.109966667,EUR,4.92," ",,,,,," ",0.606603795,0.673309992,NZD,,,,11.25,25," ",,,,,,,,," "
2016-03-18,,,,," ",,,,," ",1,1.109966667,EUR,4.92," ",,,,,," ",0.606603795,0.673309992,NZD,,,,11.25,25," ",,,,,,,,," "
2016-03-21,,,,," ",,,,," ",1,1.109966667,EUR,4.86," ",,,,,," ",0.606603795,0.673309992,NZD,,,,11.25,25," ",,,,,,,,," "
2016-03-22,,,,," ",,,,," ",1,1.109966667,EUR,4.8," ",,,,,," ",0.606603795,0.673309992,NZD,,,,11.1,25," ",,,,,,,,," "
2016-03-23,,,,," ",,,,," ",1,1.109966667,EUR,," ",,,,,," ",0.606603795,0.673309992,NZD,,,,11,25," ",,,,,,,,," "
2016-03-24,,,,," ",,,,," ",1,1.109966667,EUR,4.76," ",,,,,," ",0.606603795,0.673309992,NZD,,,,11,25," ",,,,,,,,," "
2016-03-29,,,,," ",,,,," ",1,1.109966667,EUR,4.75," ",,,,,," ",0.606603795,0.673309992,NZD,,,,11,25," ",,,,,,,,," "
2016-03-30,,,,," ",,,,," ",1,1.109966667,EUR,4.77," ",,,,,," ",0.606603795,0.673309992,NZD,,,,11.15,25," ",,,,,,,,," "
2016-03-31,,,,," ",,,,," ",1,1.109966667,EUR,4.97," ",,,,,," ",0.606603795,0.673309992,NZD,,,,11.15,25," ",,,,,,,,," "
2016-04-01,,,,," ",,,,," ",1,1.133919048,EUR,5.18," ",,,,,," ",0.607785783,0.689179876,NZD,,,,11.1,25," ",,,,,,,,," "
2016-04-04,,,,," ",,,,," ",1,1.133919048,EUR,5.08," ",,,,,," ",0.607785783,0.689179876,NZD,,,,11.18,25," ",,,,,,,,," "
2016-04-05,,,,," ",,,,," ",1,1.133919048,EUR,5.26," ",,,,,," ",0.607785783,0.689179876,NZD,,,,11.68,25," ",,,,,,,,," "
2016-04-06,,,,," ",,,,," ",1,1.133919048,EUR,," ",,,,,," ",0.607785783,0.689179876,NZD,,,,11.88,25," ",,,,,,,,," "
2016-04-07,,,,," ",,,,," ",1,1.133919048,EUR,5.23," ",,,,,," ",0.607785783,0.689179876,NZD,,,,11.8,25," ",,,,,,,,," "
2016-04-08,,,,," ",,,,," ",1,1.133919048,EUR,5.23," ",,,,,," ",0.607785783,0.689179876,NZD,,,,12,25," ",,,,,,,,," "
2016-04-11,,,,," ",,,,," ",1,1.133919048,EUR,5.42," ",,,,,," ",0.607785783,0.689179876,NZD,,,,12.65,25," ",,,,,,,,," "
2016-04-12,,,,," ",,,,," ",1,1.133919048,EUR,5.63," ",,,,,," ",0.607785783,0.689179876,NZD,,,,12.85,25," ",,,,,,,,," "
2016-04-13,,,,," ",,,,," ",1,1.133919048,EUR,5.42," ",,,,,," ",0.607785783,0.689179876,NZD,,,,13.5,25," ",,,,,,,,," "
2016-04-14,,,,," ",,,,," ",1,1.133919048,EUR,5.47," ",,,,,," ",0.607785783,0.689179876,NZD,,,,13.4,25," ",,,,,,,,," "
2016-04-15,,,,," ",,,,," ",1,1.133919048,EUR,5.54," ",,,,,," ",0.607785783,0.689179876,NZD,,,,13.45,25," ",,,,,,,,," "
2016-04-18,,,,," ",,,,," ",1,1.133919048,EUR,5.38," ",,,,,," ",0.607785783,0.689179876,NZD,,,,13.25,25," ",,,,,,,,," "
2016-04-19,,,,," ",,,,," ",1,1.133919048,EUR,5.47," ",,,,,," ",0.607785783,0.689179876,NZD,,,,13.32,25," ",,,,,,,,," "
2016-04-20,,,,," ",,,,," ",1,1.133919048,EUR,," ",,,,,," ",0.607785783,0.689179876,NZD,,,,13.32,25," ",,,,,,,,," "
2016-04-21,,,,," ",,,,," ",1,1.133919048,EUR,5.58," ",,,,,," ",0.607785783,0.689179876,NZD,,,,13.18,25," ",,,,,,,,," "
2016-04-22,,,,," ",,,,," ",1,1.133919048,EUR,5.74," ",,,,,," ",0.607785783,0.689179876,NZD,,,,13,25," ",,,,,,,,," "
2016-04-25,,,,," ",,,,," ",1,1.133919048,EUR,5.92," ",,,,,," ",,,,,,,,," ",,,,,,,,," "
2016-04-26,,,,," ",,,,," ",1,1.133919048,EUR,6.08," ",,,,,," ",0.607785783,0.689179876,NZD,,,,13.45,25," ",,,,,,,,," "
2016-04-27,,,,," ",,,,," ",1,1.133919048,EUR,6.94," ",,,,,," ",0.607785783,0.689179876,NZD,,,,13.7,25," ",,,,,,,,," "
2016-04-28,,,,," ",,,,," ",1,1.133919048,EUR,6.64," ",,,,,," ",0.607785783,0.689179876,NZD,,,,14.3,25," ",,,,,,,,," "
2016-04-29,,,,," ",,,,," ",1,1.133919048,EUR,6.29," ",,,,,," ",0.607785783,0.689179876,NZD,,,,14.5,25," ",,,,,,,,," "
2016-05-02,,,,," ",,,,," ",1,1.131109091,EUR,," ",,,,,," ",0.60146134,0.680318389,NZD,,,,14.65,25," ",,,,,,,,," "
2016-05-03,,,,," ",,,,," ",1,1.131109091,EUR,5.88," ",,,,,," ",0.60146134,0.680318389,NZD,,,,14.5,25," ",,,,,,,,," "
2016-05-04,,,,," ",,,,," ",1,1.131109091,EUR,," ",,,,,," ",0.60146134,0.680318389,NZD,,,,14.57,25," ",,,,,,,,," "
2016-05-05,,,,," ",,,,," ",1,1.131109091,EUR,," ",,,,,," ",0.60146134,0.680318389,NZD,,,,14.5,25," ",,,,,,,,," "
2016-05-06,,,,," ",,,,," ",1,1.131109091,EUR,6.13," ",,,,,," ",0.60146134,0.680318389,NZD,,,,14.5,25," ",,,,,,,,," "
2016-05-09,,,,," ",,,,," ",1,1.131109091,EUR,5.96," ",,,,,," ",0.60146134,0.680318389,NZD,,,,14.45,25," ",,,,,,,,," "
2016-05-10,,,,," ",,,,," ",1,1.131109091,EUR,5.65," ",,,,,," ",0.60146134,0.680318389,NZD,,,,14.25,25," ",,,,,,,,," "
2016-05-11,,,,," ",,,,," ",1,1.131109091,EUR,5.72," ",,,,,," ",0.60146134,0.680318389,NZD,,,,14.25,25," ",,,,,,,,," "
2016-05-12,,,,," ",,,,," ",1,1.131109091,EUR,6.04," ",,,,,," ",0.60146134,0.680318389,NZD,,,,14.3,25," ",,,,,,,,," "
2016-05-13,,,,," ",,,,," ",1,1.131109091,EUR,5.75," ",,,,,," ",0.60146134,0.680318389,NZD,,,,14.3,25," ",,,,,,,,," "
2016-05-16,,,,," ",,,,," ",1,1.131109091,EUR,," ",,,,,," ",0.60146134,0.680318389,NZD,,,,14.3,25," ",,,,,,,,," "
2016-05-17,,,,," ",,,,," ",1,1.131109091,EUR,5.94," ",,,,,," ",0.60146134,0.680318389,NZD,,,,14.25,25," ",,,,,,,,," "
2016-05-18,,,,," ",,,,," ",1,1.131109091,EUR,," ",,,,,," ",0.60146134,0.680318389,NZD,,,,14.05,25," ",,,,,,,,," "
2016-05-19,,,,," ",,,,," ",1,1.131109091,EUR,5.87," ",,,,,," ",0.60146134,0.680318389,NZD,,,,14,25," ",,,,,,,,," "
2016-05-20,,,,," ",,,,," ",1,1.131109091,EUR,5.95," ",,,,,," ",0.60146134,0.680318389,NZD,,,,14,25," ",,,,,,,,," "
2016-05-23,,,,," ",,,,," ",1,1.131109091,EUR,5.85," ",,,,,," ",0.60146134,0.680318389,NZD,,,,14.08,25," ",,,,,,,,," "
2016-05-24,,,,," ",,,,," ",1,1.131109091,EUR,5.73," ",,,,,," ",0.60146134,0.680318389,NZD,,,,14.1,25," ",,,,,,,,," "
2016-05-25,,,,," ",,,,," ",1,1.131109091,EUR,," ",,,,,," ",0.60146134,0.680318389,NZD,,,,14.2,25," ",,,,,,,,," "
2016-05-26,,,,," ",,,,," ",1,1.131109091,EUR,," ",,,,,," ",0.60146134,0.680318389,NZD,,,,14.9,25," ",,,,,,,,," "
2016-05-27,,,,," ",,,,," ",1,1.131109091,EUR,5.9," ",,,,,," ",0.60146134,0.680318389,NZD,,,,15.15,25," ",,,,,,,,," "
2016-05-30,,,,," ",,,,," ",1,1.131109091,EUR,," ",,,,,," ",0.60146134,0.680318389,NZD,,,,15.2,25," ",,,,,,,,," "
2016-05-31,,,,," ",,,,," ",1,1.131109091,EUR,6," ",,,,,," ",0.60146134,0.680318389,NZD,,,,15.15,25," ",,,,,,,,," "
2016-06-01,,,,," ",,,,," ",1,1.122890909,EUR,," ",,,,,," ",0.626403926,0.703383274,NZD,,,,15.55,25," ",,,,,,,,," "
2016-06-02,,,,," ",,,,," ",1,1.122890909,EUR,5.96," ",,,,,," ",0.626403926,0.703383274,NZD,,,,15.75,25," ",,,,,,,,," "
2016-06-03,,,,," ",,,,," ",1,1.122890909,EUR,5.96," ",,,,,," ",0.626403926,0.703383274,NZD,,,,16.2,25," ",,,,,,,,," "
2016-06-06,,,,," ",,,,," ",1,1.122890909,EUR,6.05," ",,,,,," ",,,,,,,,," ",,,,,,,,," "
2016-06-07,,,,," ",,,,," ",1,1.122890909,EUR,6.14," ",,,,,," ",0.626403926,0.703383274,NZD,,,,16.8,25," ",,,,,,,,," "
2016-06-08,,,,," ",,,,," ",1,1.122890909,EUR,," ",,,,,," ",0.626403926,0.703383274,NZD,,,,16.6,25," ",,,,,,,,," "
2016-06-09,,,,," ",,,,," ",1,1.122890909,EUR,6.05," ",,,,,," ",0.626403926,0.703383274,NZD,,,,16.6,25," ",,,,,,,,," "
2016-06-10,,,,," ",,,,," ",1,1.122890909,EUR,5.93," ",,,,,," ",0.626403926,0.703383274,NZD,,,,16.72,25," ",,,,,,,,," "
2016-06-13,,,,," ",,,,," ",1,1.122890909,EUR,5.83," ",,,,,," ",0.626403926,0.703383274,NZD,,,,17,25," ",,,,,,,,," "
2016-06-14,,,,," ",,,,," ",1,1.122890909,EUR,5.78," ",,,,,," ",0.626403926,0.703383274,NZD,,,,17.15,25," ",,,,,,,,," "
2016-06-15,,,,," ",,,,," ",1,1.122890909,EUR,," ",,,,,," ",0.626403926,0.703383274,NZD,,,,17.2,25," ",,,,,,,,," "
2016-06-16,,,,," ",,,,," ",1,1.122890909,EUR,5.82," ",,,,,," ",0.626403926,0.703383274,NZD,,,,17.3,25," ",,,,,,,,," "
2016-06-17,,,,," ",,,,," ",1,1.122890909,EUR,5.68," ",,,,,," ",0.626403926,0.703383274,NZD,,,,17.6,25," ",,,,,,,,," "
2016-06-20,,,,," ",,,,," ",1,1.122890909,EUR,5.76," ",,,,,," ",0.626403926,0.703383274,NZD,,,,18.1,25," ",,,,,,,,," "
2016-06-21,,,,," ",,,,," ",1,1.122890909,EUR,5.68," ",,,,,," ",0.626403926,0.703383274,NZD,,,,18.1,25," ",,,,,,,,," "
2016-06-22,,,,," ",,,,," ",1,1.122890909,EUR,5.55," ",,,,,," ",0.626403926,0.703383274,NZD,,,,17.95,25," ",,,,,,,,," "
2016-06-23,,,,," ",,,,," ",1,1.122890909,EUR,5.6," ",,,,,," ",0.626403926,0.703383274,NZD,,,,18,25," ",,,,,,,,," "
2016-06-24,,,,," ",,,,," ",1,1.122890909,EUR,4.96," ",,,,,," ",0.626403926,0.703383274,NZD,,,,18.1,25," ",,,,,,,,," "
2016-06-27,,,,," ",,,,," ",1,1.122890909,EUR,4.86," ",,,,,," ",0.626403926,0.703383274,NZD,,,,18.05,25," ",,,,,,,,," "
2016-06-28,,,,," ",,,,," ",1,1.122890909,EUR,4.8," ",,,,,," ",0.626403926,0.703383274,NZD,,,,17.95,25," ",,,,,,,,," "
2016-06-29,,,,," ",,,,," ",1,1.122890909,EUR,," ",,,,,," ",0.626403926,0.703383274,NZD,,,,17.7,25," ",,,,,,,,," "
2016-06-30,,,,," ",,,,," ",1,1.122890909,EUR,4.47," ",,,,,," ",0.626403926,0.703383274,NZD,,,,17.75,25," ",,,,,,,,," "
2016-07-01,,,,," ",,,,," ",1,1.106852381,EUR,4.35," ",,,,,," ",0.64353789,0.712301446,NZD,,,,17.95,25," ",,,,,,,,," "
2016-07-04,,,,," ",,,,," ",1,1.106852381,EUR,4.77," ",,,,,," ",0.64353789,0.712301446,NZD,,,,17.75,25," ",,,,,,,,," "
2016-07-05,,,,," ",,,,," ",1,1.106852381,EUR,4.86," ",,,,,," ",0.64353789,0.712301446,NZD,,,,17.7,25," ",,,,,,,,," "
2016-07-06,,,,," ",,,,," ",1,1.106852381,EUR,4.49," ",,,,,," ",0.64353789,0.712301446,NZD,,,,17.7,25," ",,,,,,,,," "
2016-07-07,,,,," ",,,,," ",1,1.106852381,EUR,4.7," ",,,,,," ",0.64353789,0.712301446,NZD,,,,18.05,25," ",,,,,,,,," "
2016-07-08,,,,," ",,,,," ",1,1.106852381,EUR,4.45," ",,,,,," ",0.64353789,0.712301446,NZD,,,,18.05,25," ",,,,,,,,," "
2016-07-11,,,,," ",,,,," ",1,1.106852381,EUR,4.45," ",,,,,," ",0.64353789,0.712301446,NZD,,,,18,25," ",,,,,,,,," "
2016-07-12,,,,," ",,,,," ",1,1.106852381,EUR,4.53," ",,,,,," ",0.64353789,0.712301446,NZD,,,,17.95,25," ",,,,,,,,," "
2016-07-13,,,,," ",,,,," ",1,1.106852381,EUR,," ",,,,,," ",0.64353789,0.712301446,NZD,,,,17.9,25," ",,,,,,,,," "
2016-07-14,,,,," ",,,,," ",1,1.106852381,EUR,4.79," ",,,,,," ",0.64353789,0.712301446,NZD,,,,17.93,25," ",,,,,,,,," "
2016-07-15,,,,," ",,,,," ",1,1.106852381,EUR,4.65," ",,,,,," ",0.64353789,0.712301446,NZD,,,,17.95,25," ",,,,,,,,," "
2016-07-18,,,,," ",,,,," ",1,1.106852381,EUR,4.97," ",,,,,," ",0.64353789,0.712301446,NZD,,,,17.95,25," ",,,,,,,,," "
2016-07-19,,,,," ",,,,," ",1,1.106852381,EUR,4.75," ",,,,,," ",0.64353789,0.712301446,NZD,,,,17.95,25," ",,,,,,,,," "
2016-07-20,,,,," ",,,,," ",1,1.106852381,EUR,4.65," ",,,,,," ",0.64353789,0.712301446,NZD,,,,18.05,25," ",,,,,,,,," "
2016-07-21,,,,," ",,,,," ",1,1.106852381,EUR,4.7," ",,,,,," ",0.64353789,0.712301446,NZD,,,,18.05,25," ",,,,,,,,," "
2016-07-22,,,,," ",,,,," ",1,1.106852381,EUR,4.6," ",,,,,," ",0.64353789,0.712301446,NZD,,,,18.15,25," ",,,,,,,,," "
2016-07-25,,,,," ",,,,," ",1,1.106852381,EUR,4.56," ",,,,,," ",0.64353789,0.712301446,NZD,,,,18.1,25," ",,,,,,,,," "
2016-07-26,,,,," ",,,,," ",1,1.106852381,EUR,4.51," ",,,,,," ",0.64353789,0.712301446,NZD,,,,18.1,25," ",,,,,,,,," "
2016-07-27,,,,," ",,,,," ",1,1.106852381,EUR,," ",,,,,," ",0.64353789,0.712301446,NZD,,,,18.05,25," ",,,,,,,,," "
2016-07-28,,,,," ",,,,," ",1,1.106852381,EUR,4.58," ",,,,,," ",0.64353789,0.712301446,NZD,,,,18,25," ",,,,,,,,," "
2016-07-29,,,,," ",,,,," ",1,1.106852381,EUR,4.38," ",,,,,," ",0.64353789,0.712301446,NZD,,,,18.1,25," ",,,,,,,,," "
2016-08-01,,,,," ",,,,," ",1,1.121173913,EUR,4.38," ",,,,,," ",0.644778635,0.722908986,NZD,,,,18.05,25," ",,,,,,,,," "
2016-08-02,,,,," ",,,,," ",1,1.121173913,EUR,4.32," ",,,,,," ",0.644778635,0.722908986,NZD,,,,18,25," ",,,,,,,,," "
2016-08-03,,,,," ",,,,," ",1,1.121173913,EUR,," ",,,,,," ",0.644778635,0.722908986,NZD,,,,17.85,25," ",,,,,,,,," "
2016-08-04,,,,," ",,,,," ",1,1.121173913,EUR,4.6," ",,,,,," ",0.644778635,0.722908986,NZD,,,,17.8,25," ",,,,,,,,," "
2016-08-05,,,,," ",,,,," ",1,1.121173913,EUR,4.75," ",,,,,," ",0.644778635,0.722908986,NZD,,,,17.75,25," ",,,,,,,,," "
2016-08-08,,,,," ",,,,," ",1,1.121173913,EUR,4.79," ",,,,,," ",0.644778635,0.722908986,NZD,,,,17.9,25," ",,,,,,,,," "
2016-08-09,,,,," ",,,,," ",1,1.121173913,EUR,4.87," ",,,,,," ",0.644778635,0.722908986,NZD,,,,17.8,25," ",,,,,,,,," "
2016-08-10,,,,," ",,,,," ",1,1.121173913,EUR,," ",,,,,," ",0.644778635,0.722908986,NZD,,,,17.65,25," ",,,,,,,,," "
2016-08-11,,,,," ",,,,," ",1,1.121173913,EUR,4.75," ",,,,,," ",0.644778635,0.722908986,NZD,,,,17.55,25," ",,,,,,,,," "
2016-08-12,,,,," ",,,,," ",1,1.121173913,EUR,4.86," ",,,,,," ",0.644778635,0.722908986,NZD,,,,17.55,25," ",,,,,,,,," "
2016-08-15,,,,," ",,,,," ",1,1.121173913,EUR,," ",,,,,," ",0.644778635,0.722908986,NZD,,,,17.57,25," ",,,,,,,,," "
2016-08-16,,,,," ",,,,," ",1,1.121173913,EUR,4.78," ",,,,,," ",0.644778635,0.722908986,NZD,,,,17.5,25," ",,,,,,,,," "
2016-08-17,,,,," ",,,,," ",1,1.121173913,EUR,4.65," ",,,,,," ",0.644778635,0.722908986,NZD,,,,17.6,25," ",,,,,,,,," "
2016-08-18,,,,," ",,,,," ",1,1.121173913,EUR,4.55," ",,,,,," ",0.644778635,0.722908986,NZD,,,,17.9,25," ",,,,,,,,," "
2016-08-19,,,,," ",,,,," ",1,1.121173913,EUR,4.71," ",,,,,," ",0.644778635,0.722908986,NZD,,,,17.97,25," ",,,,,,,,," "
2016-08-22,,,,," ",,,,," ",1,1.121173913,EUR,," ",,,,,," ",0.644778635,0.722908986,NZD,,,,18.05,25," ",,,,,,,,," "
2016-08-23,,,,," ",,,,," ",1,1.121173913,EUR,," ",,,,,," ",0.644778635,0.722908986,NZD,,,,18.05,25," ",,,,,,,,," "
2016-08-24,,,,," ",,,,," ",1,1.121173913,EUR,," ",,,,,," ",0.644778635,0.722908986,NZD,,,,18.05,25," ",,,,,,,,," "
2016-08-25,,,,," ",,,,," ",1,1.121173913,EUR,," ",,,,,," ",0.644778635,0.722908986,NZD,,,,18.07,25," ",,,,,,,,," "
2016-08-26,,,,," ",,,,," ",1,1.121173913,EUR,4.71," ",,,,,," ",0.644778635,0.722908986,NZD,,,,18.2,25," ",,,,,,,,," "
2016-08-29,,,,," ",,,,," ",1,1.121173913,EUR,," ",,,,,," ",0.644778635,0.722908986,NZD,,,,18.25,25," ",,,,,,,,," "
2016-08-30,,,,," ",,,,," ",1,1.121173913,EUR,," ",,,,,," ",0.644778635,0.722908986,NZD,,,,18.25,25," ",,,,,,,,," "
2016-08-31,,,,," ",,,,," ",1,1.121173913,EUR,," ",,,,,," ",0.644778635,0.722908986,NZD,,,,18.3,25," ",,,,,,,,," "
2016-09-01,,,,," ",,,,," ",1,1.121209091,EUR,," ",,,,,," ",0.651874216,0.730887297,NZD,,,,18.75,25," ",,,,,,,,," "
2016-09-02,,,,," ",,,,," ",1,1.121209091,EUR,4.32," ",,,,,," ",0.651874216,0.730887297,NZD,,,,18.75,25," ",,,,,,,,," "
2016-09-05,,,,," ",,,,," ",1,1.121209091,EUR,4.02," ",,,,,," ",0.651874216,0.730887297,NZD,,,,18.7,25," ",,,,,,,,," "
2016-09-06,,,,," ",,,,," ",1,1.121209091,EUR,3.94," ",,,,,," ",0.651874216,0.730887297,NZD,,,,18.75,25," ",,,,,,,,," "
2016-09-07,,,,," ",,,,," ",1,1.121209091,EUR,," ",,,,,," ",0.651874216,0.730887297,NZD,,,,18.85,25," ",,,,,,,,," "
2016-09-08,,,,," ",,,,," ",1,1.121209091,EUR,4.02," ",,,,,," ",0.651874216,0.730887297,NZD,,,,18.9,25," ",,,,,,,,," "
2016-09-09,,,,," ",,,,," ",1,1.121209091,EUR,4.07," ",,,,,," ",0.651874216,0.730887297,NZD,,,,18.8,25," ",,,,,,,,," "
2016-09-12,,,,," ",,,,," ",1,1.121209091,EUR,3.94," ",,,,,," ",0.651874216,0.730887297,NZD,,,,18.9,25," ",,,,,,,,," "
2016-09-13,,,,," ",,,,," ",1,1.121209091,EUR,3.97," ",,,,,," ",0.651874216,0.730887297,NZD,,,,18.82,25," ",,,,,,,,," "
2016-09-14,,,,," ",,,,," ",1,1.121209091,EUR,," ",,,,,," ",0.651874216,0.730887297,NZD,,,,18.8,25," ",,,,,,,,," "
2016-09-15,,,,," ",,,,," ",1,1.121209091,EUR,3.94," ",,,,,," ",0.651874216,0.730887297,NZD,,,,18.8,25," ",,,,,,,,," "
2016-09-16,,,,," ",,,,," ",1,1.121209091,EUR,4.26," ",,,,,," ",0.651874216,0.730887297,NZD,,,,18.8,25," ",,,,,,,,," "
2016-09-19,,,,," ",,,,," ",1,1.121209091,EUR,4.23," ",,,,,," ",0.651874216,0.730887297,NZD,,,,18.75,25," ",,,,,,,,," "
2016-09-20,,,,," ",,,,," ",1,1.121209091,EUR,4.3," ",,,,,," ",0.651874216,0.730887297,NZD,,,,18.85,25," ",,,,,,,,," "
2016-09-21,,,,," ",,,,," ",1,1.121209091,EUR,," ",,,,,," ",0.651874216,0.730887297,NZD,,,,18.85,25," ",,,,,,,,," "
2016-09-22,,,,," ",,,,," ",1,1.121209091,EUR,4.33," ",,,,,," ",0.651874216,0.730887297,NZD,,,,18.85,25," ",,,,,,,,," "
2016-09-23,,,,," ",,,,," ",1,1.121209091,EUR,4.38," ",,,,,," ",0.651874216,0.730887297,NZD,,,,18.85,25," ",,,,,,,,," "
2016-09-26,,,,," ",,,,," ",1,1.121209091,EUR,4.5," ",,,,,," ",0.651874216,0.730887297,NZD,,,,18.85,25," ",,,,,,,,," "
2016-09-27,,,,," ",,,,," ",1,1.121209091,EUR,4.51," ",,,,,," ",0.651874216,0.730887297,NZD,,,,18.8,25," ",,,,,,,,," "
2016-09-28,,,,," ",,,,," ",1,1.121209091,EUR,4.57," ",,,,,," ",0.651874216,0.730887297,NZD,,,,18.82,25," ",,,,,,,,," "
2016-09-29,,,,," ",,,,," ",1,1.121209091,EUR,5.06," ",,,,,," ",0.651874216,0.730887297,NZD,,,,18.82,25," ",,,,,,,,," "
2016-09-30,,,,," ",,,,," ",1,1.121209091,EUR,5," ",,,,,," ",0.651874216,0.730887297,NZD,,,,18.8,25," ",,,,,,,,," "
2016-10-03,,,,," ",,,,," ",1,1.102604762,EUR,," ",,,,,," ",0.649207802,0.715819613,NZD,,,,18.8,25," ",,,,,,,,," "
2016-10-04,,,,," ",,,,," ",1,1.102604762,EUR,5.17," ",,,,,," ",0.649207802,0.715819613,NZD,,,,18.75,25," ",,,,,,,,," "
2016-10-05,,,,," ",,,,," ",1,1.102604762,EUR,," ",,,,,," ",0.649207802,0.715819613,NZD,,,,18.8,25," ",,,,,,,,," "
2016-10-06,,,,," ",,,,," ",1,1.102604762,EUR,5.68," ",,,,,," ",0.649207802,0.715819613,NZD,,,,18.85,25," ",,,,,,,,," "
2016-10-07,,,,," ",,,,," ",1,1.102604762,EUR,5.62," ",,,,,," ",0.649207802,0.715819613,NZD,,,,18.85,25," ",,,,,,,,," "
2016-10-10,,,,," ",,,,," ",1,1.102604762,EUR,5.53," ",,,,,," ",0.649207802,0.715819613,NZD,,,,18.8,25," ",,,,,,,,," "
2016-10-11,,,,," ",,,,," ",1,1.102604762,EUR,5.58," ",,,,,," ",0.649207802,0.715819613,NZD,,,,18.85,25," ",,,,,,,,," "
2016-10-12,,,,," ",,,,," ",1,1.102604762,EUR,," ",,,,,," ",0.649207802,0.715819613,NZD,,,,18.87,25," ",,,,,,,,," "
2016-10-13,,,,," ",,,,," ",1,1.102604762,EUR,5.59," ",,,,,," ",0.649207802,0.715819613,NZD,,,,18.8,25," ",,,,,,,,," "
2016-10-14,,,,," ",,,,," ",1,1.102604762,EUR,5.65," ",,,,,," ",0.649207802,0.715819613,NZD,,,,18.9,25," ",,,,,,,,," "
2016-10-17,,,,," ",,,,," ",1,1.102604762,EUR,5.84," ",,,,,," ",0.649207802,0.715819613,NZD,,,,18.87,25," ",,,,,,,,," "
2016-10-18,,,,," ",,,,," ",1,1.102604762,EUR,5.89," ",,,,,," ",0.649207802,0.715819613,NZD,,,,18.85,25," ",,,,,,,,," "
2016-10-19,,,,," ",,,,," ",1,1.102604762,EUR,," ",,,,,," ",0.649207802,0.715819613,NZD,,,,18.82,25," ",,,,,,,,," "
2016-10-20,,,,," ",,,,," ",1,1.102604762,EUR,5.7," ",,,,,," ",0.649207802,0.715819613,NZD,,,,18.7,25," ",,,,,,,,," "
2016-10-21,,,,," ",,,,," ",1,1.102604762,EUR,5.58," ",,,,,," ",0.649207802,0.715819613,NZD,,,,18.8,25," ",,,,,,,,," "
2016-10-24,,,,," ",,,,," ",1,1.102604762,EUR,5.92," ",,,,,," ",,,,,,,,," ",,,,,,,,," "
2016-10-25,,,,," ",,,,," ",1,1.102604762,EUR,5.78," ",,,,,," ",0.649207802,0.715819613,NZD,,,,18.85,25," ",,,,,,,,," "
2016-10-26,,,,," ",,,,," ",1,1.102604762,EUR,," ",,,,,," ",0.649207802,0.715819613,NZD,,,,18.7,25," ",,,,,,,,," "
2016-10-27,,,,," ",,,,," ",1,1.102604762,EUR,5.9," ",,,,,," ",0.649207802,0.715819613,NZD,,,,18.6,25," ",,,,,,,,," "
2016-10-28,,,,," ",,,,," ",1,1.102604762,EUR,5.7," ",,,,,," ",0.649207802,0.715819613,NZD,,,,18.65,25," ",,,,,,,,," "
2016-10-31,,,,," ",,,,," ",1,1.102604762,EUR,5.76," ",,,,,," ",0.649207802,0.715819613,NZD,,,,18.5,25," ",,,,,,,,," "
2016-11-01,,,,," ",,,,," ",1,1.079895455,EUR,," ",,,,,," ",0.662385955,0.715307582,NZD,,,,18.52,25," ",,,,,,,,," "
2016-11-02,,,,," ",,,,," ",1,1.079895455,EUR,," ",,,,,," ",0.662385955,0.715307582,NZD,,,,18.45,25," ",,,,,,,,," "
2016-11-03,,,,," ",,,,," ",1,1.079895455,EUR,6.35," ",,,,,," ",0.662385955,0.715307582,NZD,,,,18.55,25," ",,,,,,,,," "
2016-11-04,,,,," ",,,,," ",1,1.079895455,EUR,6.54," ",,,,,," ",0.662385955,0.715307582,NZD,,,,18.5,25," ",,,,,,,,," "
2016-11-07,,,,," ",,,,," ",1,1.079895455,EUR,6.46," ",,,,,," ",0.662385955,0.715307582,NZD,,,,18.5,25," ",,,,,,,,," "
2016-11-08,,,,," ",,,,," ",1,1.079895455,EUR,6.1," ",,,,,," ",0.662385955,0.715307582,NZD,,,,18.55,25," ",,,,,,,,," "
2016-11-09,,,,," ",,,,," ",1,1.079895455,EUR,," ",,,,,," ",0.662385955,0.715307582,NZD,,,,18.55,25," ",,,,,,,,," "
2016-11-10,,,,," ",,,,," ",1,1.079895455,EUR,5.95," ",,,,,," ",0.662385955,0.715307582,NZD,,,,18.55,25," ",,,,,,,,," "
2016-11-11,,,,," ",,,,," ",1,1.079895455,EUR,5.85," ",,,,,," ",0.662385955,0.715307582,NZD,,,,18.5,25," ",,,,,,,,," "
2016-11-14,,,,," ",,,,," ",1,1.079895455,EUR,5.54," ",,,,,," ",0.662385955,0.715307582,NZD,,,,18.4,25," ",,,,,,,,," "
2016-11-15,,,,," ",,,,," ",1,1.079895455,EUR,5.55," ",,,,,," ",0.662385955,0.715307582,NZD,,,,18.25,25," ",,,,,,,,," "
2016-11-16,,,,," ",,,,," ",1,1.079895455,EUR,," ",,,,,," ",0.662385955,0.715307582,NZD,,,,18.2,25," ",,,,,,,,," "
2016-11-17,,,,," ",,,,," ",1,1.079895455,EUR,5.6," ",,,,,," ",0.662385955,0.715307582,NZD,,,,18,25," ",,,,,,,,," "
2016-11-18,,,,," ",,,,," ",1,1.079895455,EUR,5.73," ",,,,,," ",0.662385955,0.715307582,NZD,,,,17.35,25," ",,,,,,,,," "
2016-11-21,,,,," ",,,,," ",1,1.079895455,EUR,5.44," ",,,,,," ",0.662385955,0.715307582,NZD,,,,17.3,25," ",,,,,,,,," "
2016-11-22,,,,," ",,,,," ",1,1.079895455,EUR,5.42," ",,,,,," ",0.662385955,0.715307582,NZD,,,,17,25," ",,,,,,,,," "
2016-11-23,,,,," ",,,,," ",1,1.079895455,EUR,5.46," ",,,,,," ",0.662385955,0.715307582,NZD,,,,17.15,25," ",,,,,,,,," "
2016-11-24,,,,," ",,,,," ",1,1.079895455,EUR,5.29," ",,,,,," ",0.662385955,0.715307582,NZD,,,,17.3,25," ",,,,,,,,," "
2016-11-25,,,,," ",,,,," ",1,1.079895455,EUR,5.05," ",,,,,," ",0.662385955,0.715307582,NZD,,,,17.5,25," ",,,,,,,,," "
2016-11-28,,,,," ",,,,," ",1,1.079895455,EUR,4.8," ",,,,,," ",0.662385955,0.715307582,NZD,,,,17.5,25," ",,,,,,,,," "
2016-11-29,,,,," ",,,,," ",1,1.079895455,EUR,4.56," ",,,,,," ",0.662385955,0.715307582,NZD,,,,17.5,25," ",,,,,,,,," "
2016-11-30,,,,," ",,,,," ",1,1.079895455,EUR,," ",,,,,," ",0.662385955,0.715307582,NZD,,,,17.42,25," ",,,,,,,,," "
2016-12-01,,,,," ",,,,," ",1,1.054290476,EUR,4.44," ",,,,,," ",0.668526361,0.704820975,NZD,,,,17.7,25," ",,,,,,,,," "
2016-12-02,,,,," ",,,,," ",1,1.054290476,EUR,4.32," ",,,,,," ",0.668526361,0.704820975,NZD,,,,17.7,25," ",,,,,,,,," "
2016-12-05,,,,," ",,,,," ",1,1.054290476,EUR,4.16," ",,,,,," ",0.668526361,0.704820975,NZD,,,,17.75,25," ",,,,,,,,," "
2016-12-06,,,,," ",,,,," ",1,1.054290476,EUR,4.15," ",,,,,," ",0.668526361,0.704820975,NZD,,,,17.7,25," ",,,,,,,,," "
2016-12-07,,,,," ",,,,," ",1,1.054290476,EUR,," ",,,,,," ",0.668526361,0.704820975,NZD,,,,17.7,25," ",,,,,,,,," "
2016-12-08,,,,," ",,,,," ",1,1.054290476,EUR,4.23," ",,,,,," ",0.668526361,0.704820975,NZD,,,,17.65,25," ",,,,,,,,," "
2016-12-09,,,,," ",,,,," ",1,1.054290476,EUR,4.48," ",,,,,," ",0.668526361,0.704820975,NZD,,,,17.6,25," ",,,,,,,,," "
2016-12-12,,,,," ",,,,," ",1,1.054290476,EUR,4.65," ",,,,,," ",0.668526361,0.704820975,NZD,,,,17.55,25," ",,,,,,,,," "
2016-12-13,,,,," ",,,,," ",1,1.054290476,EUR,4.82," ",,,,,," ",0.668526361,0.704820975,NZD,,,,17.4,25," ",,,,,,,,," "
2016-12-14,,,,," ",,,,," ",1,1.054290476,EUR,," ",,,,,," ",0.668526361,0.704820975,NZD,,,,17.2,25," ",,,,,,,,," "
2016-12-15,,,,," ",,,,," ",1,1.054290476,EUR,4.96," ",,,,,," ",0.668526361,0.704820975,NZD,,,,17.4,25," ",,,,,,,,," "
2016-12-16,,,,," ",,,,," ",1,1.054290476,EUR,4.59," ",,,,,," ",0.668526361,0.704820975,NZD,,,,17,25," ",,,,,,,,," "
2016-12-19,,,,," ",,,,," ",1,1.054290476,EUR,," ",,,,,," ",0.668526361,0.704820975,NZD,,,,17.05,25," ",,,,,,,,," "
2016-12-20,,,,," ",,,,," ",1,1.054290476,EUR,," ",,,,,," ",0.668526361,0.704820975,NZD,,,,17.05,25," ",,,,,,,,," "
2016-12-21,,,,," ",,,,," ",1,1.054290476,EUR,," ",,,,,," ",0.668526361,0.704820975,NZD,,,,17.1,25," ",,,,,,,,," "
2016-12-22,,,,," ",,,,," ",1,1.054290476,EUR,," ",,,,,," ",0.668526361,0.704820975,NZD,,,,17.1,25," ",,,,,,,,," "
2016-12-23,,,,," ",,,,," ",1,1.054290476,EUR,," ",,,,,," ",0.668526361,0.704820975,NZD,,,,17.1,25," ",,,,,,,,," "
2016-12-27,,,,," ",,,,," ",1,1.054290476,EUR,," ",,,,,," ",,,,,,,,," ",,,,,,,,," "
2016-12-28,,,,," ",,,,," ",1,1.054290476,EUR,," ",,,,,," ",0.668526361,0.704820975,NZD,,,,17.2,25," ",,,,,,,,," "
2016-12-29,,,,," ",,,,," ",1,1.054290476,EUR,," ",,,,,," ",0.668526361,0.704820975,NZD,,,,17.05,25," ",,,,,,,,," "
2016-12-30,,,,," ",,,,," ",1,1.054290476,EUR,," ",,,,,," ",0.668526361,0.704820975,NZD,,,,17.25,25," ",,,,,,,,," "
2017-01-02,,,,," ",,,,," ",1,1.061440909,EUR,," ",,,,,," ",,,,,,,,," ",,,,,,,,," "
2017-01-03,,,,," ",,,,," ",1,1.061440909,EUR,," ",,,,,," ",,,,,,,,," ",,,,,,,,," "
2017-01-04,,,,," ",,,,," ",1,1.061440909,EUR,," ",,,,,," ",0.671357203,0.712606,NZD,,,,17.2,25," ",,,,,,,,," "
2017-01-05,,,,," ",,,,," ",1,1.061440909,EUR,," ",,,,,," ",0.671357203,0.712606,NZD,,,,17.15,25," ",,,,,,,,," "
2017-01-06,,,,," ",,,,," ",1,1.061440909,EUR,," ",,,,,," ",0.671357203,0.712606,NZD,,,,17.25,25," ",,,,,,,,," "
2017-01-09,,,,," ",,,,," ",1,1.061440909,EUR,5," ",,,,,," ",0.671357203,0.712606,NZD,,,,17.3,25," ",,,,,,,,," "
2017-01-10,,,,," ",,,,," ",1,1.061440909,EUR,5.6," ",,,,,," ",0.671357203,0.712606,NZD,,,,17.4,25," ",,,,,,,,," "
2017-01-11,,,,," ",,,,," ",1,1.061440909,EUR,," ",,,,,," ",0.671357203,0.712606,NZD,,,,17.45,25," ",,,,,,,,," "
2017-01-12,,,,," ",,,,," ",1,1.061440909,EUR,5.3," ",,,,,," ",0.671357203,0.712606,NZD,,,,17.45,25," ",,,,,,,,," "
2017-01-13,,,,," ",,,,," ",1,1.061440909,EUR,5.06," ",,,,,," ",0.671357203,0.712606,NZD,,,,17.4,25," ",,,,,,,,," "
2017-01-16,,,,," ",,,,," ",1,1.061440909,EUR,4.96," ",,,,,," ",0.671357203,0.712606,NZD,,,,17.35,25," ",,,,,,,,," "
2017-01-17,,,,," ",,,,," ",1,1.061440909,EUR,4.8," ",,,,,," ",0.671357203,0.712606,NZD,,,,17.35,25," ",,,,,,,,," "
2017-01-18,,,,," ",,,,," ",1,1.061440909,EUR,," ",,,,,," ",0.671357203,0.712606,NZD,,,,17.25,25," ",,,,,,,,," "
2017-01-19,,,,," ",,,,," ",1,1.061440909,EUR,4.88," ",,,,,," ",0.671357203,0.712606,NZD,,,,17.2,25," ",,,,,,,,," "
2017-01-20,,,,," ",,,,," ",1,1.061440909,EUR,5.16," ",,,,,," ",0.671357203,0.712606,NZD,,,,17.2,25," ",,,,,,,,," "
2017-01-23,,,,," ",,,,," ",1,1.061440909,EUR,5.34," ",,,,,," ",,,,,,,,," ",,,,,,,,," "
2017-01-24,,,,," ",,,,," ",1,1.061440909,EUR,5.23," ",,,,,," ",0.671357203,0.712606,NZD,,,,17.1,25," ",,,,,,,,," "
2017-01-25,,,,," ",,,,," ",1,1.061440909,EUR,," ",,,,,," ",0.671357203,0.712606,NZD,,,,17.12,25," ",,,,,,,,," "
2017-01-26,,,,," ",,,,," ",1,1.061440909,EUR,4.93," ",,,,,," ",0.671357203,0.712606,NZD,,,,17.12,25," ",,,,,,,,," "
2017-01-27,,,,," ",,,,," ",1,1.061440909,EUR,5.05," ",,,,,," ",0.671357203,0.712606,NZD,,,,17,25," ",,,,,,,,," "
2017-01-30,,,,," ",,,,," ",1,1.061440909,EUR,4.99," ",,,,,," ",,,,,,,,," ",,,,,,,,," "
2017-01-31,,,,," ",,,,," ",1,1.061440909,EUR,5.2," ",,,,,," ",0.671357203,0.712606,NZD,,,,16.9,25," ",,,,,,,,," "
2017-02-01,,,,," ",,,,," ",1,1.064265,EUR,," ",,,,,," ",0.678422818,0.722021661,NZD,,,,17,25," ",,,,,,,,," "
2017-02-02,,,,," ",,,,," ",1,1.064265,EUR,5.24," ",,,,,," ",0.678422818,0.722021661,NZD,,,,16.97,25," ",,,,,,,,," "
2017-02-03,,,,," ",,,,," ",1,1.064265,EUR,5.22," ",,,,,," ",0.678422818,0.722021661,NZD,,,,17.05,25," ",,,,,,,,," "
2017-02-06,,,,," ",,,,," ",1,1.064265,EUR,5.08," ",,,,,," ",,,,,,,,," ",,,,,,,,," "
2017-02-07,,,,," ",,,,," ",1,1.064265,EUR,5.08," ",,,,,," ",0.678422818,0.722021661,NZD,,,,17.07,25," ",,,,,,,,," "
2017-02-08,,,,," ",,,,," ",1,1.064265,EUR,," ",,,,,," ",0.678422818,0.722021661,NZD,,,,17.2,25," ",,,,,,,,," "
2017-02-09,,,,," ",,,,," ",1,1.064265,EUR,5.25," ",,,,,," ",0.678422818,0.722021661,NZD,,,,17.2,25," ",,,,,,,,," "
2017-02-10,,,,," ",,,,," ",1,1.064265,EUR,5.3," ",,,,,," ",0.678422818,0.722021661,NZD,,,,17.6,25," ",,,,,,,,," "
2017-02-13,,,,," ",,,,," ",1,1.064265,EUR,5.07," ",,,,,," ",0.678422818,0.722021661,NZD,,,,17.6,25," ",,,,,,,,," "
2017-02-14,,,,," ",,,,," ",1,1.064265,EUR,4.95," ",,,,,," ",0.678422818,0.722021661,NZD,,,,18.05,25," ",,,,,,,,," "
2017-02-15,,,,," ",,,,," ",1,1.064265,EUR,," ",,,,,," ",0.678422818,0.722021661,NZD,,,,18.05,25," ",,,,,,,,," "
2017-02-16,,,,," ",,,,," ",1,1.064265,EUR,4.96," ",,,,,," ",0.678422818,0.722021661,NZD,,,,18.05,25," ",,,,,,,,," "
2017-02-17,,,,," ",,,,," ",1,1.064265,EUR,4.85," ",,,,,," ",0.678422818,0.722021661,NZD,,,,18.05,25," ",,,,,,,,," "
2017-02-20,,,,," ",,,,," ",1,1.064265,EUR,5.05," ",,,,,," ",0.678422818,0.722021661,NZD,,,,18.05,25," ",,,,,,,,," "
2017-02-21,,,,," ",,,,," ",1,1.064265,EUR,5.09," ",,,,,," ",0.678422818,0.722021661,NZD,,,,18.07,25," ",,,,,,,,," "
2017-02-22,,,,," ",,,,," ",1,1.064265,EUR,," ",,,,,," ",0.678422818,0.722021661,NZD,,,,18.1,25," ",,,,,,,,," "
2017-02-23,,,,," ",,,,," ",1,1.064265,EUR,5.17," ",,,,,," ",0.678422818,0.722021661,NZD,,,,18.05,25," ",,,,,,,,," "
2017-02-24,,,,," ",,,,," ",1,1.064265,EUR,5.31," ",,,,,," ",0.678422818,0.722021661,NZD,,,,18,25," ",,,,,,,,," "
2017-02-27,,,,," ",,,,," ",1,1.064265,EUR,5.28," ",,,,,," ",0.678422818,0.722021661,NZD,,,,18.05,25," ",,,,,,,,," "
2017-02-28,,,,," ",,,,," ",1,1.064265,EUR,5.15," ",,,,,," ",0.678422818,0.722021661,NZD,,,,18.05,25," ",,,,,,,,," "
2017-03-01,,,,," ",,,,," ",1,1.068469565,EUR,," ",,,,,," ",0.656002029,0.700918203,NZD,,,,17.8,25," ",,,,,,,,," "
2017-03-02,,,,," ",,,,," ",1,1.068469565,EUR,5.74," ",,,,,," ",0.656002029,0.700918203,NZD,,,,17.9,25," ",,,,,,,,," "
2017-03-03,,,,," ",,,,," ",1,1.068469565,EUR,5.55," ",,,,,," ",0.656002029,0.700918203,NZD,,,,17.8,25," ",,,,,,,,," "
2017-03-06,,,,," ",,,,," ",1,1.068469565,EUR,5.47," ",,,,,," ",0.656002029,0.700918203,NZD,,,,17.9,25," ",,,,,,,,," "
2017-03-07,,,,," ",,,,," ",1,1.068469565,EUR,5.43," ",,,,,," ",0.656002029,0.700918203,NZD,,,,17.82,25," ",,,,,,,,," "
2017-03-08,,,,," ",,,,," ",1,1.068469565,EUR,," ",,,,,," ",0.656002029,0.700918203,NZD,,,,17.9,25," ",,,,,,,,," "
2017-03-09,,,,," ",,,,," ",1,1.068469565,EUR,5.16," ",,,,,," ",0.656002029,0.700918203,NZD,,,,17.85,25," ",,,,,,,,," "
2017-03-10,,,,," ",,,,," ",1,1.068469565,EUR,5.08," ",,,,,," ",0.656002029,0.700918203,NZD,,,,17.85,25," ",,,,,,,,," "
2017-03-13,,,,," ",,,,," ",1,1.068469565,EUR,5.11," ",,,,,," ",0.656002029,0.700918203,NZD,,,,17.8,25," ",,,,,,,,," "
2017-03-14,,,,," ",,,,," ",1,1.068469565,EUR,5.16," ",,,,,," ",0.656002029,0.700918203,NZD,,,,17.7,25," ",,,,,,,,," "
2017-03-15,,,,," ",,,,," ",1,1.068469565,EUR,," ",,,,,," ",0.656002029,0.700918203,NZD,,,,17.55,25," ",,,,,,,,," "
2017-03-16,,,,," ",,,,," ",1,1.068469565,EUR,5.07," ",,,,,," ",0.656002029,0.700918203,NZD,,,,17.3,25," ",,,,,,,,," "
2017-03-17,,,,," ",,,,," ",1,1.068469565,EUR,5.13," ",,,,,," ",0.656002029,0.700918203,NZD,,,,17.15,25," ",,,,,,,,," "
2017-03-20,,,,," ",,,,," ",1,1.068469565,EUR,5.05," ",,,,,," ",0.656002029,0.700918203,NZD,,,,17,25," ",,,,,,,,," "
2017-03-21,,,,," ",,,,," ",1,1.068469565,EUR,4.93," ",,,,,," ",0.656002029,0.700918203,NZD,,,,17,25," ",,,,,,,,," "
2017-03-22,,,,," ",,,,," ",1,1.068469565,EUR,," ",,,,,," ",0.656002029,0.700918203,NZD,,,,17.1,25," ",,,,,,,,," "
2017-03-23,,,,," ",,,,," ",1,1.068469565,EUR,4.98," ",,,,,," ",0.656002029,0.700918203,NZD,,,,17.2,25," ",,,,,,,,," "
2017-03-24,,,,," ",,,,," ",1,1.068469565,EUR,4.88," ",,,,,," ",0.656002029,0.700918203,NZD,,,,17.17,25," ",,,,,,,,," "
2017-03-27,,,,," ",,,,," ",1,1.068469565,EUR,4.67," ",,,,,," ",0.656002029,0.700918203,NZD,,,,17.12,25," ",,,,,,,,," "
2017-03-28,,,,," ",,,,," ",1,1.068469565,EUR,4.63," ",,,,,," ",0.656002029,0.700918203,NZD,,,,17.15,25," ",,,,,,,,," "
2017-03-29,,,,," ",,,,," ",1,1.068469565,EUR,4.71," ",,,,,," ",0.656002029,0.700918203,NZD,,,,17.2,25," ",,,,,,,,," "
2017-03-30,,,,," ",,,,," ",1,1.068469565,EUR,4.63," ",,,,,," ",0.656002029,0.700918203,NZD,,,,17.2,25," ",,,,,,,,," "
2017-03-31,,,,," ",,,,," ",1,1.068469565,EUR,4.85," ",,,,,," ",0.656002029,0.700918203,NZD,,,,17.25,25," ",,,,,,,,," "
2017-04-03,,,,," ",,,,," ",1,1.072266667,EUR,4.7," ",,,,,," ",0.650487431,0.697495989,NZD,,,,17.5,25," ",,,,,,,,," "
2017-04-04,,,,," ",,,,," ",1,1.072266667,EUR,4.78," ",,,,,," ",0.650487431,0.697495989,NZD,,,,17.5,25," ",,,,,,,,," "
2017-04-05,,,,," ",,,,," ",1,1.072266667,EUR,," ",,,,,," ",0.650487431,0.697495989,NZD,,,,17.7,25," ",,,,,,,,," "
2017-04-06,,,,," ",,,,," ",1,1.072266667,EUR,4.86," ",,,,,," ",0.650487431,0.697495989,NZD,,,,17.7,25," ",,,,,,,,," "
2017-04-07,,,,," ",,,,," ",1,1.072266667,EUR,5.06," ",,,,,," ",0.650487431,0.697495989,NZD,,,,17.65,25," ",,,,,,,,," "
2017-04-10,,,,," ",,,,," ",1,1.072266667,EUR,4.84," ",,,,,," ",0.650487431,0.697495989,NZD,,,,17.6,25," ",,,,,,,,," "
2017-04-11,,,,," ",,,,," ",1,1.072266667,EUR,4.77," ",,,,,," ",0.650487431,0.697495989,NZD,,,,17.5,25," ",,,,,,,,," "
2017-04-12,,,,," ",,,,," ",1,1.072266667,EUR,4.84," ",,,,,," ",0.650487431,0.697495989,NZD,,,,17.4,25," ",,,,,,,,," "
2017-04-13,,,,," ",,,,," ",1,1.072266667,EUR,4.93," ",,,,,," ",0.650487431,0.697495989,NZD,,,,17.2,25," ",,,,,,,,," "
2017-04-18,,,,," ",,,,," ",1,1.072266667,EUR,4.85," ",,,,,," ",0.650487431,0.697495989,NZD,,,,17.2,25," ",,,,,,,,," "
2017-04-19,,,,," ",,,,," ",1,1.072266667,EUR,," ",,,,,," ",0.650487431,0.697495989,NZD,,,,17.25,25," ",,,,,,,,," "
2017-04-20,,,,," ",,,,," ",1,1.072266667,EUR,4.76," ",,,,,," ",0.650487431,0.697495989,NZD,,,,17.3,25," ",,,,,,,,," "
2017-04-21,,,,," ",,,,," ",1,1.072266667,EUR,4.73," ",,,,,," ",0.650487431,0.697495989,NZD,,,,17.22,25," ",,,,,,,,," "
2017-04-24,,,,," ",,,,," ",1,1.072266667,EUR,4.7," ",,,,,," ",0.650487431,0.697495989,NZD,,,,17.2,25," ",,,,,,,,," "
2017-04-25,,,,," ",,,,," ",1,1.072266667,EUR,4.62," ",,,,,," ",,,,,,,,," ",,,,,,,,," "
2017-04-26,,,,," ",,,,," ",1,1.072266667,EUR,4.49," ",,,,,," ",0.650487431,0.697495989,NZD,,,,17.15,25," ",,,,,,,,," "
2017-04-27,,,,," ",,,,," ",1,1.072266667,EUR,4.57," ",,,,,," ",0.650487431,0.697495989,NZD,,,,17.15,25," ",,,,,,,,," "
2017-04-28,,,,," ",,,,," ",1,1.072266667,EUR,4.52," ",,,,,," ",0.650487431,0.697495989,NZD,,,,17.15,25," ",,,,,,,,," "
2017-05-02,,,,," ",,,,," ",1,1.10575,EUR,4.48," ",,,,,," ",,,,,,,,," ",,,,,,,,," "
2017-05-03,,,,," ",,,,," ",1,1.10575,EUR,," ",,,,,," ",0.627376729,0.693721818,NZD,,,,17.2,25," ",,,,,,,,," "
2017-05-04,,,,," ",,,,," ",1,1.10575,EUR,4.35," ",,,,,," ",0.627376729,0.693721818,NZD,,,,17.15,25," ",,,,,,,,," "
2017-05-05,,,,," ",,,,," ",1,1.10575,EUR,4.52," ",,,,,," ",0.627376729,0.693721818,NZD,,,,17.24,25," ",,,,,,,,," "
2017-05-08,,,,," ",,,,," ",1,1.10575,EUR,4.45," ",,,,,," ",0.627376729,0.693721818,NZD,,,,17.15,25," ",,,,,,,,," "
2017-05-09,,,,," ",,,,," ",1,1.10575,EUR,4.37," ",,,,,," ",0.627376729,0.693721818,NZD,,,,17.15,25," ",,,,,,,,," "
2017-05-10,,,,," ",,,,," ",1,1.10575,EUR,4.49," ",,,,,," ",0.627376729,0.693721818,NZD,,,,17.1,25," ",,,,,,,,," "
2017-05-11,,,,," ",,,,," ",1,1.10575,EUR,4.37," ",,,,,," ",0.627376729,0.693721818,NZD,,,,17.12,25," ",,,,,,,,," "
2017-05-12,,,,," ",,,,," ",1,1.10575,EUR,4.26," ",,,,,," ",0.627376729,0.693721818,NZD,,,,17.07,25," ",,,,,,,,," "
2017-05-15,,,,," ",,,,," ",1,1.10575,EUR,4.41," ",,,,,," ",0.627376729,0.693721818,NZD,,,,17.1,25," ",,,,,,,,," "
2017-05-16,,,,," ",,,,," ",1,1.10575,EUR,4.45," ",,,,,," ",0.627376729,0.693721818,NZD,,,,17,25," ",,,,,,,,," "
2017-05-17,,,,," ",,,,," ",1,1.10575,EUR,," ",,,,,," ",0.627376729,0.693721818,NZD,,,,17,25," ",,,,,,,,," "
2017-05-18,,,,," ",,,,," ",1,1.10575,EUR,4.68," ",,,,,," ",0.627376729,0.693721818,NZD,,,,16.95,25," ",,,,,,,,," "
2017-05-19,,,,," ",,,,," ",1,1.10575,EUR,4.77," ",,,,,," ",0.627376729,0.693721818,NZD,,,,16.95,25," ",,,,,,,,," "
2017-05-22,,,,," ",,,,," ",1,1.10575,EUR,4.87," ",,,,,," ",0.627376729,0.693721818,NZD,,,,17,25," ",,,,,,,,," "
2017-05-23,,,,," ",,,,," ",1,1.10575,EUR,4.88," ",,,,,," ",0.627376729,0.693721818,NZD,,,,16.8,25," ",,,,,,,,," "
2017-05-24,,,,," ",,,,," ",1,1.10575,EUR,4.81," ",,,,,," ",0.627376729,0.693721818,NZD,,,,16.75,25," ",,,,,,,,," "
2017-05-25,,,,," ",,,,," ",1,1.10575,EUR,," ",,,,,," ",0.627376729,0.693721818,NZD,,,,16.45,25," ",,,,,,,,," "
2017-05-26,,,,," ",,,,," ",1,1.10575,EUR,," ",,,,,," ",0.627376729,0.693721818,NZD,,,,16.57,25," ",,,,,,,,," "
2017-05-29,,,,," ",,,,," ",1,1.10575,EUR,," ",,,,,," ",0.627376729,0.693721818,NZD,,,,16.57,25," ",,,,,,,,," "
2017-05-30,,,,," ",,,,," ",1,1.10575,EUR,5.1," ",,,,,," ",0.627376729,0.693721818,NZD,,,,16.8,25," ",,,,,,,,," "
2017-05-31,,,,," ",,,,," ",1,1.10575,EUR,," ",,,,,," ",0.627376729,0.693721818,NZD,,,,16.8,25," ",,,,,,,,," "
2017-06-01,,,,," ",,,,," ",1,1.122945455,EUR,5.05," ",,,,,," ",0.643389353,0.722491149,NZD,,,,16.77,25," ",,,,,,,,," "
2017-06-02,,,,," ",,,,," ",1,1.122945455,EUR,5.07," ",,,,,," ",0.643389353,0.722491149,NZD,,,,16.7,25," ",,,,,,,,," "
2017-06-05,,,,," ",,,,," ",1,1.122945455,EUR,," ",,,,,," ",,,,,,,,," ",,,,,,,,," "
2017-06-06,,,,," ",,,,," ",1,1.122945455,EUR,5.16," ",,,,,," ",0.643389353,0.722491149,NZD,,,,16.5,25," ",,,,,,,,," "
2017-06-07,,,,," ",,,,," ",1,1.122945455,EUR,4.97," ",,,,,," ",0.643389353,0.722491149,NZD,,,,16.57,25," ",,,,,,,,," "
2017-06-08,,,,," ",,,,," ",1,1.122945455,EUR,4.96," ",,,,,," ",0.643389353,0.722491149,NZD,,,,16.55,25," ",,,,,,,,," "
2017-06-09,,,,," ",,,,," ",1,1.122945455,EUR,4.98," ",,,,,," ",0.643389353,0.722491149,NZD,,,,16.5,25," ",,,,,,,,," "
2017-06-12,,,,," ",,,,," ",1,1.122945455,EUR,5.03," ",,,,,," ",0.643389353,0.722491149,NZD,,,,16.5,25," ",,,,,,,,," "
2017-06-13,,,,," ",,,,," ",1,1.122945455,EUR,4.99," ",,,,,," ",0.643389353,0.722491149,NZD,,,,16.6,25," ",,,,,,,,," "
2017-06-14,,,,," ",,,,," ",1,1.122945455,EUR,," ",,,,,," ",0.643389353,0.722491149,NZD,,,,16.52,25," ",,,,,,,,," "
2017-06-15,,,,," ",,,,," ",1,1.122945455,EUR,," ",,,,,," ",0.643389353,0.722491149,NZD,,,,16.52,25," ",,,,,,,,," "
2017-06-16,,,,," ",,,,," ",1,1.122945455,EUR,," ",,,,,," ",0.643389353,0.722491149,NZD,,,,16.55,25," ",,,,,,,,," "
2017-06-19,,,,," ",,,,," ",1,1.122945455,EUR,4.84," ",,,,,," ",0.643389353,0.722491149,NZD,,,,16.47,25," ",,,,,,,,," "
2017-06-20,,,,," ",,,,," ",1,1.122945455,EUR,4.99," ",,,,,," ",0.643389353,0.722491149,NZD,,,,16.35,25," ",,,,,,,,," "
2017-06-21,,,,," ",,,,," ",1,1.122945455,EUR,4.95," ",,,,,," ",0.643389353,0.722491149,NZD,,,,16.5,25," ",,,,,,,,," "
2017-06-22,,,,," ",,,,," ",1,1.122945455,EUR,4.81," ",,,,,," ",0.643389353,0.722491149,NZD,,,,16.5,25," ",,,,,,,,," "
2017-06-23,,,,," ",,,,," ",1,1.122945455,EUR,4.87," ",,,,,," ",0.643389353,0.722491149,NZD,,,,16.5,25," ",,,,,,,,," "
2017-06-26,,,,," ",,,,," ",1,1.122945455,EUR,4.84," ",,,,,," ",0.643389353,0.722491149,NZD,,,,16.5,25," ",,,,,,,,," "
2017-06-27,,,,," ",,,,," ",1,1.122945455,EUR,4.8," ",,,,,," ",0.643389353,0.722491149,NZD,,,,16.8,25," ",,,,,,,,," "
2017-06-28,,,,," ",,,,," ",1,1.122945455,EUR,," ",,,,,," ",0.643389353,0.722491149,NZD,,,,17.05,25," ",,,,,,,,," "
2017-06-29,,,,," ",,,,," ",1,1.122945455,EUR,5.05," ",,,,,," ",0.643389353,0.722491149,NZD,,,,17.1,25," ",,,,,,,,," "
2017-06-30,,,,," ",,,,," ",1,1.122945455,EUR,5.02," ",,,,,," ",0.643389353,0.722491149,NZD,,,,17.2,25," ",,,,,,,,," "
2017-07-03,,,,," ",,,,," ",1,1.151114286,EUR,4.98," ",,,,,," ",0.638438651,0.734915852,NZD,,,,17.2,25," ",,,,,,,,," "
2017-07-04,,,,," ",,,,," ",1,1.151114286,EUR,5.06," ",,,,,," ",0.638438651,0.734915852,NZD,,,,17.2,25," ",,,,,,,,," "
2017-07-05,,,,," ",,,,," ",1,1.151114286,EUR,5.1," ",,,,,," ",0.638438651,0.734915852,NZD,,,,17.25,25," ",,,,,,,,," "
2017-07-06,,,,," ",,,,," ",1,1.151114286,EUR,5.07," ",,,,,," ",0.638438651,0.734915852,NZD,,,,17.3,25," ",,,,,,,,," "
2017-07-07,,,,," ",,,,," ",1,1.151114286,EUR,5.24," ",,,,,," ",0.638438651,0.734915852,NZD,,,,17.35,25," ",,,,,,,,," "
2017-07-10,,,,," ",,,,," ",1,1.151114286,EUR,5.5," ",,,,,," ",0.638438651,0.734915852,NZD,,,,17.5,25," ",,,,,,,,," "
2017-07-11,,,,," ",,,,," ",1,1.151114286,EUR,5.37," ",,,,,," ",0.638438651,0.734915852,NZD,,,,17.75,25," ",,,,,,,,," "
2017-07-12,,,,," ",,,,," ",1,1.151114286,EUR,," ",,,,,," ",0.638438651,0.734915852,NZD,,,,17.85,25," ",,,,,,,,," "
2017-07-13,,,,," ",,,,," ",1,1.151114286,EUR,5.46," ",,,,,," ",0.638438651,0.734915852,NZD,,,,17.9,25," ",,,,,,,,," "
2017-07-14,,,,," ",,,,," ",1,1.151114286,EUR,5.27," ",,,,,," ",0.638438651,0.734915852,NZD,,,,17.85,25," ",,,,,,,,," "
2017-07-17,,,,," ",,,,," ",1,1.151114286,EUR,5.4," ",,,,,," ",0.638438651,0.734915852,NZD,,,,17.87,25," ",,,,,,,,," "
2017-07-18,,,,," ",,,,," ",1,1.151114286,EUR,5.46," ",,,,,," ",0.638438651,0.734915852,NZD,,,,17.85,25," ",,,,,,,,," "
2017-07-19,,,,," ",,,,," ",1,1.151114286,EUR,5.39," ",,,,,," ",0.638438651,0.734915852,NZD,,,,17.7,25," ",,,,,,,,," "
2017-07-20,,,,," ",,,,," ",1,1.151114286,EUR,5.35," ",,,,,," ",0.638438651,0.734915852,NZD,,,,17.7,25," ",,,,,,,,," "
2017-07-21,,,,," ",,,,," ",1,1.151114286,EUR,5.23," ",,,,,," ",0.638438651,0.734915852,NZD,,,,17.45,25," ",,,,,,,,," "
2017-07-24,,,,," ",,,,," ",1,1.151114286,EUR,5.04," ",,,,,," ",0.638438651,0.734915852,NZD,,,,17.52,25," ",,,,,,,,," "
2017-07-25,,,,," ",,,,," ",1,1.151114286,EUR,5.12," ",,,,,," ",0.638438651,0.734915852,NZD,,,,17.65,25," ",,,,,,,,," "
2017-07-26,,,,," ",,,,," ",1,1.151114286,EUR,," ",,,,,," ",0.638438651,0.734915852,NZD,,,,17.85,25," ",,,,,,,,," "
2017-07-27,,,,," ",,,,," ",1,1.151114286,EUR,5.2," ",,,,,," ",0.638438651,0.734915852,NZD,,,,17.9,25," ",,,,,,,,," "
2017-07-28,,,,," ",,,,," ",1,1.151114286,EUR,5.06," ",,,,,," ",0.638438651,0.734915852,NZD,,,,17.85,25," ",,,,,,,,," "
2017-07-31,,,,," ",,,,," ",1,1.151114286,EUR,5.23," ",,,,,," ",0.638438651,0.734915852,NZD,,,,17.9,25," ",,,,,,,,," "
2017-08-01,,,,," ",,,,," ",1,1.180673913,EUR,5.6," ",,,,,," ",0.619223505,0.731101038,NZD,,,,17.85,25," ",,,,,,,,," "
2017-08-02,,,,," ",,,,," ",1,1.180673913,EUR,5.29," ",,,,,," ",0.619223505,0.731101038,NZD,,,,17.85,25," ",,,,,,,,," "
2017-08-03,,,,," ",,,,," ",1,1.180673913,EUR,5.38," ",,,,,," ",0.619223505,0.731101038,NZD,,,,17.7,25," ",,,,,,,,," "
2017-08-04,,,,," ",,,,," ",1,1.180673913,EUR,5.33," ",,,,,," ",0.619223505,0.731101038,NZD,,,,17.8,25," ",,,,,,,,," "
2017-08-07,,,,," ",,,,," ",1,1.180673913,EUR,5.24," ",,,,,," ",0.619223505,0.731101038,NZD,,,,17.75,25," ",,,,,,,,," "
2017-08-08,,,,," ",,,,," ",1,1.180673913,EUR,5.26," ",,,,,," ",0.619223505,0.731101038,NZD,,,,17.8,25," ",,,,,,,,," "
2017-08-09,,,,," ",,,,," ",1,1.180673913,EUR,," ",,,,,," ",0.619223505,0.731101038,NZD,,,,17.85,25," ",,,,,,,,," "
2017-08-10,,,,," ",,,,," ",1,1.180673913,EUR,5.4," ",,,,,," ",0.619223505,0.731101038,NZD,,,,17.79,25," ",,,,,,,,," "
2017-08-11,,,,," ",,,,," ",1,1.180673913,EUR,5.35," ",,,,,," ",0.619223505,0.731101038,NZD,,,,17.7,25," ",,,,,,,,," "
2017-08-14,,,,," ",,,,," ",1,1.180673913,EUR,5.41," ",,,,,," ",0.619223505,0.731101038,NZD,,,,17.72,25," ",,,,,,,,," "
2017-08-15,,,,," ",,,,," ",1,1.180673913,EUR,," ",,,,,," ",0.619223505,0.731101038,NZD,,,,17.77,25," ",,,,,,,,," "
2017-08-16,,,,," ",,,,," ",1,1.180673913,EUR,5.62," ",,,,,," ",0.619223505,0.731101038,NZD,,,,17.9,25," ",,,,,,,,," "
2017-08-17,,,,," ",,,,," ",1,1.180673913,EUR,5.9," ",,,,,," ",0.619223505,0.731101038,NZD,,,,17.95,25," ",,,,,,,,," "
2017-08-18,,,,," ",,,,," ",1,1.180673913,EUR,5.8," ",,,,,," ",0.619223505,0.731101038,NZD,,,,17.95,25," ",,,,,,,,," "
2017-08-21,,,,," ",,,,," ",1,1.180673913,EUR,5.81," ",,,,,," ",0.619223505,0.731101038,NZD,,,,17.95,25," ",,,,,,,,," "
2017-08-22,,,,," ",,,,," ",1,1.180673913,EUR,5.75," ",,,,,," ",0.619223505,0.731101038,NZD,,,,18,25," ",,,,,,,,," "
2017-08-23,,,,," ",,,,," ",1,1.180673913,EUR,," ",,,,,," ",0.619223505,0.731101038,NZD,,,,18.05,25," ",,,,,,,,," "
2017-08-24,,,,," ",,,,," ",1,1.180673913,EUR,5.98," ",,,,,," ",0.619223505,0.731101038,NZD,,,,18.05,25," ",,,,,,,,," "
2017-08-25,,,,," ",,,,," ",1,1.180673913,EUR,5.93," ",,,,,," ",0.619223505,0.731101038,NZD,,,,18.1,25," ",,,,,,,,," "
2017-08-28,,,,," ",,,,," ",1,1.180673913,EUR,," ",,,,,," ",0.619223505,0.731101038,NZD,,,,18.1,25," ",,,,,,,,," "
2017-08-29,,,,," ",,,,," ",1,1.180673913,EUR,6.07," ",,,,,," ",0.619223505,0.731101038,NZD,,,,18.2,25," ",,,,,,,,," "
2017-08-30,,,,," ",,,,," ",1,1.180673913,EUR,6.02," ",,,,,," ",0.619223505,0.731101038,NZD,,,,18.2,25," ",,,,,,,,," "
2017-08-31,,,,," ",,,,," ",1,1.180673913,EUR,5.91," ",,,,,," ",0.619223505,0.731101038,NZD,,,,18.25,25," ",,,,,,,,," "
2017-09-01,,,,," ",,,,," ",1,1.191457143,EUR,5.88," ",,,,,," ",0.608150431,0.724585175,NZD,,,,18.35,25," ",,,,,,,,," "
2017-09-04,,,,," ",,,,," ",1,1.191457143,EUR,5.8," ",,,,,," ",0.608150431,0.724585175,NZD,,,,18.35,25," ",,,,,,,,," "
2017-09-05,,,,," ",,,,," ",1,1.191457143,EUR,6.04," ",,,,,," ",0.608150431,0.724585175,NZD,,,,18.3,25," ",,,,,,,,," "
2017-09-06,,,,," ",,,,," ",1,1.191457143,EUR,," ",,,,,," ",0.608150431,0.724585175,NZD,,,,18.25,25," ",,,,,,,,," "
2017-09-07,,,,," ",,,,," ",1,1.191457143,EUR,," ",,,,,," ",0.608150431,0.724585175,NZD,,,,18.22,25," ",,,,,,,,," "
2017-09-08,,,,," ",,,,," ",1,1.191457143,EUR,6.9," ",,,,,," ",0.608150431,0.724585175,NZD,,,,18.25,25," ",,,,,,,,," "
2017-09-11,,,,," ",,,,," ",1,1.191457143,EUR,6.8," ",,,,,," ",0.608150431,0.724585175,NZD,,,,18.35,25," ",,,,,,,,," "
2017-09-12,,,,," ",,,,," ",1,1.191457143,EUR,6.65," ",,,,,," ",0.608150431,0.724585175,NZD,,,,18.3,25," ",,,,,,,,," "
2017-09-13,,,,," ",,,,," ",1,1.191457143,EUR,6.95," ",,,,,," ",0.608150431,0.724585175,NZD,,,,18.3,25," ",,,,,,,,," "
2017-09-14,,,,," ",,,,," ",1,1.191457143,EUR,7.42," ",,,,,," ",0.608150431,0.724585175,NZD,,,,18.26,25," ",,,,,,,,," "
2017-09-15,,,,," ",,,,," ",1,1.191457143,EUR,6.96," ",,,,,," ",0.608150431,0.724585175,NZD,,,,18.28,25," ",,,,,,,,," "
2017-09-18,,,,," ",,,,," ",1,1.191457143,EUR,6.85," ",,,,,," ",0.608150431,0.724585175,NZD,,,,18.3,25," ",,,,,,,,," "
2017-09-19,,,,," ",,,,," ",1,1.191457143,EUR,6.95," ",,,,,," ",0.608150431,0.724585175,NZD,,,,18.2,25," ",,,,,,,,," "
2017-09-20,,,,," ",,,,," ",1,1.191457143,EUR,," ",,,,,," ",0.608150431,0.724585175,NZD,,,,18.25,25," ",,,,,,,,," "
2017-09-21,,,,," ",,,,," ",1,1.191457143,EUR,6.68," ",,,,,," ",0.608150431,0.724585175,NZD,,,,18.15,25," ",,,,,,,,," "
2017-09-22,,,,," ",,,,," ",1,1.191457143,EUR,6.5," ",,,,,," ",0.608150431,0.724585175,NZD,,,,18.2,25," ",,,,,,,,," "
2017-09-25,,,,," ",,,,," ",1,1.191457143,EUR,6.8," ",,,,,," ",0.608150431,0.724585175,NZD,,,,18.1,25," ",,,,,,,,," "
2017-09-26,,,,," ",,,,," ",1,1.191457143,EUR,6.97," ",,,,,," ",0.608150431,0.724585175,NZD,,,,18,25," ",,,,,,,,," "
2017-09-27,,,,," ",,,,," ",1,1.191457143,EUR,6.71," ",,,,,," ",0.608150431,0.724585175,NZD,,,,17.97,25," ",,,,,,,,," "
2017-09-28,,,,," ",,,,," ",1,1.191457143,EUR,6.83," ",,,,,," ",0.608150431,0.724585175,NZD,,,,17.95,25," ",,,,,,,,," "
2017-09-29,,,,," ",,,,," ",1,1.191457143,EUR,7.09," ",,,,,," ",0.608150431,0.724585175,NZD,,,,18.05,25," ",,,,,,,,," "
2017-10-02,,,,," ",,,,," ",1,1.175586364,EUR,7," ",,,,,," ",0.600733992,0.706214689,NZD,,,,17.95,25," ",,,,,,,,," "
2017-10-03,,,,," ",,,,," ",1,1.175586364,EUR,," ",,,,,," ",0.600733992,0.706214689,NZD,,,,18,25," ",,,,,,,,," "
2017-10-04,,,,," ",,,,," ",1,1.175586364,EUR,," ",,,,,," ",0.600733992,0.706214689,NZD,,,,18.05,25," ",,,,,,,,," "
2017-10-05,,,,," ",,,,," ",1,1.175586364,EUR,6.92," ",,,,,," ",0.600733992,0.706214689,NZD,,,,18.1,25," ",,,,,,,,," "
2017-10-06,,,,," ",,,,," ",1,1.175586364,EUR,6.77," ",,,,,," ",0.600733992,0.706214689,NZD,,,,18.2,25," ",,,,,,,,," "
2017-10-09,,,,," ",,,,," ",1,1.175586364,EUR,6.92," ",,,,,," ",0.600733992,0.706214689,NZD,,,,18.25,25," ",,,,,,,,," "
2017-10-10,,,,," ",,,,," ",1,1.175586364,EUR,6.9," ",,,,,," ",0.600733992,0.706214689,NZD,,,,18.3,25," ",,,,,,,,," "
2017-10-11,,,,," ",,,,," ",1,1.175586364,EUR,7.4," ",,,,,," ",0.600733992,0.706214689,NZD,,,,18.35,25," ",,,,,,,,," "
2017-10-12,,,,," ",,,,," ",1,1.175586364,EUR,7.37," ",,,,,," ",0.600733992,0.706214689,NZD,,,,18.4,25," ",,,,,,,,," "
2017-10-13,,,,," ",,,,," ",1,1.175586364,EUR,7.3," ",,,,,," ",0.600733992,0.706214689,NZD,,,,18.37,25," ",,,,,,,,," "
2017-10-16,,,,," ",,,,," ",1,1.175586364,EUR,7.25," ",,,,,," ",0.600733992,0.706214689,NZD,,,,18.37,25," ",,,,,,,,," "
2017-10-17,,,,," ",,,,," ",1,1.175586364,EUR,7.45," ",,,,,," ",,,,,,,,," ",,,,,,,,," "
2017-10-18,,,,," ",,,,," ",1,1.175586364,EUR,," ",,,,,," ",,,,,,,,," ",,,,,,,,," "
2017-10-19,,,,," ",,,,," ",1,1.175586364,EUR,7.86," ",,,,,," ",,,,,,,,," ",,,,,,,,," "
2017-10-20,,,,," ",,,,," ",1,1.175586364,EUR,7.56," ",,,,,," ",0.600733992,0.706214689,NZD,,,,18.88,25," ",,,,,,,,," "
2017-10-23,,,,," ",,,,," ",1,1.175586364,EUR,7.43," ",,,,,," ",,,,,,,,," ",,,,,,,,," "
2017-10-24,,,,," ",,,,," ",1,1.175586364,EUR,7.41," ",,,,,," ",0.600733992,0.706214689,NZD,,,,18.9,25," ",,,,,,,,," "
2017-10-25,,,,," ",,,,," ",1,1.175586364,EUR,7.34," ",,,,,," ",0.600733992,0.706214689,NZD,,,,18.92,25," ",,,,,,,,," "
2017-10-26,,,,," ",,,,," ",1,1.175586364,EUR,7.46," ",,,,,," ",0.600733992,0.706214689,NZD,,,,18.95,25," ",,,,,,,,," "
2017-10-27,,,,," ",,,,," ",1,1.175586364,EUR,7.25," ",,,,,," ",0.600733992,0.706214689,NZD,,,,18.95,25," ",,,,,,,,," "
2017-10-30,,,,," ",,,,," ",1,1.175586364,EUR,7.15," ",,,,,," ",0.600733992,0.706214689,NZD,,,,19,25," ",,,,,,,,," "
2017-10-31,,,,," ",,,,," ",1,1.175586364,EUR,7.11," ",,,,,," ",0.600733992,0.706214689,NZD,,,,18.95,25," ",,,,,,,,," "
2017-11-01,,,,," ",,,,," ",1,1.1738,EUR,," ",,,,,," ",0.586812157,0.68880011,NZD,,,,18.95,25," ",,,,,,,,," "
2017-11-02,,,,," ",,,,," ",1,1.1738,EUR,7.52," ",,,,,," ",0.586812157,0.68880011,NZD,,,,18.97,25," ",,,,,,,,," "
2017-11-03,,,,," ",,,,," ",1,1.1738,EUR,," ",,,,,," ",0.586812157,0.68880011,NZD,,,,18.97,25," ",,,,,,,,," "
2017-11-06,,,,," ",,,,," ",1,1.1738,EUR,7.91," ",,,,,," ",0.586812157,0.68880011,NZD,,,,19.2,25," ",,,,,,,,," "
2017-11-07,,,,," ",,,,," ",1,1.1738,EUR,7.89," ",,,,,," ",0.586812157,0.68880011,NZD,,,,19.2,25," ",,,,,,,,," "
2017-11-08,,,,," ",,,,," ",1,1.1738,EUR,7.51," ",,,,,," ",0.586812157,0.68880011,NZD,,,,19.2,25," ",,,,,,,,," "
2017-11-09,,,,," ",,,,," ",1,1.1738,EUR,7.79," ",,,,,," ",0.586812157,0.68880011,NZD,,,,19.25,25," ",,,,,,,,," "
2017-11-10,,,,," ",,,,," ",1,1.1738,EUR,7.35," ",,,,,," ",0.586812157,0.68880011,NZD,,,,19.25,25," ",,,,,,,,," "
2017-11-13,,,,," ",,,,," ",1,1.1738,EUR,7.26," ",,,,,," ",0.586812157,0.68880011,NZD,,,,19.25,25," ",,,,,,,,," "
2017-11-14,,,,," ",,,,," ",1,1.1738,EUR,7.26," ",,,,,," ",0.586812157,0.68880011,NZD,,,,19.24,25," ",,,,,,,,," "
2017-11-15,,,,," ",,,,," ",1,1.1738,EUR,," ",,,,,," ",0.586812157,0.68880011,NZD,,,,19.24,25," ",,,,,,,,," "
2017-11-16,,,,," ",,,,," ",1,1.1738,EUR,7.68," ",,,,,," ",0.586812157,0.68880011,NZD,,,,19.2,25," ",,,,,,,,," "
2017-11-17,,,,," ",,,,," ",1,1.1738,EUR,7.43," ",,,,,," ",0.586812157,0.68880011,NZD,,,,19.22,25," ",,,,,,,,," "
2017-11-20,,,,," ",,,,," ",1,1.1738,EUR,7.32," ",,,,,," ",0.586812157,0.68880011,NZD,,,,19.25,25," ",,,,,,,,," "
2017-11-21,,,,," ",,,,," ",1,1.1738,EUR,7.51," ",,,,,," ",0.586812157,0.68880011,NZD,,,,19.25,25," ",,,,,,,,," "
2017-11-22,,,,," ",,,,," ",1,1.1738,EUR,7.36," ",,,,,," ",0.586812157,0.68880011,NZD,,,,19.25,25," ",,,,,,,,," "
2017-11-23,,,,," ",,,,," ",1,1.1738,EUR,7.37," ",,,,,," ",0.586812157,0.68880011,NZD,,,,19.25,25," ",,,,,,,,," "
2017-11-24,,,,," ",,,,," ",1,1.1738,EUR,7.7," ",,,,,," ",0.586812157,0.68880011,NZD,,,,19.27,25," ",,,,,,,,," "
2017-11-27,,,,," ",,,,," ",1,1.1738,EUR,7.69," ",,,,,," ",0.586812157,0.68880011,NZD,,,,19.25,25," ",,,,,,,,," "
2017-11-28,,,,," ",,,,," ",1,1.1738,EUR,7.59," ",,,,,," ",0.586812157,0.68880011,NZD,,,,19.3,25," ",,,,,,,,," "
2017-11-29,,,,," ",,,,," ",1,1.1738,EUR,," ",,,,,," ",0.586812157,0.68880011,NZD,,,,19.75,25," ",,,,,,,,," "
2017-11-30,,,,," ",,,,," ",1,1.1738,EUR,7.6," ",,,,,," ",0.586812157,0.68880011,NZD,,,,19.85,25," ",,,,,,,,," "
2017-12-01,,,,," ",,,,," ",1,1.183621053,EUR,7.5," ",,,,,," ",0.587446113,0.695313586,NZD,,,,19.95,25," ",,,,,,,,," "
2017-12-04,,,,," ",,,,," ",1,1.183621053,EUR,7.63," ",,,,,," ",0.587446113,0.695313586,NZD,,,,19.7,25," ",,,,,,,,," "
2017-12-05,,,,," ",,,,," ",1,1.183621053,EUR,7.49," ",,,,,," ",0.587446113,0.695313586,NZD,,,,19.82,25," ",,,,,,,,," "
2017-12-06,,,,," ",,,,," ",1,1.183621053,EUR,7.24," ",,,,,," ",0.587446113,0.695313586,NZD,,,,20.25,25," ",,,,,,,,," "
2017-12-07,,,,," ",,,,," ",1,1.183621053,EUR,7.23," ",,,,,," ",0.587446113,0.695313586,NZD,,,,20.25,25," ",,,,,,,,," "
2017-12-08,,,,," ",,,,," ",1,1.183621053,EUR,7.24," ",,,,,," ",0.587446113,0.695313586,NZD,,,,20.25,25," ",,,,,,,,," "
2017-12-11,,,,," ",,,,," ",1,1.183621053,EUR,7.1," ",,,,,," ",0.587446113,0.695313586,NZD,,,,20.4,25," ",,,,,,,,," "
2017-12-12,,,,," ",,,,," ",1,1.183621053,EUR,7.37," ",,,,,," ",0.587446113,0.695313586,NZD,,,,20.55,25," ",,,,,,,,," "
2017-12-13,,,,," ",,,,," ",1,1.183621053,EUR,," ",,,,,," ",0.587446113,0.695313586,NZD,,,,20.75,25," ",,,,,,,,," "
2017-12-14,,,,," ",,,,," ",1,1.183621053,EUR,6.96," ",,,,,," ",0.587446113,0.695313586,NZD,,,,21,25," ",,,,,,,,," "
2017-12-15,,,,," ",,,,," ",1,1.183621053,EUR,7.07," ",,,,,," ",0.587446113,0.695313586,NZD,,,,20.9,25," ",,,,,,,,," "
2017-12-18,,,,," ",,,,," ",1,1.183621053,EUR,," ",,,,,," ",0.587446113,0.695313586,NZD,,,,20.8,25," ",,,,,,,,," "
2017-12-19,,,,," ",,,,," ",1,1.183621053,EUR,," ",,,,,," ",0.587446113,0.695313586,NZD,,,,20.8,25," ",,,,,,,,," "
2017-12-20,,,,," ",,,,," ",1,1.183621053,EUR,," ",,,,,," ",0.587446113,0.695313586,NZD,,,,20.8,25," ",,,,,,,,," "
2017-12-21,,,,," ",,,,," ",1,1.183621053,EUR,," ",,,,,," ",0.587446113,0.695313586,NZD,,,,21,25," ",,,,,,,,," "
2017-12-22,,,,," ",,,,," ",1,1.183621053,EUR,," ",,,,,," ",0.587446113,0.695313586,NZD,,,,21,25," ",,,,,,,,," "
2017-12-27,,,,," ",,,,," ",1,1.183621053,EUR,," ",,,,,," ",0.587446113,0.695313586,NZD,,,,20.85,25," ",,,,,,,,," "
2017-12-28,,,,," ",,,,," ",1,1.183621053,EUR,," ",,,,,," ",0.587446113,0.695313586,NZD,,,,20.7,25," ",,,,,,,,," "
2017-12-29,,,,," ",,,,," ",1,1.183621053,EUR,," ",,,,,," ",0.587446113,0.695313586,NZD,,,,20.6,25," ",,,,,,,,," "
2018-01-02,,,,," ",,,,," ",1,1.21995,EUR,," ",,,,,," ",,,,,,,,," ",,,,,,,,," "
2018-01-03,,,,," ",,,,," ",1,1.21995,EUR,," ",,,,,," ",0.594679139,0.725478816,NZD,,,,20.6,25," ",,,,,,,,," "
2018-01-04,,,,," ",,,,," ",1,1.21995,EUR,," ",,,,,," ",0.594679139,0.725478816,NZD,,,,20.65,25," ",,,,,,,,," "
2018-01-05,,,,," ",,,,," ",1,1.21995,EUR,," ",,,,,," ",0.594679139,0.725478816,NZD,,,,20.65,25," ",,,,,,,,," "
2018-01-08,,,,," ",,,,," ",1,1.21995,EUR,7.83," ",,,,,," ",0.594679139,0.725478816,NZD,,,,20.85,25," ",,,,,,,,," "
2018-01-09,,,,," ",,,,," ",1,1.21995,EUR,7.68," ",,,,,," ",0.594679139,0.725478816,NZD,,,,21.25,25," ",,,,,,,,," "
2018-01-10,,,,," ",,,,," ",1,1.21995,EUR,," ",,,,,," ",0.594679139,0.725478816,NZD,,,,21.2,25," ",,,,,,,,," "
2018-01-11,,,,," ",,,,," ",1,1.21995,EUR,7.89," ",,,,,," ",0.594679139,0.725478816,NZD,,,,21.25,25," ",,,,,,,,," "
2018-01-12,,,,," ",,,,," ",1,1.21995,EUR,7.79," ",,,,,," ",0.594679139,0.725478816,NZD,,,,21.32,25," ",,,,,,,,," "
2018-01-15,,,,," ",,,,," ",1,1.21995,EUR,7.72," ",,,,,," ",0.594679139,0.725478816,NZD,,,,21.2,25," ",,,,,,,,," "
2018-01-16,,,,," ",,,,," ",1,1.21995,EUR,7.77," ",,,,,," ",0.594679139,0.725478816,NZD,,,,21.4,25," ",,,,,,,,," "
2018-01-17,,,,," ",,,,," ",1,1.21995,EUR,7.99," ",,,,,," ",0.594679139,0.725478816,NZD,,,,21.3,25," ",,,,,,,,," "
2018-01-18,,,,," ",,,,," ",1,1.21995,EUR,8.26," ",,,,,," ",0.594679139,0.725478816,NZD,,,,21.3,25," ",,,,,,,,," "
2018-01-19,,,,," ",,,,," ",1,1.21995,EUR,8.6," ",,,,,," ",0.594679139,0.725478816,NZD,,,,21.4,25," ",,,,,,,,," "
2018-01-22,,,,," ",,,,," ",1,1.21995,EUR,8.7," ",,,,,," ",,,,,,,,," ",,,,,,,,," "
2018-01-23,,,,," ",,,,," ",1,1.21995,EUR,8.88," ",,,,,," ",0.594679139,0.725478816,NZD,,,,21.25,25," ",,,,,,,,," "
2018-01-24,,,,," ",,,,," ",1,1.21995,EUR,," ",,,,,," ",0.594679139,0.725478816,NZD,,,,21.25,25," ",,,,,,,,," "
2018-01-25,,,,," ",,,,," ",1,1.21995,EUR,9.34," ",,,,,," ",0.594679139,0.725478816,NZD,,,,21.2,25," ",,,,,,,,," "
2018-01-26,,,,," ",,,,," ",1,1.21995,EUR,9.02," ",,,,,," ",0.594679139,0.725478816,NZD,,,,21.25,25," ",,,,,,,,," "
2018-01-29,,,,," ",,,,," ",1,1.21995,EUR,9.06," ",,,,,," ",,,,,,,,," ",,,,,,,,," "
2018-01-30,,,,," ",,,,," ",1,1.21995,EUR,8.86," ",,,,,," ",0.594679139,0.725478816,NZD,,,,21.22,25," ",,,,,,,,," "
2018-01-31,,,,," ",,,,," ",1,1.21995,EUR,8.78," ",,,,,," ",0.594679139,0.725478816,NZD,,,,21.32,25," ",,,,,,,,," "
2018-02-01,,,,," ",,,,," ",1,1.23478,EUR,9.37," ",,,,,," ",0.592176708,0.731207956,NZD,,,,21.35,25," ",,,,,,,,," "
2018-02-02,,,,," ",,,,," ",1,1.23478,EUR,9.04," ",,,,,," ",0.592176708,0.731207956,NZD,,,,21.4,25," ",,,,,,,,," "
2018-02-05,,,,," ",,,,," ",1,1.23478,EUR,8.66," ",,,,,," ",0.592176708,0.731207956,NZD,,,,21.4,25," ",,,,,,,,," "
2018-02-06,,,,," ",,,,," ",1,1.23478,EUR,8.84," ",,,,,," ",,,,,,,,," ",,,,,,,,," "
2018-02-07,,,,," ",,,,," ",1,1.23478,EUR,," ",,,,,," ",0.592176708,0.731207956,NZD,,,,21.45,25," ",,,,,,,,," "
2018-02-08,,,,," ",,,,," ",1,1.23478,EUR,8.93," ",,,,,," ",0.592176708,0.731207956,NZD,,,,21.5,25," ",,,,,,,,," "
2018-02-09,,,,," ",,,,," ",1,1.23478,EUR,8.97," ",,,,,," ",0.592176708,0.731207956,NZD,,,,21.55,25," ",,,,,,,,," "
2018-02-12,,,,," ",,,,," ",1,1.23478,EUR,9.08," ",,,,,," ",0.592176708,0.731207956,NZD,,,,21.5,25," ",,,,,,,,," "
2018-02-13,,,,," ",,,,," ",1,1.23478,EUR,9.53," ",,,,,," ",0.592176708,0.731207956,NZD,,,,21.52,25," ",,,,,,,,," "
2018-02-14,,,,," ",,,,," ",1,1.23478,EUR,9.88," ",,,,,," ",0.592176708,0.731207956,NZD,,,,21.55,25," ",,,,,,,,," "
2018-02-15,,,,," ",,,,," ",1,1.23478,EUR,9.64," ",,,,,," ",0.592176708,0.731207956,NZD,,,,21.5,25," ",,,,,,,,," "
2018-02-16,,,,," ",,,,," ",1,1.23478,EUR,9.53," ",,,,,," ",0.592176708,0.731207956,NZD,,,,21.5,25," ",,,,,,,,," "
2018-02-19,,,,," ",,,,," ",1,1.23478,EUR,9.58," ",,,,,," ",0.592176708,0.731207956,NZD,,,,21.42,25," ",,,,,,,,," "
2018-02-20,,,,," ",,,,," ",1,1.23478,EUR,9.7," ",,,,,," ",0.592176708,0.731207956,NZD,,,,21.2,25," ",,,,,,,,," "
2018-02-21,,,,," ",,,,," ",1,1.23478,EUR,," ",,,,,," ",0.592176708,0.731207956,NZD,,,,21.2,25," ",,,,,,,,," "
2018-02-22,,,,," ",,,,," ",1,1.23478,EUR,9.56," ",,,,,," ",0.592176708,0.731207956,NZD,,,,21.25,25," ",,,,,,,,," "
2018-02-23,,,,," ",,,,," ",1,1.23478,EUR,9.68," ",,,,,," ",0.592176708,0.731207956,NZD,,,,21.1,25," ",,,,,,,,," "
2018-02-26,,,,," ",,,,," ",1,1.23478,EUR,9.56," ",,,,,," ",0.592176708,0.731207956,NZD,,,,21.1,25," ",,,,,,,,," "
2018-02-27,,,,," ",,,,," ",1,1.23478,EUR,9.54," ",,,,,," ",0.592176708,0.731207956,NZD,,,,20.85,25," ",,,,,,,,," "
2018-02-28,,,,," ",,,,," ",1,1.23478,EUR,9.99," ",,,,,," ",0.592176708,0.731207956,NZD,,,,20.95,25," ",,,,,,,,," "
2018-03-01,,,,," ",,,,," ",1,1.233619048,EUR,9.92," ",,,,,," ",0.588260538,0.725689405,NZD,,,,21.1,25," ",,,,,,,,," "
2018-03-02,,,,," ",,,,," ",1,1.233619048,EUR,9.89," ",,,,,," ",0.588260538,0.725689405,NZD,,,,20.9,25," ",,,,,,,,," "
2018-03-05,,,,," ",,,,," ",1,1.233619048,EUR,10.05," ",,,,,," ",0.588260538,0.725689405,NZD,,,,20.9,25," ",,,,,,,,," "
2018-03-06,,,,," ",,,,," ",1,1.233619048,EUR,10.28," ",,,,,," ",0.588260538,0.725689405,NZD,,,,20.95,25," ",,,,,,,,," "
2018-03-07,,,,," ",,,,," ",1,1.233619048,EUR,," ",,,,,," ",0.588260538,0.725689405,NZD,,,,20.95,25," ",,,,,,,,," "
2018-03-08,,,,," ",,,,," ",1,1.233619048,EUR,10.77," ",,,,,," ",0.588260538,0.725689405,NZD,,,,20.95,25," ",,,,,,,,," "
2018-03-09,,,,," ",,,,," ",1,1.233619048,EUR,11.1," ",,,,,," ",0.588260538,0.725689405,NZD,,,,20.95,25," ",,,,,,,,," "
2018-03-12,,,,," ",,,,," ",1,1.233619048,EUR,11.32," ",,,,,," ",0.588260538,0.725689405,NZD,,,,20.8,25," ",,,,,,,,," "
2018-03-13,,,,," ",,,,," ",1,1.233619048,EUR,11.03," ",,,,,," ",0.588260538,0.725689405,NZD,,,,20.9,25," ",,,,,,,,," "
2018-03-14,,,,," ",,,,," ",1,1.233619048,EUR,11.25," ",,,,,," ",0.588260538,0.725689405,NZD,,,,20.92,25," ",,,,,,,,," "
2018-03-15,,,,," ",,,,," ",1,1.233619048,EUR,11.09," ",,,,,," ",0.588260538,0.725689405,NZD,,,,20.93,25," ",,,,,,,,," "
2018-03-16,,,,," ",,,,," ",1,1.233619048,EUR,10.97," ",,,,,," ",0.588260538,0.725689405,NZD,,,,20.94,25," ",,,,,,,,," "
2018-03-19,,,,," ",,,,," ",1,1.233619048,EUR,10.96," ",,,,,," ",0.588260538,0.725689405,NZD,,,,20.93,25," ",,,,,,,,," "
2018-03-20,,,,," ",,,,," ",1,1.233619048,EUR,11.17," ",,,,,," ",0.588260538,0.725689405,NZD,,,,20.95,25," ",,,,,,,,," "
2018-03-21,,,,," ",,,,," ",1,1.233619048,EUR,," ",,,,,," ",0.588260538,0.725689405,NZD,,,,20.93,25," ",,,,,,,,," "
2018-03-22,,,,," ",,,,," ",1,1.233619048,EUR,12.54," ",,,,,," ",0.588260538,0.725689405,NZD,,,,20.95,25," ",,,,,,,,," "
2018-03-23,,,,," ",,,,," ",1,1.233619048,EUR,12.37," ",,,,,," ",0.588260538,0.725689405,NZD,,,,20.95,25," ",,,,,,,,," "
2018-03-26,,,,," ",,,,," ",1,1.233619048,EUR,12.8," ",,,,,," ",0.588260538,0.725689405,NZD,,,,20.95,25," ",,,,,,,,," "
2018-03-27,,,,," ",,,,," ",1,1.233619048,EUR,13.26," ",,,,,," ",0.588260538,0.725689405,NZD,,,,21,25," ",,,,,,,,," "
2018-03-28,,,,," ",,,,," ",1,1.233619048,EUR,14.05," ",,,,,," ",0.588260538,0.725689405,NZD,,,,20.95,25," ",,,,,,,,," "
2018-03-29,,,,," ",,,,," ",1,1.233619048,EUR,," ",,,,,," ",0.588260538,0.725689405,NZD,,,,21.05,25," ",,,,,,,,," "
2018-04-03,,,,," ",,,,," ",1,1.22763,EUR,12.9," ",,,,,," ",0.591216201,0.725794745,NZD,,,,21,25," ",,,,,,,,," "
2018-04-04,,,,," ",,,,," ",1,1.22763,EUR,," ",,,,,," ",0.591216201,0.725794745,NZD,,,,21.1,25," ",,,,,,,,," "
2018-04-05,,,,," ",,,,," ",1,1.22763,EUR,12.65," ",,,,,," ",0.591216201,0.725794745,NZD,,,,21.15,25," ",,,,,,,,," "
2018-04-06,,,,," ",,,,," ",1,1.22763,EUR,12.68," ",,,,,," ",0.591216201,0.725794745,NZD,,,,21.2,25," ",,,,,,,,," "
2018-04-09,,,,," ",,,,," ",1,1.22763,EUR,12.96," ",,,,,," ",0.591216201,0.725794745,NZD,,,,21.22,25," ",,,,,,,,," "
2018-04-10,,,,," ",,,,," ",1,1.22763,EUR,13.1," ",,,,,," ",0.591216201,0.725794745,NZD,,,,21.25,25," ",,,,,,,,," "
2018-04-11,,,,," ",,,,," ",1,1.22763,EUR,13.55," ",,,,,," ",0.591216201,0.725794745,NZD,,,,21.2,25," ",,,,,,,,," "
2018-04-12,,,,," ",,,,," ",1,1.22763,EUR,13.15," ",,,,,," ",0.591216201,0.725794745,NZD,,,,21.25,25," ",,,,,,,,," "
2018-04-13,,,,," ",,,,," ",1,1.22763,EUR,13.8," ",,,,,," ",0.591216201,0.725794745,NZD,,,,21.25,25," ",,,,,,,,," "
2018-04-16,,,,," ",,,,," ",1,1.22763,EUR,13.84," ",,,,,," ",0.591216201,0.725794745,NZD,,,,21.27,25," ",,,,,,,,," "
2018-04-17,,,,," ",,,,," ",1,1.22763,EUR,13.82," ",,,,,," ",0.591216201,0.725794745,NZD,,,,21.27,25," ",,,,,,,,," "
2018-04-18,,,,," ",,,,," ",1,1.22763,EUR,," ",,,,,," ",0.591216201,0.725794745,NZD,,,,21.3,25," ",,,,,,,,," "
2018-04-19,,,,," ",,,,," ",1,1.22763,EUR,13.99," ",,,,,," ",0.591216201,0.725794745,NZD,,,,21.3,25," ",,,,,,,,," "
2018-04-20,,,,," ",,,,," ",1,1.22763,EUR,13.05," ",,,,,," ",0.591216201,0.725794745,NZD,,,,21.35,25," ",,,,,,,,," "
2018-04-23,,,,," ",,,,," ",1,1.22763,EUR,12.75," ",,,,,," ",0.591216201,0.725794745,NZD,,,,21.32,25," ",,,,,,,,," "
2018-04-24,,,,," ",,,,," ",1,1.22763,EUR,12.73," ",,,,,," ",0.591216201,0.725794745,NZD,,,,21.26,25," ",,,,,,,,," "
2018-04-25,,,,," ",,,,," ",1,1.22763,EUR,13.09," ",,,,,," ",,,,,,,,," ",,,,,,,,," "
2018-04-26,,,,," ",,,,," ",1,1.22763,EUR,13.39," ",,,,,," ",0.591216201,0.725794745,NZD,,,,21.27,25," ",,,,,,,,," "
2018-04-27,,,,," ",,,,," ",1,1.22763,EUR,13.28," ",,,,,," ",0.591216201,0.725794745,NZD,,,,21.55,25," ",,,,,,,,," "
2018-04-30,,,,," ",,,,," ",1,1.22763,EUR,13.35," ",,,,,," ",0.591216201,0.725794745,NZD,,,,21.5,25," ",,,,,,,,," "
2018-05-02,,,,," ",,,,," ",1,1.181222727,EUR,," ",,,,,," ",0.588638849,0.695313586,NZD,,,,21.47,25," ",,,,,,,,," "
2018-05-03,,,,," ",,,,," ",1,1.181222727,EUR,12.77," ",,,,,," ",0.588638849,0.695313586,NZD,,,,21.45,25," ",,,,,,,,," "
2018-05-04,,,,," ",,,,," ",1,1.181222727,EUR,12.78," ",,,,,," ",0.588638849,0.695313586,NZD,,,,21.45,25," ",,,,,,,,," "
2018-05-07,,,,," ",,,,," ",1,1.181222727,EUR,," ",,,,,," ",0.588638849,0.695313586,NZD,,,,21.45,25," ",,,,,,,,," "
2018-05-08,,,,," ",,,,," ",1,1.181222727,EUR,13.51," ",,,,,," ",0.588638849,0.695313586,NZD,,,,21.35,25," ",,,,,,,,," "
2018-05-09,,,,," ",,,,," ",1,1.181222727,EUR,13.92," ",,,,,," ",0.588638849,0.695313586,NZD,,,,21.3,25," ",,,,,,,,," "
2018-05-10,,,,," ",,,,," ",1,1.181222727,EUR,," ",,,,,," ",0.588638849,0.695313586,NZD,,,,21.3,25," ",,,,,,,,," "
2018-05-11,,,,," ",,,,," ",1,1.181222727,EUR,," ",,,,,," ",0.588638849,0.695313586,NZD,,,,21.3,25," ",,,,,,,,," "
2018-05-14,,,,," ",,,,," ",1,1.181222727,EUR,14.2," ",,,,,," ",0.588638849,0.695313586,NZD,,,,21.25,25," ",,,,,,,,," "
2018-05-15,,,,," ",,,,," ",1,1.181222727,EUR,14.7," ",,,,,," ",0.588638849,0.695313586,NZD,,,,21.27,25," ",,,,,,,,," "
2018-05-16,,,,," ",,,,," ",1,1.181222727,EUR,," ",,,,,," ",0.588638849,0.695313586,NZD,,,,21.2,25," ",,,,,,,,," "
2018-05-17,,,,," ",,,,," ",1,1.181222727,EUR,15.05," ",,,,,," ",0.588638849,0.695313586,NZD,,,,21.25,25," ",,,,,,,,," "
2018-05-18,,,,," ",,,,," ",1,1.181222727,EUR,15.2," ",,,,,," ",0.588638849,0.695313586,NZD,,,,21.2,25," ",,,,,,,,," "
2018-05-21,,,,," ",,,,," ",1,1.181222727,EUR,," ",,,,,," ",0.588638849,0.695313586,NZD,,,,21.2,25," ",,,,,,,,," "
2018-05-22,,,,," ",,,,," ",1,1.181222727,EUR,15.88," ",,,,,," ",0.588638849,0.695313586,NZD,,,,21.2,25," ",,,,,,,,," "
2018-05-23,,,,," ",,,,," ",1,1.181222727,EUR,15.74," ",,,,,," ",0.588638849,0.695313586,NZD,,,,21.15,25," ",,,,,,,,," "
2018-05-24,,,,," ",,,,," ",1,1.181222727,EUR,16.23," ",,,,,," ",0.588638849,0.695313586,NZD,,,,21.15,25," ",,,,,,,,," "
2018-05-25,,,,," ",,,,," ",1,1.181222727,EUR,15.89," ",,,,,," ",0.588638849,0.695313586,NZD,,,,21,25," ",,,,,,,,," "
2018-05-28,,,,," ",,,,," ",1,1.181222727,EUR,," ",,,,,," ",0.588638849,0.695313586,NZD,,,,21,25," ",,,,,,,,," "
2018-05-29,,,,," ",,,,," ",1,1.181222727,EUR,16.25," ",,,,,," ",0.588638849,0.695313586,NZD,,,,20.95,25," ",,,,,,,,," "
2018-05-30,,,,," ",,,,," ",1,1.181222727,EUR,," ",,,,,," ",0.588638849,0.695313586,NZD,,,,20.95,25," ",,,,,,,,," "
2018-05-31,,,,," ",,,,," ",1,1.181222727,EUR,15.4," ",,,,,," ",0.588638849,0.695313586,NZD,,,,21,25," ",,,,,,,,," "
2018-06-01,,,,," ",,,,," ",1,1.167828571,EUR,14.9," ",,,,,," ",0.594356953,0.694107031,NZD,,,,20.6,25," ",,,,,,,,," "
2018-06-04,,,,," ",,,,," ",1,1.167828571,EUR,15.28," ",,,,,," ",,,,,,,,," ",,,,,,,,," "
2018-06-05,,,,," ",,,,," ",1,1.167828571,EUR,16.35," ",,,,,," ",0.594356953,0.694107031,NZD,,,,20.7,25," ",,,,,,,,," "
2018-06-06,,,,," ",,,,," ",1,1.167828571,EUR,15.7," ",,,,,," ",0.594356953,0.694107031,NZD,,,,20.55,25," ",,,,,,,,," "
2018-06-07,,,,," ",,,,," ",1,1.167828571,EUR,16.14," ",,,,,," ",0.594356953,0.694107031,NZD,,,,20.65,25," ",,,,,,,,," "
2018-06-08,,,,," ",,,,," ",1,1.167828571,EUR,15.78," ",,,,,," ",0.594356953,0.694107031,NZD,,,,20.62,25," ",,,,,,,,," "
2018-06-11,,,,," ",,,,," ",1,1.167828571,EUR,15.7," ",,,,,," ",0.594356953,0.694107031,NZD,,,,20.62,25," ",,,,,,,,," "
2018-06-12,,,,," ",,,,," ",1,1.167828571,EUR,15.08," ",,,,,," ",0.594356953,0.694107031,NZD,,,,20.5,25," ",,,,,,,,," "
2018-06-13,,,,," ",,,,," ",1,1.167828571,EUR,," ",,,,,," ",0.594356953,0.694107031,NZD,,,,20.42,25," ",,,,,,,,," "
2018-06-14,,,,," ",,,,," ",1,1.167828571,EUR,15.44," ",,,,,," ",0.594356953,0.694107031,NZD,,,,20.45,25," ",,,,,,,,," "
2018-06-15,,,,," ",,,,," ",1,1.167828571,EUR,14.62," ",,,,,," ",0.594356953,0.694107031,NZD,,,,20.45,25," ",,,,,,,,," "
2018-06-18,,,,," ",,,,," ",1,1.167828571,EUR,14.52," ",,,,,," ",0.594356953,0.694107031,NZD,,,,20.45,25," ",,,,,,,,," "
2018-06-19,,,,," ",,,,," ",1,1.167828571,EUR,14.35," ",,,,,," ",0.594356953,0.694107031,NZD,,,,20.5,25," ",,,,,,,,," "
2018-06-20,,,,," ",,,,," ",1,1.167828571,EUR,14.21," ",,,,,," ",0.594356953,0.694107031,NZD,,,,20.52,25," ",,,,,,,,," "
2018-06-21,,,,," ",,,,," ",1,1.167828571,EUR,14.2," ",,,,,," ",0.594356953,0.694107031,NZD,,,,20.5,25," ",,,,,,,,," "
2018-06-22,,,,," ",,,,," ",1,1.167828571,EUR,14.78," ",,,,,," ",0.594356953,0.694107031,NZD,,,,20.8,25," ",,,,,,,,," "
2018-06-25,,,,," ",,,,," ",1,1.167828571,EUR,15.03," ",,,,,," ",0.594356953,0.694107031,NZD,,,,20.75,25," ",,,,,,,,," "
2018-06-26,,,,," ",,,,," ",1,1.167828571,EUR,14.86," ",,,,,," ",0.594356953,0.694107031,NZD,,,,20.9,25," ",,,,,,,,," "
2018-06-27,,,,," ",,,,," ",1,1.167828571,EUR,," ",,,,,," ",0.594356953,0.694107031,NZD,,,,20.92,25," ",,,,,,,,," "
2018-06-28,,,,," ",,,,," ",1,1.167828571,EUR,15.22," ",,,,,," ",0.594356953,0.694107031,NZD,,,,21.1,25," ",,,,,,,,," "
2018-06-29,,,,," ",,,,," ",1,1.167828571,EUR,14.85," ",,,,,," ",0.594356953,0.694107031,NZD,,,,21.1,25," ",,,,,,,,," "
2018-07-02,,,,," ",,,,," ",1,1.168572727,EUR,14.95," ",,,,,," ",0.58087481,0.678794461,NZD,,,,21.17,25," ",,,,,,,,," "
2018-07-03,,,,," ",,,,," ",1,1.168572727,EUR,15.15," ",,,,,," ",0.58087481,0.678794461,NZD,,,,21.45,25," ",,,,,,,,," "
2018-07-04,,,,," ",,,,," ",1,1.168572727,EUR,15.35," ",,,,,," ",0.58087481,0.678794461,NZD,,,,21.6,25," ",,,,,,,,," "
2018-07-05,,,,," ",,,,," ",1,1.168572727,EUR,15.4," ",,,,,," ",0.58087481,0.678794461,NZD,,,,21.55,25," ",,,,,,,,," "
2018-07-06,,,,," ",,,,," ",1,1.168572727,EUR,15.55," ",,,,,," ",0.58087481,0.678794461,NZD,,,,21.55,25," ",,,,,,,,," "
2018-07-09,,,,," ",,,,," ",1,1.168572727,EUR,15.85," ",,,,,," ",0.58087481,0.678794461,NZD,,,,21.55,25," ",,,,,,,,," "
2018-07-10,,,,," ",,,,," ",1,1.168572727,EUR,16.15," ",,,,,," ",,,,,,,,," ",,,,,,,,," "
2018-07-11,,,,," ",,,,," ",1,1.168572727,EUR,," ",,,,,," ",0.58087481,0.678794461,NZD,,,,21.8,25," ",,,,,,,,," "
2018-07-12,,,,," ",,,,," ",1,1.168572727,EUR,16.22," ",,,,,," ",0.58087481,0.678794461,NZD,,,,21.8,25," ",,,,,,,,," "
2018-07-13,,,,," ",,,,," ",1,1.168572727,EUR,15.8," ",,,,,," ",0.58087481,0.678794461,NZD,,,,22,25," ",,,,,,,,," "
2018-07-16,,,,," ",,,,," ",1,1.168572727,EUR,16.14," ",,,,,," ",0.58087481,0.678794461,NZD,,,,21.95,25," ",,,,,,,,," "
2018-07-17,,,,," ",,,,," ",1,1.168572727,EUR,15.87," ",,,,,," ",0.58087481,0.678794461,NZD,,,,22.2,25," ",,,,,,,,," "
2018-07-18,,,,," ",,,,," ",1,1.168572727,EUR,16.01," ",,,,,," ",0.58087481,0.678794461,NZD,,,,22.4,25," ",,,,,,,,," "
2018-07-19,,,,," ",,,,," ",1,1.168572727,EUR,16.46," ",,,,,," ",0.58087481,0.678794461,NZD,,,,22.5,25," ",,,,,,,,," "
2018-07-20,,,,," ",,,,," ",1,1.168572727,EUR,16.9," ",,,,,," ",0.58087481,0.678794461,NZD,,,,22.6,25," ",,,,,,,,," "
2018-07-23,,,,," ",,,,," ",1,1.168572727,EUR,17.2," ",,,,,," ",0.58087481,0.678794461,NZD,,,,22.65,25," ",,,,,,,,," "
2018-07-24,,,,," ",,,,," ",1,1.168572727,EUR,17.45," ",,,,,," ",0.58087481,0.678794461,NZD,,,,22.85,25," ",,,,,,,,," "
2018-07-25,,,,," ",,,,," ",1,1.168572727,EUR,," ",,,,,," ",0.58087481,0.678794461,NZD,,,,23,25," ",,,,,,,,," "
2018-07-26,,,,," ",,,,," ",1,1.168572727,EUR,16.99," ",,,,,," ",0.58087481,0.678794461,NZD,,,,22.8,25," ",,,,,,,,," "
2018-07-27,,,,," ",,,,," ",1,1.168572727,EUR,16.91," ",,,,,," ",0.58087481,0.678794461,NZD,,,,22.75,25," ",,,,,,,,," "
2018-07-30,,,,," ",,,,," ",1,1.168572727,EUR,16.9," ",,,,,," ",0.58087481,0.678794461,NZD,,,,22.75,25," ",,,,,,,,," "
2018-07-31,,,,," ",,,,," ",1,1.168572727,EUR,16.87," ",,,,,," ",0.58087481,0.678794461,NZD,,,,22.7,25," ",,,,,,,,," "
2018-08-01,,,,," ",,,,," ",1,1.154895652,EUR,17.38," ",,,,,," ",0.577637821,0.667111408,NZD,,,,22.7,25," ",,,,,,,,," "
2018-08-02,,,,," ",,,,," ",1,1.154895652,EUR,17.58," ",,,,,," ",0.577637821,0.667111408,NZD,,,,22.7,25," ",,,,,,,,," "
2018-08-03,,,,," ",,,,," ",1,1.154895652,EUR,17.62," ",,,,,," ",,,,,,,,," ",,,,,,,,," "
2018-08-06,,,,," ",,,,," ",1,1.154895652,EUR,17.62," ",,,,,," ",0.577637821,0.667111408,NZD,,,,22.65,25," ",,,,,,,,," "
2018-08-07,,,,," ",,,,," ",1,1.154895652,EUR,17.47," ",,,,,," ",0.577637821,0.667111408,NZD,,,,22.7,25," ",,,,,,,,," "
2018-08-08,,,,," ",,,,," ",1,1.154895652,EUR,," ",,,,,," ",0.577637821,0.667111408,NZD,,,,22.75,25," ",,,,,,,,," "
2018-08-09,,,,," ",,,,," ",1,1.154895652,EUR,17.47," ",,,,,," ",0.577637821,0.667111408,NZD,,,,22.75,25," ",,,,,,,,," "
2018-08-10,,,,," ",,,,," ",1,1.154895652,EUR,17.72," ",,,,,," ",,,,,,,,," ",,,,,,,,," "
2018-08-13,,,,," ",,,,," ",1,1.154895652,EUR,17.93," ",,,,,," ",,,,,,,,," ",,,,,,,,," "
2018-08-14,,,,," ",,,,," ",1,1.154895652,EUR,18.03," ",,,,,," ",0.577637821,0.667111408,NZD,,,,23.85,25," ",,,,,,,,," "
2018-08-15,,,,," ",,,,," ",1,1.154895652,EUR,," ",,,,,," ",0.577637821,0.667111408,NZD,,,,24.2,25," ",,,,,,,,," "
2018-08-16,,,,," ",,,,," ",1,1.154895652,EUR,18," ",,,,,," ",0.577637821,0.667111408,NZD,,,,24.17,25," ",,,,,,,,," "
2018-08-17,,,,," ",,,,," ",1,1.154895652,EUR,18.1," ",,,,,," ",0.577637821,0.667111408,NZD,,,,24.17,25," ",,,,,,,,," "
2018-08-20,,,,," ",,,,," ",1,1.154895652,EUR,18.2," ",,,,,," ",0.577637821,0.667111408,NZD,,,,24.3,25," ",,,,,,,,," "
2018-08-21,,,,," ",,,,," ",1,1.154895652,EUR,18.55," ",,,,,," ",0.577637821,0.667111408,NZD,,,,24.55,25," ",,,,,,,,," "
2018-08-22,,,,," ",,,,," ",1,1.154895652,EUR,," ",,,,,," ",0.577637821,0.667111408,NZD,,,,24.65,25," ",,,,,,,,," "
2018-08-23,,,,," ",,,,," ",1,1.154895652,EUR,20.05," ",,,,,," ",0.577637821,0.667111408,NZD,,,,24.65,25," ",,,,,,,,," "
2018-08-24,,,,," ",,,,," ",1,1.154895652,EUR,20.55," ",,,,,," ",0.577637821,0.667111408,NZD,,,,24.65,25," ",,,,,,,,," "
2018-08-27,,,,," ",,,,," ",1,1.154895652,EUR,," ",,,,,," ",0.577637821,0.667111408,NZD,,,,24.65,25," ",,,,,,,,," "
2018-08-28,,,,," ",,,,," ",1,1.154895652,EUR,21.3," ",,,,,," ",0.577637821,0.667111408,NZD,,,,24.8,25," ",,,,,,,,," "
2018-08-29,,,,," ",,,,," ",1,1.154895652,EUR,20.9," ",,,,,," ",0.577637821,0.667111408,NZD,,,,24.8,25," ",,,,,,,,," "
2018-08-30,,,,," ",,,,," ",1,1.154895652,EUR,21.09," ",,,,,," ",0.577637821,0.667111408,NZD,,,,25.05,25," ",,,,,,,,," "
2018-08-31,,,,," ",,,,," ",1,1.154895652,EUR,21.11," ",,,,,," ",0.577637821,0.667111408,NZD,,,,25.05,25," ",,,,,,,,," "
2018-09-03,,,,," ",,,,," ",1,1.16587,EUR,20.45," ",,,,,," ",0.565672072,0.659500099,NZD,,,,25.02,25," ",,,,,,,,," "
2018-09-04,,,,," ",,,,," ",1,1.16587,EUR,20.5," ",,,,,," ",0.565672072,0.659500099,NZD,,,,25.05,25," ",,,,,,,,," "
2018-09-05,,,,," ",,,,," ",1,1.16587,EUR,," ",,,,,," ",,,,,,,,," ",,,,,,,,," "
2018-09-06,,,,," ",,,,," ",1,1.16587,EUR,," ",,,,,," ",0.565672072,0.659500099,NZD,,,,25.1,25," ",,,,,,,,," "
2018-09-07,,,,," ",,,,," ",1,1.16587,EUR,22.51," ",,,,,," ",0.565672072,0.659500099,NZD,,,,25.12,25," ",,,,,,,,," "
2018-09-10,,,,," ",,,,," ",1,1.16587,EUR,24.85," ",,,,,," ",0.565672072,0.659500099,NZD,,,,25.15,25," ",,,,,,,,," "
2018-09-11,,,,," ",,,,," ",1,1.16587,EUR,24.15," ",,,,,," ",0.565672072,0.659500099,NZD,,,,25.15,25," ",,,,,,,,," "
2018-09-12,,,,," ",,,,," ",1,1.16587,EUR,23.75," ",,,,,," ",0.565672072,0.659500099,NZD,,,,25.1,25," ",,,,,,,,," "
2018-09-13,,,,," ",,,,," ",1,1.16587,EUR,21.9," ",,,,,," ",0.565672072,0.659500099,NZD,,,,25.05,25," ",,,,,,,,," "
2018-09-14,,,,," ",,,,," ",1,1.16587,EUR,19.51," ",,,,,," ",0.565672072,0.659500099,NZD,,,,25.03,25," ",,,,,,,,," "
2018-09-17,,,,," ",,,,," ",1,1.16587,EUR,20.6," ",,,,,," ",0.565672072,0.659500099,NZD,,,,25.06,25," ",,,,,,,,," "
2018-09-18,,,,," ",,,,," ",1,1.16587,EUR,20.75," ",,,,,," ",0.565672072,0.659500099,NZD,,,,25,25," ",,,,,,,,," "
2018-09-19,,,,," ",,,,," ",1,1.16587,EUR,," ",,,,,," ",0.565672072,0.659500099,NZD,,,,25.06,25," ",,,,,,,,," "
2018-09-20,,,,," ",,,,," ",1,1.16587,EUR,21.8," ",,,,,," ",0.565672072,0.659500099,NZD,,,,25.03,25," ",,,,,,,,," "
2018-09-21,,,,," ",,,,," ",1,1.16587,EUR,," ",,,,,," ",0.565672072,0.659500099,NZD,,,,25.06,25," ",,,,,,,,," "
2018-09-24,,,,," ",,,,," ",1,1.16587,EUR,22.39," ",,,,,," ",0.565672072,0.659500099,NZD,,,,25.06,25," ",,,,,,,,," "
2018-09-25,,,,," ",,,,," ",1,1.16587,EUR,21.9," ",,,,,," ",0.565672072,0.659500099,NZD,,,,25.03,25," ",,,,,,,,," "
2018-09-26,,,,," ",,,,," ",1,1.16587,EUR,20.4," ",,,,,," ",0.565672072,0.659500099,NZD,,,,25.03,25," ",,,,,,,,," "
2018-09-27,,,,," ",,,,," ",1,1.16587,EUR,19.87," ",,,,,," ",0.565672072,0.659500099,NZD,,,,25.03,25," ",,,,,,,,," "
2018-09-28,,,,," ",,,,," ",1,1.16587,EUR,20.3," ",,,,,," ",0.565672072,0.659500099,NZD,,,,25,25," ",,,,,,,,," "
2018-10-01,,,,," ",,,,," ",1,1.148404348,EUR,20.7," ",,,,,," ",0.568612666,0.652997257,NZD,,,,25.03,25," ",,,,,,,,," "
2018-10-02,,,,," ",,,,," ",1,1.148404348,EUR,21.45," ",,,,,," ",0.568612666,0.652997257,NZD,,,,25,25," ",,,,,,,,," "
2018-10-03,,,,," ",,,,," ",1,1.148404348,EUR,," ",,,,,," ",0.568612666,0.652997257,NZD,,,,25.05,25," ",,,,,,,,," "
2018-10-04,,,,," ",,,,," ",1,1.148404348,EUR,21.15," ",,,,,," ",0.568612666,0.652997257,NZD,,,,25.05,25," ",,,,,,,,," "
2018-10-05,,,,," ",,,,," ",1,1.148404348,EUR,21.14," ",,,,,," ",0.568612666,0.652997257,NZD,,,,25.12,25," ",,,,,,,,," "
2018-10-08,,,,," ",,,,," ",1,1.148404348,EUR,22.09," ",,,,,," ",0.568612666,0.652997257,NZD,,,,25.25,25," ",,,,,,,,," "
2018-10-09,,,,," ",,,,," ",1,1.148404348,EUR,21.32," ",,,,,," ",0.568612666,0.652997257,NZD,,,,25.25,25," ",,,,,,,,," "
2018-10-10,,,,," ",,,,," ",1,1.148404348,EUR,20.38," ",,,,,," ",0.568612666,0.652997257,NZD,,,,25.25,25," ",,,,,,,,," "
2018-10-11,,,,," ",,,,," ",1,1.148404348,EUR,18.57," ",,,,,," ",,,,,,,,," ",,,,,,,,," "
2018-10-12,,,,," ",,,,," ",1,1.148404348,EUR,19.95," ",,,,,," ",0.568612666,0.652997257,NZD,,,,25.11,25," ",,,,,,,,," "
2018-10-15,,,,," ",,,,," ",1,1.148404348,EUR,20.03," ",,,,,," ",0.568612666,0.652997257,NZD,,,,25.02,25," ",,,,,,,,," "
2018-10-16,,,,," ",,,,," ",1,1.148404348,EUR,17.9," ",,,,,," ",0.568612666,0.652997257,NZD,,,,25.1,25," ",,,,,,,,," "
2018-10-17,,,,," ",,,,," ",1,1.148404348,EUR,," ",,,,,," ",0.568612666,0.652997257,NZD,,,,25.05,25," ",,,,,,,,," "
2018-10-18,,,,," ",,,,," ",1,1.148404348,EUR,18.53," ",,,,,," ",0.568612666,0.652997257,NZD,,,,25.05,25," ",,,,,,,,," "
2018-10-19,,,,," ",,,,," ",1,1.148404348,EUR,19.17," ",,,,,," ",0.568612666,0.652997257,NZD,,,,25.05,25," ",,,,,,,,," "
2018-10-22,,,,," ",,,,," ",1,1.148404348,EUR,19.1," ",,,,,," ",,,,,,,,," ",,,,,,,,," "
2018-10-23,,,,," ",,,,," ",1,1.148404348,EUR,18.5," ",,,,,," ",0.568612666,0.652997257,NZD,,,,25.1,25," ",,,,,,,,," "
2018-10-24,,,,," ",,,,," ",1,1.148404348,EUR,19.1," ",,,,,," ",0.568612666,0.652997257,NZD,,,,25.1,25," ",,,,,,,,," "
2018-10-25,,,,," ",,,,," ",1,1.148404348,EUR,18.72," ",,,,,," ",0.568612666,0.652997257,NZD,,,,25.1,25," ",,,,,,,,," "
2018-10-26,,,,," ",,,,," ",1,1.148404348,EUR,18.98," ",,,,,," ",0.568612666,0.652997257,NZD,,,,25.1,25," ",,,,,,,,," "
2018-10-29,,,,," ",,,,," ",1,1.148404348,EUR,17.91," ",,,,,," ",0.568612666,0.652997257,NZD,,,,25.12,25," ",,,,,,,,," "
2018-10-30,,,,," ",,,,," ",1,1.148404348,EUR,16.87," ",,,,,," ",0.568612666,0.652997257,NZD,,,,25.05,25," ",,,,,,,,," "
2018-10-31,,,,," ",,,,," ",1,1.148404348,EUR,," ",,,,,," ",0.568612666,0.652997257,NZD,,,,25,25," ",,,,,,,,," "
2018-11-01,,,,," ",,,,," ",1,1.136686364,EUR,15.85," ",,,,,," ",0.595149608,0.676498444,NZD,,,,25.02,25," ",,,,,,,,," "
2018-11-02,,,,," ",,,,," ",1,1.136686364,EUR,16.15," ",,,,,," ",0.595149608,0.676498444,NZD,,,,25.02,25," ",,,,,,,,," "
2018-11-05,,,,," ",,,,," ",1,1.136686364,EUR,16.4," ",,,,,," ",0.595149608,0.676498444,NZD,,,,25.05,25," ",,,,,,,,," "
2018-11-06,,,,," ",,,,," ",1,1.136686364,EUR,16.99," ",,,,,," ",0.595149608,0.676498444,NZD,,,,25.1,25," ",,,,,,,,," "
2018-11-07,,,,," ",,,,," ",1,1.136686364,EUR,18.25," ",,,,,," ",0.595149608,0.676498444,NZD,,,,25.1,25," ",,,,,,,,," "
2018-11-08,,,,," ",,,,," ",1,1.136686364,EUR,19.56," ",,,,,," ",0.595149608,0.676498444,NZD,,,,25.1,25," ",,,,,,,,," "
2018-11-09,,,,," ",,,,," ",1,1.136686364,EUR,19.25," ",,,,,," ",0.595149608,0.676498444,NZD,,,,25.05,25," ",,,,,,,,," "
2018-11-12,,,,," ",,,,," ",1,1.136686364,EUR,20.01," ",,,,,," ",0.595149608,0.676498444,NZD,,,,25.05,25," ",,,,,,,,," "
2018-11-13,,,,," ",,,,," ",1,1.136686364,EUR,19.76," ",,,,,," ",0.595149608,0.676498444,NZD,,,,25.05,25," ",,,,,,,,," "
2018-11-14,,,,," ",,,,," ",1,1.136686364,EUR,," ",,,,,," ",,,,,,,,," ",,,,,,,,," "
2018-11-15,,,,," ",,,,," ",1,1.136686364,EUR,18.46," ",,,,,," ",0.595149608,0.676498444,NZD,,,,24.9,25," ",,,,,,,,," "
2018-11-16,,,,," ",,,,," ",1,1.136686364,EUR,," ",,,,,," ",0.595149608,0.676498444,NZD,,,,24.8,25," ",,,,,,,,," "
2018-11-19,,,,," ",,,,," ",1,1.136686364,EUR,18.43," ",,,,,," ",0.595149608,0.676498444,NZD,,,,24.85,25," ",,,,,,,,," "
2018-11-20,,,,," ",,,,," ",1,1.136686364,EUR,19.4," ",,,,,," ",0.595149608,0.676498444,NZD,,,,24.8,25," ",,,,,,,,," "
2018-11-21,,,,," ",,,,," ",1,1.136686364,EUR,20.1," ",,,,,," ",0.595149608,0.676498444,NZD,,,,24.8,25," ",,,,,,,,," "
2018-11-22,,,,," ",,,,," ",1,1.136686364,EUR,20.3," ",,,,,," ",0.595149608,0.676498444,NZD,,,,24.85,25," ",,,,,,,,," "
2018-11-23,,,,," ",,,,," ",1,1.136686364,EUR,," ",,,,,," ",0.595149608,0.676498444,NZD,,,,24.8,25," ",,,,,,,,," "
2018-11-26,,,,," ",,,,," ",1,1.136686364,EUR,19.71," ",,,,,," ",0.595149608,0.676498444,NZD,,,,24.9,25," ",,,,,,,,," "
2018-11-27,,,,," ",,,,," ",1,1.136686364,EUR,19.77," ",,,,,," ",0.595149608,0.676498444,NZD,,,,24.95,25," ",,,,,,,,," "
2018-11-28,,,,," ",,,,," ",1,1.136686364,EUR,," ",,,,,," ",0.595149608,0.676498444,NZD,,,,24.9,25," ",,,,,,,,," "
2018-11-29,,,,," ",,,,," ",1,1.136686364,EUR,19.35," ",,,,,," ",0.595149608,0.676498444,NZD,,,,25,25," ",,,,,,,,," "
2018-11-30,,,,," ",,,,," ",1,1.136686364,EUR,," ",,,,,," ",0.595149608,0.676498444,NZD,,,,25,25," ",,,,,,,,," "
2018-12-03,,,,," ",,,,," ",1,1.138421053,EUR,20.52," ",,,,,," ",,,,,,,,," ",,,,,,,,," "
2018-12-04,,,,," ",,,,," ",1,1.138421053,EUR,20.35," ",,,,,," ",,,,,,,,," ",,,,,,,,," "
2018-12-05,,,,," ",,,,," ",1,1.138421053,EUR,20.21," ",,,,,," ",0.599883642,0.682920167,NZD,,,,25.01,25," ",,,,,,,,," "
2018-12-06,,,,," ",,,,," ",1,1.138421053,EUR,18.55," ",,,,,," ",0.599883642,0.682920167,NZD,,,,25.1,25," ",,,,,,,,," "
2018-12-07,,,,," ",,,,," ",1,1.138421053,EUR,," ",,,,,," ",0.599883642,0.682920167,NZD,,,,25.15,25," ",,,,,,,,," "
2018-12-10,,,,," ",,,,," ",1,1.138421053,EUR,19.77," ",,,,,," ",0.599883642,0.682920167,NZD,,,,25.1,25," ",,,,,,,,," "
2018-12-11,,,,," ",,,,," ",1,1.138421053,EUR,20.77," ",,,,,," ",0.599883642,0.682920167,NZD,,,,25.45,25," ",,,,,,,,," "
2018-12-12,,,,," ",,,,," ",1,1.138421053,EUR,," ",,,,,," ",0.599883642,0.682920167,NZD,,,,25.85,25," ",,,,,,,,," "
2018-12-13,,,,," ",,,,," ",1,1.138421053,EUR,21.88," ",,,,,," ",0.599883642,0.682920167,NZD,,,,24.85,25," ",,,,,,,,," "
2018-12-14,,,,," ",,,,," ",1,1.138421053,EUR,," ",,,,,," ",0.599883642,0.682920167,NZD,,,,24.8,25," ",,,,,,,,," "
2018-12-17,,,,," ",,,,," ",1,1.138421053,EUR,23.4," ",,,,,," ",0.599883642,0.682920167,NZD,,,,24.8,25," ",,,,,,,,," "
2018-12-18,,,,," ",,,,," ",1,1.138421053,EUR,," ",,,,,," ",0.599883642,0.682920167,NZD,,,,24.82,25," ",,,,,,,,," "
2018-12-19,,,,," ",,,,," ",1,1.138421053,EUR,," ",,,,,," ",0.599883642,0.682920167,NZD,,,,24.85,25," ",,,,,,,,," "
2018-12-20,,,,," ",,,,," ",1,1.138421053,EUR,," ",,,,,," ",0.599883642,0.682920167,NZD,,,,25.05,25," ",,,,,,,,," "
2018-12-21,,,,," ",,,,," ",1,1.138421053,EUR,," ",,,,,," ",0.599883642,0.682920167,NZD,,,,25.1,25," ",,,,,,,,," "
2018-12-27,,,,," ",,,,," ",1,1.138421053,EUR,," ",,,,,," ",0.599883642,0.682920167,NZD,,,,25.12,25," ",,,,,,,,," "
2018-12-28,,,,," ",,,,," ",1,1.138421053,EUR,," ",,,,,," ",0.599883642,0.682920167,NZD,,,,25.12,25," ",,,,,,,,," "
2019-01-07,,,,," ",,,,," ",,,,," ",1,1.141640909,EUR,23.01,22.39," ",0.593530405,0.677598591,NZD,,,,25.07,25," ",,,,,,,,," "
2019-01-08,,,,," ",,,,," ",,,,," ",1,1.141640909,EUR,22.4,," ",0.593530405,0.677598591,NZD,,,,25.02,25," ",,,,,,,,," "
2019-01-10,,,,," ",,,,," ",,,,," ",1,1.141640909,EUR,21.4,," ",0.593530405,0.677598591,NZD,,,,25,25," ",,,,,,,,," "
2019-01-14,,,,," ",,,,," ",,,,," ",1,1.141640909,EUR,21.95,23.42," ",0.593530405,0.677598591,NZD,,,,24.97,25," ",,,,,,,,," "
2019-01-15,,,,," ",,,,," ",,,,," ",1,1.141640909,EUR,22.55,," ",0.593530405,0.677598591,NZD,,,,24.9,25," ",,,,,,,,," "
2019-01-16,,,,," ",,,,," ",,,,," ",1,1.141640909,EUR,22.81,," ",0.593530405,0.677598591,NZD,,,,24.95,25," ",,,,,,,,," "
2019-01-17,,,,," ",,,,," ",,,,," ",1,1.141640909,EUR,23.55,," ",0.593530405,0.677598591,NZD,,,,24.9,25," ",,,,,,,,," "
2019-01-21,,,,," ",,,,," ",,,,," ",1,1.141640909,EUR,24.22,24.48," ",,,,,,,,," ",,,,,,,,," "
2019-01-22,,,,," ",,,,," ",,,,," ",1,1.141640909,EUR,24.42,," ",0.593530405,0.677598591,NZD,,,,25.02,25," ",,,,,,,,," "
2019-01-24,,,,," ",,,,," ",,,,," ",1,1.141640909,EUR,24.6,," ",0.593530405,0.677598591,NZD,,,,25.1,25," ",,,,,,,,," "
2019-01-28,,,,," ",,,,," ",,,,," ",1,1.141640909,EUR,23.01,22.7," ",,,,,,,,," ",,,,,,,,," "
2019-01-29,,,,," ",,,,," ",,,,," ",1,1.141640909,EUR,22.43,," ",,,,,,,,," ",,,,,,,,," "
2019-01-30,,,,," ",,,,," ",,,,," ",1,1.141640909,EUR,22.91,," ",,,,,,,,," ",,,,,,,,," "
2019-01-31,,,,," ",,,,," ",,,,," ",1,1.141640909,EUR,22.3,," ",,,,,,,,," ",,,,,,,,," "
2019-02-01,,,,," ",,,,," ",,,,," ",1,1.135115,EUR,21.38,," ",,,,,,,,," ",,,,,,,,," "
2019-02-04,,,,," ",,,,," ",,,,," ",1,1.135115,EUR,21.38,23.16," ",0.602124262,0.683480282,NZD,,,,25.05,25," ",,,,,,,,," "
2019-02-05,,,,," ",,,,," ",,,,," ",1,1.135115,EUR,22.93,," ",0.602124262,0.683480282,NZD,,,,24.95,25," ",,,,,,,,," "
2019-02-07,,,,," ",,,,," ",,,,," ",1,1.135115,EUR,23.8,," ",0.602124262,0.683480282,NZD,,,,25,25," ",,,,,,,,," "
2019-02-08,,,,," ",,,,," ",,,,," ",1,1.135115,EUR,23.28,," ",0.602124262,0.683480282,NZD,,,,25.05,25," ",,,,,,,,," "
2019-02-11,,,,," ",,,,," ",,,,," ",1,1.135115,EUR,21.8,20.85," ",0.602124262,0.683480282,NZD,,,,25.05,25," ",,,,,,,,," "
2019-02-12,,,,," ",,,,," ",,,,," ",1,1.135115,EUR,21.71,," ",0.602124262,0.683480282,NZD,,,,25.3,25," ",,,,,,,,," "
2019-02-13,,,,," ",,,,," ",,,,," ",1,1.135115,EUR,20.01,," ",0.602124262,0.683480282,NZD,,,,25.3,25," ",,,,,,,,," "
2019-02-14,,,,," ",,,,," ",,,,," ",1,1.135115,EUR,20.86,," ",0.602124262,0.683480282,NZD,,,,25.3,25," ",,,,,,,,," "
2019-02-15,,,,," ",,,,," ",,,,," ",1,1.135115,EUR,19.99,," ",0.602124262,0.683480282,NZD,,,,25.22,25," ",,,,,,,,," "
2019-02-18,,,,," ",,,,," ",,,,," ",1,1.135115,EUR,20.14,19.69," ",0.602124262,0.683480282,NZD,,,,25.3,25," ",,,,,,,,," "
2019-02-19,,,,," ",,,,," ",,,,," ",1,1.135115,EUR,20.26,," ",0.602124262,0.683480282,NZD,,,,25.3,25," ",,,,,,,,," "
2019-02-21,,,,," ",,,,," ",,,,," ",1,1.135115,EUR,19.85,," ",0.602124262,0.683480282,NZD,,,,25.15,25," ",,,,,,,,," "
2019-02-22,,,,," ",,,,," ",,,,," ",1,1.135115,EUR,18.35,," ",0.602124262,0.683480282,NZD,,,,25.1,25," ",,,,,,,,," "
2019-02-25,,,,," ",,,,," ",,,,," ",1,1.135115,EUR,18.62,20.83," ",0.602124262,0.683480282,NZD,,,,25.15,25," ",,,,,,,,," "
2019-02-26,,,,," ",,,,," ",,,,," ",1,1.135115,EUR,19.6,," ",0.602124262,0.683480282,NZD,,,,25.2,25," ",,,,,,,,," "
2019-02-27,,,,," ",,,,," ",,,,," ",1,1.135115,EUR,20.31,," ",0.602124262,0.683480282,NZD,,,,25.15,25," ",,,,,,,,," "
2019-02-28,,,,," ",,,,," ",,,,," ",1,1.135115,EUR,20.9,," ",0.602124262,0.683480282,NZD,,,,25.2,25," ",,,,,,,,," "
2019-03-01,,,,," ",,,,," ",,,,," ",1,1.130247619,EUR,21.31,," ",0.604469408,0.683200109,NZD,,,,25.25,25," ",,,,,,,,," "
2019-03-04,,,,," ",,,,," ",,,,," ",1,1.130247619,EUR,22.12,22.9," ",0.604469408,0.683200109,NZD,,,,25.2,25," ",,,,,,,,," "
2019-03-05,,,,," ",,,,," ",,,,," ",1,1.130247619,EUR,22.86,," ",0.604469408,0.683200109,NZD,,,,25.12,25," ",,,,,,,,," "
2019-03-07,,,,," ",,,,," ",,,,," ",1,1.130247619,EUR,22.03,," ",0.604469408,0.683200109,NZD,,,,25.2,25," ",,,,,,,,," "
2019-03-08,,,,," ",,,,," ",,,,," ",1,1.130247619,EUR,22.88,," ",0.604469408,0.683200109,NZD,,,,25.25,25," ",,,,,,,,," "
2019-03-11,,,,," ",,,,," ",,,,," ",1,1.130247619,EUR,22.6,22.42," ",0.604469408,0.683200109,NZD,,,,25.15,25," ",,,,,,,,," "
2019-03-12,,,,," ",,,,," ",,,,," ",1,1.130247619,EUR,22.48,," ",0.604469408,0.683200109,NZD,,,,25.3,25," ",,,,,,,,," "
2019-03-13,,,,," ",,,,," ",,,,," ",1,1.130247619,EUR,21.98,," ",0.604469408,0.683200109,NZD,,,,25.4,25," ",,,,,,,,," "
2019-03-14,,,,," ",,,,," ",,,,," ",1,1.130247619,EUR,22.23,," ",0.604469408,0.683200109,NZD,,,,25.45,25," ",,,,,,,,," "
2019-03-15,,,,," ",,,,," ",,,,," ",1,1.130247619,EUR,22.77,," ",0.604469408,0.683200109,NZD,,,,25.45,25," ",,,,,,,,," "
2019-03-18,,,,," ",,,,," ",,,,," ",1,1.130247619,EUR,21.5,21.24," ",0.604469408,0.683200109,NZD,,,,25.52,25," ",,,,,,,,," "
2019-03-19,,,,," ",,,,," ",,,,," ",1,1.130247619,EUR,21.35,," ",0.604469408,0.683200109,NZD,,,,25.65,25," ",,,,,,,,," "
2019-03-21,,,,," ",,,,," ",,,,," ",1,1.130247619,EUR,21.1,," ",0.604469408,0.683200109,NZD,,,,25.55,25," ",,,,,,,,," "
2019-03-22,,,,," ",,,,," ",,,,," ",1,1.130247619,EUR,20.64,," ",0.604469408,0.683200109,NZD,,,,25.55,25," ",,,,,,,,," "
2019-03-25,,,,," ",,,,," ",,,,," ",1,1.130247619,EUR,20.6,21.63," ",0.604469408,0.683200109,NZD,,,,25.55,25," ",,,,,,,,," "
2019-03-26,,,,," ",,,,," ",,,,," ",1,1.130247619,EUR,21.17,," ",0.604469408,0.683200109,NZD,,,,25.6,25," ",,,,,,,,," "
2019-03-27,,,,," ",,,,," ",,,,," ",1,1.130247619,EUR,21.45,," ",0.604469408,0.683200109,NZD,,,,25.6,25," ",,,,,,,,," "
2019-03-28,,,,," ",,,,," ",,,,," ",1,1.130247619,EUR,21.55,," ",0.604469408,0.683200109,NZD,,,,25.67,25," ",,,,,,,,," "
2019-03-29,,,,," ",,,,," ",,,,," ",1,1.130247619,EUR,21.83,," ",0.604469408,0.683200109,NZD,,,,25.67,25," ",,,,,,,,," "
2019-04-01,,,,," ",,,,," ",,,,," ",1,1.123825,EUR,21.06,23.22," ",0.598841278,0.672992799,NZD,,,,25.75,25," ",,,,,,,,," "
2019-04-02,,,,," ",,,,," ",,,,," ",1,1.123825,EUR,21.4,," ",0.598841278,0.672992799,NZD,,,,25.7,25," ",,,,,,,,," "
2019-04-04,,,,," ",,,,," ",,,,," ",1,1.123825,EUR,23.65,," ",0.598841278,0.672992799,NZD,,,,25.62,25," ",,,,,,,,," "
2019-04-05,,,,," ",,,,," ",,,,," ",1,1.123825,EUR,24.17,," ",0.598841278,0.672992799,NZD,,,,25.63,25," ",,,,,,,,," "
2019-04-08,,,,," ",,,,," ",,,,," ",1,1.123825,EUR,24.07,25.97," ",0.598841278,0.672992799,NZD,,,,25.65,25," ",,,,,,,,," "
2019-04-09,,,,," ",,,,," ",,,,," ",1,1.123825,EUR,25.2,," ",0.598841278,0.672992799,NZD,,,,25.65,25," ",,,,,,,,," "
2019-04-10,,,,," ",,,,," ",,,,," ",1,1.123825,EUR,26.21,," ",0.598841278,0.672992799,NZD,,,,25.62,25," ",,,,,,,,," "
2019-04-11,,,,," ",,,,," ",,,,," ",1,1.123825,EUR,25.88,," ",0.598841278,0.672992799,NZD,,,,25.62,25," ",,,,,,,,," "
2019-04-12,,,,," ",,,,," ",,,,," ",1,1.123825,EUR,26.72,," ",0.598841278,0.672992799,NZD,,,,25.62,25," ",,,,,,,,," "
2019-04-15,,,,," ",,,,," ",,,,," ",1,1.123825,EUR,27,27.04," ",0.598841278,0.672992799,NZD,,,,25.6,25," ",,,,,,,,," "
2019-04-16,,,,," ",,,,," ",,,,," ",1,1.123825,EUR,26.8,," ",0.598841278,0.672992799,NZD,,,,25.65,25," ",,,,,,,,," "
2019-04-18,,,,," ",,,,," ",,,,," ",1,1.123825,EUR,26.92,," ",0.598841278,0.672992799,NZD,,,,25.67,25," ",,,,,,,,," "
2019-04-22,,,,," ",,,,," ",,,,," ",1,1.123825,EUR,,26.99," ",,,,,,,,," ",,,,,,,,," "
2019-04-23,,,,," ",,,,," ",,,,," ",1,1.123825,EUR,27.17,," ",0.598841278,0.672992799,NZD,,,,25.62,25," ",,,,,,,,," "
2019-04-24,,,,," ",,,,," ",,,,," ",1,1.123825,EUR,27.02,," ",0.598841278,0.672992799,NZD,,,,25.65,25," ",,,,,,,,," "
2019-04-25,,,,," ",,,,," ",,,,," ",1,1.123825,EUR,27.46,," ",,,,,,,,," ",,,,,,,,," "
2019-04-26,,,,," ",,,,," ",,,,," ",1,1.123825,EUR,26.79,," ",0.598841278,0.672992799,NZD,,,,25.65,25," ",,,,,,,,," "
2019-04-29,,,,," ",,,,," ",,,,," ",1,1.123825,EUR,25.81,25.67," ",0.598841278,0.672992799,NZD,,,,25.65,25," ",,,,,,,,," "
2019-04-30,,,,," ",,,,," ",,,,," ",1,1.123825,EUR,25.85,," ",0.598841278,0.672992799,NZD,,,,25.6,25," ",,,,,,,,," "
2019-05-02,,,,," ",,,,," ",,,,," ",1,1.118459091,EUR,25.04,," ",0.586786926,0.656297171,NZD,,,,25.5,25," ",,,,,,,,," "
2019-05-03,,,,," ",,,,," ",,,,," ",1,1.118459091,EUR,24.32,," ",0.586786926,0.656297171,NZD,,,,25.35,25," ",,,,,,,,," "
2019-05-06,,,,," ",,,,," ",,,,," ",1,1.118459091,EUR,,26.15," ",0.586786926,0.656297171,NZD,,,,25.45,25," ",,,,,,,,," "
2019-05-07,,,,," ",,,,," ",,,,," ",1,1.118459091,EUR,25.65,," ",0.586786926,0.656297171,NZD,,,,25.5,25," ",,,,,,,,," "
2019-05-08,,,,," ",,,,," ",,,,," ",1,1.118459091,EUR,26.5,," ",0.586786926,0.656297171,NZD,,,,25.65,25," ",,,,,,,,," "
2019-05-09,,,,," ",,,,," ",,,,," ",1,1.118459091,EUR,26.81,," ",0.586786926,0.656297171,NZD,,,,25.55,25," ",,,,,,,,," "
2019-05-10,,,,," ",,,,," ",,,,," ",1,1.118459091,EUR,26.35,," ",0.586786926,0.656297171,NZD,,,,25.55,25," ",,,,,,,,," "
2019-05-13,,,,," ",,,,," ",,,,," ",1,1.118459091,EUR,25.25,25.49," ",0.586786926,0.656297171,NZD,,,,25.45,25," ",,,,,,,,," "
2019-05-14,,,,," ",,,,," ",,,,," ",1,1.118459091,EUR,25.03,," ",0.586786926,0.656297171,NZD,,,,25.45,25," ",,,,,,,,," "
2019-05-16,,,,," ",,,,," ",,,,," ",1,1.118459091,EUR,25.81,," ",0.586786926,0.656297171,NZD,,,,25.45,25," ",,,,,,,,," "
2019-05-17,,,,," ",,,,," ",,,,," ",1,1.118459091,EUR,25.01,," ",0.586786926,0.656297171,NZD,,,,25.37,25," ",,,,,,,,," "
2019-05-20,,,,," ",,,,," ",,,,," ",1,1.118459091,EUR,24.91,25.7," ",0.586786926,0.656297171,NZD,,,,25.1,25," ",,,,,,,,," "
2019-05-21,,,,," ",,,,," ",,,,," ",1,1.118459091,EUR,25.01,," ",0.586786926,0.656297171,NZD,,,,25.15,25," ",,,,,,,,," "
2019-05-22,,,,," ",,,,," ",,,,," ",1,1.118459091,EUR,25.65,," ",0.586786926,0.656297171,NZD,,,,25.1,25," ",,,,,,,,," "
2019-05-23,,,,," ",,,,," ",,,,," ",1,1.118459091,EUR,26.05,," ",0.586786926,0.656297171,NZD,,,,25.1,25," ",,,,,,,,," "
2019-05-24,,,,," ",,,,," ",,,,," ",1,1.118459091,EUR,25.61,," ",0.586786926,0.656297171,NZD,,,,25.07,25," ",,,,,,,,," "
2019-05-27,,,,," ",,,,," ",,,,," ",1,1.118459091,EUR,,25.27," ",0.586786926,0.656297171,NZD,,,,25.07,25," ",,,,,,,,," "
2019-05-28,,,,," ",,,,," ",,,,," ",1,1.118459091,EUR,25.3,," ",0.586786926,0.656297171,NZD,,,,25.05,25," ",,,,,,,,," "
2019-06-03,,,,," ",,,,," ",,,,," ",1,1.12934,EUR,23.96,24.21," ",,,,,,,,," ",,,,,,,,," "
2019-06-04,,,,," ",,,,," ",,,,," ",1,1.12934,EUR,23.86,," ",0.584162113,0.659717641,NZD,,,,24.55,25," ",,,,,,,,," "
2019-06-05,,,,," ",,,,," ",,,,," ",1,1.12934,EUR,24.42,," ",0.584162113,0.659717641,NZD,,,,24.55,25," ",,,,,,,,," "
2019-06-06,,,,," ",,,,," ",,,,," ",1,1.12934,EUR,24.07,," ",0.584162113,0.659717641,NZD,,,,24.2,25," ",,,,,,,,," "
2019-06-07,,,,," ",,,,," ",,,,," ",1,1.12934,EUR,24.24,," ",0.584162113,0.659717641,NZD,,,,24.3,25," ",,,,,,,,," "
2019-06-10,,,,," ",,,,," ",,,,," ",1,1.12934,EUR,,25," ",0.584162113,0.659717641,NZD,,,,24.25,25," ",,,,,,,,," "
2019-06-11,,,,," ",,,,," ",,,,," ",1,1.12934,EUR,25.12,," ",,,,,,,,," ",,,,,,,,," "
2019-06-13,,,,," ",,,,," ",,,,," ",1,1.12934,EUR,24.92,," ",0.584162113,0.659717641,NZD,,,,22.9,25," ",,,,,,,,," "
2019-06-14,,,,," ",,,,," ",,,,," ",1,1.12934,EUR,24.67,," ",0.584162113,0.659717641,NZD,,,,23.15,25," ",,,,,,,,," "
2019-06-17,,,,," ",,,,," ",,,,," ",1,1.12934,EUR,24.78,25.1," ",0.584162113,0.659717641,NZD,,,,23.25,25," ",,,,,,,,," "
2019-06-18,,,,," ",,,,," ",,,,," ",1,1.12934,EUR,24.98,," ",0.584162113,0.659717641,NZD,,,,23.2,25," ",,,,,,,,," "
2019-06-19,,,,," ",,,,," ",,,,," ",1,1.12934,EUR,24.98,," ",0.584162113,0.659717641,NZD,,,,23.5,25," ",,,,,,,,," "
2019-06-20,,,,," ",,,,," ",,,,," ",1,1.12934,EUR,24.86,," ",0.584162113,0.659717641,NZD,,,,23.62,25," ",,,,,,,,," "
2019-06-21,,,,," ",,,,," ",,,,," ",1,1.12934,EUR,24.87,," ",0.584162113,0.659717641,NZD,,,,23.65,25," ",,,,,,,,," "
2019-06-24,,,,," ",,,,," ",,,,," ",1,1.12934,EUR,25.64,26.67," ",0.584162113,0.659717641,NZD,,,,22.5,25," ",,,,,,,,," "
2019-06-27,,,,," ",,,,," ",,,,," ",1,1.12934,EUR,27.1,," ",0.584162113,0.659717641,NZD,,,,23.1,25," ",,,,,,,,," "
2019-06-28,,,,," ",,,,," ",,,,," ",1,1.12934,EUR,26.4,," ",0.584162113,0.659717641,NZD,,,,23.15,25," ",,,,,,,,," "
2019-07-01,,,,," ",,,,," ",,,,," ",1,1.12183913,EUR,26.72,26.51," ",0.595811378,0.668404518,NZD,,,,23.07,25," ",,,,,,,,," "
2019-07-02,,,,," ",,,,," ",,,,," ",1,1.12183913,EUR,27.22,," ",0.595811378,0.668404518,NZD,,,,23.07,25," ",,,,,,,,," "
2019-07-03,,,,," ",,,,," ",,,,," ",1,1.12183913,EUR,26.33,," ",0.595811378,0.668404518,NZD,,,,23.1,25," ",,,,,,,,," "
2019-07-04,,,,," ",,,,," ",,,,," ",1,1.12183913,EUR,26.22,," ",0.595811378,0.668404518,NZD,,,,23.05,25," ",,,,,,,,," "
2019-07-05,,,,," ",,,,," ",,,,," ",1,1.12183913,EUR,25.84,," ",0.595811378,0.668404518,NZD,,,,22.95,25," ",,,,,,,,," "
2019-07-08,,,,," ",,,,," ",,,,," ",1,1.12183913,EUR,26.6,27.73," ",0.595811378,0.668404518,NZD,,,,22.87,25," ",,,,,,,,," "
2019-07-09,,,,," ",,,,," ",,,,," ",1,1.12183913,EUR,26.68,," ",0.595811378,0.668404518,NZD,,,,23,25," ",,,,,,,,," "
2019-07-11,,,,," ",,,,," ",,,,," ",1,1.12183913,EUR,28.5,," ",0.595811378,0.668404518,NZD,,,,23.05,25," ",,,,,,,,," "
2019-07-12,,,,," ",,,,," ",,,,," ",1,1.12183913,EUR,28.25,," ",0.595811378,0.668404518,NZD,,,,22.9,25," ",,,,,,,,," "
2019-07-15,,,,," ",,,,," ",,,,," ",1,1.12183913,EUR,29.15,28.53," ",0.595811378,0.668404518,NZD,,,,22.95,25," ",,,,,,,,," "
2019-07-16,,,,," ",,,,," ",,,,," ",1,1.12183913,EUR,29.1,," ",,,,,,,,," ",,,,,,,,," "
2019-07-17,,,,," ",,,,," ",,,,," ",1,1.12183913,EUR,28.37,," ",0.595811378,0.668404518,NZD,,,,23.1,25," ",,,,,,,,," "
2019-07-18,,,,," ",,,,," ",,,,," ",1,1.12183913,EUR,27.99,," ",0.595811378,0.668404518,NZD,,,,23.22,25," ",,,,,,,,," "
2019-07-19,,,,," ",,,,," ",,,,," ",1,1.12183913,EUR,28.15,," ",0.595811378,0.668404518,NZD,,,,23.1,25," ",,,,,,,,," "
2019-07-22,,,,," ",,,,," ",,,,," ",1,1.12183913,EUR,28.96,29.06," ",0.595811378,0.668404518,NZD,,,,23.1,25," ",,,,,,,,," "
2019-07-23,,,,," ",,,,," ",,,,," ",1,1.12183913,EUR,29.05,," ",0.595811378,0.668404518,NZD,,,,23.07,25," ",,,,,,,,," "
2019-07-25,,,,," ",,,,," ",,,,," ",1,1.12183913,EUR,29.46,," ",0.595811378,0.668404518,NZD,,,,23.15,25," ",,,,,,,,," "
2019-07-26,,,,," ",,,,," ",,,,," ",1,1.12183913,EUR,28.51,," ",0.595811378,0.668404518,NZD,,,,23.3,25," ",,,,,,,,," "
2019-07-29,,,,," ",,,,," ",,,,," ",1,1.12183913,EUR,28.8,28.6," ",0.595811378,0.668404518,NZD,,,,23.3,25," ",,,,,,,,," "
2019-07-30,,,,," ",,,,," ",,,,," ",1,1.12183913,EUR,28.18,," ",0.595811378,0.668404518,NZD,,,,23.6,25," ",,,,,,,,," "
2019-07-31,,,,," ",,,,," ",,,,," ",1,1.12183913,EUR,28.04,," ",0.595811378,0.668404518,NZD,,,,23.85,25," ",,,,,,,,," "
2019-08-01,,,,," ",,,,," ",,,,," ",1,1.112622727,EUR,28.9,," ",0.578438187,0.643583473,NZD,,,,23.72,25," ",,,,,,,,," "
2019-08-02,,,,," ",,,,," ",,,,," ",1,1.112622727,EUR,29.1,," ",0.578438187,0.643583473,NZD,,,,23.9,25," ",,,,,,,,," "
2019-08-05,,,,," ",,,,," ",,,,," ",1,1.112622727,EUR,28.82,28.41," ",0.578438187,0.643583473,NZD,,,,23.7,25," ",,,,,,,,," "
2019-08-06,,,,," ",,,,," ",,,,," ",1,1.112622727,EUR,28.48,," ",0.578438187,0.643583473,NZD,,,,23.65,25," ",,,,,,,,," "
2019-08-08,,,,," ",,,,," ",,,,," ",1,1.112622727,EUR,28.68,," ",0.578438187,0.643583473,NZD,,,,23.9,25," ",,,,,,,,," "
2019-08-09,,,,," ",,,,," ",,,,," ",1,1.112622727,EUR,28.37,," ",0.578438187,0.643583473,NZD,,,,24.15,25," ",,,,,,,,," "
2019-08-12,,,,," ",,,,," ",,,,," ",1,1.112622727,EUR,27.7,26.53," ",0.578438187,0.643583473,NZD,,,,24.35,25," ",,,,,,,,," "
2019-08-13,,,,," ",,,,," ",,,,," ",1,1.112622727,EUR,27.1,," ",0.578438187,0.643583473,NZD,,,,24.35,25," ",,,,,,,,," "
2019-08-14,,,,," ",,,,," ",,,,," ",1,1.112622727,EUR,27.15,," ",0.578438187,0.643583473,NZD,,,,24.35,25," ",,,,,,,,," "
2019-08-15,,,,," ",,,,," ",,,,," ",1,1.112622727,EUR,26.41,," ",0.578438187,0.643583473,NZD,,,,24.3,25," ",,,,,,,,," "
2019-08-16,,,,," ",,,,," ",,,,," ",1,1.112622727,EUR,26.12,," ",0.578438187,0.643583473,NZD,,,,24.3,25," ",,,,,,,,," "
2019-08-19,,,,," ",,,,," ",,,,," ",1,1.112622727,EUR,26.25,25.92," ",0.578438187,0.643583473,NZD,,,,24.35,25," ",,,,,,,,," "
2019-08-20,,,,," ",,,,," ",,,,," ",1,1.112622727,EUR,26.94,," ",0.578438187,0.643583473,NZD,,,,24.3,25," ",,,,,,,,," "
2019-08-22,,,,," ",,,,," ",,,,," ",1,1.112622727,EUR,25.78,," ",0.578438187,0.643583473,NZD,,,,24.35,25," ",,,,,,,,," "
2019-08-23,,,,," ",,,,," ",,,,," ",1,1.112622727,EUR,25.33,," ",0.578438187,0.643583473,NZD,,,,24.6,25," ",,,,,,,,," "
2019-08-26,,,,," ",,,,," ",,,,," ",1,1.112622727,EUR,,26.01," ",0.578438187,0.643583473,NZD,,,,24.6,25," ",,,,,,,,," "
2019-08-27,,,,," ",,,,," ",,,,," ",1,1.112622727,EUR,25.25,," ",0.578438187,0.643583473,NZD,,,,24.65,25," ",,,,,,,,," "
2019-08-28,,,,," ",,,,," ",,,,," ",1,1.112622727,EUR,26,," ",0.578438187,0.643583473,NZD,,,,24.62,25," ",,,,,,,,," "
2019-08-29,,,,," ",,,,," ",,,,," ",1,1.112622727,EUR,25.93,," ",0.578438187,0.643583473,NZD,,,,24.75,25," ",,,,,,,,," "
2019-08-30,,,,," ",,,,," ",,,,," ",1,1.112622727,EUR,26.8,," ",0.578438187,0.643583473,NZD,,,,24.85,25," ",,,,,,,,," "
2019-09-02,,,,," ",,,,," ",,,,," ",1,1.100390476,EUR,25.4,25.31," ",0.576337085,0.63419584,NZD,,,,24.88,25," ",,,,,,,,," "
2019-09-03,,,,," ",,,,," ",,,,," ",1,1.100390476,EUR,24.82,," ",0.576337085,0.63419584,NZD,,,,25,25," ",,,,,,,,," "
2019-09-06,,,,," ",,,,," ",,,,," ",1,1.100390476,EUR,25.46,," ",0.576337085,0.63419584,NZD,,,,25.05,25," ",,,,,,,,," "
2019-09-09,,,,," ",,,,," ",,,,," ",1,1.100390476,EUR,25.01,26.16," ",0.576337085,0.63419584,NZD,,,,25.05,25," ",,,,,,,,," "
2019-09-10,,,,," ",,,,," ",,,,," ",1,1.100390476,EUR,25.5,," ",,,,,,,,," ",,,,,,,,," "
2019-09-11,,,,," ",,,,," ",,,,," ",1,1.100390476,EUR,26.34,," ",,,,,,,,," ",,,,,,,,," "
2019-09-12,,,,," ",,,,," ",,,,," ",1,1.100390476,EUR,26.55,," ",,,,,,,,," ",,,,,,,,," "
2019-09-13,,,,," ",,,,," ",,,,," ",1,1.100390476,EUR,26.22,," ",0.576337085,0.63419584,NZD,,,,24.8,25," ",,,,,,,,," "
2019-09-16,,,,," ",,,,," ",,,,," ",1,1.100390476,EUR,26.58,26.24," ",0.576337085,0.63419584,NZD,,,,24.75,25," ",,,,,,,,," "
2019-09-17,,,,," ",,,,," ",,,,," ",1,1.100390476,EUR,26.75,," ",0.576337085,0.63419584,NZD,,,,24.75,25," ",,,,,,,,," "
2019-09-19,,,,," ",,,,," ",,,,," ",1,1.100390476,EUR,25.56,," ",0.576337085,0.63419584,NZD,,,,25,25," ",,,,,,,,," "
2019-09-20,,,,," ",,,,," ",,,,," ",1,1.100390476,EUR,26.17,," ",0.576337085,0.63419584,NZD,,,,24.97,25," ",,,,,,,,," "
2019-09-23,,,,," ",,,,," ",,,,," ",1,1.100390476,EUR,25.93,25.5," ",0.576337085,0.63419584,NZD,,,,24.97,25," ",,,,,,,,," "
2019-09-24,,,,," ",,,,," ",,,,," ",1,1.100390476,EUR,25.59,," ",0.576337085,0.63419584,NZD,,,,24.95,25," ",,,,,,,,," "
2019-09-25,,,,," ",,,,," ",,,,," ",1,1.100390476,EUR,25.17,," ",0.576337085,0.63419584,NZD,,,,24.85,25," ",,,,,,,,," "
2019-09-26,,,,," ",,,,," ",,,,," ",1,1.100390476,EUR,25.21,," ",0.576337085,0.63419584,NZD,,,,24.85,25," ",,,,,,,,," "
2019-09-27,,,,," ",,,,," ",,,,," ",1,1.100390476,EUR,25.3,," ",0.576337085,0.63419584,NZD,,,,24.82,25," ",,,,,,,,," "
2019-09-30,,,,," ",,,,," ",,,,," ",1,1.100390476,EUR,25.03,24.03," ",0.576337085,0.63419584,NZD,,,,24.85,25," ",,,,,,,,," "
2019-10-01,,,,," ",,,,," ",,,,," ",1,1.105256522,EUR,24.4,," ",0.573181715,0.633512829,NZD,,,,24.87,25," ",,,,,,,,," "
2019-10-03,,,,," ",,,,," ",,,,," ",1,1.105256522,EUR,24.03,," ",0.573181715,0.633512829,NZD,,,,24.8,25," ",,,,,,,,," "
2019-10-04,,,,," ",,,,," ",,,,," ",1,1.105256522,EUR,23.41,," ",0.573181715,0.633512829,NZD,,,,24.8,25," ",,,,,,,,," "
2019-10-07,,,,," ",,,,," ",,,,," ",1,1.105256522,EUR,22.77,23.26," ",0.573181715,0.633512829,NZD,,,,24.75,25," ",,,,,,,,," "
2019-10-08,,,,," ",,,,," ",,,,," ",1,1.105256522,EUR,23.37,," ",0.573181715,0.633512829,NZD,,,,24.75,25," ",,,,,,,,," "
2019-10-09,,,,," ",,,,," ",,,,," ",1,1.105256522,EUR,22.32,," ",0.573181715,0.633512829,NZD,,,,24.75,25," ",,,,,,,,," "
2019-10-10,,,,," ",,,,," ",,,,," ",1,1.105256522,EUR,22.83,," ",0.573181715,0.633512829,NZD,,,,24.7,25," ",,,,,,,,," "
2019-10-11,,,,," ",,,,," ",,,,," ",1,1.105256522,EUR,23.62,," ",0.573181715,0.633512829,NZD,,,,24.75,25," ",,,,,,,,," "
2019-10-14,,,,," ",,,,," ",,,,," ",1,1.105256522,EUR,23.82,25.62," ",0.573181715,0.633512829,NZD,,,,24.75,25," ",,,,,,,,," "
2019-10-15,,,,," ",,,,," ",,,,," ",1,1.105256522,EUR,24.48,," ",0.573181715,0.633512829,NZD,,,,24.8,25," ",,,,,,,,," "
2019-10-17,,,,," ",,,,," ",,,,," ",1,1.105256522,EUR,25.96,," ",0.573181715,0.633512829,NZD,,,,24.8,25," ",,,,,,,,," "
2019-10-18,,,,," ",,,,," ",,,,," ",1,1.105256522,EUR,25.64,," ",0.573181715,0.633512829,NZD,,,,24.8,25," ",,,,,,,,," "
2019-10-21,,,,," ",,,,," ",,,,," ",1,1.105256522,EUR,25.9,25.35," ",0.573181715,0.633512829,NZD,,,,24.8,25," ",,,,,,,,," "
2019-10-22,,,,," ",,,,," ",,,,," ",1,1.105256522,EUR,25.7,," ",0.573181715,0.633512829,NZD,,,,24.87,25," ",,,,,,,,," "
2019-10-23,,,,," ",,,,," ",,,,," ",1,1.105256522,EUR,25.09,," ",0.573181715,0.633512829,NZD,,,,24.82,25," ",,,,,,,,," "
2019-10-24,,,,," ",,,,," ",,,,," ",1,1.105256522,EUR,24.61,," ",0.573181715,0.633512829,NZD,,,,24.95,25," ",,,,,,,,," "
2019-10-25,,,,," ",,,,," ",,,,," ",1,1.105256522,EUR,24.86,," ",0.573181715,0.633512829,NZD,,,,24.95,25," ",,,,,,,,," "
2019-10-28,,,,," ",,,,," ",,,,," ",1,1.105256522,EUR,24.68,25.49," ",,,,,,,,," ",,,,,,,,," "
2019-10-29,,,,," ",,,,," ",,,,," ",1,1.105256522,EUR,25.4,," ",0.573181715,0.633512829,NZD,,,,25,25," ",,,,,,,,," "
2019-10-31,,,,," ",,,,," ",,,,," ",1,1.105256522,EUR,25.95,," ",0.573181715,0.633512829,NZD,,,,24.97,25," ",,,,,,,,," "
2019-11-01,,,,," ",,,,," ",,,,," ",1,1.105095238,EUR,25.71,," ",0.579061486,0.63991809,NZD,,,,24.97,25," ",,,,,,,,," "
2019-11-04,,,,," ",,,,," ",,,,," ",1,1.105095238,EUR,24.93,25.14," ",0.579061486,0.63991809,NZD,,,,24.95,25," ",,,,,,,,," "
2019-11-05,,,,," ",,,,," ",,,,," ",1,1.105095238,EUR,25.8,," ",0.579061486,0.63991809,NZD,,,,24.95,25," ",,,,,,,,," "
2019-11-06,,,,," ",,,,," ",,,,," ",1,1.105095238,EUR,25.18,," ",0.579061486,0.63991809,NZD,,,,24.97,25," ",,,,,,,,," "
2019-11-07,,,,," ",,,,," ",,,,," ",1,1.105095238,EUR,24.86,," ",0.579061486,0.63991809,NZD,,,,24.95,25," ",,,,,,,,," "
2019-11-08,,,,," ",,,,," ",,,,," ",1,1.105095238,EUR,24.62,," ",0.579061486,0.63991809,NZD,,,,24.95,25," ",,,,,,,,," "
2019-11-11,,,,," ",,,,," ",,,,," ",1,1.105095238,EUR,25.21,24.25," ",0.579061486,0.63991809,NZD,,,,25,25," ",,,,,,,,," "
2019-11-12,,,,," ",,,,," ",,,,," ",1,1.105095238,EUR,24.95,," ",0.579061486,0.63991809,NZD,,,,24.95,25," ",,,,,,,,," "
2019-11-14,,,,," ",,,,," ",,,,," ",1,1.105095238,EUR,24.28,," ",0.579061486,0.63991809,NZD,,,,24.9,25," ",,,,,,,,," "
2019-11-15,,,,," ",,,,," ",,,,," ",1,1.105095238,EUR,23.41,," ",0.579061486,0.63991809,NZD,,,,24.92,25," ",,,,,,,,," "
2019-11-18,,,,," ",,,,," ",,,,," ",1,1.105095238,EUR,23.41,23.88," ",0.579061486,0.63991809,NZD,,,,24.9,25," ",,,,,,,,," "
2019-11-19,,,,," ",,,,," ",,,,," ",1,1.105095238,EUR,23.62,," ",0.579061486,0.63991809,NZD,,,,24.92,25," ",,,,,,,,," "
2019-11-20,,,,," ",,,,," ",,,,," ",1,1.105095238,EUR,23.34,," ",0.579061486,0.63991809,NZD,,,,24.8,25," ",,,,,,,,," "
2019-11-21,,,,," ",,,,," ",,,,," ",1,1.105095238,EUR,23.96,," ",0.579061486,0.63991809,NZD,,,,24.8,25," ",,,,,,,,," "
2019-11-22,,,,," ",,,,," ",,,,," ",1,1.105095238,EUR,24.32,," ",0.579061486,0.63991809,NZD,,,,24.8,25," ",,,,,,,,," "
2019-11-25,,,,," ",,,,," ",,,,," ",1,1.105095238,EUR,24.52,24.83," ",0.579061486,0.63991809,NZD,,,,24.8,25," ",,,,,,,,," "
2019-11-26,,,,," ",,,,," ",,,,," ",1,1.105095238,EUR,24.29,," ",0.579061486,0.63991809,NZD,,,,24.7,25," ",,,,,,,,," "
2019-11-28,,,,," ",,,,," ",,,,," ",1,1.105095238,EUR,24.91,," ",0.579061486,0.63991809,NZD,,,,24.65,25," ",,,,,,,,," "
2019-11-29,,,,," ",,,,," ",,,,," ",1,1.105095238,EUR,25.03,," ",0.579061486,0.63991809,NZD,,,,24.7,25," ",,,,,,,,," "
2019-12-02,,,,," ",,,,," ",,,,," ",1,1.111345,EUR,24.62,24.54," ",0.592526399,0.658501251,NZD,,,,24.72,25," ",,,,,,,,," "
2019-12-03,,,,," ",,,,," ",,,,," ",1,1.111345,EUR,24.41,," ",0.592526399,0.658501251,NZD,,,,24.7,25," ",,,,,,,,," "
2019-12-04,,,,," ",,,,," ",,,,," ",1,1.111345,EUR,24.1,," ",0.592526399,0.658501251,NZD,,,,24.67,25," ",,,,,,,,," "
2019-12-05,,,,," ",,,,," ",,,,," ",1,1.111345,EUR,24.5,," ",0.592526399,0.658501251,NZD,,,,24.67,25," ",,,,,,,,," "
2019-12-06,,,,," ",,,,," ",,,,," ",1,1.111345,EUR,24.7,," ",0.592526399,0.658501251,NZD,,,,24.65,25," ",,,,,,,,," "
2019-12-09,,,,," ",,,,," ",,,,," ",1,1.111345,EUR,24.4,24.73," ",0.592526399,0.658501251,NZD,,,,24.67,25," ",,,,,,,,," "
2019-12-10,,,,," ",,,,," ",,,,," ",1,1.111345,EUR,24.98,," ",0.592526399,0.658501251,NZD,,,,24.75,25," ",,,,,,,,," "
2019-12-12,,,,," ",,,,," ",,,,," ",1,1.111345,EUR,24.62,," ",0.592526399,0.658501251,NZD,,,,24.75,25," ",,,,,,,,," "
2019-12-13,,,,," ",,,,," ",,,,," ",1,1.111345,EUR,25.33,," ",0.592526399,0.658501251,NZD,,,,24.75,25," ",,,,,,,,," "
2019-12-16,,,,," ",,,,," ",,,,," ",1,1.111345,EUR,24.21,24.86," ",0.592526399,0.658501251,NZD,,,,24.75,25," ",,,,,,,,," "
2019-12-30,,,,," ",,,,," ",,,,," ",1,1.111345,EUR,,24.68," ",0.592526399,0.658501251,NZD,,,,28.5,25," ",,,,,,,,," "
2020-01-06,,,,," ",,,,," ",,,,," ",1,1.110036364,EUR,,24.35," ",0.59522391,0.660720185,NZD,,,,28.5,25," ",,,,,,,,," "
2020-01-07,,,,," ",,,,," ",,,,," ",1,1.110036364,EUR,24.06,," ",0.59522391,0.660720185,NZD,,,,28.85,25," ",,,,,,,,," "
2020-01-09,,,,," ",,,,," ",,,,," ",1,1.110036364,EUR,24.01,," ",0.59522391,0.660720185,NZD,,,,28.9,25," ",,,,,,,,," "
2020-01-10,,,,," ",,,,," ",,,,," ",1,1.110036364,EUR,24.48,," ",0.59522391,0.660720185,NZD,,,,28.92,25," ",,,,,,,,," "
2020-01-13,,,,," ",,,,," ",,,,," ",1,1.110036364,EUR,24.03,24.56," ",0.59522391,0.660720185,NZD,,,,28.9,25," ",,,,,,,,," "
2020-01-14,,,,," ",,,,," ",,,,," ",1,1.110036364,EUR,23.74,," ",0.59522391,0.660720185,NZD,,,,29,25," ",,,,,,,,," "
2020-01-15,,,,," ",,,,," ",,,,," ",1,1.110036364,EUR,24.08,," ",0.59522391,0.660720185,NZD,,,,29.08,25," ",,,,,,,,," "
2020-01-16,,,,," ",,,,," ",,,,," ",1,1.110036364,EUR,24.85,," ",0.59522391,0.660720185,NZD,,,,29.15,25," ",,,,,,,,," "
2020-01-17,,,,," ",,,,," ",,,,," ",1,1.110036364,EUR,25.01,," ",0.59522391,0.660720185,NZD,,,,29.15,25," ",,,,,,,,," "
2020-01-20,,,,," ",,,,," ",,,,," ",1,1.110036364,EUR,25.6,24.84," ",,,,,,,,," ",,,,,,,,," "
2020-01-21,,,,," ",,,,," ",,,,," ",1,1.110036364,EUR,25.1,," ",0.59522391,0.660720185,NZD,,,,29.2,25," ",,,,,,,,," "
2020-01-23,,,,," ",,,,," ",,,,," ",1,1.110036364,EUR,24.65,," ",0.59522391,0.660720185,NZD,,,,29.15,25," ",,,,,,,,," "
2020-01-24,,,,," ",,,,," ",,,,," ",1,1.110036364,EUR,24.48,," ",0.59522391,0.660720185,NZD,,,,29.15,25," ",,,,,,,,," "
2020-01-27,,,,," ",,,,," ",,,,," ",1,1.110036364,EUR,24.04,24.17," ",,,,,,,,," ",,,,,,,,," "
2020-01-28,,,,," ",,,,," ",,,,," ",1,1.110036364,EUR,24.55,," ",0.59522391,0.660720185,NZD,,,,28.95,25," ",,,,,,,,," "
2020-01-29,,,,," ",,,,," ",,,,," ",1,1.110036364,EUR,24.04,," ",0.59522391,0.660720185,NZD,,,,28.75,25," ",,,,,,,,," "
2020-01-30,,,,," ",,,,," ",,,,," ",1,1.110036364,EUR,23.74,," ",0.59522391,0.660720185,NZD,,,,28.3,25," ",,,,,,,,," "
2020-01-31,,,,," ",,,,," ",,,,," ",1,1.110036364,EUR,23.48,," ",0.59522391,0.660720185,NZD,,,,27.55,25," ",,,,,,,,," "
2020-02-03,,,,," ",,,,," ",,,,," ",1,1.0905,EUR,23.2,23.44," ",0.586511382,0.639590662,NZD,,,,27.55,25," ",,,,,,,,," "
2020-02-04,,,,," ",,,,," ",,,,," ",1,1.0905,EUR,23.33,," ",0.586511382,0.639590662,NZD,,,,27.7,25," ",,,,,,,,," "
2020-02-06,,,,," ",,,,," ",,,,," ",1,1.0905,EUR,23.4,," ",,,,,,,,," ",,,,,,,,," "
2020-02-07,,,,," ",,,,," ",,,,," ",1,1.0905,EUR,23.17,," ",0.586511382,0.639590662,NZD,,,,27.8,25," ",,,,,,,,," "
2020-02-10,,,,," ",,,,," ",,,,," ",1,1.0905,EUR,22.91,23.81," ",0.586511382,0.639590662,NZD,,,,27.8,25," ",,,,,,,,," "
2020-02-11,,,,," ",,,,," ",,,,," ",1,1.0905,EUR,23.15,," ",0.586511382,0.639590662,NZD,,,,27.5,25," ",,,,,,,,," "
2020-02-12,,,,," ",,,,," ",,,,," ",1,1.0905,EUR,23.35,," ",0.586511382,0.639590662,NZD,,,,26.6,25," ",,,,,,,,," "
2020-02-13,,,,," ",,,,," ",,,,," ",1,1.0905,EUR,23.52,," ",0.586511382,0.639590662,NZD,,,,26.55,25," ",,,,,,,,," "
2020-02-14,,,,," ",,,,," ",,,,," ",1,1.0905,EUR,24.27,," ",0.586511382,0.639590662,NZD,,,,26.3,25," ",,,,,,,,," "
2020-02-17,,,,," ",,,,," ",,,,," ",1,1.0905,EUR,24.11,25.43," ",,,,,,,,," ",,,,,,,,," "
2020-02-18,,,,," ",,,,," ",,,,," ",1,1.0905,EUR,24.8,," ",,,,,,,,," ",,,,,,,,," "
2020-02-20,,,,," ",,,,," ",,,,," ",1,1.0905,EUR,25.5,," ",0.586511382,0.639590662,NZD,,,,26.7,25," ",,,,,,,,," "
2020-02-21,,,,," ",,,,," ",,,,," ",1,1.0905,EUR,25.15,," ",0.586511382,0.639590662,NZD,,,,26.75,25," ",,,,,,,,," "
2020-02-24,,,,," ",,,,," ",,,,," ",1,1.0905,EUR,24.64,24.04," ",0.586511382,0.639590662,NZD,,,,26.4,25," ",,,,,,,,," "
2020-02-25,,,,," ",,,,," ",,,,," ",1,1.0905,EUR,24.32,," ",0.586511382,0.639590662,NZD,,,,26.5,25," ",,,,,,,,," "
2020-02-26,,,,," ",,,,," ",,,,," ",1,1.0905,EUR,23.85,," ",0.586511382,0.639590662,NZD,,,,26.5,25," ",,,,,,,,," "
2020-02-27,,,,," ",,,,," ",,,,," ",1,1.0905,EUR,23.8,," ",0.586511382,0.639590662,NZD,,,,26.3,25," ",,,,,,,,," "
2020-02-28,,,,," ",,,,," ",,,,," ",1,1.0905,EUR,23.46,," ",0.586511382,0.639590662,NZD,,,,26.5,25," ",,,,,,,,," "
2020-03-02,,,,," ",,,,," ",,,,," ",1,1.106340909,EUR,23.96,23.59," ",,,,,,,,," ",,,,,,,,," "
2020-03-03,,,,," ",,,,," ",,,,," ",1,1.106340909,EUR,23.26,," ",0.546679886,0.604814322,NZD,,,,26.2,25," ",,,,,,,,," "
2020-03-05,,,,," ",,,,," ",,,,," ",1,1.106340909,EUR,23.9,," ",0.546679886,0.604814322,NZD,,,,26,25," ",,,,,,,,," "
2020-03-06,,,,," ",,,,," ",,,,," ",1,1.106340909,EUR,23.36,," ",0.546679886,0.604814322,NZD,,,,26,25," ",,,,,,,,," "
2020-03-09,,,,," ",,,,," ",,,,," ",1,1.106340909,EUR,22.65,23.15," ",0.546679886,0.604814322,NZD,,,,25.7,25," ",,,,,,,,," "
2020-03-10,,,,," ",,,,," ",,,,," ",1,1.106340909,EUR,23.76,," ",0.546679886,0.604814322,NZD,,,,25.25,25," ",,,,,,,,," "
2020-03-11,,,,," ",,,,," ",,,,," ",1,1.106340909,EUR,23.59,," ",0.546679886,0.604814322,NZD,,,,25.25,25," ",,,,,,,,," "
2020-03-12,,,,," ",,,,," ",,,,," ",1,1.106340909,EUR,22.85,," ",0.546679886,0.604814322,NZD,,,,25.2,25," ",,,,,,,,," "
2020-03-13,,,,," ",,,,," ",,,,," ",1,1.106340909,EUR,22.78,," ",0.546679886,0.604814322,NZD,,,,25.2,25," ",,,,,,,,," "
2020-03-16,,,,," ",,,,," ",,,,," ",1,1.106340909,EUR,20.64,17.12," ",0.546679886,0.604814322,NZD,,,,25.2,25," ",,,,,,,,," "
2020-03-19,,,,," ",,,,," ",,,,," ",1,1.106340909,EUR,16.03,," ",,,,,,,,," ",,,,,,,,," "
2020-03-20,,,,," ",,,,," ",,,,," ",1,1.106340909,EUR,16.35,," ",0.546679886,0.604814322,NZD,,,,23.25,25," ",,,,,,,,," "
2020-03-23,,,,," ",,,,," ",,,,," ",1,1.106340909,EUR,14.6,16.71," ",0.546679886,0.604814322,NZD,,,,22.7,25," ",,,,,,,,," "
2020-03-24,,,,," ",,,,," ",,,,," ",1,1.106340909,EUR,16.25,," ",0.546679886,0.604814322,NZD,,,,22.2,25," ",,,,,,,,," "
2020-03-25,,,,," ",,,,," ",,,,," ",1,1.106340909,EUR,16.95,," ",0.546679886,0.604814322,NZD,,,,22.5,25," ",,,,,,,,," "
2020-03-26,,,,," ",,,,," ",,,,," ",1,1.106340909,EUR,16.3,," ",0.546679886,0.604814322,NZD,,,,22.5,25," ",,,,,,,,," "
2020-03-27,,,,," ",,,,," ",,,,," ",1,1.106340909,EUR,16.55,," ",0.546679886,0.604814322,NZD,,,,22.7,25," ",,,,,,,,," "
2020-03-30,,,,," ",,,,," ",,,,," ",1,1.106340909,EUR,16.32,17.57," ",0.546679886,0.604814322,NZD,,,,23.5,25," ",,,,,,,,," "
2020-03-31,,,,," ",,,,," ",,,,," ",1,1.106340909,EUR,17.4,," ",0.546679886,0.604814322,NZD,,,,24,25," ",,,,,,,,," "
2020-04-02,,,,," ",,,,," ",,,,," ",1,1.08619,EUR,17.52,," ",0.551848733,0.599412576,NZD,,,,24.5,25," ",,,,,,,,," "
2020-04-03,,,,," ",,,,," ",,,,," ",1,1.08619,EUR,17.9,," ",0.551848733,0.599412576,NZD,,,,24.25,25," ",,,,,,,,," "
2020-04-06,,,,," ",,,,," ",,,,," ",1,1.08619,EUR,18.36,20.78," ",0.551848733,0.599412576,NZD,,,,24.25,25," ",,,,,,,,," "
2020-04-07,,,,," ",,,,," ",,,,," ",1,1.08619,EUR,21.11,," ",0.551848733,0.599412576,NZD,,,,24,25," ",,,,,,,,," "
2020-04-08,,,,," ",,,,," ",,,,," ",1,1.08619,EUR,20.74,," ",0.551848733,0.599412576,NZD,,,,24,25," ",,,,,,,,," "
2020-04-09,,,,," ",,,,," ",,,,," ",1,1.08619,EUR,21.4,," ",0.551848733,0.599412576,NZD,,,,24.2,25," ",,,,,,,,," "
2020-04-13,,,,," ",,,,," ",,,,," ",1,1.08619,EUR,,20.56," ",,,,,,,,," ",,,,,,,,," "
2020-04-14,,,,," ",,,,," ",,,,," ",1,1.08619,EUR,20.17,," ",0.551848733,0.599412576,NZD,,,,24.25,25," ",,,,,,,,," "
2020-04-16,,,,," ",,,,," ",,,,," ",1,1.08619,EUR,20.1,," ",0.551848733,0.599412576,NZD,,,,24.5,25," ",,,,,,,,," "
2020-04-17,,,,," ",,,,," ",,,,," ",1,1.08619,EUR,21.87,," ",0.551848733,0.599412576,NZD,,,,24.5,25," ",,,,,,,,," "
2020-04-20,,,,," ",,,,," ",,,,," ",1,1.08619,EUR,21.24,20.73," ",0.551848733,0.599412576,NZD,,,,24.57,25," ",,,,,,,,," "
2020-04-21,,,,," ",,,,," ",,,,," ",1,1.08619,EUR,20.4,," ",0.551848733,0.599412576,NZD,,,,24.5,25," ",,,,,,,,," "
2020-04-22,,,,," ",,,,," ",,,,," ",1,1.08619,EUR,19.75,," ",0.551848733,0.599412576,NZD,,,,24.55,25," ",,,,,,,,," "
2020-04-23,,,,," ",,,,," ",,,,," ",1,1.08619,EUR,20.24,," ",,,,,,,,," ",,,,,,,,," "
2020-04-24,,,,," ",,,,," ",,,,," ",1,1.08619,EUR,20.49,," ",,,,,,,,," ",,,,,,,,," "
2020-04-27,,,,," ",,,,," ",,,,," ",1,1.08619,EUR,20.4,19.84," ",,,,,,,,," ",,,,,,,,," "
2020-04-28,,,,," ",,,,," ",,,,," ",1,1.08619,EUR,19.99,," ",0.551848733,0.599412576,NZD,,,,24.5,25," ",,,,,,,,," "
2020-04-30,,,,," ",,,,," ",,,,," ",1,1.08619,EUR,19.97,," ",0.551848733,0.599412576,NZD,,,,24.52,25," ",,,,,,,,," "
2020-05-04,,,,," ",,,,," ",,,,," ",1,1.090185,EUR,,19.27," ",0.558157179,0.608494584,NZD,,,,24.6,25," ",,,,,,,,," "
2020-05-05,,,,," ",,,,," ",,,,," ",1,1.090185,EUR,19.01,," ",0.558157179,0.608494584,NZD,,,,24.6,25," ",,,,,,,,," "
2020-05-06,,,,," ",,,,," ",,,,," ",1,1.090185,EUR,17.75,," ",0.558157179,0.608494584,NZD,,,,24.6,25," ",,,,,,,,," "
2020-05-07,,,,," ",,,,," ",,,,," ",1,1.090185,EUR,19,," ",0.558157179,0.608494584,NZD,,,,24.6,25," ",,,,,,,,," "
2020-05-08,,,,," ",,,,," ",,,,," ",1,1.090185,EUR,19.38,," ",0.558157179,0.608494584,NZD,,,,24.65,25," ",,,,,,,,," "
2020-05-11,,,,," ",,,,," ",,,,," ",1,1.090185,EUR,18.81,18.85," ",0.558157179,0.608494584,NZD,,,,24.67,25," ",,,,,,,,," "
2020-05-12,,,,," ",,,,," ",,,,," ",1,1.090185,EUR,18.72,," ",0.558157179,0.608494584,NZD,,,,24.7,25," ",,,,,,,,," "
2020-05-14,,,,," ",,,,," ",,,,," ",1,1.090185,EUR,18.37,," ",0.558157179,0.608494584,NZD,,,,24.85,25," ",,,,,,,,," "
2020-05-15,,,,," ",,,,," ",,,,," ",1,1.090185,EUR,19.02,," ",0.558157179,0.608494584,NZD,,,,25,25," ",,,,,,,,," "
2020-05-18,,,,," ",,,,," ",,,,," ",1,1.090185,EUR,19.3,20.83," ",0.558157179,0.608494584,NZD,,,,24.95,25," ",,,,,,,,," "
2020-05-19,,,,," ",,,,," ",,,,," ",1,1.090185,EUR,20.02,," ",0.558157179,0.608494584,NZD,,,,25,25," ",,,,,,,,," "
2020-05-20,,,,," ",,,,," ",,,,," ",1,1.090185,EUR,20.11,," ",0.558157179,0.608494584,NZD,,,,25.02,25," ",,,,,,,,," "
2020-05-25,,,,," ",,,,," ",,,,," ",1,1.090185,EUR,,21.44," ",0.558157179,0.608494584,NZD,,,,25.05,25," ",,,,,,,,," "
2020-05-26,,,,," ",,,,," ",,,,," ",1,1.090185,EUR,21.45,," ",0.558157179,0.608494584,NZD,,,,25,25," ",,,,,,,,," "
2020-05-28,,,,," ",,,,," ",,,,," ",1,1.090185,EUR,20.95,," ",0.558157179,0.608494584,NZD,,,,25.05,25," ",,,,,,,,," "
2020-05-29,,,,," ",,,,," ",,,,," ",1,1.090185,EUR,21.7,," ",0.558157179,0.608494584,NZD,,,,25.05,25," ",,,,,,,,," "
2020-06-01,,,,," ",,,,," ",,,,," ",1,1.125459091,EUR,,22.11," ",,,,,,,,," ",,,,,,,,," "
2020-06-02,,,,," ",,,,," ",,,,," ",1,1.125459091,EUR,21.15,," ",0.572762392,0.644620641,NZD,,,,26,35," ",,,,,,,,," "
2020-06-03,,,,," ",,,,," ",,,,," ",1,1.125459091,EUR,21.98,," ",0.572762392,0.644620641,NZD,,,,28,35," ",,,,,,,,," "
2020-06-04,,,,," ",,,,," ",,,,," ",1,1.125459091,EUR,21.77,," ",0.572762392,0.644620641,NZD,,,,28.5,35," ",,,,,,,,," "
2020-06-05,,,,," ",,,,," ",,,,," ",1,1.125459091,EUR,22.5,," ",0.572762392,0.644620641,NZD,,,,29,35," ",,,,,,,,," "
2020-06-08,,,,," ",,,,," ",,,,," ",1,1.125459091,EUR,22.66,22.47," ",0.572762392,0.644620641,NZD,,,,29.5,35," ",,,,,,,,," "
2020-06-09,,,,," ",,,,," ",,,,," ",1,1.125459091,EUR,22.3,," ",0.572762392,0.644620641,NZD,,,,30.75,35," ",,,,,,,,," "
2020-06-11,,,,," ",,,,," ",,,,," ",1,1.125459091,EUR,22.2,," ",0.572762392,0.644620641,NZD,,,,32,35," ",,,,,,,,," "
2020-06-12,,,,," ",,,,," ",,,,," ",1,1.125459091,EUR,22.15,," ",0.572762392,0.644620641,NZD,,,,31.85,35," ",,,,,,,,," "
2020-06-15,,,,," ",,,,," ",,,,," ",1,1.125459091,EUR,21.8,23.26," ",,,,,,,,," ",,,,,,,,," "
2020-06-16,,,,," ",,,,," ",,,,," ",1,1.125459091,EUR,22.87,," ",0.572762392,0.644620641,NZD,,,,30.82,35," ",,,,,,,,," "
2020-06-17,,,,," ",,,,," ",,,,," ",1,1.125459091,EUR,22.81,," ",0.572762392,0.644620641,NZD,,,,30,35," ",,,,,,,,," "
2020-06-18,,,,," ",,,,," ",,,,," ",1,1.125459091,EUR,23.63,," ",0.572762392,0.644620641,NZD,,,,30.1,35," ",,,,,,,,," "
2020-06-19,,,,," ",,,,," ",,,,," ",1,1.125459091,EUR,24.18,," ",0.572762392,0.644620641,NZD,,,,31,35," ",,,,,,,,," "
2020-06-22,,,,," ",,,,," ",,,,," ",1,1.125459091,EUR,24.15,25.05," ",0.572762392,0.644620641,NZD,,,,31,35," ",,,,,,,,," "
2020-06-23,,,,," ",,,,," ",,,,," ",1,1.125459091,EUR,24.85,," ",0.572762392,0.644620641,NZD,,,,31,35," ",,,,,,,,," "
2020-06-25,,,,," ",,,,," ",,,,," ",1,1.125459091,EUR,25.15,," ",0.572762392,0.644620641,NZD,,,,31.9,35," ",,,,,,,,," "
2020-06-26,,,,," ",,,,," ",,,,," ",1,1.125459091,EUR,24.9,," ",0.572762392,0.644620641,NZD,,,,31.8,35," ",,,,,,,,," "
2020-06-29,,,,," ",,,,," ",,,,," ",1,1.125459091,EUR,24.74,27.32," ",0.572762392,0.644620641,NZD,,,,31.9,35," ",,,,,,,,," "
2020-06-30,,,,," ",,,,," ",,,,," ",1,1.125459091,EUR,25.99,," ",0.572762392,0.644620641,NZD,,,,32.1,35," ",,,,,,,,," "
2020-07-01,,,,," ",,,,," ",,,,," ",1,1.14633913,EUR,27.1,," ",0.574514094,0.658587987,NZD,,,,32.25,35," ",,,,,,,,," "
2020-07-02,,,,," ",,,,," ",,,,," ",1,1.14633913,EUR,27.25,," ",0.574514094,0.658587987,NZD,,,,32.25,35," ",,,,,,,,," "
2020-07-03,,,,," ",,,,," ",,,,," ",1,1.14633913,EUR,27,," ",0.574514094,0.658587987,NZD,,,,32.25,35," ",,,,,,,,," "
2020-07-06,,,,," ",,,,," ",,,,," ",1,1.14633913,EUR,28.86,29.21," ",0.574514094,0.658587987,NZD,,,,32.25,35," ",,,,,,,,," "
2020-07-07,,,,," ",,,,," ",,,,," ",1,1.14633913,EUR,29.34,," ",0.574514094,0.658587987,NZD,,,,32.4,35," ",,,,,,,,," "
2020-07-09,,,,," ",,,,," ",,,,," ",1,1.14633913,EUR,28.48,," ",,,,,,,,," ",,,,,,,,," "
2020-07-10,,,,," ",,,,," ",,,,," ",1,1.14633913,EUR,27.66,," ",0.574514094,0.658587987,NZD,,,,32.2,35," ",,,,,,,,," "
2020-07-13,,,,," ",,,,," ",,,,," ",1,1.14633913,EUR,30.04,28.45," ",0.574514094,0.658587987,NZD,,,,31.75,35," ",,,,,,,,," "
2020-07-14,,,,," ",,,,," ",,,,," ",1,1.14633913,EUR,29.2,," ",0.574514094,0.658587987,NZD,,,,31.85,35," ",,,,,,,,," "
2020-07-15,,,,," ",,,,," ",,,,," ",1,1.14633913,EUR,29.81,," ",0.574514094,0.658587987,NZD,,,,32.25,35," ",,,,,,,,," "
2020-07-16,,,,," ",,,,," ",,,,," ",1,1.14633913,EUR,28.13,," ",0.574514094,0.658587987,NZD,,,,32.5,35," ",,,,,,,,," "
2020-07-17,,,,," ",,,,," ",,,,," ",1,1.14633913,EUR,26.85,," ",0.574514094,0.658587987,NZD,,,,32.75,35," ",,,,,,,,," "
2020-07-20,,,,," ",,,,," ",,,,," ",1,1.14633913,EUR,26.85,26.62," ",0.574514094,0.658587987,NZD,,,,32.75,35," ",,,,,,,,," "
2020-07-21,,,,," ",,,,," ",,,,," ",1,1.14633913,EUR,26.34,," ",,,,,,,,," ",,,,,,,,," "
2020-07-23,,,,," ",,,,," ",,,,," ",1,1.14633913,EUR,26.76,," ",0.574514094,0.658587987,NZD,,,,33.45,35," ",,,,,,,,," "
2020-07-24,,,,," ",,,,," ",,,,," ",1,1.14633913,EUR,26.57,," ",0.574514094,0.658587987,NZD,,,,33.1,35," ",,,,,,,,," "
2020-07-27,,,,," ",,,,," ",,,,," ",1,1.14633913,EUR,25.53,25.75," ",0.574514094,0.658587987,NZD,,,,33.1,35," ",,,,,,,,," "
2020-07-28,,,,," ",,,,," ",,,,," ",1,1.14633913,EUR,25.03,," ",0.574514094,0.658587987,NZD,,,,33.15,35," ",,,,,,,,," "
2020-07-29,,,,," ",,,,," ",,,,," ",1,1.14633913,EUR,25.96,," ",0.574514094,0.658587987,NZD,,,,33.6,35," ",,,,,,,,," "
2020-07-30,,,,," ",,,,," ",,,,," ",1,1.14633913,EUR,25.34,," ",0.574514094,0.658587987,NZD,,,,34.1,35," ",,,,,,,,," "
2020-07-31,,,,," ",,,,," ",,,,," ",1,1.14633913,EUR,26.3,," ",0.574514094,0.658587987,NZD,,,,34.1,35," ",,,,,,,,," "
2020-08-03,,,,," ",,,,," ",,,,," ",1,1.182809524,EUR,25.81,26.51," ",0.557644393,0.659587098,NZD,,,,34.05,35," ",,,,,,,,," "
2020-08-04,,,,," ",,,,," ",,,,," ",1,1.182809524,EUR,25.95,," ",0.557644393,0.659587098,NZD,,,,34.05,35," ",,,,,,,,," "
2020-08-06,,,,," ",,,,," ",,,,," ",1,1.182809524,EUR,26.95,," ",0.557644393,0.659587098,NZD,,,,33.92,35," ",,,,,,,,," "
2020-08-07,,,,," ",,,,," ",,,,," ",1,1.182809524,EUR,26.16,," ",0.557644393,0.659587098,NZD,,,,33.5,35," ",,,,,,,,," "
2020-08-10,,,,," ",,,,," ",,,,," ",1,1.182809524,EUR,26.92,25.96," ",0.557644393,0.659587098,NZD,,,,33.4,35," ",,,,,,,,," "
2020-08-11,,,,," ",,,,," ",,,,," ",1,1.182809524,EUR,26.71,," ",0.557644393,0.659587098,NZD,,,,33.57,35," ",,,,,,,,," "
2020-08-12,,,,," ",,,,," ",,,,," ",1,1.182809524,EUR,25.55,," ",0.557644393,0.659587098,NZD,,,,33.6,35," ",,,,,,,,," "
2020-08-13,,,,," ",,,,," ",,,,," ",1,1.182809524,EUR,25.94,," ",0.557644393,0.659587098,NZD,,,,33.95,35," ",,,,,,,,," "
2020-08-14,,,,," ",,,,," ",,,,," ",1,1.182809524,EUR,25.25,," ",0.557644393,0.659587098,NZD,,,,33.95,35," ",,,,,,,,," "
2020-08-17,,,,," ",,,,," ",,,,," ",1,1.182809524,EUR,25.42,26.13," ",0.557644393,0.659587098,NZD,,,,33.9,35," ",,,,,,,,," "
2020-08-18,,,,," ",,,,," ",,,,," ",1,1.182809524,EUR,26.05,," ",0.557644393,0.659587098,NZD,,,,33.9,35," ",,,,,,,,," "
2020-08-20,,,,," ",,,,," ",,,,," ",1,1.182809524,EUR,25.7,," ",,,,,,,,," ",,,,,,,,," "
2020-08-21,,,,," ",,,,," ",,,,," ",1,1.182809524,EUR,25.36,," ",0.557644393,0.659587098,NZD,,,,33.85,35," ",,,,,,,,," "
2020-08-24,,,,," ",,,,," ",,,,," ",1,1.182809524,EUR,26.6,28.52," ",0.557644393,0.659587098,NZD,,,,33.88,35," ",,,,,,,,," "
2020-08-25,,,,," ",,,,," ",,,,," ",1,1.182809524,EUR,27.33,," ",0.557644393,0.659587098,NZD,,,,34.04,35," ",,,,,,,,," "
2020-08-26,,,,," ",,,,," ",,,,," ",1,1.182809524,EUR,28.42,," ",0.557644393,0.659587098,NZD,,,,34,35," ",,,,,,,,," "
2020-08-27,,,,," ",,,,," ",,,,," ",1,1.182809524,EUR,28.03,," ",0.557644393,0.659587098,NZD,,,,34.05,35," ",,,,,,,,," "
2020-08-28,,,,," ",,,,," ",,,,," ",1,1.182809524,EUR,29.5,," ",,,,,,,,," ",,,,,,,,," "
2020-08-31,,,,," ",,,,," ",,,,," ",1,1.182809524,EUR,,28.15," ",0.557644393,0.659587098,NZD,,,,34.12,35," ",,,,,,,,," "
2020-09-01,,,,," ",,,,," ",,,,," ",1,1.179240909,EUR,28.28,," ",0.565788061,0.667200427,NZD,,,,34.12,35," ",,,,,,,,," "
2020-09-04,,,,," ",,,,," ",,,,," ",1,1.179240909,EUR,28.8,," ",0.565788061,0.667200427,NZD,,,,34,35," ",,,,,,,,," "
2020-09-07,,,,," ",,,,," ",,,,," ",1,1.179240909,EUR,26.9,27.54," ",0.565788061,0.667200427,NZD,,,,34,35," ",,,,,,,,," "
2020-09-08,,,,," ",,,,," ",,,,," ",1,1.179240909,EUR,27.25,," ",0.565788061,0.667200427,NZD,,,,34,35," ",,,,,,,,," "
2020-09-09,,,,," ",,,,," ",,,,," ",1,1.179240909,EUR,26.02,," ",0.565788061,0.667200427,NZD,,,,34.25,35," ",,,,,,,,," "
2020-09-10,,,,," ",,,,," ",,,,," ",1,1.179240909,EUR,27.46,," ",0.565788061,0.667200427,NZD,,,,34.25,35," ",,,,,,,,," "
2020-09-11,,,,," ",,,,," ",,,,," ",1,1.179240909,EUR,28.05,," ",0.565788061,0.667200427,NZD,,,,34.3,35," ",,,,,,,,," "
2020-09-14,,,,," ",,,,," ",,,,," ",1,1.179240909,EUR,28.66,29.33," ",0.565788061,0.667200427,NZD,,,,34.5,35," ",,,,,,,,," "
2020-09-15,,,,," ",,,,," ",,,,," ",1,1.179240909,EUR,29.99,," ",0.565788061,0.667200427,NZD,,,,35,35," ",,,,,,,,," "
2020-09-17,,,,," ",,,,," ",,,,," ",1,1.179240909,EUR,29.1,," ",0.565788061,0.667200427,NZD,,,,35.05,35," ",,,,,,,,," "
2020-09-18,,,,," ",,,,," ",,,,," ",1,1.179240909,EUR,28.36,," ",0.565788061,0.667200427,NZD,,,,35.05,35," ",,,,,,,,," "
2020-09-21,,,,," ",,,,," ",,,,," ",1,1.179240909,EUR,27.12,26.74," ",0.565788061,0.667200427,NZD,,,,35.07,35," ",,,,,,,,," "
2020-09-22,,,,," ",,,,," ",,,,," ",1,1.179240909,EUR,26.75,," ",0.565788061,0.667200427,NZD,,,,35.05,35," ",,,,,,,,," "
2020-09-23,,,,," ",,,,," ",,,,," ",1,1.179240909,EUR,27.31,," ",0.565788061,0.667200427,NZD,,,,35.05,35," ",,,,,,,,," "
2020-09-24,,,,," ",,,,," ",,,,," ",1,1.179240909,EUR,26.28,," ",0.565788061,0.667200427,NZD,,,,35.05,35," ",,,,,,,,," "
2020-09-25,,,,," ",,,,," ",,,,," ",1,1.179240909,EUR,26.2,," ",0.565788061,0.667200427,NZD,,,,35.05,35," ",,,,,,,,," "
2020-09-28,,,,," ",,,,," ",,,,," ",1,1.179240909,EUR,26.28,26.99," ",0.565788061,0.667200427,NZD,,,,35.05,35," ",,,,,,,,," "
2020-09-29,,,,," ",,,,," ",,,,," ",1,1.179240909,EUR,27.09,," ",0.565788061,0.667200427,NZD,,,,35.02,35," ",,,,,,,,," "
2020-10-01,,,,," ",,,,," ",,,,," ",1,1.177518182,EUR,26.41,," ",0.563233709,0.663217933,NZD,,,,34.95,35," ",,,,,,,,," "
2020-10-02,,,,," ",,,,," ",,,,," ",1,1.177518182,EUR,26.11,," ",0.563233709,0.663217933,NZD,,,,34.85,35," ",,,,,,,,," "
2020-10-05,,,,," ",,,,," ",,,,," ",1,1.177518182,EUR,26.79,26.54," ",0.563233709,0.663217933,NZD,,,,34.85,35," ",,,,,,,,," "
2020-10-06,,,,," ",,,,," ",,,,," ",1,1.177518182,EUR,26.68,," ",0.563233709,0.663217933,NZD,,,,34.7,35," ",,,,,,,,," "
2020-10-07,,,,," ",,,,," ",,,,," ",1,1.177518182,EUR,26.76,," ",0.563233709,0.663217933,NZD,,,,34.75,35," ",,,,,,,,," "
2020-10-08,,,,," ",,,,," ",,,,," ",1,1.177518182,EUR,26.4,," ",0.563233709,0.663217933,NZD,,,,34.8,35," ",,,,,,,,," "
2020-10-09,,,,," ",,,,," ",,,,," ",1,1.177518182,EUR,26,," ",0.563233709,0.663217933,NZD,,,,34.85,35," ",,,,,,,,," "
2020-10-12,,,,," ",,,,," ",,,,," ",1,1.177518182,EUR,25.54,25.34," ",0.563233709,0.663217933,NZD,,,,34.85,35," ",,,,,,,,," "
2020-10-13,,,,," ",,,,," ",,,,," ",1,1.177518182,EUR,25.3,," ",0.563233709,0.663217933,NZD,,,,34.85,35," ",,,,,,,,," "
2020-10-15,,,,," ",,,,," ",,,,," ",1,1.177518182,EUR,25.15,," ",0.563233709,0.663217933,NZD,,,,34.95,35," ",,,,,,,,," "
2020-10-16,,,,," ",,,,," ",,,,," ",1,1.177518182,EUR,25.46,," ",,,,,,,,," ",,,,,,,,," "
2020-10-19,,,,," ",,,,," ",,,,," ",1,1.177518182,EUR,24.85,24.52," ",0.563233709,0.663217933,NZD,,,,34.95,35," ",,,,,,,,," "
2020-10-20,,,,," ",,,,," ",,,,," ",1,1.177518182,EUR,24.44,," ",0.563233709,0.663217933,NZD,,,,35.05,35," ",,,,,,,,," "
2020-10-21,,,,," ",,,,," ",,,,," ",1,1.177518182,EUR,23.96,," ",0.563233709,0.663217933,NZD,,,,35.05,35," ",,,,,,,,," "
2020-10-22,,,,," ",,,,," ",,,,," ",1,1.177518182,EUR,23.6,," ",0.563233709,0.663217933,NZD,,,,35.15,35," ",,,,,,,,," "
2020-10-23,,,,," ",,,,," ",,,,," ",1,1.177518182,EUR,24.92,," ",0.563233709,0.663217933,NZD,,,,35.05,35," ",,,,,,,,," "
2020-10-26,,,,," ",,,,," ",,,,," ",1,1.177518182,EUR,24.33,23.67," ",,,,,,,,," ",,,,,,,,," "
2020-10-27,,,,," ",,,,," ",,,,," ",1,1.177518182,EUR,23.55,," ",0.563233709,0.663217933,NZD,,,,35.05,35," ",,,,,,,,," "
2020-10-29,,,,," ",,,,," ",,,,," ",1,1.177518182,EUR,23.07,," ",0.563233709,0.663217933,NZD,,,,35.12,35," ",,,,,,,,," "
2020-10-30,,,,," ",,,,," ",,,,," ",1,1.177518182,EUR,23.45,," ",0.563233709,0.663217933,NZD,,,,35.1,35," ",,,,,,,,," "
2020-11-02,,,,," ",,,,," ",,,,," ",1,1.183790476,EUR,23.02,24.91," ",,,,,,,,," ",,,,,,,,," "
2020-11-03,,,,," ",,,,," ",,,,," ",1,1.183790476,EUR,24.4,," ",,,,,,,,," ",,,,,,,,," "
2020-11-04,,,,," ",,,,," ",,,,," ",1,1.183790476,EUR,23.83,," ",,,,,,,,," ",,,,,,,,," "
2020-11-05,,,,," ",,,,," ",,,,," ",1,1.183790476,EUR,25.55,," ",0.579067784,0.685494927,NZD,,,,35.12,35," ",,,,,,,,," "
2020-11-06,,,,," ",,,,," ",,,,," ",1,1.183790476,EUR,25.2,," ",0.579067784,0.685494927,NZD,,,,35.12,35," ",,,,,,,,," "
2020-11-09,,,,," ",,,,," ",,,,," ",1,1.183790476,EUR,25.41,26.22," ",0.579067784,0.685494927,NZD,,,,35.12,35," ",,,,,,,,," "
2020-11-10,,,,," ",,,,," ",,,,," ",1,1.183790476,EUR,26.47,," ",,,,,,,,," ",,,,,,,,," "
2020-11-12,,,,," ",,,,," ",,,,," ",1,1.183790476,EUR,25.9,," ",0.579067784,0.685494927,NZD,,,,35.22,35," ",,,,,,,,," "
2020-11-13,,,,," ",,,,," ",,,,," ",1,1.183790476,EUR,26.31,," ",0.579067784,0.685494927,NZD,,,,35.3,35," ",,,,,,,,," "
2020-11-16,,,,," ",,,,," ",,,,," ",1,1.183790476,EUR,26.67,26.86," ",0.579067784,0.685494927,NZD,,,,35.4,35," ",,,,,,,,," "
2020-11-17,,,,," ",,,,," ",,,,," ",1,1.183790476,EUR,27.12,," ",0.579067784,0.685494927,NZD,,,,35.5,35," ",,,,,,,,," "
2020-11-18,,,,," ",,,,," ",,,,," ",1,1.183790476,EUR,27.42,," ",0.579067784,0.685494927,NZD,,,,35.8,35," ",,,,,,,,," "
2020-11-19,,,,," ",,,,," ",,,,," ",1,1.183790476,EUR,26.72,," ",0.579067784,0.685494927,NZD,,,,35.8,35," ",,,,,,,,," "
2020-11-20,,,,," ",,,,," ",,,,," ",1,1.183790476,EUR,26.8,," ",0.579067784,0.685494927,NZD,,,,35.8,35," ",,,,,,,,," "
2020-11-23,,,,," ",,,,," ",,,,," ",1,1.183790476,EUR,27.25,27.75," ",,,,,,,,," ",,,,,,,,," "
2020-11-24,,,,," ",,,,," ",,,,," ",1,1.183790476,EUR,26.97,," ",0.579067784,0.685494927,NZD,,,,35.8,35," ",,,,,,,,," "
2020-11-26,,,,," ",,,,," ",,,,," ",1,1.183790476,EUR,27.77,," ",0.579067784,0.685494927,NZD,,,,35.8,35," ",,,,,,,,," "
2020-11-27,,,,," ",,,,," ",,,,," ",1,1.183790476,EUR,28.23,," ",0.579067784,0.685494927,NZD,,,,35.8,35," ",,,,,,,,," "
2020-11-30,,,,," ",,,,," ",,,,," ",1,1.183790476,EUR,28.82,29.33," ",0.579067784,0.685494927,NZD,,,,35.8,35," ",,,,,,,,," "
2020-12-01,,,,," ",,,,," ",,,,," ",1,1.216972727,EUR,29.24,," ",0.582195764,0.708516367,NZD,,,,35.8,35," ",,,,,,,,," "
2020-12-02,,,,," ",,,,," ",,,,," ",1,1.216972727,EUR,28.9,," ",0.582195764,0.708516367,NZD,,,,35.8,35," ",,,,,,,,," "
2020-12-03,,,,," ",,,,," ",,,,," ",1,1.216972727,EUR,29.1,," ",0.582195764,0.708516367,NZD,,,,36.25,35," ",,,,,,,,," "
2020-12-04,,,,," ",,,,," ",,,,," ",1,1.216972727,EUR,30,," ",0.582195764,0.708516367,NZD,,,,36.6,35," ",,,,,,,,," "
2020-12-07,,,,," ",,,,," ",,,,," ",1,1.216972727,EUR,29.49,30.06," ",0.582195764,0.708516367,NZD,,,,37.2,35," ",,,,,,,,," "
2020-12-08,,,,," ",,,,," ",,,,," ",1,1.216972727,EUR,29.69,," ",0.582195764,0.708516367,NZD,,,,37.5,35," ",,,,,,,,," "
2020-12-10,,,,," ",,,,," ",,,,," ",1,1.216972727,EUR,30.04,," ",0.582195764,0.708516367,NZD,,,,38.05,35," ",,,,,,,,," "
2020-12-11,,,,," ",,,,," ",,,,," ",1,1.216972727,EUR,30.45,," ",0.582195764,0.708516367,NZD,,,,38,35," ",,,,,,,,," "
2020-12-14,,,,," ",,,,," ",,,,," ",1,1.216972727,EUR,30.92,30.81," ",0.582195764,0.708516367,NZD,,,,37.8,35," ",,,,,,,,," "
2021-01-04,,,,," ",,,,," ",,,,," ",1,1.217085,EUR,,33.99," ",,,,,,,,," ",,,,,,,,," "
2021-01-11,,,,," ",,,,," ",,,,," ",1,1.217085,EUR,,33.62," ",0.591104533,0.71942446,NZD,,,,37.67,35," ",,,,,,,,," "
2021-01-18,,,,," ",,,,," ",,,,," ",1,1.217085,EUR,,33.19," ",0.591104533,0.71942446,NZD,,,,38.2,35," ",,,,,,,,," "
2021-01-25,,,,," ",,,,," ",,,,," ",1,1.217085,EUR,,33.34," ",,,,,,,,," ",,,,,,,,," "
2021-01-29,,,,," ",,,,," ",,,,," ",1,1.217085,EUR,33.51,," ",0.591104533,0.71942446,NZD,,,,38.6,," ",,,,,,,,," "
2021-02-01,,,,," ",,,,," ",,,,," ",1,1.20979,EUR,32.66,36.14," ",,,,,,,,," ",,,,,,,,," "
2021-02-02,,,,," ",,,,," ",,,,," ",1,1.20979,EUR,33.2,," ",0.598761129,0.724375226,NZD,,,,39.6,," ",,,,,,,,," "
2021-02-03,,,,," ",,,,," ",,,,," ",1,1.20979,EUR,38,," ",0.598761129,0.724375226,NZD,,,,39.5,," ",,,,,,,,," "
2021-02-04,,,,," ",,,,," ",,,,," ",1,1.20979,EUR,36.51,," ",0.598761129,0.724375226,NZD,,,,39.5,," ",,,,,,,,," "
2021-02-05,,,,," ",,,,," ",,,,," ",1,1.20979,EUR,37.61,," ",0.598761129,0.724375226,NZD,,,,39.4,," ",,,,,,,,," "
2021-02-08,,,,," ",,,,," ",,,,," ",1,1.20979,EUR,38.62,39," ",,,,,,,,," ",,,,,,,,," "
2021-02-09,,,,," ",,,,," ",,,,," ",1,1.20979,EUR,37.58,," ",0.598761129,0.724375226,NZD,,,,39.1,," ",,,,,,,,," "
2021-02-10,,,,," ",,,,," ",,,,," ",1,1.20979,EUR,37.7,," ",0.598761129,0.724375226,NZD,,,,39.1,," ",,,,,,,,," "
2021-02-11,,,,," ",,,,," ",,,,," ",1,1.20979,EUR,39.62,," ",0.598761129,0.724375226,NZD,,,,39.1,," ",,,,,,,,," "
2021-02-12,,,,," ",,,,," ",,,,," ",1,1.20979,EUR,37.8,," ",0.598761129,0.724375226,NZD,,,,39.1,," ",,,,,,,,," "
2021-02-15,,,,," ",,,,," ",,,,," ",1,1.20979,EUR,39.82,38.44," ",0.598761129,0.724375226,NZD,,,,39.2,," ",,,,,,,,," "
2021-02-16,,,,," ",,,,," ",,,,," ",1,1.20979,EUR,40.19,," ",0.598761129,0.724375226,NZD,,,,39.2,," ",,,,,,,,," "
2021-02-17,,,,," ",,,,," ",,,,," ",1,1.20979,EUR,38.42,," ",0.598761129,0.724375226,NZD,,,,39.2,," ",,,,,,,,," "
2021-02-18,,,,," ",,,,," ",,,,," ",1,1.20979,EUR,38.01,," ",0.598761129,0.724375226,NZD,,,,39.2,," ",,,,,,,,," "
2021-02-19,,,,," ",,,,," ",,,,," ",1,1.20979,EUR,38.36,," ",0.598761129,0.724375226,NZD,,,,39.2,," ",,,,,,,,," "
2021-02-22,,,,," ",,,,," ",,,,," ",1,1.20979,EUR,36.84,38.26," ",0.598761129,0.724375226,NZD,,,,39.3,," ",,,,,,,,," "
2021-02-23,,,,," ",,,,," ",,,,," ",1,1.20979,EUR,37.5,," ",0.598761129,0.724375226,NZD,,,,39.2,," ",,,,,,,,," "
2021-02-24,,,,," ",,,,," ",,,,," ",1,1.20979,EUR,38.42,," ",0.598761129,0.724375226,NZD,,,,39.2,," ",,,,,,,,," "
2021-02-25,,,,," ",,,,," ",,,,," ",1,1.20979,EUR,38.88,," ",0.598761129,0.724375226,NZD,,,,39,," ",,,,,,,,," "
2021-02-26,,,,," ",,,,," ",,,,," ",1,1.20979,EUR,37.51,," ",0.598761129,0.724375226,NZD,,,,39.02,," ",,,,,,,,," "
2021-03-01,,,,," ",,,,," ",,,,," ",1,1.189908696,EUR,37.66,38.03," ",0.600371921,0.71438777,NZD,,,,39.05,," ",,,,,,,,," "
2021-03-02,,,,," ",,,,," ",,,,," ",1,1.189908696,EUR,37.25,," ",0.600371921,0.71438777,NZD,,,,38.92,," ",,,,,,,,," "
2021-03-03,,,,," ",,,,," ",,,,," ",1,1.189908696,EUR,37.56,," ",0.600371921,0.71438777,NZD,,,,39,," ",,,,,,,,," "
2021-03-04,,,,," ",,,,," ",,,,," ",1,1.189908696,EUR,36.9,," ",0.600371921,0.71438777,NZD,,,,38.8,," ",,,,,,,,," "
2021-03-05,,,,," ",,,,," ",,,,," ",1,1.189908696,EUR,38.08,," ",0.600371921,0.71438777,NZD,,,,38.9,," ",,,,,,,,," "
2021-03-08,,,,," ",,,,," ",,,,," ",1,1.189908696,EUR,38.41,41.22," ",0.600371921,0.71438777,NZD,,,,38.97,," ",,,,,,,,," "
2021-03-09,,,,," ",,,,," ",,,,," ",1,1.189908696,EUR,39.4,," ",0.600371921,0.71438777,NZD,,,,38.9,," ",,,,,,,,," "
2021-03-10,,,,," ",,,,," ",,,,," ",1,1.189908696,EUR,41,," ",0.600371921,0.71438777,NZD,,,,38.9,," ",,,,,,,,," "
2021-03-11,,,,," ",,,,," ",,,,," ",1,1.189908696,EUR,40.92,," ",0.600371921,0.71438777,NZD,,,,38.75,," ",,,,,,,,," "
2021-03-12,,,,," ",,,,," ",,,,," ",1,1.189908696,EUR,41.52,," ",0.600371921,0.71438777,NZD,,,,38.7,," ",,,,,,,,," "
2021-03-15,,,,," ",,,,," ",,,,," ",1,1.189908696,EUR,42.84,42.27," ",0.600371921,0.71438777,NZD,,,,38.7,," ",,,,,,,,," "
2021-03-16,,,,," ",,,,," ",,,,," ",1,1.189908696,EUR,41.92,," ",0.600371921,0.71438777,NZD,,,,38.7,," ",,,,,,,,," "
2021-03-17,,,,," ",,,,," ",,,,," ",1,1.189908696,EUR,41.9,," ",0.600371921,0.71438777,NZD,36,20,50,37.25,," ",,,,,,,,," "
2021-03-18,,,,," ",,,,," ",,,,," ",1,1.189908696,EUR,43.35,," ",0.600371921,0.71438777,NZD,,,,37.25,," ",,,,,,,,," "
2021-03-19,,,,," ",,,,," ",,,,," ",1,1.189908696,EUR,41.91,," ",0.600371921,0.71438777,NZD,,,,37.2,," ",,,,,,,,," "
2021-03-22,,,,," ",,,,," ",,,,," ",1,1.189908696,EUR,41.8,41.59," ",0.600371921,0.71438777,NZD,,,,37.07,," ",,,,,,,,," "
2021-03-23,,,,," ",,,,," ",,,,," ",1,1.189908696,EUR,41.77,," ",0.600371921,0.71438777,NZD,,,,36.95,," ",,,,,,,,," "
2021-03-24,,,,," ",,,,," ",,,,," ",1,1.189908696,EUR,40.94,," ",0.600371921,0.71438777,NZD,,,,37,," ",,,,,,,,," "
2021-03-25,,,,," ",,,,," ",,,,," ",1,1.189908696,EUR,40.69,," ",0.600371921,0.71438777,NZD,,,,37,," ",,,,,,,,," "
2021-03-26,,,,," ",,,,," ",,,,," ",1,1.189908696,EUR,40.86,," ",0.600371921,0.71438777,NZD,,,,37,," ",,,,,,,,," "
2021-03-29,,,,," ",,,,," ",,,,," ",1,1.189908696,EUR,40.71,42.23," ",0.600371921,0.71438777,NZD,,,,37,," ",,,,,,,,," "
2021-03-30,,,,," ",,,,," ",,,,," ",1,1.189908696,EUR,42.25,," ",0.600371921,0.71438777,NZD,,,,36.9,," ",,,,,,,,," "
2021-03-31,,,,," ",,,,," ",,,,," ",1,1.189908696,EUR,42.26,," ",0.600371921,0.71438777,NZD,,,,36.9,," ",,,,,,,,," "
2021-04-01,,,,," ",,,,," ",,,,," ",1,1.19791,EUR,42.04,," ",0.594789636,0.712504453,NZD,,,,37,," ",,,,,,,,," "
2021-04-05,,,,," ",,,,," ",,,,," ",1,1.19791,EUR,,43.54," ",,,,,,,,," ",,,,,,,,," "
2021-04-06,,,,," ",,,,," ",,,,," ",1,1.19791,EUR,43.05,," ",0.594789636,0.712504453,NZD,,,,37.02,," ",,,,,,,,," "
2021-04-07,,,,," ",,,,," ",,,,," ",1,1.19791,EUR,43.63,," ",0.594789636,0.712504453,NZD,,,,36.95,," ",,,,,,,,," "
2021-04-08,,,,," ",,,,," ",,,,," ",1,1.19791,EUR,43.45,," ",0.594789636,0.712504453,NZD,,,,37,," ",,,,,,,,," "
2021-04-09,,,,," ",,,,," ",,,,," ",1,1.19791,EUR,43.18,," ",0.594789636,0.712504453,NZD,,,,37,," ",,,,,,,,," "
2021-04-12,,,,," ",,,,," ",,,,," ",1,1.19791,EUR,43.86,44.15," ",0.594789636,0.712504453,NZD,,,,37.15,," ",,,,,,,,," "
2021-04-13,,,,," ",,,,," ",,,,," ",1,1.19791,EUR,44.1,," ",0.594789636,0.712504453,NZD,,,,37.25,," ",,,,,,,,," "
2021-04-14,,,,," ",,,,," ",,,,," ",1,1.19791,EUR,43.53,," ",0.594789636,0.712504453,NZD,,,,37.3,," ",,,,,,,,," "
2021-04-15,,,,," ",,,,," ",,,,," ",1,1.19791,EUR,43.99,," ",0.594789636,0.712504453,NZD,,,,37.3,," ",,,,,,,,," "
2021-04-16,,,,," ",,,,," ",,,,," ",1,1.19791,EUR,44.5,," ",0.594789636,0.712504453,NZD,,,,37.32,," ",,,,,,,,," "
2021-04-19,,,,," ",,,,," ",,,,," ",1,1.19791,EUR,44.66,45.84," ",0.594789636,0.712504453,NZD,,,,37.3,," ",,,,,,,,," "
2021-04-20,,,,," ",,,,," ",,,,," ",1,1.19791,EUR,44.2,," ",0.594789636,0.712504453,NZD,,,,37.3,," ",,,,,,,,," "
2021-04-21,,,,," ",,,,," ",,,,," ",1,1.19791,EUR,44.85,," ",0.594789636,0.712504453,NZD,,,,37.3,," ",,,,,,,,," "
2021-04-22,,,,," ",,,,," ",,,,," ",1,1.19791,EUR,46.6,," ",0.594789636,0.712504453,NZD,,,,37.5,," ",,,,,,,,," "
2021-04-23,,,,," ",,,,," ",,,,," ",1,1.19791,EUR,46.41,," ",0.594789636,0.712504453,NZD,,,,37.6,," ",,,,,,,,," "
2021-04-26,,,,," ",,,,," ",,,,," ",1,1.19791,EUR,47.24,47.83," ",,,,,,,,," ",,,,,,,,," "
2021-04-27,,,,," ",,,,," ",,,,," ",1,1.19791,EUR,46.55,," ",0.594789636,0.712504453,NZD,,,,37.55,," ",,,,,,,,," "
2021-04-28,,,,," ",,,,," ",,,,," ",1,1.19791,EUR,48,," ",0.594789636,0.712504453,NZD,,,,37.45,," ",,,,,,,,," "
2021-04-29,,,,," ",,,,," ",,,,," ",1,1.19791,EUR,47.25,," ",0.594789636,0.712504453,NZD,,,,37.47,," ",,,,,,,,," "
2021-04-30,,,,," ",,,,," ",,,,," ",1,1.19791,EUR,47.68,," ",0.594789636,0.712504453,NZD,,,,37.52,," ",,,,,,,,," "
2021-05-03,,,,," ",,,,," ",,,,," ",1,1.214590476,EUR,,49.57," ",0.594542731,0.722125939,NZD,,,,37.5,," ",,,,,,,,," "
2021-05-04,,,,," ",,,,," ",,,,," ",1,1.214590476,EUR,49.33,," ",0.594542731,0.722125939,NZD,,,,37.5,," ",,,,,,,,," "
2021-05-05,,,,," ",,,,," ",,,,," ",1,1.214590476,EUR,48.62,," ",0.594542731,0.722125939,NZD,,,,37.45,," ",,,,,,,,," "
2021-05-06,,,,," ",,,,," ",,,,," ",1,1.214590476,EUR,49.45,," ",0.594542731,0.722125939,NZD,,,,37.4,," ",,,,,,,,," "
2021-05-07,,,,," ",,,,," ",,,,," ",1,1.214590476,EUR,49.46,," ",0.594542731,0.722125939,NZD,,,,37.4,," ",,,,,,,,," "
2021-05-10,,,,," ",,,,," ",,,,," ",1,1.214590476,EUR,51.81,54.34," ",0.594542731,0.722125939,NZD,,,,37.35,," ",,,,,,,,," "
2021-05-11,,,,," ",,,,," ",,,,," ",1,1.214590476,EUR,51.59,," ",0.594542731,0.722125939,NZD,,,,37.25,," ",,,,,,,,," "
2021-05-12,,,,," ",,,,," ",,,,," ",1,1.214590476,EUR,54.22,," ",0.594542731,0.722125939,NZD,,,,37.2,," ",,,,,,,,," "
2021-05-17,,,,," ",,,,," ",,,,," ",1,1.214590476,EUR,55.57,52.71," ",0.594542731,0.722125939,NZD,,,,37.25,," ",,,,,,,,," "
2021-05-18,,,,," ",,,,," ",,,,," ",1,1.214590476,EUR,55.53,," ",0.594542731,0.722125939,NZD,,,,37.07,," ",,,,,,,,," "
2021-05-19,,,,," ",,,,," ",,,,," ",1,1.214590476,EUR,52.12,," ",0.594542731,0.722125939,NZD,,,,36.97,," ",,,,,,,,," "
2021-05-20,,,,," ",,,,," ",,,,," ",1,1.214590476,EUR,50.84,," ",0.594542731,0.722125939,NZD,,,,37.05,," ",,,,,,,,," "
2021-05-21,,,,," ",,,,," ",,,,," ",1,1.214590476,EUR,52.71,," ",0.594542731,0.722125939,NZD,,,,37.05,," ",,,,,,,,," "
2021-05-24,,,,," ",,,,," ",,,,," ",1,1.214590476,EUR,,52.53," ",0.594542731,0.722125939,NZD,,,,36.55,," ",,,,,,,,," "
2021-05-25,,,,," ",,,,," ",,,,," ",1,1.214590476,EUR,53.09,," ",0.594542731,0.722125939,NZD,,,,36.65,," ",,,,,,,,," "
2021-05-26,,,,," ",,,,," ",,,,," ",1,1.214590476,EUR,54.07,," ",0.594542731,0.722125939,NZD,,,,36.75,," ",,,,,,,,," "
2021-05-27,,,,," ",,,,," ",,,,," ",1,1.214590476,EUR,52.11,," ",0.594542731,0.722125939,NZD,,,,37.05,," ",,,,,,,,," "
2021-05-28,,,,," ",,,,," ",,,,," ",1,1.214590476,EUR,51.08,," ",0.594542731,0.722125939,NZD,,,,37,," ",,,,,,,,," "
2021-05-31,,,,," ",,,,," ",,,,," ",1,1.214590476,EUR,,51.14," ",0.594542731,0.722125939,NZD,,,,37,," ",,,,,,,,," "
2021-06-01,,,,," ",,,,," ",,,,," ",1,1.204709091,EUR,52.58,," ",0.590423155,0.711288143,NZD,,,,37.4,," ",,,,,,,,," "
2021-06-02,,,,," ",,,,," ",,,,," ",1,1.204709091,EUR,51.5,," ",0.590423155,0.711288143,NZD,,,,37.6,," ",,,,,,,,," "
2021-06-03,,,,," ",,,,," ",,,,," ",1,1.204709091,EUR,51.9,," ",0.590423155,0.711288143,NZD,,,,37.9,," ",,,,,,,,," "
2021-06-04,,,,," ",,,,," ",,,,," ",1,1.204709091,EUR,49.55,," ",0.590423155,0.711288143,NZD,,,,38.1,," ",,,,,,,,," "
2021-06-07,,,,," ",,,,," ",,,,," ",1,1.204709091,EUR,48.56,52.72," ",,,,,,,,," ",,,,,,,,," "
2021-06-08,,,,," ",,,,," ",,,,," ",1,1.204709091,EUR,52.03,," ",0.590423155,0.711288143,NZD,,,,39.2,," ",,,,,,,,," "
2021-06-09,,,,," ",,,,," ",,,,," ",1,1.204709091,EUR,53.7,," ",0.590423155,0.711288143,NZD,,,,40.15,," ",,,,,,,,," "
2021-06-10,,,,," ",,,,," ",,,,," ",1,1.204709091,EUR,53.3,," ",0.590423155,0.711288143,NZD,,,,40.15,," ",,,,,,,,," "
2021-06-11,,,,," ",,,,," ",,,,," ",1,1.204709091,EUR,53.12,," ",0.590423155,0.711288143,NZD,,,,40.35,," ",,,,,,,,," "
2021-06-14,,,,," ",,,,," ",,,,," ",1,1.204709091,EUR,53.6,51.69," ",0.590423155,0.711288143,NZD,,,,40.6,," ",,,,,,,,," "
2021-06-15,,,,," ",,,,," ",,,,," ",1,1.204709091,EUR,51.18,," ",0.590423155,0.711288143,NZD,,,,40.85,," ",,,,,,,,," "
2021-06-16,,,,," ",,,,," ",,,,," ",1,1.204709091,EUR,50.83,," ",0.590423155,0.711288143,NZD,,,,41.2,," ",,,,,,,,," "
2021-06-17,,,,," ",,,,," ",,,,," ",1,1.204709091,EUR,50.84,," ",0.590423155,0.711288143,NZD,,,,41.3,," ",,,,,,,,," "
2021-06-18,,,,," ",,,,," ",,,,," ",1,1.204709091,EUR,51.51,," ",0.590423155,0.711288143,NZD,,,,41.05,," ",,,,,,,,," "
2021-06-21,,,,," ",,,,," ",,,,," ",1,1.204709091,EUR,52.09,54.13," ",0.590423155,0.711288143,NZD,,,,40.97,," ",,,,,,,,," "
2021-06-22,,,,," ",,,,," ",,,,," ",1,1.204709091,EUR,52.97,," ",0.590423155,0.711288143,NZD,,,,40.9,," ",,,,,,,,," "
2021-06-23,,,,," ",,,,," ",,,,," ",1,1.204709091,EUR,53.62,," ",0.590423155,0.711288143,NZD,41.7,20,50,43.25,," ",,,,,,,,," "
2021-06-24,,,,," ",,,,," ",,,,," ",1,1.204709091,EUR,54.85,," ",0.590423155,0.711288143,NZD,,,,43.6,," ",,,,,,,,," "
2021-06-25,,,,," ",,,,," ",,,,," ",1,1.204709091,EUR,55.69,," ",0.590423155,0.711288143,NZD,,,,43.1,," ",,,,,,,,," "
2021-06-28,,,,," ",,,,," ",,,,," ",1,1.204709091,EUR,55.06,56.5," ",0.590423155,0.711288143,NZD,,,,43.35,," ",,,,,,,,," "
2021-06-29,,,,," ",,,,," ",,,,," ",1,1.204709091,EUR,55.39,," ",0.590423155,0.711288143,NZD,,,,43.45,," ",,,,,,,,," "
2021-06-30,,,,," ",,,,," ",,,,," ",1,1.204709091,EUR,55.57,," ",0.590423155,0.711288143,NZD,,,,43.47,," ",,,,,,,,," "
2021-07-01,,,,," ",,,,," ",,,,," ",1,1.182181818,EUR,58.01,," ",0.590707801,0.698324022,NZD,,,,44,," ",,,,,,,,," "
2021-07-02,,,,," ",,,,," ",,,,," ",1,1.182181818,EUR,57.11,," ",0.590707801,0.698324022,NZD,,,,44.35,," ",,,,,,,,," "
2021-07-05,,,,," ",,,,," ",,,,," ",1,1.182181818,EUR,57.91,54.22," ",0.590707801,0.698324022,NZD,,,,44.75,," ",,,,,,,,," "
2021-07-06,,,,," ",,,,," ",,,,," ",1,1.182181818,EUR,57.15,," ",0.590707801,0.698324022,NZD,,,,45.25,," ",,,,,,,,," "
2021-07-07,,,,," ",,,,," ",,,,," ",1,1.182181818,EUR,53.15,," ",0.590707801,0.698324022,NZD,,,,46,," ",,,,,,,,," "
2021-07-08,,,,," ",,,,," ",,,,," ",1,1.182181818,EUR,51.09,," ",0.590707801,0.698324022,NZD,,,,47.5,," ",,,,,,,,," "
2021-07-09,,,,," ",,,,," ",,,,," ",1,1.182181818,EUR,53.85,," ",0.590707801,0.698324022,NZD,,,,47.8,," ",,,,,,,,," "
2021-07-12,,,,," ",,,,," ",,,,," ",1,1.182181818,EUR,52.5,52.76," ",0.590707801,0.698324022,NZD,,,,48.05,," ",,,,,,,,," "
2021-07-13,,,,," ",,,,," ",,,,," ",1,1.182181818,EUR,52.44,," ",0.590707801,0.698324022,NZD,,,,47.7,," ",,,,,,,,," "
2021-07-14,,,,," ",,,,," ",,,,," ",1,1.182181818,EUR,52,," ",0.590707801,0.698324022,NZD,,,,47.3,," ",,,,,,,,," "
2021-07-15,,,,," ",,,,," ",,,,," ",1,1.182181818,EUR,52.28,," ",0.590707801,0.698324022,NZD,,,,47.55,," ",,,,,,,,," "
2021-09-20,,,,," ",,,,," ",,,,," ",1,1.177031818,EUR,58.56,60.98," ",0.599657471,0.705815923,NZD,,,,64.5,," ",,,,,,,,," "
2021-09-21,,,,," ",,,,," ",,,,," ",1,1.177031818,EUR,60.31,," ",0.599657471,0.705815923,NZD,,,,64.5,," ",,,,,,,,," "
2021-10-01,,,,," ",,,,," ",,,,," ",1,1.160147619,EUR,62.04,," ",0.606799912,0.703977473,NZD,,,,64.5,," ",,,,,,,,," "
2021-10-04,,,,," ",,,,," ",,,,," ",1,1.160147619,EUR,63.56,61.19," ",0.606799912,0.703977473,NZD,,,,64.5,," ",,,,,,,,," "
2021-10-06,,,,," ",,,,," ",,,,," ",1,1.160147619,EUR,61.36,," ",0.606799912,0.703977473,NZD,,,,64.7,," ",,,,,,,,," "
2022-01-03,,,,," ",,,,," ",,,,," ",1,1.131447619,EUR,,85.73," ",,,,,,,,," ",,,,,,,,," "
2022-01-31,,,,," ",,,,," ",,,,," ",1,1.131447619,EUR,88.03,92.85," ",,,,,,,,," ",,,,,,,,," "
2022-02-02,,,,," ",,,,," ",,,,," ",1,1.13419,EUR,91.61,," ",0.587986989,0.666888963,NZD,,,,76.75,," ",,,,,,,,," "
2022-02-04,,,,," ",,,,," ",,,,," ",1,1.13419,EUR,94.65,," ",0.587986989,0.666888963,NZD,,,,77.25,," ",,,,,,,,," "
2022-04-04,,,,," ",,,,," ",,,,," ",1,1.081873684,EUR,77.5,78.75," ",0.626871703,0.678195999,NZD,,,,76,," ",,,,,,,,," "
2022-05-02,,,,," ",,,,," ",,,,," ",1,1.05785,EUR,82.84,88," ",0.605388157,0.640409862,NZD,,,,75.9,," ",,,,,,,,," "
2022-09-12,,,,," ",,,,," ",,,,," ",1,0.990377273,EUR,65.96,71.85," ",0.600985789,0.595202667,NZD,,,,85.5,," ",,,,,,,,," "
2022-10-03,,,,," ",,,,," ",,,,," ",1,0.982566667,EUR,64.45,67.75," ",0.578690309,0.568601808,NZD,,,,78,," ",,,,,,,,," "
2022-10-07,,,,," ",,,,," ",,,,," ",1,0.982566667,EUR,67.52,," ",0.578690309,0.568601808,NZD,,,,82.9,," ",,,,,,,,," "
2023-01-02,,,,," ",,,,," ",,,,," ",1,1.0769,EUR,,80.22," ",0.594869524,0.64061499,NZD,,,,76.42,," ",,,,,,,,," "
2023-01-23,,,,," ",,,,," ",,,,," ",1,1.0769,EUR,81.52,92.87," ",0.594869524,0.64061499,NZD,,,,73,," ",,,,,,,,," "
2023-01-25,,,,," ",,,,," ",,,,," ",1,1.0769,EUR,78.29,," ",0.594869524,0.64061499,NZD,,,,72.5,," ",,,,,,,,," "
2023-01-27,,,,," ",,,,," ",,,,," ",1,1.0769,EUR,86.71,," ",0.594869524,0.64061499,NZD,,,,72.3,," ",,,,,,,,," "
2023-05-01,,,,," ",,,,," ",,,,," ",1,1.08675,EUR,,87.71," ",0.572070148,0.621697233,NZD,,,,56,," ",,,,,,,,," "
2023-06-23,,,,," ",,,,," ",,,,," ",1,1.083986364,EUR,88.9,," ",0.565686062,0.613195977,NZD,,,,45,," ",,,,,,,,," "
2023-09-29,,,,," ",,,,," ",,,,," ",1,1.068380952,EUR,81.65,," ",0.554565542,0.592487262,NZD,,,,66.05,," ",,,,,,,,," "
2023-10-02,,,,," ",,,,," ",,,,," ",1,1.056254545,EUR,80.95,84.37," ",,,,,,,,," ",,,,,,,,," "
2023-10-03,,,,," ",,,,," ",,,,," ",1,1.056254545,EUR,79.17,," ",,,,,,,,," ",,,,,,,,," "
2023-10-04,,,,," ",,,,," ",,,,," ",1,1.056254545,EUR,78.78,," ",,,,,,,,," ",,,,,,,,," "
2023-10-06,,,,," ",,,,," ",,,,," ",1,1.056254545,EUR,79.95,," ",,,,,,,,," ",,,,,,,,," "
2024-01-01,,,,," ",,,,," ",,,,," ",1,1.090513636,EUR,,76.37," ",,,,,,,,," ",,,,,,,,," "
2024-02-09,,,,," ",,,,," ",,,,," ",1,1.079471429,EUR,57.24,," ",,,,,,,,," ",0.567669166,0.612782646,NZD,,,,,72.61," "
2024-02-12,,,,," ",,,,," ",,,,," ",1,1.079471429,EUR,55.84,57.01," ",,,,,,,,," ",0.567669166,0.612782646,NZD,,,,,72.13," "
2024-02-13,,,,," ",,,,," ",,,,," ",1,1.079471429,EUR,54.24,," ",,,,,,,,," ",0.567669166,0.612782646,NZD,,,,,72.26," "
2024-02-14,,,,," ",,,,," ",,,,," ",1,1.079471429,EUR,54.07,," ",,,,,,,,," ",0.567669166,0.612782646,NZD,,,,,71.75," "
2024-02-15,,,,," ",,,,," ",,,,," ",1,1.079471429,EUR,54.87,," ",,,,,,,,," ",0.567669166,0.612782646,NZD,,,,,71.05," "
2024-02-16,,,,," ",,,,," ",,,,," ",1,1.079471429,EUR,55.12,," ",,,,,,,,," ",0.567669166,0.612782646,NZD,,,,,70.33," "
2024-04-05,,,,," ",,,,," ",,,,," ",1,1.07277619,EUR,57.17,," ",,,,,,,,," ",,,,,,,,," "
2024-05-03,,,,," ",,,,," ",,,,," ",1,1.081222727,EUR,71.18,," ",,,,,,,,," ",0.560396764,0.605913718,NZD,,,,,54.38," "
2024-06-10,,,,," ",,,,," ",,,,," ",1,1.0759,EUR,67.82,70.23," ",,,,,,,,," ",0.570882876,0.614212886,NZD,,,,,52.67," "
2024-09-16,,,,," ",,,,," ",,,,," ",1,1.180226485,EUR,64.94,63.49," ",,,,,,,,," ",0.560063563,0.622006593,NZD,,,,,61.33," "
2024-10-02,,,,," ",,,,," ",,,,," ",1,1.090434783,EUR,62.89,," ",,,,,,,,," ",0.55904986,0.609607413,NZD,,,,,62.84," "
2024-10-03,,,,," ",,,,," ",,,,," ",1,1.090434783,EUR,62.02,," ",,,,,,,,," ",0.55904986,0.609607413,NZD,,,,,63.1," "
2024-10-04,,,,," ",,,,," ",,,,," ",1,1.090434783,EUR,61.03,," ",,,,,,,,," ",0.55904986,0.609607413,NZD,,,,,63.15," "
2024-10-07,,,,," ",,,,," ",,,,," ",1,1.090434783,EUR,60.15,62.74," ",,,,,,,,," ",0.55904986,0.609607413,NZD,,,,,62.78," "
2025-01-28,,,,," ",,,,," ",,,,," ",1,1.035372727,EUR,77.06,," ",,,,,,,,," ",0.543857061,0.563094769,NZD,,,,,63.31," "
2025-01-30,,,,," ",,,,," ",,,,," ",1,1.035372727,EUR,81.57,," ",,,,,,,,," ",0.543857061,0.563094769,NZD,,,,,63.68," "
2025-01-31,,,,," ",,,,," ",,,,," ",1,1.035372727,EUR,81.11,," ",,,,,,,,," ",0.543857061,0.563094769,NZD,,,,,63.96," "
2025-02-03,,,,," ",,,,," ",,,,," ",1,1.04125,EUR,80.39,81.43," ",,,,,,,,," ",0.545486853,0.567988186,NZD,,,,,63.54," "
2025-02-04,,,,," ",,,,," ",,,,," ",1,1.04125,EUR,79.06,," ",,,,,,,,," ",0.545486853,0.567988186,NZD,,,,,63.93," "
2025-04-04,,,,," ",,,,," ",,,,," ",1,1.121395,EUR,63.8,," ",,,,,,,,," ",0.517734812,0.58058523,NZD,,,,,56," "
2025-05-05,,,,," ",,,,," ",,,,," ",1,1.127804762,EUR,66.64,69.78," ",,,,,,,,," ",0.526343519,0.593612727,NZD,,,,,50.68," "
2025-06-02,,,,," ",,,,," ",,,,," ",1,1.151619048,EUR,70.58,72.47," ",,,,,,,,," ",,,,,,,,," "
2025-10-01,,,,," ",,,,," ",,,,," ",1,1.163043478,EUR,74.3,," ",,,,,,,,," ",,,,,,,,," "
2025-10-06,,,,," ",,,,," ",,,,," ",1,1.163043478,EUR,79.19,," ",,,,,,,,," ",,,,,,,,," "
2025-10-08,,,,," ",,,,," ",,,,," ",1,1.163043478,EUR,77.39,," ",,,,,,,,," ",,,,,,,,," "
2009-05-01,,,,," ",,,,," ",,,,," ",,,,,," ",0.438469608,0.598530746,NZD,,,,20,," ",,,,,,,,," "
2009-05-21,,,,," ",,,,," ",,,,," ",,,,,," ",0.438469608,0.598530746,NZD,,,,20,," ",,,,,,,,," "
2009-12-24,,,,," ",,,,," ",,,,," ",,,,,," ",0.490129605,0.716255353,NZD,,,,20,25," ",,,,,,,,," "
2009-12-31,,,,," ",,,,," ",,,,," ",,,,,," ",0.490129605,0.716255353,NZD,,,,20,25," ",,,,,,,,," "
2010-05-13,,,,," ",,,,," ",,,,," ",,,,,," ",0.556772575,0.6996033,NZD,,,,20.4,25," ",,,,,,,,," "
2010-05-24,,,,," ",,,,," ",,,,," ",,,,,," ",0.556772575,0.6996033,NZD,,,,17.57,25," ",,,,,,,,," "
2010-12-24,,,,," ",,,,," ",,,,," ",,,,,," ",0.565825044,0.748028088,NZD,,,,20.3,25," ",,,,,,,,," "
2010-12-31,,,,," ",,,,," ",,,,," ",,,,,," ",0.565825044,0.748028088,NZD,,,,20.3,25," ",,,,,,,,," "
2011-06-02,,,,," ",,,,," ",,,,," ",,,,,," ",0.566424484,0.814994719,NZD,,,,19.85,25," ",,,,,,,,," "
2011-06-13,,,,," ",,,,," ",,,,," ",,,,,," ",0.566424484,0.814994719,NZD,,,,19.85,25," ",,,,,,,,," "
2011-10-03,,,,," ",,,,," ",,,,," ",,,,,," ",0.57525112,0.788458359,NZD,,,,14.1,25," ",,,,,,,,," "
2012-05-01,,,,," ",,,,," ",,,,," ",,,,,," ",0.607119612,0.776439752,NZD,,,,6.9,25," ",,,,,,,,," "
2012-05-17,,,,," ",,,,," ",,,,," ",,,,,," ",0.607119612,0.776439752,NZD,,,,6.35,25," ",,,,,,,,," "
2012-05-28,,,,," ",,,,," ",,,,," ",,,,,," ",0.607119612,0.776439752,NZD,,,,6.35,25," ",,,,,,,,," "
2012-10-03,,,,," ",,,,," ",,,,," ",,,,,," ",0.631846149,0.819768182,NZD,,,,3.85,25," ",,,,,,,,," "
2012-12-31,,,,," ",,,,," ",,,,," ",,,,,," ",0.634020412,0.831794737,NZD,,,,2.7,25," ",,,,,,,,," "
2013-05-01,,,,," ",,,,," ",,,,," ",,,,,," ",0.636760713,0.826645652,NZD,,,,1.95,25," ",,,,,,,,," "
2013-05-09,,,,," ",,,,," ",,,,," ",,,,,," ",0.636760713,0.826645652,NZD,,,,2.03,25," ",,,,,,,,," "
2013-05-20,,,,," ",,,,," ",,,,," ",,,,,," ",0.636760713,0.826645652,NZD,,,,1.97,25," ",,,,,,,,," "
2013-10-03,,,,," ",,,,," ",,,,," ",,,,,," ",0.612339853,0.834922727,NZD,,,,4.15,25," ",,,,,,,,," "
2013-12-24,,,,," ",,,,," ",,,,," ",,,,,," ",0.600456885,0.822842097,NZD,,,,3.15,25," ",,,,,,,,," "
2013-12-31,,,,," ",,,,," ",,,,," ",,,,,," ",0.600456885,0.822842097,NZD,,,,3.15,25," ",,,,,,,,," "
2014-05-01,,,,," ",,,,," ",,,,," ",,,,,," ",0.62696381,0.860955661,NZD,,,,3.02,25," ",,,,,,,,," "
2014-12-24,,,,," ",,,,," ",,,,," ",,,,,," ",0.629613599,0.776397516,NZD,,,,5.75,25," ",,,,,,,,," "
2014-12-31,,,,," ",,,,," ",,,,," ",,,,,," ",0.629613599,0.776397516,NZD,,,,6.4,25," ",,,,,,,,," "
2015-05-01,,,,," ",,,,," ",,,,," ",,,,,," ",0.663189281,0.739426205,NZD,,,,6.07,25," ",,,,,,,,," "
2015-05-25,,,,," ",,,,," ",,,,," ",,,,,," ",0.663189281,0.739426205,NZD,,,,5.2,25," ",,,,,,,,," "
2015-12-24,,,,," ",,,,," ",,,,," ",,,,,," ",0.61938677,0.673718251,NZD,,,,9.5,25," ",,,,,,,,," "
2015-12-31,,,,," ",,,,," ",,,,," ",,,,,," ",0.61938677,0.673718251,NZD,,,,9.45,25," ",,,,,,,,," "
2017-05-01,,,,," ",,,,," ",,,,," ",,,,,," ",0.627376729,0.693721818,NZD,,,,17.15,25," ",,,,,,,,," "
2018-05-01,,,,," ",,,,," ",,,,," ",,,,,," ",0.588638849,0.695313586,NZD,,,,21.5,25," ",,,,,,,,," "
2018-12-24,,,,," ",,,,," ",,,,," ",,,,,," ",0.599883642,0.682920167,NZD,,,,25.12,25," ",,,,,,,,," "
2018-12-31,,,,," ",,,,," ",,,,," ",,,,,," ",0.599883642,0.682920167,NZD,,,,25.12,25," ",,,,,,,,," "
2019-01-03,,,,," ",,,,," ",,,,," ",,,,,," ",0.593530405,0.677598591,NZD,,,,25.12,25," ",,,,,,,,," "
2019-01-04,,,,," ",,,,," ",,,,," ",,,,,," ",0.593530405,0.677598591,NZD,,,,25.12,25," ",,,,,,,,," "
2019-01-09,,,,," ",,,,," ",,,,," ",,,,,," ",0.593530405,0.677598591,NZD,,,,25,25," ",,,,,,,,," "
2019-01-11,,,,," ",,,,," ",,,,," ",,,,,," ",0.593530405,0.677598591,NZD,,,,25,25," ",,,,,,,,," "
2019-01-18,,,,," ",,,,," ",,,,," ",,,,,," ",0.593530405,0.677598591,NZD,,,,24.9,25," ",,,,,,,,," "
2019-01-23,,,,," ",,,,," ",,,,," ",,,,,," ",0.593530405,0.677598591,NZD,,,,25.1,25," ",,,,,,,,," "
2019-01-25,,,,," ",,,,," ",,,,," ",,,,,," ",0.593530405,0.677598591,NZD,,,,25.05,25," ",,,,,,,,," "
2019-02-20,,,,," ",,,,," ",,,,," ",,,,,," ",0.602124262,0.683480282,NZD,,,,25.15,25," ",,,,,,,,," "
2019-03-06,,,,," ",,,,," ",,,,," ",,,,,," ",0.604469408,0.683200109,NZD,,,,25.15,25," ",,,,,,,,," "
2019-03-20,,,,," ",,,,," ",,,,," ",,,,,," ",0.604469408,0.683200109,NZD,,,,25.57,25," ",,,,,,,,," "
2019-04-03,,,,," ",,,,," ",,,,," ",,,,,," ",0.598841278,0.672992799,NZD,,,,25.65,25," ",,,,,,,,," "
2019-04-17,,,,," ",,,,," ",,,,," ",,,,,," ",0.598841278,0.672992799,NZD,,,,25.65,25," ",,,,,,,,," "
2019-05-01,,,,," ",,,,," ",,,,," ",,,,,," ",0.586786926,0.656297171,NZD,,,,25.55,25," ",,,,,,,,," "
2019-05-15,,,,," ",,,,," ",,,,," ",,,,,," ",0.586786926,0.656297171,NZD,,,,25.45,25," ",,,,,,,,," "
2019-05-29,,,,," ",,,,," ",,,,," ",,,,,," ",0.586786926,0.656297171,NZD,,,,25.02,25," ",,,,,,,,," "
2019-05-30,,,,," ",,,,," ",,,,," ",,,,,," ",0.586786926,0.656297171,NZD,,,,24.85,25," ",,,,,,,,," "
2019-05-31,,,,," ",,,,," ",,,,," ",,,,,," ",0.586786926,0.656297171,NZD,,,,24.5,25," ",,,,,,,,," "
2019-06-12,,,,," ",,,,," ",,,,," ",,,,,," ",0.584162113,0.659717641,NZD,,,,23.7,25," ",,,,,,,,," "
2019-06-25,,,,," ",,,,," ",,,,," ",,,,,," ",0.584162113,0.659717641,NZD,,,,23,25," ",,,,,,,,," "
2019-06-26,,,,," ",,,,," ",,,,," ",,,,,," ",0.584162113,0.659717641,NZD,,,,22.9,25," ",,,,,,,,," "
2019-07-10,,,,," ",,,,," ",,,,," ",,,,,," ",0.595811378,0.668404518,NZD,,,,23.1,25," ",,,,,,,,," "
2019-07-24,,,,," ",,,,," ",,,,," ",,,,,," ",0.595811378,0.668404518,NZD,,,,23.1,25," ",,,,,,,,," "
2019-08-07,,,,," ",,,,," ",,,,," ",,,,,," ",0.578438187,0.643583473,NZD,,,,23.7,25," ",,,,,,,,," "
2019-08-21,,,,," ",,,,," ",,,,," ",,,,,," ",0.578438187,0.643583473,NZD,,,,24.25,25," ",,,,,,,,," "
2019-09-04,,,,," ",,,,," ",,,,," ",,,,,," ",0.576337085,0.63419584,NZD,,,,25.05,25," ",,,,,,,,," "
2019-09-05,,,,," ",,,,," ",,,,," ",,,,,," ",0.576337085,0.63419584,NZD,,,,25.05,25," ",,,,,,,,," "
2019-09-18,,,,," ",,,,," ",,,,," ",,,,,," ",0.576337085,0.63419584,NZD,,,,24.85,25," ",,,,,,,,," "
2019-10-02,,,,," ",,,,," ",,,,," ",,,,,," ",0.573181715,0.633512829,NZD,,,,24.8,25," ",,,,,,,,," "
2019-10-16,,,,," ",,,,," ",,,,," ",,,,,," ",0.573181715,0.633512829,NZD,,,,24.8,25," ",,,,,,,,," "
2019-10-30,,,,," ",,,,," ",,,,," ",,,,,," ",0.573181715,0.633512829,NZD,,,,24.95,25," ",,,,,,,,," "
2019-11-13,,,,," ",,,,," ",,,,," ",,,,,," ",0.579061486,0.63991809,NZD,,,,24.95,25," ",,,,,,,,," "
2019-11-27,,,,," ",,,,," ",,,,," ",,,,,," ",0.579061486,0.63991809,NZD,,,,24.7,25," ",,,,,,,,," "
2019-12-11,,,,," ",,,,," ",,,,," ",,,,,," ",0.592526399,0.658501251,NZD,,,,24.75,25," ",,,,,,,,," "
2019-12-17,,,,," ",,,,," ",,,,," ",,,,,," ",0.592526399,0.658501251,NZD,,,,24.75,25," ",,,,,,,,," "
2019-12-18,,,,," ",,,,," ",,,,," ",,,,,," ",0.592526399,0.658501251,NZD,,,,24.75,25," ",,,,,,,,," "
2019-12-19,,,,," ",,,,," ",,,,," ",,,,,," ",0.592526399,0.658501251,NZD,,,,24.7,25," ",,,,,,,,," "
2019-12-20,,,,," ",,,,," ",,,,," ",,,,,," ",0.592526399,0.658501251,NZD,,,,28.5,25," ",,,,,,,,," "
2019-12-23,,,,," ",,,,," ",,,,," ",,,,,," ",0.592526399,0.658501251,NZD,,,,28.5,25," ",,,,,,,,," "
2019-12-24,,,,," ",,,,," ",,,,," ",,,,,," ",0.592526399,0.658501251,NZD,,,,28.5,25," ",,,,,,,,," "
2019-12-27,,,,," ",,,,," ",,,,," ",,,,,," ",0.592526399,0.658501251,NZD,,,,28.5,25," ",,,,,,,,," "
2019-12-31,,,,," ",,,,," ",,,,," ",,,,,," ",0.592526399,0.658501251,NZD,,,,28.5,25," ",,,,,,,,," "
2020-01-03,,,,," ",,,,," ",,,,," ",,,,,," ",0.59522391,0.660720185,NZD,,,,28.5,25," ",,,,,,,,," "
2020-01-08,,,,," ",,,,," ",,,,," ",,,,,," ",0.59522391,0.660720185,NZD,,,,28.9,25," ",,,,,,,,," "
2020-01-22,,,,," ",,,,," ",,,,," ",,,,,," ",0.59522391,0.660720185,NZD,,,,29.15,25," ",,,,,,,,," "
2020-02-05,,,,," ",,,,," ",,,,," ",,,,,," ",0.586511382,0.639590662,NZD,,,,27.75,25," ",,,,,,,,," "
2020-02-19,,,,," ",,,,," ",,,,," ",,,,,," ",0.586511382,0.639590662,NZD,,,,26.5,25," ",,,,,,,,," "
2020-03-04,,,,," ",,,,," ",,,,," ",,,,,," ",0.546679886,0.604814322,NZD,,,,26,25," ",,,,,,,,," "
2020-03-17,,,,," ",,,,," ",,,,," ",,,,,," ",0.546679886,0.604814322,NZD,,,,24.75,25," ",,,,,,,,," "
2020-03-18,,,,," ",,,,," ",,,,," ",,,,,," ",0.546679886,0.604814322,NZD,,,,24.75,25," ",,,,,,,,," "
2020-04-01,,,,," ",,,,," ",,,,," ",,,,,," ",0.551848733,0.599412576,NZD,,,,24,25," ",,,,,,,,," "
2020-04-15,,,,," ",,,,," ",,,,," ",,,,,," ",0.551848733,0.599412576,NZD,,,,24.4,25," ",,,,,,,,," "
2020-04-29,,,,," ",,,,," ",,,,," ",,,,,," ",0.551848733,0.599412576,NZD,,,,24.5,25," ",,,,,,,,," "
2020-05-01,,,,," ",,,,," ",,,,," ",,,,,," ",0.558157179,0.608494584,NZD,,,,24.57,25," ",,,,,,,,," "
2020-05-13,,,,," ",,,,," ",,,,," ",,,,,," ",0.558157179,0.608494584,NZD,,,,24.75,25," ",,,,,,,,," "
2020-05-21,,,,," ",,,,," ",,,,," ",,,,,," ",0.558157179,0.608494584,NZD,,,,25.05,25," ",,,,,,,,," "
2020-05-22,,,,," ",,,,," ",,,,," ",,,,,," ",0.558157179,0.608494584,NZD,,,,25,25," ",,,,,,,,," "
2020-05-27,,,,," ",,,,," ",,,,," ",,,,,," ",0.558157179,0.608494584,NZD,,,,25.1,25," ",,,,,,,,," "
2020-06-10,,,,," ",,,,," ",,,,," ",,,,,," ",0.572762392,0.644620641,NZD,,,,31.4,35," ",,,,,,,,," "
2020-06-24,,,,," ",,,,," ",,,,," ",,,,,," ",0.572762392,0.644620641,NZD,,,,31.4,35," ",,,,,,,,," "
2020-07-22,,,,," ",,,,," ",,,,," ",,,,,," ",0.574514094,0.658587987,NZD,,,,33.15,35," ",,,,,,,,," "
2020-08-05,,,,," ",,,,," ",,,,," ",,,,,," ",0.557644393,0.659587098,NZD,,,,33.95,35," ",,,,,,,,," "
2020-08-19,,,,," ",,,,," ",,,,," ",,,,,," ",0.557644393,0.659587098,NZD,,,,33.9,35," ",,,,,,,,," "
2020-09-02,,,,," ",,,,," ",,,,," ",,,,,," ",0.565788061,0.667200427,NZD,,,,34.08,35," ",,,,,,,,," "
2020-09-03,,,,," ",,,,," ",,,,," ",,,,,," ",0.565788061,0.667200427,NZD,,,,34,35," ",,,,,,,,," "
2020-09-16,,,,," ",,,,," ",,,,," ",,,,,," ",0.565788061,0.667200427,NZD,,,,35,35," ",,,,,,,,," "
2020-09-30,,,,," ",,,,," ",,,,," ",,,,,," ",0.565788061,0.667200427,NZD,,,,35,35," ",,,,,,,,," "
2020-10-14,,,,," ",,,,," ",,,,," ",,,,,," ",0.563233709,0.663217933,NZD,,,,34.95,35," ",,,,,,,,," "
2020-10-28,,,,," ",,,,," ",,,,," ",,,,,," ",0.563233709,0.663217933,NZD,,,,35.1,35," ",,,,,,,,," "
2020-11-11,,,,," ",,,,," ",,,,," ",,,,,," ",0.579067784,0.685494927,NZD,,,,35.22,35," ",,,,,,,,," "
2020-11-25,,,,," ",,,,," ",,,,," ",,,,,," ",0.579067784,0.685494927,NZD,,,,35.75,35," ",,,,,,,,," "
2020-12-09,,,,," ",,,,," ",,,,," ",,,,,," ",0.582195764,0.708516367,NZD,,,,38,35," ",,,,,,,,," "
2020-12-15,,,,," ",,,,," ",,,,," ",,,,,," ",0.582195764,0.708516367,NZD,,,,37.6,35," ",,,,,,,,," "
2020-12-16,,,,," ",,,,," ",,,,," ",,,,,," ",0.582195764,0.708516367,NZD,,,,37.6,35," ",,,,,,,,," "
2020-12-17,,,,," ",,,,," ",,,,," ",,,,,," ",0.582195764,0.708516367,NZD,,,,37.6,35," ",,,,,,,,," "
2020-12-18,,,,," ",,,,," ",,,,," ",,,,,," ",0.582195764,0.708516367,NZD,,,,37.65,35," ",,,,,,,,," "
2020-12-21,,,,," ",,,,," ",,,,," ",,,,,," ",0.582195764,0.708516367,NZD,,,,37.65,35," ",,,,,,,,," "
2020-12-22,,,,," ",,,,," ",,,,," ",,,,,," ",0.582195764,0.708516367,NZD,,,,37.62,35," ",,,,,,,,," "
2020-12-23,,,,," ",,,,," ",,,,," ",,,,,," ",0.582195764,0.708516367,NZD,,,,37.6,35," ",,,,,,,,," "
2020-12-24,,,,," ",,,,," ",,,,," ",,,,,," ",0.582195764,0.708516367,NZD,,,,37.55,35," ",,,,,,,,," "
2020-12-29,,,,," ",,,,," ",,,,," ",,,,,," ",0.582195764,0.708516367,NZD,,,,37.55,35," ",,,,,,,,," "
2020-12-30,,,,," ",,,,," ",,,,," ",,,,,," ",0.582195764,0.708516367,NZD,,,,37.55,35," ",,,,,,,,," "
2020-12-31,,,,," ",,,,," ",,,,," ",,,,,," ",0.582195764,0.708516367,NZD,,,,37.55,35," ",,,,,,,,," "
2021-01-05,,,,," ",,,,," ",,,,," ",,,,,," ",0.591104533,0.71942446,NZD,,,,37.67,35," ",,,,,,,,," "
2021-01-06,,,,," ",,,,," ",,,,," ",,,,,," ",0.591104533,0.71942446,NZD,,,,37.67,35," ",,,,,,,,," "
2021-01-07,,,,," ",,,,," ",,,,," ",,,,,," ",0.591104533,0.71942446,NZD,,,,37.67,35," ",,,,,,,,," "
2021-01-08,,,,," ",,,,," ",,,,," ",,,,,," ",0.591104533,0.71942446,NZD,,,,37.67,35," ",,,,,,,,," "
2021-01-12,,,,," ",,,,," ",,,,," ",,,,,," ",0.591104533,0.71942446,NZD,,,,37.95,35," ",,,,,,,,," "
2021-01-13,,,,," ",,,,," ",,,,," ",,,,,," ",0.591104533,0.71942446,NZD,,,,38.2,35," ",,,,,,,,," "
2021-01-14,,,,," ",,,,," ",,,,," ",,,,,," ",0.591104533,0.71942446,NZD,,,,38.4,35," ",,,,,,,,," "
2021-01-15,,,,," ",,,,," ",,,,," ",,,,,," ",0.591104533,0.71942446,NZD,,,,38.45,35," ",,,,,,,,," "
2021-01-19,,,,," ",,,,," ",,,,," ",,,,,," ",0.591104533,0.71942446,NZD,,,,38.4,35," ",,,,,,,,," "
2021-01-20,,,,," ",,,,," ",,,,," ",,,,,," ",0.591104533,0.71942446,NZD,,,,38.4,35," ",,,,,,,,," "
2021-01-21,,,,," ",,,,," ",,,,," ",,,,,," ",0.591104533,0.71942446,NZD,,,,38.32,35," ",,,,,,,,," "
2021-01-22,,,,," ",,,,," ",,,,," ",,,,,," ",0.591104533,0.71942446,NZD,,,,38.4,35," ",,,,,,,,," "
2021-01-26,,,,," ",,,,," ",,,,," ",,,,,," ",0.591104533,0.71942446,NZD,,,,38.4,," ",,,,,,,,," "
2021-01-27,,,,," ",,,,," ",,,,," ",,,,,," ",0.591104533,0.71942446,NZD,,,,38.5,," ",,,,,,,,," "
2021-01-28,,,,," ",,,,," ",,,,," ",,,,,," ",0.591104533,0.71942446,NZD,,,,38.5,," ",,,,,,,,," "
2021-05-13,,,,," ",,,,," ",,,,," ",,,,,," ",0.594542731,0.722125939,NZD,,,,37,," ",,,,,,,,," "
2021-05-14,,,,," ",,,,," ",,,,," ",,,,,," ",0.594542731,0.722125939,NZD,,,,37,," ",,,,,,,,," "
2022-05-04,,,,," ",,,,," ",,,,," ",,,,,," ",0.605388157,0.640409862,NZD,,,,76.2,," ",,,,,,,,," "
2022-06-03,,,,," ",,,,," ",,,,," ",,,,,," ",0.60118671,0.635202947,NZD,,,,77.1,," ",,,,,,,,," "
2022-10-05,,,,," ",,,,," ",,,,," ",,,,,," ",0.578690309,0.568601808,NZD,,,,78.2,," ",,,,,,,,," "
2023-04-05,,,,," ",,,,," ",,,,," ",,,,,," ",0.566490429,0.621310966,NZD,,,,59,," ",,,,,,,,," "
2023-05-03,,,,," ",,,,," ",,,,," ",,,,,," ",0.572070148,0.621697233,NZD,,,,53.25,," ",,,,,,,,," "
2024-05-01,,,,," ",,,,," ",,,,," ",,,,,," ",,,,,,,,," ",0.560396764,0.605913718,NZD,,,,,54.92," "
2025-01-29,,,,," ",,,,," ",,,,," ",,,,,," ",,,,,,,,," ",0.543857061,0.563094769,NZD,,,,,63.45," "
2025-05-01,,,,," ",,,,," ",,,,," ",,,,,," ",,,,,,,,," ",0.526343519,0.593612727,NZD,,,,,49.67," "
2025-05-02,,,,," ",,,,," ",,,,," ",,,,,," ",,,,,,,,," ",0.526343519,0.593612727,NZD,,,,,50.08," "
